county_fips,county_name,district,party_simplified,total_votes
10001.0,KENT,0,DEMOCRAT,42984
10001.0,KENT,0,LIBERTARIAN,768
10001.0,KENT,0,OTHER,1284
10001.0,KENT,0,REPUBLICAN,39586
10003.0,NEW CASTLE,0,DEMOCRAT,184337
10003.0,NEW CASTLE,0,LIBERTARIAN,2255
10003.0,NEW CASTLE,0,OTHER,3831
10003.0,NEW CASTLE,0,REPUBLICAN,87581
10005.0,SUSSEX,0,DEMOCRAT,54061
10005.0,SUSSEX,0,LIBERTARIAN,791
10005.0,SUSSEX,0,OTHER,1567
10005.0,SUSSEX,0,REPUBLICAN,69225
1001.0,AUTAUGA,2,DEMOCRAT,7357
1001.0,AUTAUGA,2,OTHER,410
1001.0,AUTAUGA,2,REPUBLICAN,20081
1003.0,BALDWIN,1,DEMOCRAT,24326
1003.0,BALDWIN,1,OTHER,1724
1003.0,BALDWIN,1,REPUBLICAN,83964
1005.0,BARBOUR,2,DEMOCRAT,4691
1005.0,BARBOUR,2,OTHER,226
1005.0,BARBOUR,2,REPUBLICAN,5643
1007.0,BIBB,6,OTHER,1880
1007.0,BIBB,6,REPUBLICAN,7744
1009.0,BLOUNT,4,DEMOCRAT,189
1009.0,BLOUNT,4,OTHER,41
1009.0,BLOUNT,4,REPUBLICAN,1930
1009.0,BLOUNT,6,OTHER,2616
1009.0,BLOUNT,6,REPUBLICAN,22877
1011.0,BULLOCK,2,DEMOCRAT,3348
1011.0,BULLOCK,2,OTHER,134
1011.0,BULLOCK,2,REPUBLICAN,1150
1013.0,BUTLER,2,DEMOCRAT,3893
1013.0,BUTLER,2,OTHER,196
1013.0,BUTLER,2,REPUBLICAN,5437
1015.0,CALHOUN,3,DEMOCRAT,14389
1015.0,CALHOUN,3,OTHER,619
1015.0,CALHOUN,3,REPUBLICAN,36137
1017.0,CHAMBERS,3,DEMOCRAT,6091
1017.0,CHAMBERS,3,OTHER,252
1017.0,CHAMBERS,3,REPUBLICAN,8989
1019.0,CHEROKEE,3,DEMOCRAT,1399
1019.0,CHEROKEE,3,OTHER,174
1019.0,CHEROKEE,3,REPUBLICAN,9964
1019.0,CHEROKEE,4,DEMOCRAT,96
1019.0,CHEROKEE,4,OTHER,8
1019.0,CHEROKEE,4,REPUBLICAN,705
1021.0,CHILTON,6,OTHER,3255
1021.0,CHILTON,6,REPUBLICAN,16111
1023.0,CHOCTAW,7,DEMOCRAT,3894
1023.0,CHOCTAW,7,OTHER,3615
1025.0,CLARKE,1,DEMOCRAT,1408
1025.0,CLARKE,1,OTHER,115
1025.0,CLARKE,1,REPUBLICAN,2978
1025.0,CLARKE,7,DEMOCRAT,4855
1025.0,CLARKE,7,OTHER,3833
1027.0,CLAY,3,DEMOCRAT,1148
1027.0,CLAY,3,OTHER,99
1027.0,CLAY,3,REPUBLICAN,5710
1029.0,CLEBURNE,3,DEMOCRAT,645
1029.0,CLEBURNE,3,OTHER,118
1029.0,CLEBURNE,3,REPUBLICAN,6491
1031.0,COFFEE,2,DEMOCRAT,4875
1031.0,COFFEE,2,OTHER,249
1031.0,COFFEE,2,REPUBLICAN,17211
1033.0,COLBERT,4,DEMOCRAT,8143
1033.0,COLBERT,4,OTHER,515
1033.0,COLBERT,4,REPUBLICAN,19326
1035.0,CONECUH,2,DEMOCRAT,2987
1035.0,CONECUH,2,OTHER,257
1035.0,CONECUH,2,REPUBLICAN,3235
1037.0,COOSA,6,OTHER,1718
1037.0,COOSA,6,REPUBLICAN,3774
1039.0,COVINGTON,2,DEMOCRAT,2708
1039.0,COVINGTON,2,OTHER,346
1039.0,COVINGTON,2,REPUBLICAN,14437
1041.0,CRENSHAW,2,DEMOCRAT,1689
1041.0,CRENSHAW,2,OTHER,134
1041.0,CRENSHAW,2,REPUBLICAN,4816
1043.0,CULLMAN,4,DEMOCRAT,4359
1043.0,CULLMAN,4,OTHER,493
1043.0,CULLMAN,4,REPUBLICAN,37133
1045.0,DALE,2,DEMOCRAT,5114
1045.0,DALE,2,OTHER,333
1045.0,DALE,2,REPUBLICAN,14361
1047.0,DALLAS,7,DEMOCRAT,13294
1047.0,DALLAS,7,OTHER,4645
1049.0,DEKALB,4,DEMOCRAT,4453
1049.0,DEKALB,4,OTHER,536
1049.0,DEKALB,4,REPUBLICAN,24460
1051.0,ELMORE,2,DEMOCRAT,10029
1051.0,ELMORE,2,OTHER,543
1051.0,ELMORE,2,REPUBLICAN,30572
1053.0,ESCAMBIA,1,DEMOCRAT,4983
1053.0,ESCAMBIA,1,OTHER,257
1053.0,ESCAMBIA,1,REPUBLICAN,10687
1055.0,ETOWAH,4,DEMOCRAT,11369
1055.0,ETOWAH,4,OTHER,585
1055.0,ETOWAH,4,REPUBLICAN,35914
1057.0,FAYETTE,4,DEMOCRAT,1360
1057.0,FAYETTE,4,OTHER,153
1057.0,FAYETTE,4,REPUBLICAN,7302
1059.0,FRANKLIN,4,DEMOCRAT,2127
1059.0,FRANKLIN,4,OTHER,285
1059.0,FRANKLIN,4,REPUBLICAN,10253
1061.0,GENEVA,2,DEMOCRAT,1599
1061.0,GENEVA,2,OTHER,152
1061.0,GENEVA,2,REPUBLICAN,10837
1063.0,GREENE,7,DEMOCRAT,4033
1063.0,GREENE,7,OTHER,768
1065.0,HALE,7,DEMOCRAT,5353
1065.0,HALE,7,OTHER,2565
1067.0,HENRY,2,DEMOCRAT,2527
1067.0,HENRY,2,OTHER,187
1067.0,HENRY,2,REPUBLICAN,6624
1069.0,HOUSTON,2,DEMOCRAT,12748
1069.0,HOUSTON,2,OTHER,619
1069.0,HOUSTON,2,REPUBLICAN,32937
1071.0,JACKSON,4,DEMOCRAT,8
1071.0,JACKSON,4,OTHER,2
1071.0,JACKSON,4,REPUBLICAN,80
1071.0,JACKSON,5,OTHER,4209
1071.0,JACKSON,5,REPUBLICAN,19420
1073.0,JEFFERSON,6,OTHER,62674
1073.0,JEFFERSON,6,REPUBLICAN,135207
1073.0,JEFFERSON,7,DEMOCRAT,110212
1073.0,JEFFERSON,7,OTHER,18554
1075.0,LAMAR,4,DEMOCRAT,943
1075.0,LAMAR,4,OTHER,102
1075.0,LAMAR,4,REPUBLICAN,6168
1077.0,LAUDERDALE,5,OTHER,11487
1077.0,LAUDERDALE,5,REPUBLICAN,33023
1079.0,LAWRENCE,4,DEMOCRAT,3471
1079.0,LAWRENCE,4,OTHER,343
1079.0,LAWRENCE,4,REPUBLICAN,12287
1081.0,LEE,3,DEMOCRAT,26320
1081.0,LEE,3,OTHER,1067
1081.0,LEE,3,REPUBLICAN,44235
1083.0,LIMESTONE,5,OTHER,12012
1083.0,LIMESTONE,5,REPUBLICAN,37371
1085.0,LOWNDES,7,DEMOCRAT,5238
1085.0,LOWNDES,7,OTHER,1637
1087.0,MACON,3,DEMOCRAT,6810
1087.0,MACON,3,OTHER,163
1087.0,MACON,3,REPUBLICAN,1798
1089.0,MADISON,5,OTHER,73186
1089.0,MADISON,5,REPUBLICAN,121634
1091.0,MARENGO,7,DEMOCRAT,6399
1091.0,MARENGO,7,OTHER,4536
1093.0,MARION,4,DEMOCRAT,1462
1093.0,MARION,4,OTHER,147
1093.0,MARION,4,REPUBLICAN,12246
1095.0,MARSHALL,4,DEMOCRAT,5642
1095.0,MARSHALL,4,OTHER,531
1095.0,MARSHALL,4,REPUBLICAN,33574
1097.0,MOBILE,1,DEMOCRAT,79335
1097.0,MOBILE,1,OTHER,2603
1097.0,MOBILE,1,REPUBLICAN,101862
1099.0,MONROE,1,DEMOCRAT,4519
1099.0,MONROE,1,OTHER,143
1099.0,MONROE,1,REPUBLICAN,6044
11001.0,DISTRICT OF COLUMBIA,0,DEMOCRAT,281831
11001.0,DISTRICT OF COLUMBIA,0,LIBERTARIAN,9678
11001.0,DISTRICT OF COLUMBIA,0,OTHER,35078
1101.0,MONTGOMERY,2,DEMOCRAT,36253
1101.0,MONTGOMERY,2,OTHER,1128
1101.0,MONTGOMERY,2,REPUBLICAN,22471
1101.0,MONTGOMERY,3,DEMOCRAT,9031
1101.0,MONTGOMERY,3,OTHER,361
1101.0,MONTGOMERY,3,REPUBLICAN,10955
1101.0,MONTGOMERY,7,DEMOCRAT,18252
1101.0,MONTGOMERY,7,OTHER,1022
1103.0,MORGAN,5,OTHER,12199
1103.0,MORGAN,5,REPUBLICAN,41646
1105.0,PERRY,7,DEMOCRAT,4119
1105.0,PERRY,7,OTHER,1139
1107.0,PICKENS,7,DEMOCRAT,5070
1107.0,PICKENS,7,OTHER,4628
1109.0,PIKE,2,DEMOCRAT,5468
1109.0,PIKE,2,OTHER,243
1109.0,PIKE,2,REPUBLICAN,8184
1111.0,RANDOLPH,3,DEMOCRAT,2134
1111.0,RANDOLPH,3,OTHER,222
1111.0,RANDOLPH,3,REPUBLICAN,8516
1113.0,RUSSELL,3,DEMOCRAT,10916
1113.0,RUSSELL,3,OTHER,306
1113.0,RUSSELL,3,REPUBLICAN,10171
1115.0,ST CLAIR,3,DEMOCRAT,7451
1115.0,ST CLAIR,3,OTHER,622
1115.0,ST CLAIR,3,REPUBLICAN,36478
1117.0,SHELBY,6,OTHER,26841
1117.0,SHELBY,6,REPUBLICAN,88447
1119.0,SUMTER,7,DEMOCRAT,5037
1119.0,SUMTER,7,OTHER,1287
1121.0,TALLADEGA,3,DEMOCRAT,12709
1121.0,TALLADEGA,3,OTHER,343
1121.0,TALLADEGA,3,REPUBLICAN,22727
1123.0,TALLAPOOSA,3,DEMOCRAT,5552
1123.0,TALLAPOOSA,3,OTHER,300
1123.0,TALLAPOOSA,3,REPUBLICAN,15213
1125.0,TUSCALOOSA,4,DEMOCRAT,6877
1125.0,TUSCALOOSA,4,OTHER,510
1125.0,TUSCALOOSA,4,REPUBLICAN,23835
1125.0,TUSCALOOSA,7,DEMOCRAT,35642
1125.0,TUSCALOOSA,7,OTHER,23615
1127.0,WALKER,4,DEMOCRAT,4755
1127.0,WALKER,4,OTHER,380
1127.0,WALKER,4,REPUBLICAN,26147
1129.0,WASHINGTON,1,DEMOCRAT,2378
1129.0,WASHINGTON,1,OTHER,250
1129.0,WASHINGTON,1,REPUBLICAN,6290
1131.0,WILCOX,7,DEMOCRAT,4344
1131.0,WILCOX,7,OTHER,1582
1133.0,WINSTON,4,DEMOCRAT,983
1133.0,WINSTON,4,OTHER,137
1133.0,WINSTON,4,REPUBLICAN,10193
12001.0,ALACHUA,3,DEMOCRAT,86857
12001.0,ALACHUA,3,OTHER,3862
12001.0,ALACHUA,3,REPUBLICAN,52914
12003.0,BAKER,5,DEMOCRAT,2476
12003.0,BAKER,5,OTHER,329
12003.0,BAKER,5,REPUBLICAN,11329
12005.0,BAY,2,OTHER,16507
12005.0,BAY,2,REPUBLICAN,76997
12007.0,BRADFORD,3,DEMOCRAT,3302
12007.0,BRADFORD,3,OTHER,432
12007.0,BRADFORD,3,REPUBLICAN,9965
12009.0,BREVARD,8,DEMOCRAT,139769
12009.0,BREVARD,8,OTHER,7669
12009.0,BREVARD,8,REPUBLICAN,215686
12011.0,BROWARD,20,DEMOCRAT,186909
12011.0,BROWARD,20,OTHER,6508
12011.0,BROWARD,20,REPUBLICAN,41803
12011.0,BROWARD,22,DEMOCRAT,192923
12011.0,BROWARD,22,OTHER,11583
12011.0,BROWARD,22,REPUBLICAN,128851
12011.0,BROWARD,23,DEMOCRAT,203940
12011.0,BROWARD,23,OTHER,11913
12011.0,BROWARD,23,REPUBLICAN,141886
12011.0,BROWARD,24,DEMOCRAT,24817
12011.0,BROWARD,24,OTHER,3211
12011.0,BROWARD,24,REPUBLICAN,10079
12013.0,CALHOUN,2,OTHER,902
12013.0,CALHOUN,2,REPUBLICAN,5662
12015.0,CHARLOTTE,17,DEMOCRAT,38633
12015.0,CHARLOTTE,17,OTHER,4548
12015.0,CHARLOTTE,17,REPUBLICAN,73809
12017.0,CITRUS,11,DEMOCRAT,26816
12017.0,CITRUS,11,OTHER,2618
12017.0,CITRUS,11,REPUBLICAN,64293
12019.0,CLAY,3,DEMOCRAT,38040
12019.0,CLAY,3,OTHER,2795
12019.0,CLAY,3,REPUBLICAN,84221
12021.0,COLLIER,19,DEMOCRAT,36612
12021.0,COLLIER,19,OTHER,2632
12021.0,COLLIER,19,REPUBLICAN,69227
12023.0,COLUMBIA,2,OTHER,5076
12023.0,COLUMBIA,2,REPUBLICAN,24293
12023.0,COLUMBIA,5,DEMOCRAT,2033
12023.0,COLUMBIA,5,OTHER,102
12023.0,COLUMBIA,5,REPUBLICAN,1758
12027.0,DESOTO,17,DEMOCRAT,4050
12027.0,DESOTO,17,OTHER,510
12027.0,DESOTO,17,REPUBLICAN,8171
12029.0,DIXIE,2,OTHER,1213
12029.0,DIXIE,2,REPUBLICAN,6993
12031.0,DUVAL,4,DEMOCRAT,125498
12031.0,DUVAL,4,OTHER,5004
12031.0,DUVAL,4,REPUBLICAN,169852
12031.0,DUVAL,5,DEMOCRAT,127311
12031.0,DUVAL,5,OTHER,4982
12031.0,DUVAL,5,REPUBLICAN,63193
12033.0,ESCAMBIA,1,DEMOCRAT,73582
12033.0,ESCAMBIA,1,OTHER,4980
12033.0,ESCAMBIA,1,REPUBLICAN,93078
12035.0,FLAGLER,6,DEMOCRAT,26257
12035.0,FLAGLER,6,OTHER,2621
12035.0,FLAGLER,6,REPUBLICAN,43346
12037.0,FRANKLIN,2,OTHER,1679
12037.0,FRANKLIN,2,REPUBLICAN,5220
12039.0,GADSDEN,5,DEMOCRAT,16783
12039.0,GADSDEN,5,OTHER,299
12039.0,GADSDEN,5,REPUBLICAN,6875
12041.0,GILCHRIST,2,OTHER,1266
12041.0,GILCHRIST,2,REPUBLICAN,8484
12043.0,GLADES,17,DEMOCRAT,1319
12043.0,GLADES,17,OTHER,218
12043.0,GLADES,17,REPUBLICAN,3685
12045.0,GULF,2,OTHER,1403
12045.0,GULF,2,REPUBLICAN,6806
12047.0,HAMILTON,5,DEMOCRAT,2133
12047.0,HAMILTON,5,OTHER,158
12047.0,HAMILTON,5,REPUBLICAN,3579
12049.0,HARDEE,17,DEMOCRAT,2422
12049.0,HARDEE,17,OTHER,365
12049.0,HARDEE,17,REPUBLICAN,5771
12053.0,HERNANDO,11,DEMOCRAT,37530
12053.0,HERNANDO,11,OTHER,3447
12053.0,HERNANDO,11,REPUBLICAN,68885
12055.0,HIGHLANDS,17,DEMOCRAT,15807
12055.0,HIGHLANDS,17,OTHER,2125
12055.0,HIGHLANDS,17,REPUBLICAN,34540
12057.0,HILLSBOROUGH,12,DEMOCRAT,3199
12057.0,HILLSBOROUGH,12,OTHER,191
12057.0,HILLSBOROUGH,12,REPUBLICAN,5558
12057.0,HILLSBOROUGH,14,DEMOCRAT,224240
12057.0,HILLSBOROUGH,14,OTHER,10437
12057.0,HILLSBOROUGH,14,REPUBLICAN,147896
12057.0,HILLSBOROUGH,15,DEMOCRAT,89768
12057.0,HILLSBOROUGH,15,OTHER,5135
12057.0,HILLSBOROUGH,15,REPUBLICAN,99886
12057.0,HILLSBOROUGH,16,DEMOCRAT,61511
12057.0,HILLSBOROUGH,16,OTHER,2966
12057.0,HILLSBOROUGH,16,REPUBLICAN,66515
12059.0,HOLMES,1,DEMOCRAT,587
12059.0,HOLMES,1,OTHER,239
12059.0,HOLMES,1,REPUBLICAN,4992
12059.0,HOLMES,2,OTHER,331
12059.0,HOLMES,2,REPUBLICAN,2968
12061.0,INDIAN RIVER,8,DEMOCRAT,34585
12061.0,INDIAN RIVER,8,OTHER,2552
12061.0,INDIAN RIVER,8,REPUBLICAN,61055
12063.0,JACKSON,2,OTHER,4298
12063.0,JACKSON,2,REPUBLICAN,18262
12065.0,JEFFERSON,2,OTHER,183
12065.0,JEFFERSON,2,REPUBLICAN,586
12065.0,JEFFERSON,5,DEMOCRAT,3800
12065.0,JEFFERSON,5,OTHER,105
12065.0,JEFFERSON,5,REPUBLICAN,3841
12067.0,LAFAYETTE,2,OTHER,351
12067.0,LAFAYETTE,2,REPUBLICAN,3307
12069.0,LAKE,11,DEMOCRAT,32956
12069.0,LAKE,11,OTHER,2489
12069.0,LAKE,11,REPUBLICAN,61012
12069.0,LAKE,15,DEMOCRAT,29611
12069.0,LAKE,15,OTHER,1834
12069.0,LAKE,15,REPUBLICAN,34194
12069.0,LAKE,6,DEMOCRAT,16386
12069.0,LAKE,6,OTHER,1721
12069.0,LAKE,6,REPUBLICAN,32302
12071.0,LEE,17,DEMOCRAT,14733
12071.0,LEE,17,OTHER,2831
12071.0,LEE,17,REPUBLICAN,27620
12071.0,LEE,19,DEMOCRAT,135534
12071.0,LEE,19,OTHER,12534
12071.0,LEE,19,REPUBLICAN,203213
12073.0,LEON,2,OTHER,32265
12073.0,LEON,2,REPUBLICAN,47294
12073.0,LEON,5,DEMOCRAT,60937
12073.0,LEON,5,OTHER,2063
12073.0,LEON,5,REPUBLICAN,21674
12075.0,LEVY,2,OTHER,4350
12075.0,LEVY,2,REPUBLICAN,18959
12077.0,LIBERTY,2,OTHER,604
12077.0,LIBERTY,2,REPUBLICAN,2973
12079.0,MADISON,5,DEMOCRAT,3990
12079.0,MADISON,5,OTHER,189
12079.0,MADISON,5,REPUBLICAN,5261
12081.0,MANATEE,16,DEMOCRAT,86698
12081.0,MANATEE,16,OTHER,3547
12081.0,MANATEE,16,REPUBLICAN,128072
12083.0,MARION,11,DEMOCRAT,33999
12083.0,MARION,11,OTHER,3007
12083.0,MARION,11,REPUBLICAN,58948
12083.0,MARION,2,OTHER,9205
12083.0,MARION,2,REPUBLICAN,24888
12083.0,MARION,3,DEMOCRAT,27141
12083.0,MARION,3,OTHER,2255
12083.0,MARION,3,REPUBLICAN,46097
12085.0,MARTIN,18,DEMOCRAT,31205
12085.0,MARTIN,18,OTHER,3304
12085.0,MARTIN,18,REPUBLICAN,64874
12086.0,MIAMI-DADE,23,DEMOCRAT,17299
12086.0,MIAMI-DADE,23,OTHER,1801
12086.0,MIAMI-DADE,23,REPUBLICAN,16988
12086.0,MIAMI-DADE,24,DEMOCRAT,194008
12086.0,MIAMI-DADE,24,OTHER,20519
12086.0,MIAMI-DADE,24,REPUBLICAN,49005
12086.0,MIAMI-DADE,26,DEMOCRAT,144010
12086.0,MIAMI-DADE,26,OTHER,8805
12086.0,MIAMI-DADE,26,REPUBLICAN,151669
12086.0,MIAMI-DADE,27,DEMOCRAT,166758
12086.0,MIAMI-DADE,27,OTHER,7769
12086.0,MIAMI-DADE,27,REPUBLICAN,176141
12087.0,MONROE,26,DEMOCRAT,21391
12087.0,MONROE,26,OTHER,1367
12087.0,MONROE,26,REPUBLICAN,25546
12089.0,NASSAU,4,DEMOCRAT,16225
12089.0,NASSAU,4,OTHER,842
12089.0,NASSAU,4,REPUBLICAN,42045
12091.0,OKALOOSA,1,DEMOCRAT,34966
12091.0,OKALOOSA,1,OTHER,4123
12091.0,OKALOOSA,1,REPUBLICAN,78035
12093.0,OKEECHOBEE,17,DEMOCRAT,4129
12093.0,OKEECHOBEE,17,OTHER,826
12093.0,OKEECHOBEE,17,REPUBLICAN,11082
12095.0,ORANGE,10,DEMOCRAT,239434
12095.0,ORANGE,10,OTHER,9013
12095.0,ORANGE,10,REPUBLICAN,136889
12095.0,ORANGE,7,DEMOCRAT,92639
12095.0,ORANGE,7,OTHER,6579
12095.0,ORANGE,7,REPUBLICAN,56280
12095.0,ORANGE,8,DEMOCRAT,3341
12095.0,ORANGE,8,OTHER,227
12095.0,ORANGE,8,REPUBLICAN,5352
12095.0,ORANGE,9,DEMOCRAT,62032
12095.0,ORANGE,9,OTHER,2955
12095.0,ORANGE,9,REPUBLICAN,38365
12097.0,OSCEOLA,9,DEMOCRAT,103147
12097.0,OSCEOLA,9,OTHER,4785
12097.0,OSCEOLA,9,REPUBLICAN,65756
12099.0,PALM BEACH,18,DEMOCRAT,77238
12099.0,PALM BEACH,18,OTHER,7411
12099.0,PALM BEACH,18,REPUBLICAN,99734
12099.0,PALM BEACH,20,DEMOCRAT,66752
12099.0,PALM BEACH,20,OTHER,3084
12099.0,PALM BEACH,20,REPUBLICAN,26945
12099.0,PALM BEACH,21,DEMOCRAT,237925
12099.0,PALM BEACH,21,OTHER,18505
12099.0,PALM BEACH,21,REPUBLICAN,157612
12099.0,PALM BEACH,22,DEMOCRAT,42841
12099.0,PALM BEACH,22,OTHER,2452
12099.0,PALM BEACH,22,REPUBLICAN,37702
12101.0,PASCO,12,DEMOCRAT,108659
12101.0,PASCO,12,OTHER,6005
12101.0,PASCO,12,REPUBLICAN,188887
12103.0,PINELLAS,12,DEMOCRAT,56336
12103.0,PINELLAS,12,OTHER,3164
12103.0,PINELLAS,12,REPUBLICAN,90496
12103.0,PINELLAS,13,DEMOCRAT,215405
12103.0,PINELLAS,13,OTHER,8168
12103.0,PINELLAS,13,REPUBLICAN,190713
12105.0,POLK,15,DEMOCRAT,54918
12105.0,POLK,15,OTHER,3339
12105.0,POLK,15,REPUBLICAN,82294
12105.0,POLK,17,DEMOCRAT,13751
12105.0,POLK,17,OTHER,1999
12105.0,POLK,17,REPUBLICAN,24504
12105.0,POLK,9,DEMOCRAT,75545
12105.0,POLK,9,OTHER,4462
12105.0,POLK,9,REPUBLICAN,84768
12107.0,PUTNAM,3,DEMOCRAT,10835
12107.0,PUTNAM,3,OTHER,763
12107.0,PUTNAM,3,REPUBLICAN,24916
12109.0,ST JOHNS,4,DEMOCRAT,54700
12109.0,ST JOHNS,4,OTHER,2956
12109.0,ST JOHNS,4,REPUBLICAN,96600
12109.0,ST JOHNS,6,DEMOCRAT,7717
12109.0,ST JOHNS,6,OTHER,835
12109.0,ST JOHNS,6,REPUBLICAN,14851
12111.0,ST LUCIE,18,DEMOCRAT,78231
12111.0,ST LUCIE,18,OTHER,6579
12111.0,ST LUCIE,18,REPUBLICAN,88678
12113.0,SANTA ROSA,1,DEMOCRAT,29483
12113.0,SANTA ROSA,1,OTHER,2902
12113.0,SANTA ROSA,1,REPUBLICAN,75075
12115.0,SARASOTA,16,DEMOCRAT,67474
12115.0,SARASOTA,16,OTHER,2573
12115.0,SARASOTA,16,REPUBLICAN,74414
12115.0,SARASOTA,17,DEMOCRAT,45643
12115.0,SARASOTA,17,OTHER,4932
12115.0,SARASOTA,17,REPUBLICAN,77332
12117.0,SEMINOLE,7,DEMOCRAT,132316
12117.0,SEMINOLE,7,OTHER,11015
12117.0,SEMINOLE,7,REPUBLICAN,119461
12119.0,SUMTER,11,DEMOCRAT,26793
12119.0,SUMTER,11,OTHER,2289
12119.0,SUMTER,11,REPUBLICAN,63841
12121.0,SUWANNEE,2,OTHER,2737
12121.0,SUWANNEE,2,REPUBLICAN,17971
12123.0,TAYLOR,2,OTHER,1648
12123.0,TAYLOR,2,REPUBLICAN,8541
12125.0,UNION,3,DEMOCRAT,1151
12125.0,UNION,3,OTHER,168
12125.0,UNION,3,REPUBLICAN,4962
12127.0,VOLUSIA,6,DEMOCRAT,121945
12127.0,VOLUSIA,6,OTHER,12528
12127.0,VOLUSIA,6,REPUBLICAN,174894
12129.0,WAKULLA,2,OTHER,3999
12129.0,WAKULLA,2,REPUBLICAN,14514
12131.0,WALTON,1,DEMOCRAT,10554
12131.0,WALTON,1,OTHER,1176
12131.0,WALTON,1,REPUBLICAN,32172
12133.0,WASHINGTON,2,OTHER,1765
12133.0,WASHINGTON,2,REPUBLICAN,10619
13001.0,APPLING,12,DEMOCRAT,1690
13001.0,APPLING,12,REPUBLICAN,6335
13003.0,ATKINSON,8,DEMOCRAT,704
13003.0,ATKINSON,8,REPUBLICAN,2201
13005.0,BACON,1,DEMOCRAT,554
13005.0,BACON,1,REPUBLICAN,3910
13007.0,BAKER,2,DEMOCRAT,780
13007.0,BAKER,2,REPUBLICAN,736
13009.0,BALDWIN,10,DEMOCRAT,8633
13009.0,BALDWIN,10,REPUBLICAN,9101
13011.0,BANKS,9,DEMOCRAT,898
13011.0,BANKS,9,REPUBLICAN,7681
13013.0,BARROW,10,DEMOCRAT,9936
13013.0,BARROW,10,REPUBLICAN,26965
13015.0,BARTOW,11,DEMOCRAT,11520
13015.0,BARTOW,11,REPUBLICAN,38024
13017.0,BEN HILL,8,DEMOCRAT,2225
13017.0,BEN HILL,8,REPUBLICAN,4168
13019.0,BERRIEN,8,DEMOCRAT,1147
13019.0,BERRIEN,8,REPUBLICAN,6349
13021.0,BIBB,2,DEMOCRAT,32001
13021.0,BIBB,2,REPUBLICAN,12744
13021.0,BIBB,8,DEMOCRAT,11002
13021.0,BIBB,8,REPUBLICAN,13588
13023.0,BLECKLEY,8,DEMOCRAT,1241
13023.0,BLECKLEY,8,REPUBLICAN,4347
13025.0,BRANTLEY,1,DEMOCRAT,662
13025.0,BRANTLEY,1,REPUBLICAN,6749
13027.0,BROOKS,8,DEMOCRAT,2602
13027.0,BROOKS,8,REPUBLICAN,4227
13029.0,BRYAN,1,DEMOCRAT,6135
13029.0,BRYAN,1,REPUBLICAN,14767
13031.0,BULLOCH,12,DEMOCRAT,10689
13031.0,BULLOCH,12,REPUBLICAN,18813
13033.0,BURKE,12,DEMOCRAT,4959
13033.0,BURKE,12,REPUBLICAN,5473
13035.0,BUTTS,10,DEMOCRAT,3112
13035.0,BUTTS,10,REPUBLICAN,8320
13037.0,CALHOUN,2,DEMOCRAT,1465
13037.0,CALHOUN,2,REPUBLICAN,694
13039.0,CAMDEN,1,DEMOCRAT,7715
13039.0,CAMDEN,1,REPUBLICAN,15220
13043.0,CANDLER,12,DEMOCRAT,1175
13043.0,CANDLER,12,REPUBLICAN,3144
13045.0,CARROLL,3,DEMOCRAT,15038
13045.0,CARROLL,3,REPUBLICAN,38034
13047.0,CATOOSA,14,DEMOCRAT,6676
13047.0,CATOOSA,14,REPUBLICAN,24766
13049.0,CHARLTON,1,DEMOCRAT,986
13049.0,CHARLTON,1,REPUBLICAN,3359
13051.0,CHATHAM,1,DEMOCRAT,73738
13051.0,CHATHAM,1,REPUBLICAN,56935
13053.0,CHATTAHOOCHEE,2,DEMOCRAT,715
13053.0,CHATTAHOOCHEE,2,REPUBLICAN,813
13055.0,CHATTOOGA,14,DEMOCRAT,1872
13055.0,CHATTOOGA,14,REPUBLICAN,7673
13057.0,CHEROKEE,11,DEMOCRAT,39492
13057.0,CHEROKEE,11,REPUBLICAN,102280
13059.0,CLARKE,10,DEMOCRAT,30124
13059.0,CLARKE,10,REPUBLICAN,14163
13059.0,CLARKE,9,DEMOCRAT,4355
13059.0,CLARKE,9,REPUBLICAN,1655
13061.0,CLAY,2,DEMOCRAT,839
13061.0,CLAY,2,REPUBLICAN,581
13063.0,CLAYTON,13,DEMOCRAT,62619
13063.0,CLAYTON,13,REPUBLICAN,8728
13063.0,CLAYTON,5,DEMOCRAT,32960
13063.0,CLAYTON,5,REPUBLICAN,5701
13065.0,CLINCH,1,DEMOCRAT,608
13065.0,CLINCH,1,REPUBLICAN,2060
13067.0,COBB,11,DEMOCRAT,96659
13067.0,COBB,11,REPUBLICAN,89654
13067.0,COBB,13,DEMOCRAT,64105
13067.0,COBB,13,REPUBLICAN,23505
13067.0,COBB,6,DEMOCRAT,55553
13067.0,COBB,6,REPUBLICAN,58540
13069.0,COFFEE,12,DEMOCRAT,4243
13069.0,COFFEE,12,REPUBLICAN,10315
13071.0,COLQUITT,8,DEMOCRAT,3799
13071.0,COLQUITT,8,REPUBLICAN,11824
13073.0,COLUMBIA,10,DEMOCRAT,3033
13073.0,COLUMBIA,10,REPUBLICAN,8339
13073.0,COLUMBIA,12,DEMOCRAT,23971
13073.0,COLUMBIA,12,REPUBLICAN,43999
13075.0,COOK,8,DEMOCRAT,1910
13075.0,COOK,8,REPUBLICAN,4917
13077.0,COWETA,3,DEMOCRAT,22028
13077.0,COWETA,3,REPUBLICAN,52959
13079.0,CRAWFORD,2,DEMOCRAT,1774
13079.0,CRAWFORD,2,REPUBLICAN,4165
13081.0,CRISP,2,DEMOCRAT,3157
13081.0,CRISP,2,REPUBLICAN,4791
13083.0,DADE,14,DEMOCRAT,1222
13083.0,DADE,14,REPUBLICAN,5893
13085.0,DAWSON,9,DEMOCRAT,2310
13085.0,DAWSON,9,REPUBLICAN,13426
13087.0,DECATUR,2,DEMOCRAT,5128
13087.0,DECATUR,2,REPUBLICAN,6253
13089.0,DEKALB,4,DEMOCRAT,165806
13089.0,DEKALB,4,REPUBLICAN,18060
13089.0,DEKALB,5,DEMOCRAT,80848
13089.0,DEKALB,5,REPUBLICAN,10903
13089.0,DEKALB,6,DEMOCRAT,55607
13089.0,DEKALB,6,REPUBLICAN,31939
13091.0,DODGE,8,DEMOCRAT,1965
13091.0,DODGE,8,REPUBLICAN,5825
13093.0,DOOLY,2,DEMOCRAT,1994
13093.0,DOOLY,2,REPUBLICAN,1988
13095.0,DOUGHERTY,2,DEMOCRAT,25428
13095.0,DOUGHERTY,2,REPUBLICAN,9450
13097.0,DOUGLAS,13,DEMOCRAT,43308
13097.0,DOUGLAS,13,REPUBLICAN,24560
13099.0,EARLY,2,DEMOCRAT,2643
13099.0,EARLY,2,REPUBLICAN,2434
13101.0,ECHOLS,1,DEMOCRAT,149
13101.0,ECHOLS,1,REPUBLICAN,1229
13103.0,EFFINGHAM,1,DEMOCRAT,4597
13103.0,EFFINGHAM,1,REPUBLICAN,14529
13103.0,EFFINGHAM,12,DEMOCRAT,2563
13103.0,EFFINGHAM,12,REPUBLICAN,9148
13105.0,ELBERT,9,DEMOCRAT,2687
13105.0,ELBERT,9,REPUBLICAN,6218
13107.0,EMANUEL,12,DEMOCRAT,2614
13107.0,EMANUEL,12,REPUBLICAN,6566
13109.0,EVANS,12,DEMOCRAT,1217
13109.0,EVANS,12,REPUBLICAN,2899
13111.0,FANNIN,9,DEMOCRAT,2397
13111.0,FANNIN,9,REPUBLICAN,11960
13113.0,FAYETTE,13,DEMOCRAT,8034
13113.0,FAYETTE,13,REPUBLICAN,4075
13113.0,FAYETTE,3,DEMOCRAT,22756
13113.0,FAYETTE,3,REPUBLICAN,35507
13115.0,FLOYD,14,DEMOCRAT,11278
13115.0,FLOYD,14,REPUBLICAN,28011
13117.0,FORSYTH,7,DEMOCRAT,31596
13117.0,FORSYTH,7,REPUBLICAN,58927
13117.0,FORSYTH,9,DEMOCRAT,7478
13117.0,FORSYTH,9,REPUBLICAN,28821
13119.0,FRANKLIN,9,DEMOCRAT,1470
13119.0,FRANKLIN,9,REPUBLICAN,9098
13121.0,FULTON,11,DEMOCRAT,12952
13121.0,FULTON,11,REPUBLICAN,15301
13121.0,FULTON,13,DEMOCRAT,62048
13121.0,FULTON,13,REPUBLICAN,4698
13121.0,FULTON,5,DEMOCRAT,188049
13121.0,FULTON,5,REPUBLICAN,36042
13121.0,FULTON,6,DEMOCRAT,105615
13121.0,FULTON,6,REPUBLICAN,89850
13123.0,GILMER,9,DEMOCRAT,2753
13123.0,GILMER,9,REPUBLICAN,13237
13125.0,GLASCOCK,10,DEMOCRAT,144
13125.0,GLASCOCK,10,REPUBLICAN,1353
13127.0,GLYNN,1,DEMOCRAT,14753
13127.0,GLYNN,1,REPUBLICAN,26199
13129.0,GORDON,14,DEMOCRAT,4362
13129.0,GORDON,14,REPUBLICAN,18608
13131.0,GRADY,2,DEMOCRAT,3927
13131.0,GRADY,2,REPUBLICAN,6587
13133.0,GREENE,10,DEMOCRAT,3677
13133.0,GREENE,10,REPUBLICAN,7379
13135.0,GWINNETT,10,DEMOCRAT,19361
13135.0,GWINNETT,10,REPUBLICAN,23283
13135.0,GWINNETT,4,DEMOCRAT,55207
13135.0,GWINNETT,4,REPUBLICAN,24899
13135.0,GWINNETT,7,DEMOCRAT,159304
13135.0,GWINNETT,7,REPUBLICAN,121637
13137.0,HABERSHAM,9,DEMOCRAT,3349
13137.0,HABERSHAM,9,REPUBLICAN,16529
13139.0,HALL,9,DEMOCRAT,23417
13139.0,HALL,9,REPUBLICAN,64876
13141.0,HANCOCK,10,DEMOCRAT,2815
13141.0,HANCOCK,10,REPUBLICAN,1162
13143.0,HARALSON,14,DEMOCRAT,1768
13143.0,HARALSON,14,REPUBLICAN,12051
13145.0,HARRIS,3,DEMOCRAT,4888
13145.0,HARRIS,3,REPUBLICAN,14655
13147.0,HART,9,DEMOCRAT,2911
13147.0,HART,9,REPUBLICAN,9407
13149.0,HEARD,3,DEMOCRAT,739
13149.0,HEARD,3,REPUBLICAN,4444
13151.0,HENRY,10,DEMOCRAT,10580
13151.0,HENRY,10,REPUBLICAN,18015
13151.0,HENRY,13,DEMOCRAT,38931
13151.0,HENRY,13,REPUBLICAN,15910
13151.0,HENRY,3,DEMOCRAT,23052
13151.0,HENRY,3,REPUBLICAN,13880
13153.0,HOUSTON,8,DEMOCRAT,30552
13153.0,HOUSTON,8,REPUBLICAN,42880
13155.0,IRWIN,8,DEMOCRAT,943
13155.0,IRWIN,8,REPUBLICAN,3145
13157.0,JACKSON,9,DEMOCRAT,7167
13157.0,JACKSON,9,REPUBLICAN,29704
13159.0,JASPER,10,DEMOCRAT,1646
13159.0,JASPER,10,REPUBLICAN,5815
13161.0,JEFF DAVIS,12,DEMOCRAT,995
13161.0,JEFF DAVIS,12,REPUBLICAN,4529
13163.0,JEFFERSON,10,DEMOCRAT,3834
13163.0,JEFFERSON,10,REPUBLICAN,3481
13165.0,JENKINS,12,DEMOCRAT,1181
13165.0,JENKINS,12,REPUBLICAN,2174
13167.0,JOHNSON,10,DEMOCRAT,1105
13167.0,JOHNSON,10,REPUBLICAN,2801
13169.0,JONES,8,DEMOCRAT,4603
13169.0,JONES,8,REPUBLICAN,10031
13171.0,LAMAR,3,DEMOCRAT,2447
13171.0,LAMAR,3,REPUBLICAN,6365
13173.0,LANIER,8,DEMOCRAT,926
13173.0,LANIER,8,REPUBLICAN,2514
13175.0,LAURENS,12,DEMOCRAT,7648
13175.0,LAURENS,12,REPUBLICAN,14515
13177.0,LEE,2,DEMOCRAT,5134
13177.0,LEE,2,REPUBLICAN,11335
13179.0,LIBERTY,1,DEMOCRAT,12689
13179.0,LIBERTY,1,REPUBLICAN,8241
13181.0,LINCOLN,10,DEMOCRAT,1344
13181.0,LINCOLN,10,REPUBLICAN,3171
13183.0,LONG,1,DEMOCRAT,1936
13183.0,LONG,1,REPUBLICAN,3554
13185.0,LOWNDES,1,DEMOCRAT,721
13185.0,LOWNDES,1,REPUBLICAN,1133
13185.0,LOWNDES,8,DEMOCRAT,18221
13185.0,LOWNDES,8,REPUBLICAN,25068
13187.0,LUMPKIN,9,DEMOCRAT,2960
13187.0,LUMPKIN,9,REPUBLICAN,12195
13189.0,MCDUFFIE,10,DEMOCRAT,3986
13189.0,MCDUFFIE,10,REPUBLICAN,6243
13191.0,MCINTOSH,1,DEMOCRAT,2410
13191.0,MCINTOSH,1,REPUBLICAN,4084
13193.0,MACON,2,DEMOCRAT,2916
13193.0,MACON,2,REPUBLICAN,1614
13195.0,MADISON,9,DEMOCRAT,3277
13195.0,MADISON,9,REPUBLICAN,11264
13197.0,MARION,2,DEMOCRAT,1476
13197.0,MARION,2,REPUBLICAN,2092
13199.0,MERIWETHER,3,DEMOCRAT,4007
13199.0,MERIWETHER,3,REPUBLICAN,6523
13201.0,MILLER,2,DEMOCRAT,871
13201.0,MILLER,2,REPUBLICAN,1868
13205.0,MITCHELL,2,DEMOCRAT,4429
13205.0,MITCHELL,2,REPUBLICAN,4400
13207.0,MONROE,8,DEMOCRAT,4117
13207.0,MONROE,8,REPUBLICAN,11086
13209.0,MONTGOMERY,12,DEMOCRAT,899
13209.0,MONTGOMERY,12,REPUBLICAN,2942
13211.0,MORGAN,10,DEMOCRAT,3061
13211.0,MORGAN,10,REPUBLICAN,8415
13213.0,MURRAY,14,DEMOCRAT,2247
13213.0,MURRAY,14,REPUBLICAN,12526
13215.0,MUSCOGEE,2,DEMOCRAT,41349
13215.0,MUSCOGEE,2,REPUBLICAN,15237
13215.0,MUSCOGEE,3,DEMOCRAT,8111
13215.0,MUSCOGEE,3,REPUBLICAN,14320
13217.0,NEWTON,10,DEMOCRAT,3070
13217.0,NEWTON,10,REPUBLICAN,9130
13217.0,NEWTON,4,DEMOCRAT,26681
13217.0,NEWTON,4,REPUBLICAN,14052
13219.0,OCONEE,10,DEMOCRAT,7191
13219.0,OCONEE,10,REPUBLICAN,17644
13221.0,OGLETHORPE,10,DEMOCRAT,2318
13221.0,OGLETHORPE,10,REPUBLICAN,5587
13223.0,PAULDING,14,DEMOCRAT,28493
13223.0,PAULDING,14,REPUBLICAN,54528
13225.0,PEACH,2,DEMOCRAT,6059
13225.0,PEACH,2,REPUBLICAN,6170
13227.0,PICKENS,14,DEMOCRAT,697
13227.0,PICKENS,14,REPUBLICAN,5088
13227.0,PICKENS,9,DEMOCRAT,1950
13227.0,PICKENS,9,REPUBLICAN,8877
13229.0,PIERCE,1,DEMOCRAT,1020
13229.0,PIERCE,1,REPUBLICAN,7768
13231.0,PIKE,3,DEMOCRAT,1369
13231.0,PIKE,3,REPUBLICAN,9112
13233.0,POLK,14,DEMOCRAT,3491
13233.0,POLK,14,REPUBLICAN,13254
13235.0,PULASKI,8,DEMOCRAT,1080
13235.0,PULASKI,8,REPUBLICAN,2804
13237.0,PUTNAM,10,DEMOCRAT,3222
13237.0,PUTNAM,10,REPUBLICAN,8393
13239.0,QUITMAN,2,DEMOCRAT,544
13239.0,QUITMAN,2,REPUBLICAN,522
13241.0,RABUN,9,DEMOCRAT,1854
13241.0,RABUN,9,REPUBLICAN,7458
13243.0,RANDOLPH,2,DEMOCRAT,1863
13243.0,RANDOLPH,2,REPUBLICAN,1161
13245.0,RICHMOND,12,DEMOCRAT,56588
13245.0,RICHMOND,12,REPUBLICAN,28703
13247.0,ROCKDALE,4,DEMOCRAT,31212
13247.0,ROCKDALE,4,REPUBLICAN,12382
13249.0,SCHLEY,2,DEMOCRAT,553
13249.0,SCHLEY,2,REPUBLICAN,1675
13251.0,SCREVEN,12,DEMOCRAT,2494
13251.0,SCREVEN,12,REPUBLICAN,3971
13253.0,SEMINOLE,2,DEMOCRAT,1361
13253.0,SEMINOLE,2,REPUBLICAN,2420
13255.0,SPALDING,3,DEMOCRAT,11071
13255.0,SPALDING,3,REPUBLICAN,18182
13257.0,STEPHENS,9,DEMOCRAT,2185
13257.0,STEPHENS,9,REPUBLICAN,9332
13259.0,STEWART,2,DEMOCRAT,1247
13259.0,STEWART,2,REPUBLICAN,696
13261.0,SUMTER,2,DEMOCRAT,6790
13261.0,SUMTER,2,REPUBLICAN,5205
13263.0,TALBOT,2,DEMOCRAT,2180
13263.0,TALBOT,2,REPUBLICAN,1274
13265.0,TALIAFERRO,10,DEMOCRAT,498
13265.0,TALIAFERRO,10,REPUBLICAN,363
13267.0,TATTNALL,12,DEMOCRAT,1879
13267.0,TATTNALL,12,REPUBLICAN,6020
13269.0,TAYLOR,2,DEMOCRAT,1484
13269.0,TAYLOR,2,REPUBLICAN,2261
13271.0,TELFAIR,8,DEMOCRAT,1415
13271.0,TELFAIR,8,REPUBLICAN,2703
13273.0,TERRELL,2,DEMOCRAT,2591
13273.0,TERRELL,2,REPUBLICAN,1778
13275.0,THOMAS,8,DEMOCRAT,8003
13275.0,THOMAS,8,REPUBLICAN,13121
13277.0,TIFT,8,DEMOCRAT,4645
13277.0,TIFT,8,REPUBLICAN,11267
13279.0,TOOMBS,12,DEMOCRAT,2738
13279.0,TOOMBS,12,REPUBLICAN,7876
13281.0,TOWNS,9,DEMOCRAT,1464
13281.0,TOWNS,9,REPUBLICAN,6265
13283.0,TREUTLEN,12,DEMOCRAT,863
13283.0,TREUTLEN,12,REPUBLICAN,2067
13285.0,TROUP,3,DEMOCRAT,10480
13285.0,TROUP,3,REPUBLICAN,18881
13287.0,TURNER,8,DEMOCRAT,1244
13287.0,TURNER,8,REPUBLICAN,2468
13289.0,TWIGGS,8,DEMOCRAT,1946
13289.0,TWIGGS,8,REPUBLICAN,2309
13291.0,UNION,9,DEMOCRAT,2643
13291.0,UNION,9,REPUBLICAN,12509
13293.0,UPSON,3,DEMOCRAT,3806
13293.0,UPSON,3,REPUBLICAN,8664
13295.0,WALKER,14,DEMOCRAT,5548
13295.0,WALKER,14,REPUBLICAN,22714
13297.0,WALTON,10,DEMOCRAT,12012
13297.0,WALTON,10,REPUBLICAN,38157
13299.0,WARE,1,DEMOCRAT,4015
13299.0,WARE,1,REPUBLICAN,9783
13301.0,WARREN,10,DEMOCRAT,1389
13301.0,WARREN,10,REPUBLICAN,1155
13303.0,WASHINGTON,10,DEMOCRAT,4531
13303.0,WASHINGTON,10,REPUBLICAN,4538
13305.0,WAYNE,1,DEMOCRAT,2550
13305.0,WAYNE,1,REPUBLICAN,9937
13307.0,WEBSTER,2,DEMOCRAT,699
13307.0,WEBSTER,2,REPUBLICAN,676
13309.0,WHEELER,12,DEMOCRAT,655
13309.0,WHEELER,12,REPUBLICAN,1549
13311.0,WHITE,9,DEMOCRAT,2272
13311.0,WHITE,9,REPUBLICAN,12238
13313.0,WHITFIELD,14,DEMOCRAT,10144
13313.0,WHITFIELD,14,REPUBLICAN,24715
13315.0,WILCOX,8,DEMOCRAT,800
13315.0,WILCOX,8,REPUBLICAN,2383
13317.0,WILKES,10,DEMOCRAT,2014
13317.0,WILKES,10,REPUBLICAN,2837
13319.0,WILKINSON,8,DEMOCRAT,1951
13319.0,WILKINSON,8,REPUBLICAN,2651
13321.0,WORTH,8,DEMOCRAT,2223
13321.0,WORTH,8,REPUBLICAN,6825
15001.0,HAWAII,2,DEMOCRAT,55774
15001.0,HAWAII,2,LIBERTARIAN,2471
15001.0,HAWAII,2,OTHER,2930
15001.0,HAWAII,2,REPUBLICAN,20897
15003.0,HONOLULU,1,DEMOCRAT,183245
15003.0,HONOLULU,1,REPUBLICAN,71188
15003.0,HONOLULU,2,DEMOCRAT,53723
15003.0,HONOLULU,2,LIBERTARIAN,2181
15003.0,HONOLULU,2,OTHER,3558
15003.0,HONOLULU,2,REPUBLICAN,35777
15007.0,KAUAI,2,DEMOCRAT,19880
15007.0,KAUAI,2,LIBERTARIAN,582
15007.0,KAUAI,2,OTHER,1029
15007.0,KAUAI,2,REPUBLICAN,8233
15009.0,MAUI,2,DEMOCRAT,42140
15009.0,MAUI,2,LIBERTARIAN,1551
15009.0,MAUI,2,OTHER,2256
15009.0,MAUI,2,REPUBLICAN,19120
16001.0,ADA,1,DEMOCRAT,43705
16001.0,ADA,1,LIBERTARIAN,4982
16001.0,ADA,1,OTHER,1
16001.0,ADA,1,REPUBLICAN,88402
16001.0,ADA,2,DEMOCRAT,63610
16001.0,ADA,2,LIBERTARIAN,2707
16001.0,ADA,2,OTHER,1515
16001.0,ADA,2,REPUBLICAN,50086
16003.0,ADAMS,1,DEMOCRAT,553
16003.0,ADAMS,1,LIBERTARIAN,86
16003.0,ADAMS,1,OTHER,0
16003.0,ADAMS,1,REPUBLICAN,1884
16005.0,BANNOCK,2,DEMOCRAT,13193
16005.0,BANNOCK,2,LIBERTARIAN,915
16005.0,BANNOCK,2,OTHER,745
16005.0,BANNOCK,2,REPUBLICAN,24116
16007.0,BEAR LAKE,2,DEMOCRAT,309
16007.0,BEAR LAKE,2,LIBERTARIAN,41
16007.0,BEAR LAKE,2,OTHER,63
16007.0,BEAR LAKE,2,REPUBLICAN,2870
16009.0,BENEWAH,1,DEMOCRAT,945
16009.0,BENEWAH,1,LIBERTARIAN,165
16009.0,BENEWAH,1,OTHER,0
16009.0,BENEWAH,1,REPUBLICAN,3680
16011.0,BINGHAM,2,DEMOCRAT,3324
16011.0,BINGHAM,2,LIBERTARIAN,319
16011.0,BINGHAM,2,OTHER,441
16011.0,BINGHAM,2,REPUBLICAN,15487
16013.0,BLAINE,2,DEMOCRAT,7703
16013.0,BLAINE,2,LIBERTARIAN,269
16013.0,BLAINE,2,OTHER,161
16013.0,BLAINE,2,REPUBLICAN,5026
16015.0,BOISE,1,DEMOCRAT,1125
16015.0,BOISE,1,LIBERTARIAN,178
16015.0,BOISE,1,OTHER,0
16015.0,BOISE,1,REPUBLICAN,3444
16017.0,BONNER,1,DEMOCRAT,7601
16017.0,BONNER,1,LIBERTARIAN,907
16017.0,BONNER,1,OTHER,0
16017.0,BONNER,1,REPUBLICAN,18213
16019.0,BONNEVILLE,2,DEMOCRAT,10731
16019.0,BONNEVILLE,2,LIBERTARIAN,972
16019.0,BONNEVILLE,2,OTHER,1440
16019.0,BONNEVILLE,2,REPUBLICAN,38637
16021.0,BOUNDARY,1,DEMOCRAT,1175
16021.0,BOUNDARY,1,LIBERTARIAN,166
16021.0,BOUNDARY,1,OTHER,2
16021.0,BOUNDARY,1,REPUBLICAN,4855
16023.0,BUTTE,2,DEMOCRAT,173
16023.0,BUTTE,2,LIBERTARIAN,16
16023.0,BUTTE,2,OTHER,46
16023.0,BUTTE,2,REPUBLICAN,1159
16025.0,CAMAS,2,DEMOCRAT,114
16025.0,CAMAS,2,LIBERTARIAN,14
16025.0,CAMAS,2,OTHER,16
16025.0,CAMAS,2,REPUBLICAN,518
16027.0,CANYON,1,DEMOCRAT,25367
16027.0,CANYON,1,LIBERTARIAN,3434
16027.0,CANYON,1,OTHER,0
16027.0,CANYON,1,REPUBLICAN,60042
16029.0,CARIBOU,2,DEMOCRAT,331
16029.0,CARIBOU,2,LIBERTARIAN,56
16029.0,CARIBOU,2,OTHER,90
16029.0,CARIBOU,2,REPUBLICAN,2682
16031.0,CASSIA,2,DEMOCRAT,1149
16031.0,CASSIA,2,LIBERTARIAN,179
16031.0,CASSIA,2,OTHER,346
16031.0,CASSIA,2,REPUBLICAN,7810
16033.0,CLARK,2,DEMOCRAT,29
16033.0,CLARK,2,LIBERTARIAN,3
16033.0,CLARK,2,OTHER,3
16033.0,CLARK,2,REPUBLICAN,270
16035.0,CLEARWATER,1,DEMOCRAT,847
16035.0,CLEARWATER,1,LIBERTARIAN,105
16035.0,CLEARWATER,1,OTHER,0
16035.0,CLEARWATER,1,REPUBLICAN,3364
16037.0,CUSTER,2,DEMOCRAT,458
16037.0,CUSTER,2,LIBERTARIAN,43
16037.0,CUSTER,2,OTHER,105
16037.0,CUSTER,2,REPUBLICAN,2050
16039.0,ELMORE,2,DEMOCRAT,2237
16039.0,ELMORE,2,LIBERTARIAN,230
16039.0,ELMORE,2,OTHER,266
16039.0,ELMORE,2,REPUBLICAN,7254
16041.0,FRANKLIN,2,DEMOCRAT,493
16041.0,FRANKLIN,2,LIBERTARIAN,89
16041.0,FRANKLIN,2,OTHER,202
16041.0,FRANKLIN,2,REPUBLICAN,5803
16043.0,FREMONT,2,DEMOCRAT,793
16043.0,FREMONT,2,LIBERTARIAN,102
16043.0,FREMONT,2,OTHER,187
16043.0,FREMONT,2,REPUBLICAN,5569
16045.0,GEM,1,DEMOCRAT,1818
16045.0,GEM,1,LIBERTARIAN,287
16045.0,GEM,1,OTHER,2
16045.0,GEM,1,REPUBLICAN,7728
16047.0,GOODING,2,DEMOCRAT,1036
16047.0,GOODING,2,LIBERTARIAN,115
16047.0,GOODING,2,OTHER,147
16047.0,GOODING,2,REPUBLICAN,4684
16049.0,IDAHO,1,DEMOCRAT,1508
16049.0,IDAHO,1,LIBERTARIAN,250
16049.0,IDAHO,1,OTHER,0
16049.0,IDAHO,1,REPUBLICAN,7604
16051.0,JEFFERSON,2,DEMOCRAT,1245
16051.0,JEFFERSON,2,LIBERTARIAN,199
16051.0,JEFFERSON,2,OTHER,385
16051.0,JEFFERSON,2,REPUBLICAN,12058
16053.0,JEROME,2,DEMOCRAT,1470
16053.0,JEROME,2,LIBERTARIAN,152
16053.0,JEROME,2,OTHER,256
16053.0,JEROME,2,REPUBLICAN,5808
16055.0,KOOTENAI,1,DEMOCRAT,21913
16055.0,KOOTENAI,1,LIBERTARIAN,3101
16055.0,KOOTENAI,1,OTHER,0
16055.0,KOOTENAI,1,REPUBLICAN,62442
16057.0,LATAH,1,DEMOCRAT,9840
16057.0,LATAH,1,LIBERTARIAN,841
16057.0,LATAH,1,OTHER,1
16057.0,LATAH,1,REPUBLICAN,9704
16059.0,LEMHI,2,DEMOCRAT,860
16059.0,LEMHI,2,LIBERTARIAN,64
16059.0,LEMHI,2,OTHER,95
16059.0,LEMHI,2,REPUBLICAN,3623
16061.0,LEWIS,1,DEMOCRAT,338
16061.0,LEWIS,1,LIBERTARIAN,40
16061.0,LEWIS,1,OTHER,0
16061.0,LEWIS,1,REPUBLICAN,1457
16063.0,LINCOLN,2,DEMOCRAT,325
16063.0,LINCOLN,2,LIBERTARIAN,40
16063.0,LINCOLN,2,OTHER,39
16063.0,LINCOLN,2,REPUBLICAN,1501
16065.0,MADISON,2,DEMOCRAT,1833
16065.0,MADISON,2,LIBERTARIAN,382
16065.0,MADISON,2,OTHER,552
16065.0,MADISON,2,REPUBLICAN,13986
16067.0,MINIDOKA,2,DEMOCRAT,1252
16067.0,MINIDOKA,2,LIBERTARIAN,141
16067.0,MINIDOKA,2,OTHER,210
16067.0,MINIDOKA,2,REPUBLICAN,6248
16069.0,NEZ PERCE,1,DEMOCRAT,6177
16069.0,NEZ PERCE,1,LIBERTARIAN,860
16069.0,NEZ PERCE,1,OTHER,0
16069.0,NEZ PERCE,1,REPUBLICAN,13525
16071.0,ONEIDA,2,DEMOCRAT,195
16071.0,ONEIDA,2,LIBERTARIAN,34
16071.0,ONEIDA,2,OTHER,70
16071.0,ONEIDA,2,REPUBLICAN,2099
16073.0,OWYHEE,1,DEMOCRAT,838
16073.0,OWYHEE,1,LIBERTARIAN,141
16073.0,OWYHEE,1,OTHER,1
16073.0,OWYHEE,1,REPUBLICAN,3703
16075.0,PAYETTE,1,DEMOCRAT,2140
16075.0,PAYETTE,1,LIBERTARIAN,320
16075.0,PAYETTE,1,OTHER,0
16075.0,PAYETTE,1,REPUBLICAN,8678
16077.0,POWER,2,DEMOCRAT,696
16077.0,POWER,2,LIBERTARIAN,54
16077.0,POWER,2,OTHER,67
16077.0,POWER,2,REPUBLICAN,2223
16079.0,SHOSHONE,1,DEMOCRAT,1653
16079.0,SHOSHONE,1,LIBERTARIAN,218
16079.0,SHOSHONE,1,OTHER,0
16079.0,SHOSHONE,1,REPUBLICAN,3991
16081.0,TETON,2,DEMOCRAT,2981
16081.0,TETON,2,LIBERTARIAN,132
16081.0,TETON,2,OTHER,72
16081.0,TETON,2,REPUBLICAN,3056
16083.0,TWIN FALLS,2,DEMOCRAT,7611
16083.0,TWIN FALLS,2,LIBERTARIAN,672
16083.0,TWIN FALLS,2,OTHER,1054
16083.0,TWIN FALLS,2,REPUBLICAN,26046
16085.0,VALLEY,1,DEMOCRAT,2777
16085.0,VALLEY,1,LIBERTARIAN,217
16085.0,VALLEY,1,OTHER,0
16085.0,VALLEY,1,REPUBLICAN,3934
16087.0,WASHINGTON,1,DEMOCRAT,1060
16087.0,WASHINGTON,1,LIBERTARIAN,155
16087.0,WASHINGTON,1,OTHER,0
16087.0,WASHINGTON,1,REPUBLICAN,4086
17001.0,ADAMS,18,DEMOCRAT,6986
17001.0,ADAMS,18,REPUBLICAN,26133
17003.0,ALEXANDER,12,DEMOCRAT,966
17003.0,ALEXANDER,12,REPUBLICAN,1559
17005.0,BOND,13,DEMOCRAT,641
17005.0,BOND,13,OTHER,58
17005.0,BOND,13,REPUBLICAN,1636
17005.0,BOND,15,DEMOCRAT,1765
17005.0,BOND,15,OTHER,232
17005.0,BOND,15,REPUBLICAN,3900
17007.0,BOONE,16,DEMOCRAT,8745
17007.0,BOONE,16,OTHER,617
17007.0,BOONE,16,REPUBLICAN,15813
17009.0,BROWN,18,DEMOCRAT,384
17009.0,BROWN,18,OTHER,58
17009.0,BROWN,18,REPUBLICAN,2103
17011.0,BUREAU,16,DEMOCRAT,5749
17011.0,BUREAU,16,OTHER,317
17011.0,BUREAU,16,REPUBLICAN,11541
17013.0,CALHOUN,13,DEMOCRAT,659
17013.0,CALHOUN,13,REPUBLICAN,2032
17015.0,CARROLL,17,DEMOCRAT,3300
17015.0,CARROLL,17,OTHER,114
17015.0,CARROLL,17,REPUBLICAN,4682
17017.0,CASS,18,DEMOCRAT,1301
17017.0,CASS,18,OTHER,154
17017.0,CASS,18,REPUBLICAN,3903
17019.0,CHAMPAIGN,13,DEMOCRAT,46192
17019.0,CHAMPAIGN,13,OTHER,1604
17019.0,CHAMPAIGN,13,REPUBLICAN,22394
17019.0,CHAMPAIGN,15,DEMOCRAT,8415
17019.0,CHAMPAIGN,15,OTHER,610
17019.0,CHAMPAIGN,15,REPUBLICAN,16970
17021.0,CHRISTIAN,13,DEMOCRAT,3910
17021.0,CHRISTIAN,13,OTHER,196
17021.0,CHRISTIAN,13,REPUBLICAN,12225
17023.0,CLARK,15,DEMOCRAT,1983
17023.0,CLARK,15,OTHER,135
17023.0,CLARK,15,REPUBLICAN,6289
17025.0,CLAY,15,DEMOCRAT,1163
17025.0,CLAY,15,REPUBLICAN,5332
17027.0,CLINTON,15,DEMOCRAT,4508
17027.0,CLINTON,15,OTHER,636
17027.0,CLINTON,15,REPUBLICAN,14173
17029.0,COLES,15,DEMOCRAT,8247
17029.0,COLES,15,OTHER,398
17029.0,COLES,15,REPUBLICAN,14133
17031.0,COOK,1,DEMOCRAT,218132
17031.0,COOK,1,OTHER,10565
17031.0,COOK,1,REPUBLICAN,49106
17031.0,COOK,10,DEMOCRAT,49303
17031.0,COOK,10,OTHER,3498
17031.0,COOK,10,REPUBLICAN,28109
17031.0,COOK,11,DEMOCRAT,1205
17031.0,COOK,11,OTHER,96
17031.0,COOK,11,REPUBLICAN,1505
17031.0,COOK,2,DEMOCRAT,199712
17031.0,COOK,2,OTHER,8412
17031.0,COOK,2,REPUBLICAN,24005
17031.0,COOK,3,DEMOCRAT,152211
17031.0,COOK,3,OTHER,12001
17031.0,COOK,3,REPUBLICAN,109802
17031.0,COOK,4,DEMOCRAT,187219
17031.0,COOK,4,OTHER,8945
17031.0,COOK,4,REPUBLICAN,35518
17031.0,COOK,5,DEMOCRAT,236979
17031.0,COOK,5,OTHER,22007
17031.0,COOK,5,REPUBLICAN,79908
17031.0,COOK,6,DEMOCRAT,28218
17031.0,COOK,6,LIBERTARIAN,807
17031.0,COOK,6,OTHER,1296
17031.0,COOK,6,REPUBLICAN,23025
17031.0,COOK,7,DEMOCRAT,249383
17031.0,COOK,7,OTHER,31462
17031.0,COOK,7,REPUBLICAN,41390
17031.0,COOK,8,DEMOCRAT,97929
17031.0,COOK,8,LIBERTARIAN,36100
17031.0,COOK,8,OTHER,16597
17031.0,COOK,9,DEMOCRAT,262045
17031.0,COOK,9,OTHER,15394
17031.0,COOK,9,REPUBLICAN,107125
17033.0,CRAWFORD,15,DEMOCRAT,2274
17033.0,CRAWFORD,15,OTHER,190
17033.0,CRAWFORD,15,REPUBLICAN,7033
17035.0,CUMBERLAND,15,DEMOCRAT,1231
17035.0,CUMBERLAND,15,OTHER,108
17035.0,CUMBERLAND,15,REPUBLICAN,4542
17037.0,DEKALB,14,DEMOCRAT,9615
17037.0,DEKALB,14,REPUBLICAN,9902
17037.0,DEKALB,16,DEMOCRAT,14061
17037.0,DEKALB,16,REPUBLICAN,13643
17039.0,DE WITT,13,DEMOCRAT,2084
17039.0,DE WITT,13,OTHER,177
17039.0,DE WITT,13,REPUBLICAN,5822
17041.0,DOUGLAS,15,DEMOCRAT,2225
17041.0,DOUGLAS,15,OTHER,171
17041.0,DOUGLAS,15,REPUBLICAN,6412
17043.0,DUPAGE,11,DEMOCRAT,66698
17043.0,DUPAGE,11,OTHER,5759
17043.0,DUPAGE,11,REPUBLICAN,41553
17043.0,DUPAGE,14,DEMOCRAT,5366
17043.0,DUPAGE,14,OTHER,312
17043.0,DUPAGE,14,REPUBLICAN,3236
17043.0,DUPAGE,3,DEMOCRAT,383
17043.0,DUPAGE,3,OTHER,51
17043.0,DUPAGE,3,REPUBLICAN,339
17043.0,DUPAGE,5,DEMOCRAT,18682
17043.0,DUPAGE,5,OTHER,1753
17043.0,DUPAGE,5,REPUBLICAN,16292
17043.0,DUPAGE,6,DEMOCRAT,113822
17043.0,DUPAGE,6,LIBERTARIAN,3366
17043.0,DUPAGE,6,OTHER,6831
17043.0,DUPAGE,6,REPUBLICAN,90656
17043.0,DUPAGE,8,DEMOCRAT,70360
17043.0,DUPAGE,8,LIBERTARIAN,26288
17043.0,DUPAGE,8,OTHER,19320
17045.0,EDGAR,15,DEMOCRAT,1916
17045.0,EDGAR,15,OTHER,195
17045.0,EDGAR,15,REPUBLICAN,6140
17047.0,EDWARDS,15,DEMOCRAT,458
17047.0,EDWARDS,15,REPUBLICAN,2743
17049.0,EFFINGHAM,15,DEMOCRAT,3592
17049.0,EFFINGHAM,15,REPUBLICAN,14870
17051.0,FAYETTE,15,DEMOCRAT,1880
17051.0,FAYETTE,15,OTHER,321
17051.0,FAYETTE,15,REPUBLICAN,7968
17053.0,FORD,15,DEMOCRAT,677
17053.0,FORD,15,OTHER,101
17053.0,FORD,15,REPUBLICAN,2344
17053.0,FORD,16,DEMOCRAT,689
17053.0,FORD,16,OTHER,88
17053.0,FORD,16,REPUBLICAN,3107
17055.0,FRANKLIN,12,DEMOCRAT,4518
17055.0,FRANKLIN,12,OTHER,345
17055.0,FRANKLIN,12,REPUBLICAN,13927
17057.0,FULTON,17,DEMOCRAT,7885
17057.0,FULTON,17,OTHER,336
17057.0,FULTON,17,REPUBLICAN,8592
17059.0,GALLATIN,15,DEMOCRAT,663
17059.0,GALLATIN,15,REPUBLICAN,1764
17061.0,GREENE,13,DEMOCRAT,1258
17061.0,GREENE,13,OTHER,398
17061.0,GREENE,13,REPUBLICAN,4643
17063.0,GRUNDY,16,DEMOCRAT,7942
17063.0,GRUNDY,16,OTHER,845
17063.0,GRUNDY,16,REPUBLICAN,18108
17065.0,HAMILTON,15,DEMOCRAT,907
17065.0,HAMILTON,15,OTHER,275
17065.0,HAMILTON,15,REPUBLICAN,3190
17067.0,HANCOCK,18,DEMOCRAT,1946
17067.0,HANCOCK,18,REPUBLICAN,7230
17069.0,HARDIN,15,DEMOCRAT,473
17069.0,HARDIN,15,OTHER,142
17069.0,HARDIN,15,REPUBLICAN,1571
17071.0,HENDERSON,17,DEMOCRAT,1433
17071.0,HENDERSON,17,REPUBLICAN,2157
17073.0,HENRY,17,DEMOCRAT,10526
17073.0,HENRY,17,REPUBLICAN,14963
17075.0,IROQUOIS,16,DEMOCRAT,2186
17075.0,IROQUOIS,16,OTHER,290
17075.0,IROQUOIS,16,REPUBLICAN,11645
17077.0,JACKSON,12,DEMOCRAT,10252
17077.0,JACKSON,12,OTHER,405
17077.0,JACKSON,12,REPUBLICAN,12238
17079.0,JASPER,15,DEMOCRAT,981
17079.0,JASPER,15,OTHER,329
17079.0,JASPER,15,REPUBLICAN,4313
17081.0,JEFFERSON,12,DEMOCRAT,4183
17081.0,JEFFERSON,12,REPUBLICAN,12449
17083.0,JERSEY,13,DEMOCRAT,2922
17083.0,JERSEY,13,OTHER,338
17083.0,JERSEY,13,REPUBLICAN,8764
17085.0,JO DAVIESS,17,DEMOCRAT,5436
17085.0,JO DAVIESS,17,OTHER,219
17085.0,JO DAVIESS,17,REPUBLICAN,6954
17087.0,JOHNSON,15,DEMOCRAT,1270
17087.0,JOHNSON,15,OTHER,260
17087.0,JOHNSON,15,REPUBLICAN,4968
17089.0,KANE,11,DEMOCRAT,27307
17089.0,KANE,11,OTHER,1073
17089.0,KANE,11,REPUBLICAN,10423
17089.0,KANE,14,DEMOCRAT,53966
17089.0,KANE,14,OTHER,1829
17089.0,KANE,14,REPUBLICAN,51435
17089.0,KANE,6,DEMOCRAT,30303
17089.0,KANE,6,LIBERTARIAN,1198
17089.0,KANE,6,OTHER,1396
17089.0,KANE,6,REPUBLICAN,29334
17089.0,KANE,8,DEMOCRAT,17962
17089.0,KANE,8,LIBERTARIAN,5939
17089.0,KANE,8,OTHER,2586
17091.0,KANKAKEE,2,DEMOCRAT,20703
17091.0,KANKAKEE,2,OTHER,1497
17091.0,KANKAKEE,2,REPUBLICAN,28102
17093.0,KENDALL,11,DEMOCRAT,11011
17093.0,KENDALL,11,REPUBLICAN,6897
17093.0,KENDALL,14,DEMOCRAT,22046
17093.0,KENDALL,14,REPUBLICAN,21747
17095.0,KNOX,17,DEMOCRAT,11482
17095.0,KNOX,17,OTHER,180
17095.0,KNOX,17,REPUBLICAN,11316
17097.0,LAKE,10,DEMOCRAT,153099
17097.0,LAKE,10,OTHER,6166
17097.0,LAKE,10,REPUBLICAN,86333
17097.0,LAKE,14,DEMOCRAT,27449
17097.0,LAKE,14,OTHER,989
17097.0,LAKE,14,REPUBLICAN,26705
17097.0,LAKE,6,DEMOCRAT,17663
17097.0,LAKE,6,LIBERTARIAN,511
17097.0,LAKE,6,OTHER,622
17097.0,LAKE,6,REPUBLICAN,18436
17099.0,LASALLE,16,DEMOCRAT,19954
17099.0,LASALLE,16,REPUBLICAN,32214
17101.0,LAWRENCE,15,DEMOCRAT,1461
17101.0,LAWRENCE,15,REPUBLICAN,4589
17103.0,LEE,16,DEMOCRAT,5319
17103.0,LEE,16,OTHER,828
17103.0,LEE,16,REPUBLICAN,10400
17105.0,LIVINGSTON,16,DEMOCRAT,3430
17105.0,LIVINGSTON,16,OTHER,454
17105.0,LIVINGSTON,16,REPUBLICAN,13448
17107.0,LOGAN,18,DEMOCRAT,3037
17107.0,LOGAN,18,OTHER,266
17107.0,LOGAN,18,REPUBLICAN,10124
17109.0,MCDONOUGH,18,DEMOCRAT,4125
17109.0,MCDONOUGH,18,OTHER,355
17109.0,MCDONOUGH,18,REPUBLICAN,7934
17111.0,MCHENRY,14,DEMOCRAT,53625
17111.0,MCHENRY,14,OTHER,2942
17111.0,MCHENRY,14,REPUBLICAN,60653
17111.0,MCHENRY,6,DEMOCRAT,23771
17111.0,MCHENRY,6,LIBERTARIAN,1197
17111.0,MCHENRY,6,OTHER,884
17111.0,MCHENRY,6,REPUBLICAN,22440
17113.0,MCLEAN,13,DEMOCRAT,13613
17113.0,MCLEAN,13,OTHER,719
17113.0,MCLEAN,13,REPUBLICAN,9988
17113.0,MCLEAN,18,DEMOCRAT,23990
17113.0,MCLEAN,18,OTHER,1544
17113.0,MCLEAN,18,REPUBLICAN,38060
17115.0,MACON,13,DEMOCRAT,19016
17115.0,MACON,13,OTHER,907
17115.0,MACON,13,REPUBLICAN,29888
17117.0,MACOUPIN,13,DEMOCRAT,7264
17117.0,MACOUPIN,13,OTHER,579
17117.0,MACOUPIN,13,REPUBLICAN,16363
17119.0,MADISON,12,DEMOCRAT,21393
17119.0,MADISON,12,REPUBLICAN,26528
17119.0,MADISON,13,DEMOCRAT,23800
17119.0,MADISON,13,REPUBLICAN,31488
17119.0,MADISON,15,DEMOCRAT,10977
17119.0,MADISON,15,REPUBLICAN,21015
17121.0,MARION,15,DEMOCRAT,4783
17121.0,MARION,15,OTHER,521
17121.0,MARION,15,REPUBLICAN,12296
17123.0,MARSHALL,18,DEMOCRAT,1482
17123.0,MARSHALL,18,REPUBLICAN,4578
17125.0,MASON,18,DEMOCRAT,1590
17125.0,MASON,18,OTHER,154
17125.0,MASON,18,REPUBLICAN,5079
17127.0,MASSAC,15,DEMOCRAT,1734
17127.0,MASSAC,15,OTHER,208
17127.0,MASSAC,15,REPUBLICAN,4912
17129.0,MENARD,18,DEMOCRAT,1512
17129.0,MENARD,18,REPUBLICAN,5203
17131.0,MERCER,17,DEMOCRAT,3765
17131.0,MERCER,17,REPUBLICAN,4976
17133.0,MONROE,12,DEMOCRAT,5778
17133.0,MONROE,12,OTHER,379
17133.0,MONROE,12,REPUBLICAN,15164
17135.0,MONTGOMERY,13,DEMOCRAT,3766
17135.0,MONTGOMERY,13,REPUBLICAN,9671
17137.0,MORGAN,18,DEMOCRAT,3843
17137.0,MORGAN,18,OTHER,418
17137.0,MORGAN,18,REPUBLICAN,11169
17139.0,MOULTRIE,15,DEMOCRAT,1739
17139.0,MOULTRIE,15,OTHER,118
17139.0,MOULTRIE,15,REPUBLICAN,4939
17141.0,OGLE,16,DEMOCRAT,7706
17141.0,OGLE,16,REPUBLICAN,18350
17143.0,PEORIA,17,DEMOCRAT,19890
17143.0,PEORIA,17,OTHER,639
17143.0,PEORIA,17,REPUBLICAN,9490
17143.0,PEORIA,18,DEMOCRAT,19283
17143.0,PEORIA,18,OTHER,961
17143.0,PEORIA,18,REPUBLICAN,34904
17145.0,PERRY,12,DEMOCRAT,2261
17145.0,PERRY,12,OTHER,275
17145.0,PERRY,12,REPUBLICAN,7607
17147.0,PIATT,13,DEMOCRAT,3000
17147.0,PIATT,13,OTHER,189
17147.0,PIATT,13,REPUBLICAN,6745
17149.0,PIKE,18,DEMOCRAT,1232
17149.0,PIKE,18,OTHER,174
17149.0,PIKE,18,REPUBLICAN,6595
17151.0,POPE,15,DEMOCRAT,451
17151.0,POPE,15,OTHER,97
17151.0,POPE,15,REPUBLICAN,1646
17153.0,PULASKI,12,DEMOCRAT,803
17153.0,PULASKI,12,OTHER,57
17153.0,PULASKI,12,REPUBLICAN,1787
17155.0,PUTNAM,16,DEMOCRAT,1197
17155.0,PUTNAM,16,OTHER,89
17155.0,PUTNAM,16,REPUBLICAN,2133
17157.0,RANDOLPH,12,DEMOCRAT,3336
17157.0,RANDOLPH,12,OTHER,325
17157.0,RANDOLPH,12,REPUBLICAN,11356
17159.0,RICHLAND,15,DEMOCRAT,1775
17159.0,RICHLAND,15,OTHER,281
17159.0,RICHLAND,15,REPUBLICAN,6077
17161.0,ROCK ISLAND,17,DEMOCRAT,37651
17161.0,ROCK ISLAND,17,OTHER,992
17161.0,ROCK ISLAND,17,REPUBLICAN,28694
17163.0,ST CLAIR,12,DEMOCRAT,62682
17163.0,ST CLAIR,12,OTHER,4407
17163.0,ST CLAIR,12,REPUBLICAN,61723
17165.0,SALINE,15,DEMOCRAT,2835
17165.0,SALINE,15,OTHER,619
17165.0,SALINE,15,REPUBLICAN,7713
17167.0,SANGAMON,13,DEMOCRAT,23523
17167.0,SANGAMON,13,REPUBLICAN,19714
17167.0,SANGAMON,18,DEMOCRAT,19927
17167.0,SANGAMON,18,REPUBLICAN,40007
17169.0,SCHUYLER,18,DEMOCRAT,844
17169.0,SCHUYLER,18,OTHER,124
17169.0,SCHUYLER,18,REPUBLICAN,2977
17171.0,SCOTT,18,DEMOCRAT,428
17171.0,SCOTT,18,OTHER,76
17171.0,SCOTT,18,REPUBLICAN,2254
17173.0,SHELBY,15,DEMOCRAT,2661
17173.0,SHELBY,15,OTHER,309
17173.0,SHELBY,15,REPUBLICAN,9195
17175.0,STARK,16,DEMOCRAT,140
17175.0,STARK,16,REPUBLICAN,488
17175.0,STARK,18,DEMOCRAT,422
17175.0,STARK,18,REPUBLICAN,1710
17177.0,STEPHENSON,17,DEMOCRAT,9646
17177.0,STEPHENSON,17,OTHER,344
17177.0,STEPHENSON,17,REPUBLICAN,12261
17179.0,TAZEWELL,17,DEMOCRAT,8878
17179.0,TAZEWELL,17,OTHER,444
17179.0,TAZEWELL,17,REPUBLICAN,11014
17179.0,TAZEWELL,18,DEMOCRAT,12996
17179.0,TAZEWELL,18,OTHER,716
17179.0,TAZEWELL,18,REPUBLICAN,35628
17181.0,UNION,12,DEMOCRAT,2284
17181.0,UNION,12,OTHER,171
17181.0,UNION,12,REPUBLICAN,6536
17183.0,VERMILION,15,DEMOCRAT,9872
17183.0,VERMILION,15,OTHER,359
17183.0,VERMILION,15,REPUBLICAN,21204
17185.0,WABASH,15,DEMOCRAT,1218
17185.0,WABASH,15,REPUBLICAN,4083
17187.0,WARREN,17,DEMOCRAT,3394
17187.0,WARREN,17,OTHER,176
17187.0,WARREN,17,REPUBLICAN,4422
17189.0,WASHINGTON,15,DEMOCRAT,1680
17189.0,WASHINGTON,15,OTHER,322
17189.0,WASHINGTON,15,REPUBLICAN,5965
17191.0,WAYNE,15,DEMOCRAT,1212
17191.0,WAYNE,15,OTHER,317
17191.0,WAYNE,15,REPUBLICAN,7010
17193.0,WHITE,15,DEMOCRAT,1533
17193.0,WHITE,15,OTHER,289
17193.0,WHITE,15,REPUBLICAN,5648
17195.0,WHITESIDE,17,DEMOCRAT,13400
17195.0,WHITESIDE,17,OTHER,475
17195.0,WHITESIDE,17,REPUBLICAN,13748
17197.0,WILL,1,DEMOCRAT,21811
17197.0,WILL,1,REPUBLICAN,35921
17197.0,WILL,11,DEMOCRAT,88336
17197.0,WILL,11,REPUBLICAN,52429
17197.0,WILL,14,DEMOCRAT,31142
17197.0,WILL,14,REPUBLICAN,24157
17197.0,WILL,16,DEMOCRAT,4421
17197.0,WILL,16,REPUBLICAN,10419
17197.0,WILL,2,DEMOCRAT,14481
17197.0,WILL,2,REPUBLICAN,11035
17197.0,WILL,3,DEMOCRAT,20403
17197.0,WILL,3,REPUBLICAN,23710
17199.0,WILLIAMSON,12,DEMOCRAT,9121
17199.0,WILLIAMSON,12,REPUBLICAN,23965
17201.0,WINNEBAGO,16,DEMOCRAT,37774
17201.0,WINNEBAGO,16,OTHER,2468
17201.0,WINNEBAGO,16,REPUBLICAN,57530
17201.0,WINNEBAGO,17,DEMOCRAT,19325
17201.0,WINNEBAGO,17,OTHER,1204
17201.0,WINNEBAGO,17,REPUBLICAN,10594
17203.0,WOODFORD,18,DEMOCRAT,4711
17203.0,WOODFORD,18,REPUBLICAN,16249
18001.0,ADAMS,3,DEMOCRAT,3045
18001.0,ADAMS,3,REPUBLICAN,10954
18003.0,ALLEN,3,DEMOCRAT,68118
18003.0,ALLEN,3,REPUBLICAN,98427
18005.0,BARTHOLOMEW,6,DEMOCRAT,11977
18005.0,BARTHOLOMEW,6,LIBERTARIAN,1183
18005.0,BARTHOLOMEW,6,REPUBLICAN,22705
18009.0,BLACKFORD,3,DEMOCRAT,249
18009.0,BLACKFORD,3,REPUBLICAN,918
18009.0,BLACKFORD,5,DEMOCRAT,1170
18009.0,BLACKFORD,5,LIBERTARIAN,267
18009.0,BLACKFORD,5,REPUBLICAN,2602
18011.0,BOONE,4,DEMOCRAT,4494
18011.0,BOONE,4,REPUBLICAN,12223
18011.0,BOONE,5,DEMOCRAT,9355
18011.0,BOONE,5,LIBERTARIAN,664
18011.0,BOONE,5,REPUBLICAN,11288
18013.0,BROWN,9,DEMOCRAT,2831
18013.0,BROWN,9,LIBERTARIAN,391
18013.0,BROWN,9,REPUBLICAN,5643
18015.0,CARROLL,4,DEMOCRAT,2255
18015.0,CARROLL,4,REPUBLICAN,7179
18017.0,CASS,4,DEMOCRAT,4684
18017.0,CASS,4,REPUBLICAN,10236
18019.0,CLARK,9,DEMOCRAT,20246
18019.0,CLARK,9,LIBERTARIAN,2441
18019.0,CLARK,9,REPUBLICAN,34130
18023.0,CLINTON,4,DEMOCRAT,3311
18023.0,CLINTON,4,REPUBLICAN,9399
18025.0,CRAWFORD,8,DEMOCRAT,187
18025.0,CRAWFORD,8,LIBERTARIAN,30
18025.0,CRAWFORD,8,REPUBLICAN,535
18025.0,CRAWFORD,9,DEMOCRAT,1138
18025.0,CRAWFORD,9,LIBERTARIAN,157
18025.0,CRAWFORD,9,REPUBLICAN,2685
18031.0,DECATUR,6,DEMOCRAT,2279
18031.0,DECATUR,6,LIBERTARIAN,408
18031.0,DECATUR,6,REPUBLICAN,9518
18033.0,DEKALB,3,DEMOCRAT,4691
18033.0,DEKALB,3,REPUBLICAN,14630
18035.0,DELAWARE,6,DEMOCRAT,19646
18035.0,DELAWARE,6,LIBERTARIAN,1701
18035.0,DELAWARE,6,REPUBLICAN,26240
18039.0,ELKHART,2,DEMOCRAT,25223
18039.0,ELKHART,2,REPUBLICAN,49304
18047.0,FRANKLIN,6,DEMOCRAT,1988
18047.0,FRANKLIN,6,LIBERTARIAN,463
18047.0,FRANKLIN,6,REPUBLICAN,9352
18049.0,FULTON,2,DEMOCRAT,2316
18049.0,FULTON,2,REPUBLICAN,6733
18051.0,GIBSON,8,DEMOCRAT,3464
18051.0,GIBSON,8,LIBERTARIAN,527
18051.0,GIBSON,8,REPUBLICAN,11963
18053.0,GRANT,5,DEMOCRAT,8011
18053.0,GRANT,5,LIBERTARIAN,1532
18053.0,GRANT,5,REPUBLICAN,17210
18057.0,HAMILTON,5,DEMOCRAT,82512
18057.0,HAMILTON,5,LIBERTARIAN,6471
18057.0,HAMILTON,5,REPUBLICAN,103553
18061.0,HARRISON,9,DEMOCRAT,4879
18061.0,HARRISON,9,LIBERTARIAN,615
18061.0,HARRISON,9,REPUBLICAN,14532
18065.0,HENRY,6,DEMOCRAT,5287
18065.0,HENRY,6,LIBERTARIAN,889
18065.0,HENRY,6,REPUBLICAN,14740
18067.0,HOWARD,4,DEMOCRAT,12275
18067.0,HOWARD,4,REPUBLICAN,21863
18067.0,HOWARD,5,DEMOCRAT,1404
18067.0,HOWARD,5,LIBERTARIAN,380
18067.0,HOWARD,5,REPUBLICAN,3966
18069.0,HUNTINGTON,3,DEMOCRAT,3964
18069.0,HUNTINGTON,3,REPUBLICAN,13586
18077.0,JEFFERSON,6,DEMOCRAT,4546
18077.0,JEFFERSON,6,LIBERTARIAN,430
18077.0,JEFFERSON,6,REPUBLICAN,9465
18079.0,JENNINGS,6,DEMOCRAT,2540
18079.0,JENNINGS,6,LIBERTARIAN,380
18079.0,JENNINGS,6,REPUBLICAN,9162
18081.0,JOHNSON,9,DEMOCRAT,21466
18081.0,JOHNSON,9,LIBERTARIAN,3171
18081.0,JOHNSON,9,REPUBLICAN,51843
18083.0,KNOX,8,DEMOCRAT,3468
18083.0,KNOX,8,LIBERTARIAN,525
18083.0,KNOX,8,REPUBLICAN,11564
18085.0,KOSCIUSKO,2,DEMOCRAT,2504
18085.0,KOSCIUSKO,2,REPUBLICAN,10261
18085.0,KOSCIUSKO,3,DEMOCRAT,5114
18085.0,KOSCIUSKO,3,REPUBLICAN,17322
18087.0,LAGRANGE,3,DEMOCRAT,2123
18087.0,LAGRANGE,3,REPUBLICAN,8318
18089.0,LAKE,1,DEMOCRAT,131628
18089.0,LAKE,1,LIBERTARIAN,4986
18089.0,LAKE,1,REPUBLICAN,79965
18095.0,MADISON,5,DEMOCRAT,19861
18095.0,MADISON,5,LIBERTARIAN,3281
18095.0,MADISON,5,REPUBLICAN,28319
18097.0,MARION,5,DEMOCRAT,67007
18097.0,MARION,5,LIBERTARIAN,3681
18097.0,MARION,5,REPUBLICAN,35734
18097.0,MARION,7,DEMOCRAT,176422
18097.0,MARION,7,REPUBLICAN,106146
18101.0,MARTIN,8,DEMOCRAT,866
18101.0,MARTIN,8,LIBERTARIAN,265
18101.0,MARTIN,8,REPUBLICAN,3887
18103.0,MIAMI,2,DEMOCRAT,3229
18103.0,MIAMI,2,REPUBLICAN,10902
18105.0,MONROE,9,DEMOCRAT,37455
18105.0,MONROE,9,LIBERTARIAN,2442
18105.0,MONROE,9,REPUBLICAN,22484
18115.0,OHIO,6,DEMOCRAT,710
18115.0,OHIO,6,LIBERTARIAN,67
18115.0,OHIO,6,REPUBLICAN,2334
18125.0,PIKE,8,DEMOCRAT,1285
18125.0,PIKE,8,LIBERTARIAN,206
18125.0,PIKE,8,REPUBLICAN,4596
18127.0,PORTER,1,DEMOCRAT,40915
18127.0,PORTER,1,LIBERTARIAN,3410
18127.0,PORTER,1,REPUBLICAN,41598
18129.0,POSEY,8,DEMOCRAT,3262
18129.0,POSEY,8,LIBERTARIAN,374
18129.0,POSEY,8,REPUBLICAN,9482
18133.0,PUTNAM,4,DEMOCRAT,3771
18133.0,PUTNAM,4,REPUBLICAN,12594
18139.0,RUSH,6,DEMOCRAT,1662
18139.0,RUSH,6,LIBERTARIAN,261
18139.0,RUSH,6,REPUBLICAN,5906
18145.0,SHELBY,6,DEMOCRAT,4624
18145.0,SHELBY,6,LIBERTARIAN,721
18145.0,SHELBY,6,REPUBLICAN,14424
18151.0,STEUBEN,3,DEMOCRAT,4096
18151.0,STEUBEN,3,REPUBLICAN,11809
18153.0,SULLIVAN,8,DEMOCRAT,1988
18153.0,SULLIVAN,8,LIBERTARIAN,291
18153.0,SULLIVAN,8,REPUBLICAN,6499
18161.0,UNION,6,DEMOCRAT,712
18161.0,UNION,6,LIBERTARIAN,100
18161.0,UNION,6,REPUBLICAN,2649
18163.0,VANDERBURGH,8,DEMOCRAT,30306
18163.0,VANDERBURGH,8,LIBERTARIAN,2302
18163.0,VANDERBURGH,8,REPUBLICAN,44315
18165.0,VERMILLION,8,DEMOCRAT,1996
18165.0,VERMILLION,8,LIBERTARIAN,272
18165.0,VERMILLION,8,REPUBLICAN,4996
18169.0,WABASH,2,DEMOCRAT,3370
18169.0,WABASH,2,REPUBLICAN,10913
18177.0,WAYNE,6,DEMOCRAT,8980
18177.0,WAYNE,6,LIBERTARIAN,1192
18177.0,WAYNE,6,REPUBLICAN,17341
18179.0,WELLS,3,DEMOCRAT,3017
18179.0,WELLS,3,REPUBLICAN,10916
18181.0,WHITE,4,DEMOCRAT,2884
18181.0,WHITE,4,REPUBLICAN,8081
18183.0,WHITLEY,3,DEMOCRAT,4082
18183.0,WHITLEY,3,REPUBLICAN,13249
19001.0,ADAIR,3,DEMOCRAT,1263
19001.0,ADAIR,3,LIBERTARIAN,137
19001.0,ADAIR,3,OTHER,5
19001.0,ADAIR,3,REPUBLICAN,2655
19003.0,ADAMS,3,DEMOCRAT,634
19003.0,ADAMS,3,LIBERTARIAN,79
19003.0,ADAMS,3,OTHER,4
19003.0,ADAMS,3,REPUBLICAN,1416
19005.0,ALLAMAKEE,1,DEMOCRAT,2697
19005.0,ALLAMAKEE,1,OTHER,3
19005.0,ALLAMAKEE,1,REPUBLICAN,4595
19007.0,APPANOOSE,2,DEMOCRAT,1952
19007.0,APPANOOSE,2,OTHER,8
19007.0,APPANOOSE,2,REPUBLICAN,4078
19009.0,AUDUBON,4,DEMOCRAT,1134
19009.0,AUDUBON,4,OTHER,4
19009.0,AUDUBON,4,REPUBLICAN,1979
19011.0,BENTON,1,DEMOCRAT,5307
19011.0,BENTON,1,OTHER,17
19011.0,BENTON,1,REPUBLICAN,9165
19013.0,BLACK HAWK,1,DEMOCRAT,36060
19013.0,BLACK HAWK,1,OTHER,75
19013.0,BLACK HAWK,1,REPUBLICAN,29333
19015.0,BOONE,4,DEMOCRAT,6453
19015.0,BOONE,4,OTHER,34
19015.0,BOONE,4,REPUBLICAN,8180
19017.0,BREMER,1,DEMOCRAT,6036
19017.0,BREMER,1,OTHER,10
19017.0,BREMER,1,REPUBLICAN,8000
19019.0,BUCHANAN,1,DEMOCRAT,4481
19019.0,BUCHANAN,1,OTHER,3
19019.0,BUCHANAN,1,REPUBLICAN,6180
19021.0,BUENA VISTA,4,DEMOCRAT,3016
19021.0,BUENA VISTA,4,OTHER,20
19021.0,BUENA VISTA,4,REPUBLICAN,4698
19023.0,BUTLER,4,DEMOCRAT,2413
19023.0,BUTLER,4,OTHER,14
19023.0,BUTLER,4,REPUBLICAN,5157
19025.0,CALHOUN,4,DEMOCRAT,1570
19025.0,CALHOUN,4,OTHER,16
19025.0,CALHOUN,4,REPUBLICAN,3473
19027.0,CARROLL,4,DEMOCRAT,3805
19027.0,CARROLL,4,OTHER,21
19027.0,CARROLL,4,REPUBLICAN,6768
19029.0,CASS,3,DEMOCRAT,2210
19029.0,CASS,3,LIBERTARIAN,187
19029.0,CASS,3,OTHER,10
19029.0,CASS,3,REPUBLICAN,4626
19031.0,CEDAR,2,DEMOCRAT,4629
19031.0,CEDAR,2,OTHER,17
19031.0,CEDAR,2,REPUBLICAN,5534
19033.0,CERRO GORDO,4,DEMOCRAT,10876
19033.0,CERRO GORDO,4,OTHER,32
19033.0,CERRO GORDO,4,REPUBLICAN,11736
19035.0,CHEROKEE,4,DEMOCRAT,2090
19035.0,CHEROKEE,4,OTHER,17
19035.0,CHEROKEE,4,REPUBLICAN,4168
19037.0,CHICKASAW,4,DEMOCRAT,2092
19037.0,CHICKASAW,4,OTHER,8
19037.0,CHICKASAW,4,REPUBLICAN,4254
19039.0,CLARKE,2,DEMOCRAT,1639
19039.0,CLARKE,2,OTHER,13
19039.0,CLARKE,2,REPUBLICAN,2712
19041.0,CLAY,4,DEMOCRAT,2834
19041.0,CLAY,4,OTHER,16
19041.0,CLAY,4,REPUBLICAN,5798
19043.0,CLAYTON,1,DEMOCRAT,3590
19043.0,CLAYTON,1,OTHER,6
19043.0,CLAYTON,1,REPUBLICAN,5895
19045.0,CLINTON,2,DEMOCRAT,12997
19045.0,CLINTON,2,OTHER,35
19045.0,CLINTON,2,REPUBLICAN,10945
19047.0,CRAWFORD,4,DEMOCRAT,2412
19047.0,CRAWFORD,4,OTHER,14
19047.0,CRAWFORD,4,REPUBLICAN,4215
19049.0,DALLAS,3,DEMOCRAT,25367
19049.0,DALLAS,3,LIBERTARIAN,1596
19049.0,DALLAS,3,OTHER,40
19049.0,DALLAS,3,REPUBLICAN,27907
19051.0,DAVIS,2,DEMOCRAT,1129
19051.0,DAVIS,2,OTHER,7
19051.0,DAVIS,2,REPUBLICAN,2795
19053.0,DECATUR,2,DEMOCRAT,1215
19053.0,DECATUR,2,OTHER,9
19053.0,DECATUR,2,REPUBLICAN,2347
19055.0,DELAWARE,1,DEMOCRAT,3280
19055.0,DELAWARE,1,OTHER,8
19055.0,DELAWARE,1,REPUBLICAN,6608
19057.0,DES MOINES,2,DEMOCRAT,9268
19057.0,DES MOINES,2,OTHER,62
19057.0,DES MOINES,2,REPUBLICAN,9641
19059.0,DICKINSON,4,DEMOCRAT,3575
19059.0,DICKINSON,4,OTHER,11
19059.0,DICKINSON,4,REPUBLICAN,7205
19061.0,DUBUQUE,1,DEMOCRAT,26541
19061.0,DUBUQUE,1,OTHER,55
19061.0,DUBUQUE,1,REPUBLICAN,26263
19063.0,EMMET,4,DEMOCRAT,1565
19063.0,EMMET,4,OTHER,3
19063.0,EMMET,4,REPUBLICAN,3084
19065.0,FAYETTE,1,DEMOCRAT,4099
19065.0,FAYETTE,1,OTHER,3
19065.0,FAYETTE,1,REPUBLICAN,5984
19067.0,FLOYD,4,DEMOCRAT,3244
19067.0,FLOYD,4,OTHER,13
19067.0,FLOYD,4,REPUBLICAN,4478
19069.0,FRANKLIN,4,DEMOCRAT,1634
19069.0,FRANKLIN,4,OTHER,10
19069.0,FRANKLIN,4,REPUBLICAN,3249
19071.0,FREMONT,3,DEMOCRAT,1297
19071.0,FREMONT,3,LIBERTARIAN,113
19071.0,FREMONT,3,OTHER,7
19071.0,FREMONT,3,REPUBLICAN,2340
19073.0,GREENE,4,DEMOCRAT,1848
19073.0,GREENE,4,OTHER,12
19073.0,GREENE,4,REPUBLICAN,2952
19075.0,GRUNDY,4,DEMOCRAT,2012
19075.0,GRUNDY,4,OTHER,13
19075.0,GRUNDY,4,REPUBLICAN,4906
19077.0,GUTHRIE,3,DEMOCRAT,2095
19077.0,GUTHRIE,3,LIBERTARIAN,270
19077.0,GUTHRIE,3,OTHER,8
19077.0,GUTHRIE,3,REPUBLICAN,3890
19079.0,HAMILTON,4,DEMOCRAT,2947
19079.0,HAMILTON,4,OTHER,14
19079.0,HAMILTON,4,REPUBLICAN,4690
19081.0,HANCOCK,4,DEMOCRAT,1772
19081.0,HANCOCK,4,OTHER,10
19081.0,HANCOCK,4,REPUBLICAN,4136
19083.0,HARDIN,4,DEMOCRAT,2934
19083.0,HARDIN,4,OTHER,10
19083.0,HARDIN,4,REPUBLICAN,5758
19085.0,HARRISON,4,DEMOCRAT,2498
19085.0,HARRISON,4,OTHER,24
19085.0,HARRISON,4,REPUBLICAN,5140
19087.0,HENRY,2,DEMOCRAT,3607
19087.0,HENRY,2,OTHER,23
19087.0,HENRY,2,REPUBLICAN,5857
19089.0,HOWARD,1,DEMOCRAT,1893
19089.0,HOWARD,1,OTHER,2
19089.0,HOWARD,1,REPUBLICAN,2944
19091.0,HUMBOLDT,4,DEMOCRAT,1473
19091.0,HUMBOLDT,4,OTHER,9
19091.0,HUMBOLDT,4,REPUBLICAN,3601
19093.0,IDA,4,DEMOCRAT,1059
19093.0,IDA,4,OTHER,10
19093.0,IDA,4,REPUBLICAN,2660
19095.0,IOWA,1,DEMOCRAT,3543
19095.0,IOWA,1,OTHER,8
19095.0,IOWA,1,REPUBLICAN,6041
19097.0,JACKSON,1,DEMOCRAT,4340
19097.0,JACKSON,1,OTHER,9
19097.0,JACKSON,1,REPUBLICAN,6225
19099.0,JASPER,2,DEMOCRAT,8099
19099.0,JASPER,2,OTHER,36
19099.0,JASPER,2,REPUBLICAN,11181
19101.0,JEFFERSON,2,DEMOCRAT,4374
19101.0,JEFFERSON,2,OTHER,17
19101.0,JEFFERSON,2,REPUBLICAN,4226
19103.0,JOHNSON,2,DEMOCRAT,56129
19103.0,JOHNSON,2,OTHER,68
19103.0,JOHNSON,2,REPUBLICAN,24101
19105.0,JONES,1,DEMOCRAT,4242
19105.0,JONES,1,OTHER,8
19105.0,JONES,1,REPUBLICAN,6621
19107.0,KEOKUK,2,DEMOCRAT,1571
19107.0,KEOKUK,2,OTHER,8
19107.0,KEOKUK,2,REPUBLICAN,3461
19109.0,KOSSUTH,4,DEMOCRAT,2780
19109.0,KOSSUTH,4,OTHER,5
19109.0,KOSSUTH,4,REPUBLICAN,5964
19111.0,LEE,2,DEMOCRAT,6969
19111.0,LEE,2,OTHER,35
19111.0,LEE,2,REPUBLICAN,9145
19113.0,LINN,1,DEMOCRAT,69391
19113.0,LINN,1,OTHER,152
19113.0,LINN,1,REPUBLICAN,56243
19115.0,LOUISA,2,DEMOCRAT,1917
19115.0,LOUISA,2,OTHER,10
19115.0,LOUISA,2,REPUBLICAN,3169
19117.0,LUCAS,2,DEMOCRAT,1297
19117.0,LUCAS,2,OTHER,7
19117.0,LUCAS,2,REPUBLICAN,2892
19119.0,LYON,4,DEMOCRAT,1138
19119.0,LYON,4,OTHER,7
19119.0,LYON,4,REPUBLICAN,5556
19121.0,MADISON,3,DEMOCRAT,3264
19121.0,MADISON,3,LIBERTARIAN,354
19121.0,MADISON,3,OTHER,4
19121.0,MADISON,3,REPUBLICAN,5995
19123.0,MAHASKA,2,DEMOCRAT,3076
19123.0,MAHASKA,2,OTHER,26
19123.0,MAHASKA,2,REPUBLICAN,7575
19125.0,MARION,2,DEMOCRAT,6124
19125.0,MARION,2,OTHER,43
19125.0,MARION,2,REPUBLICAN,12146
19127.0,MARSHALL,1,DEMOCRAT,8176
19127.0,MARSHALL,1,OTHER,21
19127.0,MARSHALL,1,REPUBLICAN,9176
19129.0,MILLS,3,DEMOCRAT,2617
19129.0,MILLS,3,LIBERTARIAN,269
19129.0,MILLS,3,OTHER,7
19129.0,MILLS,3,REPUBLICAN,5163
19131.0,MITCHELL,1,DEMOCRAT,2016
19131.0,MITCHELL,1,OTHER,3
19131.0,MITCHELL,1,REPUBLICAN,3559
19133.0,MONONA,4,DEMOCRAT,1547
19133.0,MONONA,4,OTHER,22
19133.0,MONONA,4,REPUBLICAN,2974
19135.0,MONROE,2,DEMOCRAT,1203
19135.0,MONROE,2,OTHER,6
19135.0,MONROE,2,REPUBLICAN,2612
19137.0,MONTGOMERY,3,DEMOCRAT,1636
19137.0,MONTGOMERY,3,LIBERTARIAN,138
19137.0,MONTGOMERY,3,OTHER,4
19137.0,MONTGOMERY,3,REPUBLICAN,3428
19139.0,MUSCATINE,2,DEMOCRAT,9731
19139.0,MUSCATINE,2,OTHER,37
19139.0,MUSCATINE,2,REPUBLICAN,10279
19141.0,O'BRIEN,4,DEMOCRAT,1615
19141.0,O'BRIEN,4,OTHER,17
19141.0,O'BRIEN,4,REPUBLICAN,5744
19143.0,OSCEOLA,4,DEMOCRAT,627
19143.0,OSCEOLA,4,OTHER,5
19143.0,OSCEOLA,4,REPUBLICAN,2542
19145.0,PAGE,3,DEMOCRAT,2288
19145.0,PAGE,3,LIBERTARIAN,193
19145.0,PAGE,3,OTHER,6
19145.0,PAGE,3,REPUBLICAN,4889
19147.0,PALO ALTO,4,DEMOCRAT,1621
19147.0,PALO ALTO,4,OTHER,3
19147.0,PALO ALTO,4,REPUBLICAN,3193
19149.0,PLYMOUTH,4,DEMOCRAT,3620
19149.0,PLYMOUTH,4,OTHER,31
19149.0,PLYMOUTH,4,REPUBLICAN,10126
19151.0,POCAHONTAS,4,DEMOCRAT,1064
19151.0,POCAHONTAS,4,OTHER,15
19151.0,POCAHONTAS,4,REPUBLICAN,2584
19153.0,POLK,3,DEMOCRAT,141567
19153.0,POLK,3,LIBERTARIAN,8361
19153.0,POLK,3,OTHER,223
19153.0,POLK,3,REPUBLICAN,102320
19155.0,POTTAWATTAMIE,3,DEMOCRAT,18424
19155.0,POTTAWATTAMIE,3,LIBERTARIAN,2095
19155.0,POTTAWATTAMIE,3,OTHER,27
19155.0,POTTAWATTAMIE,3,REPUBLICAN,24256
19157.0,POWESHIEK,1,DEMOCRAT,4429
19157.0,POWESHIEK,1,OTHER,23
19157.0,POWESHIEK,1,REPUBLICAN,5432
19159.0,RINGGOLD,3,DEMOCRAT,823
19159.0,RINGGOLD,3,LIBERTARIAN,63
19159.0,RINGGOLD,3,OTHER,1
19159.0,RINGGOLD,3,REPUBLICAN,1789
19161.0,SAC,4,DEMOCRAT,1540
19161.0,SAC,4,OTHER,28
19161.0,SAC,4,REPUBLICAN,3745
19163.0,SCOTT,2,DEMOCRAT,47459
19163.0,SCOTT,2,OTHER,3622
19163.0,SCOTT,2,REPUBLICAN,41973
19165.0,SHELBY,4,DEMOCRAT,1962
19165.0,SHELBY,4,OTHER,16
19165.0,SHELBY,4,REPUBLICAN,4379
19167.0,SIOUX,4,DEMOCRAT,2756
19167.0,SIOUX,4,OTHER,53
19167.0,SIOUX,4,REPUBLICAN,16017
19169.0,STORY,4,DEMOCRAT,28249
19169.0,STORY,4,OTHER,116
19169.0,STORY,4,REPUBLICAN,20694
19171.0,TAMA,1,DEMOCRAT,3750
19171.0,TAMA,1,OTHER,17
19171.0,TAMA,1,REPUBLICAN,5150
19173.0,TAYLOR,3,DEMOCRAT,821
19173.0,TAYLOR,3,LIBERTARIAN,87
19173.0,TAYLOR,3,OTHER,1
19173.0,TAYLOR,3,REPUBLICAN,2261
19175.0,UNION,3,DEMOCRAT,2201
19175.0,UNION,3,LIBERTARIAN,248
19175.0,UNION,3,OTHER,6
19175.0,UNION,3,REPUBLICAN,3589
19177.0,VAN BUREN,2,DEMOCRAT,941
19177.0,VAN BUREN,2,OTHER,4
19177.0,VAN BUREN,2,REPUBLICAN,2759
19179.0,WAPELLO,2,DEMOCRAT,6153
19179.0,WAPELLO,2,OTHER,36
19179.0,WAPELLO,2,REPUBLICAN,8780
19181.0,WARREN,3,DEMOCRAT,12698
19181.0,WARREN,3,LIBERTARIAN,1171
19181.0,WARREN,3,OTHER,31
19181.0,WARREN,3,REPUBLICAN,16473
19183.0,WASHINGTON,2,DEMOCRAT,4650
19183.0,WASHINGTON,2,OTHER,23
19183.0,WASHINGTON,2,REPUBLICAN,6633
19185.0,WAYNE,2,DEMOCRAT,726
19185.0,WAYNE,2,OTHER,5
19185.0,WAYNE,2,REPUBLICAN,2050
19187.0,WEBSTER,4,DEMOCRAT,6894
19187.0,WEBSTER,4,OTHER,31
19187.0,WEBSTER,4,REPUBLICAN,10117
19189.0,WINNEBAGO,4,DEMOCRAT,2215
19189.0,WINNEBAGO,4,OTHER,15
19189.0,WINNEBAGO,4,REPUBLICAN,3549
19191.0,WINNESHIEK,1,DEMOCRAT,5807
19191.0,WINNESHIEK,1,OTHER,5
19191.0,WINNESHIEK,1,REPUBLICAN,6041
19193.0,WOODBURY,4,DEMOCRAT,19812
19193.0,WOODBURY,4,OTHER,178
19193.0,WOODBURY,4,REPUBLICAN,24045
19195.0,WORTH,1,DEMOCRAT,1669
19195.0,WORTH,1,OTHER,6
19195.0,WORTH,1,REPUBLICAN,2633
19197.0,WRIGHT,4,DEMOCRAT,2065
19197.0,WRIGHT,4,OTHER,15
19197.0,WRIGHT,4,REPUBLICAN,3855
20001.0,ALLEN,2,DEMOCRAT,1493
20001.0,ALLEN,2,LIBERTARIAN,242
20001.0,ALLEN,2,REPUBLICAN,4118
20003.0,ANDERSON,2,DEMOCRAT,777
20003.0,ANDERSON,2,LIBERTARIAN,187
20003.0,ANDERSON,2,REPUBLICAN,2751
20005.0,ATCHISON,2,DEMOCRAT,2367
20005.0,ATCHISON,2,LIBERTARIAN,268
20005.0,ATCHISON,2,REPUBLICAN,4701
20007.0,BARBER,4,DEMOCRAT,286
20007.0,BARBER,4,REPUBLICAN,2020
20009.0,BARTON,1,DEMOCRAT,2432
20009.0,BARTON,1,REPUBLICAN,8468
20011.0,BOURBON,2,DEMOCRAT,1488
20011.0,BOURBON,2,LIBERTARIAN,291
20011.0,BOURBON,2,REPUBLICAN,4836
20013.0,BROWN,2,DEMOCRAT,1162
20013.0,BROWN,2,LIBERTARIAN,180
20013.0,BROWN,2,REPUBLICAN,3074
20015.0,BUTLER,4,DEMOCRAT,8586
20015.0,BUTLER,4,REPUBLICAN,23674
20017.0,CHASE,1,DEMOCRAT,388
20017.0,CHASE,1,REPUBLICAN,1082
20019.0,CHAUTAUQUA,4,DEMOCRAT,200
20019.0,CHAUTAUQUA,4,REPUBLICAN,1407
20021.0,CHEROKEE,2,DEMOCRAT,2034
20021.0,CHEROKEE,2,LIBERTARIAN,410
20021.0,CHEROKEE,2,REPUBLICAN,6638
20023.0,CHEYENNE,1,DEMOCRAT,236
20023.0,CHEYENNE,1,REPUBLICAN,1197
20025.0,CLARK,1,DEMOCRAT,170
20025.0,CLARK,1,REPUBLICAN,859
20027.0,CLAY,1,DEMOCRAT,878
20027.0,CLAY,1,REPUBLICAN,3223
20029.0,CLOUD,1,DEMOCRAT,876
20029.0,CLOUD,1,REPUBLICAN,3262
20031.0,COFFEY,2,DEMOCRAT,955
20031.0,COFFEY,2,LIBERTARIAN,220
20031.0,COFFEY,2,REPUBLICAN,3331
20033.0,COMANCHE,4,DEMOCRAT,119
20033.0,COMANCHE,4,REPUBLICAN,795
20035.0,COWLEY,4,DEMOCRAT,4082
20035.0,COWLEY,4,REPUBLICAN,10118
20037.0,CRAWFORD,2,DEMOCRAT,5993
20037.0,CRAWFORD,2,LIBERTARIAN,847
20037.0,CRAWFORD,2,REPUBLICAN,9660
20039.0,DECATUR,1,DEMOCRAT,230
20039.0,DECATUR,1,REPUBLICAN,1257
20041.0,DICKINSON,1,DEMOCRAT,2114
20041.0,DICKINSON,1,REPUBLICAN,7065
20043.0,DONIPHAN,2,DEMOCRAT,651
20043.0,DONIPHAN,2,LIBERTARIAN,135
20043.0,DONIPHAN,2,REPUBLICAN,2807
20045.0,DOUGLAS,2,DEMOCRAT,38395
20045.0,DOUGLAS,2,LIBERTARIAN,2494
20045.0,DOUGLAS,2,REPUBLICAN,18005
20047.0,EDWARDS,4,DEMOCRAT,225
20047.0,EDWARDS,4,REPUBLICAN,1187
20049.0,ELK,4,DEMOCRAT,187
20049.0,ELK,4,REPUBLICAN,1150
20051.0,ELLIS,1,DEMOCRAT,3847
20051.0,ELLIS,1,REPUBLICAN,9693
20053.0,ELLSWORTH,1,DEMOCRAT,680
20053.0,ELLSWORTH,1,REPUBLICAN,2142
20055.0,FINNEY,1,DEMOCRAT,4581
20055.0,FINNEY,1,REPUBLICAN,6989
20057.0,FORD,1,DEMOCRAT,2981
20057.0,FORD,1,REPUBLICAN,5631
20059.0,FRANKLIN,2,DEMOCRAT,3300
20059.0,FRANKLIN,2,LIBERTARIAN,789
20059.0,FRANKLIN,2,REPUBLICAN,8190
20061.0,GEARY,1,DEMOCRAT,4066
20061.0,GEARY,1,REPUBLICAN,5293
20063.0,GOVE,1,DEMOCRAT,157
20063.0,GOVE,1,REPUBLICAN,1309
20065.0,GRAHAM,1,DEMOCRAT,214
20065.0,GRAHAM,1,REPUBLICAN,1089
20067.0,GRANT,1,DEMOCRAT,533
20067.0,GRANT,1,REPUBLICAN,1903
20069.0,GRAY,1,DEMOCRAT,389
20069.0,GRAY,1,REPUBLICAN,1842
20071.0,GREELEY,1,DEMOCRAT,81
20071.0,GREELEY,1,REPUBLICAN,538
20073.0,GREENWOOD,4,DEMOCRAT,561
20073.0,GREENWOOD,4,REPUBLICAN,2489
20075.0,HAMILTON,1,DEMOCRAT,151
20075.0,HAMILTON,1,REPUBLICAN,682
20077.0,HARPER,4,DEMOCRAT,412
20077.0,HARPER,4,REPUBLICAN,2221
20079.0,HARVEY,4,DEMOCRAT,6250
20079.0,HARVEY,4,REPUBLICAN,10873
20081.0,HASKELL,1,DEMOCRAT,274
20081.0,HASKELL,1,REPUBLICAN,1108
20083.0,HODGEMAN,1,DEMOCRAT,182
20083.0,HODGEMAN,1,REPUBLICAN,837
20085.0,JACKSON,2,DEMOCRAT,2040
20085.0,JACKSON,2,LIBERTARIAN,306
20085.0,JACKSON,2,REPUBLICAN,4199
20087.0,JEFFERSON,2,DEMOCRAT,3235
20087.0,JEFFERSON,2,LIBERTARIAN,448
20087.0,JEFFERSON,2,REPUBLICAN,6055
20089.0,JEWELL,1,DEMOCRAT,216
20089.0,JEWELL,1,REPUBLICAN,1394
20091.0,JOHNSON,3,DEMOCRAT,180329
20091.0,JOHNSON,3,LIBERTARIAN,9474
20091.0,JOHNSON,3,OTHER,213
20091.0,JOHNSON,3,REPUBLICAN,157148
20093.0,KEARNY,1,DEMOCRAT,253
20093.0,KEARNY,1,REPUBLICAN,1158
20095.0,KINGMAN,4,DEMOCRAT,720
20095.0,KINGMAN,4,REPUBLICAN,3209
20097.0,KIOWA,4,DEMOCRAT,140
20097.0,KIOWA,4,REPUBLICAN,1016
20099.0,LABETTE,2,DEMOCRAT,2587
20099.0,LABETTE,2,LIBERTARIAN,421
20099.0,LABETTE,2,REPUBLICAN,5471
20101.0,LANE,1,DEMOCRAT,132
20101.0,LANE,1,REPUBLICAN,734
20103.0,LEAVENWORTH,2,DEMOCRAT,13054
20103.0,LEAVENWORTH,2,LIBERTARIAN,1789
20103.0,LEAVENWORTH,2,REPUBLICAN,21177
20105.0,LINCOLN,1,DEMOCRAT,279
20105.0,LINCOLN,1,REPUBLICAN,1275
20107.0,LINN,2,DEMOCRAT,876
20107.0,LINN,2,LIBERTARIAN,290
20107.0,LINN,2,REPUBLICAN,3816
20109.0,LOGAN,1,DEMOCRAT,193
20109.0,LOGAN,1,REPUBLICAN,1241
20111.0,LYON,1,DEMOCRAT,5964
20111.0,LYON,1,REPUBLICAN,7778
20113.0,MCPHERSON,1,DEMOCRAT,3892
20113.0,MCPHERSON,1,REPUBLICAN,10028
20115.0,MARION,1,DEMOCRAT,1543
20115.0,MARION,1,REPUBLICAN,4486
20117.0,MARSHALL,1,DEMOCRAT,640
20117.0,MARSHALL,1,REPUBLICAN,1659
20117.0,MARSHALL,2,DEMOCRAT,665
20117.0,MARSHALL,2,LIBERTARIAN,130
20117.0,MARSHALL,2,REPUBLICAN,1873
20119.0,MEADE,1,DEMOCRAT,392
20119.0,MEADE,1,REPUBLICAN,1381
20121.0,MIAMI,2,DEMOCRAT,3059
20121.0,MIAMI,2,LIBERTARIAN,467
20121.0,MIAMI,2,REPUBLICAN,7069
20121.0,MIAMI,3,DEMOCRAT,2168
20121.0,MIAMI,3,LIBERTARIAN,208
20121.0,MIAMI,3,REPUBLICAN,4837
20123.0,MITCHELL,1,DEMOCRAT,575
20123.0,MITCHELL,1,REPUBLICAN,2494
20125.0,MONTGOMERY,2,DEMOCRAT,3060
20125.0,MONTGOMERY,2,LIBERTARIAN,439
20125.0,MONTGOMERY,2,REPUBLICAN,9778
20127.0,MORRIS,1,DEMOCRAT,751
20127.0,MORRIS,1,REPUBLICAN,2082
20129.0,MORTON,1,DEMOCRAT,163
20129.0,MORTON,1,REPUBLICAN,1005
20131.0,NEMAHA,2,DEMOCRAT,1033
20131.0,NEMAHA,2,LIBERTARIAN,150
20131.0,NEMAHA,2,REPUBLICAN,4451
20133.0,NEOSHO,2,DEMOCRAT,1663
20133.0,NEOSHO,2,LIBERTARIAN,287
20133.0,NEOSHO,2,REPUBLICAN,4845
20135.0,NESS,1,DEMOCRAT,176
20135.0,NESS,1,REPUBLICAN,1318
20137.0,NORTON,1,DEMOCRAT,374
20137.0,NORTON,1,REPUBLICAN,1997
20139.0,OSAGE,2,DEMOCRAT,2285
20139.0,OSAGE,2,LIBERTARIAN,413
20139.0,OSAGE,2,REPUBLICAN,5242
20141.0,OSBORNE,1,DEMOCRAT,308
20141.0,OSBORNE,1,REPUBLICAN,1599
20143.0,OTTAWA,1,DEMOCRAT,541
20143.0,OTTAWA,1,REPUBLICAN,2609
20145.0,PAWNEE,1,DEMOCRAT,643
20145.0,PAWNEE,1,REPUBLICAN,1889
20145.0,PAWNEE,4,DEMOCRAT,35
20145.0,PAWNEE,4,REPUBLICAN,136
20147.0,PHILLIPS,1,DEMOCRAT,340
20147.0,PHILLIPS,1,REPUBLICAN,2389
20149.0,POTTAWATOMIE,1,DEMOCRAT,3048
20149.0,POTTAWATOMIE,1,REPUBLICAN,9829
20151.0,PRATT,4,DEMOCRAT,928
20151.0,PRATT,4,REPUBLICAN,3160
20153.0,RAWLINS,1,DEMOCRAT,222
20153.0,RAWLINS,1,REPUBLICAN,1241
20155.0,RENO,1,DEMOCRAT,8968
20155.0,RENO,1,REPUBLICAN,18626
20157.0,REPUBLIC,1,DEMOCRAT,404
20157.0,REPUBLIC,1,REPUBLICAN,2211
20159.0,RICE,1,DEMOCRAT,999
20159.0,RICE,1,REPUBLICAN,3257
20161.0,RILEY,1,DEMOCRAT,12925
20161.0,RILEY,1,REPUBLICAN,12056
20163.0,ROOKS,1,DEMOCRAT,457
20163.0,ROOKS,1,REPUBLICAN,2218
20165.0,RUSH,1,DEMOCRAT,331
20165.0,RUSH,1,REPUBLICAN,1311
20167.0,RUSSELL,1,DEMOCRAT,631
20167.0,RUSSELL,1,REPUBLICAN,2717
20169.0,SALINE,1,DEMOCRAT,7611
20169.0,SALINE,1,REPUBLICAN,16592
20171.0,SCOTT,1,DEMOCRAT,302
20171.0,SCOTT,1,REPUBLICAN,2028
20173.0,SEDGWICK,4,DEMOCRAT,90494
20173.0,SEDGWICK,4,OTHER,227
20173.0,SEDGWICK,4,REPUBLICAN,130038
20175.0,SEWARD,1,DEMOCRAT,1822
20175.0,SEWARD,1,REPUBLICAN,3312
20177.0,SHAWNEE,2,DEMOCRAT,43491
20177.0,SHAWNEE,2,LIBERTARIAN,2743
20177.0,SHAWNEE,2,OTHER,63
20177.0,SHAWNEE,2,REPUBLICAN,39184
20179.0,SHERIDAN,1,DEMOCRAT,152
20179.0,SHERIDAN,1,REPUBLICAN,1273
20181.0,SHERMAN,1,DEMOCRAT,466
20181.0,SHERMAN,1,REPUBLICAN,2216
20183.0,SMITH,1,DEMOCRAT,330
20183.0,SMITH,1,REPUBLICAN,1770
20185.0,STAFFORD,4,DEMOCRAT,336
20185.0,STAFFORD,4,REPUBLICAN,1671
20187.0,STANTON,1,DEMOCRAT,126
20187.0,STANTON,1,REPUBLICAN,616
20189.0,STEVENS,1,DEMOCRAT,267
20189.0,STEVENS,1,REPUBLICAN,1690
20191.0,SUMNER,4,DEMOCRAT,2605
20191.0,SUMNER,4,REPUBLICAN,8268
20193.0,THOMAS,1,DEMOCRAT,599
20193.0,THOMAS,1,REPUBLICAN,3131
20195.0,TREGO,1,DEMOCRAT,269
20195.0,TREGO,1,REPUBLICAN,1335
20197.0,WABAUNSEE,1,DEMOCRAT,988
20197.0,WABAUNSEE,1,REPUBLICAN,2852
20199.0,WALLACE,1,DEMOCRAT,58
20199.0,WALLACE,1,REPUBLICAN,753
20201.0,WASHINGTON,1,DEMOCRAT,421
20201.0,WASHINGTON,1,REPUBLICAN,2420
20203.0,WICHITA,1,DEMOCRAT,162
20203.0,WICHITA,1,REPUBLICAN,790
20205.0,WILSON,2,DEMOCRAT,695
20205.0,WILSON,2,LIBERTARIAN,185
20205.0,WILSON,2,REPUBLICAN,3036
20207.0,WOODSON,2,DEMOCRAT,292
20207.0,WOODSON,2,LIBERTARIAN,70
20207.0,WOODSON,2,REPUBLICAN,1157
20209.0,WYANDOTTE,3,DEMOCRAT,37552
20209.0,WYANDOTTE,3,LIBERTARIAN,1914
20209.0,WYANDOTTE,3,OTHER,77
20209.0,WYANDOTTE,3,REPUBLICAN,16788
21001.0,ADAIR,1,DEMOCRAT,1202
21001.0,ADAIR,1,REPUBLICAN,7373
21003.0,ALLEN,1,DEMOCRAT,1472
21003.0,ALLEN,1,REPUBLICAN,7703
21005.0,ANDERSON,6,DEMOCRAT,3318
21005.0,ANDERSON,6,LIBERTARIAN,181
21005.0,ANDERSON,6,REPUBLICAN,9751
21007.0,BALLARD,1,DEMOCRAT,811
21007.0,BALLARD,1,REPUBLICAN,3369
21009.0,BARREN,2,DEMOCRAT,4074
21009.0,BARREN,2,LIBERTARIAN,309
21009.0,BARREN,2,OTHER,153
21009.0,BARREN,2,REPUBLICAN,15268
21011.0,BATH,6,DEMOCRAT,1667
21011.0,BATH,6,LIBERTARIAN,79
21011.0,BATH,6,REPUBLICAN,3873
21013.0,BELL,5,DEMOCRAT,1438
21013.0,BELL,5,REPUBLICAN,8428
21015.0,BOONE,4,DEMOCRAT,19981
21015.0,BOONE,4,REPUBLICAN,46327
21017.0,BOURBON,6,DEMOCRAT,3013
21017.0,BOURBON,6,LIBERTARIAN,177
21017.0,BOURBON,6,REPUBLICAN,6463
21019.0,BOYD,4,DEMOCRAT,6086
21019.0,BOYD,4,REPUBLICAN,10732
21019.0,BOYD,5,DEMOCRAT,1200
21019.0,BOYD,5,REPUBLICAN,3315
21021.0,BOYLE,2,DEMOCRAT,4805
21021.0,BOYLE,2,LIBERTARIAN,285
21021.0,BOYLE,2,OTHER,89
21021.0,BOYLE,2,REPUBLICAN,9044
21023.0,BRACKEN,4,DEMOCRAT,843
21023.0,BRACKEN,4,REPUBLICAN,3354
21025.0,BREATHITT,5,DEMOCRAT,1145
21025.0,BREATHITT,5,REPUBLICAN,4428
21027.0,BRECKINRIDGE,2,DEMOCRAT,1909
21027.0,BRECKINRIDGE,2,LIBERTARIAN,184
21027.0,BRECKINRIDGE,2,OTHER,77
21027.0,BRECKINRIDGE,2,REPUBLICAN,7821
21029.0,BULLITT,2,DEMOCRAT,9769
21029.0,BULLITT,2,LIBERTARIAN,968
21029.0,BULLITT,2,OTHER,263
21029.0,BULLITT,2,REPUBLICAN,30284
21031.0,BUTLER,2,DEMOCRAT,818
21031.0,BUTLER,2,LIBERTARIAN,88
21031.0,BUTLER,2,OTHER,31
21031.0,BUTLER,2,REPUBLICAN,5137
21033.0,CALDWELL,1,DEMOCRAT,1407
21033.0,CALDWELL,1,REPUBLICAN,4948
21035.0,CALLOWAY,1,DEMOCRAT,5341
21035.0,CALLOWAY,1,REPUBLICAN,11944
21037.0,CAMPBELL,4,DEMOCRAT,18745
21037.0,CAMPBELL,4,REPUBLICAN,29567
21039.0,CARLISLE,1,DEMOCRAT,446
21039.0,CARLISLE,1,REPUBLICAN,2161
21041.0,CARROLL,4,DEMOCRAT,1181
21041.0,CARROLL,4,REPUBLICAN,2872
21043.0,CARTER,5,DEMOCRAT,2754
21043.0,CARTER,5,REPUBLICAN,8506
21045.0,CASEY,1,DEMOCRAT,788
21045.0,CASEY,1,REPUBLICAN,6278
21047.0,CHRISTIAN,1,DEMOCRAT,8117
21047.0,CHRISTIAN,1,REPUBLICAN,15339
21049.0,CLARK,6,DEMOCRAT,5582
21049.0,CLARK,6,LIBERTARIAN,323
21049.0,CLARK,6,REPUBLICAN,12163
21051.0,CLAY,5,DEMOCRAT,698
21051.0,CLAY,5,REPUBLICAN,6842
21053.0,CLINTON,1,DEMOCRAT,531
21053.0,CLINTON,1,REPUBLICAN,4337
21055.0,CRITTENDEN,1,DEMOCRAT,720
21055.0,CRITTENDEN,1,REPUBLICAN,3460
21057.0,CUMBERLAND,1,DEMOCRAT,409
21057.0,CUMBERLAND,1,REPUBLICAN,2835
21059.0,DAVIESS,2,DEMOCRAT,14833
21059.0,DAVIESS,2,LIBERTARIAN,1088
21059.0,DAVIESS,2,OTHER,375
21059.0,DAVIESS,2,REPUBLICAN,32382
21061.0,EDMONSON,2,DEMOCRAT,953
21061.0,EDMONSON,2,LIBERTARIAN,94
21061.0,EDMONSON,2,OTHER,23
21061.0,EDMONSON,2,REPUBLICAN,4992
21063.0,ELLIOTT,5,DEMOCRAT,794
21063.0,ELLIOTT,5,REPUBLICAN,2070
21065.0,ESTILL,6,DEMOCRAT,1336
21065.0,ESTILL,6,LIBERTARIAN,70
21065.0,ESTILL,6,REPUBLICAN,5125
21067.0,FAYETTE,6,DEMOCRAT,81409
21067.0,FAYETTE,6,LIBERTARIAN,2549
21067.0,FAYETTE,6,REPUBLICAN,69158
21069.0,FLEMING,6,DEMOCRAT,1902
21069.0,FLEMING,6,LIBERTARIAN,80
21069.0,FLEMING,6,REPUBLICAN,5077
21071.0,FLOYD,5,DEMOCRAT,3265
21071.0,FLOYD,5,REPUBLICAN,12980
21073.0,FRANKLIN,6,DEMOCRAT,11853
21073.0,FRANKLIN,6,LIBERTARIAN,556
21073.0,FRANKLIN,6,REPUBLICAN,13691
21075.0,FULTON,1,DEMOCRAT,753
21075.0,FULTON,1,REPUBLICAN,1623
21077.0,GALLATIN,4,DEMOCRAT,873
21077.0,GALLATIN,4,REPUBLICAN,2931
21079.0,GARRARD,2,DEMOCRAT,1593
21079.0,GARRARD,2,LIBERTARIAN,170
21079.0,GARRARD,2,OTHER,33
21079.0,GARRARD,2,REPUBLICAN,6713
21081.0,GRANT,4,DEMOCRAT,2291
21081.0,GRANT,4,REPUBLICAN,8705
21083.0,GRAVES,1,DEMOCRAT,3331
21083.0,GRAVES,1,REPUBLICAN,13343
21085.0,GRAYSON,2,DEMOCRAT,1915
21085.0,GRAYSON,2,LIBERTARIAN,221
21085.0,GRAYSON,2,OTHER,79
21085.0,GRAYSON,2,REPUBLICAN,9620
21087.0,GREEN,2,DEMOCRAT,744
21087.0,GREEN,2,LIBERTARIAN,84
21087.0,GREEN,2,OTHER,29
21087.0,GREEN,2,REPUBLICAN,4832
21089.0,GREENUP,4,DEMOCRAT,5018
21089.0,GREENUP,4,REPUBLICAN,12842
21091.0,HANCOCK,2,DEMOCRAT,1226
21091.0,HANCOCK,2,LIBERTARIAN,83
21091.0,HANCOCK,2,OTHER,29
21091.0,HANCOCK,2,REPUBLICAN,3172
21093.0,HARDIN,2,DEMOCRAT,15604
21093.0,HARDIN,2,LIBERTARIAN,1227
21093.0,HARDIN,2,OTHER,440
21093.0,HARDIN,2,REPUBLICAN,31241
21095.0,HARLAN,5,DEMOCRAT,1306
21095.0,HARLAN,5,REPUBLICAN,9554
21097.0,HARRISON,4,DEMOCRAT,1327
21097.0,HARRISON,4,REPUBLICAN,4102
21097.0,HARRISON,6,DEMOCRAT,1020
21097.0,HARRISON,6,LIBERTARIAN,59
21097.0,HARRISON,6,REPUBLICAN,2272
21099.0,HART,2,DEMOCRAT,1684
21099.0,HART,2,LIBERTARIAN,169
21099.0,HART,2,OTHER,34
21099.0,HART,2,REPUBLICAN,6330
21101.0,HENDERSON,1,DEMOCRAT,7400
21101.0,HENDERSON,1,REPUBLICAN,12988
21103.0,HENRY,4,DEMOCRAT,2173
21103.0,HENRY,4,REPUBLICAN,5808
21105.0,HICKMAN,1,DEMOCRAT,431
21105.0,HICKMAN,1,REPUBLICAN,1742
21107.0,HOPKINS,1,DEMOCRAT,5650
21107.0,HOPKINS,1,REPUBLICAN,15440
21109.0,JACKSON,5,DEMOCRAT,494
21109.0,JACKSON,5,REPUBLICAN,5556
21111.0,JEFFERSON,3,DEMOCRAT,230603
21111.0,JEFFERSON,3,REPUBLICAN,137396
21111.0,JEFFERSON,4,DEMOCRAT,6135
21111.0,JEFFERSON,4,REPUBLICAN,10080
21113.0,JESSAMINE,2,DEMOCRAT,1857
21113.0,JESSAMINE,2,LIBERTARIAN,200
21113.0,JESSAMINE,2,OTHER,55
21113.0,JESSAMINE,2,REPUBLICAN,5527
21113.0,JESSAMINE,6,DEMOCRAT,5668
21113.0,JESSAMINE,6,LIBERTARIAN,287
21113.0,JESSAMINE,6,REPUBLICAN,12593
21115.0,JOHNSON,5,DEMOCRAT,1276
21115.0,JOHNSON,5,REPUBLICAN,8862
21117.0,KENTON,4,DEMOCRAT,31418
21117.0,KENTON,4,REPUBLICAN,49977
21119.0,KNOTT,5,DEMOCRAT,1261
21119.0,KNOTT,5,REPUBLICAN,4919
21121.0,KNOX,5,DEMOCRAT,1601
21121.0,KNOX,5,REPUBLICAN,11523
21123.0,LARUE,2,DEMOCRAT,1208
21123.0,LARUE,2,LIBERTARIAN,136
21123.0,LARUE,2,OTHER,70
21123.0,LARUE,2,REPUBLICAN,5760
21125.0,LAUREL,5,DEMOCRAT,3768
21125.0,LAUREL,5,REPUBLICAN,24264
21127.0,LAWRENCE,5,DEMOCRAT,1177
21127.0,LAWRENCE,5,REPUBLICAN,5658
21129.0,LEE,5,DEMOCRAT,385
21129.0,LEE,5,REPUBLICAN,2145
21131.0,LESLIE,5,DEMOCRAT,360
21131.0,LESLIE,5,REPUBLICAN,4434
21133.0,LETCHER,5,DEMOCRAT,1536
21133.0,LETCHER,5,REPUBLICAN,7496
21135.0,LEWIS,4,DEMOCRAT,783
21135.0,LEWIS,4,REPUBLICAN,5032
21137.0,LINCOLN,5,DEMOCRAT,1937
21137.0,LINCOLN,5,REPUBLICAN,8829
21139.0,LIVINGSTON,1,DEMOCRAT,985
21139.0,LIVINGSTON,1,REPUBLICAN,3981
21141.0,LOGAN,1,DEMOCRAT,3058
21141.0,LOGAN,1,REPUBLICAN,9099
21143.0,LYON,1,DEMOCRAT,1032
21143.0,LYON,1,REPUBLICAN,3164
21145.0,MCCRACKEN,1,DEMOCRAT,10410
21145.0,MCCRACKEN,1,REPUBLICAN,22705
21147.0,MCCREARY,5,DEMOCRAT,589
21147.0,MCCREARY,5,REPUBLICAN,5772
21149.0,MCLEAN,1,DEMOCRAT,1115
21149.0,MCLEAN,1,REPUBLICAN,3593
21151.0,MADISON,6,DEMOCRAT,14687
21151.0,MADISON,6,LIBERTARIAN,855
21151.0,MADISON,6,REPUBLICAN,28468
21153.0,MAGOFFIN,5,DEMOCRAT,1069
21153.0,MAGOFFIN,5,REPUBLICAN,4367
21155.0,MARION,1,DEMOCRAT,2719
21155.0,MARION,1,REPUBLICAN,5885
21157.0,MARSHALL,1,DEMOCRAT,3964
21157.0,MARSHALL,1,REPUBLICAN,13442
21159.0,MARTIN,5,DEMOCRAT,353
21159.0,MARTIN,5,REPUBLICAN,3580
21161.0,MASON,4,DEMOCRAT,2200
21161.0,MASON,4,REPUBLICAN,5623
21163.0,MEADE,2,DEMOCRAT,3304
21163.0,MEADE,2,LIBERTARIAN,332
21163.0,MEADE,2,OTHER,75
21163.0,MEADE,2,REPUBLICAN,10135
21165.0,MENIFEE,6,DEMOCRAT,815
21165.0,MENIFEE,6,LIBERTARIAN,44
21165.0,MENIFEE,6,REPUBLICAN,2217
21167.0,MERCER,2,DEMOCRAT,2661
21167.0,MERCER,2,LIBERTARIAN,266
21167.0,MERCER,2,OTHER,59
21167.0,MERCER,2,REPUBLICAN,8461
21169.0,METCALFE,1,DEMOCRAT,874
21169.0,METCALFE,1,REPUBLICAN,4036
21171.0,MONROE,1,DEMOCRAT,413
21171.0,MONROE,1,REPUBLICAN,4870
21173.0,MONTGOMERY,6,DEMOCRAT,3534
21173.0,MONTGOMERY,6,LIBERTARIAN,192
21173.0,MONTGOMERY,6,REPUBLICAN,9105
21175.0,MORGAN,5,DEMOCRAT,1010
21175.0,MORGAN,5,REPUBLICAN,4475
21177.0,MUHLENBERG,1,DEMOCRAT,4045
21177.0,MUHLENBERG,1,REPUBLICAN,9803
21179.0,NELSON,2,DEMOCRAT,6178
21179.0,NELSON,2,LIBERTARIAN,402
21179.0,NELSON,2,OTHER,145
21179.0,NELSON,2,REPUBLICAN,16151
21181.0,NICHOLAS,6,DEMOCRAT,985
21181.0,NICHOLAS,6,LIBERTARIAN,57
21181.0,NICHOLAS,6,REPUBLICAN,2345
21183.0,OHIO,1,DEMOCRAT,2346
21183.0,OHIO,1,REPUBLICAN,8544
21185.0,OLDHAM,4,DEMOCRAT,13576
21185.0,OLDHAM,4,REPUBLICAN,23968
21187.0,OWEN,4,DEMOCRAT,1105
21187.0,OWEN,4,REPUBLICAN,4267
21189.0,OWSLEY,5,DEMOCRAT,190
21189.0,OWSLEY,5,REPUBLICAN,1659
21191.0,PENDLETON,4,DEMOCRAT,1321
21191.0,PENDLETON,4,REPUBLICAN,5535
21193.0,PERRY,5,DEMOCRAT,1925
21193.0,PERRY,5,REPUBLICAN,8505
21195.0,PIKE,5,DEMOCRAT,3975
21195.0,PIKE,5,REPUBLICAN,20949
21197.0,POWELL,6,DEMOCRAT,1399
21197.0,POWELL,6,LIBERTARIAN,101
21197.0,POWELL,6,REPUBLICAN,3994
21199.0,PULASKI,5,DEMOCRAT,4179
21199.0,PULASKI,5,REPUBLICAN,27107
21201.0,ROBERTSON,6,DEMOCRAT,299
21201.0,ROBERTSON,6,LIBERTARIAN,21
21201.0,ROBERTSON,6,REPUBLICAN,814
21203.0,ROCKCASTLE,5,DEMOCRAT,828
21203.0,ROCKCASTLE,5,REPUBLICAN,6885
21205.0,ROWAN,5,DEMOCRAT,3323
21205.0,ROWAN,5,REPUBLICAN,6549
21207.0,RUSSELL,1,DEMOCRAT,1134
21207.0,RUSSELL,1,REPUBLICAN,7641
21209.0,SCOTT,6,DEMOCRAT,9678
21209.0,SCOTT,6,LIBERTARIAN,565
21209.0,SCOTT,6,REPUBLICAN,18699
21211.0,SHELBY,4,DEMOCRAT,7862
21211.0,SHELBY,4,REPUBLICAN,15439
21213.0,SIMPSON,1,DEMOCRAT,2566
21213.0,SIMPSON,1,REPUBLICAN,6055
21215.0,SPENCER,2,DEMOCRAT,583
21215.0,SPENCER,2,LIBERTARIAN,64
21215.0,SPENCER,2,OTHER,18
21215.0,SPENCER,2,REPUBLICAN,2425
21215.0,SPENCER,4,DEMOCRAT,1895
21215.0,SPENCER,4,REPUBLICAN,6287
21217.0,TAYLOR,1,DEMOCRAT,2645
21217.0,TAYLOR,1,REPUBLICAN,9622
21219.0,TODD,1,DEMOCRAT,1212
21219.0,TODD,1,REPUBLICAN,3967
21221.0,TRIGG,1,DEMOCRAT,1748
21221.0,TRIGG,1,REPUBLICAN,5537
21223.0,TRIMBLE,4,DEMOCRAT,1068
21223.0,TRIMBLE,4,REPUBLICAN,3151
21225.0,UNION,1,DEMOCRAT,1576
21225.0,UNION,1,REPUBLICAN,4837
21227.0,WARREN,2,DEMOCRAT,17497
21227.0,WARREN,2,LIBERTARIAN,1115
21227.0,WARREN,2,OTHER,315
21227.0,WARREN,2,REPUBLICAN,36177
21229.0,WASHINGTON,1,DEMOCRAT,51
21229.0,WASHINGTON,1,REPUBLICAN,199
21229.0,WASHINGTON,2,DEMOCRAT,1423
21229.0,WASHINGTON,2,LIBERTARIAN,103
21229.0,WASHINGTON,2,OTHER,39
21229.0,WASHINGTON,2,REPUBLICAN,4256
21231.0,WAYNE,5,DEMOCRAT,1301
21231.0,WAYNE,5,REPUBLICAN,7693
21233.0,WEBSTER,1,DEMOCRAT,1420
21233.0,WEBSTER,1,REPUBLICAN,4445
21235.0,WHITLEY,5,DEMOCRAT,1856
21235.0,WHITLEY,5,REPUBLICAN,13310
21237.0,WOLFE,6,DEMOCRAT,914
21237.0,WOLFE,6,LIBERTARIAN,52
21237.0,WOLFE,6,REPUBLICAN,2012
21239.0,WOODFORD,6,DEMOCRAT,5894
21239.0,WOODFORD,6,LIBERTARIAN,240
21239.0,WOODFORD,6,REPUBLICAN,9107
22001.0,ACADIA,3,DEMOCRAT,5005
22001.0,ACADIA,3,LIBERTARIAN,513
22001.0,ACADIA,3,REPUBLICAN,21843
22003.0,ALLEN,4,DEMOCRAT,1831
22003.0,ALLEN,4,REPUBLICAN,7264
22005.0,ASCENSION,2,DEMOCRAT,6159
22005.0,ASCENSION,2,OTHER,474
22005.0,ASCENSION,2,REPUBLICAN,2202
22005.0,ASCENSION,6,DEMOCRAT,8919
22005.0,ASCENSION,6,LIBERTARIAN,1333
22005.0,ASCENSION,6,OTHER,376
22005.0,ASCENSION,6,REPUBLICAN,39990
22007.0,ASSUMPTION,2,DEMOCRAT,1953
22007.0,ASSUMPTION,2,OTHER,162
22007.0,ASSUMPTION,2,REPUBLICAN,1190
22007.0,ASSUMPTION,6,DEMOCRAT,1074
22007.0,ASSUMPTION,6,LIBERTARIAN,117
22007.0,ASSUMPTION,6,OTHER,69
22007.0,ASSUMPTION,6,REPUBLICAN,5594
22009.0,AVOYELLES,5,DEMOCRAT,4263
22009.0,AVOYELLES,5,REPUBLICAN,11293
22011.0,BEAUREGARD,4,DEMOCRAT,2182
22011.0,BEAUREGARD,4,REPUBLICAN,13065
22013.0,BIENVILLE,4,DEMOCRAT,2624
22013.0,BIENVILLE,4,REPUBLICAN,3951
22015.0,BOSSIER,4,DEMOCRAT,12867
22015.0,BOSSIER,4,REPUBLICAN,39193
22017.0,CADDO,4,DEMOCRAT,47262
22017.0,CADDO,4,REPUBLICAN,51479
22019.0,CALCASIEU,3,DEMOCRAT,24781
22019.0,CALCASIEU,3,LIBERTARIAN,2183
22019.0,CALCASIEU,3,REPUBLICAN,52229
22021.0,CALDWELL,5,DEMOCRAT,641
22021.0,CALDWELL,5,REPUBLICAN,3800
22023.0,CAMERON,3,DEMOCRAT,334
22023.0,CAMERON,3,LIBERTARIAN,62
22023.0,CAMERON,3,REPUBLICAN,3454
22025.0,CATAHOULA,5,DEMOCRAT,1122
22025.0,CATAHOULA,5,REPUBLICAN,3418
22027.0,CLAIBORNE,4,DEMOCRAT,2108
22027.0,CLAIBORNE,4,REPUBLICAN,3903
22029.0,CONCORDIA,5,DEMOCRAT,2713
22029.0,CONCORDIA,5,REPUBLICAN,5354
22031.0,DE SOTO,4,DEMOCRAT,4702
22031.0,DE SOTO,4,REPUBLICAN,9269
22033.0,EAST BATON ROUGE,2,DEMOCRAT,30708
22033.0,EAST BATON ROUGE,2,OTHER,1591
22033.0,EAST BATON ROUGE,2,REPUBLICAN,1512
22033.0,EAST BATON ROUGE,6,DEMOCRAT,58761
22033.0,EAST BATON ROUGE,6,LIBERTARIAN,4672
22033.0,EAST BATON ROUGE,6,OTHER,1297
22033.0,EAST BATON ROUGE,6,REPUBLICAN,101144
22035.0,EAST CARROLL,5,DEMOCRAT,1566
22035.0,EAST CARROLL,5,REPUBLICAN,1158
22037.0,EAST FELICIANA,5,DEMOCRAT,2327
22037.0,EAST FELICIANA,5,REPUBLICAN,2340
22037.0,EAST FELICIANA,6,DEMOCRAT,1103
22037.0,EAST FELICIANA,6,LIBERTARIAN,92
22037.0,EAST FELICIANA,6,OTHER,36
22037.0,EAST FELICIANA,6,REPUBLICAN,3578
22039.0,EVANGELINE,4,DEMOCRAT,3094
22039.0,EVANGELINE,4,REPUBLICAN,10513
22041.0,FRANKLIN,5,DEMOCRAT,2179
22041.0,FRANKLIN,5,REPUBLICAN,6943
22043.0,GRANT,5,DEMOCRAT,1060
22043.0,GRANT,5,REPUBLICAN,7727
22045.0,IBERIA,3,DEMOCRAT,9817
22045.0,IBERIA,3,LIBERTARIAN,574
22045.0,IBERIA,3,REPUBLICAN,20406
22047.0,IBERVILLE,2,DEMOCRAT,5833
22047.0,IBERVILLE,2,OTHER,631
22047.0,IBERVILLE,2,REPUBLICAN,3336
22047.0,IBERVILLE,6,DEMOCRAT,1360
22047.0,IBERVILLE,6,LIBERTARIAN,84
22047.0,IBERVILLE,6,OTHER,48
22047.0,IBERVILLE,6,REPUBLICAN,3773
22049.0,JACKSON,5,DEMOCRAT,2011
22049.0,JACKSON,5,REPUBLICAN,5192
22051.0,JEFFERSON,1,DEMOCRAT,28045
22051.0,JEFFERSON,1,LIBERTARIAN,2686
22051.0,JEFFERSON,1,REPUBLICAN,78886
22051.0,JEFFERSON,2,DEMOCRAT,45671
22051.0,JEFFERSON,2,OTHER,3082
22051.0,JEFFERSON,2,REPUBLICAN,23183
22053.0,JEFFERSON DAVIS,3,DEMOCRAT,2871
22053.0,JEFFERSON DAVIS,3,LIBERTARIAN,271
22053.0,JEFFERSON DAVIS,3,REPUBLICAN,10853
22055.0,LAFAYETTE,3,DEMOCRAT,37683
22055.0,LAFAYETTE,3,LIBERTARIAN,4184
22055.0,LAFAYETTE,3,REPUBLICAN,68286
22057.0,LAFOURCHE,1,DEMOCRAT,1752
22057.0,LAFOURCHE,1,LIBERTARIAN,377
22057.0,LAFOURCHE,1,REPUBLICAN,16742
22057.0,LAFOURCHE,6,DEMOCRAT,4260
22057.0,LAFOURCHE,6,LIBERTARIAN,573
22057.0,LAFOURCHE,6,OTHER,248
22057.0,LAFOURCHE,6,REPUBLICAN,18309
22059.0,LA SALLE,5,DEMOCRAT,598
22059.0,LA SALLE,5,REPUBLICAN,6066
22061.0,LINCOLN,5,DEMOCRAT,7077
22061.0,LINCOLN,5,REPUBLICAN,11303
22063.0,LIVINGSTON,6,DEMOCRAT,5846
22063.0,LIVINGSTON,6,LIBERTARIAN,1539
22063.0,LIVINGSTON,6,OTHER,372
22063.0,LIVINGSTON,6,REPUBLICAN,54851
22065.0,MADISON,5,DEMOCRAT,2328
22065.0,MADISON,5,REPUBLICAN,1993
22067.0,MOREHOUSE,5,DEMOCRAT,4177
22067.0,MOREHOUSE,5,REPUBLICAN,6423
22069.0,NATCHITOCHES,4,DEMOCRAT,5952
22069.0,NATCHITOCHES,4,REPUBLICAN,9599
22071.0,ORLEANS,1,DEMOCRAT,11949
22071.0,ORLEANS,1,LIBERTARIAN,714
22071.0,ORLEANS,1,REPUBLICAN,12277
22071.0,ORLEANS,2,DEMOCRAT,118410
22071.0,ORLEANS,2,OTHER,10565
22071.0,ORLEANS,2,REPUBLICAN,12260
22073.0,OUACHITA,5,DEMOCRAT,21917
22073.0,OUACHITA,5,REPUBLICAN,43545
22075.0,PLAQUEMINES,1,DEMOCRAT,2749
22075.0,PLAQUEMINES,1,LIBERTARIAN,237
22075.0,PLAQUEMINES,1,REPUBLICAN,7397
22077.0,POINTE COUPEE,6,DEMOCRAT,3038
22077.0,POINTE COUPEE,6,LIBERTARIAN,189
22077.0,POINTE COUPEE,6,OTHER,93
22077.0,POINTE COUPEE,6,REPUBLICAN,7894
22079.0,RAPIDES,5,DEMOCRAT,17311
22079.0,RAPIDES,5,REPUBLICAN,38409
22081.0,RED RIVER,4,DEMOCRAT,1355
22081.0,RED RIVER,4,REPUBLICAN,2457
22083.0,RICHLAND,5,DEMOCRAT,2471
22083.0,RICHLAND,5,REPUBLICAN,6832
22085.0,SABINE,4,DEMOCRAT,1412
22085.0,SABINE,4,REPUBLICAN,8335
22087.0,ST BERNARD,1,DEMOCRAT,5072
22087.0,ST BERNARD,1,LIBERTARIAN,461
22087.0,ST BERNARD,1,REPUBLICAN,10943
22089.0,ST CHARLES,2,DEMOCRAT,6572
22089.0,ST CHARLES,2,OTHER,604
22089.0,ST CHARLES,2,REPUBLICAN,9346
22089.0,ST CHARLES,6,DEMOCRAT,2103
22089.0,ST CHARLES,6,LIBERTARIAN,286
22089.0,ST CHARLES,6,OTHER,135
22089.0,ST CHARLES,6,REPUBLICAN,7057
22091.0,ST HELENA,5,DEMOCRAT,495
22091.0,ST HELENA,5,REPUBLICAN,916
22091.0,ST HELENA,6,DEMOCRAT,2022
22091.0,ST HELENA,6,LIBERTARIAN,103
22091.0,ST HELENA,6,OTHER,48
22091.0,ST HELENA,6,REPUBLICAN,1822
22093.0,ST JAMES,2,DEMOCRAT,6398
22093.0,ST JAMES,2,OTHER,440
22093.0,ST JAMES,2,REPUBLICAN,4639
22095.0,ST JOHN THE BAPTIST,2,DEMOCRAT,9986
22095.0,ST JOHN THE BAPTIST,2,OTHER,651
22095.0,ST JOHN THE BAPTIST,2,REPUBLICAN,3321
22095.0,ST JOHN THE BAPTIST,6,DEMOCRAT,2133
22095.0,ST JOHN THE BAPTIST,6,LIBERTARIAN,149
22095.0,ST JOHN THE BAPTIST,6,OTHER,72
22095.0,ST JOHN THE BAPTIST,6,REPUBLICAN,3296
22097.0,ST LANDRY,3,DEMOCRAT,251
22097.0,ST LANDRY,3,LIBERTARIAN,37
22097.0,ST LANDRY,3,REPUBLICAN,1193
22097.0,ST LANDRY,4,DEMOCRAT,6907
22097.0,ST LANDRY,4,REPUBLICAN,11842
22097.0,ST LANDRY,5,DEMOCRAT,7494
22097.0,ST LANDRY,5,REPUBLICAN,8994
22099.0,ST MARTIN,3,DEMOCRAT,7621
22099.0,ST MARTIN,3,LIBERTARIAN,604
22099.0,ST MARTIN,3,REPUBLICAN,17294
22101.0,ST MARY,3,DEMOCRAT,7280
22101.0,ST MARY,3,LIBERTARIAN,377
22101.0,ST MARY,3,REPUBLICAN,14041
22103.0,ST TAMMANY,1,DEMOCRAT,30822
22103.0,ST TAMMANY,1,LIBERTARIAN,3374
22103.0,ST TAMMANY,1,REPUBLICAN,100594
22105.0,TANGIPAHOA,1,DEMOCRAT,8984
22105.0,TANGIPAHOA,1,LIBERTARIAN,898
22105.0,TANGIPAHOA,1,REPUBLICAN,23370
22105.0,TANGIPAHOA,5,DEMOCRAT,7129
22105.0,TANGIPAHOA,5,REPUBLICAN,12882
22107.0,TENSAS,5,DEMOCRAT,1186
22107.0,TENSAS,5,REPUBLICAN,1192
22109.0,TERREBONNE,1,DEMOCRAT,5357
22109.0,TERREBONNE,1,LIBERTARIAN,562
22109.0,TERREBONNE,1,REPUBLICAN,20121
22109.0,TERREBONNE,6,DEMOCRAT,3265
22109.0,TERREBONNE,6,LIBERTARIAN,474
22109.0,TERREBONNE,6,OTHER,179
22109.0,TERREBONNE,6,REPUBLICAN,13171
22111.0,UNION,4,DEMOCRAT,2126
22111.0,UNION,4,REPUBLICAN,8187
22113.0,VERMILION,3,DEMOCRAT,4632
22113.0,VERMILION,3,LIBERTARIAN,560
22113.0,VERMILION,3,REPUBLICAN,20881
22115.0,VERNON,4,DEMOCRAT,2423
22115.0,VERNON,4,REPUBLICAN,13612
22117.0,WASHINGTON,5,DEMOCRAT,5584
22117.0,WASHINGTON,5,REPUBLICAN,12043
22119.0,WEBSTER,4,DEMOCRAT,5125
22119.0,WEBSTER,4,REPUBLICAN,11939
22121.0,WEST BATON ROUGE,2,DEMOCRAT,3630
22121.0,WEST BATON ROUGE,2,OTHER,322
22121.0,WEST BATON ROUGE,2,REPUBLICAN,2151
22121.0,WEST BATON ROUGE,6,DEMOCRAT,1657
22121.0,WEST BATON ROUGE,6,LIBERTARIAN,121
22121.0,WEST BATON ROUGE,6,OTHER,44
22121.0,WEST BATON ROUGE,6,REPUBLICAN,5227
22123.0,WEST CARROLL,5,DEMOCRAT,567
22123.0,WEST CARROLL,5,REPUBLICAN,4088
22125.0,WEST FELICIANA,5,DEMOCRAT,2024
22125.0,WEST FELICIANA,5,REPUBLICAN,3690
22127.0,WINN,5,DEMOCRAT,1326
22127.0,WINN,5,REPUBLICAN,4389
23000.0,STATEWIDE UOCAVA,1,DEMOCRAT,2790
23000.0,STATEWIDE UOCAVA,1,OTHER,86
23000.0,STATEWIDE UOCAVA,1,REPUBLICAN,479
23000.0,STATEWIDE UOCAVA,2,DEMOCRAT,1818
23000.0,STATEWIDE UOCAVA,2,OTHER,88
23000.0,STATEWIDE UOCAVA,2,REPUBLICAN,510
23001.0,ANDROSCOGGIN,2,DEMOCRAT,32417
23001.0,ANDROSCOGGIN,2,OTHER,900
23001.0,ANDROSCOGGIN,2,REPUBLICAN,26044
23003.0,AROOSTOOK,2,DEMOCRAT,17229
23003.0,AROOSTOOK,2,OTHER,1050
23003.0,AROOSTOOK,2,REPUBLICAN,17931
23005.0,CUMBERLAND,1,DEMOCRAT,129001
23005.0,CUMBERLAND,1,OTHER,5044
23005.0,CUMBERLAND,1,REPUBLICAN,61869
23007.0,FRANKLIN,2,DEMOCRAT,9677
23007.0,FRANKLIN,2,OTHER,329
23007.0,FRANKLIN,2,REPUBLICAN,7593
23009.0,HANCOCK,2,DEMOCRAT,21593
23009.0,HANCOCK,2,OTHER,574
23009.0,HANCOCK,2,REPUBLICAN,13509
23011.0,KENNEBEC,1,DEMOCRAT,23401
23011.0,KENNEBEC,1,OTHER,1132
23011.0,KENNEBEC,1,REPUBLICAN,18968
23011.0,KENNEBEC,2,DEMOCRAT,15113
23011.0,KENNEBEC,2,OTHER,424
23011.0,KENNEBEC,2,REPUBLICAN,13577
23013.0,KNOX,1,DEMOCRAT,15827
23013.0,KNOX,1,OTHER,568
23013.0,KNOX,1,REPUBLICAN,9637
23015.0,LINCOLN,1,DEMOCRAT,12902
23015.0,LINCOLN,1,OTHER,464
23015.0,LINCOLN,1,REPUBLICAN,10491
23017.0,OXFORD,2,DEMOCRAT,17703
23017.0,OXFORD,2,OTHER,629
23017.0,OXFORD,2,REPUBLICAN,15478
23019.0,PENOBSCOT,2,DEMOCRAT,43445
23019.0,PENOBSCOT,2,OTHER,1595
23019.0,PENOBSCOT,2,REPUBLICAN,41093
23021.0,PISCATAQUIS,2,DEMOCRAT,4338
23021.0,PISCATAQUIS,2,OTHER,175
23021.0,PISCATAQUIS,2,REPUBLICAN,5483
23023.0,SAGADAHOC,1,DEMOCRAT,13978
23023.0,SAGADAHOC,1,OTHER,580
23023.0,SAGADAHOC,1,REPUBLICAN,9722
23025.0,SOMERSET,2,DEMOCRAT,12598
23025.0,SOMERSET,2,OTHER,548
23025.0,SOMERSET,2,REPUBLICAN,14727
23027.0,WALDO,2,DEMOCRAT,13918
23027.0,WALDO,2,OTHER,443
23027.0,WALDO,2,REPUBLICAN,10205
23029.0,WASHINGTON,2,DEMOCRAT,8125
23029.0,WASHINGTON,2,OTHER,367
23029.0,WASHINGTON,2,REPUBLICAN,9078
23031.0,YORK,1,DEMOCRAT,73105
23031.0,YORK,1,OTHER,4095
23031.0,YORK,1,REPUBLICAN,53842
24001.0,ALLEGANY,6,DEMOCRAT,9359
24001.0,ALLEGANY,6,OTHER,458
24001.0,ALLEGANY,6,REPUBLICAN,19671
24003.0,ANNE ARUNDEL,2,DEMOCRAT,27355
24003.0,ANNE ARUNDEL,2,OTHER,88
24003.0,ANNE ARUNDEL,2,REPUBLICAN,11038
24003.0,ANNE ARUNDEL,3,DEMOCRAT,67337
24003.0,ANNE ARUNDEL,3,OTHER,176
24003.0,ANNE ARUNDEL,3,REPUBLICAN,45985
24003.0,ANNE ARUNDEL,4,DEMOCRAT,53948
24003.0,ANNE ARUNDEL,4,OTHER,283
24003.0,ANNE ARUNDEL,4,REPUBLICAN,56061
24003.0,ANNE ARUNDEL,5,DEMOCRAT,16671
24003.0,ANNE ARUNDEL,5,OTHER,71
24003.0,ANNE ARUNDEL,5,REPUBLICAN,18141
24005.0,BALTIMORE,1,DEMOCRAT,13228
24005.0,BALTIMORE,1,OTHER,80
24005.0,BALTIMORE,1,REPUBLICAN,20772
24005.0,BALTIMORE,2,DEMOCRAT,129734
24005.0,BALTIMORE,2,OTHER,491
24005.0,BALTIMORE,2,REPUBLICAN,68265
24005.0,BALTIMORE,3,DEMOCRAT,43636
24005.0,BALTIMORE,3,OTHER,136
24005.0,BALTIMORE,3,REPUBLICAN,23286
24005.0,BALTIMORE,7,DEMOCRAT,64458
24005.0,BALTIMORE,7,OTHER,280
24005.0,BALTIMORE,7,REPUBLICAN,39324
24009.0,CALVERT,5,DEMOCRAT,21928
24009.0,CALVERT,5,OTHER,68
24009.0,CALVERT,5,REPUBLICAN,26201
24011.0,CAROLINE,1,DEMOCRAT,4729
24011.0,CAROLINE,1,OTHER,26
24011.0,CAROLINE,1,REPUBLICAN,10691
24013.0,CARROLL,1,DEMOCRAT,10454
24013.0,CARROLL,1,OTHER,60
24013.0,CARROLL,1,REPUBLICAN,27258
24013.0,CARROLL,8,DEMOCRAT,22688
24013.0,CARROLL,8,OTHER,67
24013.0,CARROLL,8,REPUBLICAN,35379
24015.0,CECIL,1,DEMOCRAT,16042
24015.0,CECIL,1,OTHER,69
24015.0,CECIL,1,REPUBLICAN,29918
24017.0,CHARLES,5,DEMOCRAT,62491
24017.0,CHARLES,5,OTHER,195
24017.0,CHARLES,5,REPUBLICAN,26091
24019.0,DORCHESTER,1,DEMOCRAT,6375
24019.0,DORCHESTER,1,OTHER,20
24019.0,DORCHESTER,1,REPUBLICAN,9294
24021.0,FREDERICK,6,DEMOCRAT,41885
24021.0,FREDERICK,6,OTHER,1494
24021.0,FREDERICK,6,REPUBLICAN,24601
24021.0,FREDERICK,8,DEMOCRAT,30965
24021.0,FREDERICK,8,OTHER,119
24021.0,FREDERICK,8,REPUBLICAN,40613
24023.0,GARRETT,6,DEMOCRAT,3265
24023.0,GARRETT,6,OTHER,160
24023.0,GARRETT,6,REPUBLICAN,11795
24025.0,HARFORD,1,DEMOCRAT,32237
24025.0,HARFORD,1,OTHER,242
24025.0,HARFORD,1,REPUBLICAN,65514
24025.0,HARFORD,2,DEMOCRAT,28087
24025.0,HARFORD,2,OTHER,97
24025.0,HARFORD,2,REPUBLICAN,18522
24027.0,HOWARD,2,DEMOCRAT,17449
24027.0,HOWARD,2,OTHER,52
24027.0,HOWARD,2,REPUBLICAN,5647
24027.0,HOWARD,3,DEMOCRAT,41209
24027.0,HOWARD,3,OTHER,94
24027.0,HOWARD,3,REPUBLICAN,14771
24027.0,HOWARD,7,DEMOCRAT,59713
24027.0,HOWARD,7,OTHER,244
24027.0,HOWARD,7,REPUBLICAN,38961
24029.0,KENT,1,DEMOCRAT,5106
24029.0,KENT,1,OTHER,20
24029.0,KENT,1,REPUBLICAN,5396
24031.0,MONTGOMERY,3,DEMOCRAT,45003
24031.0,MONTGOMERY,3,OTHER,112
24031.0,MONTGOMERY,3,REPUBLICAN,12820
24031.0,MONTGOMERY,6,DEMOCRAT,136184
24031.0,MONTGOMERY,6,OTHER,4216
24031.0,MONTGOMERY,6,REPUBLICAN,47176
24031.0,MONTGOMERY,8,DEMOCRAT,221090
24031.0,MONTGOMERY,8,OTHER,528
24031.0,MONTGOMERY,8,REPUBLICAN,51165
24033.0,PRINCE GEORGE'S,4,DEMOCRAT,228171
24033.0,PRINCE GEORGE'S,4,OTHER,456
24033.0,PRINCE GEORGE'S,4,REPUBLICAN,15610
24033.0,PRINCE GEORGE'S,5,DEMOCRAT,150055
24033.0,PRINCE GEORGE'S,5,OTHER,689
24033.0,PRINCE GEORGE'S,5,REPUBLICAN,21539
24035.0,QUEEN ANNE'S,1,DEMOCRAT,9814
24035.0,QUEEN ANNE'S,1,OTHER,50
24035.0,QUEEN ANNE'S,1,REPUBLICAN,19707
24037.0,ST MARY'S,5,DEMOCRAT,23065
24037.0,ST MARY'S,5,OTHER,81
24037.0,ST MARY'S,5,REPUBLICAN,31553
24039.0,SOMERSET,1,DEMOCRAT,3895
24039.0,SOMERSET,1,OTHER,11
24039.0,SOMERSET,1,REPUBLICAN,6038
24041.0,TALBOT,1,DEMOCRAT,10306
24041.0,TALBOT,1,OTHER,40
24041.0,TALBOT,1,REPUBLICAN,11838
24043.0,WASHINGTON,6,DEMOCRAT,24847
24043.0,WASHINGTON,6,OTHER,967
24043.0,WASHINGTON,6,REPUBLICAN,40356
24045.0,WICOMICO,1,DEMOCRAT,20552
24045.0,WICOMICO,1,OTHER,84
24045.0,WICOMICO,1,REPUBLICAN,24724
24047.0,WORCESTER,1,DEMOCRAT,11139
24047.0,WORCESTER,1,OTHER,44
24047.0,WORCESTER,1,REPUBLICAN,19751
24510.0,BALTIMORE CITY,2,DEMOCRAT,22211
24510.0,BALTIMORE CITY,2,OTHER,107
24510.0,BALTIMORE CITY,2,REPUBLICAN,2883
24510.0,BALTIMORE CITY,3,DEMOCRAT,63173
24510.0,BALTIMORE CITY,3,OTHER,213
24510.0,BALTIMORE CITY,3,REPUBLICAN,15255
24510.0,BALTIMORE CITY,7,DEMOCRAT,112934
24510.0,BALTIMORE CITY,7,OTHER,528
24510.0,BALTIMORE CITY,7,REPUBLICAN,14556
25001.0,BARNSTABLE,9,DEMOCRAT,93493
25001.0,BARNSTABLE,9,OTHER,8266
25001.0,BARNSTABLE,9,REPUBLICAN,49753
25003.0,BERKSHIRE,1,DEMOCRAT,56688
25003.0,BERKSHIRE,1,OTHER,15083
25005.0,BRISTOL,4,DEMOCRAT,87492
25005.0,BRISTOL,4,OTHER,10321
25005.0,BRISTOL,4,REPUBLICAN,83061
25005.0,BRISTOL,8,DEMOCRAT,2261
25005.0,BRISTOL,8,OTHER,1567
25005.0,BRISTOL,9,DEMOCRAT,55898
25005.0,BRISTOL,9,OTHER,8478
25005.0,BRISTOL,9,REPUBLICAN,32286
25007.0,DUKES,9,DEMOCRAT,9815
25007.0,DUKES,9,OTHER,624
25007.0,DUKES,9,REPUBLICAN,2434
25009.0,ESSEX,3,DEMOCRAT,72445
25009.0,ESSEX,3,OTHER,26695
25009.0,ESSEX,6,DEMOCRAT,212528
25009.0,ESSEX,6,OTHER,10744
25009.0,ESSEX,6,REPUBLICAN,102187
25011.0,FRANKLIN,1,DEMOCRAT,7380
25011.0,FRANKLIN,1,OTHER,2282
25011.0,FRANKLIN,2,DEMOCRAT,23894
25011.0,FRANKLIN,2,OTHER,1295
25011.0,FRANKLIN,2,REPUBLICAN,8152
25013.0,HAMPDEN,1,DEMOCRAT,161742
25013.0,HAMPDEN,1,OTHER,58831
25013.0,HAMPDEN,2,DEMOCRAT,111
25013.0,HAMPDEN,2,OTHER,12
25013.0,HAMPDEN,2,REPUBLICAN,97
25015.0,HAMPSHIRE,1,DEMOCRAT,27558
25015.0,HAMPSHIRE,1,OTHER,9406
25015.0,HAMPSHIRE,2,DEMOCRAT,40094
25015.0,HAMPSHIRE,2,OTHER,1449
25015.0,HAMPSHIRE,2,REPUBLICAN,9825
25017.0,MIDDLESEX,3,DEMOCRAT,164077
25017.0,MIDDLESEX,3,OTHER,56040
25017.0,MIDDLESEX,4,DEMOCRAT,45699
25017.0,MIDDLESEX,4,OTHER,2876
25017.0,MIDDLESEX,4,REPUBLICAN,12350
25017.0,MIDDLESEX,5,DEMOCRAT,271265
25017.0,MIDDLESEX,5,OTHER,14336
25017.0,MIDDLESEX,5,REPUBLICAN,89757
25017.0,MIDDLESEX,6,DEMOCRAT,73849
25017.0,MIDDLESEX,6,OTHER,4758
25017.0,MIDDLESEX,6,REPUBLICAN,48508
25017.0,MIDDLESEX,7,DEMOCRAT,71629
25017.0,MIDDLESEX,7,OTHER,14045
25017.0,MIDDLESEX,7,REPUBLICAN,158
25019.0,NANTUCKET,9,DEMOCRAT,5135
25019.0,NANTUCKET,9,OTHER,339
25019.0,NANTUCKET,9,REPUBLICAN,1864
25021.0,NORFOLK,2,DEMOCRAT,1098
25021.0,NORFOLK,2,OTHER,96
25021.0,NORFOLK,2,REPUBLICAN,933
25021.0,NORFOLK,4,DEMOCRAT,104997
25021.0,NORFOLK,4,OTHER,8411
25021.0,NORFOLK,4,REPUBLICAN,53472
25021.0,NORFOLK,7,DEMOCRAT,16913
25021.0,NORFOLK,7,OTHER,5261
25021.0,NORFOLK,7,REPUBLICAN,0
25021.0,NORFOLK,8,DEMOCRAT,156686
25021.0,NORFOLK,8,OTHER,63175
25023.0,PLYMOUTH,4,DEMOCRAT,2960
25023.0,PLYMOUTH,4,OTHER,388
25023.0,PLYMOUTH,4,REPUBLICAN,4029
25023.0,PLYMOUTH,8,DEMOCRAT,86065
25023.0,PLYMOUTH,8,OTHER,36678
25023.0,PLYMOUTH,9,DEMOCRAT,95921
25023.0,PLYMOUTH,9,OTHER,9905
25023.0,PLYMOUTH,9,REPUBLICAN,67924
25025.0,SUFFOLK,5,DEMOCRAT,18847
25025.0,SUFFOLK,5,OTHER,3032
25025.0,SUFFOLK,5,REPUBLICAN,9417
25025.0,SUFFOLK,7,DEMOCRAT,178820
25025.0,SUFFOLK,7,OTHER,39462
25025.0,SUFFOLK,7,REPUBLICAN,549
25025.0,SUFFOLK,8,DEMOCRAT,65928
25025.0,SUFFOLK,8,OTHER,21185
25027.0,WORCESTER,1,DEMOCRAT,23282
25027.0,WORCESTER,1,OTHER,10464
25027.0,WORCESTER,2,DEMOCRAT,184657
25027.0,WORCESTER,2,OTHER,9158
25027.0,WORCESTER,2,REPUBLICAN,113213
25027.0,WORCESTER,3,DEMOCRAT,50374
25027.0,WORCESTER,3,OTHER,18579
25027.0,WORCESTER,4,DEMOCRAT,9954
25027.0,WORCESTER,4,OTHER,961
25027.0,WORCESTER,4,REPUBLICAN,7562
25027.0,WORCESTER,5,DEMOCRAT,4315
25027.0,WORCESTER,5,OTHER,225
25027.0,WORCESTER,5,REPUBLICAN,2177
26001.0,ALCONA,1,DEMOCRAT,1911
26001.0,ALCONA,1,LIBERTARIAN,82
26001.0,ALCONA,1,REPUBLICAN,4901
26003.0,ALGER,1,DEMOCRAT,1936
26003.0,ALGER,1,LIBERTARIAN,64
26003.0,ALGER,1,REPUBLICAN,3063
26005.0,ALLEGAN,2,DEMOCRAT,653
26005.0,ALLEGAN,2,LIBERTARIAN,14
26005.0,ALLEGAN,2,OTHER,17
26005.0,ALLEGAN,2,REPUBLICAN,498
26005.0,ALLEGAN,6,DEMOCRAT,19301
26005.0,ALLEGAN,6,LIBERTARIAN,1763
26005.0,ALLEGAN,6,OTHER,745
26005.0,ALLEGAN,6,REPUBLICAN,42952
26007.0,ALPENA,1,DEMOCRAT,5336
26007.0,ALPENA,1,LIBERTARIAN,282
26007.0,ALPENA,1,REPUBLICAN,10961
26009.0,ANTRIM,1,DEMOCRAT,5235
26009.0,ANTRIM,1,LIBERTARIAN,263
26009.0,ANTRIM,1,REPUBLICAN,10292
26011.0,ARENAC,5,DEMOCRAT,3014
26011.0,ARENAC,5,LIBERTARIAN,125
26011.0,ARENAC,5,OTHER,242
26011.0,ARENAC,5,REPUBLICAN,5204
26013.0,BARAGA,1,DEMOCRAT,1332
26013.0,BARAGA,1,LIBERTARIAN,56
26013.0,BARAGA,1,REPUBLICAN,2595
26015.0,BARRY,3,DEMOCRAT,12058
26015.0,BARRY,3,OTHER,0
26015.0,BARRY,3,REPUBLICAN,23083
26017.0,BAY,5,DEMOCRAT,27108
26017.0,BAY,5,LIBERTARIAN,916
26017.0,BAY,5,OTHER,1320
26017.0,BAY,5,REPUBLICAN,29551
26019.0,BENZIE,1,DEMOCRAT,4903
26019.0,BENZIE,1,LIBERTARIAN,162
26019.0,BENZIE,1,REPUBLICAN,7022
26021.0,BERRIEN,6,DEMOCRAT,32279
26021.0,BERRIEN,6,LIBERTARIAN,2615
26021.0,BERRIEN,6,OTHER,834
26021.0,BERRIEN,6,REPUBLICAN,45366
26023.0,BRANCH,7,DEMOCRAT,5929
26023.0,BRANCH,7,REPUBLICAN,14223
26025.0,CALHOUN,3,DEMOCRAT,29133
26025.0,CALHOUN,3,OTHER,1
26025.0,CALHOUN,3,REPUBLICAN,35474
26027.0,CASS,6,DEMOCRAT,7811
26027.0,CASS,6,LIBERTARIAN,913
26027.0,CASS,6,OTHER,327
26027.0,CASS,6,REPUBLICAN,16744
26029.0,CHARLEVOIX,1,DEMOCRAT,5989
26029.0,CHARLEVOIX,1,LIBERTARIAN,274
26029.0,CHARLEVOIX,1,REPUBLICAN,10498
26031.0,CHEBOYGAN,1,DEMOCRAT,4671
26031.0,CHEBOYGAN,1,LIBERTARIAN,226
26031.0,CHEBOYGAN,1,REPUBLICAN,10705
26033.0,CHIPPEWA,1,DEMOCRAT,5765
26033.0,CHIPPEWA,1,LIBERTARIAN,251
26033.0,CHIPPEWA,1,REPUBLICAN,11364
26035.0,CLARE,4,DEMOCRAT,4525
26035.0,CLARE,4,LIBERTARIAN,201
26035.0,CLARE,4,OTHER,197
26035.0,CLARE,4,REPUBLICAN,10917
26037.0,CLINTON,4,DEMOCRAT,18021
26037.0,CLINTON,4,LIBERTARIAN,695
26037.0,CLINTON,4,OTHER,582
26037.0,CLINTON,4,REPUBLICAN,25963
26039.0,CRAWFORD,1,DEMOCRAT,2223
26039.0,CRAWFORD,1,LIBERTARIAN,112
26039.0,CRAWFORD,1,REPUBLICAN,5357
26041.0,DELTA,1,DEMOCRAT,6893
26041.0,DELTA,1,LIBERTARIAN,262
26041.0,DELTA,1,REPUBLICAN,13719
26043.0,DICKINSON,1,DEMOCRAT,4322
26043.0,DICKINSON,1,LIBERTARIAN,196
26043.0,DICKINSON,1,REPUBLICAN,9893
26045.0,EATON,7,DEMOCRAT,28268
26045.0,EATON,7,REPUBLICAN,32586
26047.0,EMMET,1,DEMOCRAT,8496
26047.0,EMMET,1,LIBERTARIAN,326
26047.0,EMMET,1,REPUBLICAN,13069
26049.0,GENESEE,5,DEMOCRAT,125219
26049.0,GENESEE,5,LIBERTARIAN,3261
26049.0,GENESEE,5,OTHER,4847
26049.0,GENESEE,5,REPUBLICAN,84215
26051.0,GLADWIN,4,DEMOCRAT,3771
26051.0,GLADWIN,4,LIBERTARIAN,137
26051.0,GLADWIN,4,OTHER,141
26051.0,GLADWIN,4,REPUBLICAN,10177
26053.0,GOGEBIC,1,DEMOCRAT,3332
26053.0,GOGEBIC,1,LIBERTARIAN,113
26053.0,GOGEBIC,1,REPUBLICAN,4672
26055.0,GRAND TRAVERSE,1,DEMOCRAT,25578
26055.0,GRAND TRAVERSE,1,LIBERTARIAN,1095
26055.0,GRAND TRAVERSE,1,REPUBLICAN,32768
26057.0,GRATIOT,4,DEMOCRAT,5561
26057.0,GRATIOT,4,LIBERTARIAN,264
26057.0,GRATIOT,4,OTHER,254
26057.0,GRATIOT,4,REPUBLICAN,12617
26059.0,HILLSDALE,7,DEMOCRAT,5560
26059.0,HILLSDALE,7,REPUBLICAN,17280
26061.0,HOUGHTON,1,DEMOCRAT,6997
26061.0,HOUGHTON,1,LIBERTARIAN,323
26061.0,HOUGHTON,1,REPUBLICAN,10960
26063.0,HURON,10,DEMOCRAT,5020
26063.0,HURON,10,REPUBLICAN,12816
26065.0,INGHAM,8,DEMOCRAT,96392
26065.0,INGHAM,8,LIBERTARIAN,2734
26065.0,INGHAM,8,REPUBLICAN,44024
26067.0,IONIA,3,DEMOCRAT,11086
26067.0,IONIA,3,OTHER,0
26067.0,IONIA,3,REPUBLICAN,20258
26069.0,IOSCO,5,DEMOCRAT,5663
26069.0,IOSCO,5,LIBERTARIAN,249
26069.0,IOSCO,5,OTHER,357
26069.0,IOSCO,5,REPUBLICAN,8700
26071.0,IRON,1,DEMOCRAT,2306
26071.0,IRON,1,LIBERTARIAN,73
26071.0,IRON,1,REPUBLICAN,4318
26073.0,ISABELLA,4,DEMOCRAT,12084
26073.0,ISABELLA,4,LIBERTARIAN,419
26073.0,ISABELLA,4,OTHER,476
26073.0,ISABELLA,4,REPUBLICAN,15754
26075.0,JACKSON,7,DEMOCRAT,30650
26075.0,JACKSON,7,REPUBLICAN,48515
26077.0,KALAMAZOO,6,DEMOCRAT,71484
26077.0,KALAMAZOO,6,LIBERTARIAN,3244
26077.0,KALAMAZOO,6,OTHER,1663
26077.0,KALAMAZOO,6,REPUBLICAN,65059
26079.0,KALKASKA,1,DEMOCRAT,2697
26079.0,KALKASKA,1,LIBERTARIAN,191
26079.0,KALKASKA,1,REPUBLICAN,7560
26081.0,KENT,2,DEMOCRAT,40212
26081.0,KENT,2,LIBERTARIAN,1314
26081.0,KENT,2,OTHER,1168
26081.0,KENT,2,REPUBLICAN,43403
26081.0,KENT,3,DEMOCRAT,136587
26081.0,KENT,3,OTHER,0
26081.0,KENT,3,REPUBLICAN,133337
26083.0,KEWEENAW,1,DEMOCRAT,594
26083.0,KEWEENAW,1,LIBERTARIAN,23
26083.0,KEWEENAW,1,REPUBLICAN,909
26085.0,LAKE,2,DEMOCRAT,2003
26085.0,LAKE,2,LIBERTARIAN,59
26085.0,LAKE,2,OTHER,155
26085.0,LAKE,2,REPUBLICAN,3923
26087.0,LAPEER,10,DEMOCRAT,15443
26087.0,LAPEER,10,REPUBLICAN,35310
26089.0,LEELANAU,1,DEMOCRAT,7844
26089.0,LEELANAU,1,LIBERTARIAN,173
26089.0,LEELANAU,1,REPUBLICAN,8710
26091.0,LENAWEE,7,DEMOCRAT,20435
26091.0,LENAWEE,7,REPUBLICAN,32072
26093.0,LIVINGSTON,8,DEMOCRAT,50070
26093.0,LIVINGSTON,8,LIBERTARIAN,2336
26093.0,LIVINGSTON,8,REPUBLICAN,72590
26095.0,LUCE,1,DEMOCRAT,739
26095.0,LUCE,1,LIBERTARIAN,43
26095.0,LUCE,1,REPUBLICAN,2181
26097.0,MACKINAC,1,DEMOCRAT,2294
26097.0,MACKINAC,1,LIBERTARIAN,92
26097.0,MACKINAC,1,REPUBLICAN,4551
26099.0,MACOMB,10,DEMOCRAT,76257
26099.0,MACOMB,10,REPUBLICAN,135820
26099.0,MACOMB,9,DEMOCRAT,144980
26099.0,MACOMB,9,LIBERTARIAN,4394
26099.0,MACOMB,9,OTHER,7047
26099.0,MACOMB,9,REPUBLICAN,108719
26101.0,MANISTEE,1,DEMOCRAT,5348
26101.0,MANISTEE,1,LIBERTARIAN,190
26101.0,MANISTEE,1,REPUBLICAN,8896
26103.0,MARQUETTE,1,DEMOCRAT,19281
26103.0,MARQUETTE,1,LIBERTARIAN,560
26103.0,MARQUETTE,1,REPUBLICAN,17217
26105.0,MASON,1,DEMOCRAT,1411
26105.0,MASON,1,LIBERTARIAN,60
26105.0,MASON,1,REPUBLICAN,3185
26105.0,MASON,2,DEMOCRAT,4466
26105.0,MASON,2,LIBERTARIAN,123
26105.0,MASON,2,OTHER,185
26105.0,MASON,2,REPUBLICAN,7552
26107.0,MECOSTA,4,DEMOCRAT,6408
26107.0,MECOSTA,4,LIBERTARIAN,359
26107.0,MECOSTA,4,OTHER,279
26107.0,MECOSTA,4,REPUBLICAN,13527
26109.0,MENOMINEE,1,DEMOCRAT,4137
26109.0,MENOMINEE,1,LIBERTARIAN,185
26109.0,MENOMINEE,1,REPUBLICAN,7886
26111.0,MIDLAND,4,DEMOCRAT,16600
26111.0,MIDLAND,4,LIBERTARIAN,635
26111.0,MIDLAND,4,OTHER,387
26111.0,MIDLAND,4,REPUBLICAN,30533
26113.0,MISSAUKEE,4,DEMOCRAT,1675
26113.0,MISSAUKEE,4,LIBERTARIAN,101
26113.0,MISSAUKEE,4,OTHER,70
26113.0,MISSAUKEE,4,REPUBLICAN,6763
26115.0,MONROE,7,DEMOCRAT,32539
26115.0,MONROE,7,REPUBLICAN,51619
26117.0,MONTCALM,3,DEMOCRAT,905
26117.0,MONTCALM,3,OTHER,0
26117.0,MONTCALM,3,REPUBLICAN,1497
26117.0,MONTCALM,4,DEMOCRAT,7686
26117.0,MONTCALM,4,LIBERTARIAN,505
26117.0,MONTCALM,4,OTHER,449
26117.0,MONTCALM,4,REPUBLICAN,19949
26119.0,MONTMORENCY,1,DEMOCRAT,1404
26119.0,MONTMORENCY,1,LIBERTARIAN,96
26119.0,MONTMORENCY,1,REPUBLICAN,4258
26121.0,MUSKEGON,2,DEMOCRAT,39932
26121.0,MUSKEGON,2,LIBERTARIAN,1302
26121.0,MUSKEGON,2,OTHER,1348
26121.0,MUSKEGON,2,REPUBLICAN,47516
26123.0,NEWAYGO,2,DEMOCRAT,6753
26123.0,NEWAYGO,2,LIBERTARIAN,353
26123.0,NEWAYGO,2,OTHER,505
26123.0,NEWAYGO,2,REPUBLICAN,19083
26125.0,OAKLAND,11,DEMOCRAT,137331
26125.0,OAKLAND,11,LIBERTARIAN,5633
26125.0,OAKLAND,11,OTHER,1
26125.0,OAKLAND,11,REPUBLICAN,141893
26125.0,OAKLAND,14,DEMOCRAT,130404
26125.0,OAKLAND,14,LIBERTARIAN,2022
26125.0,OAKLAND,14,OTHER,1867
26125.0,OAKLAND,14,REPUBLICAN,41348
26125.0,OAKLAND,8,DEMOCRAT,71460
26125.0,OAKLAND,8,LIBERTARIAN,2827
26125.0,OAKLAND,8,REPUBLICAN,85911
26125.0,OAKLAND,9,DEMOCRAT,85338
26125.0,OAKLAND,9,LIBERTARIAN,2138
26125.0,OAKLAND,9,OTHER,1924
26125.0,OAKLAND,9,REPUBLICAN,44577
26127.0,OCEANA,2,DEMOCRAT,4198
26127.0,OCEANA,2,LIBERTARIAN,139
26127.0,OCEANA,2,OTHER,313
26127.0,OCEANA,2,REPUBLICAN,9178
26129.0,OGEMAW,4,DEMOCRAT,2977
26129.0,OGEMAW,4,LIBERTARIAN,156
26129.0,OGEMAW,4,OTHER,121
26129.0,OGEMAW,4,REPUBLICAN,8272
26131.0,ONTONAGON,1,DEMOCRAT,1252
26131.0,ONTONAGON,1,LIBERTARIAN,43
26131.0,ONTONAGON,1,REPUBLICAN,2457
26133.0,OSCEOLA,4,DEMOCRAT,2757
26133.0,OSCEOLA,4,LIBERTARIAN,184
26133.0,OSCEOLA,4,OTHER,124
26133.0,OSCEOLA,4,REPUBLICAN,9059
26135.0,OSCODA,1,DEMOCRAT,1157
26135.0,OSCODA,1,LIBERTARIAN,87
26135.0,OSCODA,1,REPUBLICAN,3540
26137.0,OTSEGO,1,DEMOCRAT,4022
26137.0,OTSEGO,1,LIBERTARIAN,258
26137.0,OTSEGO,1,REPUBLICAN,10264
26139.0,OTTAWA,2,DEMOCRAT,55905
26139.0,OTTAWA,2,LIBERTARIAN,1988
26139.0,OTTAWA,2,OTHER,1431
26139.0,OTTAWA,2,REPUBLICAN,107558
26141.0,PRESQUE ISLE,1,DEMOCRAT,2528
26141.0,PRESQUE ISLE,1,LIBERTARIAN,99
26141.0,PRESQUE ISLE,1,REPUBLICAN,5609
26143.0,ROSCOMMON,4,DEMOCRAT,4535
26143.0,ROSCOMMON,4,LIBERTARIAN,152
26143.0,ROSCOMMON,4,OTHER,132
26143.0,ROSCOMMON,4,REPUBLICAN,9883
26145.0,SAGINAW,4,DEMOCRAT,15360
26145.0,SAGINAW,4,LIBERTARIAN,631
26145.0,SAGINAW,4,OTHER,471
26145.0,SAGINAW,4,REPUBLICAN,32823
26145.0,SAGINAW,5,DEMOCRAT,32260
26145.0,SAGINAW,5,LIBERTARIAN,782
26145.0,SAGINAW,5,OTHER,1204
26145.0,SAGINAW,5,REPUBLICAN,17259
26147.0,ST CLAIR,10,DEMOCRAT,30039
26147.0,ST CLAIR,10,REPUBLICAN,58049
26149.0,ST JOSEPH,6,DEMOCRAT,7486
26149.0,ST JOSEPH,6,LIBERTARIAN,844
26149.0,ST JOSEPH,6,OTHER,875
26149.0,ST JOSEPH,6,REPUBLICAN,18141
26151.0,SANILAC,10,DEMOCRAT,5776
26151.0,SANILAC,10,REPUBLICAN,16090
26153.0,SCHOOLCRAFT,1,DEMOCRAT,1395
26153.0,SCHOOLCRAFT,1,LIBERTARIAN,50
26153.0,SCHOOLCRAFT,1,REPUBLICAN,3201
26155.0,SHIAWASSEE,4,DEMOCRAT,13142
26155.0,SHIAWASSEE,4,LIBERTARIAN,631
26155.0,SHIAWASSEE,4,OTHER,523
26155.0,SHIAWASSEE,4,REPUBLICAN,23721
26157.0,TUSCOLA,10,DEMOCRAT,5644
26157.0,TUSCOLA,10,REPUBLICAN,13522
26157.0,TUSCOLA,5,DEMOCRAT,3335
26157.0,TUSCOLA,5,LIBERTARIAN,148
26157.0,TUSCOLA,5,OTHER,210
26157.0,TUSCOLA,5,REPUBLICAN,5843
26159.0,VAN BUREN,6,DEMOCRAT,13724
26159.0,VAN BUREN,6,LIBERTARIAN,1020
26159.0,VAN BUREN,6,OTHER,536
26159.0,VAN BUREN,6,REPUBLICAN,23234
26161.0,WASHTENAW,12,DEMOCRAT,118481
26161.0,WASHTENAW,12,OTHER,2897
26161.0,WASHTENAW,12,REPUBLICAN,25962
26161.0,WASHTENAW,7,DEMOCRAT,34707
26161.0,WASHTENAW,7,REPUBLICAN,30922
26163.0,WAYNE,11,DEMOCRAT,88797
26163.0,WAYNE,11,LIBERTARIAN,3303
26163.0,WAYNE,11,OTHER,3
26163.0,WAYNE,11,REPUBLICAN,73512
26163.0,WAYNE,12,DEMOCRAT,136476
26163.0,WAYNE,12,OTHER,8250
26163.0,WAYNE,12,REPUBLICAN,91757
26163.0,WAYNE,13,DEMOCRAT,223205
26163.0,WAYNE,13,OTHER,9369
26163.0,WAYNE,13,REPUBLICAN,53311
26163.0,WAYNE,14,DEMOCRAT,140966
26163.0,WAYNE,14,LIBERTARIAN,1715
26163.0,WAYNE,14,OTHER,2665
26163.0,WAYNE,14,REPUBLICAN,21316
26165.0,WEXFORD,4,DEMOCRAT,4973
26165.0,WEXFORD,4,LIBERTARIAN,295
26165.0,WEXFORD,4,OTHER,235
26165.0,WEXFORD,4,REPUBLICAN,12334
27001.0,AITKIN,8,OTHER,3687
27001.0,AITKIN,8,REPUBLICAN,6063
27003.0,ANOKA,3,OTHER,18036
27003.0,ANOKA,3,REPUBLICAN,16547
27003.0,ANOKA,5,OTHER,18323
27003.0,ANOKA,5,REPUBLICAN,11214
27003.0,ANOKA,6,OTHER,52768
27003.0,ANOKA,6,REPUBLICAN,86809
27005.0,BECKER,7,OTHER,8848
27005.0,BECKER,7,REPUBLICAN,10342
27007.0,BELTRAMI,7,OTHER,8848
27007.0,BELTRAMI,7,REPUBLICAN,5827
27007.0,BELTRAMI,8,OTHER,3475
27007.0,BELTRAMI,8,REPUBLICAN,5523
27009.0,BENTON,6,OTHER,6516
27009.0,BENTON,6,REPUBLICAN,15032
27011.0,BIG STONE,7,OTHER,1462
27011.0,BIG STONE,7,REPUBLICAN,1456
27013.0,BLUE EARTH,1,OTHER,20687
27013.0,BLUE EARTH,1,REPUBLICAN,14653
27015.0,BROWN,1,OTHER,5903
27015.0,BROWN,1,REPUBLICAN,8585
27017.0,CARLTON,8,OTHER,9962
27017.0,CARLTON,8,REPUBLICAN,10243
27019.0,CARVER,3,OTHER,19527
27019.0,CARVER,3,REPUBLICAN,21162
27019.0,CARVER,6,OTHER,7655
27019.0,CARVER,6,REPUBLICAN,16590
27021.0,CASS,8,OTHER,6807
27021.0,CASS,8,REPUBLICAN,11202
27023.0,CHIPPEWA,7,OTHER,3393
27023.0,CHIPPEWA,7,REPUBLICAN,3169
27025.0,CHISAGO,8,OTHER,12754
27025.0,CHISAGO,8,REPUBLICAN,20591
27027.0,CLAY,7,OTHER,19939
27027.0,CLAY,7,REPUBLICAN,11653
27029.0,CLEARWATER,7,OTHER,1720
27029.0,CLEARWATER,7,REPUBLICAN,2909
27031.0,COOK,8,OTHER,2470
27031.0,COOK,8,REPUBLICAN,1299
27033.0,COTTONWOOD,1,OTHER,609
27033.0,COTTONWOOD,1,REPUBLICAN,1344
27033.0,COTTONWOOD,7,OTHER,1792
27033.0,COTTONWOOD,7,REPUBLICAN,2261
27035.0,CROW WING,8,OTHER,14876
27035.0,CROW WING,8,REPUBLICAN,24546
27037.0,DAKOTA,2,OTHER,146646
27037.0,DAKOTA,2,REPUBLICAN,109893
27039.0,DODGE,1,OTHER,5203
27039.0,DODGE,1,REPUBLICAN,6797
27041.0,DOUGLAS,7,OTHER,9804
27041.0,DOUGLAS,7,REPUBLICAN,13939
27043.0,FARIBAULT,1,OTHER,3250
27043.0,FARIBAULT,1,REPUBLICAN,4601
27045.0,FILLMORE,1,OTHER,5667
27045.0,FILLMORE,1,REPUBLICAN,6294
27047.0,FREEBORN,1,OTHER,8153
27047.0,FREEBORN,1,REPUBLICAN,8381
27049.0,GOODHUE,2,OTHER,12901
27049.0,GOODHUE,2,REPUBLICAN,15270
27051.0,GRANT,7,OTHER,1876
27051.0,GRANT,7,REPUBLICAN,1751
27053.0,HENNEPIN,3,OTHER,209415
27053.0,HENNEPIN,3,REPUBLICAN,158916
27053.0,HENNEPIN,5,OTHER,275731
27053.0,HENNEPIN,5,REPUBLICAN,91101
27053.0,HENNEPIN,6,OTHER,204
27053.0,HENNEPIN,6,REPUBLICAN,403
27055.0,HOUSTON,1,OTHER,5783
27055.0,HOUSTON,1,REPUBLICAN,5434
27057.0,HUBBARD,8,OTHER,4687
27057.0,HUBBARD,8,REPUBLICAN,8064
27059.0,ISANTI,8,OTHER,8319
27059.0,ISANTI,8,REPUBLICAN,15216
27061.0,ITASCA,8,OTHER,10816
27061.0,ITASCA,8,REPUBLICAN,15402
27063.0,JACKSON,1,OTHER,2242
27063.0,JACKSON,1,REPUBLICAN,3522
27065.0,KANABEC,8,OTHER,3097
27065.0,KANABEC,8,REPUBLICAN,5818
27067.0,KANDIYOHI,7,OTHER,10890
27067.0,KANDIYOHI,7,REPUBLICAN,12210
27069.0,KITTSON,7,OTHER,1514
27069.0,KITTSON,7,REPUBLICAN,1093
27071.0,KOOCHICHING,8,OTHER,2690
27071.0,KOOCHICHING,8,REPUBLICAN,4135
27073.0,LAC QUI PARLE,7,OTHER,2069
27073.0,LAC QUI PARLE,7,REPUBLICAN,1905
27075.0,LAKE,8,OTHER,3590
27075.0,LAKE,8,REPUBLICAN,3548
27077.0,LAKE OF THE WOODS,7,OTHER,926
27077.0,LAKE OF THE WOODS,7,REPUBLICAN,1432
27079.0,LE SUEUR,1,OTHER,7025
27079.0,LE SUEUR,1,REPUBLICAN,9551
27081.0,LINCOLN,7,OTHER,1353
27081.0,LINCOLN,7,REPUBLICAN,1735
27083.0,LYON,7,OTHER,5835
27083.0,LYON,7,REPUBLICAN,6861
27085.0,MCLEOD,7,OTHER,8442
27085.0,MCLEOD,7,REPUBLICAN,12073
27087.0,MAHNOMEN,7,OTHER,1394
27087.0,MAHNOMEN,7,REPUBLICAN,873
27089.0,MARSHALL,7,OTHER,2320
27089.0,MARSHALL,7,REPUBLICAN,2745
27091.0,MARTIN,1,OTHER,4228
27091.0,MARTIN,1,REPUBLICAN,6664
27093.0,MEEKER,7,OTHER,5255
27093.0,MEEKER,7,REPUBLICAN,8055
27095.0,MILLE LACS,8,OTHER,5046
27095.0,MILLE LACS,8,REPUBLICAN,9302
27097.0,MORRISON,8,OTHER,5054
27097.0,MORRISON,8,REPUBLICAN,13927
27099.0,MOWER,1,OTHER,10435
27099.0,MOWER,1,REPUBLICAN,8679
27101.0,MURRAY,7,OTHER,2010
27101.0,MURRAY,7,REPUBLICAN,2833
27103.0,NICOLLET,1,OTHER,10951
27103.0,NICOLLET,1,REPUBLICAN,7947
27105.0,NOBLES,1,OTHER,3558
27105.0,NOBLES,1,REPUBLICAN,5020
27107.0,NORMAN,7,OTHER,2127
27107.0,NORMAN,7,REPUBLICAN,1269
27109.0,OLMSTED,1,OTHER,53297
27109.0,OLMSTED,1,REPUBLICAN,36460
27111.0,OTTER TAIL,7,OTHER,15814
27111.0,OTTER TAIL,7,REPUBLICAN,20046
27113.0,PENNINGTON,7,OTHER,3686
27113.0,PENNINGTON,7,REPUBLICAN,3514
27115.0,PINE,8,OTHER,5889
27115.0,PINE,8,REPUBLICAN,9673
27117.0,PIPESTONE,7,OTHER,1761
27117.0,PIPESTONE,7,REPUBLICAN,3110
27119.0,POLK,7,OTHER,7754
27119.0,POLK,7,REPUBLICAN,7596
27121.0,POPE,7,OTHER,3282
27121.0,POPE,7,REPUBLICAN,3660
27123.0,RAMSEY,4,OTHER,212251
27123.0,RAMSEY,4,REPUBLICAN,68963
27123.0,RAMSEY,5,OTHER,1297
27123.0,RAMSEY,5,REPUBLICAN,563
27125.0,RED LAKE,7,OTHER,1102
27125.0,RED LAKE,7,REPUBLICAN,1062
27127.0,REDWOOD,7,OTHER,3284
27127.0,REDWOOD,7,REPUBLICAN,4905
27129.0,RENVILLE,7,OTHER,3928
27129.0,RENVILLE,7,REPUBLICAN,4112
27131.0,RICE,1,OTHER,9265
27131.0,RICE,1,REPUBLICAN,10777
27131.0,RICE,2,OTHER,9918
27131.0,RICE,2,REPUBLICAN,4860
27133.0,ROCK,1,OTHER,1850
27133.0,ROCK,1,REPUBLICAN,3278
27135.0,ROSEAU,7,OTHER,3210
27135.0,ROSEAU,7,REPUBLICAN,5133
27137.0,ST LOUIS,8,OTHER,64743
27137.0,ST LOUIS,8,REPUBLICAN,53667
27139.0,SCOTT,2,OTHER,40171
27139.0,SCOTT,2,REPUBLICAN,45444
27141.0,SHERBURNE,6,OTHER,15607
27141.0,SHERBURNE,6,REPUBLICAN,37894
27143.0,SIBLEY,7,OTHER,3339
27143.0,SIBLEY,7,REPUBLICAN,4959
27145.0,STEARNS,6,OTHER,24798
27145.0,STEARNS,6,REPUBLICAN,41838
27145.0,STEARNS,7,OTHER,5286
27145.0,STEARNS,7,REPUBLICAN,10807
27147.0,STEELE,1,OTHER,9609
27147.0,STEELE,1,REPUBLICAN,11120
27149.0,STEVENS,7,OTHER,2549
27149.0,STEVENS,7,REPUBLICAN,2490
27151.0,SWIFT,7,OTHER,2651
27151.0,SWIFT,7,REPUBLICAN,2497
27153.0,TODD,7,OTHER,4737
27153.0,TODD,7,REPUBLICAN,8277
27155.0,TRAVERSE,7,OTHER,937
27155.0,TRAVERSE,7,REPUBLICAN,887
27157.0,WABASHA,2,OTHER,5230
27157.0,WABASHA,2,REPUBLICAN,7701
27159.0,WADENA,8,OTHER,2317
27159.0,WADENA,8,REPUBLICAN,5213
27161.0,WASECA,1,OTHER,4444
27161.0,WASECA,1,REPUBLICAN,5847
27163.0,WASHINGTON,2,OTHER,14692
27163.0,WASHINGTON,2,REPUBLICAN,11786
27163.0,WASHINGTON,4,OTHER,64133
27163.0,WASHINGTON,4,REPUBLICAN,43767
27163.0,WASHINGTON,6,OTHER,9904
27163.0,WASHINGTON,6,REPUBLICAN,16436
27165.0,WATONWAN,1,OTHER,2408
27165.0,WATONWAN,1,REPUBLICAN,2699
27167.0,WILKIN,7,OTHER,1782
27167.0,WILKIN,7,REPUBLICAN,1631
27169.0,WINONA,1,OTHER,15055
27169.0,WINONA,1,REPUBLICAN,11581
27171.0,WRIGHT,6,OTHER,23954
27171.0,WRIGHT,6,REPUBLICAN,55899
27173.0,YELLOW MEDICINE,7,OTHER,2492
27173.0,YELLOW MEDICINE,7,REPUBLICAN,2989
28001.0,ADAMS,3,DEMOCRAT,6990
28001.0,ADAMS,3,REPUBLICAN,5802
28003.0,ALCORN,1,DEMOCRAT,2441
28003.0,ALCORN,1,REPUBLICAN,12780
28005.0,AMITE,3,DEMOCRAT,2521
28005.0,AMITE,3,REPUBLICAN,4417
28007.0,ATTALA,2,DEMOCRAT,3764
28007.0,ATTALA,2,REPUBLICAN,4931
28009.0,BENTON,1,DEMOCRAT,1454
28009.0,BENTON,1,REPUBLICAN,2567
28011.0,BOLIVAR,2,DEMOCRAT,9132
28011.0,BOLIVAR,2,REPUBLICAN,4367
28013.0,CALHOUN,1,DEMOCRAT,1628
28013.0,CALHOUN,1,REPUBLICAN,4764
28015.0,CARROLL,2,DEMOCRAT,1923
28015.0,CARROLL,2,REPUBLICAN,3681
28017.0,CHICKASAW,1,DEMOCRAT,3253
28017.0,CHICKASAW,1,REPUBLICAN,4548
28019.0,CHOCTAW,1,DEMOCRAT,1109
28019.0,CHOCTAW,1,REPUBLICAN,3023
28021.0,CLAIBORNE,2,DEMOCRAT,3854
28021.0,CLAIBORNE,2,REPUBLICAN,572
28023.0,CLARKE,3,DEMOCRAT,2044
28023.0,CLARKE,3,REPUBLICAN,5033
28025.0,CLAY,1,DEMOCRAT,5055
28025.0,CLAY,1,REPUBLICAN,4714
28027.0,COAHOMA,2,DEMOCRAT,6127
28027.0,COAHOMA,2,REPUBLICAN,2167
28029.0,COPIAH,2,DEMOCRAT,6710
28029.0,COPIAH,2,REPUBLICAN,5947
28031.0,COVINGTON,3,DEMOCRAT,3130
28031.0,COVINGTON,3,REPUBLICAN,5836
28033.0,DESOTO,1,DEMOCRAT,27255
28033.0,DESOTO,1,REPUBLICAN,47838
28035.0,FORREST,4,REPUBLICAN,23635
28037.0,FRANKLIN,3,DEMOCRAT,1391
28037.0,FRANKLIN,3,REPUBLICAN,2876
28039.0,GEORGE,4,REPUBLICAN,9944
28041.0,GREENE,4,REPUBLICAN,5036
28043.0,GRENADA,2,DEMOCRAT,5099
28043.0,GRENADA,2,REPUBLICAN,5597
28045.0,HANCOCK,4,REPUBLICAN,17196
28047.0,HARRISON,4,REPUBLICAN,57126
28049.0,HINDS,2,DEMOCRAT,66151
28049.0,HINDS,2,REPUBLICAN,19418
28049.0,HINDS,3,DEMOCRAT,6740
28049.0,HINDS,3,REPUBLICAN,7566
28051.0,HOLMES,2,DEMOCRAT,6671
28051.0,HOLMES,2,REPUBLICAN,1249
28053.0,HUMPHREYS,2,DEMOCRAT,3095
28053.0,HUMPHREYS,2,REPUBLICAN,990
28055.0,ISSAQUENA,2,DEMOCRAT,368
28055.0,ISSAQUENA,2,REPUBLICAN,295
28057.0,ITAWAMBA,1,DEMOCRAT,1048
28057.0,ITAWAMBA,1,REPUBLICAN,9514
28059.0,JACKSON,4,REPUBLICAN,42158
28061.0,JASPER,3,DEMOCRAT,3984
28061.0,JASPER,3,REPUBLICAN,4344
28063.0,JEFFERSON,2,DEMOCRAT,3368
28063.0,JEFFERSON,2,REPUBLICAN,494
28065.0,JEFFERSON DAVIS,3,DEMOCRAT,3357
28065.0,JEFFERSON DAVIS,3,REPUBLICAN,2566
28067.0,JONES,4,REPUBLICAN,25291
28069.0,KEMPER,3,DEMOCRAT,2597
28069.0,KEMPER,3,REPUBLICAN,1928
28071.0,LAFAYETTE,1,DEMOCRAT,9141
28071.0,LAFAYETTE,1,REPUBLICAN,13941
28073.0,LAMAR,4,REPUBLICAN,24080
28075.0,LAUDERDALE,3,DEMOCRAT,12103
28075.0,LAUDERDALE,3,REPUBLICAN,18711
28077.0,LAWRENCE,3,DEMOCRAT,2033
28077.0,LAWRENCE,3,REPUBLICAN,4299
28079.0,LEAKE,2,DEMOCRAT,4031
28079.0,LEAKE,2,REPUBLICAN,4973
28081.0,LEE,1,DEMOCRAT,10620
28081.0,LEE,1,REPUBLICAN,25028
28083.0,LEFLORE,2,DEMOCRAT,7749
28083.0,LEFLORE,2,REPUBLICAN,2961
28085.0,LINCOLN,3,DEMOCRAT,4536
28085.0,LINCOLN,3,REPUBLICAN,11751
28087.0,LOWNDES,1,DEMOCRAT,11562
28087.0,LOWNDES,1,REPUBLICAN,14576
28089.0,MADISON,2,DEMOCRAT,9477
28089.0,MADISON,2,REPUBLICAN,2583
28089.0,MADISON,3,DEMOCRAT,12824
28089.0,MADISON,3,REPUBLICAN,31172
28091.0,MARION,4,REPUBLICAN,9834
28093.0,MARSHALL,1,DEMOCRAT,6971
28093.0,MARSHALL,1,REPUBLICAN,7621
28095.0,MONROE,1,DEMOCRAT,4970
28095.0,MONROE,1,REPUBLICAN,11646
28097.0,MONTGOMERY,2,DEMOCRAT,2283
28097.0,MONTGOMERY,2,REPUBLICAN,2724
28099.0,NESHOBA,3,DEMOCRAT,2995
28099.0,NESHOBA,3,REPUBLICAN,8592
28101.0,NEWTON,3,DEMOCRAT,2918
28101.0,NEWTON,3,REPUBLICAN,7201
28103.0,NOXUBEE,3,DEMOCRAT,3572
28103.0,NOXUBEE,3,REPUBLICAN,1282
28105.0,OKTIBBEHA,1,DEMOCRAT,598
28105.0,OKTIBBEHA,1,REPUBLICAN,1015
28105.0,OKTIBBEHA,3,DEMOCRAT,8293
28105.0,OKTIBBEHA,3,REPUBLICAN,8932
28107.0,PANOLA,2,DEMOCRAT,7800
28107.0,PANOLA,2,REPUBLICAN,7727
28109.0,PEARL RIVER,4,REPUBLICAN,20863
28111.0,PERRY,4,REPUBLICAN,4954
28113.0,PIKE,3,DEMOCRAT,7964
28113.0,PIKE,3,REPUBLICAN,8674
28115.0,PONTOTOC,1,DEMOCRAT,2206
28115.0,PONTOTOC,1,REPUBLICAN,11787
28117.0,PRENTISS,1,DEMOCRAT,1740
28117.0,PRENTISS,1,REPUBLICAN,8613
28119.0,QUITMAN,2,DEMOCRAT,2215
28119.0,QUITMAN,2,REPUBLICAN,921
28121.0,RANKIN,3,DEMOCRAT,16326
28121.0,RANKIN,3,REPUBLICAN,54043
28123.0,SCOTT,3,DEMOCRAT,4063
28123.0,SCOTT,3,REPUBLICAN,6341
28125.0,SHARKEY,2,DEMOCRAT,1513
28125.0,SHARKEY,2,REPUBLICAN,606
28127.0,SIMPSON,3,DEMOCRAT,3633
28127.0,SIMPSON,3,REPUBLICAN,7798
28129.0,SMITH,3,DEMOCRAT,1652
28129.0,SMITH,3,REPUBLICAN,6417
28131.0,STONE,4,REPUBLICAN,6684
28133.0,SUNFLOWER,2,DEMOCRAT,6961
28133.0,SUNFLOWER,2,REPUBLICAN,2550
28135.0,TALLAHATCHIE,2,DEMOCRAT,3378
28135.0,TALLAHATCHIE,2,REPUBLICAN,2179
28137.0,TATE,1,DEMOCRAT,3767
28137.0,TATE,1,REPUBLICAN,8699
28139.0,TIPPAH,1,DEMOCRAT,1673
28139.0,TIPPAH,1,REPUBLICAN,8050
28141.0,TISHOMINGO,1,DEMOCRAT,969
28141.0,TISHOMINGO,1,REPUBLICAN,7887
28143.0,TUNICA,2,DEMOCRAT,2615
28143.0,TUNICA,2,REPUBLICAN,834
28145.0,UNION,1,DEMOCRAT,1809
28145.0,UNION,1,REPUBLICAN,10505
28147.0,WALTHALL,3,DEMOCRAT,2600
28147.0,WALTHALL,3,REPUBLICAN,4136
28149.0,WARREN,2,DEMOCRAT,10396
28149.0,WARREN,2,REPUBLICAN,10280
28151.0,WASHINGTON,2,DEMOCRAT,12965
28151.0,WASHINGTON,2,REPUBLICAN,4919
28153.0,WAYNE,4,REPUBLICAN,8339
28155.0,WEBSTER,1,DEMOCRAT,882
28155.0,WEBSTER,1,REPUBLICAN,4349
28157.0,WILKINSON,3,DEMOCRAT,2516
28157.0,WILKINSON,3,REPUBLICAN,1347
28159.0,WINSTON,1,DEMOCRAT,3857
28159.0,WINSTON,1,REPUBLICAN,5322
28161.0,YALOBUSHA,2,DEMOCRAT,2975
28161.0,YALOBUSHA,2,REPUBLICAN,3496
28163.0,YAZOO,2,DEMOCRAT,5604
28163.0,YAZOO,2,REPUBLICAN,4549
29001.0,ADAIR,6,DEMOCRAT,3219
29001.0,ADAIR,6,LIBERTARIAN,195
29001.0,ADAIR,6,REPUBLICAN,6814
29003.0,ANDREW,6,DEMOCRAT,2002
29003.0,ANDREW,6,LIBERTARIAN,217
29003.0,ANDREW,6,REPUBLICAN,7420
29005.0,ATCHISON,6,DEMOCRAT,444
29005.0,ATCHISON,6,LIBERTARIAN,72
29005.0,ATCHISON,6,REPUBLICAN,2257
29007.0,AUDRAIN,4,DEMOCRAT,2009
29007.0,AUDRAIN,4,LIBERTARIAN,255
29007.0,AUDRAIN,4,REPUBLICAN,6064
29007.0,AUDRAIN,6,DEMOCRAT,428
29007.0,AUDRAIN,6,LIBERTARIAN,52
29007.0,AUDRAIN,6,REPUBLICAN,1628
29009.0,BARRY,7,DEMOCRAT,2701
29009.0,BARRY,7,LIBERTARIAN,580
29009.0,BARRY,7,OTHER,18
29009.0,BARRY,7,REPUBLICAN,12016
29011.0,BARTON,4,DEMOCRAT,758
29011.0,BARTON,4,LIBERTARIAN,129
29011.0,BARTON,4,REPUBLICAN,5053
29013.0,BATES,4,DEMOCRAT,1556
29013.0,BATES,4,LIBERTARIAN,195
29013.0,BATES,4,REPUBLICAN,6539
29015.0,BENTON,4,DEMOCRAT,2073
29015.0,BENTON,4,LIBERTARIAN,273
29015.0,BENTON,4,REPUBLICAN,7981
29017.0,BOLLINGER,8,DEMOCRAT,791
29017.0,BOLLINGER,8,LIBERTARIAN,73
29017.0,BOLLINGER,8,REPUBLICAN,5020
29019.0,BOONE,4,DEMOCRAT,45540
29019.0,BOONE,4,LIBERTARIAN,2495
29019.0,BOONE,4,REPUBLICAN,40809
29021.0,BUCHANAN,6,DEMOCRAT,11659
29021.0,BUCHANAN,6,LIBERTARIAN,1008
29021.0,BUCHANAN,6,REPUBLICAN,23523
29023.0,BUTLER,8,DEMOCRAT,3154
29023.0,BUTLER,8,LIBERTARIAN,289
29023.0,BUTLER,8,REPUBLICAN,14372
29025.0,CALDWELL,6,DEMOCRAT,768
29025.0,CALDWELL,6,LIBERTARIAN,142
29025.0,CALDWELL,6,REPUBLICAN,3693
29027.0,CALLAWAY,3,DEMOCRAT,4974
29027.0,CALLAWAY,3,LIBERTARIAN,450
29027.0,CALLAWAY,3,OTHER,37
29027.0,CALLAWAY,3,REPUBLICAN,15349
29029.0,CAMDEN,3,DEMOCRAT,3122
29029.0,CAMDEN,3,LIBERTARIAN,248
29029.0,CAMDEN,3,REPUBLICAN,11652
29029.0,CAMDEN,4,DEMOCRAT,1809
29029.0,CAMDEN,4,LIBERTARIAN,238
29029.0,CAMDEN,4,REPUBLICAN,7270
29031.0,CAPE GIRARDEAU,8,DEMOCRAT,10036
29031.0,CAPE GIRARDEAU,8,LIBERTARIAN,739
29031.0,CAPE GIRARDEAU,8,REPUBLICAN,29028
29033.0,CARROLL,6,DEMOCRAT,639
29033.0,CARROLL,6,LIBERTARIAN,55
29033.0,CARROLL,6,REPUBLICAN,3772
29035.0,CARTER,8,DEMOCRAT,392
29035.0,CARTER,8,LIBERTARIAN,35
29035.0,CARTER,8,REPUBLICAN,2378
29037.0,CASS,4,DEMOCRAT,17050
29037.0,CASS,4,LIBERTARIAN,1380
29037.0,CASS,4,REPUBLICAN,38185
29039.0,CEDAR,4,DEMOCRAT,1070
29039.0,CEDAR,4,LIBERTARIAN,176
29039.0,CEDAR,4,REPUBLICAN,5657
29041.0,CHARITON,6,DEMOCRAT,782
29041.0,CHARITON,6,LIBERTARIAN,60
29041.0,CHARITON,6,REPUBLICAN,3175
29043.0,CHRISTIAN,7,DEMOCRAT,10444
29043.0,CHRISTIAN,7,LIBERTARIAN,2113
29043.0,CHRISTIAN,7,OTHER,156
29043.0,CHRISTIAN,7,REPUBLICAN,33228
29045.0,CLARK,6,DEMOCRAT,587
29045.0,CLARK,6,LIBERTARIAN,72
29045.0,CLARK,6,REPUBLICAN,2660
29047.0,CLAY,5,DEMOCRAT,19072
29047.0,CLAY,5,LIBERTARIAN,1142
29047.0,CLAY,5,OTHER,3
29047.0,CLAY,5,REPUBLICAN,15000
29047.0,CLAY,6,DEMOCRAT,34575
29047.0,CLAY,6,LIBERTARIAN,1930
29047.0,CLAY,6,REPUBLICAN,52532
29049.0,CLINTON,6,DEMOCRAT,2550
29049.0,CLINTON,6,LIBERTARIAN,257
29049.0,CLINTON,6,REPUBLICAN,7922
29051.0,COLE,3,DEMOCRAT,10385
29051.0,COLE,3,LIBERTARIAN,1002
29051.0,COLE,3,REPUBLICAN,27676
29053.0,COOPER,4,DEMOCRAT,2040
29053.0,COOPER,4,LIBERTARIAN,313
29053.0,COOPER,4,REPUBLICAN,6227
29055.0,CRAWFORD,8,DEMOCRAT,2052
29055.0,CRAWFORD,8,LIBERTARIAN,171
29055.0,CRAWFORD,8,REPUBLICAN,8620
29057.0,DADE,4,DEMOCRAT,605
29057.0,DADE,4,LIBERTARIAN,89
29057.0,DADE,4,REPUBLICAN,3345
29059.0,DALLAS,4,DEMOCRAT,1255
29059.0,DALLAS,4,LIBERTARIAN,208
29059.0,DALLAS,4,REPUBLICAN,6498
29061.0,DAVIESS,6,DEMOCRAT,638
29061.0,DAVIESS,6,LIBERTARIAN,82
29061.0,DAVIESS,6,REPUBLICAN,3125
29063.0,DE KALB,6,DEMOCRAT,820
29063.0,DE KALB,6,LIBERTARIAN,115
29063.0,DE KALB,6,REPUBLICAN,3840
29065.0,DENT,8,DEMOCRAT,1042
29065.0,DENT,8,LIBERTARIAN,154
29065.0,DENT,8,REPUBLICAN,5884
29067.0,DOUGLAS,8,DEMOCRAT,941
29067.0,DOUGLAS,8,LIBERTARIAN,127
29067.0,DOUGLAS,8,REPUBLICAN,5771
29069.0,DUNKLIN,8,DEMOCRAT,2074
29069.0,DUNKLIN,8,LIBERTARIAN,129
29069.0,DUNKLIN,8,REPUBLICAN,7978
29071.0,FRANKLIN,3,DEMOCRAT,13032
29071.0,FRANKLIN,3,LIBERTARIAN,1062
29071.0,FRANKLIN,3,REPUBLICAN,38283
29073.0,GASCONADE,3,DEMOCRAT,1315
29073.0,GASCONADE,3,LIBERTARIAN,107
29073.0,GASCONADE,3,REPUBLICAN,6351
29075.0,GENTRY,6,DEMOCRAT,535
29075.0,GENTRY,6,LIBERTARIAN,63
29075.0,GENTRY,6,REPUBLICAN,2591
29077.0,GREENE,7,DEMOCRAT,50881
29077.0,GREENE,7,LIBERTARIAN,6632
29077.0,GREENE,7,OTHER,661
29077.0,GREENE,7,REPUBLICAN,81048
29079.0,GRUNDY,6,DEMOCRAT,661
29079.0,GRUNDY,6,LIBERTARIAN,74
29079.0,GRUNDY,6,REPUBLICAN,3662
29081.0,HARRISON,6,DEMOCRAT,496
29081.0,HARRISON,6,LIBERTARIAN,42
29081.0,HARRISON,6,REPUBLICAN,3250
29083.0,HENRY,4,DEMOCRAT,2366
29083.0,HENRY,4,LIBERTARIAN,241
29083.0,HENRY,4,REPUBLICAN,7973
29085.0,HICKORY,4,DEMOCRAT,962
29085.0,HICKORY,4,LIBERTARIAN,112
29085.0,HICKORY,4,REPUBLICAN,3907
29087.0,HOLT,6,DEMOCRAT,264
29087.0,HOLT,6,LIBERTARIAN,52
29087.0,HOLT,6,REPUBLICAN,2002
29089.0,HOWARD,4,DEMOCRAT,1313
29089.0,HOWARD,4,LIBERTARIAN,180
29089.0,HOWARD,4,REPUBLICAN,3474
29091.0,HOWELL,8,DEMOCRAT,3027
29091.0,HOWELL,8,LIBERTARIAN,309
29091.0,HOWELL,8,REPUBLICAN,14937
29093.0,IRON,8,DEMOCRAT,985
29093.0,IRON,8,LIBERTARIAN,82
29093.0,IRON,8,REPUBLICAN,3358
29095.0,JACKSON,5,DEMOCRAT,69827
29095.0,JACKSON,5,LIBERTARIAN,4009
29095.0,JACKSON,5,OTHER,12
29095.0,JACKSON,5,REPUBLICAN,70036
29095.0,JACKSON,6,DEMOCRAT,18543
29095.0,JACKSON,6,LIBERTARIAN,1096
29095.0,JACKSON,6,REPUBLICAN,28786
29097.0,JASPER,7,DEMOCRAT,12424
29097.0,JASPER,7,LIBERTARIAN,1989
29097.0,JASPER,7,OTHER,144
29097.0,JASPER,7,REPUBLICAN,36897
29099.0,JEFFERSON,2,DEMOCRAT,7764
29099.0,JEFFERSON,2,LIBERTARIAN,1134
29099.0,JEFFERSON,2,REPUBLICAN,12932
29099.0,JEFFERSON,3,DEMOCRAT,19223
29099.0,JEFFERSON,3,LIBERTARIAN,1326
29099.0,JEFFERSON,3,REPUBLICAN,39341
29099.0,JEFFERSON,8,DEMOCRAT,9364
29099.0,JEFFERSON,8,LIBERTARIAN,777
29099.0,JEFFERSON,8,REPUBLICAN,20945
29101.0,JOHNSON,4,DEMOCRAT,6452
29101.0,JOHNSON,4,LIBERTARIAN,773
29101.0,JOHNSON,4,REPUBLICAN,15612
29103.0,KNOX,6,DEMOCRAT,252
29103.0,KNOX,6,LIBERTARIAN,29
29103.0,KNOX,6,REPUBLICAN,1513
29105.0,LACLEDE,4,DEMOCRAT,2516
29105.0,LACLEDE,4,LIBERTARIAN,423
29105.0,LACLEDE,4,REPUBLICAN,13720
29107.0,LAFAYETTE,5,DEMOCRAT,5270
29107.0,LAFAYETTE,5,LIBERTARIAN,310
29107.0,LAFAYETTE,5,REPUBLICAN,11312
29109.0,LAWRENCE,7,DEMOCRAT,3210
29109.0,LAWRENCE,7,LIBERTARIAN,862
29109.0,LAWRENCE,7,OTHER,64
29109.0,LAWRENCE,7,REPUBLICAN,13291
29111.0,LEWIS,6,DEMOCRAT,783
29111.0,LEWIS,6,LIBERTARIAN,73
29111.0,LEWIS,6,REPUBLICAN,3625
29113.0,LINCOLN,3,DEMOCRAT,6179
29113.0,LINCOLN,3,LIBERTARIAN,665
29113.0,LINCOLN,3,REPUBLICAN,21592
29115.0,LINN,6,DEMOCRAT,1091
29115.0,LINN,6,LIBERTARIAN,110
29115.0,LINN,6,REPUBLICAN,4429
29117.0,LIVINGSTON,6,DEMOCRAT,1040
29117.0,LIVINGSTON,6,LIBERTARIAN,90
29117.0,LIVINGSTON,6,REPUBLICAN,5536
29119.0,MCDONALD,7,DEMOCRAT,1375
29119.0,MCDONALD,7,LIBERTARIAN,263
29119.0,MCDONALD,7,OTHER,5
29119.0,MCDONALD,7,REPUBLICAN,7240
29121.0,MACON,6,DEMOCRAT,1413
29121.0,MACON,6,LIBERTARIAN,108
29121.0,MACON,6,REPUBLICAN,6191
29123.0,MADISON,8,DEMOCRAT,1085
29123.0,MADISON,8,LIBERTARIAN,95
29123.0,MADISON,8,REPUBLICAN,4413
29125.0,MARIES,3,DEMOCRAT,740
29125.0,MARIES,3,LIBERTARIAN,80
29125.0,MARIES,3,REPUBLICAN,3885
29127.0,MARION,6,DEMOCRAT,2743
29127.0,MARION,6,LIBERTARIAN,220
29127.0,MARION,6,REPUBLICAN,10171
29129.0,MERCER,6,DEMOCRAT,181
29129.0,MERCER,6,LIBERTARIAN,19
29129.0,MERCER,6,REPUBLICAN,1544
29131.0,MILLER,3,DEMOCRAT,1687
29131.0,MILLER,3,LIBERTARIAN,206
29131.0,MILLER,3,REPUBLICAN,10288
29133.0,MISSISSIPPI,8,DEMOCRAT,1077
29133.0,MISSISSIPPI,8,LIBERTARIAN,81
29133.0,MISSISSIPPI,8,REPUBLICAN,3457
29135.0,MONITEAU,4,DEMOCRAT,1201
29135.0,MONITEAU,4,LIBERTARIAN,168
29135.0,MONITEAU,4,REPUBLICAN,5679
29137.0,MONROE,6,DEMOCRAT,803
29137.0,MONROE,6,LIBERTARIAN,85
29137.0,MONROE,6,REPUBLICAN,3460
29139.0,MONTGOMERY,3,DEMOCRAT,1024
29139.0,MONTGOMERY,3,LIBERTARIAN,82
29139.0,MONTGOMERY,3,REPUBLICAN,4552
29141.0,MORGAN,4,DEMOCRAT,1762
29141.0,MORGAN,4,LIBERTARIAN,235
29141.0,MORGAN,4,REPUBLICAN,7315
29143.0,NEW MADRID,8,DEMOCRAT,1676
29143.0,NEW MADRID,8,LIBERTARIAN,87
29143.0,NEW MADRID,8,REPUBLICAN,5326
29145.0,NEWTON,7,DEMOCRAT,5408
29145.0,NEWTON,7,LIBERTARIAN,894
29145.0,NEWTON,7,OTHER,59
29145.0,NEWTON,7,REPUBLICAN,21625
29147.0,NODAWAY,6,DEMOCRAT,2373
29147.0,NODAWAY,6,LIBERTARIAN,170
29147.0,NODAWAY,6,REPUBLICAN,7242
29149.0,OREGON,8,DEMOCRAT,817
29149.0,OREGON,8,LIBERTARIAN,84
29149.0,OREGON,8,REPUBLICAN,3713
29151.0,OSAGE,3,DEMOCRAT,813
29151.0,OSAGE,3,LIBERTARIAN,104
29151.0,OSAGE,3,REPUBLICAN,6543
29153.0,OZARK,8,DEMOCRAT,706
29153.0,OZARK,8,LIBERTARIAN,62
29153.0,OZARK,8,REPUBLICAN,3976
29155.0,PEMISCOT,8,DEMOCRAT,1488
29155.0,PEMISCOT,8,LIBERTARIAN,62
29155.0,PEMISCOT,8,REPUBLICAN,3953
29157.0,PERRY,8,DEMOCRAT,1621
29157.0,PERRY,8,LIBERTARIAN,134
29157.0,PERRY,8,REPUBLICAN,7397
29159.0,PETTIS,4,DEMOCRAT,4437
29159.0,PETTIS,4,LIBERTARIAN,569
29159.0,PETTIS,4,REPUBLICAN,13742
29161.0,PHELPS,8,DEMOCRAT,5302
29161.0,PHELPS,8,LIBERTARIAN,456
29161.0,PHELPS,8,REPUBLICAN,13591
29163.0,PIKE,6,DEMOCRAT,1572
29163.0,PIKE,6,LIBERTARIAN,126
29163.0,PIKE,6,REPUBLICAN,5821
29165.0,PLATTE,6,DEMOCRAT,24026
29165.0,PLATTE,6,LIBERTARIAN,1225
29165.0,PLATTE,6,REPUBLICAN,31344
29167.0,POLK,7,DEMOCRAT,2767
29167.0,POLK,7,LIBERTARIAN,603
29167.0,POLK,7,OTHER,21
29167.0,POLK,7,REPUBLICAN,11479
29169.0,PULASKI,4,DEMOCRAT,3399
29169.0,PULASKI,4,LIBERTARIAN,502
29169.0,PULASKI,4,REPUBLICAN,10163
29171.0,PUTNAM,6,DEMOCRAT,272
29171.0,PUTNAM,6,LIBERTARIAN,26
29171.0,PUTNAM,6,REPUBLICAN,2013
29173.0,RALLS,6,DEMOCRAT,1094
29173.0,RALLS,6,LIBERTARIAN,96
29173.0,RALLS,6,REPUBLICAN,4369
29175.0,RANDOLPH,4,DEMOCRAT,2325
29175.0,RANDOLPH,4,LIBERTARIAN,335
29175.0,RANDOLPH,4,REPUBLICAN,7898
29177.0,RAY,5,DEMOCRAT,3877
29177.0,RAY,5,LIBERTARIAN,306
29177.0,RAY,5,REPUBLICAN,7198
29179.0,REYNOLDS,8,DEMOCRAT,546
29179.0,REYNOLDS,8,LIBERTARIAN,64
29179.0,REYNOLDS,8,REPUBLICAN,2546
29181.0,RIPLEY,8,DEMOCRAT,840
29181.0,RIPLEY,8,LIBERTARIAN,70
29181.0,RIPLEY,8,REPUBLICAN,4655
29183.0,ST CHARLES,2,DEMOCRAT,31239
29183.0,ST CHARLES,2,LIBERTARIAN,2821
29183.0,ST CHARLES,2,REPUBLICAN,45941
29183.0,ST CHARLES,3,DEMOCRAT,49315
29183.0,ST CHARLES,3,LIBERTARIAN,2631
29183.0,ST CHARLES,3,OTHER,2
29183.0,ST CHARLES,3,REPUBLICAN,84071
29185.0,ST CLAIR,4,DEMOCRAT,965
29185.0,ST CLAIR,4,LIBERTARIAN,104
29185.0,ST CLAIR,4,REPUBLICAN,3847
29186.0,STE GENEVIEVE,8,DEMOCRAT,2704
29186.0,STE GENEVIEVE,8,LIBERTARIAN,178
29186.0,STE GENEVIEVE,8,REPUBLICAN,6170
29187.0,ST FRANCOIS,8,DEMOCRAT,7170
29187.0,ST FRANCOIS,8,LIBERTARIAN,576
29187.0,ST FRANCOIS,8,REPUBLICAN,19505
29189.0,ST LOUIS COUNTY,1,DEMOCRAT,144320
29189.0,ST LOUIS COUNTY,1,LIBERTARIAN,3906
29189.0,ST LOUIS COUNTY,1,OTHER,290
29189.0,ST LOUIS COUNTY,1,REPUBLICAN,36761
29189.0,ST LOUIS COUNTY,2,DEMOCRAT,165537
29189.0,ST LOUIS COUNTY,2,LIBERTARIAN,7692
29189.0,ST LOUIS COUNTY,2,OTHER,4
29189.0,ST LOUIS COUNTY,2,REPUBLICAN,174284
29195.0,SALINE,5,DEMOCRAT,3546
29195.0,SALINE,5,LIBERTARIAN,213
29195.0,SALINE,5,REPUBLICAN,5618
29197.0,SCHUYLER,6,DEMOCRAT,290
29197.0,SCHUYLER,6,LIBERTARIAN,40
29197.0,SCHUYLER,6,REPUBLICAN,1624
29199.0,SCOTLAND,6,DEMOCRAT,278
29199.0,SCOTLAND,6,LIBERTARIAN,30
29199.0,SCOTLAND,6,REPUBLICAN,1614
29201.0,SCOTT,8,DEMOCRAT,3671
29201.0,SCOTT,8,LIBERTARIAN,227
29201.0,SCOTT,8,REPUBLICAN,13547
29203.0,SHANNON,8,DEMOCRAT,717
29203.0,SHANNON,8,LIBERTARIAN,43
29203.0,SHANNON,8,REPUBLICAN,3039
29205.0,SHELBY,6,DEMOCRAT,502
29205.0,SHELBY,6,LIBERTARIAN,50
29205.0,SHELBY,6,REPUBLICAN,2704
29207.0,STODDARD,8,DEMOCRAT,1738
29207.0,STODDARD,8,LIBERTARIAN,155
29207.0,STODDARD,8,REPUBLICAN,11316
29209.0,STONE,7,DEMOCRAT,3140
29209.0,STONE,7,LIBERTARIAN,567
29209.0,STONE,7,REPUBLICAN,14264
29211.0,SULLIVAN,6,DEMOCRAT,411
29211.0,SULLIVAN,6,LIBERTARIAN,33
29211.0,SULLIVAN,6,REPUBLICAN,1992
29213.0,TANEY,7,DEMOCRAT,4870
29213.0,TANEY,7,LIBERTARIAN,819
29213.0,TANEY,7,OTHER,153
29213.0,TANEY,7,REPUBLICAN,19902
29215.0,TEXAS,8,DEMOCRAT,1696
29215.0,TEXAS,8,LIBERTARIAN,161
29215.0,TEXAS,8,REPUBLICAN,9278
29217.0,VERNON,4,DEMOCRAT,1751
29217.0,VERNON,4,LIBERTARIAN,163
29217.0,VERNON,4,REPUBLICAN,7145
29219.0,WARREN,3,DEMOCRAT,4286
29219.0,WARREN,3,LIBERTARIAN,381
29219.0,WARREN,3,OTHER,4
29219.0,WARREN,3,REPUBLICAN,13283
29221.0,WASHINGTON,8,DEMOCRAT,1915
29221.0,WASHINGTON,8,LIBERTARIAN,219
29221.0,WASHINGTON,8,REPUBLICAN,7473
29223.0,WAYNE,8,DEMOCRAT,821
29223.0,WAYNE,8,LIBERTARIAN,85
29223.0,WAYNE,8,REPUBLICAN,4823
29225.0,WEBSTER,4,DEMOCRAT,2421
29225.0,WEBSTER,4,LIBERTARIAN,398
29225.0,WEBSTER,4,REPUBLICAN,11144
29225.0,WEBSTER,7,DEMOCRAT,891
29225.0,WEBSTER,7,LIBERTARIAN,251
29225.0,WEBSTER,7,REPUBLICAN,3328
29227.0,WORTH,6,DEMOCRAT,192
29227.0,WORTH,6,LIBERTARIAN,30
29227.0,WORTH,6,REPUBLICAN,865
29229.0,WRIGHT,8,DEMOCRAT,1113
29229.0,WRIGHT,8,LIBERTARIAN,130
29229.0,WRIGHT,8,REPUBLICAN,7342
29510.0,ST LOUIS CITY,1,DEMOCRAT,104767
29510.0,ST LOUIS CITY,1,LIBERTARIAN,2860
29510.0,ST LOUIS CITY,1,OTHER,88
29510.0,ST LOUIS CITY,1,REPUBLICAN,23179
30001.0,BEAVERHEAD,0,DEMOCRAT,1817
30001.0,BEAVERHEAD,0,REPUBLICAN,3811
30003.0,BIG HORN,0,DEMOCRAT,2681
30003.0,BIG HORN,0,REPUBLICAN,2103
30005.0,BLAINE,0,DEMOCRAT,1707
30005.0,BLAINE,0,REPUBLICAN,1391
30007.0,BROADWATER,0,DEMOCRAT,935
30007.0,BROADWATER,0,REPUBLICAN,3150
30009.0,CARBON,0,DEMOCRAT,2590
30009.0,CARBON,0,REPUBLICAN,4465
30011.0,CARTER,0,DEMOCRAT,96
30011.0,CARTER,0,REPUBLICAN,758
30013.0,CASCADE,0,DEMOCRAT,17043
30013.0,CASCADE,0,REPUBLICAN,22724
30015.0,CHOUTEAU,0,DEMOCRAT,1140
30015.0,CHOUTEAU,0,REPUBLICAN,1820
30017.0,CUSTER,0,DEMOCRAT,1773
30017.0,CUSTER,0,REPUBLICAN,4072
30019.0,DANIELS,0,DEMOCRAT,229
30019.0,DANIELS,0,REPUBLICAN,786
30021.0,DAWSON,0,DEMOCRAT,1161
30021.0,DAWSON,0,REPUBLICAN,3639
30023.0,DEER LODGE,0,DEMOCRAT,2831
30023.0,DEER LODGE,0,REPUBLICAN,2036
30025.0,FALLON,0,DEMOCRAT,251
30025.0,FALLON,0,REPUBLICAN,1312
30027.0,FERGUS,0,DEMOCRAT,1753
30027.0,FERGUS,0,REPUBLICAN,4715
30029.0,FLATHEAD,0,DEMOCRAT,21271
30029.0,FLATHEAD,0,REPUBLICAN,38426
30031.0,GALLATIN,0,DEMOCRAT,38501
30031.0,GALLATIN,0,REPUBLICAN,32217
30033.0,GARFIELD,0,DEMOCRAT,63
30033.0,GARFIELD,0,REPUBLICAN,738
30035.0,GLACIER,0,DEMOCRAT,3885
30035.0,GLACIER,0,REPUBLICAN,1783
30037.0,GOLDEN VALLEY,0,DEMOCRAT,47
30037.0,GOLDEN VALLEY,0,REPUBLICAN,412
30039.0,GRANITE,0,DEMOCRAT,700
30039.0,GRANITE,0,REPUBLICAN,1388
30041.0,HILL,0,DEMOCRAT,3361
30041.0,HILL,0,REPUBLICAN,3807
30043.0,JEFFERSON,0,DEMOCRAT,2835
30043.0,JEFFERSON,0,REPUBLICAN,5288
30045.0,JUDITH BASIN,0,DEMOCRAT,346
30045.0,JUDITH BASIN,0,REPUBLICAN,998
30047.0,LAKE,0,DEMOCRAT,7250
30047.0,LAKE,0,REPUBLICAN,9239
30049.0,LEWIS AND CLARK,0,DEMOCRAT,21050
30049.0,LEWIS AND CLARK,0,REPUBLICAN,21045
30051.0,LIBERTY,0,DEMOCRAT,304
30051.0,LIBERTY,0,REPUBLICAN,776
30053.0,LINCOLN,0,DEMOCRAT,3112
30053.0,LINCOLN,0,REPUBLICAN,8587
30055.0,MCCONE,0,DEMOCRAT,187
30055.0,MCCONE,0,REPUBLICAN,932
30057.0,MADISON,0,DEMOCRAT,1943
30057.0,MADISON,0,REPUBLICAN,4113
30059.0,MEAGHER,0,DEMOCRAT,273
30059.0,MEAGHER,0,REPUBLICAN,834
30061.0,MINERAL,0,DEMOCRAT,679
30061.0,MINERAL,0,REPUBLICAN,1647
30063.0,MISSOULA,0,DEMOCRAT,44749
30063.0,MISSOULA,0,REPUBLICAN,26662
30065.0,MUSSELSHELL,0,DEMOCRAT,519
30065.0,MUSSELSHELL,0,REPUBLICAN,2341
30067.0,PARK,0,DEMOCRAT,5582
30067.0,PARK,0,REPUBLICAN,5933
30069.0,PETROLEUM,0,DEMOCRAT,51
30069.0,PETROLEUM,0,REPUBLICAN,298
30071.0,PHILLIPS,0,DEMOCRAT,489
30071.0,PHILLIPS,0,REPUBLICAN,1860
30073.0,PONDERA,0,DEMOCRAT,1019
30073.0,PONDERA,0,REPUBLICAN,1963
30075.0,POWDER RIVER,0,DEMOCRAT,185
30075.0,POWDER RIVER,0,REPUBLICAN,953
30077.0,POWELL,0,DEMOCRAT,899
30077.0,POWELL,0,REPUBLICAN,2278
30079.0,PRAIRIE,0,DEMOCRAT,148
30079.0,PRAIRIE,0,REPUBLICAN,568
30081.0,RAVALLI,0,DEMOCRAT,9350
30081.0,RAVALLI,0,REPUBLICAN,19114
30083.0,RICHLAND,0,DEMOCRAT,1054
30083.0,RICHLAND,0,REPUBLICAN,4694
30085.0,ROOSEVELT,0,DEMOCRAT,2060
30085.0,ROOSEVELT,0,REPUBLICAN,1927
30087.0,ROSEBUD,0,DEMOCRAT,1325
30087.0,ROSEBUD,0,REPUBLICAN,2426
30089.0,SANDERS,0,DEMOCRAT,2009
30089.0,SANDERS,0,REPUBLICAN,5574
30091.0,SHERIDAN,0,DEMOCRAT,681
30091.0,SHERIDAN,0,REPUBLICAN,1328
30093.0,SILVER BOW,0,DEMOCRAT,11511
30093.0,SILVER BOW,0,REPUBLICAN,7175
30095.0,STILLWATER,0,DEMOCRAT,1343
30095.0,STILLWATER,0,REPUBLICAN,4366
30097.0,SWEET GRASS,0,DEMOCRAT,606
30097.0,SWEET GRASS,0,REPUBLICAN,1843
30099.0,TETON,0,DEMOCRAT,1127
30099.0,TETON,0,REPUBLICAN,2557
30101.0,TOOLE,0,DEMOCRAT,551
30101.0,TOOLE,0,REPUBLICAN,1546
30103.0,TREASURE,0,DEMOCRAT,104
30103.0,TREASURE,0,REPUBLICAN,356
30105.0,VALLEY,0,DEMOCRAT,1232
30105.0,VALLEY,0,REPUBLICAN,2966
30107.0,WHEATLAND,0,DEMOCRAT,271
30107.0,WHEATLAND,0,REPUBLICAN,792
30109.0,WIBAUX,0,DEMOCRAT,98
30109.0,WIBAUX,0,REPUBLICAN,492
30111.0,YELLOWSTONE,0,DEMOCRAT,33563
30111.0,YELLOWSTONE,0,REPUBLICAN,50145
31001.0,ADAMS,3,DEMOCRAT,3126
31001.0,ADAMS,3,LIBERTARIAN,605
31001.0,ADAMS,3,REPUBLICAN,10450
31003.0,ANTELOPE,3,DEMOCRAT,358
31003.0,ANTELOPE,3,LIBERTARIAN,102
31003.0,ANTELOPE,3,REPUBLICAN,2990
31005.0,ARTHUR,3,DEMOCRAT,14
31005.0,ARTHUR,3,LIBERTARIAN,8
31005.0,ARTHUR,3,REPUBLICAN,261
31007.0,BANNER,3,DEMOCRAT,45
31007.0,BANNER,3,LIBERTARIAN,16
31007.0,BANNER,3,REPUBLICAN,342
31009.0,BLAINE,3,DEMOCRAT,23
31009.0,BLAINE,3,LIBERTARIAN,17
31009.0,BLAINE,3,REPUBLICAN,265
31011.0,BOONE,3,DEMOCRAT,354
31011.0,BOONE,3,LIBERTARIAN,98
31011.0,BOONE,3,REPUBLICAN,2622
31013.0,BOX BUTTE,3,DEMOCRAT,894
31013.0,BOX BUTTE,3,LIBERTARIAN,247
31013.0,BOX BUTTE,3,REPUBLICAN,3964
31015.0,BOYD,3,DEMOCRAT,89
31015.0,BOYD,3,LIBERTARIAN,40
31015.0,BOYD,3,REPUBLICAN,966
31017.0,BROWN,3,DEMOCRAT,129
31017.0,BROWN,3,LIBERTARIAN,49
31017.0,BROWN,3,REPUBLICAN,1461
31019.0,BUFFALO,3,DEMOCRAT,4673
31019.0,BUFFALO,3,LIBERTARIAN,999
31019.0,BUFFALO,3,REPUBLICAN,17477
31021.0,BURT,1,DEMOCRAT,893
31021.0,BURT,1,LIBERTARIAN,105
31021.0,BURT,1,REPUBLICAN,2657
31023.0,BUTLER,1,DEMOCRAT,781
31023.0,BUTLER,1,LIBERTARIAN,88
31023.0,BUTLER,1,REPUBLICAN,3585
31025.0,CASS,1,DEMOCRAT,4145
31025.0,CASS,1,LIBERTARIAN,473
31025.0,CASS,1,REPUBLICAN,10350
31027.0,CEDAR,3,DEMOCRAT,583
31027.0,CEDAR,3,LIBERTARIAN,135
31027.0,CEDAR,3,REPUBLICAN,4083
31029.0,CHASE,3,DEMOCRAT,154
31029.0,CHASE,3,LIBERTARIAN,35
31029.0,CHASE,3,REPUBLICAN,1780
31031.0,CHERRY,3,DEMOCRAT,277
31031.0,CHERRY,3,LIBERTARIAN,135
31031.0,CHERRY,3,REPUBLICAN,2673
31033.0,CHEYENNE,3,DEMOCRAT,689
31033.0,CHEYENNE,3,LIBERTARIAN,182
31033.0,CHEYENNE,3,REPUBLICAN,3839
31035.0,CLAY,3,DEMOCRAT,480
31035.0,CLAY,3,LIBERTARIAN,131
31035.0,CLAY,3,REPUBLICAN,2879
31037.0,COLFAX,1,DEMOCRAT,856
31037.0,COLFAX,1,LIBERTARIAN,80
31037.0,COLFAX,1,REPUBLICAN,2720
31039.0,CUMING,1,DEMOCRAT,706
31039.0,CUMING,1,LIBERTARIAN,88
31039.0,CUMING,1,REPUBLICAN,3606
31041.0,CUSTER,3,DEMOCRAT,584
31041.0,CUSTER,3,LIBERTARIAN,199
31041.0,CUSTER,3,REPUBLICAN,5101
31043.0,DAKOTA,3,DEMOCRAT,2385
31043.0,DAKOTA,3,LIBERTARIAN,232
31043.0,DAKOTA,3,REPUBLICAN,3872
31045.0,DAWES,3,DEMOCRAT,892
31045.0,DAWES,3,LIBERTARIAN,164
31045.0,DAWES,3,REPUBLICAN,2975
31047.0,DAWSON,3,DEMOCRAT,1946
31047.0,DAWSON,3,LIBERTARIAN,281
31047.0,DAWSON,3,REPUBLICAN,6783
31049.0,DEUEL,3,DEMOCRAT,105
31049.0,DEUEL,3,LIBERTARIAN,37
31049.0,DEUEL,3,REPUBLICAN,872
31051.0,DIXON,1,DEMOCRAT,31
31051.0,DIXON,1,LIBERTARIAN,4
31051.0,DIXON,1,REPUBLICAN,83
31051.0,DIXON,3,DEMOCRAT,537
31051.0,DIXON,3,LIBERTARIAN,101
31051.0,DIXON,3,REPUBLICAN,2215
31053.0,DODGE,1,DEMOCRAT,4577
31053.0,DODGE,1,LIBERTARIAN,508
31053.0,DODGE,1,REPUBLICAN,11551
31055.0,DOUGLAS,2,DEMOCRAT,133827
31055.0,DOUGLAS,2,LIBERTARIAN,8252
31055.0,DOUGLAS,2,REPUBLICAN,132230
31057.0,DUNDY,3,DEMOCRAT,73
31057.0,DUNDY,3,LIBERTARIAN,20
31057.0,DUNDY,3,REPUBLICAN,893
31059.0,FILLMORE,3,DEMOCRAT,497
31059.0,FILLMORE,3,LIBERTARIAN,106
31059.0,FILLMORE,3,REPUBLICAN,2460
31061.0,FRANKLIN,3,DEMOCRAT,208
31061.0,FRANKLIN,3,LIBERTARIAN,38
31061.0,FRANKLIN,3,REPUBLICAN,1457
31063.0,FRONTIER,3,DEMOCRAT,142
31063.0,FRONTIER,3,LIBERTARIAN,25
31063.0,FRONTIER,3,REPUBLICAN,1248
31065.0,FURNAS,3,DEMOCRAT,293
31065.0,FURNAS,3,LIBERTARIAN,81
31065.0,FURNAS,3,REPUBLICAN,2199
31067.0,GAGE,3,DEMOCRAT,2529
31067.0,GAGE,3,LIBERTARIAN,480
31067.0,GAGE,3,REPUBLICAN,7737
31069.0,GARDEN,3,DEMOCRAT,136
31069.0,GARDEN,3,LIBERTARIAN,44
31069.0,GARDEN,3,REPUBLICAN,982
31071.0,GARFIELD,3,DEMOCRAT,89
31071.0,GARFIELD,3,LIBERTARIAN,24
31071.0,GARFIELD,3,REPUBLICAN,929
31073.0,GOSPER,3,DEMOCRAT,124
31073.0,GOSPER,3,LIBERTARIAN,21
31073.0,GOSPER,3,REPUBLICAN,963
31075.0,GRANT,3,DEMOCRAT,14
31075.0,GRANT,3,LIBERTARIAN,10
31075.0,GRANT,3,REPUBLICAN,360
31077.0,GREELEY,3,DEMOCRAT,176
31077.0,GREELEY,3,LIBERTARIAN,29
31077.0,GREELEY,3,REPUBLICAN,997
31079.0,HALL,3,DEMOCRAT,5985
31079.0,HALL,3,LIBERTARIAN,1015
31079.0,HALL,3,REPUBLICAN,16729
31081.0,HAMILTON,3,DEMOCRAT,802
31081.0,HAMILTON,3,LIBERTARIAN,241
31081.0,HAMILTON,3,REPUBLICAN,4347
31083.0,HARLAN,3,DEMOCRAT,217
31083.0,HARLAN,3,LIBERTARIAN,34
31083.0,HARLAN,3,REPUBLICAN,1642
31085.0,HAYES,3,DEMOCRAT,21
31085.0,HAYES,3,LIBERTARIAN,11
31085.0,HAYES,3,REPUBLICAN,493
31087.0,HITCHCOCK,3,DEMOCRAT,141
31087.0,HITCHCOCK,3,LIBERTARIAN,53
31087.0,HITCHCOCK,3,REPUBLICAN,1250
31089.0,HOLT,3,DEMOCRAT,503
31089.0,HOLT,3,LIBERTARIAN,193
31089.0,HOLT,3,REPUBLICAN,4706
31091.0,HOOKER,3,DEMOCRAT,43
31091.0,HOOKER,3,LIBERTARIAN,14
31091.0,HOOKER,3,REPUBLICAN,373
31093.0,HOWARD,3,DEMOCRAT,500
31093.0,HOWARD,3,LIBERTARIAN,154
31093.0,HOWARD,3,REPUBLICAN,2764
31095.0,JEFFERSON,3,DEMOCRAT,702
31095.0,JEFFERSON,3,LIBERTARIAN,156
31095.0,JEFFERSON,3,REPUBLICAN,2811
31097.0,JOHNSON,3,DEMOCRAT,446
31097.0,JOHNSON,3,LIBERTARIAN,75
31097.0,JOHNSON,3,REPUBLICAN,1624
31099.0,KEARNEY,3,DEMOCRAT,481
31099.0,KEARNEY,3,LIBERTARIAN,136
31099.0,KEARNEY,3,REPUBLICAN,2927
31101.0,KEITH,3,DEMOCRAT,598
31101.0,KEITH,3,LIBERTARIAN,140
31101.0,KEITH,3,REPUBLICAN,3557
31103.0,KEYA PAHA,3,DEMOCRAT,34
31103.0,KEYA PAHA,3,LIBERTARIAN,12
31103.0,KEYA PAHA,3,REPUBLICAN,464
31105.0,KIMBALL,3,DEMOCRAT,207
31105.0,KIMBALL,3,LIBERTARIAN,77
31105.0,KIMBALL,3,REPUBLICAN,1562
31107.0,KNOX,3,DEMOCRAT,699
31107.0,KNOX,3,LIBERTARIAN,146
31107.0,KNOX,3,REPUBLICAN,3662
31109.0,LANCASTER,1,DEMOCRAT,76220
31109.0,LANCASTER,1,LIBERTARIAN,4195
31109.0,LANCASTER,1,REPUBLICAN,75474
31111.0,LINCOLN,3,DEMOCRAT,3009
31111.0,LINCOLN,3,LIBERTARIAN,651
31111.0,LINCOLN,3,REPUBLICAN,13231
31113.0,LOGAN,3,DEMOCRAT,30
31113.0,LOGAN,3,LIBERTARIAN,13
31113.0,LOGAN,3,REPUBLICAN,395
31115.0,LOUP,3,DEMOCRAT,45
31115.0,LOUP,3,LIBERTARIAN,12
31115.0,LOUP,3,REPUBLICAN,383
31117.0,MCPHERSON,3,DEMOCRAT,19
31117.0,MCPHERSON,3,LIBERTARIAN,9
31117.0,MCPHERSON,3,REPUBLICAN,271
31119.0,MADISON,1,DEMOCRAT,3073
31119.0,MADISON,1,LIBERTARIAN,423
31119.0,MADISON,1,REPUBLICAN,12104
31121.0,MERRICK,3,DEMOCRAT,578
31121.0,MERRICK,3,LIBERTARIAN,172
31121.0,MERRICK,3,REPUBLICAN,3411
31123.0,MORRILL,3,DEMOCRAT,302
31123.0,MORRILL,3,LIBERTARIAN,129
31123.0,MORRILL,3,REPUBLICAN,2072
31125.0,NANCE,3,DEMOCRAT,282
31125.0,NANCE,3,LIBERTARIAN,60
31125.0,NANCE,3,REPUBLICAN,1397
31127.0,NEMAHA,3,DEMOCRAT,644
31127.0,NEMAHA,3,LIBERTARIAN,129
31127.0,NEMAHA,3,REPUBLICAN,2527
31129.0,NUCKOLLS,3,DEMOCRAT,283
31129.0,NUCKOLLS,3,LIBERTARIAN,56
31129.0,NUCKOLLS,3,REPUBLICAN,1911
31131.0,OTOE,1,DEMOCRAT,2287
31131.0,OTOE,1,LIBERTARIAN,195
31131.0,OTOE,1,REPUBLICAN,5744
31133.0,PAWNEE,3,DEMOCRAT,238
31133.0,PAWNEE,3,LIBERTARIAN,40
31133.0,PAWNEE,3,REPUBLICAN,1094
31135.0,PERKINS,3,DEMOCRAT,140
31135.0,PERKINS,3,LIBERTARIAN,40
31135.0,PERKINS,3,REPUBLICAN,1344
31137.0,PHELPS,3,DEMOCRAT,551
31137.0,PHELPS,3,LIBERTARIAN,159
31137.0,PHELPS,3,REPUBLICAN,4251
31139.0,PIERCE,3,DEMOCRAT,366
31139.0,PIERCE,3,LIBERTARIAN,113
31139.0,PIERCE,3,REPUBLICAN,3402
31141.0,PLATTE,1,DEMOCRAT,2813
31141.0,PLATTE,1,LIBERTARIAN,344
31141.0,PLATTE,1,REPUBLICAN,12267
31143.0,POLK,1,DEMOCRAT,493
31143.0,POLK,1,LIBERTARIAN,62
31143.0,POLK,1,REPUBLICAN,2295
31145.0,RED WILLOW,3,DEMOCRAT,663
31145.0,RED WILLOW,3,LIBERTARIAN,148
31145.0,RED WILLOW,3,REPUBLICAN,4570
31147.0,RICHARDSON,3,DEMOCRAT,791
31147.0,RICHARDSON,3,LIBERTARIAN,130
31147.0,RICHARDSON,3,REPUBLICAN,3007
31149.0,ROCK,3,DEMOCRAT,53
31149.0,ROCK,3,LIBERTARIAN,18
31149.0,ROCK,3,REPUBLICAN,747
31151.0,SALINE,3,DEMOCRAT,1563
31151.0,SALINE,3,LIBERTARIAN,261
31151.0,SALINE,3,REPUBLICAN,3759
31153.0,SARPY,1,DEMOCRAT,13107
31153.0,SARPY,1,LIBERTARIAN,1277
31153.0,SARPY,1,REPUBLICAN,18033
31153.0,SARPY,2,DEMOCRAT,21879
31153.0,SARPY,2,LIBERTARIAN,1933
31153.0,SARPY,2,REPUBLICAN,38841
31155.0,SAUNDERS,1,DEMOCRAT,2950
31155.0,SAUNDERS,1,LIBERTARIAN,372
31155.0,SAUNDERS,1,REPUBLICAN,9262
31157.0,SCOTTS BLUFF,3,DEMOCRAT,3564
31157.0,SCOTTS BLUFF,3,LIBERTARIAN,858
31157.0,SCOTTS BLUFF,3,REPUBLICAN,10796
31159.0,SEWARD,1,DEMOCRAT,2218
31159.0,SEWARD,1,LIBERTARIAN,249
31159.0,SEWARD,1,REPUBLICAN,6627
31161.0,SHERIDAN,3,DEMOCRAT,280
31161.0,SHERIDAN,3,LIBERTARIAN,108
31161.0,SHERIDAN,3,REPUBLICAN,2219
31163.0,SHERMAN,3,DEMOCRAT,265
31163.0,SHERMAN,3,LIBERTARIAN,52
31163.0,SHERMAN,3,REPUBLICAN,1334
31165.0,SIOUX,3,DEMOCRAT,60
31165.0,SIOUX,3,LIBERTARIAN,20
31165.0,SIOUX,3,REPUBLICAN,638
31167.0,STANTON,1,DEMOCRAT,490
31167.0,STANTON,1,LIBERTARIAN,83
31167.0,STANTON,1,REPUBLICAN,2525
31169.0,THAYER,3,DEMOCRAT,423
31169.0,THAYER,3,LIBERTARIAN,78
31169.0,THAYER,3,REPUBLICAN,2398
31171.0,THOMAS,3,DEMOCRAT,41
31171.0,THOMAS,3,LIBERTARIAN,12
31171.0,THOMAS,3,REPUBLICAN,360
31173.0,THURSTON,1,DEMOCRAT,953
31173.0,THURSTON,1,LIBERTARIAN,45
31173.0,THURSTON,1,REPUBLICAN,1254
31175.0,VALLEY,3,DEMOCRAT,297
31175.0,VALLEY,3,LIBERTARIAN,51
31175.0,VALLEY,3,REPUBLICAN,1953
31177.0,WASHINGTON,1,DEMOCRAT,3029
31177.0,WASHINGTON,1,LIBERTARIAN,347
31177.0,WASHINGTON,1,REPUBLICAN,8869
31179.0,WAYNE,3,DEMOCRAT,794
31179.0,WAYNE,3,LIBERTARIAN,144
31179.0,WAYNE,3,REPUBLICAN,3133
31181.0,WEBSTER,3,DEMOCRAT,245
31181.0,WEBSTER,3,LIBERTARIAN,51
31181.0,WEBSTER,3,REPUBLICAN,1532
31183.0,WHEELER,3,DEMOCRAT,43
31183.0,WHEELER,3,LIBERTARIAN,12
31183.0,WHEELER,3,REPUBLICAN,432
31185.0,YORK,3,DEMOCRAT,1124
31185.0,YORK,3,LIBERTARIAN,249
31185.0,YORK,3,REPUBLICAN,5584
32001.0,CHURCHILL,2,DEMOCRAT,2780
32001.0,CHURCHILL,2,OTHER,482
32001.0,CHURCHILL,2,REPUBLICAN,9383
32003.0,CLARK,1,DEMOCRAT,137854
32003.0,CLARK,1,LIBERTARIAN,4658
32003.0,CLARK,1,OTHER,6183
32003.0,CLARK,1,REPUBLICAN,74479
32003.0,CLARK,3,DEMOCRAT,203378
32003.0,CLARK,3,LIBERTARIAN,12291
32003.0,CLARK,3,OTHER,10516
32003.0,CLARK,3,REPUBLICAN,190924
32003.0,CLARK,4,DEMOCRAT,157861
32003.0,CLARK,4,LIBERTARIAN,7252
32003.0,CLARK,4,OTHER,3081
32003.0,CLARK,4,REPUBLICAN,124680
32005.0,DOUGLAS,2,DEMOCRAT,10388
32005.0,DOUGLAS,2,OTHER,686
32005.0,DOUGLAS,2,REPUBLICAN,22363
32007.0,ELKO,2,DEMOCRAT,4172
32007.0,ELKO,2,OTHER,1129
32007.0,ELKO,2,REPUBLICAN,16249
32009.0,ESMERALDA,4,DEMOCRAT,68
32009.0,ESMERALDA,4,LIBERTARIAN,5
32009.0,ESMERALDA,4,OTHER,5
32009.0,ESMERALDA,4,REPUBLICAN,385
32011.0,EUREKA,2,DEMOCRAT,93
32011.0,EUREKA,2,OTHER,42
32011.0,EUREKA,2,REPUBLICAN,849
32013.0,HUMBOLDT,2,DEMOCRAT,1502
32013.0,HUMBOLDT,2,OTHER,282
32013.0,HUMBOLDT,2,REPUBLICAN,5848
32015.0,LANDER,2,DEMOCRAT,471
32015.0,LANDER,2,OTHER,134
32015.0,LANDER,2,REPUBLICAN,2090
32017.0,LINCOLN,4,DEMOCRAT,359
32017.0,LINCOLN,4,LIBERTARIAN,25
32017.0,LINCOLN,4,OTHER,26
32017.0,LINCOLN,4,REPUBLICAN,1968
32019.0,LYON,2,DEMOCRAT,6737
32019.0,LYON,2,OTHER,794
32019.0,LYON,2,REPUBLICAN,16993
32019.0,LYON,4,DEMOCRAT,1150
32019.0,LYON,4,LIBERTARIAN,92
32019.0,LYON,4,OTHER,56
32019.0,LYON,4,REPUBLICAN,3801
32021.0,MINERAL,4,DEMOCRAT,809
32021.0,MINERAL,4,LIBERTARIAN,48
32021.0,MINERAL,4,OTHER,44
32021.0,MINERAL,4,REPUBLICAN,1342
32023.0,NYE,4,DEMOCRAT,7243
32023.0,NYE,4,LIBERTARIAN,452
32023.0,NYE,4,OTHER,427
32023.0,NYE,4,REPUBLICAN,16713
32027.0,PERSHING,2,DEMOCRAT,507
32027.0,PERSHING,2,OTHER,112
32027.0,PERSHING,2,REPUBLICAN,1653
32029.0,STOREY,2,DEMOCRAT,815
32029.0,STOREY,2,OTHER,76
32029.0,STOREY,2,REPUBLICAN,1924
32031.0,WASHOE,2,DEMOCRAT,116535
32031.0,WASHOE,2,OTHER,6291
32031.0,WASHOE,2,REPUBLICAN,121722
32033.0,WHITE PINE,4,DEMOCRAT,872
32033.0,WHITE PINE,4,LIBERTARIAN,59
32033.0,WHITE PINE,4,OTHER,67
32033.0,WHITE PINE,4,REPUBLICAN,3262
32510.0,CARSON CITY,2,DEMOCRAT,11662
32510.0,CARSON CITY,2,OTHER,735
32510.0,CARSON CITY,2,REPUBLICAN,16825
33001.0,BELKNAP,1,DEMOCRAT,15865
33001.0,BELKNAP,1,LIBERTARIAN,865
33001.0,BELKNAP,1,OTHER,14
33001.0,BELKNAP,1,REPUBLICAN,20088
33001.0,BELKNAP,2,DEMOCRAT,363
33001.0,BELKNAP,2,LIBERTARIAN,14
33001.0,BELKNAP,2,OTHER,1
33001.0,BELKNAP,2,REPUBLICAN,399
33003.0,CARROLL,1,DEMOCRAT,15909
33003.0,CARROLL,1,LIBERTARIAN,601
33003.0,CARROLL,1,OTHER,12
33003.0,CARROLL,1,REPUBLICAN,16082
33005.0,CHESHIRE,2,DEMOCRAT,25323
33005.0,CHESHIRE,2,LIBERTARIAN,1074
33005.0,CHESHIRE,2,OTHER,21
33005.0,CHESHIRE,2,REPUBLICAN,16690
33007.0,COOS,2,DEMOCRAT,8014
33007.0,COOS,2,LIBERTARIAN,347
33007.0,COOS,2,OTHER,4
33007.0,COOS,2,REPUBLICAN,7761
33009.0,GRAFTON,1,DEMOCRAT,1093
33009.0,GRAFTON,1,LIBERTARIAN,58
33009.0,GRAFTON,1,OTHER,1
33009.0,GRAFTON,1,REPUBLICAN,959
33009.0,GRAFTON,2,DEMOCRAT,31266
33009.0,GRAFTON,2,LIBERTARIAN,1188
33009.0,GRAFTON,2,OTHER,15
33009.0,GRAFTON,2,REPUBLICAN,18256
33011.0,HILLSBOROUGH,1,DEMOCRAT,49106
33011.0,HILLSBOROUGH,1,LIBERTARIAN,2439
33011.0,HILLSBOROUGH,1,OTHER,31
33011.0,HILLSBOROUGH,1,REPUBLICAN,40387
33011.0,HILLSBOROUGH,2,DEMOCRAT,69773
33011.0,HILLSBOROUGH,2,LIBERTARIAN,3214
33011.0,HILLSBOROUGH,2,OTHER,48
33011.0,HILLSBOROUGH,2,REPUBLICAN,61345
33013.0,MERRIMACK,1,DEMOCRAT,4068
33013.0,MERRIMACK,1,LIBERTARIAN,137
33013.0,MERRIMACK,1,OTHER,3
33013.0,MERRIMACK,1,REPUBLICAN,4279
33013.0,MERRIMACK,2,DEMOCRAT,44408
33013.0,MERRIMACK,2,LIBERTARIAN,1902
33013.0,MERRIMACK,2,OTHER,38
33013.0,MERRIMACK,2,REPUBLICAN,33316
33015.0,ROCKINGHAM,1,DEMOCRAT,78948
33015.0,ROCKINGHAM,1,LIBERTARIAN,3574
33015.0,ROCKINGHAM,1,OTHER,54
33015.0,ROCKINGHAM,1,REPUBLICAN,73968
33015.0,ROCKINGHAM,2,DEMOCRAT,16716
33015.0,ROCKINGHAM,2,LIBERTARIAN,719
33015.0,ROCKINGHAM,2,OTHER,10
33015.0,ROCKINGHAM,2,REPUBLICAN,20308
33017.0,STRAFFORD,1,DEMOCRAT,40617
33017.0,STRAFFORD,1,LIBERTARIAN,2073
33017.0,STRAFFORD,1,OTHER,34
33017.0,STRAFFORD,1,REPUBLICAN,29396
33019.0,SULLIVAN,2,DEMOCRAT,12426
33019.0,SULLIVAN,2,LIBERTARIAN,661
33019.0,SULLIVAN,2,OTHER,10
33019.0,SULLIVAN,2,REPUBLICAN,10811
34001.0,ATLANTIC,2,DEMOCRAT,69566
34001.0,ATLANTIC,2,LIBERTARIAN,755
34001.0,ATLANTIC,2,OTHER,1395
34001.0,ATLANTIC,2,REPUBLICAN,65354
34003.0,BERGEN,5,DEMOCRAT,177378
34003.0,BERGEN,5,OTHER,2906
34003.0,BERGEN,5,REPUBLICAN,124748
34003.0,BERGEN,8,DEMOCRAT,2336
34003.0,BERGEN,8,LIBERTARIAN,46
34003.0,BERGEN,8,REPUBLICAN,1230
34003.0,BERGEN,9,DEMOCRAT,104655
34003.0,BERGEN,9,OTHER,3837
34003.0,BERGEN,9,REPUBLICAN,63711
34005.0,BURLINGTON,1,DEMOCRAT,8004
34005.0,BURLINGTON,1,REPUBLICAN,4993
34005.0,BURLINGTON,2,DEMOCRAT,371
34005.0,BURLINGTON,2,LIBERTARIAN,15
34005.0,BURLINGTON,2,OTHER,10
34005.0,BURLINGTON,2,REPUBLICAN,851
34005.0,BURLINGTON,3,DEMOCRAT,150932
34005.0,BURLINGTON,3,OTHER,2191
34005.0,BURLINGTON,3,REPUBLICAN,89332
34007.0,CAMDEN,1,DEMOCRAT,170632
34007.0,CAMDEN,1,REPUBLICAN,85129
34007.0,CAMDEN,2,DEMOCRAT,2536
34007.0,CAMDEN,2,LIBERTARIAN,60
34007.0,CAMDEN,2,OTHER,31
34007.0,CAMDEN,2,REPUBLICAN,3458
34009.0,CAPE MAY,2,DEMOCRAT,21899
34009.0,CAPE MAY,2,LIBERTARIAN,341
34009.0,CAPE MAY,2,OTHER,217
34009.0,CAPE MAY,2,REPUBLICAN,34627
34011.0,CUMBERLAND,2,DEMOCRAT,31266
34011.0,CUMBERLAND,2,LIBERTARIAN,415
34011.0,CUMBERLAND,2,OTHER,1087
34011.0,CUMBERLAND,2,REPUBLICAN,28744
34013.0,ESSEX,10,DEMOCRAT,146101
34013.0,ESSEX,10,LIBERTARIAN,391
34013.0,ESSEX,10,OTHER,4003
34013.0,ESSEX,10,REPUBLICAN,13000
34013.0,ESSEX,11,DEMOCRAT,71053
34013.0,ESSEX,11,REPUBLICAN,43603
34013.0,ESSEX,7,DEMOCRAT,7625
34013.0,ESSEX,7,REPUBLICAN,3904
34013.0,ESSEX,8,DEMOCRAT,30689
34013.0,ESSEX,8,LIBERTARIAN,308
34013.0,ESSEX,8,REPUBLICAN,10333
34015.0,GLOUCESTER,1,DEMOCRAT,61931
34015.0,GLOUCESTER,1,REPUBLICAN,54341
34015.0,GLOUCESTER,2,DEMOCRAT,24350
34015.0,GLOUCESTER,2,LIBERTARIAN,660
34015.0,GLOUCESTER,2,OTHER,604
34015.0,GLOUCESTER,2,REPUBLICAN,27930
34017.0,HUDSON,10,DEMOCRAT,44418
34017.0,HUDSON,10,LIBERTARIAN,393
34017.0,HUDSON,10,OTHER,1894
34017.0,HUDSON,10,REPUBLICAN,11785
34017.0,HUDSON,8,DEMOCRAT,120156
34017.0,HUDSON,8,LIBERTARIAN,2783
34017.0,HUDSON,8,REPUBLICAN,39346
34017.0,HUDSON,9,DEMOCRAT,9672
34017.0,HUDSON,9,OTHER,493
34017.0,HUDSON,9,REPUBLICAN,6005
34019.0,HUNTERDON,7,DEMOCRAT,36815
34019.0,HUNTERDON,7,REPUBLICAN,46443
34021.0,MERCER,12,DEMOCRAT,85492
34021.0,MERCER,12,OTHER,2385
34021.0,MERCER,12,REPUBLICAN,27531
34021.0,MERCER,4,DEMOCRAT,26329
34021.0,MERCER,4,LIBERTARIAN,495
34021.0,MERCER,4,OTHER,409
34021.0,MERCER,4,REPUBLICAN,29298
34023.0,MIDDLESEX,12,DEMOCRAT,90728
34023.0,MIDDLESEX,12,OTHER,2040
34023.0,MIDDLESEX,12,REPUBLICAN,65119
34023.0,MIDDLESEX,6,DEMOCRAT,136280
34023.0,MIDDLESEX,6,REPUBLICAN,69414
34025.0,MONMOUTH,4,DEMOCRAT,103600
34025.0,MONMOUTH,4,LIBERTARIAN,1406
34025.0,MONMOUTH,4,OTHER,3888
34025.0,MONMOUTH,4,REPUBLICAN,142013
34025.0,MONMOUTH,6,DEMOCRAT,63368
34025.0,MONMOUTH,6,REPUBLICAN,57346
34027.0,MORRIS,11,DEMOCRAT,115556
34027.0,MORRIS,11,REPUBLICAN,107237
34027.0,MORRIS,7,DEMOCRAT,32400
34027.0,MORRIS,7,REPUBLICAN,36838
34029.0,OCEAN,2,DEMOCRAT,9612
34029.0,OCEAN,2,LIBERTARIAN,245
34029.0,OCEAN,2,OTHER,199
34029.0,OCEAN,2,REPUBLICAN,16311
34029.0,OCEAN,3,DEMOCRAT,78908
34029.0,OCEAN,3,OTHER,3404
34029.0,OCEAN,3,REPUBLICAN,106995
34029.0,OCEAN,4,DEMOCRAT,32491
34029.0,OCEAN,4,LIBERTARIAN,682
34029.0,OCEAN,4,OTHER,965
34029.0,OCEAN,4,REPUBLICAN,82792
34031.0,PASSAIC,11,DEMOCRAT,35716
34031.0,PASSAIC,11,REPUBLICAN,38608
34031.0,PASSAIC,5,DEMOCRAT,9629
34031.0,PASSAIC,5,OTHER,453
34031.0,PASSAIC,5,REPUBLICAN,12749
34031.0,PASSAIC,9,DEMOCRAT,89347
34031.0,PASSAIC,9,OTHER,2909
34031.0,PASSAIC,9,REPUBLICAN,28913
34033.0,SALEM,2,DEMOCRAT,14249
34033.0,SALEM,2,LIBERTARIAN,545
34033.0,SALEM,2,OTHER,593
34033.0,SALEM,2,REPUBLICAN,18251
34035.0,SOMERSET,12,DEMOCRAT,29439
34035.0,SOMERSET,12,OTHER,1350
34035.0,SOMERSET,12,REPUBLICAN,13486
34035.0,SOMERSET,7,DEMOCRAT,73466
34035.0,SOMERSET,7,REPUBLICAN,65153
34037.0,SUSSEX,11,DEMOCRAT,12838
34037.0,SUSSEX,11,REPUBLICAN,16565
34037.0,SUSSEX,5,DEMOCRAT,22363
34037.0,SUSSEX,5,OTHER,1049
34037.0,SUSSEX,5,REPUBLICAN,33455
34039.0,UNION,10,DEMOCRAT,51003
34039.0,UNION,10,LIBERTARIAN,388
34039.0,UNION,10,OTHER,1120
34039.0,UNION,10,REPUBLICAN,15513
34039.0,UNION,12,DEMOCRAT,25224
34039.0,UNION,12,OTHER,476
34039.0,UNION,12,REPUBLICAN,8455
34039.0,UNION,7,DEMOCRAT,60591
34039.0,UNION,7,REPUBLICAN,50232
34039.0,UNION,8,DEMOCRAT,23577
34039.0,UNION,8,LIBERTARIAN,192
34039.0,UNION,8,REPUBLICAN,7777
34041.0,WARREN,5,DEMOCRAT,15805
34041.0,WARREN,5,OTHER,720
34041.0,WARREN,5,REPUBLICAN,22381
34041.0,WARREN,7,DEMOCRAT,8791
34041.0,WARREN,7,REPUBLICAN,11789
35001.0,BERNALILLO,1,DEMOCRAT,174778
35001.0,BERNALILLO,1,REPUBLICAN,119966
35001.0,BERNALILLO,2,DEMOCRAT,736
35001.0,BERNALILLO,2,OTHER,-2
35001.0,BERNALILLO,2,REPUBLICAN,273
35001.0,BERNALILLO,3,DEMOCRAT,7959
35001.0,BERNALILLO,3,REPUBLICAN,7297
35003.0,CATRON,2,DEMOCRAT,619
35003.0,CATRON,2,OTHER,-9
35003.0,CATRON,2,REPUBLICAN,1631
35005.0,CHAVES,2,DEMOCRAT,7054
35005.0,CHAVES,2,OTHER,-63
35005.0,CHAVES,2,REPUBLICAN,14975
35006.0,CIBOLA,2,DEMOCRAT,4868
35006.0,CIBOLA,2,OTHER,-29
35006.0,CIBOLA,2,REPUBLICAN,3817
35007.0,COLFAX,3,DEMOCRAT,2789
35007.0,COLFAX,3,REPUBLICAN,3132
35009.0,CURRY,3,DEMOCRAT,4301
35009.0,CURRY,3,REPUBLICAN,10420
35011.0,DE BACA,2,DEMOCRAT,269
35011.0,DE BACA,2,OTHER,-4
35011.0,DE BACA,2,REPUBLICAN,615
35013.0,DONA ANA,2,DEMOCRAT,49417
35013.0,DONA ANA,2,OTHER,-170
35013.0,DONA ANA,2,REPUBLICAN,31694
35015.0,EDDY,2,DEMOCRAT,6001
35015.0,EDDY,2,OTHER,-41
35015.0,EDDY,2,REPUBLICAN,16645
35017.0,GRANT,2,DEMOCRAT,7897
35017.0,GRANT,2,OTHER,-39
35017.0,GRANT,2,REPUBLICAN,6282
35019.0,GUADALUPE,2,DEMOCRAT,1352
35019.0,GUADALUPE,2,OTHER,-5
35019.0,GUADALUPE,2,REPUBLICAN,772
35021.0,HARDING,3,DEMOCRAT,187
35021.0,HARDING,3,REPUBLICAN,294
35023.0,HIDALGO,2,DEMOCRAT,881
35023.0,HIDALGO,2,OTHER,-6
35023.0,HIDALGO,2,REPUBLICAN,1018
35025.0,LEA,2,DEMOCRAT,4557
35025.0,LEA,2,OTHER,-49
35025.0,LEA,2,REPUBLICAN,15772
35027.0,LINCOLN,2,DEMOCRAT,3323
35027.0,LINCOLN,2,OTHER,-22
35027.0,LINCOLN,2,REPUBLICAN,6808
35028.0,LOS ALAMOS,3,DEMOCRAT,7062
35028.0,LOS ALAMOS,3,REPUBLICAN,5028
35029.0,LUNA,2,DEMOCRAT,3854
35029.0,LUNA,2,OTHER,-17
35029.0,LUNA,2,REPUBLICAN,4045
35031.0,MCKINLEY,2,DEMOCRAT,2027
35031.0,MCKINLEY,2,OTHER,-5
35031.0,MCKINLEY,2,REPUBLICAN,473
35031.0,MCKINLEY,3,DEMOCRAT,15190
35031.0,MCKINLEY,3,REPUBLICAN,7689
35033.0,MORA,3,DEMOCRAT,1867
35033.0,MORA,3,REPUBLICAN,724
35035.0,OTERO,2,DEMOCRAT,9007
35035.0,OTERO,2,OTHER,-59
35035.0,OTERO,2,REPUBLICAN,13970
35037.0,QUAY,3,DEMOCRAT,1194
35037.0,QUAY,3,REPUBLICAN,2554
35039.0,RIO ARRIBA,3,DEMOCRAT,11377
35039.0,RIO ARRIBA,3,REPUBLICAN,4633
35041.0,ROOSEVELT,2,DEMOCRAT,683
35041.0,ROOSEVELT,2,OTHER,-9
35041.0,ROOSEVELT,2,REPUBLICAN,2234
35041.0,ROOSEVELT,3,DEMOCRAT,1134
35041.0,ROOSEVELT,3,REPUBLICAN,2398
35043.0,SANDOVAL,1,DEMOCRAT,7158
35043.0,SANDOVAL,1,REPUBLICAN,5710
35043.0,SANDOVAL,3,DEMOCRAT,32417
35043.0,SANDOVAL,3,REPUBLICAN,29745
35045.0,SAN JUAN,3,DEMOCRAT,17730
35045.0,SAN JUAN,3,REPUBLICAN,33207
35047.0,SAN MIGUEL,3,DEMOCRAT,8455
35047.0,SAN MIGUEL,3,REPUBLICAN,2884
35049.0,SANTA FE,1,DEMOCRAT,1167
35049.0,SANTA FE,1,REPUBLICAN,2085
35049.0,SANTA FE,3,DEMOCRAT,60766
35049.0,SANTA FE,3,REPUBLICAN,16438
35051.0,SIERRA,2,DEMOCRAT,2381
35051.0,SIERRA,2,OTHER,-9
35051.0,SIERRA,2,REPUBLICAN,3425
35053.0,SOCORRO,2,DEMOCRAT,3975
35053.0,SOCORRO,2,OTHER,-27
35053.0,SOCORRO,2,REPUBLICAN,3048
35055.0,TAOS,3,DEMOCRAT,13419
35055.0,TAOS,3,REPUBLICAN,3363
35057.0,TORRANCE,1,DEMOCRAT,2323
35057.0,TORRANCE,1,REPUBLICAN,4854
35059.0,UNION,3,DEMOCRAT,398
35059.0,UNION,3,REPUBLICAN,1344
35061.0,VALENCIA,1,DEMOCRAT,1526
35061.0,VALENCIA,1,REPUBLICAN,1721
35061.0,VALENCIA,2,DEMOCRAT,13605
35061.0,VALENCIA,2,OTHER,-54
35061.0,VALENCIA,2,REPUBLICAN,14778
36000.0,KANSAS CITY,5,DEMOCRAT,105588
36000.0,KANSAS CITY,5,LIBERTARIAN,3292
36000.0,KANSAS CITY,5,OTHER,29
36000.0,KANSAS CITY,5,REPUBLICAN,26770
36001.0,ALBANY,20,DEMOCRAT,88304
36001.0,ALBANY,20,OTHER,22752
36001.0,ALBANY,20,REPUBLICAN,43671
36003.0,ALLEGANY,23,DEMOCRAT,5121
36003.0,ALLEGANY,23,LIBERTARIAN,230
36003.0,ALLEGANY,23,OTHER,1813
36003.0,ALLEGANY,23,REPUBLICAN,13128
36005.0,BRONX,13,DEMOCRAT,42558
36005.0,BRONX,13,OTHER,4600
36005.0,BRONX,13,REPUBLICAN,5884
36005.0,BRONX,14,DEMOCRAT,52860
36005.0,BRONX,14,OTHER,3240
36005.0,BRONX,14,REPUBLICAN,21290
36005.0,BRONX,15,DEMOCRAT,169533
36005.0,BRONX,15,OTHER,2237
36005.0,BRONX,15,REPUBLICAN,18984
36005.0,BRONX,16,DEMOCRAT,82344
36005.0,BRONX,16,OTHER,8261
36007.0,BROOME,19,DEMOCRAT,377
36007.0,BROOME,19,LIBERTARIAN,17
36007.0,BROOME,19,OTHER,135
36007.0,BROOME,19,REPUBLICAN,574
36007.0,BROOME,22,DEMOCRAT,45187
36007.0,BROOME,22,LIBERTARIAN,2461
36007.0,BROOME,22,OTHER,10801
36007.0,BROOME,22,REPUBLICAN,33920
36009.0,CATTARAUGUS,23,DEMOCRAT,10178
36009.0,CATTARAUGUS,23,LIBERTARIAN,420
36009.0,CATTARAUGUS,23,OTHER,4673
36009.0,CATTARAUGUS,23,REPUBLICAN,19743
36011.0,CAYUGA,24,DEMOCRAT,12679
36011.0,CAYUGA,24,OTHER,3973
36011.0,CAYUGA,24,REPUBLICAN,19242
36013.0,CHAUTAUQUA,23,DEMOCRAT,19454
36013.0,CHAUTAUQUA,23,LIBERTARIAN,726
36013.0,CHAUTAUQUA,23,OTHER,8568
36013.0,CHAUTAUQUA,23,REPUBLICAN,31020
36015.0,CHEMUNG,23,DEMOCRAT,13852
36015.0,CHEMUNG,23,LIBERTARIAN,509
36015.0,CHEMUNG,23,OTHER,4114
36015.0,CHEMUNG,23,REPUBLICAN,21236
36017.0,CHENANGO,22,DEMOCRAT,8310
36017.0,CHENANGO,22,LIBERTARIAN,654
36017.0,CHENANGO,22,OTHER,2387
36017.0,CHENANGO,22,REPUBLICAN,11140
36019.0,CLINTON,21,DEMOCRAT,15894
36019.0,CLINTON,21,OTHER,3147
36019.0,CLINTON,21,REPUBLICAN,16249
36021.0,COLUMBIA,19,DEMOCRAT,18445
36021.0,COLUMBIA,19,LIBERTARIAN,374
36021.0,COLUMBIA,19,OTHER,3081
36021.0,COLUMBIA,19,REPUBLICAN,12918
36023.0,CORTLAND,22,DEMOCRAT,9903
36023.0,CORTLAND,22,LIBERTARIAN,613
36023.0,CORTLAND,22,OTHER,2566
36023.0,CORTLAND,22,REPUBLICAN,8811
36025.0,DELAWARE,19,DEMOCRAT,8998
36025.0,DELAWARE,19,LIBERTARIAN,253
36025.0,DELAWARE,19,OTHER,2290
36025.0,DELAWARE,19,REPUBLICAN,11528
36027.0,DUTCHESS,18,DEMOCRAT,43502
36027.0,DUTCHESS,18,LIBERTARIAN,576
36027.0,DUTCHESS,18,OTHER,14759
36027.0,DUTCHESS,18,REPUBLICAN,28809
36027.0,DUTCHESS,19,DEMOCRAT,29537
36027.0,DUTCHESS,19,LIBERTARIAN,636
36027.0,DUTCHESS,19,OTHER,7666
36027.0,DUTCHESS,19,REPUBLICAN,26402
36029.0,ERIE,26,DEMOCRAT,185016
36029.0,ERIE,26,OTHER,38481
36029.0,ERIE,26,REPUBLICAN,79925
36029.0,ERIE,27,DEMOCRAT,62606
36029.0,ERIE,27,LIBERTARIAN,1928
36029.0,ERIE,27,OTHER,28195
36029.0,ERIE,27,REPUBLICAN,80621
36031.0,ESSEX,21,DEMOCRAT,8583
36031.0,ESSEX,21,OTHER,1893
36031.0,ESSEX,21,REPUBLICAN,8997
36033.0,FRANKLIN,21,DEMOCRAT,8268
36033.0,FRANKLIN,21,OTHER,1687
36033.0,FRANKLIN,21,REPUBLICAN,9465
36035.0,FULTON,21,DEMOCRAT,6904
36035.0,FULTON,21,OTHER,3048
36035.0,FULTON,21,REPUBLICAN,14120
36037.0,GENESEE,27,DEMOCRAT,7972
36037.0,GENESEE,27,LIBERTARIAN,553
36037.0,GENESEE,27,OTHER,4609
36037.0,GENESEE,27,REPUBLICAN,16297
36039.0,GREENE,19,DEMOCRAT,9729
36039.0,GREENE,19,LIBERTARIAN,282
36039.0,GREENE,19,OTHER,1818
36039.0,GREENE,19,REPUBLICAN,12378
36041.0,HAMILTON,21,DEMOCRAT,1030
36041.0,HAMILTON,21,OTHER,344
36041.0,HAMILTON,21,REPUBLICAN,2115
36043.0,HERKIMER,21,DEMOCRAT,1226
36043.0,HERKIMER,21,OTHER,594
36043.0,HERKIMER,21,REPUBLICAN,3009
36043.0,HERKIMER,22,DEMOCRAT,9071
36043.0,HERKIMER,22,LIBERTARIAN,360
36043.0,HERKIMER,22,OTHER,2680
36043.0,HERKIMER,22,REPUBLICAN,12611
36045.0,JEFFERSON,21,DEMOCRAT,14649
36045.0,JEFFERSON,21,OTHER,4051
36045.0,JEFFERSON,21,REPUBLICAN,25427
36047.0,KINGS,10,DEMOCRAT,29564
36047.0,KINGS,10,LIBERTARIAN,732
36047.0,KINGS,10,OTHER,8398
36047.0,KINGS,10,REPUBLICAN,33438
36047.0,KINGS,11,DEMOCRAT,41217
36047.0,KINGS,11,OTHER,3793
36047.0,KINGS,11,REPUBLICAN,35006
36047.0,KINGS,12,DEMOCRAT,29627
36047.0,KINGS,12,LIBERTARIAN,487
36047.0,KINGS,12,OTHER,379
36047.0,KINGS,12,REPUBLICAN,3655
36047.0,KINGS,7,DEMOCRAT,113835
36047.0,KINGS,7,LIBERTARIAN,1099
36047.0,KINGS,7,OTHER,29434
36047.0,KINGS,7,REPUBLICAN,19278
36047.0,KINGS,8,DEMOCRAT,198307
36047.0,KINGS,8,OTHER,29373
36047.0,KINGS,8,REPUBLICAN,30934
36047.0,KINGS,9,DEMOCRAT,195758
36047.0,KINGS,9,LIBERTARIAN,1644
36047.0,KINGS,9,OTHER,39355
36047.0,KINGS,9,REPUBLICAN,40110
36049.0,LEWIS,21,DEMOCRAT,3189
36049.0,LEWIS,21,OTHER,1268
36049.0,LEWIS,21,REPUBLICAN,8579
36051.0,LIVINGSTON,27,DEMOCRAT,10714
36051.0,LIVINGSTON,27,LIBERTARIAN,387
36051.0,LIVINGSTON,27,OTHER,4830
36051.0,LIVINGSTON,27,REPUBLICAN,15725
36053.0,MADISON,22,DEMOCRAT,14036
36053.0,MADISON,22,LIBERTARIAN,694
36053.0,MADISON,22,OTHER,4021
36053.0,MADISON,22,REPUBLICAN,15509
36055.0,MONROE,25,DEMOCRAT,187503
36055.0,MONROE,25,LIBERTARIAN,5325
36055.0,MONROE,25,OTHER,58609
36055.0,MONROE,25,REPUBLICAN,115940
36055.0,MONROE,27,DEMOCRAT,6065
36055.0,MONROE,27,LIBERTARIAN,207
36055.0,MONROE,27,OTHER,2707
36055.0,MONROE,27,REPUBLICAN,7140
36057.0,MONTGOMERY,19,DEMOCRAT,2270
36057.0,MONTGOMERY,19,LIBERTARIAN,75
36057.0,MONTGOMERY,19,OTHER,673
36057.0,MONTGOMERY,19,REPUBLICAN,3371
36057.0,MONTGOMERY,20,DEMOCRAT,5866
36057.0,MONTGOMERY,20,OTHER,1988
36057.0,MONTGOMERY,20,REPUBLICAN,7003
36059.0,NASSAU,2,DEMOCRAT,36436
36059.0,NASSAU,2,LIBERTARIAN,422
36059.0,NASSAU,2,OTHER,15510
36059.0,NASSAU,2,REPUBLICAN,59115
36059.0,NASSAU,3,DEMOCRAT,100736
36059.0,NASSAU,3,LIBERTARIAN,1039
36059.0,NASSAU,3,OTHER,25899
36059.0,NASSAU,3,REPUBLICAN,74624
36059.0,NASSAU,4,DEMOCRAT,199762
36059.0,NASSAU,4,OTHER,45694
36059.0,NASSAU,4,REPUBLICAN,139559
36059.0,NASSAU,5,DEMOCRAT,28672
36059.0,NASSAU,5,OTHER,10897
36061.0,NEW YORK,10,DEMOCRAT,151651
36061.0,NEW YORK,10,LIBERTARIAN,2638
36061.0,NEW YORK,10,OTHER,22541
36061.0,NEW YORK,10,REPUBLICAN,27607
36061.0,NEW YORK,12,DEMOCRAT,193336
36061.0,NEW YORK,12,LIBERTARIAN,2815
36061.0,NEW YORK,12,OTHER,2746
36061.0,NEW YORK,12,REPUBLICAN,38485
36061.0,NEW YORK,13,DEMOCRAT,160358
36061.0,NEW YORK,13,OTHER,27620
36061.0,NEW YORK,13,REPUBLICAN,13945
36061.0,NEW YORK,7,DEMOCRAT,21337
36061.0,NEW YORK,7,LIBERTARIAN,235
36061.0,NEW YORK,7,OTHER,3692
36061.0,NEW YORK,7,REPUBLICAN,4007
36063.0,NIAGARA,26,DEMOCRAT,17299
36063.0,NIAGARA,26,OTHER,2392
36063.0,NIAGARA,26,REPUBLICAN,11762
36063.0,NIAGARA,27,DEMOCRAT,24004
36063.0,NIAGARA,27,LIBERTARIAN,840
36063.0,NIAGARA,27,OTHER,8945
36063.0,NIAGARA,27,REPUBLICAN,33772
36065.0,ONEIDA,22,DEMOCRAT,43493
36065.0,ONEIDA,22,LIBERTARIAN,1390
36065.0,ONEIDA,22,OTHER,11746
36065.0,ONEIDA,22,REPUBLICAN,46080
36067.0,ONONDAGA,24,DEMOCRAT,110541
36067.0,ONONDAGA,24,OTHER,30535
36067.0,ONONDAGA,24,REPUBLICAN,96660
36069.0,ONTARIO,23,DEMOCRAT,8052
36069.0,ONTARIO,23,LIBERTARIAN,190
36069.0,ONTARIO,23,OTHER,2112
36069.0,ONTARIO,23,REPUBLICAN,9283
36069.0,ONTARIO,27,DEMOCRAT,16300
36069.0,ONTARIO,27,LIBERTARIAN,430
36069.0,ONTARIO,27,OTHER,4001
36069.0,ONTARIO,27,REPUBLICAN,16719
36071.0,ORANGE,18,DEMOCRAT,82120
36071.0,ORANGE,18,LIBERTARIAN,1518
36071.0,ORANGE,18,OTHER,15422
36071.0,ORANGE,18,REPUBLICAN,62562
36073.0,ORLEANS,27,DEMOCRAT,4722
36073.0,ORLEANS,27,LIBERTARIAN,276
36073.0,ORLEANS,27,OTHER,3051
36073.0,ORLEANS,27,REPUBLICAN,10265
36075.0,OSWEGO,22,DEMOCRAT,6511
36075.0,OSWEGO,22,LIBERTARIAN,414
36075.0,OSWEGO,22,OTHER,2746
36075.0,OSWEGO,22,REPUBLICAN,12372
36075.0,OSWEGO,24,DEMOCRAT,10954
36075.0,OSWEGO,24,OTHER,4920
36075.0,OSWEGO,24,REPUBLICAN,16941
36077.0,OTSEGO,19,DEMOCRAT,12863
36077.0,OTSEGO,19,LIBERTARIAN,382
36077.0,OTSEGO,19,OTHER,4135
36077.0,OTSEGO,19,REPUBLICAN,10861
36079.0,PUTNAM,18,DEMOCRAT,22561
36079.0,PUTNAM,18,LIBERTARIAN,376
36079.0,PUTNAM,18,OTHER,8808
36079.0,PUTNAM,18,REPUBLICAN,23562
36081.0,QUEENS,12,DEMOCRAT,42209
36081.0,QUEENS,12,LIBERTARIAN,713
36081.0,QUEENS,12,OTHER,779
36081.0,QUEENS,12,REPUBLICAN,7017
36081.0,QUEENS,14,DEMOCRAT,99801
36081.0,QUEENS,14,OTHER,4723
36081.0,QUEENS,14,REPUBLICAN,31187
36081.0,QUEENS,3,DEMOCRAT,29539
36081.0,QUEENS,3,LIBERTARIAN,287
36081.0,QUEENS,3,OTHER,4000
36081.0,QUEENS,3,REPUBLICAN,18647
36081.0,QUEENS,5,DEMOCRAT,200453
36081.0,QUEENS,6,DEMOCRAT,144149
36081.0,QUEENS,6,LIBERTARIAN,754
36081.0,QUEENS,6,OTHER,21053
36081.0,QUEENS,6,REPUBLICAN,67735
36081.0,QUEENS,7,DEMOCRAT,21717
36081.0,QUEENS,7,LIBERTARIAN,188
36081.0,QUEENS,7,OTHER,4174
36081.0,QUEENS,7,REPUBLICAN,6119
36081.0,QUEENS,8,DEMOCRAT,8804
36081.0,QUEENS,8,OTHER,1332
36081.0,QUEENS,8,REPUBLICAN,8190
36083.0,RENSSELAER,19,DEMOCRAT,15286
36083.0,RENSSELAER,19,LIBERTARIAN,526
36083.0,RENSSELAER,19,OTHER,4050
36083.0,RENSSELAER,19,REPUBLICAN,17350
36083.0,RENSSELAER,20,DEMOCRAT,21867
36083.0,RENSSELAER,20,OTHER,7375
36083.0,RENSSELAER,20,REPUBLICAN,13508
36085.0,RICHMOND,11,DEMOCRAT,93408
36085.0,RICHMOND,11,OTHER,10968
36085.0,RICHMOND,11,REPUBLICAN,108414
36087.0,ROCKLAND,17,DEMOCRAT,68697
36087.0,ROCKLAND,17,OTHER,16016
36087.0,ROCKLAND,17,REPUBLICAN,54791
36089.0,ST LAWRENCE,21,DEMOCRAT,17156
36089.0,ST LAWRENCE,21,OTHER,4616
36089.0,ST LAWRENCE,21,REPUBLICAN,23495
36091.0,SARATOGA,20,DEMOCRAT,40028
36091.0,SARATOGA,20,OTHER,10665
36091.0,SARATOGA,20,REPUBLICAN,30981
36091.0,SARATOGA,21,DEMOCRAT,20258
36091.0,SARATOGA,21,OTHER,5892
36091.0,SARATOGA,21,REPUBLICAN,25732
36093.0,SCHENECTADY,20,DEMOCRAT,38006
36093.0,SCHENECTADY,20,OTHER,11682
36093.0,SCHENECTADY,20,REPUBLICAN,25676
36095.0,SCHOHARIE,19,DEMOCRAT,5778
36095.0,SCHOHARIE,19,LIBERTARIAN,259
36095.0,SCHOHARIE,19,OTHER,1025
36095.0,SCHOHARIE,19,REPUBLICAN,8102
36097.0,SCHUYLER,23,DEMOCRAT,3255
36097.0,SCHUYLER,23,LIBERTARIAN,125
36097.0,SCHUYLER,23,OTHER,909
36097.0,SCHUYLER,23,REPUBLICAN,5309
36099.0,SENECA,23,DEMOCRAT,5802
36099.0,SENECA,23,LIBERTARIAN,116
36099.0,SENECA,23,OTHER,1498
36099.0,SENECA,23,REPUBLICAN,7532
36101.0,STEUBEN,23,DEMOCRAT,13290
36101.0,STEUBEN,23,LIBERTARIAN,367
36101.0,STEUBEN,23,OTHER,5033
36101.0,STEUBEN,23,REPUBLICAN,27824
36103.0,SUFFOLK,1,DEMOCRAT,160978
36103.0,SUFFOLK,1,OTHER,47181
36103.0,SUFFOLK,1,REPUBLICAN,180855
36103.0,SUFFOLK,2,DEMOCRAT,108413
36103.0,SUFFOLK,2,LIBERTARIAN,1069
36103.0,SUFFOLK,2,OTHER,38616
36103.0,SUFFOLK,2,REPUBLICAN,99036
36103.0,SUFFOLK,3,DEMOCRAT,65781
36103.0,SUFFOLK,3,LIBERTARIAN,830
36103.0,SUFFOLK,3,OTHER,19862
36103.0,SUFFOLK,3,REPUBLICAN,54190
36105.0,SULLIVAN,19,DEMOCRAT,14955
36105.0,SULLIVAN,19,LIBERTARIAN,333
36105.0,SULLIVAN,19,OTHER,2140
36105.0,SULLIVAN,19,REPUBLICAN,14827
36107.0,TIOGA,22,DEMOCRAT,2387
36107.0,TIOGA,22,LIBERTARIAN,194
36107.0,TIOGA,22,OTHER,638
36107.0,TIOGA,22,REPUBLICAN,2848
36107.0,TIOGA,23,DEMOCRAT,8374
36107.0,TIOGA,23,LIBERTARIAN,490
36107.0,TIOGA,23,OTHER,2943
36107.0,TIOGA,23,REPUBLICAN,13358
36109.0,TOMPKINS,23,DEMOCRAT,27449
36109.0,TOMPKINS,23,LIBERTARIAN,493
36109.0,TOMPKINS,23,OTHER,7535
36109.0,TOMPKINS,23,REPUBLICAN,10569
36111.0,ULSTER,19,DEMOCRAT,50043
36111.0,ULSTER,19,LIBERTARIAN,1087
36111.0,ULSTER,19,OTHER,13866
36111.0,ULSTER,19,REPUBLICAN,33164
36113.0,WARREN,21,DEMOCRAT,15284
36113.0,WARREN,21,OTHER,3851
36113.0,WARREN,21,REPUBLICAN,17256
36115.0,WASHINGTON,21,DEMOCRAT,9981
36115.0,WASHINGTON,21,OTHER,2700
36115.0,WASHINGTON,21,REPUBLICAN,15231
36117.0,WAYNE,24,DEMOCRAT,13703
36117.0,WAYNE,24,OTHER,7936
36117.0,WAYNE,24,REPUBLICAN,23392
36119.0,WESTCHESTER,16,DEMOCRAT,136170
36119.0,WESTCHESTER,16,OTHER,82097
36119.0,WESTCHESTER,17,DEMOCRAT,115279
36119.0,WESTCHESTER,17,OTHER,30780
36119.0,WESTCHESTER,17,REPUBLICAN,62518
36119.0,WESTCHESTER,18,DEMOCRAT,22974
36119.0,WESTCHESTER,18,LIBERTARIAN,216
36119.0,WESTCHESTER,18,OTHER,5066
36119.0,WESTCHESTER,18,REPUBLICAN,13673
36121.0,WYOMING,27,DEMOCRAT,4400
36121.0,WYOMING,27,LIBERTARIAN,263
36121.0,WYOMING,27,OTHER,2546
36121.0,WYOMING,27,REPUBLICAN,12217
36123.0,YATES,23,DEMOCRAT,3621
36123.0,YATES,23,LIBERTARIAN,69
36123.0,YATES,23,OTHER,1425
36123.0,YATES,23,REPUBLICAN,5676
37001.0,ALAMANCE,13,DEMOCRAT,38416
37001.0,ALAMANCE,13,REPUBLICAN,46535
37003.0,ALEXANDER,5,DEMOCRAT,3996
37003.0,ALEXANDER,5,OTHER,433
37003.0,ALEXANDER,5,REPUBLICAN,15567
37005.0,ALLEGHANY,5,DEMOCRAT,1380
37005.0,ALLEGHANY,5,OTHER,112
37005.0,ALLEGHANY,5,REPUBLICAN,4549
37007.0,ANSON,9,DEMOCRAT,5815
37007.0,ANSON,9,REPUBLICAN,5252
37009.0,ASHE,5,DEMOCRAT,4086
37009.0,ASHE,5,OTHER,345
37009.0,ASHE,5,REPUBLICAN,11270
37011.0,AVERY,11,DEMOCRAT,1956
37011.0,AVERY,11,LIBERTARIAN,130
37011.0,AVERY,11,OTHER,110
37011.0,AVERY,11,REPUBLICAN,7010
37013.0,BEAUFORT,3,DEMOCRAT,9092
37013.0,BEAUFORT,3,REPUBLICAN,16751
37015.0,BERTIE,1,DEMOCRAT,5871
37015.0,BERTIE,1,REPUBLICAN,3783
37017.0,BLADEN,7,DEMOCRAT,7163
37017.0,BLADEN,7,OTHER,12
37017.0,BLADEN,7,REPUBLICAN,9572
37019.0,BRUNSWICK,7,DEMOCRAT,31285
37019.0,BRUNSWICK,7,OTHER,124
37019.0,BRUNSWICK,7,REPUBLICAN,56962
37021.0,BUNCOMBE,11,DEMOCRAT,92938
37021.0,BUNCOMBE,11,LIBERTARIAN,3482
37021.0,BUNCOMBE,11,OTHER,2376
37021.0,BUNCOMBE,11,REPUBLICAN,60429
37023.0,BURKE,5,DEMOCRAT,12896
37023.0,BURKE,5,OTHER,770
37023.0,BURKE,5,REPUBLICAN,30222
37025.0,CABARRUS,8,DEMOCRAT,50857
37025.0,CABARRUS,8,REPUBLICAN,64522
37027.0,CALDWELL,5,DEMOCRAT,9823
37027.0,CALDWELL,5,OTHER,695
37027.0,CALDWELL,5,REPUBLICAN,31549
37029.0,CAMDEN,3,DEMOCRAT,1467
37029.0,CAMDEN,3,REPUBLICAN,4269
37031.0,CARTERET,3,DEMOCRAT,10768
37031.0,CARTERET,3,REPUBLICAN,29395
37033.0,CASWELL,13,DEMOCRAT,4828
37033.0,CASWELL,13,REPUBLICAN,6991
37035.0,CATAWBA,10,DEMOCRAT,21451
37035.0,CATAWBA,10,REPUBLICAN,51120
37035.0,CATAWBA,5,DEMOCRAT,3307
37035.0,CATAWBA,5,OTHER,132
37035.0,CATAWBA,5,REPUBLICAN,6673
37037.0,CHATHAM,13,DEMOCRAT,3432
37037.0,CHATHAM,13,REPUBLICAN,5785
37037.0,CHATHAM,4,DEMOCRAT,23147
37037.0,CHATHAM,4,REPUBLICAN,15431
37039.0,CHEROKEE,11,DEMOCRAT,3433
37039.0,CHEROKEE,11,LIBERTARIAN,249
37039.0,CHEROKEE,11,OTHER,187
37039.0,CHEROKEE,11,REPUBLICAN,12391
37041.0,CHOWAN,3,DEMOCRAT,3142
37041.0,CHOWAN,3,REPUBLICAN,4504
37043.0,CLAY,11,DEMOCRAT,1665
37043.0,CLAY,11,LIBERTARIAN,118
37043.0,CLAY,11,OTHER,63
37043.0,CLAY,11,REPUBLICAN,4928
37045.0,CLEVELAND,5,DEMOCRAT,16647
37045.0,CLEVELAND,5,OTHER,1285
37045.0,CLEVELAND,5,REPUBLICAN,32270
37047.0,COLUMBUS,7,DEMOCRAT,9450
37047.0,COLUMBUS,7,OTHER,18
37047.0,COLUMBUS,7,REPUBLICAN,16458
37049.0,CRAVEN,3,DEMOCRAT,19775
37049.0,CRAVEN,3,REPUBLICAN,32020
37051.0,CUMBERLAND,8,DEMOCRAT,85617
37051.0,CUMBERLAND,8,REPUBLICAN,59464
37053.0,CURRITUCK,3,DEMOCRAT,3983
37053.0,CURRITUCK,3,REPUBLICAN,11768
37055.0,DARE,3,DEMOCRAT,9362
37055.0,DARE,3,REPUBLICAN,13919
37057.0,DAVIDSON,13,DEMOCRAT,22226
37057.0,DAVIDSON,13,REPUBLICAN,65683
37059.0,DAVIE,13,DEMOCRAT,6177
37059.0,DAVIE,13,REPUBLICAN,18971
37061.0,DUPLIN,3,DEMOCRAT,8452
37061.0,DUPLIN,3,REPUBLICAN,13634
37063.0,DURHAM,4,DEMOCRAT,143900
37063.0,DURHAM,4,REPUBLICAN,33597
37065.0,EDGECOMBE,1,DEMOCRAT,16138
37065.0,EDGECOMBE,1,REPUBLICAN,9124
37067.0,FORSYTH,10,DEMOCRAT,27498
37067.0,FORSYTH,10,REPUBLICAN,37235
37067.0,FORSYTH,6,DEMOCRAT,82361
37067.0,FORSYTH,6,REPUBLICAN,48518
37069.0,FRANKLIN,4,DEMOCRAT,16729
37069.0,FRANKLIN,4,REPUBLICAN,20043
37071.0,GASTON,5,DEMOCRAT,38899
37071.0,GASTON,5,OTHER,1954
37071.0,GASTON,5,REPUBLICAN,69147
37073.0,GATES,1,DEMOCRAT,2585
37073.0,GATES,1,REPUBLICAN,3276
37075.0,GRAHAM,11,DEMOCRAT,951
37075.0,GRAHAM,11,LIBERTARIAN,68
37075.0,GRAHAM,11,OTHER,27
37075.0,GRAHAM,11,REPUBLICAN,3522
37077.0,GRANVILLE,4,DEMOCRAT,15264
37077.0,GRANVILLE,4,REPUBLICAN,15867
37079.0,GREENE,1,DEMOCRAT,3845
37079.0,GREENE,1,REPUBLICAN,4840
37081.0,GUILFORD,6,DEMOCRAT,171170
37081.0,GUILFORD,6,REPUBLICAN,105080
37083.0,HALIFAX,1,DEMOCRAT,15446
37083.0,HALIFAX,1,REPUBLICAN,9938
37085.0,HARNETT,7,DEMOCRAT,7488
37085.0,HARNETT,7,OTHER,38
37085.0,HARNETT,7,REPUBLICAN,14445
37085.0,HARNETT,8,DEMOCRAT,14528
37085.0,HARNETT,8,REPUBLICAN,20596
37087.0,HAYWOOD,11,DEMOCRAT,13026
37087.0,HAYWOOD,11,LIBERTARIAN,710
37087.0,HAYWOOD,11,OTHER,398
37087.0,HAYWOOD,11,REPUBLICAN,22067
37089.0,HENDERSON,11,DEMOCRAT,25958
37089.0,HENDERSON,11,LIBERTARIAN,1205
37089.0,HENDERSON,11,OTHER,695
37089.0,HENDERSON,11,REPUBLICAN,39982
37091.0,HERTFORD,1,DEMOCRAT,6997
37091.0,HERTFORD,1,REPUBLICAN,3341
37093.0,HOKE,9,DEMOCRAT,11928
37093.0,HOKE,9,REPUBLICAN,9225
37095.0,HYDE,3,DEMOCRAT,1024
37095.0,HYDE,3,REPUBLICAN,1406
37097.0,IREDELL,10,DEMOCRAT,32170
37097.0,IREDELL,10,REPUBLICAN,66187
37097.0,IREDELL,13,DEMOCRAT,369
37097.0,IREDELL,13,REPUBLICAN,1179
37099.0,JACKSON,11,DEMOCRAT,9283
37099.0,JACKSON,11,LIBERTARIAN,474
37099.0,JACKSON,11,OTHER,333
37099.0,JACKSON,11,REPUBLICAN,11102
37101.0,JOHNSTON,7,DEMOCRAT,39394
37101.0,JOHNSTON,7,OTHER,168
37101.0,JOHNSTON,7,REPUBLICAN,68937
37103.0,JONES,3,DEMOCRAT,2132
37103.0,JONES,3,REPUBLICAN,3307
37105.0,LEE,13,DEMOCRAT,2897
37105.0,LEE,13,REPUBLICAN,4925
37105.0,LEE,8,DEMOCRAT,9313
37105.0,LEE,8,REPUBLICAN,11191
37107.0,LENOIR,3,DEMOCRAT,12948
37107.0,LENOIR,3,REPUBLICAN,14983
37109.0,LINCOLN,10,DEMOCRAT,12543
37109.0,LINCOLN,10,REPUBLICAN,36811
37111.0,MCDOWELL,11,DEMOCRAT,5708
37111.0,MCDOWELL,11,LIBERTARIAN,417
37111.0,MCDOWELL,11,OTHER,246
37111.0,MCDOWELL,11,REPUBLICAN,16329
37113.0,MACON,11,DEMOCRAT,6058
37113.0,MACON,11,LIBERTARIAN,300
37113.0,MACON,11,OTHER,206
37113.0,MACON,11,REPUBLICAN,13953
37115.0,MADISON,11,DEMOCRAT,4883
37115.0,MADISON,11,LIBERTARIAN,274
37115.0,MADISON,11,OTHER,146
37115.0,MADISON,11,REPUBLICAN,7618
37117.0,MARTIN,1,DEMOCRAT,5988
37117.0,MARTIN,1,REPUBLICAN,6427
37119.0,MECKLENBURG,12,DEMOCRAT,341457
37119.0,MECKLENBURG,9,DEMOCRAT,64842
37119.0,MECKLENBURG,9,REPUBLICAN,59249
37121.0,MITCHELL,11,DEMOCRAT,1862
37121.0,MITCHELL,11,LIBERTARIAN,134
37121.0,MITCHELL,11,OTHER,66
37121.0,MITCHELL,11,REPUBLICAN,6868
37123.0,MONTGOMERY,8,DEMOCRAT,4350
37123.0,MONTGOMERY,8,REPUBLICAN,8277
37125.0,MOORE,8,DEMOCRAT,4880
37125.0,MOORE,8,REPUBLICAN,13555
37125.0,MOORE,9,DEMOCRAT,14901
37125.0,MOORE,9,REPUBLICAN,23489
37127.0,NASH,1,DEMOCRAT,25514
37127.0,NASH,1,REPUBLICAN,26165
37129.0,NEW HANOVER,7,DEMOCRAT,62316
37129.0,NEW HANOVER,7,OTHER,303
37129.0,NEW HANOVER,7,REPUBLICAN,66435
37131.0,NORTHAMPTON,1,DEMOCRAT,6085
37131.0,NORTHAMPTON,1,REPUBLICAN,3911
37133.0,ONSLOW,3,DEMOCRAT,23121
37133.0,ONSLOW,3,REPUBLICAN,46579
37135.0,ORANGE,4,DEMOCRAT,63681
37135.0,ORANGE,4,REPUBLICAN,20270
37137.0,PAMLICO,3,DEMOCRAT,2579
37137.0,PAMLICO,3,REPUBLICAN,4974
37139.0,PASQUOTANK,3,DEMOCRAT,9644
37139.0,PASQUOTANK,3,REPUBLICAN,9805
37141.0,PENDER,7,DEMOCRAT,11258
37141.0,PENDER,7,OTHER,32
37141.0,PENDER,7,REPUBLICAN,22210
37143.0,PERQUIMANS,3,DEMOCRAT,2428
37143.0,PERQUIMANS,3,REPUBLICAN,4969
37145.0,PERSON,13,DEMOCRAT,8297
37145.0,PERSON,13,REPUBLICAN,12651
37147.0,PITT,1,DEMOCRAT,33664
37147.0,PITT,1,REPUBLICAN,24126
37147.0,PITT,3,DEMOCRAT,12107
37147.0,PITT,3,REPUBLICAN,16505
37149.0,POLK,11,DEMOCRAT,4368
37149.0,POLK,11,LIBERTARIAN,169
37149.0,POLK,11,OTHER,115
37149.0,POLK,11,REPUBLICAN,7514
37151.0,RANDOLPH,13,DEMOCRAT,15069
37151.0,RANDOLPH,13,REPUBLICAN,55308
37153.0,RICHMOND,9,DEMOCRAT,8974
37153.0,RICHMOND,9,REPUBLICAN,11387
37155.0,ROBESON,9,DEMOCRAT,19116
37155.0,ROBESON,9,REPUBLICAN,26655
37157.0,ROCKINGHAM,10,DEMOCRAT,16104
37157.0,ROCKINGHAM,10,REPUBLICAN,30559
37159.0,ROWAN,13,DEMOCRAT,22973
37159.0,ROWAN,13,REPUBLICAN,49153
37161.0,RUTHERFORD,11,DEMOCRAT,3758
37161.0,RUTHERFORD,11,LIBERTARIAN,214
37161.0,RUTHERFORD,11,OTHER,145
37161.0,RUTHERFORD,11,REPUBLICAN,9155
37161.0,RUTHERFORD,5,DEMOCRAT,5199
37161.0,RUTHERFORD,5,OTHER,391
37161.0,RUTHERFORD,5,REPUBLICAN,14858
37163.0,SAMPSON,7,DEMOCRAT,10691
37163.0,SAMPSON,7,OTHER,25
37163.0,SAMPSON,7,REPUBLICAN,17424
37165.0,SCOTLAND,9,DEMOCRAT,7135
37165.0,SCOTLAND,9,REPUBLICAN,7268
37167.0,STANLY,8,DEMOCRAT,8236
37167.0,STANLY,8,REPUBLICAN,25169
37169.0,STOKES,10,DEMOCRAT,5549
37169.0,STOKES,10,REPUBLICAN,19623
37171.0,SURRY,10,DEMOCRAT,9003
37171.0,SURRY,10,REPUBLICAN,26891
37173.0,SWAIN,11,DEMOCRAT,2717
37173.0,SWAIN,11,LIBERTARIAN,182
37173.0,SWAIN,11,OTHER,90
37173.0,SWAIN,11,REPUBLICAN,3946
37175.0,TRANSYLVANIA,11,DEMOCRAT,8248
37175.0,TRANSYLVANIA,11,LIBERTARIAN,390
37175.0,TRANSYLVANIA,11,OTHER,211
37175.0,TRANSYLVANIA,11,REPUBLICAN,11321
37177.0,TYRRELL,3,DEMOCRAT,728
37177.0,TYRRELL,3,REPUBLICAN,1012
37179.0,UNION,9,DEMOCRAT,46752
37179.0,UNION,9,REPUBLICAN,82136
37181.0,VANCE,1,DEMOCRAT,12144
37181.0,VANCE,1,REPUBLICAN,7950
37181.0,VANCE,4,DEMOCRAT,262
37181.0,VANCE,4,REPUBLICAN,358
37183.0,WAKE,2,DEMOCRAT,311887
37183.0,WAKE,2,LIBERTARIAN,10914
37183.0,WAKE,2,REPUBLICAN,172544
37183.0,WAKE,4,DEMOCRAT,69438
37183.0,WAKE,4,REPUBLICAN,55732
37185.0,WARREN,1,DEMOCRAT,6506
37185.0,WARREN,1,REPUBLICAN,3765
37187.0,WASHINGTON,1,DEMOCRAT,3382
37187.0,WASHINGTON,1,REPUBLICAN,2738
37189.0,WATAUGA,5,DEMOCRAT,16378
37189.0,WATAUGA,5,OTHER,591
37189.0,WATAUGA,5,REPUBLICAN,14693
37191.0,WAYNE,1,DEMOCRAT,23800
37191.0,WAYNE,1,REPUBLICAN,30849
37193.0,WILKES,5,DEMOCRAT,7235
37193.0,WILKES,5,OTHER,847
37193.0,WILKES,5,REPUBLICAN,27045
37195.0,WILSON,1,DEMOCRAT,20905
37195.0,WILSON,1,REPUBLICAN,19515
37197.0,YADKIN,10,DEMOCRAT,3871
37197.0,YADKIN,10,REPUBLICAN,15669
37199.0,YANCEY,11,DEMOCRAT,3797
37199.0,YANCEY,11,LIBERTARIAN,166
37199.0,YANCEY,11,OTHER,89
37199.0,YANCEY,11,REPUBLICAN,7216
38001.0,ADAMS,0,LIBERTARIAN,32
38001.0,ADAMS,0,OTHER,214
38001.0,ADAMS,0,REPUBLICAN,1010
38003.0,BARNES,0,LIBERTARIAN,169
38003.0,BARNES,0,OTHER,1565
38003.0,BARNES,0,REPUBLICAN,3737
38005.0,BENSON,0,LIBERTARIAN,55
38005.0,BENSON,0,OTHER,741
38005.0,BENSON,0,REPUBLICAN,1138
38007.0,BILLINGS,0,LIBERTARIAN,14
38007.0,BILLINGS,0,OTHER,66
38007.0,BILLINGS,0,REPUBLICAN,554
38009.0,BOTTINEAU,0,LIBERTARIAN,81
38009.0,BOTTINEAU,0,OTHER,695
38009.0,BOTTINEAU,0,REPUBLICAN,2646
38011.0,BOWMAN,0,LIBERTARIAN,36
38011.0,BOWMAN,0,OTHER,196
38011.0,BOWMAN,0,REPUBLICAN,1413
38013.0,BURKE,0,LIBERTARIAN,17
38013.0,BURKE,0,OTHER,140
38013.0,BURKE,0,REPUBLICAN,977
38015.0,BURLEIGH,0,LIBERTARIAN,1593
38015.0,BURLEIGH,0,OTHER,12161
38015.0,BURLEIGH,0,REPUBLICAN,36122
38017.0,CASS,0,LIBERTARIAN,3526
38017.0,CASS,0,OTHER,34132
38017.0,CASS,0,REPUBLICAN,46877
38019.0,CAVALIER,0,LIBERTARIAN,43
38019.0,CAVALIER,0,OTHER,401
38019.0,CAVALIER,0,REPUBLICAN,1548
38021.0,DICKEY,0,LIBERTARIAN,76
38021.0,DICKEY,0,OTHER,533
38021.0,DICKEY,0,REPUBLICAN,1796
38023.0,DIVIDE,0,LIBERTARIAN,36
38023.0,DIVIDE,0,OTHER,243
38023.0,DIVIDE,0,REPUBLICAN,913
38025.0,DUNN,0,LIBERTARIAN,60
38025.0,DUNN,0,OTHER,321
38025.0,DUNN,0,REPUBLICAN,1948
38027.0,EDDY,0,LIBERTARIAN,35
38027.0,EDDY,0,OTHER,337
38027.0,EDDY,0,REPUBLICAN,874
38029.0,EMMONS,0,LIBERTARIAN,34
38029.0,EMMONS,0,OTHER,210
38029.0,EMMONS,0,REPUBLICAN,1736
38031.0,FOSTER,0,LIBERTARIAN,37
38031.0,FOSTER,0,OTHER,319
38031.0,FOSTER,0,REPUBLICAN,1391
38033.0,GOLDEN VALLEY,0,LIBERTARIAN,21
38033.0,GOLDEN VALLEY,0,OTHER,115
38033.0,GOLDEN VALLEY,0,REPUBLICAN,871
38035.0,GRAND FORKS,0,LIBERTARIAN,1015
38035.0,GRAND FORKS,0,OTHER,10769
38035.0,GRAND FORKS,0,REPUBLICAN,18427
38037.0,GRANT,0,LIBERTARIAN,26
38037.0,GRANT,0,OTHER,190
38037.0,GRANT,0,REPUBLICAN,1163
38039.0,GRIGGS,0,LIBERTARIAN,26
38039.0,GRIGGS,0,OTHER,260
38039.0,GRIGGS,0,REPUBLICAN,941
38041.0,HETTINGER,0,LIBERTARIAN,26
38041.0,HETTINGER,0,OTHER,149
38041.0,HETTINGER,0,REPUBLICAN,1126
38043.0,KIDDER,0,LIBERTARIAN,27
38043.0,KIDDER,0,OTHER,212
38043.0,KIDDER,0,REPUBLICAN,1217
38045.0,LAMOURE,0,LIBERTARIAN,60
38045.0,LAMOURE,0,OTHER,440
38045.0,LAMOURE,0,REPUBLICAN,1695
38047.0,LOGAN,0,LIBERTARIAN,28
38047.0,LOGAN,0,OTHER,113
38047.0,LOGAN,0,REPUBLICAN,914
38049.0,MCHENRY,0,LIBERTARIAN,68
38049.0,MCHENRY,0,OTHER,555
38049.0,MCHENRY,0,REPUBLICAN,2358
38051.0,MCINTOSH,0,LIBERTARIAN,33
38051.0,MCINTOSH,0,OTHER,221
38051.0,MCINTOSH,0,REPUBLICAN,1191
38053.0,MCKENZIE,0,LIBERTARIAN,198
38053.0,MCKENZIE,0,OTHER,722
38053.0,MCKENZIE,0,REPUBLICAN,4395
38055.0,MCLEAN,0,LIBERTARIAN,134
38055.0,MCLEAN,0,OTHER,1122
38055.0,MCLEAN,0,REPUBLICAN,4220
38057.0,MERCER,0,LIBERTARIAN,95
38057.0,MERCER,0,OTHER,671
38057.0,MERCER,0,REPUBLICAN,3871
38059.0,MORTON,0,LIBERTARIAN,572
38059.0,MORTON,0,OTHER,3390
38059.0,MORTON,0,REPUBLICAN,12382
38061.0,MOUNTRAIL,0,LIBERTARIAN,122
38061.0,MOUNTRAIL,0,OTHER,1157
38061.0,MOUNTRAIL,0,REPUBLICAN,2819
38063.0,NELSON,0,LIBERTARIAN,52
38063.0,NELSON,0,OTHER,496
38063.0,NELSON,0,REPUBLICAN,1195
38065.0,OLIVER,0,LIBERTARIAN,28
38065.0,OLIVER,0,OTHER,121
38065.0,OLIVER,0,REPUBLICAN,906
38067.0,PEMBINA,0,LIBERTARIAN,80
38067.0,PEMBINA,0,OTHER,686
38067.0,PEMBINA,0,REPUBLICAN,2518
38069.0,PIERCE,0,LIBERTARIAN,46
38069.0,PIERCE,0,OTHER,414
38069.0,PIERCE,0,REPUBLICAN,1633
38071.0,RAMSEY,0,LIBERTARIAN,171
38071.0,RAMSEY,0,OTHER,1366
38071.0,RAMSEY,0,REPUBLICAN,3786
38073.0,RANSOM,0,LIBERTARIAN,102
38073.0,RANSOM,0,OTHER,821
38073.0,RANSOM,0,REPUBLICAN,1492
38075.0,RENVILLE,0,LIBERTARIAN,43
38075.0,RENVILLE,0,OTHER,195
38075.0,RENVILLE,0,REPUBLICAN,1073
38077.0,RICHLAND,0,LIBERTARIAN,272
38077.0,RICHLAND,0,OTHER,2128
38077.0,RICHLAND,0,REPUBLICAN,5276
38079.0,ROLETTE,0,LIBERTARIAN,100
38079.0,ROLETTE,0,OTHER,2294
38079.0,ROLETTE,0,REPUBLICAN,1344
38081.0,SARGENT,0,LIBERTARIAN,58
38081.0,SARGENT,0,OTHER,675
38081.0,SARGENT,0,REPUBLICAN,1295
38083.0,SHERIDAN,0,LIBERTARIAN,17
38083.0,SHERIDAN,0,OTHER,103
38083.0,SHERIDAN,0,REPUBLICAN,684
38085.0,SIOUX,0,LIBERTARIAN,78
38085.0,SIOUX,0,OTHER,800
38085.0,SIOUX,0,REPUBLICAN,294
38087.0,SLOPE,0,LIBERTARIAN,7
38087.0,SLOPE,0,OTHER,37
38087.0,SLOPE,0,REPUBLICAN,377
38089.0,STARK,0,LIBERTARIAN,450
38089.0,STARK,0,OTHER,1994
38089.0,STARK,0,REPUBLICAN,12408
38091.0,STEELE,0,LIBERTARIAN,25
38091.0,STEELE,0,OTHER,344
38091.0,STEELE,0,REPUBLICAN,704
38093.0,STUTSMAN,0,LIBERTARIAN,336
38093.0,STUTSMAN,0,OTHER,2258
38093.0,STUTSMAN,0,REPUBLICAN,7005
38095.0,TOWNER,0,LIBERTARIAN,18
38095.0,TOWNER,0,OTHER,271
38095.0,TOWNER,0,REPUBLICAN,866
38097.0,TRAILL,0,LIBERTARIAN,111
38097.0,TRAILL,0,OTHER,1279
38097.0,TRAILL,0,REPUBLICAN,2709
38099.0,WALSH,0,LIBERTARIAN,116
38099.0,WALSH,0,OTHER,1088
38099.0,WALSH,0,REPUBLICAN,3485
38101.0,WARD,0,LIBERTARIAN,1072
38101.0,WARD,0,OTHER,6348
38101.0,WARD,0,REPUBLICAN,20465
38103.0,WELLS,0,LIBERTARIAN,55
38103.0,WELLS,0,OTHER,386
38103.0,WELLS,0,REPUBLICAN,1910
38105.0,WILLIAMS,0,LIBERTARIAN,492
38105.0,WILLIAMS,0,OTHER,1881
38105.0,WILLIAMS,0,REPUBLICAN,11534
39001.0,ADAMS,1,OTHER,0
39001.0,ADAMS,15,OTHER,0
39001.0,ADAMS,2,DEMOCRAT,2121
39001.0,ADAMS,2,OTHER,0
39001.0,ADAMS,2,REPUBLICAN,9752
39001.0,ADAMS,3,OTHER,0
39001.0,ADAMS,8,OTHER,0
39001.0,ADAMS,9,OTHER,0
39003.0,ALLEN,1,OTHER,0
39003.0,ALLEN,15,OTHER,0
39003.0,ALLEN,2,OTHER,0
39003.0,ALLEN,3,OTHER,0
39003.0,ALLEN,4,DEMOCRAT,13080
39003.0,ALLEN,4,LIBERTARIAN,1164
39003.0,ALLEN,4,REPUBLICAN,33201
39003.0,ALLEN,8,OTHER,0
39003.0,ALLEN,9,OTHER,0
39005.0,ASHLAND,1,OTHER,0
39005.0,ASHLAND,15,OTHER,0
39005.0,ASHLAND,2,OTHER,0
39005.0,ASHLAND,3,OTHER,0
39005.0,ASHLAND,7,DEMOCRAT,5195
39005.0,ASHLAND,7,LIBERTARIAN,985
39005.0,ASHLAND,7,REPUBLICAN,19699
39005.0,ASHLAND,8,OTHER,0
39005.0,ASHLAND,9,OTHER,0
39007.0,ASHTABULA,1,OTHER,0
39007.0,ASHTABULA,14,DEMOCRAT,15088
39007.0,ASHTABULA,14,REPUBLICAN,27955
39007.0,ASHTABULA,15,OTHER,0
39007.0,ASHTABULA,2,OTHER,0
39007.0,ASHTABULA,3,OTHER,0
39007.0,ASHTABULA,8,OTHER,0
39007.0,ASHTABULA,9,OTHER,0
39009.0,ATHENS,1,OTHER,0
39009.0,ATHENS,15,DEMOCRAT,13512
39009.0,ATHENS,15,OTHER,5
39009.0,ATHENS,15,REPUBLICAN,9809
39009.0,ATHENS,2,OTHER,0
39009.0,ATHENS,3,OTHER,0
39009.0,ATHENS,6,DEMOCRAT,461
39009.0,ATHENS,6,REPUBLICAN,1518
39009.0,ATHENS,8,OTHER,0
39009.0,ATHENS,9,OTHER,0
39011.0,AUGLAIZE,1,OTHER,0
39011.0,AUGLAIZE,15,OTHER,0
39011.0,AUGLAIZE,2,OTHER,0
39011.0,AUGLAIZE,3,OTHER,0
39011.0,AUGLAIZE,4,DEMOCRAT,4192
39011.0,AUGLAIZE,4,LIBERTARIAN,458
39011.0,AUGLAIZE,4,REPUBLICAN,20835
39011.0,AUGLAIZE,8,OTHER,0
39011.0,AUGLAIZE,9,OTHER,0
39013.0,BELMONT,1,OTHER,0
39013.0,BELMONT,15,OTHER,0
39013.0,BELMONT,2,OTHER,0
39013.0,BELMONT,3,OTHER,0
39013.0,BELMONT,6,DEMOCRAT,8552
39013.0,BELMONT,6,REPUBLICAN,23191
39013.0,BELMONT,8,OTHER,0
39013.0,BELMONT,9,OTHER,0
39015.0,BROWN,1,OTHER,0
39015.0,BROWN,15,OTHER,0
39015.0,BROWN,2,DEMOCRAT,3980
39015.0,BROWN,2,OTHER,1
39015.0,BROWN,2,REPUBLICAN,16698
39015.0,BROWN,3,OTHER,0
39015.0,BROWN,8,OTHER,0
39015.0,BROWN,9,OTHER,0
39017.0,BUTLER,1,OTHER,0
39017.0,BUTLER,15,OTHER,0
39017.0,BUTLER,2,OTHER,0
39017.0,BUTLER,3,OTHER,0
39017.0,BUTLER,8,DEMOCRAT,64380
39017.0,BUTLER,8,OTHER,64
39017.0,BUTLER,8,REPUBLICAN,115747
39017.0,BUTLER,9,OTHER,0
39019.0,CARROLL,1,OTHER,0
39019.0,CARROLL,15,OTHER,0
39019.0,CARROLL,2,OTHER,0
39019.0,CARROLL,3,OTHER,0
39019.0,CARROLL,6,DEMOCRAT,3107
39019.0,CARROLL,6,REPUBLICAN,10506
39019.0,CARROLL,8,OTHER,0
39019.0,CARROLL,9,OTHER,0
39021.0,CHAMPAIGN,1,OTHER,0
39021.0,CHAMPAIGN,15,OTHER,0
39021.0,CHAMPAIGN,2,OTHER,0
39021.0,CHAMPAIGN,3,OTHER,0
39021.0,CHAMPAIGN,4,DEMOCRAT,4569
39021.0,CHAMPAIGN,4,LIBERTARIAN,480
39021.0,CHAMPAIGN,4,REPUBLICAN,14766
39021.0,CHAMPAIGN,8,OTHER,0
39021.0,CHAMPAIGN,9,OTHER,0
39023.0,CLARK,1,OTHER,0
39023.0,CLARK,15,OTHER,0
39023.0,CLARK,2,OTHER,0
39023.0,CLARK,3,OTHER,0
39023.0,CLARK,8,DEMOCRAT,22759
39023.0,CLARK,8,OTHER,33
39023.0,CLARK,8,REPUBLICAN,39767
39023.0,CLARK,9,OTHER,0
39025.0,CLERMONT,1,OTHER,0
39025.0,CLERMONT,15,OTHER,0
39025.0,CLERMONT,2,DEMOCRAT,29366
39025.0,CLERMONT,2,OTHER,8
39025.0,CLERMONT,2,REPUBLICAN,78985
39025.0,CLERMONT,3,OTHER,0
39025.0,CLERMONT,8,OTHER,0
39025.0,CLERMONT,9,OTHER,0
39027.0,CLINTON,1,OTHER,0
39027.0,CLINTON,15,DEMOCRAT,4153
39027.0,CLINTON,15,OTHER,5
39027.0,CLINTON,15,REPUBLICAN,15876
39027.0,CLINTON,2,OTHER,0
39027.0,CLINTON,3,OTHER,0
39027.0,CLINTON,8,OTHER,0
39027.0,CLINTON,9,OTHER,0
39029.0,COLUMBIANA,1,OTHER,0
39029.0,COLUMBIANA,15,OTHER,0
39029.0,COLUMBIANA,2,OTHER,0
39029.0,COLUMBIANA,3,OTHER,0
39029.0,COLUMBIANA,6,DEMOCRAT,12546
39029.0,COLUMBIANA,6,REPUBLICAN,36472
39029.0,COLUMBIANA,8,OTHER,0
39029.0,COLUMBIANA,9,OTHER,0
39031.0,COSHOCTON,1,OTHER,0
39031.0,COSHOCTON,15,OTHER,0
39031.0,COSHOCTON,2,OTHER,0
39031.0,COSHOCTON,3,OTHER,0
39031.0,COSHOCTON,7,DEMOCRAT,3371
39031.0,COSHOCTON,7,LIBERTARIAN,586
39031.0,COSHOCTON,7,REPUBLICAN,12268
39031.0,COSHOCTON,8,OTHER,0
39031.0,COSHOCTON,9,OTHER,0
39033.0,CRAWFORD,1,OTHER,0
39033.0,CRAWFORD,15,OTHER,0
39033.0,CRAWFORD,2,OTHER,0
39033.0,CRAWFORD,3,OTHER,0
39033.0,CRAWFORD,4,DEMOCRAT,4557
39033.0,CRAWFORD,4,LIBERTARIAN,623
39033.0,CRAWFORD,4,REPUBLICAN,15260
39033.0,CRAWFORD,8,OTHER,0
39033.0,CRAWFORD,9,OTHER,0
39035.0,CUYAHOGA,1,OTHER,0
39035.0,CUYAHOGA,11,DEMOCRAT,212304
39035.0,CUYAHOGA,11,REPUBLICAN,48297
39035.0,CUYAHOGA,14,DEMOCRAT,31316
39035.0,CUYAHOGA,14,REPUBLICAN,32288
39035.0,CUYAHOGA,15,OTHER,0
39035.0,CUYAHOGA,16,DEMOCRAT,61715
39035.0,CUYAHOGA,16,REPUBLICAN,83354
39035.0,CUYAHOGA,2,OTHER,0
39035.0,CUYAHOGA,3,OTHER,0
39035.0,CUYAHOGA,8,OTHER,0
39035.0,CUYAHOGA,9,DEMOCRAT,76793
39035.0,CUYAHOGA,9,OTHER,30
39035.0,CUYAHOGA,9,REPUBLICAN,43885
39037.0,DARKE,1,OTHER,0
39037.0,DARKE,15,OTHER,0
39037.0,DARKE,2,OTHER,0
39037.0,DARKE,3,OTHER,0
39037.0,DARKE,8,DEMOCRAT,4387
39037.0,DARKE,8,OTHER,4
39037.0,DARKE,8,REPUBLICAN,22249
39037.0,DARKE,9,OTHER,0
39039.0,DEFIANCE,1,OTHER,0
39039.0,DEFIANCE,15,OTHER,0
39039.0,DEFIANCE,2,OTHER,0
39039.0,DEFIANCE,3,OTHER,0
39039.0,DEFIANCE,5,DEMOCRAT,5152
39039.0,DEFIANCE,5,REPUBLICAN,14024
39039.0,DEFIANCE,8,OTHER,0
39039.0,DEFIANCE,9,OTHER,0
39041.0,DELAWARE,1,OTHER,0
39041.0,DELAWARE,12,DEMOCRAT,50212
39041.0,DELAWARE,12,LIBERTARIAN,3424
39041.0,DELAWARE,12,REPUBLICAN,70080
39041.0,DELAWARE,15,OTHER,0
39041.0,DELAWARE,2,OTHER,0
39041.0,DELAWARE,3,OTHER,0
39041.0,DELAWARE,8,OTHER,0
39041.0,DELAWARE,9,OTHER,0
39043.0,ERIE,1,OTHER,0
39043.0,ERIE,15,OTHER,0
39043.0,ERIE,2,OTHER,0
39043.0,ERIE,3,OTHER,0
39043.0,ERIE,4,DEMOCRAT,2091
39043.0,ERIE,4,LIBERTARIAN,202
39043.0,ERIE,4,REPUBLICAN,4374
39043.0,ERIE,8,OTHER,0
39043.0,ERIE,9,DEMOCRAT,17253
39043.0,ERIE,9,OTHER,0
39043.0,ERIE,9,REPUBLICAN,15581
39045.0,FAIRFIELD,1,OTHER,0
39045.0,FAIRFIELD,15,DEMOCRAT,25825
39045.0,FAIRFIELD,15,OTHER,7
39045.0,FAIRFIELD,15,REPUBLICAN,54998
39045.0,FAIRFIELD,2,OTHER,0
39045.0,FAIRFIELD,3,OTHER,0
39045.0,FAIRFIELD,8,OTHER,0
39045.0,FAIRFIELD,9,OTHER,0
39047.0,FAYETTE,1,OTHER,0
39047.0,FAYETTE,10,DEMOCRAT,2292
39047.0,FAYETTE,10,REPUBLICAN,7610
39047.0,FAYETTE,15,DEMOCRAT,309
39047.0,FAYETTE,15,OTHER,0
39047.0,FAYETTE,15,REPUBLICAN,1949
39047.0,FAYETTE,2,OTHER,0
39047.0,FAYETTE,3,OTHER,0
39047.0,FAYETTE,8,OTHER,0
39047.0,FAYETTE,9,OTHER,0
39049.0,FRANKLIN,1,OTHER,0
39049.0,FRANKLIN,12,DEMOCRAT,80740
39049.0,FRANKLIN,12,LIBERTARIAN,3905
39049.0,FRANKLIN,12,REPUBLICAN,54750
39049.0,FRANKLIN,15,DEMOCRAT,72694
39049.0,FRANKLIN,15,OTHER,28
39049.0,FRANKLIN,15,REPUBLICAN,80384
39049.0,FRANKLIN,2,OTHER,0
39049.0,FRANKLIN,3,DEMOCRAT,227420
39049.0,FRANKLIN,3,OTHER,103
39049.0,FRANKLIN,3,REPUBLICAN,93569
39049.0,FRANKLIN,8,OTHER,0
39049.0,FRANKLIN,9,OTHER,0
39051.0,FULTON,1,OTHER,0
39051.0,FULTON,15,OTHER,0
39051.0,FULTON,2,OTHER,0
39051.0,FULTON,3,OTHER,0
39051.0,FULTON,5,DEMOCRAT,5409
39051.0,FULTON,5,REPUBLICAN,16945
39051.0,FULTON,8,OTHER,0
39051.0,FULTON,9,OTHER,0
39053.0,GALLIA,1,OTHER,0
39053.0,GALLIA,15,OTHER,0
39053.0,GALLIA,2,OTHER,0
39053.0,GALLIA,3,OTHER,0
39053.0,GALLIA,6,DEMOCRAT,2803
39053.0,GALLIA,6,REPUBLICAN,10504
39053.0,GALLIA,8,OTHER,0
39053.0,GALLIA,9,OTHER,0
39055.0,GEAUGA,1,OTHER,0
39055.0,GEAUGA,14,DEMOCRAT,17450
39055.0,GEAUGA,14,REPUBLICAN,37098
39055.0,GEAUGA,15,OTHER,0
39055.0,GEAUGA,2,OTHER,0
39055.0,GEAUGA,3,OTHER,0
39055.0,GEAUGA,8,OTHER,0
39055.0,GEAUGA,9,OTHER,0
39057.0,GREENE,1,OTHER,0
39057.0,GREENE,10,DEMOCRAT,29909
39057.0,GREENE,10,REPUBLICAN,58298
39057.0,GREENE,15,OTHER,0
39057.0,GREENE,2,OTHER,0
39057.0,GREENE,3,OTHER,0
39057.0,GREENE,8,OTHER,0
39057.0,GREENE,9,OTHER,0
39059.0,GUERNSEY,1,OTHER,0
39059.0,GUERNSEY,15,OTHER,0
39059.0,GUERNSEY,2,OTHER,0
39059.0,GUERNSEY,3,OTHER,0
39059.0,GUERNSEY,6,DEMOCRAT,4195
39059.0,GUERNSEY,6,REPUBLICAN,13444
39059.0,GUERNSEY,8,OTHER,0
39059.0,GUERNSEY,9,OTHER,0
39061.0,HAMILTON,1,DEMOCRAT,130362
39061.0,HAMILTON,1,LIBERTARIAN,8557
39061.0,HAMILTON,1,OTHER,7
39061.0,HAMILTON,1,REPUBLICAN,112489
39061.0,HAMILTON,15,OTHER,0
39061.0,HAMILTON,2,DEMOCRAT,93554
39061.0,HAMILTON,2,OTHER,25
39061.0,HAMILTON,2,REPUBLICAN,79319
39061.0,HAMILTON,3,OTHER,0
39061.0,HAMILTON,8,OTHER,0
39061.0,HAMILTON,9,OTHER,0
39063.0,HANCOCK,1,OTHER,0
39063.0,HANCOCK,15,OTHER,0
39063.0,HANCOCK,2,OTHER,0
39063.0,HANCOCK,3,OTHER,0
39063.0,HANCOCK,5,DEMOCRAT,9972
39063.0,HANCOCK,5,REPUBLICAN,27919
39063.0,HANCOCK,8,OTHER,0
39063.0,HANCOCK,9,OTHER,0
39065.0,HARDIN,1,OTHER,0
39065.0,HARDIN,15,OTHER,0
39065.0,HARDIN,2,OTHER,0
39065.0,HARDIN,3,OTHER,0
39065.0,HARDIN,5,DEMOCRAT,2773
39065.0,HARDIN,5,REPUBLICAN,10063
39065.0,HARDIN,8,OTHER,0
39065.0,HARDIN,9,OTHER,0
39067.0,HARRISON,1,OTHER,0
39067.0,HARRISON,15,OTHER,0
39067.0,HARRISON,2,OTHER,0
39067.0,HARRISON,3,OTHER,0
39067.0,HARRISON,6,DEMOCRAT,1704
39067.0,HARRISON,6,REPUBLICAN,5568
39067.0,HARRISON,8,OTHER,0
39067.0,HARRISON,9,OTHER,0
39069.0,HENRY,1,OTHER,0
39069.0,HENRY,15,OTHER,0
39069.0,HENRY,2,OTHER,0
39069.0,HENRY,3,OTHER,0
39069.0,HENRY,5,DEMOCRAT,3236
39069.0,HENRY,5,REPUBLICAN,11423
39069.0,HENRY,8,OTHER,0
39069.0,HENRY,9,OTHER,0
39071.0,HIGHLAND,1,OTHER,0
39071.0,HIGHLAND,15,OTHER,0
39071.0,HIGHLAND,2,DEMOCRAT,3353
39071.0,HIGHLAND,2,OTHER,2
39071.0,HIGHLAND,2,REPUBLICAN,15834
39071.0,HIGHLAND,3,OTHER,0
39071.0,HIGHLAND,8,OTHER,0
39071.0,HIGHLAND,9,OTHER,0
39073.0,HOCKING,1,OTHER,0
39073.0,HOCKING,15,DEMOCRAT,3477
39073.0,HOCKING,15,OTHER,4
39073.0,HOCKING,15,REPUBLICAN,10082
39073.0,HOCKING,2,OTHER,0
39073.0,HOCKING,3,OTHER,0
39073.0,HOCKING,8,OTHER,0
39073.0,HOCKING,9,OTHER,0
39075.0,HOLMES,1,OTHER,0
39075.0,HOLMES,15,OTHER,0
39075.0,HOLMES,2,OTHER,0
39075.0,HOLMES,3,OTHER,0
39075.0,HOLMES,7,DEMOCRAT,1428
39075.0,HOLMES,7,LIBERTARIAN,354
39075.0,HOLMES,7,REPUBLICAN,10776
39075.0,HOLMES,8,OTHER,0
39075.0,HOLMES,9,OTHER,0
39077.0,HURON,1,OTHER,0
39077.0,HURON,15,OTHER,0
39077.0,HURON,2,OTHER,0
39077.0,HURON,3,OTHER,0
39077.0,HURON,4,DEMOCRAT,4508
39077.0,HURON,4,LIBERTARIAN,487
39077.0,HURON,4,REPUBLICAN,9025
39077.0,HURON,7,DEMOCRAT,2494
39077.0,HURON,7,LIBERTARIAN,392
39077.0,HURON,7,REPUBLICAN,9158
39077.0,HURON,8,OTHER,0
39077.0,HURON,9,OTHER,0
39079.0,JACKSON,1,OTHER,0
39079.0,JACKSON,15,OTHER,0
39079.0,JACKSON,2,OTHER,0
39079.0,JACKSON,3,OTHER,0
39079.0,JACKSON,6,DEMOCRAT,3120
39079.0,JACKSON,6,REPUBLICAN,10839
39079.0,JACKSON,8,OTHER,0
39079.0,JACKSON,9,OTHER,0
39081.0,JEFFERSON,1,OTHER,0
39081.0,JEFFERSON,15,OTHER,0
39081.0,JEFFERSON,2,OTHER,0
39081.0,JEFFERSON,3,OTHER,0
39081.0,JEFFERSON,6,DEMOCRAT,9432
39081.0,JEFFERSON,6,REPUBLICAN,23264
39081.0,JEFFERSON,8,OTHER,0
39081.0,JEFFERSON,9,OTHER,0
39083.0,KNOX,1,OTHER,0
39083.0,KNOX,15,OTHER,0
39083.0,KNOX,2,OTHER,0
39083.0,KNOX,3,OTHER,0
39083.0,KNOX,7,DEMOCRAT,7264
39083.0,KNOX,7,LIBERTARIAN,1336
39083.0,KNOX,7,REPUBLICAN,21803
39083.0,KNOX,8,OTHER,0
39083.0,KNOX,9,OTHER,0
39085.0,LAKE,1,OTHER,0
39085.0,LAKE,14,DEMOCRAT,47173
39085.0,LAKE,14,REPUBLICAN,78171
39085.0,LAKE,15,OTHER,0
39085.0,LAKE,2,OTHER,0
39085.0,LAKE,3,OTHER,0
39085.0,LAKE,8,OTHER,0
39085.0,LAKE,9,OTHER,0
39087.0,LAWRENCE,1,OTHER,0
39087.0,LAWRENCE,15,OTHER,0
39087.0,LAWRENCE,2,OTHER,0
39087.0,LAWRENCE,3,OTHER,0
39087.0,LAWRENCE,6,DEMOCRAT,7399
39087.0,LAWRENCE,6,REPUBLICAN,20310
39087.0,LAWRENCE,8,OTHER,0
39087.0,LAWRENCE,9,OTHER,0
39089.0,LICKING,1,OTHER,0
39089.0,LICKING,12,DEMOCRAT,29381
39089.0,LICKING,12,LIBERTARIAN,3152
39089.0,LICKING,12,REPUBLICAN,60087
39089.0,LICKING,15,OTHER,0
39089.0,LICKING,2,OTHER,0
39089.0,LICKING,3,OTHER,0
39089.0,LICKING,8,OTHER,0
39089.0,LICKING,9,OTHER,0
39091.0,LOGAN,1,OTHER,0
39091.0,LOGAN,15,OTHER,0
39091.0,LOGAN,2,OTHER,0
39091.0,LOGAN,3,OTHER,0
39091.0,LOGAN,4,DEMOCRAT,4559
39091.0,LOGAN,4,LIBERTARIAN,518
39091.0,LOGAN,4,REPUBLICAN,18121
39091.0,LOGAN,8,OTHER,0
39091.0,LOGAN,9,OTHER,0
39093.0,LORAIN,1,OTHER,0
39093.0,LORAIN,15,OTHER,0
39093.0,LORAIN,2,OTHER,0
39093.0,LORAIN,3,OTHER,0
39093.0,LORAIN,4,DEMOCRAT,26237
39093.0,LORAIN,4,LIBERTARIAN,1747
39093.0,LORAIN,4,REPUBLICAN,25245
39093.0,LORAIN,7,DEMOCRAT,18258
39093.0,LORAIN,7,LIBERTARIAN,1540
39093.0,LORAIN,7,REPUBLICAN,31245
39093.0,LORAIN,8,OTHER,0
39093.0,LORAIN,9,DEMOCRAT,27263
39093.0,LORAIN,9,OTHER,4
39093.0,LORAIN,9,REPUBLICAN,21185
39095.0,LUCAS,1,OTHER,0
39095.0,LUCAS,15,OTHER,0
39095.0,LUCAS,2,OTHER,0
39095.0,LUCAS,3,OTHER,0
39095.0,LUCAS,5,DEMOCRAT,49604
39095.0,LUCAS,5,REPUBLICAN,60942
39095.0,LUCAS,8,OTHER,0
39095.0,LUCAS,9,DEMOCRAT,63350
39095.0,LUCAS,9,OTHER,3
39095.0,LUCAS,9,REPUBLICAN,23565
39097.0,MADISON,1,OTHER,0
39097.0,MADISON,15,DEMOCRAT,4537
39097.0,MADISON,15,OTHER,12
39097.0,MADISON,15,REPUBLICAN,14811
39097.0,MADISON,2,OTHER,0
39097.0,MADISON,3,OTHER,0
39097.0,MADISON,8,OTHER,0
39097.0,MADISON,9,OTHER,0
39099.0,MAHONING,1,OTHER,0
39099.0,MAHONING,13,DEMOCRAT,48663
39099.0,MAHONING,13,LIBERTARIAN,2017
39099.0,MAHONING,13,REPUBLICAN,36475
39099.0,MAHONING,15,OTHER,0
39099.0,MAHONING,2,OTHER,0
39099.0,MAHONING,3,OTHER,0
39099.0,MAHONING,6,DEMOCRAT,8873
39099.0,MAHONING,6,REPUBLICAN,21061
39099.0,MAHONING,8,OTHER,0
39099.0,MAHONING,9,OTHER,0
39101.0,MARION,1,OTHER,0
39101.0,MARION,12,DEMOCRAT,1080
39101.0,MARION,12,LIBERTARIAN,140
39101.0,MARION,12,REPUBLICAN,3555
39101.0,MARION,15,OTHER,0
39101.0,MARION,2,OTHER,0
39101.0,MARION,3,OTHER,0
39101.0,MARION,4,DEMOCRAT,6822
39101.0,MARION,4,LIBERTARIAN,712
39101.0,MARION,4,REPUBLICAN,15118
39101.0,MARION,8,OTHER,0
39101.0,MARION,9,OTHER,0
39103.0,MEDINA,1,OTHER,0
39103.0,MEDINA,15,OTHER,0
39103.0,MEDINA,16,DEMOCRAT,23036
39103.0,MEDINA,16,REPUBLICAN,43311
39103.0,MEDINA,2,OTHER,0
39103.0,MEDINA,3,OTHER,0
39103.0,MEDINA,7,DEMOCRAT,10847
39103.0,MEDINA,7,LIBERTARIAN,1127
39103.0,MEDINA,7,REPUBLICAN,23956
39103.0,MEDINA,8,OTHER,0
39103.0,MEDINA,9,OTHER,0
39105.0,MEIGS,1,OTHER,0
39105.0,MEIGS,15,OTHER,0
39105.0,MEIGS,2,OTHER,0
39105.0,MEIGS,3,OTHER,0
39105.0,MEIGS,6,DEMOCRAT,2415
39105.0,MEIGS,6,REPUBLICAN,8274
39105.0,MEIGS,8,OTHER,0
39105.0,MEIGS,9,OTHER,0
39107.0,MERCER,1,OTHER,0
39107.0,MERCER,15,OTHER,0
39107.0,MERCER,2,OTHER,0
39107.0,MERCER,3,OTHER,0
39107.0,MERCER,4,DEMOCRAT,355
39107.0,MERCER,4,LIBERTARIAN,42
39107.0,MERCER,4,REPUBLICAN,1588
39107.0,MERCER,5,DEMOCRAT,2126
39107.0,MERCER,5,REPUBLICAN,8821
39107.0,MERCER,8,DEMOCRAT,1128
39107.0,MERCER,8,OTHER,1
39107.0,MERCER,8,REPUBLICAN,9303
39107.0,MERCER,9,OTHER,0
39109.0,MIAMI,1,OTHER,0
39109.0,MIAMI,15,OTHER,0
39109.0,MIAMI,2,OTHER,0
39109.0,MIAMI,3,OTHER,0
39109.0,MIAMI,8,DEMOCRAT,13918
39109.0,MIAMI,8,OTHER,11
39109.0,MIAMI,8,REPUBLICAN,42298
39109.0,MIAMI,9,OTHER,0
39111.0,MONROE,1,OTHER,0
39111.0,MONROE,15,OTHER,0
39111.0,MONROE,2,OTHER,0
39111.0,MONROE,3,OTHER,0
39111.0,MONROE,6,DEMOCRAT,1688
39111.0,MONROE,6,REPUBLICAN,5317
39111.0,MONROE,8,OTHER,0
39111.0,MONROE,9,OTHER,0
39113.0,MONTGOMERY,1,OTHER,0
39113.0,MONTGOMERY,10,DEMOCRAT,119775
39113.0,MONTGOMERY,10,REPUBLICAN,147064
39113.0,MONTGOMERY,15,OTHER,0
39113.0,MONTGOMERY,2,OTHER,0
39113.0,MONTGOMERY,3,OTHER,0
39113.0,MONTGOMERY,8,OTHER,0
39113.0,MONTGOMERY,9,OTHER,0
39115.0,MORGAN,1,OTHER,0
39115.0,MORGAN,15,DEMOCRAT,1381
39115.0,MORGAN,15,OTHER,1
39115.0,MORGAN,15,REPUBLICAN,5146
39115.0,MORGAN,2,OTHER,0
39115.0,MORGAN,3,OTHER,0
39115.0,MORGAN,8,OTHER,0
39115.0,MORGAN,9,OTHER,0
39117.0,MORROW,1,OTHER,0
39117.0,MORROW,12,DEMOCRAT,3757
39117.0,MORROW,12,LIBERTARIAN,560
39117.0,MORROW,12,REPUBLICAN,13768
39117.0,MORROW,15,OTHER,0
39117.0,MORROW,2,OTHER,0
39117.0,MORROW,3,OTHER,0
39117.0,MORROW,8,OTHER,0
39117.0,MORROW,9,OTHER,0
39119.0,MUSKINGUM,1,OTHER,0
39119.0,MUSKINGUM,12,DEMOCRAT,7094
39119.0,MUSKINGUM,12,LIBERTARIAN,683
39119.0,MUSKINGUM,12,REPUBLICAN,18486
39119.0,MUSKINGUM,15,OTHER,0
39119.0,MUSKINGUM,2,OTHER,0
39119.0,MUSKINGUM,3,OTHER,0
39119.0,MUSKINGUM,6,DEMOCRAT,3123
39119.0,MUSKINGUM,6,REPUBLICAN,10634
39119.0,MUSKINGUM,8,OTHER,0
39119.0,MUSKINGUM,9,OTHER,0
39121.0,NOBLE,1,OTHER,0
39121.0,NOBLE,15,OTHER,0
39121.0,NOBLE,2,OTHER,0
39121.0,NOBLE,3,OTHER,0
39121.0,NOBLE,6,DEMOCRAT,1136
39121.0,NOBLE,6,REPUBLICAN,5002
39121.0,NOBLE,8,OTHER,0
39121.0,NOBLE,9,OTHER,0
39123.0,OTTAWA,1,OTHER,0
39123.0,OTTAWA,15,OTHER,0
39123.0,OTTAWA,2,OTHER,0
39123.0,OTTAWA,3,OTHER,0
39123.0,OTTAWA,5,DEMOCRAT,3363
39123.0,OTTAWA,5,REPUBLICAN,7546
39123.0,OTTAWA,8,OTHER,0
39123.0,OTTAWA,9,DEMOCRAT,5669
39123.0,OTTAWA,9,OTHER,2
39123.0,OTTAWA,9,REPUBLICAN,7169
39125.0,PAULDING,1,OTHER,0
39125.0,PAULDING,15,OTHER,0
39125.0,PAULDING,2,OTHER,0
39125.0,PAULDING,3,OTHER,0
39125.0,PAULDING,5,DEMOCRAT,2035
39125.0,PAULDING,5,REPUBLICAN,7154
39125.0,PAULDING,8,OTHER,0
39125.0,PAULDING,9,OTHER,0
39127.0,PERRY,1,OTHER,0
39127.0,PERRY,15,DEMOCRAT,3479
39127.0,PERRY,15,OTHER,5
39127.0,PERRY,15,REPUBLICAN,12683
39127.0,PERRY,2,OTHER,0
39127.0,PERRY,3,OTHER,0
39127.0,PERRY,8,OTHER,0
39127.0,PERRY,9,OTHER,0
39129.0,PICKAWAY,1,OTHER,0
39129.0,PICKAWAY,15,DEMOCRAT,6035
39129.0,PICKAWAY,15,OTHER,4
39129.0,PICKAWAY,15,REPUBLICAN,21701
39129.0,PICKAWAY,2,OTHER,0
39129.0,PICKAWAY,3,OTHER,0
39129.0,PICKAWAY,8,OTHER,0
39129.0,PICKAWAY,9,OTHER,0
39131.0,PIKE,1,OTHER,0
39131.0,PIKE,15,OTHER,0
39131.0,PIKE,2,DEMOCRAT,3232
39131.0,PIKE,2,OTHER,0
39131.0,PIKE,2,REPUBLICAN,8534
39131.0,PIKE,3,OTHER,0
39131.0,PIKE,8,OTHER,0
39131.0,PIKE,9,OTHER,0
39133.0,PORTAGE,1,OTHER,0
39133.0,PORTAGE,13,DEMOCRAT,20424
39133.0,PORTAGE,13,LIBERTARIAN,1189
39133.0,PORTAGE,13,REPUBLICAN,19324
39133.0,PORTAGE,14,DEMOCRAT,7254
39133.0,PORTAGE,14,REPUBLICAN,13521
39133.0,PORTAGE,15,OTHER,0
39133.0,PORTAGE,16,DEMOCRAT,6054
39133.0,PORTAGE,16,REPUBLICAN,12010
39133.0,PORTAGE,2,OTHER,0
39133.0,PORTAGE,3,OTHER,0
39133.0,PORTAGE,8,OTHER,0
39133.0,PORTAGE,9,OTHER,0
39135.0,PREBLE,1,OTHER,0
39135.0,PREBLE,15,OTHER,0
39135.0,PREBLE,2,OTHER,0
39135.0,PREBLE,3,OTHER,0
39135.0,PREBLE,8,DEMOCRAT,4194
39135.0,PREBLE,8,OTHER,1
39135.0,PREBLE,8,REPUBLICAN,16913
39135.0,PREBLE,9,OTHER,0
39137.0,PUTNAM,1,OTHER,0
39137.0,PUTNAM,15,OTHER,0
39137.0,PUTNAM,2,OTHER,0
39137.0,PUTNAM,3,OTHER,0
39137.0,PUTNAM,5,DEMOCRAT,2461
39137.0,PUTNAM,5,REPUBLICAN,16935
39137.0,PUTNAM,8,OTHER,0
39137.0,PUTNAM,9,OTHER,0
39139.0,RICHLAND,1,OTHER,0
39139.0,RICHLAND,12,DEMOCRAT,10583
39139.0,RICHLAND,12,LIBERTARIAN,1171
39139.0,RICHLAND,12,REPUBLICAN,21064
39139.0,RICHLAND,15,OTHER,0
39139.0,RICHLAND,2,OTHER,0
39139.0,RICHLAND,3,OTHER,0
39139.0,RICHLAND,7,DEMOCRAT,5411
39139.0,RICHLAND,7,LIBERTARIAN,821
39139.0,RICHLAND,7,REPUBLICAN,19129
39139.0,RICHLAND,8,OTHER,0
39139.0,RICHLAND,9,OTHER,0
39141.0,ROSS,1,OTHER,0
39141.0,ROSS,15,DEMOCRAT,3551
39141.0,ROSS,15,OTHER,1
39141.0,ROSS,15,REPUBLICAN,11220
39141.0,ROSS,2,DEMOCRAT,6129
39141.0,ROSS,2,OTHER,0
39141.0,ROSS,2,REPUBLICAN,11539
39141.0,ROSS,3,OTHER,0
39141.0,ROSS,8,OTHER,0
39141.0,ROSS,9,OTHER,0
39143.0,SANDUSKY,1,OTHER,0
39143.0,SANDUSKY,15,OTHER,0
39143.0,SANDUSKY,2,OTHER,0
39143.0,SANDUSKY,3,OTHER,0
39143.0,SANDUSKY,4,DEMOCRAT,9598
39143.0,SANDUSKY,4,LIBERTARIAN,1063
39143.0,SANDUSKY,4,REPUBLICAN,18766
39143.0,SANDUSKY,8,OTHER,0
39143.0,SANDUSKY,9,OTHER,0
39145.0,SCIOTO,1,OTHER,0
39145.0,SCIOTO,15,OTHER,0
39145.0,SCIOTO,2,DEMOCRAT,5046
39145.0,SCIOTO,2,OTHER,1
39145.0,SCIOTO,2,REPUBLICAN,9769
39145.0,SCIOTO,3,OTHER,0
39145.0,SCIOTO,6,DEMOCRAT,3707
39145.0,SCIOTO,6,REPUBLICAN,12457
39145.0,SCIOTO,8,OTHER,0
39145.0,SCIOTO,9,OTHER,0
39147.0,SENECA,1,OTHER,0
39147.0,SENECA,15,OTHER,0
39147.0,SENECA,2,OTHER,0
39147.0,SENECA,3,OTHER,0
39147.0,SENECA,4,DEMOCRAT,7548
39147.0,SENECA,4,LIBERTARIAN,838
39147.0,SENECA,4,REPUBLICAN,17115
39147.0,SENECA,8,OTHER,0
39147.0,SENECA,9,OTHER,0
39149.0,SHELBY,1,OTHER,0
39149.0,SHELBY,15,OTHER,0
39149.0,SHELBY,2,OTHER,0
39149.0,SHELBY,3,OTHER,0
39149.0,SHELBY,4,DEMOCRAT,3926
39149.0,SHELBY,4,LIBERTARIAN,509
39149.0,SHELBY,4,REPUBLICAN,20483
39149.0,SHELBY,8,OTHER,0
39149.0,SHELBY,9,OTHER,0
39151.0,STARK,1,OTHER,0
39151.0,STARK,13,DEMOCRAT,4222
39151.0,STARK,13,LIBERTARIAN,280
39151.0,STARK,13,REPUBLICAN,6120
39151.0,STARK,15,OTHER,0
39151.0,STARK,16,DEMOCRAT,21345
39151.0,STARK,16,REPUBLICAN,41979
39151.0,STARK,2,OTHER,0
39151.0,STARK,3,OTHER,0
39151.0,STARK,7,DEMOCRAT,39882
39151.0,STARK,7,LIBERTARIAN,3606
39151.0,STARK,7,REPUBLICAN,65431
39151.0,STARK,8,OTHER,0
39151.0,STARK,9,OTHER,0
39153.0,SUMMIT,1,OTHER,0
39153.0,SUMMIT,11,DEMOCRAT,29794
39153.0,SUMMIT,11,REPUBLICAN,12026
39153.0,SUMMIT,13,DEMOCRAT,56748
39153.0,SUMMIT,13,LIBERTARIAN,2903
39153.0,SUMMIT,13,REPUBLICAN,42032
39153.0,SUMMIT,14,DEMOCRAT,37842
39153.0,SUMMIT,14,REPUBLICAN,42679
39153.0,SUMMIT,15,OTHER,0
39153.0,SUMMIT,16,DEMOCRAT,17540
39153.0,SUMMIT,16,REPUBLICAN,28646
39153.0,SUMMIT,2,OTHER,0
39153.0,SUMMIT,3,OTHER,0
39153.0,SUMMIT,8,OTHER,0
39153.0,SUMMIT,9,OTHER,0
39155.0,TRUMBULL,1,OTHER,0
39155.0,TRUMBULL,13,DEMOCRAT,43574
39155.0,TRUMBULL,13,LIBERTARIAN,2133
39155.0,TRUMBULL,13,REPUBLICAN,44697
39155.0,TRUMBULL,14,DEMOCRAT,2463
39155.0,TRUMBULL,14,REPUBLICAN,7152
39155.0,TRUMBULL,15,OTHER,0
39155.0,TRUMBULL,2,OTHER,0
39155.0,TRUMBULL,3,OTHER,0
39155.0,TRUMBULL,8,OTHER,0
39155.0,TRUMBULL,9,OTHER,0
39157.0,TUSCARAWAS,1,OTHER,0
39157.0,TUSCARAWAS,15,OTHER,0
39157.0,TUSCARAWAS,2,OTHER,0
39157.0,TUSCARAWAS,3,OTHER,0
39157.0,TUSCARAWAS,6,DEMOCRAT,2906
39157.0,TUSCARAWAS,6,REPUBLICAN,7784
39157.0,TUSCARAWAS,7,DEMOCRAT,8121
39157.0,TUSCARAWAS,7,LIBERTARIAN,924
39157.0,TUSCARAWAS,7,REPUBLICAN,23142
39157.0,TUSCARAWAS,8,OTHER,0
39157.0,TUSCARAWAS,9,OTHER,0
39159.0,UNION,1,OTHER,0
39159.0,UNION,15,OTHER,0
39159.0,UNION,2,OTHER,0
39159.0,UNION,3,OTHER,0
39159.0,UNION,4,DEMOCRAT,9855
39159.0,UNION,4,LIBERTARIAN,1011
39159.0,UNION,4,REPUBLICAN,21978
39159.0,UNION,8,OTHER,0
39159.0,UNION,9,OTHER,0
39161.0,VAN WERT,1,OTHER,0
39161.0,VAN WERT,15,OTHER,0
39161.0,VAN WERT,2,OTHER,0
39161.0,VAN WERT,3,OTHER,0
39161.0,VAN WERT,5,DEMOCRAT,2626
39161.0,VAN WERT,5,REPUBLICAN,11928
39161.0,VAN WERT,8,OTHER,0
39161.0,VAN WERT,9,OTHER,0
39163.0,VINTON,1,OTHER,0
39163.0,VINTON,15,DEMOCRAT,1230
39163.0,VINTON,15,OTHER,3
39163.0,VINTON,15,REPUBLICAN,4444
39163.0,VINTON,2,OTHER,0
39163.0,VINTON,3,OTHER,0
39163.0,VINTON,8,OTHER,0
39163.0,VINTON,9,OTHER,0
39165.0,WARREN,1,DEMOCRAT,41660
39165.0,WARREN,1,LIBERTARIAN,5135
39165.0,WARREN,1,OTHER,4
39165.0,WARREN,1,REPUBLICAN,87071
39165.0,WARREN,15,OTHER,0
39165.0,WARREN,2,OTHER,0
39165.0,WARREN,3,OTHER,0
39165.0,WARREN,8,OTHER,0
39165.0,WARREN,9,OTHER,0
39167.0,WASHINGTON,1,OTHER,0
39167.0,WASHINGTON,15,OTHER,0
39167.0,WASHINGTON,2,OTHER,0
39167.0,WASHINGTON,3,OTHER,0
39167.0,WASHINGTON,6,DEMOCRAT,8494
39167.0,WASHINGTON,6,REPUBLICAN,22985
39167.0,WASHINGTON,8,OTHER,0
39167.0,WASHINGTON,9,OTHER,0
39169.0,WAYNE,1,OTHER,0
39169.0,WAYNE,15,OTHER,0
39169.0,WAYNE,16,DEMOCRAT,14381
39169.0,WAYNE,16,REPUBLICAN,38035
39169.0,WAYNE,2,OTHER,0
39169.0,WAYNE,3,OTHER,0
39169.0,WAYNE,8,OTHER,0
39169.0,WAYNE,9,OTHER,0
39171.0,WILLIAMS,1,OTHER,0
39171.0,WILLIAMS,15,OTHER,0
39171.0,WILLIAMS,2,OTHER,0
39171.0,WILLIAMS,3,OTHER,0
39171.0,WILLIAMS,5,DEMOCRAT,3999
39171.0,WILLIAMS,5,REPUBLICAN,14163
39171.0,WILLIAMS,8,OTHER,0
39171.0,WILLIAMS,9,OTHER,0
39173.0,WOOD,1,OTHER,0
39173.0,WOOD,15,OTHER,0
39173.0,WOOD,2,OTHER,0
39173.0,WOOD,3,OTHER,0
39173.0,WOOD,5,DEMOCRAT,25859
39173.0,WOOD,5,REPUBLICAN,40267
39173.0,WOOD,8,OTHER,0
39173.0,WOOD,9,OTHER,0
39175.0,WYANDOT,1,OTHER,0
39175.0,WYANDOT,15,OTHER,0
39175.0,WYANDOT,2,OTHER,0
39175.0,WYANDOT,3,OTHER,0
39175.0,WYANDOT,5,DEMOCRAT,2347
39175.0,WYANDOT,5,REPUBLICAN,8889
39175.0,WYANDOT,8,OTHER,0
39175.0,WYANDOT,9,OTHER,0
40001.0,ADAIR,2,DEMOCRAT,1366
40001.0,ADAIR,2,LIBERTARIAN,231
40001.0,ADAIR,2,REPUBLICAN,5488
40003.0,ALFALFA,3,DEMOCRAT,218
40003.0,ALFALFA,3,REPUBLICAN,2034
40005.0,ATOKA,2,DEMOCRAT,777
40005.0,ATOKA,2,LIBERTARIAN,94
40005.0,ATOKA,2,REPUBLICAN,4458
40007.0,BEAVER,3,DEMOCRAT,175
40007.0,BEAVER,3,REPUBLICAN,1988
40009.0,BECKHAM,3,DEMOCRAT,1031
40009.0,BECKHAM,3,REPUBLICAN,6884
4001.0,APACHE,1,DEMOCRAT,23605
4001.0,APACHE,1,REPUBLICAN,11110
40011.0,BLAINE,3,DEMOCRAT,625
40011.0,BLAINE,3,REPUBLICAN,3253
40013.0,BRYAN,2,DEMOCRAT,3256
40013.0,BRYAN,2,LIBERTARIAN,480
40013.0,BRYAN,2,REPUBLICAN,12133
40015.0,CADDO,3,DEMOCRAT,2460
40015.0,CADDO,3,REPUBLICAN,7346
40017.0,CANADIAN,3,DEMOCRAT,13286
40017.0,CANADIAN,3,REPUBLICAN,38550
40017.0,CANADIAN,4,DEMOCRAT,1958
40017.0,CANADIAN,4,LIBERTARIAN,382
40017.0,CANADIAN,4,REPUBLICAN,7187
40019.0,CARTER,4,DEMOCRAT,4163
40019.0,CARTER,4,LIBERTARIAN,523
40019.0,CARTER,4,REPUBLICAN,14716
40021.0,CHEROKEE,2,DEMOCRAT,5970
40021.0,CHEROKEE,2,LIBERTARIAN,783
40021.0,CHEROKEE,2,REPUBLICAN,10887
40023.0,CHOCTAW,2,DEMOCRAT,1142
40023.0,CHOCTAW,2,LIBERTARIAN,111
40023.0,CHOCTAW,2,REPUBLICAN,4544
40025.0,CIMARRON,3,DEMOCRAT,75
40025.0,CIMARRON,3,REPUBLICAN,967
40027.0,CLEVELAND,4,DEMOCRAT,44249
40027.0,CLEVELAND,4,LIBERTARIAN,4483
40027.0,CLEVELAND,4,REPUBLICAN,70423
40029.0,COAL,2,DEMOCRAT,414
40029.0,COAL,2,LIBERTARIAN,74
40029.0,COAL,2,REPUBLICAN,1975
4003.0,COCHISE,2,DEMOCRAT,24288
4003.0,COCHISE,2,REPUBLICAN,34796
40031.0,COMANCHE,4,DEMOCRAT,12392
40031.0,COMANCHE,4,LIBERTARIAN,1304
40031.0,COMANCHE,4,REPUBLICAN,21756
40033.0,COTTON,4,DEMOCRAT,366
40033.0,COTTON,4,LIBERTARIAN,67
40033.0,COTTON,4,REPUBLICAN,2129
40035.0,CRAIG,2,DEMOCRAT,1200
40035.0,CRAIG,2,LIBERTARIAN,169
40035.0,CRAIG,2,REPUBLICAN,4628
40037.0,CREEK,1,DEMOCRAT,432
40037.0,CREEK,1,OTHER,95
40037.0,CREEK,1,REPUBLICAN,2651
40037.0,CREEK,3,DEMOCRAT,5735
40037.0,CREEK,3,REPUBLICAN,21329
40039.0,CUSTER,3,DEMOCRAT,2085
40039.0,CUSTER,3,REPUBLICAN,8554
40041.0,DELAWARE,2,DEMOCRAT,3286
40041.0,DELAWARE,2,LIBERTARIAN,448
40041.0,DELAWARE,2,REPUBLICAN,13409
40043.0,DEWEY,3,DEMOCRAT,185
40043.0,DEWEY,3,REPUBLICAN,2169
40045.0,ELLIS,3,DEMOCRAT,146
40045.0,ELLIS,3,REPUBLICAN,1717
40047.0,GARFIELD,3,DEMOCRAT,4463
40047.0,GARFIELD,3,REPUBLICAN,17804
40049.0,GARVIN,4,DEMOCRAT,1701
40049.0,GARVIN,4,LIBERTARIAN,287
40049.0,GARVIN,4,REPUBLICAN,8881
4005.0,COCONINO,1,DEMOCRAT,44842
4005.0,COCONINO,1,REPUBLICAN,26800
40051.0,GRADY,4,DEMOCRAT,3701
40051.0,GRADY,4,LIBERTARIAN,706
40051.0,GRADY,4,REPUBLICAN,18603
40053.0,GRANT,3,DEMOCRAT,248
40053.0,GRANT,3,REPUBLICAN,1957
40055.0,GREER,3,DEMOCRAT,299
40055.0,GREER,3,REPUBLICAN,1655
40057.0,HARMON,3,DEMOCRAT,159
40057.0,HARMON,3,REPUBLICAN,770
40059.0,HARPER,3,DEMOCRAT,110
40059.0,HARPER,3,REPUBLICAN,1366
40061.0,HASKELL,2,DEMOCRAT,827
40061.0,HASKELL,2,LIBERTARIAN,72
40061.0,HASKELL,2,REPUBLICAN,4069
40063.0,HUGHES,2,DEMOCRAT,958
40063.0,HUGHES,2,LIBERTARIAN,134
40063.0,HUGHES,2,REPUBLICAN,3694
40065.0,JACKSON,3,DEMOCRAT,1513
40065.0,JACKSON,3,REPUBLICAN,6653
40067.0,JEFFERSON,4,DEMOCRAT,306
40067.0,JEFFERSON,4,LIBERTARIAN,62
40067.0,JEFFERSON,4,REPUBLICAN,1983
40069.0,JOHNSTON,2,DEMOCRAT,722
40069.0,JOHNSTON,2,LIBERTARIAN,114
40069.0,JOHNSTON,2,REPUBLICAN,3364
4007.0,GILA,1,DEMOCRAT,4902
4007.0,GILA,1,REPUBLICAN,4427
4007.0,GILA,4,DEMOCRAT,4288
4007.0,GILA,4,REPUBLICAN,13501
40071.0,KAY,3,DEMOCRAT,3788
40071.0,KAY,3,REPUBLICAN,13335
40073.0,KINGFISHER,3,DEMOCRAT,702
40073.0,KINGFISHER,3,REPUBLICAN,5728
40075.0,KIOWA,3,DEMOCRAT,581
40075.0,KIOWA,3,REPUBLICAN,2828
40077.0,LATIMER,2,DEMOCRAT,801
40077.0,LATIMER,2,LIBERTARIAN,107
40077.0,LATIMER,2,REPUBLICAN,3290
40079.0,LE FLORE,2,DEMOCRAT,3368
40079.0,LE FLORE,2,LIBERTARIAN,459
40079.0,LE FLORE,2,REPUBLICAN,14773
40081.0,LINCOLN,3,DEMOCRAT,2533
40081.0,LINCOLN,3,REPUBLICAN,12215
40083.0,LOGAN,3,DEMOCRAT,5001
40083.0,LOGAN,3,REPUBLICAN,16349
40085.0,LOVE,4,DEMOCRAT,671
40085.0,LOVE,4,LIBERTARIAN,89
40085.0,LOVE,4,REPUBLICAN,3300
40087.0,MCCLAIN,4,DEMOCRAT,3209
40087.0,MCCLAIN,4,LIBERTARIAN,614
40087.0,MCCLAIN,4,REPUBLICAN,15351
40089.0,MCCURTAIN,2,DEMOCRAT,1890
40089.0,MCCURTAIN,2,LIBERTARIAN,172
40089.0,MCCURTAIN,2,REPUBLICAN,9281
4009.0,GRAHAM,1,DEMOCRAT,4436
4009.0,GRAHAM,1,REPUBLICAN,10153
40091.0,MCINTOSH,2,DEMOCRAT,2055
40091.0,MCINTOSH,2,LIBERTARIAN,183
40091.0,MCINTOSH,2,REPUBLICAN,6033
40093.0,MAJOR,3,DEMOCRAT,291
40093.0,MAJOR,3,REPUBLICAN,3160
40095.0,MARSHALL,2,DEMOCRAT,1043
40095.0,MARSHALL,2,LIBERTARIAN,134
40095.0,MARSHALL,2,REPUBLICAN,4854
40097.0,MAYES,2,DEMOCRAT,3431
40097.0,MAYES,2,LIBERTARIAN,561
40097.0,MAYES,2,REPUBLICAN,12541
40099.0,MURRAY,4,DEMOCRAT,986
40099.0,MURRAY,4,LIBERTARIAN,174
40099.0,MURRAY,4,REPUBLICAN,4711
40101.0,MUSKOGEE,2,DEMOCRAT,7777
40101.0,MUSKOGEE,2,LIBERTARIAN,806
40101.0,MUSKOGEE,2,REPUBLICAN,16382
40103.0,NOBLE,3,DEMOCRAT,864
40103.0,NOBLE,3,REPUBLICAN,4047
40105.0,NOWATA,2,DEMOCRAT,722
40105.0,NOWATA,2,LIBERTARIAN,121
40105.0,NOWATA,2,REPUBLICAN,3528
40107.0,OKFUSKEE,2,DEMOCRAT,942
40107.0,OKFUSKEE,2,LIBERTARIAN,107
40107.0,OKFUSKEE,2,REPUBLICAN,2958
40109.0,OKLAHOMA,4,DEMOCRAT,9753
40109.0,OKLAHOMA,4,LIBERTARIAN,1096
40109.0,OKLAHOMA,4,REPUBLICAN,15185
40109.0,OKLAHOMA,5,DEMOCRAT,134978
40109.0,OKLAHOMA,5,REPUBLICAN,132617
4011.0,GREENLEE,1,DEMOCRAT,1380
4011.0,GREENLEE,1,REPUBLICAN,2226
40111.0,OKMULGEE,2,DEMOCRAT,4198
40111.0,OKMULGEE,2,LIBERTARIAN,445
40111.0,OKMULGEE,2,REPUBLICAN,9596
40113.0,OSAGE,3,DEMOCRAT,5889
40113.0,OSAGE,3,REPUBLICAN,14461
40115.0,OTTAWA,2,DEMOCRAT,2746
40115.0,OTTAWA,2,LIBERTARIAN,431
40115.0,OTTAWA,2,REPUBLICAN,8135
40117.0,PAWNEE,3,DEMOCRAT,1339
40117.0,PAWNEE,3,REPUBLICAN,5370
40119.0,PAYNE,3,DEMOCRAT,9619
40119.0,PAYNE,3,REPUBLICAN,19784
4012.0,LA PAZ,4,DEMOCRAT,2042
4012.0,LA PAZ,4,REPUBLICAN,5063
40121.0,PITTSBURG,2,DEMOCRAT,3739
40121.0,PITTSBURG,2,LIBERTARIAN,499
40121.0,PITTSBURG,2,REPUBLICAN,13587
40123.0,PONTOTOC,4,DEMOCRAT,3595
40123.0,PONTOTOC,4,LIBERTARIAN,453
40123.0,PONTOTOC,4,REPUBLICAN,11180
40125.0,POTTAWATOMIE,5,DEMOCRAT,8221
40125.0,POTTAWATOMIE,5,REPUBLICAN,19766
40127.0,PUSHMATAHA,2,DEMOCRAT,720
40127.0,PUSHMATAHA,2,LIBERTARIAN,88
40127.0,PUSHMATAHA,2,REPUBLICAN,3885
40129.0,ROGER MILLS,3,DEMOCRAT,170
40129.0,ROGER MILLS,3,REPUBLICAN,1664
4013.0,MARICOPA,1,DEMOCRAT,554
4013.0,MARICOPA,1,REPUBLICAN,93
4013.0,MARICOPA,3,DEMOCRAT,56986
4013.0,MARICOPA,3,REPUBLICAN,40521
4013.0,MARICOPA,4,DEMOCRAT,10982
4013.0,MARICOPA,4,REPUBLICAN,23060
4013.0,MARICOPA,5,DEMOCRAT,183171
4013.0,MARICOPA,5,REPUBLICAN,262414
4013.0,MARICOPA,6,DEMOCRAT,199644
4013.0,MARICOPA,6,REPUBLICAN,217783
4013.0,MARICOPA,7,DEMOCRAT,165452
4013.0,MARICOPA,7,REPUBLICAN,50226
4013.0,MARICOPA,8,DEMOCRAT,170816
4013.0,MARICOPA,8,REPUBLICAN,251633
4013.0,MARICOPA,9,DEMOCRAT,217094
4013.0,MARICOPA,9,REPUBLICAN,135180
40131.0,ROGERS,1,DEMOCRAT,1702
40131.0,ROGERS,1,OTHER,305
40131.0,ROGERS,1,REPUBLICAN,6713
40131.0,ROGERS,2,DEMOCRAT,7014
40131.0,ROGERS,2,LIBERTARIAN,1383
40131.0,ROGERS,2,REPUBLICAN,27219
40133.0,SEMINOLE,5,DEMOCRAT,2459
40133.0,SEMINOLE,5,REPUBLICAN,5808
40135.0,SEQUOYAH,2,DEMOCRAT,3108
40135.0,SEQUOYAH,2,LIBERTARIAN,338
40135.0,SEQUOYAH,2,REPUBLICAN,11800
40137.0,STEPHENS,4,DEMOCRAT,2868
40137.0,STEPHENS,4,LIBERTARIAN,509
40137.0,STEPHENS,4,REPUBLICAN,15595
40139.0,TEXAS,3,DEMOCRAT,905
40139.0,TEXAS,3,REPUBLICAN,4587
40141.0,TILLMAN,4,DEMOCRAT,541
40141.0,TILLMAN,4,LIBERTARIAN,54
40141.0,TILLMAN,4,REPUBLICAN,2096
40143.0,TULSA,1,DEMOCRAT,95728
40143.0,TULSA,1,OTHER,9694
40143.0,TULSA,1,REPUBLICAN,159665
40145.0,WAGONER,1,DEMOCRAT,6979
40145.0,WAGONER,1,OTHER,1172
40145.0,WAGONER,1,REPUBLICAN,26988
40147.0,WASHINGTON,1,DEMOCRAT,4800
40147.0,WASHINGTON,1,OTHER,864
40147.0,WASHINGTON,1,REPUBLICAN,17683
40149.0,WASHITA,3,DEMOCRAT,526
40149.0,WASHITA,3,REPUBLICAN,4229
4015.0,MOHAVE,1,DEMOCRAT,265
4015.0,MOHAVE,1,REPUBLICAN,116
4015.0,MOHAVE,4,DEMOCRAT,23394
4015.0,MOHAVE,4,REPUBLICAN,76395
40151.0,WOODS,3,DEMOCRAT,554
40151.0,WOODS,3,REPUBLICAN,3103
40153.0,WOODWARD,3,DEMOCRAT,926
40153.0,WOODWARD,3,REPUBLICAN,6821
4017.0,NAVAJO,1,DEMOCRAT,24205
4017.0,NAVAJO,1,REPUBLICAN,26371
4019.0,PIMA,1,DEMOCRAT,32078
4019.0,PIMA,1,REPUBLICAN,37473
4019.0,PIMA,2,DEMOCRAT,185657
4019.0,PIMA,2,REPUBLICAN,136179
4019.0,PIMA,3,DEMOCRAT,80121
4019.0,PIMA,3,REPUBLICAN,34808
4021.0,PINAL,1,DEMOCRAT,43034
4021.0,PINAL,1,REPUBLICAN,48324
4021.0,PINAL,3,DEMOCRAT,139
4021.0,PINAL,3,REPUBLICAN,10
4021.0,PINAL,4,DEMOCRAT,31579
4021.0,PINAL,4,REPUBLICAN,57507
4023.0,SANTA CRUZ,3,DEMOCRAT,13493
4023.0,SANTA CRUZ,3,REPUBLICAN,5729
4025.0,YAVAPAI,1,DEMOCRAT,9168
4025.0,YAVAPAI,1,REPUBLICAN,9616
4025.0,YAVAPAI,4,DEMOCRAT,38687
4025.0,YAVAPAI,4,REPUBLICAN,81887
4027.0,YUMA,3,DEMOCRAT,23504
4027.0,YUMA,3,REPUBLICAN,14526
4027.0,YUMA,4,DEMOCRAT,9512
4027.0,YUMA,4,REPUBLICAN,20589
41001.0,BAKER,2,DEMOCRAT,1769
41001.0,BAKER,2,LIBERTARIAN,254
41001.0,BAKER,2,OTHER,338
41001.0,BAKER,2,REPUBLICAN,7687
41003.0,BENTON,4,DEMOCRAT,30516
41003.0,BENTON,4,OTHER,2156
41003.0,BENTON,4,REPUBLICAN,12026
41003.0,BENTON,5,DEMOCRAT,4104
41003.0,BENTON,5,LIBERTARIAN,225
41003.0,BENTON,5,OTHER,26
41003.0,BENTON,5,REPUBLICAN,4182
41005.0,CLACKAMAS,3,DEMOCRAT,26683
41005.0,CLACKAMAS,3,LIBERTARIAN,1123
41005.0,CLACKAMAS,3,OTHER,3733
41005.0,CLACKAMAS,3,REPUBLICAN,34745
41005.0,CLACKAMAS,5,DEMOCRAT,103411
41005.0,CLACKAMAS,5,LIBERTARIAN,5026
41005.0,CLACKAMAS,5,OTHER,9646
41005.0,CLACKAMAS,5,REPUBLICAN,76171
41007.0,CLATSOP,1,DEMOCRAT,13544
41007.0,CLATSOP,1,OTHER,857
41007.0,CLATSOP,1,REPUBLICAN,9739
41009.0,COLUMBIA,1,DEMOCRAT,14855
41009.0,COLUMBIA,1,OTHER,1231
41009.0,COLUMBIA,1,REPUBLICAN,16403
41011.0,COOS,4,DEMOCRAT,14745
41011.0,COOS,4,OTHER,1689
41011.0,COOS,4,REPUBLICAN,20933
41013.0,CROOK,2,DEMOCRAT,3128
41013.0,CROOK,2,LIBERTARIAN,378
41013.0,CROOK,2,OTHER,591
41013.0,CROOK,2,REPUBLICAN,11448
41015.0,CURRY,4,DEMOCRAT,6019
41015.0,CURRY,4,OTHER,700
41015.0,CURRY,4,REPUBLICAN,8313
41017.0,DESCHUTES,2,DEMOCRAT,55654
41017.0,DESCHUTES,2,LIBERTARIAN,3441
41017.0,DESCHUTES,2,OTHER,5665
41017.0,DESCHUTES,2,REPUBLICAN,61790
41019.0,DOUGLAS,4,DEMOCRAT,20951
41019.0,DOUGLAS,4,OTHER,2687
41019.0,DOUGLAS,4,REPUBLICAN,41400
41021.0,GILLIAM,2,DEMOCRAT,246
41021.0,GILLIAM,2,LIBERTARIAN,21
41021.0,GILLIAM,2,OTHER,43
41021.0,GILLIAM,2,REPUBLICAN,884
41023.0,GRANT,2,DEMOCRAT,709
41023.0,GRANT,2,LIBERTARIAN,121
41023.0,GRANT,2,OTHER,120
41023.0,GRANT,2,REPUBLICAN,3688
41025.0,HARNEY,2,DEMOCRAT,636
41025.0,HARNEY,2,LIBERTARIAN,103
41025.0,HARNEY,2,OTHER,111
41025.0,HARNEY,2,REPUBLICAN,3668
41027.0,HOOD RIVER,2,DEMOCRAT,7737
41027.0,HOOD RIVER,2,LIBERTARIAN,367
41027.0,HOOD RIVER,2,OTHER,645
41027.0,HOOD RIVER,2,REPUBLICAN,4445
41029.0,JACKSON,2,DEMOCRAT,52584
41029.0,JACKSON,2,LIBERTARIAN,3961
41029.0,JACKSON,2,OTHER,5695
41029.0,JACKSON,2,REPUBLICAN,65897
41031.0,JEFFERSON,2,DEMOCRAT,3724
41031.0,JEFFERSON,2,LIBERTARIAN,390
41031.0,JEFFERSON,2,OTHER,450
41031.0,JEFFERSON,2,REPUBLICAN,7428
41033.0,JOSEPHINE,2,DEMOCRAT,9793
41033.0,JOSEPHINE,2,LIBERTARIAN,1085
41033.0,JOSEPHINE,2,OTHER,1680
41033.0,JOSEPHINE,2,REPUBLICAN,20402
41033.0,JOSEPHINE,4,DEMOCRAT,6828
41033.0,JOSEPHINE,4,OTHER,1166
41033.0,JOSEPHINE,4,REPUBLICAN,11060
41035.0,KLAMATH,2,DEMOCRAT,8861
41035.0,KLAMATH,2,LIBERTARIAN,1208
41035.0,KLAMATH,2,OTHER,1338
41035.0,KLAMATH,2,REPUBLICAN,25564
41037.0,LAKE,2,DEMOCRAT,619
41037.0,LAKE,2,LIBERTARIAN,92
41037.0,LAKE,2,OTHER,139
41037.0,LAKE,2,REPUBLICAN,3539
41039.0,LANE,4,DEMOCRAT,135125
41039.0,LANE,4,OTHER,8908
41039.0,LANE,4,REPUBLICAN,79857
41041.0,LINCOLN,5,DEMOCRAT,16916
41041.0,LINCOLN,5,LIBERTARIAN,881
41041.0,LINCOLN,5,OTHER,1062
41041.0,LINCOLN,5,REPUBLICAN,12109
41043.0,LINN,4,DEMOCRAT,26766
41043.0,LINN,4,OTHER,4022
41043.0,LINN,4,REPUBLICAN,42492
41045.0,MALHEUR,2,DEMOCRAT,2466
41045.0,MALHEUR,2,LIBERTARIAN,313
41045.0,MALHEUR,2,OTHER,231
41045.0,MALHEUR,2,REPUBLICAN,8910
41047.0,MARION,5,DEMOCRAT,77014
41047.0,MARION,5,LIBERTARIAN,4655
41047.0,MARION,5,OTHER,6647
41047.0,MARION,5,REPUBLICAN,78699
41049.0,MORROW,2,DEMOCRAT,1171
41049.0,MORROW,2,LIBERTARIAN,188
41049.0,MORROW,2,OTHER,190
41049.0,MORROW,2,REPUBLICAN,3628
41051.0,MULTNOMAH,1,DEMOCRAT,33927
41051.0,MULTNOMAH,1,OTHER,61
41051.0,MULTNOMAH,1,REPUBLICAN,5655
41051.0,MULTNOMAH,3,DEMOCRAT,316891
41051.0,MULTNOMAH,3,LIBERTARIAN,5746
41051.0,MULTNOMAH,3,OTHER,8755
41051.0,MULTNOMAH,3,REPUBLICAN,75825
41051.0,MULTNOMAH,5,DEMOCRAT,3478
41051.0,MULTNOMAH,5,LIBERTARIAN,118
41051.0,MULTNOMAH,5,OTHER,9
41051.0,MULTNOMAH,5,REPUBLICAN,1228
41053.0,POLK,5,DEMOCRAT,21968
41053.0,POLK,5,LIBERTARIAN,1341
41053.0,POLK,5,OTHER,1608
41053.0,POLK,5,REPUBLICAN,23877
41055.0,SHERMAN,2,DEMOCRAT,188
41055.0,SHERMAN,2,LIBERTARIAN,24
41055.0,SHERMAN,2,OTHER,54
41055.0,SHERMAN,2,REPUBLICAN,950
41057.0,TILLAMOOK,5,DEMOCRAT,7972
41057.0,TILLAMOOK,5,LIBERTARIAN,394
41057.0,TILLAMOOK,5,OTHER,570
41057.0,TILLAMOOK,5,REPUBLICAN,8106
41059.0,UMATILLA,2,DEMOCRAT,8887
41059.0,UMATILLA,2,LIBERTARIAN,1177
41059.0,UMATILLA,2,OTHER,1581
41059.0,UMATILLA,2,REPUBLICAN,21668
41061.0,UNION,2,DEMOCRAT,3537
41061.0,UNION,2,LIBERTARIAN,375
41061.0,UNION,2,OTHER,691
41061.0,UNION,2,REPUBLICAN,10499
41063.0,WALLOWA,2,DEMOCRAT,1336
41063.0,WALLOWA,2,LIBERTARIAN,122
41063.0,WALLOWA,2,OTHER,177
41063.0,WALLOWA,2,REPUBLICAN,3576
41065.0,WASCO,2,DEMOCRAT,5663
41065.0,WASCO,2,LIBERTARIAN,456
41065.0,WASCO,2,OTHER,688
41065.0,WASCO,2,REPUBLICAN,7426
41067.0,WASHINGTON,1,DEMOCRAT,207070
41067.0,WASHINGTON,1,OTHER,14227
41067.0,WASHINGTON,1,REPUBLICAN,101458
41069.0,WHEELER,2,DEMOCRAT,173
41069.0,WHEELER,2,LIBERTARIAN,18
41069.0,WHEELER,2,OTHER,45
41069.0,WHEELER,2,REPUBLICAN,738
41071.0,YAMHILL,1,DEMOCRAT,27675
41071.0,YAMHILL,1,OTHER,3155
41071.0,YAMHILL,1,REPUBLICAN,28673
42001.0,ADAMS,13,DEMOCRAT,17392
42001.0,ADAMS,13,REPUBLICAN,38377
42003.0,ALLEGHENY,17,DEMOCRAT,177474
42003.0,ALLEGHENY,17,REPUBLICAN,150726
42003.0,ALLEGHENY,18,DEMOCRAT,266084
42003.0,ALLEGHENY,18,REPUBLICAN,118163
42005.0,ARMSTRONG,15,DEMOCRAT,8629
42005.0,ARMSTRONG,15,REPUBLICAN,26934
42007.0,BEAVER,17,DEMOCRAT,39498
42007.0,BEAVER,17,REPUBLICAN,54486
42009.0,BEDFORD,13,DEMOCRAT,4234
42009.0,BEDFORD,13,REPUBLICAN,23102
42011.0,BERKS,4,DEMOCRAT,3851
42011.0,BERKS,4,REPUBLICAN,6954
42011.0,BERKS,6,DEMOCRAT,50759
42011.0,BERKS,6,REPUBLICAN,40590
42011.0,BERKS,9,DEMOCRAT,39029
42011.0,BERKS,9,REPUBLICAN,61232
42013.0,BLAIR,13,DEMOCRAT,16243
42013.0,BLAIR,13,REPUBLICAN,46944
42015.0,BRADFORD,12,DEMOCRAT,7279
42015.0,BRADFORD,12,REPUBLICAN,22220
42017.0,BUCKS,1,DEMOCRAT,167513
42017.0,BUCKS,1,REPUBLICAN,225231
42019.0,BUTLER,15,DEMOCRAT,4895
42019.0,BUTLER,15,REPUBLICAN,15652
42019.0,BUTLER,16,DEMOCRAT,25453
42019.0,BUTLER,16,REPUBLICAN,53542
42019.0,BUTLER,17,DEMOCRAT,5281
42019.0,BUTLER,17,REPUBLICAN,7072
42021.0,CAMBRIA,13,DEMOCRAT,9052
42021.0,CAMBRIA,13,REPUBLICAN,13650
42021.0,CAMBRIA,15,DEMOCRAT,13262
42021.0,CAMBRIA,15,REPUBLICAN,33817
42023.0,CAMERON,15,DEMOCRAT,556
42023.0,CAMERON,15,REPUBLICAN,1861
42025.0,CARBON,9,DEMOCRAT,10768
42025.0,CARBON,9,REPUBLICAN,22227
42027.0,CENTRE,12,DEMOCRAT,23957
42027.0,CENTRE,12,REPUBLICAN,17532
42027.0,CENTRE,15,DEMOCRAT,13031
42027.0,CENTRE,15,REPUBLICAN,22053
42029.0,CHESTER,5,DEMOCRAT,0
42029.0,CHESTER,5,REPUBLICAN,0
42029.0,CHESTER,6,DEMOCRAT,175681
42029.0,CHESTER,6,REPUBLICAN,136936
42031.0,CLARION,15,DEMOCRAT,4251
42031.0,CLARION,15,REPUBLICAN,15061
42033.0,CLEARFIELD,15,DEMOCRAT,8959
42033.0,CLEARFIELD,15,REPUBLICAN,30028
42035.0,CLINTON,12,DEMOCRAT,5296
42035.0,CLINTON,12,REPUBLICAN,12045
42037.0,COLUMBIA,9,DEMOCRAT,9861
42037.0,COLUMBIA,9,REPUBLICAN,20893
42039.0,CRAWFORD,16,DEMOCRAT,12797
42039.0,CRAWFORD,16,REPUBLICAN,25385
42041.0,CUMBERLAND,10,DEMOCRAT,52471
42041.0,CUMBERLAND,10,REPUBLICAN,64882
42041.0,CUMBERLAND,13,DEMOCRAT,6455
42041.0,CUMBERLAND,13,REPUBLICAN,16426
42043.0,DAUPHIN,10,DEMOCRAT,75460
42043.0,DAUPHIN,10,REPUBLICAN,69065
42045.0,DELAWARE,5,DEMOCRAT,201405
42045.0,DELAWARE,5,REPUBLICAN,122301
42047.0,ELK,15,DEMOCRAT,4155
42047.0,ELK,15,REPUBLICAN,12595
42049.0,ERIE,16,DEMOCRAT,68424
42049.0,ERIE,16,REPUBLICAN,65582
42051.0,FAYETTE,14,DEMOCRAT,20712
42051.0,FAYETTE,14,REPUBLICAN,39722
42053.0,FOREST,15,DEMOCRAT,684
42053.0,FOREST,15,REPUBLICAN,1934
42055.0,FRANKLIN,13,DEMOCRAT,21253
42055.0,FRANKLIN,13,REPUBLICAN,58229
42057.0,FULTON,13,DEMOCRAT,1055
42057.0,FULTON,13,REPUBLICAN,6783
42059.0,GREENE,14,DEMOCRAT,5246
42059.0,GREENE,14,REPUBLICAN,11925
42061.0,HUNTINGDON,13,DEMOCRAT,5226
42061.0,HUNTINGDON,13,REPUBLICAN,17154
42063.0,INDIANA,15,DEMOCRAT,12446
42063.0,INDIANA,15,REPUBLICAN,28053
42065.0,JEFFERSON,15,DEMOCRAT,4118
42065.0,JEFFERSON,15,REPUBLICAN,18492
42067.0,JUNIATA,12,DEMOCRAT,2104
42067.0,JUNIATA,12,REPUBLICAN,9765
42069.0,LACKAWANNA,8,DEMOCRAT,66974
42069.0,LACKAWANNA,8,REPUBLICAN,46999
42071.0,LANCASTER,11,DEMOCRAT,109807
42071.0,LANCASTER,11,REPUBLICAN,167477
42073.0,LAWRENCE,16,DEMOCRAT,16484
42073.0,LAWRENCE,16,REPUBLICAN,28977
42075.0,LEBANON,9,DEMOCRAT,22606
42075.0,LEBANON,9,REPUBLICAN,47810
42077.0,LEHIGH,7,DEMOCRAT,96835
42077.0,LEHIGH,7,REPUBLICAN,85219
42079.0,LUZERNE,8,DEMOCRAT,59239
42079.0,LUZERNE,8,REPUBLICAN,57527
42079.0,LUZERNE,9,DEMOCRAT,7234
42079.0,LUZERNE,9,REPUBLICAN,16730
42081.0,LYCOMING,12,DEMOCRAT,15624
42081.0,LYCOMING,12,REPUBLICAN,42892
42083.0,MCKEAN,15,DEMOCRAT,4541
42083.0,MCKEAN,15,REPUBLICAN,14695
42085.0,MERCER,16,DEMOCRAT,20804
42085.0,MERCER,16,REPUBLICAN,36600
42087.0,MIFFLIN,12,DEMOCRAT,4313
42087.0,MIFFLIN,12,REPUBLICAN,16826
42089.0,MONROE,7,DEMOCRAT,15527
42089.0,MONROE,7,REPUBLICAN,12527
42089.0,MONROE,8,DEMOCRAT,28595
42089.0,MONROE,8,REPUBLICAN,24552
42091.0,MONTGOMERY,1,DEMOCRAT,24362
42091.0,MONTGOMERY,1,REPUBLICAN,24573
42091.0,MONTGOMERY,4,DEMOCRAT,260786
42091.0,MONTGOMERY,4,REPUBLICAN,173159
42091.0,MONTGOMERY,5,DEMOCRAT,17508
42091.0,MONTGOMERY,5,REPUBLICAN,4737
42093.0,MONTOUR,9,DEMOCRAT,3378
42093.0,MONTOUR,9,REPUBLICAN,6283
42095.0,NORTHAMPTON,7,DEMOCRAT,83100
42095.0,NORTHAMPTON,7,REPUBLICAN,83622
42097.0,NORTHUMBERLAND,12,DEMOCRAT,7269
42097.0,NORTHUMBERLAND,12,REPUBLICAN,20801
42097.0,NORTHUMBERLAND,9,DEMOCRAT,4436
42097.0,NORTHUMBERLAND,9,REPUBLICAN,9242
42099.0,PERRY,12,DEMOCRAT,5255
42099.0,PERRY,12,REPUBLICAN,19040
42101.0,PHILADELPHIA,2,DEMOCRAT,197841
42101.0,PHILADELPHIA,2,REPUBLICAN,74947
42101.0,PHILADELPHIA,3,DEMOCRAT,339178
42101.0,PHILADELPHIA,3,REPUBLICAN,33583
42101.0,PHILADELPHIA,5,DEMOCRAT,35931
42101.0,PHILADELPHIA,5,REPUBLICAN,12577
42103.0,PIKE,8,DEMOCRAT,13317
42103.0,PIKE,8,REPUBLICAN,18821
42105.0,POTTER,12,DEMOCRAT,1649
42105.0,POTTER,12,REPUBLICAN,7295
42107.0,SCHUYLKILL,9,DEMOCRAT,20960
42107.0,SCHUYLKILL,9,REPUBLICAN,48579
42109.0,SNYDER,12,DEMOCRAT,4134
42109.0,SNYDER,12,REPUBLICAN,14857
42111.0,SOMERSET,13,DEMOCRAT,8843
42111.0,SOMERSET,13,REPUBLICAN,31430
42113.0,SULLIVAN,12,DEMOCRAT,891
42113.0,SULLIVAN,12,REPUBLICAN,2635
42115.0,SUSQUEHANNA,12,DEMOCRAT,5849
42115.0,SUSQUEHANNA,12,REPUBLICAN,15612
42117.0,TIOGA,12,DEMOCRAT,4625
42117.0,TIOGA,12,REPUBLICAN,16031
42119.0,UNION,12,DEMOCRAT,6699
42119.0,UNION,12,REPUBLICAN,13214
42121.0,VENANGO,15,DEMOCRAT,6974
42121.0,VENANGO,15,REPUBLICAN,19255
42123.0,WARREN,15,DEMOCRAT,5650
42123.0,WARREN,15,REPUBLICAN,14625
42125.0,WASHINGTON,14,DEMOCRAT,43182
42125.0,WASHINGTON,14,REPUBLICAN,73826
42127.0,WAYNE,8,DEMOCRAT,9879
42127.0,WAYNE,8,REPUBLICAN,17884
42129.0,WESTMORELAND,13,DEMOCRAT,6911
42129.0,WESTMORELAND,13,REPUBLICAN,15746
42129.0,WESTMORELAND,14,DEMOCRAT,62888
42129.0,WESTMORELAND,14,REPUBLICAN,116581
42131.0,WYOMING,12,DEMOCRAT,4272
42131.0,WYOMING,12,REPUBLICAN,10287
42133.0,YORK,10,DEMOCRAT,55007
42133.0,YORK,10,REPUBLICAN,74949
42133.0,YORK,11,DEMOCRAT,31518
42133.0,YORK,11,REPUBLICAN,74438
44001.0,BRISTOL,1,DEMOCRAT,18038
44001.0,BRISTOL,1,OTHER,8211
44003.0,KENT,2,DEMOCRAT,50218
44003.0,KENT,2,OTHER,152
44003.0,KENT,2,REPUBLICAN,39696
44005.0,NEWPORT,1,DEMOCRAT,29281
44005.0,NEWPORT,1,OTHER,12525
44007.0,PROVIDENCE,1,DEMOCRAT,110544
44007.0,PROVIDENCE,1,OTHER,44528
44007.0,PROVIDENCE,2,DEMOCRAT,59869
44007.0,PROVIDENCE,2,OTHER,286
44007.0,PROVIDENCE,2,REPUBLICAN,40638
44009.0,WASHINGTON,2,DEMOCRAT,43528
44009.0,WASHINGTON,2,OTHER,136
44009.0,WASHINGTON,2,REPUBLICAN,29524
45001.0,ABBEVILLE,3,DEMOCRAT,3938
45001.0,ABBEVILLE,3,OTHER,12
45001.0,ABBEVILLE,3,REPUBLICAN,8437
45003.0,AIKEN,2,DEMOCRAT,31367
45003.0,AIKEN,2,OTHER,1339
45003.0,AIKEN,2,REPUBLICAN,52331
45005.0,ALLENDALE,6,DEMOCRAT,2778
45005.0,ALLENDALE,6,OTHER,26
45005.0,ALLENDALE,6,REPUBLICAN,812
45007.0,ANDERSON,3,DEMOCRAT,25106
45007.0,ANDERSON,3,OTHER,73
45007.0,ANDERSON,3,REPUBLICAN,70455
45009.0,BAMBERG,6,DEMOCRAT,4159
45009.0,BAMBERG,6,OTHER,47
45009.0,BAMBERG,6,REPUBLICAN,2274
45011.0,BARNWELL,2,DEMOCRAT,4807
45011.0,BARNWELL,2,OTHER,118
45011.0,BARNWELL,2,REPUBLICAN,5386
45013.0,BEAUFORT,1,DEMOCRAT,41809
45013.0,BEAUFORT,1,OTHER,66
45013.0,BEAUFORT,1,REPUBLICAN,50358
45013.0,BEAUFORT,6,DEMOCRAT,3370
45013.0,BEAUFORT,6,OTHER,58
45013.0,BEAUFORT,6,REPUBLICAN,2034
45015.0,BERKELEY,1,DEMOCRAT,40823
45015.0,BERKELEY,1,OTHER,130
45015.0,BERKELEY,1,REPUBLICAN,50944
45015.0,BERKELEY,6,DEMOCRAT,7439
45015.0,BERKELEY,6,OTHER,146
45015.0,BERKELEY,6,REPUBLICAN,4762
45017.0,CALHOUN,6,DEMOCRAT,4016
45017.0,CALHOUN,6,OTHER,84
45017.0,CALHOUN,6,REPUBLICAN,4177
45019.0,CHARLESTON,1,DEMOCRAT,96142
45019.0,CHARLESTON,1,OTHER,162
45019.0,CHARLESTON,1,REPUBLICAN,78962
45019.0,CHARLESTON,6,DEMOCRAT,31477
45019.0,CHARLESTON,6,OTHER,551
45019.0,CHARLESTON,6,REPUBLICAN,11403
45021.0,CHEROKEE,5,DEMOCRAT,6914
45021.0,CHEROKEE,5,OTHER,18
45021.0,CHEROKEE,5,REPUBLICAN,18232
45023.0,CHESTER,5,DEMOCRAT,6898
45023.0,CHESTER,5,OTHER,7
45023.0,CHESTER,5,REPUBLICAN,8798
45025.0,CHESTERFIELD,7,DEMOCRAT,7371
45025.0,CHESTERFIELD,7,OTHER,10
45025.0,CHESTERFIELD,7,REPUBLICAN,11456
45027.0,CLARENDON,6,DEMOCRAT,8465
45027.0,CLARENDON,6,OTHER,122
45027.0,CLARENDON,6,REPUBLICAN,8110
45029.0,COLLETON,1,DEMOCRAT,275
45029.0,COLLETON,1,OTHER,0
45029.0,COLLETON,1,REPUBLICAN,682
45029.0,COLLETON,6,DEMOCRAT,8602
45029.0,COLLETON,6,OTHER,254
45029.0,COLLETON,6,REPUBLICAN,9435
45031.0,DARLINGTON,7,DEMOCRAT,14850
45031.0,DARLINGTON,7,OTHER,27
45031.0,DARLINGTON,7,REPUBLICAN,17502
45033.0,DILLON,7,DEMOCRAT,6337
45033.0,DILLON,7,OTHER,7
45033.0,DILLON,7,REPUBLICAN,6710
45035.0,DORCHESTER,1,DEMOCRAT,31578
45035.0,DORCHESTER,1,OTHER,84
45035.0,DORCHESTER,1,REPUBLICAN,35096
45035.0,DORCHESTER,6,DEMOCRAT,4846
45035.0,DORCHESTER,6,OTHER,149
45035.0,DORCHESTER,6,REPUBLICAN,5331
45037.0,EDGEFIELD,3,DEMOCRAT,4859
45037.0,EDGEFIELD,3,OTHER,4
45037.0,EDGEFIELD,3,REPUBLICAN,8428
45039.0,FAIRFIELD,5,DEMOCRAT,7315
45039.0,FAIRFIELD,5,OTHER,12
45039.0,FAIRFIELD,5,REPUBLICAN,4770
45041.0,FLORENCE,6,DEMOCRAT,3750
45041.0,FLORENCE,6,OTHER,59
45041.0,FLORENCE,6,REPUBLICAN,2578
45041.0,FLORENCE,7,DEMOCRAT,26400
45041.0,FLORENCE,7,OTHER,30
45041.0,FLORENCE,7,REPUBLICAN,31732
45043.0,GEORGETOWN,7,DEMOCRAT,14812
45043.0,GEORGETOWN,7,OTHER,19
45043.0,GEORGETOWN,7,REPUBLICAN,21740
45045.0,GREENVILLE,3,DEMOCRAT,12437
45045.0,GREENVILLE,3,OTHER,26
45045.0,GREENVILLE,3,REPUBLICAN,21453
45045.0,GREENVILLE,4,DEMOCRAT,83995
45045.0,GREENVILLE,4,OTHER,3251
45045.0,GREENVILLE,4,REPUBLICAN,135460
45047.0,GREENWOOD,3,DEMOCRAT,11410
45047.0,GREENWOOD,3,OTHER,30
45047.0,GREENWOOD,3,REPUBLICAN,20416
45049.0,HAMPTON,6,DEMOCRAT,5513
45049.0,HAMPTON,6,OTHER,77
45049.0,HAMPTON,6,REPUBLICAN,3676
45051.0,HORRY,7,DEMOCRAT,54244
45051.0,HORRY,7,OTHER,133
45051.0,HORRY,7,REPUBLICAN,124568
45053.0,JASPER,6,DEMOCRAT,7123
45053.0,JASPER,6,OTHER,152
45053.0,JASPER,6,REPUBLICAN,7059
45055.0,KERSHAW,5,DEMOCRAT,12207
45055.0,KERSHAW,5,OTHER,24
45055.0,KERSHAW,5,REPUBLICAN,21212
45057.0,LANCASTER,5,DEMOCRAT,18161
45057.0,LANCASTER,5,OTHER,22
45057.0,LANCASTER,5,REPUBLICAN,31493
45059.0,LAURENS,3,DEMOCRAT,9702
45059.0,LAURENS,3,OTHER,34
45059.0,LAURENS,3,REPUBLICAN,20692
45061.0,LEE,5,DEMOCRAT,5359
45061.0,LEE,5,OTHER,11
45061.0,LEE,5,REPUBLICAN,3056
45063.0,LEXINGTON,2,DEMOCRAT,48515
45063.0,LEXINGTON,2,OTHER,2892
45063.0,LEXINGTON,2,REPUBLICAN,92872
45065.0,MCCORMICK,3,DEMOCRAT,2607
45065.0,MCCORMICK,3,OTHER,2
45065.0,MCCORMICK,3,REPUBLICAN,3092
45067.0,MARION,7,DEMOCRAT,8617
45067.0,MARION,7,OTHER,5
45067.0,MARION,7,REPUBLICAN,6072
45069.0,MARLBORO,7,DEMOCRAT,6232
45069.0,MARLBORO,7,OTHER,4
45069.0,MARLBORO,7,REPUBLICAN,5213
45071.0,NEWBERRY,3,DEMOCRAT,968
45071.0,NEWBERRY,3,OTHER,0
45071.0,NEWBERRY,3,REPUBLICAN,2458
45071.0,NEWBERRY,5,DEMOCRAT,5650
45071.0,NEWBERRY,5,OTHER,5
45071.0,NEWBERRY,5,REPUBLICAN,9433
45073.0,OCONEE,3,DEMOCRAT,9426
45073.0,OCONEE,3,OTHER,50
45073.0,OCONEE,3,REPUBLICAN,30983
45075.0,ORANGEBURG,2,DEMOCRAT,4464
45075.0,ORANGEBURG,2,OTHER,83
45075.0,ORANGEBURG,2,REPUBLICAN,4494
45075.0,ORANGEBURG,6,DEMOCRAT,23346
45075.0,ORANGEBURG,6,OTHER,214
45075.0,ORANGEBURG,6,REPUBLICAN,8611
45077.0,PICKENS,3,DEMOCRAT,12416
45077.0,PICKENS,3,OTHER,72
45077.0,PICKENS,3,REPUBLICAN,44754
45079.0,RICHLAND,2,DEMOCRAT,65965
45079.0,RICHLAND,2,OTHER,1950
45079.0,RICHLAND,2,REPUBLICAN,47632
45079.0,RICHLAND,5,DEMOCRAT,21
45079.0,RICHLAND,5,OTHER,0
45079.0,RICHLAND,5,REPUBLICAN,1
45079.0,RICHLAND,6,DEMOCRAT,65124
45079.0,RICHLAND,6,OTHER,799
45079.0,RICHLAND,6,REPUBLICAN,11940
45081.0,SALUDA,3,DEMOCRAT,2843
45081.0,SALUDA,3,OTHER,5
45081.0,SALUDA,3,REPUBLICAN,6376
45083.0,SPARTANBURG,4,DEMOCRAT,49028
45083.0,SPARTANBURG,4,OTHER,2150
45083.0,SPARTANBURG,4,REPUBLICAN,86666
45083.0,SPARTANBURG,5,DEMOCRAT,1935
45083.0,SPARTANBURG,5,OTHER,5
45083.0,SPARTANBURG,5,REPUBLICAN,7932
45085.0,SUMTER,5,DEMOCRAT,20251
45085.0,SUMTER,5,OTHER,42
45085.0,SUMTER,5,REPUBLICAN,19844
45085.0,SUMTER,6,DEMOCRAT,6925
45085.0,SUMTER,6,OTHER,63
45085.0,SUMTER,6,REPUBLICAN,1726
45087.0,UNION,5,DEMOCRAT,4963
45087.0,UNION,5,OTHER,16
45087.0,UNION,5,REPUBLICAN,8191
45089.0,WILLIAMSBURG,6,DEMOCRAT,10544
45089.0,WILLIAMSBURG,6,OTHER,117
45089.0,WILLIAMSBURG,6,REPUBLICAN,5330
45091.0,YORK,5,DEMOCRAT,56305
45091.0,YORK,5,OTHER,111
45091.0,YORK,5,REPUBLICAN,87044
46003.0,AURORA,0,LIBERTARIAN,144
46003.0,AURORA,0,REPUBLICAN,1224
46005.0,BEADLE,0,LIBERTARIAN,936
46005.0,BEADLE,0,REPUBLICAN,5857
46007.0,BENNETT,0,LIBERTARIAN,288
46007.0,BENNETT,0,REPUBLICAN,807
46009.0,BON HOMME,0,LIBERTARIAN,389
46009.0,BON HOMME,0,REPUBLICAN,2519
46011.0,BROOKINGS,0,LIBERTARIAN,2791
46011.0,BROOKINGS,0,REPUBLICAN,10741
46013.0,BROWN,0,LIBERTARIAN,2841
46013.0,BROWN,0,REPUBLICAN,13706
46015.0,BRULE,0,LIBERTARIAN,338
46015.0,BRULE,0,REPUBLICAN,2073
46017.0,BUFFALO,0,LIBERTARIAN,196
46017.0,BUFFALO,0,REPUBLICAN,306
46019.0,BUTTE,0,LIBERTARIAN,672
46019.0,BUTTE,0,REPUBLICAN,3977
46021.0,CAMPBELL,0,LIBERTARIAN,64
46021.0,CAMPBELL,0,REPUBLICAN,790
46023.0,CHARLES MIX,0,LIBERTARIAN,703
46023.0,CHARLES MIX,0,REPUBLICAN,2921
46025.0,CLARK,0,LIBERTARIAN,222
46025.0,CLARK,0,REPUBLICAN,1571
46027.0,CLAY,0,LIBERTARIAN,1378
46027.0,CLAY,0,REPUBLICAN,3750
46029.0,CODINGTON,0,LIBERTARIAN,1881
46029.0,CODINGTON,0,REPUBLICAN,10685
46031.0,CORSON,0,LIBERTARIAN,365
46031.0,CORSON,0,REPUBLICAN,755
46033.0,CUSTER,0,LIBERTARIAN,902
46033.0,CUSTER,0,REPUBLICAN,4336
46035.0,DAVISON,0,LIBERTARIAN,1069
46035.0,DAVISON,0,REPUBLICAN,7101
46037.0,DAY,0,LIBERTARIAN,485
46037.0,DAY,0,REPUBLICAN,2336
46039.0,DEUEL,0,LIBERTARIAN,294
46039.0,DEUEL,0,REPUBLICAN,2005
46041.0,DEWEY,0,LIBERTARIAN,693
46041.0,DEWEY,0,REPUBLICAN,1065
46043.0,DOUGLAS,0,LIBERTARIAN,106
46043.0,DOUGLAS,0,REPUBLICAN,1568
46045.0,EDMUNDS,0,LIBERTARIAN,184
46045.0,EDMUNDS,0,REPUBLICAN,1741
46047.0,FALL RIVER,0,LIBERTARIAN,735
46047.0,FALL RIVER,0,REPUBLICAN,3142
46049.0,FAULK,0,LIBERTARIAN,90
46049.0,FAULK,0,REPUBLICAN,1065
46051.0,GRANT,0,LIBERTARIAN,462
46051.0,GRANT,0,REPUBLICAN,3164
46053.0,GREGORY,0,LIBERTARIAN,179
46053.0,GREGORY,0,REPUBLICAN,2009
46055.0,HAAKON,0,LIBERTARIAN,59
46055.0,HAAKON,0,REPUBLICAN,1061
46057.0,HAMLIN,0,LIBERTARIAN,359
46057.0,HAMLIN,0,REPUBLICAN,2644
46059.0,HAND,0,LIBERTARIAN,159
46059.0,HAND,0,REPUBLICAN,1647
46061.0,HANSON,0,LIBERTARIAN,275
46061.0,HANSON,0,REPUBLICAN,1938
46063.0,HARDING,0,LIBERTARIAN,48
46063.0,HARDING,0,REPUBLICAN,747
46065.0,HUGHES,0,LIBERTARIAN,1276
46065.0,HUGHES,0,REPUBLICAN,7148
46067.0,HUTCHINSON,0,LIBERTARIAN,351
46067.0,HUTCHINSON,0,REPUBLICAN,3301
46069.0,HYDE,0,LIBERTARIAN,68
46069.0,HYDE,0,REPUBLICAN,628
46071.0,JACKSON,0,LIBERTARIAN,253
46071.0,JACKSON,0,REPUBLICAN,809
46073.0,JERAULD,0,LIBERTARIAN,115
46073.0,JERAULD,0,REPUBLICAN,847
46075.0,JONES,0,LIBERTARIAN,65
46075.0,JONES,0,REPUBLICAN,528
46077.0,KINGSBURY,0,LIBERTARIAN,361
46077.0,KINGSBURY,0,REPUBLICAN,2314
46079.0,LAKE,0,LIBERTARIAN,834
46079.0,LAKE,0,REPUBLICAN,4717
46081.0,LAWRENCE,0,LIBERTARIAN,2521
46081.0,LAWRENCE,0,REPUBLICAN,10481
46083.0,LINCOLN,0,LIBERTARIAN,5290
46083.0,LINCOLN,0,REPUBLICAN,25298
46085.0,LYMAN,0,LIBERTARIAN,312
46085.0,LYMAN,0,REPUBLICAN,1228
46087.0,MCCOOK,0,LIBERTARIAN,369
46087.0,MCCOOK,0,REPUBLICAN,2479
46089.0,MCPHERSON,0,LIBERTARIAN,114
46089.0,MCPHERSON,0,REPUBLICAN,1181
46091.0,MARSHALL,0,LIBERTARIAN,364
46091.0,MARSHALL,0,REPUBLICAN,1670
46093.0,MEADE,0,LIBERTARIAN,2178
46093.0,MEADE,0,REPUBLICAN,10983
46095.0,MELLETTE,0,LIBERTARIAN,198
46095.0,MELLETTE,0,REPUBLICAN,548
46097.0,MINER,0,LIBERTARIAN,133
46097.0,MINER,0,REPUBLICAN,964
46099.0,MINNEHAHA,0,LIBERTARIAN,19600
46099.0,MINNEHAHA,0,REPUBLICAN,65473
46101.0,MOODY,0,LIBERTARIAN,631
46101.0,MOODY,0,REPUBLICAN,2425
46103.0,PENNINGTON,0,LIBERTARIAN,11679
46103.0,PENNINGTON,0,REPUBLICAN,41982
46105.0,PERKINS,0,LIBERTARIAN,176
46105.0,PERKINS,0,REPUBLICAN,1427
46107.0,POTTER,0,LIBERTARIAN,102
46107.0,POTTER,0,REPUBLICAN,1255
46109.0,ROBERTS,0,LIBERTARIAN,934
46109.0,ROBERTS,0,REPUBLICAN,3100
46111.0,SANBORN,0,LIBERTARIAN,129
46111.0,SANBORN,0,REPUBLICAN,1016
46113.0,OGLALA LAKOTA,0,LIBERTARIAN,1865
46113.0,OGLALA LAKOTA,0,REPUBLICAN,855
46115.0,SPINK,0,LIBERTARIAN,400
46115.0,SPINK,0,REPUBLICAN,2645
46117.0,STANLEY,0,LIBERTARIAN,180
46117.0,STANLEY,0,REPUBLICAN,1399
46119.0,SULLY,0,LIBERTARIAN,92
46119.0,SULLY,0,REPUBLICAN,807
46121.0,TODD,0,LIBERTARIAN,1247
46121.0,TODD,0,REPUBLICAN,961
46123.0,TRIPP,0,LIBERTARIAN,267
46123.0,TRIPP,0,REPUBLICAN,2360
46125.0,TURNER,0,LIBERTARIAN,541
46125.0,TURNER,0,REPUBLICAN,3885
46127.0,UNION,0,LIBERTARIAN,1345
46127.0,UNION,0,REPUBLICAN,6862
46129.0,WALWORTH,0,LIBERTARIAN,267
46129.0,WALWORTH,0,REPUBLICAN,2222
46135.0,YANKTON,0,LIBERTARIAN,1887
46135.0,YANKTON,0,REPUBLICAN,8404
46137.0,ZIEBACH,0,LIBERTARIAN,297
46137.0,ZIEBACH,0,REPUBLICAN,531
47001.0,ANDERSON,3,DEMOCRAT,10461
47001.0,ANDERSON,3,NONPARTISAN,0
47001.0,ANDERSON,3,OTHER,750
47001.0,ANDERSON,3,REPUBLICAN,23069
47003.0,BEDFORD,4,DEMOCRAT,4507
47003.0,BEDFORD,4,REPUBLICAN,13258
47005.0,BENTON,7,DEMOCRAT,1261
47005.0,BENTON,7,OTHER,177
47005.0,BENTON,7,REPUBLICAN,5358
47005.0,BENTON,8,DEMOCRAT,8
47005.0,BENTON,8,OTHER,4
47005.0,BENTON,8,REPUBLICAN,31
47007.0,BLEDSOE,4,DEMOCRAT,1126
47007.0,BLEDSOE,4,REPUBLICAN,4319
47009.0,BLOUNT,2,DEMOCRAT,15681
47009.0,BLOUNT,2,NONPARTISAN,7
47009.0,BLOUNT,2,OTHER,979
47009.0,BLOUNT,2,REPUBLICAN,48659
47011.0,BRADLEY,3,DEMOCRAT,1715
47011.0,BRADLEY,3,NONPARTISAN,0
47011.0,BRADLEY,3,OTHER,241
47011.0,BRADLEY,3,REPUBLICAN,10042
47011.0,BRADLEY,4,DEMOCRAT,8256
47011.0,BRADLEY,4,REPUBLICAN,23081
47013.0,CAMPBELL,2,DEMOCRAT,321
47013.0,CAMPBELL,2,NONPARTISAN,0
47013.0,CAMPBELL,2,OTHER,31
47013.0,CAMPBELL,2,REPUBLICAN,1389
47013.0,CAMPBELL,3,DEMOCRAT,1782
47013.0,CAMPBELL,3,NONPARTISAN,0
47013.0,CAMPBELL,3,OTHER,266
47013.0,CAMPBELL,3,REPUBLICAN,10041
47015.0,CANNON,6,DEMOCRAT,1111
47015.0,CANNON,6,OTHER,138
47015.0,CANNON,6,REPUBLICAN,4702
47017.0,CARROLL,8,DEMOCRAT,2196
47017.0,CARROLL,8,OTHER,267
47017.0,CARROLL,8,REPUBLICAN,8888
47019.0,CARTER,1,DEMOCRAT,4483
47019.0,CARTER,1,NONPARTISAN,0
47019.0,CARTER,1,OTHER,722
47019.0,CARTER,1,REPUBLICAN,18130
47021.0,CHEATHAM,5,DEMOCRAT,7306
47021.0,CHEATHAM,5,NONPARTISAN,0
47021.0,CHEATHAM,6,DEMOCRAT,1107
47021.0,CHEATHAM,6,OTHER,118
47021.0,CHEATHAM,6,REPUBLICAN,3998
47023.0,CHESTER,7,DEMOCRAT,1241
47023.0,CHESTER,7,OTHER,124
47023.0,CHESTER,7,REPUBLICAN,5908
47025.0,CLAIBORNE,2,DEMOCRAT,1928
47025.0,CLAIBORNE,2,NONPARTISAN,0
47025.0,CLAIBORNE,2,OTHER,178
47025.0,CLAIBORNE,2,REPUBLICAN,10301
47027.0,CLAY,6,DEMOCRAT,585
47027.0,CLAY,6,OTHER,60
47027.0,CLAY,6,REPUBLICAN,2415
47029.0,COCKE,1,DEMOCRAT,2205
47029.0,COCKE,1,NONPARTISAN,0
47029.0,COCKE,1,OTHER,461
47029.0,COCKE,1,REPUBLICAN,10822
47031.0,COFFEE,6,DEMOCRAT,5246
47031.0,COFFEE,6,OTHER,528
47031.0,COFFEE,6,REPUBLICAN,17317
47033.0,CROCKETT,8,DEMOCRAT,1067
47033.0,CROCKETT,8,OTHER,116
47033.0,CROCKETT,8,REPUBLICAN,4402
47035.0,CUMBERLAND,6,DEMOCRAT,5862
47035.0,CUMBERLAND,6,OTHER,541
47035.0,CUMBERLAND,6,REPUBLICAN,23060
47037.0,DAVIDSON,5,DEMOCRAT,232098
47037.0,DAVIDSON,5,NONPARTISAN,14
47039.0,DECATUR,7,DEMOCRAT,784
47039.0,DECATUR,7,OTHER,93
47039.0,DECATUR,7,REPUBLICAN,3995
47041.0,DEKALB,6,DEMOCRAT,1586
47041.0,DEKALB,6,OTHER,160
47041.0,DEKALB,6,REPUBLICAN,5806
47043.0,DICKSON,5,DEMOCRAT,12751
47043.0,DICKSON,5,NONPARTISAN,0
47045.0,DYER,8,DEMOCRAT,2694
47045.0,DYER,8,OTHER,259
47045.0,DYER,8,REPUBLICAN,11135
47047.0,FAYETTE,8,DEMOCRAT,5766
47047.0,FAYETTE,8,OTHER,357
47047.0,FAYETTE,8,REPUBLICAN,15502
47049.0,FENTRESS,6,DEMOCRAT,998
47049.0,FENTRESS,6,OTHER,135
47049.0,FENTRESS,6,REPUBLICAN,6653
47051.0,FRANKLIN,4,DEMOCRAT,4995
47051.0,FRANKLIN,4,REPUBLICAN,13127
47053.0,GIBSON,8,DEMOCRAT,4823
47053.0,GIBSON,8,OTHER,397
47053.0,GIBSON,8,REPUBLICAN,16030
47055.0,GILES,7,DEMOCRAT,2652
47055.0,GILES,7,OTHER,300
47055.0,GILES,7,REPUBLICAN,9055
47057.0,GRAINGER,2,DEMOCRAT,1247
47057.0,GRAINGER,2,NONPARTISAN,0
47057.0,GRAINGER,2,OTHER,112
47057.0,GRAINGER,2,REPUBLICAN,8362
47059.0,GREENE,1,DEMOCRAT,5214
47059.0,GREENE,1,NONPARTISAN,0
47059.0,GREENE,1,OTHER,687
47059.0,GREENE,1,REPUBLICAN,21364
47061.0,GRUNDY,4,DEMOCRAT,943
47061.0,GRUNDY,4,REPUBLICAN,4375
47063.0,HAMBLEN,1,DEMOCRAT,5110
47063.0,HAMBLEN,1,NONPARTISAN,0
47063.0,HAMBLEN,1,OTHER,568
47063.0,HAMBLEN,1,REPUBLICAN,17424
47065.0,HAMILTON,3,DEMOCRAT,67101
47065.0,HAMILTON,3,NONPARTISAN,0
47065.0,HAMILTON,3,OTHER,3506
47065.0,HAMILTON,3,REPUBLICAN,93475
47067.0,HANCOCK,1,DEMOCRAT,330
47067.0,HANCOCK,1,NONPARTISAN,0
47067.0,HANCOCK,1,OTHER,48
47067.0,HANCOCK,1,REPUBLICAN,2043
47069.0,HARDEMAN,7,DEMOCRAT,3386
47069.0,HARDEMAN,7,OTHER,256
47069.0,HARDEMAN,7,REPUBLICAN,5302
47071.0,HARDIN,7,DEMOCRAT,1532
47071.0,HARDIN,7,OTHER,183
47071.0,HARDIN,7,REPUBLICAN,9122
47073.0,HAWKINS,1,DEMOCRAT,4088
47073.0,HAWKINS,1,NONPARTISAN,0
47073.0,HAWKINS,1,OTHER,707
47073.0,HAWKINS,1,REPUBLICAN,18602
47075.0,HAYWOOD,8,DEMOCRAT,3590
47075.0,HAYWOOD,8,OTHER,138
47075.0,HAYWOOD,8,REPUBLICAN,3349
47077.0,HENDERSON,7,DEMOCRAT,1746
47077.0,HENDERSON,7,OTHER,229
47077.0,HENDERSON,7,REPUBLICAN,9457
47079.0,HENRY,8,DEMOCRAT,2892
47079.0,HENRY,8,OTHER,1125
47079.0,HENRY,8,REPUBLICAN,10170
47081.0,HICKMAN,7,DEMOCRAT,1888
47081.0,HICKMAN,7,OTHER,248
47081.0,HICKMAN,7,REPUBLICAN,7193
47083.0,HOUSTON,7,DEMOCRAT,748
47083.0,HOUSTON,7,OTHER,73
47083.0,HOUSTON,7,REPUBLICAN,2698
47085.0,HUMPHREYS,7,DEMOCRAT,1715
47085.0,HUMPHREYS,7,OTHER,209
47085.0,HUMPHREYS,7,REPUBLICAN,5856
47087.0,JACKSON,6,DEMOCRAT,986
47087.0,JACKSON,6,OTHER,89
47087.0,JACKSON,6,REPUBLICAN,3691
47089.0,JEFFERSON,1,DEMOCRAT,683
47089.0,JEFFERSON,1,NONPARTISAN,0
47089.0,JEFFERSON,1,OTHER,121
47089.0,JEFFERSON,1,REPUBLICAN,3672
47089.0,JEFFERSON,2,DEMOCRAT,3363
47089.0,JEFFERSON,2,NONPARTISAN,0
47089.0,JEFFERSON,2,OTHER,228
47089.0,JEFFERSON,2,REPUBLICAN,14585
47091.0,JOHNSON,1,DEMOCRAT,1214
47091.0,JOHNSON,1,NONPARTISAN,0
47091.0,JOHNSON,1,OTHER,207
47091.0,JOHNSON,1,REPUBLICAN,5869
47093.0,KNOX,2,DEMOCRAT,81254
47093.0,KNOX,2,NONPARTISAN,7
47093.0,KNOX,2,OTHER,2638
47093.0,KNOX,2,REPUBLICAN,133176
47095.0,LAKE,8,DEMOCRAT,458
47095.0,LAKE,8,OTHER,47
47095.0,LAKE,8,REPUBLICAN,1399
47097.0,LAUDERDALE,8,DEMOCRAT,2458
47097.0,LAUDERDALE,8,OTHER,201
47097.0,LAUDERDALE,8,REPUBLICAN,5458
47099.0,LAWRENCE,7,DEMOCRAT,2574
47099.0,LAWRENCE,7,OTHER,426
47099.0,LAWRENCE,7,REPUBLICAN,13743
47101.0,LEWIS,7,DEMOCRAT,974
47101.0,LEWIS,7,OTHER,111
47101.0,LEWIS,7,REPUBLICAN,4155
47103.0,LINCOLN,4,DEMOCRAT,2982
47103.0,LINCOLN,4,REPUBLICAN,12084
47105.0,LOUDON,2,DEMOCRAT,5890
47105.0,LOUDON,2,NONPARTISAN,0
47105.0,LOUDON,2,OTHER,426
47105.0,LOUDON,2,REPUBLICAN,22435
47107.0,MCMINN,3,DEMOCRAT,3739
47107.0,MCMINN,3,NONPARTISAN,8
47107.0,MCMINN,3,OTHER,567
47107.0,MCMINN,3,REPUBLICAN,17726
47109.0,MCNAIRY,7,DEMOCRAT,1700
47109.0,MCNAIRY,7,OTHER,195
47109.0,MCNAIRY,7,REPUBLICAN,8794
47111.0,MACON,6,DEMOCRAT,1084
47111.0,MACON,6,OTHER,152
47111.0,MACON,6,REPUBLICAN,7252
47113.0,MADISON,8,DEMOCRAT,16501
47113.0,MADISON,8,OTHER,757
47113.0,MADISON,8,REPUBLICAN,24197
47115.0,MARION,4,DEMOCRAT,3394
47115.0,MARION,4,REPUBLICAN,9437
47117.0,MARSHALL,4,DEMOCRAT,3803
47117.0,MARSHALL,4,REPUBLICAN,9872
47119.0,MAURY,4,DEMOCRAT,11205
47119.0,MAURY,4,REPUBLICAN,23292
47119.0,MAURY,7,DEMOCRAT,3123
47119.0,MAURY,7,OTHER,299
47119.0,MAURY,7,REPUBLICAN,7533
47121.0,MEIGS,4,DEMOCRAT,1125
47121.0,MEIGS,4,REPUBLICAN,3889
47123.0,MONROE,3,DEMOCRAT,3375
47123.0,MONROE,3,NONPARTISAN,0
47123.0,MONROE,3,OTHER,462
47123.0,MONROE,3,REPUBLICAN,16138
47125.0,MONTGOMERY,7,DEMOCRAT,26117
47125.0,MONTGOMERY,7,OTHER,3752
47125.0,MONTGOMERY,7,REPUBLICAN,42844
47127.0,MOORE,4,DEMOCRAT,639
47127.0,MOORE,4,REPUBLICAN,2789
47129.0,MORGAN,3,DEMOCRAT,1054
47129.0,MORGAN,3,NONPARTISAN,0
47129.0,MORGAN,3,OTHER,166
47129.0,MORGAN,3,REPUBLICAN,6567
47131.0,OBION,8,DEMOCRAT,2206
47131.0,OBION,8,OTHER,276
47131.0,OBION,8,REPUBLICAN,10362
47133.0,OVERTON,6,DEMOCRAT,1599
47133.0,OVERTON,6,OTHER,179
47133.0,OVERTON,6,REPUBLICAN,6806
47135.0,PERRY,7,DEMOCRAT,504
47135.0,PERRY,7,OTHER,56
47135.0,PERRY,7,REPUBLICAN,2460
47137.0,PICKETT,6,DEMOCRAT,469
47137.0,PICKETT,6,OTHER,57
47137.0,PICKETT,6,REPUBLICAN,2183
47139.0,POLK,3,DEMOCRAT,1391
47139.0,POLK,3,NONPARTISAN,0
47139.0,POLK,3,OTHER,148
47139.0,POLK,3,REPUBLICAN,6482
47141.0,PUTNAM,6,DEMOCRAT,7943
47141.0,PUTNAM,6,OTHER,870
47141.0,PUTNAM,6,REPUBLICAN,22513
47143.0,RHEA,4,DEMOCRAT,2620
47143.0,RHEA,4,REPUBLICAN,10089
47145.0,ROANE,3,DEMOCRAT,5202
47145.0,ROANE,3,NONPARTISAN,0
47145.0,ROANE,3,OTHER,627
47145.0,ROANE,3,REPUBLICAN,18902
47147.0,ROBERTSON,6,DEMOCRAT,7430
47147.0,ROBERTSON,6,OTHER,773
47147.0,ROBERTSON,6,REPUBLICAN,22654
47149.0,RUTHERFORD,4,DEMOCRAT,60094
47149.0,RUTHERFORD,4,REPUBLICAN,76543
47151.0,SCOTT,3,DEMOCRAT,807
47151.0,SCOTT,3,NONPARTISAN,0
47151.0,SCOTT,3,OTHER,148
47151.0,SCOTT,3,REPUBLICAN,6979
47153.0,SEQUATCHIE,4,DEMOCRAT,1389
47153.0,SEQUATCHIE,4,REPUBLICAN,5389
47155.0,SEVIER,1,DEMOCRAT,8040
47155.0,SEVIER,1,NONPARTISAN,4
47155.0,SEVIER,1,OTHER,1151
47155.0,SEVIER,1,REPUBLICAN,32869
47157.0,SHELBY,8,DEMOCRAT,44789
47157.0,SHELBY,8,OTHER,2044
47157.0,SHELBY,8,REPUBLICAN,86399
47157.0,SHELBY,9,DEMOCRAT,187905
47157.0,SHELBY,9,NONPARTISAN,3
47157.0,SHELBY,9,OTHER,6154
47157.0,SHELBY,9,REPUBLICAN,48818
47159.0,SMITH,6,DEMOCRAT,1450
47159.0,SMITH,6,OTHER,166
47159.0,SMITH,6,REPUBLICAN,6582
47161.0,STEWART,7,DEMOCRAT,974
47161.0,STEWART,7,OTHER,119
47161.0,STEWART,7,REPUBLICAN,4856
47163.0,SULLIVAN,1,DEMOCRAT,17381
47163.0,SULLIVAN,1,NONPARTISAN,0
47163.0,SULLIVAN,1,OTHER,2022
47163.0,SULLIVAN,1,REPUBLICAN,53266
47165.0,SUMNER,6,DEMOCRAT,23725
47165.0,SUMNER,6,OTHER,2114
47165.0,SUMNER,6,REPUBLICAN,59982
47167.0,TIPTON,8,DEMOCRAT,5770
47167.0,TIPTON,8,OTHER,506
47167.0,TIPTON,8,REPUBLICAN,19605
47169.0,TROUSDALE,6,DEMOCRAT,777
47169.0,TROUSDALE,6,OTHER,72
47169.0,TROUSDALE,6,REPUBLICAN,2601
47171.0,UNICOI,1,DEMOCRAT,1527
47171.0,UNICOI,1,NONPARTISAN,0
47171.0,UNICOI,1,OTHER,246
47171.0,UNICOI,1,REPUBLICAN,6196
47173.0,UNION,3,DEMOCRAT,1060
47173.0,UNION,3,NONPARTISAN,0
47173.0,UNION,3,OTHER,152
47173.0,UNION,3,REPUBLICAN,6150
47175.0,VAN BUREN,4,DEMOCRAT,538
47175.0,VAN BUREN,4,REPUBLICAN,1858
47175.0,VAN BUREN,6,DEMOCRAT,38
47175.0,VAN BUREN,6,OTHER,5
47175.0,VAN BUREN,6,REPUBLICAN,233
47177.0,WARREN,4,DEMOCRAT,4292
47177.0,WARREN,4,REPUBLICAN,10400
47179.0,WASHINGTON,1,DEMOCRAT,18342
47179.0,WASHINGTON,1,NONPARTISAN,0
47179.0,WASHINGTON,1,OTHER,1681
47179.0,WASHINGTON,1,REPUBLICAN,37924
47181.0,WAYNE,7,DEMOCRAT,634
47181.0,WAYNE,7,OTHER,98
47181.0,WAYNE,7,REPUBLICAN,4939
47183.0,WEAKLEY,8,DEMOCRAT,2672
47183.0,WEAKLEY,8,OTHER,253
47183.0,WEAKLEY,8,REPUBLICAN,10289
47185.0,WHITE,6,DEMOCRAT,2087
47185.0,WHITE,6,OTHER,248
47185.0,WHITE,6,REPUBLICAN,9232
47187.0,WILLIAMSON,7,DEMOCRAT,42286
47187.0,WILLIAMSON,7,OTHER,2660
47187.0,WILLIAMSON,7,REPUBLICAN,91920
47189.0,WILSON,6,DEMOCRAT,19769
47189.0,WILSON,6,OTHER,1749
47189.0,WILSON,6,REPUBLICAN,49892
48001.0,ANDERSON,5,DEMOCRAT,3915
48001.0,ANDERSON,5,LIBERTARIAN,264
48001.0,ANDERSON,5,REPUBLICAN,14881
48003.0,ANDREWS,11,DEMOCRAT,798
48003.0,ANDREWS,11,LIBERTARIAN,109
48003.0,ANDREWS,11,REPUBLICAN,4887
48005.0,ANGELINA,1,DEMOCRAT,9126
48005.0,ANGELINA,1,REPUBLICAN,25259
48007.0,ARANSAS,27,DEMOCRAT,2460
48007.0,ARANSAS,27,LIBERTARIAN,221
48007.0,ARANSAS,27,REPUBLICAN,9358
48009.0,ARCHER,13,DEMOCRAT,404
48009.0,ARCHER,13,LIBERTARIAN,71
48009.0,ARCHER,13,REPUBLICAN,4229
48011.0,ARMSTRONG,13,DEMOCRAT,69
48011.0,ARMSTRONG,13,LIBERTARIAN,16
48011.0,ARMSTRONG,13,REPUBLICAN,1025
48013.0,ATASCOSA,28,DEMOCRAT,7587
48013.0,ATASCOSA,28,LIBERTARIAN,257
48013.0,ATASCOSA,28,REPUBLICAN,10082
48015.0,AUSTIN,10,DEMOCRAT,2608
48015.0,AUSTIN,10,LIBERTARIAN,245
48015.0,AUSTIN,10,REPUBLICAN,11629
48017.0,BAILEY,19,DEMOCRAT,333
48017.0,BAILEY,19,LIBERTARIAN,43
48017.0,BAILEY,19,REPUBLICAN,1450
48019.0,BANDERA,21,DEMOCRAT,2338
48019.0,BANDERA,21,LIBERTARIAN,206
48019.0,BANDERA,21,OTHER,118
48019.0,BANDERA,21,REPUBLICAN,9861
48021.0,BASTROP,10,DEMOCRAT,8702
48021.0,BASTROP,10,LIBERTARIAN,560
48021.0,BASTROP,10,REPUBLICAN,11612
48021.0,BASTROP,17,DEMOCRAT,159
48021.0,BASTROP,17,LIBERTARIAN,22
48021.0,BASTROP,17,REPUBLICAN,336
48021.0,BASTROP,27,DEMOCRAT,5749
48021.0,BASTROP,27,LIBERTARIAN,398
48021.0,BASTROP,27,REPUBLICAN,8679
48023.0,BAYLOR,13,DEMOCRAT,167
48023.0,BAYLOR,13,LIBERTARIAN,40
48023.0,BAYLOR,13,REPUBLICAN,1480
48025.0,BEE,34,DEMOCRAT,3258
48025.0,BEE,34,LIBERTARIAN,131
48025.0,BEE,34,OTHER,128
48025.0,BEE,34,REPUBLICAN,5462
48027.0,BELL,25,DEMOCRAT,7993
48027.0,BELL,25,LIBERTARIAN,351
48027.0,BELL,25,REPUBLICAN,3566
48027.0,BELL,31,DEMOCRAT,45047
48027.0,BELL,31,LIBERTARIAN,2383
48027.0,BELL,31,REPUBLICAN,66858
48029.0,BEXAR,20,DEMOCRAT,175078
48029.0,BEXAR,20,LIBERTARIAN,6017
48029.0,BEXAR,20,REPUBLICAN,89628
48029.0,BEXAR,21,DEMOCRAT,67124
48029.0,BEXAR,21,LIBERTARIAN,2534
48029.0,BEXAR,21,OTHER,1072
48029.0,BEXAR,21,REPUBLICAN,70273
48029.0,BEXAR,23,DEMOCRAT,75660
48029.0,BEXAR,23,LIBERTARIAN,4664
48029.0,BEXAR,23,REPUBLICAN,78872
48029.0,BEXAR,28,DEMOCRAT,39324
48029.0,BEXAR,28,LIBERTARIAN,2151
48029.0,BEXAR,28,REPUBLICAN,31640
48029.0,BEXAR,35,DEMOCRAT,69564
48029.0,BEXAR,35,LIBERTARIAN,2357
48029.0,BEXAR,35,OTHER,2472
48029.0,BEXAR,35,REPUBLICAN,31471
48031.0,BLANCO,21,DEMOCRAT,1829
48031.0,BLANCO,21,LIBERTARIAN,101
48031.0,BLANCO,21,OTHER,74
48031.0,BLANCO,21,REPUBLICAN,5367
48033.0,BORDEN,19,DEMOCRAT,18
48033.0,BORDEN,19,LIBERTARIAN,3
48033.0,BORDEN,19,REPUBLICAN,390
48035.0,BOSQUE,25,DEMOCRAT,1477
48035.0,BOSQUE,25,LIBERTARIAN,130
48035.0,BOSQUE,25,REPUBLICAN,7411
48037.0,BOWIE,4,DEMOCRAT,10202
48037.0,BOWIE,4,LIBERTARIAN,570
48037.0,BOWIE,4,OTHER,608
48037.0,BOWIE,4,REPUBLICAN,26357
48039.0,BRAZORIA,14,DEMOCRAT,18700
48039.0,BRAZORIA,14,REPUBLICAN,45245
48039.0,BRAZORIA,22,DEMOCRAT,38962
48039.0,BRAZORIA,22,LIBERTARIAN,4477
48039.0,BRAZORIA,22,REPUBLICAN,44332
48041.0,BRAZOS,17,DEMOCRAT,31778
48041.0,BRAZOS,17,LIBERTARIAN,3256
48041.0,BRAZOS,17,REPUBLICAN,47336
48043.0,BREWSTER,23,DEMOCRAT,2249
48043.0,BREWSTER,23,LIBERTARIAN,138
48043.0,BREWSTER,23,REPUBLICAN,2382
48045.0,BRISCOE,13,DEMOCRAT,77
48045.0,BRISCOE,13,LIBERTARIAN,10
48045.0,BRISCOE,13,REPUBLICAN,637
48047.0,BROOKS,15,DEMOCRAT,1553
48047.0,BROOKS,15,LIBERTARIAN,26
48047.0,BROOKS,15,REPUBLICAN,784
48049.0,BROWN,11,DEMOCRAT,1911
48049.0,BROWN,11,LIBERTARIAN,251
48049.0,BROWN,11,REPUBLICAN,13470
48051.0,BURLESON,17,DEMOCRAT,1704
48051.0,BURLESON,17,LIBERTARIAN,151
48051.0,BURLESON,17,REPUBLICAN,6585
48053.0,BURNET,25,DEMOCRAT,5183
48053.0,BURNET,25,LIBERTARIAN,490
48053.0,BURNET,25,REPUBLICAN,18576
48055.0,CALDWELL,27,DEMOCRAT,2867
48055.0,CALDWELL,27,LIBERTARIAN,186
48055.0,CALDWELL,27,REPUBLICAN,4976
48055.0,CALDWELL,35,DEMOCRAT,3841
48055.0,CALDWELL,35,LIBERTARIAN,142
48055.0,CALDWELL,35,OTHER,88
48055.0,CALDWELL,35,REPUBLICAN,2749
48057.0,CALHOUN,27,DEMOCRAT,1955
48057.0,CALHOUN,27,LIBERTARIAN,92
48057.0,CALHOUN,27,REPUBLICAN,5647
48059.0,CALLAHAN,11,DEMOCRAT,653
48059.0,CALLAHAN,11,LIBERTARIAN,120
48059.0,CALLAHAN,11,REPUBLICAN,5840
48061.0,CAMERON,34,DEMOCRAT,68852
48061.0,CAMERON,34,LIBERTARIAN,1847
48061.0,CAMERON,34,OTHER,1195
48061.0,CAMERON,34,REPUBLICAN,39961
48063.0,CAMP,4,DEMOCRAT,1315
48063.0,CAMP,4,LIBERTARIAN,69
48063.0,CAMP,4,OTHER,0
48063.0,CAMP,4,REPUBLICAN,3575
48065.0,CARSON,13,DEMOCRAT,306
48065.0,CARSON,13,LIBERTARIAN,70
48065.0,CARSON,13,REPUBLICAN,2731
48067.0,CASS,4,DEMOCRAT,2623
48067.0,CASS,4,LIBERTARIAN,171
48067.0,CASS,4,OTHER,161
48067.0,CASS,4,REPUBLICAN,10575
48069.0,CASTRO,19,DEMOCRAT,399
48069.0,CASTRO,19,LIBERTARIAN,25
48069.0,CASTRO,19,REPUBLICAN,1588
48071.0,CHAMBERS,14,DEMOCRAT,0
48071.0,CHAMBERS,14,REPUBLICAN,0
48071.0,CHAMBERS,36,DEMOCRAT,3456
48071.0,CHAMBERS,36,LIBERTARIAN,362
48071.0,CHAMBERS,36,OTHER,99
48071.0,CHAMBERS,36,REPUBLICAN,17305
48073.0,CHEROKEE,5,DEMOCRAT,3972
48073.0,CHEROKEE,5,LIBERTARIAN,299
48073.0,CHEROKEE,5,REPUBLICAN,14915
48075.0,CHILDRESS,13,DEMOCRAT,272
48075.0,CHILDRESS,13,LIBERTARIAN,32
48075.0,CHILDRESS,13,REPUBLICAN,1957
48077.0,CLAY,13,DEMOCRAT,592
48077.0,CLAY,13,LIBERTARIAN,110
48077.0,CLAY,13,REPUBLICAN,4977
48079.0,COCHRAN,19,DEMOCRAT,163
48079.0,COCHRAN,19,LIBERTARIAN,17
48079.0,COCHRAN,19,REPUBLICAN,808
48081.0,COKE,11,DEMOCRAT,158
48081.0,COKE,11,LIBERTARIAN,46
48081.0,COKE,11,REPUBLICAN,1534
48083.0,COLEMAN,11,DEMOCRAT,400
48083.0,COLEMAN,11,LIBERTARIAN,43
48083.0,COLEMAN,11,REPUBLICAN,3611
48085.0,COLLIN,3,DEMOCRAT,179458
48085.0,COLLIN,3,LIBERTARIAN,8621
48085.0,COLLIN,3,REPUBLICAN,230512
48085.0,COLLIN,32,DEMOCRAT,11499
48085.0,COLLIN,32,LIBERTARIAN,455
48085.0,COLLIN,32,OTHER,152
48085.0,COLLIN,32,REPUBLICAN,15438
48085.0,COLLIN,4,DEMOCRAT,6808
48085.0,COLLIN,4,LIBERTARIAN,671
48085.0,COLLIN,4,OTHER,13
48085.0,COLLIN,4,REPUBLICAN,21582
48087.0,COLLINGSWORTH,13,DEMOCRAT,135
48087.0,COLLINGSWORTH,13,LIBERTARIAN,14
48087.0,COLLINGSWORTH,13,REPUBLICAN,1035
48089.0,COLORADO,10,DEMOCRAT,2299
48089.0,COLORADO,10,LIBERTARIAN,120
48089.0,COLORADO,10,REPUBLICAN,7423
48091.0,COMAL,21,DEMOCRAT,16795
48091.0,COMAL,21,LIBERTARIAN,1138
48091.0,COMAL,21,OTHER,479
48091.0,COMAL,21,REPUBLICAN,52400
48091.0,COMAL,35,DEMOCRAT,6152
48091.0,COMAL,35,LIBERTARIAN,506
48091.0,COMAL,35,OTHER,301
48091.0,COMAL,35,REPUBLICAN,9882
48093.0,COMANCHE,11,DEMOCRAT,805
48093.0,COMANCHE,11,LIBERTARIAN,100
48093.0,COMANCHE,11,REPUBLICAN,5006
48095.0,CONCHO,11,DEMOCRAT,172
48095.0,CONCHO,11,LIBERTARIAN,22
48095.0,CONCHO,11,REPUBLICAN,1052
48097.0,COOKE,13,DEMOCRAT,2818
48097.0,COOKE,13,LIBERTARIAN,459
48097.0,COOKE,13,REPUBLICAN,15418
48099.0,CORYELL,25,DEMOCRAT,7055
48099.0,CORYELL,25,LIBERTARIAN,638
48099.0,CORYELL,25,REPUBLICAN,15401
48101.0,COTTLE,13,DEMOCRAT,112
48101.0,COTTLE,13,LIBERTARIAN,6
48101.0,COTTLE,13,REPUBLICAN,543
48103.0,CRANE,23,DEMOCRAT,259
48103.0,CRANE,23,LIBERTARIAN,31
48103.0,CRANE,23,REPUBLICAN,1191
48105.0,CROCKETT,23,DEMOCRAT,340
48105.0,CROCKETT,23,LIBERTARIAN,24
48105.0,CROCKETT,23,REPUBLICAN,1139
48107.0,CROSBY,19,DEMOCRAT,435
48107.0,CROSBY,19,LIBERTARIAN,31
48107.0,CROSBY,19,REPUBLICAN,1422
48109.0,CULBERSON,23,DEMOCRAT,429
48109.0,CULBERSON,23,LIBERTARIAN,24
48109.0,CULBERSON,23,REPUBLICAN,350
48111.0,DALLAM,13,DEMOCRAT,200
48111.0,DALLAM,13,LIBERTARIAN,26
48111.0,DALLAM,13,REPUBLICAN,1371
48113.0,DALLAS,24,DEMOCRAT,78752
48113.0,DALLAS,24,LIBERTARIAN,2322
48113.0,DALLAS,24,OTHER,2990
48113.0,DALLAS,24,REPUBLICAN,59192
48113.0,DALLAS,26,DEMOCRAT,109
48113.0,DALLAS,26,LIBERTARIAN,2
48113.0,DALLAS,26,REPUBLICAN,126
48113.0,DALLAS,30,DEMOCRAT,204928
48113.0,DALLAS,30,OTHER,10851
48113.0,DALLAS,30,REPUBLICAN,48685
48113.0,DALLAS,32,DEMOCRAT,167043
48113.0,DALLAS,32,LIBERTARIAN,4491
48113.0,DALLAS,32,OTHER,2180
48113.0,DALLAS,32,REPUBLICAN,142429
48113.0,DALLAS,33,DEMOCRAT,49388
48113.0,DALLAS,33,LIBERTARIAN,1358
48113.0,DALLAS,33,OTHER,6591
48113.0,DALLAS,33,REPUBLICAN,21355
48113.0,DALLAS,5,DEMOCRAT,64483
48113.0,DALLAS,5,LIBERTARIAN,2880
48113.0,DALLAS,5,REPUBLICAN,43306
48115.0,DAWSON,11,DEMOCRAT,821
48115.0,DAWSON,11,LIBERTARIAN,49
48115.0,DAWSON,11,REPUBLICAN,2683
48117.0,DEAF SMITH,13,DEMOCRAT,1267
48117.0,DEAF SMITH,13,LIBERTARIAN,65
48117.0,DEAF SMITH,13,REPUBLICAN,3206
48119.0,DELTA,4,DEMOCRAT,366
48119.0,DELTA,4,LIBERTARIAN,36
48119.0,DELTA,4,OTHER,3
48119.0,DELTA,4,REPUBLICAN,2065
48121.0,DENTON,24,DEMOCRAT,30802
48121.0,DENTON,24,LIBERTARIAN,1011
48121.0,DENTON,24,OTHER,1251
48121.0,DENTON,24,REPUBLICAN,27981
48121.0,DENTON,26,DEMOCRAT,133571
48121.0,DENTON,26,LIBERTARIAN,7243
48121.0,DENTON,26,REPUBLICAN,206644
48123.0,DEWITT,34,DEMOCRAT,1335
48123.0,DEWITT,34,LIBERTARIAN,70
48123.0,DEWITT,34,OTHER,76
48123.0,DEWITT,34,REPUBLICAN,6300
48125.0,DICKENS,13,DEMOCRAT,123
48125.0,DICKENS,13,LIBERTARIAN,9
48125.0,DICKENS,13,REPUBLICAN,828
48127.0,DIMMIT,23,DEMOCRAT,2242
48127.0,DIMMIT,23,LIBERTARIAN,78
48127.0,DIMMIT,23,REPUBLICAN,1248
48129.0,DONLEY,13,DEMOCRAT,178
48129.0,DONLEY,13,LIBERTARIAN,29
48129.0,DONLEY,13,REPUBLICAN,1419
48131.0,DUVAL,15,DEMOCRAT,2815
48131.0,DUVAL,15,LIBERTARIAN,76
48131.0,DUVAL,15,REPUBLICAN,1642
48133.0,EASTLAND,11,DEMOCRAT,899
48133.0,EASTLAND,11,LIBERTARIAN,142
48133.0,EASTLAND,11,REPUBLICAN,6979
48135.0,ECTOR,11,DEMOCRAT,10501
48135.0,ECTOR,11,LIBERTARIAN,981
48135.0,ECTOR,11,REPUBLICAN,31848
48137.0,EDWARDS,23,DEMOCRAT,154
48137.0,EDWARDS,23,LIBERTARIAN,12
48137.0,EDWARDS,23,REPUBLICAN,833
48139.0,ELLIS,6,DEMOCRAT,24595
48139.0,ELLIS,6,LIBERTARIAN,2653
48139.0,ELLIS,6,REPUBLICAN,56889
48141.0,EL PASO,16,DEMOCRAT,154108
48141.0,EL PASO,16,REPUBLICAN,84006
48141.0,EL PASO,23,DEMOCRAT,16776
48141.0,EL PASO,23,LIBERTARIAN,1031
48141.0,EL PASO,23,REPUBLICAN,6289
48143.0,ERATH,11,DEMOCRAT,1351
48143.0,ERATH,11,LIBERTARIAN,226
48143.0,ERATH,11,REPUBLICAN,7453
48143.0,ERATH,25,DEMOCRAT,1289
48143.0,ERATH,25,LIBERTARIAN,143
48143.0,ERATH,25,REPUBLICAN,5960
48145.0,FALLS,17,DEMOCRAT,1771
48145.0,FALLS,17,LIBERTARIAN,99
48145.0,FALLS,17,REPUBLICAN,4149
48147.0,FANNIN,4,DEMOCRAT,2398
48147.0,FANNIN,4,LIBERTARIAN,287
48147.0,FANNIN,4,OTHER,14
48147.0,FANNIN,4,REPUBLICAN,11825
48149.0,FAYETTE,10,DEMOCRAT,2450
48149.0,FAYETTE,10,LIBERTARIAN,135
48149.0,FAYETTE,10,REPUBLICAN,10186
48151.0,FISHER,19,DEMOCRAT,326
48151.0,FISHER,19,LIBERTARIAN,29
48151.0,FISHER,19,REPUBLICAN,1451
48153.0,FLOYD,13,DEMOCRAT,139
48153.0,FLOYD,13,LIBERTARIAN,10
48153.0,FLOYD,13,REPUBLICAN,688
48153.0,FLOYD,19,DEMOCRAT,240
48153.0,FLOYD,19,LIBERTARIAN,18
48153.0,FLOYD,19,REPUBLICAN,892
48155.0,FOARD,13,DEMOCRAT,95
48155.0,FOARD,13,LIBERTARIAN,4
48155.0,FOARD,13,REPUBLICAN,415
48157.0,FORT BEND,22,DEMOCRAT,123293
48157.0,FORT BEND,22,LIBERTARIAN,9023
48157.0,FORT BEND,22,REPUBLICAN,144974
48157.0,FORT BEND,9,DEMOCRAT,51362
48157.0,FORT BEND,9,LIBERTARIAN,1795
48157.0,FORT BEND,9,REPUBLICAN,13941
48159.0,FRANKLIN,4,DEMOCRAT,723
48159.0,FRANKLIN,4,LIBERTARIAN,68
48159.0,FRANKLIN,4,OTHER,35
48159.0,FRANKLIN,4,REPUBLICAN,4049
48161.0,FREESTONE,17,DEMOCRAT,1509
48161.0,FREESTONE,17,LIBERTARIAN,147
48161.0,FREESTONE,17,REPUBLICAN,6899
48163.0,FRIO,23,DEMOCRAT,2483
48163.0,FRIO,23,LIBERTARIAN,131
48163.0,FRIO,23,REPUBLICAN,2470
48165.0,GAINES,19,DEMOCRAT,498
48165.0,GAINES,19,LIBERTARIAN,96
48165.0,GAINES,19,REPUBLICAN,5148
48167.0,GALVESTON,14,DEMOCRAT,55672
48167.0,GALVESTON,14,REPUBLICAN,97136
48169.0,GARZA,19,DEMOCRAT,199
48169.0,GARZA,19,LIBERTARIAN,19
48169.0,GARZA,19,REPUBLICAN,1395
48171.0,GILLESPIE,21,DEMOCRAT,3033
48171.0,GILLESPIE,21,LIBERTARIAN,221
48171.0,GILLESPIE,21,OTHER,93
48171.0,GILLESPIE,21,REPUBLICAN,12340
48173.0,GLASSCOCK,11,DEMOCRAT,32
48173.0,GLASSCOCK,11,LIBERTARIAN,5
48173.0,GLASSCOCK,11,REPUBLICAN,612
48175.0,GOLIAD,34,DEMOCRAT,850
48175.0,GOLIAD,34,LIBERTARIAN,37
48175.0,GOLIAD,34,OTHER,50
48175.0,GOLIAD,34,REPUBLICAN,2938
48177.0,GONZALES,27,DEMOCRAT,1343
48177.0,GONZALES,27,LIBERTARIAN,68
48177.0,GONZALES,27,REPUBLICAN,3906
48177.0,GONZALES,34,DEMOCRAT,404
48177.0,GONZALES,34,LIBERTARIAN,27
48177.0,GONZALES,34,OTHER,23
48177.0,GONZALES,34,REPUBLICAN,1704
48179.0,GRAY,13,DEMOCRAT,787
48179.0,GRAY,13,LIBERTARIAN,156
48179.0,GRAY,13,REPUBLICAN,6741
48181.0,GRAYSON,4,DEMOCRAT,13031
48181.0,GRAYSON,4,LIBERTARIAN,1085
48181.0,GRAYSON,4,OTHER,18
48181.0,GRAYSON,4,REPUBLICAN,44475
48183.0,GREGG,1,DEMOCRAT,14764
48183.0,GREGG,1,REPUBLICAN,32692
48185.0,GRIMES,8,DEMOCRAT,2638
48185.0,GRIMES,8,LIBERTARIAN,204
48185.0,GRIMES,8,REPUBLICAN,9356
48187.0,GUADALUPE,15,DEMOCRAT,20257
48187.0,GUADALUPE,15,LIBERTARIAN,1476
48187.0,GUADALUPE,15,REPUBLICAN,39862
48187.0,GUADALUPE,35,DEMOCRAT,5648
48187.0,GUADALUPE,35,LIBERTARIAN,345
48187.0,GUADALUPE,35,OTHER,201
48187.0,GUADALUPE,35,REPUBLICAN,8266
48189.0,HALE,19,DEMOCRAT,1898
48189.0,HALE,19,LIBERTARIAN,183
48189.0,HALE,19,REPUBLICAN,7306
48191.0,HALL,13,DEMOCRAT,157
48191.0,HALL,13,LIBERTARIAN,17
48191.0,HALL,13,REPUBLICAN,961
48193.0,HAMILTON,25,DEMOCRAT,576
48193.0,HAMILTON,25,LIBERTARIAN,69
48193.0,HAMILTON,25,REPUBLICAN,3578
48195.0,HANSFORD,13,DEMOCRAT,169
48195.0,HANSFORD,13,LIBERTARIAN,29
48195.0,HANSFORD,13,REPUBLICAN,1813
48197.0,HARDEMAN,13,DEMOCRAT,203
48197.0,HARDEMAN,13,LIBERTARIAN,17
48197.0,HARDEMAN,13,REPUBLICAN,1338
48199.0,HARDIN,36,DEMOCRAT,3031
48199.0,HARDIN,36,LIBERTARIAN,357
48199.0,HARDIN,36,OTHER,81
48199.0,HARDIN,36,REPUBLICAN,23954
48201.0,HARRIS,10,DEMOCRAT,60388
48201.0,HARRIS,10,LIBERTARIAN,3496
48201.0,HARRIS,10,REPUBLICAN,103180
48201.0,HARRIS,18,DEMOCRAT,180952
48201.0,HARRIS,18,LIBERTARIAN,4514
48201.0,HARRIS,18,OTHER,3396
48201.0,HARRIS,18,REPUBLICAN,58033
48201.0,HARRIS,2,DEMOCRAT,148374
48201.0,HARRIS,2,LIBERTARIAN,5524
48201.0,HARRIS,2,REPUBLICAN,192828
48201.0,HARRIS,22,DEMOCRAT,19743
48201.0,HARRIS,22,LIBERTARIAN,2291
48201.0,HARRIS,22,REPUBLICAN,20953
48201.0,HARRIS,29,DEMOCRAT,111305
48201.0,HARRIS,29,LIBERTARIAN,2328
48201.0,HARRIS,29,REPUBLICAN,42840
48201.0,HARRIS,36,DEMOCRAT,46545
48201.0,HARRIS,36,LIBERTARIAN,2579
48201.0,HARRIS,36,OTHER,985
48201.0,HARRIS,36,REPUBLICAN,84721
48201.0,HARRIS,7,DEMOCRAT,159529
48201.0,HARRIS,7,LIBERTARIAN,5542
48201.0,HARRIS,7,REPUBLICAN,149054
48201.0,HARRIS,8,DEMOCRAT,15212
48201.0,HARRIS,8,LIBERTARIAN,926
48201.0,HARRIS,8,REPUBLICAN,25906
48201.0,HARRIS,9,DEMOCRAT,121576
48201.0,HARRIS,9,LIBERTARIAN,4799
48201.0,HARRIS,9,REPUBLICAN,35634
48203.0,HARRISON,1,DEMOCRAT,7753
48203.0,HARRISON,1,REPUBLICAN,21567
48205.0,HARTLEY,13,DEMOCRAT,174
48205.0,HARTLEY,13,LIBERTARIAN,41
48205.0,HARTLEY,13,REPUBLICAN,1856
48207.0,HASKELL,19,DEMOCRAT,324
48207.0,HASKELL,19,LIBERTARIAN,23
48207.0,HASKELL,19,REPUBLICAN,1853
48209.0,HAYS,21,DEMOCRAT,14124
48209.0,HAYS,21,LIBERTARIAN,704
48209.0,HAYS,21,OTHER,314
48209.0,HAYS,21,REPUBLICAN,13138
48209.0,HAYS,25,DEMOCRAT,14562
48209.0,HAYS,25,LIBERTARIAN,745
48209.0,HAYS,25,REPUBLICAN,20251
48209.0,HAYS,35,DEMOCRAT,27096
48209.0,HAYS,35,LIBERTARIAN,1429
48209.0,HAYS,35,OTHER,807
48209.0,HAYS,35,REPUBLICAN,14330
48211.0,HEMPHILL,13,DEMOCRAT,182
48211.0,HEMPHILL,13,LIBERTARIAN,40
48211.0,HEMPHILL,13,REPUBLICAN,1472
48213.0,HENDERSON,5,DEMOCRAT,6305
48213.0,HENDERSON,5,LIBERTARIAN,619
48213.0,HENDERSON,5,REPUBLICAN,29026
48215.0,HIDALGO,15,DEMOCRAT,87193
48215.0,HIDALGO,15,LIBERTARIAN,2569
48215.0,HIDALGO,15,REPUBLICAN,56729
48215.0,HIDALGO,28,DEMOCRAT,22024
48215.0,HIDALGO,28,LIBERTARIAN,720
48215.0,HIDALGO,28,REPUBLICAN,11514
48215.0,HIDALGO,34,DEMOCRAT,18311
48215.0,HIDALGO,34,LIBERTARIAN,640
48215.0,HIDALGO,34,OTHER,367
48215.0,HIDALGO,34,REPUBLICAN,10443
48217.0,HILL,25,DEMOCRAT,2681
48217.0,HILL,25,LIBERTARIAN,195
48217.0,HILL,25,REPUBLICAN,11833
48219.0,HOCKLEY,19,DEMOCRAT,1264
48219.0,HOCKLEY,19,LIBERTARIAN,135
48219.0,HOCKLEY,19,REPUBLICAN,6623
48221.0,HOOD,11,DEMOCRAT,5114
48221.0,HOOD,11,LIBERTARIAN,564
48221.0,HOOD,11,REPUBLICAN,26141
48223.0,HOPKINS,4,DEMOCRAT,2768
48223.0,HOPKINS,4,LIBERTARIAN,284
48223.0,HOPKINS,4,OTHER,5
48223.0,HOPKINS,4,REPUBLICAN,12323
48225.0,HOUSTON,8,DEMOCRAT,2177
48225.0,HOUSTON,8,LIBERTARIAN,110
48225.0,HOUSTON,8,REPUBLICAN,7066
48227.0,HOWARD,19,DEMOCRAT,1866
48227.0,HOWARD,19,LIBERTARIAN,208
48227.0,HOWARD,19,REPUBLICAN,7838
48229.0,HUDSPETH,23,DEMOCRAT,410
48229.0,HUDSPETH,23,LIBERTARIAN,36
48229.0,HUDSPETH,23,REPUBLICAN,652
48231.0,HUNT,4,DEMOCRAT,7994
48231.0,HUNT,4,LIBERTARIAN,768
48231.0,HUNT,4,OTHER,13
48231.0,HUNT,4,REPUBLICAN,28593
48233.0,HUTCHINSON,13,DEMOCRAT,907
48233.0,HUTCHINSON,13,LIBERTARIAN,208
48233.0,HUTCHINSON,13,REPUBLICAN,7595
48235.0,IRION,11,DEMOCRAT,109
48235.0,IRION,11,LIBERTARIAN,13
48235.0,IRION,11,REPUBLICAN,761
48237.0,JACK,13,DEMOCRAT,297
48237.0,JACK,13,LIBERTARIAN,54
48237.0,JACK,13,REPUBLICAN,3313
48239.0,JACKSON,27,DEMOCRAT,922
48239.0,JACKSON,27,LIBERTARIAN,87
48239.0,JACKSON,27,REPUBLICAN,5276
48241.0,JASPER,36,DEMOCRAT,2749
48241.0,JASPER,36,LIBERTARIAN,153
48241.0,JASPER,36,OTHER,27
48241.0,JASPER,36,REPUBLICAN,12537
48243.0,JEFF DAVIS,23,DEMOCRAT,489
48243.0,JEFF DAVIS,23,LIBERTARIAN,25
48243.0,JEFF DAVIS,23,REPUBLICAN,769
48245.0,JEFFERSON,14,DEMOCRAT,44202
48245.0,JEFFERSON,14,REPUBLICAN,48160
48247.0,JIM HOGG,15,DEMOCRAT,1398
48247.0,JIM HOGG,15,LIBERTARIAN,10
48247.0,JIM HOGG,15,REPUBLICAN,483
48249.0,JIM WELLS,34,DEMOCRAT,6301
48249.0,JIM WELLS,34,LIBERTARIAN,159
48249.0,JIM WELLS,34,OTHER,136
48249.0,JIM WELLS,34,REPUBLICAN,6684
48251.0,JOHNSON,25,DEMOCRAT,15316
48251.0,JOHNSON,25,LIBERTARIAN,1203
48251.0,JOHNSON,25,REPUBLICAN,54339
48253.0,JONES,19,DEMOCRAT,866
48253.0,JONES,19,LIBERTARIAN,101
48253.0,JONES,19,REPUBLICAN,5650
48255.0,KARNES,15,DEMOCRAT,1322
48255.0,KARNES,15,LIBERTARIAN,61
48255.0,KARNES,15,REPUBLICAN,3655
48257.0,KAUFMAN,5,DEMOCRAT,16854
48257.0,KAUFMAN,5,LIBERTARIAN,1215
48257.0,KAUFMAN,5,REPUBLICAN,38131
48259.0,KENDALL,21,DEMOCRAT,5538
48259.0,KENDALL,21,LIBERTARIAN,365
48259.0,KENDALL,21,OTHER,139
48259.0,KENDALL,21,REPUBLICAN,20302
48261.0,KENEDY,34,DEMOCRAT,89
48261.0,KENEDY,34,LIBERTARIAN,2
48261.0,KENEDY,34,OTHER,2
48261.0,KENEDY,34,REPUBLICAN,75
48263.0,KENT,19,DEMOCRAT,47
48263.0,KENT,19,LIBERTARIAN,4
48263.0,KENT,19,REPUBLICAN,395
48265.0,KERR,21,DEMOCRAT,6097
48265.0,KERR,21,LIBERTARIAN,406
48265.0,KERR,21,OTHER,215
48265.0,KERR,21,REPUBLICAN,20693
48267.0,KIMBLE,11,DEMOCRAT,231
48267.0,KIMBLE,11,LIBERTARIAN,40
48267.0,KIMBLE,11,REPUBLICAN,1963
48269.0,KING,13,DEMOCRAT,4
48269.0,KING,13,LIBERTARIAN,2
48269.0,KING,13,REPUBLICAN,145
48271.0,KINNEY,23,DEMOCRAT,420
48271.0,KINNEY,23,LIBERTARIAN,41
48271.0,KINNEY,23,REPUBLICAN,1088
48273.0,KLEBERG,34,DEMOCRAT,5329
48273.0,KLEBERG,34,LIBERTARIAN,151
48273.0,KLEBERG,34,OTHER,111
48273.0,KLEBERG,34,REPUBLICAN,5164
48275.0,KNOX,13,DEMOCRAT,251
48275.0,KNOX,13,LIBERTARIAN,17
48275.0,KNOX,13,REPUBLICAN,1145
48277.0,LAMAR,4,DEMOCRAT,4149
48277.0,LAMAR,4,LIBERTARIAN,310
48277.0,LAMAR,4,OTHER,343
48277.0,LAMAR,4,REPUBLICAN,16020
48279.0,LAMB,19,DEMOCRAT,735
48279.0,LAMB,19,LIBERTARIAN,70
48279.0,LAMB,19,REPUBLICAN,3580
48281.0,LAMPASAS,25,DEMOCRAT,1979
48281.0,LAMPASAS,25,LIBERTARIAN,210
48281.0,LAMPASAS,25,REPUBLICAN,8109
48283.0,LA SALLE,23,DEMOCRAT,964
48283.0,LA SALLE,23,LIBERTARIAN,49
48283.0,LA SALLE,23,REPUBLICAN,942
48283.0,LA SALLE,28,DEMOCRAT,185
48283.0,LA SALLE,28,LIBERTARIAN,5
48283.0,LA SALLE,28,REPUBLICAN,109
48285.0,LAVACA,27,DEMOCRAT,1118
48285.0,LAVACA,27,LIBERTARIAN,94
48285.0,LAVACA,27,REPUBLICAN,8783
48287.0,LEE,10,DEMOCRAT,1120
48287.0,LEE,10,LIBERTARIAN,66
48287.0,LEE,10,REPUBLICAN,4164
48287.0,LEE,17,DEMOCRAT,499
48287.0,LEE,17,LIBERTARIAN,63
48287.0,LEE,17,REPUBLICAN,2090
48289.0,LEON,17,DEMOCRAT,531
48289.0,LEON,17,LIBERTARIAN,72
48289.0,LEON,17,REPUBLICAN,3875
48289.0,LEON,8,DEMOCRAT,443
48289.0,LEON,8,LIBERTARIAN,40
48289.0,LEON,8,REPUBLICAN,3579
48291.0,LIBERTY,36,DEMOCRAT,5228
48291.0,LIBERTY,36,LIBERTARIAN,451
48291.0,LIBERTY,36,OTHER,117
48291.0,LIBERTY,36,REPUBLICAN,23128
48293.0,LIMESTONE,17,DEMOCRAT,2084
48293.0,LIMESTONE,17,LIBERTARIAN,141
48293.0,LIMESTONE,17,REPUBLICAN,6782
48295.0,LIPSCOMB,13,DEMOCRAT,120
48295.0,LIPSCOMB,13,LIBERTARIAN,24
48295.0,LIPSCOMB,13,REPUBLICAN,1177
48297.0,LIVE OAK,15,DEMOCRAT,778
48297.0,LIVE OAK,15,LIBERTARIAN,53
48297.0,LIVE OAK,15,REPUBLICAN,4105
48299.0,LLANO,11,DEMOCRAT,2208
48299.0,LLANO,11,LIBERTARIAN,194
48299.0,LLANO,11,REPUBLICAN,9986
48301.0,LOVING,23,DEMOCRAT,6
48301.0,LOVING,23,LIBERTARIAN,3
48301.0,LOVING,23,REPUBLICAN,53
48303.0,LUBBOCK,19,DEMOCRAT,33956
48303.0,LUBBOCK,19,LIBERTARIAN,3360
48303.0,LUBBOCK,19,REPUBLICAN,80707
48305.0,LYNN,19,DEMOCRAT,364
48305.0,LYNN,19,LIBERTARIAN,0
48305.0,LYNN,19,REPUBLICAN,1906
48307.0,MCCULLOCH,11,DEMOCRAT,444
48307.0,MCCULLOCH,11,LIBERTARIAN,88
48307.0,MCCULLOCH,11,REPUBLICAN,2839
48309.0,MCLENNAN,17,DEMOCRAT,33093
48309.0,MCLENNAN,17,LIBERTARIAN,2682
48309.0,MCLENNAN,17,REPUBLICAN,59653
48311.0,MCMULLEN,28,DEMOCRAT,107
48311.0,MCMULLEN,28,LIBERTARIAN,0
48311.0,MCMULLEN,28,REPUBLICAN,392
48313.0,MADISON,8,DEMOCRAT,1024
48313.0,MADISON,8,LIBERTARIAN,67
48313.0,MADISON,8,REPUBLICAN,4151
48315.0,MARION,4,DEMOCRAT,1251
48315.0,MARION,4,LIBERTARIAN,76
48315.0,MARION,4,OTHER,4
48315.0,MARION,4,REPUBLICAN,3408
48317.0,MARTIN,11,DEMOCRAT,266
48317.0,MARTIN,11,LIBERTARIAN,32
48317.0,MARTIN,11,REPUBLICAN,1811
48319.0,MASON,11,DEMOCRAT,419
48319.0,MASON,11,LIBERTARIAN,29
48319.0,MASON,11,REPUBLICAN,1980
48321.0,MATAGORDA,27,DEMOCRAT,3438
48321.0,MATAGORDA,27,LIBERTARIAN,261
48321.0,MATAGORDA,27,REPUBLICAN,9677
48323.0,MAVERICK,23,DEMOCRAT,8552
48323.0,MAVERICK,23,LIBERTARIAN,349
48323.0,MAVERICK,23,REPUBLICAN,5769
48325.0,MEDINA,23,DEMOCRAT,6131
48325.0,MEDINA,23,LIBERTARIAN,466
48325.0,MEDINA,23,REPUBLICAN,15636
48327.0,MENARD,11,DEMOCRAT,186
48327.0,MENARD,11,LIBERTARIAN,17
48327.0,MENARD,11,REPUBLICAN,800
48329.0,MIDLAND,11,DEMOCRAT,11141
48329.0,MIDLAND,11,LIBERTARIAN,1250
48329.0,MIDLAND,11,REPUBLICAN,45847
48331.0,MILAM,17,DEMOCRAT,2320
48331.0,MILAM,17,LIBERTARIAN,195
48331.0,MILAM,17,REPUBLICAN,7799
48333.0,MILLS,11,DEMOCRAT,240
48333.0,MILLS,11,LIBERTARIAN,35
48333.0,MILLS,11,REPUBLICAN,2189
48335.0,MITCHELL,11,DEMOCRAT,354
48335.0,MITCHELL,11,LIBERTARIAN,40
48335.0,MITCHELL,11,REPUBLICAN,2132
48337.0,MONTAGUE,13,DEMOCRAT,979
48337.0,MONTAGUE,13,LIBERTARIAN,164
48337.0,MONTAGUE,13,REPUBLICAN,8588
48339.0,MONTGOMERY,8,DEMOCRAT,65242
48339.0,MONTGOMERY,8,LIBERTARIAN,5593
48339.0,MONTGOMERY,8,REPUBLICAN,196032
48341.0,MOORE,13,DEMOCRAT,1080
48341.0,MOORE,13,LIBERTARIAN,100
48341.0,MOORE,13,REPUBLICAN,4275
48343.0,MORRIS,4,DEMOCRAT,1619
48343.0,MORRIS,4,LIBERTARIAN,70
48343.0,MORRIS,4,OTHER,0
48343.0,MORRIS,4,REPUBLICAN,3711
48345.0,MOTLEY,13,DEMOCRAT,42
48345.0,MOTLEY,13,LIBERTARIAN,6
48345.0,MOTLEY,13,REPUBLICAN,592
48347.0,NACOGDOCHES,1,DEMOCRAT,8729
48347.0,NACOGDOCHES,1,REPUBLICAN,17329
48349.0,NAVARRO,6,DEMOCRAT,4629
48349.0,NAVARRO,6,LIBERTARIAN,466
48349.0,NAVARRO,6,REPUBLICAN,13807
48351.0,NEWTON,36,DEMOCRAT,1116
48351.0,NEWTON,36,LIBERTARIAN,48
48351.0,NEWTON,36,OTHER,12
48351.0,NEWTON,36,REPUBLICAN,4841
48353.0,NOLAN,19,DEMOCRAT,1027
48353.0,NOLAN,19,LIBERTARIAN,74
48353.0,NOLAN,19,REPUBLICAN,4185
48355.0,NUECES,27,DEMOCRAT,56104
48355.0,NUECES,27,LIBERTARIAN,2892
48355.0,NUECES,27,REPUBLICAN,65375
48357.0,OCHILTREE,13,DEMOCRAT,278
48357.0,OCHILTREE,13,LIBERTARIAN,45
48357.0,OCHILTREE,13,REPUBLICAN,2793
48359.0,OLDHAM,13,DEMOCRAT,81
48359.0,OLDHAM,13,LIBERTARIAN,13
48359.0,OLDHAM,13,REPUBLICAN,898
48361.0,ORANGE,36,DEMOCRAT,5683
48361.0,ORANGE,36,LIBERTARIAN,492
48361.0,ORANGE,36,OTHER,115
48361.0,ORANGE,36,REPUBLICAN,29291
48363.0,PALO PINTO,11,DEMOCRAT,2008
48363.0,PALO PINTO,11,LIBERTARIAN,211
48363.0,PALO PINTO,11,REPUBLICAN,9995
48365.0,PANOLA,1,DEMOCRAT,2021
48365.0,PANOLA,1,REPUBLICAN,9211
48367.0,PARKER,12,DEMOCRAT,10519
48367.0,PARKER,12,LIBERTARIAN,2671
48367.0,PARKER,12,REPUBLICAN,61985
48369.0,PARMER,19,DEMOCRAT,433
48369.0,PARMER,19,LIBERTARIAN,45
48369.0,PARMER,19,REPUBLICAN,2140
48371.0,PECOS,23,DEMOCRAT,1542
48371.0,PECOS,23,LIBERTARIAN,143
48371.0,PECOS,23,REPUBLICAN,2936
48373.0,POLK,36,DEMOCRAT,4472
48373.0,POLK,36,LIBERTARIAN,299
48373.0,POLK,36,OTHER,100
48373.0,POLK,36,REPUBLICAN,18599
48375.0,POTTER,13,DEMOCRAT,9558
48375.0,POTTER,13,LIBERTARIAN,809
48375.0,POTTER,13,REPUBLICAN,22451
48377.0,PRESIDIO,23,DEMOCRAT,1467
48377.0,PRESIDIO,23,LIBERTARIAN,62
48377.0,PRESIDIO,23,REPUBLICAN,619
48379.0,RAINS,4,DEMOCRAT,777
48379.0,RAINS,4,LIBERTARIAN,79
48379.0,RAINS,4,OTHER,0
48379.0,RAINS,4,REPUBLICAN,5035
48381.0,RANDALL,13,DEMOCRAT,12184
48381.0,RANDALL,13,LIBERTARIAN,1450
48381.0,RANDALL,13,REPUBLICAN,50515
48383.0,REAGAN,23,DEMOCRAT,173
48383.0,REAGAN,23,LIBERTARIAN,24
48383.0,REAGAN,23,REPUBLICAN,878
48385.0,REAL,21,DEMOCRAT,286
48385.0,REAL,21,LIBERTARIAN,21
48385.0,REAL,21,OTHER,16
48385.0,REAL,21,REPUBLICAN,1626
48387.0,RED RIVER,4,DEMOCRAT,1151
48387.0,RED RIVER,4,LIBERTARIAN,153
48387.0,RED RIVER,4,OTHER,12
48387.0,RED RIVER,4,REPUBLICAN,4333
48389.0,REEVES,23,DEMOCRAT,1502
48389.0,REEVES,23,LIBERTARIAN,128
48389.0,REEVES,23,REPUBLICAN,1841
48391.0,REFUGIO,27,DEMOCRAT,988
48391.0,REFUGIO,27,LIBERTARIAN,51
48391.0,REFUGIO,27,REPUBLICAN,2134
48393.0,ROBERTS,13,DEMOCRAT,19
48393.0,ROBERTS,13,LIBERTARIAN,6
48393.0,ROBERTS,13,REPUBLICAN,521
48395.0,ROBERTSON,17,DEMOCRAT,2241
48395.0,ROBERTSON,17,LIBERTARIAN,142
48395.0,ROBERTSON,17,REPUBLICAN,5584
48397.0,ROCKWALL,4,DEMOCRAT,14606
48397.0,ROCKWALL,4,LIBERTARIAN,1144
48397.0,ROCKWALL,4,OTHER,316
48397.0,ROCKWALL,4,REPUBLICAN,37324
48399.0,RUNNELS,11,DEMOCRAT,494
48399.0,RUNNELS,11,LIBERTARIAN,75
48399.0,RUNNELS,11,REPUBLICAN,3742
48401.0,RUSK,1,DEMOCRAT,4669
48401.0,RUSK,1,REPUBLICAN,16591
48403.0,SABINE,1,DEMOCRAT,681
48403.0,SABINE,1,REPUBLICAN,4701
48405.0,SAN AUGUSTINE,1,DEMOCRAT,949
48405.0,SAN AUGUSTINE,1,REPUBLICAN,2942
48407.0,SAN JACINTO,8,DEMOCRAT,2131
48407.0,SAN JACINTO,8,LIBERTARIAN,229
48407.0,SAN JACINTO,8,REPUBLICAN,10000
48409.0,SAN PATRICIO,27,DEMOCRAT,5051
48409.0,SAN PATRICIO,27,LIBERTARIAN,414
48409.0,SAN PATRICIO,27,REPUBLICAN,12493
48409.0,SAN PATRICIO,34,DEMOCRAT,3398
48409.0,SAN PATRICIO,34,LIBERTARIAN,90
48409.0,SAN PATRICIO,34,OTHER,93
48409.0,SAN PATRICIO,34,REPUBLICAN,3664
48411.0,SAN SABA,11,DEMOCRAT,259
48411.0,SAN SABA,11,LIBERTARIAN,25
48411.0,SAN SABA,11,REPUBLICAN,2258
48413.0,SCHLEICHER,23,DEMOCRAT,200
48413.0,SCHLEICHER,23,LIBERTARIAN,13
48413.0,SCHLEICHER,23,REPUBLICAN,916
48415.0,SCURRY,19,DEMOCRAT,731
48415.0,SCURRY,19,LIBERTARIAN,116
48415.0,SCURRY,19,REPUBLICAN,4957
48417.0,SHACKELFORD,19,DEMOCRAT,104
48417.0,SHACKELFORD,19,LIBERTARIAN,11
48417.0,SHACKELFORD,19,REPUBLICAN,1492
48419.0,SHELBY,1,DEMOCRAT,1991
48419.0,SHELBY,1,REPUBLICAN,7942
48421.0,SHERMAN,13,DEMOCRAT,95
48421.0,SHERMAN,13,LIBERTARIAN,20
48421.0,SHERMAN,13,REPUBLICAN,866
48423.0,SMITH,1,DEMOCRAT,29949
48423.0,SMITH,1,REPUBLICAN,70001
48425.0,SOMERVELL,25,DEMOCRAT,721
48425.0,SOMERVELL,25,LIBERTARIAN,75
48425.0,SOMERVELL,25,REPUBLICAN,4121
48427.0,STARR,28,DEMOCRAT,11804
48427.0,STARR,28,LIBERTARIAN,233
48427.0,STARR,28,REPUBLICAN,3912
48429.0,STEPHENS,11,DEMOCRAT,264
48429.0,STEPHENS,11,LIBERTARIAN,29
48429.0,STEPHENS,11,REPUBLICAN,2290
48429.0,STEPHENS,19,DEMOCRAT,78
48429.0,STEPHENS,19,LIBERTARIAN,11
48429.0,STEPHENS,19,REPUBLICAN,1052
48431.0,STERLING,11,DEMOCRAT,47
48431.0,STERLING,11,LIBERTARIAN,6
48431.0,STERLING,11,REPUBLICAN,570
48433.0,STONEWALL,19,DEMOCRAT,111
48433.0,STONEWALL,19,LIBERTARIAN,2
48433.0,STONEWALL,19,REPUBLICAN,588
48435.0,SUTTON,23,DEMOCRAT,303
48435.0,SUTTON,23,LIBERTARIAN,19
48435.0,SUTTON,23,REPUBLICAN,1221
48437.0,SWISHER,13,DEMOCRAT,483
48437.0,SWISHER,13,LIBERTARIAN,41
48437.0,SWISHER,13,REPUBLICAN,1791
48439.0,TARRANT,12,DEMOCRAT,108874
48439.0,TARRANT,12,LIBERTARIAN,8871
48439.0,TARRANT,12,REPUBLICAN,162333
48439.0,TARRANT,24,DEMOCRAT,53772
48439.0,TARRANT,24,LIBERTARIAN,2314
48439.0,TARRANT,24,OTHER,2897
48439.0,TARRANT,24,REPUBLICAN,80737
48439.0,TARRANT,25,DEMOCRAT,1157
48439.0,TARRANT,25,LIBERTARIAN,83
48439.0,TARRANT,25,REPUBLICAN,2397
48439.0,TARRANT,26,DEMOCRAT,27329
48439.0,TARRANT,26,LIBERTARIAN,1998
48439.0,TARRANT,26,REPUBLICAN,55193
48439.0,TARRANT,33,DEMOCRAT,55929
48439.0,TARRANT,33,LIBERTARIAN,1228
48439.0,TARRANT,33,OTHER,3474
48439.0,TARRANT,33,REPUBLICAN,18283
48439.0,TARRANT,6,DEMOCRAT,120306
48439.0,TARRANT,6,LIBERTARIAN,7836
48439.0,TARRANT,6,REPUBLICAN,108811
48441.0,TAYLOR,19,DEMOCRAT,12217
48441.0,TAYLOR,19,LIBERTARIAN,1383
48441.0,TAYLOR,19,REPUBLICAN,40512
48443.0,TERRELL,23,DEMOCRAT,126
48443.0,TERRELL,23,LIBERTARIAN,5
48443.0,TERRELL,23,REPUBLICAN,323
48445.0,TERRY,19,DEMOCRAT,621
48445.0,TERRY,19,LIBERTARIAN,65
48445.0,TERRY,19,REPUBLICAN,2844
48447.0,THROCKMORTON,19,DEMOCRAT,67
48447.0,THROCKMORTON,19,LIBERTARIAN,8
48447.0,THROCKMORTON,19,REPUBLICAN,793
48449.0,TITUS,4,DEMOCRAT,2691
48449.0,TITUS,4,LIBERTARIAN,282
48449.0,TITUS,4,OTHER,71
48449.0,TITUS,4,REPUBLICAN,7210
48451.0,TOM GREEN,11,DEMOCRAT,11115
48451.0,TOM GREEN,11,LIBERTARIAN,1063
48451.0,TOM GREEN,11,REPUBLICAN,32382
48453.0,TRAVIS,10,DEMOCRAT,98658
48453.0,TRAVIS,10,LIBERTARIAN,3716
48453.0,TRAVIS,10,REPUBLICAN,41543
48453.0,TRAVIS,17,DEMOCRAT,47876
48453.0,TRAVIS,17,LIBERTARIAN,2948
48453.0,TRAVIS,17,REPUBLICAN,20298
48453.0,TRAVIS,21,DEMOCRAT,88616
48453.0,TRAVIS,21,LIBERTARIAN,2970
48453.0,TRAVIS,21,OTHER,1044
48453.0,TRAVIS,21,REPUBLICAN,29741
48453.0,TRAVIS,25,DEMOCRAT,105687
48453.0,TRAVIS,25,LIBERTARIAN,3396
48453.0,TRAVIS,25,REPUBLICAN,64467
48453.0,TRAVIS,35,DEMOCRAT,64072
48453.0,TRAVIS,35,LIBERTARIAN,2614
48453.0,TRAVIS,35,OTHER,1367
48453.0,TRAVIS,35,REPUBLICAN,14097
48455.0,TRINITY,8,DEMOCRAT,1184
48455.0,TRINITY,8,LIBERTARIAN,80
48455.0,TRINITY,8,REPUBLICAN,5543
48457.0,TYLER,36,DEMOCRAT,1130
48457.0,TYLER,36,LIBERTARIAN,107
48457.0,TYLER,36,OTHER,35
48457.0,TYLER,36,REPUBLICAN,8336
48459.0,UPSHUR,1,DEMOCRAT,1015
48459.0,UPSHUR,1,REPUBLICAN,4225
48459.0,UPSHUR,4,DEMOCRAT,1765
48459.0,UPSHUR,4,LIBERTARIAN,204
48459.0,UPSHUR,4,OTHER,0
48459.0,UPSHUR,4,REPUBLICAN,11233
48461.0,UPTON,23,DEMOCRAT,192
48461.0,UPTON,23,LIBERTARIAN,31
48461.0,UPTON,23,REPUBLICAN,1113
48463.0,UVALDE,23,DEMOCRAT,3910
48463.0,UVALDE,23,LIBERTARIAN,228
48463.0,UVALDE,23,REPUBLICAN,6037
48465.0,VAL VERDE,23,DEMOCRAT,6693
48465.0,VAL VERDE,23,LIBERTARIAN,371
48465.0,VAL VERDE,23,REPUBLICAN,7956
48467.0,VAN ZANDT,5,DEMOCRAT,3232
48467.0,VAN ZANDT,5,LIBERTARIAN,340
48467.0,VAN ZANDT,5,REPUBLICAN,22039
48469.0,VICTORIA,27,DEMOCRAT,9118
48469.0,VICTORIA,27,LIBERTARIAN,485
48469.0,VICTORIA,27,REPUBLICAN,24012
48471.0,WALKER,8,DEMOCRAT,7357
48471.0,WALKER,8,LIBERTARIAN,486
48471.0,WALKER,8,REPUBLICAN,15694
48473.0,WALLER,10,DEMOCRAT,7598
48473.0,WALLER,10,LIBERTARIAN,423
48473.0,WALLER,10,REPUBLICAN,14269
48475.0,WARD,23,DEMOCRAT,837
48475.0,WARD,23,LIBERTARIAN,89
48475.0,WARD,23,REPUBLICAN,3037
48477.0,WASHINGTON,10,DEMOCRAT,3827
48477.0,WASHINGTON,10,LIBERTARIAN,231
48477.0,WASHINGTON,10,REPUBLICAN,13173
48479.0,WEBB,28,DEMOCRAT,47457
48479.0,WEBB,28,LIBERTARIAN,2649
48479.0,WEBB,28,REPUBLICAN,17541
48481.0,WHARTON,27,DEMOCRAT,4353
48481.0,WHARTON,27,LIBERTARIAN,233
48481.0,WHARTON,27,REPUBLICAN,11989
48483.0,WHEELER,13,DEMOCRAT,163
48483.0,WHEELER,13,LIBERTARIAN,27
48483.0,WHEELER,13,REPUBLICAN,2097
48485.0,WICHITA,13,DEMOCRAT,11994
48485.0,WICHITA,13,LIBERTARIAN,1186
48485.0,WICHITA,13,REPUBLICAN,31812
48487.0,WILBARGER,13,DEMOCRAT,894
48487.0,WILBARGER,13,LIBERTARIAN,69
48487.0,WILBARGER,13,REPUBLICAN,3423
48489.0,WILLACY,34,DEMOCRAT,3361
48489.0,WILLACY,34,LIBERTARIAN,71
48489.0,WILLACY,34,OTHER,66
48489.0,WILLACY,34,REPUBLICAN,1775
48491.0,WILLIAMSON,31,DEMOCRAT,129934
48491.0,WILLIAMSON,31,LIBERTARIAN,6474
48491.0,WILLIAMSON,31,REPUBLICAN,144606
48493.0,WILSON,15,DEMOCRAT,290
48493.0,WILSON,15,LIBERTARIAN,24
48493.0,WILSON,15,REPUBLICAN,1759
48493.0,WILSON,28,DEMOCRAT,6652
48493.0,WILSON,28,LIBERTARIAN,350
48493.0,WILSON,28,REPUBLICAN,15499
48495.0,WINKLER,23,DEMOCRAT,388
48495.0,WINKLER,23,LIBERTARIAN,50
48495.0,WINKLER,23,REPUBLICAN,1624
48497.0,WISE,12,DEMOCRAT,1857
48497.0,WISE,12,LIBERTARIAN,376
48497.0,WISE,12,REPUBLICAN,9535
48497.0,WISE,13,DEMOCRAT,2420
48497.0,WISE,13,LIBERTARIAN,395
48497.0,WISE,13,REPUBLICAN,16984
48499.0,WOOD,1,DEMOCRAT,1361
48499.0,WOOD,1,REPUBLICAN,7256
48499.0,WOOD,5,DEMOCRAT,1982
48499.0,WOOD,5,LIBERTARIAN,217
48499.0,WOOD,5,REPUBLICAN,11538
48501.0,YOAKUM,19,DEMOCRAT,364
48501.0,YOAKUM,19,LIBERTARIAN,50
48501.0,YOAKUM,19,REPUBLICAN,2180
48503.0,YOUNG,19,DEMOCRAT,888
48503.0,YOUNG,19,LIBERTARIAN,141
48503.0,YOUNG,19,REPUBLICAN,7048
48505.0,ZAPATA,28,DEMOCRAT,2352
48505.0,ZAPATA,28,LIBERTARIAN,61
48505.0,ZAPATA,28,REPUBLICAN,1221
48507.0,ZAVALA,23,DEMOCRAT,2847
48507.0,ZAVALA,23,LIBERTARIAN,106
48507.0,ZAVALA,23,REPUBLICAN,1214
49001.0,BEAVER,2,DEMOCRAT,334
49001.0,BEAVER,2,LIBERTARIAN,70
49001.0,BEAVER,2,REPUBLICAN,2433
49003.0,BOX ELDER,1,DEMOCRAT,4653
49003.0,BOX ELDER,1,REPUBLICAN,20794
49005.0,CACHE,1,DEMOCRAT,16031
49005.0,CACHE,1,OTHER,113
49005.0,CACHE,1,REPUBLICAN,38148
49007.0,CARBON,3,DEMOCRAT,2065
49007.0,CARBON,3,OTHER,280
49007.0,CARBON,3,REPUBLICAN,6595
49009.0,DAGGETT,1,DEMOCRAT,98
49009.0,DAGGETT,1,REPUBLICAN,473
49011.0,DAVIS,1,DEMOCRAT,28772
49011.0,DAVIS,1,REPUBLICAN,72519
49011.0,DAVIS,2,DEMOCRAT,19739
49011.0,DAVIS,2,LIBERTARIAN,2819
49011.0,DAVIS,2,REPUBLICAN,42085
49013.0,DUCHESNE,1,DEMOCRAT,817
49013.0,DUCHESNE,1,OTHER,21
49013.0,DUCHESNE,1,REPUBLICAN,7065
49015.0,EMERY,3,DEMOCRAT,478
49015.0,EMERY,3,OTHER,127
49015.0,EMERY,3,REPUBLICAN,4075
49017.0,GARFIELD,2,DEMOCRAT,486
49017.0,GARFIELD,2,LIBERTARIAN,58
49017.0,GARFIELD,2,REPUBLICAN,2013
49019.0,GRAND,3,DEMOCRAT,2460
49019.0,GRAND,3,OTHER,129
49019.0,GRAND,3,REPUBLICAN,2339
49021.0,IRON,2,DEMOCRAT,4165
49021.0,IRON,2,LIBERTARIAN,1129
49021.0,IRON,2,REPUBLICAN,18241
49023.0,JUAB,2,DEMOCRAT,109
49023.0,JUAB,2,LIBERTARIAN,16
49023.0,JUAB,2,REPUBLICAN,320
49023.0,JUAB,4,DEMOCRAT,759
49023.0,JUAB,4,LIBERTARIAN,166
49023.0,JUAB,4,OTHER,91
49023.0,JUAB,4,REPUBLICAN,4206
49025.0,KANE,2,DEMOCRAT,968
49025.0,KANE,2,LIBERTARIAN,119
49025.0,KANE,2,REPUBLICAN,2857
49027.0,MILLARD,2,DEMOCRAT,493
49027.0,MILLARD,2,LIBERTARIAN,199
49027.0,MILLARD,2,REPUBLICAN,5202
49029.0,MORGAN,1,DEMOCRAT,965
49029.0,MORGAN,1,OTHER,30
49029.0,MORGAN,1,REPUBLICAN,5290
49031.0,PIUTE,2,DEMOCRAT,60
49031.0,PIUTE,2,LIBERTARIAN,17
49031.0,PIUTE,2,REPUBLICAN,750
49033.0,RICH,1,DEMOCRAT,204
49033.0,RICH,1,OTHER,5
49033.0,RICH,1,REPUBLICAN,1078
49035.0,SALT LAKE,2,DEMOCRAT,76278
49035.0,SALT LAKE,2,LIBERTARIAN,4684
49035.0,SALT LAKE,2,REPUBLICAN,36018
49035.0,SALT LAKE,3,DEMOCRAT,44360
49035.0,SALT LAKE,3,OTHER,2981
49035.0,SALT LAKE,3,REPUBLICAN,57520
49035.0,SALT LAKE,4,DEMOCRAT,158035
49035.0,SALT LAKE,4,LIBERTARIAN,10259
49035.0,SALT LAKE,4,OTHER,7069
49035.0,SALT LAKE,4,REPUBLICAN,130519
49037.0,SAN JUAN,3,DEMOCRAT,2498
49037.0,SAN JUAN,3,OTHER,353
49037.0,SAN JUAN,3,REPUBLICAN,3536
49039.0,SANPETE,2,DEMOCRAT,727
49039.0,SANPETE,2,LIBERTARIAN,218
49039.0,SANPETE,2,REPUBLICAN,5264
49039.0,SANPETE,4,DEMOCRAT,1126
49039.0,SANPETE,4,LIBERTARIAN,212
49039.0,SANPETE,4,OTHER,150
49039.0,SANPETE,4,REPUBLICAN,4368
49041.0,SEVIER,2,DEMOCRAT,892
49041.0,SEVIER,2,LIBERTARIAN,278
49041.0,SEVIER,2,REPUBLICAN,8752
49043.0,SUMMIT,1,DEMOCRAT,13546
49043.0,SUMMIT,1,REPUBLICAN,10893
49045.0,TOOELE,2,DEMOCRAT,7665
49045.0,TOOELE,2,LIBERTARIAN,1546
49045.0,TOOELE,2,REPUBLICAN,21243
49047.0,UINTAH,1,DEMOCRAT,1604
49047.0,UINTAH,1,REPUBLICAN,12666
49049.0,UTAH,3,DEMOCRAT,39394
49049.0,UTAH,3,OTHER,11660
49049.0,UTAH,3,REPUBLICAN,161248
49049.0,UTAH,4,DEMOCRAT,16003
49049.0,UTAH,4,LIBERTARIAN,2416
49049.0,UTAH,4,OTHER,1343
49049.0,UTAH,4,REPUBLICAN,40595
49051.0,WASATCH,3,DEMOCRAT,4812
49051.0,WASATCH,3,OTHER,593
49051.0,WASATCH,3,REPUBLICAN,11361
49053.0,WASHINGTON,2,DEMOCRAT,17505
49053.0,WASHINGTON,2,LIBERTARIAN,4273
49053.0,WASHINGTON,2,REPUBLICAN,62649
49055.0,WAYNE,2,DEMOCRAT,341
49055.0,WAYNE,2,LIBERTARIAN,39
49055.0,WAYNE,2,REPUBLICAN,1170
49057.0,WEBER,1,DEMOCRAT,37504
49057.0,WEBER,1,REPUBLICAN,69061
50001.0,ADDISON,0,DEMOCRAT,14973
50001.0,ADDISON,0,OTHER,1790
50001.0,ADDISON,0,REPUBLICAN,5449
50003.0,BENNINGTON,0,DEMOCRAT,11987
50003.0,BENNINGTON,0,OTHER,2802
50003.0,BENNINGTON,0,REPUBLICAN,5851
50005.0,CALEDONIA,0,DEMOCRAT,9319
50005.0,CALEDONIA,0,OTHER,1529
50005.0,CALEDONIA,0,REPUBLICAN,5486
50007.0,CHITTENDEN,0,DEMOCRAT,70658
50007.0,CHITTENDEN,0,OTHER,9396
50007.0,CHITTENDEN,0,REPUBLICAN,19805
50009.0,ESSEX,0,DEMOCRAT,1485
50009.0,ESSEX,0,OTHER,394
50009.0,ESSEX,0,REPUBLICAN,1438
5001.0,ARKANSAS,1,REPUBLICAN,5402
50011.0,FRANKLIN,0,DEMOCRAT,14817
50011.0,FRANKLIN,0,OTHER,2065
50011.0,FRANKLIN,0,REPUBLICAN,9202
50013.0,GRAND ISLE,0,DEMOCRAT,3031
50013.0,GRAND ISLE,0,OTHER,341
50013.0,GRAND ISLE,0,REPUBLICAN,1540
50015.0,LAMOILLE,0,DEMOCRAT,10178
50015.0,LAMOILLE,0,OTHER,1276
50015.0,LAMOILLE,0,REPUBLICAN,3638
50017.0,ORANGE,0,DEMOCRAT,10579
50017.0,ORANGE,0,OTHER,1616
50017.0,ORANGE,0,REPUBLICAN,5132
50019.0,ORLEANS,0,DEMOCRAT,7670
50019.0,ORLEANS,0,OTHER,1342
50019.0,ORLEANS,0,REPUBLICAN,5203
50021.0,RUTLAND,0,DEMOCRAT,18287
50021.0,RUTLAND,0,OTHER,4446
50021.0,RUTLAND,0,REPUBLICAN,11559
50023.0,WASHINGTON,0,DEMOCRAT,24734
50023.0,WASHINGTON,0,OTHER,3168
50023.0,WASHINGTON,0,REPUBLICAN,7793
50025.0,WINDHAM,0,DEMOCRAT,18001
50025.0,WINDHAM,0,OTHER,2898
50025.0,WINDHAM,0,REPUBLICAN,5379
50027.0,WINDSOR,0,DEMOCRAT,23108
50027.0,WINDSOR,0,OTHER,3248
50027.0,WINDSOR,0,REPUBLICAN,8355
5003.0,ASHLEY,4,DEMOCRAT,2092
5003.0,ASHLEY,4,LIBERTARIAN,169
5003.0,ASHLEY,4,REPUBLICAN,5603
5005.0,BAXTER,1,REPUBLICAN,18684
5007.0,BENTON,3,DEMOCRAT,37491
5007.0,BENTON,3,LIBERTARIAN,5161
5007.0,BENTON,3,REPUBLICAN,76899
5009.0,BOONE,3,DEMOCRAT,2644
5009.0,BOONE,3,LIBERTARIAN,473
5009.0,BOONE,3,REPUBLICAN,13824
5011.0,BRADLEY,4,DEMOCRAT,1124
5011.0,BRADLEY,4,LIBERTARIAN,88
5011.0,BRADLEY,4,REPUBLICAN,2398
5013.0,CALHOUN,4,DEMOCRAT,457
5013.0,CALHOUN,4,LIBERTARIAN,41
5013.0,CALHOUN,4,REPUBLICAN,1649
5015.0,CARROLL,3,DEMOCRAT,3813
5015.0,CARROLL,3,LIBERTARIAN,301
5015.0,CARROLL,3,REPUBLICAN,7588
5017.0,CHICOT,1,REPUBLICAN,3001
5019.0,CLARK,4,DEMOCRAT,3137
5019.0,CLARK,4,LIBERTARIAN,191
5019.0,CLARK,4,REPUBLICAN,4967
5021.0,CLAY,1,REPUBLICAN,4797
5023.0,CLEBURNE,1,REPUBLICAN,11711
5025.0,CLEVELAND,4,DEMOCRAT,581
5025.0,CLEVELAND,4,LIBERTARIAN,77
5025.0,CLEVELAND,4,REPUBLICAN,2893
5027.0,COLUMBIA,4,DEMOCRAT,2700
5027.0,COLUMBIA,4,LIBERTARIAN,165
5027.0,COLUMBIA,4,REPUBLICAN,5591
5029.0,CONWAY,2,DEMOCRAT,2822
5029.0,CONWAY,2,REPUBLICAN,5850
5031.0,CRAIGHEAD,1,REPUBLICAN,34368
5033.0,CRAWFORD,3,DEMOCRAT,3445
5033.0,CRAWFORD,3,LIBERTARIAN,590
5033.0,CRAWFORD,3,REPUBLICAN,13169
5033.0,CRAWFORD,4,DEMOCRAT,1126
5033.0,CRAWFORD,4,LIBERTARIAN,243
5033.0,CRAWFORD,4,REPUBLICAN,5458
5035.0,CRITTENDEN,1,REPUBLICAN,12315
5037.0,CROSS,1,REPUBLICAN,6189
5039.0,DALLAS,4,DEMOCRAT,928
5039.0,DALLAS,4,LIBERTARIAN,58
5039.0,DALLAS,4,REPUBLICAN,1615
5041.0,DESHA,1,REPUBLICAN,3161
5043.0,DREW,4,DEMOCRAT,2221
5043.0,DREW,4,LIBERTARIAN,170
5043.0,DREW,4,REPUBLICAN,4447
5045.0,FAULKNER,2,DEMOCRAT,19017
5045.0,FAULKNER,2,REPUBLICAN,35279
5047.0,FRANKLIN,4,DEMOCRAT,1171
5047.0,FRANKLIN,4,LIBERTARIAN,180
5047.0,FRANKLIN,4,REPUBLICAN,5689
5049.0,FULTON,1,REPUBLICAN,4522
5051.0,GARLAND,4,DEMOCRAT,11800
5051.0,GARLAND,4,LIBERTARIAN,1428
5051.0,GARLAND,4,REPUBLICAN,30747
5053.0,GRANT,4,DEMOCRAT,1112
5053.0,GRANT,4,LIBERTARIAN,264
5053.0,GRANT,4,REPUBLICAN,6763
5055.0,GREENE,1,REPUBLICAN,15064
5057.0,HEMPSTEAD,4,DEMOCRAT,2094
5057.0,HEMPSTEAD,4,LIBERTARIAN,148
5057.0,HEMPSTEAD,4,REPUBLICAN,4528
5059.0,HOT SPRING,4,DEMOCRAT,2812
5059.0,HOT SPRING,4,LIBERTARIAN,360
5059.0,HOT SPRING,4,REPUBLICAN,9316
5061.0,HOWARD,4,DEMOCRAT,1265
5061.0,HOWARD,4,LIBERTARIAN,96
5061.0,HOWARD,4,REPUBLICAN,3393
5063.0,INDEPENDENCE,1,REPUBLICAN,13352
5065.0,IZARD,1,REPUBLICAN,5255
5067.0,JACKSON,1,REPUBLICAN,4453
5069.0,JEFFERSON,1,REPUBLICAN,348
5069.0,JEFFERSON,4,DEMOCRAT,13682
5069.0,JEFFERSON,4,LIBERTARIAN,686
5069.0,JEFFERSON,4,REPUBLICAN,9815
5071.0,JOHNSON,4,DEMOCRAT,2094
5071.0,JOHNSON,4,LIBERTARIAN,369
5071.0,JOHNSON,4,REPUBLICAN,6937
5073.0,LAFAYETTE,4,DEMOCRAT,841
5073.0,LAFAYETTE,4,LIBERTARIAN,41
5073.0,LAFAYETTE,4,REPUBLICAN,1747
5075.0,LAWRENCE,1,REPUBLICAN,5428
5077.0,LEE,1,REPUBLICAN,1862
5079.0,LINCOLN,1,REPUBLICAN,3373
5081.0,LITTLE RIVER,4,DEMOCRAT,1235
5081.0,LITTLE RIVER,4,LIBERTARIAN,99
5081.0,LITTLE RIVER,4,REPUBLICAN,3775
5083.0,LOGAN,4,DEMOCRAT,1391
5083.0,LOGAN,4,LIBERTARIAN,293
5083.0,LOGAN,4,REPUBLICAN,6472
5085.0,LONOKE,1,REPUBLICAN,28307
5087.0,MADISON,4,DEMOCRAT,1521
5087.0,MADISON,4,LIBERTARIAN,252
5087.0,MADISON,4,REPUBLICAN,5496
5089.0,MARION,3,DEMOCRAT,1327
5089.0,MARION,3,LIBERTARIAN,195
5089.0,MARION,3,REPUBLICAN,5908
5091.0,MILLER,4,DEMOCRAT,4105
5091.0,MILLER,4,LIBERTARIAN,382
5091.0,MILLER,4,REPUBLICAN,11870
5093.0,MISSISSIPPI,1,REPUBLICAN,10189
5095.0,MONROE,1,REPUBLICAN,2336
5097.0,MONTGOMERY,4,DEMOCRAT,635
5097.0,MONTGOMERY,4,LIBERTARIAN,87
5097.0,MONTGOMERY,4,REPUBLICAN,3103
5099.0,NEVADA,4,DEMOCRAT,1068
5099.0,NEVADA,4,LIBERTARIAN,78
5099.0,NEVADA,4,REPUBLICAN,2178
51001.0,ACCOMACK,2,DEMOCRAT,7707
51001.0,ACCOMACK,2,OTHER,350
51001.0,ACCOMACK,2,REPUBLICAN,8793
51003.0,ALBEMARLE,5,DEMOCRAT,43361
51003.0,ALBEMARLE,5,OTHER,198
51003.0,ALBEMARLE,5,REPUBLICAN,20005
51005.0,ALLEGHANY,9,OTHER,240
51005.0,ALLEGHANY,9,REPUBLICAN,6550
51007.0,AMELIA,7,DEMOCRAT,2542
51007.0,AMELIA,7,OTHER,10
51007.0,AMELIA,7,REPUBLICAN,5272
51009.0,AMHERST,6,DEMOCRAT,5110
51009.0,AMHERST,6,OTHER,15
51009.0,AMHERST,6,REPUBLICAN,11715
5101.0,NEWTON,3,DEMOCRAT,235
5101.0,NEWTON,3,LIBERTARIAN,33
5101.0,NEWTON,3,REPUBLICAN,1555
5101.0,NEWTON,4,DEMOCRAT,461
5101.0,NEWTON,4,LIBERTARIAN,65
5101.0,NEWTON,4,REPUBLICAN,1551
51011.0,APPOMATTOX,5,DEMOCRAT,2695
51011.0,APPOMATTOX,5,OTHER,31
51011.0,APPOMATTOX,5,REPUBLICAN,6389
51013.0,ARLINGTON,8,DEMOCRAT,101981
51013.0,ARLINGTON,8,OTHER,296
51013.0,ARLINGTON,8,REPUBLICAN,26904
51015.0,AUGUSTA,6,DEMOCRAT,9521
51015.0,AUGUSTA,6,OTHER,33
51015.0,AUGUSTA,6,REPUBLICAN,32375
51017.0,BATH,6,DEMOCRAT,530
51017.0,BATH,6,OTHER,3
51017.0,BATH,6,REPUBLICAN,1886
51019.0,BEDFORD,5,DEMOCRAT,7136
51019.0,BEDFORD,5,OTHER,66
51019.0,BEDFORD,5,REPUBLICAN,19240
51019.0,BEDFORD,6,DEMOCRAT,5024
51019.0,BEDFORD,6,OTHER,23
51019.0,BEDFORD,6,REPUBLICAN,16704
51021.0,BLAND,9,OTHER,55
51021.0,BLAND,9,REPUBLICAN,2936
51023.0,BOTETOURT,6,DEMOCRAT,4812
51023.0,BOTETOURT,6,OTHER,21
51023.0,BOTETOURT,6,REPUBLICAN,15682
51025.0,BRUNSWICK,5,DEMOCRAT,4580
51025.0,BRUNSWICK,5,OTHER,5
51025.0,BRUNSWICK,5,REPUBLICAN,3279
51027.0,BUCHANAN,9,OTHER,239
51027.0,BUCHANAN,9,REPUBLICAN,8255
51029.0,BUCKINGHAM,5,DEMOCRAT,3595
51029.0,BUCKINGHAM,5,OTHER,17
51029.0,BUCKINGHAM,5,REPUBLICAN,4438
5103.0,OUACHITA,4,DEMOCRAT,3854
5103.0,OUACHITA,4,LIBERTARIAN,199
5103.0,OUACHITA,4,REPUBLICAN,5443
51031.0,CAMPBELL,5,DEMOCRAT,9269
51031.0,CAMPBELL,5,OTHER,109
51031.0,CAMPBELL,5,REPUBLICAN,20221
51033.0,CAROLINE,1,DEMOCRAT,6954
51033.0,CAROLINE,1,OTHER,22
51033.0,CAROLINE,1,REPUBLICAN,8992
51035.0,CARROLL,9,OTHER,439
51035.0,CARROLL,9,REPUBLICAN,12912
51036.0,CHARLES CITY,4,DEMOCRAT,2640
51036.0,CHARLES CITY,4,OTHER,2
51036.0,CHARLES CITY,4,REPUBLICAN,1725
51037.0,CHARLOTTE,5,DEMOCRAT,2457
51037.0,CHARLOTTE,5,OTHER,19
51037.0,CHARLOTTE,5,REPUBLICAN,3669
51041.0,CHESTERFIELD,4,DEMOCRAT,26781
51041.0,CHESTERFIELD,4,OTHER,93
51041.0,CHESTERFIELD,4,REPUBLICAN,28064
51041.0,CHESTERFIELD,7,DEMOCRAT,80161
51041.0,CHESTERFIELD,7,OTHER,294
51041.0,CHESTERFIELD,7,REPUBLICAN,65253
51043.0,CLARKE,10,DEMOCRAT,3851
51043.0,CLARKE,10,OTHER,9
51043.0,CLARKE,10,REPUBLICAN,5387
51045.0,CRAIG,9,OTHER,102
51045.0,CRAIG,9,REPUBLICAN,2765
51047.0,CULPEPER,7,DEMOCRAT,10714
51047.0,CULPEPER,7,OTHER,47
51047.0,CULPEPER,7,REPUBLICAN,16039
51049.0,CUMBERLAND,5,DEMOCRAT,2286
51049.0,CUMBERLAND,5,OTHER,9
51049.0,CUMBERLAND,5,REPUBLICAN,2932
5105.0,PERRY,2,DEMOCRAT,1066
5105.0,PERRY,2,REPUBLICAN,3542
51051.0,DICKENSON,9,OTHER,277
51051.0,DICKENSON,9,REPUBLICAN,5802
51053.0,DINWIDDIE,4,DEMOCRAT,6288
51053.0,DINWIDDIE,4,OTHER,20
51053.0,DINWIDDIE,4,REPUBLICAN,8495
51057.0,ESSEX,1,DEMOCRAT,2704
51057.0,ESSEX,1,OTHER,4
51057.0,ESSEX,1,REPUBLICAN,3385
51059.0,FAIRFAX,10,DEMOCRAT,72352
51059.0,FAIRFAX,10,OTHER,306
51059.0,FAIRFAX,10,REPUBLICAN,47231
51059.0,FAIRFAX,11,DEMOCRAT,205883
51059.0,FAIRFAX,11,OTHER,1116
51059.0,FAIRFAX,11,REPUBLICAN,85311
51059.0,FAIRFAX,8,DEMOCRAT,128467
51059.0,FAIRFAX,8,OTHER,684
51059.0,FAIRFAX,8,REPUBLICAN,49719
51061.0,FAUQUIER,1,DEMOCRAT,2517
51061.0,FAUQUIER,1,OTHER,15
51061.0,FAUQUIER,1,REPUBLICAN,6121
51061.0,FAUQUIER,5,DEMOCRAT,14537
51061.0,FAUQUIER,5,OTHER,100
51061.0,FAUQUIER,5,REPUBLICAN,19897
51063.0,FLOYD,9,OTHER,847
51063.0,FLOYD,9,REPUBLICAN,6979
51065.0,FLUVANNA,5,DEMOCRAT,7943
51065.0,FLUVANNA,5,OTHER,43
51065.0,FLUVANNA,5,REPUBLICAN,7756
51067.0,FRANKLIN,5,DEMOCRAT,9050
51067.0,FRANKLIN,5,OTHER,56
51067.0,FRANKLIN,5,REPUBLICAN,20318
51069.0,FREDERICK,10,DEMOCRAT,16935
51069.0,FREDERICK,10,OTHER,52
51069.0,FREDERICK,10,REPUBLICAN,30871
5107.0,PHILLIPS,1,REPUBLICAN,4350
51071.0,GILES,9,OTHER,341
51071.0,GILES,9,REPUBLICAN,7371
51073.0,GLOUCESTER,1,DEMOCRAT,5877
51073.0,GLOUCESTER,1,OTHER,24
51073.0,GLOUCESTER,1,REPUBLICAN,16059
51075.0,GOOCHLAND,7,DEMOCRAT,6837
51075.0,GOOCHLAND,7,OTHER,45
51075.0,GOOCHLAND,7,REPUBLICAN,9874
51077.0,GRAYSON,9,OTHER,203
51077.0,GRAYSON,9,REPUBLICAN,6556
51079.0,GREENE,5,DEMOCRAT,4562
51079.0,GREENE,5,OTHER,61
51079.0,GREENE,5,REPUBLICAN,6593
51081.0,GREENSVILLE,4,DEMOCRAT,2643
51081.0,GREENSVILLE,4,OTHER,4
51081.0,GREENSVILLE,4,REPUBLICAN,1809
51083.0,HALIFAX,5,DEMOCRAT,7958
51083.0,HALIFAX,5,OTHER,18
51083.0,HALIFAX,5,REPUBLICAN,10083
51085.0,HANOVER,1,DEMOCRAT,21906
51085.0,HANOVER,1,OTHER,112
51085.0,HANOVER,1,REPUBLICAN,47211
51087.0,HENRICO,4,DEMOCRAT,36224
51087.0,HENRICO,4,OTHER,74
51087.0,HENRICO,4,REPUBLICAN,11014
51087.0,HENRICO,7,DEMOCRAT,80421
51087.0,HENRICO,7,OTHER,267
51087.0,HENRICO,7,REPUBLICAN,51966
51089.0,HENRY,5,DEMOCRAT,3165
51089.0,HENRY,5,OTHER,9
51089.0,HENRY,5,REPUBLICAN,3979
51089.0,HENRY,9,OTHER,629
51089.0,HENRY,9,REPUBLICAN,14501
5109.0,PIKE,4,DEMOCRAT,574
5109.0,PIKE,4,LIBERTARIAN,91
5109.0,PIKE,4,REPUBLICAN,3530
51091.0,HIGHLAND,6,DEMOCRAT,376
51091.0,HIGHLAND,6,OTHER,2
51091.0,HIGHLAND,6,REPUBLICAN,1136
51093.0,ISLE OF WIGHT,3,DEMOCRAT,9431
51093.0,ISLE OF WIGHT,3,OTHER,26
51093.0,ISLE OF WIGHT,3,REPUBLICAN,13586
51095.0,JAMES CITY,1,DEMOCRAT,16946
51095.0,JAMES CITY,1,OTHER,42
51095.0,JAMES CITY,1,REPUBLICAN,21571
51095.0,JAMES CITY,2,DEMOCRAT,5691
51095.0,JAMES CITY,2,OTHER,273
51095.0,JAMES CITY,2,REPUBLICAN,4464
51097.0,KING AND QUEEN,1,DEMOCRAT,1451
51097.0,KING AND QUEEN,1,OTHER,10
51097.0,KING AND QUEEN,1,REPUBLICAN,2607
51099.0,KING GEORGE,1,DEMOCRAT,4557
51099.0,KING GEORGE,1,OTHER,31
51099.0,KING GEORGE,1,REPUBLICAN,9539
51101.0,KING WILLIAM,1,DEMOCRAT,2871
51101.0,KING WILLIAM,1,OTHER,9
51101.0,KING WILLIAM,1,REPUBLICAN,7569
51103.0,LANCASTER,1,DEMOCRAT,2884
51103.0,LANCASTER,1,OTHER,9
51103.0,LANCASTER,1,REPUBLICAN,4191
51105.0,LEE,9,OTHER,245
51105.0,LEE,9,REPUBLICAN,8654
51107.0,LOUDOUN,10,DEMOCRAT,133409
51107.0,LOUDOUN,10,OTHER,249
51107.0,LOUDOUN,10,REPUBLICAN,88755
51109.0,LOUISA,7,DEMOCRAT,8611
51109.0,LOUISA,7,OTHER,44
51109.0,LOUISA,7,REPUBLICAN,13020
5111.0,POINSETT,1,REPUBLICAN,6933
51111.0,LUNENBURG,5,DEMOCRAT,2436
51111.0,LUNENBURG,5,OTHER,5
51111.0,LUNENBURG,5,REPUBLICAN,3392
51113.0,MADISON,5,DEMOCRAT,2959
51113.0,MADISON,5,OTHER,44
51113.0,MADISON,5,REPUBLICAN,5062
51115.0,MATHEWS,1,DEMOCRAT,1555
51115.0,MATHEWS,1,OTHER,3
51115.0,MATHEWS,1,REPUBLICAN,4209
51117.0,MECKLENBURG,5,DEMOCRAT,6626
51117.0,MECKLENBURG,5,OTHER,21
51117.0,MECKLENBURG,5,REPUBLICAN,9175
51119.0,MIDDLESEX,1,DEMOCRAT,2217
51119.0,MIDDLESEX,1,OTHER,6
51119.0,MIDDLESEX,1,REPUBLICAN,4479
51121.0,MONTGOMERY,9,OTHER,5338
51121.0,MONTGOMERY,9,REPUBLICAN,28571
51125.0,NELSON,5,DEMOCRAT,4618
51125.0,NELSON,5,OTHER,40
51125.0,NELSON,5,REPUBLICAN,4561
51127.0,NEW KENT,1,DEMOCRAT,4119
51127.0,NEW KENT,1,OTHER,21
51127.0,NEW KENT,1,REPUBLICAN,9983
5113.0,POLK,4,DEMOCRAT,1089
5113.0,POLK,4,LIBERTARIAN,298
5113.0,POLK,4,REPUBLICAN,7019
51131.0,NORTHAMPTON,2,DEMOCRAT,3780
51131.0,NORTHAMPTON,2,OTHER,155
51131.0,NORTHAMPTON,2,REPUBLICAN,2763
51133.0,NORTHUMBERLAND,1,DEMOCRAT,2730
51133.0,NORTHUMBERLAND,1,OTHER,8
51133.0,NORTHUMBERLAND,1,REPUBLICAN,4954
51135.0,NOTTOWAY,7,DEMOCRAT,3119
51135.0,NOTTOWAY,7,OTHER,12
51135.0,NOTTOWAY,7,REPUBLICAN,3843
51137.0,ORANGE,7,DEMOCRAT,8255
51137.0,ORANGE,7,OTHER,41
51137.0,ORANGE,7,REPUBLICAN,12300
51139.0,PAGE,6,DEMOCRAT,2790
51139.0,PAGE,6,OTHER,17
51139.0,PAGE,6,REPUBLICAN,9466
51141.0,PATRICK,9,OTHER,259
51141.0,PATRICK,9,REPUBLICAN,7663
51143.0,PITTSYLVANIA,5,DEMOCRAT,10832
51143.0,PITTSYLVANIA,5,OTHER,65
51143.0,PITTSYLVANIA,5,REPUBLICAN,22705
51145.0,POWHATAN,7,DEMOCRAT,5749
51145.0,POWHATAN,7,OTHER,14
51145.0,POWHATAN,7,REPUBLICAN,13855
51147.0,PRINCE EDWARD,5,DEMOCRAT,5066
51147.0,PRINCE EDWARD,5,OTHER,23
51147.0,PRINCE EDWARD,5,REPUBLICAN,4350
51149.0,PRINCE GEORGE,4,DEMOCRAT,7080
51149.0,PRINCE GEORGE,4,OTHER,21
51149.0,PRINCE GEORGE,4,REPUBLICAN,9781
5115.0,POPE,3,DEMOCRAT,5117
5115.0,POPE,3,LIBERTARIAN,714
5115.0,POPE,3,REPUBLICAN,18479
51153.0,PRINCE WILLIAM,1,DEMOCRAT,50610
51153.0,PRINCE WILLIAM,1,OTHER,164
51153.0,PRINCE WILLIAM,1,REPUBLICAN,44094
51153.0,PRINCE WILLIAM,10,DEMOCRAT,21383
51153.0,PRINCE WILLIAM,10,OTHER,53
51153.0,PRINCE WILLIAM,10,REPUBLICAN,20195
51153.0,PRINCE WILLIAM,11,DEMOCRAT,65870
51153.0,PRINCE WILLIAM,11,OTHER,238
51153.0,PRINCE WILLIAM,11,REPUBLICAN,21913
51155.0,PULASKI,9,OTHER,777
51155.0,PULASKI,9,REPUBLICAN,13869
51157.0,RAPPAHANNOCK,5,DEMOCRAT,2157
51157.0,RAPPAHANNOCK,5,OTHER,17
51157.0,RAPPAHANNOCK,5,REPUBLICAN,2775
51159.0,RICHMOND,1,DEMOCRAT,1216
51159.0,RICHMOND,1,OTHER,4
51159.0,RICHMOND,1,REPUBLICAN,2820
51161.0,ROANOKE,6,DEMOCRAT,14990
51161.0,ROANOKE,6,OTHER,66
51161.0,ROANOKE,6,REPUBLICAN,26985
51161.0,ROANOKE,9,OTHER,896
51161.0,ROANOKE,9,REPUBLICAN,10832
51163.0,ROCKBRIDGE,6,DEMOCRAT,3612
51163.0,ROCKBRIDGE,6,OTHER,13
51163.0,ROCKBRIDGE,6,REPUBLICAN,8637
51165.0,ROCKINGHAM,6,DEMOCRAT,10986
51165.0,ROCKINGHAM,6,OTHER,51
51165.0,ROCKINGHAM,6,REPUBLICAN,32318
51167.0,RUSSELL,9,OTHER,409
51167.0,RUSSELL,9,REPUBLICAN,11129
51169.0,SCOTT,9,OTHER,263
51169.0,SCOTT,9,REPUBLICAN,9354
5117.0,PRAIRIE,1,REPUBLICAN,3130
51171.0,SHENANDOAH,6,DEMOCRAT,6188
51171.0,SHENANDOAH,6,OTHER,21
51171.0,SHENANDOAH,6,REPUBLICAN,17180
51173.0,SMYTH,9,OTHER,574
51173.0,SMYTH,9,REPUBLICAN,11946
51175.0,SOUTHAMPTON,4,DEMOCRAT,3864
51175.0,SOUTHAMPTON,4,OTHER,0
51175.0,SOUTHAMPTON,4,REPUBLICAN,5582
51177.0,SPOTSYLVANIA,1,DEMOCRAT,9027
51177.0,SPOTSYLVANIA,1,OTHER,44
51177.0,SPOTSYLVANIA,1,REPUBLICAN,9658
51177.0,SPOTSYLVANIA,7,DEMOCRAT,24484
51177.0,SPOTSYLVANIA,7,OTHER,109
51177.0,SPOTSYLVANIA,7,REPUBLICAN,31201
51179.0,STAFFORD,1,DEMOCRAT,35240
51179.0,STAFFORD,1,OTHER,136
51179.0,STAFFORD,1,REPUBLICAN,42392
51181.0,SURRY,4,DEMOCRAT,2337
51181.0,SURRY,4,OTHER,10
51181.0,SURRY,4,REPUBLICAN,1970
51183.0,SUSSEX,4,DEMOCRAT,2822
51183.0,SUSSEX,4,OTHER,7
51183.0,SUSSEX,4,REPUBLICAN,2160
51185.0,TAZEWELL,9,OTHER,443
51185.0,TAZEWELL,9,REPUBLICAN,17059
51187.0,WARREN,6,DEMOCRAT,6319
51187.0,WARREN,6,OTHER,31
51187.0,WARREN,6,REPUBLICAN,14479
5119.0,PULASKI,2,DEMOCRAT,101339
5119.0,PULASKI,2,REPUBLICAN,68154
51191.0,WASHINGTON,9,OTHER,1567
51191.0,WASHINGTON,9,REPUBLICAN,23583
51193.0,WESTMORELAND,1,DEMOCRAT,3853
51193.0,WESTMORELAND,1,OTHER,7
51193.0,WESTMORELAND,1,REPUBLICAN,5950
51195.0,WISE,9,OTHER,648
51195.0,WISE,9,REPUBLICAN,13623
51197.0,WYTHE,9,OTHER,534
51197.0,WYTHE,9,REPUBLICAN,12302
51199.0,YORK,2,DEMOCRAT,17634
51199.0,YORK,2,OTHER,1040
51199.0,YORK,2,REPUBLICAN,19828
5121.0,RANDOLPH,1,REPUBLICAN,6227
5123.0,ST FRANCIS,1,REPUBLICAN,5192
5125.0,SALINE,2,DEMOCRAT,16256
5125.0,SALINE,2,REPUBLICAN,40612
5127.0,SCOTT,4,DEMOCRAT,449
5127.0,SCOTT,4,LIBERTARIAN,91
5127.0,SCOTT,4,REPUBLICAN,2977
5129.0,SEARCY,1,REPUBLICAN,3344
5129.0,SEARCY,3,DEMOCRAT,26
5129.0,SEARCY,3,LIBERTARIAN,3
5129.0,SEARCY,3,REPUBLICAN,224
5131.0,SEBASTIAN,3,DEMOCRAT,12337
5131.0,SEBASTIAN,3,LIBERTARIAN,1680
5131.0,SEBASTIAN,3,REPUBLICAN,27307
5131.0,SEBASTIAN,4,DEMOCRAT,700
5131.0,SEBASTIAN,4,LIBERTARIAN,181
5131.0,SEBASTIAN,4,REPUBLICAN,4756
5133.0,SEVIER,4,DEMOCRAT,1011
5133.0,SEVIER,4,LIBERTARIAN,141
5133.0,SEVIER,4,REPUBLICAN,3970
5135.0,SHARP,1,REPUBLICAN,6855
5137.0,STONE,1,REPUBLICAN,5293
5139.0,UNION,4,DEMOCRAT,5214
5139.0,UNION,4,LIBERTARIAN,426
5139.0,UNION,4,REPUBLICAN,10693
5141.0,VAN BUREN,2,DEMOCRAT,1678
5141.0,VAN BUREN,2,REPUBLICAN,6072
5143.0,WASHINGTON,3,DEMOCRAT,39890
5143.0,WASHINGTON,3,LIBERTARIAN,3827
5143.0,WASHINGTON,3,REPUBLICAN,50007
5145.0,WHITE,2,DEMOCRAT,6232
5145.0,WHITE,2,REPUBLICAN,24584
5147.0,WOODRUFF,1,REPUBLICAN,2155
5149.0,YELL,4,DEMOCRAT,1206
5149.0,YELL,4,LIBERTARIAN,211
5149.0,YELL,4,REPUBLICAN,5228
51510.0,ALEXANDRIA CITY,8,DEMOCRAT,64007
51510.0,ALEXANDRIA CITY,8,OTHER,227
51510.0,ALEXANDRIA CITY,8,REPUBLICAN,17034
51520.0,BRISTOL CITY,9,OTHER,370
51520.0,BRISTOL CITY,9,REPUBLICAN,6062
51530.0,BUENA VISTA CITY,6,DEMOCRAT,683
51530.0,BUENA VISTA CITY,6,OTHER,7
51530.0,BUENA VISTA CITY,6,REPUBLICAN,2061
51540.0,CHARLOTTESVILLE CITY,5,DEMOCRAT,20941
51540.0,CHARLOTTESVILLE CITY,5,OTHER,54
51540.0,CHARLOTTESVILLE CITY,5,REPUBLICAN,3084
51550.0,CHESAPEAKE CITY,3,DEMOCRAT,35042
51550.0,CHESAPEAKE CITY,3,OTHER,117
51550.0,CHESAPEAKE CITY,3,REPUBLICAN,19860
51550.0,CHESAPEAKE CITY,4,DEMOCRAT,30515
51550.0,CHESAPEAKE CITY,4,OTHER,122
51550.0,CHESAPEAKE CITY,4,REPUBLICAN,39602
51570.0,COLONIAL HEIGHTS CITY,4,DEMOCRAT,3052
51570.0,COLONIAL HEIGHTS CITY,4,OTHER,16
51570.0,COLONIAL HEIGHTS CITY,4,REPUBLICAN,5875
51580.0,COVINGTON CITY,9,OTHER,77
51580.0,COVINGTON CITY,9,REPUBLICAN,1956
51590.0,DANVILLE CITY,5,DEMOCRAT,12086
51590.0,DANVILLE CITY,5,OTHER,42
51590.0,DANVILLE CITY,5,REPUBLICAN,7085
51595.0,EMPORIA CITY,4,DEMOCRAT,1574
51595.0,EMPORIA CITY,4,OTHER,2
51595.0,EMPORIA CITY,4,REPUBLICAN,728
51600.0,FAIRFAX CITY,11,DEMOCRAT,8972
51600.0,FAIRFAX CITY,11,OTHER,47
51600.0,FAIRFAX CITY,11,REPUBLICAN,4156
51610.0,FALLS CHURCH CITY,8,DEMOCRAT,6999
51610.0,FALLS CHURCH CITY,8,OTHER,20
51610.0,FALLS CHURCH CITY,8,REPUBLICAN,1708
51620.0,FRANKLIN CITY,3,DEMOCRAT,2443
51620.0,FRANKLIN CITY,3,OTHER,4
51620.0,FRANKLIN CITY,3,REPUBLICAN,1468
51630.0,FREDERICKSBURG CITY,1,DEMOCRAT,7689
51630.0,FREDERICKSBURG CITY,1,OTHER,33
51630.0,FREDERICKSBURG CITY,1,REPUBLICAN,4830
51640.0,GALAX CITY,9,OTHER,30
51640.0,GALAX CITY,9,REPUBLICAN,2057
51650.0,HAMPTON CITY,2,DEMOCRAT,8734
51650.0,HAMPTON CITY,2,OTHER,601
51650.0,HAMPTON CITY,2,REPUBLICAN,7024
51650.0,HAMPTON CITY,3,DEMOCRAT,37356
51650.0,HAMPTON CITY,3,OTHER,110
51650.0,HAMPTON CITY,3,REPUBLICAN,10550
51660.0,HARRISONBURG CITY,6,DEMOCRAT,9978
51660.0,HARRISONBURG CITY,6,OTHER,31
51660.0,HARRISONBURG CITY,6,REPUBLICAN,6544
51670.0,HOPEWELL CITY,4,DEMOCRAT,5552
51670.0,HOPEWELL CITY,4,OTHER,27
51670.0,HOPEWELL CITY,4,REPUBLICAN,3916
51678.0,LEXINGTON CITY,6,DEMOCRAT,1650
51678.0,LEXINGTON CITY,6,OTHER,5
51678.0,LEXINGTON CITY,6,REPUBLICAN,1085
51680.0,LYNCHBURG CITY,6,DEMOCRAT,16418
51680.0,LYNCHBURG CITY,6,OTHER,61
51680.0,LYNCHBURG CITY,6,REPUBLICAN,18829
51683.0,MANASSAS CITY,10,DEMOCRAT,10199
51683.0,MANASSAS CITY,10,OTHER,14
51683.0,MANASSAS CITY,10,REPUBLICAN,6483
51685.0,MANASSAS PARK CITY,10,DEMOCRAT,3979
51685.0,MANASSAS PARK CITY,10,OTHER,5
51685.0,MANASSAS PARK CITY,10,REPUBLICAN,2021
51690.0,MARTINSVILLE CITY,9,OTHER,221
51690.0,MARTINSVILLE CITY,9,REPUBLICAN,3054
51700.0,NEWPORT NEWS CITY,2,DEMOCRAT,228
51700.0,NEWPORT NEWS CITY,2,OTHER,8
51700.0,NEWPORT NEWS CITY,2,REPUBLICAN,106
51700.0,NEWPORT NEWS CITY,3,DEMOCRAT,52631
51700.0,NEWPORT NEWS CITY,3,OTHER,215
51700.0,NEWPORT NEWS CITY,3,REPUBLICAN,25323
51710.0,NORFOLK CITY,2,DEMOCRAT,18530
51710.0,NORFOLK CITY,2,OTHER,1009
51710.0,NORFOLK CITY,2,REPUBLICAN,11790
51710.0,NORFOLK CITY,3,DEMOCRAT,46029
51710.0,NORFOLK CITY,3,OTHER,207
51710.0,NORFOLK CITY,3,REPUBLICAN,11488
51720.0,NORTON CITY,9,OTHER,95
51720.0,NORTON CITY,9,REPUBLICAN,1254
51730.0,PETERSBURG CITY,4,DEMOCRAT,12172
51730.0,PETERSBURG CITY,4,OTHER,25
51730.0,PETERSBURG CITY,4,REPUBLICAN,1641
51735.0,POQUOSON CITY,2,DEMOCRAT,2094
51735.0,POQUOSON CITY,2,OTHER,243
51735.0,POQUOSON CITY,2,REPUBLICAN,5457
51740.0,PORTSMOUTH CITY,3,DEMOCRAT,30921
51740.0,PORTSMOUTH CITY,3,OTHER,110
51740.0,PORTSMOUTH CITY,3,REPUBLICAN,12497
51750.0,RADFORD CITY,9,OTHER,815
51750.0,RADFORD CITY,9,REPUBLICAN,4253
51760.0,RICHMOND CITY,4,DEMOCRAT,89273
51760.0,RICHMOND CITY,4,OTHER,176
51760.0,RICHMOND CITY,4,REPUBLICAN,19368
51770.0,ROANOKE CITY,6,DEMOCRAT,24673
51770.0,ROANOKE CITY,6,OTHER,61
51770.0,ROANOKE CITY,6,REPUBLICAN,17348
51775.0,SALEM CITY,9,OTHER,518
51775.0,SALEM CITY,9,REPUBLICAN,10003
51790.0,STAUNTON CITY,6,DEMOCRAT,6495
51790.0,STAUNTON CITY,6,OTHER,19
51790.0,STAUNTON CITY,6,REPUBLICAN,6238
51800.0,SUFFOLK CITY,3,DEMOCRAT,19473
51800.0,SUFFOLK CITY,3,OTHER,62
51800.0,SUFFOLK CITY,3,REPUBLICAN,12527
51800.0,SUFFOLK CITY,4,DEMOCRAT,8325
51800.0,SUFFOLK CITY,4,OTHER,36
51800.0,SUFFOLK CITY,4,REPUBLICAN,7895
51810.0,VIRGINIA BEACH CITY,2,DEMOCRAT,116623
51810.0,VIRGINIA BEACH CITY,2,OTHER,5796
51810.0,VIRGINIA BEACH CITY,2,REPUBLICAN,102838
51820.0,WAYNESBORO CITY,6,DEMOCRAT,4574
51820.0,WAYNESBORO CITY,6,OTHER,16
51820.0,WAYNESBORO CITY,6,REPUBLICAN,5938
51830.0,WILLIAMSBURG CITY,2,DEMOCRAT,4712
51830.0,WILLIAMSBURG CITY,2,OTHER,174
51830.0,WILLIAMSBURG CITY,2,REPUBLICAN,1968
51840.0,WINCHESTER CITY,10,DEMOCRAT,6626
51840.0,WINCHESTER CITY,10,OTHER,18
51840.0,WINCHESTER CITY,10,REPUBLICAN,5310
53001.0,ADAMS,4,DEMOCRAT,1488
53001.0,ADAMS,4,OTHER,8
53001.0,ADAMS,4,REPUBLICAN,4265
53003.0,ASOTIN,5,DEMOCRAT,3550
53003.0,ASOTIN,5,OTHER,23
53003.0,ASOTIN,5,REPUBLICAN,8195
53005.0,BENTON,4,DEMOCRAT,32469
53005.0,BENTON,4,OTHER,197
53005.0,BENTON,4,REPUBLICAN,68743
53007.0,CHELAN,8,DEMOCRAT,19503
53007.0,CHELAN,8,OTHER,68
53007.0,CHELAN,8,REPUBLICAN,23005
53009.0,CLALLAM,6,DEMOCRAT,25424
53009.0,CLALLAM,6,OTHER,38
53009.0,CLALLAM,6,REPUBLICAN,22609
53011.0,CLARK,3,DEMOCRAT,128050
53011.0,CLARK,3,OTHER,691
53011.0,CLARK,3,REPUBLICAN,141035
53013.0,COLUMBIA,5,DEMOCRAT,565
53013.0,COLUMBIA,5,OTHER,7
53013.0,COLUMBIA,5,REPUBLICAN,1893
53015.0,COWLITZ,3,DEMOCRAT,22048
53015.0,COWLITZ,3,OTHER,151
53015.0,COWLITZ,3,REPUBLICAN,37130
53017.0,DOUGLAS,4,DEMOCRAT,3540
53017.0,DOUGLAS,4,OTHER,12
53017.0,DOUGLAS,4,REPUBLICAN,8326
53017.0,DOUGLAS,8,DEMOCRAT,3629
53017.0,DOUGLAS,8,OTHER,10
53017.0,DOUGLAS,8,REPUBLICAN,5278
53019.0,FERRY,5,DEMOCRAT,1292
53019.0,FERRY,5,OTHER,15
53019.0,FERRY,5,REPUBLICAN,2966
53021.0,FRANKLIN,4,DEMOCRAT,11551
53021.0,FRANKLIN,4,OTHER,38
53021.0,FRANKLIN,4,REPUBLICAN,20324
53023.0,GARFIELD,5,DEMOCRAT,275
53023.0,GARFIELD,5,OTHER,3
53023.0,GARFIELD,5,REPUBLICAN,1190
53025.0,GRANT,4,DEMOCRAT,9582
53025.0,GRANT,4,OTHER,53
53025.0,GRANT,4,REPUBLICAN,26758
53027.0,GRAYS HARBOR,6,DEMOCRAT,18327
53027.0,GRAYS HARBOR,6,OTHER,65
53027.0,GRAYS HARBOR,6,REPUBLICAN,18999
53029.0,ISLAND,2,DEMOCRAT,29131
53029.0,ISLAND,2,OTHER,92
53029.0,ISLAND,2,REPUBLICAN,23350
53031.0,JEFFERSON,6,DEMOCRAT,17096
53031.0,JEFFERSON,6,OTHER,75
53031.0,JEFFERSON,6,REPUBLICAN,7203
53033.0,KING,1,DEMOCRAT,115662
53033.0,KING,1,OTHER,163
53033.0,KING,1,REPUBLICAN,49396
53033.0,KING,7,DEMOCRAT,366096
53033.0,KING,7,OTHER,1037
53033.0,KING,7,REPUBLICAN,67934
53033.0,KING,8,DEMOCRAT,137178
53033.0,KING,8,OTHER,201
53033.0,KING,8,REPUBLICAN,96496
53033.0,KING,9,DEMOCRAT,250948
53033.0,KING,9,OTHER,544
53033.0,KING,9,REPUBLICAN,84745
53035.0,KITSAP,6,DEMOCRAT,91800
53035.0,KITSAP,6,OTHER,354
53035.0,KITSAP,6,REPUBLICAN,62454
53037.0,KITTITAS,8,DEMOCRAT,11565
53037.0,KITTITAS,8,OTHER,41
53037.0,KITTITAS,8,REPUBLICAN,14204
53039.0,KLICKITAT,3,DEMOCRAT,5404
53039.0,KLICKITAT,3,OTHER,21
53039.0,KLICKITAT,3,REPUBLICAN,7800
53041.0,LEWIS,3,DEMOCRAT,13202
53041.0,LEWIS,3,OTHER,55
53041.0,LEWIS,3,REPUBLICAN,31344
53043.0,LINCOLN,5,DEMOCRAT,1362
53043.0,LINCOLN,5,OTHER,16
53043.0,LINCOLN,5,REPUBLICAN,5540
53045.0,MASON,10,DEMOCRAT,6040
53045.0,MASON,10,OTHER,1410
53045.0,MASON,6,DEMOCRAT,13410
53045.0,MASON,6,OTHER,54
53045.0,MASON,6,REPUBLICAN,14565
53047.0,OKANOGAN,4,DEMOCRAT,7707
53047.0,OKANOGAN,4,OTHER,28
53047.0,OKANOGAN,4,REPUBLICAN,13074
53049.0,PACIFIC,3,DEMOCRAT,6275
53049.0,PACIFIC,3,OTHER,25
53049.0,PACIFIC,3,REPUBLICAN,7476
53051.0,PEND OREILLE,5,DEMOCRAT,2343
53051.0,PEND OREILLE,5,OTHER,17
53051.0,PEND OREILLE,5,REPUBLICAN,6076
53053.0,PIERCE,10,DEMOCRAT,161345
53053.0,PIERCE,10,OTHER,32240
53053.0,PIERCE,6,DEMOCRAT,81372
53053.0,PIERCE,6,OTHER,418
53053.0,PIERCE,6,REPUBLICAN,42953
53053.0,PIERCE,8,DEMOCRAT,41248
53053.0,PIERCE,8,OTHER,246
53053.0,PIERCE,8,REPUBLICAN,59440
53053.0,PIERCE,9,DEMOCRAT,7823
53053.0,PIERCE,9,OTHER,38
53053.0,PIERCE,9,REPUBLICAN,4952
53055.0,SAN JUAN,2,DEMOCRAT,9600
53055.0,SAN JUAN,2,OTHER,43
53055.0,SAN JUAN,2,REPUBLICAN,3226
53057.0,SKAGIT,1,DEMOCRAT,14316
53057.0,SKAGIT,1,OTHER,57
53057.0,SKAGIT,1,REPUBLICAN,13161
53057.0,SKAGIT,2,DEMOCRAT,24056
53057.0,SKAGIT,2,OTHER,94
53057.0,SKAGIT,2,REPUBLICAN,19690
53059.0,SKAMANIA,3,DEMOCRAT,2985
53059.0,SKAMANIA,3,OTHER,13
53059.0,SKAMANIA,3,REPUBLICAN,4196
53061.0,SNOHOMISH,1,DEMOCRAT,87858
53061.0,SNOHOMISH,1,OTHER,226
53061.0,SNOHOMISH,1,REPUBLICAN,75742
53061.0,SNOHOMISH,2,DEMOCRAT,141440
53061.0,SNOHOMISH,2,OTHER,538
53061.0,SNOHOMISH,2,REPUBLICAN,87827
53061.0,SNOHOMISH,7,DEMOCRAT,21013
53061.0,SNOHOMISH,7,OTHER,76
53061.0,SNOHOMISH,7,REPUBLICAN,10306
53063.0,SPOKANE,5,DEMOCRAT,118812
53063.0,SPOKANE,5,OTHER,593
53063.0,SPOKANE,5,REPUBLICAN,172838
53065.0,STEVENS,5,DEMOCRAT,6860
53065.0,STEVENS,5,OTHER,70
53065.0,STEVENS,5,REPUBLICAN,21112
53067.0,THURSTON,10,DEMOCRAT,121592
53067.0,THURSTON,10,OTHER,17780
53067.0,THURSTON,3,DEMOCRAT,2340
53067.0,THURSTON,3,OTHER,20
53067.0,THURSTON,3,REPUBLICAN,4682
53069.0,WAHKIAKUM,3,DEMOCRAT,1043
53069.0,WAHKIAKUM,3,OTHER,1
53069.0,WAHKIAKUM,3,REPUBLICAN,1916
53071.0,WALLA WALLA,4,DEMOCRAT,549
53071.0,WALLA WALLA,4,OTHER,2
53071.0,WALLA WALLA,4,REPUBLICAN,2095
53071.0,WALLA WALLA,5,DEMOCRAT,11069
53071.0,WALLA WALLA,5,OTHER,39
53071.0,WALLA WALLA,5,REPUBLICAN,16945
53073.0,WHATCOM,1,DEMOCRAT,32108
53073.0,WHATCOM,1,OTHER,65
53073.0,WHATCOM,1,REPUBLICAN,38108
53073.0,WHATCOM,2,DEMOCRAT,51025
53073.0,WHATCOM,2,OTHER,195
53073.0,WHATCOM,2,REPUBLICAN,14291
53075.0,WHITMAN,5,DEMOCRAT,9609
53075.0,WHITMAN,5,OTHER,25
53075.0,WHITMAN,5,REPUBLICAN,11060
53077.0,YAKIMA,4,DEMOCRAT,35781
53077.0,YAKIMA,4,OTHER,150
53077.0,YAKIMA,4,REPUBLICAN,58523
54001.0,BARBOUR,1,DEMOCRAT,1569
54001.0,BARBOUR,1,REPUBLICAN,4917
54003.0,BERKELEY,2,DEMOCRAT,16698
54003.0,BERKELEY,2,REPUBLICAN,33772
54005.0,BOONE,3,DEMOCRAT,2462
54005.0,BOONE,3,REPUBLICAN,5898
54007.0,BRAXTON,2,DEMOCRAT,1898
54007.0,BRAXTON,2,REPUBLICAN,3460
54009.0,BROOKE,1,DEMOCRAT,3128
54009.0,BROOKE,1,REPUBLICAN,7132
54011.0,CABELL,3,DEMOCRAT,14525
54011.0,CABELL,3,REPUBLICAN,21744
54013.0,CALHOUN,2,DEMOCRAT,850
54013.0,CALHOUN,2,REPUBLICAN,1917
54015.0,CLAY,2,DEMOCRAT,967
54015.0,CLAY,2,REPUBLICAN,2234
54017.0,DODDRIDGE,1,DEMOCRAT,483
54017.0,DODDRIDGE,1,REPUBLICAN,2492
54019.0,FAYETTE,3,DEMOCRAT,5346
54019.0,FAYETTE,3,REPUBLICAN,10574
54021.0,GILMER,1,DEMOCRAT,677
54021.0,GILMER,1,REPUBLICAN,1844
54023.0,GRANT,1,DEMOCRAT,662
54023.0,GRANT,1,REPUBLICAN,4403
54025.0,GREENBRIER,3,DEMOCRAT,4681
54025.0,GREENBRIER,3,REPUBLICAN,10642
54027.0,HAMPSHIRE,2,DEMOCRAT,2048
54027.0,HAMPSHIRE,2,REPUBLICAN,7662
54029.0,HANCOCK,1,DEMOCRAT,3964
54029.0,HANCOCK,1,REPUBLICAN,9358
54031.0,HARDY,2,DEMOCRAT,1477
54031.0,HARDY,2,REPUBLICAN,4684
54033.0,HARRISON,1,DEMOCRAT,8922
54033.0,HARRISON,1,REPUBLICAN,20540
54035.0,JACKSON,2,DEMOCRAT,3958
54035.0,JACKSON,2,REPUBLICAN,9066
54037.0,JEFFERSON,2,DEMOCRAT,11470
54037.0,JEFFERSON,2,REPUBLICAN,15712
54039.0,KANAWHA,2,DEMOCRAT,38015
54039.0,KANAWHA,2,REPUBLICAN,40844
54041.0,LEWIS,2,DEMOCRAT,1978
54041.0,LEWIS,2,REPUBLICAN,5272
54043.0,LINCOLN,3,DEMOCRAT,2029
54043.0,LINCOLN,3,REPUBLICAN,5274
54045.0,LOGAN,3,DEMOCRAT,2643
54045.0,LOGAN,3,REPUBLICAN,8601
54047.0,MCDOWELL,3,DEMOCRAT,1376
54047.0,MCDOWELL,3,REPUBLICAN,4315
54049.0,MARION,1,DEMOCRAT,8737
54049.0,MARION,1,REPUBLICAN,16161
54051.0,MARSHALL,1,DEMOCRAT,3597
54051.0,MARSHALL,1,REPUBLICAN,10098
54053.0,MASON,3,DEMOCRAT,2910
54053.0,MASON,3,REPUBLICAN,7745
54055.0,MERCER,3,DEMOCRAT,5552
54055.0,MERCER,3,REPUBLICAN,18561
54057.0,MINERAL,1,DEMOCRAT,2609
54057.0,MINERAL,1,REPUBLICAN,9876
54059.0,MINGO,3,DEMOCRAT,1797
54059.0,MINGO,3,REPUBLICAN,7064
54061.0,MONONGALIA,1,DEMOCRAT,19240
54061.0,MONONGALIA,1,REPUBLICAN,21611
54063.0,MONROE,3,DEMOCRAT,1345
54063.0,MONROE,3,REPUBLICAN,4807
54065.0,MORGAN,2,DEMOCRAT,2103
54065.0,MORGAN,2,REPUBLICAN,6308
54067.0,NICHOLAS,3,DEMOCRAT,2448
54067.0,NICHOLAS,3,REPUBLICAN,7506
54069.0,OHIO,1,DEMOCRAT,6457
54069.0,OHIO,1,REPUBLICAN,13157
54071.0,PENDLETON,2,DEMOCRAT,914
54071.0,PENDLETON,2,REPUBLICAN,2574
54073.0,PLEASANTS,1,DEMOCRAT,799
54073.0,PLEASANTS,1,REPUBLICAN,2536
54075.0,POCAHONTAS,3,DEMOCRAT,1120
54075.0,POCAHONTAS,3,REPUBLICAN,2593
54077.0,PRESTON,1,DEMOCRAT,3272
54077.0,PRESTON,1,REPUBLICAN,10688
54079.0,PUTNAM,2,DEMOCRAT,9364
54079.0,PUTNAM,2,REPUBLICAN,18108
54081.0,RALEIGH,3,DEMOCRAT,8446
54081.0,RALEIGH,3,REPUBLICAN,22909
54083.0,RANDOLPH,2,DEMOCRAT,4041
54083.0,RANDOLPH,2,REPUBLICAN,7677
54085.0,RITCHIE,1,DEMOCRAT,697
54085.0,RITCHIE,1,REPUBLICAN,3395
54087.0,ROANE,2,DEMOCRAT,1830
54087.0,ROANE,2,REPUBLICAN,3737
54089.0,SUMMERS,3,DEMOCRAT,1522
54089.0,SUMMERS,3,REPUBLICAN,3685
54091.0,TAYLOR,1,DEMOCRAT,1815
54091.0,TAYLOR,1,REPUBLICAN,5369
54093.0,TUCKER,1,DEMOCRAT,1013
54093.0,TUCKER,1,REPUBLICAN,2700
54095.0,TYLER,1,DEMOCRAT,745
54095.0,TYLER,1,REPUBLICAN,3036
54097.0,UPSHUR,2,DEMOCRAT,2595
54097.0,UPSHUR,2,REPUBLICAN,7240
54099.0,WAYNE,3,DEMOCRAT,4526
54099.0,WAYNE,3,REPUBLICAN,11007
54101.0,WEBSTER,3,DEMOCRAT,725
54101.0,WEBSTER,3,REPUBLICAN,2277
54103.0,WETZEL,1,DEMOCRAT,1774
54103.0,WETZEL,1,REPUBLICAN,4633
54105.0,WIRT,2,DEMOCRAT,593
54105.0,WIRT,2,REPUBLICAN,1928
54107.0,WOOD,1,DEMOCRAT,11017
54107.0,WOOD,1,REPUBLICAN,26542
54109.0,WYOMING,3,DEMOCRAT,1474
54109.0,WYOMING,3,REPUBLICAN,6383
55001.0,ADAMS,3,DEMOCRAT,4639
55001.0,ADAMS,3,OTHER,5
55001.0,ADAMS,3,REPUBLICAN,6910
55003.0,ASHLAND,7,DEMOCRAT,4795
55003.0,ASHLAND,7,OTHER,4
55003.0,ASHLAND,7,REPUBLICAN,3746
55005.0,BARRON,7,DEMOCRAT,9119
55005.0,BARRON,7,OTHER,5
55005.0,BARRON,7,REPUBLICAN,15936
55007.0,BAYFIELD,7,DEMOCRAT,6107
55007.0,BAYFIELD,7,OTHER,0
55007.0,BAYFIELD,7,REPUBLICAN,4589
55009.0,BROWN,8,DEMOCRAT,55344
55009.0,BROWN,8,OTHER,60
55009.0,BROWN,8,REPUBLICAN,87044
55011.0,BUFFALO,3,DEMOCRAT,3457
55011.0,BUFFALO,3,OTHER,4
55011.0,BUFFALO,3,REPUBLICAN,4282
55013.0,BURNETT,7,DEMOCRAT,3499
55013.0,BURNETT,7,OTHER,0
55013.0,BURNETT,7,REPUBLICAN,6497
55015.0,CALUMET,8,DEMOCRAT,10303
55015.0,CALUMET,8,OTHER,3
55015.0,CALUMET,8,REPUBLICAN,20138
55017.0,CHIPPEWA,3,DEMOCRAT,10332
55017.0,CHIPPEWA,3,OTHER,3
55017.0,CHIPPEWA,3,REPUBLICAN,10587
55017.0,CHIPPEWA,7,DEMOCRAT,4751
55017.0,CHIPPEWA,7,OTHER,1
55017.0,CHIPPEWA,7,REPUBLICAN,9722
55019.0,CLARK,7,DEMOCRAT,4672
55019.0,CLARK,7,OTHER,7
55019.0,CLARK,7,REPUBLICAN,9968
55021.0,COLUMBIA,6,DEMOCRAT,15837
55021.0,COLUMBIA,6,OTHER,24
55021.0,COLUMBIA,6,REPUBLICAN,16971
55023.0,CRAWFORD,3,DEMOCRAT,4551
55023.0,CRAWFORD,3,OTHER,0
55023.0,CRAWFORD,3,REPUBLICAN,4055
55025.0,DANE,2,DEMOCRAT,253784
55025.0,DANE,2,OTHER,314
55025.0,DANE,2,REPUBLICAN,83066
55027.0,DODGE,5,DEMOCRAT,6310
55027.0,DODGE,5,OTHER,0
55027.0,DODGE,5,REPUBLICAN,15293
55027.0,DODGE,6,DEMOCRAT,9709
55027.0,DODGE,6,OTHER,0
55027.0,DODGE,6,REPUBLICAN,16175
55029.0,DOOR,8,DEMOCRAT,8778
55029.0,DOOR,8,OTHER,7
55029.0,DOOR,8,REPUBLICAN,11255
55031.0,DOUGLAS,7,DEMOCRAT,13266
55031.0,DOUGLAS,7,OTHER,21
55031.0,DOUGLAS,7,REPUBLICAN,10962
55033.0,DUNN,3,DEMOCRAT,10667
55033.0,DUNN,3,OTHER,0
55033.0,DUNN,3,REPUBLICAN,12616
55035.0,EAU CLAIRE,3,DEMOCRAT,33210
55035.0,EAU CLAIRE,3,OTHER,42
55035.0,EAU CLAIRE,3,REPUBLICAN,24260
55037.0,FLORENCE,7,DEMOCRAT,752
55037.0,FLORENCE,7,OTHER,0
55037.0,FLORENCE,7,REPUBLICAN,2149
55039.0,FOND DU LAC,6,DEMOCRAT,20191
55039.0,FOND DU LAC,6,OTHER,0
55039.0,FOND DU LAC,6,REPUBLICAN,36176
55041.0,FOREST,7,DEMOCRAT,1777
55041.0,FOREST,7,OTHER,2
55041.0,FOREST,7,REPUBLICAN,3212
55043.0,GRANT,3,DEMOCRAT,11967
55043.0,GRANT,3,OTHER,12
55043.0,GRANT,3,REPUBLICAN,13114
55045.0,GREEN,2,DEMOCRAT,11060
55045.0,GREEN,2,OTHER,12
55045.0,GREEN,2,REPUBLICAN,9874
55047.0,GREEN LAKE,6,DEMOCRAT,3218
55047.0,GREEN LAKE,6,OTHER,11
55047.0,GREEN LAKE,6,REPUBLICAN,7313
55049.0,IOWA,2,DEMOCRAT,8063
55049.0,IOWA,2,OTHER,6
55049.0,IOWA,2,REPUBLICAN,5595
55051.0,IRON,7,DEMOCRAT,1542
55051.0,IRON,7,OTHER,2
55051.0,IRON,7,REPUBLICAN,2396
55053.0,JACKSON,3,DEMOCRAT,4508
55053.0,JACKSON,3,OTHER,0
55053.0,JACKSON,3,REPUBLICAN,4507
55053.0,JACKSON,7,DEMOCRAT,326
55053.0,JACKSON,7,OTHER,0
55053.0,JACKSON,7,REPUBLICAN,764
55055.0,JEFFERSON,5,DEMOCRAT,19282
55055.0,JEFFERSON,5,OTHER,46
55055.0,JEFFERSON,5,REPUBLICAN,27605
55057.0,JUNEAU,3,DEMOCRAT,4063
55057.0,JUNEAU,3,OTHER,13
55057.0,JUNEAU,3,REPUBLICAN,5957
55057.0,JUNEAU,7,DEMOCRAT,1040
55057.0,JUNEAU,7,OTHER,2
55057.0,JUNEAU,7,REPUBLICAN,2403
55059.0,KENOSHA,1,DEMOCRAT,38337
55059.0,KENOSHA,1,OTHER,91
55059.0,KENOSHA,1,REPUBLICAN,48524
55061.0,KEWAUNEE,8,DEMOCRAT,3413
55061.0,KEWAUNEE,8,OTHER,10
55061.0,KEWAUNEE,8,REPUBLICAN,8614
55063.0,LA CROSSE,3,DEMOCRAT,40504
55063.0,LA CROSSE,3,OTHER,57
55063.0,LA CROSSE,3,REPUBLICAN,26698
55065.0,LAFAYETTE,2,DEMOCRAT,3836
55065.0,LAFAYETTE,2,OTHER,2
55065.0,LAFAYETTE,2,REPUBLICAN,4454
55067.0,LANGLADE,7,DEMOCRAT,3676
55067.0,LANGLADE,7,OTHER,0
55067.0,LANGLADE,7,REPUBLICAN,7413
55069.0,LINCOLN,7,DEMOCRAT,6129
55069.0,LINCOLN,7,OTHER,0
55069.0,LINCOLN,7,REPUBLICAN,10123
55071.0,MANITOWOC,6,DEMOCRAT,16164
55071.0,MANITOWOC,6,OTHER,24
55071.0,MANITOWOC,6,REPUBLICAN,27663
55073.0,MARATHON,7,DEMOCRAT,29770
55073.0,MARATHON,7,OTHER,74
55073.0,MARATHON,7,REPUBLICAN,46096
55075.0,MARINETTE,8,DEMOCRAT,6275
55075.0,MARINETTE,8,OTHER,0
55075.0,MARINETTE,8,REPUBLICAN,16514
55077.0,MARQUETTE,6,DEMOCRAT,3211
55077.0,MARQUETTE,6,OTHER,4
55077.0,MARQUETTE,6,REPUBLICAN,5692
55078.0,MENOMINEE,8,DEMOCRAT,1110
55078.0,MENOMINEE,8,OTHER,0
55078.0,MENOMINEE,8,REPUBLICAN,411
55079.0,MILWAUKEE,1,DEMOCRAT,23566
55079.0,MILWAUKEE,1,OTHER,29
55079.0,MILWAUKEE,1,REPUBLICAN,32032
55079.0,MILWAUKEE,4,DEMOCRAT,232668
55079.0,MILWAUKEE,4,OTHER,8260
55079.0,MILWAUKEE,4,REPUBLICAN,70769
55079.0,MILWAUKEE,5,DEMOCRAT,45404
55079.0,MILWAUKEE,5,OTHER,67
55079.0,MILWAUKEE,5,REPUBLICAN,34243
55079.0,MILWAUKEE,6,DEMOCRAT,686
55079.0,MILWAUKEE,6,OTHER,1
55079.0,MILWAUKEE,6,REPUBLICAN,627
55081.0,MONROE,3,DEMOCRAT,8684
55081.0,MONROE,3,OTHER,19
55081.0,MONROE,3,REPUBLICAN,11001
55081.0,MONROE,7,DEMOCRAT,796
55081.0,MONROE,7,OTHER,6
55081.0,MONROE,7,REPUBLICAN,1839
55083.0,OCONTO,8,DEMOCRAT,5644
55083.0,OCONTO,8,OTHER,0
55083.0,OCONTO,8,REPUBLICAN,17375
55085.0,ONEIDA,7,DEMOCRAT,9979
55085.0,ONEIDA,7,OTHER,23
55085.0,ONEIDA,7,REPUBLICAN,13877
55087.0,OUTAGAMIE,8,DEMOCRAT,41690
55087.0,OUTAGAMIE,8,OTHER,0
55087.0,OUTAGAMIE,8,REPUBLICAN,64985
55089.0,OZAUKEE,6,DEMOCRAT,24272
55089.0,OZAUKEE,6,OTHER,41
55089.0,OZAUKEE,6,REPUBLICAN,36259
55091.0,PEPIN,3,DEMOCRAT,1682
55091.0,PEPIN,3,OTHER,0
55091.0,PEPIN,3,REPUBLICAN,2425
55093.0,PIERCE,3,DEMOCRAT,10208
55093.0,PIERCE,3,OTHER,6
55093.0,PIERCE,3,REPUBLICAN,12871
55095.0,POLK,7,DEMOCRAT,9271
55095.0,POLK,7,OTHER,0
55095.0,POLK,7,REPUBLICAN,16701
55097.0,PORTAGE,3,DEMOCRAT,21626
55097.0,PORTAGE,3,OTHER,31
55097.0,PORTAGE,3,REPUBLICAN,18276
55099.0,PRICE,7,DEMOCRAT,3116
55099.0,PRICE,7,OTHER,0
55099.0,PRICE,7,REPUBLICAN,5327
55101.0,RACINE,1,DEMOCRAT,45091
55101.0,RACINE,1,OTHER,92
55101.0,RACINE,1,REPUBLICAN,59331
55103.0,RICHLAND,2,DEMOCRAT,786
55103.0,RICHLAND,2,OTHER,0
55103.0,RICHLAND,2,REPUBLICAN,962
55103.0,RICHLAND,3,DEMOCRAT,3513
55103.0,RICHLAND,3,OTHER,3
55103.0,RICHLAND,3,REPUBLICAN,3588
55105.0,ROCK,1,DEMOCRAT,21871
55105.0,ROCK,1,OTHER,33
55105.0,ROCK,1,REPUBLICAN,20845
55105.0,ROCK,2,DEMOCRAT,22604
55105.0,ROCK,2,OTHER,42
55105.0,ROCK,2,REPUBLICAN,17296
55107.0,RUSK,7,DEMOCRAT,2553
55107.0,RUSK,7,OTHER,2
55107.0,RUSK,7,REPUBLICAN,5172
55109.0,ST CROIX,7,DEMOCRAT,22354
55109.0,ST CROIX,7,OTHER,45
55109.0,ST CROIX,7,REPUBLICAN,33296
55111.0,SAUK,2,DEMOCRAT,18390
55111.0,SAUK,2,OTHER,0
55111.0,SAUK,2,REPUBLICAN,17059
55113.0,SAWYER,7,DEMOCRAT,4448
55113.0,SAWYER,7,OTHER,5
55113.0,SAWYER,7,REPUBLICAN,5917
55115.0,SHAWANO,8,DEMOCRAT,6379
55115.0,SHAWANO,8,OTHER,0
55115.0,SHAWANO,8,REPUBLICAN,15970
55117.0,SHEBOYGAN,6,DEMOCRAT,25993
55117.0,SHEBOYGAN,6,OTHER,46
55117.0,SHEBOYGAN,6,REPUBLICAN,38901
55119.0,TAYLOR,7,DEMOCRAT,2683
55119.0,TAYLOR,7,OTHER,1
55119.0,TAYLOR,7,REPUBLICAN,7843
55121.0,TREMPEALEAU,3,DEMOCRAT,7154
55121.0,TREMPEALEAU,3,OTHER,11
55121.0,TREMPEALEAU,3,REPUBLICAN,8086
55123.0,VERNON,3,DEMOCRAT,8557
55123.0,VERNON,3,OTHER,6
55123.0,VERNON,3,REPUBLICAN,7260
55125.0,VILAS,7,DEMOCRAT,5761
55125.0,VILAS,7,OTHER,4
55125.0,VILAS,7,REPUBLICAN,9499
55127.0,WALWORTH,1,DEMOCRAT,18057
55127.0,WALWORTH,1,OTHER,34
55127.0,WALWORTH,1,REPUBLICAN,34497
55127.0,WALWORTH,5,DEMOCRAT,2438
55127.0,WALWORTH,5,OTHER,9
55127.0,WALWORTH,5,REPUBLICAN,1750
55129.0,WASHBURN,7,DEMOCRAT,3846
55129.0,WASHBURN,7,OTHER,6
55129.0,WASHBURN,7,REPUBLICAN,6385
55131.0,WASHINGTON,5,DEMOCRAT,24841
55131.0,WASHINGTON,5,OTHER,0
55131.0,WASHINGTON,5,REPUBLICAN,62039
55133.0,WAUKESHA,1,DEMOCRAT,16248
55133.0,WAUKESHA,1,OTHER,34
55133.0,WAUKESHA,1,REPUBLICAN,43042
55133.0,WAUKESHA,4,DEMOCRAT,0
55133.0,WAUKESHA,4,OTHER,0
55133.0,WAUKESHA,4,REPUBLICAN,0
55133.0,WAUKESHA,5,DEMOCRAT,77627
55133.0,WAUKESHA,5,OTHER,141
55133.0,WAUKESHA,5,REPUBLICAN,124504
55135.0,WAUPACA,8,DEMOCRAT,8459
55135.0,WAUPACA,8,OTHER,24
55135.0,WAUPACA,8,REPUBLICAN,20252
55137.0,WAUSHARA,6,DEMOCRAT,4342
55137.0,WAUSHARA,6,OTHER,0
55137.0,WAUSHARA,6,REPUBLICAN,9033
55139.0,WINNEBAGO,6,DEMOCRAT,40616
55139.0,WINNEBAGO,6,OTHER,69
55139.0,WINNEBAGO,6,REPUBLICAN,44064
55139.0,WINNEBAGO,8,DEMOCRAT,2163
55139.0,WINNEBAGO,8,OTHER,3
55139.0,WINNEBAGO,8,REPUBLICAN,5615
55141.0,WOOD,3,DEMOCRAT,10548
55141.0,WOOD,3,OTHER,12
55141.0,WOOD,3,REPUBLICAN,13031
55141.0,WOOD,7,DEMOCRAT,6713
55141.0,WOOD,7,OTHER,8
55141.0,WOOD,7,REPUBLICAN,10216
56001.0,ALBANY,0,DEMOCRAT,8440
56001.0,ALBANY,0,LIBERTARIAN,737
56001.0,ALBANY,0,OTHER,938
56001.0,ALBANY,0,REPUBLICAN,8629
56003.0,BIG HORN,0,DEMOCRAT,724
56003.0,BIG HORN,0,LIBERTARIAN,143
56003.0,BIG HORN,0,OTHER,330
56003.0,BIG HORN,0,REPUBLICAN,4587
56005.0,CAMPBELL,0,DEMOCRAT,1713
56005.0,CAMPBELL,0,LIBERTARIAN,735
56005.0,CAMPBELL,0,OTHER,1555
56005.0,CAMPBELL,0,REPUBLICAN,15732
56007.0,CARBON,0,DEMOCRAT,1337
56007.0,CARBON,0,LIBERTARIAN,313
56007.0,CARBON,0,OTHER,412
56007.0,CARBON,0,REPUBLICAN,4644
56009.0,CONVERSE,0,DEMOCRAT,785
56009.0,CONVERSE,0,LIBERTARIAN,254
56009.0,CONVERSE,0,OTHER,553
56009.0,CONVERSE,0,REPUBLICAN,5418
56011.0,CROOK,0,DEMOCRAT,337
56011.0,CROOK,0,LIBERTARIAN,117
56011.0,CROOK,0,OTHER,247
56011.0,CROOK,0,REPUBLICAN,3442
56013.0,FREMONT,0,DEMOCRAT,5227
56013.0,FREMONT,0,LIBERTARIAN,711
56013.0,FREMONT,0,OTHER,791
56013.0,FREMONT,0,REPUBLICAN,11505
56015.0,GOSHEN,0,DEMOCRAT,1037
56015.0,GOSHEN,0,LIBERTARIAN,159
56015.0,GOSHEN,0,OTHER,354
56015.0,GOSHEN,0,REPUBLICAN,4722
56017.0,HOT SPRINGS,0,DEMOCRAT,424
56017.0,HOT SPRINGS,0,LIBERTARIAN,105
56017.0,HOT SPRINGS,0,OTHER,144
56017.0,HOT SPRINGS,0,REPUBLICAN,1915
56019.0,JOHNSON,0,DEMOCRAT,792
56019.0,JOHNSON,0,LIBERTARIAN,186
56019.0,JOHNSON,0,OTHER,259
56019.0,JOHNSON,0,REPUBLICAN,3715
56021.0,LARAMIE,0,DEMOCRAT,13863
56021.0,LARAMIE,0,LIBERTARIAN,1790
56021.0,LARAMIE,0,OTHER,1943
56021.0,LARAMIE,0,REPUBLICAN,27641
56023.0,LINCOLN,0,DEMOCRAT,1429
56023.0,LINCOLN,0,LIBERTARIAN,262
56023.0,LINCOLN,0,OTHER,510
56023.0,LINCOLN,0,REPUBLICAN,8324
56025.0,NATRONA,0,DEMOCRAT,7454
56025.0,NATRONA,0,LIBERTARIAN,1652
56025.0,NATRONA,0,OTHER,2071
56025.0,NATRONA,0,REPUBLICAN,24214
56027.0,NIOBRARA,0,DEMOCRAT,145
56027.0,NIOBRARA,0,LIBERTARIAN,31
56027.0,NIOBRARA,0,OTHER,93
56027.0,NIOBRARA,0,REPUBLICAN,1053
56029.0,PARK,0,DEMOCRAT,2874
56029.0,PARK,0,LIBERTARIAN,511
56029.0,PARK,0,OTHER,1056
56029.0,PARK,0,REPUBLICAN,12374
56031.0,PLATTE,0,DEMOCRAT,868
56031.0,PLATTE,0,LIBERTARIAN,142
56031.0,PLATTE,0,OTHER,364
56031.0,PLATTE,0,REPUBLICAN,3589
56033.0,SHERIDAN,0,DEMOCRAT,3460
56033.0,SHERIDAN,0,LIBERTARIAN,578
56033.0,SHERIDAN,0,OTHER,920
56033.0,SHERIDAN,0,REPUBLICAN,11588
56035.0,SUBLETTE,0,DEMOCRAT,837
56035.0,SUBLETTE,0,LIBERTARIAN,128
56035.0,SUBLETTE,0,OTHER,306
56035.0,SUBLETTE,0,REPUBLICAN,3729
56037.0,SWEETWATER,0,DEMOCRAT,3680
56037.0,SWEETWATER,0,LIBERTARIAN,733
56037.0,SWEETWATER,0,OTHER,1188
56037.0,SWEETWATER,0,REPUBLICAN,11097
56039.0,TETON,0,DEMOCRAT,8628
56039.0,TETON,0,LIBERTARIAN,383
56039.0,TETON,0,OTHER,566
56039.0,TETON,0,REPUBLICAN,5210
56041.0,UINTA,0,DEMOCRAT,1521
56041.0,UINTA,0,LIBERTARIAN,269
56041.0,UINTA,0,OTHER,888
56041.0,UINTA,0,REPUBLICAN,6781
56043.0,WASHAKIE,0,DEMOCRAT,599
56043.0,WASHAKIE,0,LIBERTARIAN,143
56043.0,WASHAKIE,0,OTHER,227
56043.0,WASHAKIE,0,REPUBLICAN,3063
56045.0,WESTON,0,DEMOCRAT,402
56045.0,WESTON,0,LIBERTARIAN,72
56045.0,WESTON,0,OTHER,326
56045.0,WESTON,0,REPUBLICAN,2760
6001.0,ALAMEDA,13,DEMOCRAT,327863
6001.0,ALAMEDA,13,REPUBLICAN,34955
6001.0,ALAMEDA,15,DEMOCRAT,213922
6001.0,ALAMEDA,15,REPUBLICAN,85702
6001.0,ALAMEDA,17,DEMOCRAT,53654
6001.0,ALAMEDA,17,REPUBLICAN,22155
6003.0,ALPINE,4,DEMOCRAT,473
6003.0,ALPINE,4,REPUBLICAN,264
6005.0,AMADOR,4,DEMOCRAT,8259
6005.0,AMADOR,4,REPUBLICAN,13833
6007.0,BUTTE,1,DEMOCRAT,52112
6007.0,BUTTE,1,REPUBLICAN,49929
6009.0,CALAVERAS,4,DEMOCRAT,10333
6009.0,CALAVERAS,4,REPUBLICAN,16563
6011.0,COLUSA,3,DEMOCRAT,3348
6011.0,COLUSA,3,REPUBLICAN,4328
6013.0,CONTRA COSTA,11,DEMOCRAT,271063
6013.0,CONTRA COSTA,11,REPUBLICAN,100293
6013.0,CONTRA COSTA,15,DEMOCRAT,29069
6013.0,CONTRA COSTA,15,REPUBLICAN,14008
6013.0,CONTRA COSTA,5,DEMOCRAT,37068
6013.0,CONTRA COSTA,5,REPUBLICAN,10966
6013.0,CONTRA COSTA,9,DEMOCRAT,58693
6013.0,CONTRA COSTA,9,REPUBLICAN,39905
6015.0,DEL NORTE,2,DEMOCRAT,5103
6015.0,DEL NORTE,2,REPUBLICAN,6089
6017.0,EL DORADO,4,DEMOCRAT,51597
6017.0,EL DORADO,4,REPUBLICAN,63710
6019.0,FRESNO,16,DEMOCRAT,62650
6019.0,FRESNO,16,REPUBLICAN,27989
6019.0,FRESNO,21,DEMOCRAT,28344
6019.0,FRESNO,21,REPUBLICAN,30095
6019.0,FRESNO,22,DEMOCRAT,95231
6019.0,FRESNO,22,REPUBLICAN,108340
6019.0,FRESNO,4,DEMOCRAT,2048
6019.0,FRESNO,4,REPUBLICAN,6533
6021.0,GLENN,1,DEMOCRAT,220
6021.0,GLENN,1,REPUBLICAN,811
6021.0,GLENN,3,DEMOCRAT,3784
6021.0,GLENN,3,REPUBLICAN,6315
6023.0,HUMBOLDT,2,DEMOCRAT,46089
6023.0,HUMBOLDT,2,REPUBLICAN,20656
6025.0,IMPERIAL,51,DEMOCRAT,34868
6025.0,IMPERIAL,51,REPUBLICAN,20087
6027.0,INYO,8,DEMOCRAT,4559
6027.0,INYO,8,REPUBLICAN,4702
6029.0,KERN,21,DEMOCRAT,36653
6029.0,KERN,21,REPUBLICAN,26061
6029.0,KERN,23,DEMOCRAT,86586
6029.0,KERN,23,REPUBLICAN,154218
6031.0,KINGS,21,DEMOCRAT,16611
6031.0,KINGS,21,REPUBLICAN,26983
6033.0,LAKE,3,DEMOCRAT,6659
6033.0,LAKE,3,REPUBLICAN,5999
6033.0,LAKE,5,DEMOCRAT,9260
6033.0,LAKE,5,REPUBLICAN,6398
6035.0,LASSEN,1,DEMOCRAT,3000
6035.0,LASSEN,1,REPUBLICAN,8892
6037.0,LOS ANGELES,23,DEMOCRAT,17381
6037.0,LOS ANGELES,23,REPUBLICAN,18920
6037.0,LOS ANGELES,25,DEMOCRAT,138441
6037.0,LOS ANGELES,25,REPUBLICAN,133066
6037.0,LOS ANGELES,26,DEMOCRAT,2805
6037.0,LOS ANGELES,26,REPUBLICAN,2420
6037.0,LOS ANGELES,27,DEMOCRAT,211153
6037.0,LOS ANGELES,27,REPUBLICAN,84398
6037.0,LOS ANGELES,28,DEMOCRAT,244271
6037.0,LOS ANGELES,28,REPUBLICAN,91928
6037.0,LOS ANGELES,29,DEMOCRAT,210944
6037.0,LOS ANGELES,30,DEMOCRAT,239321
6037.0,LOS ANGELES,30,REPUBLICAN,104868
6037.0,LOS ANGELES,32,DEMOCRAT,172942
6037.0,LOS ANGELES,32,REPUBLICAN,86818
6037.0,LOS ANGELES,33,DEMOCRAT,257094
6037.0,LOS ANGELES,33,REPUBLICAN,123334
6037.0,LOS ANGELES,34,DEMOCRAT,205346
6037.0,LOS ANGELES,35,DEMOCRAT,34740
6037.0,LOS ANGELES,35,REPUBLICAN,12004
6037.0,LOS ANGELES,37,DEMOCRAT,254916
6037.0,LOS ANGELES,37,REPUBLICAN,41705
6037.0,LOS ANGELES,38,DEMOCRAT,249591
6037.0,LOS ANGELES,39,DEMOCRAT,45870
6037.0,LOS ANGELES,39,REPUBLICAN,38682
6037.0,LOS ANGELES,40,DEMOCRAT,135572
6037.0,LOS ANGELES,40,REPUBLICAN,50809
6037.0,LOS ANGELES,43,DEMOCRAT,199210
6037.0,LOS ANGELES,43,REPUBLICAN,78688
6037.0,LOS ANGELES,44,DEMOCRAT,206036
6037.0,LOS ANGELES,47,DEMOCRAT,129985
6037.0,LOS ANGELES,47,REPUBLICAN,52151
6039.0,MADERA,16,DEMOCRAT,16427
6039.0,MADERA,16,REPUBLICAN,20273
6039.0,MADERA,4,DEMOCRAT,5428
6039.0,MADERA,4,REPUBLICAN,10692
6041.0,MARIN,2,DEMOCRAT,124729
6041.0,MARIN,2,REPUBLICAN,25363
6043.0,MARIPOSA,4,DEMOCRAT,4195
6043.0,MARIPOSA,4,REPUBLICAN,5906
6045.0,MENDOCINO,2,DEMOCRAT,29925
6045.0,MENDOCINO,2,REPUBLICAN,12806
6047.0,MERCED,16,DEMOCRAT,49613
6047.0,MERCED,16,REPUBLICAN,39777
6049.0,MODOC,1,DEMOCRAT,1290
6049.0,MODOC,1,REPUBLICAN,3025
6051.0,MONO,8,DEMOCRAT,3969
6051.0,MONO,8,REPUBLICAN,2633
6053.0,MONTEREY,20,DEMOCRAT,122057
6053.0,MONTEREY,20,REPUBLICAN,41291
6055.0,NAPA,5,DEMOCRAT,52204
6055.0,NAPA,5,REPUBLICAN,18472
6057.0,NEVADA,1,DEMOCRAT,29658
6057.0,NEVADA,1,REPUBLICAN,24914
6057.0,NEVADA,4,DEMOCRAT,7508
6057.0,NEVADA,4,REPUBLICAN,2495
6059.0,ORANGE,38,DEMOCRAT,6615
6059.0,ORANGE,39,DEMOCRAT,105133
6059.0,ORANGE,39,REPUBLICAN,115034
6059.0,ORANGE,45,DEMOCRAT,221843
6059.0,ORANGE,45,REPUBLICAN,193096
6059.0,ORANGE,46,DEMOCRAT,157803
6059.0,ORANGE,46,REPUBLICAN,71716
6059.0,ORANGE,47,DEMOCRAT,67043
6059.0,ORANGE,47,REPUBLICAN,62220
6059.0,ORANGE,48,DEMOCRAT,193362
6059.0,ORANGE,48,REPUBLICAN,201738
6059.0,ORANGE,49,DEMOCRAT,44853
6059.0,ORANGE,49,REPUBLICAN,57423
6061.0,PLACER,1,DEMOCRAT,11092
6061.0,PLACER,1,REPUBLICAN,16830
6061.0,PLACER,4,DEMOCRAT,92678
6061.0,PLACER,4,REPUBLICAN,109379
6063.0,PLUMAS,1,DEMOCRAT,4737
6063.0,PLUMAS,1,REPUBLICAN,6541
6065.0,RIVERSIDE,36,DEMOCRAT,185151
6065.0,RIVERSIDE,36,REPUBLICAN,121698
6065.0,RIVERSIDE,41,DEMOCRAT,168126
6065.0,RIVERSIDE,41,REPUBLICAN,94447
6065.0,RIVERSIDE,42,DEMOCRAT,157773
6065.0,RIVERSIDE,42,REPUBLICAN,210274
6065.0,RIVERSIDE,50,DEMOCRAT,18903
6065.0,RIVERSIDE,50,REPUBLICAN,23885
6067.0,SACRAMENTO,3,DEMOCRAT,6708
6067.0,SACRAMENTO,3,REPUBLICAN,8821
6067.0,SACRAMENTO,6,DEMOCRAT,214776
6067.0,SACRAMENTO,6,REPUBLICAN,75658
6067.0,SACRAMENTO,7,DEMOCRAT,217416
6067.0,SACRAMENTO,7,REPUBLICAN,166549
6067.0,SACRAMENTO,9,DEMOCRAT,5256
6067.0,SACRAMENTO,9,REPUBLICAN,7278
6069.0,SAN BENITO,20,DEMOCRAT,18735
6069.0,SAN BENITO,20,REPUBLICAN,9412
6071.0,SAN BERNARDINO,27,DEMOCRAT,10258
6071.0,SAN BERNARDINO,27,REPUBLICAN,11509
6071.0,SAN BERNARDINO,31,DEMOCRAT,175315
6071.0,SAN BERNARDINO,31,REPUBLICAN,110735
6071.0,SAN BERNARDINO,35,DEMOCRAT,134665
6071.0,SAN BERNARDINO,35,REPUBLICAN,62937
6071.0,SAN BERNARDINO,39,DEMOCRAT,18834
6071.0,SAN BERNARDINO,39,REPUBLICAN,20230
6071.0,SAN BERNARDINO,8,DEMOCRAT,115872
6071.0,SAN BERNARDINO,8,REPUBLICAN,151376
6073.0,SAN DIEGO,49,DEMOCRAT,160496
6073.0,SAN DIEGO,49,REPUBLICAN,123734
6073.0,SAN DIEGO,50,DEMOCRAT,147966
6073.0,SAN DIEGO,50,REPUBLICAN,171636
6073.0,SAN DIEGO,51,DEMOCRAT,130728
6073.0,SAN DIEGO,51,REPUBLICAN,56754
6073.0,SAN DIEGO,52,DEMOCRAT,244145
6073.0,SAN DIEGO,52,REPUBLICAN,152350
6073.0,SAN DIEGO,53,DEMOCRAT,334858
6075.0,SAN FRANCISCO,12,DEMOCRAT,362950
6075.0,SAN FRANCISCO,13,DEMOCRAT,0
6075.0,SAN FRANCISCO,13,REPUBLICAN,0
6075.0,SAN FRANCISCO,14,DEMOCRAT,39670
6075.0,SAN FRANCISCO,14,REPUBLICAN,9179
6077.0,SAN JOAQUIN,10,DEMOCRAT,51362
6077.0,SAN JOAQUIN,10,REPUBLICAN,40180
6077.0,SAN JOAQUIN,9,DEMOCRAT,110303
6077.0,SAN JOAQUIN,9,REPUBLICAN,81175
6079.0,SAN LUIS OBISPO,24,DEMOCRAT,84608
6079.0,SAN LUIS OBISPO,24,REPUBLICAN,73172
6081.0,SAN MATEO,14,DEMOCRAT,238630
6081.0,SAN MATEO,14,REPUBLICAN,63526
6081.0,SAN MATEO,18,DEMOCRAT,59967
6083.0,SANTA BARBARA,24,DEMOCRAT,124584
6083.0,SANTA BARBARA,24,REPUBLICAN,74781
6085.0,SANTA CLARA,17,DEMOCRAT,158483
6085.0,SANTA CLARA,17,REPUBLICAN,63044
6085.0,SANTA CLARA,18,DEMOCRAT,254738
6085.0,SANTA CLARA,19,DEMOCRAT,224385
6085.0,SANTA CLARA,19,REPUBLICAN,88642
6085.0,SANTA CLARA,20,DEMOCRAT,5158
6085.0,SANTA CLARA,20,REPUBLICAN,1603
6087.0,SANTA CRUZ,18,DEMOCRAT,29434
6087.0,SANTA CRUZ,20,DEMOCRAT,90946
6087.0,SANTA CRUZ,20,REPUBLICAN,19352
6089.0,SHASTA,1,DEMOCRAT,31851
6089.0,SHASTA,1,REPUBLICAN,59983
6091.0,SIERRA,1,DEMOCRAT,801
6091.0,SIERRA,1,REPUBLICAN,1129
6093.0,SISKIYOU,1,DEMOCRAT,10198
6093.0,SISKIYOU,1,REPUBLICAN,13155
6095.0,SOLANO,3,DEMOCRAT,74688
6095.0,SOLANO,3,REPUBLICAN,57659
6095.0,SOLANO,5,DEMOCRAT,55271
6095.0,SOLANO,5,REPUBLICAN,15352
6097.0,SONOMA,2,DEMOCRAT,85568
6097.0,SONOMA,2,REPUBLICAN,26296
6097.0,SONOMA,5,DEMOCRAT,117430
6097.0,SONOMA,5,REPUBLICAN,34039
6099.0,STANISLAUS,10,DEMOCRAT,115503
6099.0,STANISLAUS,10,REPUBLICAN,95449
6101.0,SUTTER,3,DEMOCRAT,18333
6101.0,SUTTER,3,REPUBLICAN,23551
6103.0,TEHAMA,1,DEMOCRAT,9507
6103.0,TEHAMA,1,REPUBLICAN,19082
6105.0,TRINITY,2,DEMOCRAT,3021
6105.0,TRINITY,2,REPUBLICAN,3110
6107.0,TULARE,21,DEMOCRAT,2798
6107.0,TULARE,21,REPUBLICAN,2789
6107.0,TULARE,22,DEMOCRAT,49020
6107.0,TULARE,22,REPUBLICAN,62548
6107.0,TULARE,23,DEMOCRAT,11929
6107.0,TULARE,23,REPUBLICAN,17084
6109.0,TUOLUMNE,4,DEMOCRAT,12212
6109.0,TUOLUMNE,4,REPUBLICAN,17916
6111.0,VENTURA,24,DEMOCRAT,3372
6111.0,VENTURA,24,REPUBLICAN,1828
6111.0,VENTURA,25,DEMOCRAT,30864
6111.0,VENTURA,25,REPUBLICAN,36572
6111.0,VENTURA,26,DEMOCRAT,206051
6111.0,VENTURA,26,REPUBLICAN,133457
6111.0,VENTURA,30,DEMOCRAT,717
6111.0,VENTURA,30,REPUBLICAN,558
6113.0,YOLO,3,DEMOCRAT,51025
6113.0,YOLO,3,REPUBLICAN,21512
6113.0,YOLO,6,DEMOCRAT,14872
6113.0,YOLO,6,REPUBLICAN,7808
6115.0,YUBA,3,DEMOCRAT,11498
6115.0,YUBA,3,REPUBLICAN,17760
8001.0,ADAMS,4,DEMOCRAT,1021
8001.0,ADAMS,4,LIBERTARIAN,132
8001.0,ADAMS,4,OTHER,71
8001.0,ADAMS,4,REPUBLICAN,3595
8001.0,ADAMS,6,DEMOCRAT,31079
8001.0,ADAMS,6,LIBERTARIAN,1508
8001.0,ADAMS,6,OTHER,756
8001.0,ADAMS,6,REPUBLICAN,26694
8001.0,ADAMS,7,DEMOCRAT,94778
8001.0,ADAMS,7,LIBERTARIAN,5009
8001.0,ADAMS,7,OTHER,1222
8001.0,ADAMS,7,REPUBLICAN,60257
8003.0,ALAMOSA,3,DEMOCRAT,3616
8003.0,ALAMOSA,3,LIBERTARIAN,192
8003.0,ALAMOSA,3,OTHER,108
8003.0,ALAMOSA,3,REPUBLICAN,3746
8005.0,ARAPAHOE,1,DEMOCRAT,19780
8005.0,ARAPAHOE,1,LIBERTARIAN,690
8005.0,ARAPAHOE,1,OTHER,226
8005.0,ARAPAHOE,1,REPUBLICAN,10253
8005.0,ARAPAHOE,4,DEMOCRAT,1007
8005.0,ARAPAHOE,4,LIBERTARIAN,144
8005.0,ARAPAHOE,4,OTHER,38
8005.0,ARAPAHOE,4,REPUBLICAN,3885
8005.0,ARAPAHOE,6,DEMOCRAT,184589
8005.0,ARAPAHOE,6,LIBERTARIAN,6312
8005.0,ARAPAHOE,6,OTHER,2767
8005.0,ARAPAHOE,6,REPUBLICAN,113991
8007.0,ARCHULETA,3,DEMOCRAT,3577
8007.0,ARCHULETA,3,LIBERTARIAN,206
8007.0,ARCHULETA,3,OTHER,101
8007.0,ARCHULETA,3,REPUBLICAN,5038
8009.0,BACA,4,DEMOCRAT,276
8009.0,BACA,4,LIBERTARIAN,41
8009.0,BACA,4,OTHER,25
8009.0,BACA,4,REPUBLICAN,1823
8011.0,BENT,4,DEMOCRAT,639
8011.0,BENT,4,LIBERTARIAN,47
8011.0,BENT,4,OTHER,39
8011.0,BENT,4,REPUBLICAN,1500
8013.0,BOULDER,2,DEMOCRAT,114509
8013.0,BOULDER,2,LIBERTARIAN,2709
8013.0,BOULDER,2,OTHER,551
8013.0,BOULDER,2,REPUBLICAN,26505
8013.0,BOULDER,4,DEMOCRAT,35540
8013.0,BOULDER,4,LIBERTARIAN,1281
8013.0,BOULDER,4,OTHER,624
8013.0,BOULDER,4,REPUBLICAN,19184
8014.0,BROOMFIELD,2,DEMOCRAT,26935
8014.0,BROOMFIELD,2,LIBERTARIAN,1180
8014.0,BROOMFIELD,2,OTHER,225
8014.0,BROOMFIELD,2,REPUBLICAN,16887
8015.0,CHAFFEE,5,DEMOCRAT,6487
8015.0,CHAFFEE,5,LIBERTARIAN,347
8015.0,CHAFFEE,5,NONPARTISAN,98
8015.0,CHAFFEE,5,OTHER,64
8015.0,CHAFFEE,5,REPUBLICAN,6410
8017.0,CHEYENNE,4,DEMOCRAT,100
8017.0,CHEYENNE,4,LIBERTARIAN,18
8017.0,CHEYENNE,4,OTHER,14
8017.0,CHEYENNE,4,REPUBLICAN,989
8019.0,CLEAR CREEK,2,DEMOCRAT,3392
8019.0,CLEAR CREEK,2,LIBERTARIAN,217
8019.0,CLEAR CREEK,2,OTHER,41
8019.0,CLEAR CREEK,2,REPUBLICAN,2675
8021.0,CONEJOS,3,DEMOCRAT,1920
8021.0,CONEJOS,3,LIBERTARIAN,69
8021.0,CONEJOS,3,OTHER,20
8021.0,CONEJOS,3,REPUBLICAN,2209
8023.0,COSTILLA,3,DEMOCRAT,1278
8023.0,COSTILLA,3,LIBERTARIAN,51
8023.0,COSTILLA,3,OTHER,17
8023.0,COSTILLA,3,REPUBLICAN,688
8025.0,CROWLEY,4,DEMOCRAT,385
8025.0,CROWLEY,4,LIBERTARIAN,41
8025.0,CROWLEY,4,OTHER,33
8025.0,CROWLEY,4,REPUBLICAN,1255
8027.0,CUSTER,3,DEMOCRAT,1055
8027.0,CUSTER,3,LIBERTARIAN,87
8027.0,CUSTER,3,OTHER,26
8027.0,CUSTER,3,REPUBLICAN,2413
8029.0,DELTA,3,DEMOCRAT,5723
8029.0,DELTA,3,LIBERTARIAN,340
8029.0,DELTA,3,OTHER,145
8029.0,DELTA,3,REPUBLICAN,12937
8031.0,DENVER,1,DEMOCRAT,290197
8031.0,DENVER,1,LIBERTARIAN,7058
8031.0,DENVER,1,OTHER,3377
8031.0,DENVER,1,REPUBLICAN,72356
8033.0,DOLORES,3,DEMOCRAT,319
8033.0,DOLORES,3,LIBERTARIAN,16
8033.0,DOLORES,3,OTHER,16
8033.0,DOLORES,3,REPUBLICAN,1063
8035.0,DOUGLAS,4,DEMOCRAT,57846
8035.0,DOUGLAS,4,LIBERTARIAN,3717
8035.0,DOUGLAS,4,OTHER,1196
8035.0,DOUGLAS,4,REPUBLICAN,92469
8035.0,DOUGLAS,6,DEMOCRAT,34646
8035.0,DOUGLAS,6,LIBERTARIAN,1263
8035.0,DOUGLAS,6,OTHER,361
8035.0,DOUGLAS,6,REPUBLICAN,34507
8037.0,EAGLE,2,DEMOCRAT,4691
8037.0,EAGLE,2,LIBERTARIAN,220
8037.0,EAGLE,2,OTHER,58
8037.0,EAGLE,2,REPUBLICAN,2198
8037.0,EAGLE,3,DEMOCRAT,12879
8037.0,EAGLE,3,LIBERTARIAN,426
8037.0,EAGLE,3,OTHER,142
8037.0,EAGLE,3,REPUBLICAN,7907
8039.0,ELBERT,4,DEMOCRAT,3807
8039.0,ELBERT,4,LIBERTARIAN,430
8039.0,ELBERT,4,OTHER,141
8039.0,ELBERT,4,REPUBLICAN,14144
8041.0,EL PASO,5,DEMOCRAT,141402
8041.0,EL PASO,5,LIBERTARIAN,13005
8041.0,EL PASO,5,NONPARTISAN,3168
8041.0,EL PASO,5,OTHER,2914
8041.0,EL PASO,5,REPUBLICAN,210639
8043.0,FREMONT,5,DEMOCRAT,6691
8043.0,FREMONT,5,LIBERTARIAN,638
8043.0,FREMONT,5,NONPARTISAN,282
8043.0,FREMONT,5,OTHER,177
8043.0,FREMONT,5,REPUBLICAN,17283
8045.0,GARFIELD,3,DEMOCRAT,15531
8045.0,GARFIELD,3,LIBERTARIAN,816
8045.0,GARFIELD,3,OTHER,335
8045.0,GARFIELD,3,REPUBLICAN,13756
8047.0,GILPIN,2,DEMOCRAT,2139
8047.0,GILPIN,2,LIBERTARIAN,174
8047.0,GILPIN,2,OTHER,33
8047.0,GILPIN,2,REPUBLICAN,1746
8049.0,GRAND,2,DEMOCRAT,4348
8049.0,GRAND,2,LIBERTARIAN,306
8049.0,GRAND,2,OTHER,53
8049.0,GRAND,2,REPUBLICAN,4781
8051.0,GUNNISON,3,DEMOCRAT,6863
8051.0,GUNNISON,3,LIBERTARIAN,265
8051.0,GUNNISON,3,OTHER,83
8051.0,GUNNISON,3,REPUBLICAN,3809
8053.0,HINSDALE,3,DEMOCRAT,238
8053.0,HINSDALE,3,LIBERTARIAN,20
8053.0,HINSDALE,3,OTHER,3
8053.0,HINSDALE,3,REPUBLICAN,351
8055.0,HUERFANO,3,DEMOCRAT,1999
8055.0,HUERFANO,3,LIBERTARIAN,122
8055.0,HUERFANO,3,OTHER,57
8055.0,HUERFANO,3,REPUBLICAN,2157
8057.0,JACKSON,3,DEMOCRAT,158
8057.0,JACKSON,3,LIBERTARIAN,18
8057.0,JACKSON,3,OTHER,4
8057.0,JACKSON,3,REPUBLICAN,672
8059.0,JEFFERSON,1,DEMOCRAT,21644
8059.0,JEFFERSON,1,LIBERTARIAN,1001
8059.0,JEFFERSON,1,OTHER,362
8059.0,JEFFERSON,1,REPUBLICAN,23346
8059.0,JEFFERSON,2,DEMOCRAT,29143
8059.0,JEFFERSON,2,LIBERTARIAN,1482
8059.0,JEFFERSON,2,OTHER,242
8059.0,JEFFERSON,2,REPUBLICAN,26719
8059.0,JEFFERSON,7,DEMOCRAT,155780
8059.0,JEFFERSON,7,LIBERTARIAN,6501
8059.0,JEFFERSON,7,OTHER,1133
8059.0,JEFFERSON,7,REPUBLICAN,99044
8061.0,KIOWA,4,DEMOCRAT,77
8061.0,KIOWA,4,LIBERTARIAN,13
8061.0,KIOWA,4,OTHER,4
8061.0,KIOWA,4,REPUBLICAN,787
8063.0,KIT CARSON,4,DEMOCRAT,525
8063.0,KIT CARSON,4,LIBERTARIAN,59
8063.0,KIT CARSON,4,OTHER,34
8063.0,KIT CARSON,4,REPUBLICAN,3148
8065.0,LAKE,3,DEMOCRAT,2218
8065.0,LAKE,3,LIBERTARIAN,170
8065.0,LAKE,3,OTHER,64
8065.0,LAKE,3,REPUBLICAN,1420
8067.0,LA PLATA,3,DEMOCRAT,19877
8067.0,LA PLATA,3,LIBERTARIAN,772
8067.0,LA PLATA,3,OTHER,338
8067.0,LA PLATA,3,REPUBLICAN,14059
8069.0,LARIMER,2,DEMOCRAT,117869
8069.0,LARIMER,2,LIBERTARIAN,6477
8069.0,LARIMER,2,OTHER,1190
8069.0,LARIMER,2,REPUBLICAN,92292
8071.0,LAS ANIMAS,4,DEMOCRAT,3347
8071.0,LAS ANIMAS,4,LIBERTARIAN,153
8071.0,LAS ANIMAS,4,OTHER,99
8071.0,LAS ANIMAS,4,REPUBLICAN,4254
8073.0,LINCOLN,4,DEMOCRAT,382
8073.0,LINCOLN,4,LIBERTARIAN,49
8073.0,LINCOLN,4,OTHER,34
8073.0,LINCOLN,4,REPUBLICAN,2134
8075.0,LOGAN,4,DEMOCRAT,1849
8075.0,LOGAN,4,LIBERTARIAN,202
8075.0,LOGAN,4,OTHER,117
8075.0,LOGAN,4,REPUBLICAN,8134
8077.0,MESA,3,DEMOCRAT,30576
8077.0,MESA,3,LIBERTARIAN,2441
8077.0,MESA,3,OTHER,973
8077.0,MESA,3,REPUBLICAN,55437
8079.0,MINERAL,3,DEMOCRAT,291
8079.0,MINERAL,3,LIBERTARIAN,27
8079.0,MINERAL,3,OTHER,13
8079.0,MINERAL,3,REPUBLICAN,412
8081.0,MOFFAT,3,DEMOCRAT,1143
8081.0,MOFFAT,3,LIBERTARIAN,119
8081.0,MOFFAT,3,OTHER,42
8081.0,MOFFAT,3,REPUBLICAN,5587
8083.0,MONTEZUMA,3,DEMOCRAT,5614
8083.0,MONTEZUMA,3,LIBERTARIAN,284
8083.0,MONTEZUMA,3,OTHER,137
8083.0,MONTEZUMA,3,REPUBLICAN,9248
8085.0,MONTROSE,3,DEMOCRAT,7326
8085.0,MONTROSE,3,LIBERTARIAN,449
8085.0,MONTROSE,3,OTHER,197
8085.0,MONTROSE,3,REPUBLICAN,16529
8087.0,MORGAN,4,DEMOCRAT,3347
8087.0,MORGAN,4,LIBERTARIAN,285
8087.0,MORGAN,4,OTHER,183
8087.0,MORGAN,4,REPUBLICAN,9617
8089.0,OTERO,4,DEMOCRAT,3188
8089.0,OTERO,4,LIBERTARIAN,153
8089.0,OTERO,4,OTHER,143
8089.0,OTERO,4,REPUBLICAN,5946
8091.0,OURAY,3,DEMOCRAT,2301
8091.0,OURAY,3,LIBERTARIAN,55
8091.0,OURAY,3,OTHER,31
8091.0,OURAY,3,REPUBLICAN,1578
8093.0,PARK,2,DEMOCRAT,2222
8093.0,PARK,2,LIBERTARIAN,246
8093.0,PARK,2,OTHER,36
8093.0,PARK,2,REPUBLICAN,3314
8093.0,PARK,5,DEMOCRAT,2330
8093.0,PARK,5,LIBERTARIAN,230
8093.0,PARK,5,NONPARTISAN,62
8093.0,PARK,5,OTHER,42
8093.0,PARK,5,REPUBLICAN,3524
8095.0,PHILLIPS,4,DEMOCRAT,402
8095.0,PHILLIPS,4,LIBERTARIAN,46
8095.0,PHILLIPS,4,OTHER,12
8095.0,PHILLIPS,4,REPUBLICAN,1965
8097.0,PITKIN,3,DEMOCRAT,8682
8097.0,PITKIN,3,LIBERTARIAN,212
8097.0,PITKIN,3,OTHER,77
8097.0,PITKIN,3,REPUBLICAN,2829
8099.0,PROWERS,4,DEMOCRAT,1286
8099.0,PROWERS,4,LIBERTARIAN,77
8099.0,PROWERS,4,OTHER,59
8099.0,PROWERS,4,REPUBLICAN,4008
8101.0,PUEBLO,3,DEMOCRAT,41780
8101.0,PUEBLO,3,LIBERTARIAN,2447
8101.0,PUEBLO,3,OTHER,1079
8101.0,PUEBLO,3,REPUBLICAN,41576
8103.0,RIO BLANCO,3,DEMOCRAT,560
8103.0,RIO BLANCO,3,LIBERTARIAN,54
8103.0,RIO BLANCO,3,OTHER,20
8103.0,RIO BLANCO,3,REPUBLICAN,3006
8105.0,RIO GRANDE,3,DEMOCRAT,2428
8105.0,RIO GRANDE,3,LIBERTARIAN,153
8105.0,RIO GRANDE,3,OTHER,59
8105.0,RIO GRANDE,3,REPUBLICAN,3567
8107.0,ROUTT,3,DEMOCRAT,10273
8107.0,ROUTT,3,LIBERTARIAN,285
8107.0,ROUTT,3,OTHER,105
8107.0,ROUTT,3,REPUBLICAN,5930
8109.0,SAGUACHE,3,DEMOCRAT,1830
8109.0,SAGUACHE,3,LIBERTARIAN,92
8109.0,SAGUACHE,3,OTHER,31
8109.0,SAGUACHE,3,REPUBLICAN,1334
8111.0,SAN JUAN,3,DEMOCRAT,322
8111.0,SAN JUAN,3,LIBERTARIAN,6
8111.0,SAN JUAN,3,OTHER,14
8111.0,SAN JUAN,3,REPUBLICAN,201
8113.0,SAN MIGUEL,3,DEMOCRAT,3745
8113.0,SAN MIGUEL,3,LIBERTARIAN,104
8113.0,SAN MIGUEL,3,OTHER,28
8113.0,SAN MIGUEL,3,REPUBLICAN,1175
8115.0,SEDGWICK,4,DEMOCRAT,239
8115.0,SEDGWICK,4,LIBERTARIAN,23
8115.0,SEDGWICK,4,OTHER,17
8115.0,SEDGWICK,4,REPUBLICAN,1128
8117.0,SUMMIT,2,DEMOCRAT,11677
8117.0,SUMMIT,2,LIBERTARIAN,646
8117.0,SUMMIT,2,OTHER,105
8117.0,SUMMIT,2,REPUBLICAN,5430
8119.0,TELLER,5,DEMOCRAT,4690
8119.0,TELLER,5,LIBERTARIAN,557
8119.0,TELLER,5,NONPARTISAN,98
8119.0,TELLER,5,OTHER,112
8119.0,TELLER,5,REPUBLICAN,11157
8121.0,WASHINGTON,4,DEMOCRAT,303
8121.0,WASHINGTON,4,LIBERTARIAN,48
8121.0,WASHINGTON,4,OTHER,22
8121.0,WASHINGTON,4,REPUBLICAN,2600
8123.0,WELD,4,DEMOCRAT,57762
8123.0,WELD,4,LIBERTARIAN,4001
8123.0,WELD,4,OTHER,1591
8123.0,WELD,4,REPUBLICAN,98886
8125.0,YUMA,4,DEMOCRAT,617
8125.0,YUMA,4,LIBERTARIAN,66
8125.0,YUMA,4,OTHER,34
8125.0,YUMA,4,REPUBLICAN,4155
9001.0,FAIRFIELD,3,DEMOCRAT,16686
9001.0,FAIRFIELD,3,OTHER,1441
9001.0,FAIRFIELD,3,REPUBLICAN,10490
9001.0,FAIRFIELD,4,DEMOCRAT,221280
9001.0,FAIRFIELD,4,OTHER,5528
9001.0,FAIRFIELD,4,REPUBLICAN,125638
9001.0,FAIRFIELD,5,DEMOCRAT,42032
9001.0,FAIRFIELD,5,OTHER,3127
9001.0,FAIRFIELD,5,REPUBLICAN,34866
9003.0,HARTFORD,1,DEMOCRAT,195005
9003.0,HARTFORD,1,OTHER,12541
9003.0,HARTFORD,1,REPUBLICAN,104087
9003.0,HARTFORD,2,DEMOCRAT,17987
9003.0,HARTFORD,2,LIBERTARIAN,382
9003.0,HARTFORD,2,OTHER,1348
9003.0,HARTFORD,2,REPUBLICAN,14029
9003.0,HARTFORD,5,DEMOCRAT,50774
9003.0,HARTFORD,5,OTHER,3644
9003.0,HARTFORD,5,REPUBLICAN,34001
9005.0,LITCHFIELD,1,DEMOCRAT,8790
9005.0,LITCHFIELD,1,OTHER,857
9005.0,LITCHFIELD,1,REPUBLICAN,10996
9005.0,LITCHFIELD,5,DEMOCRAT,38729
9005.0,LITCHFIELD,5,OTHER,2996
9005.0,LITCHFIELD,5,REPUBLICAN,42352
9007.0,MIDDLESEX,1,DEMOCRAT,9206
9007.0,MIDDLESEX,1,OTHER,727
9007.0,MIDDLESEX,1,REPUBLICAN,7028
9007.0,MIDDLESEX,2,DEMOCRAT,28995
9007.0,MIDDLESEX,2,LIBERTARIAN,399
9007.0,MIDDLESEX,2,OTHER,1741
9007.0,MIDDLESEX,2,REPUBLICAN,21135
9007.0,MIDDLESEX,3,DEMOCRAT,15167
9007.0,MIDDLESEX,3,OTHER,2064
9007.0,MIDDLESEX,3,REPUBLICAN,10291
9009.0,NEW HAVEN,2,DEMOCRAT,7198
9009.0,NEW HAVEN,2,LIBERTARIAN,58
9009.0,NEW HAVEN,2,OTHER,292
9009.0,NEW HAVEN,2,REPUBLICAN,4674
9009.0,NEW HAVEN,3,DEMOCRAT,162406
9009.0,NEW HAVEN,3,OTHER,16771
9009.0,NEW HAVEN,3,REPUBLICAN,110785
9009.0,NEW HAVEN,4,DEMOCRAT,3152
9009.0,NEW HAVEN,4,OTHER,129
9009.0,NEW HAVEN,4,REPUBLICAN,4989
9009.0,NEW HAVEN,5,DEMOCRAT,52262
9009.0,NEW HAVEN,5,OTHER,3972
9009.0,NEW HAVEN,5,REPUBLICAN,40769
9011.0,NEW LONDON,2,DEMOCRAT,81678
9011.0,NEW LONDON,2,LIBERTARIAN,1461
9011.0,NEW LONDON,2,OTHER,6185
9011.0,NEW LONDON,2,REPUBLICAN,46189
9013.0,TOLLAND,2,DEMOCRAT,44016
9013.0,TOLLAND,2,LIBERTARIAN,827
9013.0,TOLLAND,2,OTHER,3345
9013.0,TOLLAND,2,REPUBLICAN,30360
9015.0,WINDHAM,2,DEMOCRAT,27297
9015.0,WINDHAM,2,LIBERTARIAN,774
9015.0,WINDHAM,2,OTHER,2858
9015.0,WINDHAM,2,REPUBLICAN,23953
