organization,pacs,honoree,date,amount_usd
"GREENBERG TRAURIG, LLP","Greenberg Traurig, P.A. PAC",Randy Feenstra,2025-03-04,2500.00
"GREENBERG TRAURIG, LLP","Greenberg Traurig, P.A. PAC",Steve Scalise,2025-03-20,2500.00
"GREENBERG TRAURIG, LLP","Greenberg Traurig, P.A. PAC",Frank Pallone,2025-03-20,2500.00
"GREENBERG TRAURIG, LLP","Greenberg Traurig, P.A. PAC",Jerry Nadler,2025-04-01,1000.00
"GREENBERG TRAURIG, LLP","Greenberg Traurig, P.A. PAC",Mike Lawler,2025-04-02,1500.00
"GREENBERG TRAURIG, LLP","Greenberg Traurig, P.A. PAC",Mike Johnson,2025-04-09,10000.00
"GREENBERG TRAURIG, LLP","Greenberg Traurig, P.A. PAC",Aaron Bean,2025-04-14,1000.00
"GREENBERG TRAURIG, LLP","Greenberg Traurig, P.A. PAC",Morgan McGarvey,2025-04-28,1000.00
"GREENBERG TRAURIG, LLP","Greenberg Traurig, P.A. PAC",Jimmy Patronis,2025-01-02,1000.00
"GREENBERG TRAURIG, LLP","Greenberg Traurig, P.A. PAC",Randy Fine,2025-01-02,1000.00
"GREENBERG TRAURIG, LLP","Greenberg Traurig, P.A. PAC",John Moolenaar,2025-03-03,1000.00
"GREENBERG TRAURIG, LLP","Greenberg Traurig, P.A. PAC",Gabe Amo,2025-03-20,2500.00
"GREENBERG TRAURIG, LLP","Greenberg Traurig, P.A. PAC",Sydney Kamlager-Dove,2025-05-08,1500.00
"GREENBERG TRAURIG, LLP","Greenberg Traurig, P.A. PAC",Lisa McClain,2025-05-20,1500.00
"GREENBERG TRAURIG, LLP","Greenberg Traurig, P.A. PAC",Nicole Malliotakis,2025-06-05,1000.00
"GREENBERG TRAURIG, LLP","Greenberg Traurig, P.A. PAC",Jimmy Patronis,2025-06-09,1000.00
"GREENBERG TRAURIG, LLP","Greenberg Traurig, P.A. PAC",Nick Langworthy,2025-06-23,1500.00
"GREENBERG TRAURIG, LLP","Greenberg Traurig, P.A. PAC",John Barrasso,2025-01-21,5000.00
"GREENBERG TRAURIG, LLP","Greenberg Traurig, P.A. PAC",Roger Wicker,2025-02-12,5000.00
"GREENBERG TRAURIG, LLP","Greenberg Traurig, P.A. PAC",Chris Coons,2025-02-12,1000.00
"GREENBERG TRAURIG, LLP","Greenberg Traurig, P.A. PAC",Maggie Hassan,2025-03-03,2000.00
"GREENBERG TRAURIG, LLP","Greenberg Traurig, P.A. PAC",Jack Reed,2025-03-20,5000.00
"GREENBERG TRAURIG, LLP","Greenberg Traurig, P.A. PAC",Chris Coons,2025-05-08,1000.00
"GREENBERG TRAURIG, LLP","Greenberg Traurig, P.A. PAC",Jon Husted,2025-05-13,2000.00
"GREENBERG TRAURIG, LLP","Greenberg Traurig, P.A. PAC",Brian Babin,2025-01-31,2000.00
"GREENBERG TRAURIG, LLP","Greenberg Traurig, P.A. PAC",Ben Ray Lujan,2025-02-12,5000.00
"GREENBERG TRAURIG, LLP","Greenberg Traurig, P.A. PAC",August Pfluger,2025-03-04,2500.00
"GREENBERG TRAURIG, LLP","Greenberg Traurig, P.A. PAC",Brett Guthrie,2025-02-18,1500.00
"GREENBERG TRAURIG, LLP","Greenberg Traurig, P.A. PAC",David Schweikert,2025-02-24,1000.00
"GREENBERG TRAURIG, LLP","Greenberg Traurig, P.A. PAC",Nicole Malliotakis,2025-03-03,1000.00
"GREENBERG TRAURIG, LLP","Greenberg Traurig, P.A. PAC",Randy Feenstra,2025-03-04,2500.00
"GREENBERG TRAURIG, LLP","Greenberg Traurig, P.A. PAC",Steve Scalise,2025-03-20,2500.00
"GREENBERG TRAURIG, LLP","Greenberg Traurig, P.A. PAC",Frank Pallone,2025-03-20,2500.00
"GREENBERG TRAURIG, LLP","Greenberg Traurig, P.A. PAC",Jerry Nadler,2025-04-01,1000.00
"GREENBERG TRAURIG, LLP","Greenberg Traurig, P.A. PAC",Mike Lawler,2025-04-02,1500.00
"GREENBERG TRAURIG, LLP","Greenberg Traurig, P.A. PAC",Mike Johnson,2025-04-09,10000.00
"GREENBERG TRAURIG, LLP","Greenberg Traurig, P.A. PAC",Aaron Bean,2025-04-14,1000.00
"GREENBERG TRAURIG, LLP","Greenberg Traurig, P.A. PAC",Morgan McGarvey,2025-04-28,1000.00
"GREENBERG TRAURIG, LLP","Greenberg Traurig, P.A. PAC",Jimmy Patronis,2025-01-02,1000.00
"GREENBERG TRAURIG, LLP","Greenberg Traurig, P.A. PAC",Randy Fine,2025-01-02,1000.00
"GREENBERG TRAURIG, LLP","Greenberg Traurig, P.A. PAC",John Moolenaar,2025-03-03,1000.00
"GREENBERG TRAURIG, LLP","Greenberg Traurig, P.A. PAC",Gabe Amo,2025-03-20,2500.00
"GREENBERG TRAURIG, LLP","Greenberg Traurig, P.A. PAC",Sydney Kamlager-Dove,2025-05-08,1500.00
"GREENBERG TRAURIG, LLP","Greenberg Traurig, P.A. PAC",Lisa McClain,2025-05-20,1500.00
"GREENBERG TRAURIG, LLP","Greenberg Traurig, P.A. PAC",Nicole Malliotakis,2025-06-05,1000.00
"GREENBERG TRAURIG, LLP","Greenberg Traurig, P.A. PAC",Jimmy Patronis,2025-06-09,1000.00
"GREENBERG TRAURIG, LLP","Greenberg Traurig, P.A. PAC",Nick Langworthy,2025-06-23,1500.00
"GREENBERG TRAURIG, LLP","Greenberg Traurig, P.A. PAC",John Barrasso,2025-01-21,5000.00
"GREENBERG TRAURIG, LLP","Greenberg Traurig, P.A. PAC",Roger Wicker,2025-02-12,5000.00
"GREENBERG TRAURIG, LLP","Greenberg Traurig, P.A. PAC",Chris Coons,2025-02-12,1000.00
"GREENBERG TRAURIG, LLP","Greenberg Traurig, P.A. PAC",Maggie Hassan,2025-03-03,2000.00
"GREENBERG TRAURIG, LLP","Greenberg Traurig, P.A. PAC",Jack Reed,2025-03-20,5000.00
"GREENBERG TRAURIG, LLP","Greenberg Traurig, P.A. PAC",Chris Coons,2025-05-08,1000.00
"GREENBERG TRAURIG, LLP","Greenberg Traurig, P.A. PAC",Jon Husted,2025-05-13,2000.00
"GREENBERG TRAURIG, LLP","Greenberg Traurig, P.A. PAC",Brian Babin,2025-01-31,2000.00
"GREENBERG TRAURIG, LLP","Greenberg Traurig, P.A. PAC",Ben Ray Lujan,2025-02-12,5000.00
"GREENBERG TRAURIG, LLP","Greenberg Traurig, P.A. PAC",August Pfluger,2025-03-04,2500.00
"GREENBERG TRAURIG, LLP","Greenberg Traurig, P.A. PAC",Brett Guthrie,2025-02-18,1500.00
"GREENBERG TRAURIG, LLP","Greenberg Traurig, P.A. PAC",David Schweikert,2025-02-24,1000.00
"GREENBERG TRAURIG, LLP","Greenberg Traurig, P.A. PAC",Nicole Malliotakis,2025-03-03,1000.00
"GREENBERG TRAURIG, LLP","Greenberg Traurig, P.A. PAC",Randy Feenstra,2025-03-04,2500.00
"GREENBERG TRAURIG, LLP","Greenberg Traurig, P.A. PAC",Steve Scalise,2025-03-20,2500.00
"GREENBERG TRAURIG, LLP","Greenberg Traurig, P.A. PAC",Frank Pallone,2025-03-20,2500.00
"GREENBERG TRAURIG, LLP","Greenberg Traurig, P.A. PAC",Jerry Nadler,2025-04-01,1000.00
"GREENBERG TRAURIG, LLP","Greenberg Traurig, P.A. PAC",Mike Lawler,2025-04-02,1500.00
"GREENBERG TRAURIG, LLP","Greenberg Traurig, P.A. PAC",Mike Johnson,2025-04-09,10000.00
"GREENBERG TRAURIG, LLP","Greenberg Traurig, P.A. PAC",Aaron Bean,2025-04-14,1000.00
"GREENBERG TRAURIG, LLP","Greenberg Traurig, P.A. PAC",Morgan McGarvey,2025-04-28,1000.00
"GREENBERG TRAURIG, LLP","Greenberg Traurig, P.A. PAC",Jimmy Patronis,2025-01-02,1000.00
"GREENBERG TRAURIG, LLP","Greenberg Traurig, P.A. PAC",Randy Fine,2025-01-02,1000.00
"GREENBERG TRAURIG, LLP","Greenberg Traurig, P.A. PAC",John Moolenaar,2025-03-03,1000.00
"GREENBERG TRAURIG, LLP","Greenberg Traurig, P.A. PAC",Gabe Amo,2025-03-20,2500.00
"GREENBERG TRAURIG, LLP","Greenberg Traurig, P.A. PAC",Sydney Kamlager-Dove,2025-05-08,1500.00
"GREENBERG TRAURIG, LLP","Greenberg Traurig, P.A. PAC",Lisa McClain,2025-05-20,1500.00
"GREENBERG TRAURIG, LLP","Greenberg Traurig, P.A. PAC",Nicole Malliotakis,2025-06-05,1000.00
"GREENBERG TRAURIG, LLP","Greenberg Traurig, P.A. PAC",Jimmy Patronis,2025-06-09,1000.00
"GREENBERG TRAURIG, LLP","Greenberg Traurig, P.A. PAC",Nick Langworthy,2025-06-23,1500.00
"GREENBERG TRAURIG, LLP","Greenberg Traurig, P.A. PAC",John Barrasso,2025-01-21,5000.00
"GREENBERG TRAURIG, LLP","Greenberg Traurig, P.A. PAC",Roger Wicker,2025-02-12,5000.00
"GREENBERG TRAURIG, LLP","Greenberg Traurig, P.A. PAC",Chris Coons,2025-02-12,1000.00
"GREENBERG TRAURIG, LLP","Greenberg Traurig, P.A. PAC",Maggie Hassan,2025-03-03,2000.00
"GREENBERG TRAURIG, LLP","Greenberg Traurig, P.A. PAC",Jack Reed,2025-03-20,5000.00
"GREENBERG TRAURIG, LLP","Greenberg Traurig, P.A. PAC",Chris Coons,2025-05-08,1000.00
"GREENBERG TRAURIG, LLP","Greenberg Traurig, P.A. PAC",Jon Husted,2025-05-13,2000.00
"GREENBERG TRAURIG, LLP","Greenberg Traurig, P.A. PAC",Brian Babin,2025-01-31,2000.00
"GREENBERG TRAURIG, LLP","Greenberg Traurig, P.A. PAC",Ben Ray Lujan,2025-02-12,5000.00
"GREENBERG TRAURIG, LLP","Greenberg Traurig, P.A. PAC",August Pfluger,2025-03-04,2500.00
"GREENBERG TRAURIG, LLP","Greenberg Traurig, P.A. PAC",Brett Guthrie,2025-02-18,1500.00
"GREENBERG TRAURIG, LLP","Greenberg Traurig, P.A. PAC",David Schweikert,2025-02-24,1000.00
"GREENBERG TRAURIG, LLP","Greenberg Traurig, P.A. PAC",Nicole Malliotakis,2025-03-03,1000.00
"GREENBERG TRAURIG, LLP","Greenberg Traurig, P.A. PAC",Randy Feenstra,2025-03-04,2500.00
"GREENBERG TRAURIG, LLP","Greenberg Traurig, P.A. PAC",Steve Scalise,2025-03-20,2500.00
"GREENBERG TRAURIG, LLP","Greenberg Traurig, P.A. PAC",Frank Pallone,2025-03-20,2500.00
"GREENBERG TRAURIG, LLP","Greenberg Traurig, P.A. PAC",Jerry Nadler,2025-04-01,1000.00
"GREENBERG TRAURIG, LLP","Greenberg Traurig, P.A. PAC",Mike Lawler,2025-04-02,1500.00
"GREENBERG TRAURIG, LLP","Greenberg Traurig, P.A. PAC",Mike Johnson,2025-04-09,10000.00
"GREENBERG TRAURIG, LLP","Greenberg Traurig, P.A. PAC",Aaron Bean,2025-04-14,1000.00
"GREENBERG TRAURIG, LLP","Greenberg Traurig, P.A. PAC",Morgan McGarvey,2025-04-28,1000.00
"GREENBERG TRAURIG, LLP","Greenberg Traurig, P.A. PAC",Jimmy Patronis,2025-01-02,1000.00
"GREENBERG TRAURIG, LLP","Greenberg Traurig, P.A. PAC",Randy Fine,2025-01-02,1000.00
"GREENBERG TRAURIG, LLP","Greenberg Traurig, P.A. PAC",John Moolenaar,2025-03-03,1000.00
"GREENBERG TRAURIG, LLP","Greenberg Traurig, P.A. PAC",Gabe Amo,2025-03-20,2500.00
"GREENBERG TRAURIG, LLP","Greenberg Traurig, P.A. PAC",Sydney Kamlager-Dove,2025-05-08,1500.00
"GREENBERG TRAURIG, LLP","Greenberg Traurig, P.A. PAC",Lisa McClain,2025-05-20,1500.00
"GREENBERG TRAURIG, LLP","Greenberg Traurig, P.A. PAC",Nicole Malliotakis,2025-06-05,1000.00
"GREENBERG TRAURIG, LLP","Greenberg Traurig, P.A. PAC",Jimmy Patronis,2025-06-09,1000.00
"GREENBERG TRAURIG, LLP","Greenberg Traurig, P.A. PAC",Nick Langworthy,2025-06-23,1500.00
"GREENBERG TRAURIG, LLP","Greenberg Traurig, P.A. PAC",John Barrasso,2025-01-21,5000.00
"GREENBERG TRAURIG, LLP","Greenberg Traurig, P.A. PAC",Roger Wicker,2025-02-12,5000.00
"GREENBERG TRAURIG, LLP","Greenberg Traurig, P.A. PAC",Chris Coons,2025-02-12,1000.00
"GREENBERG TRAURIG, LLP","Greenberg Traurig, P.A. PAC",Maggie Hassan,2025-03-03,2000.00
"GREENBERG TRAURIG, LLP","Greenberg Traurig, P.A. PAC",Jack Reed,2025-03-20,5000.00
"GREENBERG TRAURIG, LLP","Greenberg Traurig, P.A. PAC",Chris Coons,2025-05-08,1000.00
"GREENBERG TRAURIG, LLP","Greenberg Traurig, P.A. PAC",Jon Husted,2025-05-13,2000.00
"GREENBERG TRAURIG, LLP","Greenberg Traurig, P.A. PAC",Brian Babin,2025-01-31,2000.00
"GREENBERG TRAURIG, LLP","Greenberg Traurig, P.A. PAC",Ben Ray Lujan,2025-02-12,5000.00
"GREENBERG TRAURIG, LLP","Greenberg Traurig, P.A. PAC",August Pfluger,2025-03-04,2500.00
"GREENBERG TRAURIG, LLP","Greenberg Traurig, P.A. PAC",Brett Guthrie,2025-02-18,1500.00
"GREENBERG TRAURIG, LLP","Greenberg Traurig, P.A. PAC",David Schweikert,2025-02-24,1000.00
"GREENBERG TRAURIG, LLP","Greenberg Traurig, P.A. PAC",Nicole Malliotakis,2025-03-03,1000.00
"GREENBERG TRAURIG, LLP","Greenberg Traurig, P.A. PAC",Randy Feenstra,2025-03-04,2500.00
"GREENBERG TRAURIG, LLP","Greenberg Traurig, P.A. PAC",Steve Scalise,2025-03-20,2500.00
"GREENBERG TRAURIG, LLP","Greenberg Traurig, P.A. PAC",Frank Pallone,2025-03-20,2500.00
"GREENBERG TRAURIG, LLP","Greenberg Traurig, P.A. PAC",Jerry Nadler,2025-04-01,1000.00
"GREENBERG TRAURIG, LLP","Greenberg Traurig, P.A. PAC",Mike Lawler,2025-04-02,1500.00
"GREENBERG TRAURIG, LLP","Greenberg Traurig, P.A. PAC",Mike Johnson,2025-04-09,10000.00
"GREENBERG TRAURIG, LLP","Greenberg Traurig, P.A. PAC",Aaron Bean,2025-04-14,1000.00
"GREENBERG TRAURIG, LLP","Greenberg Traurig, P.A. PAC",Morgan McGarvey,2025-04-28,1000.00
"GREENBERG TRAURIG, LLP","Greenberg Traurig, P.A. PAC",Jimmy Patronis,2025-01-02,1000.00
"GREENBERG TRAURIG, LLP","Greenberg Traurig, P.A. PAC",Randy Fine,2025-01-02,1000.00
"GREENBERG TRAURIG, LLP","Greenberg Traurig, P.A. PAC",John Moolenaar,2025-03-03,1000.00
"GREENBERG TRAURIG, LLP","Greenberg Traurig, P.A. PAC",Gabe Amo,2025-03-20,2500.00
"GREENBERG TRAURIG, LLP","Greenberg Traurig, P.A. PAC",Sydney Kamlager-Dove,2025-05-08,1500.00
"GREENBERG TRAURIG, LLP","Greenberg Traurig, P.A. PAC",Lisa McClain,2025-05-20,1500.00
"GREENBERG TRAURIG, LLP","Greenberg Traurig, P.A. PAC",Nicole Malliotakis,2025-06-05,1000.00
"GREENBERG TRAURIG, LLP","Greenberg Traurig, P.A. PAC",Jimmy Patronis,2025-06-09,1000.00
"GREENBERG TRAURIG, LLP","Greenberg Traurig, P.A. PAC",Nick Langworthy,2025-06-23,1500.00
"GREENBERG TRAURIG, LLP","Greenberg Traurig, P.A. PAC",John Barrasso,2025-01-21,5000.00
"GREENBERG TRAURIG, LLP","Greenberg Traurig, P.A. PAC",Roger Wicker,2025-02-12,5000.00
"GREENBERG TRAURIG, LLP","Greenberg Traurig, P.A. PAC",Chris Coons,2025-02-12,1000.00
"GREENBERG TRAURIG, LLP","Greenberg Traurig, P.A. PAC",Maggie Hassan,2025-03-03,2000.00
"GREENBERG TRAURIG, LLP","Greenberg Traurig, P.A. PAC",Jack Reed,2025-03-20,5000.00
"GREENBERG TRAURIG, LLP","Greenberg Traurig, P.A. PAC",Chris Coons,2025-05-08,1000.00
"GREENBERG TRAURIG, LLP","Greenberg Traurig, P.A. PAC",Jon Husted,2025-05-13,2000.00
"GREENBERG TRAURIG, LLP","Greenberg Traurig, P.A. PAC",Brian Babin,2025-01-31,2000.00
"GREENBERG TRAURIG, LLP","Greenberg Traurig, P.A. PAC",Ben Ray Lujan,2025-02-12,5000.00
"GREENBERG TRAURIG, LLP","Greenberg Traurig, P.A. PAC",August Pfluger,2025-03-04,2500.00
"GREENBERG TRAURIG, LLP","Greenberg Traurig, P.A. PAC",Brett Guthrie,2025-02-18,1500.00
"GREENBERG TRAURIG, LLP","Greenberg Traurig, P.A. PAC",David Schweikert,2025-02-24,1000.00
"GREENBERG TRAURIG, LLP","Greenberg Traurig, P.A. PAC",Nicole Malliotakis,2025-03-03,1000.00
"GREENBERG TRAURIG, LLP","Greenberg Traurig, P.A. PAC",Randy Feenstra,2025-03-04,2500.00
"GREENBERG TRAURIG, LLP","Greenberg Traurig, P.A. PAC",Steve Scalise,2025-03-20,2500.00
"GREENBERG TRAURIG, LLP","Greenberg Traurig, P.A. PAC",Frank Pallone,2025-03-20,2500.00
"GREENBERG TRAURIG, LLP","Greenberg Traurig, P.A. PAC",Jerry Nadler,2025-04-01,1000.00
"GREENBERG TRAURIG, LLP","Greenberg Traurig, P.A. PAC",Mike Lawler,2025-04-02,1500.00
"GREENBERG TRAURIG, LLP","Greenberg Traurig, P.A. PAC",Mike Johnson,2025-04-09,10000.00
"GREENBERG TRAURIG, LLP","Greenberg Traurig, P.A. PAC",Aaron Bean,2025-04-14,1000.00
"GREENBERG TRAURIG, LLP","Greenberg Traurig, P.A. PAC",Morgan McGarvey,2025-04-28,1000.00
"GREENBERG TRAURIG, LLP","Greenberg Traurig, P.A. PAC",Jimmy Patronis,2025-01-02,1000.00
"GREENBERG TRAURIG, LLP","Greenberg Traurig, P.A. PAC",Randy Fine,2025-01-02,1000.00
"GREENBERG TRAURIG, LLP","Greenberg Traurig, P.A. PAC",John Moolenaar,2025-03-03,1000.00
"GREENBERG TRAURIG, LLP","Greenberg Traurig, P.A. PAC",Gabe Amo,2025-03-20,2500.00
"GREENBERG TRAURIG, LLP","Greenberg Traurig, P.A. PAC",Sydney Kamlager-Dove,2025-05-08,1500.00
"GREENBERG TRAURIG, LLP","Greenberg Traurig, P.A. PAC",Lisa McClain,2025-05-20,1500.00
"GREENBERG TRAURIG, LLP","Greenberg Traurig, P.A. PAC",Nicole Malliotakis,2025-06-05,1000.00
"GREENBERG TRAURIG, LLP","Greenberg Traurig, P.A. PAC",Jimmy Patronis,2025-06-09,1000.00
"GREENBERG TRAURIG, LLP","Greenberg Traurig, P.A. PAC",Nick Langworthy,2025-06-23,1500.00
"GREENBERG TRAURIG, LLP","Greenberg Traurig, P.A. PAC",John Barrasso,2025-01-21,5000.00
"GREENBERG TRAURIG, LLP","Greenberg Traurig, P.A. PAC",Roger Wicker,2025-02-12,5000.00
"GREENBERG TRAURIG, LLP","Greenberg Traurig, P.A. PAC",Chris Coons,2025-02-12,1000.00
"GREENBERG TRAURIG, LLP","Greenberg Traurig, P.A. PAC",Maggie Hassan,2025-03-03,2000.00
"GREENBERG TRAURIG, LLP","Greenberg Traurig, P.A. PAC",Jack Reed,2025-03-20,5000.00
"GREENBERG TRAURIG, LLP","Greenberg Traurig, P.A. PAC",Chris Coons,2025-05-08,1000.00
"GREENBERG TRAURIG, LLP","Greenberg Traurig, P.A. PAC",Jon Husted,2025-05-13,2000.00
"GREENBERG TRAURIG, LLP","Greenberg Traurig, P.A. PAC",Brian Babin,2025-01-31,2000.00
"GREENBERG TRAURIG, LLP","Greenberg Traurig, P.A. PAC",Ben Ray Lujan,2025-02-12,5000.00
"GREENBERG TRAURIG, LLP","Greenberg Traurig, P.A. PAC",August Pfluger,2025-03-04,2500.00
"GREENBERG TRAURIG, LLP","Greenberg Traurig, P.A. PAC",Brett Guthrie,2025-02-18,1500.00
"GREENBERG TRAURIG, LLP","Greenberg Traurig, P.A. PAC",David Schweikert,2025-02-24,1000.00
"GREENBERG TRAURIG, LLP","Greenberg Traurig, P.A. PAC",Nicole Malliotakis,2025-03-03,1000.00
"GREENBERG TRAURIG, LLP","Greenberg Traurig, P.A. PAC",Randy Feenstra,2025-03-04,2500.00
"GREENBERG TRAURIG, LLP","Greenberg Traurig, P.A. PAC",Steve Scalise,2025-03-20,2500.00
"GREENBERG TRAURIG, LLP","Greenberg Traurig, P.A. PAC",Frank Pallone,2025-03-20,2500.00
"GREENBERG TRAURIG, LLP","Greenberg Traurig, P.A. PAC",Jerry Nadler,2025-04-01,1000.00
"GREENBERG TRAURIG, LLP","Greenberg Traurig, P.A. PAC",Mike Lawler,2025-04-02,1500.00
"GREENBERG TRAURIG, LLP","Greenberg Traurig, P.A. PAC",Mike Johnson,2025-04-09,10000.00
"GREENBERG TRAURIG, LLP","Greenberg Traurig, P.A. PAC",Aaron Bean,2025-04-14,1000.00
"GREENBERG TRAURIG, LLP","Greenberg Traurig, P.A. PAC",Morgan McGarvey,2025-04-28,1000.00
"GREENBERG TRAURIG, LLP","Greenberg Traurig, P.A. PAC",Jimmy Patronis,2025-01-02,1000.00
"GREENBERG TRAURIG, LLP","Greenberg Traurig, P.A. PAC",Randy Fine,2025-01-02,1000.00
"GREENBERG TRAURIG, LLP","Greenberg Traurig, P.A. PAC",John Moolenaar,2025-03-03,1000.00
"GREENBERG TRAURIG, LLP","Greenberg Traurig, P.A. PAC",Gabe Amo,2025-03-20,2500.00
"GREENBERG TRAURIG, LLP","Greenberg Traurig, P.A. PAC",Sydney Kamlager-Dove,2025-05-08,1500.00
"GREENBERG TRAURIG, LLP","Greenberg Traurig, P.A. PAC",Lisa McClain,2025-05-20,1500.00
"GREENBERG TRAURIG, LLP","Greenberg Traurig, P.A. PAC",Nicole Malliotakis,2025-06-05,1000.00
"GREENBERG TRAURIG, LLP","Greenberg Traurig, P.A. PAC",Jimmy Patronis,2025-06-09,1000.00
"GREENBERG TRAURIG, LLP","Greenberg Traurig, P.A. PAC",Nick Langworthy,2025-06-23,1500.00
"GREENBERG TRAURIG, LLP","Greenberg Traurig, P.A. PAC",John Barrasso,2025-01-21,5000.00
"GREENBERG TRAURIG, LLP","Greenberg Traurig, P.A. PAC",Roger Wicker,2025-02-12,5000.00
"GREENBERG TRAURIG, LLP","Greenberg Traurig, P.A. PAC",Chris Coons,2025-02-12,1000.00
"GREENBERG TRAURIG, LLP","Greenberg Traurig, P.A. PAC",Maggie Hassan,2025-03-03,2000.00
"GREENBERG TRAURIG, LLP","Greenberg Traurig, P.A. PAC",Jack Reed,2025-03-20,5000.00
"GREENBERG TRAURIG, LLP","Greenberg Traurig, P.A. PAC",Chris Coons,2025-05-08,1000.00
"GREENBERG TRAURIG, LLP","Greenberg Traurig, P.A. PAC",Jon Husted,2025-05-13,2000.00
"GREENBERG TRAURIG, LLP","Greenberg Traurig, P.A. PAC",Brian Babin,2025-01-31,2000.00
"GREENBERG TRAURIG, LLP","Greenberg Traurig, P.A. PAC",Ben Ray Lujan,2025-02-12,5000.00
"GREENBERG TRAURIG, LLP","Greenberg Traurig, P.A. PAC",August Pfluger,2025-03-04,2500.00
"GREENBERG TRAURIG, LLP","Greenberg Traurig, P.A. PAC",Brett Guthrie,2025-02-18,1500.00
"GREENBERG TRAURIG, LLP","Greenberg Traurig, P.A. PAC",David Schweikert,2025-02-24,1000.00
"GREENBERG TRAURIG, LLP","Greenberg Traurig, P.A. PAC",Nicole Malliotakis,2025-03-03,1000.00
"GREENBERG TRAURIG, LLP","Greenberg Traurig, P.A. PAC",Randy Feenstra,2025-03-04,2500.00
"GREENBERG TRAURIG, LLP","Greenberg Traurig, P.A. PAC",Steve Scalise,2025-03-20,2500.00
"GREENBERG TRAURIG, LLP","Greenberg Traurig, P.A. PAC",Frank Pallone,2025-03-20,2500.00
"GREENBERG TRAURIG, LLP","Greenberg Traurig, P.A. PAC",Jerry Nadler,2025-04-01,1000.00
"GREENBERG TRAURIG, LLP","Greenberg Traurig, P.A. PAC",Mike Lawler,2025-04-02,1500.00
"GREENBERG TRAURIG, LLP","Greenberg Traurig, P.A. PAC",Mike Johnson,2025-04-09,10000.00
"GREENBERG TRAURIG, LLP","Greenberg Traurig, P.A. PAC",Aaron Bean,2025-04-14,1000.00
"GREENBERG TRAURIG, LLP","Greenberg Traurig, P.A. PAC",Morgan McGarvey,2025-04-28,1000.00
"GREENBERG TRAURIG, LLP","Greenberg Traurig, P.A. PAC",Jimmy Patronis,2025-01-02,1000.00
"GREENBERG TRAURIG, LLP","Greenberg Traurig, P.A. PAC",Randy Fine,2025-01-02,1000.00
"GREENBERG TRAURIG, LLP","Greenberg Traurig, P.A. PAC",John Moolenaar,2025-03-03,1000.00
"GREENBERG TRAURIG, LLP","Greenberg Traurig, P.A. PAC",Gabe Amo,2025-03-20,2500.00
"GREENBERG TRAURIG, LLP","Greenberg Traurig, P.A. PAC",Sydney Kamlager-Dove,2025-05-08,1500.00
"GREENBERG TRAURIG, LLP","Greenberg Traurig, P.A. PAC",Lisa McClain,2025-05-20,1500.00
"GREENBERG TRAURIG, LLP","Greenberg Traurig, P.A. PAC",Nicole Malliotakis,2025-06-05,1000.00
"GREENBERG TRAURIG, LLP","Greenberg Traurig, P.A. PAC",Jimmy Patronis,2025-06-09,1000.00
"GREENBERG TRAURIG, LLP","Greenberg Traurig, P.A. PAC",Nick Langworthy,2025-06-23,1500.00
"GREENBERG TRAURIG, LLP","Greenberg Traurig, P.A. PAC",John Barrasso,2025-01-21,5000.00
"GREENBERG TRAURIG, LLP","Greenberg Traurig, P.A. PAC",Roger Wicker,2025-02-12,5000.00
"GREENBERG TRAURIG, LLP","Greenberg Traurig, P.A. PAC",Chris Coons,2025-02-12,1000.00
"GREENBERG TRAURIG, LLP","Greenberg Traurig, P.A. PAC",Maggie Hassan,2025-03-03,2000.00
"GREENBERG TRAURIG, LLP","Greenberg Traurig, P.A. PAC",Jack Reed,2025-03-20,5000.00
"GREENBERG TRAURIG, LLP","Greenberg Traurig, P.A. PAC",Chris Coons,2025-05-08,1000.00
"GREENBERG TRAURIG, LLP","Greenberg Traurig, P.A. PAC",Jon Husted,2025-05-13,2000.00
"GREENBERG TRAURIG, LLP","Greenberg Traurig, P.A. PAC",Brian Babin,2025-01-31,2000.00
"GREENBERG TRAURIG, LLP","Greenberg Traurig, P.A. PAC",Ben Ray Lujan,2025-02-12,5000.00
"GREENBERG TRAURIG, LLP","Greenberg Traurig, P.A. PAC",August Pfluger,2025-03-04,2500.00
"GREENBERG TRAURIG, LLP","Greenberg Traurig, P.A. PAC",Brett Guthrie,2025-02-18,1500.00
"GREENBERG TRAURIG, LLP","Greenberg Traurig, P.A. PAC",David Schweikert,2025-02-24,1000.00
"GREENBERG TRAURIG, LLP","Greenberg Traurig, P.A. PAC",Nicole Malliotakis,2025-03-03,1000.00
"GREENBERG TRAURIG, LLP","Greenberg Traurig, P.A. PAC",Randy Feenstra,2025-03-04,2500.00
"GREENBERG TRAURIG, LLP","Greenberg Traurig, P.A. PAC",Steve Scalise,2025-03-20,2500.00
"GREENBERG TRAURIG, LLP","Greenberg Traurig, P.A. PAC",Frank Pallone,2025-03-20,2500.00
"GREENBERG TRAURIG, LLP","Greenberg Traurig, P.A. PAC",Jerry Nadler,2025-04-01,1000.00
"GREENBERG TRAURIG, LLP","Greenberg Traurig, P.A. PAC",Mike Lawler,2025-04-02,1500.00
"GREENBERG TRAURIG, LLP","Greenberg Traurig, P.A. PAC",Mike Johnson,2025-04-09,10000.00
"GREENBERG TRAURIG, LLP","Greenberg Traurig, P.A. PAC",Aaron Bean,2025-04-14,1000.00
"GREENBERG TRAURIG, LLP","Greenberg Traurig, P.A. PAC",Morgan McGarvey,2025-04-28,1000.00
"GREENBERG TRAURIG, LLP","Greenberg Traurig, P.A. PAC",Jimmy Patronis,2025-01-02,1000.00
"GREENBERG TRAURIG, LLP","Greenberg Traurig, P.A. PAC",Randy Fine,2025-01-02,1000.00
"GREENBERG TRAURIG, LLP","Greenberg Traurig, P.A. PAC",John Moolenaar,2025-03-03,1000.00
"GREENBERG TRAURIG, LLP","Greenberg Traurig, P.A. PAC",Gabe Amo,2025-03-20,2500.00
"GREENBERG TRAURIG, LLP","Greenberg Traurig, P.A. PAC",Sydney Kamlager-Dove,2025-05-08,1500.00
"GREENBERG TRAURIG, LLP","Greenberg Traurig, P.A. PAC",Lisa McClain,2025-05-20,1500.00
"GREENBERG TRAURIG, LLP","Greenberg Traurig, P.A. PAC",Nicole Malliotakis,2025-06-05,1000.00
"GREENBERG TRAURIG, LLP","Greenberg Traurig, P.A. PAC",Jimmy Patronis,2025-06-09,1000.00
"GREENBERG TRAURIG, LLP","Greenberg Traurig, P.A. PAC",Nick Langworthy,2025-06-23,1500.00
"GREENBERG TRAURIG, LLP","Greenberg Traurig, P.A. PAC",John Barrasso,2025-01-21,5000.00
"GREENBERG TRAURIG, LLP","Greenberg Traurig, P.A. PAC",Roger Wicker,2025-02-12,5000.00
"GREENBERG TRAURIG, LLP","Greenberg Traurig, P.A. PAC",Chris Coons,2025-02-12,1000.00
"GREENBERG TRAURIG, LLP","Greenberg Traurig, P.A. PAC",Maggie Hassan,2025-03-03,2000.00
"GREENBERG TRAURIG, LLP","Greenberg Traurig, P.A. PAC",Jack Reed,2025-03-20,5000.00
"GREENBERG TRAURIG, LLP","Greenberg Traurig, P.A. PAC",Chris Coons,2025-05-08,1000.00
"GREENBERG TRAURIG, LLP","Greenberg Traurig, P.A. PAC",Jon Husted,2025-05-13,2000.00
"GREENBERG TRAURIG, LLP","Greenberg Traurig, P.A. PAC",Brian Babin,2025-01-31,2000.00
"GREENBERG TRAURIG, LLP","Greenberg Traurig, P.A. PAC",Ben Ray Lujan,2025-02-12,5000.00
"GREENBERG TRAURIG, LLP","Greenberg Traurig, P.A. PAC",August Pfluger,2025-03-04,2500.00
"GREENBERG TRAURIG, LLP","Greenberg Traurig, P.A. PAC",Brett Guthrie,2025-02-18,1500.00
"GREENBERG TRAURIG, LLP","Greenberg Traurig, P.A. PAC",David Schweikert,2025-02-24,1000.00
"GREENBERG TRAURIG, LLP","Greenberg Traurig, P.A. PAC",Nicole Malliotakis,2025-03-03,1000.00
"GREENBERG TRAURIG, LLP","Greenberg Traurig, P.A. PAC",Randy Feenstra,2025-03-04,2500.00
"GREENBERG TRAURIG, LLP","Greenberg Traurig, P.A. PAC",Steve Scalise,2025-03-20,2500.00
"GREENBERG TRAURIG, LLP","Greenberg Traurig, P.A. PAC",Frank Pallone,2025-03-20,2500.00
"GREENBERG TRAURIG, LLP","Greenberg Traurig, P.A. PAC",Jerry Nadler,2025-04-01,1000.00
"GREENBERG TRAURIG, LLP","Greenberg Traurig, P.A. PAC",Mike Lawler,2025-04-02,1500.00
"GREENBERG TRAURIG, LLP","Greenberg Traurig, P.A. PAC",Mike Johnson,2025-04-09,10000.00
"GREENBERG TRAURIG, LLP","Greenberg Traurig, P.A. PAC",Aaron Bean,2025-04-14,1000.00
"GREENBERG TRAURIG, LLP","Greenberg Traurig, P.A. PAC",Morgan McGarvey,2025-04-28,1000.00
"GREENBERG TRAURIG, LLP","Greenberg Traurig, P.A. PAC",Jimmy Patronis,2025-01-02,1000.00
"GREENBERG TRAURIG, LLP","Greenberg Traurig, P.A. PAC",Randy Fine,2025-01-02,1000.00
"GREENBERG TRAURIG, LLP","Greenberg Traurig, P.A. PAC",John Moolenaar,2025-03-03,1000.00
"GREENBERG TRAURIG, LLP","Greenberg Traurig, P.A. PAC",Gabe Amo,2025-03-20,2500.00
"GREENBERG TRAURIG, LLP","Greenberg Traurig, P.A. PAC",Sydney Kamlager-Dove,2025-05-08,1500.00
"GREENBERG TRAURIG, LLP","Greenberg Traurig, P.A. PAC",Lisa McClain,2025-05-20,1500.00
"GREENBERG TRAURIG, LLP","Greenberg Traurig, P.A. PAC",Nicole Malliotakis,2025-06-05,1000.00
"GREENBERG TRAURIG, LLP","Greenberg Traurig, P.A. PAC",Jimmy Patronis,2025-06-09,1000.00
"GREENBERG TRAURIG, LLP","Greenberg Traurig, P.A. PAC",Nick Langworthy,2025-06-23,1500.00
"GREENBERG TRAURIG, LLP","Greenberg Traurig, P.A. PAC",John Barrasso,2025-01-21,5000.00
"GREENBERG TRAURIG, LLP","Greenberg Traurig, P.A. PAC",Roger Wicker,2025-02-12,5000.00
"GREENBERG TRAURIG, LLP","Greenberg Traurig, P.A. PAC",Chris Coons,2025-02-12,1000.00
"GREENBERG TRAURIG, LLP","Greenberg Traurig, P.A. PAC",Maggie Hassan,2025-03-03,2000.00
"GREENBERG TRAURIG, LLP","Greenberg Traurig, P.A. PAC",Jack Reed,2025-03-20,5000.00
"GREENBERG TRAURIG, LLP","Greenberg Traurig, P.A. PAC",Chris Coons,2025-05-08,1000.00
"GREENBERG TRAURIG, LLP","Greenberg Traurig, P.A. PAC",Jon Husted,2025-05-13,2000.00
"GREENBERG TRAURIG, LLP","Greenberg Traurig, P.A. PAC",Brian Babin,2025-01-31,2000.00
"GREENBERG TRAURIG, LLP","Greenberg Traurig, P.A. PAC",Ben Ray Lujan,2025-02-12,5000.00
"GREENBERG TRAURIG, LLP","Greenberg Traurig, P.A. PAC",August Pfluger,2025-03-04,2500.00
"GREENBERG TRAURIG, LLP","Greenberg Traurig, P.A. PAC",Brett Guthrie,2025-02-18,1500.00
"GREENBERG TRAURIG, LLP","Greenberg Traurig, P.A. PAC",David Schweikert,2025-02-24,1000.00
"GREENBERG TRAURIG, LLP","Greenberg Traurig, P.A. PAC",Nicole Malliotakis,2025-03-03,1000.00
"GREENBERG TRAURIG, LLP","Greenberg Traurig, P.A. PAC",Randy Feenstra,2025-03-04,2500.00
"GREENBERG TRAURIG, LLP","Greenberg Traurig, P.A. PAC",Steve Scalise,2025-03-20,2500.00
"GREENBERG TRAURIG, LLP","Greenberg Traurig, P.A. PAC",Frank Pallone,2025-03-20,2500.00
"GREENBERG TRAURIG, LLP","Greenberg Traurig, P.A. PAC",Jerry Nadler,2025-04-01,1000.00
"GREENBERG TRAURIG, LLP","Greenberg Traurig, P.A. PAC",Mike Lawler,2025-04-02,1500.00
"GREENBERG TRAURIG, LLP","Greenberg Traurig, P.A. PAC",Mike Johnson,2025-04-09,10000.00
"GREENBERG TRAURIG, LLP","Greenberg Traurig, P.A. PAC",Aaron Bean,2025-04-14,1000.00
"GREENBERG TRAURIG, LLP","Greenberg Traurig, P.A. PAC",Morgan McGarvey,2025-04-28,1000.00
"GREENBERG TRAURIG, LLP","Greenberg Traurig, P.A. PAC",Jimmy Patronis,2025-01-02,1000.00
"GREENBERG TRAURIG, LLP","Greenberg Traurig, P.A. PAC",Randy Fine,2025-01-02,1000.00
"GREENBERG TRAURIG, LLP","Greenberg Traurig, P.A. PAC",John Moolenaar,2025-03-03,1000.00
"GREENBERG TRAURIG, LLP","Greenberg Traurig, P.A. PAC",Gabe Amo,2025-03-20,2500.00
"GREENBERG TRAURIG, LLP","Greenberg Traurig, P.A. PAC",Sydney Kamlager-Dove,2025-05-08,1500.00
"GREENBERG TRAURIG, LLP","Greenberg Traurig, P.A. PAC",Lisa McClain,2025-05-20,1500.00
"GREENBERG TRAURIG, LLP","Greenberg Traurig, P.A. PAC",Nicole Malliotakis,2025-06-05,1000.00
"GREENBERG TRAURIG, LLP","Greenberg Traurig, P.A. PAC",Jimmy Patronis,2025-06-09,1000.00
"GREENBERG TRAURIG, LLP","Greenberg Traurig, P.A. PAC",Nick Langworthy,2025-06-23,1500.00
"GREENBERG TRAURIG, LLP","Greenberg Traurig, P.A. PAC",John Barrasso,2025-01-21,5000.00
"GREENBERG TRAURIG, LLP","Greenberg Traurig, P.A. PAC",Roger Wicker,2025-02-12,5000.00
"GREENBERG TRAURIG, LLP","Greenberg Traurig, P.A. PAC",Chris Coons,2025-02-12,1000.00
"GREENBERG TRAURIG, LLP","Greenberg Traurig, P.A. PAC",Maggie Hassan,2025-03-03,2000.00
"GREENBERG TRAURIG, LLP","Greenberg Traurig, P.A. PAC",Jack Reed,2025-03-20,5000.00
"GREENBERG TRAURIG, LLP","Greenberg Traurig, P.A. PAC",Chris Coons,2025-05-08,1000.00
"GREENBERG TRAURIG, LLP","Greenberg Traurig, P.A. PAC",Jon Husted,2025-05-13,2000.00
"GREENBERG TRAURIG, LLP","Greenberg Traurig, P.A. PAC",Brian Babin,2025-01-31,2000.00
"GREENBERG TRAURIG, LLP","Greenberg Traurig, P.A. PAC",Ben Ray Lujan,2025-02-12,5000.00
"GREENBERG TRAURIG, LLP","Greenberg Traurig, P.A. PAC",August Pfluger,2025-03-04,2500.00
"GREENBERG TRAURIG, LLP","Greenberg Traurig, P.A. PAC",Brett Guthrie,2025-02-18,1500.00
"GREENBERG TRAURIG, LLP","Greenberg Traurig, P.A. PAC",David Schweikert,2025-02-24,1000.00
"GREENBERG TRAURIG, LLP","Greenberg Traurig, P.A. PAC",Nicole Malliotakis,2025-03-03,1000.00
"GREENBERG TRAURIG, LLP","Greenberg Traurig, P.A. PAC",Randy Feenstra,2025-03-04,2500.00
"GREENBERG TRAURIG, LLP","Greenberg Traurig, P.A. PAC",Steve Scalise,2025-03-20,2500.00
"GREENBERG TRAURIG, LLP","Greenberg Traurig, P.A. PAC",Frank Pallone,2025-03-20,2500.00
"GREENBERG TRAURIG, LLP","Greenberg Traurig, P.A. PAC",Jerry Nadler,2025-04-01,1000.00
"GREENBERG TRAURIG, LLP","Greenberg Traurig, P.A. PAC",Mike Lawler,2025-04-02,1500.00
"GREENBERG TRAURIG, LLP","Greenberg Traurig, P.A. PAC",Mike Johnson,2025-04-09,10000.00
"GREENBERG TRAURIG, LLP","Greenberg Traurig, P.A. PAC",Aaron Bean,2025-04-14,1000.00
"GREENBERG TRAURIG, LLP","Greenberg Traurig, P.A. PAC",Morgan McGarvey,2025-04-28,1000.00
"GREENBERG TRAURIG, LLP","Greenberg Traurig, P.A. PAC",Jimmy Patronis,2025-01-02,1000.00
"GREENBERG TRAURIG, LLP","Greenberg Traurig, P.A. PAC",Randy Fine,2025-01-02,1000.00
"GREENBERG TRAURIG, LLP","Greenberg Traurig, P.A. PAC",John Moolenaar,2025-03-03,1000.00
"GREENBERG TRAURIG, LLP","Greenberg Traurig, P.A. PAC",Gabe Amo,2025-03-20,2500.00
"GREENBERG TRAURIG, LLP","Greenberg Traurig, P.A. PAC",Sydney Kamlager-Dove,2025-05-08,1500.00
"GREENBERG TRAURIG, LLP","Greenberg Traurig, P.A. PAC",Lisa McClain,2025-05-20,1500.00
"GREENBERG TRAURIG, LLP","Greenberg Traurig, P.A. PAC",Nicole Malliotakis,2025-06-05,1000.00
"GREENBERG TRAURIG, LLP","Greenberg Traurig, P.A. PAC",Jimmy Patronis,2025-06-09,1000.00
"GREENBERG TRAURIG, LLP","Greenberg Traurig, P.A. PAC",Nick Langworthy,2025-06-23,1500.00
"GREENBERG TRAURIG, LLP","Greenberg Traurig, P.A. PAC",John Barrasso,2025-01-21,5000.00
"GREENBERG TRAURIG, LLP","Greenberg Traurig, P.A. PAC",Roger Wicker,2025-02-12,5000.00
"GREENBERG TRAURIG, LLP","Greenberg Traurig, P.A. PAC",Chris Coons,2025-02-12,1000.00
"GREENBERG TRAURIG, LLP","Greenberg Traurig, P.A. PAC",Maggie Hassan,2025-03-03,2000.00
"GREENBERG TRAURIG, LLP","Greenberg Traurig, P.A. PAC",Jack Reed,2025-03-20,5000.00
"GREENBERG TRAURIG, LLP","Greenberg Traurig, P.A. PAC",Chris Coons,2025-05-08,1000.00
"GREENBERG TRAURIG, LLP","Greenberg Traurig, P.A. PAC",Jon Husted,2025-05-13,2000.00
"GREENBERG TRAURIG, LLP","Greenberg Traurig, P.A. PAC",Brian Babin,2025-01-31,2000.00
"GREENBERG TRAURIG, LLP","Greenberg Traurig, P.A. PAC",Ben Ray Lujan,2025-02-12,5000.00
"GREENBERG TRAURIG, LLP","Greenberg Traurig, P.A. PAC",August Pfluger,2025-03-04,2500.00
"GREENBERG TRAURIG, LLP","Greenberg Traurig, P.A. PAC",Brett Guthrie,2025-02-18,1500.00
"GREENBERG TRAURIG, LLP","Greenberg Traurig, P.A. PAC",David Schweikert,2025-02-24,1000.00
"GREENBERG TRAURIG, LLP","Greenberg Traurig, P.A. PAC",Nicole Malliotakis,2025-03-03,1000.00
"GREENBERG TRAURIG, LLP","Greenberg Traurig, P.A. PAC",Randy Feenstra,2025-03-04,2500.00
"GREENBERG TRAURIG, LLP","Greenberg Traurig, P.A. PAC",Steve Scalise,2025-03-20,2500.00
"GREENBERG TRAURIG, LLP","Greenberg Traurig, P.A. PAC",Frank Pallone,2025-03-20,2500.00
"GREENBERG TRAURIG, LLP","Greenberg Traurig, P.A. PAC",Jerry Nadler,2025-04-01,1000.00
"GREENBERG TRAURIG, LLP","Greenberg Traurig, P.A. PAC",Mike Lawler,2025-04-02,1500.00
"GREENBERG TRAURIG, LLP","Greenberg Traurig, P.A. PAC",Mike Johnson,2025-04-09,10000.00
"GREENBERG TRAURIG, LLP","Greenberg Traurig, P.A. PAC",Aaron Bean,2025-04-14,1000.00
"GREENBERG TRAURIG, LLP","Greenberg Traurig, P.A. PAC",Morgan McGarvey,2025-04-28,1000.00
"GREENBERG TRAURIG, LLP","Greenberg Traurig, P.A. PAC",Jimmy Patronis,2025-01-02,1000.00
"GREENBERG TRAURIG, LLP","Greenberg Traurig, P.A. PAC",Randy Fine,2025-01-02,1000.00
"GREENBERG TRAURIG, LLP","Greenberg Traurig, P.A. PAC",John Moolenaar,2025-03-03,1000.00
"GREENBERG TRAURIG, LLP","Greenberg Traurig, P.A. PAC",Gabe Amo,2025-03-20,2500.00
"GREENBERG TRAURIG, LLP","Greenberg Traurig, P.A. PAC",Sydney Kamlager-Dove,2025-05-08,1500.00
"GREENBERG TRAURIG, LLP","Greenberg Traurig, P.A. PAC",Lisa McClain,2025-05-20,1500.00
"GREENBERG TRAURIG, LLP","Greenberg Traurig, P.A. PAC",Nicole Malliotakis,2025-06-05,1000.00
"GREENBERG TRAURIG, LLP","Greenberg Traurig, P.A. PAC",Jimmy Patronis,2025-06-09,1000.00
"GREENBERG TRAURIG, LLP","Greenberg Traurig, P.A. PAC",Nick Langworthy,2025-06-23,1500.00
"GREENBERG TRAURIG, LLP","Greenberg Traurig, P.A. PAC",John Barrasso,2025-01-21,5000.00
"GREENBERG TRAURIG, LLP","Greenberg Traurig, P.A. PAC",Roger Wicker,2025-02-12,5000.00
"GREENBERG TRAURIG, LLP","Greenberg Traurig, P.A. PAC",Chris Coons,2025-02-12,1000.00
"GREENBERG TRAURIG, LLP","Greenberg Traurig, P.A. PAC",Maggie Hassan,2025-03-03,2000.00
"GREENBERG TRAURIG, LLP","Greenberg Traurig, P.A. PAC",Jack Reed,2025-03-20,5000.00
"GREENBERG TRAURIG, LLP","Greenberg Traurig, P.A. PAC",Chris Coons,2025-05-08,1000.00
"GREENBERG TRAURIG, LLP","Greenberg Traurig, P.A. PAC",Jon Husted,2025-05-13,2000.00
"GREENBERG TRAURIG, LLP","Greenberg Traurig, P.A. PAC",Brian Babin,2025-01-31,2000.00
"GREENBERG TRAURIG, LLP","Greenberg Traurig, P.A. PAC",Ben Ray Lujan,2025-02-12,5000.00
"GREENBERG TRAURIG, LLP","Greenberg Traurig, P.A. PAC",August Pfluger,2025-03-04,2500.00
"GREENBERG TRAURIG, LLP","Greenberg Traurig, P.A. PAC",Brett Guthrie,2025-02-18,1500.00
"GREENBERG TRAURIG, LLP","Greenberg Traurig, P.A. PAC",David Schweikert,2025-02-24,1000.00
"GREENBERG TRAURIG, LLP","Greenberg Traurig, P.A. PAC",Nicole Malliotakis,2025-03-03,1000.00
"GREENBERG TRAURIG, LLP","Greenberg Traurig, P.A. PAC",Randy Feenstra,2025-03-04,2500.00
"GREENBERG TRAURIG, LLP","Greenberg Traurig, P.A. PAC",Steve Scalise,2025-03-20,2500.00
"GREENBERG TRAURIG, LLP","Greenberg Traurig, P.A. PAC",Frank Pallone,2025-03-20,2500.00
"GREENBERG TRAURIG, LLP","Greenberg Traurig, P.A. PAC",Jerry Nadler,2025-04-01,1000.00
"GREENBERG TRAURIG, LLP","Greenberg Traurig, P.A. PAC",Mike Lawler,2025-04-02,1500.00
"GREENBERG TRAURIG, LLP","Greenberg Traurig, P.A. PAC",Mike Johnson,2025-04-09,10000.00
"GREENBERG TRAURIG, LLP","Greenberg Traurig, P.A. PAC",Aaron Bean,2025-04-14,1000.00
"GREENBERG TRAURIG, LLP","Greenberg Traurig, P.A. PAC",Morgan McGarvey,2025-04-28,1000.00
"GREENBERG TRAURIG, LLP","Greenberg Traurig, P.A. PAC",Jimmy Patronis,2025-01-02,1000.00
"GREENBERG TRAURIG, LLP","Greenberg Traurig, P.A. PAC",Randy Fine,2025-01-02,1000.00
"GREENBERG TRAURIG, LLP","Greenberg Traurig, P.A. PAC",John Moolenaar,2025-03-03,1000.00
"GREENBERG TRAURIG, LLP","Greenberg Traurig, P.A. PAC",Gabe Amo,2025-03-20,2500.00
"GREENBERG TRAURIG, LLP","Greenberg Traurig, P.A. PAC",Sydney Kamlager-Dove,2025-05-08,1500.00
"GREENBERG TRAURIG, LLP","Greenberg Traurig, P.A. PAC",Lisa McClain,2025-05-20,1500.00
"GREENBERG TRAURIG, LLP","Greenberg Traurig, P.A. PAC",Nicole Malliotakis,2025-06-05,1000.00
"GREENBERG TRAURIG, LLP","Greenberg Traurig, P.A. PAC",Jimmy Patronis,2025-06-09,1000.00
"GREENBERG TRAURIG, LLP","Greenberg Traurig, P.A. PAC",Nick Langworthy,2025-06-23,1500.00
"GREENBERG TRAURIG, LLP","Greenberg Traurig, P.A. PAC",John Barrasso,2025-01-21,5000.00
"GREENBERG TRAURIG, LLP","Greenberg Traurig, P.A. PAC",Roger Wicker,2025-02-12,5000.00
"GREENBERG TRAURIG, LLP","Greenberg Traurig, P.A. PAC",Chris Coons,2025-02-12,1000.00
"GREENBERG TRAURIG, LLP","Greenberg Traurig, P.A. PAC",Maggie Hassan,2025-03-03,2000.00
"GREENBERG TRAURIG, LLP","Greenberg Traurig, P.A. PAC",Jack Reed,2025-03-20,5000.00
"GREENBERG TRAURIG, LLP","Greenberg Traurig, P.A. PAC",Chris Coons,2025-05-08,1000.00
"GREENBERG TRAURIG, LLP","Greenberg Traurig, P.A. PAC",Jon Husted,2025-05-13,2000.00
"GREENBERG TRAURIG, LLP","Greenberg Traurig, P.A. PAC",Brian Babin,2025-01-31,2000.00
"GREENBERG TRAURIG, LLP","Greenberg Traurig, P.A. PAC",Ben Ray Lujan,2025-02-12,5000.00
"GREENBERG TRAURIG, LLP","Greenberg Traurig, P.A. PAC",August Pfluger,2025-03-04,2500.00
"GREENBERG TRAURIG, LLP","Greenberg Traurig, P.A. PAC",Brett Guthrie,2025-02-18,1500.00
"GREENBERG TRAURIG, LLP","Greenberg Traurig, P.A. PAC",David Schweikert,2025-02-24,1000.00
"GREENBERG TRAURIG, LLP","Greenberg Traurig, P.A. PAC",Nicole Malliotakis,2025-03-03,1000.00
"GREENBERG TRAURIG, LLP","Greenberg Traurig, P.A. PAC",Randy Feenstra,2025-03-04,2500.00
"GREENBERG TRAURIG, LLP","Greenberg Traurig, P.A. PAC",Steve Scalise,2025-03-20,2500.00
"GREENBERG TRAURIG, LLP","Greenberg Traurig, P.A. PAC",Frank Pallone,2025-03-20,2500.00
"GREENBERG TRAURIG, LLP","Greenberg Traurig, P.A. PAC",Jerry Nadler,2025-04-01,1000.00
"GREENBERG TRAURIG, LLP","Greenberg Traurig, P.A. PAC",Mike Lawler,2025-04-02,1500.00
"GREENBERG TRAURIG, LLP","Greenberg Traurig, P.A. PAC",Mike Johnson,2025-04-09,10000.00
"GREENBERG TRAURIG, LLP","Greenberg Traurig, P.A. PAC",Aaron Bean,2025-04-14,1000.00
"GREENBERG TRAURIG, LLP","Greenberg Traurig, P.A. PAC",Morgan McGarvey,2025-04-28,1000.00
"GREENBERG TRAURIG, LLP","Greenberg Traurig, P.A. PAC",Jimmy Patronis,2025-01-02,1000.00
"GREENBERG TRAURIG, LLP","Greenberg Traurig, P.A. PAC",Randy Fine,2025-01-02,1000.00
"GREENBERG TRAURIG, LLP","Greenberg Traurig, P.A. PAC",John Moolenaar,2025-03-03,1000.00
"GREENBERG TRAURIG, LLP","Greenberg Traurig, P.A. PAC",Gabe Amo,2025-03-20,2500.00
"GREENBERG TRAURIG, LLP","Greenberg Traurig, P.A. PAC",Sydney Kamlager-Dove,2025-05-08,1500.00
"GREENBERG TRAURIG, LLP","Greenberg Traurig, P.A. PAC",Lisa McClain,2025-05-20,1500.00
"GREENBERG TRAURIG, LLP","Greenberg Traurig, P.A. PAC",Nicole Malliotakis,2025-06-05,1000.00
"GREENBERG TRAURIG, LLP","Greenberg Traurig, P.A. PAC",Jimmy Patronis,2025-06-09,1000.00
"GREENBERG TRAURIG, LLP","Greenberg Traurig, P.A. PAC",Nick Langworthy,2025-06-23,1500.00
"GREENBERG TRAURIG, LLP","Greenberg Traurig, P.A. PAC",John Barrasso,2025-01-21,5000.00
"GREENBERG TRAURIG, LLP","Greenberg Traurig, P.A. PAC",Roger Wicker,2025-02-12,5000.00
"GREENBERG TRAURIG, LLP","Greenberg Traurig, P.A. PAC",Chris Coons,2025-02-12,1000.00
"GREENBERG TRAURIG, LLP","Greenberg Traurig, P.A. PAC",Maggie Hassan,2025-03-03,2000.00
"GREENBERG TRAURIG, LLP","Greenberg Traurig, P.A. PAC",Jack Reed,2025-03-20,5000.00
"GREENBERG TRAURIG, LLP","Greenberg Traurig, P.A. PAC",Chris Coons,2025-05-08,1000.00
"GREENBERG TRAURIG, LLP","Greenberg Traurig, P.A. PAC",Jon Husted,2025-05-13,2000.00
"GREENBERG TRAURIG, LLP","Greenberg Traurig, P.A. PAC",Brian Babin,2025-01-31,2000.00
"GREENBERG TRAURIG, LLP","Greenberg Traurig, P.A. PAC",Ben Ray Lujan,2025-02-12,5000.00
"GREENBERG TRAURIG, LLP","Greenberg Traurig, P.A. PAC",August Pfluger,2025-03-04,2500.00
"GREENBERG TRAURIG, LLP","Greenberg Traurig, P.A. PAC",Brett Guthrie,2025-02-18,1500.00
"GREENBERG TRAURIG, LLP","Greenberg Traurig, P.A. PAC",David Schweikert,2025-02-24,1000.00
"GREENBERG TRAURIG, LLP","Greenberg Traurig, P.A. PAC",Nicole Malliotakis,2025-03-03,1000.00
"GREENBERG TRAURIG, LLP","Greenberg Traurig, P.A. PAC",Randy Feenstra,2025-03-04,2500.00
"GREENBERG TRAURIG, LLP","Greenberg Traurig, P.A. PAC",Steve Scalise,2025-03-20,2500.00
"GREENBERG TRAURIG, LLP","Greenberg Traurig, P.A. PAC",Frank Pallone,2025-03-20,2500.00
"GREENBERG TRAURIG, LLP","Greenberg Traurig, P.A. PAC",Jerry Nadler,2025-04-01,1000.00
"GREENBERG TRAURIG, LLP","Greenberg Traurig, P.A. PAC",Mike Lawler,2025-04-02,1500.00
"GREENBERG TRAURIG, LLP","Greenberg Traurig, P.A. PAC",Mike Johnson,2025-04-09,10000.00
"GREENBERG TRAURIG, LLP","Greenberg Traurig, P.A. PAC",Aaron Bean,2025-04-14,1000.00
"GREENBERG TRAURIG, LLP","Greenberg Traurig, P.A. PAC",Morgan McGarvey,2025-04-28,1000.00
"GREENBERG TRAURIG, LLP","Greenberg Traurig, P.A. PAC",Jimmy Patronis,2025-01-02,1000.00
"GREENBERG TRAURIG, LLP","Greenberg Traurig, P.A. PAC",Randy Fine,2025-01-02,1000.00
"GREENBERG TRAURIG, LLP","Greenberg Traurig, P.A. PAC",John Moolenaar,2025-03-03,1000.00
"GREENBERG TRAURIG, LLP","Greenberg Traurig, P.A. PAC",Gabe Amo,2025-03-20,2500.00
"GREENBERG TRAURIG, LLP","Greenberg Traurig, P.A. PAC",Sydney Kamlager-Dove,2025-05-08,1500.00
"GREENBERG TRAURIG, LLP","Greenberg Traurig, P.A. PAC",Lisa McClain,2025-05-20,1500.00
"GREENBERG TRAURIG, LLP","Greenberg Traurig, P.A. PAC",Nicole Malliotakis,2025-06-05,1000.00
"GREENBERG TRAURIG, LLP","Greenberg Traurig, P.A. PAC",Jimmy Patronis,2025-06-09,1000.00
"GREENBERG TRAURIG, LLP","Greenberg Traurig, P.A. PAC",Nick Langworthy,2025-06-23,1500.00
"GREENBERG TRAURIG, LLP","Greenberg Traurig, P.A. PAC",John Barrasso,2025-01-21,5000.00
"GREENBERG TRAURIG, LLP","Greenberg Traurig, P.A. PAC",Roger Wicker,2025-02-12,5000.00
"GREENBERG TRAURIG, LLP","Greenberg Traurig, P.A. PAC",Chris Coons,2025-02-12,1000.00
"GREENBERG TRAURIG, LLP","Greenberg Traurig, P.A. PAC",Maggie Hassan,2025-03-03,2000.00
"GREENBERG TRAURIG, LLP","Greenberg Traurig, P.A. PAC",Jack Reed,2025-03-20,5000.00
"GREENBERG TRAURIG, LLP","Greenberg Traurig, P.A. PAC",Chris Coons,2025-05-08,1000.00
"GREENBERG TRAURIG, LLP","Greenberg Traurig, P.A. PAC",Jon Husted,2025-05-13,2000.00
"GREENBERG TRAURIG, LLP","Greenberg Traurig, P.A. PAC",Brian Babin,2025-01-31,2000.00
"GREENBERG TRAURIG, LLP","Greenberg Traurig, P.A. PAC",Ben Ray Lujan,2025-02-12,5000.00
"GREENBERG TRAURIG, LLP","Greenberg Traurig, P.A. PAC",August Pfluger,2025-03-04,2500.00
AMERICAN HOTEL & LODGING ASSOCIATION,,HotelPAC,2025-06-01,1137.09
MASSACHUSETTS BIOTECHNOLOGY COUNCIL,,Ed Markey for Senate,2025-03-31,1000.00
MASSACHUSETTS BIOTECHNOLOGY COUNCIL,,Congressman Richard Neal,2025-04-09,2000.00
MASSACHUSETTS BIOTECHNOLOGY COUNCIL,,Congressman Stephen Lynch,2025-04-15,1000.00
MASSACHUSETTS BIOTECHNOLOGY COUNCIL,,MA Democratic Party,2025-06-17,5000.00
MASSACHUSETTS BIOTECHNOLOGY COUNCIL,,Ed Markey for Senate,2025-03-31,1000.00
MASSACHUSETTS BIOTECHNOLOGY COUNCIL,,Congressman Richard Neal,2025-04-09,2000.00
MASSACHUSETTS BIOTECHNOLOGY COUNCIL,,Congressman Stephen Lynch,2025-04-15,1000.00
MASSACHUSETTS BIOTECHNOLOGY COUNCIL,,MA Democratic Party,2025-06-17,5000.00
AMAZON.COM SERVICES LLC,,N/A,2025-05-05,100.00
AMAZON.COM SERVICES LLC,,N/A,2025-05-16,100.00
AMAZON.COM SERVICES LLC,,N/A,2025-06-05,100.00
AMAZON.COM SERVICES LLC,,N/A,2025-06-05,100.00
AMAZON.COM SERVICES LLC,,N/A,2025-06-16,100.00
AMAZON.COM SERVICES LLC,,N/A,2025-01-05,100.00
AMAZON.COM SERVICES LLC,,N/A,2025-01-05,100.00
AMAZON.COM SERVICES LLC,,N/A,2025-01-16,100.00
AMAZON.COM SERVICES LLC,,N/A,2025-01-21,100.00
AMAZON.COM SERVICES LLC,,N/A,2025-02-02,50.00
AMAZON.COM SERVICES LLC,,N/A,2025-02-05,100.00
AMAZON.COM SERVICES LLC,,N/A,2025-02-05,100.00
AMAZON.COM SERVICES LLC,,N/A,2025-02-16,100.00
AMAZON.COM SERVICES LLC,,N/A,2025-02-23,50.00
AMAZON.COM SERVICES LLC,,N/A,2025-03-05,100.00
AMAZON.COM SERVICES LLC,,N/A,2025-03-05,100.00
AMAZON.COM SERVICES LLC,,N/A,2025-03-16,100.00
AMAZON.COM SERVICES LLC,,N/A,2025-04-05,100.00
AMAZON.COM SERVICES LLC,,N/A,2025-04-05,100.00
AMAZON.COM SERVICES LLC,,N/A,2025-04-16,100.00
AMAZON.COM SERVICES LLC,,N/A,2025-05-05,100.00
AMAZON.COM SERVICES LLC,,N/A,2025-05-05,100.00
AMAZON.COM SERVICES LLC,,N/A,2025-05-16,100.00
AMAZON.COM SERVICES LLC,,N/A,2025-06-05,100.00
AMAZON.COM SERVICES LLC,,N/A,2025-06-05,100.00
AMAZON.COM SERVICES LLC,,N/A,2025-06-16,100.00
AMAZON.COM SERVICES LLC,,N/A,2025-01-05,100.00
AMAZON.COM SERVICES LLC,,N/A,2025-01-05,100.00
AMAZON.COM SERVICES LLC,,N/A,2025-01-16,100.00
AMAZON.COM SERVICES LLC,,N/A,2025-01-21,100.00
AMAZON.COM SERVICES LLC,,N/A,2025-02-02,50.00
AMAZON.COM SERVICES LLC,,N/A,2025-02-05,100.00
AMAZON.COM SERVICES LLC,,N/A,2025-02-05,100.00
AMAZON.COM SERVICES LLC,,N/A,2025-02-16,100.00
AMAZON.COM SERVICES LLC,,N/A,2025-02-23,50.00
AMAZON.COM SERVICES LLC,,N/A,2025-03-05,100.00
AMAZON.COM SERVICES LLC,,N/A,2025-03-05,100.00
AMAZON.COM SERVICES LLC,,N/A,2025-03-16,100.00
AMAZON.COM SERVICES LLC,,N/A,2025-04-05,100.00
AMAZON.COM SERVICES LLC,,N/A,2025-04-05,100.00
AMAZON.COM SERVICES LLC,,N/A,2025-04-16,100.00
AMAZON.COM SERVICES LLC,,N/A,2025-05-05,100.00
AMAZON.COM SERVICES LLC,,N/A,2025-05-05,100.00
AMAZON.COM SERVICES LLC,,N/A,2025-05-16,100.00
AMAZON.COM SERVICES LLC,,N/A,2025-06-05,100.00
AMAZON.COM SERVICES LLC,,N/A,2025-06-05,100.00
AMAZON.COM SERVICES LLC,,N/A,2025-06-16,100.00
AMAZON.COM SERVICES LLC,,N/A,2025-01-05,100.00
AMAZON.COM SERVICES LLC,,N/A,2025-01-05,100.00
AMAZON.COM SERVICES LLC,,N/A,2025-01-16,100.00
AMAZON.COM SERVICES LLC,,N/A,2025-01-21,100.00
AMAZON.COM SERVICES LLC,,N/A,2025-02-02,50.00
AMAZON.COM SERVICES LLC,,N/A,2025-02-05,100.00
AMAZON.COM SERVICES LLC,,N/A,2025-02-05,100.00
AMAZON.COM SERVICES LLC,,N/A,2025-02-16,100.00
AMAZON.COM SERVICES LLC,,N/A,2025-02-23,50.00
AMAZON.COM SERVICES LLC,,N/A,2025-03-05,100.00
AMAZON.COM SERVICES LLC,,N/A,2025-03-05,100.00
AMAZON.COM SERVICES LLC,,N/A,2025-03-16,100.00
AMAZON.COM SERVICES LLC,,N/A,2025-04-05,100.00
AMAZON.COM SERVICES LLC,,N/A,2025-04-05,100.00
AMAZON.COM SERVICES LLC,,N/A,2025-04-16,100.00
AMAZON.COM SERVICES LLC,,N/A,2025-05-05,100.00
AMAZON.COM SERVICES LLC,,N/A,2025-05-05,100.00
AMAZON.COM SERVICES LLC,,N/A,2025-05-16,100.00
AMAZON.COM SERVICES LLC,,N/A,2025-06-05,100.00
AMAZON.COM SERVICES LLC,,N/A,2025-06-05,100.00
AMAZON.COM SERVICES LLC,,N/A,2025-06-16,100.00
AMAZON.COM SERVICES LLC,,N/A,2025-01-05,100.00
AMAZON.COM SERVICES LLC,,N/A,2025-01-05,100.00
AMAZON.COM SERVICES LLC,,N/A,2025-01-16,100.00
AMAZON.COM SERVICES LLC,,N/A,2025-01-21,100.00
AMAZON.COM SERVICES LLC,,N/A,2025-02-02,50.00
AMAZON.COM SERVICES LLC,,N/A,2025-02-05,100.00
AMAZON.COM SERVICES LLC,,N/A,2025-02-05,100.00
AMAZON.COM SERVICES LLC,,N/A,2025-02-16,100.00
AMAZON.COM SERVICES LLC,,N/A,2025-02-23,50.00
AMAZON.COM SERVICES LLC,,N/A,2025-03-05,100.00
AMAZON.COM SERVICES LLC,,N/A,2025-03-05,100.00
AMAZON.COM SERVICES LLC,,N/A,2025-03-16,100.00
AMAZON.COM SERVICES LLC,,N/A,2025-04-05,100.00
AMAZON.COM SERVICES LLC,,N/A,2025-04-05,100.00
AMAZON.COM SERVICES LLC,,N/A,2025-04-16,100.00
AMAZON.COM SERVICES LLC,,N/A,2025-05-05,100.00
AMAZON.COM SERVICES LLC,,N/A,2025-05-05,100.00
AMAZON.COM SERVICES LLC,,N/A,2025-05-16,100.00
AMAZON.COM SERVICES LLC,,N/A,2025-06-05,100.00
AMAZON.COM SERVICES LLC,,N/A,2025-06-05,100.00
AMAZON.COM SERVICES LLC,,N/A,2025-06-16,100.00
AMAZON.COM SERVICES LLC,,N/A,2025-01-05,100.00
AMAZON.COM SERVICES LLC,,N/A,2025-01-05,100.00
AMAZON.COM SERVICES LLC,,N/A,2025-01-16,100.00
AMAZON.COM SERVICES LLC,,N/A,2025-01-21,100.00
AMAZON.COM SERVICES LLC,,N/A,2025-02-02,50.00
AMAZON.COM SERVICES LLC,,N/A,2025-02-05,100.00
AMAZON.COM SERVICES LLC,,N/A,2025-02-05,100.00
AMAZON.COM SERVICES LLC,,N/A,2025-02-16,100.00
AMAZON.COM SERVICES LLC,,N/A,2025-02-23,50.00
AMAZON.COM SERVICES LLC,,N/A,2025-03-05,100.00
AMAZON.COM SERVICES LLC,,N/A,2025-03-05,100.00
AMAZON.COM SERVICES LLC,,N/A,2025-03-16,100.00
AMAZON.COM SERVICES LLC,,N/A,2025-04-05,100.00
AMAZON.COM SERVICES LLC,,N/A,2025-04-05,100.00
AMAZON.COM SERVICES LLC,,N/A,2025-04-16,100.00
AMAZON.COM SERVICES LLC,,N/A,2025-05-05,100.00
AMAZON.COM SERVICES LLC,,N/A,2025-05-05,100.00
AMAZON.COM SERVICES LLC,,N/A,2025-05-16,100.00
AMAZON.COM SERVICES LLC,,N/A,2025-06-05,100.00
AMAZON.COM SERVICES LLC,,N/A,2025-06-05,100.00
AMAZON.COM SERVICES LLC,,N/A,2025-06-16,100.00
AMAZON.COM SERVICES LLC,,N/A,2025-01-05,100.00
AMAZON.COM SERVICES LLC,,N/A,2025-01-05,100.00
AMAZON.COM SERVICES LLC,,N/A,2025-01-16,100.00
AMAZON.COM SERVICES LLC,,N/A,2025-01-21,100.00
AMAZON.COM SERVICES LLC,,N/A,2025-02-02,50.00
AMAZON.COM SERVICES LLC,,N/A,2025-02-05,100.00
AMAZON.COM SERVICES LLC,,N/A,2025-02-05,100.00
AMAZON.COM SERVICES LLC,,N/A,2025-02-16,100.00
AMAZON.COM SERVICES LLC,,N/A,2025-02-23,50.00
AMAZON.COM SERVICES LLC,,N/A,2025-03-05,100.00
AMAZON.COM SERVICES LLC,,N/A,2025-03-05,100.00
AMAZON.COM SERVICES LLC,,N/A,2025-03-16,100.00
AMAZON.COM SERVICES LLC,,N/A,2025-04-05,100.00
AMAZON.COM SERVICES LLC,,N/A,2025-04-05,100.00
AMAZON.COM SERVICES LLC,,N/A,2025-04-16,100.00
AMAZON.COM SERVICES LLC,,N/A,2025-05-05,100.00
AMAZON.COM SERVICES LLC,,N/A,2025-05-05,100.00
AMAZON.COM SERVICES LLC,,N/A,2025-05-16,100.00
AMAZON.COM SERVICES LLC,,N/A,2025-06-05,100.00
AMAZON.COM SERVICES LLC,,N/A,2025-06-05,100.00
AMAZON.COM SERVICES LLC,,N/A,2025-06-16,100.00
AMAZON.COM SERVICES LLC,,N/A,2025-01-05,100.00
AMAZON.COM SERVICES LLC,,N/A,2025-01-05,100.00
AMAZON.COM SERVICES LLC,,N/A,2025-01-16,100.00
AMAZON.COM SERVICES LLC,,N/A,2025-01-21,100.00
AMAZON.COM SERVICES LLC,,N/A,2025-02-02,50.00
AMAZON.COM SERVICES LLC,,N/A,2025-02-05,100.00
AMAZON.COM SERVICES LLC,,N/A,2025-02-05,100.00
AMAZON.COM SERVICES LLC,,N/A,2025-02-16,100.00
AMAZON.COM SERVICES LLC,,N/A,2025-02-23,50.00
AMAZON.COM SERVICES LLC,,N/A,2025-03-05,100.00
AMAZON.COM SERVICES LLC,,N/A,2025-03-05,100.00
AMAZON.COM SERVICES LLC,,N/A,2025-03-16,100.00
AMAZON.COM SERVICES LLC,,N/A,2025-04-05,100.00
AMAZON.COM SERVICES LLC,,N/A,2025-04-05,100.00
AMAZON.COM SERVICES LLC,,N/A,2025-04-16,100.00
AMAZON.COM SERVICES LLC,,N/A,2025-05-05,100.00
AMAZON.COM SERVICES LLC,,N/A,2025-05-05,100.00
AMAZON.COM SERVICES LLC,,N/A,2025-05-16,100.00
AMAZON.COM SERVICES LLC,,N/A,2025-06-05,100.00
AMAZON.COM SERVICES LLC,,N/A,2025-06-05,100.00
AMAZON.COM SERVICES LLC,,N/A,2025-06-16,100.00
AMAZON.COM SERVICES LLC,,N/A,2025-01-05,100.00
AMAZON.COM SERVICES LLC,,N/A,2025-01-05,100.00
AMAZON.COM SERVICES LLC,,N/A,2025-01-16,100.00
AMAZON.COM SERVICES LLC,,N/A,2025-01-21,100.00
AMAZON.COM SERVICES LLC,,N/A,2025-02-02,50.00
AMAZON.COM SERVICES LLC,,N/A,2025-02-05,100.00
AMAZON.COM SERVICES LLC,,N/A,2025-02-05,100.00
AMAZON.COM SERVICES LLC,,N/A,2025-02-16,100.00
AMAZON.COM SERVICES LLC,,N/A,2025-02-23,50.00
AMAZON.COM SERVICES LLC,,N/A,2025-03-05,100.00
AMAZON.COM SERVICES LLC,,N/A,2025-03-05,100.00
AMAZON.COM SERVICES LLC,,N/A,2025-03-16,100.00
AMAZON.COM SERVICES LLC,,N/A,2025-04-05,100.00
AMAZON.COM SERVICES LLC,,N/A,2025-04-05,100.00
AMAZON.COM SERVICES LLC,,N/A,2025-04-16,100.00
AMAZON.COM SERVICES LLC,,N/A,2025-05-05,100.00
AMAZON.COM SERVICES LLC,,N/A,2025-05-05,100.00
AMAZON.COM SERVICES LLC,,N/A,2025-05-16,100.00
AMAZON.COM SERVICES LLC,,N/A,2025-06-05,100.00
AMAZON.COM SERVICES LLC,,N/A,2025-06-05,100.00
AMAZON.COM SERVICES LLC,,N/A,2025-06-16,100.00
AMAZON.COM SERVICES LLC,,N/A,2025-01-05,100.00
AMAZON.COM SERVICES LLC,,N/A,2025-01-05,100.00
AMAZON.COM SERVICES LLC,,N/A,2025-01-16,100.00
AMAZON.COM SERVICES LLC,,N/A,2025-01-21,100.00
AMAZON.COM SERVICES LLC,,N/A,2025-02-02,50.00
AMAZON.COM SERVICES LLC,,N/A,2025-02-05,100.00
AMAZON.COM SERVICES LLC,,N/A,2025-02-05,100.00
AMAZON.COM SERVICES LLC,,N/A,2025-02-16,100.00
AMAZON.COM SERVICES LLC,,N/A,2025-02-23,50.00
AMAZON.COM SERVICES LLC,,N/A,2025-03-05,100.00
AMAZON.COM SERVICES LLC,,N/A,2025-03-05,100.00
AMAZON.COM SERVICES LLC,,N/A,2025-03-16,100.00
AMAZON.COM SERVICES LLC,,N/A,2025-04-05,100.00
AMAZON.COM SERVICES LLC,,N/A,2025-04-05,100.00
AMAZON.COM SERVICES LLC,,N/A,2025-04-16,100.00
AMAZON.COM SERVICES LLC,,N/A,2025-05-05,100.00
AMAZON.COM SERVICES LLC,,N/A,2025-05-05,100.00
AMAZON.COM SERVICES LLC,,N/A,2025-05-16,100.00
AMAZON.COM SERVICES LLC,,N/A,2025-06-05,100.00
AMAZON.COM SERVICES LLC,,N/A,2025-06-05,100.00
AMAZON.COM SERVICES LLC,,N/A,2025-06-16,100.00
AMAZON.COM SERVICES LLC,,N/A,2025-01-05,100.00
AMAZON.COM SERVICES LLC,,N/A,2025-01-05,100.00
AMAZON.COM SERVICES LLC,,N/A,2025-01-16,100.00
AMAZON.COM SERVICES LLC,,N/A,2025-01-21,100.00
AMAZON.COM SERVICES LLC,,N/A,2025-02-02,50.00
AMAZON.COM SERVICES LLC,,N/A,2025-02-05,100.00
AMAZON.COM SERVICES LLC,,N/A,2025-02-05,100.00
AMAZON.COM SERVICES LLC,,N/A,2025-02-16,100.00
AMAZON.COM SERVICES LLC,,N/A,2025-02-23,50.00
AMAZON.COM SERVICES LLC,,N/A,2025-03-05,100.00
AMAZON.COM SERVICES LLC,,N/A,2025-03-05,100.00
AMAZON.COM SERVICES LLC,,N/A,2025-03-16,100.00
AMAZON.COM SERVICES LLC,,N/A,2025-04-05,100.00
AMAZON.COM SERVICES LLC,,N/A,2025-04-05,100.00
AMAZON.COM SERVICES LLC,,N/A,2025-04-16,100.00
AMAZON.COM SERVICES LLC,,N/A,2025-05-05,100.00
AMAZON.COM SERVICES LLC,,N/A,2025-05-05,100.00
AMAZON.COM SERVICES LLC,,N/A,2025-05-16,100.00
AMAZON.COM SERVICES LLC,,N/A,2025-06-05,100.00
AMAZON.COM SERVICES LLC,,N/A,2025-06-05,100.00
AMAZON.COM SERVICES LLC,,N/A,2025-06-16,100.00
AMAZON.COM SERVICES LLC,,N/A,2025-01-05,100.00
AMAZON.COM SERVICES LLC,,N/A,2025-01-05,100.00
AMAZON.COM SERVICES LLC,,N/A,2025-01-16,100.00
AMAZON.COM SERVICES LLC,,N/A,2025-01-21,100.00
AMAZON.COM SERVICES LLC,,N/A,2025-02-02,50.00
AMAZON.COM SERVICES LLC,,N/A,2025-02-05,100.00
AMAZON.COM SERVICES LLC,,N/A,2025-02-05,100.00
AMAZON.COM SERVICES LLC,,N/A,2025-02-16,100.00
AMAZON.COM SERVICES LLC,,N/A,2025-02-23,50.00
AMAZON.COM SERVICES LLC,,N/A,2025-03-05,100.00
AMAZON.COM SERVICES LLC,,N/A,2025-03-05,100.00
AMAZON.COM SERVICES LLC,,N/A,2025-03-16,100.00
AMAZON.COM SERVICES LLC,,N/A,2025-04-05,100.00
AMAZON.COM SERVICES LLC,,N/A,2025-04-05,100.00
AMAZON.COM SERVICES LLC,,N/A,2025-04-16,100.00
AMAZON.COM SERVICES LLC,,N/A,2025-05-05,100.00
AMAZON.COM SERVICES LLC,,N/A,2025-05-05,100.00
AMAZON.COM SERVICES LLC,,N/A,2025-05-16,100.00
AMAZON.COM SERVICES LLC,,N/A,2025-06-05,100.00
AMAZON.COM SERVICES LLC,,N/A,2025-06-05,100.00
AMAZON.COM SERVICES LLC,,N/A,2025-06-16,100.00
AMAZON.COM SERVICES LLC,,N/A,2025-01-05,100.00
AMAZON.COM SERVICES LLC,,N/A,2025-01-05,100.00
AMAZON.COM SERVICES LLC,,N/A,2025-01-16,100.00
AMAZON.COM SERVICES LLC,,N/A,2025-01-21,100.00
AMAZON.COM SERVICES LLC,,N/A,2025-02-02,50.00
AMAZON.COM SERVICES LLC,,N/A,2025-02-05,100.00
AMAZON.COM SERVICES LLC,,N/A,2025-02-05,100.00
AMAZON.COM SERVICES LLC,,N/A,2025-02-16,100.00
AMAZON.COM SERVICES LLC,,N/A,2025-02-23,50.00
AMAZON.COM SERVICES LLC,,N/A,2025-03-05,100.00
AMAZON.COM SERVICES LLC,,N/A,2025-03-05,100.00
AMAZON.COM SERVICES LLC,,N/A,2025-03-16,100.00
AMAZON.COM SERVICES LLC,,N/A,2025-04-05,100.00
AMAZON.COM SERVICES LLC,,N/A,2025-04-05,100.00
AMAZON.COM SERVICES LLC,,N/A,2025-04-16,100.00
AMAZON.COM SERVICES LLC,,N/A,2025-05-05,100.00
AMAZON.COM SERVICES LLC,,N/A,2025-05-05,100.00
AMAZON.COM SERVICES LLC,,N/A,2025-05-16,100.00
AMAZON.COM SERVICES LLC,,N/A,2025-06-05,100.00
AMAZON.COM SERVICES LLC,,N/A,2025-06-05,100.00
AMAZON.COM SERVICES LLC,,N/A,2025-06-16,100.00
AMAZON.COM SERVICES LLC,,N/A,2025-01-05,100.00
AMAZON.COM SERVICES LLC,,N/A,2025-01-05,100.00
AMAZON.COM SERVICES LLC,,N/A,2025-01-16,100.00
AMAZON.COM SERVICES LLC,,N/A,2025-01-21,100.00
AMAZON.COM SERVICES LLC,,N/A,2025-02-02,50.00
AMAZON.COM SERVICES LLC,,N/A,2025-02-05,100.00
AMAZON.COM SERVICES LLC,,N/A,2025-02-05,100.00
AMAZON.COM SERVICES LLC,,N/A,2025-02-16,100.00
AMAZON.COM SERVICES LLC,,N/A,2025-02-23,50.00
AMAZON.COM SERVICES LLC,,N/A,2025-03-05,100.00
AMAZON.COM SERVICES LLC,,N/A,2025-03-05,100.00
AMAZON.COM SERVICES LLC,,N/A,2025-03-16,100.00
AMAZON.COM SERVICES LLC,,N/A,2025-04-05,100.00
AMAZON.COM SERVICES LLC,,N/A,2025-04-05,100.00
AMAZON.COM SERVICES LLC,,N/A,2025-04-16,100.00
AMAZON.COM SERVICES LLC,,N/A,2025-05-05,100.00
AMAZON.COM SERVICES LLC,,N/A,2025-05-05,100.00
AMAZON.COM SERVICES LLC,,N/A,2025-05-16,100.00
AMAZON.COM SERVICES LLC,,N/A,2025-06-05,100.00
AMAZON.COM SERVICES LLC,,N/A,2025-06-05,100.00
AMAZON.COM SERVICES LLC,,N/A,2025-06-16,100.00
AMAZON.COM SERVICES LLC,,N/A,2025-01-05,100.00
AMAZON.COM SERVICES LLC,,N/A,2025-01-05,100.00
AMAZON.COM SERVICES LLC,,N/A,2025-01-16,100.00
AMAZON.COM SERVICES LLC,,N/A,2025-01-21,100.00
AMAZON.COM SERVICES LLC,,N/A,2025-02-02,50.00
AMAZON.COM SERVICES LLC,,N/A,2025-02-05,100.00
AMAZON.COM SERVICES LLC,,N/A,2025-02-05,100.00
AMAZON.COM SERVICES LLC,,N/A,2025-02-16,100.00
AMAZON.COM SERVICES LLC,,N/A,2025-02-23,50.00
AMAZON.COM SERVICES LLC,,N/A,2025-03-05,100.00
AMAZON.COM SERVICES LLC,,N/A,2025-03-05,100.00
AMAZON.COM SERVICES LLC,,N/A,2025-03-16,100.00
AMAZON.COM SERVICES LLC,,N/A,2025-04-05,100.00
AMAZON.COM SERVICES LLC,,N/A,2025-04-05,100.00
AMAZON.COM SERVICES LLC,,N/A,2025-04-16,100.00
AMAZON.COM SERVICES LLC,,N/A,2025-05-05,100.00
AMAZON.COM SERVICES LLC,,N/A,2025-05-05,100.00
AMAZON.COM SERVICES LLC,,N/A,2025-05-16,100.00
AMAZON.COM SERVICES LLC,,N/A,2025-06-05,100.00
AMAZON.COM SERVICES LLC,,N/A,2025-06-05,100.00
AMAZON.COM SERVICES LLC,,N/A,2025-06-16,100.00
AMAZON.COM SERVICES LLC,,N/A,2025-01-05,100.00
AMAZON.COM SERVICES LLC,,N/A,2025-01-05,100.00
AMAZON.COM SERVICES LLC,,N/A,2025-01-16,100.00
AMAZON.COM SERVICES LLC,,N/A,2025-01-21,100.00
AMAZON.COM SERVICES LLC,,N/A,2025-02-02,50.00
AMAZON.COM SERVICES LLC,,N/A,2025-02-05,100.00
AMAZON.COM SERVICES LLC,,N/A,2025-02-05,100.00
AMAZON.COM SERVICES LLC,,N/A,2025-02-16,100.00
AMAZON.COM SERVICES LLC,,N/A,2025-02-23,50.00
AMAZON.COM SERVICES LLC,,N/A,2025-03-05,100.00
AMAZON.COM SERVICES LLC,,N/A,2025-03-05,100.00
AMAZON.COM SERVICES LLC,,N/A,2025-03-16,100.00
AMAZON.COM SERVICES LLC,,N/A,2025-04-05,100.00
AMAZON.COM SERVICES LLC,,N/A,2025-04-05,100.00
AMAZON.COM SERVICES LLC,,N/A,2025-04-16,100.00
AMAZON.COM SERVICES LLC,,N/A,2025-05-05,100.00
AMAZON.COM SERVICES LLC,,N/A,2025-05-05,100.00
AMAZON.COM SERVICES LLC,,N/A,2025-05-16,100.00
AMAZON.COM SERVICES LLC,,N/A,2025-06-05,100.00
AMAZON.COM SERVICES LLC,,N/A,2025-06-05,100.00
AMAZON.COM SERVICES LLC,,N/A,2025-06-16,100.00
AMAZON.COM SERVICES LLC,,N/A,2025-01-05,100.00
AMAZON.COM SERVICES LLC,,N/A,2025-01-05,100.00
AMAZON.COM SERVICES LLC,,N/A,2025-01-16,100.00
AMAZON.COM SERVICES LLC,,N/A,2025-01-21,100.00
AMAZON.COM SERVICES LLC,,N/A,2025-02-02,50.00
AMAZON.COM SERVICES LLC,,N/A,2025-02-05,100.00
AMAZON.COM SERVICES LLC,,N/A,2025-02-05,100.00
AMAZON.COM SERVICES LLC,,N/A,2025-02-16,100.00
AMAZON.COM SERVICES LLC,,N/A,2025-02-23,50.00
AMAZON.COM SERVICES LLC,,N/A,2025-03-05,100.00
AMAZON.COM SERVICES LLC,,N/A,2025-03-05,100.00
AMAZON.COM SERVICES LLC,,N/A,2025-03-16,100.00
AMAZON.COM SERVICES LLC,,N/A,2025-04-05,100.00
AMAZON.COM SERVICES LLC,,N/A,2025-04-05,100.00
AMAZON.COM SERVICES LLC,,N/A,2025-04-16,100.00
AMAZON.COM SERVICES LLC,,N/A,2025-05-05,100.00
AMAZON.COM SERVICES LLC,,N/A,2025-05-05,100.00
AMAZON.COM SERVICES LLC,,N/A,2025-05-16,100.00
AMAZON.COM SERVICES LLC,,N/A,2025-06-05,100.00
AMAZON.COM SERVICES LLC,,N/A,2025-06-05,100.00
AMAZON.COM SERVICES LLC,,N/A,2025-06-16,100.00
AMAZON.COM SERVICES LLC,,N/A,2025-01-05,100.00
AMAZON.COM SERVICES LLC,,N/A,2025-01-05,100.00
AMAZON.COM SERVICES LLC,,N/A,2025-01-16,100.00
AMAZON.COM SERVICES LLC,,N/A,2025-01-21,100.00
AMAZON.COM SERVICES LLC,,N/A,2025-02-02,50.00
AMAZON.COM SERVICES LLC,,N/A,2025-02-05,100.00
AMAZON.COM SERVICES LLC,,N/A,2025-02-05,100.00
AMAZON.COM SERVICES LLC,,N/A,2025-02-16,100.00
AMAZON.COM SERVICES LLC,,N/A,2025-02-23,50.00
AMAZON.COM SERVICES LLC,,N/A,2025-03-05,100.00
AMAZON.COM SERVICES LLC,,N/A,2025-03-05,100.00
AMAZON.COM SERVICES LLC,,N/A,2025-03-16,100.00
AMAZON.COM SERVICES LLC,,N/A,2025-04-05,100.00
AMAZON.COM SERVICES LLC,,N/A,2025-04-05,100.00
AMAZON.COM SERVICES LLC,,N/A,2025-04-16,100.00
AMAZON.COM SERVICES LLC,,N/A,2025-05-05,100.00
AMAZON.COM SERVICES LLC,,N/A,2025-05-05,100.00
AMAZON.COM SERVICES LLC,,N/A,2025-05-16,100.00
AMAZON.COM SERVICES LLC,,N/A,2025-06-05,100.00
AMAZON.COM SERVICES LLC,,N/A,2025-06-05,100.00
AMAZON.COM SERVICES LLC,,N/A,2025-06-16,100.00
AMAZON.COM SERVICES LLC,,N/A,2025-01-05,100.00
AMAZON.COM SERVICES LLC,,N/A,2025-01-05,100.00
AMAZON.COM SERVICES LLC,,N/A,2025-01-16,100.00
AMAZON.COM SERVICES LLC,,N/A,2025-01-21,100.00
AMAZON.COM SERVICES LLC,,N/A,2025-02-02,50.00
AMAZON.COM SERVICES LLC,,N/A,2025-02-05,100.00
AMAZON.COM SERVICES LLC,,N/A,2025-02-05,100.00
AMAZON.COM SERVICES LLC,,N/A,2025-02-16,100.00
AMAZON.COM SERVICES LLC,,N/A,2025-02-23,50.00
AMAZON.COM SERVICES LLC,,N/A,2025-03-05,100.00
AMAZON.COM SERVICES LLC,,N/A,2025-03-05,100.00
AMAZON.COM SERVICES LLC,,N/A,2025-03-16,100.00
AMAZON.COM SERVICES LLC,,N/A,2025-04-05,100.00
AMAZON.COM SERVICES LLC,,N/A,2025-04-05,100.00
AMAZON.COM SERVICES LLC,,N/A,2025-04-16,100.00
AMAZON.COM SERVICES LLC,,N/A,2025-05-05,100.00
AMAZON.COM SERVICES LLC,,N/A,2025-05-05,100.00
AMAZON.COM SERVICES LLC,,N/A,2025-05-16,100.00
AMAZON.COM SERVICES LLC,,N/A,2025-06-05,100.00
AMAZON.COM SERVICES LLC,,N/A,2025-06-05,100.00
AMAZON.COM SERVICES LLC,,N/A,2025-06-16,100.00
AMAZON.COM SERVICES LLC,,N/A,2025-01-05,100.00
AMAZON.COM SERVICES LLC,,N/A,2025-01-05,100.00
AMAZON.COM SERVICES LLC,,N/A,2025-01-16,100.00
AMAZON.COM SERVICES LLC,,N/A,2025-01-21,100.00
AMAZON.COM SERVICES LLC,,N/A,2025-02-02,50.00
AMAZON.COM SERVICES LLC,,N/A,2025-02-05,100.00
AMAZON.COM SERVICES LLC,,N/A,2025-02-05,100.00
AMAZON.COM SERVICES LLC,,N/A,2025-02-16,100.00
AMAZON.COM SERVICES LLC,,N/A,2025-02-23,50.00
AMAZON.COM SERVICES LLC,,N/A,2025-03-05,100.00
AMAZON.COM SERVICES LLC,,N/A,2025-03-05,100.00
AMAZON.COM SERVICES LLC,,N/A,2025-03-16,100.00
AMAZON.COM SERVICES LLC,,N/A,2025-04-05,100.00
AMAZON.COM SERVICES LLC,,N/A,2025-04-05,100.00
AMAZON.COM SERVICES LLC,,N/A,2025-04-16,100.00
AMAZON.COM SERVICES LLC,,N/A,2025-05-05,100.00
THE SHERIDAN GROUP,,Sarah McBride for Congress,2025-06-10,150.00
CAPITOL HILL POLICY GROUP LLC,,Sen. Maria Cantwell,2025-03-10,1000.00
CAPITOL HILL POLICY GROUP LLC,,Rep. Brendan Boyle,2025-03-11,500.00
CAPITOL HILL POLICY GROUP LLC,,Sen. Raphael Warnock,2025-05-15,1000.00
CAPITOL HILL POLICY GROUP LLC,,Sen. Ben Ray Lujan,2025-05-20,1000.00
CAPITOL HILL POLICY GROUP LLC,,Sen. Mark Warner,2025-06-27,1000.00
CAPITOL HILL POLICY GROUP LLC,,Sen. Maria Cantwell,2025-03-10,1000.00
CAPITOL HILL POLICY GROUP LLC,,Rep. Brendan Boyle,2025-03-11,500.00
CAPITOL HILL POLICY GROUP LLC,,Sen. Raphael Warnock,2025-05-15,1000.00
CAPITOL HILL POLICY GROUP LLC,,Sen. Ben Ray Lujan,2025-05-20,1000.00
CAPITOL HILL POLICY GROUP LLC,,Sen. Mark Warner,2025-06-27,1000.00
CAPITOL HILL POLICY GROUP LLC,,Sen. Maria Cantwell,2025-03-10,1000.00
CAPITOL HILL POLICY GROUP LLC,,Rep. Brendan Boyle,2025-03-11,500.00
CAPITOL HILL POLICY GROUP LLC,,Sen. Raphael Warnock,2025-05-15,1000.00
CAPITOL HILL POLICY GROUP LLC,,Sen. Ben Ray Lujan,2025-05-20,1000.00
CAPITOL HILL POLICY GROUP LLC,,Sen. Mark Warner,2025-06-27,1000.00
CAPITOL HILL POLICY GROUP LLC,,Sen. Maria Cantwell,2025-03-10,1000.00
CAPITOL HILL POLICY GROUP LLC,,Rep. Brendan Boyle,2025-03-11,500.00
CAPITOL HILL POLICY GROUP LLC,,Sen. Raphael Warnock,2025-05-15,1000.00
CAPITOL HILL POLICY GROUP LLC,,Sen. Ben Ray Lujan,2025-05-20,1000.00
CAPITOL HILL POLICY GROUP LLC,,Sen. Mark Warner,2025-06-27,1000.00
VISTRA CORPORATE SERVICES COMPANY (FKA VISTRA CORP.),Vistra Employee Political Action Committee of Vistra Corp,Rep Marc Veasey,2025-04-03,1000.00
VISTRA CORPORATE SERVICES COMPANY (FKA VISTRA CORP.),Vistra Employee Political Action Committee of Vistra Corp,Rep Darin LaHood,2025-02-13,2500.00
VISTRA CORPORATE SERVICES COMPANY (FKA VISTRA CORP.),Vistra Employee Political Action Committee of Vistra Corp,Rep Pete Sessions,2025-06-12,1000.00
VISTRA CORPORATE SERVICES COMPANY (FKA VISTRA CORP.),Vistra Employee Political Action Committee of Vistra Corp,Rep Jimmy Panetta,2025-02-25,2500.00
VISTRA CORPORATE SERVICES COMPANY (FKA VISTRA CORP.),Vistra Employee Political Action Committee of Vistra Corp,Rep Julie Johnson,2025-02-03,2000.00
VISTRA CORPORATE SERVICES COMPANY (FKA VISTRA CORP.),Vistra Employee Political Action Committee of Vistra Corp,Rep Guy Reschenthaler,2025-04-03,1500.00
VISTRA CORPORATE SERVICES COMPANY (FKA VISTRA CORP.),Vistra Employee Political Action Committee of Vistra Corp,Rep Michael Bost,2025-06-12,2500.00
VISTRA CORPORATE SERVICES COMPANY (FKA VISTRA CORP.),Vistra Employee Political Action Committee of Vistra Corp,Rep Nikki Budzinski,2025-02-13,1000.00
VISTRA CORPORATE SERVICES COMPANY (FKA VISTRA CORP.),Vistra Employee Political Action Committee of Vistra Corp,Rep Nathaniel Moran,2025-05-20,500.00
VISTRA CORPORATE SERVICES COMPANY (FKA VISTRA CORP.),Vistra Employee Political Action Committee of Vistra Corp,Rep Carol Miller,2025-05-20,1000.00
VISTRA CORPORATE SERVICES COMPANY (FKA VISTRA CORP.),Vistra Employee Political Action Committee of Vistra Corp,Rep Chrissy Houlahan,2025-06-12,1000.00
VISTRA CORPORATE SERVICES COMPANY (FKA VISTRA CORP.),Vistra Employee Political Action Committee of Vistra Corp,Rep Bob Latta,2025-06-12,1500.00
VISTRA CORPORATE SERVICES COMPANY (FKA VISTRA CORP.),Vistra Employee Political Action Committee of Vistra Corp,Rep Troy Balderson,2025-06-12,2000.00
VISTRA CORPORATE SERVICES COMPANY (FKA VISTRA CORP.),Vistra Employee Political Action Committee of Vistra Corp,Sen Jon A Husted,2025-03-13,1000.00
VISTRA CORPORATE SERVICES COMPANY (FKA VISTRA CORP.),Vistra Employee Political Action Committee of Vistra Corp,Rep Michael Rulli,2025-05-20,1000.00
VISTRA CORPORATE SERVICES COMPANY (FKA VISTRA CORP.),Vistra Employee Political Action Committee of Vistra Corp,Rep Dave Joyce,2025-05-05,1000.00
VISTRA CORPORATE SERVICES COMPANY (FKA VISTRA CORP.),Vistra Employee Political Action Committee of Vistra Corp,Rep Nathaniel Moran,2025-04-21,1000.00
VISTRA CORPORATE SERVICES COMPANY (FKA VISTRA CORP.),Vistra Employee Political Action Committee of Vistra Corp,Rep Jodey Arrington,2025-04-21,1000.00
VISTRA CORPORATE SERVICES COMPANY (FKA VISTRA CORP.),Vistra Employee Political Action Committee of Vistra Corp,Rep Vicente Gonzalez,2025-04-03,1000.00
VISTRA CORPORATE SERVICES COMPANY (FKA VISTRA CORP.),Vistra Employee Political Action Committee of Vistra Corp,Rep Tom Cole,2025-05-20,2500.00
VISTRA CORPORATE SERVICES COMPANY (FKA VISTRA CORP.),Vistra Employee Political Action Committee of Vistra Corp,Rep Lloyd K Smucker,2025-04-03,1500.00
VISTRA CORPORATE SERVICES COMPANY (FKA VISTRA CORP.),Vistra Employee Political Action Committee of Vistra Corp,Sen Chris Coons,2025-06-12,1500.00
VISTRA CORPORATE SERVICES COMPANY (FKA VISTRA CORP.),Vistra Employee Political Action Committee of Vistra Corp,Rep Tony Gonzales II,2025-05-20,1000.00
VISTRA CORPORATE SERVICES COMPANY (FKA VISTRA CORP.),Vistra Employee Political Action Committee of Vistra Corp,Sen William M Cassidy,2025-06-12,2000.00
VISTRA CORPORATE SERVICES COMPANY (FKA VISTRA CORP.),Vistra Employee Political Action Committee of Vistra Corp,Rep Jimmy Panetta,2025-02-13,1000.00
VISTRA CORPORATE SERVICES COMPANY (FKA VISTRA CORP.),Vistra Employee Political Action Committee of Vistra Corp,Rep Randall Feenstra,2025-02-13,2500.00
VISTRA CORPORATE SERVICES COMPANY (FKA VISTRA CORP.),Vistra Employee Political Action Committee of Vistra Corp,Rep Jay Obernolte,2025-04-03,1000.00
VISTRA CORPORATE SERVICES COMPANY (FKA VISTRA CORP.),Vistra Employee Political Action Committee of Vistra Corp,Rep Paul D Tonko,2025-04-03,1000.00
VISTRA CORPORATE SERVICES COMPANY (FKA VISTRA CORP.),Vistra Employee Political Action Committee of Vistra Corp,Rep Ken Calvert,2025-05-21,2500.00
VISTRA CORPORATE SERVICES COMPANY (FKA VISTRA CORP.),Vistra Employee Political Action Committee of Vistra Corp,Rep David Valadao,2025-04-03,1000.00
VISTRA CORPORATE SERVICES COMPANY (FKA VISTRA CORP.),Vistra Employee Political Action Committee of Vistra Corp,Rep Kevin Hern,2025-06-12,2500.00
VISTRA CORPORATE SERVICES COMPANY (FKA VISTRA CORP.),Vistra Employee Political Action Committee of Vistra Corp,Sen Jon A Husted,2025-06-12,2500.00
VISTRA CORPORATE SERVICES COMPANY (FKA VISTRA CORP.),Vistra Employee Political Action Committee of Vistra Corp,Rep Jodey Arrington,2025-05-20,2000.00
VISTRA CORPORATE SERVICES COMPANY (FKA VISTRA CORP.),Vistra Employee Political Action Committee of Vistra Corp,Rep Roger Williams,2025-02-13,1000.00
VISTRA CORPORATE SERVICES COMPANY (FKA VISTRA CORP.),Vistra Employee Political Action Committee of Vistra Corp,Rep Troy Balderson,2025-02-13,1000.00
VISTRA CORPORATE SERVICES COMPANY (FKA VISTRA CORP.),Vistra Employee Political Action Committee of Vistra Corp,Rep Julia Letlow,2025-03-20,1500.00
VISTRA CORPORATE SERVICES COMPANY (FKA VISTRA CORP.),Vistra Employee Political Action Committee of Vistra Corp,Rep Nathaniel Moran,2025-05-20,1500.00
VISTRA CORPORATE SERVICES COMPANY (FKA VISTRA CORP.),Vistra Employee Political Action Committee of Vistra Corp,Rep Katherine Clark,2025-03-20,1500.00
VISTRA CORPORATE SERVICES COMPANY (FKA VISTRA CORP.),Vistra Employee Political Action Committee of Vistra Corp,Rep Nathaniel Moran,2025-03-20,2500.00
VISTRA CORPORATE SERVICES COMPANY (FKA VISTRA CORP.),Vistra Employee Political Action Committee of Vistra Corp,Rep John Joyce,2025-02-25,2500.00
VISTRA CORPORATE SERVICES COMPANY (FKA VISTRA CORP.),Vistra Employee Political Action Committee of Vistra Corp,Rep Michael Rulli,2025-03-20,1000.00
VISTRA CORPORATE SERVICES COMPANY (FKA VISTRA CORP.),Vistra Employee Political Action Committee of Vistra Corp,Rep Bob Latta,2025-03-20,1000.00
VISTRA CORPORATE SERVICES COMPANY (FKA VISTRA CORP.),Vistra Employee Political Action Committee of Vistra Corp,Rep Marc Veasey,2025-04-03,1000.00
VISTRA CORPORATE SERVICES COMPANY (FKA VISTRA CORP.),Vistra Employee Political Action Committee of Vistra Corp,Sen Shelley Moore Capito,2025-05-21,3000.00
VISTRA CORPORATE SERVICES COMPANY (FKA VISTRA CORP.),Vistra Employee Political Action Committee of Vistra Corp,Rep Lloyd K Smucker,2025-04-03,1000.00
VISTRA CORPORATE SERVICES COMPANY (FKA VISTRA CORP.),Vistra Employee Political Action Committee of Vistra Corp,Rep Greg Landsman,2025-04-03,1000.00
VISTRA CORPORATE SERVICES COMPANY (FKA VISTRA CORP.),Vistra Employee Political Action Committee of Vistra Corp,Rep Salud Carbajal,2025-04-03,2500.00
VISTRA CORPORATE SERVICES COMPANY (FKA VISTRA CORP.),Vistra Employee Political Action Committee of Vistra Corp,John Kevin Ellzey SR,2025-02-13,2000.00
VISTRA CORPORATE SERVICES COMPANY (FKA VISTRA CORP.),Vistra Employee Political Action Committee of Vistra Corp,Rep Brian Fitzpatrick,2025-02-13,1000.00
VISTRA CORPORATE SERVICES COMPANY (FKA VISTRA CORP.),Vistra Employee Political Action Committee of Vistra Corp,August Lee Pfluger II,2025-02-13,5000.00
VISTRA CORPORATE SERVICES COMPANY (FKA VISTRA CORP.),Vistra Employee Political Action Committee of Vistra Corp,Rep Craig Goldman,2025-05-20,1000.00
VISTRA CORPORATE SERVICES COMPANY (FKA VISTRA CORP.),Vistra Employee Political Action Committee of Vistra Corp,Sen Martin Heinrich,2025-06-12,1500.00
VISTRA CORPORATE SERVICES COMPANY (FKA VISTRA CORP.),Vistra Employee Political Action Committee of Vistra Corp,Rep Craig Goldman,2025-04-21,1500.00
VISTRA CORPORATE SERVICES COMPANY (FKA VISTRA CORP.),Vistra Employee Political Action Committee of Vistra Corp,Rep Jodey Arrington,2025-02-03,2000.00
VISTRA CORPORATE SERVICES COMPANY (FKA VISTRA CORP.),Vistra Employee Political Action Committee of Vistra Corp,Rep Brett Guthrie,2025-03-20,1500.00
VISTRA CORPORATE SERVICES COMPANY (FKA VISTRA CORP.),Vistra Employee Political Action Committee of Vistra Corp,Rep Dave Joyce,2025-02-03,1000.00
VISTRA CORPORATE SERVICES COMPANY (FKA VISTRA CORP.),Vistra Employee Political Action Committee of Vistra Corp,Rep Michael Bost,2025-04-21,1000.00
VISTRA CORPORATE SERVICES COMPANY (FKA VISTRA CORP.),Vistra Employee Political Action Committee of Vistra Corp,Rep Randy Weber,2025-06-12,1500.00
VISTRA CORPORATE SERVICES COMPANY (FKA VISTRA CORP.),Vistra Employee Political Action Committee of Vistra Corp,Rep Nikki Budzinski,2025-02-25,2500.00
VISTRA CORPORATE SERVICES COMPANY (FKA VISTRA CORP.),Vistra Employee Political Action Committee of Vistra Corp,Rep Mariannette MillerMeeks,2025-05-20,1000.00
VISTRA CORPORATE SERVICES COMPANY (FKA VISTRA CORP.),Vistra Employee Political Action Committee of Vistra Corp,Rep Ken Calvert,2025-04-03,1000.00
VISTRA CORPORATE SERVICES COMPANY (FKA VISTRA CORP.),Vistra Employee Political Action Committee of Vistra Corp,Rep Rudy Yakym III,2025-02-13,1000.00
VISTRA CORPORATE SERVICES COMPANY (FKA VISTRA CORP.),Vistra Employee Political Action Committee of Vistra Corp,Rep Marc Veasey,2025-04-03,1000.00
VISTRA CORPORATE SERVICES COMPANY (FKA VISTRA CORP.),Vistra Employee Political Action Committee of Vistra Corp,Rep Darin LaHood,2025-02-13,2500.00
VISTRA CORPORATE SERVICES COMPANY (FKA VISTRA CORP.),Vistra Employee Political Action Committee of Vistra Corp,Rep Pete Sessions,2025-06-12,1000.00
VISTRA CORPORATE SERVICES COMPANY (FKA VISTRA CORP.),Vistra Employee Political Action Committee of Vistra Corp,Rep Jimmy Panetta,2025-02-25,2500.00
VISTRA CORPORATE SERVICES COMPANY (FKA VISTRA CORP.),Vistra Employee Political Action Committee of Vistra Corp,Rep Julie Johnson,2025-02-03,2000.00
VISTRA CORPORATE SERVICES COMPANY (FKA VISTRA CORP.),Vistra Employee Political Action Committee of Vistra Corp,Rep Guy Reschenthaler,2025-04-03,1500.00
VISTRA CORPORATE SERVICES COMPANY (FKA VISTRA CORP.),Vistra Employee Political Action Committee of Vistra Corp,Rep Michael Bost,2025-06-12,2500.00
VISTRA CORPORATE SERVICES COMPANY (FKA VISTRA CORP.),Vistra Employee Political Action Committee of Vistra Corp,Rep Nikki Budzinski,2025-02-13,1000.00
VISTRA CORPORATE SERVICES COMPANY (FKA VISTRA CORP.),Vistra Employee Political Action Committee of Vistra Corp,Rep Nathaniel Moran,2025-05-20,500.00
VISTRA CORPORATE SERVICES COMPANY (FKA VISTRA CORP.),Vistra Employee Political Action Committee of Vistra Corp,Rep Carol Miller,2025-05-20,1000.00
VISTRA CORPORATE SERVICES COMPANY (FKA VISTRA CORP.),Vistra Employee Political Action Committee of Vistra Corp,Rep Chrissy Houlahan,2025-06-12,1000.00
VISTRA CORPORATE SERVICES COMPANY (FKA VISTRA CORP.),Vistra Employee Political Action Committee of Vistra Corp,Rep Bob Latta,2025-06-12,1500.00
VISTRA CORPORATE SERVICES COMPANY (FKA VISTRA CORP.),Vistra Employee Political Action Committee of Vistra Corp,Rep Troy Balderson,2025-06-12,2000.00
VISTRA CORPORATE SERVICES COMPANY (FKA VISTRA CORP.),Vistra Employee Political Action Committee of Vistra Corp,Sen Jon A Husted,2025-03-13,1000.00
VISTRA CORPORATE SERVICES COMPANY (FKA VISTRA CORP.),Vistra Employee Political Action Committee of Vistra Corp,Rep Michael Rulli,2025-05-20,1000.00
VISTRA CORPORATE SERVICES COMPANY (FKA VISTRA CORP.),Vistra Employee Political Action Committee of Vistra Corp,Rep Dave Joyce,2025-05-05,1000.00
VISTRA CORPORATE SERVICES COMPANY (FKA VISTRA CORP.),Vistra Employee Political Action Committee of Vistra Corp,Rep Nathaniel Moran,2025-04-21,1000.00
VISTRA CORPORATE SERVICES COMPANY (FKA VISTRA CORP.),Vistra Employee Political Action Committee of Vistra Corp,Rep Jodey Arrington,2025-04-21,1000.00
VISTRA CORPORATE SERVICES COMPANY (FKA VISTRA CORP.),Vistra Employee Political Action Committee of Vistra Corp,Rep Vicente Gonzalez,2025-04-03,1000.00
VISTRA CORPORATE SERVICES COMPANY (FKA VISTRA CORP.),Vistra Employee Political Action Committee of Vistra Corp,Rep Tom Cole,2025-05-20,2500.00
VISTRA CORPORATE SERVICES COMPANY (FKA VISTRA CORP.),Vistra Employee Political Action Committee of Vistra Corp,Rep Lloyd K Smucker,2025-04-03,1500.00
VISTRA CORPORATE SERVICES COMPANY (FKA VISTRA CORP.),Vistra Employee Political Action Committee of Vistra Corp,Sen Chris Coons,2025-06-12,1500.00
VISTRA CORPORATE SERVICES COMPANY (FKA VISTRA CORP.),Vistra Employee Political Action Committee of Vistra Corp,Rep Tony Gonzales II,2025-05-20,1000.00
VISTRA CORPORATE SERVICES COMPANY (FKA VISTRA CORP.),Vistra Employee Political Action Committee of Vistra Corp,Sen William M Cassidy,2025-06-12,2000.00
VISTRA CORPORATE SERVICES COMPANY (FKA VISTRA CORP.),Vistra Employee Political Action Committee of Vistra Corp,Rep Jimmy Panetta,2025-02-13,1000.00
VISTRA CORPORATE SERVICES COMPANY (FKA VISTRA CORP.),Vistra Employee Political Action Committee of Vistra Corp,Rep Randall Feenstra,2025-02-13,2500.00
VISTRA CORPORATE SERVICES COMPANY (FKA VISTRA CORP.),Vistra Employee Political Action Committee of Vistra Corp,Rep Jay Obernolte,2025-04-03,1000.00
VISTRA CORPORATE SERVICES COMPANY (FKA VISTRA CORP.),Vistra Employee Political Action Committee of Vistra Corp,Rep Paul D Tonko,2025-04-03,1000.00
VISTRA CORPORATE SERVICES COMPANY (FKA VISTRA CORP.),Vistra Employee Political Action Committee of Vistra Corp,Rep Ken Calvert,2025-05-21,2500.00
VISTRA CORPORATE SERVICES COMPANY (FKA VISTRA CORP.),Vistra Employee Political Action Committee of Vistra Corp,Rep David Valadao,2025-04-03,1000.00
VISTRA CORPORATE SERVICES COMPANY (FKA VISTRA CORP.),Vistra Employee Political Action Committee of Vistra Corp,Rep Kevin Hern,2025-06-12,2500.00
VISTRA CORPORATE SERVICES COMPANY (FKA VISTRA CORP.),Vistra Employee Political Action Committee of Vistra Corp,Sen Jon A Husted,2025-06-12,2500.00
VISTRA CORPORATE SERVICES COMPANY (FKA VISTRA CORP.),Vistra Employee Political Action Committee of Vistra Corp,Rep Jodey Arrington,2025-05-20,2000.00
VISTRA CORPORATE SERVICES COMPANY (FKA VISTRA CORP.),Vistra Employee Political Action Committee of Vistra Corp,Rep Roger Williams,2025-02-13,1000.00
VISTRA CORPORATE SERVICES COMPANY (FKA VISTRA CORP.),Vistra Employee Political Action Committee of Vistra Corp,Rep Troy Balderson,2025-02-13,1000.00
VISTRA CORPORATE SERVICES COMPANY (FKA VISTRA CORP.),Vistra Employee Political Action Committee of Vistra Corp,Rep Julia Letlow,2025-03-20,1500.00
VISTRA CORPORATE SERVICES COMPANY (FKA VISTRA CORP.),Vistra Employee Political Action Committee of Vistra Corp,Rep Nathaniel Moran,2025-05-20,1500.00
VISTRA CORPORATE SERVICES COMPANY (FKA VISTRA CORP.),Vistra Employee Political Action Committee of Vistra Corp,Rep Katherine Clark,2025-03-20,1500.00
VISTRA CORPORATE SERVICES COMPANY (FKA VISTRA CORP.),Vistra Employee Political Action Committee of Vistra Corp,Rep Nathaniel Moran,2025-03-20,2500.00
VISTRA CORPORATE SERVICES COMPANY (FKA VISTRA CORP.),Vistra Employee Political Action Committee of Vistra Corp,Rep John Joyce,2025-02-25,2500.00
VISTRA CORPORATE SERVICES COMPANY (FKA VISTRA CORP.),Vistra Employee Political Action Committee of Vistra Corp,Rep Michael Rulli,2025-03-20,1000.00
VISTRA CORPORATE SERVICES COMPANY (FKA VISTRA CORP.),Vistra Employee Political Action Committee of Vistra Corp,Rep Bob Latta,2025-03-20,1000.00
VISTRA CORPORATE SERVICES COMPANY (FKA VISTRA CORP.),Vistra Employee Political Action Committee of Vistra Corp,Rep Marc Veasey,2025-04-03,1000.00
VISTRA CORPORATE SERVICES COMPANY (FKA VISTRA CORP.),Vistra Employee Political Action Committee of Vistra Corp,Sen Shelley Moore Capito,2025-05-21,3000.00
VISTRA CORPORATE SERVICES COMPANY (FKA VISTRA CORP.),Vistra Employee Political Action Committee of Vistra Corp,Rep Lloyd K Smucker,2025-04-03,1000.00
VISTRA CORPORATE SERVICES COMPANY (FKA VISTRA CORP.),Vistra Employee Political Action Committee of Vistra Corp,Rep Greg Landsman,2025-04-03,1000.00
VISTRA CORPORATE SERVICES COMPANY (FKA VISTRA CORP.),Vistra Employee Political Action Committee of Vistra Corp,Rep Salud Carbajal,2025-04-03,2500.00
VISTRA CORPORATE SERVICES COMPANY (FKA VISTRA CORP.),Vistra Employee Political Action Committee of Vistra Corp,John Kevin Ellzey SR,2025-02-13,2000.00
VISTRA CORPORATE SERVICES COMPANY (FKA VISTRA CORP.),Vistra Employee Political Action Committee of Vistra Corp,Rep Brian Fitzpatrick,2025-02-13,1000.00
VISTRA CORPORATE SERVICES COMPANY (FKA VISTRA CORP.),Vistra Employee Political Action Committee of Vistra Corp,August Lee Pfluger II,2025-02-13,5000.00
VISTRA CORPORATE SERVICES COMPANY (FKA VISTRA CORP.),Vistra Employee Political Action Committee of Vistra Corp,Rep Craig Goldman,2025-05-20,1000.00
VISTRA CORPORATE SERVICES COMPANY (FKA VISTRA CORP.),Vistra Employee Political Action Committee of Vistra Corp,Sen Martin Heinrich,2025-06-12,1500.00
VISTRA CORPORATE SERVICES COMPANY (FKA VISTRA CORP.),Vistra Employee Political Action Committee of Vistra Corp,Rep Craig Goldman,2025-04-21,1500.00
VISTRA CORPORATE SERVICES COMPANY (FKA VISTRA CORP.),Vistra Employee Political Action Committee of Vistra Corp,Rep Jodey Arrington,2025-02-03,2000.00
VISTRA CORPORATE SERVICES COMPANY (FKA VISTRA CORP.),Vistra Employee Political Action Committee of Vistra Corp,Rep Brett Guthrie,2025-03-20,1500.00
VISTRA CORPORATE SERVICES COMPANY (FKA VISTRA CORP.),Vistra Employee Political Action Committee of Vistra Corp,Rep Dave Joyce,2025-02-03,1000.00
VISTRA CORPORATE SERVICES COMPANY (FKA VISTRA CORP.),Vistra Employee Political Action Committee of Vistra Corp,Rep Michael Bost,2025-04-21,1000.00
VISTRA CORPORATE SERVICES COMPANY (FKA VISTRA CORP.),Vistra Employee Political Action Committee of Vistra Corp,Rep Randy Weber,2025-06-12,1500.00
VISTRA CORPORATE SERVICES COMPANY (FKA VISTRA CORP.),Vistra Employee Political Action Committee of Vistra Corp,Rep Nikki Budzinski,2025-02-25,2500.00
VISTRA CORPORATE SERVICES COMPANY (FKA VISTRA CORP.),Vistra Employee Political Action Committee of Vistra Corp,Rep Mariannette MillerMeeks,2025-05-20,1000.00
VISTRA CORPORATE SERVICES COMPANY (FKA VISTRA CORP.),Vistra Employee Political Action Committee of Vistra Corp,Rep Ken Calvert,2025-04-03,1000.00
VISTRA CORPORATE SERVICES COMPANY (FKA VISTRA CORP.),Vistra Employee Political Action Committee of Vistra Corp,Rep Rudy Yakym III,2025-02-13,1000.00
VISTRA CORPORATE SERVICES COMPANY (FKA VISTRA CORP.),Vistra Employee Political Action Committee of Vistra Corp,Rep Marc Veasey,2025-04-03,1000.00
VISTRA CORPORATE SERVICES COMPANY (FKA VISTRA CORP.),Vistra Employee Political Action Committee of Vistra Corp,Rep Darin LaHood,2025-02-13,2500.00
VISTRA CORPORATE SERVICES COMPANY (FKA VISTRA CORP.),Vistra Employee Political Action Committee of Vistra Corp,Rep Pete Sessions,2025-06-12,1000.00
VISTRA CORPORATE SERVICES COMPANY (FKA VISTRA CORP.),Vistra Employee Political Action Committee of Vistra Corp,Rep Jimmy Panetta,2025-02-25,2500.00
VISTRA CORPORATE SERVICES COMPANY (FKA VISTRA CORP.),Vistra Employee Political Action Committee of Vistra Corp,Rep Julie Johnson,2025-02-03,2000.00
VISTRA CORPORATE SERVICES COMPANY (FKA VISTRA CORP.),Vistra Employee Political Action Committee of Vistra Corp,Rep Guy Reschenthaler,2025-04-03,1500.00
VISTRA CORPORATE SERVICES COMPANY (FKA VISTRA CORP.),Vistra Employee Political Action Committee of Vistra Corp,Rep Michael Bost,2025-06-12,2500.00
VISTRA CORPORATE SERVICES COMPANY (FKA VISTRA CORP.),Vistra Employee Political Action Committee of Vistra Corp,Rep Nikki Budzinski,2025-02-13,1000.00
VISTRA CORPORATE SERVICES COMPANY (FKA VISTRA CORP.),Vistra Employee Political Action Committee of Vistra Corp,Rep Nathaniel Moran,2025-05-20,500.00
VISTRA CORPORATE SERVICES COMPANY (FKA VISTRA CORP.),Vistra Employee Political Action Committee of Vistra Corp,Rep Carol Miller,2025-05-20,1000.00
VISTRA CORPORATE SERVICES COMPANY (FKA VISTRA CORP.),Vistra Employee Political Action Committee of Vistra Corp,Rep Chrissy Houlahan,2025-06-12,1000.00
VISTRA CORPORATE SERVICES COMPANY (FKA VISTRA CORP.),Vistra Employee Political Action Committee of Vistra Corp,Rep Bob Latta,2025-06-12,1500.00
VISTRA CORPORATE SERVICES COMPANY (FKA VISTRA CORP.),Vistra Employee Political Action Committee of Vistra Corp,Rep Troy Balderson,2025-06-12,2000.00
VISTRA CORPORATE SERVICES COMPANY (FKA VISTRA CORP.),Vistra Employee Political Action Committee of Vistra Corp,Sen Jon A Husted,2025-03-13,1000.00
VISTRA CORPORATE SERVICES COMPANY (FKA VISTRA CORP.),Vistra Employee Political Action Committee of Vistra Corp,Rep Michael Rulli,2025-05-20,1000.00
VISTRA CORPORATE SERVICES COMPANY (FKA VISTRA CORP.),Vistra Employee Political Action Committee of Vistra Corp,Rep Dave Joyce,2025-05-05,1000.00
VISTRA CORPORATE SERVICES COMPANY (FKA VISTRA CORP.),Vistra Employee Political Action Committee of Vistra Corp,Rep Nathaniel Moran,2025-04-21,1000.00
VISTRA CORPORATE SERVICES COMPANY (FKA VISTRA CORP.),Vistra Employee Political Action Committee of Vistra Corp,Rep Jodey Arrington,2025-04-21,1000.00
VISTRA CORPORATE SERVICES COMPANY (FKA VISTRA CORP.),Vistra Employee Political Action Committee of Vistra Corp,Rep Vicente Gonzalez,2025-04-03,1000.00
VISTRA CORPORATE SERVICES COMPANY (FKA VISTRA CORP.),Vistra Employee Political Action Committee of Vistra Corp,Rep Tom Cole,2025-05-20,2500.00
VISTRA CORPORATE SERVICES COMPANY (FKA VISTRA CORP.),Vistra Employee Political Action Committee of Vistra Corp,Rep Lloyd K Smucker,2025-04-03,1500.00
VISTRA CORPORATE SERVICES COMPANY (FKA VISTRA CORP.),Vistra Employee Political Action Committee of Vistra Corp,Sen Chris Coons,2025-06-12,1500.00
VISTRA CORPORATE SERVICES COMPANY (FKA VISTRA CORP.),Vistra Employee Political Action Committee of Vistra Corp,Rep Tony Gonzales II,2025-05-20,1000.00
VISTRA CORPORATE SERVICES COMPANY (FKA VISTRA CORP.),Vistra Employee Political Action Committee of Vistra Corp,Sen William M Cassidy,2025-06-12,2000.00
VISTRA CORPORATE SERVICES COMPANY (FKA VISTRA CORP.),Vistra Employee Political Action Committee of Vistra Corp,Rep Jimmy Panetta,2025-02-13,1000.00
VISTRA CORPORATE SERVICES COMPANY (FKA VISTRA CORP.),Vistra Employee Political Action Committee of Vistra Corp,Rep Randall Feenstra,2025-02-13,2500.00
VISTRA CORPORATE SERVICES COMPANY (FKA VISTRA CORP.),Vistra Employee Political Action Committee of Vistra Corp,Rep Jay Obernolte,2025-04-03,1000.00
VISTRA CORPORATE SERVICES COMPANY (FKA VISTRA CORP.),Vistra Employee Political Action Committee of Vistra Corp,Rep Paul D Tonko,2025-04-03,1000.00
VISTRA CORPORATE SERVICES COMPANY (FKA VISTRA CORP.),Vistra Employee Political Action Committee of Vistra Corp,Rep Ken Calvert,2025-05-21,2500.00
VISTRA CORPORATE SERVICES COMPANY (FKA VISTRA CORP.),Vistra Employee Political Action Committee of Vistra Corp,Rep David Valadao,2025-04-03,1000.00
VISTRA CORPORATE SERVICES COMPANY (FKA VISTRA CORP.),Vistra Employee Political Action Committee of Vistra Corp,Rep Kevin Hern,2025-06-12,2500.00
VISTRA CORPORATE SERVICES COMPANY (FKA VISTRA CORP.),Vistra Employee Political Action Committee of Vistra Corp,Sen Jon A Husted,2025-06-12,2500.00
VISTRA CORPORATE SERVICES COMPANY (FKA VISTRA CORP.),Vistra Employee Political Action Committee of Vistra Corp,Rep Jodey Arrington,2025-05-20,2000.00
VISTRA CORPORATE SERVICES COMPANY (FKA VISTRA CORP.),Vistra Employee Political Action Committee of Vistra Corp,Rep Roger Williams,2025-02-13,1000.00
VISTRA CORPORATE SERVICES COMPANY (FKA VISTRA CORP.),Vistra Employee Political Action Committee of Vistra Corp,Rep Troy Balderson,2025-02-13,1000.00
VISTRA CORPORATE SERVICES COMPANY (FKA VISTRA CORP.),Vistra Employee Political Action Committee of Vistra Corp,Rep Julia Letlow,2025-03-20,1500.00
VISTRA CORPORATE SERVICES COMPANY (FKA VISTRA CORP.),Vistra Employee Political Action Committee of Vistra Corp,Rep Nathaniel Moran,2025-05-20,1500.00
VISTRA CORPORATE SERVICES COMPANY (FKA VISTRA CORP.),Vistra Employee Political Action Committee of Vistra Corp,Rep Katherine Clark,2025-03-20,1500.00
VISTRA CORPORATE SERVICES COMPANY (FKA VISTRA CORP.),Vistra Employee Political Action Committee of Vistra Corp,Rep Nathaniel Moran,2025-03-20,2500.00
VISTRA CORPORATE SERVICES COMPANY (FKA VISTRA CORP.),Vistra Employee Political Action Committee of Vistra Corp,Rep John Joyce,2025-02-25,2500.00
VISTRA CORPORATE SERVICES COMPANY (FKA VISTRA CORP.),Vistra Employee Political Action Committee of Vistra Corp,Rep Michael Rulli,2025-03-20,1000.00
VISTRA CORPORATE SERVICES COMPANY (FKA VISTRA CORP.),Vistra Employee Political Action Committee of Vistra Corp,Rep Bob Latta,2025-03-20,1000.00
VISTRA CORPORATE SERVICES COMPANY (FKA VISTRA CORP.),Vistra Employee Political Action Committee of Vistra Corp,Rep Marc Veasey,2025-04-03,1000.00
VISTRA CORPORATE SERVICES COMPANY (FKA VISTRA CORP.),Vistra Employee Political Action Committee of Vistra Corp,Sen Shelley Moore Capito,2025-05-21,3000.00
VISTRA CORPORATE SERVICES COMPANY (FKA VISTRA CORP.),Vistra Employee Political Action Committee of Vistra Corp,Rep Lloyd K Smucker,2025-04-03,1000.00
VISTRA CORPORATE SERVICES COMPANY (FKA VISTRA CORP.),Vistra Employee Political Action Committee of Vistra Corp,Rep Greg Landsman,2025-04-03,1000.00
VISTRA CORPORATE SERVICES COMPANY (FKA VISTRA CORP.),Vistra Employee Political Action Committee of Vistra Corp,Rep Salud Carbajal,2025-04-03,2500.00
VISTRA CORPORATE SERVICES COMPANY (FKA VISTRA CORP.),Vistra Employee Political Action Committee of Vistra Corp,John Kevin Ellzey SR,2025-02-13,2000.00
VISTRA CORPORATE SERVICES COMPANY (FKA VISTRA CORP.),Vistra Employee Political Action Committee of Vistra Corp,Rep Brian Fitzpatrick,2025-02-13,1000.00
VISTRA CORPORATE SERVICES COMPANY (FKA VISTRA CORP.),Vistra Employee Political Action Committee of Vistra Corp,August Lee Pfluger II,2025-02-13,5000.00
VISTRA CORPORATE SERVICES COMPANY (FKA VISTRA CORP.),Vistra Employee Political Action Committee of Vistra Corp,Rep Craig Goldman,2025-05-20,1000.00
VISTRA CORPORATE SERVICES COMPANY (FKA VISTRA CORP.),Vistra Employee Political Action Committee of Vistra Corp,Sen Martin Heinrich,2025-06-12,1500.00
VISTRA CORPORATE SERVICES COMPANY (FKA VISTRA CORP.),Vistra Employee Political Action Committee of Vistra Corp,Rep Craig Goldman,2025-04-21,1500.00
VISTRA CORPORATE SERVICES COMPANY (FKA VISTRA CORP.),Vistra Employee Political Action Committee of Vistra Corp,Rep Jodey Arrington,2025-02-03,2000.00
VISTRA CORPORATE SERVICES COMPANY (FKA VISTRA CORP.),Vistra Employee Political Action Committee of Vistra Corp,Rep Brett Guthrie,2025-03-20,1500.00
VISTRA CORPORATE SERVICES COMPANY (FKA VISTRA CORP.),Vistra Employee Political Action Committee of Vistra Corp,Rep Dave Joyce,2025-02-03,1000.00
VISTRA CORPORATE SERVICES COMPANY (FKA VISTRA CORP.),Vistra Employee Political Action Committee of Vistra Corp,Rep Michael Bost,2025-04-21,1000.00
VISTRA CORPORATE SERVICES COMPANY (FKA VISTRA CORP.),Vistra Employee Political Action Committee of Vistra Corp,Rep Randy Weber,2025-06-12,1500.00
VISTRA CORPORATE SERVICES COMPANY (FKA VISTRA CORP.),Vistra Employee Political Action Committee of Vistra Corp,Rep Nikki Budzinski,2025-02-25,2500.00
VISTRA CORPORATE SERVICES COMPANY (FKA VISTRA CORP.),Vistra Employee Political Action Committee of Vistra Corp,Rep Mariannette MillerMeeks,2025-05-20,1000.00
VISTRA CORPORATE SERVICES COMPANY (FKA VISTRA CORP.),Vistra Employee Political Action Committee of Vistra Corp,Rep Ken Calvert,2025-04-03,1000.00
VISTRA CORPORATE SERVICES COMPANY (FKA VISTRA CORP.),Vistra Employee Political Action Committee of Vistra Corp,Rep Rudy Yakym III,2025-02-13,1000.00
VISTRA CORPORATE SERVICES COMPANY (FKA VISTRA CORP.),Vistra Employee Political Action Committee of Vistra Corp,Rep Marc Veasey,2025-04-03,1000.00
VISTRA CORPORATE SERVICES COMPANY (FKA VISTRA CORP.),Vistra Employee Political Action Committee of Vistra Corp,Rep Darin LaHood,2025-02-13,2500.00
VISTRA CORPORATE SERVICES COMPANY (FKA VISTRA CORP.),Vistra Employee Political Action Committee of Vistra Corp,Rep Pete Sessions,2025-06-12,1000.00
VISTRA CORPORATE SERVICES COMPANY (FKA VISTRA CORP.),Vistra Employee Political Action Committee of Vistra Corp,Rep Jimmy Panetta,2025-02-25,2500.00
VISTRA CORPORATE SERVICES COMPANY (FKA VISTRA CORP.),Vistra Employee Political Action Committee of Vistra Corp,Rep Julie Johnson,2025-02-03,2000.00
VISTRA CORPORATE SERVICES COMPANY (FKA VISTRA CORP.),Vistra Employee Political Action Committee of Vistra Corp,Rep Guy Reschenthaler,2025-04-03,1500.00
VISTRA CORPORATE SERVICES COMPANY (FKA VISTRA CORP.),Vistra Employee Political Action Committee of Vistra Corp,Rep Michael Bost,2025-06-12,2500.00
VISTRA CORPORATE SERVICES COMPANY (FKA VISTRA CORP.),Vistra Employee Political Action Committee of Vistra Corp,Rep Nikki Budzinski,2025-02-13,1000.00
VISTRA CORPORATE SERVICES COMPANY (FKA VISTRA CORP.),Vistra Employee Political Action Committee of Vistra Corp,Rep Nathaniel Moran,2025-05-20,500.00
VISTRA CORPORATE SERVICES COMPANY (FKA VISTRA CORP.),Vistra Employee Political Action Committee of Vistra Corp,Rep Carol Miller,2025-05-20,1000.00
VISTRA CORPORATE SERVICES COMPANY (FKA VISTRA CORP.),Vistra Employee Political Action Committee of Vistra Corp,Rep Chrissy Houlahan,2025-06-12,1000.00
VISTRA CORPORATE SERVICES COMPANY (FKA VISTRA CORP.),Vistra Employee Political Action Committee of Vistra Corp,Rep Bob Latta,2025-06-12,1500.00
VISTRA CORPORATE SERVICES COMPANY (FKA VISTRA CORP.),Vistra Employee Political Action Committee of Vistra Corp,Rep Troy Balderson,2025-06-12,2000.00
VISTRA CORPORATE SERVICES COMPANY (FKA VISTRA CORP.),Vistra Employee Political Action Committee of Vistra Corp,Sen Jon A Husted,2025-03-13,1000.00
VISTRA CORPORATE SERVICES COMPANY (FKA VISTRA CORP.),Vistra Employee Political Action Committee of Vistra Corp,Rep Michael Rulli,2025-05-20,1000.00
VISTRA CORPORATE SERVICES COMPANY (FKA VISTRA CORP.),Vistra Employee Political Action Committee of Vistra Corp,Rep Dave Joyce,2025-05-05,1000.00
VISTRA CORPORATE SERVICES COMPANY (FKA VISTRA CORP.),Vistra Employee Political Action Committee of Vistra Corp,Rep Nathaniel Moran,2025-04-21,1000.00
VISTRA CORPORATE SERVICES COMPANY (FKA VISTRA CORP.),Vistra Employee Political Action Committee of Vistra Corp,Rep Jodey Arrington,2025-04-21,1000.00
VISTRA CORPORATE SERVICES COMPANY (FKA VISTRA CORP.),Vistra Employee Political Action Committee of Vistra Corp,Rep Vicente Gonzalez,2025-04-03,1000.00
VISTRA CORPORATE SERVICES COMPANY (FKA VISTRA CORP.),Vistra Employee Political Action Committee of Vistra Corp,Rep Tom Cole,2025-05-20,2500.00
VISTRA CORPORATE SERVICES COMPANY (FKA VISTRA CORP.),Vistra Employee Political Action Committee of Vistra Corp,Rep Lloyd K Smucker,2025-04-03,1500.00
VISTRA CORPORATE SERVICES COMPANY (FKA VISTRA CORP.),Vistra Employee Political Action Committee of Vistra Corp,Sen Chris Coons,2025-06-12,1500.00
VISTRA CORPORATE SERVICES COMPANY (FKA VISTRA CORP.),Vistra Employee Political Action Committee of Vistra Corp,Rep Tony Gonzales II,2025-05-20,1000.00
VISTRA CORPORATE SERVICES COMPANY (FKA VISTRA CORP.),Vistra Employee Political Action Committee of Vistra Corp,Sen William M Cassidy,2025-06-12,2000.00
VISTRA CORPORATE SERVICES COMPANY (FKA VISTRA CORP.),Vistra Employee Political Action Committee of Vistra Corp,Rep Jimmy Panetta,2025-02-13,1000.00
VISTRA CORPORATE SERVICES COMPANY (FKA VISTRA CORP.),Vistra Employee Political Action Committee of Vistra Corp,Rep Randall Feenstra,2025-02-13,2500.00
VISTRA CORPORATE SERVICES COMPANY (FKA VISTRA CORP.),Vistra Employee Political Action Committee of Vistra Corp,Rep Jay Obernolte,2025-04-03,1000.00
VISTRA CORPORATE SERVICES COMPANY (FKA VISTRA CORP.),Vistra Employee Political Action Committee of Vistra Corp,Rep Paul D Tonko,2025-04-03,1000.00
VISTRA CORPORATE SERVICES COMPANY (FKA VISTRA CORP.),Vistra Employee Political Action Committee of Vistra Corp,Rep Ken Calvert,2025-05-21,2500.00
VISTRA CORPORATE SERVICES COMPANY (FKA VISTRA CORP.),Vistra Employee Political Action Committee of Vistra Corp,Rep David Valadao,2025-04-03,1000.00
VISTRA CORPORATE SERVICES COMPANY (FKA VISTRA CORP.),Vistra Employee Political Action Committee of Vistra Corp,Rep Kevin Hern,2025-06-12,2500.00
VISTRA CORPORATE SERVICES COMPANY (FKA VISTRA CORP.),Vistra Employee Political Action Committee of Vistra Corp,Sen Jon A Husted,2025-06-12,2500.00
VISTRA CORPORATE SERVICES COMPANY (FKA VISTRA CORP.),Vistra Employee Political Action Committee of Vistra Corp,Rep Jodey Arrington,2025-05-20,2000.00
VISTRA CORPORATE SERVICES COMPANY (FKA VISTRA CORP.),Vistra Employee Political Action Committee of Vistra Corp,Rep Roger Williams,2025-02-13,1000.00
VISTRA CORPORATE SERVICES COMPANY (FKA VISTRA CORP.),Vistra Employee Political Action Committee of Vistra Corp,Rep Troy Balderson,2025-02-13,1000.00
VISTRA CORPORATE SERVICES COMPANY (FKA VISTRA CORP.),Vistra Employee Political Action Committee of Vistra Corp,Rep Julia Letlow,2025-03-20,1500.00
VISTRA CORPORATE SERVICES COMPANY (FKA VISTRA CORP.),Vistra Employee Political Action Committee of Vistra Corp,Rep Nathaniel Moran,2025-05-20,1500.00
VISTRA CORPORATE SERVICES COMPANY (FKA VISTRA CORP.),Vistra Employee Political Action Committee of Vistra Corp,Rep Katherine Clark,2025-03-20,1500.00
VISTRA CORPORATE SERVICES COMPANY (FKA VISTRA CORP.),Vistra Employee Political Action Committee of Vistra Corp,Rep Nathaniel Moran,2025-03-20,2500.00
VISTRA CORPORATE SERVICES COMPANY (FKA VISTRA CORP.),Vistra Employee Political Action Committee of Vistra Corp,Rep John Joyce,2025-02-25,2500.00
VISTRA CORPORATE SERVICES COMPANY (FKA VISTRA CORP.),Vistra Employee Political Action Committee of Vistra Corp,Rep Michael Rulli,2025-03-20,1000.00
VISTRA CORPORATE SERVICES COMPANY (FKA VISTRA CORP.),Vistra Employee Political Action Committee of Vistra Corp,Rep Bob Latta,2025-03-20,1000.00
VISTRA CORPORATE SERVICES COMPANY (FKA VISTRA CORP.),Vistra Employee Political Action Committee of Vistra Corp,Rep Marc Veasey,2025-04-03,1000.00
VISTRA CORPORATE SERVICES COMPANY (FKA VISTRA CORP.),Vistra Employee Political Action Committee of Vistra Corp,Sen Shelley Moore Capito,2025-05-21,3000.00
VISTRA CORPORATE SERVICES COMPANY (FKA VISTRA CORP.),Vistra Employee Political Action Committee of Vistra Corp,Rep Lloyd K Smucker,2025-04-03,1000.00
VISTRA CORPORATE SERVICES COMPANY (FKA VISTRA CORP.),Vistra Employee Political Action Committee of Vistra Corp,Rep Greg Landsman,2025-04-03,1000.00
VISTRA CORPORATE SERVICES COMPANY (FKA VISTRA CORP.),Vistra Employee Political Action Committee of Vistra Corp,Rep Salud Carbajal,2025-04-03,2500.00
VISTRA CORPORATE SERVICES COMPANY (FKA VISTRA CORP.),Vistra Employee Political Action Committee of Vistra Corp,John Kevin Ellzey SR,2025-02-13,2000.00
VISTRA CORPORATE SERVICES COMPANY (FKA VISTRA CORP.),Vistra Employee Political Action Committee of Vistra Corp,Rep Brian Fitzpatrick,2025-02-13,1000.00
VISTRA CORPORATE SERVICES COMPANY (FKA VISTRA CORP.),Vistra Employee Political Action Committee of Vistra Corp,August Lee Pfluger II,2025-02-13,5000.00
VISTRA CORPORATE SERVICES COMPANY (FKA VISTRA CORP.),Vistra Employee Political Action Committee of Vistra Corp,Rep Craig Goldman,2025-05-20,1000.00
VISTRA CORPORATE SERVICES COMPANY (FKA VISTRA CORP.),Vistra Employee Political Action Committee of Vistra Corp,Sen Martin Heinrich,2025-06-12,1500.00
VISTRA CORPORATE SERVICES COMPANY (FKA VISTRA CORP.),Vistra Employee Political Action Committee of Vistra Corp,Rep Craig Goldman,2025-04-21,1500.00
VISTRA CORPORATE SERVICES COMPANY (FKA VISTRA CORP.),Vistra Employee Political Action Committee of Vistra Corp,Rep Jodey Arrington,2025-02-03,2000.00
VISTRA CORPORATE SERVICES COMPANY (FKA VISTRA CORP.),Vistra Employee Political Action Committee of Vistra Corp,Rep Brett Guthrie,2025-03-20,1500.00
VISTRA CORPORATE SERVICES COMPANY (FKA VISTRA CORP.),Vistra Employee Political Action Committee of Vistra Corp,Rep Dave Joyce,2025-02-03,1000.00
VISTRA CORPORATE SERVICES COMPANY (FKA VISTRA CORP.),Vistra Employee Political Action Committee of Vistra Corp,Rep Michael Bost,2025-04-21,1000.00
VISTRA CORPORATE SERVICES COMPANY (FKA VISTRA CORP.),Vistra Employee Political Action Committee of Vistra Corp,Rep Randy Weber,2025-06-12,1500.00
VISTRA CORPORATE SERVICES COMPANY (FKA VISTRA CORP.),Vistra Employee Political Action Committee of Vistra Corp,Rep Nikki Budzinski,2025-02-25,2500.00
VISTRA CORPORATE SERVICES COMPANY (FKA VISTRA CORP.),Vistra Employee Political Action Committee of Vistra Corp,Rep Mariannette MillerMeeks,2025-05-20,1000.00
VISTRA CORPORATE SERVICES COMPANY (FKA VISTRA CORP.),Vistra Employee Political Action Committee of Vistra Corp,Rep Ken Calvert,2025-04-03,1000.00
VISTRA CORPORATE SERVICES COMPANY (FKA VISTRA CORP.),Vistra Employee Political Action Committee of Vistra Corp,Rep Rudy Yakym III,2025-02-13,1000.00
VISTRA CORPORATE SERVICES COMPANY (FKA VISTRA CORP.),Vistra Employee Political Action Committee of Vistra Corp,Rep Marc Veasey,2025-04-03,1000.00
VISTRA CORPORATE SERVICES COMPANY (FKA VISTRA CORP.),Vistra Employee Political Action Committee of Vistra Corp,Rep Darin LaHood,2025-02-13,2500.00
VISTRA CORPORATE SERVICES COMPANY (FKA VISTRA CORP.),Vistra Employee Political Action Committee of Vistra Corp,Rep Pete Sessions,2025-06-12,1000.00
VISTRA CORPORATE SERVICES COMPANY (FKA VISTRA CORP.),Vistra Employee Political Action Committee of Vistra Corp,Rep Jimmy Panetta,2025-02-25,2500.00
VISTRA CORPORATE SERVICES COMPANY (FKA VISTRA CORP.),Vistra Employee Political Action Committee of Vistra Corp,Rep Julie Johnson,2025-02-03,2000.00
VISTRA CORPORATE SERVICES COMPANY (FKA VISTRA CORP.),Vistra Employee Political Action Committee of Vistra Corp,Rep Guy Reschenthaler,2025-04-03,1500.00
VISTRA CORPORATE SERVICES COMPANY (FKA VISTRA CORP.),Vistra Employee Political Action Committee of Vistra Corp,Rep Michael Bost,2025-06-12,2500.00
VISTRA CORPORATE SERVICES COMPANY (FKA VISTRA CORP.),Vistra Employee Political Action Committee of Vistra Corp,Rep Nikki Budzinski,2025-02-13,1000.00
VISTRA CORPORATE SERVICES COMPANY (FKA VISTRA CORP.),Vistra Employee Political Action Committee of Vistra Corp,Rep Nathaniel Moran,2025-05-20,500.00
VISTRA CORPORATE SERVICES COMPANY (FKA VISTRA CORP.),Vistra Employee Political Action Committee of Vistra Corp,Rep Carol Miller,2025-05-20,1000.00
VISTRA CORPORATE SERVICES COMPANY (FKA VISTRA CORP.),Vistra Employee Political Action Committee of Vistra Corp,Rep Chrissy Houlahan,2025-06-12,1000.00
VISTRA CORPORATE SERVICES COMPANY (FKA VISTRA CORP.),Vistra Employee Political Action Committee of Vistra Corp,Rep Bob Latta,2025-06-12,1500.00
VISTRA CORPORATE SERVICES COMPANY (FKA VISTRA CORP.),Vistra Employee Political Action Committee of Vistra Corp,Rep Troy Balderson,2025-06-12,2000.00
VISTRA CORPORATE SERVICES COMPANY (FKA VISTRA CORP.),Vistra Employee Political Action Committee of Vistra Corp,Sen Jon A Husted,2025-03-13,1000.00
VISTRA CORPORATE SERVICES COMPANY (FKA VISTRA CORP.),Vistra Employee Political Action Committee of Vistra Corp,Rep Michael Rulli,2025-05-20,1000.00
VISTRA CORPORATE SERVICES COMPANY (FKA VISTRA CORP.),Vistra Employee Political Action Committee of Vistra Corp,Rep Dave Joyce,2025-05-05,1000.00
VISTRA CORPORATE SERVICES COMPANY (FKA VISTRA CORP.),Vistra Employee Political Action Committee of Vistra Corp,Rep Nathaniel Moran,2025-04-21,1000.00
VISTRA CORPORATE SERVICES COMPANY (FKA VISTRA CORP.),Vistra Employee Political Action Committee of Vistra Corp,Rep Jodey Arrington,2025-04-21,1000.00
VISTRA CORPORATE SERVICES COMPANY (FKA VISTRA CORP.),Vistra Employee Political Action Committee of Vistra Corp,Rep Vicente Gonzalez,2025-04-03,1000.00
VISTRA CORPORATE SERVICES COMPANY (FKA VISTRA CORP.),Vistra Employee Political Action Committee of Vistra Corp,Rep Tom Cole,2025-05-20,2500.00
VISTRA CORPORATE SERVICES COMPANY (FKA VISTRA CORP.),Vistra Employee Political Action Committee of Vistra Corp,Rep Lloyd K Smucker,2025-04-03,1500.00
VISTRA CORPORATE SERVICES COMPANY (FKA VISTRA CORP.),Vistra Employee Political Action Committee of Vistra Corp,Sen Chris Coons,2025-06-12,1500.00
VISTRA CORPORATE SERVICES COMPANY (FKA VISTRA CORP.),Vistra Employee Political Action Committee of Vistra Corp,Rep Tony Gonzales II,2025-05-20,1000.00
VISTRA CORPORATE SERVICES COMPANY (FKA VISTRA CORP.),Vistra Employee Political Action Committee of Vistra Corp,Sen William M Cassidy,2025-06-12,2000.00
VISTRA CORPORATE SERVICES COMPANY (FKA VISTRA CORP.),Vistra Employee Political Action Committee of Vistra Corp,Rep Jimmy Panetta,2025-02-13,1000.00
VISTRA CORPORATE SERVICES COMPANY (FKA VISTRA CORP.),Vistra Employee Political Action Committee of Vistra Corp,Rep Randall Feenstra,2025-02-13,2500.00
VISTRA CORPORATE SERVICES COMPANY (FKA VISTRA CORP.),Vistra Employee Political Action Committee of Vistra Corp,Rep Jay Obernolte,2025-04-03,1000.00
VISTRA CORPORATE SERVICES COMPANY (FKA VISTRA CORP.),Vistra Employee Political Action Committee of Vistra Corp,Rep Paul D Tonko,2025-04-03,1000.00
VISTRA CORPORATE SERVICES COMPANY (FKA VISTRA CORP.),Vistra Employee Political Action Committee of Vistra Corp,Rep Ken Calvert,2025-05-21,2500.00
VISTRA CORPORATE SERVICES COMPANY (FKA VISTRA CORP.),Vistra Employee Political Action Committee of Vistra Corp,Rep David Valadao,2025-04-03,1000.00
VISTRA CORPORATE SERVICES COMPANY (FKA VISTRA CORP.),Vistra Employee Political Action Committee of Vistra Corp,Rep Kevin Hern,2025-06-12,2500.00
VISTRA CORPORATE SERVICES COMPANY (FKA VISTRA CORP.),Vistra Employee Political Action Committee of Vistra Corp,Sen Jon A Husted,2025-06-12,2500.00
VISTRA CORPORATE SERVICES COMPANY (FKA VISTRA CORP.),Vistra Employee Political Action Committee of Vistra Corp,Rep Jodey Arrington,2025-05-20,2000.00
VISTRA CORPORATE SERVICES COMPANY (FKA VISTRA CORP.),Vistra Employee Political Action Committee of Vistra Corp,Rep Roger Williams,2025-02-13,1000.00
VISTRA CORPORATE SERVICES COMPANY (FKA VISTRA CORP.),Vistra Employee Political Action Committee of Vistra Corp,Rep Troy Balderson,2025-02-13,1000.00
VISTRA CORPORATE SERVICES COMPANY (FKA VISTRA CORP.),Vistra Employee Political Action Committee of Vistra Corp,Rep Julia Letlow,2025-03-20,1500.00
VISTRA CORPORATE SERVICES COMPANY (FKA VISTRA CORP.),Vistra Employee Political Action Committee of Vistra Corp,Rep Nathaniel Moran,2025-05-20,1500.00
VISTRA CORPORATE SERVICES COMPANY (FKA VISTRA CORP.),Vistra Employee Political Action Committee of Vistra Corp,Rep Katherine Clark,2025-03-20,1500.00
VISTRA CORPORATE SERVICES COMPANY (FKA VISTRA CORP.),Vistra Employee Political Action Committee of Vistra Corp,Rep Nathaniel Moran,2025-03-20,2500.00
VISTRA CORPORATE SERVICES COMPANY (FKA VISTRA CORP.),Vistra Employee Political Action Committee of Vistra Corp,Rep John Joyce,2025-02-25,2500.00
VISTRA CORPORATE SERVICES COMPANY (FKA VISTRA CORP.),Vistra Employee Political Action Committee of Vistra Corp,Rep Michael Rulli,2025-03-20,1000.00
VISTRA CORPORATE SERVICES COMPANY (FKA VISTRA CORP.),Vistra Employee Political Action Committee of Vistra Corp,Rep Bob Latta,2025-03-20,1000.00
VISTRA CORPORATE SERVICES COMPANY (FKA VISTRA CORP.),Vistra Employee Political Action Committee of Vistra Corp,Rep Marc Veasey,2025-04-03,1000.00
VISTRA CORPORATE SERVICES COMPANY (FKA VISTRA CORP.),Vistra Employee Political Action Committee of Vistra Corp,Sen Shelley Moore Capito,2025-05-21,3000.00
VISTRA CORPORATE SERVICES COMPANY (FKA VISTRA CORP.),Vistra Employee Political Action Committee of Vistra Corp,Rep Lloyd K Smucker,2025-04-03,1000.00
VISTRA CORPORATE SERVICES COMPANY (FKA VISTRA CORP.),Vistra Employee Political Action Committee of Vistra Corp,Rep Greg Landsman,2025-04-03,1000.00
VISTRA CORPORATE SERVICES COMPANY (FKA VISTRA CORP.),Vistra Employee Political Action Committee of Vistra Corp,Rep Salud Carbajal,2025-04-03,2500.00
VISTRA CORPORATE SERVICES COMPANY (FKA VISTRA CORP.),Vistra Employee Political Action Committee of Vistra Corp,John Kevin Ellzey SR,2025-02-13,2000.00
VISTRA CORPORATE SERVICES COMPANY (FKA VISTRA CORP.),Vistra Employee Political Action Committee of Vistra Corp,Rep Brian Fitzpatrick,2025-02-13,1000.00
VISTRA CORPORATE SERVICES COMPANY (FKA VISTRA CORP.),Vistra Employee Political Action Committee of Vistra Corp,August Lee Pfluger II,2025-02-13,5000.00
VISTRA CORPORATE SERVICES COMPANY (FKA VISTRA CORP.),Vistra Employee Political Action Committee of Vistra Corp,Rep Craig Goldman,2025-05-20,1000.00
VISTRA CORPORATE SERVICES COMPANY (FKA VISTRA CORP.),Vistra Employee Political Action Committee of Vistra Corp,Sen Martin Heinrich,2025-06-12,1500.00
VISTRA CORPORATE SERVICES COMPANY (FKA VISTRA CORP.),Vistra Employee Political Action Committee of Vistra Corp,Rep Craig Goldman,2025-04-21,1500.00
VISTRA CORPORATE SERVICES COMPANY (FKA VISTRA CORP.),Vistra Employee Political Action Committee of Vistra Corp,Rep Jodey Arrington,2025-02-03,2000.00
VISTRA CORPORATE SERVICES COMPANY (FKA VISTRA CORP.),Vistra Employee Political Action Committee of Vistra Corp,Rep Brett Guthrie,2025-03-20,1500.00
VISTRA CORPORATE SERVICES COMPANY (FKA VISTRA CORP.),Vistra Employee Political Action Committee of Vistra Corp,Rep Dave Joyce,2025-02-03,1000.00
VISTRA CORPORATE SERVICES COMPANY (FKA VISTRA CORP.),Vistra Employee Political Action Committee of Vistra Corp,Rep Michael Bost,2025-04-21,1000.00
VISTRA CORPORATE SERVICES COMPANY (FKA VISTRA CORP.),Vistra Employee Political Action Committee of Vistra Corp,Rep Randy Weber,2025-06-12,1500.00
VISTRA CORPORATE SERVICES COMPANY (FKA VISTRA CORP.),Vistra Employee Political Action Committee of Vistra Corp,Rep Nikki Budzinski,2025-02-25,2500.00
VISTRA CORPORATE SERVICES COMPANY (FKA VISTRA CORP.),Vistra Employee Political Action Committee of Vistra Corp,Rep Mariannette MillerMeeks,2025-05-20,1000.00
VISTRA CORPORATE SERVICES COMPANY (FKA VISTRA CORP.),Vistra Employee Political Action Committee of Vistra Corp,Rep Ken Calvert,2025-04-03,1000.00
VISTRA CORPORATE SERVICES COMPANY (FKA VISTRA CORP.),Vistra Employee Political Action Committee of Vistra Corp,Rep Rudy Yakym III,2025-02-13,1000.00
VISTRA CORPORATE SERVICES COMPANY (FKA VISTRA CORP.),Vistra Employee Political Action Committee of Vistra Corp,Rep Marc Veasey,2025-04-03,1000.00
VISTRA CORPORATE SERVICES COMPANY (FKA VISTRA CORP.),Vistra Employee Political Action Committee of Vistra Corp,Rep Darin LaHood,2025-02-13,2500.00
VISTRA CORPORATE SERVICES COMPANY (FKA VISTRA CORP.),Vistra Employee Political Action Committee of Vistra Corp,Rep Pete Sessions,2025-06-12,1000.00
VISTRA CORPORATE SERVICES COMPANY (FKA VISTRA CORP.),Vistra Employee Political Action Committee of Vistra Corp,Rep Jimmy Panetta,2025-02-25,2500.00
VISTRA CORPORATE SERVICES COMPANY (FKA VISTRA CORP.),Vistra Employee Political Action Committee of Vistra Corp,Rep Julie Johnson,2025-02-03,2000.00
VISTRA CORPORATE SERVICES COMPANY (FKA VISTRA CORP.),Vistra Employee Political Action Committee of Vistra Corp,Rep Guy Reschenthaler,2025-04-03,1500.00
VISTRA CORPORATE SERVICES COMPANY (FKA VISTRA CORP.),Vistra Employee Political Action Committee of Vistra Corp,Rep Michael Bost,2025-06-12,2500.00
VISTRA CORPORATE SERVICES COMPANY (FKA VISTRA CORP.),Vistra Employee Political Action Committee of Vistra Corp,Rep Nikki Budzinski,2025-02-13,1000.00
VISTRA CORPORATE SERVICES COMPANY (FKA VISTRA CORP.),Vistra Employee Political Action Committee of Vistra Corp,Rep Nathaniel Moran,2025-05-20,500.00
VISTRA CORPORATE SERVICES COMPANY (FKA VISTRA CORP.),Vistra Employee Political Action Committee of Vistra Corp,Rep Carol Miller,2025-05-20,1000.00
VISTRA CORPORATE SERVICES COMPANY (FKA VISTRA CORP.),Vistra Employee Political Action Committee of Vistra Corp,Rep Chrissy Houlahan,2025-06-12,1000.00
VISTRA CORPORATE SERVICES COMPANY (FKA VISTRA CORP.),Vistra Employee Political Action Committee of Vistra Corp,Rep Bob Latta,2025-06-12,1500.00
VISTRA CORPORATE SERVICES COMPANY (FKA VISTRA CORP.),Vistra Employee Political Action Committee of Vistra Corp,Rep Troy Balderson,2025-06-12,2000.00
VISTRA CORPORATE SERVICES COMPANY (FKA VISTRA CORP.),Vistra Employee Political Action Committee of Vistra Corp,Sen Jon A Husted,2025-03-13,1000.00
VISTRA CORPORATE SERVICES COMPANY (FKA VISTRA CORP.),Vistra Employee Political Action Committee of Vistra Corp,Rep Michael Rulli,2025-05-20,1000.00
VISTRA CORPORATE SERVICES COMPANY (FKA VISTRA CORP.),Vistra Employee Political Action Committee of Vistra Corp,Rep Dave Joyce,2025-05-05,1000.00
VISTRA CORPORATE SERVICES COMPANY (FKA VISTRA CORP.),Vistra Employee Political Action Committee of Vistra Corp,Rep Nathaniel Moran,2025-04-21,1000.00
VISTRA CORPORATE SERVICES COMPANY (FKA VISTRA CORP.),Vistra Employee Political Action Committee of Vistra Corp,Rep Jodey Arrington,2025-04-21,1000.00
VISTRA CORPORATE SERVICES COMPANY (FKA VISTRA CORP.),Vistra Employee Political Action Committee of Vistra Corp,Rep Vicente Gonzalez,2025-04-03,1000.00
VISTRA CORPORATE SERVICES COMPANY (FKA VISTRA CORP.),Vistra Employee Political Action Committee of Vistra Corp,Rep Tom Cole,2025-05-20,2500.00
VISTRA CORPORATE SERVICES COMPANY (FKA VISTRA CORP.),Vistra Employee Political Action Committee of Vistra Corp,Rep Lloyd K Smucker,2025-04-03,1500.00
VISTRA CORPORATE SERVICES COMPANY (FKA VISTRA CORP.),Vistra Employee Political Action Committee of Vistra Corp,Sen Chris Coons,2025-06-12,1500.00
VISTRA CORPORATE SERVICES COMPANY (FKA VISTRA CORP.),Vistra Employee Political Action Committee of Vistra Corp,Rep Tony Gonzales II,2025-05-20,1000.00
VISTRA CORPORATE SERVICES COMPANY (FKA VISTRA CORP.),Vistra Employee Political Action Committee of Vistra Corp,Sen William M Cassidy,2025-06-12,2000.00
VISTRA CORPORATE SERVICES COMPANY (FKA VISTRA CORP.),Vistra Employee Political Action Committee of Vistra Corp,Rep Jimmy Panetta,2025-02-13,1000.00
VISTRA CORPORATE SERVICES COMPANY (FKA VISTRA CORP.),Vistra Employee Political Action Committee of Vistra Corp,Rep Randall Feenstra,2025-02-13,2500.00
VISTRA CORPORATE SERVICES COMPANY (FKA VISTRA CORP.),Vistra Employee Political Action Committee of Vistra Corp,Rep Jay Obernolte,2025-04-03,1000.00
VISTRA CORPORATE SERVICES COMPANY (FKA VISTRA CORP.),Vistra Employee Political Action Committee of Vistra Corp,Rep Paul D Tonko,2025-04-03,1000.00
VISTRA CORPORATE SERVICES COMPANY (FKA VISTRA CORP.),Vistra Employee Political Action Committee of Vistra Corp,Rep Ken Calvert,2025-05-21,2500.00
VISTRA CORPORATE SERVICES COMPANY (FKA VISTRA CORP.),Vistra Employee Political Action Committee of Vistra Corp,Rep David Valadao,2025-04-03,1000.00
VISTRA CORPORATE SERVICES COMPANY (FKA VISTRA CORP.),Vistra Employee Political Action Committee of Vistra Corp,Rep Kevin Hern,2025-06-12,2500.00
VISTRA CORPORATE SERVICES COMPANY (FKA VISTRA CORP.),Vistra Employee Political Action Committee of Vistra Corp,Sen Jon A Husted,2025-06-12,2500.00
VISTRA CORPORATE SERVICES COMPANY (FKA VISTRA CORP.),Vistra Employee Political Action Committee of Vistra Corp,Rep Jodey Arrington,2025-05-20,2000.00
VISTRA CORPORATE SERVICES COMPANY (FKA VISTRA CORP.),Vistra Employee Political Action Committee of Vistra Corp,Rep Roger Williams,2025-02-13,1000.00
VISTRA CORPORATE SERVICES COMPANY (FKA VISTRA CORP.),Vistra Employee Political Action Committee of Vistra Corp,Rep Troy Balderson,2025-02-13,1000.00
VISTRA CORPORATE SERVICES COMPANY (FKA VISTRA CORP.),Vistra Employee Political Action Committee of Vistra Corp,Rep Julia Letlow,2025-03-20,1500.00
VISTRA CORPORATE SERVICES COMPANY (FKA VISTRA CORP.),Vistra Employee Political Action Committee of Vistra Corp,Rep Nathaniel Moran,2025-05-20,1500.00
VISTRA CORPORATE SERVICES COMPANY (FKA VISTRA CORP.),Vistra Employee Political Action Committee of Vistra Corp,Rep Katherine Clark,2025-03-20,1500.00
VISTRA CORPORATE SERVICES COMPANY (FKA VISTRA CORP.),Vistra Employee Political Action Committee of Vistra Corp,Rep Nathaniel Moran,2025-03-20,2500.00
VISTRA CORPORATE SERVICES COMPANY (FKA VISTRA CORP.),Vistra Employee Political Action Committee of Vistra Corp,Rep John Joyce,2025-02-25,2500.00
VISTRA CORPORATE SERVICES COMPANY (FKA VISTRA CORP.),Vistra Employee Political Action Committee of Vistra Corp,Rep Michael Rulli,2025-03-20,1000.00
VISTRA CORPORATE SERVICES COMPANY (FKA VISTRA CORP.),Vistra Employee Political Action Committee of Vistra Corp,Rep Bob Latta,2025-03-20,1000.00
VISTRA CORPORATE SERVICES COMPANY (FKA VISTRA CORP.),Vistra Employee Political Action Committee of Vistra Corp,Rep Marc Veasey,2025-04-03,1000.00
VISTRA CORPORATE SERVICES COMPANY (FKA VISTRA CORP.),Vistra Employee Political Action Committee of Vistra Corp,Sen Shelley Moore Capito,2025-05-21,3000.00
VISTRA CORPORATE SERVICES COMPANY (FKA VISTRA CORP.),Vistra Employee Political Action Committee of Vistra Corp,Rep Lloyd K Smucker,2025-04-03,1000.00
VISTRA CORPORATE SERVICES COMPANY (FKA VISTRA CORP.),Vistra Employee Political Action Committee of Vistra Corp,Rep Greg Landsman,2025-04-03,1000.00
VISTRA CORPORATE SERVICES COMPANY (FKA VISTRA CORP.),Vistra Employee Political Action Committee of Vistra Corp,Rep Salud Carbajal,2025-04-03,2500.00
VISTRA CORPORATE SERVICES COMPANY (FKA VISTRA CORP.),Vistra Employee Political Action Committee of Vistra Corp,John Kevin Ellzey SR,2025-02-13,2000.00
VISTRA CORPORATE SERVICES COMPANY (FKA VISTRA CORP.),Vistra Employee Political Action Committee of Vistra Corp,Rep Brian Fitzpatrick,2025-02-13,1000.00
VISTRA CORPORATE SERVICES COMPANY (FKA VISTRA CORP.),Vistra Employee Political Action Committee of Vistra Corp,August Lee Pfluger II,2025-02-13,5000.00
VISTRA CORPORATE SERVICES COMPANY (FKA VISTRA CORP.),Vistra Employee Political Action Committee of Vistra Corp,Rep Craig Goldman,2025-05-20,1000.00
VISTRA CORPORATE SERVICES COMPANY (FKA VISTRA CORP.),Vistra Employee Political Action Committee of Vistra Corp,Sen Martin Heinrich,2025-06-12,1500.00
VISTRA CORPORATE SERVICES COMPANY (FKA VISTRA CORP.),Vistra Employee Political Action Committee of Vistra Corp,Rep Craig Goldman,2025-04-21,1500.00
VISTRA CORPORATE SERVICES COMPANY (FKA VISTRA CORP.),Vistra Employee Political Action Committee of Vistra Corp,Rep Jodey Arrington,2025-02-03,2000.00
VISTRA CORPORATE SERVICES COMPANY (FKA VISTRA CORP.),Vistra Employee Political Action Committee of Vistra Corp,Rep Brett Guthrie,2025-03-20,1500.00
VISTRA CORPORATE SERVICES COMPANY (FKA VISTRA CORP.),Vistra Employee Political Action Committee of Vistra Corp,Rep Dave Joyce,2025-02-03,1000.00
VISTRA CORPORATE SERVICES COMPANY (FKA VISTRA CORP.),Vistra Employee Political Action Committee of Vistra Corp,Rep Michael Bost,2025-04-21,1000.00
VISTRA CORPORATE SERVICES COMPANY (FKA VISTRA CORP.),Vistra Employee Political Action Committee of Vistra Corp,Rep Randy Weber,2025-06-12,1500.00
VISTRA CORPORATE SERVICES COMPANY (FKA VISTRA CORP.),Vistra Employee Political Action Committee of Vistra Corp,Rep Nikki Budzinski,2025-02-25,2500.00
VISTRA CORPORATE SERVICES COMPANY (FKA VISTRA CORP.),Vistra Employee Political Action Committee of Vistra Corp,Rep Mariannette MillerMeeks,2025-05-20,1000.00
VISTRA CORPORATE SERVICES COMPANY (FKA VISTRA CORP.),Vistra Employee Political Action Committee of Vistra Corp,Rep Ken Calvert,2025-04-03,1000.00
VISTRA CORPORATE SERVICES COMPANY (FKA VISTRA CORP.),Vistra Employee Political Action Committee of Vistra Corp,Rep Rudy Yakym III,2025-02-13,1000.00
VISTRA CORPORATE SERVICES COMPANY (FKA VISTRA CORP.),Vistra Employee Political Action Committee of Vistra Corp,Rep Marc Veasey,2025-04-03,1000.00
VISTRA CORPORATE SERVICES COMPANY (FKA VISTRA CORP.),Vistra Employee Political Action Committee of Vistra Corp,Rep Darin LaHood,2025-02-13,2500.00
VISTRA CORPORATE SERVICES COMPANY (FKA VISTRA CORP.),Vistra Employee Political Action Committee of Vistra Corp,Rep Pete Sessions,2025-06-12,1000.00
VISTRA CORPORATE SERVICES COMPANY (FKA VISTRA CORP.),Vistra Employee Political Action Committee of Vistra Corp,Rep Jimmy Panetta,2025-02-25,2500.00
VISTRA CORPORATE SERVICES COMPANY (FKA VISTRA CORP.),Vistra Employee Political Action Committee of Vistra Corp,Rep Julie Johnson,2025-02-03,2000.00
VISTRA CORPORATE SERVICES COMPANY (FKA VISTRA CORP.),Vistra Employee Political Action Committee of Vistra Corp,Rep Guy Reschenthaler,2025-04-03,1500.00
VISTRA CORPORATE SERVICES COMPANY (FKA VISTRA CORP.),Vistra Employee Political Action Committee of Vistra Corp,Rep Michael Bost,2025-06-12,2500.00
VISTRA CORPORATE SERVICES COMPANY (FKA VISTRA CORP.),Vistra Employee Political Action Committee of Vistra Corp,Rep Nikki Budzinski,2025-02-13,1000.00
VISTRA CORPORATE SERVICES COMPANY (FKA VISTRA CORP.),Vistra Employee Political Action Committee of Vistra Corp,Rep Nathaniel Moran,2025-05-20,500.00
VISTRA CORPORATE SERVICES COMPANY (FKA VISTRA CORP.),Vistra Employee Political Action Committee of Vistra Corp,Rep Carol Miller,2025-05-20,1000.00
VISTRA CORPORATE SERVICES COMPANY (FKA VISTRA CORP.),Vistra Employee Political Action Committee of Vistra Corp,Rep Chrissy Houlahan,2025-06-12,1000.00
VISTRA CORPORATE SERVICES COMPANY (FKA VISTRA CORP.),Vistra Employee Political Action Committee of Vistra Corp,Rep Bob Latta,2025-06-12,1500.00
VISTRA CORPORATE SERVICES COMPANY (FKA VISTRA CORP.),Vistra Employee Political Action Committee of Vistra Corp,Rep Troy Balderson,2025-06-12,2000.00
VISTRA CORPORATE SERVICES COMPANY (FKA VISTRA CORP.),Vistra Employee Political Action Committee of Vistra Corp,Sen Jon A Husted,2025-03-13,1000.00
VISTRA CORPORATE SERVICES COMPANY (FKA VISTRA CORP.),Vistra Employee Political Action Committee of Vistra Corp,Rep Michael Rulli,2025-05-20,1000.00
VISTRA CORPORATE SERVICES COMPANY (FKA VISTRA CORP.),Vistra Employee Political Action Committee of Vistra Corp,Rep Dave Joyce,2025-05-05,1000.00
VISTRA CORPORATE SERVICES COMPANY (FKA VISTRA CORP.),Vistra Employee Political Action Committee of Vistra Corp,Rep Nathaniel Moran,2025-04-21,1000.00
VISTRA CORPORATE SERVICES COMPANY (FKA VISTRA CORP.),Vistra Employee Political Action Committee of Vistra Corp,Rep Jodey Arrington,2025-04-21,1000.00
VISTRA CORPORATE SERVICES COMPANY (FKA VISTRA CORP.),Vistra Employee Political Action Committee of Vistra Corp,Rep Vicente Gonzalez,2025-04-03,1000.00
VISTRA CORPORATE SERVICES COMPANY (FKA VISTRA CORP.),Vistra Employee Political Action Committee of Vistra Corp,Rep Tom Cole,2025-05-20,2500.00
VISTRA CORPORATE SERVICES COMPANY (FKA VISTRA CORP.),Vistra Employee Political Action Committee of Vistra Corp,Rep Lloyd K Smucker,2025-04-03,1500.00
VISTRA CORPORATE SERVICES COMPANY (FKA VISTRA CORP.),Vistra Employee Political Action Committee of Vistra Corp,Sen Chris Coons,2025-06-12,1500.00
VISTRA CORPORATE SERVICES COMPANY (FKA VISTRA CORP.),Vistra Employee Political Action Committee of Vistra Corp,Rep Tony Gonzales II,2025-05-20,1000.00
VISTRA CORPORATE SERVICES COMPANY (FKA VISTRA CORP.),Vistra Employee Political Action Committee of Vistra Corp,Sen William M Cassidy,2025-06-12,2000.00
VISTRA CORPORATE SERVICES COMPANY (FKA VISTRA CORP.),Vistra Employee Political Action Committee of Vistra Corp,Rep Jimmy Panetta,2025-02-13,1000.00
VISTRA CORPORATE SERVICES COMPANY (FKA VISTRA CORP.),Vistra Employee Political Action Committee of Vistra Corp,Rep Randall Feenstra,2025-02-13,2500.00
VISTRA CORPORATE SERVICES COMPANY (FKA VISTRA CORP.),Vistra Employee Political Action Committee of Vistra Corp,Rep Jay Obernolte,2025-04-03,1000.00
VISTRA CORPORATE SERVICES COMPANY (FKA VISTRA CORP.),Vistra Employee Political Action Committee of Vistra Corp,Rep Paul D Tonko,2025-04-03,1000.00
VISTRA CORPORATE SERVICES COMPANY (FKA VISTRA CORP.),Vistra Employee Political Action Committee of Vistra Corp,Rep Ken Calvert,2025-05-21,2500.00
VISTRA CORPORATE SERVICES COMPANY (FKA VISTRA CORP.),Vistra Employee Political Action Committee of Vistra Corp,Rep David Valadao,2025-04-03,1000.00
VISTRA CORPORATE SERVICES COMPANY (FKA VISTRA CORP.),Vistra Employee Political Action Committee of Vistra Corp,Rep Kevin Hern,2025-06-12,2500.00
VISTRA CORPORATE SERVICES COMPANY (FKA VISTRA CORP.),Vistra Employee Political Action Committee of Vistra Corp,Sen Jon A Husted,2025-06-12,2500.00
VISTRA CORPORATE SERVICES COMPANY (FKA VISTRA CORP.),Vistra Employee Political Action Committee of Vistra Corp,Rep Jodey Arrington,2025-05-20,2000.00
VISTRA CORPORATE SERVICES COMPANY (FKA VISTRA CORP.),Vistra Employee Political Action Committee of Vistra Corp,Rep Roger Williams,2025-02-13,1000.00
VISTRA CORPORATE SERVICES COMPANY (FKA VISTRA CORP.),Vistra Employee Political Action Committee of Vistra Corp,Rep Troy Balderson,2025-02-13,1000.00
VISTRA CORPORATE SERVICES COMPANY (FKA VISTRA CORP.),Vistra Employee Political Action Committee of Vistra Corp,Rep Julia Letlow,2025-03-20,1500.00
VISTRA CORPORATE SERVICES COMPANY (FKA VISTRA CORP.),Vistra Employee Political Action Committee of Vistra Corp,Rep Nathaniel Moran,2025-05-20,1500.00
VISTRA CORPORATE SERVICES COMPANY (FKA VISTRA CORP.),Vistra Employee Political Action Committee of Vistra Corp,Rep Katherine Clark,2025-03-20,1500.00
VISTRA CORPORATE SERVICES COMPANY (FKA VISTRA CORP.),Vistra Employee Political Action Committee of Vistra Corp,Rep Nathaniel Moran,2025-03-20,2500.00
VISTRA CORPORATE SERVICES COMPANY (FKA VISTRA CORP.),Vistra Employee Political Action Committee of Vistra Corp,Rep John Joyce,2025-02-25,2500.00
VISTRA CORPORATE SERVICES COMPANY (FKA VISTRA CORP.),Vistra Employee Political Action Committee of Vistra Corp,Rep Michael Rulli,2025-03-20,1000.00
VISTRA CORPORATE SERVICES COMPANY (FKA VISTRA CORP.),Vistra Employee Political Action Committee of Vistra Corp,Rep Bob Latta,2025-03-20,1000.00
VISTRA CORPORATE SERVICES COMPANY (FKA VISTRA CORP.),Vistra Employee Political Action Committee of Vistra Corp,Rep Marc Veasey,2025-04-03,1000.00
VISTRA CORPORATE SERVICES COMPANY (FKA VISTRA CORP.),Vistra Employee Political Action Committee of Vistra Corp,Sen Shelley Moore Capito,2025-05-21,3000.00
VISTRA CORPORATE SERVICES COMPANY (FKA VISTRA CORP.),Vistra Employee Political Action Committee of Vistra Corp,Rep Lloyd K Smucker,2025-04-03,1000.00
VISTRA CORPORATE SERVICES COMPANY (FKA VISTRA CORP.),Vistra Employee Political Action Committee of Vistra Corp,Rep Greg Landsman,2025-04-03,1000.00
VISTRA CORPORATE SERVICES COMPANY (FKA VISTRA CORP.),Vistra Employee Political Action Committee of Vistra Corp,Rep Salud Carbajal,2025-04-03,2500.00
VISTRA CORPORATE SERVICES COMPANY (FKA VISTRA CORP.),Vistra Employee Political Action Committee of Vistra Corp,John Kevin Ellzey SR,2025-02-13,2000.00
VISTRA CORPORATE SERVICES COMPANY (FKA VISTRA CORP.),Vistra Employee Political Action Committee of Vistra Corp,Rep Brian Fitzpatrick,2025-02-13,1000.00
VISTRA CORPORATE SERVICES COMPANY (FKA VISTRA CORP.),Vistra Employee Political Action Committee of Vistra Corp,August Lee Pfluger II,2025-02-13,5000.00
VISTRA CORPORATE SERVICES COMPANY (FKA VISTRA CORP.),Vistra Employee Political Action Committee of Vistra Corp,Rep Craig Goldman,2025-05-20,1000.00
VISTRA CORPORATE SERVICES COMPANY (FKA VISTRA CORP.),Vistra Employee Political Action Committee of Vistra Corp,Sen Martin Heinrich,2025-06-12,1500.00
VISTRA CORPORATE SERVICES COMPANY (FKA VISTRA CORP.),Vistra Employee Political Action Committee of Vistra Corp,Rep Craig Goldman,2025-04-21,1500.00
VISTRA CORPORATE SERVICES COMPANY (FKA VISTRA CORP.),Vistra Employee Political Action Committee of Vistra Corp,Rep Jodey Arrington,2025-02-03,2000.00
VISTRA CORPORATE SERVICES COMPANY (FKA VISTRA CORP.),Vistra Employee Political Action Committee of Vistra Corp,Rep Brett Guthrie,2025-03-20,1500.00
VISTRA CORPORATE SERVICES COMPANY (FKA VISTRA CORP.),Vistra Employee Political Action Committee of Vistra Corp,Rep Dave Joyce,2025-02-03,1000.00
VISTRA CORPORATE SERVICES COMPANY (FKA VISTRA CORP.),Vistra Employee Political Action Committee of Vistra Corp,Rep Michael Bost,2025-04-21,1000.00
VISTRA CORPORATE SERVICES COMPANY (FKA VISTRA CORP.),Vistra Employee Political Action Committee of Vistra Corp,Rep Randy Weber,2025-06-12,1500.00
VISTRA CORPORATE SERVICES COMPANY (FKA VISTRA CORP.),Vistra Employee Political Action Committee of Vistra Corp,Rep Nikki Budzinski,2025-02-25,2500.00
VISTRA CORPORATE SERVICES COMPANY (FKA VISTRA CORP.),Vistra Employee Political Action Committee of Vistra Corp,Rep Mariannette MillerMeeks,2025-05-20,1000.00
VISTRA CORPORATE SERVICES COMPANY (FKA VISTRA CORP.),Vistra Employee Political Action Committee of Vistra Corp,Rep Ken Calvert,2025-04-03,1000.00
VISTRA CORPORATE SERVICES COMPANY (FKA VISTRA CORP.),Vistra Employee Political Action Committee of Vistra Corp,Rep Rudy Yakym III,2025-02-13,1000.00
VISTRA CORPORATE SERVICES COMPANY (FKA VISTRA CORP.),Vistra Employee Political Action Committee of Vistra Corp,Rep Marc Veasey,2025-04-03,1000.00
VISTRA CORPORATE SERVICES COMPANY (FKA VISTRA CORP.),Vistra Employee Political Action Committee of Vistra Corp,Rep Darin LaHood,2025-02-13,2500.00
VISTRA CORPORATE SERVICES COMPANY (FKA VISTRA CORP.),Vistra Employee Political Action Committee of Vistra Corp,Rep Pete Sessions,2025-06-12,1000.00
VISTRA CORPORATE SERVICES COMPANY (FKA VISTRA CORP.),Vistra Employee Political Action Committee of Vistra Corp,Rep Jimmy Panetta,2025-02-25,2500.00
VISTRA CORPORATE SERVICES COMPANY (FKA VISTRA CORP.),Vistra Employee Political Action Committee of Vistra Corp,Rep Julie Johnson,2025-02-03,2000.00
VISTRA CORPORATE SERVICES COMPANY (FKA VISTRA CORP.),Vistra Employee Political Action Committee of Vistra Corp,Rep Guy Reschenthaler,2025-04-03,1500.00
VISTRA CORPORATE SERVICES COMPANY (FKA VISTRA CORP.),Vistra Employee Political Action Committee of Vistra Corp,Rep Michael Bost,2025-06-12,2500.00
VISTRA CORPORATE SERVICES COMPANY (FKA VISTRA CORP.),Vistra Employee Political Action Committee of Vistra Corp,Rep Nikki Budzinski,2025-02-13,1000.00
VISTRA CORPORATE SERVICES COMPANY (FKA VISTRA CORP.),Vistra Employee Political Action Committee of Vistra Corp,Rep Nathaniel Moran,2025-05-20,500.00
VISTRA CORPORATE SERVICES COMPANY (FKA VISTRA CORP.),Vistra Employee Political Action Committee of Vistra Corp,Rep Carol Miller,2025-05-20,1000.00
VISTRA CORPORATE SERVICES COMPANY (FKA VISTRA CORP.),Vistra Employee Political Action Committee of Vistra Corp,Rep Chrissy Houlahan,2025-06-12,1000.00
VISTRA CORPORATE SERVICES COMPANY (FKA VISTRA CORP.),Vistra Employee Political Action Committee of Vistra Corp,Rep Bob Latta,2025-06-12,1500.00
VISTRA CORPORATE SERVICES COMPANY (FKA VISTRA CORP.),Vistra Employee Political Action Committee of Vistra Corp,Rep Troy Balderson,2025-06-12,2000.00
VISTRA CORPORATE SERVICES COMPANY (FKA VISTRA CORP.),Vistra Employee Political Action Committee of Vistra Corp,Sen Jon A Husted,2025-03-13,1000.00
VISTRA CORPORATE SERVICES COMPANY (FKA VISTRA CORP.),Vistra Employee Political Action Committee of Vistra Corp,Rep Michael Rulli,2025-05-20,1000.00
VISTRA CORPORATE SERVICES COMPANY (FKA VISTRA CORP.),Vistra Employee Political Action Committee of Vistra Corp,Rep Dave Joyce,2025-05-05,1000.00
VISTRA CORPORATE SERVICES COMPANY (FKA VISTRA CORP.),Vistra Employee Political Action Committee of Vistra Corp,Rep Nathaniel Moran,2025-04-21,1000.00
VISTRA CORPORATE SERVICES COMPANY (FKA VISTRA CORP.),Vistra Employee Political Action Committee of Vistra Corp,Rep Jodey Arrington,2025-04-21,1000.00
VISTRA CORPORATE SERVICES COMPANY (FKA VISTRA CORP.),Vistra Employee Political Action Committee of Vistra Corp,Rep Vicente Gonzalez,2025-04-03,1000.00
VISTRA CORPORATE SERVICES COMPANY (FKA VISTRA CORP.),Vistra Employee Political Action Committee of Vistra Corp,Rep Tom Cole,2025-05-20,2500.00
VISTRA CORPORATE SERVICES COMPANY (FKA VISTRA CORP.),Vistra Employee Political Action Committee of Vistra Corp,Rep Lloyd K Smucker,2025-04-03,1500.00
VISTRA CORPORATE SERVICES COMPANY (FKA VISTRA CORP.),Vistra Employee Political Action Committee of Vistra Corp,Sen Chris Coons,2025-06-12,1500.00
VISTRA CORPORATE SERVICES COMPANY (FKA VISTRA CORP.),Vistra Employee Political Action Committee of Vistra Corp,Rep Tony Gonzales II,2025-05-20,1000.00
VISTRA CORPORATE SERVICES COMPANY (FKA VISTRA CORP.),Vistra Employee Political Action Committee of Vistra Corp,Sen William M Cassidy,2025-06-12,2000.00
VISTRA CORPORATE SERVICES COMPANY (FKA VISTRA CORP.),Vistra Employee Political Action Committee of Vistra Corp,Rep Jimmy Panetta,2025-02-13,1000.00
VISTRA CORPORATE SERVICES COMPANY (FKA VISTRA CORP.),Vistra Employee Political Action Committee of Vistra Corp,Rep Randall Feenstra,2025-02-13,2500.00
VISTRA CORPORATE SERVICES COMPANY (FKA VISTRA CORP.),Vistra Employee Political Action Committee of Vistra Corp,Rep Jay Obernolte,2025-04-03,1000.00
VISTRA CORPORATE SERVICES COMPANY (FKA VISTRA CORP.),Vistra Employee Political Action Committee of Vistra Corp,Rep Paul D Tonko,2025-04-03,1000.00
VISTRA CORPORATE SERVICES COMPANY (FKA VISTRA CORP.),Vistra Employee Political Action Committee of Vistra Corp,Rep Ken Calvert,2025-05-21,2500.00
VISTRA CORPORATE SERVICES COMPANY (FKA VISTRA CORP.),Vistra Employee Political Action Committee of Vistra Corp,Rep David Valadao,2025-04-03,1000.00
VISTRA CORPORATE SERVICES COMPANY (FKA VISTRA CORP.),Vistra Employee Political Action Committee of Vistra Corp,Rep Kevin Hern,2025-06-12,2500.00
VISTRA CORPORATE SERVICES COMPANY (FKA VISTRA CORP.),Vistra Employee Political Action Committee of Vistra Corp,Sen Jon A Husted,2025-06-12,2500.00
VISTRA CORPORATE SERVICES COMPANY (FKA VISTRA CORP.),Vistra Employee Political Action Committee of Vistra Corp,Rep Jodey Arrington,2025-05-20,2000.00
VISTRA CORPORATE SERVICES COMPANY (FKA VISTRA CORP.),Vistra Employee Political Action Committee of Vistra Corp,Rep Roger Williams,2025-02-13,1000.00
VISTRA CORPORATE SERVICES COMPANY (FKA VISTRA CORP.),Vistra Employee Political Action Committee of Vistra Corp,Rep Troy Balderson,2025-02-13,1000.00
VISTRA CORPORATE SERVICES COMPANY (FKA VISTRA CORP.),Vistra Employee Political Action Committee of Vistra Corp,Rep Julia Letlow,2025-03-20,1500.00
VISTRA CORPORATE SERVICES COMPANY (FKA VISTRA CORP.),Vistra Employee Political Action Committee of Vistra Corp,Rep Nathaniel Moran,2025-05-20,1500.00
VISTRA CORPORATE SERVICES COMPANY (FKA VISTRA CORP.),Vistra Employee Political Action Committee of Vistra Corp,Rep Katherine Clark,2025-03-20,1500.00
VISTRA CORPORATE SERVICES COMPANY (FKA VISTRA CORP.),Vistra Employee Political Action Committee of Vistra Corp,Rep Nathaniel Moran,2025-03-20,2500.00
VISTRA CORPORATE SERVICES COMPANY (FKA VISTRA CORP.),Vistra Employee Political Action Committee of Vistra Corp,Rep John Joyce,2025-02-25,2500.00
VISTRA CORPORATE SERVICES COMPANY (FKA VISTRA CORP.),Vistra Employee Political Action Committee of Vistra Corp,Rep Michael Rulli,2025-03-20,1000.00
VISTRA CORPORATE SERVICES COMPANY (FKA VISTRA CORP.),Vistra Employee Political Action Committee of Vistra Corp,Rep Bob Latta,2025-03-20,1000.00
VISTRA CORPORATE SERVICES COMPANY (FKA VISTRA CORP.),Vistra Employee Political Action Committee of Vistra Corp,Rep Marc Veasey,2025-04-03,1000.00
VISTRA CORPORATE SERVICES COMPANY (FKA VISTRA CORP.),Vistra Employee Political Action Committee of Vistra Corp,Sen Shelley Moore Capito,2025-05-21,3000.00
VISTRA CORPORATE SERVICES COMPANY (FKA VISTRA CORP.),Vistra Employee Political Action Committee of Vistra Corp,Rep Lloyd K Smucker,2025-04-03,1000.00
VISTRA CORPORATE SERVICES COMPANY (FKA VISTRA CORP.),Vistra Employee Political Action Committee of Vistra Corp,Rep Greg Landsman,2025-04-03,1000.00
VISTRA CORPORATE SERVICES COMPANY (FKA VISTRA CORP.),Vistra Employee Political Action Committee of Vistra Corp,Rep Salud Carbajal,2025-04-03,2500.00
VISTRA CORPORATE SERVICES COMPANY (FKA VISTRA CORP.),Vistra Employee Political Action Committee of Vistra Corp,John Kevin Ellzey SR,2025-02-13,2000.00
VISTRA CORPORATE SERVICES COMPANY (FKA VISTRA CORP.),Vistra Employee Political Action Committee of Vistra Corp,Rep Brian Fitzpatrick,2025-02-13,1000.00
VISTRA CORPORATE SERVICES COMPANY (FKA VISTRA CORP.),Vistra Employee Political Action Committee of Vistra Corp,August Lee Pfluger II,2025-02-13,5000.00
VISTRA CORPORATE SERVICES COMPANY (FKA VISTRA CORP.),Vistra Employee Political Action Committee of Vistra Corp,Rep Craig Goldman,2025-05-20,1000.00
VISTRA CORPORATE SERVICES COMPANY (FKA VISTRA CORP.),Vistra Employee Political Action Committee of Vistra Corp,Sen Martin Heinrich,2025-06-12,1500.00
VISTRA CORPORATE SERVICES COMPANY (FKA VISTRA CORP.),Vistra Employee Political Action Committee of Vistra Corp,Rep Craig Goldman,2025-04-21,1500.00
VISTRA CORPORATE SERVICES COMPANY (FKA VISTRA CORP.),Vistra Employee Political Action Committee of Vistra Corp,Rep Jodey Arrington,2025-02-03,2000.00
VISTRA CORPORATE SERVICES COMPANY (FKA VISTRA CORP.),Vistra Employee Political Action Committee of Vistra Corp,Rep Brett Guthrie,2025-03-20,1500.00
VISTRA CORPORATE SERVICES COMPANY (FKA VISTRA CORP.),Vistra Employee Political Action Committee of Vistra Corp,Rep Dave Joyce,2025-02-03,1000.00
VISTRA CORPORATE SERVICES COMPANY (FKA VISTRA CORP.),Vistra Employee Political Action Committee of Vistra Corp,Rep Michael Bost,2025-04-21,1000.00
VISTRA CORPORATE SERVICES COMPANY (FKA VISTRA CORP.),Vistra Employee Political Action Committee of Vistra Corp,Rep Randy Weber,2025-06-12,1500.00
VISTRA CORPORATE SERVICES COMPANY (FKA VISTRA CORP.),Vistra Employee Political Action Committee of Vistra Corp,Rep Nikki Budzinski,2025-02-25,2500.00
VISTRA CORPORATE SERVICES COMPANY (FKA VISTRA CORP.),Vistra Employee Political Action Committee of Vistra Corp,Rep Mariannette MillerMeeks,2025-05-20,1000.00
VISTRA CORPORATE SERVICES COMPANY (FKA VISTRA CORP.),Vistra Employee Political Action Committee of Vistra Corp,Rep Ken Calvert,2025-04-03,1000.00
VISTRA CORPORATE SERVICES COMPANY (FKA VISTRA CORP.),Vistra Employee Political Action Committee of Vistra Corp,Rep Rudy Yakym III,2025-02-13,1000.00
VISTRA CORPORATE SERVICES COMPANY (FKA VISTRA CORP.),Vistra Employee Political Action Committee of Vistra Corp,Rep Marc Veasey,2025-04-03,1000.00
VISTRA CORPORATE SERVICES COMPANY (FKA VISTRA CORP.),Vistra Employee Political Action Committee of Vistra Corp,Rep Darin LaHood,2025-02-13,2500.00
VISTRA CORPORATE SERVICES COMPANY (FKA VISTRA CORP.),Vistra Employee Political Action Committee of Vistra Corp,Rep Pete Sessions,2025-06-12,1000.00
VISTRA CORPORATE SERVICES COMPANY (FKA VISTRA CORP.),Vistra Employee Political Action Committee of Vistra Corp,Rep Jimmy Panetta,2025-02-25,2500.00
VISTRA CORPORATE SERVICES COMPANY (FKA VISTRA CORP.),Vistra Employee Political Action Committee of Vistra Corp,Rep Julie Johnson,2025-02-03,2000.00
VISTRA CORPORATE SERVICES COMPANY (FKA VISTRA CORP.),Vistra Employee Political Action Committee of Vistra Corp,Rep Guy Reschenthaler,2025-04-03,1500.00
VISTRA CORPORATE SERVICES COMPANY (FKA VISTRA CORP.),Vistra Employee Political Action Committee of Vistra Corp,Rep Michael Bost,2025-06-12,2500.00
VISTRA CORPORATE SERVICES COMPANY (FKA VISTRA CORP.),Vistra Employee Political Action Committee of Vistra Corp,Rep Nikki Budzinski,2025-02-13,1000.00
VISTRA CORPORATE SERVICES COMPANY (FKA VISTRA CORP.),Vistra Employee Political Action Committee of Vistra Corp,Rep Nathaniel Moran,2025-05-20,500.00
VISTRA CORPORATE SERVICES COMPANY (FKA VISTRA CORP.),Vistra Employee Political Action Committee of Vistra Corp,Rep Carol Miller,2025-05-20,1000.00
VISTRA CORPORATE SERVICES COMPANY (FKA VISTRA CORP.),Vistra Employee Political Action Committee of Vistra Corp,Rep Chrissy Houlahan,2025-06-12,1000.00
VISTRA CORPORATE SERVICES COMPANY (FKA VISTRA CORP.),Vistra Employee Political Action Committee of Vistra Corp,Rep Bob Latta,2025-06-12,1500.00
VISTRA CORPORATE SERVICES COMPANY (FKA VISTRA CORP.),Vistra Employee Political Action Committee of Vistra Corp,Rep Troy Balderson,2025-06-12,2000.00
VISTRA CORPORATE SERVICES COMPANY (FKA VISTRA CORP.),Vistra Employee Political Action Committee of Vistra Corp,Sen Jon A Husted,2025-03-13,1000.00
VISTRA CORPORATE SERVICES COMPANY (FKA VISTRA CORP.),Vistra Employee Political Action Committee of Vistra Corp,Rep Michael Rulli,2025-05-20,1000.00
VISTRA CORPORATE SERVICES COMPANY (FKA VISTRA CORP.),Vistra Employee Political Action Committee of Vistra Corp,Rep Dave Joyce,2025-05-05,1000.00
VISTRA CORPORATE SERVICES COMPANY (FKA VISTRA CORP.),Vistra Employee Political Action Committee of Vistra Corp,Rep Nathaniel Moran,2025-04-21,1000.00
VISTRA CORPORATE SERVICES COMPANY (FKA VISTRA CORP.),Vistra Employee Political Action Committee of Vistra Corp,Rep Jodey Arrington,2025-04-21,1000.00
VISTRA CORPORATE SERVICES COMPANY (FKA VISTRA CORP.),Vistra Employee Political Action Committee of Vistra Corp,Rep Vicente Gonzalez,2025-04-03,1000.00
VISTRA CORPORATE SERVICES COMPANY (FKA VISTRA CORP.),Vistra Employee Political Action Committee of Vistra Corp,Rep Tom Cole,2025-05-20,2500.00
VISTRA CORPORATE SERVICES COMPANY (FKA VISTRA CORP.),Vistra Employee Political Action Committee of Vistra Corp,Rep Lloyd K Smucker,2025-04-03,1500.00
VISTRA CORPORATE SERVICES COMPANY (FKA VISTRA CORP.),Vistra Employee Political Action Committee of Vistra Corp,Sen Chris Coons,2025-06-12,1500.00
VISTRA CORPORATE SERVICES COMPANY (FKA VISTRA CORP.),Vistra Employee Political Action Committee of Vistra Corp,Rep Tony Gonzales II,2025-05-20,1000.00
VISTRA CORPORATE SERVICES COMPANY (FKA VISTRA CORP.),Vistra Employee Political Action Committee of Vistra Corp,Sen William M Cassidy,2025-06-12,2000.00
VISTRA CORPORATE SERVICES COMPANY (FKA VISTRA CORP.),Vistra Employee Political Action Committee of Vistra Corp,Rep Jimmy Panetta,2025-02-13,1000.00
VISTRA CORPORATE SERVICES COMPANY (FKA VISTRA CORP.),Vistra Employee Political Action Committee of Vistra Corp,Rep Randall Feenstra,2025-02-13,2500.00
VISTRA CORPORATE SERVICES COMPANY (FKA VISTRA CORP.),Vistra Employee Political Action Committee of Vistra Corp,Rep Jay Obernolte,2025-04-03,1000.00
VISTRA CORPORATE SERVICES COMPANY (FKA VISTRA CORP.),Vistra Employee Political Action Committee of Vistra Corp,Rep Paul D Tonko,2025-04-03,1000.00
VISTRA CORPORATE SERVICES COMPANY (FKA VISTRA CORP.),Vistra Employee Political Action Committee of Vistra Corp,Rep Ken Calvert,2025-05-21,2500.00
VISTRA CORPORATE SERVICES COMPANY (FKA VISTRA CORP.),Vistra Employee Political Action Committee of Vistra Corp,Rep David Valadao,2025-04-03,1000.00
VISTRA CORPORATE SERVICES COMPANY (FKA VISTRA CORP.),Vistra Employee Political Action Committee of Vistra Corp,Rep Kevin Hern,2025-06-12,2500.00
VISTRA CORPORATE SERVICES COMPANY (FKA VISTRA CORP.),Vistra Employee Political Action Committee of Vistra Corp,Sen Jon A Husted,2025-06-12,2500.00
VISTRA CORPORATE SERVICES COMPANY (FKA VISTRA CORP.),Vistra Employee Political Action Committee of Vistra Corp,Rep Jodey Arrington,2025-05-20,2000.00
VISTRA CORPORATE SERVICES COMPANY (FKA VISTRA CORP.),Vistra Employee Political Action Committee of Vistra Corp,Rep Roger Williams,2025-02-13,1000.00
VISTRA CORPORATE SERVICES COMPANY (FKA VISTRA CORP.),Vistra Employee Political Action Committee of Vistra Corp,Rep Troy Balderson,2025-02-13,1000.00
VISTRA CORPORATE SERVICES COMPANY (FKA VISTRA CORP.),Vistra Employee Political Action Committee of Vistra Corp,Rep Julia Letlow,2025-03-20,1500.00
VISTRA CORPORATE SERVICES COMPANY (FKA VISTRA CORP.),Vistra Employee Political Action Committee of Vistra Corp,Rep Nathaniel Moran,2025-05-20,1500.00
VISTRA CORPORATE SERVICES COMPANY (FKA VISTRA CORP.),Vistra Employee Political Action Committee of Vistra Corp,Rep Katherine Clark,2025-03-20,1500.00
VISTRA CORPORATE SERVICES COMPANY (FKA VISTRA CORP.),Vistra Employee Political Action Committee of Vistra Corp,Rep Nathaniel Moran,2025-03-20,2500.00
VISTRA CORPORATE SERVICES COMPANY (FKA VISTRA CORP.),Vistra Employee Political Action Committee of Vistra Corp,Rep John Joyce,2025-02-25,2500.00
VISTRA CORPORATE SERVICES COMPANY (FKA VISTRA CORP.),Vistra Employee Political Action Committee of Vistra Corp,Rep Michael Rulli,2025-03-20,1000.00
VISTRA CORPORATE SERVICES COMPANY (FKA VISTRA CORP.),Vistra Employee Political Action Committee of Vistra Corp,Rep Bob Latta,2025-03-20,1000.00
VISTRA CORPORATE SERVICES COMPANY (FKA VISTRA CORP.),Vistra Employee Political Action Committee of Vistra Corp,Rep Marc Veasey,2025-04-03,1000.00
VISTRA CORPORATE SERVICES COMPANY (FKA VISTRA CORP.),Vistra Employee Political Action Committee of Vistra Corp,Sen Shelley Moore Capito,2025-05-21,3000.00
VISTRA CORPORATE SERVICES COMPANY (FKA VISTRA CORP.),Vistra Employee Political Action Committee of Vistra Corp,Rep Lloyd K Smucker,2025-04-03,1000.00
VISTRA CORPORATE SERVICES COMPANY (FKA VISTRA CORP.),Vistra Employee Political Action Committee of Vistra Corp,Rep Greg Landsman,2025-04-03,1000.00
VISTRA CORPORATE SERVICES COMPANY (FKA VISTRA CORP.),Vistra Employee Political Action Committee of Vistra Corp,Rep Salud Carbajal,2025-04-03,2500.00
VISTRA CORPORATE SERVICES COMPANY (FKA VISTRA CORP.),Vistra Employee Political Action Committee of Vistra Corp,John Kevin Ellzey SR,2025-02-13,2000.00
VISTRA CORPORATE SERVICES COMPANY (FKA VISTRA CORP.),Vistra Employee Political Action Committee of Vistra Corp,Rep Brian Fitzpatrick,2025-02-13,1000.00
VISTRA CORPORATE SERVICES COMPANY (FKA VISTRA CORP.),Vistra Employee Political Action Committee of Vistra Corp,August Lee Pfluger II,2025-02-13,5000.00
VISTRA CORPORATE SERVICES COMPANY (FKA VISTRA CORP.),Vistra Employee Political Action Committee of Vistra Corp,Rep Craig Goldman,2025-05-20,1000.00
VISTRA CORPORATE SERVICES COMPANY (FKA VISTRA CORP.),Vistra Employee Political Action Committee of Vistra Corp,Sen Martin Heinrich,2025-06-12,1500.00
VISTRA CORPORATE SERVICES COMPANY (FKA VISTRA CORP.),Vistra Employee Political Action Committee of Vistra Corp,Rep Craig Goldman,2025-04-21,1500.00
VISTRA CORPORATE SERVICES COMPANY (FKA VISTRA CORP.),Vistra Employee Political Action Committee of Vistra Corp,Rep Jodey Arrington,2025-02-03,2000.00
VISTRA CORPORATE SERVICES COMPANY (FKA VISTRA CORP.),Vistra Employee Political Action Committee of Vistra Corp,Rep Brett Guthrie,2025-03-20,1500.00
VISTRA CORPORATE SERVICES COMPANY (FKA VISTRA CORP.),Vistra Employee Political Action Committee of Vistra Corp,Rep Dave Joyce,2025-02-03,1000.00
VISTRA CORPORATE SERVICES COMPANY (FKA VISTRA CORP.),Vistra Employee Political Action Committee of Vistra Corp,Rep Michael Bost,2025-04-21,1000.00
VISTRA CORPORATE SERVICES COMPANY (FKA VISTRA CORP.),Vistra Employee Political Action Committee of Vistra Corp,Rep Randy Weber,2025-06-12,1500.00
VISTRA CORPORATE SERVICES COMPANY (FKA VISTRA CORP.),Vistra Employee Political Action Committee of Vistra Corp,Rep Nikki Budzinski,2025-02-25,2500.00
VISTRA CORPORATE SERVICES COMPANY (FKA VISTRA CORP.),Vistra Employee Political Action Committee of Vistra Corp,Rep Mariannette MillerMeeks,2025-05-20,1000.00
VISTRA CORPORATE SERVICES COMPANY (FKA VISTRA CORP.),Vistra Employee Political Action Committee of Vistra Corp,Rep Ken Calvert,2025-04-03,1000.00
VISTRA CORPORATE SERVICES COMPANY (FKA VISTRA CORP.),Vistra Employee Political Action Committee of Vistra Corp,Rep Rudy Yakym III,2025-02-13,1000.00
VISTRA CORPORATE SERVICES COMPANY (FKA VISTRA CORP.),Vistra Employee Political Action Committee of Vistra Corp,Rep Marc Veasey,2025-04-03,1000.00
VISTRA CORPORATE SERVICES COMPANY (FKA VISTRA CORP.),Vistra Employee Political Action Committee of Vistra Corp,Rep Darin LaHood,2025-02-13,2500.00
VISTRA CORPORATE SERVICES COMPANY (FKA VISTRA CORP.),Vistra Employee Political Action Committee of Vistra Corp,Rep Pete Sessions,2025-06-12,1000.00
VISTRA CORPORATE SERVICES COMPANY (FKA VISTRA CORP.),Vistra Employee Political Action Committee of Vistra Corp,Rep Jimmy Panetta,2025-02-25,2500.00
VISTRA CORPORATE SERVICES COMPANY (FKA VISTRA CORP.),Vistra Employee Political Action Committee of Vistra Corp,Rep Julie Johnson,2025-02-03,2000.00
VISTRA CORPORATE SERVICES COMPANY (FKA VISTRA CORP.),Vistra Employee Political Action Committee of Vistra Corp,Rep Guy Reschenthaler,2025-04-03,1500.00
VISTRA CORPORATE SERVICES COMPANY (FKA VISTRA CORP.),Vistra Employee Political Action Committee of Vistra Corp,Rep Michael Bost,2025-06-12,2500.00
VISTRA CORPORATE SERVICES COMPANY (FKA VISTRA CORP.),Vistra Employee Political Action Committee of Vistra Corp,Rep Nikki Budzinski,2025-02-13,1000.00
VISTRA CORPORATE SERVICES COMPANY (FKA VISTRA CORP.),Vistra Employee Political Action Committee of Vistra Corp,Rep Nathaniel Moran,2025-05-20,500.00
VISTRA CORPORATE SERVICES COMPANY (FKA VISTRA CORP.),Vistra Employee Political Action Committee of Vistra Corp,Rep Carol Miller,2025-05-20,1000.00
VISTRA CORPORATE SERVICES COMPANY (FKA VISTRA CORP.),Vistra Employee Political Action Committee of Vistra Corp,Rep Chrissy Houlahan,2025-06-12,1000.00
VISTRA CORPORATE SERVICES COMPANY (FKA VISTRA CORP.),Vistra Employee Political Action Committee of Vistra Corp,Rep Bob Latta,2025-06-12,1500.00
VISTRA CORPORATE SERVICES COMPANY (FKA VISTRA CORP.),Vistra Employee Political Action Committee of Vistra Corp,Rep Troy Balderson,2025-06-12,2000.00
VISTRA CORPORATE SERVICES COMPANY (FKA VISTRA CORP.),Vistra Employee Political Action Committee of Vistra Corp,Sen Jon A Husted,2025-03-13,1000.00
VISTRA CORPORATE SERVICES COMPANY (FKA VISTRA CORP.),Vistra Employee Political Action Committee of Vistra Corp,Rep Michael Rulli,2025-05-20,1000.00
VISTRA CORPORATE SERVICES COMPANY (FKA VISTRA CORP.),Vistra Employee Political Action Committee of Vistra Corp,Rep Dave Joyce,2025-05-05,1000.00
VISTRA CORPORATE SERVICES COMPANY (FKA VISTRA CORP.),Vistra Employee Political Action Committee of Vistra Corp,Rep Nathaniel Moran,2025-04-21,1000.00
VISTRA CORPORATE SERVICES COMPANY (FKA VISTRA CORP.),Vistra Employee Political Action Committee of Vistra Corp,Rep Jodey Arrington,2025-04-21,1000.00
VISTRA CORPORATE SERVICES COMPANY (FKA VISTRA CORP.),Vistra Employee Political Action Committee of Vistra Corp,Rep Vicente Gonzalez,2025-04-03,1000.00
VISTRA CORPORATE SERVICES COMPANY (FKA VISTRA CORP.),Vistra Employee Political Action Committee of Vistra Corp,Rep Tom Cole,2025-05-20,2500.00
VISTRA CORPORATE SERVICES COMPANY (FKA VISTRA CORP.),Vistra Employee Political Action Committee of Vistra Corp,Rep Lloyd K Smucker,2025-04-03,1500.00
VISTRA CORPORATE SERVICES COMPANY (FKA VISTRA CORP.),Vistra Employee Political Action Committee of Vistra Corp,Sen Chris Coons,2025-06-12,1500.00
VISTRA CORPORATE SERVICES COMPANY (FKA VISTRA CORP.),Vistra Employee Political Action Committee of Vistra Corp,Rep Tony Gonzales II,2025-05-20,1000.00
VISTRA CORPORATE SERVICES COMPANY (FKA VISTRA CORP.),Vistra Employee Political Action Committee of Vistra Corp,Sen William M Cassidy,2025-06-12,2000.00
VISTRA CORPORATE SERVICES COMPANY (FKA VISTRA CORP.),Vistra Employee Political Action Committee of Vistra Corp,Rep Jimmy Panetta,2025-02-13,1000.00
VISTRA CORPORATE SERVICES COMPANY (FKA VISTRA CORP.),Vistra Employee Political Action Committee of Vistra Corp,Rep Randall Feenstra,2025-02-13,2500.00
VISTRA CORPORATE SERVICES COMPANY (FKA VISTRA CORP.),Vistra Employee Political Action Committee of Vistra Corp,Rep Jay Obernolte,2025-04-03,1000.00
VISTRA CORPORATE SERVICES COMPANY (FKA VISTRA CORP.),Vistra Employee Political Action Committee of Vistra Corp,Rep Paul D Tonko,2025-04-03,1000.00
VISTRA CORPORATE SERVICES COMPANY (FKA VISTRA CORP.),Vistra Employee Political Action Committee of Vistra Corp,Rep Ken Calvert,2025-05-21,2500.00
VISTRA CORPORATE SERVICES COMPANY (FKA VISTRA CORP.),Vistra Employee Political Action Committee of Vistra Corp,Rep David Valadao,2025-04-03,1000.00
VISTRA CORPORATE SERVICES COMPANY (FKA VISTRA CORP.),Vistra Employee Political Action Committee of Vistra Corp,Rep Kevin Hern,2025-06-12,2500.00
VISTRA CORPORATE SERVICES COMPANY (FKA VISTRA CORP.),Vistra Employee Political Action Committee of Vistra Corp,Sen Jon A Husted,2025-06-12,2500.00
VISTRA CORPORATE SERVICES COMPANY (FKA VISTRA CORP.),Vistra Employee Political Action Committee of Vistra Corp,Rep Jodey Arrington,2025-05-20,2000.00
VISTRA CORPORATE SERVICES COMPANY (FKA VISTRA CORP.),Vistra Employee Political Action Committee of Vistra Corp,Rep Roger Williams,2025-02-13,1000.00
VISTRA CORPORATE SERVICES COMPANY (FKA VISTRA CORP.),Vistra Employee Political Action Committee of Vistra Corp,Rep Troy Balderson,2025-02-13,1000.00
VISTRA CORPORATE SERVICES COMPANY (FKA VISTRA CORP.),Vistra Employee Political Action Committee of Vistra Corp,Rep Julia Letlow,2025-03-20,1500.00
VISTRA CORPORATE SERVICES COMPANY (FKA VISTRA CORP.),Vistra Employee Political Action Committee of Vistra Corp,Rep Nathaniel Moran,2025-05-20,1500.00
VISTRA CORPORATE SERVICES COMPANY (FKA VISTRA CORP.),Vistra Employee Political Action Committee of Vistra Corp,Rep Katherine Clark,2025-03-20,1500.00
VISTRA CORPORATE SERVICES COMPANY (FKA VISTRA CORP.),Vistra Employee Political Action Committee of Vistra Corp,Rep Nathaniel Moran,2025-03-20,2500.00
VISTRA CORPORATE SERVICES COMPANY (FKA VISTRA CORP.),Vistra Employee Political Action Committee of Vistra Corp,Rep John Joyce,2025-02-25,2500.00
VISTRA CORPORATE SERVICES COMPANY (FKA VISTRA CORP.),Vistra Employee Political Action Committee of Vistra Corp,Rep Michael Rulli,2025-03-20,1000.00
VISTRA CORPORATE SERVICES COMPANY (FKA VISTRA CORP.),Vistra Employee Political Action Committee of Vistra Corp,Rep Bob Latta,2025-03-20,1000.00
VISTRA CORPORATE SERVICES COMPANY (FKA VISTRA CORP.),Vistra Employee Political Action Committee of Vistra Corp,Rep Marc Veasey,2025-04-03,1000.00
VISTRA CORPORATE SERVICES COMPANY (FKA VISTRA CORP.),Vistra Employee Political Action Committee of Vistra Corp,Sen Shelley Moore Capito,2025-05-21,3000.00
VISTRA CORPORATE SERVICES COMPANY (FKA VISTRA CORP.),Vistra Employee Political Action Committee of Vistra Corp,Rep Lloyd K Smucker,2025-04-03,1000.00
VISTRA CORPORATE SERVICES COMPANY (FKA VISTRA CORP.),Vistra Employee Political Action Committee of Vistra Corp,Rep Greg Landsman,2025-04-03,1000.00
VISTRA CORPORATE SERVICES COMPANY (FKA VISTRA CORP.),Vistra Employee Political Action Committee of Vistra Corp,Rep Salud Carbajal,2025-04-03,2500.00
VISTRA CORPORATE SERVICES COMPANY (FKA VISTRA CORP.),Vistra Employee Political Action Committee of Vistra Corp,John Kevin Ellzey SR,2025-02-13,2000.00
VISTRA CORPORATE SERVICES COMPANY (FKA VISTRA CORP.),Vistra Employee Political Action Committee of Vistra Corp,Rep Brian Fitzpatrick,2025-02-13,1000.00
VISTRA CORPORATE SERVICES COMPANY (FKA VISTRA CORP.),Vistra Employee Political Action Committee of Vistra Corp,August Lee Pfluger II,2025-02-13,5000.00
VISTRA CORPORATE SERVICES COMPANY (FKA VISTRA CORP.),Vistra Employee Political Action Committee of Vistra Corp,Rep Craig Goldman,2025-05-20,1000.00
VISTRA CORPORATE SERVICES COMPANY (FKA VISTRA CORP.),Vistra Employee Political Action Committee of Vistra Corp,Sen Martin Heinrich,2025-06-12,1500.00
VISTRA CORPORATE SERVICES COMPANY (FKA VISTRA CORP.),Vistra Employee Political Action Committee of Vistra Corp,Rep Craig Goldman,2025-04-21,1500.00
VISTRA CORPORATE SERVICES COMPANY (FKA VISTRA CORP.),Vistra Employee Political Action Committee of Vistra Corp,Rep Jodey Arrington,2025-02-03,2000.00
VISTRA CORPORATE SERVICES COMPANY (FKA VISTRA CORP.),Vistra Employee Political Action Committee of Vistra Corp,Rep Brett Guthrie,2025-03-20,1500.00
VISTRA CORPORATE SERVICES COMPANY (FKA VISTRA CORP.),Vistra Employee Political Action Committee of Vistra Corp,Rep Dave Joyce,2025-02-03,1000.00
VISTRA CORPORATE SERVICES COMPANY (FKA VISTRA CORP.),Vistra Employee Political Action Committee of Vistra Corp,Rep Michael Bost,2025-04-21,1000.00
VISTRA CORPORATE SERVICES COMPANY (FKA VISTRA CORP.),Vistra Employee Political Action Committee of Vistra Corp,Rep Randy Weber,2025-06-12,1500.00
VISTRA CORPORATE SERVICES COMPANY (FKA VISTRA CORP.),Vistra Employee Political Action Committee of Vistra Corp,Rep Nikki Budzinski,2025-02-25,2500.00
VISTRA CORPORATE SERVICES COMPANY (FKA VISTRA CORP.),Vistra Employee Political Action Committee of Vistra Corp,Rep Mariannette MillerMeeks,2025-05-20,1000.00
VISTRA CORPORATE SERVICES COMPANY (FKA VISTRA CORP.),Vistra Employee Political Action Committee of Vistra Corp,Rep Ken Calvert,2025-04-03,1000.00
VISTRA CORPORATE SERVICES COMPANY (FKA VISTRA CORP.),Vistra Employee Political Action Committee of Vistra Corp,Rep Rudy Yakym III,2025-02-13,1000.00
VISTRA CORPORATE SERVICES COMPANY (FKA VISTRA CORP.),Vistra Employee Political Action Committee of Vistra Corp,Rep Marc Veasey,2025-04-03,1000.00
VISTRA CORPORATE SERVICES COMPANY (FKA VISTRA CORP.),Vistra Employee Political Action Committee of Vistra Corp,Rep Darin LaHood,2025-02-13,2500.00
VISTRA CORPORATE SERVICES COMPANY (FKA VISTRA CORP.),Vistra Employee Political Action Committee of Vistra Corp,Rep Pete Sessions,2025-06-12,1000.00
VISTRA CORPORATE SERVICES COMPANY (FKA VISTRA CORP.),Vistra Employee Political Action Committee of Vistra Corp,Rep Jimmy Panetta,2025-02-25,2500.00
VISTRA CORPORATE SERVICES COMPANY (FKA VISTRA CORP.),Vistra Employee Political Action Committee of Vistra Corp,Rep Julie Johnson,2025-02-03,2000.00
VISTRA CORPORATE SERVICES COMPANY (FKA VISTRA CORP.),Vistra Employee Political Action Committee of Vistra Corp,Rep Guy Reschenthaler,2025-04-03,1500.00
VISTRA CORPORATE SERVICES COMPANY (FKA VISTRA CORP.),Vistra Employee Political Action Committee of Vistra Corp,Rep Michael Bost,2025-06-12,2500.00
VISTRA CORPORATE SERVICES COMPANY (FKA VISTRA CORP.),Vistra Employee Political Action Committee of Vistra Corp,Rep Nikki Budzinski,2025-02-13,1000.00
VISTRA CORPORATE SERVICES COMPANY (FKA VISTRA CORP.),Vistra Employee Political Action Committee of Vistra Corp,Rep Nathaniel Moran,2025-05-20,500.00
VISTRA CORPORATE SERVICES COMPANY (FKA VISTRA CORP.),Vistra Employee Political Action Committee of Vistra Corp,Rep Carol Miller,2025-05-20,1000.00
VISTRA CORPORATE SERVICES COMPANY (FKA VISTRA CORP.),Vistra Employee Political Action Committee of Vistra Corp,Rep Chrissy Houlahan,2025-06-12,1000.00
VISTRA CORPORATE SERVICES COMPANY (FKA VISTRA CORP.),Vistra Employee Political Action Committee of Vistra Corp,Rep Bob Latta,2025-06-12,1500.00
VISTRA CORPORATE SERVICES COMPANY (FKA VISTRA CORP.),Vistra Employee Political Action Committee of Vistra Corp,Rep Troy Balderson,2025-06-12,2000.00
VISTRA CORPORATE SERVICES COMPANY (FKA VISTRA CORP.),Vistra Employee Political Action Committee of Vistra Corp,Sen Jon A Husted,2025-03-13,1000.00
VISTRA CORPORATE SERVICES COMPANY (FKA VISTRA CORP.),Vistra Employee Political Action Committee of Vistra Corp,Rep Michael Rulli,2025-05-20,1000.00
VISTRA CORPORATE SERVICES COMPANY (FKA VISTRA CORP.),Vistra Employee Political Action Committee of Vistra Corp,Rep Dave Joyce,2025-05-05,1000.00
VISTRA CORPORATE SERVICES COMPANY (FKA VISTRA CORP.),Vistra Employee Political Action Committee of Vistra Corp,Rep Nathaniel Moran,2025-04-21,1000.00
VISTRA CORPORATE SERVICES COMPANY (FKA VISTRA CORP.),Vistra Employee Political Action Committee of Vistra Corp,Rep Jodey Arrington,2025-04-21,1000.00
VISTRA CORPORATE SERVICES COMPANY (FKA VISTRA CORP.),Vistra Employee Political Action Committee of Vistra Corp,Rep Vicente Gonzalez,2025-04-03,1000.00
VISTRA CORPORATE SERVICES COMPANY (FKA VISTRA CORP.),Vistra Employee Political Action Committee of Vistra Corp,Rep Tom Cole,2025-05-20,2500.00
VISTRA CORPORATE SERVICES COMPANY (FKA VISTRA CORP.),Vistra Employee Political Action Committee of Vistra Corp,Rep Lloyd K Smucker,2025-04-03,1500.00
VISTRA CORPORATE SERVICES COMPANY (FKA VISTRA CORP.),Vistra Employee Political Action Committee of Vistra Corp,Sen Chris Coons,2025-06-12,1500.00
VISTRA CORPORATE SERVICES COMPANY (FKA VISTRA CORP.),Vistra Employee Political Action Committee of Vistra Corp,Rep Tony Gonzales II,2025-05-20,1000.00
VISTRA CORPORATE SERVICES COMPANY (FKA VISTRA CORP.),Vistra Employee Political Action Committee of Vistra Corp,Sen William M Cassidy,2025-06-12,2000.00
VISTRA CORPORATE SERVICES COMPANY (FKA VISTRA CORP.),Vistra Employee Political Action Committee of Vistra Corp,Rep Jimmy Panetta,2025-02-13,1000.00
VISTRA CORPORATE SERVICES COMPANY (FKA VISTRA CORP.),Vistra Employee Political Action Committee of Vistra Corp,Rep Randall Feenstra,2025-02-13,2500.00
VISTRA CORPORATE SERVICES COMPANY (FKA VISTRA CORP.),Vistra Employee Political Action Committee of Vistra Corp,Rep Jay Obernolte,2025-04-03,1000.00
VISTRA CORPORATE SERVICES COMPANY (FKA VISTRA CORP.),Vistra Employee Political Action Committee of Vistra Corp,Rep Paul D Tonko,2025-04-03,1000.00
VISTRA CORPORATE SERVICES COMPANY (FKA VISTRA CORP.),Vistra Employee Political Action Committee of Vistra Corp,Rep Ken Calvert,2025-05-21,2500.00
VISTRA CORPORATE SERVICES COMPANY (FKA VISTRA CORP.),Vistra Employee Political Action Committee of Vistra Corp,Rep David Valadao,2025-04-03,1000.00
VISTRA CORPORATE SERVICES COMPANY (FKA VISTRA CORP.),Vistra Employee Political Action Committee of Vistra Corp,Rep Kevin Hern,2025-06-12,2500.00
VISTRA CORPORATE SERVICES COMPANY (FKA VISTRA CORP.),Vistra Employee Political Action Committee of Vistra Corp,Sen Jon A Husted,2025-06-12,2500.00
VISTRA CORPORATE SERVICES COMPANY (FKA VISTRA CORP.),Vistra Employee Political Action Committee of Vistra Corp,Rep Jodey Arrington,2025-05-20,2000.00
VISTRA CORPORATE SERVICES COMPANY (FKA VISTRA CORP.),Vistra Employee Political Action Committee of Vistra Corp,Rep Roger Williams,2025-02-13,1000.00
VISTRA CORPORATE SERVICES COMPANY (FKA VISTRA CORP.),Vistra Employee Political Action Committee of Vistra Corp,Rep Troy Balderson,2025-02-13,1000.00
VISTRA CORPORATE SERVICES COMPANY (FKA VISTRA CORP.),Vistra Employee Political Action Committee of Vistra Corp,Rep Julia Letlow,2025-03-20,1500.00
VISTRA CORPORATE SERVICES COMPANY (FKA VISTRA CORP.),Vistra Employee Political Action Committee of Vistra Corp,Rep Nathaniel Moran,2025-05-20,1500.00
VISTRA CORPORATE SERVICES COMPANY (FKA VISTRA CORP.),Vistra Employee Political Action Committee of Vistra Corp,Rep Katherine Clark,2025-03-20,1500.00
VISTRA CORPORATE SERVICES COMPANY (FKA VISTRA CORP.),Vistra Employee Political Action Committee of Vistra Corp,Rep Nathaniel Moran,2025-03-20,2500.00
VISTRA CORPORATE SERVICES COMPANY (FKA VISTRA CORP.),Vistra Employee Political Action Committee of Vistra Corp,Rep John Joyce,2025-02-25,2500.00
VISTRA CORPORATE SERVICES COMPANY (FKA VISTRA CORP.),Vistra Employee Political Action Committee of Vistra Corp,Rep Michael Rulli,2025-03-20,1000.00
VISTRA CORPORATE SERVICES COMPANY (FKA VISTRA CORP.),Vistra Employee Political Action Committee of Vistra Corp,Rep Bob Latta,2025-03-20,1000.00
VISTRA CORPORATE SERVICES COMPANY (FKA VISTRA CORP.),Vistra Employee Political Action Committee of Vistra Corp,Rep Marc Veasey,2025-04-03,1000.00
VISTRA CORPORATE SERVICES COMPANY (FKA VISTRA CORP.),Vistra Employee Political Action Committee of Vistra Corp,Sen Shelley Moore Capito,2025-05-21,3000.00
VISTRA CORPORATE SERVICES COMPANY (FKA VISTRA CORP.),Vistra Employee Political Action Committee of Vistra Corp,Rep Lloyd K Smucker,2025-04-03,1000.00
VISTRA CORPORATE SERVICES COMPANY (FKA VISTRA CORP.),Vistra Employee Political Action Committee of Vistra Corp,Rep Greg Landsman,2025-04-03,1000.00
VISTRA CORPORATE SERVICES COMPANY (FKA VISTRA CORP.),Vistra Employee Political Action Committee of Vistra Corp,Rep Salud Carbajal,2025-04-03,2500.00
VISTRA CORPORATE SERVICES COMPANY (FKA VISTRA CORP.),Vistra Employee Political Action Committee of Vistra Corp,John Kevin Ellzey SR,2025-02-13,2000.00
VISTRA CORPORATE SERVICES COMPANY (FKA VISTRA CORP.),Vistra Employee Political Action Committee of Vistra Corp,Rep Brian Fitzpatrick,2025-02-13,1000.00
VISTRA CORPORATE SERVICES COMPANY (FKA VISTRA CORP.),Vistra Employee Political Action Committee of Vistra Corp,August Lee Pfluger II,2025-02-13,5000.00
VISTRA CORPORATE SERVICES COMPANY (FKA VISTRA CORP.),Vistra Employee Political Action Committee of Vistra Corp,Rep Craig Goldman,2025-05-20,1000.00
VISTRA CORPORATE SERVICES COMPANY (FKA VISTRA CORP.),Vistra Employee Political Action Committee of Vistra Corp,Sen Martin Heinrich,2025-06-12,1500.00
VISTRA CORPORATE SERVICES COMPANY (FKA VISTRA CORP.),Vistra Employee Political Action Committee of Vistra Corp,Rep Craig Goldman,2025-04-21,1500.00
VISTRA CORPORATE SERVICES COMPANY (FKA VISTRA CORP.),Vistra Employee Political Action Committee of Vistra Corp,Rep Jodey Arrington,2025-02-03,2000.00
VISTRA CORPORATE SERVICES COMPANY (FKA VISTRA CORP.),Vistra Employee Political Action Committee of Vistra Corp,Rep Brett Guthrie,2025-03-20,1500.00
VISTRA CORPORATE SERVICES COMPANY (FKA VISTRA CORP.),Vistra Employee Political Action Committee of Vistra Corp,Rep Dave Joyce,2025-02-03,1000.00
VISTRA CORPORATE SERVICES COMPANY (FKA VISTRA CORP.),Vistra Employee Political Action Committee of Vistra Corp,Rep Michael Bost,2025-04-21,1000.00
VISTRA CORPORATE SERVICES COMPANY (FKA VISTRA CORP.),Vistra Employee Political Action Committee of Vistra Corp,Rep Randy Weber,2025-06-12,1500.00
VISTRA CORPORATE SERVICES COMPANY (FKA VISTRA CORP.),Vistra Employee Political Action Committee of Vistra Corp,Rep Nikki Budzinski,2025-02-25,2500.00
VISTRA CORPORATE SERVICES COMPANY (FKA VISTRA CORP.),Vistra Employee Political Action Committee of Vistra Corp,Rep Mariannette MillerMeeks,2025-05-20,1000.00
VISTRA CORPORATE SERVICES COMPANY (FKA VISTRA CORP.),Vistra Employee Political Action Committee of Vistra Corp,Rep Ken Calvert,2025-04-03,1000.00
VISTRA CORPORATE SERVICES COMPANY (FKA VISTRA CORP.),Vistra Employee Political Action Committee of Vistra Corp,Rep Rudy Yakym III,2025-02-13,1000.00
VISTRA CORPORATE SERVICES COMPANY (FKA VISTRA CORP.),Vistra Employee Political Action Committee of Vistra Corp,Rep Marc Veasey,2025-04-03,1000.00
VISTRA CORPORATE SERVICES COMPANY (FKA VISTRA CORP.),Vistra Employee Political Action Committee of Vistra Corp,Rep Darin LaHood,2025-02-13,2500.00
VISTRA CORPORATE SERVICES COMPANY (FKA VISTRA CORP.),Vistra Employee Political Action Committee of Vistra Corp,Rep Pete Sessions,2025-06-12,1000.00
VISTRA CORPORATE SERVICES COMPANY (FKA VISTRA CORP.),Vistra Employee Political Action Committee of Vistra Corp,Rep Jimmy Panetta,2025-02-25,2500.00
VISTRA CORPORATE SERVICES COMPANY (FKA VISTRA CORP.),Vistra Employee Political Action Committee of Vistra Corp,Rep Julie Johnson,2025-02-03,2000.00
VISTRA CORPORATE SERVICES COMPANY (FKA VISTRA CORP.),Vistra Employee Political Action Committee of Vistra Corp,Rep Guy Reschenthaler,2025-04-03,1500.00
VISTRA CORPORATE SERVICES COMPANY (FKA VISTRA CORP.),Vistra Employee Political Action Committee of Vistra Corp,Rep Michael Bost,2025-06-12,2500.00
VISTRA CORPORATE SERVICES COMPANY (FKA VISTRA CORP.),Vistra Employee Political Action Committee of Vistra Corp,Rep Nikki Budzinski,2025-02-13,1000.00
VISTRA CORPORATE SERVICES COMPANY (FKA VISTRA CORP.),Vistra Employee Political Action Committee of Vistra Corp,Rep Nathaniel Moran,2025-05-20,500.00
VISTRA CORPORATE SERVICES COMPANY (FKA VISTRA CORP.),Vistra Employee Political Action Committee of Vistra Corp,Rep Carol Miller,2025-05-20,1000.00
VISTRA CORPORATE SERVICES COMPANY (FKA VISTRA CORP.),Vistra Employee Political Action Committee of Vistra Corp,Rep Chrissy Houlahan,2025-06-12,1000.00
VISTRA CORPORATE SERVICES COMPANY (FKA VISTRA CORP.),Vistra Employee Political Action Committee of Vistra Corp,Rep Bob Latta,2025-06-12,1500.00
VISTRA CORPORATE SERVICES COMPANY (FKA VISTRA CORP.),Vistra Employee Political Action Committee of Vistra Corp,Rep Troy Balderson,2025-06-12,2000.00
VISTRA CORPORATE SERVICES COMPANY (FKA VISTRA CORP.),Vistra Employee Political Action Committee of Vistra Corp,Sen Jon A Husted,2025-03-13,1000.00
VISTRA CORPORATE SERVICES COMPANY (FKA VISTRA CORP.),Vistra Employee Political Action Committee of Vistra Corp,Rep Michael Rulli,2025-05-20,1000.00
VISTRA CORPORATE SERVICES COMPANY (FKA VISTRA CORP.),Vistra Employee Political Action Committee of Vistra Corp,Rep Dave Joyce,2025-05-05,1000.00
VISTRA CORPORATE SERVICES COMPANY (FKA VISTRA CORP.),Vistra Employee Political Action Committee of Vistra Corp,Rep Nathaniel Moran,2025-04-21,1000.00
VISTRA CORPORATE SERVICES COMPANY (FKA VISTRA CORP.),Vistra Employee Political Action Committee of Vistra Corp,Rep Jodey Arrington,2025-04-21,1000.00
VISTRA CORPORATE SERVICES COMPANY (FKA VISTRA CORP.),Vistra Employee Political Action Committee of Vistra Corp,Rep Vicente Gonzalez,2025-04-03,1000.00
VISTRA CORPORATE SERVICES COMPANY (FKA VISTRA CORP.),Vistra Employee Political Action Committee of Vistra Corp,Rep Tom Cole,2025-05-20,2500.00
VISTRA CORPORATE SERVICES COMPANY (FKA VISTRA CORP.),Vistra Employee Political Action Committee of Vistra Corp,Rep Lloyd K Smucker,2025-04-03,1500.00
VISTRA CORPORATE SERVICES COMPANY (FKA VISTRA CORP.),Vistra Employee Political Action Committee of Vistra Corp,Sen Chris Coons,2025-06-12,1500.00
VISTRA CORPORATE SERVICES COMPANY (FKA VISTRA CORP.),Vistra Employee Political Action Committee of Vistra Corp,Rep Tony Gonzales II,2025-05-20,1000.00
VISTRA CORPORATE SERVICES COMPANY (FKA VISTRA CORP.),Vistra Employee Political Action Committee of Vistra Corp,Sen William M Cassidy,2025-06-12,2000.00
VISTRA CORPORATE SERVICES COMPANY (FKA VISTRA CORP.),Vistra Employee Political Action Committee of Vistra Corp,Rep Jimmy Panetta,2025-02-13,1000.00
VISTRA CORPORATE SERVICES COMPANY (FKA VISTRA CORP.),Vistra Employee Political Action Committee of Vistra Corp,Rep Randall Feenstra,2025-02-13,2500.00
VISTRA CORPORATE SERVICES COMPANY (FKA VISTRA CORP.),Vistra Employee Political Action Committee of Vistra Corp,Rep Jay Obernolte,2025-04-03,1000.00
VISTRA CORPORATE SERVICES COMPANY (FKA VISTRA CORP.),Vistra Employee Political Action Committee of Vistra Corp,Rep Paul D Tonko,2025-04-03,1000.00
VISTRA CORPORATE SERVICES COMPANY (FKA VISTRA CORP.),Vistra Employee Political Action Committee of Vistra Corp,Rep Ken Calvert,2025-05-21,2500.00
VISTRA CORPORATE SERVICES COMPANY (FKA VISTRA CORP.),Vistra Employee Political Action Committee of Vistra Corp,Rep David Valadao,2025-04-03,1000.00
VISTRA CORPORATE SERVICES COMPANY (FKA VISTRA CORP.),Vistra Employee Political Action Committee of Vistra Corp,Rep Kevin Hern,2025-06-12,2500.00
VISTRA CORPORATE SERVICES COMPANY (FKA VISTRA CORP.),Vistra Employee Political Action Committee of Vistra Corp,Sen Jon A Husted,2025-06-12,2500.00
VISTRA CORPORATE SERVICES COMPANY (FKA VISTRA CORP.),Vistra Employee Political Action Committee of Vistra Corp,Rep Jodey Arrington,2025-05-20,2000.00
VISTRA CORPORATE SERVICES COMPANY (FKA VISTRA CORP.),Vistra Employee Political Action Committee of Vistra Corp,Rep Roger Williams,2025-02-13,1000.00
VISTRA CORPORATE SERVICES COMPANY (FKA VISTRA CORP.),Vistra Employee Political Action Committee of Vistra Corp,Rep Troy Balderson,2025-02-13,1000.00
VISTRA CORPORATE SERVICES COMPANY (FKA VISTRA CORP.),Vistra Employee Political Action Committee of Vistra Corp,Rep Julia Letlow,2025-03-20,1500.00
VISTRA CORPORATE SERVICES COMPANY (FKA VISTRA CORP.),Vistra Employee Political Action Committee of Vistra Corp,Rep Nathaniel Moran,2025-05-20,1500.00
VISTRA CORPORATE SERVICES COMPANY (FKA VISTRA CORP.),Vistra Employee Political Action Committee of Vistra Corp,Rep Katherine Clark,2025-03-20,1500.00
VISTRA CORPORATE SERVICES COMPANY (FKA VISTRA CORP.),Vistra Employee Political Action Committee of Vistra Corp,Rep Nathaniel Moran,2025-03-20,2500.00
VISTRA CORPORATE SERVICES COMPANY (FKA VISTRA CORP.),Vistra Employee Political Action Committee of Vistra Corp,Rep John Joyce,2025-02-25,2500.00
VISTRA CORPORATE SERVICES COMPANY (FKA VISTRA CORP.),Vistra Employee Political Action Committee of Vistra Corp,Rep Michael Rulli,2025-03-20,1000.00
VISTRA CORPORATE SERVICES COMPANY (FKA VISTRA CORP.),Vistra Employee Political Action Committee of Vistra Corp,Rep Bob Latta,2025-03-20,1000.00
VISTRA CORPORATE SERVICES COMPANY (FKA VISTRA CORP.),Vistra Employee Political Action Committee of Vistra Corp,Rep Marc Veasey,2025-04-03,1000.00
VISTRA CORPORATE SERVICES COMPANY (FKA VISTRA CORP.),Vistra Employee Political Action Committee of Vistra Corp,Sen Shelley Moore Capito,2025-05-21,3000.00
VISTRA CORPORATE SERVICES COMPANY (FKA VISTRA CORP.),Vistra Employee Political Action Committee of Vistra Corp,Rep Lloyd K Smucker,2025-04-03,1000.00
VISTRA CORPORATE SERVICES COMPANY (FKA VISTRA CORP.),Vistra Employee Political Action Committee of Vistra Corp,Rep Greg Landsman,2025-04-03,1000.00
VISTRA CORPORATE SERVICES COMPANY (FKA VISTRA CORP.),Vistra Employee Political Action Committee of Vistra Corp,Rep Salud Carbajal,2025-04-03,2500.00
VISTRA CORPORATE SERVICES COMPANY (FKA VISTRA CORP.),Vistra Employee Political Action Committee of Vistra Corp,John Kevin Ellzey SR,2025-02-13,2000.00
VISTRA CORPORATE SERVICES COMPANY (FKA VISTRA CORP.),Vistra Employee Political Action Committee of Vistra Corp,Rep Brian Fitzpatrick,2025-02-13,1000.00
VISTRA CORPORATE SERVICES COMPANY (FKA VISTRA CORP.),Vistra Employee Political Action Committee of Vistra Corp,August Lee Pfluger II,2025-02-13,5000.00
VISTRA CORPORATE SERVICES COMPANY (FKA VISTRA CORP.),Vistra Employee Political Action Committee of Vistra Corp,Rep Craig Goldman,2025-05-20,1000.00
VISTRA CORPORATE SERVICES COMPANY (FKA VISTRA CORP.),Vistra Employee Political Action Committee of Vistra Corp,Sen Martin Heinrich,2025-06-12,1500.00
VISTRA CORPORATE SERVICES COMPANY (FKA VISTRA CORP.),Vistra Employee Political Action Committee of Vistra Corp,Rep Craig Goldman,2025-04-21,1500.00
VISTRA CORPORATE SERVICES COMPANY (FKA VISTRA CORP.),Vistra Employee Political Action Committee of Vistra Corp,Rep Jodey Arrington,2025-02-03,2000.00
VISTRA CORPORATE SERVICES COMPANY (FKA VISTRA CORP.),Vistra Employee Political Action Committee of Vistra Corp,Rep Brett Guthrie,2025-03-20,1500.00
VISTRA CORPORATE SERVICES COMPANY (FKA VISTRA CORP.),Vistra Employee Political Action Committee of Vistra Corp,Rep Dave Joyce,2025-02-03,1000.00
VISTRA CORPORATE SERVICES COMPANY (FKA VISTRA CORP.),Vistra Employee Political Action Committee of Vistra Corp,Rep Michael Bost,2025-04-21,1000.00
VISTRA CORPORATE SERVICES COMPANY (FKA VISTRA CORP.),Vistra Employee Political Action Committee of Vistra Corp,Rep Randy Weber,2025-06-12,1500.00
VISTRA CORPORATE SERVICES COMPANY (FKA VISTRA CORP.),Vistra Employee Political Action Committee of Vistra Corp,Rep Nikki Budzinski,2025-02-25,2500.00
VISTRA CORPORATE SERVICES COMPANY (FKA VISTRA CORP.),Vistra Employee Political Action Committee of Vistra Corp,Rep Mariannette MillerMeeks,2025-05-20,1000.00
VISTRA CORPORATE SERVICES COMPANY (FKA VISTRA CORP.),Vistra Employee Political Action Committee of Vistra Corp,Rep Ken Calvert,2025-04-03,1000.00
VISTRA CORPORATE SERVICES COMPANY (FKA VISTRA CORP.),Vistra Employee Political Action Committee of Vistra Corp,Rep Rudy Yakym III,2025-02-13,1000.00
VISTRA CORPORATE SERVICES COMPANY (FKA VISTRA CORP.),Vistra Employee Political Action Committee of Vistra Corp,Rep Marc Veasey,2025-04-03,1000.00
VISTRA CORPORATE SERVICES COMPANY (FKA VISTRA CORP.),Vistra Employee Political Action Committee of Vistra Corp,Rep Darin LaHood,2025-02-13,2500.00
VISTRA CORPORATE SERVICES COMPANY (FKA VISTRA CORP.),Vistra Employee Political Action Committee of Vistra Corp,Rep Pete Sessions,2025-06-12,1000.00
VISTRA CORPORATE SERVICES COMPANY (FKA VISTRA CORP.),Vistra Employee Political Action Committee of Vistra Corp,Rep Jimmy Panetta,2025-02-25,2500.00
VISTRA CORPORATE SERVICES COMPANY (FKA VISTRA CORP.),Vistra Employee Political Action Committee of Vistra Corp,Rep Julie Johnson,2025-02-03,2000.00
VISTRA CORPORATE SERVICES COMPANY (FKA VISTRA CORP.),Vistra Employee Political Action Committee of Vistra Corp,Rep Guy Reschenthaler,2025-04-03,1500.00
VISTRA CORPORATE SERVICES COMPANY (FKA VISTRA CORP.),Vistra Employee Political Action Committee of Vistra Corp,Rep Michael Bost,2025-06-12,2500.00
VISTRA CORPORATE SERVICES COMPANY (FKA VISTRA CORP.),Vistra Employee Political Action Committee of Vistra Corp,Rep Nikki Budzinski,2025-02-13,1000.00
VISTRA CORPORATE SERVICES COMPANY (FKA VISTRA CORP.),Vistra Employee Political Action Committee of Vistra Corp,Rep Nathaniel Moran,2025-05-20,500.00
VISTRA CORPORATE SERVICES COMPANY (FKA VISTRA CORP.),Vistra Employee Political Action Committee of Vistra Corp,Rep Carol Miller,2025-05-20,1000.00
VISTRA CORPORATE SERVICES COMPANY (FKA VISTRA CORP.),Vistra Employee Political Action Committee of Vistra Corp,Rep Chrissy Houlahan,2025-06-12,1000.00
VISTRA CORPORATE SERVICES COMPANY (FKA VISTRA CORP.),Vistra Employee Political Action Committee of Vistra Corp,Rep Bob Latta,2025-06-12,1500.00
VISTRA CORPORATE SERVICES COMPANY (FKA VISTRA CORP.),Vistra Employee Political Action Committee of Vistra Corp,Rep Troy Balderson,2025-06-12,2000.00
VISTRA CORPORATE SERVICES COMPANY (FKA VISTRA CORP.),Vistra Employee Political Action Committee of Vistra Corp,Sen Jon A Husted,2025-03-13,1000.00
VISTRA CORPORATE SERVICES COMPANY (FKA VISTRA CORP.),Vistra Employee Political Action Committee of Vistra Corp,Rep Michael Rulli,2025-05-20,1000.00
VISTRA CORPORATE SERVICES COMPANY (FKA VISTRA CORP.),Vistra Employee Political Action Committee of Vistra Corp,Rep Dave Joyce,2025-05-05,1000.00
VISTRA CORPORATE SERVICES COMPANY (FKA VISTRA CORP.),Vistra Employee Political Action Committee of Vistra Corp,Rep Nathaniel Moran,2025-04-21,1000.00
VISTRA CORPORATE SERVICES COMPANY (FKA VISTRA CORP.),Vistra Employee Political Action Committee of Vistra Corp,Rep Jodey Arrington,2025-04-21,1000.00
VISTRA CORPORATE SERVICES COMPANY (FKA VISTRA CORP.),Vistra Employee Political Action Committee of Vistra Corp,Rep Vicente Gonzalez,2025-04-03,1000.00
VISTRA CORPORATE SERVICES COMPANY (FKA VISTRA CORP.),Vistra Employee Political Action Committee of Vistra Corp,Rep Tom Cole,2025-05-20,2500.00
VISTRA CORPORATE SERVICES COMPANY (FKA VISTRA CORP.),Vistra Employee Political Action Committee of Vistra Corp,Rep Lloyd K Smucker,2025-04-03,1500.00
VISTRA CORPORATE SERVICES COMPANY (FKA VISTRA CORP.),Vistra Employee Political Action Committee of Vistra Corp,Sen Chris Coons,2025-06-12,1500.00
VISTRA CORPORATE SERVICES COMPANY (FKA VISTRA CORP.),Vistra Employee Political Action Committee of Vistra Corp,Rep Tony Gonzales II,2025-05-20,1000.00
VISTRA CORPORATE SERVICES COMPANY (FKA VISTRA CORP.),Vistra Employee Political Action Committee of Vistra Corp,Sen William M Cassidy,2025-06-12,2000.00
VISTRA CORPORATE SERVICES COMPANY (FKA VISTRA CORP.),Vistra Employee Political Action Committee of Vistra Corp,Rep Jimmy Panetta,2025-02-13,1000.00
VISTRA CORPORATE SERVICES COMPANY (FKA VISTRA CORP.),Vistra Employee Political Action Committee of Vistra Corp,Rep Randall Feenstra,2025-02-13,2500.00
VISTRA CORPORATE SERVICES COMPANY (FKA VISTRA CORP.),Vistra Employee Political Action Committee of Vistra Corp,Rep Jay Obernolte,2025-04-03,1000.00
VISTRA CORPORATE SERVICES COMPANY (FKA VISTRA CORP.),Vistra Employee Political Action Committee of Vistra Corp,Rep Paul D Tonko,2025-04-03,1000.00
VISTRA CORPORATE SERVICES COMPANY (FKA VISTRA CORP.),Vistra Employee Political Action Committee of Vistra Corp,Rep Ken Calvert,2025-05-21,2500.00
VISTRA CORPORATE SERVICES COMPANY (FKA VISTRA CORP.),Vistra Employee Political Action Committee of Vistra Corp,Rep David Valadao,2025-04-03,1000.00
VISTRA CORPORATE SERVICES COMPANY (FKA VISTRA CORP.),Vistra Employee Political Action Committee of Vistra Corp,Rep Kevin Hern,2025-06-12,2500.00
VISTRA CORPORATE SERVICES COMPANY (FKA VISTRA CORP.),Vistra Employee Political Action Committee of Vistra Corp,Sen Jon A Husted,2025-06-12,2500.00
VISTRA CORPORATE SERVICES COMPANY (FKA VISTRA CORP.),Vistra Employee Political Action Committee of Vistra Corp,Rep Jodey Arrington,2025-05-20,2000.00
VISTRA CORPORATE SERVICES COMPANY (FKA VISTRA CORP.),Vistra Employee Political Action Committee of Vistra Corp,Rep Roger Williams,2025-02-13,1000.00
VISTRA CORPORATE SERVICES COMPANY (FKA VISTRA CORP.),Vistra Employee Political Action Committee of Vistra Corp,Rep Troy Balderson,2025-02-13,1000.00
VISTRA CORPORATE SERVICES COMPANY (FKA VISTRA CORP.),Vistra Employee Political Action Committee of Vistra Corp,Rep Julia Letlow,2025-03-20,1500.00
VISTRA CORPORATE SERVICES COMPANY (FKA VISTRA CORP.),Vistra Employee Political Action Committee of Vistra Corp,Rep Nathaniel Moran,2025-05-20,1500.00
VISTRA CORPORATE SERVICES COMPANY (FKA VISTRA CORP.),Vistra Employee Political Action Committee of Vistra Corp,Rep Katherine Clark,2025-03-20,1500.00
VISTRA CORPORATE SERVICES COMPANY (FKA VISTRA CORP.),Vistra Employee Political Action Committee of Vistra Corp,Rep Nathaniel Moran,2025-03-20,2500.00
VISTRA CORPORATE SERVICES COMPANY (FKA VISTRA CORP.),Vistra Employee Political Action Committee of Vistra Corp,Rep John Joyce,2025-02-25,2500.00
VISTRA CORPORATE SERVICES COMPANY (FKA VISTRA CORP.),Vistra Employee Political Action Committee of Vistra Corp,Rep Michael Rulli,2025-03-20,1000.00
VISTRA CORPORATE SERVICES COMPANY (FKA VISTRA CORP.),Vistra Employee Political Action Committee of Vistra Corp,Rep Bob Latta,2025-03-20,1000.00
VISTRA CORPORATE SERVICES COMPANY (FKA VISTRA CORP.),Vistra Employee Political Action Committee of Vistra Corp,Rep Marc Veasey,2025-04-03,1000.00
VISTRA CORPORATE SERVICES COMPANY (FKA VISTRA CORP.),Vistra Employee Political Action Committee of Vistra Corp,Sen Shelley Moore Capito,2025-05-21,3000.00
VISTRA CORPORATE SERVICES COMPANY (FKA VISTRA CORP.),Vistra Employee Political Action Committee of Vistra Corp,Rep Lloyd K Smucker,2025-04-03,1000.00
VISTRA CORPORATE SERVICES COMPANY (FKA VISTRA CORP.),Vistra Employee Political Action Committee of Vistra Corp,Rep Greg Landsman,2025-04-03,1000.00
VISTRA CORPORATE SERVICES COMPANY (FKA VISTRA CORP.),Vistra Employee Political Action Committee of Vistra Corp,Rep Salud Carbajal,2025-04-03,2500.00
VISTRA CORPORATE SERVICES COMPANY (FKA VISTRA CORP.),Vistra Employee Political Action Committee of Vistra Corp,John Kevin Ellzey SR,2025-02-13,2000.00
VISTRA CORPORATE SERVICES COMPANY (FKA VISTRA CORP.),Vistra Employee Political Action Committee of Vistra Corp,Rep Brian Fitzpatrick,2025-02-13,1000.00
VISTRA CORPORATE SERVICES COMPANY (FKA VISTRA CORP.),Vistra Employee Political Action Committee of Vistra Corp,August Lee Pfluger II,2025-02-13,5000.00
VISTRA CORPORATE SERVICES COMPANY (FKA VISTRA CORP.),Vistra Employee Political Action Committee of Vistra Corp,Rep Craig Goldman,2025-05-20,1000.00
VISTRA CORPORATE SERVICES COMPANY (FKA VISTRA CORP.),Vistra Employee Political Action Committee of Vistra Corp,Sen Martin Heinrich,2025-06-12,1500.00
VISTRA CORPORATE SERVICES COMPANY (FKA VISTRA CORP.),Vistra Employee Political Action Committee of Vistra Corp,Rep Craig Goldman,2025-04-21,1500.00
VISTRA CORPORATE SERVICES COMPANY (FKA VISTRA CORP.),Vistra Employee Political Action Committee of Vistra Corp,Rep Jodey Arrington,2025-02-03,2000.00
VISTRA CORPORATE SERVICES COMPANY (FKA VISTRA CORP.),Vistra Employee Political Action Committee of Vistra Corp,Rep Brett Guthrie,2025-03-20,1500.00
VISTRA CORPORATE SERVICES COMPANY (FKA VISTRA CORP.),Vistra Employee Political Action Committee of Vistra Corp,Rep Dave Joyce,2025-02-03,1000.00
VISTRA CORPORATE SERVICES COMPANY (FKA VISTRA CORP.),Vistra Employee Political Action Committee of Vistra Corp,Rep Michael Bost,2025-04-21,1000.00
VISTRA CORPORATE SERVICES COMPANY (FKA VISTRA CORP.),Vistra Employee Political Action Committee of Vistra Corp,Rep Randy Weber,2025-06-12,1500.00
VISTRA CORPORATE SERVICES COMPANY (FKA VISTRA CORP.),Vistra Employee Political Action Committee of Vistra Corp,Rep Nikki Budzinski,2025-02-25,2500.00
VISTRA CORPORATE SERVICES COMPANY (FKA VISTRA CORP.),Vistra Employee Political Action Committee of Vistra Corp,Rep Mariannette MillerMeeks,2025-05-20,1000.00
VISTRA CORPORATE SERVICES COMPANY (FKA VISTRA CORP.),Vistra Employee Political Action Committee of Vistra Corp,Rep Ken Calvert,2025-04-03,1000.00
VISTRA CORPORATE SERVICES COMPANY (FKA VISTRA CORP.),Vistra Employee Political Action Committee of Vistra Corp,Rep Rudy Yakym III,2025-02-13,1000.00
VISTRA CORPORATE SERVICES COMPANY (FKA VISTRA CORP.),Vistra Employee Political Action Committee of Vistra Corp,Rep Marc Veasey,2025-04-03,1000.00
VISTRA CORPORATE SERVICES COMPANY (FKA VISTRA CORP.),Vistra Employee Political Action Committee of Vistra Corp,Rep Darin LaHood,2025-02-13,2500.00
VISTRA CORPORATE SERVICES COMPANY (FKA VISTRA CORP.),Vistra Employee Political Action Committee of Vistra Corp,Rep Pete Sessions,2025-06-12,1000.00
VISTRA CORPORATE SERVICES COMPANY (FKA VISTRA CORP.),Vistra Employee Political Action Committee of Vistra Corp,Rep Jimmy Panetta,2025-02-25,2500.00
VISTRA CORPORATE SERVICES COMPANY (FKA VISTRA CORP.),Vistra Employee Political Action Committee of Vistra Corp,Rep Julie Johnson,2025-02-03,2000.00
VISTRA CORPORATE SERVICES COMPANY (FKA VISTRA CORP.),Vistra Employee Political Action Committee of Vistra Corp,Rep Guy Reschenthaler,2025-04-03,1500.00
VISTRA CORPORATE SERVICES COMPANY (FKA VISTRA CORP.),Vistra Employee Political Action Committee of Vistra Corp,Rep Michael Bost,2025-06-12,2500.00
VISTRA CORPORATE SERVICES COMPANY (FKA VISTRA CORP.),Vistra Employee Political Action Committee of Vistra Corp,Rep Nikki Budzinski,2025-02-13,1000.00
VISTRA CORPORATE SERVICES COMPANY (FKA VISTRA CORP.),Vistra Employee Political Action Committee of Vistra Corp,Rep Nathaniel Moran,2025-05-20,500.00
VISTRA CORPORATE SERVICES COMPANY (FKA VISTRA CORP.),Vistra Employee Political Action Committee of Vistra Corp,Rep Carol Miller,2025-05-20,1000.00
VISTRA CORPORATE SERVICES COMPANY (FKA VISTRA CORP.),Vistra Employee Political Action Committee of Vistra Corp,Rep Chrissy Houlahan,2025-06-12,1000.00
VISTRA CORPORATE SERVICES COMPANY (FKA VISTRA CORP.),Vistra Employee Political Action Committee of Vistra Corp,Rep Bob Latta,2025-06-12,1500.00
VISTRA CORPORATE SERVICES COMPANY (FKA VISTRA CORP.),Vistra Employee Political Action Committee of Vistra Corp,Rep Troy Balderson,2025-06-12,2000.00
VISTRA CORPORATE SERVICES COMPANY (FKA VISTRA CORP.),Vistra Employee Political Action Committee of Vistra Corp,Sen Jon A Husted,2025-03-13,1000.00
VISTRA CORPORATE SERVICES COMPANY (FKA VISTRA CORP.),Vistra Employee Political Action Committee of Vistra Corp,Rep Michael Rulli,2025-05-20,1000.00
VISTRA CORPORATE SERVICES COMPANY (FKA VISTRA CORP.),Vistra Employee Political Action Committee of Vistra Corp,Rep Dave Joyce,2025-05-05,1000.00
VISTRA CORPORATE SERVICES COMPANY (FKA VISTRA CORP.),Vistra Employee Political Action Committee of Vistra Corp,Rep Nathaniel Moran,2025-04-21,1000.00
VISTRA CORPORATE SERVICES COMPANY (FKA VISTRA CORP.),Vistra Employee Political Action Committee of Vistra Corp,Rep Jodey Arrington,2025-04-21,1000.00
VISTRA CORPORATE SERVICES COMPANY (FKA VISTRA CORP.),Vistra Employee Political Action Committee of Vistra Corp,Rep Vicente Gonzalez,2025-04-03,1000.00
VISTRA CORPORATE SERVICES COMPANY (FKA VISTRA CORP.),Vistra Employee Political Action Committee of Vistra Corp,Rep Tom Cole,2025-05-20,2500.00
VISTRA CORPORATE SERVICES COMPANY (FKA VISTRA CORP.),Vistra Employee Political Action Committee of Vistra Corp,Rep Lloyd K Smucker,2025-04-03,1500.00
VISTRA CORPORATE SERVICES COMPANY (FKA VISTRA CORP.),Vistra Employee Political Action Committee of Vistra Corp,Sen Chris Coons,2025-06-12,1500.00
VISTRA CORPORATE SERVICES COMPANY (FKA VISTRA CORP.),Vistra Employee Political Action Committee of Vistra Corp,Rep Tony Gonzales II,2025-05-20,1000.00
VISTRA CORPORATE SERVICES COMPANY (FKA VISTRA CORP.),Vistra Employee Political Action Committee of Vistra Corp,Sen William M Cassidy,2025-06-12,2000.00
VISTRA CORPORATE SERVICES COMPANY (FKA VISTRA CORP.),Vistra Employee Political Action Committee of Vistra Corp,Rep Jimmy Panetta,2025-02-13,1000.00
VISTRA CORPORATE SERVICES COMPANY (FKA VISTRA CORP.),Vistra Employee Political Action Committee of Vistra Corp,Rep Randall Feenstra,2025-02-13,2500.00
VISTRA CORPORATE SERVICES COMPANY (FKA VISTRA CORP.),Vistra Employee Political Action Committee of Vistra Corp,Rep Jay Obernolte,2025-04-03,1000.00
VISTRA CORPORATE SERVICES COMPANY (FKA VISTRA CORP.),Vistra Employee Political Action Committee of Vistra Corp,Rep Paul D Tonko,2025-04-03,1000.00
VISTRA CORPORATE SERVICES COMPANY (FKA VISTRA CORP.),Vistra Employee Political Action Committee of Vistra Corp,Rep Ken Calvert,2025-05-21,2500.00
VISTRA CORPORATE SERVICES COMPANY (FKA VISTRA CORP.),Vistra Employee Political Action Committee of Vistra Corp,Rep David Valadao,2025-04-03,1000.00
VISTRA CORPORATE SERVICES COMPANY (FKA VISTRA CORP.),Vistra Employee Political Action Committee of Vistra Corp,Rep Kevin Hern,2025-06-12,2500.00
VISTRA CORPORATE SERVICES COMPANY (FKA VISTRA CORP.),Vistra Employee Political Action Committee of Vistra Corp,Sen Jon A Husted,2025-06-12,2500.00
VISTRA CORPORATE SERVICES COMPANY (FKA VISTRA CORP.),Vistra Employee Political Action Committee of Vistra Corp,Rep Jodey Arrington,2025-05-20,2000.00
VISTRA CORPORATE SERVICES COMPANY (FKA VISTRA CORP.),Vistra Employee Political Action Committee of Vistra Corp,Rep Roger Williams,2025-02-13,1000.00
VISTRA CORPORATE SERVICES COMPANY (FKA VISTRA CORP.),Vistra Employee Political Action Committee of Vistra Corp,Rep Troy Balderson,2025-02-13,1000.00
VISTRA CORPORATE SERVICES COMPANY (FKA VISTRA CORP.),Vistra Employee Political Action Committee of Vistra Corp,Rep Julia Letlow,2025-03-20,1500.00
VISTRA CORPORATE SERVICES COMPANY (FKA VISTRA CORP.),Vistra Employee Political Action Committee of Vistra Corp,Rep Nathaniel Moran,2025-05-20,1500.00
VISTRA CORPORATE SERVICES COMPANY (FKA VISTRA CORP.),Vistra Employee Political Action Committee of Vistra Corp,Rep Katherine Clark,2025-03-20,1500.00
VISTRA CORPORATE SERVICES COMPANY (FKA VISTRA CORP.),Vistra Employee Political Action Committee of Vistra Corp,Rep Nathaniel Moran,2025-03-20,2500.00
VISTRA CORPORATE SERVICES COMPANY (FKA VISTRA CORP.),Vistra Employee Political Action Committee of Vistra Corp,Rep John Joyce,2025-02-25,2500.00
VISTRA CORPORATE SERVICES COMPANY (FKA VISTRA CORP.),Vistra Employee Political Action Committee of Vistra Corp,Rep Michael Rulli,2025-03-20,1000.00
VISTRA CORPORATE SERVICES COMPANY (FKA VISTRA CORP.),Vistra Employee Political Action Committee of Vistra Corp,Rep Bob Latta,2025-03-20,1000.00
VISTRA CORPORATE SERVICES COMPANY (FKA VISTRA CORP.),Vistra Employee Political Action Committee of Vistra Corp,Rep Marc Veasey,2025-04-03,1000.00
VISTRA CORPORATE SERVICES COMPANY (FKA VISTRA CORP.),Vistra Employee Political Action Committee of Vistra Corp,Sen Shelley Moore Capito,2025-05-21,3000.00
VISTRA CORPORATE SERVICES COMPANY (FKA VISTRA CORP.),Vistra Employee Political Action Committee of Vistra Corp,Rep Lloyd K Smucker,2025-04-03,1000.00
VISTRA CORPORATE SERVICES COMPANY (FKA VISTRA CORP.),Vistra Employee Political Action Committee of Vistra Corp,Rep Greg Landsman,2025-04-03,1000.00
VISTRA CORPORATE SERVICES COMPANY (FKA VISTRA CORP.),Vistra Employee Political Action Committee of Vistra Corp,Rep Salud Carbajal,2025-04-03,2500.00
VISTRA CORPORATE SERVICES COMPANY (FKA VISTRA CORP.),Vistra Employee Political Action Committee of Vistra Corp,John Kevin Ellzey SR,2025-02-13,2000.00
VISTRA CORPORATE SERVICES COMPANY (FKA VISTRA CORP.),Vistra Employee Political Action Committee of Vistra Corp,Rep Brian Fitzpatrick,2025-02-13,1000.00
VISTRA CORPORATE SERVICES COMPANY (FKA VISTRA CORP.),Vistra Employee Political Action Committee of Vistra Corp,August Lee Pfluger II,2025-02-13,5000.00
VISTRA CORPORATE SERVICES COMPANY (FKA VISTRA CORP.),Vistra Employee Political Action Committee of Vistra Corp,Rep Craig Goldman,2025-05-20,1000.00
VISTRA CORPORATE SERVICES COMPANY (FKA VISTRA CORP.),Vistra Employee Political Action Committee of Vistra Corp,Sen Martin Heinrich,2025-06-12,1500.00
VISTRA CORPORATE SERVICES COMPANY (FKA VISTRA CORP.),Vistra Employee Political Action Committee of Vistra Corp,Rep Craig Goldman,2025-04-21,1500.00
VISTRA CORPORATE SERVICES COMPANY (FKA VISTRA CORP.),Vistra Employee Political Action Committee of Vistra Corp,Rep Jodey Arrington,2025-02-03,2000.00
VISTRA CORPORATE SERVICES COMPANY (FKA VISTRA CORP.),Vistra Employee Political Action Committee of Vistra Corp,Rep Brett Guthrie,2025-03-20,1500.00
VISTRA CORPORATE SERVICES COMPANY (FKA VISTRA CORP.),Vistra Employee Political Action Committee of Vistra Corp,Rep Dave Joyce,2025-02-03,1000.00
VISTRA CORPORATE SERVICES COMPANY (FKA VISTRA CORP.),Vistra Employee Political Action Committee of Vistra Corp,Rep Michael Bost,2025-04-21,1000.00
VISTRA CORPORATE SERVICES COMPANY (FKA VISTRA CORP.),Vistra Employee Political Action Committee of Vistra Corp,Rep Randy Weber,2025-06-12,1500.00
VISTRA CORPORATE SERVICES COMPANY (FKA VISTRA CORP.),Vistra Employee Political Action Committee of Vistra Corp,Rep Nikki Budzinski,2025-02-25,2500.00
VISTRA CORPORATE SERVICES COMPANY (FKA VISTRA CORP.),Vistra Employee Political Action Committee of Vistra Corp,Rep Mariannette MillerMeeks,2025-05-20,1000.00
VISTRA CORPORATE SERVICES COMPANY (FKA VISTRA CORP.),Vistra Employee Political Action Committee of Vistra Corp,Rep Ken Calvert,2025-04-03,1000.00
VISTRA CORPORATE SERVICES COMPANY (FKA VISTRA CORP.),Vistra Employee Political Action Committee of Vistra Corp,Rep Rudy Yakym III,2025-02-13,1000.00
VISTRA CORPORATE SERVICES COMPANY (FKA VISTRA CORP.),Vistra Employee Political Action Committee of Vistra Corp,Rep Marc Veasey,2025-04-03,1000.00
VISTRA CORPORATE SERVICES COMPANY (FKA VISTRA CORP.),Vistra Employee Political Action Committee of Vistra Corp,Rep Darin LaHood,2025-02-13,2500.00
VISTRA CORPORATE SERVICES COMPANY (FKA VISTRA CORP.),Vistra Employee Political Action Committee of Vistra Corp,Rep Pete Sessions,2025-06-12,1000.00
VISTRA CORPORATE SERVICES COMPANY (FKA VISTRA CORP.),Vistra Employee Political Action Committee of Vistra Corp,Rep Jimmy Panetta,2025-02-25,2500.00
VISTRA CORPORATE SERVICES COMPANY (FKA VISTRA CORP.),Vistra Employee Political Action Committee of Vistra Corp,Rep Julie Johnson,2025-02-03,2000.00
VISTRA CORPORATE SERVICES COMPANY (FKA VISTRA CORP.),Vistra Employee Political Action Committee of Vistra Corp,Rep Guy Reschenthaler,2025-04-03,1500.00
VISTRA CORPORATE SERVICES COMPANY (FKA VISTRA CORP.),Vistra Employee Political Action Committee of Vistra Corp,Rep Michael Bost,2025-06-12,2500.00
VISTRA CORPORATE SERVICES COMPANY (FKA VISTRA CORP.),Vistra Employee Political Action Committee of Vistra Corp,Rep Nikki Budzinski,2025-02-13,1000.00
VISTRA CORPORATE SERVICES COMPANY (FKA VISTRA CORP.),Vistra Employee Political Action Committee of Vistra Corp,Rep Nathaniel Moran,2025-05-20,500.00
VISTRA CORPORATE SERVICES COMPANY (FKA VISTRA CORP.),Vistra Employee Political Action Committee of Vistra Corp,Rep Carol Miller,2025-05-20,1000.00
VISTRA CORPORATE SERVICES COMPANY (FKA VISTRA CORP.),Vistra Employee Political Action Committee of Vistra Corp,Rep Chrissy Houlahan,2025-06-12,1000.00
VISTRA CORPORATE SERVICES COMPANY (FKA VISTRA CORP.),Vistra Employee Political Action Committee of Vistra Corp,Rep Bob Latta,2025-06-12,1500.00
VISTRA CORPORATE SERVICES COMPANY (FKA VISTRA CORP.),Vistra Employee Political Action Committee of Vistra Corp,Rep Troy Balderson,2025-06-12,2000.00
VISTRA CORPORATE SERVICES COMPANY (FKA VISTRA CORP.),Vistra Employee Political Action Committee of Vistra Corp,Sen Jon A Husted,2025-03-13,1000.00
VISTRA CORPORATE SERVICES COMPANY (FKA VISTRA CORP.),Vistra Employee Political Action Committee of Vistra Corp,Rep Michael Rulli,2025-05-20,1000.00
VISTRA CORPORATE SERVICES COMPANY (FKA VISTRA CORP.),Vistra Employee Political Action Committee of Vistra Corp,Rep Dave Joyce,2025-05-05,1000.00
VISTRA CORPORATE SERVICES COMPANY (FKA VISTRA CORP.),Vistra Employee Political Action Committee of Vistra Corp,Rep Nathaniel Moran,2025-04-21,1000.00
VISTRA CORPORATE SERVICES COMPANY (FKA VISTRA CORP.),Vistra Employee Political Action Committee of Vistra Corp,Rep Jodey Arrington,2025-04-21,1000.00
VISTRA CORPORATE SERVICES COMPANY (FKA VISTRA CORP.),Vistra Employee Political Action Committee of Vistra Corp,Rep Vicente Gonzalez,2025-04-03,1000.00
VISTRA CORPORATE SERVICES COMPANY (FKA VISTRA CORP.),Vistra Employee Political Action Committee of Vistra Corp,Rep Tom Cole,2025-05-20,2500.00
VISTRA CORPORATE SERVICES COMPANY (FKA VISTRA CORP.),Vistra Employee Political Action Committee of Vistra Corp,Rep Lloyd K Smucker,2025-04-03,1500.00
VISTRA CORPORATE SERVICES COMPANY (FKA VISTRA CORP.),Vistra Employee Political Action Committee of Vistra Corp,Sen Chris Coons,2025-06-12,1500.00
VISTRA CORPORATE SERVICES COMPANY (FKA VISTRA CORP.),Vistra Employee Political Action Committee of Vistra Corp,Rep Tony Gonzales II,2025-05-20,1000.00
VISTRA CORPORATE SERVICES COMPANY (FKA VISTRA CORP.),Vistra Employee Political Action Committee of Vistra Corp,Sen William M Cassidy,2025-06-12,2000.00
VISTRA CORPORATE SERVICES COMPANY (FKA VISTRA CORP.),Vistra Employee Political Action Committee of Vistra Corp,Rep Jimmy Panetta,2025-02-13,1000.00
VISTRA CORPORATE SERVICES COMPANY (FKA VISTRA CORP.),Vistra Employee Political Action Committee of Vistra Corp,Rep Randall Feenstra,2025-02-13,2500.00
VISTRA CORPORATE SERVICES COMPANY (FKA VISTRA CORP.),Vistra Employee Political Action Committee of Vistra Corp,Rep Jay Obernolte,2025-04-03,1000.00
VISTRA CORPORATE SERVICES COMPANY (FKA VISTRA CORP.),Vistra Employee Political Action Committee of Vistra Corp,Rep Paul D Tonko,2025-04-03,1000.00
VISTRA CORPORATE SERVICES COMPANY (FKA VISTRA CORP.),Vistra Employee Political Action Committee of Vistra Corp,Rep Ken Calvert,2025-05-21,2500.00
VISTRA CORPORATE SERVICES COMPANY (FKA VISTRA CORP.),Vistra Employee Political Action Committee of Vistra Corp,Rep David Valadao,2025-04-03,1000.00
VISTRA CORPORATE SERVICES COMPANY (FKA VISTRA CORP.),Vistra Employee Political Action Committee of Vistra Corp,Rep Kevin Hern,2025-06-12,2500.00
VISTRA CORPORATE SERVICES COMPANY (FKA VISTRA CORP.),Vistra Employee Political Action Committee of Vistra Corp,Sen Jon A Husted,2025-06-12,2500.00
VISTRA CORPORATE SERVICES COMPANY (FKA VISTRA CORP.),Vistra Employee Political Action Committee of Vistra Corp,Rep Jodey Arrington,2025-05-20,2000.00
VISTRA CORPORATE SERVICES COMPANY (FKA VISTRA CORP.),Vistra Employee Political Action Committee of Vistra Corp,Rep Roger Williams,2025-02-13,1000.00
VISTRA CORPORATE SERVICES COMPANY (FKA VISTRA CORP.),Vistra Employee Political Action Committee of Vistra Corp,Rep Troy Balderson,2025-02-13,1000.00
VISTRA CORPORATE SERVICES COMPANY (FKA VISTRA CORP.),Vistra Employee Political Action Committee of Vistra Corp,Rep Julia Letlow,2025-03-20,1500.00
VISTRA CORPORATE SERVICES COMPANY (FKA VISTRA CORP.),Vistra Employee Political Action Committee of Vistra Corp,Rep Nathaniel Moran,2025-05-20,1500.00
VISTRA CORPORATE SERVICES COMPANY (FKA VISTRA CORP.),Vistra Employee Political Action Committee of Vistra Corp,Rep Katherine Clark,2025-03-20,1500.00
VISTRA CORPORATE SERVICES COMPANY (FKA VISTRA CORP.),Vistra Employee Political Action Committee of Vistra Corp,Rep Nathaniel Moran,2025-03-20,2500.00
VISTRA CORPORATE SERVICES COMPANY (FKA VISTRA CORP.),Vistra Employee Political Action Committee of Vistra Corp,Rep John Joyce,2025-02-25,2500.00
VISTRA CORPORATE SERVICES COMPANY (FKA VISTRA CORP.),Vistra Employee Political Action Committee of Vistra Corp,Rep Michael Rulli,2025-03-20,1000.00
VISTRA CORPORATE SERVICES COMPANY (FKA VISTRA CORP.),Vistra Employee Political Action Committee of Vistra Corp,Rep Bob Latta,2025-03-20,1000.00
VISTRA CORPORATE SERVICES COMPANY (FKA VISTRA CORP.),Vistra Employee Political Action Committee of Vistra Corp,Rep Marc Veasey,2025-04-03,1000.00
VISTRA CORPORATE SERVICES COMPANY (FKA VISTRA CORP.),Vistra Employee Political Action Committee of Vistra Corp,Sen Shelley Moore Capito,2025-05-21,3000.00
VISTRA CORPORATE SERVICES COMPANY (FKA VISTRA CORP.),Vistra Employee Political Action Committee of Vistra Corp,Rep Lloyd K Smucker,2025-04-03,1000.00
VISTRA CORPORATE SERVICES COMPANY (FKA VISTRA CORP.),Vistra Employee Political Action Committee of Vistra Corp,Rep Greg Landsman,2025-04-03,1000.00
VISTRA CORPORATE SERVICES COMPANY (FKA VISTRA CORP.),Vistra Employee Political Action Committee of Vistra Corp,Rep Salud Carbajal,2025-04-03,2500.00
VISTRA CORPORATE SERVICES COMPANY (FKA VISTRA CORP.),Vistra Employee Political Action Committee of Vistra Corp,John Kevin Ellzey SR,2025-02-13,2000.00
VISTRA CORPORATE SERVICES COMPANY (FKA VISTRA CORP.),Vistra Employee Political Action Committee of Vistra Corp,Rep Brian Fitzpatrick,2025-02-13,1000.00
VISTRA CORPORATE SERVICES COMPANY (FKA VISTRA CORP.),Vistra Employee Political Action Committee of Vistra Corp,August Lee Pfluger II,2025-02-13,5000.00
VISTRA CORPORATE SERVICES COMPANY (FKA VISTRA CORP.),Vistra Employee Political Action Committee of Vistra Corp,Rep Craig Goldman,2025-05-20,1000.00
VISTRA CORPORATE SERVICES COMPANY (FKA VISTRA CORP.),Vistra Employee Political Action Committee of Vistra Corp,Sen Martin Heinrich,2025-06-12,1500.00
VISTRA CORPORATE SERVICES COMPANY (FKA VISTRA CORP.),Vistra Employee Political Action Committee of Vistra Corp,Rep Craig Goldman,2025-04-21,1500.00
VISTRA CORPORATE SERVICES COMPANY (FKA VISTRA CORP.),Vistra Employee Political Action Committee of Vistra Corp,Rep Jodey Arrington,2025-02-03,2000.00
VISTRA CORPORATE SERVICES COMPANY (FKA VISTRA CORP.),Vistra Employee Political Action Committee of Vistra Corp,Rep Brett Guthrie,2025-03-20,1500.00
VISTRA CORPORATE SERVICES COMPANY (FKA VISTRA CORP.),Vistra Employee Political Action Committee of Vistra Corp,Rep Dave Joyce,2025-02-03,1000.00
VISTRA CORPORATE SERVICES COMPANY (FKA VISTRA CORP.),Vistra Employee Political Action Committee of Vistra Corp,Rep Michael Bost,2025-04-21,1000.00
VISTRA CORPORATE SERVICES COMPANY (FKA VISTRA CORP.),Vistra Employee Political Action Committee of Vistra Corp,Rep Randy Weber,2025-06-12,1500.00
VISTRA CORPORATE SERVICES COMPANY (FKA VISTRA CORP.),Vistra Employee Political Action Committee of Vistra Corp,Rep Nikki Budzinski,2025-02-25,2500.00
VISTRA CORPORATE SERVICES COMPANY (FKA VISTRA CORP.),Vistra Employee Political Action Committee of Vistra Corp,Rep Mariannette MillerMeeks,2025-05-20,1000.00
VISTRA CORPORATE SERVICES COMPANY (FKA VISTRA CORP.),Vistra Employee Political Action Committee of Vistra Corp,Rep Ken Calvert,2025-04-03,1000.00
VISTRA CORPORATE SERVICES COMPANY (FKA VISTRA CORP.),Vistra Employee Political Action Committee of Vistra Corp,Rep Rudy Yakym III,2025-02-13,1000.00
VISTRA CORPORATE SERVICES COMPANY (FKA VISTRA CORP.),Vistra Employee Political Action Committee of Vistra Corp,Rep Marc Veasey,2025-04-03,1000.00
VISTRA CORPORATE SERVICES COMPANY (FKA VISTRA CORP.),Vistra Employee Political Action Committee of Vistra Corp,Rep Darin LaHood,2025-02-13,2500.00
VISTRA CORPORATE SERVICES COMPANY (FKA VISTRA CORP.),Vistra Employee Political Action Committee of Vistra Corp,Rep Pete Sessions,2025-06-12,1000.00
VISTRA CORPORATE SERVICES COMPANY (FKA VISTRA CORP.),Vistra Employee Political Action Committee of Vistra Corp,Rep Jimmy Panetta,2025-02-25,2500.00
VISTRA CORPORATE SERVICES COMPANY (FKA VISTRA CORP.),Vistra Employee Political Action Committee of Vistra Corp,Rep Julie Johnson,2025-02-03,2000.00
VISTRA CORPORATE SERVICES COMPANY (FKA VISTRA CORP.),Vistra Employee Political Action Committee of Vistra Corp,Rep Guy Reschenthaler,2025-04-03,1500.00
VISTRA CORPORATE SERVICES COMPANY (FKA VISTRA CORP.),Vistra Employee Political Action Committee of Vistra Corp,Rep Michael Bost,2025-06-12,2500.00
VISTRA CORPORATE SERVICES COMPANY (FKA VISTRA CORP.),Vistra Employee Political Action Committee of Vistra Corp,Rep Nikki Budzinski,2025-02-13,1000.00
VISTRA CORPORATE SERVICES COMPANY (FKA VISTRA CORP.),Vistra Employee Political Action Committee of Vistra Corp,Rep Nathaniel Moran,2025-05-20,500.00
VISTRA CORPORATE SERVICES COMPANY (FKA VISTRA CORP.),Vistra Employee Political Action Committee of Vistra Corp,Rep Carol Miller,2025-05-20,1000.00
VISTRA CORPORATE SERVICES COMPANY (FKA VISTRA CORP.),Vistra Employee Political Action Committee of Vistra Corp,Rep Chrissy Houlahan,2025-06-12,1000.00
VISTRA CORPORATE SERVICES COMPANY (FKA VISTRA CORP.),Vistra Employee Political Action Committee of Vistra Corp,Rep Bob Latta,2025-06-12,1500.00
VISTRA CORPORATE SERVICES COMPANY (FKA VISTRA CORP.),Vistra Employee Political Action Committee of Vistra Corp,Rep Troy Balderson,2025-06-12,2000.00
VISTRA CORPORATE SERVICES COMPANY (FKA VISTRA CORP.),Vistra Employee Political Action Committee of Vistra Corp,Sen Jon A Husted,2025-03-13,1000.00
VISTRA CORPORATE SERVICES COMPANY (FKA VISTRA CORP.),Vistra Employee Political Action Committee of Vistra Corp,Rep Michael Rulli,2025-05-20,1000.00
VISTRA CORPORATE SERVICES COMPANY (FKA VISTRA CORP.),Vistra Employee Political Action Committee of Vistra Corp,Rep Dave Joyce,2025-05-05,1000.00
VISTRA CORPORATE SERVICES COMPANY (FKA VISTRA CORP.),Vistra Employee Political Action Committee of Vistra Corp,Rep Nathaniel Moran,2025-04-21,1000.00
VISTRA CORPORATE SERVICES COMPANY (FKA VISTRA CORP.),Vistra Employee Political Action Committee of Vistra Corp,Rep Jodey Arrington,2025-04-21,1000.00
VISTRA CORPORATE SERVICES COMPANY (FKA VISTRA CORP.),Vistra Employee Political Action Committee of Vistra Corp,Rep Vicente Gonzalez,2025-04-03,1000.00
VISTRA CORPORATE SERVICES COMPANY (FKA VISTRA CORP.),Vistra Employee Political Action Committee of Vistra Corp,Rep Tom Cole,2025-05-20,2500.00
VISTRA CORPORATE SERVICES COMPANY (FKA VISTRA CORP.),Vistra Employee Political Action Committee of Vistra Corp,Rep Lloyd K Smucker,2025-04-03,1500.00
VISTRA CORPORATE SERVICES COMPANY (FKA VISTRA CORP.),Vistra Employee Political Action Committee of Vistra Corp,Sen Chris Coons,2025-06-12,1500.00
VISTRA CORPORATE SERVICES COMPANY (FKA VISTRA CORP.),Vistra Employee Political Action Committee of Vistra Corp,Rep Tony Gonzales II,2025-05-20,1000.00
VISTRA CORPORATE SERVICES COMPANY (FKA VISTRA CORP.),Vistra Employee Political Action Committee of Vistra Corp,Sen William M Cassidy,2025-06-12,2000.00
VISTRA CORPORATE SERVICES COMPANY (FKA VISTRA CORP.),Vistra Employee Political Action Committee of Vistra Corp,Rep Jimmy Panetta,2025-02-13,1000.00
VISTRA CORPORATE SERVICES COMPANY (FKA VISTRA CORP.),Vistra Employee Political Action Committee of Vistra Corp,Rep Randall Feenstra,2025-02-13,2500.00
VISTRA CORPORATE SERVICES COMPANY (FKA VISTRA CORP.),Vistra Employee Political Action Committee of Vistra Corp,Rep Jay Obernolte,2025-04-03,1000.00
VISTRA CORPORATE SERVICES COMPANY (FKA VISTRA CORP.),Vistra Employee Political Action Committee of Vistra Corp,Rep Paul D Tonko,2025-04-03,1000.00
VISTRA CORPORATE SERVICES COMPANY (FKA VISTRA CORP.),Vistra Employee Political Action Committee of Vistra Corp,Rep Ken Calvert,2025-05-21,2500.00
VISTRA CORPORATE SERVICES COMPANY (FKA VISTRA CORP.),Vistra Employee Political Action Committee of Vistra Corp,Rep David Valadao,2025-04-03,1000.00
VISTRA CORPORATE SERVICES COMPANY (FKA VISTRA CORP.),Vistra Employee Political Action Committee of Vistra Corp,Rep Kevin Hern,2025-06-12,2500.00
VISTRA CORPORATE SERVICES COMPANY (FKA VISTRA CORP.),Vistra Employee Political Action Committee of Vistra Corp,Sen Jon A Husted,2025-06-12,2500.00
VISTRA CORPORATE SERVICES COMPANY (FKA VISTRA CORP.),Vistra Employee Political Action Committee of Vistra Corp,Rep Jodey Arrington,2025-05-20,2000.00
VISTRA CORPORATE SERVICES COMPANY (FKA VISTRA CORP.),Vistra Employee Political Action Committee of Vistra Corp,Rep Roger Williams,2025-02-13,1000.00
VISTRA CORPORATE SERVICES COMPANY (FKA VISTRA CORP.),Vistra Employee Political Action Committee of Vistra Corp,Rep Troy Balderson,2025-02-13,1000.00
VISTRA CORPORATE SERVICES COMPANY (FKA VISTRA CORP.),Vistra Employee Political Action Committee of Vistra Corp,Rep Julia Letlow,2025-03-20,1500.00
VISTRA CORPORATE SERVICES COMPANY (FKA VISTRA CORP.),Vistra Employee Political Action Committee of Vistra Corp,Rep Nathaniel Moran,2025-05-20,1500.00
VISTRA CORPORATE SERVICES COMPANY (FKA VISTRA CORP.),Vistra Employee Political Action Committee of Vistra Corp,Rep Katherine Clark,2025-03-20,1500.00
VISTRA CORPORATE SERVICES COMPANY (FKA VISTRA CORP.),Vistra Employee Political Action Committee of Vistra Corp,Rep Nathaniel Moran,2025-03-20,2500.00
VISTRA CORPORATE SERVICES COMPANY (FKA VISTRA CORP.),Vistra Employee Political Action Committee of Vistra Corp,Rep John Joyce,2025-02-25,2500.00
VISTRA CORPORATE SERVICES COMPANY (FKA VISTRA CORP.),Vistra Employee Political Action Committee of Vistra Corp,Rep Michael Rulli,2025-03-20,1000.00
VISTRA CORPORATE SERVICES COMPANY (FKA VISTRA CORP.),Vistra Employee Political Action Committee of Vistra Corp,Rep Bob Latta,2025-03-20,1000.00
VISTRA CORPORATE SERVICES COMPANY (FKA VISTRA CORP.),Vistra Employee Political Action Committee of Vistra Corp,Rep Marc Veasey,2025-04-03,1000.00
VISTRA CORPORATE SERVICES COMPANY (FKA VISTRA CORP.),Vistra Employee Political Action Committee of Vistra Corp,Sen Shelley Moore Capito,2025-05-21,3000.00
VISTRA CORPORATE SERVICES COMPANY (FKA VISTRA CORP.),Vistra Employee Political Action Committee of Vistra Corp,Rep Lloyd K Smucker,2025-04-03,1000.00
VISTRA CORPORATE SERVICES COMPANY (FKA VISTRA CORP.),Vistra Employee Political Action Committee of Vistra Corp,Rep Greg Landsman,2025-04-03,1000.00
VISTRA CORPORATE SERVICES COMPANY (FKA VISTRA CORP.),Vistra Employee Political Action Committee of Vistra Corp,Rep Salud Carbajal,2025-04-03,2500.00
VISTRA CORPORATE SERVICES COMPANY (FKA VISTRA CORP.),Vistra Employee Political Action Committee of Vistra Corp,John Kevin Ellzey SR,2025-02-13,2000.00
VISTRA CORPORATE SERVICES COMPANY (FKA VISTRA CORP.),Vistra Employee Political Action Committee of Vistra Corp,Rep Brian Fitzpatrick,2025-02-13,1000.00
VISTRA CORPORATE SERVICES COMPANY (FKA VISTRA CORP.),Vistra Employee Political Action Committee of Vistra Corp,August Lee Pfluger II,2025-02-13,5000.00
VISTRA CORPORATE SERVICES COMPANY (FKA VISTRA CORP.),Vistra Employee Political Action Committee of Vistra Corp,Rep Craig Goldman,2025-05-20,1000.00
VISTRA CORPORATE SERVICES COMPANY (FKA VISTRA CORP.),Vistra Employee Political Action Committee of Vistra Corp,Sen Martin Heinrich,2025-06-12,1500.00
VISTRA CORPORATE SERVICES COMPANY (FKA VISTRA CORP.),Vistra Employee Political Action Committee of Vistra Corp,Rep Craig Goldman,2025-04-21,1500.00
VISTRA CORPORATE SERVICES COMPANY (FKA VISTRA CORP.),Vistra Employee Political Action Committee of Vistra Corp,Rep Jodey Arrington,2025-02-03,2000.00
VISTRA CORPORATE SERVICES COMPANY (FKA VISTRA CORP.),Vistra Employee Political Action Committee of Vistra Corp,Rep Brett Guthrie,2025-03-20,1500.00
VISTRA CORPORATE SERVICES COMPANY (FKA VISTRA CORP.),Vistra Employee Political Action Committee of Vistra Corp,Rep Dave Joyce,2025-02-03,1000.00
VISTRA CORPORATE SERVICES COMPANY (FKA VISTRA CORP.),Vistra Employee Political Action Committee of Vistra Corp,Rep Michael Bost,2025-04-21,1000.00
VISTRA CORPORATE SERVICES COMPANY (FKA VISTRA CORP.),Vistra Employee Political Action Committee of Vistra Corp,Rep Randy Weber,2025-06-12,1500.00
VISTRA CORPORATE SERVICES COMPANY (FKA VISTRA CORP.),Vistra Employee Political Action Committee of Vistra Corp,Rep Nikki Budzinski,2025-02-25,2500.00
VISTRA CORPORATE SERVICES COMPANY (FKA VISTRA CORP.),Vistra Employee Political Action Committee of Vistra Corp,Rep Mariannette MillerMeeks,2025-05-20,1000.00
VISTRA CORPORATE SERVICES COMPANY (FKA VISTRA CORP.),Vistra Employee Political Action Committee of Vistra Corp,Rep Ken Calvert,2025-04-03,1000.00
VISTRA CORPORATE SERVICES COMPANY (FKA VISTRA CORP.),Vistra Employee Political Action Committee of Vistra Corp,Rep Rudy Yakym III,2025-02-13,1000.00
VISTRA CORPORATE SERVICES COMPANY (FKA VISTRA CORP.),Vistra Employee Political Action Committee of Vistra Corp,Rep Marc Veasey,2025-04-03,1000.00
VISTRA CORPORATE SERVICES COMPANY (FKA VISTRA CORP.),Vistra Employee Political Action Committee of Vistra Corp,Rep Darin LaHood,2025-02-13,2500.00
VISTRA CORPORATE SERVICES COMPANY (FKA VISTRA CORP.),Vistra Employee Political Action Committee of Vistra Corp,Rep Pete Sessions,2025-06-12,1000.00
VISTRA CORPORATE SERVICES COMPANY (FKA VISTRA CORP.),Vistra Employee Political Action Committee of Vistra Corp,Rep Jimmy Panetta,2025-02-25,2500.00
VISTRA CORPORATE SERVICES COMPANY (FKA VISTRA CORP.),Vistra Employee Political Action Committee of Vistra Corp,Rep Julie Johnson,2025-02-03,2000.00
VISTRA CORPORATE SERVICES COMPANY (FKA VISTRA CORP.),Vistra Employee Political Action Committee of Vistra Corp,Rep Guy Reschenthaler,2025-04-03,1500.00
VISTRA CORPORATE SERVICES COMPANY (FKA VISTRA CORP.),Vistra Employee Political Action Committee of Vistra Corp,Rep Michael Bost,2025-06-12,2500.00
VISTRA CORPORATE SERVICES COMPANY (FKA VISTRA CORP.),Vistra Employee Political Action Committee of Vistra Corp,Rep Nikki Budzinski,2025-02-13,1000.00
VISTRA CORPORATE SERVICES COMPANY (FKA VISTRA CORP.),Vistra Employee Political Action Committee of Vistra Corp,Rep Nathaniel Moran,2025-05-20,500.00
VISTRA CORPORATE SERVICES COMPANY (FKA VISTRA CORP.),Vistra Employee Political Action Committee of Vistra Corp,Rep Carol Miller,2025-05-20,1000.00
VISTRA CORPORATE SERVICES COMPANY (FKA VISTRA CORP.),Vistra Employee Political Action Committee of Vistra Corp,Rep Chrissy Houlahan,2025-06-12,1000.00
VISTRA CORPORATE SERVICES COMPANY (FKA VISTRA CORP.),Vistra Employee Political Action Committee of Vistra Corp,Rep Bob Latta,2025-06-12,1500.00
VISTRA CORPORATE SERVICES COMPANY (FKA VISTRA CORP.),Vistra Employee Political Action Committee of Vistra Corp,Rep Troy Balderson,2025-06-12,2000.00
VISTRA CORPORATE SERVICES COMPANY (FKA VISTRA CORP.),Vistra Employee Political Action Committee of Vistra Corp,Sen Jon A Husted,2025-03-13,1000.00
VISTRA CORPORATE SERVICES COMPANY (FKA VISTRA CORP.),Vistra Employee Political Action Committee of Vistra Corp,Rep Michael Rulli,2025-05-20,1000.00
VISTRA CORPORATE SERVICES COMPANY (FKA VISTRA CORP.),Vistra Employee Political Action Committee of Vistra Corp,Rep Dave Joyce,2025-05-05,1000.00
VISTRA CORPORATE SERVICES COMPANY (FKA VISTRA CORP.),Vistra Employee Political Action Committee of Vistra Corp,Rep Nathaniel Moran,2025-04-21,1000.00
VISTRA CORPORATE SERVICES COMPANY (FKA VISTRA CORP.),Vistra Employee Political Action Committee of Vistra Corp,Rep Jodey Arrington,2025-04-21,1000.00
VISTRA CORPORATE SERVICES COMPANY (FKA VISTRA CORP.),Vistra Employee Political Action Committee of Vistra Corp,Rep Vicente Gonzalez,2025-04-03,1000.00
VISTRA CORPORATE SERVICES COMPANY (FKA VISTRA CORP.),Vistra Employee Political Action Committee of Vistra Corp,Rep Tom Cole,2025-05-20,2500.00
VISTRA CORPORATE SERVICES COMPANY (FKA VISTRA CORP.),Vistra Employee Political Action Committee of Vistra Corp,Rep Lloyd K Smucker,2025-04-03,1500.00
VISTRA CORPORATE SERVICES COMPANY (FKA VISTRA CORP.),Vistra Employee Political Action Committee of Vistra Corp,Sen Chris Coons,2025-06-12,1500.00
VISTRA CORPORATE SERVICES COMPANY (FKA VISTRA CORP.),Vistra Employee Political Action Committee of Vistra Corp,Rep Tony Gonzales II,2025-05-20,1000.00
VISTRA CORPORATE SERVICES COMPANY (FKA VISTRA CORP.),Vistra Employee Political Action Committee of Vistra Corp,Sen William M Cassidy,2025-06-12,2000.00
VISTRA CORPORATE SERVICES COMPANY (FKA VISTRA CORP.),Vistra Employee Political Action Committee of Vistra Corp,Rep Jimmy Panetta,2025-02-13,1000.00
VISTRA CORPORATE SERVICES COMPANY (FKA VISTRA CORP.),Vistra Employee Political Action Committee of Vistra Corp,Rep Randall Feenstra,2025-02-13,2500.00
VISTRA CORPORATE SERVICES COMPANY (FKA VISTRA CORP.),Vistra Employee Political Action Committee of Vistra Corp,Rep Jay Obernolte,2025-04-03,1000.00
VISTRA CORPORATE SERVICES COMPANY (FKA VISTRA CORP.),Vistra Employee Political Action Committee of Vistra Corp,Rep Paul D Tonko,2025-04-03,1000.00
VISTRA CORPORATE SERVICES COMPANY (FKA VISTRA CORP.),Vistra Employee Political Action Committee of Vistra Corp,Rep Ken Calvert,2025-05-21,2500.00
VISTRA CORPORATE SERVICES COMPANY (FKA VISTRA CORP.),Vistra Employee Political Action Committee of Vistra Corp,Rep David Valadao,2025-04-03,1000.00
VISTRA CORPORATE SERVICES COMPANY (FKA VISTRA CORP.),Vistra Employee Political Action Committee of Vistra Corp,Rep Kevin Hern,2025-06-12,2500.00
VISTRA CORPORATE SERVICES COMPANY (FKA VISTRA CORP.),Vistra Employee Political Action Committee of Vistra Corp,Sen Jon A Husted,2025-06-12,2500.00
VISTRA CORPORATE SERVICES COMPANY (FKA VISTRA CORP.),Vistra Employee Political Action Committee of Vistra Corp,Rep Jodey Arrington,2025-05-20,2000.00
VISTRA CORPORATE SERVICES COMPANY (FKA VISTRA CORP.),Vistra Employee Political Action Committee of Vistra Corp,Rep Roger Williams,2025-02-13,1000.00
VISTRA CORPORATE SERVICES COMPANY (FKA VISTRA CORP.),Vistra Employee Political Action Committee of Vistra Corp,Rep Troy Balderson,2025-02-13,1000.00
VISTRA CORPORATE SERVICES COMPANY (FKA VISTRA CORP.),Vistra Employee Political Action Committee of Vistra Corp,Rep Julia Letlow,2025-03-20,1500.00
VISTRA CORPORATE SERVICES COMPANY (FKA VISTRA CORP.),Vistra Employee Political Action Committee of Vistra Corp,Rep Nathaniel Moran,2025-05-20,1500.00
VISTRA CORPORATE SERVICES COMPANY (FKA VISTRA CORP.),Vistra Employee Political Action Committee of Vistra Corp,Rep Katherine Clark,2025-03-20,1500.00
VISTRA CORPORATE SERVICES COMPANY (FKA VISTRA CORP.),Vistra Employee Political Action Committee of Vistra Corp,Rep Nathaniel Moran,2025-03-20,2500.00
VISTRA CORPORATE SERVICES COMPANY (FKA VISTRA CORP.),Vistra Employee Political Action Committee of Vistra Corp,Rep John Joyce,2025-02-25,2500.00
VISTRA CORPORATE SERVICES COMPANY (FKA VISTRA CORP.),Vistra Employee Political Action Committee of Vistra Corp,Rep Michael Rulli,2025-03-20,1000.00
VISTRA CORPORATE SERVICES COMPANY (FKA VISTRA CORP.),Vistra Employee Political Action Committee of Vistra Corp,Rep Bob Latta,2025-03-20,1000.00
VISTRA CORPORATE SERVICES COMPANY (FKA VISTRA CORP.),Vistra Employee Political Action Committee of Vistra Corp,Rep Marc Veasey,2025-04-03,1000.00
VISTRA CORPORATE SERVICES COMPANY (FKA VISTRA CORP.),Vistra Employee Political Action Committee of Vistra Corp,Sen Shelley Moore Capito,2025-05-21,3000.00
VISTRA CORPORATE SERVICES COMPANY (FKA VISTRA CORP.),Vistra Employee Political Action Committee of Vistra Corp,Rep Lloyd K Smucker,2025-04-03,1000.00
VISTRA CORPORATE SERVICES COMPANY (FKA VISTRA CORP.),Vistra Employee Political Action Committee of Vistra Corp,Rep Greg Landsman,2025-04-03,1000.00
VISTRA CORPORATE SERVICES COMPANY (FKA VISTRA CORP.),Vistra Employee Political Action Committee of Vistra Corp,Rep Salud Carbajal,2025-04-03,2500.00
VISTRA CORPORATE SERVICES COMPANY (FKA VISTRA CORP.),Vistra Employee Political Action Committee of Vistra Corp,John Kevin Ellzey SR,2025-02-13,2000.00
VISTRA CORPORATE SERVICES COMPANY (FKA VISTRA CORP.),Vistra Employee Political Action Committee of Vistra Corp,Rep Brian Fitzpatrick,2025-02-13,1000.00
VISTRA CORPORATE SERVICES COMPANY (FKA VISTRA CORP.),Vistra Employee Political Action Committee of Vistra Corp,August Lee Pfluger II,2025-02-13,5000.00
VISTRA CORPORATE SERVICES COMPANY (FKA VISTRA CORP.),Vistra Employee Political Action Committee of Vistra Corp,Rep Craig Goldman,2025-05-20,1000.00
VISTRA CORPORATE SERVICES COMPANY (FKA VISTRA CORP.),Vistra Employee Political Action Committee of Vistra Corp,Sen Martin Heinrich,2025-06-12,1500.00
VISTRA CORPORATE SERVICES COMPANY (FKA VISTRA CORP.),Vistra Employee Political Action Committee of Vistra Corp,Rep Craig Goldman,2025-04-21,1500.00
VISTRA CORPORATE SERVICES COMPANY (FKA VISTRA CORP.),Vistra Employee Political Action Committee of Vistra Corp,Rep Jodey Arrington,2025-02-03,2000.00
VISTRA CORPORATE SERVICES COMPANY (FKA VISTRA CORP.),Vistra Employee Political Action Committee of Vistra Corp,Rep Brett Guthrie,2025-03-20,1500.00
VISTRA CORPORATE SERVICES COMPANY (FKA VISTRA CORP.),Vistra Employee Political Action Committee of Vistra Corp,Rep Dave Joyce,2025-02-03,1000.00
VISTRA CORPORATE SERVICES COMPANY (FKA VISTRA CORP.),Vistra Employee Political Action Committee of Vistra Corp,Rep Michael Bost,2025-04-21,1000.00
VISTRA CORPORATE SERVICES COMPANY (FKA VISTRA CORP.),Vistra Employee Political Action Committee of Vistra Corp,Rep Randy Weber,2025-06-12,1500.00
VISTRA CORPORATE SERVICES COMPANY (FKA VISTRA CORP.),Vistra Employee Political Action Committee of Vistra Corp,Rep Nikki Budzinski,2025-02-25,2500.00
VISTRA CORPORATE SERVICES COMPANY (FKA VISTRA CORP.),Vistra Employee Political Action Committee of Vistra Corp,Rep Mariannette MillerMeeks,2025-05-20,1000.00
VISTRA CORPORATE SERVICES COMPANY (FKA VISTRA CORP.),Vistra Employee Political Action Committee of Vistra Corp,Rep Ken Calvert,2025-04-03,1000.00
VISTRA CORPORATE SERVICES COMPANY (FKA VISTRA CORP.),Vistra Employee Political Action Committee of Vistra Corp,Rep Rudy Yakym III,2025-02-13,1000.00
VISTRA CORPORATE SERVICES COMPANY (FKA VISTRA CORP.),Vistra Employee Political Action Committee of Vistra Corp,Rep Marc Veasey,2025-04-03,1000.00
VISTRA CORPORATE SERVICES COMPANY (FKA VISTRA CORP.),Vistra Employee Political Action Committee of Vistra Corp,Rep Darin LaHood,2025-02-13,2500.00
VISTRA CORPORATE SERVICES COMPANY (FKA VISTRA CORP.),Vistra Employee Political Action Committee of Vistra Corp,Rep Pete Sessions,2025-06-12,1000.00
VISTRA CORPORATE SERVICES COMPANY (FKA VISTRA CORP.),Vistra Employee Political Action Committee of Vistra Corp,Rep Jimmy Panetta,2025-02-25,2500.00
VISTRA CORPORATE SERVICES COMPANY (FKA VISTRA CORP.),Vistra Employee Political Action Committee of Vistra Corp,Rep Julie Johnson,2025-02-03,2000.00
VISTRA CORPORATE SERVICES COMPANY (FKA VISTRA CORP.),Vistra Employee Political Action Committee of Vistra Corp,Rep Guy Reschenthaler,2025-04-03,1500.00
VISTRA CORPORATE SERVICES COMPANY (FKA VISTRA CORP.),Vistra Employee Political Action Committee of Vistra Corp,Rep Michael Bost,2025-06-12,2500.00
VISTRA CORPORATE SERVICES COMPANY (FKA VISTRA CORP.),Vistra Employee Political Action Committee of Vistra Corp,Rep Nikki Budzinski,2025-02-13,1000.00
VISTRA CORPORATE SERVICES COMPANY (FKA VISTRA CORP.),Vistra Employee Political Action Committee of Vistra Corp,Rep Nathaniel Moran,2025-05-20,500.00
VISTRA CORPORATE SERVICES COMPANY (FKA VISTRA CORP.),Vistra Employee Political Action Committee of Vistra Corp,Rep Carol Miller,2025-05-20,1000.00
VISTRA CORPORATE SERVICES COMPANY (FKA VISTRA CORP.),Vistra Employee Political Action Committee of Vistra Corp,Rep Chrissy Houlahan,2025-06-12,1000.00
VISTRA CORPORATE SERVICES COMPANY (FKA VISTRA CORP.),Vistra Employee Political Action Committee of Vistra Corp,Rep Bob Latta,2025-06-12,1500.00
VISTRA CORPORATE SERVICES COMPANY (FKA VISTRA CORP.),Vistra Employee Political Action Committee of Vistra Corp,Rep Troy Balderson,2025-06-12,2000.00
VISTRA CORPORATE SERVICES COMPANY (FKA VISTRA CORP.),Vistra Employee Political Action Committee of Vistra Corp,Sen Jon A Husted,2025-03-13,1000.00
VISTRA CORPORATE SERVICES COMPANY (FKA VISTRA CORP.),Vistra Employee Political Action Committee of Vistra Corp,Rep Michael Rulli,2025-05-20,1000.00
VISTRA CORPORATE SERVICES COMPANY (FKA VISTRA CORP.),Vistra Employee Political Action Committee of Vistra Corp,Rep Dave Joyce,2025-05-05,1000.00
VISTRA CORPORATE SERVICES COMPANY (FKA VISTRA CORP.),Vistra Employee Political Action Committee of Vistra Corp,Rep Nathaniel Moran,2025-04-21,1000.00
VISTRA CORPORATE SERVICES COMPANY (FKA VISTRA CORP.),Vistra Employee Political Action Committee of Vistra Corp,Rep Jodey Arrington,2025-04-21,1000.00
VISTRA CORPORATE SERVICES COMPANY (FKA VISTRA CORP.),Vistra Employee Political Action Committee of Vistra Corp,Rep Vicente Gonzalez,2025-04-03,1000.00
VISTRA CORPORATE SERVICES COMPANY (FKA VISTRA CORP.),Vistra Employee Political Action Committee of Vistra Corp,Rep Tom Cole,2025-05-20,2500.00
VISTRA CORPORATE SERVICES COMPANY (FKA VISTRA CORP.),Vistra Employee Political Action Committee of Vistra Corp,Rep Lloyd K Smucker,2025-04-03,1500.00
VISTRA CORPORATE SERVICES COMPANY (FKA VISTRA CORP.),Vistra Employee Political Action Committee of Vistra Corp,Sen Chris Coons,2025-06-12,1500.00
VISTRA CORPORATE SERVICES COMPANY (FKA VISTRA CORP.),Vistra Employee Political Action Committee of Vistra Corp,Rep Tony Gonzales II,2025-05-20,1000.00
VISTRA CORPORATE SERVICES COMPANY (FKA VISTRA CORP.),Vistra Employee Political Action Committee of Vistra Corp,Sen William M Cassidy,2025-06-12,2000.00
VISTRA CORPORATE SERVICES COMPANY (FKA VISTRA CORP.),Vistra Employee Political Action Committee of Vistra Corp,Rep Jimmy Panetta,2025-02-13,1000.00
VISTRA CORPORATE SERVICES COMPANY (FKA VISTRA CORP.),Vistra Employee Political Action Committee of Vistra Corp,Rep Randall Feenstra,2025-02-13,2500.00
VISTRA CORPORATE SERVICES COMPANY (FKA VISTRA CORP.),Vistra Employee Political Action Committee of Vistra Corp,Rep Jay Obernolte,2025-04-03,1000.00
VISTRA CORPORATE SERVICES COMPANY (FKA VISTRA CORP.),Vistra Employee Political Action Committee of Vistra Corp,Rep Paul D Tonko,2025-04-03,1000.00
VISTRA CORPORATE SERVICES COMPANY (FKA VISTRA CORP.),Vistra Employee Political Action Committee of Vistra Corp,Rep Ken Calvert,2025-05-21,2500.00
VISTRA CORPORATE SERVICES COMPANY (FKA VISTRA CORP.),Vistra Employee Political Action Committee of Vistra Corp,Rep David Valadao,2025-04-03,1000.00
VISTRA CORPORATE SERVICES COMPANY (FKA VISTRA CORP.),Vistra Employee Political Action Committee of Vistra Corp,Rep Kevin Hern,2025-06-12,2500.00
VISTRA CORPORATE SERVICES COMPANY (FKA VISTRA CORP.),Vistra Employee Political Action Committee of Vistra Corp,Sen Jon A Husted,2025-06-12,2500.00
VISTRA CORPORATE SERVICES COMPANY (FKA VISTRA CORP.),Vistra Employee Political Action Committee of Vistra Corp,Rep Jodey Arrington,2025-05-20,2000.00
VISTRA CORPORATE SERVICES COMPANY (FKA VISTRA CORP.),Vistra Employee Political Action Committee of Vistra Corp,Rep Roger Williams,2025-02-13,1000.00
VISTRA CORPORATE SERVICES COMPANY (FKA VISTRA CORP.),Vistra Employee Political Action Committee of Vistra Corp,Rep Troy Balderson,2025-02-13,1000.00
VISTRA CORPORATE SERVICES COMPANY (FKA VISTRA CORP.),Vistra Employee Political Action Committee of Vistra Corp,Rep Julia Letlow,2025-03-20,1500.00
VISTRA CORPORATE SERVICES COMPANY (FKA VISTRA CORP.),Vistra Employee Political Action Committee of Vistra Corp,Rep Nathaniel Moran,2025-05-20,1500.00
VISTRA CORPORATE SERVICES COMPANY (FKA VISTRA CORP.),Vistra Employee Political Action Committee of Vistra Corp,Rep Katherine Clark,2025-03-20,1500.00
VISTRA CORPORATE SERVICES COMPANY (FKA VISTRA CORP.),Vistra Employee Political Action Committee of Vistra Corp,Rep Nathaniel Moran,2025-03-20,2500.00
VISTRA CORPORATE SERVICES COMPANY (FKA VISTRA CORP.),Vistra Employee Political Action Committee of Vistra Corp,Rep John Joyce,2025-02-25,2500.00
VISTRA CORPORATE SERVICES COMPANY (FKA VISTRA CORP.),Vistra Employee Political Action Committee of Vistra Corp,Rep Michael Rulli,2025-03-20,1000.00
VISTRA CORPORATE SERVICES COMPANY (FKA VISTRA CORP.),Vistra Employee Political Action Committee of Vistra Corp,Rep Bob Latta,2025-03-20,1000.00
VISTRA CORPORATE SERVICES COMPANY (FKA VISTRA CORP.),Vistra Employee Political Action Committee of Vistra Corp,Rep Marc Veasey,2025-04-03,1000.00
VISTRA CORPORATE SERVICES COMPANY (FKA VISTRA CORP.),Vistra Employee Political Action Committee of Vistra Corp,Sen Shelley Moore Capito,2025-05-21,3000.00
VISTRA CORPORATE SERVICES COMPANY (FKA VISTRA CORP.),Vistra Employee Political Action Committee of Vistra Corp,Rep Lloyd K Smucker,2025-04-03,1000.00
VISTRA CORPORATE SERVICES COMPANY (FKA VISTRA CORP.),Vistra Employee Political Action Committee of Vistra Corp,Rep Greg Landsman,2025-04-03,1000.00
VISTRA CORPORATE SERVICES COMPANY (FKA VISTRA CORP.),Vistra Employee Political Action Committee of Vistra Corp,Rep Salud Carbajal,2025-04-03,2500.00
VISTRA CORPORATE SERVICES COMPANY (FKA VISTRA CORP.),Vistra Employee Political Action Committee of Vistra Corp,John Kevin Ellzey SR,2025-02-13,2000.00
VISTRA CORPORATE SERVICES COMPANY (FKA VISTRA CORP.),Vistra Employee Political Action Committee of Vistra Corp,Rep Brian Fitzpatrick,2025-02-13,1000.00
VISTRA CORPORATE SERVICES COMPANY (FKA VISTRA CORP.),Vistra Employee Political Action Committee of Vistra Corp,August Lee Pfluger II,2025-02-13,5000.00
VISTRA CORPORATE SERVICES COMPANY (FKA VISTRA CORP.),Vistra Employee Political Action Committee of Vistra Corp,Rep Craig Goldman,2025-05-20,1000.00
VISTRA CORPORATE SERVICES COMPANY (FKA VISTRA CORP.),Vistra Employee Political Action Committee of Vistra Corp,Sen Martin Heinrich,2025-06-12,1500.00
VISTRA CORPORATE SERVICES COMPANY (FKA VISTRA CORP.),Vistra Employee Political Action Committee of Vistra Corp,Rep Craig Goldman,2025-04-21,1500.00
VISTRA CORPORATE SERVICES COMPANY (FKA VISTRA CORP.),Vistra Employee Political Action Committee of Vistra Corp,Rep Jodey Arrington,2025-02-03,2000.00
VISTRA CORPORATE SERVICES COMPANY (FKA VISTRA CORP.),Vistra Employee Political Action Committee of Vistra Corp,Rep Brett Guthrie,2025-03-20,1500.00
VISTRA CORPORATE SERVICES COMPANY (FKA VISTRA CORP.),Vistra Employee Political Action Committee of Vistra Corp,Rep Dave Joyce,2025-02-03,1000.00
VISTRA CORPORATE SERVICES COMPANY (FKA VISTRA CORP.),Vistra Employee Political Action Committee of Vistra Corp,Rep Michael Bost,2025-04-21,1000.00
VISTRA CORPORATE SERVICES COMPANY (FKA VISTRA CORP.),Vistra Employee Political Action Committee of Vistra Corp,Rep Randy Weber,2025-06-12,1500.00
VISTRA CORPORATE SERVICES COMPANY (FKA VISTRA CORP.),Vistra Employee Political Action Committee of Vistra Corp,Rep Nikki Budzinski,2025-02-25,2500.00
VISTRA CORPORATE SERVICES COMPANY (FKA VISTRA CORP.),Vistra Employee Political Action Committee of Vistra Corp,Rep Mariannette MillerMeeks,2025-05-20,1000.00
VISTRA CORPORATE SERVICES COMPANY (FKA VISTRA CORP.),Vistra Employee Political Action Committee of Vistra Corp,Rep Ken Calvert,2025-04-03,1000.00
VISTRA CORPORATE SERVICES COMPANY (FKA VISTRA CORP.),Vistra Employee Political Action Committee of Vistra Corp,Rep Rudy Yakym III,2025-02-13,1000.00
VISTRA CORPORATE SERVICES COMPANY (FKA VISTRA CORP.),Vistra Employee Political Action Committee of Vistra Corp,Rep Marc Veasey,2025-04-03,1000.00
VISTRA CORPORATE SERVICES COMPANY (FKA VISTRA CORP.),Vistra Employee Political Action Committee of Vistra Corp,Rep Darin LaHood,2025-02-13,2500.00
VISTRA CORPORATE SERVICES COMPANY (FKA VISTRA CORP.),Vistra Employee Political Action Committee of Vistra Corp,Rep Pete Sessions,2025-06-12,1000.00
VISTRA CORPORATE SERVICES COMPANY (FKA VISTRA CORP.),Vistra Employee Political Action Committee of Vistra Corp,Rep Jimmy Panetta,2025-02-25,2500.00
VISTRA CORPORATE SERVICES COMPANY (FKA VISTRA CORP.),Vistra Employee Political Action Committee of Vistra Corp,Rep Julie Johnson,2025-02-03,2000.00
VISTRA CORPORATE SERVICES COMPANY (FKA VISTRA CORP.),Vistra Employee Political Action Committee of Vistra Corp,Rep Guy Reschenthaler,2025-04-03,1500.00
VISTRA CORPORATE SERVICES COMPANY (FKA VISTRA CORP.),Vistra Employee Political Action Committee of Vistra Corp,Rep Michael Bost,2025-06-12,2500.00
VISTRA CORPORATE SERVICES COMPANY (FKA VISTRA CORP.),Vistra Employee Political Action Committee of Vistra Corp,Rep Nikki Budzinski,2025-02-13,1000.00
VISTRA CORPORATE SERVICES COMPANY (FKA VISTRA CORP.),Vistra Employee Political Action Committee of Vistra Corp,Rep Nathaniel Moran,2025-05-20,500.00
VISTRA CORPORATE SERVICES COMPANY (FKA VISTRA CORP.),Vistra Employee Political Action Committee of Vistra Corp,Rep Carol Miller,2025-05-20,1000.00
VISTRA CORPORATE SERVICES COMPANY (FKA VISTRA CORP.),Vistra Employee Political Action Committee of Vistra Corp,Rep Chrissy Houlahan,2025-06-12,1000.00
VISTRA CORPORATE SERVICES COMPANY (FKA VISTRA CORP.),Vistra Employee Political Action Committee of Vistra Corp,Rep Bob Latta,2025-06-12,1500.00
VISTRA CORPORATE SERVICES COMPANY (FKA VISTRA CORP.),Vistra Employee Political Action Committee of Vistra Corp,Rep Troy Balderson,2025-06-12,2000.00
VISTRA CORPORATE SERVICES COMPANY (FKA VISTRA CORP.),Vistra Employee Political Action Committee of Vistra Corp,Sen Jon A Husted,2025-03-13,1000.00
VISTRA CORPORATE SERVICES COMPANY (FKA VISTRA CORP.),Vistra Employee Political Action Committee of Vistra Corp,Rep Michael Rulli,2025-05-20,1000.00
VISTRA CORPORATE SERVICES COMPANY (FKA VISTRA CORP.),Vistra Employee Political Action Committee of Vistra Corp,Rep Dave Joyce,2025-05-05,1000.00
VISTRA CORPORATE SERVICES COMPANY (FKA VISTRA CORP.),Vistra Employee Political Action Committee of Vistra Corp,Rep Nathaniel Moran,2025-04-21,1000.00
VISTRA CORPORATE SERVICES COMPANY (FKA VISTRA CORP.),Vistra Employee Political Action Committee of Vistra Corp,Rep Jodey Arrington,2025-04-21,1000.00
VISTRA CORPORATE SERVICES COMPANY (FKA VISTRA CORP.),Vistra Employee Political Action Committee of Vistra Corp,Rep Vicente Gonzalez,2025-04-03,1000.00
VISTRA CORPORATE SERVICES COMPANY (FKA VISTRA CORP.),Vistra Employee Political Action Committee of Vistra Corp,Rep Tom Cole,2025-05-20,2500.00
VISTRA CORPORATE SERVICES COMPANY (FKA VISTRA CORP.),Vistra Employee Political Action Committee of Vistra Corp,Rep Lloyd K Smucker,2025-04-03,1500.00
VISTRA CORPORATE SERVICES COMPANY (FKA VISTRA CORP.),Vistra Employee Political Action Committee of Vistra Corp,Sen Chris Coons,2025-06-12,1500.00
VISTRA CORPORATE SERVICES COMPANY (FKA VISTRA CORP.),Vistra Employee Political Action Committee of Vistra Corp,Rep Tony Gonzales II,2025-05-20,1000.00
VISTRA CORPORATE SERVICES COMPANY (FKA VISTRA CORP.),Vistra Employee Political Action Committee of Vistra Corp,Sen William M Cassidy,2025-06-12,2000.00
VISTRA CORPORATE SERVICES COMPANY (FKA VISTRA CORP.),Vistra Employee Political Action Committee of Vistra Corp,Rep Jimmy Panetta,2025-02-13,1000.00
VISTRA CORPORATE SERVICES COMPANY (FKA VISTRA CORP.),Vistra Employee Political Action Committee of Vistra Corp,Rep Randall Feenstra,2025-02-13,2500.00
VISTRA CORPORATE SERVICES COMPANY (FKA VISTRA CORP.),Vistra Employee Political Action Committee of Vistra Corp,Rep Jay Obernolte,2025-04-03,1000.00
VISTRA CORPORATE SERVICES COMPANY (FKA VISTRA CORP.),Vistra Employee Political Action Committee of Vistra Corp,Rep Paul D Tonko,2025-04-03,1000.00
VISTRA CORPORATE SERVICES COMPANY (FKA VISTRA CORP.),Vistra Employee Political Action Committee of Vistra Corp,Rep Ken Calvert,2025-05-21,2500.00
VISTRA CORPORATE SERVICES COMPANY (FKA VISTRA CORP.),Vistra Employee Political Action Committee of Vistra Corp,Rep David Valadao,2025-04-03,1000.00
VISTRA CORPORATE SERVICES COMPANY (FKA VISTRA CORP.),Vistra Employee Political Action Committee of Vistra Corp,Rep Kevin Hern,2025-06-12,2500.00
VISTRA CORPORATE SERVICES COMPANY (FKA VISTRA CORP.),Vistra Employee Political Action Committee of Vistra Corp,Sen Jon A Husted,2025-06-12,2500.00
VISTRA CORPORATE SERVICES COMPANY (FKA VISTRA CORP.),Vistra Employee Political Action Committee of Vistra Corp,Rep Jodey Arrington,2025-05-20,2000.00
VISTRA CORPORATE SERVICES COMPANY (FKA VISTRA CORP.),Vistra Employee Political Action Committee of Vistra Corp,Rep Roger Williams,2025-02-13,1000.00
VISTRA CORPORATE SERVICES COMPANY (FKA VISTRA CORP.),Vistra Employee Political Action Committee of Vistra Corp,Rep Troy Balderson,2025-02-13,1000.00
VISTRA CORPORATE SERVICES COMPANY (FKA VISTRA CORP.),Vistra Employee Political Action Committee of Vistra Corp,Rep Julia Letlow,2025-03-20,1500.00
VISTRA CORPORATE SERVICES COMPANY (FKA VISTRA CORP.),Vistra Employee Political Action Committee of Vistra Corp,Rep Nathaniel Moran,2025-05-20,1500.00
VISTRA CORPORATE SERVICES COMPANY (FKA VISTRA CORP.),Vistra Employee Political Action Committee of Vistra Corp,Rep Katherine Clark,2025-03-20,1500.00
VISTRA CORPORATE SERVICES COMPANY (FKA VISTRA CORP.),Vistra Employee Political Action Committee of Vistra Corp,Rep Nathaniel Moran,2025-03-20,2500.00
VISTRA CORPORATE SERVICES COMPANY (FKA VISTRA CORP.),Vistra Employee Political Action Committee of Vistra Corp,Rep John Joyce,2025-02-25,2500.00
VISTRA CORPORATE SERVICES COMPANY (FKA VISTRA CORP.),Vistra Employee Political Action Committee of Vistra Corp,Rep Michael Rulli,2025-03-20,1000.00
VISTRA CORPORATE SERVICES COMPANY (FKA VISTRA CORP.),Vistra Employee Political Action Committee of Vistra Corp,Rep Bob Latta,2025-03-20,1000.00
VISTRA CORPORATE SERVICES COMPANY (FKA VISTRA CORP.),Vistra Employee Political Action Committee of Vistra Corp,Rep Marc Veasey,2025-04-03,1000.00
VISTRA CORPORATE SERVICES COMPANY (FKA VISTRA CORP.),Vistra Employee Political Action Committee of Vistra Corp,Sen Shelley Moore Capito,2025-05-21,3000.00
VISTRA CORPORATE SERVICES COMPANY (FKA VISTRA CORP.),Vistra Employee Political Action Committee of Vistra Corp,Rep Lloyd K Smucker,2025-04-03,1000.00
VISTRA CORPORATE SERVICES COMPANY (FKA VISTRA CORP.),Vistra Employee Political Action Committee of Vistra Corp,Rep Greg Landsman,2025-04-03,1000.00
VISTRA CORPORATE SERVICES COMPANY (FKA VISTRA CORP.),Vistra Employee Political Action Committee of Vistra Corp,Rep Salud Carbajal,2025-04-03,2500.00
VISTRA CORPORATE SERVICES COMPANY (FKA VISTRA CORP.),Vistra Employee Political Action Committee of Vistra Corp,John Kevin Ellzey SR,2025-02-13,2000.00
VISTRA CORPORATE SERVICES COMPANY (FKA VISTRA CORP.),Vistra Employee Political Action Committee of Vistra Corp,Rep Brian Fitzpatrick,2025-02-13,1000.00
VISTRA CORPORATE SERVICES COMPANY (FKA VISTRA CORP.),Vistra Employee Political Action Committee of Vistra Corp,August Lee Pfluger II,2025-02-13,5000.00
VISTRA CORPORATE SERVICES COMPANY (FKA VISTRA CORP.),Vistra Employee Political Action Committee of Vistra Corp,Rep Craig Goldman,2025-05-20,1000.00
VISTRA CORPORATE SERVICES COMPANY (FKA VISTRA CORP.),Vistra Employee Political Action Committee of Vistra Corp,Sen Martin Heinrich,2025-06-12,1500.00
VISTRA CORPORATE SERVICES COMPANY (FKA VISTRA CORP.),Vistra Employee Political Action Committee of Vistra Corp,Rep Craig Goldman,2025-04-21,1500.00
VISTRA CORPORATE SERVICES COMPANY (FKA VISTRA CORP.),Vistra Employee Political Action Committee of Vistra Corp,Rep Jodey Arrington,2025-02-03,2000.00
VISTRA CORPORATE SERVICES COMPANY (FKA VISTRA CORP.),Vistra Employee Political Action Committee of Vistra Corp,Rep Brett Guthrie,2025-03-20,1500.00
VISTRA CORPORATE SERVICES COMPANY (FKA VISTRA CORP.),Vistra Employee Political Action Committee of Vistra Corp,Rep Dave Joyce,2025-02-03,1000.00
VISTRA CORPORATE SERVICES COMPANY (FKA VISTRA CORP.),Vistra Employee Political Action Committee of Vistra Corp,Rep Michael Bost,2025-04-21,1000.00
VISTRA CORPORATE SERVICES COMPANY (FKA VISTRA CORP.),Vistra Employee Political Action Committee of Vistra Corp,Rep Randy Weber,2025-06-12,1500.00
VISTRA CORPORATE SERVICES COMPANY (FKA VISTRA CORP.),Vistra Employee Political Action Committee of Vistra Corp,Rep Nikki Budzinski,2025-02-25,2500.00
VISTRA CORPORATE SERVICES COMPANY (FKA VISTRA CORP.),Vistra Employee Political Action Committee of Vistra Corp,Rep Mariannette MillerMeeks,2025-05-20,1000.00
VISTRA CORPORATE SERVICES COMPANY (FKA VISTRA CORP.),Vistra Employee Political Action Committee of Vistra Corp,Rep Ken Calvert,2025-04-03,1000.00
VISTRA CORPORATE SERVICES COMPANY (FKA VISTRA CORP.),Vistra Employee Political Action Committee of Vistra Corp,Rep Rudy Yakym III,2025-02-13,1000.00
VISTRA CORPORATE SERVICES COMPANY (FKA VISTRA CORP.),Vistra Employee Political Action Committee of Vistra Corp,Rep Marc Veasey,2025-04-03,1000.00
VISTRA CORPORATE SERVICES COMPANY (FKA VISTRA CORP.),Vistra Employee Political Action Committee of Vistra Corp,Rep Darin LaHood,2025-02-13,2500.00
VISTRA CORPORATE SERVICES COMPANY (FKA VISTRA CORP.),Vistra Employee Political Action Committee of Vistra Corp,Rep Pete Sessions,2025-06-12,1000.00
VISTRA CORPORATE SERVICES COMPANY (FKA VISTRA CORP.),Vistra Employee Political Action Committee of Vistra Corp,Rep Jimmy Panetta,2025-02-25,2500.00
VISTRA CORPORATE SERVICES COMPANY (FKA VISTRA CORP.),Vistra Employee Political Action Committee of Vistra Corp,Rep Julie Johnson,2025-02-03,2000.00
VISTRA CORPORATE SERVICES COMPANY (FKA VISTRA CORP.),Vistra Employee Political Action Committee of Vistra Corp,Rep Guy Reschenthaler,2025-04-03,1500.00
VISTRA CORPORATE SERVICES COMPANY (FKA VISTRA CORP.),Vistra Employee Political Action Committee of Vistra Corp,Rep Michael Bost,2025-06-12,2500.00
VISTRA CORPORATE SERVICES COMPANY (FKA VISTRA CORP.),Vistra Employee Political Action Committee of Vistra Corp,Rep Nikki Budzinski,2025-02-13,1000.00
VISTRA CORPORATE SERVICES COMPANY (FKA VISTRA CORP.),Vistra Employee Political Action Committee of Vistra Corp,Rep Nathaniel Moran,2025-05-20,500.00
VISTRA CORPORATE SERVICES COMPANY (FKA VISTRA CORP.),Vistra Employee Political Action Committee of Vistra Corp,Rep Carol Miller,2025-05-20,1000.00
VISTRA CORPORATE SERVICES COMPANY (FKA VISTRA CORP.),Vistra Employee Political Action Committee of Vistra Corp,Rep Chrissy Houlahan,2025-06-12,1000.00
VISTRA CORPORATE SERVICES COMPANY (FKA VISTRA CORP.),Vistra Employee Political Action Committee of Vistra Corp,Rep Bob Latta,2025-06-12,1500.00
VISTRA CORPORATE SERVICES COMPANY (FKA VISTRA CORP.),Vistra Employee Political Action Committee of Vistra Corp,Rep Troy Balderson,2025-06-12,2000.00
VISTRA CORPORATE SERVICES COMPANY (FKA VISTRA CORP.),Vistra Employee Political Action Committee of Vistra Corp,Sen Jon A Husted,2025-03-13,1000.00
VISTRA CORPORATE SERVICES COMPANY (FKA VISTRA CORP.),Vistra Employee Political Action Committee of Vistra Corp,Rep Michael Rulli,2025-05-20,1000.00
VISTRA CORPORATE SERVICES COMPANY (FKA VISTRA CORP.),Vistra Employee Political Action Committee of Vistra Corp,Rep Dave Joyce,2025-05-05,1000.00
VISTRA CORPORATE SERVICES COMPANY (FKA VISTRA CORP.),Vistra Employee Political Action Committee of Vistra Corp,Rep Nathaniel Moran,2025-04-21,1000.00
VISTRA CORPORATE SERVICES COMPANY (FKA VISTRA CORP.),Vistra Employee Political Action Committee of Vistra Corp,Rep Jodey Arrington,2025-04-21,1000.00
VISTRA CORPORATE SERVICES COMPANY (FKA VISTRA CORP.),Vistra Employee Political Action Committee of Vistra Corp,Rep Vicente Gonzalez,2025-04-03,1000.00
VISTRA CORPORATE SERVICES COMPANY (FKA VISTRA CORP.),Vistra Employee Political Action Committee of Vistra Corp,Rep Tom Cole,2025-05-20,2500.00
VISTRA CORPORATE SERVICES COMPANY (FKA VISTRA CORP.),Vistra Employee Political Action Committee of Vistra Corp,Rep Lloyd K Smucker,2025-04-03,1500.00
VISTRA CORPORATE SERVICES COMPANY (FKA VISTRA CORP.),Vistra Employee Political Action Committee of Vistra Corp,Sen Chris Coons,2025-06-12,1500.00
VISTRA CORPORATE SERVICES COMPANY (FKA VISTRA CORP.),Vistra Employee Political Action Committee of Vistra Corp,Rep Tony Gonzales II,2025-05-20,1000.00
VISTRA CORPORATE SERVICES COMPANY (FKA VISTRA CORP.),Vistra Employee Political Action Committee of Vistra Corp,Sen William M Cassidy,2025-06-12,2000.00
VISTRA CORPORATE SERVICES COMPANY (FKA VISTRA CORP.),Vistra Employee Political Action Committee of Vistra Corp,Rep Jimmy Panetta,2025-02-13,1000.00
VISTRA CORPORATE SERVICES COMPANY (FKA VISTRA CORP.),Vistra Employee Political Action Committee of Vistra Corp,Rep Randall Feenstra,2025-02-13,2500.00
VISTRA CORPORATE SERVICES COMPANY (FKA VISTRA CORP.),Vistra Employee Political Action Committee of Vistra Corp,Rep Jay Obernolte,2025-04-03,1000.00
VISTRA CORPORATE SERVICES COMPANY (FKA VISTRA CORP.),Vistra Employee Political Action Committee of Vistra Corp,Rep Paul D Tonko,2025-04-03,1000.00
VISTRA CORPORATE SERVICES COMPANY (FKA VISTRA CORP.),Vistra Employee Political Action Committee of Vistra Corp,Rep Ken Calvert,2025-05-21,2500.00
VISTRA CORPORATE SERVICES COMPANY (FKA VISTRA CORP.),Vistra Employee Political Action Committee of Vistra Corp,Rep David Valadao,2025-04-03,1000.00
VISTRA CORPORATE SERVICES COMPANY (FKA VISTRA CORP.),Vistra Employee Political Action Committee of Vistra Corp,Rep Kevin Hern,2025-06-12,2500.00
VISTRA CORPORATE SERVICES COMPANY (FKA VISTRA CORP.),Vistra Employee Political Action Committee of Vistra Corp,Sen Jon A Husted,2025-06-12,2500.00
VISTRA CORPORATE SERVICES COMPANY (FKA VISTRA CORP.),Vistra Employee Political Action Committee of Vistra Corp,Rep Jodey Arrington,2025-05-20,2000.00
VISTRA CORPORATE SERVICES COMPANY (FKA VISTRA CORP.),Vistra Employee Political Action Committee of Vistra Corp,Rep Roger Williams,2025-02-13,1000.00
VISTRA CORPORATE SERVICES COMPANY (FKA VISTRA CORP.),Vistra Employee Political Action Committee of Vistra Corp,Rep Troy Balderson,2025-02-13,1000.00
VISTRA CORPORATE SERVICES COMPANY (FKA VISTRA CORP.),Vistra Employee Political Action Committee of Vistra Corp,Rep Julia Letlow,2025-03-20,1500.00
VISTRA CORPORATE SERVICES COMPANY (FKA VISTRA CORP.),Vistra Employee Political Action Committee of Vistra Corp,Rep Nathaniel Moran,2025-05-20,1500.00
VISTRA CORPORATE SERVICES COMPANY (FKA VISTRA CORP.),Vistra Employee Political Action Committee of Vistra Corp,Rep Katherine Clark,2025-03-20,1500.00
VISTRA CORPORATE SERVICES COMPANY (FKA VISTRA CORP.),Vistra Employee Political Action Committee of Vistra Corp,Rep Nathaniel Moran,2025-03-20,2500.00
VISTRA CORPORATE SERVICES COMPANY (FKA VISTRA CORP.),Vistra Employee Political Action Committee of Vistra Corp,Rep John Joyce,2025-02-25,2500.00
VISTRA CORPORATE SERVICES COMPANY (FKA VISTRA CORP.),Vistra Employee Political Action Committee of Vistra Corp,Rep Michael Rulli,2025-03-20,1000.00
VISTRA CORPORATE SERVICES COMPANY (FKA VISTRA CORP.),Vistra Employee Political Action Committee of Vistra Corp,Rep Bob Latta,2025-03-20,1000.00
VISTRA CORPORATE SERVICES COMPANY (FKA VISTRA CORP.),Vistra Employee Political Action Committee of Vistra Corp,Rep Marc Veasey,2025-04-03,1000.00
VISTRA CORPORATE SERVICES COMPANY (FKA VISTRA CORP.),Vistra Employee Political Action Committee of Vistra Corp,Sen Shelley Moore Capito,2025-05-21,3000.00
VISTRA CORPORATE SERVICES COMPANY (FKA VISTRA CORP.),Vistra Employee Political Action Committee of Vistra Corp,Rep Lloyd K Smucker,2025-04-03,1000.00
VISTRA CORPORATE SERVICES COMPANY (FKA VISTRA CORP.),Vistra Employee Political Action Committee of Vistra Corp,Rep Greg Landsman,2025-04-03,1000.00
VISTRA CORPORATE SERVICES COMPANY (FKA VISTRA CORP.),Vistra Employee Political Action Committee of Vistra Corp,Rep Salud Carbajal,2025-04-03,2500.00
VISTRA CORPORATE SERVICES COMPANY (FKA VISTRA CORP.),Vistra Employee Political Action Committee of Vistra Corp,John Kevin Ellzey SR,2025-02-13,2000.00
VISTRA CORPORATE SERVICES COMPANY (FKA VISTRA CORP.),Vistra Employee Political Action Committee of Vistra Corp,Rep Brian Fitzpatrick,2025-02-13,1000.00
VISTRA CORPORATE SERVICES COMPANY (FKA VISTRA CORP.),Vistra Employee Political Action Committee of Vistra Corp,August Lee Pfluger II,2025-02-13,5000.00
VISTRA CORPORATE SERVICES COMPANY (FKA VISTRA CORP.),Vistra Employee Political Action Committee of Vistra Corp,Rep Craig Goldman,2025-05-20,1000.00
VISTRA CORPORATE SERVICES COMPANY (FKA VISTRA CORP.),Vistra Employee Political Action Committee of Vistra Corp,Sen Martin Heinrich,2025-06-12,1500.00
VISTRA CORPORATE SERVICES COMPANY (FKA VISTRA CORP.),Vistra Employee Political Action Committee of Vistra Corp,Rep Craig Goldman,2025-04-21,1500.00
VISTRA CORPORATE SERVICES COMPANY (FKA VISTRA CORP.),Vistra Employee Political Action Committee of Vistra Corp,Rep Jodey Arrington,2025-02-03,2000.00
VISTRA CORPORATE SERVICES COMPANY (FKA VISTRA CORP.),Vistra Employee Political Action Committee of Vistra Corp,Rep Brett Guthrie,2025-03-20,1500.00
VISTRA CORPORATE SERVICES COMPANY (FKA VISTRA CORP.),Vistra Employee Political Action Committee of Vistra Corp,Rep Dave Joyce,2025-02-03,1000.00
VISTRA CORPORATE SERVICES COMPANY (FKA VISTRA CORP.),Vistra Employee Political Action Committee of Vistra Corp,Rep Michael Bost,2025-04-21,1000.00
VISTRA CORPORATE SERVICES COMPANY (FKA VISTRA CORP.),Vistra Employee Political Action Committee of Vistra Corp,Rep Randy Weber,2025-06-12,1500.00
VISTRA CORPORATE SERVICES COMPANY (FKA VISTRA CORP.),Vistra Employee Political Action Committee of Vistra Corp,Rep Nikki Budzinski,2025-02-25,2500.00
VISTRA CORPORATE SERVICES COMPANY (FKA VISTRA CORP.),Vistra Employee Political Action Committee of Vistra Corp,Rep Mariannette MillerMeeks,2025-05-20,1000.00
VISTRA CORPORATE SERVICES COMPANY (FKA VISTRA CORP.),Vistra Employee Political Action Committee of Vistra Corp,Rep Ken Calvert,2025-04-03,1000.00
VISTRA CORPORATE SERVICES COMPANY (FKA VISTRA CORP.),Vistra Employee Political Action Committee of Vistra Corp,Rep Rudy Yakym III,2025-02-13,1000.00
VISTRA CORPORATE SERVICES COMPANY (FKA VISTRA CORP.),Vistra Employee Political Action Committee of Vistra Corp,Rep Marc Veasey,2025-04-03,1000.00
VISTRA CORPORATE SERVICES COMPANY (FKA VISTRA CORP.),Vistra Employee Political Action Committee of Vistra Corp,Rep Darin LaHood,2025-02-13,2500.00
VISTRA CORPORATE SERVICES COMPANY (FKA VISTRA CORP.),Vistra Employee Political Action Committee of Vistra Corp,Rep Pete Sessions,2025-06-12,1000.00
VISTRA CORPORATE SERVICES COMPANY (FKA VISTRA CORP.),Vistra Employee Political Action Committee of Vistra Corp,Rep Jimmy Panetta,2025-02-25,2500.00
VISTRA CORPORATE SERVICES COMPANY (FKA VISTRA CORP.),Vistra Employee Political Action Committee of Vistra Corp,Rep Julie Johnson,2025-02-03,2000.00
VISTRA CORPORATE SERVICES COMPANY (FKA VISTRA CORP.),Vistra Employee Political Action Committee of Vistra Corp,Rep Guy Reschenthaler,2025-04-03,1500.00
VISTRA CORPORATE SERVICES COMPANY (FKA VISTRA CORP.),Vistra Employee Political Action Committee of Vistra Corp,Rep Michael Bost,2025-06-12,2500.00
VISTRA CORPORATE SERVICES COMPANY (FKA VISTRA CORP.),Vistra Employee Political Action Committee of Vistra Corp,Rep Nikki Budzinski,2025-02-13,1000.00
VISTRA CORPORATE SERVICES COMPANY (FKA VISTRA CORP.),Vistra Employee Political Action Committee of Vistra Corp,Rep Nathaniel Moran,2025-05-20,500.00
VISTRA CORPORATE SERVICES COMPANY (FKA VISTRA CORP.),Vistra Employee Political Action Committee of Vistra Corp,Rep Carol Miller,2025-05-20,1000.00
VISTRA CORPORATE SERVICES COMPANY (FKA VISTRA CORP.),Vistra Employee Political Action Committee of Vistra Corp,Rep Chrissy Houlahan,2025-06-12,1000.00
VISTRA CORPORATE SERVICES COMPANY (FKA VISTRA CORP.),Vistra Employee Political Action Committee of Vistra Corp,Rep Bob Latta,2025-06-12,1500.00
VISTRA CORPORATE SERVICES COMPANY (FKA VISTRA CORP.),Vistra Employee Political Action Committee of Vistra Corp,Rep Troy Balderson,2025-06-12,2000.00
VISTRA CORPORATE SERVICES COMPANY (FKA VISTRA CORP.),Vistra Employee Political Action Committee of Vistra Corp,Sen Jon A Husted,2025-03-13,1000.00
VISTRA CORPORATE SERVICES COMPANY (FKA VISTRA CORP.),Vistra Employee Political Action Committee of Vistra Corp,Rep Michael Rulli,2025-05-20,1000.00
VISTRA CORPORATE SERVICES COMPANY (FKA VISTRA CORP.),Vistra Employee Political Action Committee of Vistra Corp,Rep Dave Joyce,2025-05-05,1000.00
VISTRA CORPORATE SERVICES COMPANY (FKA VISTRA CORP.),Vistra Employee Political Action Committee of Vistra Corp,Rep Nathaniel Moran,2025-04-21,1000.00
VISTRA CORPORATE SERVICES COMPANY (FKA VISTRA CORP.),Vistra Employee Political Action Committee of Vistra Corp,Rep Jodey Arrington,2025-04-21,1000.00
VISTRA CORPORATE SERVICES COMPANY (FKA VISTRA CORP.),Vistra Employee Political Action Committee of Vistra Corp,Rep Vicente Gonzalez,2025-04-03,1000.00
VISTRA CORPORATE SERVICES COMPANY (FKA VISTRA CORP.),Vistra Employee Political Action Committee of Vistra Corp,Rep Tom Cole,2025-05-20,2500.00
VISTRA CORPORATE SERVICES COMPANY (FKA VISTRA CORP.),Vistra Employee Political Action Committee of Vistra Corp,Rep Lloyd K Smucker,2025-04-03,1500.00
VISTRA CORPORATE SERVICES COMPANY (FKA VISTRA CORP.),Vistra Employee Political Action Committee of Vistra Corp,Sen Chris Coons,2025-06-12,1500.00
VISTRA CORPORATE SERVICES COMPANY (FKA VISTRA CORP.),Vistra Employee Political Action Committee of Vistra Corp,Rep Tony Gonzales II,2025-05-20,1000.00
VISTRA CORPORATE SERVICES COMPANY (FKA VISTRA CORP.),Vistra Employee Political Action Committee of Vistra Corp,Sen William M Cassidy,2025-06-12,2000.00
VISTRA CORPORATE SERVICES COMPANY (FKA VISTRA CORP.),Vistra Employee Political Action Committee of Vistra Corp,Rep Jimmy Panetta,2025-02-13,1000.00
VISTRA CORPORATE SERVICES COMPANY (FKA VISTRA CORP.),Vistra Employee Political Action Committee of Vistra Corp,Rep Randall Feenstra,2025-02-13,2500.00
VISTRA CORPORATE SERVICES COMPANY (FKA VISTRA CORP.),Vistra Employee Political Action Committee of Vistra Corp,Rep Jay Obernolte,2025-04-03,1000.00
VISTRA CORPORATE SERVICES COMPANY (FKA VISTRA CORP.),Vistra Employee Political Action Committee of Vistra Corp,Rep Paul D Tonko,2025-04-03,1000.00
VISTRA CORPORATE SERVICES COMPANY (FKA VISTRA CORP.),Vistra Employee Political Action Committee of Vistra Corp,Rep Ken Calvert,2025-05-21,2500.00
VISTRA CORPORATE SERVICES COMPANY (FKA VISTRA CORP.),Vistra Employee Political Action Committee of Vistra Corp,Rep David Valadao,2025-04-03,1000.00
VISTRA CORPORATE SERVICES COMPANY (FKA VISTRA CORP.),Vistra Employee Political Action Committee of Vistra Corp,Rep Kevin Hern,2025-06-12,2500.00
VISTRA CORPORATE SERVICES COMPANY (FKA VISTRA CORP.),Vistra Employee Political Action Committee of Vistra Corp,Sen Jon A Husted,2025-06-12,2500.00
VISTRA CORPORATE SERVICES COMPANY (FKA VISTRA CORP.),Vistra Employee Political Action Committee of Vistra Corp,Rep Jodey Arrington,2025-05-20,2000.00
VISTRA CORPORATE SERVICES COMPANY (FKA VISTRA CORP.),Vistra Employee Political Action Committee of Vistra Corp,Rep Roger Williams,2025-02-13,1000.00
VISTRA CORPORATE SERVICES COMPANY (FKA VISTRA CORP.),Vistra Employee Political Action Committee of Vistra Corp,Rep Troy Balderson,2025-02-13,1000.00
VISTRA CORPORATE SERVICES COMPANY (FKA VISTRA CORP.),Vistra Employee Political Action Committee of Vistra Corp,Rep Julia Letlow,2025-03-20,1500.00
VISTRA CORPORATE SERVICES COMPANY (FKA VISTRA CORP.),Vistra Employee Political Action Committee of Vistra Corp,Rep Nathaniel Moran,2025-05-20,1500.00
VISTRA CORPORATE SERVICES COMPANY (FKA VISTRA CORP.),Vistra Employee Political Action Committee of Vistra Corp,Rep Katherine Clark,2025-03-20,1500.00
VISTRA CORPORATE SERVICES COMPANY (FKA VISTRA CORP.),Vistra Employee Political Action Committee of Vistra Corp,Rep Nathaniel Moran,2025-03-20,2500.00
VISTRA CORPORATE SERVICES COMPANY (FKA VISTRA CORP.),Vistra Employee Political Action Committee of Vistra Corp,Rep John Joyce,2025-02-25,2500.00
VISTRA CORPORATE SERVICES COMPANY (FKA VISTRA CORP.),Vistra Employee Political Action Committee of Vistra Corp,Rep Michael Rulli,2025-03-20,1000.00
VISTRA CORPORATE SERVICES COMPANY (FKA VISTRA CORP.),Vistra Employee Political Action Committee of Vistra Corp,Rep Bob Latta,2025-03-20,1000.00
VISTRA CORPORATE SERVICES COMPANY (FKA VISTRA CORP.),Vistra Employee Political Action Committee of Vistra Corp,Rep Marc Veasey,2025-04-03,1000.00
VISTRA CORPORATE SERVICES COMPANY (FKA VISTRA CORP.),Vistra Employee Political Action Committee of Vistra Corp,Sen Shelley Moore Capito,2025-05-21,3000.00
VISTRA CORPORATE SERVICES COMPANY (FKA VISTRA CORP.),Vistra Employee Political Action Committee of Vistra Corp,Rep Lloyd K Smucker,2025-04-03,1000.00
VISTRA CORPORATE SERVICES COMPANY (FKA VISTRA CORP.),Vistra Employee Political Action Committee of Vistra Corp,Rep Greg Landsman,2025-04-03,1000.00
VISTRA CORPORATE SERVICES COMPANY (FKA VISTRA CORP.),Vistra Employee Political Action Committee of Vistra Corp,Rep Salud Carbajal,2025-04-03,2500.00
VISTRA CORPORATE SERVICES COMPANY (FKA VISTRA CORP.),Vistra Employee Political Action Committee of Vistra Corp,John Kevin Ellzey SR,2025-02-13,2000.00
VISTRA CORPORATE SERVICES COMPANY (FKA VISTRA CORP.),Vistra Employee Political Action Committee of Vistra Corp,Rep Brian Fitzpatrick,2025-02-13,1000.00
VISTRA CORPORATE SERVICES COMPANY (FKA VISTRA CORP.),Vistra Employee Political Action Committee of Vistra Corp,August Lee Pfluger II,2025-02-13,5000.00
VISTRA CORPORATE SERVICES COMPANY (FKA VISTRA CORP.),Vistra Employee Political Action Committee of Vistra Corp,Rep Craig Goldman,2025-05-20,1000.00
VISTRA CORPORATE SERVICES COMPANY (FKA VISTRA CORP.),Vistra Employee Political Action Committee of Vistra Corp,Sen Martin Heinrich,2025-06-12,1500.00
VISTRA CORPORATE SERVICES COMPANY (FKA VISTRA CORP.),Vistra Employee Political Action Committee of Vistra Corp,Rep Craig Goldman,2025-04-21,1500.00
VISTRA CORPORATE SERVICES COMPANY (FKA VISTRA CORP.),Vistra Employee Political Action Committee of Vistra Corp,Rep Jodey Arrington,2025-02-03,2000.00
VISTRA CORPORATE SERVICES COMPANY (FKA VISTRA CORP.),Vistra Employee Political Action Committee of Vistra Corp,Rep Brett Guthrie,2025-03-20,1500.00
VISTRA CORPORATE SERVICES COMPANY (FKA VISTRA CORP.),Vistra Employee Political Action Committee of Vistra Corp,Rep Dave Joyce,2025-02-03,1000.00
VISTRA CORPORATE SERVICES COMPANY (FKA VISTRA CORP.),Vistra Employee Political Action Committee of Vistra Corp,Rep Michael Bost,2025-04-21,1000.00
VISTRA CORPORATE SERVICES COMPANY (FKA VISTRA CORP.),Vistra Employee Political Action Committee of Vistra Corp,Rep Randy Weber,2025-06-12,1500.00
VISTRA CORPORATE SERVICES COMPANY (FKA VISTRA CORP.),Vistra Employee Political Action Committee of Vistra Corp,Rep Nikki Budzinski,2025-02-25,2500.00
VISTRA CORPORATE SERVICES COMPANY (FKA VISTRA CORP.),Vistra Employee Political Action Committee of Vistra Corp,Rep Mariannette MillerMeeks,2025-05-20,1000.00
VISTRA CORPORATE SERVICES COMPANY (FKA VISTRA CORP.),Vistra Employee Political Action Committee of Vistra Corp,Rep Ken Calvert,2025-04-03,1000.00
VISTRA CORPORATE SERVICES COMPANY (FKA VISTRA CORP.),Vistra Employee Political Action Committee of Vistra Corp,Rep Rudy Yakym III,2025-02-13,1000.00
VISTRA CORPORATE SERVICES COMPANY (FKA VISTRA CORP.),Vistra Employee Political Action Committee of Vistra Corp,Rep Marc Veasey,2025-04-03,1000.00
VISTRA CORPORATE SERVICES COMPANY (FKA VISTRA CORP.),Vistra Employee Political Action Committee of Vistra Corp,Rep Darin LaHood,2025-02-13,2500.00
VISTRA CORPORATE SERVICES COMPANY (FKA VISTRA CORP.),Vistra Employee Political Action Committee of Vistra Corp,Rep Pete Sessions,2025-06-12,1000.00
VISTRA CORPORATE SERVICES COMPANY (FKA VISTRA CORP.),Vistra Employee Political Action Committee of Vistra Corp,Rep Jimmy Panetta,2025-02-25,2500.00
VISTRA CORPORATE SERVICES COMPANY (FKA VISTRA CORP.),Vistra Employee Political Action Committee of Vistra Corp,Rep Julie Johnson,2025-02-03,2000.00
VISTRA CORPORATE SERVICES COMPANY (FKA VISTRA CORP.),Vistra Employee Political Action Committee of Vistra Corp,Rep Guy Reschenthaler,2025-04-03,1500.00
VISTRA CORPORATE SERVICES COMPANY (FKA VISTRA CORP.),Vistra Employee Political Action Committee of Vistra Corp,Rep Michael Bost,2025-06-12,2500.00
VISTRA CORPORATE SERVICES COMPANY (FKA VISTRA CORP.),Vistra Employee Political Action Committee of Vistra Corp,Rep Nikki Budzinski,2025-02-13,1000.00
VISTRA CORPORATE SERVICES COMPANY (FKA VISTRA CORP.),Vistra Employee Political Action Committee of Vistra Corp,Rep Nathaniel Moran,2025-05-20,500.00
VISTRA CORPORATE SERVICES COMPANY (FKA VISTRA CORP.),Vistra Employee Political Action Committee of Vistra Corp,Rep Carol Miller,2025-05-20,1000.00
VISTRA CORPORATE SERVICES COMPANY (FKA VISTRA CORP.),Vistra Employee Political Action Committee of Vistra Corp,Rep Chrissy Houlahan,2025-06-12,1000.00
VISTRA CORPORATE SERVICES COMPANY (FKA VISTRA CORP.),Vistra Employee Political Action Committee of Vistra Corp,Rep Bob Latta,2025-06-12,1500.00
VISTRA CORPORATE SERVICES COMPANY (FKA VISTRA CORP.),Vistra Employee Political Action Committee of Vistra Corp,Rep Troy Balderson,2025-06-12,2000.00
VISTRA CORPORATE SERVICES COMPANY (FKA VISTRA CORP.),Vistra Employee Political Action Committee of Vistra Corp,Sen Jon A Husted,2025-03-13,1000.00
VISTRA CORPORATE SERVICES COMPANY (FKA VISTRA CORP.),Vistra Employee Political Action Committee of Vistra Corp,Rep Michael Rulli,2025-05-20,1000.00
VISTRA CORPORATE SERVICES COMPANY (FKA VISTRA CORP.),Vistra Employee Political Action Committee of Vistra Corp,Rep Dave Joyce,2025-05-05,1000.00
VISTRA CORPORATE SERVICES COMPANY (FKA VISTRA CORP.),Vistra Employee Political Action Committee of Vistra Corp,Rep Nathaniel Moran,2025-04-21,1000.00
VISTRA CORPORATE SERVICES COMPANY (FKA VISTRA CORP.),Vistra Employee Political Action Committee of Vistra Corp,Rep Jodey Arrington,2025-04-21,1000.00
VISTRA CORPORATE SERVICES COMPANY (FKA VISTRA CORP.),Vistra Employee Political Action Committee of Vistra Corp,Rep Vicente Gonzalez,2025-04-03,1000.00
VISTRA CORPORATE SERVICES COMPANY (FKA VISTRA CORP.),Vistra Employee Political Action Committee of Vistra Corp,Rep Tom Cole,2025-05-20,2500.00
VISTRA CORPORATE SERVICES COMPANY (FKA VISTRA CORP.),Vistra Employee Political Action Committee of Vistra Corp,Rep Lloyd K Smucker,2025-04-03,1500.00
VISTRA CORPORATE SERVICES COMPANY (FKA VISTRA CORP.),Vistra Employee Political Action Committee of Vistra Corp,Sen Chris Coons,2025-06-12,1500.00
VISTRA CORPORATE SERVICES COMPANY (FKA VISTRA CORP.),Vistra Employee Political Action Committee of Vistra Corp,Rep Tony Gonzales II,2025-05-20,1000.00
VISTRA CORPORATE SERVICES COMPANY (FKA VISTRA CORP.),Vistra Employee Political Action Committee of Vistra Corp,Sen William M Cassidy,2025-06-12,2000.00
VISTRA CORPORATE SERVICES COMPANY (FKA VISTRA CORP.),Vistra Employee Political Action Committee of Vistra Corp,Rep Jimmy Panetta,2025-02-13,1000.00
VISTRA CORPORATE SERVICES COMPANY (FKA VISTRA CORP.),Vistra Employee Political Action Committee of Vistra Corp,Rep Randall Feenstra,2025-02-13,2500.00
VISTRA CORPORATE SERVICES COMPANY (FKA VISTRA CORP.),Vistra Employee Political Action Committee of Vistra Corp,Rep Jay Obernolte,2025-04-03,1000.00
VISTRA CORPORATE SERVICES COMPANY (FKA VISTRA CORP.),Vistra Employee Political Action Committee of Vistra Corp,Rep Paul D Tonko,2025-04-03,1000.00
VISTRA CORPORATE SERVICES COMPANY (FKA VISTRA CORP.),Vistra Employee Political Action Committee of Vistra Corp,Rep Ken Calvert,2025-05-21,2500.00
VISTRA CORPORATE SERVICES COMPANY (FKA VISTRA CORP.),Vistra Employee Political Action Committee of Vistra Corp,Rep David Valadao,2025-04-03,1000.00
VISTRA CORPORATE SERVICES COMPANY (FKA VISTRA CORP.),Vistra Employee Political Action Committee of Vistra Corp,Rep Kevin Hern,2025-06-12,2500.00
VISTRA CORPORATE SERVICES COMPANY (FKA VISTRA CORP.),Vistra Employee Political Action Committee of Vistra Corp,Sen Jon A Husted,2025-06-12,2500.00
VISTRA CORPORATE SERVICES COMPANY (FKA VISTRA CORP.),Vistra Employee Political Action Committee of Vistra Corp,Rep Jodey Arrington,2025-05-20,2000.00
VISTRA CORPORATE SERVICES COMPANY (FKA VISTRA CORP.),Vistra Employee Political Action Committee of Vistra Corp,Rep Roger Williams,2025-02-13,1000.00
VISTRA CORPORATE SERVICES COMPANY (FKA VISTRA CORP.),Vistra Employee Political Action Committee of Vistra Corp,Rep Troy Balderson,2025-02-13,1000.00
VISTRA CORPORATE SERVICES COMPANY (FKA VISTRA CORP.),Vistra Employee Political Action Committee of Vistra Corp,Rep Julia Letlow,2025-03-20,1500.00
VISTRA CORPORATE SERVICES COMPANY (FKA VISTRA CORP.),Vistra Employee Political Action Committee of Vistra Corp,Rep Nathaniel Moran,2025-05-20,1500.00
VISTRA CORPORATE SERVICES COMPANY (FKA VISTRA CORP.),Vistra Employee Political Action Committee of Vistra Corp,Rep Katherine Clark,2025-03-20,1500.00
VISTRA CORPORATE SERVICES COMPANY (FKA VISTRA CORP.),Vistra Employee Political Action Committee of Vistra Corp,Rep Nathaniel Moran,2025-03-20,2500.00
VISTRA CORPORATE SERVICES COMPANY (FKA VISTRA CORP.),Vistra Employee Political Action Committee of Vistra Corp,Rep John Joyce,2025-02-25,2500.00
VISTRA CORPORATE SERVICES COMPANY (FKA VISTRA CORP.),Vistra Employee Political Action Committee of Vistra Corp,Rep Michael Rulli,2025-03-20,1000.00
VISTRA CORPORATE SERVICES COMPANY (FKA VISTRA CORP.),Vistra Employee Political Action Committee of Vistra Corp,Rep Bob Latta,2025-03-20,1000.00
VISTRA CORPORATE SERVICES COMPANY (FKA VISTRA CORP.),Vistra Employee Political Action Committee of Vistra Corp,Rep Marc Veasey,2025-04-03,1000.00
VISTRA CORPORATE SERVICES COMPANY (FKA VISTRA CORP.),Vistra Employee Political Action Committee of Vistra Corp,Sen Shelley Moore Capito,2025-05-21,3000.00
VISTRA CORPORATE SERVICES COMPANY (FKA VISTRA CORP.),Vistra Employee Political Action Committee of Vistra Corp,Rep Lloyd K Smucker,2025-04-03,1000.00
VISTRA CORPORATE SERVICES COMPANY (FKA VISTRA CORP.),Vistra Employee Political Action Committee of Vistra Corp,Rep Greg Landsman,2025-04-03,1000.00
VISTRA CORPORATE SERVICES COMPANY (FKA VISTRA CORP.),Vistra Employee Political Action Committee of Vistra Corp,Rep Salud Carbajal,2025-04-03,2500.00
VISTRA CORPORATE SERVICES COMPANY (FKA VISTRA CORP.),Vistra Employee Political Action Committee of Vistra Corp,John Kevin Ellzey SR,2025-02-13,2000.00
VISTRA CORPORATE SERVICES COMPANY (FKA VISTRA CORP.),Vistra Employee Political Action Committee of Vistra Corp,Rep Brian Fitzpatrick,2025-02-13,1000.00
VISTRA CORPORATE SERVICES COMPANY (FKA VISTRA CORP.),Vistra Employee Political Action Committee of Vistra Corp,August Lee Pfluger II,2025-02-13,5000.00
VISTRA CORPORATE SERVICES COMPANY (FKA VISTRA CORP.),Vistra Employee Political Action Committee of Vistra Corp,Rep Craig Goldman,2025-05-20,1000.00
VISTRA CORPORATE SERVICES COMPANY (FKA VISTRA CORP.),Vistra Employee Political Action Committee of Vistra Corp,Sen Martin Heinrich,2025-06-12,1500.00
VISTRA CORPORATE SERVICES COMPANY (FKA VISTRA CORP.),Vistra Employee Political Action Committee of Vistra Corp,Rep Craig Goldman,2025-04-21,1500.00
VISTRA CORPORATE SERVICES COMPANY (FKA VISTRA CORP.),Vistra Employee Political Action Committee of Vistra Corp,Rep Jodey Arrington,2025-02-03,2000.00
VISTRA CORPORATE SERVICES COMPANY (FKA VISTRA CORP.),Vistra Employee Political Action Committee of Vistra Corp,Rep Brett Guthrie,2025-03-20,1500.00
VISTRA CORPORATE SERVICES COMPANY (FKA VISTRA CORP.),Vistra Employee Political Action Committee of Vistra Corp,Rep Dave Joyce,2025-02-03,1000.00
VISTRA CORPORATE SERVICES COMPANY (FKA VISTRA CORP.),Vistra Employee Political Action Committee of Vistra Corp,Rep Michael Bost,2025-04-21,1000.00
VISTRA CORPORATE SERVICES COMPANY (FKA VISTRA CORP.),Vistra Employee Political Action Committee of Vistra Corp,Rep Randy Weber,2025-06-12,1500.00
VISTRA CORPORATE SERVICES COMPANY (FKA VISTRA CORP.),Vistra Employee Political Action Committee of Vistra Corp,Rep Nikki Budzinski,2025-02-25,2500.00
VISTRA CORPORATE SERVICES COMPANY (FKA VISTRA CORP.),Vistra Employee Political Action Committee of Vistra Corp,Rep Mariannette MillerMeeks,2025-05-20,1000.00
VISTRA CORPORATE SERVICES COMPANY (FKA VISTRA CORP.),Vistra Employee Political Action Committee of Vistra Corp,Rep Ken Calvert,2025-04-03,1000.00
VISTRA CORPORATE SERVICES COMPANY (FKA VISTRA CORP.),Vistra Employee Political Action Committee of Vistra Corp,Rep Rudy Yakym III,2025-02-13,1000.00
VISTRA CORPORATE SERVICES COMPANY (FKA VISTRA CORP.),Vistra Employee Political Action Committee of Vistra Corp,Rep Marc Veasey,2025-04-03,1000.00
VISTRA CORPORATE SERVICES COMPANY (FKA VISTRA CORP.),Vistra Employee Political Action Committee of Vistra Corp,Rep Darin LaHood,2025-02-13,2500.00
VISTRA CORPORATE SERVICES COMPANY (FKA VISTRA CORP.),Vistra Employee Political Action Committee of Vistra Corp,Rep Pete Sessions,2025-06-12,1000.00
VISTRA CORPORATE SERVICES COMPANY (FKA VISTRA CORP.),Vistra Employee Political Action Committee of Vistra Corp,Rep Jimmy Panetta,2025-02-25,2500.00
VISTRA CORPORATE SERVICES COMPANY (FKA VISTRA CORP.),Vistra Employee Political Action Committee of Vistra Corp,Rep Julie Johnson,2025-02-03,2000.00
VISTRA CORPORATE SERVICES COMPANY (FKA VISTRA CORP.),Vistra Employee Political Action Committee of Vistra Corp,Rep Guy Reschenthaler,2025-04-03,1500.00
VISTRA CORPORATE SERVICES COMPANY (FKA VISTRA CORP.),Vistra Employee Political Action Committee of Vistra Corp,Rep Michael Bost,2025-06-12,2500.00
VISTRA CORPORATE SERVICES COMPANY (FKA VISTRA CORP.),Vistra Employee Political Action Committee of Vistra Corp,Rep Nikki Budzinski,2025-02-13,1000.00
VISTRA CORPORATE SERVICES COMPANY (FKA VISTRA CORP.),Vistra Employee Political Action Committee of Vistra Corp,Rep Nathaniel Moran,2025-05-20,500.00
VISTRA CORPORATE SERVICES COMPANY (FKA VISTRA CORP.),Vistra Employee Political Action Committee of Vistra Corp,Rep Carol Miller,2025-05-20,1000.00
VISTRA CORPORATE SERVICES COMPANY (FKA VISTRA CORP.),Vistra Employee Political Action Committee of Vistra Corp,Rep Chrissy Houlahan,2025-06-12,1000.00
VISTRA CORPORATE SERVICES COMPANY (FKA VISTRA CORP.),Vistra Employee Political Action Committee of Vistra Corp,Rep Bob Latta,2025-06-12,1500.00
VISTRA CORPORATE SERVICES COMPANY (FKA VISTRA CORP.),Vistra Employee Political Action Committee of Vistra Corp,Rep Troy Balderson,2025-06-12,2000.00
VISTRA CORPORATE SERVICES COMPANY (FKA VISTRA CORP.),Vistra Employee Political Action Committee of Vistra Corp,Sen Jon A Husted,2025-03-13,1000.00
VISTRA CORPORATE SERVICES COMPANY (FKA VISTRA CORP.),Vistra Employee Political Action Committee of Vistra Corp,Rep Michael Rulli,2025-05-20,1000.00
VISTRA CORPORATE SERVICES COMPANY (FKA VISTRA CORP.),Vistra Employee Political Action Committee of Vistra Corp,Rep Dave Joyce,2025-05-05,1000.00
VISTRA CORPORATE SERVICES COMPANY (FKA VISTRA CORP.),Vistra Employee Political Action Committee of Vistra Corp,Rep Nathaniel Moran,2025-04-21,1000.00
VISTRA CORPORATE SERVICES COMPANY (FKA VISTRA CORP.),Vistra Employee Political Action Committee of Vistra Corp,Rep Jodey Arrington,2025-04-21,1000.00
VISTRA CORPORATE SERVICES COMPANY (FKA VISTRA CORP.),Vistra Employee Political Action Committee of Vistra Corp,Rep Vicente Gonzalez,2025-04-03,1000.00
VISTRA CORPORATE SERVICES COMPANY (FKA VISTRA CORP.),Vistra Employee Political Action Committee of Vistra Corp,Rep Tom Cole,2025-05-20,2500.00
VISTRA CORPORATE SERVICES COMPANY (FKA VISTRA CORP.),Vistra Employee Political Action Committee of Vistra Corp,Rep Lloyd K Smucker,2025-04-03,1500.00
VISTRA CORPORATE SERVICES COMPANY (FKA VISTRA CORP.),Vistra Employee Political Action Committee of Vistra Corp,Sen Chris Coons,2025-06-12,1500.00
VISTRA CORPORATE SERVICES COMPANY (FKA VISTRA CORP.),Vistra Employee Political Action Committee of Vistra Corp,Rep Tony Gonzales II,2025-05-20,1000.00
VISTRA CORPORATE SERVICES COMPANY (FKA VISTRA CORP.),Vistra Employee Political Action Committee of Vistra Corp,Sen William M Cassidy,2025-06-12,2000.00
VISTRA CORPORATE SERVICES COMPANY (FKA VISTRA CORP.),Vistra Employee Political Action Committee of Vistra Corp,Rep Jimmy Panetta,2025-02-13,1000.00
VISTRA CORPORATE SERVICES COMPANY (FKA VISTRA CORP.),Vistra Employee Political Action Committee of Vistra Corp,Rep Randall Feenstra,2025-02-13,2500.00
VISTRA CORPORATE SERVICES COMPANY (FKA VISTRA CORP.),Vistra Employee Political Action Committee of Vistra Corp,Rep Jay Obernolte,2025-04-03,1000.00
VISTRA CORPORATE SERVICES COMPANY (FKA VISTRA CORP.),Vistra Employee Political Action Committee of Vistra Corp,Rep Paul D Tonko,2025-04-03,1000.00
VISTRA CORPORATE SERVICES COMPANY (FKA VISTRA CORP.),Vistra Employee Political Action Committee of Vistra Corp,Rep Ken Calvert,2025-05-21,2500.00
VISTRA CORPORATE SERVICES COMPANY (FKA VISTRA CORP.),Vistra Employee Political Action Committee of Vistra Corp,Rep David Valadao,2025-04-03,1000.00
VISTRA CORPORATE SERVICES COMPANY (FKA VISTRA CORP.),Vistra Employee Political Action Committee of Vistra Corp,Rep Kevin Hern,2025-06-12,2500.00
VISTRA CORPORATE SERVICES COMPANY (FKA VISTRA CORP.),Vistra Employee Political Action Committee of Vistra Corp,Sen Jon A Husted,2025-06-12,2500.00
VISTRA CORPORATE SERVICES COMPANY (FKA VISTRA CORP.),Vistra Employee Political Action Committee of Vistra Corp,Rep Jodey Arrington,2025-05-20,2000.00
VISTRA CORPORATE SERVICES COMPANY (FKA VISTRA CORP.),Vistra Employee Political Action Committee of Vistra Corp,Rep Roger Williams,2025-02-13,1000.00
VISTRA CORPORATE SERVICES COMPANY (FKA VISTRA CORP.),Vistra Employee Political Action Committee of Vistra Corp,Rep Troy Balderson,2025-02-13,1000.00
VISTRA CORPORATE SERVICES COMPANY (FKA VISTRA CORP.),Vistra Employee Political Action Committee of Vistra Corp,Rep Julia Letlow,2025-03-20,1500.00
VISTRA CORPORATE SERVICES COMPANY (FKA VISTRA CORP.),Vistra Employee Political Action Committee of Vistra Corp,Rep Nathaniel Moran,2025-05-20,1500.00
VISTRA CORPORATE SERVICES COMPANY (FKA VISTRA CORP.),Vistra Employee Political Action Committee of Vistra Corp,Rep Katherine Clark,2025-03-20,1500.00
VISTRA CORPORATE SERVICES COMPANY (FKA VISTRA CORP.),Vistra Employee Political Action Committee of Vistra Corp,Rep Nathaniel Moran,2025-03-20,2500.00
VISTRA CORPORATE SERVICES COMPANY (FKA VISTRA CORP.),Vistra Employee Political Action Committee of Vistra Corp,Rep John Joyce,2025-02-25,2500.00
VISTRA CORPORATE SERVICES COMPANY (FKA VISTRA CORP.),Vistra Employee Political Action Committee of Vistra Corp,Rep Michael Rulli,2025-03-20,1000.00
VISTRA CORPORATE SERVICES COMPANY (FKA VISTRA CORP.),Vistra Employee Political Action Committee of Vistra Corp,Rep Bob Latta,2025-03-20,1000.00
VISTRA CORPORATE SERVICES COMPANY (FKA VISTRA CORP.),Vistra Employee Political Action Committee of Vistra Corp,Rep Marc Veasey,2025-04-03,1000.00
VISTRA CORPORATE SERVICES COMPANY (FKA VISTRA CORP.),Vistra Employee Political Action Committee of Vistra Corp,Sen Shelley Moore Capito,2025-05-21,3000.00
VISTRA CORPORATE SERVICES COMPANY (FKA VISTRA CORP.),Vistra Employee Political Action Committee of Vistra Corp,Rep Lloyd K Smucker,2025-04-03,1000.00
VISTRA CORPORATE SERVICES COMPANY (FKA VISTRA CORP.),Vistra Employee Political Action Committee of Vistra Corp,Rep Greg Landsman,2025-04-03,1000.00
VISTRA CORPORATE SERVICES COMPANY (FKA VISTRA CORP.),Vistra Employee Political Action Committee of Vistra Corp,Rep Salud Carbajal,2025-04-03,2500.00
VISTRA CORPORATE SERVICES COMPANY (FKA VISTRA CORP.),Vistra Employee Political Action Committee of Vistra Corp,John Kevin Ellzey SR,2025-02-13,2000.00
VISTRA CORPORATE SERVICES COMPANY (FKA VISTRA CORP.),Vistra Employee Political Action Committee of Vistra Corp,Rep Brian Fitzpatrick,2025-02-13,1000.00
VISTRA CORPORATE SERVICES COMPANY (FKA VISTRA CORP.),Vistra Employee Political Action Committee of Vistra Corp,August Lee Pfluger II,2025-02-13,5000.00
VISTRA CORPORATE SERVICES COMPANY (FKA VISTRA CORP.),Vistra Employee Political Action Committee of Vistra Corp,Rep Craig Goldman,2025-05-20,1000.00
VISTRA CORPORATE SERVICES COMPANY (FKA VISTRA CORP.),Vistra Employee Political Action Committee of Vistra Corp,Sen Martin Heinrich,2025-06-12,1500.00
VISTRA CORPORATE SERVICES COMPANY (FKA VISTRA CORP.),Vistra Employee Political Action Committee of Vistra Corp,Rep Craig Goldman,2025-04-21,1500.00
VISTRA CORPORATE SERVICES COMPANY (FKA VISTRA CORP.),Vistra Employee Political Action Committee of Vistra Corp,Rep Jodey Arrington,2025-02-03,2000.00
VISTRA CORPORATE SERVICES COMPANY (FKA VISTRA CORP.),Vistra Employee Political Action Committee of Vistra Corp,Rep Brett Guthrie,2025-03-20,1500.00
VISTRA CORPORATE SERVICES COMPANY (FKA VISTRA CORP.),Vistra Employee Political Action Committee of Vistra Corp,Rep Dave Joyce,2025-02-03,1000.00
VISTRA CORPORATE SERVICES COMPANY (FKA VISTRA CORP.),Vistra Employee Political Action Committee of Vistra Corp,Rep Michael Bost,2025-04-21,1000.00
VISTRA CORPORATE SERVICES COMPANY (FKA VISTRA CORP.),Vistra Employee Political Action Committee of Vistra Corp,Rep Randy Weber,2025-06-12,1500.00
VISTRA CORPORATE SERVICES COMPANY (FKA VISTRA CORP.),Vistra Employee Political Action Committee of Vistra Corp,Rep Nikki Budzinski,2025-02-25,2500.00
VISTRA CORPORATE SERVICES COMPANY (FKA VISTRA CORP.),Vistra Employee Political Action Committee of Vistra Corp,Rep Mariannette MillerMeeks,2025-05-20,1000.00
VISTRA CORPORATE SERVICES COMPANY (FKA VISTRA CORP.),Vistra Employee Political Action Committee of Vistra Corp,Rep Ken Calvert,2025-04-03,1000.00
VISTRA CORPORATE SERVICES COMPANY (FKA VISTRA CORP.),Vistra Employee Political Action Committee of Vistra Corp,Rep Rudy Yakym III,2025-02-13,1000.00
VISTRA CORPORATE SERVICES COMPANY (FKA VISTRA CORP.),Vistra Employee Political Action Committee of Vistra Corp,Rep Marc Veasey,2025-04-03,1000.00
VISTRA CORPORATE SERVICES COMPANY (FKA VISTRA CORP.),Vistra Employee Political Action Committee of Vistra Corp,Rep Darin LaHood,2025-02-13,2500.00
VISTRA CORPORATE SERVICES COMPANY (FKA VISTRA CORP.),Vistra Employee Political Action Committee of Vistra Corp,Rep Pete Sessions,2025-06-12,1000.00
VISTRA CORPORATE SERVICES COMPANY (FKA VISTRA CORP.),Vistra Employee Political Action Committee of Vistra Corp,Rep Jimmy Panetta,2025-02-25,2500.00
VISTRA CORPORATE SERVICES COMPANY (FKA VISTRA CORP.),Vistra Employee Political Action Committee of Vistra Corp,Rep Julie Johnson,2025-02-03,2000.00
VISTRA CORPORATE SERVICES COMPANY (FKA VISTRA CORP.),Vistra Employee Political Action Committee of Vistra Corp,Rep Guy Reschenthaler,2025-04-03,1500.00
VISTRA CORPORATE SERVICES COMPANY (FKA VISTRA CORP.),Vistra Employee Political Action Committee of Vistra Corp,Rep Michael Bost,2025-06-12,2500.00
VISTRA CORPORATE SERVICES COMPANY (FKA VISTRA CORP.),Vistra Employee Political Action Committee of Vistra Corp,Rep Nikki Budzinski,2025-02-13,1000.00
VISTRA CORPORATE SERVICES COMPANY (FKA VISTRA CORP.),Vistra Employee Political Action Committee of Vistra Corp,Rep Nathaniel Moran,2025-05-20,500.00
VISTRA CORPORATE SERVICES COMPANY (FKA VISTRA CORP.),Vistra Employee Political Action Committee of Vistra Corp,Rep Carol Miller,2025-05-20,1000.00
VISTRA CORPORATE SERVICES COMPANY (FKA VISTRA CORP.),Vistra Employee Political Action Committee of Vistra Corp,Rep Chrissy Houlahan,2025-06-12,1000.00
VISTRA CORPORATE SERVICES COMPANY (FKA VISTRA CORP.),Vistra Employee Political Action Committee of Vistra Corp,Rep Bob Latta,2025-06-12,1500.00
VISTRA CORPORATE SERVICES COMPANY (FKA VISTRA CORP.),Vistra Employee Political Action Committee of Vistra Corp,Rep Troy Balderson,2025-06-12,2000.00
VISTRA CORPORATE SERVICES COMPANY (FKA VISTRA CORP.),Vistra Employee Political Action Committee of Vistra Corp,Sen Jon A Husted,2025-03-13,1000.00
VISTRA CORPORATE SERVICES COMPANY (FKA VISTRA CORP.),Vistra Employee Political Action Committee of Vistra Corp,Rep Michael Rulli,2025-05-20,1000.00
VISTRA CORPORATE SERVICES COMPANY (FKA VISTRA CORP.),Vistra Employee Political Action Committee of Vistra Corp,Rep Dave Joyce,2025-05-05,1000.00
VISTRA CORPORATE SERVICES COMPANY (FKA VISTRA CORP.),Vistra Employee Political Action Committee of Vistra Corp,Rep Nathaniel Moran,2025-04-21,1000.00
VISTRA CORPORATE SERVICES COMPANY (FKA VISTRA CORP.),Vistra Employee Political Action Committee of Vistra Corp,Rep Jodey Arrington,2025-04-21,1000.00
VISTRA CORPORATE SERVICES COMPANY (FKA VISTRA CORP.),Vistra Employee Political Action Committee of Vistra Corp,Rep Vicente Gonzalez,2025-04-03,1000.00
VISTRA CORPORATE SERVICES COMPANY (FKA VISTRA CORP.),Vistra Employee Political Action Committee of Vistra Corp,Rep Tom Cole,2025-05-20,2500.00
VISTRA CORPORATE SERVICES COMPANY (FKA VISTRA CORP.),Vistra Employee Political Action Committee of Vistra Corp,Rep Lloyd K Smucker,2025-04-03,1500.00
VISTRA CORPORATE SERVICES COMPANY (FKA VISTRA CORP.),Vistra Employee Political Action Committee of Vistra Corp,Sen Chris Coons,2025-06-12,1500.00
VISTRA CORPORATE SERVICES COMPANY (FKA VISTRA CORP.),Vistra Employee Political Action Committee of Vistra Corp,Rep Tony Gonzales II,2025-05-20,1000.00
VISTRA CORPORATE SERVICES COMPANY (FKA VISTRA CORP.),Vistra Employee Political Action Committee of Vistra Corp,Sen William M Cassidy,2025-06-12,2000.00
VISTRA CORPORATE SERVICES COMPANY (FKA VISTRA CORP.),Vistra Employee Political Action Committee of Vistra Corp,Rep Jimmy Panetta,2025-02-13,1000.00
VISTRA CORPORATE SERVICES COMPANY (FKA VISTRA CORP.),Vistra Employee Political Action Committee of Vistra Corp,Rep Randall Feenstra,2025-02-13,2500.00
VISTRA CORPORATE SERVICES COMPANY (FKA VISTRA CORP.),Vistra Employee Political Action Committee of Vistra Corp,Rep Jay Obernolte,2025-04-03,1000.00
VISTRA CORPORATE SERVICES COMPANY (FKA VISTRA CORP.),Vistra Employee Political Action Committee of Vistra Corp,Rep Paul D Tonko,2025-04-03,1000.00
VISTRA CORPORATE SERVICES COMPANY (FKA VISTRA CORP.),Vistra Employee Political Action Committee of Vistra Corp,Rep Ken Calvert,2025-05-21,2500.00
VISTRA CORPORATE SERVICES COMPANY (FKA VISTRA CORP.),Vistra Employee Political Action Committee of Vistra Corp,Rep David Valadao,2025-04-03,1000.00
VISTRA CORPORATE SERVICES COMPANY (FKA VISTRA CORP.),Vistra Employee Political Action Committee of Vistra Corp,Rep Kevin Hern,2025-06-12,2500.00
VISTRA CORPORATE SERVICES COMPANY (FKA VISTRA CORP.),Vistra Employee Political Action Committee of Vistra Corp,Sen Jon A Husted,2025-06-12,2500.00
VISTRA CORPORATE SERVICES COMPANY (FKA VISTRA CORP.),Vistra Employee Political Action Committee of Vistra Corp,Rep Jodey Arrington,2025-05-20,2000.00
VISTRA CORPORATE SERVICES COMPANY (FKA VISTRA CORP.),Vistra Employee Political Action Committee of Vistra Corp,Rep Roger Williams,2025-02-13,1000.00
VISTRA CORPORATE SERVICES COMPANY (FKA VISTRA CORP.),Vistra Employee Political Action Committee of Vistra Corp,Rep Troy Balderson,2025-02-13,1000.00
VISTRA CORPORATE SERVICES COMPANY (FKA VISTRA CORP.),Vistra Employee Political Action Committee of Vistra Corp,Rep Julia Letlow,2025-03-20,1500.00
VISTRA CORPORATE SERVICES COMPANY (FKA VISTRA CORP.),Vistra Employee Political Action Committee of Vistra Corp,Rep Nathaniel Moran,2025-05-20,1500.00
VISTRA CORPORATE SERVICES COMPANY (FKA VISTRA CORP.),Vistra Employee Political Action Committee of Vistra Corp,Rep Katherine Clark,2025-03-20,1500.00
VISTRA CORPORATE SERVICES COMPANY (FKA VISTRA CORP.),Vistra Employee Political Action Committee of Vistra Corp,Rep Nathaniel Moran,2025-03-20,2500.00
VISTRA CORPORATE SERVICES COMPANY (FKA VISTRA CORP.),Vistra Employee Political Action Committee of Vistra Corp,Rep John Joyce,2025-02-25,2500.00
VISTRA CORPORATE SERVICES COMPANY (FKA VISTRA CORP.),Vistra Employee Political Action Committee of Vistra Corp,Rep Michael Rulli,2025-03-20,1000.00
VISTRA CORPORATE SERVICES COMPANY (FKA VISTRA CORP.),Vistra Employee Political Action Committee of Vistra Corp,Rep Bob Latta,2025-03-20,1000.00
VISTRA CORPORATE SERVICES COMPANY (FKA VISTRA CORP.),Vistra Employee Political Action Committee of Vistra Corp,Rep Marc Veasey,2025-04-03,1000.00
VISTRA CORPORATE SERVICES COMPANY (FKA VISTRA CORP.),Vistra Employee Political Action Committee of Vistra Corp,Sen Shelley Moore Capito,2025-05-21,3000.00
VISTRA CORPORATE SERVICES COMPANY (FKA VISTRA CORP.),Vistra Employee Political Action Committee of Vistra Corp,Rep Lloyd K Smucker,2025-04-03,1000.00
VISTRA CORPORATE SERVICES COMPANY (FKA VISTRA CORP.),Vistra Employee Political Action Committee of Vistra Corp,Rep Greg Landsman,2025-04-03,1000.00
VISTRA CORPORATE SERVICES COMPANY (FKA VISTRA CORP.),Vistra Employee Political Action Committee of Vistra Corp,Rep Salud Carbajal,2025-04-03,2500.00
VISTRA CORPORATE SERVICES COMPANY (FKA VISTRA CORP.),Vistra Employee Political Action Committee of Vistra Corp,John Kevin Ellzey SR,2025-02-13,2000.00
VISTRA CORPORATE SERVICES COMPANY (FKA VISTRA CORP.),Vistra Employee Political Action Committee of Vistra Corp,Rep Brian Fitzpatrick,2025-02-13,1000.00
VISTRA CORPORATE SERVICES COMPANY (FKA VISTRA CORP.),Vistra Employee Political Action Committee of Vistra Corp,August Lee Pfluger II,2025-02-13,5000.00
VISTRA CORPORATE SERVICES COMPANY (FKA VISTRA CORP.),Vistra Employee Political Action Committee of Vistra Corp,Rep Craig Goldman,2025-05-20,1000.00
VISTRA CORPORATE SERVICES COMPANY (FKA VISTRA CORP.),Vistra Employee Political Action Committee of Vistra Corp,Sen Martin Heinrich,2025-06-12,1500.00
VISTRA CORPORATE SERVICES COMPANY (FKA VISTRA CORP.),Vistra Employee Political Action Committee of Vistra Corp,Rep Craig Goldman,2025-04-21,1500.00
VISTRA CORPORATE SERVICES COMPANY (FKA VISTRA CORP.),Vistra Employee Political Action Committee of Vistra Corp,Rep Jodey Arrington,2025-02-03,2000.00
VISTRA CORPORATE SERVICES COMPANY (FKA VISTRA CORP.),Vistra Employee Political Action Committee of Vistra Corp,Rep Brett Guthrie,2025-03-20,1500.00
VISTRA CORPORATE SERVICES COMPANY (FKA VISTRA CORP.),Vistra Employee Political Action Committee of Vistra Corp,Rep Dave Joyce,2025-02-03,1000.00
VISTRA CORPORATE SERVICES COMPANY (FKA VISTRA CORP.),Vistra Employee Political Action Committee of Vistra Corp,Rep Michael Bost,2025-04-21,1000.00
VISTRA CORPORATE SERVICES COMPANY (FKA VISTRA CORP.),Vistra Employee Political Action Committee of Vistra Corp,Rep Randy Weber,2025-06-12,1500.00
VISTRA CORPORATE SERVICES COMPANY (FKA VISTRA CORP.),Vistra Employee Political Action Committee of Vistra Corp,Rep Nikki Budzinski,2025-02-25,2500.00
VISTRA CORPORATE SERVICES COMPANY (FKA VISTRA CORP.),Vistra Employee Political Action Committee of Vistra Corp,Rep Mariannette MillerMeeks,2025-05-20,1000.00
VISTRA CORPORATE SERVICES COMPANY (FKA VISTRA CORP.),Vistra Employee Political Action Committee of Vistra Corp,Rep Ken Calvert,2025-04-03,1000.00
VISTRA CORPORATE SERVICES COMPANY (FKA VISTRA CORP.),Vistra Employee Political Action Committee of Vistra Corp,Rep Rudy Yakym III,2025-02-13,1000.00
VISTRA CORPORATE SERVICES COMPANY (FKA VISTRA CORP.),Vistra Employee Political Action Committee of Vistra Corp,Rep Marc Veasey,2025-04-03,1000.00
VISTRA CORPORATE SERVICES COMPANY (FKA VISTRA CORP.),Vistra Employee Political Action Committee of Vistra Corp,Rep Darin LaHood,2025-02-13,2500.00
VISTRA CORPORATE SERVICES COMPANY (FKA VISTRA CORP.),Vistra Employee Political Action Committee of Vistra Corp,Rep Pete Sessions,2025-06-12,1000.00
VISTRA CORPORATE SERVICES COMPANY (FKA VISTRA CORP.),Vistra Employee Political Action Committee of Vistra Corp,Rep Jimmy Panetta,2025-02-25,2500.00
VISTRA CORPORATE SERVICES COMPANY (FKA VISTRA CORP.),Vistra Employee Political Action Committee of Vistra Corp,Rep Julie Johnson,2025-02-03,2000.00
VISTRA CORPORATE SERVICES COMPANY (FKA VISTRA CORP.),Vistra Employee Political Action Committee of Vistra Corp,Rep Guy Reschenthaler,2025-04-03,1500.00
VISTRA CORPORATE SERVICES COMPANY (FKA VISTRA CORP.),Vistra Employee Political Action Committee of Vistra Corp,Rep Michael Bost,2025-06-12,2500.00
VISTRA CORPORATE SERVICES COMPANY (FKA VISTRA CORP.),Vistra Employee Political Action Committee of Vistra Corp,Rep Nikki Budzinski,2025-02-13,1000.00
VISTRA CORPORATE SERVICES COMPANY (FKA VISTRA CORP.),Vistra Employee Political Action Committee of Vistra Corp,Rep Nathaniel Moran,2025-05-20,500.00
VISTRA CORPORATE SERVICES COMPANY (FKA VISTRA CORP.),Vistra Employee Political Action Committee of Vistra Corp,Rep Carol Miller,2025-05-20,1000.00
VISTRA CORPORATE SERVICES COMPANY (FKA VISTRA CORP.),Vistra Employee Political Action Committee of Vistra Corp,Rep Chrissy Houlahan,2025-06-12,1000.00
VISTRA CORPORATE SERVICES COMPANY (FKA VISTRA CORP.),Vistra Employee Political Action Committee of Vistra Corp,Rep Bob Latta,2025-06-12,1500.00
VISTRA CORPORATE SERVICES COMPANY (FKA VISTRA CORP.),Vistra Employee Political Action Committee of Vistra Corp,Rep Troy Balderson,2025-06-12,2000.00
VISTRA CORPORATE SERVICES COMPANY (FKA VISTRA CORP.),Vistra Employee Political Action Committee of Vistra Corp,Sen Jon A Husted,2025-03-13,1000.00
VISTRA CORPORATE SERVICES COMPANY (FKA VISTRA CORP.),Vistra Employee Political Action Committee of Vistra Corp,Rep Michael Rulli,2025-05-20,1000.00
VISTRA CORPORATE SERVICES COMPANY (FKA VISTRA CORP.),Vistra Employee Political Action Committee of Vistra Corp,Rep Dave Joyce,2025-05-05,1000.00
VISTRA CORPORATE SERVICES COMPANY (FKA VISTRA CORP.),Vistra Employee Political Action Committee of Vistra Corp,Rep Nathaniel Moran,2025-04-21,1000.00
VISTRA CORPORATE SERVICES COMPANY (FKA VISTRA CORP.),Vistra Employee Political Action Committee of Vistra Corp,Rep Jodey Arrington,2025-04-21,1000.00
VISTRA CORPORATE SERVICES COMPANY (FKA VISTRA CORP.),Vistra Employee Political Action Committee of Vistra Corp,Rep Vicente Gonzalez,2025-04-03,1000.00
VISTRA CORPORATE SERVICES COMPANY (FKA VISTRA CORP.),Vistra Employee Political Action Committee of Vistra Corp,Rep Tom Cole,2025-05-20,2500.00
VISTRA CORPORATE SERVICES COMPANY (FKA VISTRA CORP.),Vistra Employee Political Action Committee of Vistra Corp,Rep Lloyd K Smucker,2025-04-03,1500.00
VISTRA CORPORATE SERVICES COMPANY (FKA VISTRA CORP.),Vistra Employee Political Action Committee of Vistra Corp,Sen Chris Coons,2025-06-12,1500.00
VISTRA CORPORATE SERVICES COMPANY (FKA VISTRA CORP.),Vistra Employee Political Action Committee of Vistra Corp,Rep Tony Gonzales II,2025-05-20,1000.00
VISTRA CORPORATE SERVICES COMPANY (FKA VISTRA CORP.),Vistra Employee Political Action Committee of Vistra Corp,Sen William M Cassidy,2025-06-12,2000.00
VISTRA CORPORATE SERVICES COMPANY (FKA VISTRA CORP.),Vistra Employee Political Action Committee of Vistra Corp,Rep Jimmy Panetta,2025-02-13,1000.00
VISTRA CORPORATE SERVICES COMPANY (FKA VISTRA CORP.),Vistra Employee Political Action Committee of Vistra Corp,Rep Randall Feenstra,2025-02-13,2500.00
VISTRA CORPORATE SERVICES COMPANY (FKA VISTRA CORP.),Vistra Employee Political Action Committee of Vistra Corp,Rep Jay Obernolte,2025-04-03,1000.00
VISTRA CORPORATE SERVICES COMPANY (FKA VISTRA CORP.),Vistra Employee Political Action Committee of Vistra Corp,Rep Paul D Tonko,2025-04-03,1000.00
VISTRA CORPORATE SERVICES COMPANY (FKA VISTRA CORP.),Vistra Employee Political Action Committee of Vistra Corp,Rep Ken Calvert,2025-05-21,2500.00
VISTRA CORPORATE SERVICES COMPANY (FKA VISTRA CORP.),Vistra Employee Political Action Committee of Vistra Corp,Rep David Valadao,2025-04-03,1000.00
VISTRA CORPORATE SERVICES COMPANY (FKA VISTRA CORP.),Vistra Employee Political Action Committee of Vistra Corp,Rep Kevin Hern,2025-06-12,2500.00
VISTRA CORPORATE SERVICES COMPANY (FKA VISTRA CORP.),Vistra Employee Political Action Committee of Vistra Corp,Sen Jon A Husted,2025-06-12,2500.00
VISTRA CORPORATE SERVICES COMPANY (FKA VISTRA CORP.),Vistra Employee Political Action Committee of Vistra Corp,Rep Jodey Arrington,2025-05-20,2000.00
VISTRA CORPORATE SERVICES COMPANY (FKA VISTRA CORP.),Vistra Employee Political Action Committee of Vistra Corp,Rep Roger Williams,2025-02-13,1000.00
VISTRA CORPORATE SERVICES COMPANY (FKA VISTRA CORP.),Vistra Employee Political Action Committee of Vistra Corp,Rep Troy Balderson,2025-02-13,1000.00
VISTRA CORPORATE SERVICES COMPANY (FKA VISTRA CORP.),Vistra Employee Political Action Committee of Vistra Corp,Rep Julia Letlow,2025-03-20,1500.00
VISTRA CORPORATE SERVICES COMPANY (FKA VISTRA CORP.),Vistra Employee Political Action Committee of Vistra Corp,Rep Nathaniel Moran,2025-05-20,1500.00
VISTRA CORPORATE SERVICES COMPANY (FKA VISTRA CORP.),Vistra Employee Political Action Committee of Vistra Corp,Rep Katherine Clark,2025-03-20,1500.00
VISTRA CORPORATE SERVICES COMPANY (FKA VISTRA CORP.),Vistra Employee Political Action Committee of Vistra Corp,Rep Nathaniel Moran,2025-03-20,2500.00
VISTRA CORPORATE SERVICES COMPANY (FKA VISTRA CORP.),Vistra Employee Political Action Committee of Vistra Corp,Rep John Joyce,2025-02-25,2500.00
VISTRA CORPORATE SERVICES COMPANY (FKA VISTRA CORP.),Vistra Employee Political Action Committee of Vistra Corp,Rep Michael Rulli,2025-03-20,1000.00
VISTRA CORPORATE SERVICES COMPANY (FKA VISTRA CORP.),Vistra Employee Political Action Committee of Vistra Corp,Rep Bob Latta,2025-03-20,1000.00
VISTRA CORPORATE SERVICES COMPANY (FKA VISTRA CORP.),Vistra Employee Political Action Committee of Vistra Corp,Rep Marc Veasey,2025-04-03,1000.00
VISTRA CORPORATE SERVICES COMPANY (FKA VISTRA CORP.),Vistra Employee Political Action Committee of Vistra Corp,Sen Shelley Moore Capito,2025-05-21,3000.00
VISTRA CORPORATE SERVICES COMPANY (FKA VISTRA CORP.),Vistra Employee Political Action Committee of Vistra Corp,Rep Lloyd K Smucker,2025-04-03,1000.00
VISTRA CORPORATE SERVICES COMPANY (FKA VISTRA CORP.),Vistra Employee Political Action Committee of Vistra Corp,Rep Greg Landsman,2025-04-03,1000.00
VISTRA CORPORATE SERVICES COMPANY (FKA VISTRA CORP.),Vistra Employee Political Action Committee of Vistra Corp,Rep Salud Carbajal,2025-04-03,2500.00
VISTRA CORPORATE SERVICES COMPANY (FKA VISTRA CORP.),Vistra Employee Political Action Committee of Vistra Corp,John Kevin Ellzey SR,2025-02-13,2000.00
VISTRA CORPORATE SERVICES COMPANY (FKA VISTRA CORP.),Vistra Employee Political Action Committee of Vistra Corp,Rep Brian Fitzpatrick,2025-02-13,1000.00
VISTRA CORPORATE SERVICES COMPANY (FKA VISTRA CORP.),Vistra Employee Political Action Committee of Vistra Corp,August Lee Pfluger II,2025-02-13,5000.00
VISTRA CORPORATE SERVICES COMPANY (FKA VISTRA CORP.),Vistra Employee Political Action Committee of Vistra Corp,Rep Craig Goldman,2025-05-20,1000.00
VISTRA CORPORATE SERVICES COMPANY (FKA VISTRA CORP.),Vistra Employee Political Action Committee of Vistra Corp,Sen Martin Heinrich,2025-06-12,1500.00
VISTRA CORPORATE SERVICES COMPANY (FKA VISTRA CORP.),Vistra Employee Political Action Committee of Vistra Corp,Rep Craig Goldman,2025-04-21,1500.00
VISTRA CORPORATE SERVICES COMPANY (FKA VISTRA CORP.),Vistra Employee Political Action Committee of Vistra Corp,Rep Jodey Arrington,2025-02-03,2000.00
VISTRA CORPORATE SERVICES COMPANY (FKA VISTRA CORP.),Vistra Employee Political Action Committee of Vistra Corp,Rep Brett Guthrie,2025-03-20,1500.00
VISTRA CORPORATE SERVICES COMPANY (FKA VISTRA CORP.),Vistra Employee Political Action Committee of Vistra Corp,Rep Dave Joyce,2025-02-03,1000.00
VISTRA CORPORATE SERVICES COMPANY (FKA VISTRA CORP.),Vistra Employee Political Action Committee of Vistra Corp,Rep Michael Bost,2025-04-21,1000.00
VISTRA CORPORATE SERVICES COMPANY (FKA VISTRA CORP.),Vistra Employee Political Action Committee of Vistra Corp,Rep Randy Weber,2025-06-12,1500.00
VISTRA CORPORATE SERVICES COMPANY (FKA VISTRA CORP.),Vistra Employee Political Action Committee of Vistra Corp,Rep Nikki Budzinski,2025-02-25,2500.00
VISTRA CORPORATE SERVICES COMPANY (FKA VISTRA CORP.),Vistra Employee Political Action Committee of Vistra Corp,Rep Mariannette MillerMeeks,2025-05-20,1000.00
VISTRA CORPORATE SERVICES COMPANY (FKA VISTRA CORP.),Vistra Employee Political Action Committee of Vistra Corp,Rep Ken Calvert,2025-04-03,1000.00
VISTRA CORPORATE SERVICES COMPANY (FKA VISTRA CORP.),Vistra Employee Political Action Committee of Vistra Corp,Rep Rudy Yakym III,2025-02-13,1000.00
VISTRA CORPORATE SERVICES COMPANY (FKA VISTRA CORP.),Vistra Employee Political Action Committee of Vistra Corp,Rep Marc Veasey,2025-04-03,1000.00
VISTRA CORPORATE SERVICES COMPANY (FKA VISTRA CORP.),Vistra Employee Political Action Committee of Vistra Corp,Rep Darin LaHood,2025-02-13,2500.00
VISTRA CORPORATE SERVICES COMPANY (FKA VISTRA CORP.),Vistra Employee Political Action Committee of Vistra Corp,Rep Pete Sessions,2025-06-12,1000.00
VISTRA CORPORATE SERVICES COMPANY (FKA VISTRA CORP.),Vistra Employee Political Action Committee of Vistra Corp,Rep Jimmy Panetta,2025-02-25,2500.00
VISTRA CORPORATE SERVICES COMPANY (FKA VISTRA CORP.),Vistra Employee Political Action Committee of Vistra Corp,Rep Julie Johnson,2025-02-03,2000.00
VISTRA CORPORATE SERVICES COMPANY (FKA VISTRA CORP.),Vistra Employee Political Action Committee of Vistra Corp,Rep Guy Reschenthaler,2025-04-03,1500.00
VISTRA CORPORATE SERVICES COMPANY (FKA VISTRA CORP.),Vistra Employee Political Action Committee of Vistra Corp,Rep Michael Bost,2025-06-12,2500.00
VISTRA CORPORATE SERVICES COMPANY (FKA VISTRA CORP.),Vistra Employee Political Action Committee of Vistra Corp,Rep Nikki Budzinski,2025-02-13,1000.00
VISTRA CORPORATE SERVICES COMPANY (FKA VISTRA CORP.),Vistra Employee Political Action Committee of Vistra Corp,Rep Nathaniel Moran,2025-05-20,500.00
VISTRA CORPORATE SERVICES COMPANY (FKA VISTRA CORP.),Vistra Employee Political Action Committee of Vistra Corp,Rep Carol Miller,2025-05-20,1000.00
VISTRA CORPORATE SERVICES COMPANY (FKA VISTRA CORP.),Vistra Employee Political Action Committee of Vistra Corp,Rep Chrissy Houlahan,2025-06-12,1000.00
VISTRA CORPORATE SERVICES COMPANY (FKA VISTRA CORP.),Vistra Employee Political Action Committee of Vistra Corp,Rep Bob Latta,2025-06-12,1500.00
VISTRA CORPORATE SERVICES COMPANY (FKA VISTRA CORP.),Vistra Employee Political Action Committee of Vistra Corp,Rep Troy Balderson,2025-06-12,2000.00
VISTRA CORPORATE SERVICES COMPANY (FKA VISTRA CORP.),Vistra Employee Political Action Committee of Vistra Corp,Sen Jon A Husted,2025-03-13,1000.00
VISTRA CORPORATE SERVICES COMPANY (FKA VISTRA CORP.),Vistra Employee Political Action Committee of Vistra Corp,Rep Michael Rulli,2025-05-20,1000.00
VISTRA CORPORATE SERVICES COMPANY (FKA VISTRA CORP.),Vistra Employee Political Action Committee of Vistra Corp,Rep Dave Joyce,2025-05-05,1000.00
VISTRA CORPORATE SERVICES COMPANY (FKA VISTRA CORP.),Vistra Employee Political Action Committee of Vistra Corp,Rep Nathaniel Moran,2025-04-21,1000.00
VISTRA CORPORATE SERVICES COMPANY (FKA VISTRA CORP.),Vistra Employee Political Action Committee of Vistra Corp,Rep Jodey Arrington,2025-04-21,1000.00
VISTRA CORPORATE SERVICES COMPANY (FKA VISTRA CORP.),Vistra Employee Political Action Committee of Vistra Corp,Rep Vicente Gonzalez,2025-04-03,1000.00
VISTRA CORPORATE SERVICES COMPANY (FKA VISTRA CORP.),Vistra Employee Political Action Committee of Vistra Corp,Rep Tom Cole,2025-05-20,2500.00
VISTRA CORPORATE SERVICES COMPANY (FKA VISTRA CORP.),Vistra Employee Political Action Committee of Vistra Corp,Rep Lloyd K Smucker,2025-04-03,1500.00
VISTRA CORPORATE SERVICES COMPANY (FKA VISTRA CORP.),Vistra Employee Political Action Committee of Vistra Corp,Sen Chris Coons,2025-06-12,1500.00
VISTRA CORPORATE SERVICES COMPANY (FKA VISTRA CORP.),Vistra Employee Political Action Committee of Vistra Corp,Rep Tony Gonzales II,2025-05-20,1000.00
VISTRA CORPORATE SERVICES COMPANY (FKA VISTRA CORP.),Vistra Employee Political Action Committee of Vistra Corp,Sen William M Cassidy,2025-06-12,2000.00
VISTRA CORPORATE SERVICES COMPANY (FKA VISTRA CORP.),Vistra Employee Political Action Committee of Vistra Corp,Rep Jimmy Panetta,2025-02-13,1000.00
VISTRA CORPORATE SERVICES COMPANY (FKA VISTRA CORP.),Vistra Employee Political Action Committee of Vistra Corp,Rep Randall Feenstra,2025-02-13,2500.00
VISTRA CORPORATE SERVICES COMPANY (FKA VISTRA CORP.),Vistra Employee Political Action Committee of Vistra Corp,Rep Jay Obernolte,2025-04-03,1000.00
VISTRA CORPORATE SERVICES COMPANY (FKA VISTRA CORP.),Vistra Employee Political Action Committee of Vistra Corp,Rep Paul D Tonko,2025-04-03,1000.00
VISTRA CORPORATE SERVICES COMPANY (FKA VISTRA CORP.),Vistra Employee Political Action Committee of Vistra Corp,Rep Ken Calvert,2025-05-21,2500.00
VISTRA CORPORATE SERVICES COMPANY (FKA VISTRA CORP.),Vistra Employee Political Action Committee of Vistra Corp,Rep David Valadao,2025-04-03,1000.00
VISTRA CORPORATE SERVICES COMPANY (FKA VISTRA CORP.),Vistra Employee Political Action Committee of Vistra Corp,Rep Kevin Hern,2025-06-12,2500.00
VISTRA CORPORATE SERVICES COMPANY (FKA VISTRA CORP.),Vistra Employee Political Action Committee of Vistra Corp,Sen Jon A Husted,2025-06-12,2500.00
VISTRA CORPORATE SERVICES COMPANY (FKA VISTRA CORP.),Vistra Employee Political Action Committee of Vistra Corp,Rep Jodey Arrington,2025-05-20,2000.00
VISTRA CORPORATE SERVICES COMPANY (FKA VISTRA CORP.),Vistra Employee Political Action Committee of Vistra Corp,Rep Roger Williams,2025-02-13,1000.00
VISTRA CORPORATE SERVICES COMPANY (FKA VISTRA CORP.),Vistra Employee Political Action Committee of Vistra Corp,Rep Troy Balderson,2025-02-13,1000.00
VISTRA CORPORATE SERVICES COMPANY (FKA VISTRA CORP.),Vistra Employee Political Action Committee of Vistra Corp,Rep Julia Letlow,2025-03-20,1500.00
VISTRA CORPORATE SERVICES COMPANY (FKA VISTRA CORP.),Vistra Employee Political Action Committee of Vistra Corp,Rep Nathaniel Moran,2025-05-20,1500.00
VISTRA CORPORATE SERVICES COMPANY (FKA VISTRA CORP.),Vistra Employee Political Action Committee of Vistra Corp,Rep Katherine Clark,2025-03-20,1500.00
VISTRA CORPORATE SERVICES COMPANY (FKA VISTRA CORP.),Vistra Employee Political Action Committee of Vistra Corp,Rep Nathaniel Moran,2025-03-20,2500.00
VISTRA CORPORATE SERVICES COMPANY (FKA VISTRA CORP.),Vistra Employee Political Action Committee of Vistra Corp,Rep John Joyce,2025-02-25,2500.00
VISTRA CORPORATE SERVICES COMPANY (FKA VISTRA CORP.),Vistra Employee Political Action Committee of Vistra Corp,Rep Michael Rulli,2025-03-20,1000.00
VISTRA CORPORATE SERVICES COMPANY (FKA VISTRA CORP.),Vistra Employee Political Action Committee of Vistra Corp,Rep Bob Latta,2025-03-20,1000.00
VISTRA CORPORATE SERVICES COMPANY (FKA VISTRA CORP.),Vistra Employee Political Action Committee of Vistra Corp,Rep Marc Veasey,2025-04-03,1000.00
VISTRA CORPORATE SERVICES COMPANY (FKA VISTRA CORP.),Vistra Employee Political Action Committee of Vistra Corp,Sen Shelley Moore Capito,2025-05-21,3000.00
VISTRA CORPORATE SERVICES COMPANY (FKA VISTRA CORP.),Vistra Employee Political Action Committee of Vistra Corp,Rep Lloyd K Smucker,2025-04-03,1000.00
VISTRA CORPORATE SERVICES COMPANY (FKA VISTRA CORP.),Vistra Employee Political Action Committee of Vistra Corp,Rep Greg Landsman,2025-04-03,1000.00
VISTRA CORPORATE SERVICES COMPANY (FKA VISTRA CORP.),Vistra Employee Political Action Committee of Vistra Corp,Rep Salud Carbajal,2025-04-03,2500.00
VISTRA CORPORATE SERVICES COMPANY (FKA VISTRA CORP.),Vistra Employee Political Action Committee of Vistra Corp,John Kevin Ellzey SR,2025-02-13,2000.00
VISTRA CORPORATE SERVICES COMPANY (FKA VISTRA CORP.),Vistra Employee Political Action Committee of Vistra Corp,Rep Brian Fitzpatrick,2025-02-13,1000.00
VISTRA CORPORATE SERVICES COMPANY (FKA VISTRA CORP.),Vistra Employee Political Action Committee of Vistra Corp,August Lee Pfluger II,2025-02-13,5000.00
VISTRA CORPORATE SERVICES COMPANY (FKA VISTRA CORP.),Vistra Employee Political Action Committee of Vistra Corp,Rep Craig Goldman,2025-05-20,1000.00
VISTRA CORPORATE SERVICES COMPANY (FKA VISTRA CORP.),Vistra Employee Political Action Committee of Vistra Corp,Sen Martin Heinrich,2025-06-12,1500.00
VISTRA CORPORATE SERVICES COMPANY (FKA VISTRA CORP.),Vistra Employee Political Action Committee of Vistra Corp,Rep Craig Goldman,2025-04-21,1500.00
VISTRA CORPORATE SERVICES COMPANY (FKA VISTRA CORP.),Vistra Employee Political Action Committee of Vistra Corp,Rep Jodey Arrington,2025-02-03,2000.00
VISTRA CORPORATE SERVICES COMPANY (FKA VISTRA CORP.),Vistra Employee Political Action Committee of Vistra Corp,Rep Brett Guthrie,2025-03-20,1500.00
VISTRA CORPORATE SERVICES COMPANY (FKA VISTRA CORP.),Vistra Employee Political Action Committee of Vistra Corp,Rep Dave Joyce,2025-02-03,1000.00
VISTRA CORPORATE SERVICES COMPANY (FKA VISTRA CORP.),Vistra Employee Political Action Committee of Vistra Corp,Rep Michael Bost,2025-04-21,1000.00
VISTRA CORPORATE SERVICES COMPANY (FKA VISTRA CORP.),Vistra Employee Political Action Committee of Vistra Corp,Rep Randy Weber,2025-06-12,1500.00
VISTRA CORPORATE SERVICES COMPANY (FKA VISTRA CORP.),Vistra Employee Political Action Committee of Vistra Corp,Rep Nikki Budzinski,2025-02-25,2500.00
VISTRA CORPORATE SERVICES COMPANY (FKA VISTRA CORP.),Vistra Employee Political Action Committee of Vistra Corp,Rep Mariannette MillerMeeks,2025-05-20,1000.00
VISTRA CORPORATE SERVICES COMPANY (FKA VISTRA CORP.),Vistra Employee Political Action Committee of Vistra Corp,Rep Ken Calvert,2025-04-03,1000.00
VISTRA CORPORATE SERVICES COMPANY (FKA VISTRA CORP.),Vistra Employee Political Action Committee of Vistra Corp,Rep Rudy Yakym III,2025-02-13,1000.00
VISTRA CORPORATE SERVICES COMPANY (FKA VISTRA CORP.),Vistra Employee Political Action Committee of Vistra Corp,Rep Marc Veasey,2025-04-03,1000.00
VISTRA CORPORATE SERVICES COMPANY (FKA VISTRA CORP.),Vistra Employee Political Action Committee of Vistra Corp,Rep Darin LaHood,2025-02-13,2500.00
VISTRA CORPORATE SERVICES COMPANY (FKA VISTRA CORP.),Vistra Employee Political Action Committee of Vistra Corp,Rep Pete Sessions,2025-06-12,1000.00
VISTRA CORPORATE SERVICES COMPANY (FKA VISTRA CORP.),Vistra Employee Political Action Committee of Vistra Corp,Rep Jimmy Panetta,2025-02-25,2500.00
VISTRA CORPORATE SERVICES COMPANY (FKA VISTRA CORP.),Vistra Employee Political Action Committee of Vistra Corp,Rep Julie Johnson,2025-02-03,2000.00
VISTRA CORPORATE SERVICES COMPANY (FKA VISTRA CORP.),Vistra Employee Political Action Committee of Vistra Corp,Rep Guy Reschenthaler,2025-04-03,1500.00
VISTRA CORPORATE SERVICES COMPANY (FKA VISTRA CORP.),Vistra Employee Political Action Committee of Vistra Corp,Rep Michael Bost,2025-06-12,2500.00
VISTRA CORPORATE SERVICES COMPANY (FKA VISTRA CORP.),Vistra Employee Political Action Committee of Vistra Corp,Rep Nikki Budzinski,2025-02-13,1000.00
VISTRA CORPORATE SERVICES COMPANY (FKA VISTRA CORP.),Vistra Employee Political Action Committee of Vistra Corp,Rep Nathaniel Moran,2025-05-20,500.00
VISTRA CORPORATE SERVICES COMPANY (FKA VISTRA CORP.),Vistra Employee Political Action Committee of Vistra Corp,Rep Carol Miller,2025-05-20,1000.00
VISTRA CORPORATE SERVICES COMPANY (FKA VISTRA CORP.),Vistra Employee Political Action Committee of Vistra Corp,Rep Chrissy Houlahan,2025-06-12,1000.00
VISTRA CORPORATE SERVICES COMPANY (FKA VISTRA CORP.),Vistra Employee Political Action Committee of Vistra Corp,Rep Bob Latta,2025-06-12,1500.00
VISTRA CORPORATE SERVICES COMPANY (FKA VISTRA CORP.),Vistra Employee Political Action Committee of Vistra Corp,Rep Troy Balderson,2025-06-12,2000.00
VISTRA CORPORATE SERVICES COMPANY (FKA VISTRA CORP.),Vistra Employee Political Action Committee of Vistra Corp,Sen Jon A Husted,2025-03-13,1000.00
VISTRA CORPORATE SERVICES COMPANY (FKA VISTRA CORP.),Vistra Employee Political Action Committee of Vistra Corp,Rep Michael Rulli,2025-05-20,1000.00
VISTRA CORPORATE SERVICES COMPANY (FKA VISTRA CORP.),Vistra Employee Political Action Committee of Vistra Corp,Rep Dave Joyce,2025-05-05,1000.00
VISTRA CORPORATE SERVICES COMPANY (FKA VISTRA CORP.),Vistra Employee Political Action Committee of Vistra Corp,Rep Nathaniel Moran,2025-04-21,1000.00
VISTRA CORPORATE SERVICES COMPANY (FKA VISTRA CORP.),Vistra Employee Political Action Committee of Vistra Corp,Rep Jodey Arrington,2025-04-21,1000.00
VISTRA CORPORATE SERVICES COMPANY (FKA VISTRA CORP.),Vistra Employee Political Action Committee of Vistra Corp,Rep Vicente Gonzalez,2025-04-03,1000.00
VISTRA CORPORATE SERVICES COMPANY (FKA VISTRA CORP.),Vistra Employee Political Action Committee of Vistra Corp,Rep Tom Cole,2025-05-20,2500.00
VISTRA CORPORATE SERVICES COMPANY (FKA VISTRA CORP.),Vistra Employee Political Action Committee of Vistra Corp,Rep Lloyd K Smucker,2025-04-03,1500.00
VISTRA CORPORATE SERVICES COMPANY (FKA VISTRA CORP.),Vistra Employee Political Action Committee of Vistra Corp,Sen Chris Coons,2025-06-12,1500.00
VISTRA CORPORATE SERVICES COMPANY (FKA VISTRA CORP.),Vistra Employee Political Action Committee of Vistra Corp,Rep Tony Gonzales II,2025-05-20,1000.00
VISTRA CORPORATE SERVICES COMPANY (FKA VISTRA CORP.),Vistra Employee Political Action Committee of Vistra Corp,Sen William M Cassidy,2025-06-12,2000.00
VISTRA CORPORATE SERVICES COMPANY (FKA VISTRA CORP.),Vistra Employee Political Action Committee of Vistra Corp,Rep Jimmy Panetta,2025-02-13,1000.00
VISTRA CORPORATE SERVICES COMPANY (FKA VISTRA CORP.),Vistra Employee Political Action Committee of Vistra Corp,Rep Randall Feenstra,2025-02-13,2500.00
VISTRA CORPORATE SERVICES COMPANY (FKA VISTRA CORP.),Vistra Employee Political Action Committee of Vistra Corp,Rep Jay Obernolte,2025-04-03,1000.00
VISTRA CORPORATE SERVICES COMPANY (FKA VISTRA CORP.),Vistra Employee Political Action Committee of Vistra Corp,Rep Paul D Tonko,2025-04-03,1000.00
VISTRA CORPORATE SERVICES COMPANY (FKA VISTRA CORP.),Vistra Employee Political Action Committee of Vistra Corp,Rep Ken Calvert,2025-05-21,2500.00
VISTRA CORPORATE SERVICES COMPANY (FKA VISTRA CORP.),Vistra Employee Political Action Committee of Vistra Corp,Rep David Valadao,2025-04-03,1000.00
VISTRA CORPORATE SERVICES COMPANY (FKA VISTRA CORP.),Vistra Employee Political Action Committee of Vistra Corp,Rep Kevin Hern,2025-06-12,2500.00
VISTRA CORPORATE SERVICES COMPANY (FKA VISTRA CORP.),Vistra Employee Political Action Committee of Vistra Corp,Sen Jon A Husted,2025-06-12,2500.00
VISTRA CORPORATE SERVICES COMPANY (FKA VISTRA CORP.),Vistra Employee Political Action Committee of Vistra Corp,Rep Jodey Arrington,2025-05-20,2000.00
VISTRA CORPORATE SERVICES COMPANY (FKA VISTRA CORP.),Vistra Employee Political Action Committee of Vistra Corp,Rep Roger Williams,2025-02-13,1000.00
VISTRA CORPORATE SERVICES COMPANY (FKA VISTRA CORP.),Vistra Employee Political Action Committee of Vistra Corp,Rep Troy Balderson,2025-02-13,1000.00
VISTRA CORPORATE SERVICES COMPANY (FKA VISTRA CORP.),Vistra Employee Political Action Committee of Vistra Corp,Rep Julia Letlow,2025-03-20,1500.00
VISTRA CORPORATE SERVICES COMPANY (FKA VISTRA CORP.),Vistra Employee Political Action Committee of Vistra Corp,Rep Nathaniel Moran,2025-05-20,1500.00
VISTRA CORPORATE SERVICES COMPANY (FKA VISTRA CORP.),Vistra Employee Political Action Committee of Vistra Corp,Rep Katherine Clark,2025-03-20,1500.00
VISTRA CORPORATE SERVICES COMPANY (FKA VISTRA CORP.),Vistra Employee Political Action Committee of Vistra Corp,Rep Nathaniel Moran,2025-03-20,2500.00
VISTRA CORPORATE SERVICES COMPANY (FKA VISTRA CORP.),Vistra Employee Political Action Committee of Vistra Corp,Rep John Joyce,2025-02-25,2500.00
VISTRA CORPORATE SERVICES COMPANY (FKA VISTRA CORP.),Vistra Employee Political Action Committee of Vistra Corp,Rep Michael Rulli,2025-03-20,1000.00
VISTRA CORPORATE SERVICES COMPANY (FKA VISTRA CORP.),Vistra Employee Political Action Committee of Vistra Corp,Rep Bob Latta,2025-03-20,1000.00
VISTRA CORPORATE SERVICES COMPANY (FKA VISTRA CORP.),Vistra Employee Political Action Committee of Vistra Corp,Rep Marc Veasey,2025-04-03,1000.00
VISTRA CORPORATE SERVICES COMPANY (FKA VISTRA CORP.),Vistra Employee Political Action Committee of Vistra Corp,Sen Shelley Moore Capito,2025-05-21,3000.00
VISTRA CORPORATE SERVICES COMPANY (FKA VISTRA CORP.),Vistra Employee Political Action Committee of Vistra Corp,Rep Lloyd K Smucker,2025-04-03,1000.00
VISTRA CORPORATE SERVICES COMPANY (FKA VISTRA CORP.),Vistra Employee Political Action Committee of Vistra Corp,Rep Greg Landsman,2025-04-03,1000.00
VISTRA CORPORATE SERVICES COMPANY (FKA VISTRA CORP.),Vistra Employee Political Action Committee of Vistra Corp,Rep Salud Carbajal,2025-04-03,2500.00
VISTRA CORPORATE SERVICES COMPANY (FKA VISTRA CORP.),Vistra Employee Political Action Committee of Vistra Corp,John Kevin Ellzey SR,2025-02-13,2000.00
VISTRA CORPORATE SERVICES COMPANY (FKA VISTRA CORP.),Vistra Employee Political Action Committee of Vistra Corp,Rep Brian Fitzpatrick,2025-02-13,1000.00
VISTRA CORPORATE SERVICES COMPANY (FKA VISTRA CORP.),Vistra Employee Political Action Committee of Vistra Corp,August Lee Pfluger II,2025-02-13,5000.00
VISTRA CORPORATE SERVICES COMPANY (FKA VISTRA CORP.),Vistra Employee Political Action Committee of Vistra Corp,Rep Craig Goldman,2025-05-20,1000.00
VISTRA CORPORATE SERVICES COMPANY (FKA VISTRA CORP.),Vistra Employee Political Action Committee of Vistra Corp,Sen Martin Heinrich,2025-06-12,1500.00
VISTRA CORPORATE SERVICES COMPANY (FKA VISTRA CORP.),Vistra Employee Political Action Committee of Vistra Corp,Rep Craig Goldman,2025-04-21,1500.00
VISTRA CORPORATE SERVICES COMPANY (FKA VISTRA CORP.),Vistra Employee Political Action Committee of Vistra Corp,Rep Jodey Arrington,2025-02-03,2000.00
VISTRA CORPORATE SERVICES COMPANY (FKA VISTRA CORP.),Vistra Employee Political Action Committee of Vistra Corp,Rep Brett Guthrie,2025-03-20,1500.00
VISTRA CORPORATE SERVICES COMPANY (FKA VISTRA CORP.),Vistra Employee Political Action Committee of Vistra Corp,Rep Dave Joyce,2025-02-03,1000.00
VISTRA CORPORATE SERVICES COMPANY (FKA VISTRA CORP.),Vistra Employee Political Action Committee of Vistra Corp,Rep Michael Bost,2025-04-21,1000.00
VISTRA CORPORATE SERVICES COMPANY (FKA VISTRA CORP.),Vistra Employee Political Action Committee of Vistra Corp,Rep Randy Weber,2025-06-12,1500.00
VISTRA CORPORATE SERVICES COMPANY (FKA VISTRA CORP.),Vistra Employee Political Action Committee of Vistra Corp,Rep Nikki Budzinski,2025-02-25,2500.00
VISTRA CORPORATE SERVICES COMPANY (FKA VISTRA CORP.),Vistra Employee Political Action Committee of Vistra Corp,Rep Mariannette MillerMeeks,2025-05-20,1000.00
VISTRA CORPORATE SERVICES COMPANY (FKA VISTRA CORP.),Vistra Employee Political Action Committee of Vistra Corp,Rep Ken Calvert,2025-04-03,1000.00
VISTRA CORPORATE SERVICES COMPANY (FKA VISTRA CORP.),Vistra Employee Political Action Committee of Vistra Corp,Rep Rudy Yakym III,2025-02-13,1000.00
VISTRA CORPORATE SERVICES COMPANY (FKA VISTRA CORP.),Vistra Employee Political Action Committee of Vistra Corp,Rep Marc Veasey,2025-04-03,1000.00
VISTRA CORPORATE SERVICES COMPANY (FKA VISTRA CORP.),Vistra Employee Political Action Committee of Vistra Corp,Rep Darin LaHood,2025-02-13,2500.00
VISTRA CORPORATE SERVICES COMPANY (FKA VISTRA CORP.),Vistra Employee Political Action Committee of Vistra Corp,Rep Pete Sessions,2025-06-12,1000.00
VISTRA CORPORATE SERVICES COMPANY (FKA VISTRA CORP.),Vistra Employee Political Action Committee of Vistra Corp,Rep Jimmy Panetta,2025-02-25,2500.00
VISTRA CORPORATE SERVICES COMPANY (FKA VISTRA CORP.),Vistra Employee Political Action Committee of Vistra Corp,Rep Julie Johnson,2025-02-03,2000.00
VISTRA CORPORATE SERVICES COMPANY (FKA VISTRA CORP.),Vistra Employee Political Action Committee of Vistra Corp,Rep Guy Reschenthaler,2025-04-03,1500.00
VISTRA CORPORATE SERVICES COMPANY (FKA VISTRA CORP.),Vistra Employee Political Action Committee of Vistra Corp,Rep Michael Bost,2025-06-12,2500.00
VISTRA CORPORATE SERVICES COMPANY (FKA VISTRA CORP.),Vistra Employee Political Action Committee of Vistra Corp,Rep Nikki Budzinski,2025-02-13,1000.00
VISTRA CORPORATE SERVICES COMPANY (FKA VISTRA CORP.),Vistra Employee Political Action Committee of Vistra Corp,Rep Nathaniel Moran,2025-05-20,500.00
VISTRA CORPORATE SERVICES COMPANY (FKA VISTRA CORP.),Vistra Employee Political Action Committee of Vistra Corp,Rep Carol Miller,2025-05-20,1000.00
VISTRA CORPORATE SERVICES COMPANY (FKA VISTRA CORP.),Vistra Employee Political Action Committee of Vistra Corp,Rep Chrissy Houlahan,2025-06-12,1000.00
VISTRA CORPORATE SERVICES COMPANY (FKA VISTRA CORP.),Vistra Employee Political Action Committee of Vistra Corp,Rep Bob Latta,2025-06-12,1500.00
VISTRA CORPORATE SERVICES COMPANY (FKA VISTRA CORP.),Vistra Employee Political Action Committee of Vistra Corp,Rep Troy Balderson,2025-06-12,2000.00
VISTRA CORPORATE SERVICES COMPANY (FKA VISTRA CORP.),Vistra Employee Political Action Committee of Vistra Corp,Sen Jon A Husted,2025-03-13,1000.00
VISTRA CORPORATE SERVICES COMPANY (FKA VISTRA CORP.),Vistra Employee Political Action Committee of Vistra Corp,Rep Michael Rulli,2025-05-20,1000.00
VISTRA CORPORATE SERVICES COMPANY (FKA VISTRA CORP.),Vistra Employee Political Action Committee of Vistra Corp,Rep Dave Joyce,2025-05-05,1000.00
VISTRA CORPORATE SERVICES COMPANY (FKA VISTRA CORP.),Vistra Employee Political Action Committee of Vistra Corp,Rep Nathaniel Moran,2025-04-21,1000.00
VISTRA CORPORATE SERVICES COMPANY (FKA VISTRA CORP.),Vistra Employee Political Action Committee of Vistra Corp,Rep Jodey Arrington,2025-04-21,1000.00
VISTRA CORPORATE SERVICES COMPANY (FKA VISTRA CORP.),Vistra Employee Political Action Committee of Vistra Corp,Rep Vicente Gonzalez,2025-04-03,1000.00
VISTRA CORPORATE SERVICES COMPANY (FKA VISTRA CORP.),Vistra Employee Political Action Committee of Vistra Corp,Rep Tom Cole,2025-05-20,2500.00
VISTRA CORPORATE SERVICES COMPANY (FKA VISTRA CORP.),Vistra Employee Political Action Committee of Vistra Corp,Rep Lloyd K Smucker,2025-04-03,1500.00
VISTRA CORPORATE SERVICES COMPANY (FKA VISTRA CORP.),Vistra Employee Political Action Committee of Vistra Corp,Sen Chris Coons,2025-06-12,1500.00
VISTRA CORPORATE SERVICES COMPANY (FKA VISTRA CORP.),Vistra Employee Political Action Committee of Vistra Corp,Rep Tony Gonzales II,2025-05-20,1000.00
VISTRA CORPORATE SERVICES COMPANY (FKA VISTRA CORP.),Vistra Employee Political Action Committee of Vistra Corp,Sen William M Cassidy,2025-06-12,2000.00
VISTRA CORPORATE SERVICES COMPANY (FKA VISTRA CORP.),Vistra Employee Political Action Committee of Vistra Corp,Rep Jimmy Panetta,2025-02-13,1000.00
VISTRA CORPORATE SERVICES COMPANY (FKA VISTRA CORP.),Vistra Employee Political Action Committee of Vistra Corp,Rep Randall Feenstra,2025-02-13,2500.00
VISTRA CORPORATE SERVICES COMPANY (FKA VISTRA CORP.),Vistra Employee Political Action Committee of Vistra Corp,Rep Jay Obernolte,2025-04-03,1000.00
VISTRA CORPORATE SERVICES COMPANY (FKA VISTRA CORP.),Vistra Employee Political Action Committee of Vistra Corp,Rep Paul D Tonko,2025-04-03,1000.00
VISTRA CORPORATE SERVICES COMPANY (FKA VISTRA CORP.),Vistra Employee Political Action Committee of Vistra Corp,Rep Ken Calvert,2025-05-21,2500.00
VISTRA CORPORATE SERVICES COMPANY (FKA VISTRA CORP.),Vistra Employee Political Action Committee of Vistra Corp,Rep David Valadao,2025-04-03,1000.00
VISTRA CORPORATE SERVICES COMPANY (FKA VISTRA CORP.),Vistra Employee Political Action Committee of Vistra Corp,Rep Kevin Hern,2025-06-12,2500.00
VISTRA CORPORATE SERVICES COMPANY (FKA VISTRA CORP.),Vistra Employee Political Action Committee of Vistra Corp,Sen Jon A Husted,2025-06-12,2500.00
VISTRA CORPORATE SERVICES COMPANY (FKA VISTRA CORP.),Vistra Employee Political Action Committee of Vistra Corp,Rep Jodey Arrington,2025-05-20,2000.00
VISTRA CORPORATE SERVICES COMPANY (FKA VISTRA CORP.),Vistra Employee Political Action Committee of Vistra Corp,Rep Roger Williams,2025-02-13,1000.00
VISTRA CORPORATE SERVICES COMPANY (FKA VISTRA CORP.),Vistra Employee Political Action Committee of Vistra Corp,Rep Troy Balderson,2025-02-13,1000.00
VISTRA CORPORATE SERVICES COMPANY (FKA VISTRA CORP.),Vistra Employee Political Action Committee of Vistra Corp,Rep Julia Letlow,2025-03-20,1500.00
VISTRA CORPORATE SERVICES COMPANY (FKA VISTRA CORP.),Vistra Employee Political Action Committee of Vistra Corp,Rep Nathaniel Moran,2025-05-20,1500.00
VISTRA CORPORATE SERVICES COMPANY (FKA VISTRA CORP.),Vistra Employee Political Action Committee of Vistra Corp,Rep Katherine Clark,2025-03-20,1500.00
VISTRA CORPORATE SERVICES COMPANY (FKA VISTRA CORP.),Vistra Employee Political Action Committee of Vistra Corp,Rep Nathaniel Moran,2025-03-20,2500.00
VISTRA CORPORATE SERVICES COMPANY (FKA VISTRA CORP.),Vistra Employee Political Action Committee of Vistra Corp,Rep John Joyce,2025-02-25,2500.00
VISTRA CORPORATE SERVICES COMPANY (FKA VISTRA CORP.),Vistra Employee Political Action Committee of Vistra Corp,Rep Michael Rulli,2025-03-20,1000.00
VISTRA CORPORATE SERVICES COMPANY (FKA VISTRA CORP.),Vistra Employee Political Action Committee of Vistra Corp,Rep Bob Latta,2025-03-20,1000.00
VISTRA CORPORATE SERVICES COMPANY (FKA VISTRA CORP.),Vistra Employee Political Action Committee of Vistra Corp,Rep Marc Veasey,2025-04-03,1000.00
VISTRA CORPORATE SERVICES COMPANY (FKA VISTRA CORP.),Vistra Employee Political Action Committee of Vistra Corp,Sen Shelley Moore Capito,2025-05-21,3000.00
VISTRA CORPORATE SERVICES COMPANY (FKA VISTRA CORP.),Vistra Employee Political Action Committee of Vistra Corp,Rep Lloyd K Smucker,2025-04-03,1000.00
VISTRA CORPORATE SERVICES COMPANY (FKA VISTRA CORP.),Vistra Employee Political Action Committee of Vistra Corp,Rep Greg Landsman,2025-04-03,1000.00
VISTRA CORPORATE SERVICES COMPANY (FKA VISTRA CORP.),Vistra Employee Political Action Committee of Vistra Corp,Rep Salud Carbajal,2025-04-03,2500.00
VISTRA CORPORATE SERVICES COMPANY (FKA VISTRA CORP.),Vistra Employee Political Action Committee of Vistra Corp,John Kevin Ellzey SR,2025-02-13,2000.00
VISTRA CORPORATE SERVICES COMPANY (FKA VISTRA CORP.),Vistra Employee Political Action Committee of Vistra Corp,Rep Brian Fitzpatrick,2025-02-13,1000.00
VISTRA CORPORATE SERVICES COMPANY (FKA VISTRA CORP.),Vistra Employee Political Action Committee of Vistra Corp,August Lee Pfluger II,2025-02-13,5000.00
VISTRA CORPORATE SERVICES COMPANY (FKA VISTRA CORP.),Vistra Employee Political Action Committee of Vistra Corp,Rep Craig Goldman,2025-05-20,1000.00
VISTRA CORPORATE SERVICES COMPANY (FKA VISTRA CORP.),Vistra Employee Political Action Committee of Vistra Corp,Sen Martin Heinrich,2025-06-12,1500.00
VISTRA CORPORATE SERVICES COMPANY (FKA VISTRA CORP.),Vistra Employee Political Action Committee of Vistra Corp,Rep Craig Goldman,2025-04-21,1500.00
VISTRA CORPORATE SERVICES COMPANY (FKA VISTRA CORP.),Vistra Employee Political Action Committee of Vistra Corp,Rep Jodey Arrington,2025-02-03,2000.00
VISTRA CORPORATE SERVICES COMPANY (FKA VISTRA CORP.),Vistra Employee Political Action Committee of Vistra Corp,Rep Brett Guthrie,2025-03-20,1500.00
VISTRA CORPORATE SERVICES COMPANY (FKA VISTRA CORP.),Vistra Employee Political Action Committee of Vistra Corp,Rep Dave Joyce,2025-02-03,1000.00
VISTRA CORPORATE SERVICES COMPANY (FKA VISTRA CORP.),Vistra Employee Political Action Committee of Vistra Corp,Rep Michael Bost,2025-04-21,1000.00
VISTRA CORPORATE SERVICES COMPANY (FKA VISTRA CORP.),Vistra Employee Political Action Committee of Vistra Corp,Rep Randy Weber,2025-06-12,1500.00
VISTRA CORPORATE SERVICES COMPANY (FKA VISTRA CORP.),Vistra Employee Political Action Committee of Vistra Corp,Rep Nikki Budzinski,2025-02-25,2500.00
VISTRA CORPORATE SERVICES COMPANY (FKA VISTRA CORP.),Vistra Employee Political Action Committee of Vistra Corp,Rep Mariannette MillerMeeks,2025-05-20,1000.00
VISTRA CORPORATE SERVICES COMPANY (FKA VISTRA CORP.),Vistra Employee Political Action Committee of Vistra Corp,Rep Ken Calvert,2025-04-03,1000.00
VISTRA CORPORATE SERVICES COMPANY (FKA VISTRA CORP.),Vistra Employee Political Action Committee of Vistra Corp,Rep Rudy Yakym III,2025-02-13,1000.00
VISTRA CORPORATE SERVICES COMPANY (FKA VISTRA CORP.),Vistra Employee Political Action Committee of Vistra Corp,Rep Marc Veasey,2025-04-03,1000.00
VISTRA CORPORATE SERVICES COMPANY (FKA VISTRA CORP.),Vistra Employee Political Action Committee of Vistra Corp,Rep Darin LaHood,2025-02-13,2500.00
VISTRA CORPORATE SERVICES COMPANY (FKA VISTRA CORP.),Vistra Employee Political Action Committee of Vistra Corp,Rep Pete Sessions,2025-06-12,1000.00
VISTRA CORPORATE SERVICES COMPANY (FKA VISTRA CORP.),Vistra Employee Political Action Committee of Vistra Corp,Rep Jimmy Panetta,2025-02-25,2500.00
VISTRA CORPORATE SERVICES COMPANY (FKA VISTRA CORP.),Vistra Employee Political Action Committee of Vistra Corp,Rep Julie Johnson,2025-02-03,2000.00
VISTRA CORPORATE SERVICES COMPANY (FKA VISTRA CORP.),Vistra Employee Political Action Committee of Vistra Corp,Rep Guy Reschenthaler,2025-04-03,1500.00
VISTRA CORPORATE SERVICES COMPANY (FKA VISTRA CORP.),Vistra Employee Political Action Committee of Vistra Corp,Rep Michael Bost,2025-06-12,2500.00
VISTRA CORPORATE SERVICES COMPANY (FKA VISTRA CORP.),Vistra Employee Political Action Committee of Vistra Corp,Rep Nikki Budzinski,2025-02-13,1000.00
VISTRA CORPORATE SERVICES COMPANY (FKA VISTRA CORP.),Vistra Employee Political Action Committee of Vistra Corp,Rep Nathaniel Moran,2025-05-20,500.00
VISTRA CORPORATE SERVICES COMPANY (FKA VISTRA CORP.),Vistra Employee Political Action Committee of Vistra Corp,Rep Carol Miller,2025-05-20,1000.00
VISTRA CORPORATE SERVICES COMPANY (FKA VISTRA CORP.),Vistra Employee Political Action Committee of Vistra Corp,Rep Chrissy Houlahan,2025-06-12,1000.00
VISTRA CORPORATE SERVICES COMPANY (FKA VISTRA CORP.),Vistra Employee Political Action Committee of Vistra Corp,Rep Bob Latta,2025-06-12,1500.00
VISTRA CORPORATE SERVICES COMPANY (FKA VISTRA CORP.),Vistra Employee Political Action Committee of Vistra Corp,Rep Troy Balderson,2025-06-12,2000.00
VISTRA CORPORATE SERVICES COMPANY (FKA VISTRA CORP.),Vistra Employee Political Action Committee of Vistra Corp,Sen Jon A Husted,2025-03-13,1000.00
VISTRA CORPORATE SERVICES COMPANY (FKA VISTRA CORP.),Vistra Employee Political Action Committee of Vistra Corp,Rep Michael Rulli,2025-05-20,1000.00
VISTRA CORPORATE SERVICES COMPANY (FKA VISTRA CORP.),Vistra Employee Political Action Committee of Vistra Corp,Rep Dave Joyce,2025-05-05,1000.00
VISTRA CORPORATE SERVICES COMPANY (FKA VISTRA CORP.),Vistra Employee Political Action Committee of Vistra Corp,Rep Nathaniel Moran,2025-04-21,1000.00
VISTRA CORPORATE SERVICES COMPANY (FKA VISTRA CORP.),Vistra Employee Political Action Committee of Vistra Corp,Rep Jodey Arrington,2025-04-21,1000.00
VISTRA CORPORATE SERVICES COMPANY (FKA VISTRA CORP.),Vistra Employee Political Action Committee of Vistra Corp,Rep Vicente Gonzalez,2025-04-03,1000.00
VISTRA CORPORATE SERVICES COMPANY (FKA VISTRA CORP.),Vistra Employee Political Action Committee of Vistra Corp,Rep Tom Cole,2025-05-20,2500.00
VISTRA CORPORATE SERVICES COMPANY (FKA VISTRA CORP.),Vistra Employee Political Action Committee of Vistra Corp,Rep Lloyd K Smucker,2025-04-03,1500.00
VISTRA CORPORATE SERVICES COMPANY (FKA VISTRA CORP.),Vistra Employee Political Action Committee of Vistra Corp,Sen Chris Coons,2025-06-12,1500.00
VISTRA CORPORATE SERVICES COMPANY (FKA VISTRA CORP.),Vistra Employee Political Action Committee of Vistra Corp,Rep Tony Gonzales II,2025-05-20,1000.00
VISTRA CORPORATE SERVICES COMPANY (FKA VISTRA CORP.),Vistra Employee Political Action Committee of Vistra Corp,Sen William M Cassidy,2025-06-12,2000.00
VISTRA CORPORATE SERVICES COMPANY (FKA VISTRA CORP.),Vistra Employee Political Action Committee of Vistra Corp,Rep Jimmy Panetta,2025-02-13,1000.00
VISTRA CORPORATE SERVICES COMPANY (FKA VISTRA CORP.),Vistra Employee Political Action Committee of Vistra Corp,Rep Randall Feenstra,2025-02-13,2500.00
VISTRA CORPORATE SERVICES COMPANY (FKA VISTRA CORP.),Vistra Employee Political Action Committee of Vistra Corp,Rep Jay Obernolte,2025-04-03,1000.00
VISTRA CORPORATE SERVICES COMPANY (FKA VISTRA CORP.),Vistra Employee Political Action Committee of Vistra Corp,Rep Paul D Tonko,2025-04-03,1000.00
VISTRA CORPORATE SERVICES COMPANY (FKA VISTRA CORP.),Vistra Employee Political Action Committee of Vistra Corp,Rep Ken Calvert,2025-05-21,2500.00
VISTRA CORPORATE SERVICES COMPANY (FKA VISTRA CORP.),Vistra Employee Political Action Committee of Vistra Corp,Rep David Valadao,2025-04-03,1000.00
VISTRA CORPORATE SERVICES COMPANY (FKA VISTRA CORP.),Vistra Employee Political Action Committee of Vistra Corp,Rep Kevin Hern,2025-06-12,2500.00
VISTRA CORPORATE SERVICES COMPANY (FKA VISTRA CORP.),Vistra Employee Political Action Committee of Vistra Corp,Sen Jon A Husted,2025-06-12,2500.00
VISTRA CORPORATE SERVICES COMPANY (FKA VISTRA CORP.),Vistra Employee Political Action Committee of Vistra Corp,Rep Jodey Arrington,2025-05-20,2000.00
VISTRA CORPORATE SERVICES COMPANY (FKA VISTRA CORP.),Vistra Employee Political Action Committee of Vistra Corp,Rep Roger Williams,2025-02-13,1000.00
VISTRA CORPORATE SERVICES COMPANY (FKA VISTRA CORP.),Vistra Employee Political Action Committee of Vistra Corp,Rep Troy Balderson,2025-02-13,1000.00
VISTRA CORPORATE SERVICES COMPANY (FKA VISTRA CORP.),Vistra Employee Political Action Committee of Vistra Corp,Rep Julia Letlow,2025-03-20,1500.00
VISTRA CORPORATE SERVICES COMPANY (FKA VISTRA CORP.),Vistra Employee Political Action Committee of Vistra Corp,Rep Nathaniel Moran,2025-05-20,1500.00
VISTRA CORPORATE SERVICES COMPANY (FKA VISTRA CORP.),Vistra Employee Political Action Committee of Vistra Corp,Rep Katherine Clark,2025-03-20,1500.00
VISTRA CORPORATE SERVICES COMPANY (FKA VISTRA CORP.),Vistra Employee Political Action Committee of Vistra Corp,Rep Nathaniel Moran,2025-03-20,2500.00
VISTRA CORPORATE SERVICES COMPANY (FKA VISTRA CORP.),Vistra Employee Political Action Committee of Vistra Corp,Rep John Joyce,2025-02-25,2500.00
VISTRA CORPORATE SERVICES COMPANY (FKA VISTRA CORP.),Vistra Employee Political Action Committee of Vistra Corp,Rep Michael Rulli,2025-03-20,1000.00
VISTRA CORPORATE SERVICES COMPANY (FKA VISTRA CORP.),Vistra Employee Political Action Committee of Vistra Corp,Rep Bob Latta,2025-03-20,1000.00
VISTRA CORPORATE SERVICES COMPANY (FKA VISTRA CORP.),Vistra Employee Political Action Committee of Vistra Corp,Rep Marc Veasey,2025-04-03,1000.00
VISTRA CORPORATE SERVICES COMPANY (FKA VISTRA CORP.),Vistra Employee Political Action Committee of Vistra Corp,Sen Shelley Moore Capito,2025-05-21,3000.00
VISTRA CORPORATE SERVICES COMPANY (FKA VISTRA CORP.),Vistra Employee Political Action Committee of Vistra Corp,Rep Lloyd K Smucker,2025-04-03,1000.00
VISTRA CORPORATE SERVICES COMPANY (FKA VISTRA CORP.),Vistra Employee Political Action Committee of Vistra Corp,Rep Greg Landsman,2025-04-03,1000.00
VISTRA CORPORATE SERVICES COMPANY (FKA VISTRA CORP.),Vistra Employee Political Action Committee of Vistra Corp,Rep Salud Carbajal,2025-04-03,2500.00
VISTRA CORPORATE SERVICES COMPANY (FKA VISTRA CORP.),Vistra Employee Political Action Committee of Vistra Corp,John Kevin Ellzey SR,2025-02-13,2000.00
VISTRA CORPORATE SERVICES COMPANY (FKA VISTRA CORP.),Vistra Employee Political Action Committee of Vistra Corp,Rep Brian Fitzpatrick,2025-02-13,1000.00
VISTRA CORPORATE SERVICES COMPANY (FKA VISTRA CORP.),Vistra Employee Political Action Committee of Vistra Corp,August Lee Pfluger II,2025-02-13,5000.00
VISTRA CORPORATE SERVICES COMPANY (FKA VISTRA CORP.),Vistra Employee Political Action Committee of Vistra Corp,Rep Craig Goldman,2025-05-20,1000.00
VISTRA CORPORATE SERVICES COMPANY (FKA VISTRA CORP.),Vistra Employee Political Action Committee of Vistra Corp,Sen Martin Heinrich,2025-06-12,1500.00
VISTRA CORPORATE SERVICES COMPANY (FKA VISTRA CORP.),Vistra Employee Political Action Committee of Vistra Corp,Rep Craig Goldman,2025-04-21,1500.00
VISTRA CORPORATE SERVICES COMPANY (FKA VISTRA CORP.),Vistra Employee Political Action Committee of Vistra Corp,Rep Jodey Arrington,2025-02-03,2000.00
VISTRA CORPORATE SERVICES COMPANY (FKA VISTRA CORP.),Vistra Employee Political Action Committee of Vistra Corp,Rep Brett Guthrie,2025-03-20,1500.00
VISTRA CORPORATE SERVICES COMPANY (FKA VISTRA CORP.),Vistra Employee Political Action Committee of Vistra Corp,Rep Dave Joyce,2025-02-03,1000.00
VISTRA CORPORATE SERVICES COMPANY (FKA VISTRA CORP.),Vistra Employee Political Action Committee of Vistra Corp,Rep Michael Bost,2025-04-21,1000.00
VISTRA CORPORATE SERVICES COMPANY (FKA VISTRA CORP.),Vistra Employee Political Action Committee of Vistra Corp,Rep Randy Weber,2025-06-12,1500.00
VISTRA CORPORATE SERVICES COMPANY (FKA VISTRA CORP.),Vistra Employee Political Action Committee of Vistra Corp,Rep Nikki Budzinski,2025-02-25,2500.00
VISTRA CORPORATE SERVICES COMPANY (FKA VISTRA CORP.),Vistra Employee Political Action Committee of Vistra Corp,Rep Mariannette MillerMeeks,2025-05-20,1000.00
VISTRA CORPORATE SERVICES COMPANY (FKA VISTRA CORP.),Vistra Employee Political Action Committee of Vistra Corp,Rep Ken Calvert,2025-04-03,1000.00
VISTRA CORPORATE SERVICES COMPANY (FKA VISTRA CORP.),Vistra Employee Political Action Committee of Vistra Corp,Rep Rudy Yakym III,2025-02-13,1000.00
VISTRA CORPORATE SERVICES COMPANY (FKA VISTRA CORP.),Vistra Employee Political Action Committee of Vistra Corp,Rep Marc Veasey,2025-04-03,1000.00
VISTRA CORPORATE SERVICES COMPANY (FKA VISTRA CORP.),Vistra Employee Political Action Committee of Vistra Corp,Rep Darin LaHood,2025-02-13,2500.00
VISTRA CORPORATE SERVICES COMPANY (FKA VISTRA CORP.),Vistra Employee Political Action Committee of Vistra Corp,Rep Pete Sessions,2025-06-12,1000.00
VISTRA CORPORATE SERVICES COMPANY (FKA VISTRA CORP.),Vistra Employee Political Action Committee of Vistra Corp,Rep Jimmy Panetta,2025-02-25,2500.00
VISTRA CORPORATE SERVICES COMPANY (FKA VISTRA CORP.),Vistra Employee Political Action Committee of Vistra Corp,Rep Julie Johnson,2025-02-03,2000.00
VISTRA CORPORATE SERVICES COMPANY (FKA VISTRA CORP.),Vistra Employee Political Action Committee of Vistra Corp,Rep Guy Reschenthaler,2025-04-03,1500.00
VISTRA CORPORATE SERVICES COMPANY (FKA VISTRA CORP.),Vistra Employee Political Action Committee of Vistra Corp,Rep Michael Bost,2025-06-12,2500.00
VISTRA CORPORATE SERVICES COMPANY (FKA VISTRA CORP.),Vistra Employee Political Action Committee of Vistra Corp,Rep Nikki Budzinski,2025-02-13,1000.00
VISTRA CORPORATE SERVICES COMPANY (FKA VISTRA CORP.),Vistra Employee Political Action Committee of Vistra Corp,Rep Nathaniel Moran,2025-05-20,500.00
VISTRA CORPORATE SERVICES COMPANY (FKA VISTRA CORP.),Vistra Employee Political Action Committee of Vistra Corp,Rep Carol Miller,2025-05-20,1000.00
VISTRA CORPORATE SERVICES COMPANY (FKA VISTRA CORP.),Vistra Employee Political Action Committee of Vistra Corp,Rep Chrissy Houlahan,2025-06-12,1000.00
VISTRA CORPORATE SERVICES COMPANY (FKA VISTRA CORP.),Vistra Employee Political Action Committee of Vistra Corp,Rep Bob Latta,2025-06-12,1500.00
VISTRA CORPORATE SERVICES COMPANY (FKA VISTRA CORP.),Vistra Employee Political Action Committee of Vistra Corp,Rep Troy Balderson,2025-06-12,2000.00
VISTRA CORPORATE SERVICES COMPANY (FKA VISTRA CORP.),Vistra Employee Political Action Committee of Vistra Corp,Sen Jon A Husted,2025-03-13,1000.00
VISTRA CORPORATE SERVICES COMPANY (FKA VISTRA CORP.),Vistra Employee Political Action Committee of Vistra Corp,Rep Michael Rulli,2025-05-20,1000.00
VISTRA CORPORATE SERVICES COMPANY (FKA VISTRA CORP.),Vistra Employee Political Action Committee of Vistra Corp,Rep Dave Joyce,2025-05-05,1000.00
VISTRA CORPORATE SERVICES COMPANY (FKA VISTRA CORP.),Vistra Employee Political Action Committee of Vistra Corp,Rep Nathaniel Moran,2025-04-21,1000.00
VISTRA CORPORATE SERVICES COMPANY (FKA VISTRA CORP.),Vistra Employee Political Action Committee of Vistra Corp,Rep Jodey Arrington,2025-04-21,1000.00
VISTRA CORPORATE SERVICES COMPANY (FKA VISTRA CORP.),Vistra Employee Political Action Committee of Vistra Corp,Rep Vicente Gonzalez,2025-04-03,1000.00
VISTRA CORPORATE SERVICES COMPANY (FKA VISTRA CORP.),Vistra Employee Political Action Committee of Vistra Corp,Rep Tom Cole,2025-05-20,2500.00
VISTRA CORPORATE SERVICES COMPANY (FKA VISTRA CORP.),Vistra Employee Political Action Committee of Vistra Corp,Rep Lloyd K Smucker,2025-04-03,1500.00
VISTRA CORPORATE SERVICES COMPANY (FKA VISTRA CORP.),Vistra Employee Political Action Committee of Vistra Corp,Sen Chris Coons,2025-06-12,1500.00
VISTRA CORPORATE SERVICES COMPANY (FKA VISTRA CORP.),Vistra Employee Political Action Committee of Vistra Corp,Rep Tony Gonzales II,2025-05-20,1000.00
VISTRA CORPORATE SERVICES COMPANY (FKA VISTRA CORP.),Vistra Employee Political Action Committee of Vistra Corp,Sen William M Cassidy,2025-06-12,2000.00
VISTRA CORPORATE SERVICES COMPANY (FKA VISTRA CORP.),Vistra Employee Political Action Committee of Vistra Corp,Rep Jimmy Panetta,2025-02-13,1000.00
VISTRA CORPORATE SERVICES COMPANY (FKA VISTRA CORP.),Vistra Employee Political Action Committee of Vistra Corp,Rep Randall Feenstra,2025-02-13,2500.00
VISTRA CORPORATE SERVICES COMPANY (FKA VISTRA CORP.),Vistra Employee Political Action Committee of Vistra Corp,Rep Jay Obernolte,2025-04-03,1000.00
VISTRA CORPORATE SERVICES COMPANY (FKA VISTRA CORP.),Vistra Employee Political Action Committee of Vistra Corp,Rep Paul D Tonko,2025-04-03,1000.00
VISTRA CORPORATE SERVICES COMPANY (FKA VISTRA CORP.),Vistra Employee Political Action Committee of Vistra Corp,Rep Ken Calvert,2025-05-21,2500.00
VISTRA CORPORATE SERVICES COMPANY (FKA VISTRA CORP.),Vistra Employee Political Action Committee of Vistra Corp,Rep David Valadao,2025-04-03,1000.00
VISTRA CORPORATE SERVICES COMPANY (FKA VISTRA CORP.),Vistra Employee Political Action Committee of Vistra Corp,Rep Kevin Hern,2025-06-12,2500.00
VISTRA CORPORATE SERVICES COMPANY (FKA VISTRA CORP.),Vistra Employee Political Action Committee of Vistra Corp,Sen Jon A Husted,2025-06-12,2500.00
VISTRA CORPORATE SERVICES COMPANY (FKA VISTRA CORP.),Vistra Employee Political Action Committee of Vistra Corp,Rep Jodey Arrington,2025-05-20,2000.00
VISTRA CORPORATE SERVICES COMPANY (FKA VISTRA CORP.),Vistra Employee Political Action Committee of Vistra Corp,Rep Roger Williams,2025-02-13,1000.00
VISTRA CORPORATE SERVICES COMPANY (FKA VISTRA CORP.),Vistra Employee Political Action Committee of Vistra Corp,Rep Troy Balderson,2025-02-13,1000.00
VISTRA CORPORATE SERVICES COMPANY (FKA VISTRA CORP.),Vistra Employee Political Action Committee of Vistra Corp,Rep Julia Letlow,2025-03-20,1500.00
VISTRA CORPORATE SERVICES COMPANY (FKA VISTRA CORP.),Vistra Employee Political Action Committee of Vistra Corp,Rep Nathaniel Moran,2025-05-20,1500.00
VISTRA CORPORATE SERVICES COMPANY (FKA VISTRA CORP.),Vistra Employee Political Action Committee of Vistra Corp,Rep Katherine Clark,2025-03-20,1500.00
VISTRA CORPORATE SERVICES COMPANY (FKA VISTRA CORP.),Vistra Employee Political Action Committee of Vistra Corp,Rep Nathaniel Moran,2025-03-20,2500.00
VISTRA CORPORATE SERVICES COMPANY (FKA VISTRA CORP.),Vistra Employee Political Action Committee of Vistra Corp,Rep John Joyce,2025-02-25,2500.00
VISTRA CORPORATE SERVICES COMPANY (FKA VISTRA CORP.),Vistra Employee Political Action Committee of Vistra Corp,Rep Michael Rulli,2025-03-20,1000.00
VISTRA CORPORATE SERVICES COMPANY (FKA VISTRA CORP.),Vistra Employee Political Action Committee of Vistra Corp,Rep Bob Latta,2025-03-20,1000.00
VISTRA CORPORATE SERVICES COMPANY (FKA VISTRA CORP.),Vistra Employee Political Action Committee of Vistra Corp,Rep Marc Veasey,2025-04-03,1000.00
VISTRA CORPORATE SERVICES COMPANY (FKA VISTRA CORP.),Vistra Employee Political Action Committee of Vistra Corp,Sen Shelley Moore Capito,2025-05-21,3000.00
VISTRA CORPORATE SERVICES COMPANY (FKA VISTRA CORP.),Vistra Employee Political Action Committee of Vistra Corp,Rep Lloyd K Smucker,2025-04-03,1000.00
VISTRA CORPORATE SERVICES COMPANY (FKA VISTRA CORP.),Vistra Employee Political Action Committee of Vistra Corp,Rep Greg Landsman,2025-04-03,1000.00
VISTRA CORPORATE SERVICES COMPANY (FKA VISTRA CORP.),Vistra Employee Political Action Committee of Vistra Corp,Rep Salud Carbajal,2025-04-03,2500.00
VISTRA CORPORATE SERVICES COMPANY (FKA VISTRA CORP.),Vistra Employee Political Action Committee of Vistra Corp,John Kevin Ellzey SR,2025-02-13,2000.00
VISTRA CORPORATE SERVICES COMPANY (FKA VISTRA CORP.),Vistra Employee Political Action Committee of Vistra Corp,Rep Brian Fitzpatrick,2025-02-13,1000.00
VISTRA CORPORATE SERVICES COMPANY (FKA VISTRA CORP.),Vistra Employee Political Action Committee of Vistra Corp,August Lee Pfluger II,2025-02-13,5000.00
VISTRA CORPORATE SERVICES COMPANY (FKA VISTRA CORP.),Vistra Employee Political Action Committee of Vistra Corp,Rep Craig Goldman,2025-05-20,1000.00
VISTRA CORPORATE SERVICES COMPANY (FKA VISTRA CORP.),Vistra Employee Political Action Committee of Vistra Corp,Sen Martin Heinrich,2025-06-12,1500.00
VISTRA CORPORATE SERVICES COMPANY (FKA VISTRA CORP.),Vistra Employee Political Action Committee of Vistra Corp,Rep Craig Goldman,2025-04-21,1500.00
VISTRA CORPORATE SERVICES COMPANY (FKA VISTRA CORP.),Vistra Employee Political Action Committee of Vistra Corp,Rep Jodey Arrington,2025-02-03,2000.00
VISTRA CORPORATE SERVICES COMPANY (FKA VISTRA CORP.),Vistra Employee Political Action Committee of Vistra Corp,Rep Brett Guthrie,2025-03-20,1500.00
VISTRA CORPORATE SERVICES COMPANY (FKA VISTRA CORP.),Vistra Employee Political Action Committee of Vistra Corp,Rep Dave Joyce,2025-02-03,1000.00
VISTRA CORPORATE SERVICES COMPANY (FKA VISTRA CORP.),Vistra Employee Political Action Committee of Vistra Corp,Rep Michael Bost,2025-04-21,1000.00
VISTRA CORPORATE SERVICES COMPANY (FKA VISTRA CORP.),Vistra Employee Political Action Committee of Vistra Corp,Rep Randy Weber,2025-06-12,1500.00
VISTRA CORPORATE SERVICES COMPANY (FKA VISTRA CORP.),Vistra Employee Political Action Committee of Vistra Corp,Rep Nikki Budzinski,2025-02-25,2500.00
VISTRA CORPORATE SERVICES COMPANY (FKA VISTRA CORP.),Vistra Employee Political Action Committee of Vistra Corp,Rep Mariannette MillerMeeks,2025-05-20,1000.00
VISTRA CORPORATE SERVICES COMPANY (FKA VISTRA CORP.),Vistra Employee Political Action Committee of Vistra Corp,Rep Ken Calvert,2025-04-03,1000.00
VISTRA CORPORATE SERVICES COMPANY (FKA VISTRA CORP.),Vistra Employee Political Action Committee of Vistra Corp,Rep Rudy Yakym III,2025-02-13,1000.00
VISTRA CORPORATE SERVICES COMPANY (FKA VISTRA CORP.),Vistra Employee Political Action Committee of Vistra Corp,Rep Marc Veasey,2025-04-03,1000.00
VISTRA CORPORATE SERVICES COMPANY (FKA VISTRA CORP.),Vistra Employee Political Action Committee of Vistra Corp,Rep Darin LaHood,2025-02-13,2500.00
VISTRA CORPORATE SERVICES COMPANY (FKA VISTRA CORP.),Vistra Employee Political Action Committee of Vistra Corp,Rep Pete Sessions,2025-06-12,1000.00
VISTRA CORPORATE SERVICES COMPANY (FKA VISTRA CORP.),Vistra Employee Political Action Committee of Vistra Corp,Rep Jimmy Panetta,2025-02-25,2500.00
VISTRA CORPORATE SERVICES COMPANY (FKA VISTRA CORP.),Vistra Employee Political Action Committee of Vistra Corp,Rep Julie Johnson,2025-02-03,2000.00
VISTRA CORPORATE SERVICES COMPANY (FKA VISTRA CORP.),Vistra Employee Political Action Committee of Vistra Corp,Rep Guy Reschenthaler,2025-04-03,1500.00
VISTRA CORPORATE SERVICES COMPANY (FKA VISTRA CORP.),Vistra Employee Political Action Committee of Vistra Corp,Rep Michael Bost,2025-06-12,2500.00
VISTRA CORPORATE SERVICES COMPANY (FKA VISTRA CORP.),Vistra Employee Political Action Committee of Vistra Corp,Rep Nikki Budzinski,2025-02-13,1000.00
VISTRA CORPORATE SERVICES COMPANY (FKA VISTRA CORP.),Vistra Employee Political Action Committee of Vistra Corp,Rep Nathaniel Moran,2025-05-20,500.00
VISTRA CORPORATE SERVICES COMPANY (FKA VISTRA CORP.),Vistra Employee Political Action Committee of Vistra Corp,Rep Carol Miller,2025-05-20,1000.00
VISTRA CORPORATE SERVICES COMPANY (FKA VISTRA CORP.),Vistra Employee Political Action Committee of Vistra Corp,Rep Chrissy Houlahan,2025-06-12,1000.00
VISTRA CORPORATE SERVICES COMPANY (FKA VISTRA CORP.),Vistra Employee Political Action Committee of Vistra Corp,Rep Bob Latta,2025-06-12,1500.00
VISTRA CORPORATE SERVICES COMPANY (FKA VISTRA CORP.),Vistra Employee Political Action Committee of Vistra Corp,Rep Troy Balderson,2025-06-12,2000.00
VISTRA CORPORATE SERVICES COMPANY (FKA VISTRA CORP.),Vistra Employee Political Action Committee of Vistra Corp,Sen Jon A Husted,2025-03-13,1000.00
VISTRA CORPORATE SERVICES COMPANY (FKA VISTRA CORP.),Vistra Employee Political Action Committee of Vistra Corp,Rep Michael Rulli,2025-05-20,1000.00
VISTRA CORPORATE SERVICES COMPANY (FKA VISTRA CORP.),Vistra Employee Political Action Committee of Vistra Corp,Rep Dave Joyce,2025-05-05,1000.00
VISTRA CORPORATE SERVICES COMPANY (FKA VISTRA CORP.),Vistra Employee Political Action Committee of Vistra Corp,Rep Nathaniel Moran,2025-04-21,1000.00
VISTRA CORPORATE SERVICES COMPANY (FKA VISTRA CORP.),Vistra Employee Political Action Committee of Vistra Corp,Rep Jodey Arrington,2025-04-21,1000.00
VISTRA CORPORATE SERVICES COMPANY (FKA VISTRA CORP.),Vistra Employee Political Action Committee of Vistra Corp,Rep Vicente Gonzalez,2025-04-03,1000.00
VISTRA CORPORATE SERVICES COMPANY (FKA VISTRA CORP.),Vistra Employee Political Action Committee of Vistra Corp,Rep Tom Cole,2025-05-20,2500.00
VISTRA CORPORATE SERVICES COMPANY (FKA VISTRA CORP.),Vistra Employee Political Action Committee of Vistra Corp,Rep Lloyd K Smucker,2025-04-03,1500.00
VISTRA CORPORATE SERVICES COMPANY (FKA VISTRA CORP.),Vistra Employee Political Action Committee of Vistra Corp,Sen Chris Coons,2025-06-12,1500.00
VISTRA CORPORATE SERVICES COMPANY (FKA VISTRA CORP.),Vistra Employee Political Action Committee of Vistra Corp,Rep Tony Gonzales II,2025-05-20,1000.00
VISTRA CORPORATE SERVICES COMPANY (FKA VISTRA CORP.),Vistra Employee Political Action Committee of Vistra Corp,Sen William M Cassidy,2025-06-12,2000.00
VISTRA CORPORATE SERVICES COMPANY (FKA VISTRA CORP.),Vistra Employee Political Action Committee of Vistra Corp,Rep Jimmy Panetta,2025-02-13,1000.00
VISTRA CORPORATE SERVICES COMPANY (FKA VISTRA CORP.),Vistra Employee Political Action Committee of Vistra Corp,Rep Randall Feenstra,2025-02-13,2500.00
VISTRA CORPORATE SERVICES COMPANY (FKA VISTRA CORP.),Vistra Employee Political Action Committee of Vistra Corp,Rep Jay Obernolte,2025-04-03,1000.00
VISTRA CORPORATE SERVICES COMPANY (FKA VISTRA CORP.),Vistra Employee Political Action Committee of Vistra Corp,Rep Paul D Tonko,2025-04-03,1000.00
VISTRA CORPORATE SERVICES COMPANY (FKA VISTRA CORP.),Vistra Employee Political Action Committee of Vistra Corp,Rep Ken Calvert,2025-05-21,2500.00
VISTRA CORPORATE SERVICES COMPANY (FKA VISTRA CORP.),Vistra Employee Political Action Committee of Vistra Corp,Rep David Valadao,2025-04-03,1000.00
VISTRA CORPORATE SERVICES COMPANY (FKA VISTRA CORP.),Vistra Employee Political Action Committee of Vistra Corp,Rep Kevin Hern,2025-06-12,2500.00
VISTRA CORPORATE SERVICES COMPANY (FKA VISTRA CORP.),Vistra Employee Political Action Committee of Vistra Corp,Sen Jon A Husted,2025-06-12,2500.00
VISTRA CORPORATE SERVICES COMPANY (FKA VISTRA CORP.),Vistra Employee Political Action Committee of Vistra Corp,Rep Jodey Arrington,2025-05-20,2000.00
VISTRA CORPORATE SERVICES COMPANY (FKA VISTRA CORP.),Vistra Employee Political Action Committee of Vistra Corp,Rep Roger Williams,2025-02-13,1000.00
VISTRA CORPORATE SERVICES COMPANY (FKA VISTRA CORP.),Vistra Employee Political Action Committee of Vistra Corp,Rep Troy Balderson,2025-02-13,1000.00
VISTRA CORPORATE SERVICES COMPANY (FKA VISTRA CORP.),Vistra Employee Political Action Committee of Vistra Corp,Rep Julia Letlow,2025-03-20,1500.00
VISTRA CORPORATE SERVICES COMPANY (FKA VISTRA CORP.),Vistra Employee Political Action Committee of Vistra Corp,Rep Nathaniel Moran,2025-05-20,1500.00
VISTRA CORPORATE SERVICES COMPANY (FKA VISTRA CORP.),Vistra Employee Political Action Committee of Vistra Corp,Rep Katherine Clark,2025-03-20,1500.00
VISTRA CORPORATE SERVICES COMPANY (FKA VISTRA CORP.),Vistra Employee Political Action Committee of Vistra Corp,Rep Nathaniel Moran,2025-03-20,2500.00
VISTRA CORPORATE SERVICES COMPANY (FKA VISTRA CORP.),Vistra Employee Political Action Committee of Vistra Corp,Rep John Joyce,2025-02-25,2500.00
VISTRA CORPORATE SERVICES COMPANY (FKA VISTRA CORP.),Vistra Employee Political Action Committee of Vistra Corp,Rep Michael Rulli,2025-03-20,1000.00
VISTRA CORPORATE SERVICES COMPANY (FKA VISTRA CORP.),Vistra Employee Political Action Committee of Vistra Corp,Rep Bob Latta,2025-03-20,1000.00
VISTRA CORPORATE SERVICES COMPANY (FKA VISTRA CORP.),Vistra Employee Political Action Committee of Vistra Corp,Rep Marc Veasey,2025-04-03,1000.00
VISTRA CORPORATE SERVICES COMPANY (FKA VISTRA CORP.),Vistra Employee Political Action Committee of Vistra Corp,Sen Shelley Moore Capito,2025-05-21,3000.00
VISTRA CORPORATE SERVICES COMPANY (FKA VISTRA CORP.),Vistra Employee Political Action Committee of Vistra Corp,Rep Lloyd K Smucker,2025-04-03,1000.00
VISTRA CORPORATE SERVICES COMPANY (FKA VISTRA CORP.),Vistra Employee Political Action Committee of Vistra Corp,Rep Greg Landsman,2025-04-03,1000.00
VISTRA CORPORATE SERVICES COMPANY (FKA VISTRA CORP.),Vistra Employee Political Action Committee of Vistra Corp,Rep Salud Carbajal,2025-04-03,2500.00
VISTRA CORPORATE SERVICES COMPANY (FKA VISTRA CORP.),Vistra Employee Political Action Committee of Vistra Corp,John Kevin Ellzey SR,2025-02-13,2000.00
VISTRA CORPORATE SERVICES COMPANY (FKA VISTRA CORP.),Vistra Employee Political Action Committee of Vistra Corp,Rep Brian Fitzpatrick,2025-02-13,1000.00
VISTRA CORPORATE SERVICES COMPANY (FKA VISTRA CORP.),Vistra Employee Political Action Committee of Vistra Corp,August Lee Pfluger II,2025-02-13,5000.00
VISTRA CORPORATE SERVICES COMPANY (FKA VISTRA CORP.),Vistra Employee Political Action Committee of Vistra Corp,Rep Craig Goldman,2025-05-20,1000.00
VISTRA CORPORATE SERVICES COMPANY (FKA VISTRA CORP.),Vistra Employee Political Action Committee of Vistra Corp,Sen Martin Heinrich,2025-06-12,1500.00
VISTRA CORPORATE SERVICES COMPANY (FKA VISTRA CORP.),Vistra Employee Political Action Committee of Vistra Corp,Rep Craig Goldman,2025-04-21,1500.00
VISTRA CORPORATE SERVICES COMPANY (FKA VISTRA CORP.),Vistra Employee Political Action Committee of Vistra Corp,Rep Jodey Arrington,2025-02-03,2000.00
VISTRA CORPORATE SERVICES COMPANY (FKA VISTRA CORP.),Vistra Employee Political Action Committee of Vistra Corp,Rep Brett Guthrie,2025-03-20,1500.00
VISTRA CORPORATE SERVICES COMPANY (FKA VISTRA CORP.),Vistra Employee Political Action Committee of Vistra Corp,Rep Dave Joyce,2025-02-03,1000.00
VISTRA CORPORATE SERVICES COMPANY (FKA VISTRA CORP.),Vistra Employee Political Action Committee of Vistra Corp,Rep Michael Bost,2025-04-21,1000.00
VISTRA CORPORATE SERVICES COMPANY (FKA VISTRA CORP.),Vistra Employee Political Action Committee of Vistra Corp,Rep Randy Weber,2025-06-12,1500.00
VISTRA CORPORATE SERVICES COMPANY (FKA VISTRA CORP.),Vistra Employee Political Action Committee of Vistra Corp,Rep Nikki Budzinski,2025-02-25,2500.00
VISTRA CORPORATE SERVICES COMPANY (FKA VISTRA CORP.),Vistra Employee Political Action Committee of Vistra Corp,Rep Mariannette MillerMeeks,2025-05-20,1000.00
VISTRA CORPORATE SERVICES COMPANY (FKA VISTRA CORP.),Vistra Employee Political Action Committee of Vistra Corp,Rep Ken Calvert,2025-04-03,1000.00
VISTRA CORPORATE SERVICES COMPANY (FKA VISTRA CORP.),Vistra Employee Political Action Committee of Vistra Corp,Rep Rudy Yakym III,2025-02-13,1000.00
VISTRA CORPORATE SERVICES COMPANY (FKA VISTRA CORP.),Vistra Employee Political Action Committee of Vistra Corp,Rep Marc Veasey,2025-04-03,1000.00
VISTRA CORPORATE SERVICES COMPANY (FKA VISTRA CORP.),Vistra Employee Political Action Committee of Vistra Corp,Rep Darin LaHood,2025-02-13,2500.00
VISTRA CORPORATE SERVICES COMPANY (FKA VISTRA CORP.),Vistra Employee Political Action Committee of Vistra Corp,Rep Pete Sessions,2025-06-12,1000.00
VISTRA CORPORATE SERVICES COMPANY (FKA VISTRA CORP.),Vistra Employee Political Action Committee of Vistra Corp,Rep Jimmy Panetta,2025-02-25,2500.00
VISTRA CORPORATE SERVICES COMPANY (FKA VISTRA CORP.),Vistra Employee Political Action Committee of Vistra Corp,Rep Julie Johnson,2025-02-03,2000.00
VISTRA CORPORATE SERVICES COMPANY (FKA VISTRA CORP.),Vistra Employee Political Action Committee of Vistra Corp,Rep Guy Reschenthaler,2025-04-03,1500.00
VISTRA CORPORATE SERVICES COMPANY (FKA VISTRA CORP.),Vistra Employee Political Action Committee of Vistra Corp,Rep Michael Bost,2025-06-12,2500.00
VISTRA CORPORATE SERVICES COMPANY (FKA VISTRA CORP.),Vistra Employee Political Action Committee of Vistra Corp,Rep Nikki Budzinski,2025-02-13,1000.00
VISTRA CORPORATE SERVICES COMPANY (FKA VISTRA CORP.),Vistra Employee Political Action Committee of Vistra Corp,Rep Nathaniel Moran,2025-05-20,500.00
VISTRA CORPORATE SERVICES COMPANY (FKA VISTRA CORP.),Vistra Employee Political Action Committee of Vistra Corp,Rep Carol Miller,2025-05-20,1000.00
VISTRA CORPORATE SERVICES COMPANY (FKA VISTRA CORP.),Vistra Employee Political Action Committee of Vistra Corp,Rep Chrissy Houlahan,2025-06-12,1000.00
VISTRA CORPORATE SERVICES COMPANY (FKA VISTRA CORP.),Vistra Employee Political Action Committee of Vistra Corp,Rep Bob Latta,2025-06-12,1500.00
VISTRA CORPORATE SERVICES COMPANY (FKA VISTRA CORP.),Vistra Employee Political Action Committee of Vistra Corp,Rep Troy Balderson,2025-06-12,2000.00
VISTRA CORPORATE SERVICES COMPANY (FKA VISTRA CORP.),Vistra Employee Political Action Committee of Vistra Corp,Sen Jon A Husted,2025-03-13,1000.00
VISTRA CORPORATE SERVICES COMPANY (FKA VISTRA CORP.),Vistra Employee Political Action Committee of Vistra Corp,Rep Michael Rulli,2025-05-20,1000.00
VISTRA CORPORATE SERVICES COMPANY (FKA VISTRA CORP.),Vistra Employee Political Action Committee of Vistra Corp,Rep Dave Joyce,2025-05-05,1000.00
VISTRA CORPORATE SERVICES COMPANY (FKA VISTRA CORP.),Vistra Employee Political Action Committee of Vistra Corp,Rep Nathaniel Moran,2025-04-21,1000.00
VISTRA CORPORATE SERVICES COMPANY (FKA VISTRA CORP.),Vistra Employee Political Action Committee of Vistra Corp,Rep Jodey Arrington,2025-04-21,1000.00
VISTRA CORPORATE SERVICES COMPANY (FKA VISTRA CORP.),Vistra Employee Political Action Committee of Vistra Corp,Rep Vicente Gonzalez,2025-04-03,1000.00
VISTRA CORPORATE SERVICES COMPANY (FKA VISTRA CORP.),Vistra Employee Political Action Committee of Vistra Corp,Rep Tom Cole,2025-05-20,2500.00
VISTRA CORPORATE SERVICES COMPANY (FKA VISTRA CORP.),Vistra Employee Political Action Committee of Vistra Corp,Rep Lloyd K Smucker,2025-04-03,1500.00
VISTRA CORPORATE SERVICES COMPANY (FKA VISTRA CORP.),Vistra Employee Political Action Committee of Vistra Corp,Sen Chris Coons,2025-06-12,1500.00
VISTRA CORPORATE SERVICES COMPANY (FKA VISTRA CORP.),Vistra Employee Political Action Committee of Vistra Corp,Rep Tony Gonzales II,2025-05-20,1000.00
VISTRA CORPORATE SERVICES COMPANY (FKA VISTRA CORP.),Vistra Employee Political Action Committee of Vistra Corp,Sen William M Cassidy,2025-06-12,2000.00
VISTRA CORPORATE SERVICES COMPANY (FKA VISTRA CORP.),Vistra Employee Political Action Committee of Vistra Corp,Rep Jimmy Panetta,2025-02-13,1000.00
VISTRA CORPORATE SERVICES COMPANY (FKA VISTRA CORP.),Vistra Employee Political Action Committee of Vistra Corp,Rep Randall Feenstra,2025-02-13,2500.00
VISTRA CORPORATE SERVICES COMPANY (FKA VISTRA CORP.),Vistra Employee Political Action Committee of Vistra Corp,Rep Jay Obernolte,2025-04-03,1000.00
VISTRA CORPORATE SERVICES COMPANY (FKA VISTRA CORP.),Vistra Employee Political Action Committee of Vistra Corp,Rep Paul D Tonko,2025-04-03,1000.00
VISTRA CORPORATE SERVICES COMPANY (FKA VISTRA CORP.),Vistra Employee Political Action Committee of Vistra Corp,Rep Ken Calvert,2025-05-21,2500.00
VISTRA CORPORATE SERVICES COMPANY (FKA VISTRA CORP.),Vistra Employee Political Action Committee of Vistra Corp,Rep David Valadao,2025-04-03,1000.00
VISTRA CORPORATE SERVICES COMPANY (FKA VISTRA CORP.),Vistra Employee Political Action Committee of Vistra Corp,Rep Kevin Hern,2025-06-12,2500.00
VISTRA CORPORATE SERVICES COMPANY (FKA VISTRA CORP.),Vistra Employee Political Action Committee of Vistra Corp,Sen Jon A Husted,2025-06-12,2500.00
VISTRA CORPORATE SERVICES COMPANY (FKA VISTRA CORP.),Vistra Employee Political Action Committee of Vistra Corp,Rep Jodey Arrington,2025-05-20,2000.00
VISTRA CORPORATE SERVICES COMPANY (FKA VISTRA CORP.),Vistra Employee Political Action Committee of Vistra Corp,Rep Roger Williams,2025-02-13,1000.00
VISTRA CORPORATE SERVICES COMPANY (FKA VISTRA CORP.),Vistra Employee Political Action Committee of Vistra Corp,Rep Troy Balderson,2025-02-13,1000.00
VISTRA CORPORATE SERVICES COMPANY (FKA VISTRA CORP.),Vistra Employee Political Action Committee of Vistra Corp,Rep Julia Letlow,2025-03-20,1500.00
VISTRA CORPORATE SERVICES COMPANY (FKA VISTRA CORP.),Vistra Employee Political Action Committee of Vistra Corp,Rep Nathaniel Moran,2025-05-20,1500.00
VISTRA CORPORATE SERVICES COMPANY (FKA VISTRA CORP.),Vistra Employee Political Action Committee of Vistra Corp,Rep Katherine Clark,2025-03-20,1500.00
VISTRA CORPORATE SERVICES COMPANY (FKA VISTRA CORP.),Vistra Employee Political Action Committee of Vistra Corp,Rep Nathaniel Moran,2025-03-20,2500.00
VISTRA CORPORATE SERVICES COMPANY (FKA VISTRA CORP.),Vistra Employee Political Action Committee of Vistra Corp,Rep John Joyce,2025-02-25,2500.00
VISTRA CORPORATE SERVICES COMPANY (FKA VISTRA CORP.),Vistra Employee Political Action Committee of Vistra Corp,Rep Michael Rulli,2025-03-20,1000.00
VISTRA CORPORATE SERVICES COMPANY (FKA VISTRA CORP.),Vistra Employee Political Action Committee of Vistra Corp,Rep Bob Latta,2025-03-20,1000.00
VISTRA CORPORATE SERVICES COMPANY (FKA VISTRA CORP.),Vistra Employee Political Action Committee of Vistra Corp,Rep Marc Veasey,2025-04-03,1000.00
VISTRA CORPORATE SERVICES COMPANY (FKA VISTRA CORP.),Vistra Employee Political Action Committee of Vistra Corp,Sen Shelley Moore Capito,2025-05-21,3000.00
VISTRA CORPORATE SERVICES COMPANY (FKA VISTRA CORP.),Vistra Employee Political Action Committee of Vistra Corp,Rep Lloyd K Smucker,2025-04-03,1000.00
VISTRA CORPORATE SERVICES COMPANY (FKA VISTRA CORP.),Vistra Employee Political Action Committee of Vistra Corp,Rep Greg Landsman,2025-04-03,1000.00
VISTRA CORPORATE SERVICES COMPANY (FKA VISTRA CORP.),Vistra Employee Political Action Committee of Vistra Corp,Rep Salud Carbajal,2025-04-03,2500.00
VISTRA CORPORATE SERVICES COMPANY (FKA VISTRA CORP.),Vistra Employee Political Action Committee of Vistra Corp,John Kevin Ellzey SR,2025-02-13,2000.00
VISTRA CORPORATE SERVICES COMPANY (FKA VISTRA CORP.),Vistra Employee Political Action Committee of Vistra Corp,Rep Brian Fitzpatrick,2025-02-13,1000.00
VISTRA CORPORATE SERVICES COMPANY (FKA VISTRA CORP.),Vistra Employee Political Action Committee of Vistra Corp,August Lee Pfluger II,2025-02-13,5000.00
VISTRA CORPORATE SERVICES COMPANY (FKA VISTRA CORP.),Vistra Employee Political Action Committee of Vistra Corp,Rep Craig Goldman,2025-05-20,1000.00
VISTRA CORPORATE SERVICES COMPANY (FKA VISTRA CORP.),Vistra Employee Political Action Committee of Vistra Corp,Sen Martin Heinrich,2025-06-12,1500.00
VISTRA CORPORATE SERVICES COMPANY (FKA VISTRA CORP.),Vistra Employee Political Action Committee of Vistra Corp,Rep Craig Goldman,2025-04-21,1500.00
VISTRA CORPORATE SERVICES COMPANY (FKA VISTRA CORP.),Vistra Employee Political Action Committee of Vistra Corp,Rep Jodey Arrington,2025-02-03,2000.00
VISTRA CORPORATE SERVICES COMPANY (FKA VISTRA CORP.),Vistra Employee Political Action Committee of Vistra Corp,Rep Brett Guthrie,2025-03-20,1500.00
VISTRA CORPORATE SERVICES COMPANY (FKA VISTRA CORP.),Vistra Employee Political Action Committee of Vistra Corp,Rep Dave Joyce,2025-02-03,1000.00
VISTRA CORPORATE SERVICES COMPANY (FKA VISTRA CORP.),Vistra Employee Political Action Committee of Vistra Corp,Rep Michael Bost,2025-04-21,1000.00
VISTRA CORPORATE SERVICES COMPANY (FKA VISTRA CORP.),Vistra Employee Political Action Committee of Vistra Corp,Rep Randy Weber,2025-06-12,1500.00
VISTRA CORPORATE SERVICES COMPANY (FKA VISTRA CORP.),Vistra Employee Political Action Committee of Vistra Corp,Rep Nikki Budzinski,2025-02-25,2500.00
VISTRA CORPORATE SERVICES COMPANY (FKA VISTRA CORP.),Vistra Employee Political Action Committee of Vistra Corp,Rep Mariannette MillerMeeks,2025-05-20,1000.00
VISTRA CORPORATE SERVICES COMPANY (FKA VISTRA CORP.),Vistra Employee Political Action Committee of Vistra Corp,Rep Ken Calvert,2025-04-03,1000.00
VISTRA CORPORATE SERVICES COMPANY (FKA VISTRA CORP.),Vistra Employee Political Action Committee of Vistra Corp,Rep Rudy Yakym III,2025-02-13,1000.00
VISTRA CORPORATE SERVICES COMPANY (FKA VISTRA CORP.),Vistra Employee Political Action Committee of Vistra Corp,Rep Marc Veasey,2025-04-03,1000.00
VISTRA CORPORATE SERVICES COMPANY (FKA VISTRA CORP.),Vistra Employee Political Action Committee of Vistra Corp,Rep Darin LaHood,2025-02-13,2500.00
VISTRA CORPORATE SERVICES COMPANY (FKA VISTRA CORP.),Vistra Employee Political Action Committee of Vistra Corp,Rep Pete Sessions,2025-06-12,1000.00
VISTRA CORPORATE SERVICES COMPANY (FKA VISTRA CORP.),Vistra Employee Political Action Committee of Vistra Corp,Rep Jimmy Panetta,2025-02-25,2500.00
VISTRA CORPORATE SERVICES COMPANY (FKA VISTRA CORP.),Vistra Employee Political Action Committee of Vistra Corp,Rep Julie Johnson,2025-02-03,2000.00
VISTRA CORPORATE SERVICES COMPANY (FKA VISTRA CORP.),Vistra Employee Political Action Committee of Vistra Corp,Rep Guy Reschenthaler,2025-04-03,1500.00
VISTRA CORPORATE SERVICES COMPANY (FKA VISTRA CORP.),Vistra Employee Political Action Committee of Vistra Corp,Rep Michael Bost,2025-06-12,2500.00
VISTRA CORPORATE SERVICES COMPANY (FKA VISTRA CORP.),Vistra Employee Political Action Committee of Vistra Corp,Rep Nikki Budzinski,2025-02-13,1000.00
VISTRA CORPORATE SERVICES COMPANY (FKA VISTRA CORP.),Vistra Employee Political Action Committee of Vistra Corp,Rep Nathaniel Moran,2025-05-20,500.00
VISTRA CORPORATE SERVICES COMPANY (FKA VISTRA CORP.),Vistra Employee Political Action Committee of Vistra Corp,Rep Carol Miller,2025-05-20,1000.00
VISTRA CORPORATE SERVICES COMPANY (FKA VISTRA CORP.),Vistra Employee Political Action Committee of Vistra Corp,Rep Chrissy Houlahan,2025-06-12,1000.00
VISTRA CORPORATE SERVICES COMPANY (FKA VISTRA CORP.),Vistra Employee Political Action Committee of Vistra Corp,Rep Bob Latta,2025-06-12,1500.00
VISTRA CORPORATE SERVICES COMPANY (FKA VISTRA CORP.),Vistra Employee Political Action Committee of Vistra Corp,Rep Troy Balderson,2025-06-12,2000.00
VISTRA CORPORATE SERVICES COMPANY (FKA VISTRA CORP.),Vistra Employee Political Action Committee of Vistra Corp,Sen Jon A Husted,2025-03-13,1000.00
VISTRA CORPORATE SERVICES COMPANY (FKA VISTRA CORP.),Vistra Employee Political Action Committee of Vistra Corp,Rep Michael Rulli,2025-05-20,1000.00
VISTRA CORPORATE SERVICES COMPANY (FKA VISTRA CORP.),Vistra Employee Political Action Committee of Vistra Corp,Rep Dave Joyce,2025-05-05,1000.00
VISTRA CORPORATE SERVICES COMPANY (FKA VISTRA CORP.),Vistra Employee Political Action Committee of Vistra Corp,Rep Nathaniel Moran,2025-04-21,1000.00
VISTRA CORPORATE SERVICES COMPANY (FKA VISTRA CORP.),Vistra Employee Political Action Committee of Vistra Corp,Rep Jodey Arrington,2025-04-21,1000.00
VISTRA CORPORATE SERVICES COMPANY (FKA VISTRA CORP.),Vistra Employee Political Action Committee of Vistra Corp,Rep Vicente Gonzalez,2025-04-03,1000.00
VISTRA CORPORATE SERVICES COMPANY (FKA VISTRA CORP.),Vistra Employee Political Action Committee of Vistra Corp,Rep Tom Cole,2025-05-20,2500.00
VISTRA CORPORATE SERVICES COMPANY (FKA VISTRA CORP.),Vistra Employee Political Action Committee of Vistra Corp,Rep Lloyd K Smucker,2025-04-03,1500.00
VISTRA CORPORATE SERVICES COMPANY (FKA VISTRA CORP.),Vistra Employee Political Action Committee of Vistra Corp,Sen Chris Coons,2025-06-12,1500.00
VISTRA CORPORATE SERVICES COMPANY (FKA VISTRA CORP.),Vistra Employee Political Action Committee of Vistra Corp,Rep Tony Gonzales II,2025-05-20,1000.00
VISTRA CORPORATE SERVICES COMPANY (FKA VISTRA CORP.),Vistra Employee Political Action Committee of Vistra Corp,Sen William M Cassidy,2025-06-12,2000.00
VISTRA CORPORATE SERVICES COMPANY (FKA VISTRA CORP.),Vistra Employee Political Action Committee of Vistra Corp,Rep Jimmy Panetta,2025-02-13,1000.00
VISTRA CORPORATE SERVICES COMPANY (FKA VISTRA CORP.),Vistra Employee Political Action Committee of Vistra Corp,Rep Randall Feenstra,2025-02-13,2500.00
VISTRA CORPORATE SERVICES COMPANY (FKA VISTRA CORP.),Vistra Employee Political Action Committee of Vistra Corp,Rep Jay Obernolte,2025-04-03,1000.00
VISTRA CORPORATE SERVICES COMPANY (FKA VISTRA CORP.),Vistra Employee Political Action Committee of Vistra Corp,Rep Paul D Tonko,2025-04-03,1000.00
VISTRA CORPORATE SERVICES COMPANY (FKA VISTRA CORP.),Vistra Employee Political Action Committee of Vistra Corp,Rep Ken Calvert,2025-05-21,2500.00
VISTRA CORPORATE SERVICES COMPANY (FKA VISTRA CORP.),Vistra Employee Political Action Committee of Vistra Corp,Rep David Valadao,2025-04-03,1000.00
VISTRA CORPORATE SERVICES COMPANY (FKA VISTRA CORP.),Vistra Employee Political Action Committee of Vistra Corp,Rep Kevin Hern,2025-06-12,2500.00
VISTRA CORPORATE SERVICES COMPANY (FKA VISTRA CORP.),Vistra Employee Political Action Committee of Vistra Corp,Sen Jon A Husted,2025-06-12,2500.00
VISTRA CORPORATE SERVICES COMPANY (FKA VISTRA CORP.),Vistra Employee Political Action Committee of Vistra Corp,Rep Jodey Arrington,2025-05-20,2000.00
VISTRA CORPORATE SERVICES COMPANY (FKA VISTRA CORP.),Vistra Employee Political Action Committee of Vistra Corp,Rep Roger Williams,2025-02-13,1000.00
VISTRA CORPORATE SERVICES COMPANY (FKA VISTRA CORP.),Vistra Employee Political Action Committee of Vistra Corp,Rep Troy Balderson,2025-02-13,1000.00
VISTRA CORPORATE SERVICES COMPANY (FKA VISTRA CORP.),Vistra Employee Political Action Committee of Vistra Corp,Rep Julia Letlow,2025-03-20,1500.00
VISTRA CORPORATE SERVICES COMPANY (FKA VISTRA CORP.),Vistra Employee Political Action Committee of Vistra Corp,Rep Nathaniel Moran,2025-05-20,1500.00
VISTRA CORPORATE SERVICES COMPANY (FKA VISTRA CORP.),Vistra Employee Political Action Committee of Vistra Corp,Rep Katherine Clark,2025-03-20,1500.00
VISTRA CORPORATE SERVICES COMPANY (FKA VISTRA CORP.),Vistra Employee Political Action Committee of Vistra Corp,Rep Nathaniel Moran,2025-03-20,2500.00
VISTRA CORPORATE SERVICES COMPANY (FKA VISTRA CORP.),Vistra Employee Political Action Committee of Vistra Corp,Rep John Joyce,2025-02-25,2500.00
VISTRA CORPORATE SERVICES COMPANY (FKA VISTRA CORP.),Vistra Employee Political Action Committee of Vistra Corp,Rep Michael Rulli,2025-03-20,1000.00
VISTRA CORPORATE SERVICES COMPANY (FKA VISTRA CORP.),Vistra Employee Political Action Committee of Vistra Corp,Rep Bob Latta,2025-03-20,1000.00
VISTRA CORPORATE SERVICES COMPANY (FKA VISTRA CORP.),Vistra Employee Political Action Committee of Vistra Corp,Rep Marc Veasey,2025-04-03,1000.00
VISTRA CORPORATE SERVICES COMPANY (FKA VISTRA CORP.),Vistra Employee Political Action Committee of Vistra Corp,Sen Shelley Moore Capito,2025-05-21,3000.00
VISTRA CORPORATE SERVICES COMPANY (FKA VISTRA CORP.),Vistra Employee Political Action Committee of Vistra Corp,Rep Lloyd K Smucker,2025-04-03,1000.00
VISTRA CORPORATE SERVICES COMPANY (FKA VISTRA CORP.),Vistra Employee Political Action Committee of Vistra Corp,Rep Greg Landsman,2025-04-03,1000.00
VISTRA CORPORATE SERVICES COMPANY (FKA VISTRA CORP.),Vistra Employee Political Action Committee of Vistra Corp,Rep Salud Carbajal,2025-04-03,2500.00
VISTRA CORPORATE SERVICES COMPANY (FKA VISTRA CORP.),Vistra Employee Political Action Committee of Vistra Corp,John Kevin Ellzey SR,2025-02-13,2000.00
VISTRA CORPORATE SERVICES COMPANY (FKA VISTRA CORP.),Vistra Employee Political Action Committee of Vistra Corp,Rep Brian Fitzpatrick,2025-02-13,1000.00
VISTRA CORPORATE SERVICES COMPANY (FKA VISTRA CORP.),Vistra Employee Political Action Committee of Vistra Corp,August Lee Pfluger II,2025-02-13,5000.00
VISTRA CORPORATE SERVICES COMPANY (FKA VISTRA CORP.),Vistra Employee Political Action Committee of Vistra Corp,Rep Craig Goldman,2025-05-20,1000.00
VISTRA CORPORATE SERVICES COMPANY (FKA VISTRA CORP.),Vistra Employee Political Action Committee of Vistra Corp,Sen Martin Heinrich,2025-06-12,1500.00
VISTRA CORPORATE SERVICES COMPANY (FKA VISTRA CORP.),Vistra Employee Political Action Committee of Vistra Corp,Rep Craig Goldman,2025-04-21,1500.00
VISTRA CORPORATE SERVICES COMPANY (FKA VISTRA CORP.),Vistra Employee Political Action Committee of Vistra Corp,Rep Jodey Arrington,2025-02-03,2000.00
VISTRA CORPORATE SERVICES COMPANY (FKA VISTRA CORP.),Vistra Employee Political Action Committee of Vistra Corp,Rep Brett Guthrie,2025-03-20,1500.00
VISTRA CORPORATE SERVICES COMPANY (FKA VISTRA CORP.),Vistra Employee Political Action Committee of Vistra Corp,Rep Dave Joyce,2025-02-03,1000.00
VISTRA CORPORATE SERVICES COMPANY (FKA VISTRA CORP.),Vistra Employee Political Action Committee of Vistra Corp,Rep Michael Bost,2025-04-21,1000.00
VISTRA CORPORATE SERVICES COMPANY (FKA VISTRA CORP.),Vistra Employee Political Action Committee of Vistra Corp,Rep Randy Weber,2025-06-12,1500.00
VISTRA CORPORATE SERVICES COMPANY (FKA VISTRA CORP.),Vistra Employee Political Action Committee of Vistra Corp,Rep Nikki Budzinski,2025-02-25,2500.00
VISTRA CORPORATE SERVICES COMPANY (FKA VISTRA CORP.),Vistra Employee Political Action Committee of Vistra Corp,Rep Mariannette MillerMeeks,2025-05-20,1000.00
VISTRA CORPORATE SERVICES COMPANY (FKA VISTRA CORP.),Vistra Employee Political Action Committee of Vistra Corp,Rep Ken Calvert,2025-04-03,1000.00
VISTRA CORPORATE SERVICES COMPANY (FKA VISTRA CORP.),Vistra Employee Political Action Committee of Vistra Corp,Rep Rudy Yakym III,2025-02-13,1000.00
VISTRA CORPORATE SERVICES COMPANY (FKA VISTRA CORP.),Vistra Employee Political Action Committee of Vistra Corp,Rep Marc Veasey,2025-04-03,1000.00
VISTRA CORPORATE SERVICES COMPANY (FKA VISTRA CORP.),Vistra Employee Political Action Committee of Vistra Corp,Rep Darin LaHood,2025-02-13,2500.00
VISTRA CORPORATE SERVICES COMPANY (FKA VISTRA CORP.),Vistra Employee Political Action Committee of Vistra Corp,Rep Pete Sessions,2025-06-12,1000.00
VISTRA CORPORATE SERVICES COMPANY (FKA VISTRA CORP.),Vistra Employee Political Action Committee of Vistra Corp,Rep Jimmy Panetta,2025-02-25,2500.00
VISTRA CORPORATE SERVICES COMPANY (FKA VISTRA CORP.),Vistra Employee Political Action Committee of Vistra Corp,Rep Julie Johnson,2025-02-03,2000.00
VISTRA CORPORATE SERVICES COMPANY (FKA VISTRA CORP.),Vistra Employee Political Action Committee of Vistra Corp,Rep Guy Reschenthaler,2025-04-03,1500.00
VISTRA CORPORATE SERVICES COMPANY (FKA VISTRA CORP.),Vistra Employee Political Action Committee of Vistra Corp,Rep Michael Bost,2025-06-12,2500.00
VISTRA CORPORATE SERVICES COMPANY (FKA VISTRA CORP.),Vistra Employee Political Action Committee of Vistra Corp,Rep Nikki Budzinski,2025-02-13,1000.00
VISTRA CORPORATE SERVICES COMPANY (FKA VISTRA CORP.),Vistra Employee Political Action Committee of Vistra Corp,Rep Nathaniel Moran,2025-05-20,500.00
VISTRA CORPORATE SERVICES COMPANY (FKA VISTRA CORP.),Vistra Employee Political Action Committee of Vistra Corp,Rep Carol Miller,2025-05-20,1000.00
VISTRA CORPORATE SERVICES COMPANY (FKA VISTRA CORP.),Vistra Employee Political Action Committee of Vistra Corp,Rep Chrissy Houlahan,2025-06-12,1000.00
VISTRA CORPORATE SERVICES COMPANY (FKA VISTRA CORP.),Vistra Employee Political Action Committee of Vistra Corp,Rep Bob Latta,2025-06-12,1500.00
VISTRA CORPORATE SERVICES COMPANY (FKA VISTRA CORP.),Vistra Employee Political Action Committee of Vistra Corp,Rep Troy Balderson,2025-06-12,2000.00
VISTRA CORPORATE SERVICES COMPANY (FKA VISTRA CORP.),Vistra Employee Political Action Committee of Vistra Corp,Sen Jon A Husted,2025-03-13,1000.00
VISTRA CORPORATE SERVICES COMPANY (FKA VISTRA CORP.),Vistra Employee Political Action Committee of Vistra Corp,Rep Michael Rulli,2025-05-20,1000.00
VISTRA CORPORATE SERVICES COMPANY (FKA VISTRA CORP.),Vistra Employee Political Action Committee of Vistra Corp,Rep Dave Joyce,2025-05-05,1000.00
VISTRA CORPORATE SERVICES COMPANY (FKA VISTRA CORP.),Vistra Employee Political Action Committee of Vistra Corp,Rep Nathaniel Moran,2025-04-21,1000.00
VISTRA CORPORATE SERVICES COMPANY (FKA VISTRA CORP.),Vistra Employee Political Action Committee of Vistra Corp,Rep Jodey Arrington,2025-04-21,1000.00
VISTRA CORPORATE SERVICES COMPANY (FKA VISTRA CORP.),Vistra Employee Political Action Committee of Vistra Corp,Rep Vicente Gonzalez,2025-04-03,1000.00
VISTRA CORPORATE SERVICES COMPANY (FKA VISTRA CORP.),Vistra Employee Political Action Committee of Vistra Corp,Rep Tom Cole,2025-05-20,2500.00
VISTRA CORPORATE SERVICES COMPANY (FKA VISTRA CORP.),Vistra Employee Political Action Committee of Vistra Corp,Rep Lloyd K Smucker,2025-04-03,1500.00
VISTRA CORPORATE SERVICES COMPANY (FKA VISTRA CORP.),Vistra Employee Political Action Committee of Vistra Corp,Sen Chris Coons,2025-06-12,1500.00
VISTRA CORPORATE SERVICES COMPANY (FKA VISTRA CORP.),Vistra Employee Political Action Committee of Vistra Corp,Rep Tony Gonzales II,2025-05-20,1000.00
VISTRA CORPORATE SERVICES COMPANY (FKA VISTRA CORP.),Vistra Employee Political Action Committee of Vistra Corp,Sen William M Cassidy,2025-06-12,2000.00
VISTRA CORPORATE SERVICES COMPANY (FKA VISTRA CORP.),Vistra Employee Political Action Committee of Vistra Corp,Rep Jimmy Panetta,2025-02-13,1000.00
VISTRA CORPORATE SERVICES COMPANY (FKA VISTRA CORP.),Vistra Employee Political Action Committee of Vistra Corp,Rep Randall Feenstra,2025-02-13,2500.00
VISTRA CORPORATE SERVICES COMPANY (FKA VISTRA CORP.),Vistra Employee Political Action Committee of Vistra Corp,Rep Jay Obernolte,2025-04-03,1000.00
VISTRA CORPORATE SERVICES COMPANY (FKA VISTRA CORP.),Vistra Employee Political Action Committee of Vistra Corp,Rep Paul D Tonko,2025-04-03,1000.00
VISTRA CORPORATE SERVICES COMPANY (FKA VISTRA CORP.),Vistra Employee Political Action Committee of Vistra Corp,Rep Ken Calvert,2025-05-21,2500.00
VISTRA CORPORATE SERVICES COMPANY (FKA VISTRA CORP.),Vistra Employee Political Action Committee of Vistra Corp,Rep David Valadao,2025-04-03,1000.00
VISTRA CORPORATE SERVICES COMPANY (FKA VISTRA CORP.),Vistra Employee Political Action Committee of Vistra Corp,Rep Kevin Hern,2025-06-12,2500.00
VISTRA CORPORATE SERVICES COMPANY (FKA VISTRA CORP.),Vistra Employee Political Action Committee of Vistra Corp,Sen Jon A Husted,2025-06-12,2500.00
VISTRA CORPORATE SERVICES COMPANY (FKA VISTRA CORP.),Vistra Employee Political Action Committee of Vistra Corp,Rep Jodey Arrington,2025-05-20,2000.00
VISTRA CORPORATE SERVICES COMPANY (FKA VISTRA CORP.),Vistra Employee Political Action Committee of Vistra Corp,Rep Roger Williams,2025-02-13,1000.00
VISTRA CORPORATE SERVICES COMPANY (FKA VISTRA CORP.),Vistra Employee Political Action Committee of Vistra Corp,Rep Troy Balderson,2025-02-13,1000.00
VISTRA CORPORATE SERVICES COMPANY (FKA VISTRA CORP.),Vistra Employee Political Action Committee of Vistra Corp,Rep Julia Letlow,2025-03-20,1500.00
VISTRA CORPORATE SERVICES COMPANY (FKA VISTRA CORP.),Vistra Employee Political Action Committee of Vistra Corp,Rep Nathaniel Moran,2025-05-20,1500.00
VISTRA CORPORATE SERVICES COMPANY (FKA VISTRA CORP.),Vistra Employee Political Action Committee of Vistra Corp,Rep Katherine Clark,2025-03-20,1500.00
VISTRA CORPORATE SERVICES COMPANY (FKA VISTRA CORP.),Vistra Employee Political Action Committee of Vistra Corp,Rep Nathaniel Moran,2025-03-20,2500.00
VISTRA CORPORATE SERVICES COMPANY (FKA VISTRA CORP.),Vistra Employee Political Action Committee of Vistra Corp,Rep John Joyce,2025-02-25,2500.00
VISTRA CORPORATE SERVICES COMPANY (FKA VISTRA CORP.),Vistra Employee Political Action Committee of Vistra Corp,Rep Michael Rulli,2025-03-20,1000.00
VISTRA CORPORATE SERVICES COMPANY (FKA VISTRA CORP.),Vistra Employee Political Action Committee of Vistra Corp,Rep Bob Latta,2025-03-20,1000.00
VISTRA CORPORATE SERVICES COMPANY (FKA VISTRA CORP.),Vistra Employee Political Action Committee of Vistra Corp,Rep Marc Veasey,2025-04-03,1000.00
VISTRA CORPORATE SERVICES COMPANY (FKA VISTRA CORP.),Vistra Employee Political Action Committee of Vistra Corp,Sen Shelley Moore Capito,2025-05-21,3000.00
VISTRA CORPORATE SERVICES COMPANY (FKA VISTRA CORP.),Vistra Employee Political Action Committee of Vistra Corp,Rep Lloyd K Smucker,2025-04-03,1000.00
VISTRA CORPORATE SERVICES COMPANY (FKA VISTRA CORP.),Vistra Employee Political Action Committee of Vistra Corp,Rep Greg Landsman,2025-04-03,1000.00
VISTRA CORPORATE SERVICES COMPANY (FKA VISTRA CORP.),Vistra Employee Political Action Committee of Vistra Corp,Rep Salud Carbajal,2025-04-03,2500.00
VISTRA CORPORATE SERVICES COMPANY (FKA VISTRA CORP.),Vistra Employee Political Action Committee of Vistra Corp,John Kevin Ellzey SR,2025-02-13,2000.00
VISTRA CORPORATE SERVICES COMPANY (FKA VISTRA CORP.),Vistra Employee Political Action Committee of Vistra Corp,Rep Brian Fitzpatrick,2025-02-13,1000.00
VISTRA CORPORATE SERVICES COMPANY (FKA VISTRA CORP.),Vistra Employee Political Action Committee of Vistra Corp,August Lee Pfluger II,2025-02-13,5000.00
VISTRA CORPORATE SERVICES COMPANY (FKA VISTRA CORP.),Vistra Employee Political Action Committee of Vistra Corp,Rep Craig Goldman,2025-05-20,1000.00
VISTRA CORPORATE SERVICES COMPANY (FKA VISTRA CORP.),Vistra Employee Political Action Committee of Vistra Corp,Sen Martin Heinrich,2025-06-12,1500.00
VISTRA CORPORATE SERVICES COMPANY (FKA VISTRA CORP.),Vistra Employee Political Action Committee of Vistra Corp,Rep Craig Goldman,2025-04-21,1500.00
VISTRA CORPORATE SERVICES COMPANY (FKA VISTRA CORP.),Vistra Employee Political Action Committee of Vistra Corp,Rep Jodey Arrington,2025-02-03,2000.00
VISTRA CORPORATE SERVICES COMPANY (FKA VISTRA CORP.),Vistra Employee Political Action Committee of Vistra Corp,Rep Brett Guthrie,2025-03-20,1500.00
VISTRA CORPORATE SERVICES COMPANY (FKA VISTRA CORP.),Vistra Employee Political Action Committee of Vistra Corp,Rep Dave Joyce,2025-02-03,1000.00
VISTRA CORPORATE SERVICES COMPANY (FKA VISTRA CORP.),Vistra Employee Political Action Committee of Vistra Corp,Rep Michael Bost,2025-04-21,1000.00
VISTRA CORPORATE SERVICES COMPANY (FKA VISTRA CORP.),Vistra Employee Political Action Committee of Vistra Corp,Rep Randy Weber,2025-06-12,1500.00
VISTRA CORPORATE SERVICES COMPANY (FKA VISTRA CORP.),Vistra Employee Political Action Committee of Vistra Corp,Rep Nikki Budzinski,2025-02-25,2500.00
VISTRA CORPORATE SERVICES COMPANY (FKA VISTRA CORP.),Vistra Employee Political Action Committee of Vistra Corp,Rep Mariannette MillerMeeks,2025-05-20,1000.00
VISTRA CORPORATE SERVICES COMPANY (FKA VISTRA CORP.),Vistra Employee Political Action Committee of Vistra Corp,Rep Ken Calvert,2025-04-03,1000.00
VISTRA CORPORATE SERVICES COMPANY (FKA VISTRA CORP.),Vistra Employee Political Action Committee of Vistra Corp,Rep Rudy Yakym III,2025-02-13,1000.00
VISTRA CORPORATE SERVICES COMPANY (FKA VISTRA CORP.),Vistra Employee Political Action Committee of Vistra Corp,Rep Marc Veasey,2025-04-03,1000.00
VISTRA CORPORATE SERVICES COMPANY (FKA VISTRA CORP.),Vistra Employee Political Action Committee of Vistra Corp,Rep Darin LaHood,2025-02-13,2500.00
VISTRA CORPORATE SERVICES COMPANY (FKA VISTRA CORP.),Vistra Employee Political Action Committee of Vistra Corp,Rep Pete Sessions,2025-06-12,1000.00
VISTRA CORPORATE SERVICES COMPANY (FKA VISTRA CORP.),Vistra Employee Political Action Committee of Vistra Corp,Rep Jimmy Panetta,2025-02-25,2500.00
VISTRA CORPORATE SERVICES COMPANY (FKA VISTRA CORP.),Vistra Employee Political Action Committee of Vistra Corp,Rep Julie Johnson,2025-02-03,2000.00
VISTRA CORPORATE SERVICES COMPANY (FKA VISTRA CORP.),Vistra Employee Political Action Committee of Vistra Corp,Rep Guy Reschenthaler,2025-04-03,1500.00
VISTRA CORPORATE SERVICES COMPANY (FKA VISTRA CORP.),Vistra Employee Political Action Committee of Vistra Corp,Rep Michael Bost,2025-06-12,2500.00
VISTRA CORPORATE SERVICES COMPANY (FKA VISTRA CORP.),Vistra Employee Political Action Committee of Vistra Corp,Rep Nikki Budzinski,2025-02-13,1000.00
VISTRA CORPORATE SERVICES COMPANY (FKA VISTRA CORP.),Vistra Employee Political Action Committee of Vistra Corp,Rep Nathaniel Moran,2025-05-20,500.00
VISTRA CORPORATE SERVICES COMPANY (FKA VISTRA CORP.),Vistra Employee Political Action Committee of Vistra Corp,Rep Carol Miller,2025-05-20,1000.00
VISTRA CORPORATE SERVICES COMPANY (FKA VISTRA CORP.),Vistra Employee Political Action Committee of Vistra Corp,Rep Chrissy Houlahan,2025-06-12,1000.00
VISTRA CORPORATE SERVICES COMPANY (FKA VISTRA CORP.),Vistra Employee Political Action Committee of Vistra Corp,Rep Bob Latta,2025-06-12,1500.00
VISTRA CORPORATE SERVICES COMPANY (FKA VISTRA CORP.),Vistra Employee Political Action Committee of Vistra Corp,Rep Troy Balderson,2025-06-12,2000.00
VISTRA CORPORATE SERVICES COMPANY (FKA VISTRA CORP.),Vistra Employee Political Action Committee of Vistra Corp,Sen Jon A Husted,2025-03-13,1000.00
VISTRA CORPORATE SERVICES COMPANY (FKA VISTRA CORP.),Vistra Employee Political Action Committee of Vistra Corp,Rep Michael Rulli,2025-05-20,1000.00
VISTRA CORPORATE SERVICES COMPANY (FKA VISTRA CORP.),Vistra Employee Political Action Committee of Vistra Corp,Rep Dave Joyce,2025-05-05,1000.00
VISTRA CORPORATE SERVICES COMPANY (FKA VISTRA CORP.),Vistra Employee Political Action Committee of Vistra Corp,Rep Nathaniel Moran,2025-04-21,1000.00
VISTRA CORPORATE SERVICES COMPANY (FKA VISTRA CORP.),Vistra Employee Political Action Committee of Vistra Corp,Rep Jodey Arrington,2025-04-21,1000.00
VISTRA CORPORATE SERVICES COMPANY (FKA VISTRA CORP.),Vistra Employee Political Action Committee of Vistra Corp,Rep Vicente Gonzalez,2025-04-03,1000.00
VISTRA CORPORATE SERVICES COMPANY (FKA VISTRA CORP.),Vistra Employee Political Action Committee of Vistra Corp,Rep Tom Cole,2025-05-20,2500.00
VISTRA CORPORATE SERVICES COMPANY (FKA VISTRA CORP.),Vistra Employee Political Action Committee of Vistra Corp,Rep Lloyd K Smucker,2025-04-03,1500.00
VISTRA CORPORATE SERVICES COMPANY (FKA VISTRA CORP.),Vistra Employee Political Action Committee of Vistra Corp,Sen Chris Coons,2025-06-12,1500.00
VISTRA CORPORATE SERVICES COMPANY (FKA VISTRA CORP.),Vistra Employee Political Action Committee of Vistra Corp,Rep Tony Gonzales II,2025-05-20,1000.00
VISTRA CORPORATE SERVICES COMPANY (FKA VISTRA CORP.),Vistra Employee Political Action Committee of Vistra Corp,Sen William M Cassidy,2025-06-12,2000.00
VISTRA CORPORATE SERVICES COMPANY (FKA VISTRA CORP.),Vistra Employee Political Action Committee of Vistra Corp,Rep Jimmy Panetta,2025-02-13,1000.00
VISTRA CORPORATE SERVICES COMPANY (FKA VISTRA CORP.),Vistra Employee Political Action Committee of Vistra Corp,Rep Randall Feenstra,2025-02-13,2500.00
VISTRA CORPORATE SERVICES COMPANY (FKA VISTRA CORP.),Vistra Employee Political Action Committee of Vistra Corp,Rep Jay Obernolte,2025-04-03,1000.00
VISTRA CORPORATE SERVICES COMPANY (FKA VISTRA CORP.),Vistra Employee Political Action Committee of Vistra Corp,Rep Paul D Tonko,2025-04-03,1000.00
VISTRA CORPORATE SERVICES COMPANY (FKA VISTRA CORP.),Vistra Employee Political Action Committee of Vistra Corp,Rep Ken Calvert,2025-05-21,2500.00
VISTRA CORPORATE SERVICES COMPANY (FKA VISTRA CORP.),Vistra Employee Political Action Committee of Vistra Corp,Rep David Valadao,2025-04-03,1000.00
VISTRA CORPORATE SERVICES COMPANY (FKA VISTRA CORP.),Vistra Employee Political Action Committee of Vistra Corp,Rep Kevin Hern,2025-06-12,2500.00
VISTRA CORPORATE SERVICES COMPANY (FKA VISTRA CORP.),Vistra Employee Political Action Committee of Vistra Corp,Sen Jon A Husted,2025-06-12,2500.00
VISTRA CORPORATE SERVICES COMPANY (FKA VISTRA CORP.),Vistra Employee Political Action Committee of Vistra Corp,Rep Jodey Arrington,2025-05-20,2000.00
VISTRA CORPORATE SERVICES COMPANY (FKA VISTRA CORP.),Vistra Employee Political Action Committee of Vistra Corp,Rep Roger Williams,2025-02-13,1000.00
VISTRA CORPORATE SERVICES COMPANY (FKA VISTRA CORP.),Vistra Employee Political Action Committee of Vistra Corp,Rep Troy Balderson,2025-02-13,1000.00
VISTRA CORPORATE SERVICES COMPANY (FKA VISTRA CORP.),Vistra Employee Political Action Committee of Vistra Corp,Rep Julia Letlow,2025-03-20,1500.00
VISTRA CORPORATE SERVICES COMPANY (FKA VISTRA CORP.),Vistra Employee Political Action Committee of Vistra Corp,Rep Nathaniel Moran,2025-05-20,1500.00
VISTRA CORPORATE SERVICES COMPANY (FKA VISTRA CORP.),Vistra Employee Political Action Committee of Vistra Corp,Rep Katherine Clark,2025-03-20,1500.00
VISTRA CORPORATE SERVICES COMPANY (FKA VISTRA CORP.),Vistra Employee Political Action Committee of Vistra Corp,Rep Nathaniel Moran,2025-03-20,2500.00
VISTRA CORPORATE SERVICES COMPANY (FKA VISTRA CORP.),Vistra Employee Political Action Committee of Vistra Corp,Rep John Joyce,2025-02-25,2500.00
VISTRA CORPORATE SERVICES COMPANY (FKA VISTRA CORP.),Vistra Employee Political Action Committee of Vistra Corp,Rep Michael Rulli,2025-03-20,1000.00
VISTRA CORPORATE SERVICES COMPANY (FKA VISTRA CORP.),Vistra Employee Political Action Committee of Vistra Corp,Rep Bob Latta,2025-03-20,1000.00
VISTRA CORPORATE SERVICES COMPANY (FKA VISTRA CORP.),Vistra Employee Political Action Committee of Vistra Corp,Rep Marc Veasey,2025-04-03,1000.00
VISTRA CORPORATE SERVICES COMPANY (FKA VISTRA CORP.),Vistra Employee Political Action Committee of Vistra Corp,Sen Shelley Moore Capito,2025-05-21,3000.00
VISTRA CORPORATE SERVICES COMPANY (FKA VISTRA CORP.),Vistra Employee Political Action Committee of Vistra Corp,Rep Lloyd K Smucker,2025-04-03,1000.00
VISTRA CORPORATE SERVICES COMPANY (FKA VISTRA CORP.),Vistra Employee Political Action Committee of Vistra Corp,Rep Greg Landsman,2025-04-03,1000.00
VISTRA CORPORATE SERVICES COMPANY (FKA VISTRA CORP.),Vistra Employee Political Action Committee of Vistra Corp,Rep Salud Carbajal,2025-04-03,2500.00
VISTRA CORPORATE SERVICES COMPANY (FKA VISTRA CORP.),Vistra Employee Political Action Committee of Vistra Corp,John Kevin Ellzey SR,2025-02-13,2000.00
VISTRA CORPORATE SERVICES COMPANY (FKA VISTRA CORP.),Vistra Employee Political Action Committee of Vistra Corp,Rep Brian Fitzpatrick,2025-02-13,1000.00
VISTRA CORPORATE SERVICES COMPANY (FKA VISTRA CORP.),Vistra Employee Political Action Committee of Vistra Corp,August Lee Pfluger II,2025-02-13,5000.00
VISTRA CORPORATE SERVICES COMPANY (FKA VISTRA CORP.),Vistra Employee Political Action Committee of Vistra Corp,Rep Craig Goldman,2025-05-20,1000.00
VISTRA CORPORATE SERVICES COMPANY (FKA VISTRA CORP.),Vistra Employee Political Action Committee of Vistra Corp,Sen Martin Heinrich,2025-06-12,1500.00
VISTRA CORPORATE SERVICES COMPANY (FKA VISTRA CORP.),Vistra Employee Political Action Committee of Vistra Corp,Rep Craig Goldman,2025-04-21,1500.00
VISTRA CORPORATE SERVICES COMPANY (FKA VISTRA CORP.),Vistra Employee Political Action Committee of Vistra Corp,Rep Jodey Arrington,2025-02-03,2000.00
VISTRA CORPORATE SERVICES COMPANY (FKA VISTRA CORP.),Vistra Employee Political Action Committee of Vistra Corp,Rep Brett Guthrie,2025-03-20,1500.00
VISTRA CORPORATE SERVICES COMPANY (FKA VISTRA CORP.),Vistra Employee Political Action Committee of Vistra Corp,Rep Dave Joyce,2025-02-03,1000.00
VISTRA CORPORATE SERVICES COMPANY (FKA VISTRA CORP.),Vistra Employee Political Action Committee of Vistra Corp,Rep Michael Bost,2025-04-21,1000.00
VISTRA CORPORATE SERVICES COMPANY (FKA VISTRA CORP.),Vistra Employee Political Action Committee of Vistra Corp,Rep Randy Weber,2025-06-12,1500.00
VISTRA CORPORATE SERVICES COMPANY (FKA VISTRA CORP.),Vistra Employee Political Action Committee of Vistra Corp,Rep Nikki Budzinski,2025-02-25,2500.00
VISTRA CORPORATE SERVICES COMPANY (FKA VISTRA CORP.),Vistra Employee Political Action Committee of Vistra Corp,Rep Mariannette MillerMeeks,2025-05-20,1000.00
VISTRA CORPORATE SERVICES COMPANY (FKA VISTRA CORP.),Vistra Employee Political Action Committee of Vistra Corp,Rep Ken Calvert,2025-04-03,1000.00
VISTRA CORPORATE SERVICES COMPANY (FKA VISTRA CORP.),Vistra Employee Political Action Committee of Vistra Corp,Rep Rudy Yakym III,2025-02-13,1000.00
VISTRA CORPORATE SERVICES COMPANY (FKA VISTRA CORP.),Vistra Employee Political Action Committee of Vistra Corp,Rep Marc Veasey,2025-04-03,1000.00
VISTRA CORPORATE SERVICES COMPANY (FKA VISTRA CORP.),Vistra Employee Political Action Committee of Vistra Corp,Rep Darin LaHood,2025-02-13,2500.00
VISTRA CORPORATE SERVICES COMPANY (FKA VISTRA CORP.),Vistra Employee Political Action Committee of Vistra Corp,Rep Pete Sessions,2025-06-12,1000.00
VISTRA CORPORATE SERVICES COMPANY (FKA VISTRA CORP.),Vistra Employee Political Action Committee of Vistra Corp,Rep Jimmy Panetta,2025-02-25,2500.00
VISTRA CORPORATE SERVICES COMPANY (FKA VISTRA CORP.),Vistra Employee Political Action Committee of Vistra Corp,Rep Julie Johnson,2025-02-03,2000.00
VISTRA CORPORATE SERVICES COMPANY (FKA VISTRA CORP.),Vistra Employee Political Action Committee of Vistra Corp,Rep Guy Reschenthaler,2025-04-03,1500.00
VISTRA CORPORATE SERVICES COMPANY (FKA VISTRA CORP.),Vistra Employee Political Action Committee of Vistra Corp,Rep Michael Bost,2025-06-12,2500.00
VISTRA CORPORATE SERVICES COMPANY (FKA VISTRA CORP.),Vistra Employee Political Action Committee of Vistra Corp,Rep Nikki Budzinski,2025-02-13,1000.00
VISTRA CORPORATE SERVICES COMPANY (FKA VISTRA CORP.),Vistra Employee Political Action Committee of Vistra Corp,Rep Nathaniel Moran,2025-05-20,500.00
VISTRA CORPORATE SERVICES COMPANY (FKA VISTRA CORP.),Vistra Employee Political Action Committee of Vistra Corp,Rep Carol Miller,2025-05-20,1000.00
VISTRA CORPORATE SERVICES COMPANY (FKA VISTRA CORP.),Vistra Employee Political Action Committee of Vistra Corp,Rep Chrissy Houlahan,2025-06-12,1000.00
VISTRA CORPORATE SERVICES COMPANY (FKA VISTRA CORP.),Vistra Employee Political Action Committee of Vistra Corp,Rep Bob Latta,2025-06-12,1500.00
VISTRA CORPORATE SERVICES COMPANY (FKA VISTRA CORP.),Vistra Employee Political Action Committee of Vistra Corp,Rep Troy Balderson,2025-06-12,2000.00
VISTRA CORPORATE SERVICES COMPANY (FKA VISTRA CORP.),Vistra Employee Political Action Committee of Vistra Corp,Sen Jon A Husted,2025-03-13,1000.00
VISTRA CORPORATE SERVICES COMPANY (FKA VISTRA CORP.),Vistra Employee Political Action Committee of Vistra Corp,Rep Michael Rulli,2025-05-20,1000.00
VISTRA CORPORATE SERVICES COMPANY (FKA VISTRA CORP.),Vistra Employee Political Action Committee of Vistra Corp,Rep Dave Joyce,2025-05-05,1000.00
VISTRA CORPORATE SERVICES COMPANY (FKA VISTRA CORP.),Vistra Employee Political Action Committee of Vistra Corp,Rep Nathaniel Moran,2025-04-21,1000.00
VISTRA CORPORATE SERVICES COMPANY (FKA VISTRA CORP.),Vistra Employee Political Action Committee of Vistra Corp,Rep Jodey Arrington,2025-04-21,1000.00
VISTRA CORPORATE SERVICES COMPANY (FKA VISTRA CORP.),Vistra Employee Political Action Committee of Vistra Corp,Rep Vicente Gonzalez,2025-04-03,1000.00
VISTRA CORPORATE SERVICES COMPANY (FKA VISTRA CORP.),Vistra Employee Political Action Committee of Vistra Corp,Rep Tom Cole,2025-05-20,2500.00
VISTRA CORPORATE SERVICES COMPANY (FKA VISTRA CORP.),Vistra Employee Political Action Committee of Vistra Corp,Rep Lloyd K Smucker,2025-04-03,1500.00
VISTRA CORPORATE SERVICES COMPANY (FKA VISTRA CORP.),Vistra Employee Political Action Committee of Vistra Corp,Sen Chris Coons,2025-06-12,1500.00
VISTRA CORPORATE SERVICES COMPANY (FKA VISTRA CORP.),Vistra Employee Political Action Committee of Vistra Corp,Rep Tony Gonzales II,2025-05-20,1000.00
VISTRA CORPORATE SERVICES COMPANY (FKA VISTRA CORP.),Vistra Employee Political Action Committee of Vistra Corp,Sen William M Cassidy,2025-06-12,2000.00
VISTRA CORPORATE SERVICES COMPANY (FKA VISTRA CORP.),Vistra Employee Political Action Committee of Vistra Corp,Rep Jimmy Panetta,2025-02-13,1000.00
VISTRA CORPORATE SERVICES COMPANY (FKA VISTRA CORP.),Vistra Employee Political Action Committee of Vistra Corp,Rep Randall Feenstra,2025-02-13,2500.00
VISTRA CORPORATE SERVICES COMPANY (FKA VISTRA CORP.),Vistra Employee Political Action Committee of Vistra Corp,Rep Jay Obernolte,2025-04-03,1000.00
VISTRA CORPORATE SERVICES COMPANY (FKA VISTRA CORP.),Vistra Employee Political Action Committee of Vistra Corp,Rep Paul D Tonko,2025-04-03,1000.00
VISTRA CORPORATE SERVICES COMPANY (FKA VISTRA CORP.),Vistra Employee Political Action Committee of Vistra Corp,Rep Ken Calvert,2025-05-21,2500.00
VISTRA CORPORATE SERVICES COMPANY (FKA VISTRA CORP.),Vistra Employee Political Action Committee of Vistra Corp,Rep David Valadao,2025-04-03,1000.00
VISTRA CORPORATE SERVICES COMPANY (FKA VISTRA CORP.),Vistra Employee Political Action Committee of Vistra Corp,Rep Kevin Hern,2025-06-12,2500.00
VISTRA CORPORATE SERVICES COMPANY (FKA VISTRA CORP.),Vistra Employee Political Action Committee of Vistra Corp,Sen Jon A Husted,2025-06-12,2500.00
VISTRA CORPORATE SERVICES COMPANY (FKA VISTRA CORP.),Vistra Employee Political Action Committee of Vistra Corp,Rep Jodey Arrington,2025-05-20,2000.00
VISTRA CORPORATE SERVICES COMPANY (FKA VISTRA CORP.),Vistra Employee Political Action Committee of Vistra Corp,Rep Roger Williams,2025-02-13,1000.00
VISTRA CORPORATE SERVICES COMPANY (FKA VISTRA CORP.),Vistra Employee Political Action Committee of Vistra Corp,Rep Troy Balderson,2025-02-13,1000.00
VISTRA CORPORATE SERVICES COMPANY (FKA VISTRA CORP.),Vistra Employee Political Action Committee of Vistra Corp,Rep Julia Letlow,2025-03-20,1500.00
VISTRA CORPORATE SERVICES COMPANY (FKA VISTRA CORP.),Vistra Employee Political Action Committee of Vistra Corp,Rep Nathaniel Moran,2025-05-20,1500.00
VISTRA CORPORATE SERVICES COMPANY (FKA VISTRA CORP.),Vistra Employee Political Action Committee of Vistra Corp,Rep Katherine Clark,2025-03-20,1500.00
VISTRA CORPORATE SERVICES COMPANY (FKA VISTRA CORP.),Vistra Employee Political Action Committee of Vistra Corp,Rep Nathaniel Moran,2025-03-20,2500.00
VISTRA CORPORATE SERVICES COMPANY (FKA VISTRA CORP.),Vistra Employee Political Action Committee of Vistra Corp,Rep John Joyce,2025-02-25,2500.00
VISTRA CORPORATE SERVICES COMPANY (FKA VISTRA CORP.),Vistra Employee Political Action Committee of Vistra Corp,Rep Michael Rulli,2025-03-20,1000.00
VISTRA CORPORATE SERVICES COMPANY (FKA VISTRA CORP.),Vistra Employee Political Action Committee of Vistra Corp,Rep Bob Latta,2025-03-20,1000.00
VISTRA CORPORATE SERVICES COMPANY (FKA VISTRA CORP.),Vistra Employee Political Action Committee of Vistra Corp,Rep Marc Veasey,2025-04-03,1000.00
VISTRA CORPORATE SERVICES COMPANY (FKA VISTRA CORP.),Vistra Employee Political Action Committee of Vistra Corp,Sen Shelley Moore Capito,2025-05-21,3000.00
VISTRA CORPORATE SERVICES COMPANY (FKA VISTRA CORP.),Vistra Employee Political Action Committee of Vistra Corp,Rep Lloyd K Smucker,2025-04-03,1000.00
VISTRA CORPORATE SERVICES COMPANY (FKA VISTRA CORP.),Vistra Employee Political Action Committee of Vistra Corp,Rep Greg Landsman,2025-04-03,1000.00
VISTRA CORPORATE SERVICES COMPANY (FKA VISTRA CORP.),Vistra Employee Political Action Committee of Vistra Corp,Rep Salud Carbajal,2025-04-03,2500.00
VISTRA CORPORATE SERVICES COMPANY (FKA VISTRA CORP.),Vistra Employee Political Action Committee of Vistra Corp,John Kevin Ellzey SR,2025-02-13,2000.00
VISTRA CORPORATE SERVICES COMPANY (FKA VISTRA CORP.),Vistra Employee Political Action Committee of Vistra Corp,Rep Brian Fitzpatrick,2025-02-13,1000.00
VISTRA CORPORATE SERVICES COMPANY (FKA VISTRA CORP.),Vistra Employee Political Action Committee of Vistra Corp,August Lee Pfluger II,2025-02-13,5000.00
VISTRA CORPORATE SERVICES COMPANY (FKA VISTRA CORP.),Vistra Employee Political Action Committee of Vistra Corp,Rep Craig Goldman,2025-05-20,1000.00
VISTRA CORPORATE SERVICES COMPANY (FKA VISTRA CORP.),Vistra Employee Political Action Committee of Vistra Corp,Sen Martin Heinrich,2025-06-12,1500.00
VISTRA CORPORATE SERVICES COMPANY (FKA VISTRA CORP.),Vistra Employee Political Action Committee of Vistra Corp,Rep Craig Goldman,2025-04-21,1500.00
VISTRA CORPORATE SERVICES COMPANY (FKA VISTRA CORP.),Vistra Employee Political Action Committee of Vistra Corp,Rep Jodey Arrington,2025-02-03,2000.00
VISTRA CORPORATE SERVICES COMPANY (FKA VISTRA CORP.),Vistra Employee Political Action Committee of Vistra Corp,Rep Brett Guthrie,2025-03-20,1500.00
VISTRA CORPORATE SERVICES COMPANY (FKA VISTRA CORP.),Vistra Employee Political Action Committee of Vistra Corp,Rep Dave Joyce,2025-02-03,1000.00
VISTRA CORPORATE SERVICES COMPANY (FKA VISTRA CORP.),Vistra Employee Political Action Committee of Vistra Corp,Rep Michael Bost,2025-04-21,1000.00
VISTRA CORPORATE SERVICES COMPANY (FKA VISTRA CORP.),Vistra Employee Political Action Committee of Vistra Corp,Rep Randy Weber,2025-06-12,1500.00
VISTRA CORPORATE SERVICES COMPANY (FKA VISTRA CORP.),Vistra Employee Political Action Committee of Vistra Corp,Rep Nikki Budzinski,2025-02-25,2500.00
VISTRA CORPORATE SERVICES COMPANY (FKA VISTRA CORP.),Vistra Employee Political Action Committee of Vistra Corp,Rep Mariannette MillerMeeks,2025-05-20,1000.00
VISTRA CORPORATE SERVICES COMPANY (FKA VISTRA CORP.),Vistra Employee Political Action Committee of Vistra Corp,Rep Ken Calvert,2025-04-03,1000.00
VISTRA CORPORATE SERVICES COMPANY (FKA VISTRA CORP.),Vistra Employee Political Action Committee of Vistra Corp,Rep Rudy Yakym III,2025-02-13,1000.00
VISTRA CORPORATE SERVICES COMPANY (FKA VISTRA CORP.),Vistra Employee Political Action Committee of Vistra Corp,Rep Marc Veasey,2025-04-03,1000.00
VISTRA CORPORATE SERVICES COMPANY (FKA VISTRA CORP.),Vistra Employee Political Action Committee of Vistra Corp,Rep Darin LaHood,2025-02-13,2500.00
VISTRA CORPORATE SERVICES COMPANY (FKA VISTRA CORP.),Vistra Employee Political Action Committee of Vistra Corp,Rep Pete Sessions,2025-06-12,1000.00
VISTRA CORPORATE SERVICES COMPANY (FKA VISTRA CORP.),Vistra Employee Political Action Committee of Vistra Corp,Rep Jimmy Panetta,2025-02-25,2500.00
VISTRA CORPORATE SERVICES COMPANY (FKA VISTRA CORP.),Vistra Employee Political Action Committee of Vistra Corp,Rep Julie Johnson,2025-02-03,2000.00
VISTRA CORPORATE SERVICES COMPANY (FKA VISTRA CORP.),Vistra Employee Political Action Committee of Vistra Corp,Rep Guy Reschenthaler,2025-04-03,1500.00
VISTRA CORPORATE SERVICES COMPANY (FKA VISTRA CORP.),Vistra Employee Political Action Committee of Vistra Corp,Rep Michael Bost,2025-06-12,2500.00
VISTRA CORPORATE SERVICES COMPANY (FKA VISTRA CORP.),Vistra Employee Political Action Committee of Vistra Corp,Rep Nikki Budzinski,2025-02-13,1000.00
VISTRA CORPORATE SERVICES COMPANY (FKA VISTRA CORP.),Vistra Employee Political Action Committee of Vistra Corp,Rep Nathaniel Moran,2025-05-20,500.00
VISTRA CORPORATE SERVICES COMPANY (FKA VISTRA CORP.),Vistra Employee Political Action Committee of Vistra Corp,Rep Carol Miller,2025-05-20,1000.00
VISTRA CORPORATE SERVICES COMPANY (FKA VISTRA CORP.),Vistra Employee Political Action Committee of Vistra Corp,Rep Chrissy Houlahan,2025-06-12,1000.00
VISTRA CORPORATE SERVICES COMPANY (FKA VISTRA CORP.),Vistra Employee Political Action Committee of Vistra Corp,Rep Bob Latta,2025-06-12,1500.00
VISTRA CORPORATE SERVICES COMPANY (FKA VISTRA CORP.),Vistra Employee Political Action Committee of Vistra Corp,Rep Troy Balderson,2025-06-12,2000.00
VISTRA CORPORATE SERVICES COMPANY (FKA VISTRA CORP.),Vistra Employee Political Action Committee of Vistra Corp,Sen Jon A Husted,2025-03-13,1000.00
VISTRA CORPORATE SERVICES COMPANY (FKA VISTRA CORP.),Vistra Employee Political Action Committee of Vistra Corp,Rep Michael Rulli,2025-05-20,1000.00
VISTRA CORPORATE SERVICES COMPANY (FKA VISTRA CORP.),Vistra Employee Political Action Committee of Vistra Corp,Rep Dave Joyce,2025-05-05,1000.00
VISTRA CORPORATE SERVICES COMPANY (FKA VISTRA CORP.),Vistra Employee Political Action Committee of Vistra Corp,Rep Nathaniel Moran,2025-04-21,1000.00
VISTRA CORPORATE SERVICES COMPANY (FKA VISTRA CORP.),Vistra Employee Political Action Committee of Vistra Corp,Rep Jodey Arrington,2025-04-21,1000.00
VISTRA CORPORATE SERVICES COMPANY (FKA VISTRA CORP.),Vistra Employee Political Action Committee of Vistra Corp,Rep Vicente Gonzalez,2025-04-03,1000.00
VISTRA CORPORATE SERVICES COMPANY (FKA VISTRA CORP.),Vistra Employee Political Action Committee of Vistra Corp,Rep Tom Cole,2025-05-20,2500.00
VISTRA CORPORATE SERVICES COMPANY (FKA VISTRA CORP.),Vistra Employee Political Action Committee of Vistra Corp,Rep Lloyd K Smucker,2025-04-03,1500.00
VISTRA CORPORATE SERVICES COMPANY (FKA VISTRA CORP.),Vistra Employee Political Action Committee of Vistra Corp,Sen Chris Coons,2025-06-12,1500.00
VISTRA CORPORATE SERVICES COMPANY (FKA VISTRA CORP.),Vistra Employee Political Action Committee of Vistra Corp,Rep Tony Gonzales II,2025-05-20,1000.00
VISTRA CORPORATE SERVICES COMPANY (FKA VISTRA CORP.),Vistra Employee Political Action Committee of Vistra Corp,Sen William M Cassidy,2025-06-12,2000.00
VISTRA CORPORATE SERVICES COMPANY (FKA VISTRA CORP.),Vistra Employee Political Action Committee of Vistra Corp,Rep Jimmy Panetta,2025-02-13,1000.00
VISTRA CORPORATE SERVICES COMPANY (FKA VISTRA CORP.),Vistra Employee Political Action Committee of Vistra Corp,Rep Randall Feenstra,2025-02-13,2500.00
VISTRA CORPORATE SERVICES COMPANY (FKA VISTRA CORP.),Vistra Employee Political Action Committee of Vistra Corp,Rep Jay Obernolte,2025-04-03,1000.00
VISTRA CORPORATE SERVICES COMPANY (FKA VISTRA CORP.),Vistra Employee Political Action Committee of Vistra Corp,Rep Paul D Tonko,2025-04-03,1000.00
VISTRA CORPORATE SERVICES COMPANY (FKA VISTRA CORP.),Vistra Employee Political Action Committee of Vistra Corp,Rep Ken Calvert,2025-05-21,2500.00
VISTRA CORPORATE SERVICES COMPANY (FKA VISTRA CORP.),Vistra Employee Political Action Committee of Vistra Corp,Rep David Valadao,2025-04-03,1000.00
VISTRA CORPORATE SERVICES COMPANY (FKA VISTRA CORP.),Vistra Employee Political Action Committee of Vistra Corp,Rep Kevin Hern,2025-06-12,2500.00
VISTRA CORPORATE SERVICES COMPANY (FKA VISTRA CORP.),Vistra Employee Political Action Committee of Vistra Corp,Sen Jon A Husted,2025-06-12,2500.00
VISTRA CORPORATE SERVICES COMPANY (FKA VISTRA CORP.),Vistra Employee Political Action Committee of Vistra Corp,Rep Jodey Arrington,2025-05-20,2000.00
VISTRA CORPORATE SERVICES COMPANY (FKA VISTRA CORP.),Vistra Employee Political Action Committee of Vistra Corp,Rep Roger Williams,2025-02-13,1000.00
VISTRA CORPORATE SERVICES COMPANY (FKA VISTRA CORP.),Vistra Employee Political Action Committee of Vistra Corp,Rep Troy Balderson,2025-02-13,1000.00
VISTRA CORPORATE SERVICES COMPANY (FKA VISTRA CORP.),Vistra Employee Political Action Committee of Vistra Corp,Rep Julia Letlow,2025-03-20,1500.00
VISTRA CORPORATE SERVICES COMPANY (FKA VISTRA CORP.),Vistra Employee Political Action Committee of Vistra Corp,Rep Nathaniel Moran,2025-05-20,1500.00
VISTRA CORPORATE SERVICES COMPANY (FKA VISTRA CORP.),Vistra Employee Political Action Committee of Vistra Corp,Rep Katherine Clark,2025-03-20,1500.00
VISTRA CORPORATE SERVICES COMPANY (FKA VISTRA CORP.),Vistra Employee Political Action Committee of Vistra Corp,Rep Nathaniel Moran,2025-03-20,2500.00
VISTRA CORPORATE SERVICES COMPANY (FKA VISTRA CORP.),Vistra Employee Political Action Committee of Vistra Corp,Rep John Joyce,2025-02-25,2500.00
VISTRA CORPORATE SERVICES COMPANY (FKA VISTRA CORP.),Vistra Employee Political Action Committee of Vistra Corp,Rep Michael Rulli,2025-03-20,1000.00
VISTRA CORPORATE SERVICES COMPANY (FKA VISTRA CORP.),Vistra Employee Political Action Committee of Vistra Corp,Rep Bob Latta,2025-03-20,1000.00
VISTRA CORPORATE SERVICES COMPANY (FKA VISTRA CORP.),Vistra Employee Political Action Committee of Vistra Corp,Rep Marc Veasey,2025-04-03,1000.00
VISTRA CORPORATE SERVICES COMPANY (FKA VISTRA CORP.),Vistra Employee Political Action Committee of Vistra Corp,Sen Shelley Moore Capito,2025-05-21,3000.00
VISTRA CORPORATE SERVICES COMPANY (FKA VISTRA CORP.),Vistra Employee Political Action Committee of Vistra Corp,Rep Lloyd K Smucker,2025-04-03,1000.00
VISTRA CORPORATE SERVICES COMPANY (FKA VISTRA CORP.),Vistra Employee Political Action Committee of Vistra Corp,Rep Greg Landsman,2025-04-03,1000.00
VISTRA CORPORATE SERVICES COMPANY (FKA VISTRA CORP.),Vistra Employee Political Action Committee of Vistra Corp,Rep Salud Carbajal,2025-04-03,2500.00
VISTRA CORPORATE SERVICES COMPANY (FKA VISTRA CORP.),Vistra Employee Political Action Committee of Vistra Corp,John Kevin Ellzey SR,2025-02-13,2000.00
VISTRA CORPORATE SERVICES COMPANY (FKA VISTRA CORP.),Vistra Employee Political Action Committee of Vistra Corp,Rep Brian Fitzpatrick,2025-02-13,1000.00
VISTRA CORPORATE SERVICES COMPANY (FKA VISTRA CORP.),Vistra Employee Political Action Committee of Vistra Corp,August Lee Pfluger II,2025-02-13,5000.00
VISTRA CORPORATE SERVICES COMPANY (FKA VISTRA CORP.),Vistra Employee Political Action Committee of Vistra Corp,Rep Craig Goldman,2025-05-20,1000.00
VISTRA CORPORATE SERVICES COMPANY (FKA VISTRA CORP.),Vistra Employee Political Action Committee of Vistra Corp,Sen Martin Heinrich,2025-06-12,1500.00
VISTRA CORPORATE SERVICES COMPANY (FKA VISTRA CORP.),Vistra Employee Political Action Committee of Vistra Corp,Rep Craig Goldman,2025-04-21,1500.00
VISTRA CORPORATE SERVICES COMPANY (FKA VISTRA CORP.),Vistra Employee Political Action Committee of Vistra Corp,Rep Jodey Arrington,2025-02-03,2000.00
VISTRA CORPORATE SERVICES COMPANY (FKA VISTRA CORP.),Vistra Employee Political Action Committee of Vistra Corp,Rep Brett Guthrie,2025-03-20,1500.00
VISTRA CORPORATE SERVICES COMPANY (FKA VISTRA CORP.),Vistra Employee Political Action Committee of Vistra Corp,Rep Dave Joyce,2025-02-03,1000.00
VISTRA CORPORATE SERVICES COMPANY (FKA VISTRA CORP.),Vistra Employee Political Action Committee of Vistra Corp,Rep Michael Bost,2025-04-21,1000.00
VISTRA CORPORATE SERVICES COMPANY (FKA VISTRA CORP.),Vistra Employee Political Action Committee of Vistra Corp,Rep Randy Weber,2025-06-12,1500.00
VISTRA CORPORATE SERVICES COMPANY (FKA VISTRA CORP.),Vistra Employee Political Action Committee of Vistra Corp,Rep Nikki Budzinski,2025-02-25,2500.00
VISTRA CORPORATE SERVICES COMPANY (FKA VISTRA CORP.),Vistra Employee Political Action Committee of Vistra Corp,Rep Mariannette MillerMeeks,2025-05-20,1000.00
VISTRA CORPORATE SERVICES COMPANY (FKA VISTRA CORP.),Vistra Employee Political Action Committee of Vistra Corp,Rep Ken Calvert,2025-04-03,1000.00
VISTRA CORPORATE SERVICES COMPANY (FKA VISTRA CORP.),Vistra Employee Political Action Committee of Vistra Corp,Rep Rudy Yakym III,2025-02-13,1000.00
VISTRA CORPORATE SERVICES COMPANY (FKA VISTRA CORP.),Vistra Employee Political Action Committee of Vistra Corp,Rep Marc Veasey,2025-04-03,1000.00
VISTRA CORPORATE SERVICES COMPANY (FKA VISTRA CORP.),Vistra Employee Political Action Committee of Vistra Corp,Rep Darin LaHood,2025-02-13,2500.00
VISTRA CORPORATE SERVICES COMPANY (FKA VISTRA CORP.),Vistra Employee Political Action Committee of Vistra Corp,Rep Pete Sessions,2025-06-12,1000.00
VISTRA CORPORATE SERVICES COMPANY (FKA VISTRA CORP.),Vistra Employee Political Action Committee of Vistra Corp,Rep Jimmy Panetta,2025-02-25,2500.00
VISTRA CORPORATE SERVICES COMPANY (FKA VISTRA CORP.),Vistra Employee Political Action Committee of Vistra Corp,Rep Julie Johnson,2025-02-03,2000.00
VISTRA CORPORATE SERVICES COMPANY (FKA VISTRA CORP.),Vistra Employee Political Action Committee of Vistra Corp,Rep Guy Reschenthaler,2025-04-03,1500.00
VISTRA CORPORATE SERVICES COMPANY (FKA VISTRA CORP.),Vistra Employee Political Action Committee of Vistra Corp,Rep Michael Bost,2025-06-12,2500.00
VISTRA CORPORATE SERVICES COMPANY (FKA VISTRA CORP.),Vistra Employee Political Action Committee of Vistra Corp,Rep Nikki Budzinski,2025-02-13,1000.00
VISTRA CORPORATE SERVICES COMPANY (FKA VISTRA CORP.),Vistra Employee Political Action Committee of Vistra Corp,Rep Nathaniel Moran,2025-05-20,500.00
VISTRA CORPORATE SERVICES COMPANY (FKA VISTRA CORP.),Vistra Employee Political Action Committee of Vistra Corp,Rep Carol Miller,2025-05-20,1000.00
VISTRA CORPORATE SERVICES COMPANY (FKA VISTRA CORP.),Vistra Employee Political Action Committee of Vistra Corp,Rep Chrissy Houlahan,2025-06-12,1000.00
VISTRA CORPORATE SERVICES COMPANY (FKA VISTRA CORP.),Vistra Employee Political Action Committee of Vistra Corp,Rep Bob Latta,2025-06-12,1500.00
VISTRA CORPORATE SERVICES COMPANY (FKA VISTRA CORP.),Vistra Employee Political Action Committee of Vistra Corp,Rep Troy Balderson,2025-06-12,2000.00
VISTRA CORPORATE SERVICES COMPANY (FKA VISTRA CORP.),Vistra Employee Political Action Committee of Vistra Corp,Sen Jon A Husted,2025-03-13,1000.00
VISTRA CORPORATE SERVICES COMPANY (FKA VISTRA CORP.),Vistra Employee Political Action Committee of Vistra Corp,Rep Michael Rulli,2025-05-20,1000.00
VISTRA CORPORATE SERVICES COMPANY (FKA VISTRA CORP.),Vistra Employee Political Action Committee of Vistra Corp,Rep Dave Joyce,2025-05-05,1000.00
VISTRA CORPORATE SERVICES COMPANY (FKA VISTRA CORP.),Vistra Employee Political Action Committee of Vistra Corp,Rep Nathaniel Moran,2025-04-21,1000.00
VISTRA CORPORATE SERVICES COMPANY (FKA VISTRA CORP.),Vistra Employee Political Action Committee of Vistra Corp,Rep Jodey Arrington,2025-04-21,1000.00
VISTRA CORPORATE SERVICES COMPANY (FKA VISTRA CORP.),Vistra Employee Political Action Committee of Vistra Corp,Rep Vicente Gonzalez,2025-04-03,1000.00
VISTRA CORPORATE SERVICES COMPANY (FKA VISTRA CORP.),Vistra Employee Political Action Committee of Vistra Corp,Rep Tom Cole,2025-05-20,2500.00
VISTRA CORPORATE SERVICES COMPANY (FKA VISTRA CORP.),Vistra Employee Political Action Committee of Vistra Corp,Rep Lloyd K Smucker,2025-04-03,1500.00
VISTRA CORPORATE SERVICES COMPANY (FKA VISTRA CORP.),Vistra Employee Political Action Committee of Vistra Corp,Sen Chris Coons,2025-06-12,1500.00
VISTRA CORPORATE SERVICES COMPANY (FKA VISTRA CORP.),Vistra Employee Political Action Committee of Vistra Corp,Rep Tony Gonzales II,2025-05-20,1000.00
VISTRA CORPORATE SERVICES COMPANY (FKA VISTRA CORP.),Vistra Employee Political Action Committee of Vistra Corp,Sen William M Cassidy,2025-06-12,2000.00
VISTRA CORPORATE SERVICES COMPANY (FKA VISTRA CORP.),Vistra Employee Political Action Committee of Vistra Corp,Rep Jimmy Panetta,2025-02-13,1000.00
VISTRA CORPORATE SERVICES COMPANY (FKA VISTRA CORP.),Vistra Employee Political Action Committee of Vistra Corp,Rep Randall Feenstra,2025-02-13,2500.00
VISTRA CORPORATE SERVICES COMPANY (FKA VISTRA CORP.),Vistra Employee Political Action Committee of Vistra Corp,Rep Jay Obernolte,2025-04-03,1000.00
VISTRA CORPORATE SERVICES COMPANY (FKA VISTRA CORP.),Vistra Employee Political Action Committee of Vistra Corp,Rep Paul D Tonko,2025-04-03,1000.00
VISTRA CORPORATE SERVICES COMPANY (FKA VISTRA CORP.),Vistra Employee Political Action Committee of Vistra Corp,Rep Ken Calvert,2025-05-21,2500.00
VISTRA CORPORATE SERVICES COMPANY (FKA VISTRA CORP.),Vistra Employee Political Action Committee of Vistra Corp,Rep David Valadao,2025-04-03,1000.00
VISTRA CORPORATE SERVICES COMPANY (FKA VISTRA CORP.),Vistra Employee Political Action Committee of Vistra Corp,Rep Kevin Hern,2025-06-12,2500.00
VISTRA CORPORATE SERVICES COMPANY (FKA VISTRA CORP.),Vistra Employee Political Action Committee of Vistra Corp,Sen Jon A Husted,2025-06-12,2500.00
VISTRA CORPORATE SERVICES COMPANY (FKA VISTRA CORP.),Vistra Employee Political Action Committee of Vistra Corp,Rep Jodey Arrington,2025-05-20,2000.00
VISTRA CORPORATE SERVICES COMPANY (FKA VISTRA CORP.),Vistra Employee Political Action Committee of Vistra Corp,Rep Roger Williams,2025-02-13,1000.00
VISTRA CORPORATE SERVICES COMPANY (FKA VISTRA CORP.),Vistra Employee Political Action Committee of Vistra Corp,Rep Troy Balderson,2025-02-13,1000.00
VISTRA CORPORATE SERVICES COMPANY (FKA VISTRA CORP.),Vistra Employee Political Action Committee of Vistra Corp,Rep Julia Letlow,2025-03-20,1500.00
VISTRA CORPORATE SERVICES COMPANY (FKA VISTRA CORP.),Vistra Employee Political Action Committee of Vistra Corp,Rep Nathaniel Moran,2025-05-20,1500.00
VISTRA CORPORATE SERVICES COMPANY (FKA VISTRA CORP.),Vistra Employee Political Action Committee of Vistra Corp,Rep Katherine Clark,2025-03-20,1500.00
VISTRA CORPORATE SERVICES COMPANY (FKA VISTRA CORP.),Vistra Employee Political Action Committee of Vistra Corp,Rep Nathaniel Moran,2025-03-20,2500.00
VISTRA CORPORATE SERVICES COMPANY (FKA VISTRA CORP.),Vistra Employee Political Action Committee of Vistra Corp,Rep John Joyce,2025-02-25,2500.00
VISTRA CORPORATE SERVICES COMPANY (FKA VISTRA CORP.),Vistra Employee Political Action Committee of Vistra Corp,Rep Michael Rulli,2025-03-20,1000.00
VISTRA CORPORATE SERVICES COMPANY (FKA VISTRA CORP.),Vistra Employee Political Action Committee of Vistra Corp,Rep Bob Latta,2025-03-20,1000.00
VISTRA CORPORATE SERVICES COMPANY (FKA VISTRA CORP.),Vistra Employee Political Action Committee of Vistra Corp,Rep Marc Veasey,2025-04-03,1000.00
VISTRA CORPORATE SERVICES COMPANY (FKA VISTRA CORP.),Vistra Employee Political Action Committee of Vistra Corp,Sen Shelley Moore Capito,2025-05-21,3000.00
VISTRA CORPORATE SERVICES COMPANY (FKA VISTRA CORP.),Vistra Employee Political Action Committee of Vistra Corp,Rep Lloyd K Smucker,2025-04-03,1000.00
VISTRA CORPORATE SERVICES COMPANY (FKA VISTRA CORP.),Vistra Employee Political Action Committee of Vistra Corp,Rep Greg Landsman,2025-04-03,1000.00
VISTRA CORPORATE SERVICES COMPANY (FKA VISTRA CORP.),Vistra Employee Political Action Committee of Vistra Corp,Rep Salud Carbajal,2025-04-03,2500.00
VISTRA CORPORATE SERVICES COMPANY (FKA VISTRA CORP.),Vistra Employee Political Action Committee of Vistra Corp,John Kevin Ellzey SR,2025-02-13,2000.00
VISTRA CORPORATE SERVICES COMPANY (FKA VISTRA CORP.),Vistra Employee Political Action Committee of Vistra Corp,Rep Brian Fitzpatrick,2025-02-13,1000.00
VISTRA CORPORATE SERVICES COMPANY (FKA VISTRA CORP.),Vistra Employee Political Action Committee of Vistra Corp,August Lee Pfluger II,2025-02-13,5000.00
VISTRA CORPORATE SERVICES COMPANY (FKA VISTRA CORP.),Vistra Employee Political Action Committee of Vistra Corp,Rep Craig Goldman,2025-05-20,1000.00
VISTRA CORPORATE SERVICES COMPANY (FKA VISTRA CORP.),Vistra Employee Political Action Committee of Vistra Corp,Sen Martin Heinrich,2025-06-12,1500.00
VISTRA CORPORATE SERVICES COMPANY (FKA VISTRA CORP.),Vistra Employee Political Action Committee of Vistra Corp,Rep Craig Goldman,2025-04-21,1500.00
VISTRA CORPORATE SERVICES COMPANY (FKA VISTRA CORP.),Vistra Employee Political Action Committee of Vistra Corp,Rep Jodey Arrington,2025-02-03,2000.00
VISTRA CORPORATE SERVICES COMPANY (FKA VISTRA CORP.),Vistra Employee Political Action Committee of Vistra Corp,Rep Brett Guthrie,2025-03-20,1500.00
VISTRA CORPORATE SERVICES COMPANY (FKA VISTRA CORP.),Vistra Employee Political Action Committee of Vistra Corp,Rep Dave Joyce,2025-02-03,1000.00
VISTRA CORPORATE SERVICES COMPANY (FKA VISTRA CORP.),Vistra Employee Political Action Committee of Vistra Corp,Rep Michael Bost,2025-04-21,1000.00
VISTRA CORPORATE SERVICES COMPANY (FKA VISTRA CORP.),Vistra Employee Political Action Committee of Vistra Corp,Rep Randy Weber,2025-06-12,1500.00
VISTRA CORPORATE SERVICES COMPANY (FKA VISTRA CORP.),Vistra Employee Political Action Committee of Vistra Corp,Rep Nikki Budzinski,2025-02-25,2500.00
VISTRA CORPORATE SERVICES COMPANY (FKA VISTRA CORP.),Vistra Employee Political Action Committee of Vistra Corp,Rep Mariannette MillerMeeks,2025-05-20,1000.00
VISTRA CORPORATE SERVICES COMPANY (FKA VISTRA CORP.),Vistra Employee Political Action Committee of Vistra Corp,Rep Ken Calvert,2025-04-03,1000.00
VISTRA CORPORATE SERVICES COMPANY (FKA VISTRA CORP.),Vistra Employee Political Action Committee of Vistra Corp,Rep Rudy Yakym III,2025-02-13,1000.00
VISTRA CORPORATE SERVICES COMPANY (FKA VISTRA CORP.),Vistra Employee Political Action Committee of Vistra Corp,Rep Marc Veasey,2025-04-03,1000.00
VISTRA CORPORATE SERVICES COMPANY (FKA VISTRA CORP.),Vistra Employee Political Action Committee of Vistra Corp,Rep Darin LaHood,2025-02-13,2500.00
VISTRA CORPORATE SERVICES COMPANY (FKA VISTRA CORP.),Vistra Employee Political Action Committee of Vistra Corp,Rep Pete Sessions,2025-06-12,1000.00
VISTRA CORPORATE SERVICES COMPANY (FKA VISTRA CORP.),Vistra Employee Political Action Committee of Vistra Corp,Rep Jimmy Panetta,2025-02-25,2500.00
VISTRA CORPORATE SERVICES COMPANY (FKA VISTRA CORP.),Vistra Employee Political Action Committee of Vistra Corp,Rep Julie Johnson,2025-02-03,2000.00
VISTRA CORPORATE SERVICES COMPANY (FKA VISTRA CORP.),Vistra Employee Political Action Committee of Vistra Corp,Rep Guy Reschenthaler,2025-04-03,1500.00
VISTRA CORPORATE SERVICES COMPANY (FKA VISTRA CORP.),Vistra Employee Political Action Committee of Vistra Corp,Rep Michael Bost,2025-06-12,2500.00
VISTRA CORPORATE SERVICES COMPANY (FKA VISTRA CORP.),Vistra Employee Political Action Committee of Vistra Corp,Rep Nikki Budzinski,2025-02-13,1000.00
VISTRA CORPORATE SERVICES COMPANY (FKA VISTRA CORP.),Vistra Employee Political Action Committee of Vistra Corp,Rep Nathaniel Moran,2025-05-20,500.00
VISTRA CORPORATE SERVICES COMPANY (FKA VISTRA CORP.),Vistra Employee Political Action Committee of Vistra Corp,Rep Carol Miller,2025-05-20,1000.00
VISTRA CORPORATE SERVICES COMPANY (FKA VISTRA CORP.),Vistra Employee Political Action Committee of Vistra Corp,Rep Chrissy Houlahan,2025-06-12,1000.00
VISTRA CORPORATE SERVICES COMPANY (FKA VISTRA CORP.),Vistra Employee Political Action Committee of Vistra Corp,Rep Bob Latta,2025-06-12,1500.00
VISTRA CORPORATE SERVICES COMPANY (FKA VISTRA CORP.),Vistra Employee Political Action Committee of Vistra Corp,Rep Troy Balderson,2025-06-12,2000.00
VISTRA CORPORATE SERVICES COMPANY (FKA VISTRA CORP.),Vistra Employee Political Action Committee of Vistra Corp,Sen Jon A Husted,2025-03-13,1000.00
VISTRA CORPORATE SERVICES COMPANY (FKA VISTRA CORP.),Vistra Employee Political Action Committee of Vistra Corp,Rep Michael Rulli,2025-05-20,1000.00
VISTRA CORPORATE SERVICES COMPANY (FKA VISTRA CORP.),Vistra Employee Political Action Committee of Vistra Corp,Rep Dave Joyce,2025-05-05,1000.00
VISTRA CORPORATE SERVICES COMPANY (FKA VISTRA CORP.),Vistra Employee Political Action Committee of Vistra Corp,Rep Nathaniel Moran,2025-04-21,1000.00
VISTRA CORPORATE SERVICES COMPANY (FKA VISTRA CORP.),Vistra Employee Political Action Committee of Vistra Corp,Rep Jodey Arrington,2025-04-21,1000.00
VISTRA CORPORATE SERVICES COMPANY (FKA VISTRA CORP.),Vistra Employee Political Action Committee of Vistra Corp,Rep Vicente Gonzalez,2025-04-03,1000.00
VISTRA CORPORATE SERVICES COMPANY (FKA VISTRA CORP.),Vistra Employee Political Action Committee of Vistra Corp,Rep Tom Cole,2025-05-20,2500.00
VISTRA CORPORATE SERVICES COMPANY (FKA VISTRA CORP.),Vistra Employee Political Action Committee of Vistra Corp,Rep Lloyd K Smucker,2025-04-03,1500.00
VISTRA CORPORATE SERVICES COMPANY (FKA VISTRA CORP.),Vistra Employee Political Action Committee of Vistra Corp,Sen Chris Coons,2025-06-12,1500.00
VISTRA CORPORATE SERVICES COMPANY (FKA VISTRA CORP.),Vistra Employee Political Action Committee of Vistra Corp,Rep Tony Gonzales II,2025-05-20,1000.00
VISTRA CORPORATE SERVICES COMPANY (FKA VISTRA CORP.),Vistra Employee Political Action Committee of Vistra Corp,Sen William M Cassidy,2025-06-12,2000.00
VISTRA CORPORATE SERVICES COMPANY (FKA VISTRA CORP.),Vistra Employee Political Action Committee of Vistra Corp,Rep Jimmy Panetta,2025-02-13,1000.00
VISTRA CORPORATE SERVICES COMPANY (FKA VISTRA CORP.),Vistra Employee Political Action Committee of Vistra Corp,Rep Randall Feenstra,2025-02-13,2500.00
VISTRA CORPORATE SERVICES COMPANY (FKA VISTRA CORP.),Vistra Employee Political Action Committee of Vistra Corp,Rep Jay Obernolte,2025-04-03,1000.00
VISTRA CORPORATE SERVICES COMPANY (FKA VISTRA CORP.),Vistra Employee Political Action Committee of Vistra Corp,Rep Paul D Tonko,2025-04-03,1000.00
VISTRA CORPORATE SERVICES COMPANY (FKA VISTRA CORP.),Vistra Employee Political Action Committee of Vistra Corp,Rep Ken Calvert,2025-05-21,2500.00
VISTRA CORPORATE SERVICES COMPANY (FKA VISTRA CORP.),Vistra Employee Political Action Committee of Vistra Corp,Rep David Valadao,2025-04-03,1000.00
VISTRA CORPORATE SERVICES COMPANY (FKA VISTRA CORP.),Vistra Employee Political Action Committee of Vistra Corp,Rep Kevin Hern,2025-06-12,2500.00
VISTRA CORPORATE SERVICES COMPANY (FKA VISTRA CORP.),Vistra Employee Political Action Committee of Vistra Corp,Sen Jon A Husted,2025-06-12,2500.00
VISTRA CORPORATE SERVICES COMPANY (FKA VISTRA CORP.),Vistra Employee Political Action Committee of Vistra Corp,Rep Jodey Arrington,2025-05-20,2000.00
VISTRA CORPORATE SERVICES COMPANY (FKA VISTRA CORP.),Vistra Employee Political Action Committee of Vistra Corp,Rep Roger Williams,2025-02-13,1000.00
VISTRA CORPORATE SERVICES COMPANY (FKA VISTRA CORP.),Vistra Employee Political Action Committee of Vistra Corp,Rep Troy Balderson,2025-02-13,1000.00
VISTRA CORPORATE SERVICES COMPANY (FKA VISTRA CORP.),Vistra Employee Political Action Committee of Vistra Corp,Rep Julia Letlow,2025-03-20,1500.00
VISTRA CORPORATE SERVICES COMPANY (FKA VISTRA CORP.),Vistra Employee Political Action Committee of Vistra Corp,Rep Nathaniel Moran,2025-05-20,1500.00
VISTRA CORPORATE SERVICES COMPANY (FKA VISTRA CORP.),Vistra Employee Political Action Committee of Vistra Corp,Rep Katherine Clark,2025-03-20,1500.00
VISTRA CORPORATE SERVICES COMPANY (FKA VISTRA CORP.),Vistra Employee Political Action Committee of Vistra Corp,Rep Nathaniel Moran,2025-03-20,2500.00
VISTRA CORPORATE SERVICES COMPANY (FKA VISTRA CORP.),Vistra Employee Political Action Committee of Vistra Corp,Rep John Joyce,2025-02-25,2500.00
VISTRA CORPORATE SERVICES COMPANY (FKA VISTRA CORP.),Vistra Employee Political Action Committee of Vistra Corp,Rep Michael Rulli,2025-03-20,1000.00
VISTRA CORPORATE SERVICES COMPANY (FKA VISTRA CORP.),Vistra Employee Political Action Committee of Vistra Corp,Rep Bob Latta,2025-03-20,1000.00
VISTRA CORPORATE SERVICES COMPANY (FKA VISTRA CORP.),Vistra Employee Political Action Committee of Vistra Corp,Rep Marc Veasey,2025-04-03,1000.00
VISTRA CORPORATE SERVICES COMPANY (FKA VISTRA CORP.),Vistra Employee Political Action Committee of Vistra Corp,Sen Shelley Moore Capito,2025-05-21,3000.00
VISTRA CORPORATE SERVICES COMPANY (FKA VISTRA CORP.),Vistra Employee Political Action Committee of Vistra Corp,Rep Lloyd K Smucker,2025-04-03,1000.00
VISTRA CORPORATE SERVICES COMPANY (FKA VISTRA CORP.),Vistra Employee Political Action Committee of Vistra Corp,Rep Greg Landsman,2025-04-03,1000.00
VISTRA CORPORATE SERVICES COMPANY (FKA VISTRA CORP.),Vistra Employee Political Action Committee of Vistra Corp,Rep Salud Carbajal,2025-04-03,2500.00
VISTRA CORPORATE SERVICES COMPANY (FKA VISTRA CORP.),Vistra Employee Political Action Committee of Vistra Corp,John Kevin Ellzey SR,2025-02-13,2000.00
VISTRA CORPORATE SERVICES COMPANY (FKA VISTRA CORP.),Vistra Employee Political Action Committee of Vistra Corp,Rep Brian Fitzpatrick,2025-02-13,1000.00
VISTRA CORPORATE SERVICES COMPANY (FKA VISTRA CORP.),Vistra Employee Political Action Committee of Vistra Corp,August Lee Pfluger II,2025-02-13,5000.00
VISTRA CORPORATE SERVICES COMPANY (FKA VISTRA CORP.),Vistra Employee Political Action Committee of Vistra Corp,Rep Craig Goldman,2025-05-20,1000.00
VISTRA CORPORATE SERVICES COMPANY (FKA VISTRA CORP.),Vistra Employee Political Action Committee of Vistra Corp,Sen Martin Heinrich,2025-06-12,1500.00
VISTRA CORPORATE SERVICES COMPANY (FKA VISTRA CORP.),Vistra Employee Political Action Committee of Vistra Corp,Rep Craig Goldman,2025-04-21,1500.00
VISTRA CORPORATE SERVICES COMPANY (FKA VISTRA CORP.),Vistra Employee Political Action Committee of Vistra Corp,Rep Jodey Arrington,2025-02-03,2000.00
VISTRA CORPORATE SERVICES COMPANY (FKA VISTRA CORP.),Vistra Employee Political Action Committee of Vistra Corp,Rep Brett Guthrie,2025-03-20,1500.00
VISTRA CORPORATE SERVICES COMPANY (FKA VISTRA CORP.),Vistra Employee Political Action Committee of Vistra Corp,Rep Dave Joyce,2025-02-03,1000.00
VISTRA CORPORATE SERVICES COMPANY (FKA VISTRA CORP.),Vistra Employee Political Action Committee of Vistra Corp,Rep Michael Bost,2025-04-21,1000.00
VISTRA CORPORATE SERVICES COMPANY (FKA VISTRA CORP.),Vistra Employee Political Action Committee of Vistra Corp,Rep Randy Weber,2025-06-12,1500.00
VISTRA CORPORATE SERVICES COMPANY (FKA VISTRA CORP.),Vistra Employee Political Action Committee of Vistra Corp,Rep Nikki Budzinski,2025-02-25,2500.00
VISTRA CORPORATE SERVICES COMPANY (FKA VISTRA CORP.),Vistra Employee Political Action Committee of Vistra Corp,Rep Mariannette MillerMeeks,2025-05-20,1000.00
VISTRA CORPORATE SERVICES COMPANY (FKA VISTRA CORP.),Vistra Employee Political Action Committee of Vistra Corp,Rep Ken Calvert,2025-04-03,1000.00
VISTRA CORPORATE SERVICES COMPANY (FKA VISTRA CORP.),Vistra Employee Political Action Committee of Vistra Corp,Rep Rudy Yakym III,2025-02-13,1000.00
VISTRA CORPORATE SERVICES COMPANY (FKA VISTRA CORP.),Vistra Employee Political Action Committee of Vistra Corp,Rep Marc Veasey,2025-04-03,1000.00
VISTRA CORPORATE SERVICES COMPANY (FKA VISTRA CORP.),Vistra Employee Political Action Committee of Vistra Corp,Rep Darin LaHood,2025-02-13,2500.00
VISTRA CORPORATE SERVICES COMPANY (FKA VISTRA CORP.),Vistra Employee Political Action Committee of Vistra Corp,Rep Pete Sessions,2025-06-12,1000.00
VISTRA CORPORATE SERVICES COMPANY (FKA VISTRA CORP.),Vistra Employee Political Action Committee of Vistra Corp,Rep Jimmy Panetta,2025-02-25,2500.00
VISTRA CORPORATE SERVICES COMPANY (FKA VISTRA CORP.),Vistra Employee Political Action Committee of Vistra Corp,Rep Julie Johnson,2025-02-03,2000.00
VISTRA CORPORATE SERVICES COMPANY (FKA VISTRA CORP.),Vistra Employee Political Action Committee of Vistra Corp,Rep Guy Reschenthaler,2025-04-03,1500.00
VISTRA CORPORATE SERVICES COMPANY (FKA VISTRA CORP.),Vistra Employee Political Action Committee of Vistra Corp,Rep Michael Bost,2025-06-12,2500.00
VISTRA CORPORATE SERVICES COMPANY (FKA VISTRA CORP.),Vistra Employee Political Action Committee of Vistra Corp,Rep Nikki Budzinski,2025-02-13,1000.00
VISTRA CORPORATE SERVICES COMPANY (FKA VISTRA CORP.),Vistra Employee Political Action Committee of Vistra Corp,Rep Nathaniel Moran,2025-05-20,500.00
VISTRA CORPORATE SERVICES COMPANY (FKA VISTRA CORP.),Vistra Employee Political Action Committee of Vistra Corp,Rep Carol Miller,2025-05-20,1000.00
VISTRA CORPORATE SERVICES COMPANY (FKA VISTRA CORP.),Vistra Employee Political Action Committee of Vistra Corp,Rep Chrissy Houlahan,2025-06-12,1000.00
VISTRA CORPORATE SERVICES COMPANY (FKA VISTRA CORP.),Vistra Employee Political Action Committee of Vistra Corp,Rep Bob Latta,2025-06-12,1500.00
VISTRA CORPORATE SERVICES COMPANY (FKA VISTRA CORP.),Vistra Employee Political Action Committee of Vistra Corp,Rep Troy Balderson,2025-06-12,2000.00
VISTRA CORPORATE SERVICES COMPANY (FKA VISTRA CORP.),Vistra Employee Political Action Committee of Vistra Corp,Sen Jon A Husted,2025-03-13,1000.00
VISTRA CORPORATE SERVICES COMPANY (FKA VISTRA CORP.),Vistra Employee Political Action Committee of Vistra Corp,Rep Michael Rulli,2025-05-20,1000.00
VISTRA CORPORATE SERVICES COMPANY (FKA VISTRA CORP.),Vistra Employee Political Action Committee of Vistra Corp,Rep Dave Joyce,2025-05-05,1000.00
VISTRA CORPORATE SERVICES COMPANY (FKA VISTRA CORP.),Vistra Employee Political Action Committee of Vistra Corp,Rep Nathaniel Moran,2025-04-21,1000.00
VISTRA CORPORATE SERVICES COMPANY (FKA VISTRA CORP.),Vistra Employee Political Action Committee of Vistra Corp,Rep Jodey Arrington,2025-04-21,1000.00
VISTRA CORPORATE SERVICES COMPANY (FKA VISTRA CORP.),Vistra Employee Political Action Committee of Vistra Corp,Rep Vicente Gonzalez,2025-04-03,1000.00
VISTRA CORPORATE SERVICES COMPANY (FKA VISTRA CORP.),Vistra Employee Political Action Committee of Vistra Corp,Rep Tom Cole,2025-05-20,2500.00
VISTRA CORPORATE SERVICES COMPANY (FKA VISTRA CORP.),Vistra Employee Political Action Committee of Vistra Corp,Rep Lloyd K Smucker,2025-04-03,1500.00
VISTRA CORPORATE SERVICES COMPANY (FKA VISTRA CORP.),Vistra Employee Political Action Committee of Vistra Corp,Sen Chris Coons,2025-06-12,1500.00
VISTRA CORPORATE SERVICES COMPANY (FKA VISTRA CORP.),Vistra Employee Political Action Committee of Vistra Corp,Rep Tony Gonzales II,2025-05-20,1000.00
VISTRA CORPORATE SERVICES COMPANY (FKA VISTRA CORP.),Vistra Employee Political Action Committee of Vistra Corp,Sen William M Cassidy,2025-06-12,2000.00
VISTRA CORPORATE SERVICES COMPANY (FKA VISTRA CORP.),Vistra Employee Political Action Committee of Vistra Corp,Rep Jimmy Panetta,2025-02-13,1000.00
VISTRA CORPORATE SERVICES COMPANY (FKA VISTRA CORP.),Vistra Employee Political Action Committee of Vistra Corp,Rep Randall Feenstra,2025-02-13,2500.00
VISTRA CORPORATE SERVICES COMPANY (FKA VISTRA CORP.),Vistra Employee Political Action Committee of Vistra Corp,Rep Jay Obernolte,2025-04-03,1000.00
VISTRA CORPORATE SERVICES COMPANY (FKA VISTRA CORP.),Vistra Employee Political Action Committee of Vistra Corp,Rep Paul D Tonko,2025-04-03,1000.00
VISTRA CORPORATE SERVICES COMPANY (FKA VISTRA CORP.),Vistra Employee Political Action Committee of Vistra Corp,Rep Ken Calvert,2025-05-21,2500.00
VISTRA CORPORATE SERVICES COMPANY (FKA VISTRA CORP.),Vistra Employee Political Action Committee of Vistra Corp,Rep David Valadao,2025-04-03,1000.00
VISTRA CORPORATE SERVICES COMPANY (FKA VISTRA CORP.),Vistra Employee Political Action Committee of Vistra Corp,Rep Kevin Hern,2025-06-12,2500.00
VISTRA CORPORATE SERVICES COMPANY (FKA VISTRA CORP.),Vistra Employee Political Action Committee of Vistra Corp,Sen Jon A Husted,2025-06-12,2500.00
VISTRA CORPORATE SERVICES COMPANY (FKA VISTRA CORP.),Vistra Employee Political Action Committee of Vistra Corp,Rep Jodey Arrington,2025-05-20,2000.00
VISTRA CORPORATE SERVICES COMPANY (FKA VISTRA CORP.),Vistra Employee Political Action Committee of Vistra Corp,Rep Roger Williams,2025-02-13,1000.00
VISTRA CORPORATE SERVICES COMPANY (FKA VISTRA CORP.),Vistra Employee Political Action Committee of Vistra Corp,Rep Troy Balderson,2025-02-13,1000.00
VISTRA CORPORATE SERVICES COMPANY (FKA VISTRA CORP.),Vistra Employee Political Action Committee of Vistra Corp,Rep Julia Letlow,2025-03-20,1500.00
VISTRA CORPORATE SERVICES COMPANY (FKA VISTRA CORP.),Vistra Employee Political Action Committee of Vistra Corp,Rep Nathaniel Moran,2025-05-20,1500.00
VISTRA CORPORATE SERVICES COMPANY (FKA VISTRA CORP.),Vistra Employee Political Action Committee of Vistra Corp,Rep Katherine Clark,2025-03-20,1500.00
VISTRA CORPORATE SERVICES COMPANY (FKA VISTRA CORP.),Vistra Employee Political Action Committee of Vistra Corp,Rep Nathaniel Moran,2025-03-20,2500.00
VISTRA CORPORATE SERVICES COMPANY (FKA VISTRA CORP.),Vistra Employee Political Action Committee of Vistra Corp,Rep John Joyce,2025-02-25,2500.00
VISTRA CORPORATE SERVICES COMPANY (FKA VISTRA CORP.),Vistra Employee Political Action Committee of Vistra Corp,Rep Michael Rulli,2025-03-20,1000.00
VISTRA CORPORATE SERVICES COMPANY (FKA VISTRA CORP.),Vistra Employee Political Action Committee of Vistra Corp,Rep Bob Latta,2025-03-20,1000.00
VISTRA CORPORATE SERVICES COMPANY (FKA VISTRA CORP.),Vistra Employee Political Action Committee of Vistra Corp,Rep Marc Veasey,2025-04-03,1000.00
VISTRA CORPORATE SERVICES COMPANY (FKA VISTRA CORP.),Vistra Employee Political Action Committee of Vistra Corp,Sen Shelley Moore Capito,2025-05-21,3000.00
VISTRA CORPORATE SERVICES COMPANY (FKA VISTRA CORP.),Vistra Employee Political Action Committee of Vistra Corp,Rep Lloyd K Smucker,2025-04-03,1000.00
VISTRA CORPORATE SERVICES COMPANY (FKA VISTRA CORP.),Vistra Employee Political Action Committee of Vistra Corp,Rep Greg Landsman,2025-04-03,1000.00
VISTRA CORPORATE SERVICES COMPANY (FKA VISTRA CORP.),Vistra Employee Political Action Committee of Vistra Corp,Rep Salud Carbajal,2025-04-03,2500.00
VISTRA CORPORATE SERVICES COMPANY (FKA VISTRA CORP.),Vistra Employee Political Action Committee of Vistra Corp,John Kevin Ellzey SR,2025-02-13,2000.00
VISTRA CORPORATE SERVICES COMPANY (FKA VISTRA CORP.),Vistra Employee Political Action Committee of Vistra Corp,Rep Brian Fitzpatrick,2025-02-13,1000.00
VISTRA CORPORATE SERVICES COMPANY (FKA VISTRA CORP.),Vistra Employee Political Action Committee of Vistra Corp,August Lee Pfluger II,2025-02-13,5000.00
VISTRA CORPORATE SERVICES COMPANY (FKA VISTRA CORP.),Vistra Employee Political Action Committee of Vistra Corp,Rep Craig Goldman,2025-05-20,1000.00
VISTRA CORPORATE SERVICES COMPANY (FKA VISTRA CORP.),Vistra Employee Political Action Committee of Vistra Corp,Sen Martin Heinrich,2025-06-12,1500.00
VISTRA CORPORATE SERVICES COMPANY (FKA VISTRA CORP.),Vistra Employee Political Action Committee of Vistra Corp,Rep Craig Goldman,2025-04-21,1500.00
VISTRA CORPORATE SERVICES COMPANY (FKA VISTRA CORP.),Vistra Employee Political Action Committee of Vistra Corp,Rep Jodey Arrington,2025-02-03,2000.00
VISTRA CORPORATE SERVICES COMPANY (FKA VISTRA CORP.),Vistra Employee Political Action Committee of Vistra Corp,Rep Brett Guthrie,2025-03-20,1500.00
VISTRA CORPORATE SERVICES COMPANY (FKA VISTRA CORP.),Vistra Employee Political Action Committee of Vistra Corp,Rep Dave Joyce,2025-02-03,1000.00
VISTRA CORPORATE SERVICES COMPANY (FKA VISTRA CORP.),Vistra Employee Political Action Committee of Vistra Corp,Rep Michael Bost,2025-04-21,1000.00
VISTRA CORPORATE SERVICES COMPANY (FKA VISTRA CORP.),Vistra Employee Political Action Committee of Vistra Corp,Rep Randy Weber,2025-06-12,1500.00
VISTRA CORPORATE SERVICES COMPANY (FKA VISTRA CORP.),Vistra Employee Political Action Committee of Vistra Corp,Rep Nikki Budzinski,2025-02-25,2500.00
VISTRA CORPORATE SERVICES COMPANY (FKA VISTRA CORP.),Vistra Employee Political Action Committee of Vistra Corp,Rep Mariannette MillerMeeks,2025-05-20,1000.00
VISTRA CORPORATE SERVICES COMPANY (FKA VISTRA CORP.),Vistra Employee Political Action Committee of Vistra Corp,Rep Ken Calvert,2025-04-03,1000.00
VISTRA CORPORATE SERVICES COMPANY (FKA VISTRA CORP.),Vistra Employee Political Action Committee of Vistra Corp,Rep Rudy Yakym III,2025-02-13,1000.00
VISTRA CORPORATE SERVICES COMPANY (FKA VISTRA CORP.),Vistra Employee Political Action Committee of Vistra Corp,Rep Marc Veasey,2025-04-03,1000.00
VISTRA CORPORATE SERVICES COMPANY (FKA VISTRA CORP.),Vistra Employee Political Action Committee of Vistra Corp,Rep Darin LaHood,2025-02-13,2500.00
VISTRA CORPORATE SERVICES COMPANY (FKA VISTRA CORP.),Vistra Employee Political Action Committee of Vistra Corp,Rep Pete Sessions,2025-06-12,1000.00
VISTRA CORPORATE SERVICES COMPANY (FKA VISTRA CORP.),Vistra Employee Political Action Committee of Vistra Corp,Rep Jimmy Panetta,2025-02-25,2500.00
VISTRA CORPORATE SERVICES COMPANY (FKA VISTRA CORP.),Vistra Employee Political Action Committee of Vistra Corp,Rep Julie Johnson,2025-02-03,2000.00
VISTRA CORPORATE SERVICES COMPANY (FKA VISTRA CORP.),Vistra Employee Political Action Committee of Vistra Corp,Rep Guy Reschenthaler,2025-04-03,1500.00
VISTRA CORPORATE SERVICES COMPANY (FKA VISTRA CORP.),Vistra Employee Political Action Committee of Vistra Corp,Rep Michael Bost,2025-06-12,2500.00
VISTRA CORPORATE SERVICES COMPANY (FKA VISTRA CORP.),Vistra Employee Political Action Committee of Vistra Corp,Rep Nikki Budzinski,2025-02-13,1000.00
VISTRA CORPORATE SERVICES COMPANY (FKA VISTRA CORP.),Vistra Employee Political Action Committee of Vistra Corp,Rep Nathaniel Moran,2025-05-20,500.00
VISTRA CORPORATE SERVICES COMPANY (FKA VISTRA CORP.),Vistra Employee Political Action Committee of Vistra Corp,Rep Carol Miller,2025-05-20,1000.00
VISTRA CORPORATE SERVICES COMPANY (FKA VISTRA CORP.),Vistra Employee Political Action Committee of Vistra Corp,Rep Chrissy Houlahan,2025-06-12,1000.00
VISTRA CORPORATE SERVICES COMPANY (FKA VISTRA CORP.),Vistra Employee Political Action Committee of Vistra Corp,Rep Bob Latta,2025-06-12,1500.00
VISTRA CORPORATE SERVICES COMPANY (FKA VISTRA CORP.),Vistra Employee Political Action Committee of Vistra Corp,Rep Troy Balderson,2025-06-12,2000.00
VISTRA CORPORATE SERVICES COMPANY (FKA VISTRA CORP.),Vistra Employee Political Action Committee of Vistra Corp,Sen Jon A Husted,2025-03-13,1000.00
VISTRA CORPORATE SERVICES COMPANY (FKA VISTRA CORP.),Vistra Employee Political Action Committee of Vistra Corp,Rep Michael Rulli,2025-05-20,1000.00
VISTRA CORPORATE SERVICES COMPANY (FKA VISTRA CORP.),Vistra Employee Political Action Committee of Vistra Corp,Rep Dave Joyce,2025-05-05,1000.00
VISTRA CORPORATE SERVICES COMPANY (FKA VISTRA CORP.),Vistra Employee Political Action Committee of Vistra Corp,Rep Nathaniel Moran,2025-04-21,1000.00
VISTRA CORPORATE SERVICES COMPANY (FKA VISTRA CORP.),Vistra Employee Political Action Committee of Vistra Corp,Rep Jodey Arrington,2025-04-21,1000.00
VISTRA CORPORATE SERVICES COMPANY (FKA VISTRA CORP.),Vistra Employee Political Action Committee of Vistra Corp,Rep Vicente Gonzalez,2025-04-03,1000.00
VISTRA CORPORATE SERVICES COMPANY (FKA VISTRA CORP.),Vistra Employee Political Action Committee of Vistra Corp,Rep Tom Cole,2025-05-20,2500.00
VISTRA CORPORATE SERVICES COMPANY (FKA VISTRA CORP.),Vistra Employee Political Action Committee of Vistra Corp,Rep Lloyd K Smucker,2025-04-03,1500.00
VISTRA CORPORATE SERVICES COMPANY (FKA VISTRA CORP.),Vistra Employee Political Action Committee of Vistra Corp,Sen Chris Coons,2025-06-12,1500.00
VISTRA CORPORATE SERVICES COMPANY (FKA VISTRA CORP.),Vistra Employee Political Action Committee of Vistra Corp,Rep Tony Gonzales II,2025-05-20,1000.00
VISTRA CORPORATE SERVICES COMPANY (FKA VISTRA CORP.),Vistra Employee Political Action Committee of Vistra Corp,Sen William M Cassidy,2025-06-12,2000.00
VISTRA CORPORATE SERVICES COMPANY (FKA VISTRA CORP.),Vistra Employee Political Action Committee of Vistra Corp,Rep Jimmy Panetta,2025-02-13,1000.00
VISTRA CORPORATE SERVICES COMPANY (FKA VISTRA CORP.),Vistra Employee Political Action Committee of Vistra Corp,Rep Randall Feenstra,2025-02-13,2500.00
VISTRA CORPORATE SERVICES COMPANY (FKA VISTRA CORP.),Vistra Employee Political Action Committee of Vistra Corp,Rep Jay Obernolte,2025-04-03,1000.00
VISTRA CORPORATE SERVICES COMPANY (FKA VISTRA CORP.),Vistra Employee Political Action Committee of Vistra Corp,Rep Paul D Tonko,2025-04-03,1000.00
VISTRA CORPORATE SERVICES COMPANY (FKA VISTRA CORP.),Vistra Employee Political Action Committee of Vistra Corp,Rep Ken Calvert,2025-05-21,2500.00
VISTRA CORPORATE SERVICES COMPANY (FKA VISTRA CORP.),Vistra Employee Political Action Committee of Vistra Corp,Rep David Valadao,2025-04-03,1000.00
VISTRA CORPORATE SERVICES COMPANY (FKA VISTRA CORP.),Vistra Employee Political Action Committee of Vistra Corp,Rep Kevin Hern,2025-06-12,2500.00
VISTRA CORPORATE SERVICES COMPANY (FKA VISTRA CORP.),Vistra Employee Political Action Committee of Vistra Corp,Sen Jon A Husted,2025-06-12,2500.00
VISTRA CORPORATE SERVICES COMPANY (FKA VISTRA CORP.),Vistra Employee Political Action Committee of Vistra Corp,Rep Jodey Arrington,2025-05-20,2000.00
VISTRA CORPORATE SERVICES COMPANY (FKA VISTRA CORP.),Vistra Employee Political Action Committee of Vistra Corp,Rep Roger Williams,2025-02-13,1000.00
VISTRA CORPORATE SERVICES COMPANY (FKA VISTRA CORP.),Vistra Employee Political Action Committee of Vistra Corp,Rep Troy Balderson,2025-02-13,1000.00
VISTRA CORPORATE SERVICES COMPANY (FKA VISTRA CORP.),Vistra Employee Political Action Committee of Vistra Corp,Rep Julia Letlow,2025-03-20,1500.00
VISTRA CORPORATE SERVICES COMPANY (FKA VISTRA CORP.),Vistra Employee Political Action Committee of Vistra Corp,Rep Nathaniel Moran,2025-05-20,1500.00
VISTRA CORPORATE SERVICES COMPANY (FKA VISTRA CORP.),Vistra Employee Political Action Committee of Vistra Corp,Rep Katherine Clark,2025-03-20,1500.00
VISTRA CORPORATE SERVICES COMPANY (FKA VISTRA CORP.),Vistra Employee Political Action Committee of Vistra Corp,Rep Nathaniel Moran,2025-03-20,2500.00
VISTRA CORPORATE SERVICES COMPANY (FKA VISTRA CORP.),Vistra Employee Political Action Committee of Vistra Corp,Rep John Joyce,2025-02-25,2500.00
VISTRA CORPORATE SERVICES COMPANY (FKA VISTRA CORP.),Vistra Employee Political Action Committee of Vistra Corp,Rep Michael Rulli,2025-03-20,1000.00
VISTRA CORPORATE SERVICES COMPANY (FKA VISTRA CORP.),Vistra Employee Political Action Committee of Vistra Corp,Rep Bob Latta,2025-03-20,1000.00
VISTRA CORPORATE SERVICES COMPANY (FKA VISTRA CORP.),Vistra Employee Political Action Committee of Vistra Corp,Rep Marc Veasey,2025-04-03,1000.00
VISTRA CORPORATE SERVICES COMPANY (FKA VISTRA CORP.),Vistra Employee Political Action Committee of Vistra Corp,Sen Shelley Moore Capito,2025-05-21,3000.00
VISTRA CORPORATE SERVICES COMPANY (FKA VISTRA CORP.),Vistra Employee Political Action Committee of Vistra Corp,Rep Lloyd K Smucker,2025-04-03,1000.00
VISTRA CORPORATE SERVICES COMPANY (FKA VISTRA CORP.),Vistra Employee Political Action Committee of Vistra Corp,Rep Greg Landsman,2025-04-03,1000.00
VISTRA CORPORATE SERVICES COMPANY (FKA VISTRA CORP.),Vistra Employee Political Action Committee of Vistra Corp,Rep Salud Carbajal,2025-04-03,2500.00
VISTRA CORPORATE SERVICES COMPANY (FKA VISTRA CORP.),Vistra Employee Political Action Committee of Vistra Corp,John Kevin Ellzey SR,2025-02-13,2000.00
VISTRA CORPORATE SERVICES COMPANY (FKA VISTRA CORP.),Vistra Employee Political Action Committee of Vistra Corp,Rep Brian Fitzpatrick,2025-02-13,1000.00
VISTRA CORPORATE SERVICES COMPANY (FKA VISTRA CORP.),Vistra Employee Political Action Committee of Vistra Corp,August Lee Pfluger II,2025-02-13,5000.00
VISTRA CORPORATE SERVICES COMPANY (FKA VISTRA CORP.),Vistra Employee Political Action Committee of Vistra Corp,Rep Craig Goldman,2025-05-20,1000.00
VISTRA CORPORATE SERVICES COMPANY (FKA VISTRA CORP.),Vistra Employee Political Action Committee of Vistra Corp,Sen Martin Heinrich,2025-06-12,1500.00
VISTRA CORPORATE SERVICES COMPANY (FKA VISTRA CORP.),Vistra Employee Political Action Committee of Vistra Corp,Rep Craig Goldman,2025-04-21,1500.00
VISTRA CORPORATE SERVICES COMPANY (FKA VISTRA CORP.),Vistra Employee Political Action Committee of Vistra Corp,Rep Jodey Arrington,2025-02-03,2000.00
VISTRA CORPORATE SERVICES COMPANY (FKA VISTRA CORP.),Vistra Employee Political Action Committee of Vistra Corp,Rep Brett Guthrie,2025-03-20,1500.00
VISTRA CORPORATE SERVICES COMPANY (FKA VISTRA CORP.),Vistra Employee Political Action Committee of Vistra Corp,Rep Dave Joyce,2025-02-03,1000.00
VISTRA CORPORATE SERVICES COMPANY (FKA VISTRA CORP.),Vistra Employee Political Action Committee of Vistra Corp,Rep Michael Bost,2025-04-21,1000.00
VISTRA CORPORATE SERVICES COMPANY (FKA VISTRA CORP.),Vistra Employee Political Action Committee of Vistra Corp,Rep Randy Weber,2025-06-12,1500.00
VISTRA CORPORATE SERVICES COMPANY (FKA VISTRA CORP.),Vistra Employee Political Action Committee of Vistra Corp,Rep Nikki Budzinski,2025-02-25,2500.00
VISTRA CORPORATE SERVICES COMPANY (FKA VISTRA CORP.),Vistra Employee Political Action Committee of Vistra Corp,Rep Mariannette MillerMeeks,2025-05-20,1000.00
VISTRA CORPORATE SERVICES COMPANY (FKA VISTRA CORP.),Vistra Employee Political Action Committee of Vistra Corp,Rep Ken Calvert,2025-04-03,1000.00
VISTRA CORPORATE SERVICES COMPANY (FKA VISTRA CORP.),Vistra Employee Political Action Committee of Vistra Corp,Rep Rudy Yakym III,2025-02-13,1000.00
DUNKEL GOVERNMENT RELATIONS,,Rep John Joyce,2025-03-30,500.00
DUNKEL GOVERNMENT RELATIONS,,Rep Russ Fulcher,2025-03-30,500.00
DUNKEL GOVERNMENT RELATIONS,,Rep Richard Hudson,2025-03-30,500.00
DUNKEL GOVERNMENT RELATIONS,,Sen Steve Daines,2025-03-31,500.00
DUNKEL GOVERNMENT RELATIONS,,Rep Brett Guthrie,2025-03-31,500.00
DUNKEL GOVERNMENT RELATIONS,,Rep Adrian Smith,2025-03-31,500.00
DUNKEL GOVERNMENT RELATIONS,,Rep Aaron Bean,2025-06-30,500.00
DUNKEL GOVERNMENT RELATIONS,,Rep Bob Latta,2025-06-30,500.00
DUNKEL GOVERNMENT RELATIONS,,Rep Richard Hudson,2025-06-30,500.00
DUNKEL GOVERNMENT RELATIONS,,Rep Buddy Carter,2025-06-30,1000.00
DUNKEL GOVERNMENT RELATIONS,,Rep Jack Bergman,2025-06-30,500.00
DUNKEL GOVERNMENT RELATIONS,,Rep Kat Cammack,2025-06-30,500.00
DUNKEL GOVERNMENT RELATIONS,,Sen Roger Wicker,2025-06-30,1000.00
DUNKEL GOVERNMENT RELATIONS,,Sen Ted Budd,2025-06-30,500.00
DUNKEL GOVERNMENT RELATIONS,,Rep Michael Rulli,2025-06-30,500.00
DUNKEL GOVERNMENT RELATIONS,,Rep John Joyce,2025-03-30,500.00
DUNKEL GOVERNMENT RELATIONS,,Rep Russ Fulcher,2025-03-30,500.00
DUNKEL GOVERNMENT RELATIONS,,Rep Richard Hudson,2025-03-30,500.00
DUNKEL GOVERNMENT RELATIONS,,Sen Steve Daines,2025-03-31,500.00
DUNKEL GOVERNMENT RELATIONS,,Rep Brett Guthrie,2025-03-31,500.00
DUNKEL GOVERNMENT RELATIONS,,Rep Adrian Smith,2025-03-31,500.00
DUNKEL GOVERNMENT RELATIONS,,Rep Aaron Bean,2025-06-30,500.00
DUNKEL GOVERNMENT RELATIONS,,Rep Bob Latta,2025-06-30,500.00
DUNKEL GOVERNMENT RELATIONS,,Rep Richard Hudson,2025-06-30,500.00
DUNKEL GOVERNMENT RELATIONS,,Rep Buddy Carter,2025-06-30,1000.00
DUNKEL GOVERNMENT RELATIONS,,Rep Jack Bergman,2025-06-30,500.00
DUNKEL GOVERNMENT RELATIONS,,Rep Kat Cammack,2025-06-30,500.00
DUNKEL GOVERNMENT RELATIONS,,Sen Roger Wicker,2025-06-30,1000.00
DUNKEL GOVERNMENT RELATIONS,,Sen Ted Budd,2025-06-30,500.00
DUNKEL GOVERNMENT RELATIONS,,Rep Michael Rulli,2025-06-30,500.00
S-3 GROUP,,Steve Scalise,2025-01-27,5000.00
S-3 GROUP,,Jason Smith,2025-03-18,1500.00
S-3 GROUP,,Dave Schweikart,2025-03-24,500.00
S-3 GROUP,,Brian Fitzpatrick,2025-03-25,500.00
S-3 GROUP,,Mike Johnson,2025-04-22,10000.00
S-3 GROUP,,Aaron Bean,2025-05-06,500.00
S-3 GROUP,,Steve Scalise,2025-06-02,5000.00
S-3 GROUP,,Steve Scalise,2025-01-27,5000.00
S-3 GROUP,,Jason Smith,2025-03-18,1500.00
S-3 GROUP,,Dave Schweikart,2025-03-24,500.00
S-3 GROUP,,Brian Fitzpatrick,2025-03-25,500.00
S-3 GROUP,,Mike Johnson,2025-04-22,10000.00
S-3 GROUP,,Aaron Bean,2025-05-06,500.00
S-3 GROUP,,Steve Scalise,2025-06-02,5000.00
AKIN GUMP STRAUSS HAUER & FELD,Texans for Lamar Smith,Darrell Issa,2025-01-22,1000.00
AKIN GUMP STRAUSS HAUER & FELD,Texans for Lamar Smith,Tom Cole,2025-01-06,3300.00
AKIN GUMP STRAUSS HAUER & FELD,Texans for Lamar Smith,Dr. Brian Babin,2025-02-18,3700.00
AKIN GUMP STRAUSS HAUER & FELD,Texans for Lamar Smith,Jim Jordan,2025-02-15,3500.00
AKIN GUMP STRAUSS HAUER & FELD,Texans for Lamar Smith,Jason Smith,2025-02-15,3500.00
AKIN GUMP STRAUSS HAUER & FELD,Texans for Lamar Smith,Cornyn Victory,2025-02-25,1000.00
AKIN GUMP STRAUSS HAUER & FELD,Texans for Lamar Smith,Jake Ellzey,2025-03-03,1000.00
AKIN GUMP STRAUSS HAUER & FELD,Texans for Lamar Smith,Mark Warner,2025-03-10,1000.00
AKIN GUMP STRAUSS HAUER & FELD,Texans for Lamar Smith,NRSC,2025-02-25,2800.00
AKIN GUMP STRAUSS HAUER & FELD,Texans for Lamar Smith,Monica de la Cruz,2025-03-26,1000.00
AKIN GUMP STRAUSS HAUER & FELD,Texans for Lamar Smith,Don Beyer,2025-03-28,1000.00
AKIN GUMP STRAUSS HAUER & FELD,Texans for Lamar Smith,Bill Hagerty,2025-03-28,1000.00
AKIN GUMP STRAUSS HAUER & FELD,Texans for Lamar Smith,Richard Neal,2025-03-28,1000.00
AKIN GUMP STRAUSS HAUER & FELD,Texans for Lamar Smith,Ryan Zinke,2025-03-25,1000.00
AKIN GUMP STRAUSS HAUER & FELD,Texans for Lamar Smith,Cynthia Lummis,2025-03-25,1500.00
AKIN GUMP STRAUSS HAUER & FELD,Texans for Lamar Smith,Tony Gonzales,2025-03-26,1000.00
AKIN GUMP STRAUSS HAUER & FELD,Texans for Lamar Smith,Tony Gonzales,2025-03-26,200.00
AKIN GUMP STRAUSS HAUER & FELD,Texans for Lamar Smith,David Schweikert,2025-04-29,1000.00
AKIN GUMP STRAUSS HAUER & FELD,Texans for Lamar Smith,Ted Cruz,2025-05-12,2500.00
AKIN GUMP STRAUSS HAUER & FELD,Texans for Lamar Smith,Keith Self,2025-05-15,1000.00
AKIN GUMP STRAUSS HAUER & FELD,Texans for Lamar Smith,John Barrasso,2025-05-16,1000.00
AKIN GUMP STRAUSS HAUER & FELD,Texans for Lamar Smith,Darren Soto,2025-03-05,1000.00
AKIN GUMP STRAUSS HAUER & FELD,Texans for Lamar Smith,Darin Lahood,2025-03-05,1000.00
AKIN GUMP STRAUSS HAUER & FELD,Texans for Lamar Smith,Lance Gooden,2025-01-08,1000.00
AKIN GUMP STRAUSS HAUER & FELD,Texans for Lamar Smith,Chip Roy,2025-01-22,1000.00
AKIN GUMP STRAUSS HAUER & FELD,Texans for Lamar Smith,Henry Cuellar,2025-01-22,1000.00
AKIN GUMP STRAUSS HAUER & FELD,Texans for Lamar Smith,Steve Womack,2025-01-22,1000.00
AKIN GUMP STRAUSS HAUER & FELD,Texans for Lamar Smith,S. Brett Guthrie,2025-02-13,1000.00
AKIN GUMP STRAUSS HAUER & FELD,Texans for Lamar Smith,NRSC,2025-02-25,2800.00
AKIN GUMP STRAUSS HAUER & FELD,Texans for Lamar Smith,Tom Cole,2025-02-10,3700.00
AKIN GUMP STRAUSS HAUER & FELD,Texans for Lamar Smith,Darrell Issa,2025-02-10,1000.00
AKIN GUMP STRAUSS HAUER & FELD,Texans for Lamar Smith,Darrell Issa,2025-01-22,1000.00
AKIN GUMP STRAUSS HAUER & FELD,Texans for Lamar Smith,Tom Cole,2025-01-06,3300.00
AKIN GUMP STRAUSS HAUER & FELD,Texans for Lamar Smith,Dr. Brian Babin,2025-02-18,3700.00
AKIN GUMP STRAUSS HAUER & FELD,Texans for Lamar Smith,Jim Jordan,2025-02-15,3500.00
AKIN GUMP STRAUSS HAUER & FELD,Texans for Lamar Smith,Jason Smith,2025-02-15,3500.00
AKIN GUMP STRAUSS HAUER & FELD,Texans for Lamar Smith,Cornyn Victory,2025-02-25,1000.00
AKIN GUMP STRAUSS HAUER & FELD,Texans for Lamar Smith,Jake Ellzey,2025-03-03,1000.00
AKIN GUMP STRAUSS HAUER & FELD,Texans for Lamar Smith,Mark Warner,2025-03-10,1000.00
AKIN GUMP STRAUSS HAUER & FELD,Texans for Lamar Smith,NRSC,2025-02-25,2800.00
AKIN GUMP STRAUSS HAUER & FELD,Texans for Lamar Smith,Monica de la Cruz,2025-03-26,1000.00
AKIN GUMP STRAUSS HAUER & FELD,Texans for Lamar Smith,Don Beyer,2025-03-28,1000.00
AKIN GUMP STRAUSS HAUER & FELD,Texans for Lamar Smith,Bill Hagerty,2025-03-28,1000.00
AKIN GUMP STRAUSS HAUER & FELD,Texans for Lamar Smith,Richard Neal,2025-03-28,1000.00
AKIN GUMP STRAUSS HAUER & FELD,Texans for Lamar Smith,Ryan Zinke,2025-03-25,1000.00
AKIN GUMP STRAUSS HAUER & FELD,Texans for Lamar Smith,Cynthia Lummis,2025-03-25,1500.00
AKIN GUMP STRAUSS HAUER & FELD,Texans for Lamar Smith,Tony Gonzales,2025-03-26,1000.00
AKIN GUMP STRAUSS HAUER & FELD,Texans for Lamar Smith,Tony Gonzales,2025-03-26,200.00
AKIN GUMP STRAUSS HAUER & FELD,Texans for Lamar Smith,David Schweikert,2025-04-29,1000.00
AKIN GUMP STRAUSS HAUER & FELD,Texans for Lamar Smith,Ted Cruz,2025-05-12,2500.00
AKIN GUMP STRAUSS HAUER & FELD,Texans for Lamar Smith,Keith Self,2025-05-15,1000.00
AKIN GUMP STRAUSS HAUER & FELD,Texans for Lamar Smith,John Barrasso,2025-05-16,1000.00
AKIN GUMP STRAUSS HAUER & FELD,Texans for Lamar Smith,Darren Soto,2025-03-05,1000.00
AKIN GUMP STRAUSS HAUER & FELD,Texans for Lamar Smith,Darin Lahood,2025-03-05,1000.00
AKIN GUMP STRAUSS HAUER & FELD,Texans for Lamar Smith,Lance Gooden,2025-01-08,1000.00
AKIN GUMP STRAUSS HAUER & FELD,Texans for Lamar Smith,Chip Roy,2025-01-22,1000.00
AKIN GUMP STRAUSS HAUER & FELD,Texans for Lamar Smith,Henry Cuellar,2025-01-22,1000.00
AKIN GUMP STRAUSS HAUER & FELD,Texans for Lamar Smith,Steve Womack,2025-01-22,1000.00
AKIN GUMP STRAUSS HAUER & FELD,Texans for Lamar Smith,S. Brett Guthrie,2025-02-13,1000.00
AKIN GUMP STRAUSS HAUER & FELD,Texans for Lamar Smith,NRSC,2025-02-25,2800.00
AKIN GUMP STRAUSS HAUER & FELD,Texans for Lamar Smith,Tom Cole,2025-02-10,3700.00
AKIN GUMP STRAUSS HAUER & FELD,Texans for Lamar Smith,Darrell Issa,2025-02-10,1000.00
AKIN GUMP STRAUSS HAUER & FELD,Texans for Lamar Smith,Darrell Issa,2025-01-22,1000.00
AKIN GUMP STRAUSS HAUER & FELD,Texans for Lamar Smith,Tom Cole,2025-01-06,3300.00
AKIN GUMP STRAUSS HAUER & FELD,Texans for Lamar Smith,Dr. Brian Babin,2025-02-18,3700.00
AKIN GUMP STRAUSS HAUER & FELD,Texans for Lamar Smith,Jim Jordan,2025-02-15,3500.00
AKIN GUMP STRAUSS HAUER & FELD,Texans for Lamar Smith,Jason Smith,2025-02-15,3500.00
AKIN GUMP STRAUSS HAUER & FELD,Texans for Lamar Smith,Cornyn Victory,2025-02-25,1000.00
AKIN GUMP STRAUSS HAUER & FELD,Texans for Lamar Smith,Jake Ellzey,2025-03-03,1000.00
AKIN GUMP STRAUSS HAUER & FELD,Texans for Lamar Smith,Mark Warner,2025-03-10,1000.00
AKIN GUMP STRAUSS HAUER & FELD,Texans for Lamar Smith,NRSC,2025-02-25,2800.00
AKIN GUMP STRAUSS HAUER & FELD,Texans for Lamar Smith,Monica de la Cruz,2025-03-26,1000.00
AKIN GUMP STRAUSS HAUER & FELD,Texans for Lamar Smith,Don Beyer,2025-03-28,1000.00
AKIN GUMP STRAUSS HAUER & FELD,Texans for Lamar Smith,Bill Hagerty,2025-03-28,1000.00
AKIN GUMP STRAUSS HAUER & FELD,Texans for Lamar Smith,Richard Neal,2025-03-28,1000.00
AKIN GUMP STRAUSS HAUER & FELD,Texans for Lamar Smith,Ryan Zinke,2025-03-25,1000.00
AKIN GUMP STRAUSS HAUER & FELD,Texans for Lamar Smith,Cynthia Lummis,2025-03-25,1500.00
AKIN GUMP STRAUSS HAUER & FELD,Texans for Lamar Smith,Tony Gonzales,2025-03-26,1000.00
AKIN GUMP STRAUSS HAUER & FELD,Texans for Lamar Smith,Tony Gonzales,2025-03-26,200.00
AKIN GUMP STRAUSS HAUER & FELD,Texans for Lamar Smith,David Schweikert,2025-04-29,1000.00
AKIN GUMP STRAUSS HAUER & FELD,Texans for Lamar Smith,Ted Cruz,2025-05-12,2500.00
AKIN GUMP STRAUSS HAUER & FELD,Texans for Lamar Smith,Keith Self,2025-05-15,1000.00
AKIN GUMP STRAUSS HAUER & FELD,Texans for Lamar Smith,John Barrasso,2025-05-16,1000.00
AKIN GUMP STRAUSS HAUER & FELD,Texans for Lamar Smith,Darren Soto,2025-03-05,1000.00
AKIN GUMP STRAUSS HAUER & FELD,Texans for Lamar Smith,Darin Lahood,2025-03-05,1000.00
AKIN GUMP STRAUSS HAUER & FELD,Texans for Lamar Smith,Lance Gooden,2025-01-08,1000.00
AKIN GUMP STRAUSS HAUER & FELD,Texans for Lamar Smith,Chip Roy,2025-01-22,1000.00
AKIN GUMP STRAUSS HAUER & FELD,Texans for Lamar Smith,Henry Cuellar,2025-01-22,1000.00
AKIN GUMP STRAUSS HAUER & FELD,Texans for Lamar Smith,Steve Womack,2025-01-22,1000.00
AKIN GUMP STRAUSS HAUER & FELD,Texans for Lamar Smith,S. Brett Guthrie,2025-02-13,1000.00
AKIN GUMP STRAUSS HAUER & FELD,Texans for Lamar Smith,NRSC,2025-02-25,2800.00
AKIN GUMP STRAUSS HAUER & FELD,Texans for Lamar Smith,Tom Cole,2025-02-10,3700.00
AKIN GUMP STRAUSS HAUER & FELD,Texans for Lamar Smith,Darrell Issa,2025-02-10,1000.00
AKIN GUMP STRAUSS HAUER & FELD,Texans for Lamar Smith,Darrell Issa,2025-01-22,1000.00
AKIN GUMP STRAUSS HAUER & FELD,Texans for Lamar Smith,Tom Cole,2025-01-06,3300.00
AKIN GUMP STRAUSS HAUER & FELD,Texans for Lamar Smith,Dr. Brian Babin,2025-02-18,3700.00
AKIN GUMP STRAUSS HAUER & FELD,Texans for Lamar Smith,Jim Jordan,2025-02-15,3500.00
AKIN GUMP STRAUSS HAUER & FELD,Texans for Lamar Smith,Jason Smith,2025-02-15,3500.00
AKIN GUMP STRAUSS HAUER & FELD,Texans for Lamar Smith,Cornyn Victory,2025-02-25,1000.00
AKIN GUMP STRAUSS HAUER & FELD,Texans for Lamar Smith,Jake Ellzey,2025-03-03,1000.00
AKIN GUMP STRAUSS HAUER & FELD,Texans for Lamar Smith,Mark Warner,2025-03-10,1000.00
AKIN GUMP STRAUSS HAUER & FELD,Texans for Lamar Smith,NRSC,2025-02-25,2800.00
AKIN GUMP STRAUSS HAUER & FELD,Texans for Lamar Smith,Monica de la Cruz,2025-03-26,1000.00
AKIN GUMP STRAUSS HAUER & FELD,Texans for Lamar Smith,Don Beyer,2025-03-28,1000.00
AKIN GUMP STRAUSS HAUER & FELD,Texans for Lamar Smith,Bill Hagerty,2025-03-28,1000.00
AKIN GUMP STRAUSS HAUER & FELD,Texans for Lamar Smith,Richard Neal,2025-03-28,1000.00
AKIN GUMP STRAUSS HAUER & FELD,Texans for Lamar Smith,Ryan Zinke,2025-03-25,1000.00
AKIN GUMP STRAUSS HAUER & FELD,Texans for Lamar Smith,Cynthia Lummis,2025-03-25,1500.00
AKIN GUMP STRAUSS HAUER & FELD,Texans for Lamar Smith,Tony Gonzales,2025-03-26,1000.00
AKIN GUMP STRAUSS HAUER & FELD,Texans for Lamar Smith,Tony Gonzales,2025-03-26,200.00
AKIN GUMP STRAUSS HAUER & FELD,Texans for Lamar Smith,David Schweikert,2025-04-29,1000.00
AKIN GUMP STRAUSS HAUER & FELD,Texans for Lamar Smith,Ted Cruz,2025-05-12,2500.00
AKIN GUMP STRAUSS HAUER & FELD,Texans for Lamar Smith,Keith Self,2025-05-15,1000.00
AKIN GUMP STRAUSS HAUER & FELD,Texans for Lamar Smith,John Barrasso,2025-05-16,1000.00
AKIN GUMP STRAUSS HAUER & FELD,Texans for Lamar Smith,Darren Soto,2025-03-05,1000.00
AKIN GUMP STRAUSS HAUER & FELD,Texans for Lamar Smith,Darin Lahood,2025-03-05,1000.00
AKIN GUMP STRAUSS HAUER & FELD,Texans for Lamar Smith,Lance Gooden,2025-01-08,1000.00
AKIN GUMP STRAUSS HAUER & FELD,Texans for Lamar Smith,Chip Roy,2025-01-22,1000.00
AKIN GUMP STRAUSS HAUER & FELD,Texans for Lamar Smith,Henry Cuellar,2025-01-22,1000.00
AKIN GUMP STRAUSS HAUER & FELD,Texans for Lamar Smith,Steve Womack,2025-01-22,1000.00
AKIN GUMP STRAUSS HAUER & FELD,Texans for Lamar Smith,S. Brett Guthrie,2025-02-13,1000.00
AKIN GUMP STRAUSS HAUER & FELD,Texans for Lamar Smith,NRSC,2025-02-25,2800.00
AKIN GUMP STRAUSS HAUER & FELD,Texans for Lamar Smith,Tom Cole,2025-02-10,3700.00
AKIN GUMP STRAUSS HAUER & FELD,Texans for Lamar Smith,Darrell Issa,2025-02-10,1000.00
AKIN GUMP STRAUSS HAUER & FELD,Texans for Lamar Smith,Darrell Issa,2025-01-22,1000.00
AKIN GUMP STRAUSS HAUER & FELD,Texans for Lamar Smith,Tom Cole,2025-01-06,3300.00
AKIN GUMP STRAUSS HAUER & FELD,Texans for Lamar Smith,Dr. Brian Babin,2025-02-18,3700.00
AKIN GUMP STRAUSS HAUER & FELD,Texans for Lamar Smith,Jim Jordan,2025-02-15,3500.00
AKIN GUMP STRAUSS HAUER & FELD,Texans for Lamar Smith,Jason Smith,2025-02-15,3500.00
AKIN GUMP STRAUSS HAUER & FELD,Texans for Lamar Smith,Cornyn Victory,2025-02-25,1000.00
AKIN GUMP STRAUSS HAUER & FELD,Texans for Lamar Smith,Jake Ellzey,2025-03-03,1000.00
AKIN GUMP STRAUSS HAUER & FELD,Texans for Lamar Smith,Mark Warner,2025-03-10,1000.00
AKIN GUMP STRAUSS HAUER & FELD,Texans for Lamar Smith,NRSC,2025-02-25,2800.00
AKIN GUMP STRAUSS HAUER & FELD,Texans for Lamar Smith,Monica de la Cruz,2025-03-26,1000.00
AKIN GUMP STRAUSS HAUER & FELD,Texans for Lamar Smith,Don Beyer,2025-03-28,1000.00
AKIN GUMP STRAUSS HAUER & FELD,Texans for Lamar Smith,Bill Hagerty,2025-03-28,1000.00
AKIN GUMP STRAUSS HAUER & FELD,Texans for Lamar Smith,Richard Neal,2025-03-28,1000.00
AKIN GUMP STRAUSS HAUER & FELD,Texans for Lamar Smith,Ryan Zinke,2025-03-25,1000.00
AKIN GUMP STRAUSS HAUER & FELD,Texans for Lamar Smith,Cynthia Lummis,2025-03-25,1500.00
AKIN GUMP STRAUSS HAUER & FELD,Texans for Lamar Smith,Tony Gonzales,2025-03-26,1000.00
AKIN GUMP STRAUSS HAUER & FELD,Texans for Lamar Smith,Tony Gonzales,2025-03-26,200.00
AKIN GUMP STRAUSS HAUER & FELD,Texans for Lamar Smith,David Schweikert,2025-04-29,1000.00
AKIN GUMP STRAUSS HAUER & FELD,Texans for Lamar Smith,Ted Cruz,2025-05-12,2500.00
AKIN GUMP STRAUSS HAUER & FELD,Texans for Lamar Smith,Keith Self,2025-05-15,1000.00
AKIN GUMP STRAUSS HAUER & FELD,Texans for Lamar Smith,John Barrasso,2025-05-16,1000.00
AKIN GUMP STRAUSS HAUER & FELD,Texans for Lamar Smith,Darren Soto,2025-03-05,1000.00
AKIN GUMP STRAUSS HAUER & FELD,Texans for Lamar Smith,Darin Lahood,2025-03-05,1000.00
AKIN GUMP STRAUSS HAUER & FELD,Texans for Lamar Smith,Lance Gooden,2025-01-08,1000.00
AKIN GUMP STRAUSS HAUER & FELD,Texans for Lamar Smith,Chip Roy,2025-01-22,1000.00
AKIN GUMP STRAUSS HAUER & FELD,Texans for Lamar Smith,Henry Cuellar,2025-01-22,1000.00
AKIN GUMP STRAUSS HAUER & FELD,Texans for Lamar Smith,Steve Womack,2025-01-22,1000.00
AKIN GUMP STRAUSS HAUER & FELD,Texans for Lamar Smith,S. Brett Guthrie,2025-02-13,1000.00
AKIN GUMP STRAUSS HAUER & FELD,Texans for Lamar Smith,NRSC,2025-02-25,2800.00
AKIN GUMP STRAUSS HAUER & FELD,Texans for Lamar Smith,Tom Cole,2025-02-10,3700.00
AKIN GUMP STRAUSS HAUER & FELD,Texans for Lamar Smith,Darrell Issa,2025-02-10,1000.00
AKIN GUMP STRAUSS HAUER & FELD,Texans for Lamar Smith,Darrell Issa,2025-01-22,1000.00
AKIN GUMP STRAUSS HAUER & FELD,Texans for Lamar Smith,Tom Cole,2025-01-06,3300.00
AKIN GUMP STRAUSS HAUER & FELD,Texans for Lamar Smith,Dr. Brian Babin,2025-02-18,3700.00
AKIN GUMP STRAUSS HAUER & FELD,Texans for Lamar Smith,Jim Jordan,2025-02-15,3500.00
AKIN GUMP STRAUSS HAUER & FELD,Texans for Lamar Smith,Jason Smith,2025-02-15,3500.00
AKIN GUMP STRAUSS HAUER & FELD,Texans for Lamar Smith,Cornyn Victory,2025-02-25,1000.00
AKIN GUMP STRAUSS HAUER & FELD,Texans for Lamar Smith,Jake Ellzey,2025-03-03,1000.00
AKIN GUMP STRAUSS HAUER & FELD,Texans for Lamar Smith,Mark Warner,2025-03-10,1000.00
AKIN GUMP STRAUSS HAUER & FELD,Texans for Lamar Smith,NRSC,2025-02-25,2800.00
AKIN GUMP STRAUSS HAUER & FELD,Texans for Lamar Smith,Monica de la Cruz,2025-03-26,1000.00
AKIN GUMP STRAUSS HAUER & FELD,Texans for Lamar Smith,Don Beyer,2025-03-28,1000.00
AKIN GUMP STRAUSS HAUER & FELD,Texans for Lamar Smith,Bill Hagerty,2025-03-28,1000.00
AKIN GUMP STRAUSS HAUER & FELD,Texans for Lamar Smith,Richard Neal,2025-03-28,1000.00
AKIN GUMP STRAUSS HAUER & FELD,Texans for Lamar Smith,Ryan Zinke,2025-03-25,1000.00
AKIN GUMP STRAUSS HAUER & FELD,Texans for Lamar Smith,Cynthia Lummis,2025-03-25,1500.00
AKIN GUMP STRAUSS HAUER & FELD,Texans for Lamar Smith,Tony Gonzales,2025-03-26,1000.00
AKIN GUMP STRAUSS HAUER & FELD,Texans for Lamar Smith,Tony Gonzales,2025-03-26,200.00
AKIN GUMP STRAUSS HAUER & FELD,Texans for Lamar Smith,David Schweikert,2025-04-29,1000.00
AKIN GUMP STRAUSS HAUER & FELD,Texans for Lamar Smith,Ted Cruz,2025-05-12,2500.00
AKIN GUMP STRAUSS HAUER & FELD,Texans for Lamar Smith,Keith Self,2025-05-15,1000.00
AKIN GUMP STRAUSS HAUER & FELD,Texans for Lamar Smith,John Barrasso,2025-05-16,1000.00
AKIN GUMP STRAUSS HAUER & FELD,Texans for Lamar Smith,Darren Soto,2025-03-05,1000.00
AKIN GUMP STRAUSS HAUER & FELD,Texans for Lamar Smith,Darin Lahood,2025-03-05,1000.00
AKIN GUMP STRAUSS HAUER & FELD,Texans for Lamar Smith,Lance Gooden,2025-01-08,1000.00
AKIN GUMP STRAUSS HAUER & FELD,Texans for Lamar Smith,Chip Roy,2025-01-22,1000.00
AKIN GUMP STRAUSS HAUER & FELD,Texans for Lamar Smith,Henry Cuellar,2025-01-22,1000.00
AKIN GUMP STRAUSS HAUER & FELD,Texans for Lamar Smith,Steve Womack,2025-01-22,1000.00
AKIN GUMP STRAUSS HAUER & FELD,Texans for Lamar Smith,S. Brett Guthrie,2025-02-13,1000.00
AKIN GUMP STRAUSS HAUER & FELD,Texans for Lamar Smith,NRSC,2025-02-25,2800.00
AKIN GUMP STRAUSS HAUER & FELD,Texans for Lamar Smith,Tom Cole,2025-02-10,3700.00
AKIN GUMP STRAUSS HAUER & FELD,Texans for Lamar Smith,Darrell Issa,2025-02-10,1000.00
AKIN GUMP STRAUSS HAUER & FELD,Texans for Lamar Smith,Darrell Issa,2025-01-22,1000.00
AKIN GUMP STRAUSS HAUER & FELD,Texans for Lamar Smith,Tom Cole,2025-01-06,3300.00
AKIN GUMP STRAUSS HAUER & FELD,Texans for Lamar Smith,Dr. Brian Babin,2025-02-18,3700.00
AKIN GUMP STRAUSS HAUER & FELD,Texans for Lamar Smith,Jim Jordan,2025-02-15,3500.00
AKIN GUMP STRAUSS HAUER & FELD,Texans for Lamar Smith,Jason Smith,2025-02-15,3500.00
AKIN GUMP STRAUSS HAUER & FELD,Texans for Lamar Smith,Cornyn Victory,2025-02-25,1000.00
AKIN GUMP STRAUSS HAUER & FELD,Texans for Lamar Smith,Jake Ellzey,2025-03-03,1000.00
AKIN GUMP STRAUSS HAUER & FELD,Texans for Lamar Smith,Mark Warner,2025-03-10,1000.00
AKIN GUMP STRAUSS HAUER & FELD,Texans for Lamar Smith,NRSC,2025-02-25,2800.00
AKIN GUMP STRAUSS HAUER & FELD,Texans for Lamar Smith,Monica de la Cruz,2025-03-26,1000.00
AKIN GUMP STRAUSS HAUER & FELD,Texans for Lamar Smith,Don Beyer,2025-03-28,1000.00
AKIN GUMP STRAUSS HAUER & FELD,Texans for Lamar Smith,Bill Hagerty,2025-03-28,1000.00
AKIN GUMP STRAUSS HAUER & FELD,Texans for Lamar Smith,Richard Neal,2025-03-28,1000.00
AKIN GUMP STRAUSS HAUER & FELD,Texans for Lamar Smith,Ryan Zinke,2025-03-25,1000.00
AKIN GUMP STRAUSS HAUER & FELD,Texans for Lamar Smith,Cynthia Lummis,2025-03-25,1500.00
AKIN GUMP STRAUSS HAUER & FELD,Texans for Lamar Smith,Tony Gonzales,2025-03-26,1000.00
AKIN GUMP STRAUSS HAUER & FELD,Texans for Lamar Smith,Tony Gonzales,2025-03-26,200.00
AKIN GUMP STRAUSS HAUER & FELD,Texans for Lamar Smith,David Schweikert,2025-04-29,1000.00
AKIN GUMP STRAUSS HAUER & FELD,Texans for Lamar Smith,Ted Cruz,2025-05-12,2500.00
AKIN GUMP STRAUSS HAUER & FELD,Texans for Lamar Smith,Keith Self,2025-05-15,1000.00
AKIN GUMP STRAUSS HAUER & FELD,Texans for Lamar Smith,John Barrasso,2025-05-16,1000.00
AKIN GUMP STRAUSS HAUER & FELD,Texans for Lamar Smith,Darren Soto,2025-03-05,1000.00
AKIN GUMP STRAUSS HAUER & FELD,Texans for Lamar Smith,Darin Lahood,2025-03-05,1000.00
AKIN GUMP STRAUSS HAUER & FELD,Texans for Lamar Smith,Lance Gooden,2025-01-08,1000.00
AKIN GUMP STRAUSS HAUER & FELD,Texans for Lamar Smith,Chip Roy,2025-01-22,1000.00
AKIN GUMP STRAUSS HAUER & FELD,Texans for Lamar Smith,Henry Cuellar,2025-01-22,1000.00
AKIN GUMP STRAUSS HAUER & FELD,Texans for Lamar Smith,Steve Womack,2025-01-22,1000.00
AKIN GUMP STRAUSS HAUER & FELD,Texans for Lamar Smith,S. Brett Guthrie,2025-02-13,1000.00
AKIN GUMP STRAUSS HAUER & FELD,Texans for Lamar Smith,NRSC,2025-02-25,2800.00
AKIN GUMP STRAUSS HAUER & FELD,Texans for Lamar Smith,Tom Cole,2025-02-10,3700.00
AKIN GUMP STRAUSS HAUER & FELD,Texans for Lamar Smith,Darrell Issa,2025-02-10,1000.00
AKIN GUMP STRAUSS HAUER & FELD,Texans for Lamar Smith,Darrell Issa,2025-01-22,1000.00
AKIN GUMP STRAUSS HAUER & FELD,Texans for Lamar Smith,Tom Cole,2025-01-06,3300.00
AKIN GUMP STRAUSS HAUER & FELD,Texans for Lamar Smith,Dr. Brian Babin,2025-02-18,3700.00
AKIN GUMP STRAUSS HAUER & FELD,Texans for Lamar Smith,Jim Jordan,2025-02-15,3500.00
AKIN GUMP STRAUSS HAUER & FELD,Texans for Lamar Smith,Jason Smith,2025-02-15,3500.00
AKIN GUMP STRAUSS HAUER & FELD,Texans for Lamar Smith,Cornyn Victory,2025-02-25,1000.00
AKIN GUMP STRAUSS HAUER & FELD,Texans for Lamar Smith,Jake Ellzey,2025-03-03,1000.00
AKIN GUMP STRAUSS HAUER & FELD,Texans for Lamar Smith,Mark Warner,2025-03-10,1000.00
AKIN GUMP STRAUSS HAUER & FELD,Texans for Lamar Smith,NRSC,2025-02-25,2800.00
AKIN GUMP STRAUSS HAUER & FELD,Texans for Lamar Smith,Monica de la Cruz,2025-03-26,1000.00
AKIN GUMP STRAUSS HAUER & FELD,Texans for Lamar Smith,Don Beyer,2025-03-28,1000.00
AKIN GUMP STRAUSS HAUER & FELD,Texans for Lamar Smith,Bill Hagerty,2025-03-28,1000.00
AKIN GUMP STRAUSS HAUER & FELD,Texans for Lamar Smith,Richard Neal,2025-03-28,1000.00
AKIN GUMP STRAUSS HAUER & FELD,Texans for Lamar Smith,Ryan Zinke,2025-03-25,1000.00
AKIN GUMP STRAUSS HAUER & FELD,Texans for Lamar Smith,Cynthia Lummis,2025-03-25,1500.00
AKIN GUMP STRAUSS HAUER & FELD,Texans for Lamar Smith,Tony Gonzales,2025-03-26,1000.00
AKIN GUMP STRAUSS HAUER & FELD,Texans for Lamar Smith,Tony Gonzales,2025-03-26,200.00
AKIN GUMP STRAUSS HAUER & FELD,Texans for Lamar Smith,David Schweikert,2025-04-29,1000.00
AKIN GUMP STRAUSS HAUER & FELD,Texans for Lamar Smith,Ted Cruz,2025-05-12,2500.00
AKIN GUMP STRAUSS HAUER & FELD,Texans for Lamar Smith,Keith Self,2025-05-15,1000.00
AKIN GUMP STRAUSS HAUER & FELD,Texans for Lamar Smith,John Barrasso,2025-05-16,1000.00
AKIN GUMP STRAUSS HAUER & FELD,Texans for Lamar Smith,Darren Soto,2025-03-05,1000.00
AKIN GUMP STRAUSS HAUER & FELD,Texans for Lamar Smith,Darin Lahood,2025-03-05,1000.00
AKIN GUMP STRAUSS HAUER & FELD,Texans for Lamar Smith,Lance Gooden,2025-01-08,1000.00
AKIN GUMP STRAUSS HAUER & FELD,Texans for Lamar Smith,Chip Roy,2025-01-22,1000.00
AKIN GUMP STRAUSS HAUER & FELD,Texans for Lamar Smith,Henry Cuellar,2025-01-22,1000.00
AKIN GUMP STRAUSS HAUER & FELD,Texans for Lamar Smith,Steve Womack,2025-01-22,1000.00
AKIN GUMP STRAUSS HAUER & FELD,Texans for Lamar Smith,S. Brett Guthrie,2025-02-13,1000.00
AKIN GUMP STRAUSS HAUER & FELD,Texans for Lamar Smith,NRSC,2025-02-25,2800.00
AKIN GUMP STRAUSS HAUER & FELD,Texans for Lamar Smith,Tom Cole,2025-02-10,3700.00
AKIN GUMP STRAUSS HAUER & FELD,Texans for Lamar Smith,Darrell Issa,2025-02-10,1000.00
AKIN GUMP STRAUSS HAUER & FELD,Texans for Lamar Smith,Darrell Issa,2025-01-22,1000.00
AKIN GUMP STRAUSS HAUER & FELD,Texans for Lamar Smith,Tom Cole,2025-01-06,3300.00
AKIN GUMP STRAUSS HAUER & FELD,Texans for Lamar Smith,Dr. Brian Babin,2025-02-18,3700.00
AKIN GUMP STRAUSS HAUER & FELD,Texans for Lamar Smith,Jim Jordan,2025-02-15,3500.00
AKIN GUMP STRAUSS HAUER & FELD,Texans for Lamar Smith,Jason Smith,2025-02-15,3500.00
AKIN GUMP STRAUSS HAUER & FELD,Texans for Lamar Smith,Cornyn Victory,2025-02-25,1000.00
AKIN GUMP STRAUSS HAUER & FELD,Texans for Lamar Smith,Jake Ellzey,2025-03-03,1000.00
AKIN GUMP STRAUSS HAUER & FELD,Texans for Lamar Smith,Mark Warner,2025-03-10,1000.00
AKIN GUMP STRAUSS HAUER & FELD,Texans for Lamar Smith,NRSC,2025-02-25,2800.00
AKIN GUMP STRAUSS HAUER & FELD,Texans for Lamar Smith,Monica de la Cruz,2025-03-26,1000.00
AKIN GUMP STRAUSS HAUER & FELD,Texans for Lamar Smith,Don Beyer,2025-03-28,1000.00
AKIN GUMP STRAUSS HAUER & FELD,Texans for Lamar Smith,Bill Hagerty,2025-03-28,1000.00
AKIN GUMP STRAUSS HAUER & FELD,Texans for Lamar Smith,Richard Neal,2025-03-28,1000.00
AKIN GUMP STRAUSS HAUER & FELD,Texans for Lamar Smith,Ryan Zinke,2025-03-25,1000.00
AKIN GUMP STRAUSS HAUER & FELD,Texans for Lamar Smith,Cynthia Lummis,2025-03-25,1500.00
AKIN GUMP STRAUSS HAUER & FELD,Texans for Lamar Smith,Tony Gonzales,2025-03-26,1000.00
AKIN GUMP STRAUSS HAUER & FELD,Texans for Lamar Smith,Tony Gonzales,2025-03-26,200.00
AKIN GUMP STRAUSS HAUER & FELD,Texans for Lamar Smith,David Schweikert,2025-04-29,1000.00
AKIN GUMP STRAUSS HAUER & FELD,Texans for Lamar Smith,Ted Cruz,2025-05-12,2500.00
AKIN GUMP STRAUSS HAUER & FELD,Texans for Lamar Smith,Keith Self,2025-05-15,1000.00
AKIN GUMP STRAUSS HAUER & FELD,Texans for Lamar Smith,John Barrasso,2025-05-16,1000.00
AKIN GUMP STRAUSS HAUER & FELD,Texans for Lamar Smith,Darren Soto,2025-03-05,1000.00
AKIN GUMP STRAUSS HAUER & FELD,Texans for Lamar Smith,Darin Lahood,2025-03-05,1000.00
AKIN GUMP STRAUSS HAUER & FELD,Texans for Lamar Smith,Lance Gooden,2025-01-08,1000.00
AKIN GUMP STRAUSS HAUER & FELD,Texans for Lamar Smith,Chip Roy,2025-01-22,1000.00
AKIN GUMP STRAUSS HAUER & FELD,Texans for Lamar Smith,Henry Cuellar,2025-01-22,1000.00
AKIN GUMP STRAUSS HAUER & FELD,Texans for Lamar Smith,Steve Womack,2025-01-22,1000.00
AKIN GUMP STRAUSS HAUER & FELD,Texans for Lamar Smith,S. Brett Guthrie,2025-02-13,1000.00
AKIN GUMP STRAUSS HAUER & FELD,Texans for Lamar Smith,NRSC,2025-02-25,2800.00
AKIN GUMP STRAUSS HAUER & FELD,Texans for Lamar Smith,Tom Cole,2025-02-10,3700.00
AKIN GUMP STRAUSS HAUER & FELD,Texans for Lamar Smith,Darrell Issa,2025-02-10,1000.00
AKIN GUMP STRAUSS HAUER & FELD,Texans for Lamar Smith,Darrell Issa,2025-01-22,1000.00
AKIN GUMP STRAUSS HAUER & FELD,Texans for Lamar Smith,Tom Cole,2025-01-06,3300.00
AKIN GUMP STRAUSS HAUER & FELD,Texans for Lamar Smith,Dr. Brian Babin,2025-02-18,3700.00
AKIN GUMP STRAUSS HAUER & FELD,Texans for Lamar Smith,Jim Jordan,2025-02-15,3500.00
AKIN GUMP STRAUSS HAUER & FELD,Texans for Lamar Smith,Jason Smith,2025-02-15,3500.00
AKIN GUMP STRAUSS HAUER & FELD,Texans for Lamar Smith,Cornyn Victory,2025-02-25,1000.00
AKIN GUMP STRAUSS HAUER & FELD,Texans for Lamar Smith,Jake Ellzey,2025-03-03,1000.00
AKIN GUMP STRAUSS HAUER & FELD,Texans for Lamar Smith,Mark Warner,2025-03-10,1000.00
AKIN GUMP STRAUSS HAUER & FELD,Texans for Lamar Smith,NRSC,2025-02-25,2800.00
AKIN GUMP STRAUSS HAUER & FELD,Texans for Lamar Smith,Monica de la Cruz,2025-03-26,1000.00
AKIN GUMP STRAUSS HAUER & FELD,Texans for Lamar Smith,Don Beyer,2025-03-28,1000.00
AKIN GUMP STRAUSS HAUER & FELD,Texans for Lamar Smith,Bill Hagerty,2025-03-28,1000.00
AKIN GUMP STRAUSS HAUER & FELD,Texans for Lamar Smith,Richard Neal,2025-03-28,1000.00
AKIN GUMP STRAUSS HAUER & FELD,Texans for Lamar Smith,Ryan Zinke,2025-03-25,1000.00
AKIN GUMP STRAUSS HAUER & FELD,Texans for Lamar Smith,Cynthia Lummis,2025-03-25,1500.00
AKIN GUMP STRAUSS HAUER & FELD,Texans for Lamar Smith,Tony Gonzales,2025-03-26,1000.00
AKIN GUMP STRAUSS HAUER & FELD,Texans for Lamar Smith,Tony Gonzales,2025-03-26,200.00
AKIN GUMP STRAUSS HAUER & FELD,Texans for Lamar Smith,David Schweikert,2025-04-29,1000.00
AKIN GUMP STRAUSS HAUER & FELD,Texans for Lamar Smith,Ted Cruz,2025-05-12,2500.00
AKIN GUMP STRAUSS HAUER & FELD,Texans for Lamar Smith,Keith Self,2025-05-15,1000.00
AKIN GUMP STRAUSS HAUER & FELD,Texans for Lamar Smith,John Barrasso,2025-05-16,1000.00
AKIN GUMP STRAUSS HAUER & FELD,Texans for Lamar Smith,Darren Soto,2025-03-05,1000.00
AKIN GUMP STRAUSS HAUER & FELD,Texans for Lamar Smith,Darin Lahood,2025-03-05,1000.00
AKIN GUMP STRAUSS HAUER & FELD,Texans for Lamar Smith,Lance Gooden,2025-01-08,1000.00
AKIN GUMP STRAUSS HAUER & FELD,Texans for Lamar Smith,Chip Roy,2025-01-22,1000.00
AKIN GUMP STRAUSS HAUER & FELD,Texans for Lamar Smith,Henry Cuellar,2025-01-22,1000.00
AKIN GUMP STRAUSS HAUER & FELD,Texans for Lamar Smith,Steve Womack,2025-01-22,1000.00
AKIN GUMP STRAUSS HAUER & FELD,Texans for Lamar Smith,S. Brett Guthrie,2025-02-13,1000.00
AKIN GUMP STRAUSS HAUER & FELD,Texans for Lamar Smith,NRSC,2025-02-25,2800.00
AKIN GUMP STRAUSS HAUER & FELD,Texans for Lamar Smith,Tom Cole,2025-02-10,3700.00
AKIN GUMP STRAUSS HAUER & FELD,Texans for Lamar Smith,Darrell Issa,2025-02-10,1000.00
AKIN GUMP STRAUSS HAUER & FELD,Texans for Lamar Smith,Darrell Issa,2025-01-22,1000.00
AKIN GUMP STRAUSS HAUER & FELD,Texans for Lamar Smith,Tom Cole,2025-01-06,3300.00
AKIN GUMP STRAUSS HAUER & FELD,Texans for Lamar Smith,Dr. Brian Babin,2025-02-18,3700.00
AKIN GUMP STRAUSS HAUER & FELD,Texans for Lamar Smith,Jim Jordan,2025-02-15,3500.00
AKIN GUMP STRAUSS HAUER & FELD,Texans for Lamar Smith,Jason Smith,2025-02-15,3500.00
AKIN GUMP STRAUSS HAUER & FELD,Texans for Lamar Smith,Cornyn Victory,2025-02-25,1000.00
AKIN GUMP STRAUSS HAUER & FELD,Texans for Lamar Smith,Jake Ellzey,2025-03-03,1000.00
AKIN GUMP STRAUSS HAUER & FELD,Texans for Lamar Smith,Mark Warner,2025-03-10,1000.00
AKIN GUMP STRAUSS HAUER & FELD,Texans for Lamar Smith,NRSC,2025-02-25,2800.00
AKIN GUMP STRAUSS HAUER & FELD,Texans for Lamar Smith,Monica de la Cruz,2025-03-26,1000.00
AKIN GUMP STRAUSS HAUER & FELD,Texans for Lamar Smith,Don Beyer,2025-03-28,1000.00
AKIN GUMP STRAUSS HAUER & FELD,Texans for Lamar Smith,Bill Hagerty,2025-03-28,1000.00
AKIN GUMP STRAUSS HAUER & FELD,Texans for Lamar Smith,Richard Neal,2025-03-28,1000.00
AKIN GUMP STRAUSS HAUER & FELD,Texans for Lamar Smith,Ryan Zinke,2025-03-25,1000.00
AKIN GUMP STRAUSS HAUER & FELD,Texans for Lamar Smith,Cynthia Lummis,2025-03-25,1500.00
AKIN GUMP STRAUSS HAUER & FELD,Texans for Lamar Smith,Tony Gonzales,2025-03-26,1000.00
AKIN GUMP STRAUSS HAUER & FELD,Texans for Lamar Smith,Tony Gonzales,2025-03-26,200.00
AKIN GUMP STRAUSS HAUER & FELD,Texans for Lamar Smith,David Schweikert,2025-04-29,1000.00
AKIN GUMP STRAUSS HAUER & FELD,Texans for Lamar Smith,Ted Cruz,2025-05-12,2500.00
AKIN GUMP STRAUSS HAUER & FELD,Texans for Lamar Smith,Keith Self,2025-05-15,1000.00
AKIN GUMP STRAUSS HAUER & FELD,Texans for Lamar Smith,John Barrasso,2025-05-16,1000.00
AKIN GUMP STRAUSS HAUER & FELD,Texans for Lamar Smith,Darren Soto,2025-03-05,1000.00
AKIN GUMP STRAUSS HAUER & FELD,Texans for Lamar Smith,Darin Lahood,2025-03-05,1000.00
AKIN GUMP STRAUSS HAUER & FELD,Texans for Lamar Smith,Lance Gooden,2025-01-08,1000.00
AKIN GUMP STRAUSS HAUER & FELD,Texans for Lamar Smith,Chip Roy,2025-01-22,1000.00
AKIN GUMP STRAUSS HAUER & FELD,Texans for Lamar Smith,Henry Cuellar,2025-01-22,1000.00
AKIN GUMP STRAUSS HAUER & FELD,Texans for Lamar Smith,Steve Womack,2025-01-22,1000.00
AKIN GUMP STRAUSS HAUER & FELD,Texans for Lamar Smith,S. Brett Guthrie,2025-02-13,1000.00
AKIN GUMP STRAUSS HAUER & FELD,Texans for Lamar Smith,NRSC,2025-02-25,2800.00
AKIN GUMP STRAUSS HAUER & FELD,Texans for Lamar Smith,Tom Cole,2025-02-10,3700.00
AKIN GUMP STRAUSS HAUER & FELD,Texans for Lamar Smith,Darrell Issa,2025-02-10,1000.00
AKIN GUMP STRAUSS HAUER & FELD,Texans for Lamar Smith,Darrell Issa,2025-01-22,1000.00
AKIN GUMP STRAUSS HAUER & FELD,Texans for Lamar Smith,Tom Cole,2025-01-06,3300.00
AKIN GUMP STRAUSS HAUER & FELD,Texans for Lamar Smith,Dr. Brian Babin,2025-02-18,3700.00
AKIN GUMP STRAUSS HAUER & FELD,Texans for Lamar Smith,Jim Jordan,2025-02-15,3500.00
AKIN GUMP STRAUSS HAUER & FELD,Texans for Lamar Smith,Jason Smith,2025-02-15,3500.00
AKIN GUMP STRAUSS HAUER & FELD,Texans for Lamar Smith,Cornyn Victory,2025-02-25,1000.00
AKIN GUMP STRAUSS HAUER & FELD,Texans for Lamar Smith,Jake Ellzey,2025-03-03,1000.00
AKIN GUMP STRAUSS HAUER & FELD,Texans for Lamar Smith,Mark Warner,2025-03-10,1000.00
AKIN GUMP STRAUSS HAUER & FELD,Texans for Lamar Smith,NRSC,2025-02-25,2800.00
AKIN GUMP STRAUSS HAUER & FELD,Texans for Lamar Smith,Monica de la Cruz,2025-03-26,1000.00
AKIN GUMP STRAUSS HAUER & FELD,Texans for Lamar Smith,Don Beyer,2025-03-28,1000.00
AKIN GUMP STRAUSS HAUER & FELD,Texans for Lamar Smith,Bill Hagerty,2025-03-28,1000.00
AKIN GUMP STRAUSS HAUER & FELD,Texans for Lamar Smith,Richard Neal,2025-03-28,1000.00
AKIN GUMP STRAUSS HAUER & FELD,Texans for Lamar Smith,Ryan Zinke,2025-03-25,1000.00
AKIN GUMP STRAUSS HAUER & FELD,Texans for Lamar Smith,Cynthia Lummis,2025-03-25,1500.00
AKIN GUMP STRAUSS HAUER & FELD,Texans for Lamar Smith,Tony Gonzales,2025-03-26,1000.00
AKIN GUMP STRAUSS HAUER & FELD,Texans for Lamar Smith,Tony Gonzales,2025-03-26,200.00
AKIN GUMP STRAUSS HAUER & FELD,Texans for Lamar Smith,David Schweikert,2025-04-29,1000.00
AKIN GUMP STRAUSS HAUER & FELD,Texans for Lamar Smith,Ted Cruz,2025-05-12,2500.00
AKIN GUMP STRAUSS HAUER & FELD,Texans for Lamar Smith,Keith Self,2025-05-15,1000.00
AKIN GUMP STRAUSS HAUER & FELD,Texans for Lamar Smith,John Barrasso,2025-05-16,1000.00
AKIN GUMP STRAUSS HAUER & FELD,Texans for Lamar Smith,Darren Soto,2025-03-05,1000.00
AKIN GUMP STRAUSS HAUER & FELD,Texans for Lamar Smith,Darin Lahood,2025-03-05,1000.00
AKIN GUMP STRAUSS HAUER & FELD,Texans for Lamar Smith,Lance Gooden,2025-01-08,1000.00
AKIN GUMP STRAUSS HAUER & FELD,Texans for Lamar Smith,Chip Roy,2025-01-22,1000.00
AKIN GUMP STRAUSS HAUER & FELD,Texans for Lamar Smith,Henry Cuellar,2025-01-22,1000.00
AKIN GUMP STRAUSS HAUER & FELD,Texans for Lamar Smith,Steve Womack,2025-01-22,1000.00
AKIN GUMP STRAUSS HAUER & FELD,Texans for Lamar Smith,S. Brett Guthrie,2025-02-13,1000.00
AKIN GUMP STRAUSS HAUER & FELD,Texans for Lamar Smith,NRSC,2025-02-25,2800.00
AKIN GUMP STRAUSS HAUER & FELD,Texans for Lamar Smith,Tom Cole,2025-02-10,3700.00
AKIN GUMP STRAUSS HAUER & FELD,Texans for Lamar Smith,Darrell Issa,2025-02-10,1000.00
AKIN GUMP STRAUSS HAUER & FELD,Texans for Lamar Smith,Darrell Issa,2025-01-22,1000.00
AKIN GUMP STRAUSS HAUER & FELD,Texans for Lamar Smith,Tom Cole,2025-01-06,3300.00
AKIN GUMP STRAUSS HAUER & FELD,Texans for Lamar Smith,Dr. Brian Babin,2025-02-18,3700.00
AKIN GUMP STRAUSS HAUER & FELD,Texans for Lamar Smith,Jim Jordan,2025-02-15,3500.00
AKIN GUMP STRAUSS HAUER & FELD,Texans for Lamar Smith,Jason Smith,2025-02-15,3500.00
AKIN GUMP STRAUSS HAUER & FELD,Texans for Lamar Smith,Cornyn Victory,2025-02-25,1000.00
AKIN GUMP STRAUSS HAUER & FELD,Texans for Lamar Smith,Jake Ellzey,2025-03-03,1000.00
AKIN GUMP STRAUSS HAUER & FELD,Texans for Lamar Smith,Mark Warner,2025-03-10,1000.00
AKIN GUMP STRAUSS HAUER & FELD,Texans for Lamar Smith,NRSC,2025-02-25,2800.00
AKIN GUMP STRAUSS HAUER & FELD,Texans for Lamar Smith,Monica de la Cruz,2025-03-26,1000.00
AKIN GUMP STRAUSS HAUER & FELD,Texans for Lamar Smith,Don Beyer,2025-03-28,1000.00
AKIN GUMP STRAUSS HAUER & FELD,Texans for Lamar Smith,Bill Hagerty,2025-03-28,1000.00
AKIN GUMP STRAUSS HAUER & FELD,Texans for Lamar Smith,Richard Neal,2025-03-28,1000.00
AKIN GUMP STRAUSS HAUER & FELD,Texans for Lamar Smith,Ryan Zinke,2025-03-25,1000.00
AKIN GUMP STRAUSS HAUER & FELD,Texans for Lamar Smith,Cynthia Lummis,2025-03-25,1500.00
AKIN GUMP STRAUSS HAUER & FELD,Texans for Lamar Smith,Tony Gonzales,2025-03-26,1000.00
AKIN GUMP STRAUSS HAUER & FELD,Texans for Lamar Smith,Tony Gonzales,2025-03-26,200.00
AKIN GUMP STRAUSS HAUER & FELD,Texans for Lamar Smith,David Schweikert,2025-04-29,1000.00
AKIN GUMP STRAUSS HAUER & FELD,Texans for Lamar Smith,Ted Cruz,2025-05-12,2500.00
AKIN GUMP STRAUSS HAUER & FELD,Texans for Lamar Smith,Keith Self,2025-05-15,1000.00
AKIN GUMP STRAUSS HAUER & FELD,Texans for Lamar Smith,John Barrasso,2025-05-16,1000.00
AKIN GUMP STRAUSS HAUER & FELD,Texans for Lamar Smith,Darren Soto,2025-03-05,1000.00
AKIN GUMP STRAUSS HAUER & FELD,Texans for Lamar Smith,Darin Lahood,2025-03-05,1000.00
AKIN GUMP STRAUSS HAUER & FELD,Texans for Lamar Smith,Lance Gooden,2025-01-08,1000.00
AKIN GUMP STRAUSS HAUER & FELD,Texans for Lamar Smith,Chip Roy,2025-01-22,1000.00
AKIN GUMP STRAUSS HAUER & FELD,Texans for Lamar Smith,Henry Cuellar,2025-01-22,1000.00
AKIN GUMP STRAUSS HAUER & FELD,Texans for Lamar Smith,Steve Womack,2025-01-22,1000.00
AKIN GUMP STRAUSS HAUER & FELD,Texans for Lamar Smith,S. Brett Guthrie,2025-02-13,1000.00
AKIN GUMP STRAUSS HAUER & FELD,Texans for Lamar Smith,NRSC,2025-02-25,2800.00
AKIN GUMP STRAUSS HAUER & FELD,Texans for Lamar Smith,Tom Cole,2025-02-10,3700.00
AKIN GUMP STRAUSS HAUER & FELD,Texans for Lamar Smith,Darrell Issa,2025-02-10,1000.00
AKIN GUMP STRAUSS HAUER & FELD,Texans for Lamar Smith,Darrell Issa,2025-01-22,1000.00
AKIN GUMP STRAUSS HAUER & FELD,Texans for Lamar Smith,Tom Cole,2025-01-06,3300.00
AKIN GUMP STRAUSS HAUER & FELD,Texans for Lamar Smith,Dr. Brian Babin,2025-02-18,3700.00
AKIN GUMP STRAUSS HAUER & FELD,Texans for Lamar Smith,Jim Jordan,2025-02-15,3500.00
AKIN GUMP STRAUSS HAUER & FELD,Texans for Lamar Smith,Jason Smith,2025-02-15,3500.00
AKIN GUMP STRAUSS HAUER & FELD,Texans for Lamar Smith,Cornyn Victory,2025-02-25,1000.00
AKIN GUMP STRAUSS HAUER & FELD,Texans for Lamar Smith,Jake Ellzey,2025-03-03,1000.00
AKIN GUMP STRAUSS HAUER & FELD,Texans for Lamar Smith,Mark Warner,2025-03-10,1000.00
AKIN GUMP STRAUSS HAUER & FELD,Texans for Lamar Smith,NRSC,2025-02-25,2800.00
AKIN GUMP STRAUSS HAUER & FELD,Texans for Lamar Smith,Monica de la Cruz,2025-03-26,1000.00
AKIN GUMP STRAUSS HAUER & FELD,Texans for Lamar Smith,Don Beyer,2025-03-28,1000.00
AKIN GUMP STRAUSS HAUER & FELD,Texans for Lamar Smith,Bill Hagerty,2025-03-28,1000.00
AKIN GUMP STRAUSS HAUER & FELD,Texans for Lamar Smith,Richard Neal,2025-03-28,1000.00
AKIN GUMP STRAUSS HAUER & FELD,Texans for Lamar Smith,Ryan Zinke,2025-03-25,1000.00
AKIN GUMP STRAUSS HAUER & FELD,Texans for Lamar Smith,Cynthia Lummis,2025-03-25,1500.00
AKIN GUMP STRAUSS HAUER & FELD,Texans for Lamar Smith,Tony Gonzales,2025-03-26,1000.00
AKIN GUMP STRAUSS HAUER & FELD,Texans for Lamar Smith,Tony Gonzales,2025-03-26,200.00
AKIN GUMP STRAUSS HAUER & FELD,Texans for Lamar Smith,David Schweikert,2025-04-29,1000.00
AKIN GUMP STRAUSS HAUER & FELD,Texans for Lamar Smith,Ted Cruz,2025-05-12,2500.00
AKIN GUMP STRAUSS HAUER & FELD,Texans for Lamar Smith,Keith Self,2025-05-15,1000.00
AKIN GUMP STRAUSS HAUER & FELD,Texans for Lamar Smith,John Barrasso,2025-05-16,1000.00
AKIN GUMP STRAUSS HAUER & FELD,Texans for Lamar Smith,Darren Soto,2025-03-05,1000.00
AKIN GUMP STRAUSS HAUER & FELD,Texans for Lamar Smith,Darin Lahood,2025-03-05,1000.00
AKIN GUMP STRAUSS HAUER & FELD,Texans for Lamar Smith,Lance Gooden,2025-01-08,1000.00
AKIN GUMP STRAUSS HAUER & FELD,Texans for Lamar Smith,Chip Roy,2025-01-22,1000.00
AKIN GUMP STRAUSS HAUER & FELD,Texans for Lamar Smith,Henry Cuellar,2025-01-22,1000.00
AKIN GUMP STRAUSS HAUER & FELD,Texans for Lamar Smith,Steve Womack,2025-01-22,1000.00
AKIN GUMP STRAUSS HAUER & FELD,Texans for Lamar Smith,S. Brett Guthrie,2025-02-13,1000.00
AKIN GUMP STRAUSS HAUER & FELD,Texans for Lamar Smith,NRSC,2025-02-25,2800.00
AKIN GUMP STRAUSS HAUER & FELD,Texans for Lamar Smith,Tom Cole,2025-02-10,3700.00
AKIN GUMP STRAUSS HAUER & FELD,Texans for Lamar Smith,Darrell Issa,2025-02-10,1000.00
AKIN GUMP STRAUSS HAUER & FELD,Texans for Lamar Smith,Darrell Issa,2025-01-22,1000.00
AKIN GUMP STRAUSS HAUER & FELD,Texans for Lamar Smith,Tom Cole,2025-01-06,3300.00
AKIN GUMP STRAUSS HAUER & FELD,Texans for Lamar Smith,Dr. Brian Babin,2025-02-18,3700.00
AKIN GUMP STRAUSS HAUER & FELD,Texans for Lamar Smith,Jim Jordan,2025-02-15,3500.00
AKIN GUMP STRAUSS HAUER & FELD,Texans for Lamar Smith,Jason Smith,2025-02-15,3500.00
AKIN GUMP STRAUSS HAUER & FELD,Texans for Lamar Smith,Cornyn Victory,2025-02-25,1000.00
AKIN GUMP STRAUSS HAUER & FELD,Texans for Lamar Smith,Jake Ellzey,2025-03-03,1000.00
AKIN GUMP STRAUSS HAUER & FELD,Texans for Lamar Smith,Mark Warner,2025-03-10,1000.00
AKIN GUMP STRAUSS HAUER & FELD,Texans for Lamar Smith,NRSC,2025-02-25,2800.00
AKIN GUMP STRAUSS HAUER & FELD,Texans for Lamar Smith,Monica de la Cruz,2025-03-26,1000.00
AKIN GUMP STRAUSS HAUER & FELD,Texans for Lamar Smith,Don Beyer,2025-03-28,1000.00
AKIN GUMP STRAUSS HAUER & FELD,Texans for Lamar Smith,Bill Hagerty,2025-03-28,1000.00
AKIN GUMP STRAUSS HAUER & FELD,Texans for Lamar Smith,Richard Neal,2025-03-28,1000.00
AKIN GUMP STRAUSS HAUER & FELD,Texans for Lamar Smith,Ryan Zinke,2025-03-25,1000.00
AKIN GUMP STRAUSS HAUER & FELD,Texans for Lamar Smith,Cynthia Lummis,2025-03-25,1500.00
AKIN GUMP STRAUSS HAUER & FELD,Texans for Lamar Smith,Tony Gonzales,2025-03-26,1000.00
AKIN GUMP STRAUSS HAUER & FELD,Texans for Lamar Smith,Tony Gonzales,2025-03-26,200.00
AKIN GUMP STRAUSS HAUER & FELD,Texans for Lamar Smith,David Schweikert,2025-04-29,1000.00
AKIN GUMP STRAUSS HAUER & FELD,Texans for Lamar Smith,Ted Cruz,2025-05-12,2500.00
AKIN GUMP STRAUSS HAUER & FELD,Texans for Lamar Smith,Keith Self,2025-05-15,1000.00
AKIN GUMP STRAUSS HAUER & FELD,Texans for Lamar Smith,John Barrasso,2025-05-16,1000.00
AKIN GUMP STRAUSS HAUER & FELD,Texans for Lamar Smith,Darren Soto,2025-03-05,1000.00
AKIN GUMP STRAUSS HAUER & FELD,Texans for Lamar Smith,Darin Lahood,2025-03-05,1000.00
AKIN GUMP STRAUSS HAUER & FELD,Texans for Lamar Smith,Lance Gooden,2025-01-08,1000.00
AKIN GUMP STRAUSS HAUER & FELD,Texans for Lamar Smith,Chip Roy,2025-01-22,1000.00
AKIN GUMP STRAUSS HAUER & FELD,Texans for Lamar Smith,Henry Cuellar,2025-01-22,1000.00
AKIN GUMP STRAUSS HAUER & FELD,Texans for Lamar Smith,Steve Womack,2025-01-22,1000.00
AKIN GUMP STRAUSS HAUER & FELD,Texans for Lamar Smith,S. Brett Guthrie,2025-02-13,1000.00
AKIN GUMP STRAUSS HAUER & FELD,Texans for Lamar Smith,NRSC,2025-02-25,2800.00
AKIN GUMP STRAUSS HAUER & FELD,Texans for Lamar Smith,Tom Cole,2025-02-10,3700.00
AKIN GUMP STRAUSS HAUER & FELD,Texans for Lamar Smith,Darrell Issa,2025-02-10,1000.00
AKIN GUMP STRAUSS HAUER & FELD,Texans for Lamar Smith,Darrell Issa,2025-01-22,1000.00
AKIN GUMP STRAUSS HAUER & FELD,Texans for Lamar Smith,Tom Cole,2025-01-06,3300.00
AKIN GUMP STRAUSS HAUER & FELD,Texans for Lamar Smith,Dr. Brian Babin,2025-02-18,3700.00
AKIN GUMP STRAUSS HAUER & FELD,Texans for Lamar Smith,Jim Jordan,2025-02-15,3500.00
AKIN GUMP STRAUSS HAUER & FELD,Texans for Lamar Smith,Jason Smith,2025-02-15,3500.00
AKIN GUMP STRAUSS HAUER & FELD,Texans for Lamar Smith,Cornyn Victory,2025-02-25,1000.00
AKIN GUMP STRAUSS HAUER & FELD,Texans for Lamar Smith,Jake Ellzey,2025-03-03,1000.00
AKIN GUMP STRAUSS HAUER & FELD,Texans for Lamar Smith,Mark Warner,2025-03-10,1000.00
AKIN GUMP STRAUSS HAUER & FELD,Texans for Lamar Smith,NRSC,2025-02-25,2800.00
AKIN GUMP STRAUSS HAUER & FELD,Texans for Lamar Smith,Monica de la Cruz,2025-03-26,1000.00
AKIN GUMP STRAUSS HAUER & FELD,Texans for Lamar Smith,Don Beyer,2025-03-28,1000.00
AKIN GUMP STRAUSS HAUER & FELD,Texans for Lamar Smith,Bill Hagerty,2025-03-28,1000.00
AKIN GUMP STRAUSS HAUER & FELD,Texans for Lamar Smith,Richard Neal,2025-03-28,1000.00
AKIN GUMP STRAUSS HAUER & FELD,Texans for Lamar Smith,Ryan Zinke,2025-03-25,1000.00
AKIN GUMP STRAUSS HAUER & FELD,Texans for Lamar Smith,Cynthia Lummis,2025-03-25,1500.00
AKIN GUMP STRAUSS HAUER & FELD,Texans for Lamar Smith,Tony Gonzales,2025-03-26,1000.00
AKIN GUMP STRAUSS HAUER & FELD,Texans for Lamar Smith,Tony Gonzales,2025-03-26,200.00
AKIN GUMP STRAUSS HAUER & FELD,Texans for Lamar Smith,David Schweikert,2025-04-29,1000.00
AKIN GUMP STRAUSS HAUER & FELD,Texans for Lamar Smith,Ted Cruz,2025-05-12,2500.00
AKIN GUMP STRAUSS HAUER & FELD,Texans for Lamar Smith,Keith Self,2025-05-15,1000.00
AKIN GUMP STRAUSS HAUER & FELD,Texans for Lamar Smith,John Barrasso,2025-05-16,1000.00
AKIN GUMP STRAUSS HAUER & FELD,Texans for Lamar Smith,Darren Soto,2025-03-05,1000.00
AKIN GUMP STRAUSS HAUER & FELD,Texans for Lamar Smith,Darin Lahood,2025-03-05,1000.00
AKIN GUMP STRAUSS HAUER & FELD,Texans for Lamar Smith,Lance Gooden,2025-01-08,1000.00
AKIN GUMP STRAUSS HAUER & FELD,Texans for Lamar Smith,Chip Roy,2025-01-22,1000.00
AKIN GUMP STRAUSS HAUER & FELD,Texans for Lamar Smith,Henry Cuellar,2025-01-22,1000.00
AKIN GUMP STRAUSS HAUER & FELD,Texans for Lamar Smith,Steve Womack,2025-01-22,1000.00
AKIN GUMP STRAUSS HAUER & FELD,Texans for Lamar Smith,S. Brett Guthrie,2025-02-13,1000.00
AKIN GUMP STRAUSS HAUER & FELD,Texans for Lamar Smith,NRSC,2025-02-25,2800.00
AKIN GUMP STRAUSS HAUER & FELD,Texans for Lamar Smith,Tom Cole,2025-02-10,3700.00
AKIN GUMP STRAUSS HAUER & FELD,Texans for Lamar Smith,Darrell Issa,2025-02-10,1000.00
AKIN GUMP STRAUSS HAUER & FELD,Texans for Lamar Smith,Darrell Issa,2025-01-22,1000.00
AKIN GUMP STRAUSS HAUER & FELD,Texans for Lamar Smith,Tom Cole,2025-01-06,3300.00
AKIN GUMP STRAUSS HAUER & FELD,Texans for Lamar Smith,Dr. Brian Babin,2025-02-18,3700.00
AKIN GUMP STRAUSS HAUER & FELD,Texans for Lamar Smith,Jim Jordan,2025-02-15,3500.00
AKIN GUMP STRAUSS HAUER & FELD,Texans for Lamar Smith,Jason Smith,2025-02-15,3500.00
AKIN GUMP STRAUSS HAUER & FELD,Texans for Lamar Smith,Cornyn Victory,2025-02-25,1000.00
AKIN GUMP STRAUSS HAUER & FELD,Texans for Lamar Smith,Jake Ellzey,2025-03-03,1000.00
AKIN GUMP STRAUSS HAUER & FELD,Texans for Lamar Smith,Mark Warner,2025-03-10,1000.00
AKIN GUMP STRAUSS HAUER & FELD,Texans for Lamar Smith,NRSC,2025-02-25,2800.00
AKIN GUMP STRAUSS HAUER & FELD,Texans for Lamar Smith,Monica de la Cruz,2025-03-26,1000.00
AKIN GUMP STRAUSS HAUER & FELD,Texans for Lamar Smith,Don Beyer,2025-03-28,1000.00
AKIN GUMP STRAUSS HAUER & FELD,Texans for Lamar Smith,Bill Hagerty,2025-03-28,1000.00
AKIN GUMP STRAUSS HAUER & FELD,Texans for Lamar Smith,Richard Neal,2025-03-28,1000.00
AKIN GUMP STRAUSS HAUER & FELD,Texans for Lamar Smith,Ryan Zinke,2025-03-25,1000.00
AKIN GUMP STRAUSS HAUER & FELD,Texans for Lamar Smith,Cynthia Lummis,2025-03-25,1500.00
AKIN GUMP STRAUSS HAUER & FELD,Texans for Lamar Smith,Tony Gonzales,2025-03-26,1000.00
AKIN GUMP STRAUSS HAUER & FELD,Texans for Lamar Smith,Tony Gonzales,2025-03-26,200.00
AKIN GUMP STRAUSS HAUER & FELD,Texans for Lamar Smith,David Schweikert,2025-04-29,1000.00
AKIN GUMP STRAUSS HAUER & FELD,Texans for Lamar Smith,Ted Cruz,2025-05-12,2500.00
AKIN GUMP STRAUSS HAUER & FELD,Texans for Lamar Smith,Keith Self,2025-05-15,1000.00
AKIN GUMP STRAUSS HAUER & FELD,Texans for Lamar Smith,John Barrasso,2025-05-16,1000.00
AKIN GUMP STRAUSS HAUER & FELD,Texans for Lamar Smith,Darren Soto,2025-03-05,1000.00
AKIN GUMP STRAUSS HAUER & FELD,Texans for Lamar Smith,Darin Lahood,2025-03-05,1000.00
AKIN GUMP STRAUSS HAUER & FELD,Texans for Lamar Smith,Lance Gooden,2025-01-08,1000.00
AKIN GUMP STRAUSS HAUER & FELD,Texans for Lamar Smith,Chip Roy,2025-01-22,1000.00
AKIN GUMP STRAUSS HAUER & FELD,Texans for Lamar Smith,Henry Cuellar,2025-01-22,1000.00
AKIN GUMP STRAUSS HAUER & FELD,Texans for Lamar Smith,Steve Womack,2025-01-22,1000.00
AKIN GUMP STRAUSS HAUER & FELD,Texans for Lamar Smith,S. Brett Guthrie,2025-02-13,1000.00
AKIN GUMP STRAUSS HAUER & FELD,Texans for Lamar Smith,NRSC,2025-02-25,2800.00
AKIN GUMP STRAUSS HAUER & FELD,Texans for Lamar Smith,Tom Cole,2025-02-10,3700.00
AKIN GUMP STRAUSS HAUER & FELD,Texans for Lamar Smith,Darrell Issa,2025-02-10,1000.00
AKIN GUMP STRAUSS HAUER & FELD,Texans for Lamar Smith,Darrell Issa,2025-01-22,1000.00
AKIN GUMP STRAUSS HAUER & FELD,Texans for Lamar Smith,Tom Cole,2025-01-06,3300.00
AKIN GUMP STRAUSS HAUER & FELD,Texans for Lamar Smith,Dr. Brian Babin,2025-02-18,3700.00
AKIN GUMP STRAUSS HAUER & FELD,Texans for Lamar Smith,Jim Jordan,2025-02-15,3500.00
AKIN GUMP STRAUSS HAUER & FELD,Texans for Lamar Smith,Jason Smith,2025-02-15,3500.00
AKIN GUMP STRAUSS HAUER & FELD,Texans for Lamar Smith,Cornyn Victory,2025-02-25,1000.00
AKIN GUMP STRAUSS HAUER & FELD,Texans for Lamar Smith,Jake Ellzey,2025-03-03,1000.00
AKIN GUMP STRAUSS HAUER & FELD,Texans for Lamar Smith,Mark Warner,2025-03-10,1000.00
AKIN GUMP STRAUSS HAUER & FELD,Texans for Lamar Smith,NRSC,2025-02-25,2800.00
AKIN GUMP STRAUSS HAUER & FELD,Texans for Lamar Smith,Monica de la Cruz,2025-03-26,1000.00
AKIN GUMP STRAUSS HAUER & FELD,Texans for Lamar Smith,Don Beyer,2025-03-28,1000.00
AKIN GUMP STRAUSS HAUER & FELD,Texans for Lamar Smith,Bill Hagerty,2025-03-28,1000.00
AKIN GUMP STRAUSS HAUER & FELD,Texans for Lamar Smith,Richard Neal,2025-03-28,1000.00
AKIN GUMP STRAUSS HAUER & FELD,Texans for Lamar Smith,Ryan Zinke,2025-03-25,1000.00
AKIN GUMP STRAUSS HAUER & FELD,Texans for Lamar Smith,Cynthia Lummis,2025-03-25,1500.00
AKIN GUMP STRAUSS HAUER & FELD,Texans for Lamar Smith,Tony Gonzales,2025-03-26,1000.00
AKIN GUMP STRAUSS HAUER & FELD,Texans for Lamar Smith,Tony Gonzales,2025-03-26,200.00
AKIN GUMP STRAUSS HAUER & FELD,Texans for Lamar Smith,David Schweikert,2025-04-29,1000.00
AKIN GUMP STRAUSS HAUER & FELD,Texans for Lamar Smith,Ted Cruz,2025-05-12,2500.00
AKIN GUMP STRAUSS HAUER & FELD,Texans for Lamar Smith,Keith Self,2025-05-15,1000.00
AKIN GUMP STRAUSS HAUER & FELD,Texans for Lamar Smith,John Barrasso,2025-05-16,1000.00
AKIN GUMP STRAUSS HAUER & FELD,Texans for Lamar Smith,Darren Soto,2025-03-05,1000.00
AKIN GUMP STRAUSS HAUER & FELD,Texans for Lamar Smith,Darin Lahood,2025-03-05,1000.00
AKIN GUMP STRAUSS HAUER & FELD,Texans for Lamar Smith,Lance Gooden,2025-01-08,1000.00
AKIN GUMP STRAUSS HAUER & FELD,Texans for Lamar Smith,Chip Roy,2025-01-22,1000.00
AKIN GUMP STRAUSS HAUER & FELD,Texans for Lamar Smith,Henry Cuellar,2025-01-22,1000.00
AKIN GUMP STRAUSS HAUER & FELD,Texans for Lamar Smith,Steve Womack,2025-01-22,1000.00
AKIN GUMP STRAUSS HAUER & FELD,Texans for Lamar Smith,S. Brett Guthrie,2025-02-13,1000.00
AKIN GUMP STRAUSS HAUER & FELD,Texans for Lamar Smith,NRSC,2025-02-25,2800.00
AKIN GUMP STRAUSS HAUER & FELD,Texans for Lamar Smith,Tom Cole,2025-02-10,3700.00
AKIN GUMP STRAUSS HAUER & FELD,Texans for Lamar Smith,Darrell Issa,2025-02-10,1000.00
AKIN GUMP STRAUSS HAUER & FELD,Texans for Lamar Smith,Darrell Issa,2025-01-22,1000.00
AKIN GUMP STRAUSS HAUER & FELD,Texans for Lamar Smith,Tom Cole,2025-01-06,3300.00
AKIN GUMP STRAUSS HAUER & FELD,Texans for Lamar Smith,Dr. Brian Babin,2025-02-18,3700.00
AKIN GUMP STRAUSS HAUER & FELD,Texans for Lamar Smith,Jim Jordan,2025-02-15,3500.00
AKIN GUMP STRAUSS HAUER & FELD,Texans for Lamar Smith,Jason Smith,2025-02-15,3500.00
AKIN GUMP STRAUSS HAUER & FELD,Texans for Lamar Smith,Cornyn Victory,2025-02-25,1000.00
AKIN GUMP STRAUSS HAUER & FELD,Texans for Lamar Smith,Jake Ellzey,2025-03-03,1000.00
AKIN GUMP STRAUSS HAUER & FELD,Texans for Lamar Smith,Mark Warner,2025-03-10,1000.00
AKIN GUMP STRAUSS HAUER & FELD,Texans for Lamar Smith,NRSC,2025-02-25,2800.00
AKIN GUMP STRAUSS HAUER & FELD,Texans for Lamar Smith,Monica de la Cruz,2025-03-26,1000.00
AKIN GUMP STRAUSS HAUER & FELD,Texans for Lamar Smith,Don Beyer,2025-03-28,1000.00
AKIN GUMP STRAUSS HAUER & FELD,Texans for Lamar Smith,Bill Hagerty,2025-03-28,1000.00
AKIN GUMP STRAUSS HAUER & FELD,Texans for Lamar Smith,Richard Neal,2025-03-28,1000.00
AKIN GUMP STRAUSS HAUER & FELD,Texans for Lamar Smith,Ryan Zinke,2025-03-25,1000.00
AKIN GUMP STRAUSS HAUER & FELD,Texans for Lamar Smith,Cynthia Lummis,2025-03-25,1500.00
AKIN GUMP STRAUSS HAUER & FELD,Texans for Lamar Smith,Tony Gonzales,2025-03-26,1000.00
AKIN GUMP STRAUSS HAUER & FELD,Texans for Lamar Smith,Tony Gonzales,2025-03-26,200.00
AKIN GUMP STRAUSS HAUER & FELD,Texans for Lamar Smith,David Schweikert,2025-04-29,1000.00
AKIN GUMP STRAUSS HAUER & FELD,Texans for Lamar Smith,Ted Cruz,2025-05-12,2500.00
AKIN GUMP STRAUSS HAUER & FELD,Texans for Lamar Smith,Keith Self,2025-05-15,1000.00
AKIN GUMP STRAUSS HAUER & FELD,Texans for Lamar Smith,John Barrasso,2025-05-16,1000.00
AKIN GUMP STRAUSS HAUER & FELD,Texans for Lamar Smith,Darren Soto,2025-03-05,1000.00
AKIN GUMP STRAUSS HAUER & FELD,Texans for Lamar Smith,Darin Lahood,2025-03-05,1000.00
AKIN GUMP STRAUSS HAUER & FELD,Texans for Lamar Smith,Lance Gooden,2025-01-08,1000.00
AKIN GUMP STRAUSS HAUER & FELD,Texans for Lamar Smith,Chip Roy,2025-01-22,1000.00
AKIN GUMP STRAUSS HAUER & FELD,Texans for Lamar Smith,Henry Cuellar,2025-01-22,1000.00
AKIN GUMP STRAUSS HAUER & FELD,Texans for Lamar Smith,Steve Womack,2025-01-22,1000.00
AKIN GUMP STRAUSS HAUER & FELD,Texans for Lamar Smith,S. Brett Guthrie,2025-02-13,1000.00
AKIN GUMP STRAUSS HAUER & FELD,Texans for Lamar Smith,NRSC,2025-02-25,2800.00
AKIN GUMP STRAUSS HAUER & FELD,Texans for Lamar Smith,Tom Cole,2025-02-10,3700.00
AKIN GUMP STRAUSS HAUER & FELD,Texans for Lamar Smith,Darrell Issa,2025-02-10,1000.00
AKIN GUMP STRAUSS HAUER & FELD,Texans for Lamar Smith,Darrell Issa,2025-01-22,1000.00
AKIN GUMP STRAUSS HAUER & FELD,Texans for Lamar Smith,Tom Cole,2025-01-06,3300.00
AKIN GUMP STRAUSS HAUER & FELD,Texans for Lamar Smith,Dr. Brian Babin,2025-02-18,3700.00
AKIN GUMP STRAUSS HAUER & FELD,Texans for Lamar Smith,Jim Jordan,2025-02-15,3500.00
AKIN GUMP STRAUSS HAUER & FELD,Texans for Lamar Smith,Jason Smith,2025-02-15,3500.00
AKIN GUMP STRAUSS HAUER & FELD,Texans for Lamar Smith,Cornyn Victory,2025-02-25,1000.00
AKIN GUMP STRAUSS HAUER & FELD,Texans for Lamar Smith,Jake Ellzey,2025-03-03,1000.00
AKIN GUMP STRAUSS HAUER & FELD,Texans for Lamar Smith,Mark Warner,2025-03-10,1000.00
AKIN GUMP STRAUSS HAUER & FELD,Texans for Lamar Smith,NRSC,2025-02-25,2800.00
AKIN GUMP STRAUSS HAUER & FELD,Texans for Lamar Smith,Monica de la Cruz,2025-03-26,1000.00
AKIN GUMP STRAUSS HAUER & FELD,Texans for Lamar Smith,Don Beyer,2025-03-28,1000.00
AKIN GUMP STRAUSS HAUER & FELD,Texans for Lamar Smith,Bill Hagerty,2025-03-28,1000.00
AKIN GUMP STRAUSS HAUER & FELD,Texans for Lamar Smith,Richard Neal,2025-03-28,1000.00
AKIN GUMP STRAUSS HAUER & FELD,Texans for Lamar Smith,Ryan Zinke,2025-03-25,1000.00
AKIN GUMP STRAUSS HAUER & FELD,Texans for Lamar Smith,Cynthia Lummis,2025-03-25,1500.00
AKIN GUMP STRAUSS HAUER & FELD,Texans for Lamar Smith,Tony Gonzales,2025-03-26,1000.00
AKIN GUMP STRAUSS HAUER & FELD,Texans for Lamar Smith,Tony Gonzales,2025-03-26,200.00
AKIN GUMP STRAUSS HAUER & FELD,Texans for Lamar Smith,David Schweikert,2025-04-29,1000.00
AKIN GUMP STRAUSS HAUER & FELD,Texans for Lamar Smith,Ted Cruz,2025-05-12,2500.00
AKIN GUMP STRAUSS HAUER & FELD,Texans for Lamar Smith,Keith Self,2025-05-15,1000.00
AKIN GUMP STRAUSS HAUER & FELD,Texans for Lamar Smith,John Barrasso,2025-05-16,1000.00
AKIN GUMP STRAUSS HAUER & FELD,Texans for Lamar Smith,Darren Soto,2025-03-05,1000.00
AKIN GUMP STRAUSS HAUER & FELD,Texans for Lamar Smith,Darin Lahood,2025-03-05,1000.00
AKIN GUMP STRAUSS HAUER & FELD,Texans for Lamar Smith,Lance Gooden,2025-01-08,1000.00
AKIN GUMP STRAUSS HAUER & FELD,Texans for Lamar Smith,Chip Roy,2025-01-22,1000.00
AKIN GUMP STRAUSS HAUER & FELD,Texans for Lamar Smith,Henry Cuellar,2025-01-22,1000.00
AKIN GUMP STRAUSS HAUER & FELD,Texans for Lamar Smith,Steve Womack,2025-01-22,1000.00
AKIN GUMP STRAUSS HAUER & FELD,Texans for Lamar Smith,S. Brett Guthrie,2025-02-13,1000.00
AKIN GUMP STRAUSS HAUER & FELD,Texans for Lamar Smith,NRSC,2025-02-25,2800.00
AKIN GUMP STRAUSS HAUER & FELD,Texans for Lamar Smith,Tom Cole,2025-02-10,3700.00
AKIN GUMP STRAUSS HAUER & FELD,Texans for Lamar Smith,Darrell Issa,2025-02-10,1000.00
AKIN GUMP STRAUSS HAUER & FELD,Texans for Lamar Smith,Darrell Issa,2025-01-22,1000.00
AKIN GUMP STRAUSS HAUER & FELD,Texans for Lamar Smith,Tom Cole,2025-01-06,3300.00
AKIN GUMP STRAUSS HAUER & FELD,Texans for Lamar Smith,Dr. Brian Babin,2025-02-18,3700.00
AKIN GUMP STRAUSS HAUER & FELD,Texans for Lamar Smith,Jim Jordan,2025-02-15,3500.00
AKIN GUMP STRAUSS HAUER & FELD,Texans for Lamar Smith,Jason Smith,2025-02-15,3500.00
AKIN GUMP STRAUSS HAUER & FELD,Texans for Lamar Smith,Cornyn Victory,2025-02-25,1000.00
AKIN GUMP STRAUSS HAUER & FELD,Texans for Lamar Smith,Jake Ellzey,2025-03-03,1000.00
AKIN GUMP STRAUSS HAUER & FELD,Texans for Lamar Smith,Mark Warner,2025-03-10,1000.00
AKIN GUMP STRAUSS HAUER & FELD,Texans for Lamar Smith,NRSC,2025-02-25,2800.00
AKIN GUMP STRAUSS HAUER & FELD,Texans for Lamar Smith,Monica de la Cruz,2025-03-26,1000.00
AKIN GUMP STRAUSS HAUER & FELD,Texans for Lamar Smith,Don Beyer,2025-03-28,1000.00
AKIN GUMP STRAUSS HAUER & FELD,Texans for Lamar Smith,Bill Hagerty,2025-03-28,1000.00
AKIN GUMP STRAUSS HAUER & FELD,Texans for Lamar Smith,Richard Neal,2025-03-28,1000.00
AKIN GUMP STRAUSS HAUER & FELD,Texans for Lamar Smith,Ryan Zinke,2025-03-25,1000.00
AKIN GUMP STRAUSS HAUER & FELD,Texans for Lamar Smith,Cynthia Lummis,2025-03-25,1500.00
AKIN GUMP STRAUSS HAUER & FELD,Texans for Lamar Smith,Tony Gonzales,2025-03-26,1000.00
AKIN GUMP STRAUSS HAUER & FELD,Texans for Lamar Smith,Tony Gonzales,2025-03-26,200.00
AKIN GUMP STRAUSS HAUER & FELD,Texans for Lamar Smith,David Schweikert,2025-04-29,1000.00
AKIN GUMP STRAUSS HAUER & FELD,Texans for Lamar Smith,Ted Cruz,2025-05-12,2500.00
AKIN GUMP STRAUSS HAUER & FELD,Texans for Lamar Smith,Keith Self,2025-05-15,1000.00
AKIN GUMP STRAUSS HAUER & FELD,Texans for Lamar Smith,John Barrasso,2025-05-16,1000.00
AKIN GUMP STRAUSS HAUER & FELD,Texans for Lamar Smith,Darren Soto,2025-03-05,1000.00
AKIN GUMP STRAUSS HAUER & FELD,Texans for Lamar Smith,Darin Lahood,2025-03-05,1000.00
AKIN GUMP STRAUSS HAUER & FELD,Texans for Lamar Smith,Lance Gooden,2025-01-08,1000.00
AKIN GUMP STRAUSS HAUER & FELD,Texans for Lamar Smith,Chip Roy,2025-01-22,1000.00
AKIN GUMP STRAUSS HAUER & FELD,Texans for Lamar Smith,Henry Cuellar,2025-01-22,1000.00
AKIN GUMP STRAUSS HAUER & FELD,Texans for Lamar Smith,Steve Womack,2025-01-22,1000.00
AKIN GUMP STRAUSS HAUER & FELD,Texans for Lamar Smith,S. Brett Guthrie,2025-02-13,1000.00
AKIN GUMP STRAUSS HAUER & FELD,Texans for Lamar Smith,NRSC,2025-02-25,2800.00
AKIN GUMP STRAUSS HAUER & FELD,Texans for Lamar Smith,Tom Cole,2025-02-10,3700.00
AKIN GUMP STRAUSS HAUER & FELD,Texans for Lamar Smith,Darrell Issa,2025-02-10,1000.00
AKIN GUMP STRAUSS HAUER & FELD,Texans for Lamar Smith,Darrell Issa,2025-01-22,1000.00
AKIN GUMP STRAUSS HAUER & FELD,Texans for Lamar Smith,Tom Cole,2025-01-06,3300.00
AKIN GUMP STRAUSS HAUER & FELD,Texans for Lamar Smith,Dr. Brian Babin,2025-02-18,3700.00
AKIN GUMP STRAUSS HAUER & FELD,Texans for Lamar Smith,Jim Jordan,2025-02-15,3500.00
AKIN GUMP STRAUSS HAUER & FELD,Texans for Lamar Smith,Jason Smith,2025-02-15,3500.00
AKIN GUMP STRAUSS HAUER & FELD,Texans for Lamar Smith,Cornyn Victory,2025-02-25,1000.00
AKIN GUMP STRAUSS HAUER & FELD,Texans for Lamar Smith,Jake Ellzey,2025-03-03,1000.00
AKIN GUMP STRAUSS HAUER & FELD,Texans for Lamar Smith,Mark Warner,2025-03-10,1000.00
AKIN GUMP STRAUSS HAUER & FELD,Texans for Lamar Smith,NRSC,2025-02-25,2800.00
AKIN GUMP STRAUSS HAUER & FELD,Texans for Lamar Smith,Monica de la Cruz,2025-03-26,1000.00
AKIN GUMP STRAUSS HAUER & FELD,Texans for Lamar Smith,Don Beyer,2025-03-28,1000.00
AKIN GUMP STRAUSS HAUER & FELD,Texans for Lamar Smith,Bill Hagerty,2025-03-28,1000.00
AKIN GUMP STRAUSS HAUER & FELD,Texans for Lamar Smith,Richard Neal,2025-03-28,1000.00
AKIN GUMP STRAUSS HAUER & FELD,Texans for Lamar Smith,Ryan Zinke,2025-03-25,1000.00
AKIN GUMP STRAUSS HAUER & FELD,Texans for Lamar Smith,Cynthia Lummis,2025-03-25,1500.00
AKIN GUMP STRAUSS HAUER & FELD,Texans for Lamar Smith,Tony Gonzales,2025-03-26,1000.00
AKIN GUMP STRAUSS HAUER & FELD,Texans for Lamar Smith,Tony Gonzales,2025-03-26,200.00
AKIN GUMP STRAUSS HAUER & FELD,Texans for Lamar Smith,David Schweikert,2025-04-29,1000.00
AKIN GUMP STRAUSS HAUER & FELD,Texans for Lamar Smith,Ted Cruz,2025-05-12,2500.00
AKIN GUMP STRAUSS HAUER & FELD,Texans for Lamar Smith,Keith Self,2025-05-15,1000.00
AKIN GUMP STRAUSS HAUER & FELD,Texans for Lamar Smith,John Barrasso,2025-05-16,1000.00
AKIN GUMP STRAUSS HAUER & FELD,Texans for Lamar Smith,Darren Soto,2025-03-05,1000.00
AKIN GUMP STRAUSS HAUER & FELD,Texans for Lamar Smith,Darin Lahood,2025-03-05,1000.00
AKIN GUMP STRAUSS HAUER & FELD,Texans for Lamar Smith,Lance Gooden,2025-01-08,1000.00
AKIN GUMP STRAUSS HAUER & FELD,Texans for Lamar Smith,Chip Roy,2025-01-22,1000.00
AKIN GUMP STRAUSS HAUER & FELD,Texans for Lamar Smith,Henry Cuellar,2025-01-22,1000.00
AKIN GUMP STRAUSS HAUER & FELD,Texans for Lamar Smith,Steve Womack,2025-01-22,1000.00
AKIN GUMP STRAUSS HAUER & FELD,Texans for Lamar Smith,S. Brett Guthrie,2025-02-13,1000.00
AKIN GUMP STRAUSS HAUER & FELD,Texans for Lamar Smith,NRSC,2025-02-25,2800.00
AKIN GUMP STRAUSS HAUER & FELD,Texans for Lamar Smith,Tom Cole,2025-02-10,3700.00
AKIN GUMP STRAUSS HAUER & FELD,Texans for Lamar Smith,Darrell Issa,2025-02-10,1000.00
WINNING STRATEGIES WASHINGTON,Winning Strategies Washington PAC,Rep Herb Conaway,2025-01-22,3300.00
WINNING STRATEGIES WASHINGTON,Winning Strategies Washington PAC,Rep Nellie Pou,2025-01-22,3300.00
WINNING STRATEGIES WASHINGTON,Winning Strategies Washington PAC,Rep LaMonica McIver,2025-03-04,3500.00
WINNING STRATEGIES WASHINGTON,Winning Strategies Washington PAC,Rep. Rob Menendez,2025-03-06,3500.00
WINNING STRATEGIES WASHINGTON,Winning Strategies Washington PAC,Rep. Bonnie Watson Coleman,2025-03-26,3500.00
WINNING STRATEGIES WASHINGTON,Winning Strategies Washington PAC,Senator Ruben Gallego,2025-04-03,1000.00
WINNING STRATEGIES WASHINGTON,Winning Strategies Washington PAC,Rep. Frank Pallone,2025-05-18,3500.00
WINNING STRATEGIES WASHINGTON,Winning Strategies Washington PAC,Rep. Bobby Scott,2025-05-21,500.00
WINNING STRATEGIES WASHINGTON,Winning Strategies Washington PAC,Rep. Sam Liccardo,2025-06-25,500.00
WINNING STRATEGIES WASHINGTON,Winning Strategies Washington PAC,Senator Andy Kim,2025-06-23,3500.00
WINNING STRATEGIES WASHINGTON,Winning Strategies Washington PAC,Senator Cory Booker,2025-04-15,1000.00
WINNING STRATEGIES WASHINGTON,Winning Strategies Washington PAC,Rep Herb Conaway,2025-01-22,3300.00
WINNING STRATEGIES WASHINGTON,Winning Strategies Washington PAC,Rep Nellie Pou,2025-01-22,3300.00
WINNING STRATEGIES WASHINGTON,Winning Strategies Washington PAC,Rep LaMonica McIver,2025-03-04,3500.00
WINNING STRATEGIES WASHINGTON,Winning Strategies Washington PAC,Rep. Rob Menendez,2025-03-06,3500.00
WINNING STRATEGIES WASHINGTON,Winning Strategies Washington PAC,Rep. Bonnie Watson Coleman,2025-03-26,3500.00
WINNING STRATEGIES WASHINGTON,Winning Strategies Washington PAC,Senator Ruben Gallego,2025-04-03,1000.00
WINNING STRATEGIES WASHINGTON,Winning Strategies Washington PAC,Rep. Frank Pallone,2025-05-18,3500.00
WINNING STRATEGIES WASHINGTON,Winning Strategies Washington PAC,Rep. Bobby Scott,2025-05-21,500.00
WINNING STRATEGIES WASHINGTON,Winning Strategies Washington PAC,Rep. Sam Liccardo,2025-06-25,500.00
WINNING STRATEGIES WASHINGTON,Winning Strategies Washington PAC,Senator Andy Kim,2025-06-23,3500.00
WINNING STRATEGIES WASHINGTON,Winning Strategies Washington PAC,Senator Cory Booker,2025-04-15,1000.00
NATIONAL COMMITTEE TO PRESERVE SOCIAL SECURITY AND MEDICARE,National Committee to Preserve Social Security & Medicare,Democratic Congressional Campaign Committee,2025-03-25,15000.00
NATIONAL COMMITTEE TO PRESERVE SOCIAL SECURITY AND MEDICARE,National Committee to Preserve Social Security & Medicare,Andrea Salinas,2025-06-25,1000.00
NATIONAL COMMITTEE TO PRESERVE SOCIAL SECURITY AND MEDICARE,National Committee to Preserve Social Security & Medicare,Democratic Congressional Campaign Committee,2025-03-25,15000.00
NATIONAL COMMITTEE TO PRESERVE SOCIAL SECURITY AND MEDICARE,National Committee to Preserve Social Security & Medicare,Andrea Salinas,2025-06-25,1000.00
"ELWELL & ASSOCIATES, LLC",,Troy Nehls,2025-05-20,1000.00
"ELUSYS THERAPEUTICS INC FKA NIGHTHAWK BIOSCIENCES, INC.",,Rep. Mark Alford,2025-02-03,500.00
"ELUSYS THERAPEUTICS INC FKA NIGHTHAWK BIOSCIENCES, INC.",,Sen. Thom Tillis,2025-03-17,1500.00
"ELUSYS THERAPEUTICS INC FKA NIGHTHAWK BIOSCIENCES, INC.",,Rep. Jen Kiggans,2025-03-31,500.00
"ELUSYS THERAPEUTICS INC FKA NIGHTHAWK BIOSCIENCES, INC.",,Rep. Pat Harrigan,2025-03-31,500.00
"ELUSYS THERAPEUTICS INC FKA NIGHTHAWK BIOSCIENCES, INC.",,Rep. Addison McDowell,2025-03-31,500.00
HOLLAND & KNIGHT LLP,,National Republican Senatorial Committee,2025-05-16,1033.06
HOLLAND & KNIGHT LLP,,Ashley Moody,2025-03-26,520.51
CAPITOL HILL POLICY GROUP LLC,,Jefferson Shreve,2025-01-25,1000.00
CAPITOL HILL POLICY GROUP LLC,,Dan Sullivan,2025-01-26,1000.00
CAPITOL HILL POLICY GROUP LLC,,Dan Sullivan,2025-02-20,3300.00
CAPITOL HILL POLICY GROUP LLC,,Lisa Murkowski,2025-02-28,2000.00
CAPITOL HILL POLICY GROUP LLC,,Nick Begich,2025-03-06,2000.00
CAPITOL HILL POLICY GROUP LLC,,Rick Larsen,2025-03-12,1500.00
CAPITOL HILL POLICY GROUP LLC,,Bruce Westerman,2025-03-12,1000.00
CAPITOL HILL POLICY GROUP LLC,,Dan Sullivan,2025-03-12,500.00
CAPITOL HILL POLICY GROUP LLC,,Dan Sullivan,2025-04-11,2200.00
CAPITOL HILL POLICY GROUP LLC,,Ted Cruz,2025-04-23,2500.00
CAPITOL HILL POLICY GROUP LLC,,Tony Gonzales,2025-04-28,1000.00
CAPITOL HILL POLICY GROUP LLC,,Nick Begich,2025-05-05,500.00
CAPITOL HILL POLICY GROUP LLC,,Nick Begich,2025-06-05,500.00
CAPITOL HILL POLICY GROUP LLC,,Jefferson Shreve,2025-01-25,1000.00
CAPITOL HILL POLICY GROUP LLC,,Dan Sullivan,2025-01-26,1000.00
CAPITOL HILL POLICY GROUP LLC,,Dan Sullivan,2025-02-20,3300.00
CAPITOL HILL POLICY GROUP LLC,,Lisa Murkowski,2025-02-28,2000.00
CAPITOL HILL POLICY GROUP LLC,,Nick Begich,2025-03-06,2000.00
CAPITOL HILL POLICY GROUP LLC,,Rick Larsen,2025-03-12,1500.00
CAPITOL HILL POLICY GROUP LLC,,Bruce Westerman,2025-03-12,1000.00
CAPITOL HILL POLICY GROUP LLC,,Dan Sullivan,2025-03-12,500.00
CAPITOL HILL POLICY GROUP LLC,,Dan Sullivan,2025-04-11,2200.00
CAPITOL HILL POLICY GROUP LLC,,Ted Cruz,2025-04-23,2500.00
CAPITOL HILL POLICY GROUP LLC,,Tony Gonzales,2025-04-28,1000.00
CAPITOL HILL POLICY GROUP LLC,,Nick Begich,2025-05-05,500.00
CAPITOL HILL POLICY GROUP LLC,,Nick Begich,2025-06-05,500.00
CAPITOL HILL POLICY GROUP LLC,,Jefferson Shreve,2025-01-25,1000.00
CAPITOL HILL POLICY GROUP LLC,,Dan Sullivan,2025-01-26,1000.00
CAPITOL HILL POLICY GROUP LLC,,Dan Sullivan,2025-02-20,3300.00
CAPITOL HILL POLICY GROUP LLC,,Lisa Murkowski,2025-02-28,2000.00
CAPITOL HILL POLICY GROUP LLC,,Nick Begich,2025-03-06,2000.00
CAPITOL HILL POLICY GROUP LLC,,Rick Larsen,2025-03-12,1500.00
CAPITOL HILL POLICY GROUP LLC,,Bruce Westerman,2025-03-12,1000.00
CAPITOL HILL POLICY GROUP LLC,,Dan Sullivan,2025-03-12,500.00
CAPITOL HILL POLICY GROUP LLC,,Dan Sullivan,2025-04-11,2200.00
CAPITOL HILL POLICY GROUP LLC,,Ted Cruz,2025-04-23,2500.00
CAPITOL HILL POLICY GROUP LLC,,Tony Gonzales,2025-04-28,1000.00
CAPITOL HILL POLICY GROUP LLC,,Nick Begich,2025-05-05,500.00
CAPITOL HILL POLICY GROUP LLC,,Nick Begich,2025-06-05,500.00
CAPITOL HILL POLICY GROUP LLC,,Jefferson Shreve,2025-01-25,1000.00
CAPITOL HILL POLICY GROUP LLC,,Dan Sullivan,2025-01-26,1000.00
CAPITOL HILL POLICY GROUP LLC,,Dan Sullivan,2025-02-20,3300.00
CAPITOL HILL POLICY GROUP LLC,,Lisa Murkowski,2025-02-28,2000.00
CAPITOL HILL POLICY GROUP LLC,,Nick Begich,2025-03-06,2000.00
CAPITOL HILL POLICY GROUP LLC,,Rick Larsen,2025-03-12,1500.00
CAPITOL HILL POLICY GROUP LLC,,Bruce Westerman,2025-03-12,1000.00
CAPITOL HILL POLICY GROUP LLC,,Dan Sullivan,2025-03-12,500.00
CAPITOL HILL POLICY GROUP LLC,,Dan Sullivan,2025-04-11,2200.00
CAPITOL HILL POLICY GROUP LLC,,Ted Cruz,2025-04-23,2500.00
CAPITOL HILL POLICY GROUP LLC,,Tony Gonzales,2025-04-28,1000.00
CAPITOL HILL POLICY GROUP LLC,,Nick Begich,2025-05-05,500.00
CAPITOL HILL POLICY GROUP LLC,,Nick Begich,2025-06-05,500.00
CAPITOL HILL POLICY GROUP LLC,,Jefferson Shreve,2025-01-25,1000.00
CAPITOL HILL POLICY GROUP LLC,,Dan Sullivan,2025-01-26,1000.00
CAPITOL HILL POLICY GROUP LLC,,Dan Sullivan,2025-02-20,3300.00
CAPITOL HILL POLICY GROUP LLC,,Lisa Murkowski,2025-02-28,2000.00
CAPITOL HILL POLICY GROUP LLC,,Nick Begich,2025-03-06,2000.00
CAPITOL HILL POLICY GROUP LLC,,Rick Larsen,2025-03-12,1500.00
CAPITOL HILL POLICY GROUP LLC,,Bruce Westerman,2025-03-12,1000.00
CAPITOL HILL POLICY GROUP LLC,,Dan Sullivan,2025-03-12,500.00
CAPITOL HILL POLICY GROUP LLC,,Dan Sullivan,2025-04-11,2200.00
CAPITOL HILL POLICY GROUP LLC,,Ted Cruz,2025-04-23,2500.00
CAPITOL HILL POLICY GROUP LLC,,Tony Gonzales,2025-04-28,1000.00
CAPITOL HILL POLICY GROUP LLC,,Nick Begich,2025-05-05,500.00
CAPITOL HILL POLICY GROUP LLC,,Nick Begich,2025-06-05,500.00
PRIMACY STRATEGY GROUP,Primacy PAC DC,Sen. Tim Sheehy (R-MT),2025-03-08,2500.00
PRIMACY STRATEGY GROUP,Primacy PAC DC,ND Primacy PAC,2025-03-10,2000.00
PRIMACY STRATEGY GROUP,Primacy PAC DC,Congresswoman Angie Craig,2025-04-29,5000.00
PRIMACY STRATEGY GROUP,Primacy PAC DC,Congresswoman Angie Craig,2025-04-07,1000.00
PRIMACY STRATEGY GROUP,Primacy PAC DC,Primacy PAC MN,2025-04-14,1500.00
PRIMACY STRATEGY GROUP,Primacy PAC DC,Primacy PAC MN,2025-05-01,1200.00
PRIMACY STRATEGY GROUP,Primacy PAC DC,Congresswoman Julie Fedorchak,2025-05-22,5000.00
PRIMACY STRATEGY GROUP,Primacy PAC DC,Sen. Steve Daines,2025-06-19,2500.00
PRIMACY STRATEGY GROUP,Primacy PAC DC,MN DFL Party,2025-06-11,2500.00
PRIMACY STRATEGY GROUP,Primacy PAC DC,Rep. Betty McCollum (D-MN-04),2025-02-05,1000.00
PRIMACY STRATEGY GROUP,Primacy PAC DC,Sen. Steve Daines (R-MT),2025-03-08,2500.00
PRIMACY STRATEGY GROUP,Primacy PAC DC,Sen. Tim Sheehy (R-MT),2025-03-08,2500.00
PRIMACY STRATEGY GROUP,Primacy PAC DC,ND Primacy PAC,2025-03-10,2000.00
PRIMACY STRATEGY GROUP,Primacy PAC DC,Congresswoman Angie Craig,2025-04-29,5000.00
PRIMACY STRATEGY GROUP,Primacy PAC DC,Congresswoman Angie Craig,2025-04-07,1000.00
PRIMACY STRATEGY GROUP,Primacy PAC DC,Primacy PAC MN,2025-04-14,1500.00
PRIMACY STRATEGY GROUP,Primacy PAC DC,Primacy PAC MN,2025-05-01,1200.00
PRIMACY STRATEGY GROUP,Primacy PAC DC,Congresswoman Julie Fedorchak,2025-05-22,5000.00
PRIMACY STRATEGY GROUP,Primacy PAC DC,Sen. Steve Daines,2025-06-19,2500.00
PRIMACY STRATEGY GROUP,Primacy PAC DC,MN DFL Party,2025-06-11,2500.00
PRIMACY STRATEGY GROUP,Primacy PAC DC,Rep. Betty McCollum (D-MN-04),2025-02-05,1000.00
PRIMACY STRATEGY GROUP,Primacy PAC DC,Sen. Steve Daines (R-MT),2025-03-08,2500.00
PRIMACY STRATEGY GROUP,Primacy PAC DC,Sen. Tim Sheehy (R-MT),2025-03-08,2500.00
PRIMACY STRATEGY GROUP,Primacy PAC DC,ND Primacy PAC,2025-03-10,2000.00
PRIMACY STRATEGY GROUP,Primacy PAC DC,Congresswoman Angie Craig,2025-04-29,5000.00
PRIMACY STRATEGY GROUP,Primacy PAC DC,Congresswoman Angie Craig,2025-04-07,1000.00
PRIMACY STRATEGY GROUP,Primacy PAC DC,Primacy PAC MN,2025-04-14,1500.00
PRIMACY STRATEGY GROUP,Primacy PAC DC,Primacy PAC MN,2025-05-01,1200.00
PRIMACY STRATEGY GROUP,Primacy PAC DC,Congresswoman Julie Fedorchak,2025-05-22,5000.00
PRIMACY STRATEGY GROUP,Primacy PAC DC,Sen. Steve Daines,2025-06-19,2500.00
PRIMACY STRATEGY GROUP,Primacy PAC DC,MN DFL Party,2025-06-11,2500.00
PRIMACY STRATEGY GROUP,Primacy PAC DC,Rep. Betty McCollum (D-MN-04),2025-02-05,1000.00
PRIMACY STRATEGY GROUP,Primacy PAC DC,Sen. Steve Daines (R-MT),2025-03-08,2500.00
PRIMACY STRATEGY GROUP,Primacy PAC DC,Sen. Tim Sheehy (R-MT),2025-03-08,2500.00
PRIMACY STRATEGY GROUP,Primacy PAC DC,ND Primacy PAC,2025-03-10,2000.00
PRIMACY STRATEGY GROUP,Primacy PAC DC,Congresswoman Angie Craig,2025-04-29,5000.00
PRIMACY STRATEGY GROUP,Primacy PAC DC,Congresswoman Angie Craig,2025-04-07,1000.00
PRIMACY STRATEGY GROUP,Primacy PAC DC,Primacy PAC MN,2025-04-14,1500.00
PRIMACY STRATEGY GROUP,Primacy PAC DC,Primacy PAC MN,2025-05-01,1200.00
PRIMACY STRATEGY GROUP,Primacy PAC DC,Congresswoman Julie Fedorchak,2025-05-22,5000.00
PRIMACY STRATEGY GROUP,Primacy PAC DC,Sen. Steve Daines,2025-06-19,2500.00
PRIMACY STRATEGY GROUP,Primacy PAC DC,MN DFL Party,2025-06-11,2500.00
PRIMACY STRATEGY GROUP,Primacy PAC DC,Rep. Betty McCollum (D-MN-04),2025-02-05,1000.00
PRIMACY STRATEGY GROUP,Primacy PAC DC,Sen. Steve Daines (R-MT),2025-03-08,2500.00
TEXTRON INC.,Textron Inc. Political Action Committee,"Ernst, Joni",2025-01-27,2500.00
TEXTRON INC.,Textron Inc. Political Action Committee,"Ernst, Joni",2025-01-27,5000.00
TEXTRON INC.,Textron Inc. Political Action Committee,"Schatz, Brian",2025-01-27,1000.00
TEXTRON INC.,Textron Inc. Political Action Committee,National Republican Senatorial Committee,2025-01-27,15000.00
TEXTRON INC.,Textron Inc. Political Action Committee,"Smith, Adam",2025-02-25,5000.00
TEXTRON INC.,Textron Inc. Political Action Committee,"Bice, Stephanie",2025-02-25,1000.00
TEXTRON INC.,Textron Inc. Political Action Committee,"Coons, Chris",2025-02-25,1000.00
TEXTRON INC.,Textron Inc. Political Action Committee,"Yakym, Rudy",2025-04-18,1000.00
TEXTRON INC.,Textron Inc. Political Action Committee,"Graham, Lindsey",2025-04-18,2000.00
TEXTRON INC.,Textron Inc. Political Action Committee,"Tillis, Thom",2025-04-18,2000.00
TEXTRON INC.,Textron Inc. Political Action Committee,"Escobar, Veronica",2025-04-18,1000.00
TEXTRON INC.,Textron Inc. Political Action Committee,"Collins, Susan",2025-02-25,1000.00
TEXTRON INC.,Textron Inc. Political Action Committee,"Rouzer, David",2025-02-25,1000.00
TEXTRON INC.,Textron Inc. Political Action Committee,"Schmidt, Derek",2025-02-25,1000.00
TEXTRON INC.,Textron Inc. Political Action Committee,"Crank, Jeff",2025-02-25,1000.00
TEXTRON INC.,Textron Inc. Political Action Committee,"Olszewski, Johnny",2025-02-25,1500.00
TEXTRON INC.,Textron Inc. Political Action Committee,"Marshall, Roger",2025-02-25,500.00
TEXTRON INC.,Textron Inc. Political Action Committee,"Marshall, Roger",2025-02-25,5000.00
TEXTRON INC.,Textron Inc. Political Action Committee,"Lalota, Nick",2025-02-25,1000.00
TEXTRON INC.,Textron Inc. Political Action Committee,"Magaziner, Seth",2025-02-25,1000.00
TEXTRON INC.,Textron Inc. Political Action Committee,"McCollum, Betty",2025-02-25,1000.00
TEXTRON INC.,Textron Inc. Political Action Committee,"Mrvan, Frank",2025-02-25,1000.00
TEXTRON INC.,Textron Inc. Political Action Committee,"Mace, Nancy",2025-02-25,1500.00
TEXTRON INC.,Textron Inc. Political Action Committee,"Davids, Sharice",2025-02-25,1000.00
TEXTRON INC.,Textron Inc. Political Action Committee,"Simpson, Mike",2025-02-25,1000.00
TEXTRON INC.,Textron Inc. Political Action Committee,"Daines, Steve",2025-02-25,2500.00
TEXTRON INC.,Textron Inc. Political Action Committee,"Carter, Troy",2025-02-25,1000.00
TEXTRON INC.,Textron Inc. Political Action Committee,"Ellzey, Jake",2025-02-25,5000.00
TEXTRON INC.,Textron Inc. Political Action Committee,"Britt, Katie",2025-02-25,5000.00
TEXTRON INC.,Textron Inc. Political Action Committee,"Banks, Jim",2025-02-25,1000.00
TEXTRON INC.,Textron Inc. Political Action Committee,"Calvert, Ken",2025-02-25,5000.00
TEXTRON INC.,Textron Inc. Political Action Committee,"Gallego, Ruben",2025-02-25,1000.00
TEXTRON INC.,Textron Inc. Political Action Committee,"Duckworth, Tammy",2025-02-25,1000.00
TEXTRON INC.,Textron Inc. Political Action Committee,Democratic Senatorial Campaign Committee,2025-02-25,15000.00
TEXTRON INC.,Textron Inc. Political Action Committee,National Republican Congressional Committee,2025-02-25,15000.00
TEXTRON INC.,Textron Inc. Political Action Committee,"Fitzpatrick, Brian",2025-03-20,5000.00
TEXTRON INC.,Textron Inc. Political Action Committee,"Ezell, Mike",2025-03-20,1000.00
TEXTRON INC.,Textron Inc. Political Action Committee,"Schmidt, Derek",2025-03-20,1000.00
TEXTRON INC.,Textron Inc. Political Action Committee,"Fallon, Pat",2025-03-20,1000.00
TEXTRON INC.,Textron Inc. Political Action Committee,"Amo, Gabe",2025-03-20,1000.00
TEXTRON INC.,Textron Inc. Political Action Committee,"Letlow, Julia",2025-03-20,1000.00
TEXTRON INC.,Textron Inc. Political Action Committee,"Gooden, Lance",2025-03-20,1000.00
TEXTRON INC.,Textron Inc. Political Action Committee,"Veasey, Marc",2025-03-20,2500.00
TEXTRON INC.,Textron Inc. Political Action Committee,"Messmer, Mark",2025-03-20,1000.00
TEXTRON INC.,Textron Inc. Political Action Committee,"Crapo, Mike",2025-03-20,2500.00
TEXTRON INC.,Textron Inc. Political Action Committee,"Johnson, Mike",2025-03-20,5000.00
TEXTRON INC.,Textron Inc. Political Action Committee,"Allen, Rick",2025-03-20,2500.00
TEXTRON INC.,Textron Inc. Political Action Committee,"Estes, Ron",2025-03-20,1000.00
TEXTRON INC.,Textron Inc. Political Action Committee,"Scalise, Steve",2025-03-20,5000.00
TEXTRON INC.,Textron Inc. Political Action Committee,"Lee, Susie",2025-03-20,1000.00
TEXTRON INC.,Textron Inc. Political Action Committee,"Jackson, Ronny",2025-03-20,2500.00
TEXTRON INC.,Textron Inc. Political Action Committee,"Cornyn, John",2025-03-20,4000.00
TEXTRON INC.,Textron Inc. Political Action Committee,"Cornyn, John",2025-03-20,5000.00
TEXTRON INC.,Textron Inc. Political Action Committee,"Womack, Steve",2025-03-20,5000.00
TEXTRON INC.,Textron Inc. Political Action Committee,"Cole, Tom",2025-03-20,5000.00
TEXTRON INC.,Textron Inc. Political Action Committee,Wonder Women PAC,2025-03-20,5000.00
TEXTRON INC.,Textron Inc. Political Action Committee,"Calvert, Ken",2025-03-21,5000.00
TEXTRON INC.,Textron Inc. Political Action Committee,"Cohen, Steve",2025-03-27,1000.00
TEXTRON INC.,Textron Inc. Political Action Committee,"Strong, Dale",2025-03-27,1000.00
TEXTRON INC.,Textron Inc. Political Action Committee,"Rogers, Mike",2025-03-27,5000.00
TEXTRON INC.,Textron Inc. Political Action Committee,"Rogers, Mike",2025-03-27,5000.00
TEXTRON INC.,Textron Inc. Political Action Committee,"Reed, Jack",2025-03-27,1000.00
TEXTRON INC.,Textron Inc. Political Action Committee,"Jackson, Ronny",2025-03-27,2500.00
TEXTRON INC.,Textron Inc. Political Action Committee,"Estes, Ron",2025-03-27,2500.00
TEXTRON INC.,Textron Inc. Political Action Committee,"Cole, Tom",2025-04-09,-5000.00
TEXTRON INC.,Textron Inc. Political Action Committee,"Capito, Shelley",2025-04-18,1000.00
TEXTRON INC.,Textron Inc. Political Action Committee,"Capito, Shelley",2025-04-18,1000.00
TEXTRON INC.,Textron Inc. Political Action Committee,"Hyde-Smith, Cindy",2025-04-18,2000.00
TEXTRON INC.,Textron Inc. Political Action Committee,"Goldman, Craig",2025-04-18,1000.00
TEXTRON INC.,Textron Inc. Political Action Committee,"Guest, Michael",2025-04-18,1000.00
TEXTRON INC.,Textron Inc. Political Action Committee,"Ellzey, Jake",2025-04-18,1000.00
TEXTRON INC.,Textron Inc. Political Action Committee,"Wilson, Joe",2025-04-18,2500.00
TEXTRON INC.,Textron Inc. Political Action Committee,"Moore, Riley",2025-04-18,1000.00
TEXTRON INC.,Textron Inc. Political Action Committee,"Mullin, Markwayne",2025-04-18,1000.00
TEXTRON INC.,Textron Inc. Political Action Committee,"Ricketts, Pete",2025-04-18,1000.00
TEXTRON INC.,Textron Inc. Political Action Committee,"Rounds, Mike",2025-04-18,1000.00
TEXTRON INC.,Textron Inc. Political Action Committee,"Zinke, Ryan",2025-04-18,1000.00
TEXTRON INC.,Textron Inc. Political Action Committee,"Cole, Tom",2025-04-18,5000.00
TEXTRON INC.,Textron Inc. Political Action Committee,"Kennedy, John",2025-04-18,1000.00
TEXTRON INC.,Textron Inc. Political Action Committee,"Cruz, Ted",2025-04-18,2500.00
TEXTRON INC.,Textron Inc. Political Action Committee,"Duckworth, Tammy",2025-04-18,1000.00
TEXTRON INC.,Textron Inc. Political Action Committee,"Estes, Ron",2025-04-18,2500.00
TEXTRON INC.,Textron Inc. Political Action Committee,"Goldman, Craig",2025-04-22,1500.00
TEXTRON INC.,Textron Inc. Political Action Committee,"Bergman, Jack",2025-05-29,1000.00
TEXTRON INC.,Textron Inc. Political Action Committee,"Case, Edward",2025-05-29,2500.00
TEXTRON INC.,Textron Inc. Political Action Committee,"Coons, Chris",2025-05-29,1000.00
TEXTRON INC.,Textron Inc. Political Action Committee,"Hyde-Smith, Cindy",2025-05-29,1000.00
TEXTRON INC.,Textron Inc. Political Action Committee,"Larsen, Rick",2025-05-29,1500.00
TEXTRON INC.,Textron Inc. Political Action Committee,"Cole, Tom",2025-05-29,1000.00
TEXTRON INC.,Textron Inc. Political Action Committee,"Ezell, Mike",2025-05-29,1000.00
TEXTRON INC.,Textron Inc. Political Action Committee,"Elfreth, Sarah",2025-05-29,2500.00
TEXTRON INC.,Textron Inc. Political Action Committee,"Rogers, Hal",2025-05-29,1000.00
TEXTRON INC.,Textron Inc. Political Action Committee,"Crockett, Jasmine",2025-05-29,2500.00
TEXTRON INC.,Textron Inc. Political Action Committee,"Risch, Jim",2025-05-29,1500.00
TEXTRON INC.,Textron Inc. Political Action Committee,"Risch, Jim",2025-05-29,2500.00
TEXTRON INC.,Textron Inc. Political Action Committee,"Lalota, Nick",2025-05-29,1000.00
TEXTRON INC.,Textron Inc. Political Action Committee,"Gooden, Lance",2025-05-29,1000.00
TEXTRON INC.,Textron Inc. Political Action Committee,"Loudermilk, Barry",2025-05-29,1500.00
TEXTRON INC.,Textron Inc. Political Action Committee,"Magaziner, Seth",2025-05-29,1000.00
TEXTRON INC.,Textron Inc. Political Action Committee,"Mann, Tracey",2025-05-29,1000.00
TEXTRON INC.,Textron Inc. Political Action Committee,"McCollum, Betty",2025-05-29,2500.00
TEXTRON INC.,Textron Inc. Political Action Committee,"Crapo, Mike",2025-05-29,1500.00
TEXTRON INC.,Textron Inc. Political Action Committee,"Crapo, Mike",2025-05-29,3500.00
TEXTRON INC.,Textron Inc. Political Action Committee,"Sessions, Pete",2025-05-29,1000.00
TEXTRON INC.,Textron Inc. Political Action Committee,"Garcia, Robert",2025-05-29,1000.00
TEXTRON INC.,Textron Inc. Political Action Committee,"Estes, Ron",2025-05-29,1000.00
TEXTRON INC.,Textron Inc. Political Action Committee,"Carbajal, Salud",2025-05-29,1000.00
TEXTRON INC.,Textron Inc. Political Action Committee,"Strickland, Marilyn",2025-05-29,1000.00
TEXTRON INC.,Textron Inc. Political Action Committee,"Luttrell, Morgan",2025-05-29,1000.00
TEXTRON INC.,Textron Inc. Political Action Committee,"Harrigan, Pat",2025-05-29,1000.00
TEXTRON INC.,Textron Inc. Political Action Committee,"Carter, Troy",2025-05-29,1000.00
TEXTRON INC.,Textron Inc. Political Action Committee,"Valadao, David",2025-05-29,1000.00
TEXTRON INC.,Textron Inc. Political Action Committee,"Coons, Chris",2025-05-29,5000.00
TEXTRON INC.,Textron Inc. Political Action Committee,"Moran, Jerry",2025-05-29,5000.00
TEXTRON INC.,Textron Inc. Political Action Committee,"Cruz, Ted",2025-05-29,2500.00
TEXTRON INC.,Textron Inc. Political Action Committee,New Democrat Coalition Action Fund,2025-05-29,5000.00
TEXTRON INC.,Textron Inc. Political Action Committee,"Duckworth, Tammy",2025-05-29,1000.00
TEXTRON INC.,Textron Inc. Political Action Committee,"Womack, Steve",2025-05-29,1000.00
TEXTRON INC.,Textron Inc. Political Action Committee,"Case, Edward",2025-06-25,1000.00
TEXTRON INC.,Textron Inc. Political Action Committee,"Cisneros, Gilbert",2025-06-25,1000.00
TEXTRON INC.,Textron Inc. Political Action Committee,"Cole, Tom",2025-06-25,2000.00
TEXTRON INC.,Textron Inc. Political Action Committee,"Strong, Dale",2025-06-25,1000.00
TEXTRON INC.,Textron Inc. Political Action Committee,"Rouzer, David",2025-06-25,1000.00
TEXTRON INC.,Textron Inc. Political Action Committee,"Davis, Don",2025-06-25,1000.00
TEXTRON INC.,Textron Inc. Political Action Committee,"Stefanik, Elise",2025-06-25,1000.00
TEXTRON INC.,Textron Inc. Political Action Committee,"Guest, Michael",2025-06-25,1000.00
TEXTRON INC.,Textron Inc. Political Action Committee,"Amo, Gabe",2025-06-25,2500.00
TEXTRON INC.,Textron Inc. Political Action Committee,"Letlow, Julia",2025-06-25,1000.00
TEXTRON INC.,Textron Inc. Political Action Committee,"Kiggans, Jen",2025-06-25,1000.00
TEXTRON INC.,Textron Inc. Political Action Committee,"Gooden, Lance",2025-06-25,1000.00
TEXTRON INC.,Textron Inc. Political Action Committee,"Diaz-Balart, Mario",2025-06-25,3000.00
TEXTRON INC.,Textron Inc. Political Action Committee,"Moore, Riley",2025-06-25,1000.00
TEXTRON INC.,Textron Inc. Political Action Committee,"Mrvan, Frank",2025-06-25,1000.00
TEXTRON INC.,Textron Inc. Political Action Committee,"Self, Keith",2025-06-25,1000.00
TEXTRON INC.,Textron Inc. Political Action Committee,"Davids, Sharice",2025-06-25,1000.00
TEXTRON INC.,Textron Inc. Political Action Committee,"Carter, Troy",2025-06-25,1000.00
TEXTRON INC.,Textron Inc. Political Action Committee,"Zinke, Ryan",2025-06-25,1000.00
TEXTRON INC.,Textron Inc. Political Action Committee,"Johnson, Mike",2025-06-25,2500.00
TEXTRON INC.,Textron Inc. Political Action Committee,"Wittman, Rob",2025-06-25,2500.00
TEXTRON INC.,Textron Inc. Political Action Committee,"Budd, Ted",2025-06-25,1000.00
TEXTRON INC.,Textron Inc. Political Action Committee,"Kennedy, John",2025-06-25,1000.00
TEXTRON INC.,Textron Inc. Political Action Committee,"Collins, Susan",2025-06-25,3000.00
TEXTRON INC.,Textron Inc. Political Action Committee,"Reed, Jack",2025-06-25,5000.00
TEXTRON INC.,Textron Inc. Political Action Committee,"Wicker, Roger",2025-06-25,5000.00
TEXTRON INC.,Textron Inc. Political Action Committee,"Jackson, Ronny",2025-06-25,5000.00
TEXTRON INC.,Textron Inc. Political Action Committee,Democratic Congressional Campaign Committee,2025-06-25,15000.00
TEXTRON INC.,Textron Inc. Political Action Committee,"Cisneros, Gilbert",2025-06-30,-1000.00
TEXTRON INC.,Textron Inc. Political Action Committee,"Davids, Sharice",2025-06-30,-1000.00
TEXTRON INC.,Textron Inc. Political Action Committee,"Ernst, Joni",2025-01-27,2500.00
TEXTRON INC.,Textron Inc. Political Action Committee,"Ernst, Joni",2025-01-27,5000.00
TEXTRON INC.,Textron Inc. Political Action Committee,"Schatz, Brian",2025-01-27,1000.00
TEXTRON INC.,Textron Inc. Political Action Committee,National Republican Senatorial Committee,2025-01-27,15000.00
TEXTRON INC.,Textron Inc. Political Action Committee,"Smith, Adam",2025-02-25,5000.00
TEXTRON INC.,Textron Inc. Political Action Committee,"Bice, Stephanie",2025-02-25,1000.00
TEXTRON INC.,Textron Inc. Political Action Committee,"Coons, Chris",2025-02-25,1000.00
TEXTRON INC.,Textron Inc. Political Action Committee,"Yakym, Rudy",2025-04-18,1000.00
TEXTRON INC.,Textron Inc. Political Action Committee,"Graham, Lindsey",2025-04-18,2000.00
TEXTRON INC.,Textron Inc. Political Action Committee,"Tillis, Thom",2025-04-18,2000.00
TEXTRON INC.,Textron Inc. Political Action Committee,"Escobar, Veronica",2025-04-18,1000.00
TEXTRON INC.,Textron Inc. Political Action Committee,"Collins, Susan",2025-02-25,1000.00
TEXTRON INC.,Textron Inc. Political Action Committee,"Rouzer, David",2025-02-25,1000.00
TEXTRON INC.,Textron Inc. Political Action Committee,"Schmidt, Derek",2025-02-25,1000.00
TEXTRON INC.,Textron Inc. Political Action Committee,"Crank, Jeff",2025-02-25,1000.00
TEXTRON INC.,Textron Inc. Political Action Committee,"Olszewski, Johnny",2025-02-25,1500.00
TEXTRON INC.,Textron Inc. Political Action Committee,"Marshall, Roger",2025-02-25,500.00
TEXTRON INC.,Textron Inc. Political Action Committee,"Marshall, Roger",2025-02-25,5000.00
TEXTRON INC.,Textron Inc. Political Action Committee,"Lalota, Nick",2025-02-25,1000.00
TEXTRON INC.,Textron Inc. Political Action Committee,"Magaziner, Seth",2025-02-25,1000.00
TEXTRON INC.,Textron Inc. Political Action Committee,"McCollum, Betty",2025-02-25,1000.00
TEXTRON INC.,Textron Inc. Political Action Committee,"Mrvan, Frank",2025-02-25,1000.00
TEXTRON INC.,Textron Inc. Political Action Committee,"Mace, Nancy",2025-02-25,1500.00
TEXTRON INC.,Textron Inc. Political Action Committee,"Davids, Sharice",2025-02-25,1000.00
TEXTRON INC.,Textron Inc. Political Action Committee,"Simpson, Mike",2025-02-25,1000.00
TEXTRON INC.,Textron Inc. Political Action Committee,"Daines, Steve",2025-02-25,2500.00
TEXTRON INC.,Textron Inc. Political Action Committee,"Carter, Troy",2025-02-25,1000.00
TEXTRON INC.,Textron Inc. Political Action Committee,"Ellzey, Jake",2025-02-25,5000.00
TEXTRON INC.,Textron Inc. Political Action Committee,"Britt, Katie",2025-02-25,5000.00
TEXTRON INC.,Textron Inc. Political Action Committee,"Banks, Jim",2025-02-25,1000.00
TEXTRON INC.,Textron Inc. Political Action Committee,"Calvert, Ken",2025-02-25,5000.00
TEXTRON INC.,Textron Inc. Political Action Committee,"Gallego, Ruben",2025-02-25,1000.00
TEXTRON INC.,Textron Inc. Political Action Committee,"Duckworth, Tammy",2025-02-25,1000.00
TEXTRON INC.,Textron Inc. Political Action Committee,Democratic Senatorial Campaign Committee,2025-02-25,15000.00
TEXTRON INC.,Textron Inc. Political Action Committee,National Republican Congressional Committee,2025-02-25,15000.00
TEXTRON INC.,Textron Inc. Political Action Committee,"Fitzpatrick, Brian",2025-03-20,5000.00
TEXTRON INC.,Textron Inc. Political Action Committee,"Ezell, Mike",2025-03-20,1000.00
TEXTRON INC.,Textron Inc. Political Action Committee,"Schmidt, Derek",2025-03-20,1000.00
TEXTRON INC.,Textron Inc. Political Action Committee,"Fallon, Pat",2025-03-20,1000.00
TEXTRON INC.,Textron Inc. Political Action Committee,"Amo, Gabe",2025-03-20,1000.00
TEXTRON INC.,Textron Inc. Political Action Committee,"Letlow, Julia",2025-03-20,1000.00
TEXTRON INC.,Textron Inc. Political Action Committee,"Gooden, Lance",2025-03-20,1000.00
TEXTRON INC.,Textron Inc. Political Action Committee,"Veasey, Marc",2025-03-20,2500.00
TEXTRON INC.,Textron Inc. Political Action Committee,"Messmer, Mark",2025-03-20,1000.00
TEXTRON INC.,Textron Inc. Political Action Committee,"Crapo, Mike",2025-03-20,2500.00
TEXTRON INC.,Textron Inc. Political Action Committee,"Johnson, Mike",2025-03-20,5000.00
TEXTRON INC.,Textron Inc. Political Action Committee,"Allen, Rick",2025-03-20,2500.00
TEXTRON INC.,Textron Inc. Political Action Committee,"Estes, Ron",2025-03-20,1000.00
TEXTRON INC.,Textron Inc. Political Action Committee,"Scalise, Steve",2025-03-20,5000.00
TEXTRON INC.,Textron Inc. Political Action Committee,"Lee, Susie",2025-03-20,1000.00
TEXTRON INC.,Textron Inc. Political Action Committee,"Jackson, Ronny",2025-03-20,2500.00
TEXTRON INC.,Textron Inc. Political Action Committee,"Cornyn, John",2025-03-20,4000.00
TEXTRON INC.,Textron Inc. Political Action Committee,"Cornyn, John",2025-03-20,5000.00
TEXTRON INC.,Textron Inc. Political Action Committee,"Womack, Steve",2025-03-20,5000.00
TEXTRON INC.,Textron Inc. Political Action Committee,"Cole, Tom",2025-03-20,5000.00
TEXTRON INC.,Textron Inc. Political Action Committee,Wonder Women PAC,2025-03-20,5000.00
TEXTRON INC.,Textron Inc. Political Action Committee,"Calvert, Ken",2025-03-21,5000.00
TEXTRON INC.,Textron Inc. Political Action Committee,"Cohen, Steve",2025-03-27,1000.00
TEXTRON INC.,Textron Inc. Political Action Committee,"Strong, Dale",2025-03-27,1000.00
TEXTRON INC.,Textron Inc. Political Action Committee,"Rogers, Mike",2025-03-27,5000.00
TEXTRON INC.,Textron Inc. Political Action Committee,"Rogers, Mike",2025-03-27,5000.00
TEXTRON INC.,Textron Inc. Political Action Committee,"Reed, Jack",2025-03-27,1000.00
TEXTRON INC.,Textron Inc. Political Action Committee,"Jackson, Ronny",2025-03-27,2500.00
TEXTRON INC.,Textron Inc. Political Action Committee,"Estes, Ron",2025-03-27,2500.00
TEXTRON INC.,Textron Inc. Political Action Committee,"Cole, Tom",2025-04-09,-5000.00
TEXTRON INC.,Textron Inc. Political Action Committee,"Capito, Shelley",2025-04-18,1000.00
TEXTRON INC.,Textron Inc. Political Action Committee,"Capito, Shelley",2025-04-18,1000.00
TEXTRON INC.,Textron Inc. Political Action Committee,"Hyde-Smith, Cindy",2025-04-18,2000.00
TEXTRON INC.,Textron Inc. Political Action Committee,"Goldman, Craig",2025-04-18,1000.00
TEXTRON INC.,Textron Inc. Political Action Committee,"Guest, Michael",2025-04-18,1000.00
TEXTRON INC.,Textron Inc. Political Action Committee,"Ellzey, Jake",2025-04-18,1000.00
TEXTRON INC.,Textron Inc. Political Action Committee,"Wilson, Joe",2025-04-18,2500.00
TEXTRON INC.,Textron Inc. Political Action Committee,"Moore, Riley",2025-04-18,1000.00
TEXTRON INC.,Textron Inc. Political Action Committee,"Mullin, Markwayne",2025-04-18,1000.00
TEXTRON INC.,Textron Inc. Political Action Committee,"Ricketts, Pete",2025-04-18,1000.00
TEXTRON INC.,Textron Inc. Political Action Committee,"Rounds, Mike",2025-04-18,1000.00
TEXTRON INC.,Textron Inc. Political Action Committee,"Zinke, Ryan",2025-04-18,1000.00
TEXTRON INC.,Textron Inc. Political Action Committee,"Cole, Tom",2025-04-18,5000.00
TEXTRON INC.,Textron Inc. Political Action Committee,"Kennedy, John",2025-04-18,1000.00
TEXTRON INC.,Textron Inc. Political Action Committee,"Cruz, Ted",2025-04-18,2500.00
TEXTRON INC.,Textron Inc. Political Action Committee,"Duckworth, Tammy",2025-04-18,1000.00
TEXTRON INC.,Textron Inc. Political Action Committee,"Estes, Ron",2025-04-18,2500.00
TEXTRON INC.,Textron Inc. Political Action Committee,"Goldman, Craig",2025-04-22,1500.00
TEXTRON INC.,Textron Inc. Political Action Committee,"Bergman, Jack",2025-05-29,1000.00
TEXTRON INC.,Textron Inc. Political Action Committee,"Case, Edward",2025-05-29,2500.00
TEXTRON INC.,Textron Inc. Political Action Committee,"Coons, Chris",2025-05-29,1000.00
TEXTRON INC.,Textron Inc. Political Action Committee,"Hyde-Smith, Cindy",2025-05-29,1000.00
TEXTRON INC.,Textron Inc. Political Action Committee,"Larsen, Rick",2025-05-29,1500.00
TEXTRON INC.,Textron Inc. Political Action Committee,"Cole, Tom",2025-05-29,1000.00
TEXTRON INC.,Textron Inc. Political Action Committee,"Ezell, Mike",2025-05-29,1000.00
TEXTRON INC.,Textron Inc. Political Action Committee,"Elfreth, Sarah",2025-05-29,2500.00
TEXTRON INC.,Textron Inc. Political Action Committee,"Rogers, Hal",2025-05-29,1000.00
TEXTRON INC.,Textron Inc. Political Action Committee,"Crockett, Jasmine",2025-05-29,2500.00
TEXTRON INC.,Textron Inc. Political Action Committee,"Risch, Jim",2025-05-29,1500.00
TEXTRON INC.,Textron Inc. Political Action Committee,"Risch, Jim",2025-05-29,2500.00
TEXTRON INC.,Textron Inc. Political Action Committee,"Lalota, Nick",2025-05-29,1000.00
TEXTRON INC.,Textron Inc. Political Action Committee,"Gooden, Lance",2025-05-29,1000.00
TEXTRON INC.,Textron Inc. Political Action Committee,"Loudermilk, Barry",2025-05-29,1500.00
TEXTRON INC.,Textron Inc. Political Action Committee,"Magaziner, Seth",2025-05-29,1000.00
TEXTRON INC.,Textron Inc. Political Action Committee,"Mann, Tracey",2025-05-29,1000.00
TEXTRON INC.,Textron Inc. Political Action Committee,"McCollum, Betty",2025-05-29,2500.00
TEXTRON INC.,Textron Inc. Political Action Committee,"Crapo, Mike",2025-05-29,1500.00
TEXTRON INC.,Textron Inc. Political Action Committee,"Crapo, Mike",2025-05-29,3500.00
TEXTRON INC.,Textron Inc. Political Action Committee,"Sessions, Pete",2025-05-29,1000.00
TEXTRON INC.,Textron Inc. Political Action Committee,"Garcia, Robert",2025-05-29,1000.00
TEXTRON INC.,Textron Inc. Political Action Committee,"Estes, Ron",2025-05-29,1000.00
TEXTRON INC.,Textron Inc. Political Action Committee,"Carbajal, Salud",2025-05-29,1000.00
TEXTRON INC.,Textron Inc. Political Action Committee,"Strickland, Marilyn",2025-05-29,1000.00
TEXTRON INC.,Textron Inc. Political Action Committee,"Luttrell, Morgan",2025-05-29,1000.00
TEXTRON INC.,Textron Inc. Political Action Committee,"Harrigan, Pat",2025-05-29,1000.00
TEXTRON INC.,Textron Inc. Political Action Committee,"Carter, Troy",2025-05-29,1000.00
TEXTRON INC.,Textron Inc. Political Action Committee,"Valadao, David",2025-05-29,1000.00
TEXTRON INC.,Textron Inc. Political Action Committee,"Coons, Chris",2025-05-29,5000.00
TEXTRON INC.,Textron Inc. Political Action Committee,"Moran, Jerry",2025-05-29,5000.00
TEXTRON INC.,Textron Inc. Political Action Committee,"Cruz, Ted",2025-05-29,2500.00
TEXTRON INC.,Textron Inc. Political Action Committee,New Democrat Coalition Action Fund,2025-05-29,5000.00
TEXTRON INC.,Textron Inc. Political Action Committee,"Duckworth, Tammy",2025-05-29,1000.00
TEXTRON INC.,Textron Inc. Political Action Committee,"Womack, Steve",2025-05-29,1000.00
TEXTRON INC.,Textron Inc. Political Action Committee,"Case, Edward",2025-06-25,1000.00
TEXTRON INC.,Textron Inc. Political Action Committee,"Cisneros, Gilbert",2025-06-25,1000.00
TEXTRON INC.,Textron Inc. Political Action Committee,"Cole, Tom",2025-06-25,2000.00
TEXTRON INC.,Textron Inc. Political Action Committee,"Strong, Dale",2025-06-25,1000.00
TEXTRON INC.,Textron Inc. Political Action Committee,"Rouzer, David",2025-06-25,1000.00
TEXTRON INC.,Textron Inc. Political Action Committee,"Davis, Don",2025-06-25,1000.00
TEXTRON INC.,Textron Inc. Political Action Committee,"Stefanik, Elise",2025-06-25,1000.00
TEXTRON INC.,Textron Inc. Political Action Committee,"Guest, Michael",2025-06-25,1000.00
TEXTRON INC.,Textron Inc. Political Action Committee,"Amo, Gabe",2025-06-25,2500.00
TEXTRON INC.,Textron Inc. Political Action Committee,"Letlow, Julia",2025-06-25,1000.00
TEXTRON INC.,Textron Inc. Political Action Committee,"Kiggans, Jen",2025-06-25,1000.00
TEXTRON INC.,Textron Inc. Political Action Committee,"Gooden, Lance",2025-06-25,1000.00
TEXTRON INC.,Textron Inc. Political Action Committee,"Diaz-Balart, Mario",2025-06-25,3000.00
TEXTRON INC.,Textron Inc. Political Action Committee,"Moore, Riley",2025-06-25,1000.00
TEXTRON INC.,Textron Inc. Political Action Committee,"Mrvan, Frank",2025-06-25,1000.00
TEXTRON INC.,Textron Inc. Political Action Committee,"Self, Keith",2025-06-25,1000.00
TEXTRON INC.,Textron Inc. Political Action Committee,"Davids, Sharice",2025-06-25,1000.00
TEXTRON INC.,Textron Inc. Political Action Committee,"Carter, Troy",2025-06-25,1000.00
TEXTRON INC.,Textron Inc. Political Action Committee,"Zinke, Ryan",2025-06-25,1000.00
TEXTRON INC.,Textron Inc. Political Action Committee,"Johnson, Mike",2025-06-25,2500.00
TEXTRON INC.,Textron Inc. Political Action Committee,"Wittman, Rob",2025-06-25,2500.00
TEXTRON INC.,Textron Inc. Political Action Committee,"Budd, Ted",2025-06-25,1000.00
TEXTRON INC.,Textron Inc. Political Action Committee,"Kennedy, John",2025-06-25,1000.00
TEXTRON INC.,Textron Inc. Political Action Committee,"Collins, Susan",2025-06-25,3000.00
TEXTRON INC.,Textron Inc. Political Action Committee,"Reed, Jack",2025-06-25,5000.00
TEXTRON INC.,Textron Inc. Political Action Committee,"Wicker, Roger",2025-06-25,5000.00
TEXTRON INC.,Textron Inc. Political Action Committee,"Jackson, Ronny",2025-06-25,5000.00
TEXTRON INC.,Textron Inc. Political Action Committee,Democratic Congressional Campaign Committee,2025-06-25,15000.00
TEXTRON INC.,Textron Inc. Political Action Committee,"Cisneros, Gilbert",2025-06-30,-1000.00
TEXTRON INC.,Textron Inc. Political Action Committee,"Davids, Sharice",2025-06-30,-1000.00
TEXTRON INC.,Textron Inc. Political Action Committee,"Ernst, Joni",2025-01-27,2500.00
TEXTRON INC.,Textron Inc. Political Action Committee,"Ernst, Joni",2025-01-27,5000.00
TEXTRON INC.,Textron Inc. Political Action Committee,"Schatz, Brian",2025-01-27,1000.00
TEXTRON INC.,Textron Inc. Political Action Committee,National Republican Senatorial Committee,2025-01-27,15000.00
TEXTRON INC.,Textron Inc. Political Action Committee,"Smith, Adam",2025-02-25,5000.00
TEXTRON INC.,Textron Inc. Political Action Committee,"Bice, Stephanie",2025-02-25,1000.00
TEXTRON INC.,Textron Inc. Political Action Committee,"Coons, Chris",2025-02-25,1000.00
TEXTRON INC.,Textron Inc. Political Action Committee,"Yakym, Rudy",2025-04-18,1000.00
TEXTRON INC.,Textron Inc. Political Action Committee,"Graham, Lindsey",2025-04-18,2000.00
TEXTRON INC.,Textron Inc. Political Action Committee,"Tillis, Thom",2025-04-18,2000.00
TEXTRON INC.,Textron Inc. Political Action Committee,"Escobar, Veronica",2025-04-18,1000.00
TEXTRON INC.,Textron Inc. Political Action Committee,"Collins, Susan",2025-02-25,1000.00
TEXTRON INC.,Textron Inc. Political Action Committee,"Rouzer, David",2025-02-25,1000.00
TEXTRON INC.,Textron Inc. Political Action Committee,"Schmidt, Derek",2025-02-25,1000.00
TEXTRON INC.,Textron Inc. Political Action Committee,"Crank, Jeff",2025-02-25,1000.00
TEXTRON INC.,Textron Inc. Political Action Committee,"Olszewski, Johnny",2025-02-25,1500.00
TEXTRON INC.,Textron Inc. Political Action Committee,"Marshall, Roger",2025-02-25,500.00
TEXTRON INC.,Textron Inc. Political Action Committee,"Marshall, Roger",2025-02-25,5000.00
TEXTRON INC.,Textron Inc. Political Action Committee,"Lalota, Nick",2025-02-25,1000.00
TEXTRON INC.,Textron Inc. Political Action Committee,"Magaziner, Seth",2025-02-25,1000.00
TEXTRON INC.,Textron Inc. Political Action Committee,"McCollum, Betty",2025-02-25,1000.00
TEXTRON INC.,Textron Inc. Political Action Committee,"Mrvan, Frank",2025-02-25,1000.00
TEXTRON INC.,Textron Inc. Political Action Committee,"Mace, Nancy",2025-02-25,1500.00
TEXTRON INC.,Textron Inc. Political Action Committee,"Davids, Sharice",2025-02-25,1000.00
TEXTRON INC.,Textron Inc. Political Action Committee,"Simpson, Mike",2025-02-25,1000.00
TEXTRON INC.,Textron Inc. Political Action Committee,"Daines, Steve",2025-02-25,2500.00
TEXTRON INC.,Textron Inc. Political Action Committee,"Carter, Troy",2025-02-25,1000.00
TEXTRON INC.,Textron Inc. Political Action Committee,"Ellzey, Jake",2025-02-25,5000.00
TEXTRON INC.,Textron Inc. Political Action Committee,"Britt, Katie",2025-02-25,5000.00
TEXTRON INC.,Textron Inc. Political Action Committee,"Banks, Jim",2025-02-25,1000.00
TEXTRON INC.,Textron Inc. Political Action Committee,"Calvert, Ken",2025-02-25,5000.00
TEXTRON INC.,Textron Inc. Political Action Committee,"Gallego, Ruben",2025-02-25,1000.00
TEXTRON INC.,Textron Inc. Political Action Committee,"Duckworth, Tammy",2025-02-25,1000.00
TEXTRON INC.,Textron Inc. Political Action Committee,Democratic Senatorial Campaign Committee,2025-02-25,15000.00
TEXTRON INC.,Textron Inc. Political Action Committee,National Republican Congressional Committee,2025-02-25,15000.00
TEXTRON INC.,Textron Inc. Political Action Committee,"Fitzpatrick, Brian",2025-03-20,5000.00
TEXTRON INC.,Textron Inc. Political Action Committee,"Ezell, Mike",2025-03-20,1000.00
TEXTRON INC.,Textron Inc. Political Action Committee,"Schmidt, Derek",2025-03-20,1000.00
TEXTRON INC.,Textron Inc. Political Action Committee,"Fallon, Pat",2025-03-20,1000.00
TEXTRON INC.,Textron Inc. Political Action Committee,"Amo, Gabe",2025-03-20,1000.00
TEXTRON INC.,Textron Inc. Political Action Committee,"Letlow, Julia",2025-03-20,1000.00
TEXTRON INC.,Textron Inc. Political Action Committee,"Gooden, Lance",2025-03-20,1000.00
TEXTRON INC.,Textron Inc. Political Action Committee,"Veasey, Marc",2025-03-20,2500.00
TEXTRON INC.,Textron Inc. Political Action Committee,"Messmer, Mark",2025-03-20,1000.00
TEXTRON INC.,Textron Inc. Political Action Committee,"Crapo, Mike",2025-03-20,2500.00
TEXTRON INC.,Textron Inc. Political Action Committee,"Johnson, Mike",2025-03-20,5000.00
TEXTRON INC.,Textron Inc. Political Action Committee,"Allen, Rick",2025-03-20,2500.00
TEXTRON INC.,Textron Inc. Political Action Committee,"Estes, Ron",2025-03-20,1000.00
TEXTRON INC.,Textron Inc. Political Action Committee,"Scalise, Steve",2025-03-20,5000.00
TEXTRON INC.,Textron Inc. Political Action Committee,"Lee, Susie",2025-03-20,1000.00
TEXTRON INC.,Textron Inc. Political Action Committee,"Jackson, Ronny",2025-03-20,2500.00
TEXTRON INC.,Textron Inc. Political Action Committee,"Cornyn, John",2025-03-20,4000.00
TEXTRON INC.,Textron Inc. Political Action Committee,"Cornyn, John",2025-03-20,5000.00
TEXTRON INC.,Textron Inc. Political Action Committee,"Womack, Steve",2025-03-20,5000.00
TEXTRON INC.,Textron Inc. Political Action Committee,"Cole, Tom",2025-03-20,5000.00
TEXTRON INC.,Textron Inc. Political Action Committee,Wonder Women PAC,2025-03-20,5000.00
TEXTRON INC.,Textron Inc. Political Action Committee,"Calvert, Ken",2025-03-21,5000.00
TEXTRON INC.,Textron Inc. Political Action Committee,"Cohen, Steve",2025-03-27,1000.00
TEXTRON INC.,Textron Inc. Political Action Committee,"Strong, Dale",2025-03-27,1000.00
TEXTRON INC.,Textron Inc. Political Action Committee,"Rogers, Mike",2025-03-27,5000.00
TEXTRON INC.,Textron Inc. Political Action Committee,"Rogers, Mike",2025-03-27,5000.00
TEXTRON INC.,Textron Inc. Political Action Committee,"Reed, Jack",2025-03-27,1000.00
TEXTRON INC.,Textron Inc. Political Action Committee,"Jackson, Ronny",2025-03-27,2500.00
TEXTRON INC.,Textron Inc. Political Action Committee,"Estes, Ron",2025-03-27,2500.00
TEXTRON INC.,Textron Inc. Political Action Committee,"Cole, Tom",2025-04-09,-5000.00
TEXTRON INC.,Textron Inc. Political Action Committee,"Capito, Shelley",2025-04-18,1000.00
TEXTRON INC.,Textron Inc. Political Action Committee,"Capito, Shelley",2025-04-18,1000.00
TEXTRON INC.,Textron Inc. Political Action Committee,"Hyde-Smith, Cindy",2025-04-18,2000.00
TEXTRON INC.,Textron Inc. Political Action Committee,"Goldman, Craig",2025-04-18,1000.00
TEXTRON INC.,Textron Inc. Political Action Committee,"Guest, Michael",2025-04-18,1000.00
TEXTRON INC.,Textron Inc. Political Action Committee,"Ellzey, Jake",2025-04-18,1000.00
TEXTRON INC.,Textron Inc. Political Action Committee,"Wilson, Joe",2025-04-18,2500.00
TEXTRON INC.,Textron Inc. Political Action Committee,"Moore, Riley",2025-04-18,1000.00
TEXTRON INC.,Textron Inc. Political Action Committee,"Mullin, Markwayne",2025-04-18,1000.00
TEXTRON INC.,Textron Inc. Political Action Committee,"Ricketts, Pete",2025-04-18,1000.00
TEXTRON INC.,Textron Inc. Political Action Committee,"Rounds, Mike",2025-04-18,1000.00
TEXTRON INC.,Textron Inc. Political Action Committee,"Zinke, Ryan",2025-04-18,1000.00
TEXTRON INC.,Textron Inc. Political Action Committee,"Cole, Tom",2025-04-18,5000.00
TEXTRON INC.,Textron Inc. Political Action Committee,"Kennedy, John",2025-04-18,1000.00
TEXTRON INC.,Textron Inc. Political Action Committee,"Cruz, Ted",2025-04-18,2500.00
TEXTRON INC.,Textron Inc. Political Action Committee,"Duckworth, Tammy",2025-04-18,1000.00
TEXTRON INC.,Textron Inc. Political Action Committee,"Estes, Ron",2025-04-18,2500.00
TEXTRON INC.,Textron Inc. Political Action Committee,"Goldman, Craig",2025-04-22,1500.00
TEXTRON INC.,Textron Inc. Political Action Committee,"Bergman, Jack",2025-05-29,1000.00
TEXTRON INC.,Textron Inc. Political Action Committee,"Case, Edward",2025-05-29,2500.00
TEXTRON INC.,Textron Inc. Political Action Committee,"Coons, Chris",2025-05-29,1000.00
TEXTRON INC.,Textron Inc. Political Action Committee,"Hyde-Smith, Cindy",2025-05-29,1000.00
TEXTRON INC.,Textron Inc. Political Action Committee,"Larsen, Rick",2025-05-29,1500.00
TEXTRON INC.,Textron Inc. Political Action Committee,"Cole, Tom",2025-05-29,1000.00
TEXTRON INC.,Textron Inc. Political Action Committee,"Ezell, Mike",2025-05-29,1000.00
TEXTRON INC.,Textron Inc. Political Action Committee,"Elfreth, Sarah",2025-05-29,2500.00
TEXTRON INC.,Textron Inc. Political Action Committee,"Rogers, Hal",2025-05-29,1000.00
TEXTRON INC.,Textron Inc. Political Action Committee,"Crockett, Jasmine",2025-05-29,2500.00
TEXTRON INC.,Textron Inc. Political Action Committee,"Risch, Jim",2025-05-29,1500.00
TEXTRON INC.,Textron Inc. Political Action Committee,"Risch, Jim",2025-05-29,2500.00
TEXTRON INC.,Textron Inc. Political Action Committee,"Lalota, Nick",2025-05-29,1000.00
TEXTRON INC.,Textron Inc. Political Action Committee,"Gooden, Lance",2025-05-29,1000.00
TEXTRON INC.,Textron Inc. Political Action Committee,"Loudermilk, Barry",2025-05-29,1500.00
TEXTRON INC.,Textron Inc. Political Action Committee,"Magaziner, Seth",2025-05-29,1000.00
TEXTRON INC.,Textron Inc. Political Action Committee,"Mann, Tracey",2025-05-29,1000.00
TEXTRON INC.,Textron Inc. Political Action Committee,"McCollum, Betty",2025-05-29,2500.00
TEXTRON INC.,Textron Inc. Political Action Committee,"Crapo, Mike",2025-05-29,1500.00
TEXTRON INC.,Textron Inc. Political Action Committee,"Crapo, Mike",2025-05-29,3500.00
TEXTRON INC.,Textron Inc. Political Action Committee,"Sessions, Pete",2025-05-29,1000.00
TEXTRON INC.,Textron Inc. Political Action Committee,"Garcia, Robert",2025-05-29,1000.00
TEXTRON INC.,Textron Inc. Political Action Committee,"Estes, Ron",2025-05-29,1000.00
TEXTRON INC.,Textron Inc. Political Action Committee,"Carbajal, Salud",2025-05-29,1000.00
TEXTRON INC.,Textron Inc. Political Action Committee,"Strickland, Marilyn",2025-05-29,1000.00
TEXTRON INC.,Textron Inc. Political Action Committee,"Luttrell, Morgan",2025-05-29,1000.00
TEXTRON INC.,Textron Inc. Political Action Committee,"Harrigan, Pat",2025-05-29,1000.00
TEXTRON INC.,Textron Inc. Political Action Committee,"Carter, Troy",2025-05-29,1000.00
TEXTRON INC.,Textron Inc. Political Action Committee,"Valadao, David",2025-05-29,1000.00
TEXTRON INC.,Textron Inc. Political Action Committee,"Coons, Chris",2025-05-29,5000.00
TEXTRON INC.,Textron Inc. Political Action Committee,"Moran, Jerry",2025-05-29,5000.00
TEXTRON INC.,Textron Inc. Political Action Committee,"Cruz, Ted",2025-05-29,2500.00
TEXTRON INC.,Textron Inc. Political Action Committee,New Democrat Coalition Action Fund,2025-05-29,5000.00
TEXTRON INC.,Textron Inc. Political Action Committee,"Duckworth, Tammy",2025-05-29,1000.00
TEXTRON INC.,Textron Inc. Political Action Committee,"Womack, Steve",2025-05-29,1000.00
TEXTRON INC.,Textron Inc. Political Action Committee,"Case, Edward",2025-06-25,1000.00
TEXTRON INC.,Textron Inc. Political Action Committee,"Cisneros, Gilbert",2025-06-25,1000.00
TEXTRON INC.,Textron Inc. Political Action Committee,"Cole, Tom",2025-06-25,2000.00
TEXTRON INC.,Textron Inc. Political Action Committee,"Strong, Dale",2025-06-25,1000.00
TEXTRON INC.,Textron Inc. Political Action Committee,"Rouzer, David",2025-06-25,1000.00
TEXTRON INC.,Textron Inc. Political Action Committee,"Davis, Don",2025-06-25,1000.00
TEXTRON INC.,Textron Inc. Political Action Committee,"Stefanik, Elise",2025-06-25,1000.00
TEXTRON INC.,Textron Inc. Political Action Committee,"Guest, Michael",2025-06-25,1000.00
TEXTRON INC.,Textron Inc. Political Action Committee,"Amo, Gabe",2025-06-25,2500.00
TEXTRON INC.,Textron Inc. Political Action Committee,"Letlow, Julia",2025-06-25,1000.00
TEXTRON INC.,Textron Inc. Political Action Committee,"Kiggans, Jen",2025-06-25,1000.00
TEXTRON INC.,Textron Inc. Political Action Committee,"Gooden, Lance",2025-06-25,1000.00
TEXTRON INC.,Textron Inc. Political Action Committee,"Diaz-Balart, Mario",2025-06-25,3000.00
TEXTRON INC.,Textron Inc. Political Action Committee,"Moore, Riley",2025-06-25,1000.00
TEXTRON INC.,Textron Inc. Political Action Committee,"Mrvan, Frank",2025-06-25,1000.00
TEXTRON INC.,Textron Inc. Political Action Committee,"Self, Keith",2025-06-25,1000.00
TEXTRON INC.,Textron Inc. Political Action Committee,"Davids, Sharice",2025-06-25,1000.00
TEXTRON INC.,Textron Inc. Political Action Committee,"Carter, Troy",2025-06-25,1000.00
TEXTRON INC.,Textron Inc. Political Action Committee,"Zinke, Ryan",2025-06-25,1000.00
TEXTRON INC.,Textron Inc. Political Action Committee,"Johnson, Mike",2025-06-25,2500.00
TEXTRON INC.,Textron Inc. Political Action Committee,"Wittman, Rob",2025-06-25,2500.00
TEXTRON INC.,Textron Inc. Political Action Committee,"Budd, Ted",2025-06-25,1000.00
TEXTRON INC.,Textron Inc. Political Action Committee,"Kennedy, John",2025-06-25,1000.00
TEXTRON INC.,Textron Inc. Political Action Committee,"Collins, Susan",2025-06-25,3000.00
TEXTRON INC.,Textron Inc. Political Action Committee,"Reed, Jack",2025-06-25,5000.00
TEXTRON INC.,Textron Inc. Political Action Committee,"Wicker, Roger",2025-06-25,5000.00
TEXTRON INC.,Textron Inc. Political Action Committee,"Jackson, Ronny",2025-06-25,5000.00
TEXTRON INC.,Textron Inc. Political Action Committee,Democratic Congressional Campaign Committee,2025-06-25,15000.00
TEXTRON INC.,Textron Inc. Political Action Committee,"Cisneros, Gilbert",2025-06-30,-1000.00
TEXTRON INC.,Textron Inc. Political Action Committee,"Davids, Sharice",2025-06-30,-1000.00
TEXTRON INC.,Textron Inc. Political Action Committee,"Ernst, Joni",2025-01-27,2500.00
TEXTRON INC.,Textron Inc. Political Action Committee,"Ernst, Joni",2025-01-27,5000.00
TEXTRON INC.,Textron Inc. Political Action Committee,"Schatz, Brian",2025-01-27,1000.00
TEXTRON INC.,Textron Inc. Political Action Committee,National Republican Senatorial Committee,2025-01-27,15000.00
TEXTRON INC.,Textron Inc. Political Action Committee,"Smith, Adam",2025-02-25,5000.00
TEXTRON INC.,Textron Inc. Political Action Committee,"Bice, Stephanie",2025-02-25,1000.00
TEXTRON INC.,Textron Inc. Political Action Committee,"Coons, Chris",2025-02-25,1000.00
TEXTRON INC.,Textron Inc. Political Action Committee,"Yakym, Rudy",2025-04-18,1000.00
TEXTRON INC.,Textron Inc. Political Action Committee,"Graham, Lindsey",2025-04-18,2000.00
TEXTRON INC.,Textron Inc. Political Action Committee,"Tillis, Thom",2025-04-18,2000.00
TEXTRON INC.,Textron Inc. Political Action Committee,"Escobar, Veronica",2025-04-18,1000.00
TEXTRON INC.,Textron Inc. Political Action Committee,"Collins, Susan",2025-02-25,1000.00
TEXTRON INC.,Textron Inc. Political Action Committee,"Rouzer, David",2025-02-25,1000.00
TEXTRON INC.,Textron Inc. Political Action Committee,"Schmidt, Derek",2025-02-25,1000.00
TEXTRON INC.,Textron Inc. Political Action Committee,"Crank, Jeff",2025-02-25,1000.00
TEXTRON INC.,Textron Inc. Political Action Committee,"Olszewski, Johnny",2025-02-25,1500.00
TEXTRON INC.,Textron Inc. Political Action Committee,"Marshall, Roger",2025-02-25,500.00
TEXTRON INC.,Textron Inc. Political Action Committee,"Marshall, Roger",2025-02-25,5000.00
TEXTRON INC.,Textron Inc. Political Action Committee,"Lalota, Nick",2025-02-25,1000.00
TEXTRON INC.,Textron Inc. Political Action Committee,"Magaziner, Seth",2025-02-25,1000.00
TEXTRON INC.,Textron Inc. Political Action Committee,"McCollum, Betty",2025-02-25,1000.00
TEXTRON INC.,Textron Inc. Political Action Committee,"Mrvan, Frank",2025-02-25,1000.00
TEXTRON INC.,Textron Inc. Political Action Committee,"Mace, Nancy",2025-02-25,1500.00
TEXTRON INC.,Textron Inc. Political Action Committee,"Davids, Sharice",2025-02-25,1000.00
TEXTRON INC.,Textron Inc. Political Action Committee,"Simpson, Mike",2025-02-25,1000.00
TEXTRON INC.,Textron Inc. Political Action Committee,"Daines, Steve",2025-02-25,2500.00
TEXTRON INC.,Textron Inc. Political Action Committee,"Carter, Troy",2025-02-25,1000.00
TEXTRON INC.,Textron Inc. Political Action Committee,"Ellzey, Jake",2025-02-25,5000.00
TEXTRON INC.,Textron Inc. Political Action Committee,"Britt, Katie",2025-02-25,5000.00
TEXTRON INC.,Textron Inc. Political Action Committee,"Banks, Jim",2025-02-25,1000.00
TEXTRON INC.,Textron Inc. Political Action Committee,"Calvert, Ken",2025-02-25,5000.00
TEXTRON INC.,Textron Inc. Political Action Committee,"Gallego, Ruben",2025-02-25,1000.00
TEXTRON INC.,Textron Inc. Political Action Committee,"Duckworth, Tammy",2025-02-25,1000.00
TEXTRON INC.,Textron Inc. Political Action Committee,Democratic Senatorial Campaign Committee,2025-02-25,15000.00
TEXTRON INC.,Textron Inc. Political Action Committee,National Republican Congressional Committee,2025-02-25,15000.00
TEXTRON INC.,Textron Inc. Political Action Committee,"Fitzpatrick, Brian",2025-03-20,5000.00
TEXTRON INC.,Textron Inc. Political Action Committee,"Ezell, Mike",2025-03-20,1000.00
TEXTRON INC.,Textron Inc. Political Action Committee,"Schmidt, Derek",2025-03-20,1000.00
TEXTRON INC.,Textron Inc. Political Action Committee,"Fallon, Pat",2025-03-20,1000.00
TEXTRON INC.,Textron Inc. Political Action Committee,"Amo, Gabe",2025-03-20,1000.00
TEXTRON INC.,Textron Inc. Political Action Committee,"Letlow, Julia",2025-03-20,1000.00
TEXTRON INC.,Textron Inc. Political Action Committee,"Gooden, Lance",2025-03-20,1000.00
TEXTRON INC.,Textron Inc. Political Action Committee,"Veasey, Marc",2025-03-20,2500.00
TEXTRON INC.,Textron Inc. Political Action Committee,"Messmer, Mark",2025-03-20,1000.00
TEXTRON INC.,Textron Inc. Political Action Committee,"Crapo, Mike",2025-03-20,2500.00
TEXTRON INC.,Textron Inc. Political Action Committee,"Johnson, Mike",2025-03-20,5000.00
TEXTRON INC.,Textron Inc. Political Action Committee,"Allen, Rick",2025-03-20,2500.00
TEXTRON INC.,Textron Inc. Political Action Committee,"Estes, Ron",2025-03-20,1000.00
TEXTRON INC.,Textron Inc. Political Action Committee,"Scalise, Steve",2025-03-20,5000.00
TEXTRON INC.,Textron Inc. Political Action Committee,"Lee, Susie",2025-03-20,1000.00
TEXTRON INC.,Textron Inc. Political Action Committee,"Jackson, Ronny",2025-03-20,2500.00
TEXTRON INC.,Textron Inc. Political Action Committee,"Cornyn, John",2025-03-20,4000.00
TEXTRON INC.,Textron Inc. Political Action Committee,"Cornyn, John",2025-03-20,5000.00
TEXTRON INC.,Textron Inc. Political Action Committee,"Womack, Steve",2025-03-20,5000.00
TEXTRON INC.,Textron Inc. Political Action Committee,"Cole, Tom",2025-03-20,5000.00
TEXTRON INC.,Textron Inc. Political Action Committee,Wonder Women PAC,2025-03-20,5000.00
TEXTRON INC.,Textron Inc. Political Action Committee,"Calvert, Ken",2025-03-21,5000.00
TEXTRON INC.,Textron Inc. Political Action Committee,"Cohen, Steve",2025-03-27,1000.00
TEXTRON INC.,Textron Inc. Political Action Committee,"Strong, Dale",2025-03-27,1000.00
TEXTRON INC.,Textron Inc. Political Action Committee,"Rogers, Mike",2025-03-27,5000.00
TEXTRON INC.,Textron Inc. Political Action Committee,"Rogers, Mike",2025-03-27,5000.00
TEXTRON INC.,Textron Inc. Political Action Committee,"Reed, Jack",2025-03-27,1000.00
TEXTRON INC.,Textron Inc. Political Action Committee,"Jackson, Ronny",2025-03-27,2500.00
TEXTRON INC.,Textron Inc. Political Action Committee,"Estes, Ron",2025-03-27,2500.00
TEXTRON INC.,Textron Inc. Political Action Committee,"Cole, Tom",2025-04-09,-5000.00
TEXTRON INC.,Textron Inc. Political Action Committee,"Capito, Shelley",2025-04-18,1000.00
TEXTRON INC.,Textron Inc. Political Action Committee,"Capito, Shelley",2025-04-18,1000.00
TEXTRON INC.,Textron Inc. Political Action Committee,"Hyde-Smith, Cindy",2025-04-18,2000.00
TEXTRON INC.,Textron Inc. Political Action Committee,"Goldman, Craig",2025-04-18,1000.00
TEXTRON INC.,Textron Inc. Political Action Committee,"Guest, Michael",2025-04-18,1000.00
TEXTRON INC.,Textron Inc. Political Action Committee,"Ellzey, Jake",2025-04-18,1000.00
TEXTRON INC.,Textron Inc. Political Action Committee,"Wilson, Joe",2025-04-18,2500.00
TEXTRON INC.,Textron Inc. Political Action Committee,"Moore, Riley",2025-04-18,1000.00
TEXTRON INC.,Textron Inc. Political Action Committee,"Mullin, Markwayne",2025-04-18,1000.00
TEXTRON INC.,Textron Inc. Political Action Committee,"Ricketts, Pete",2025-04-18,1000.00
TEXTRON INC.,Textron Inc. Political Action Committee,"Rounds, Mike",2025-04-18,1000.00
TEXTRON INC.,Textron Inc. Political Action Committee,"Zinke, Ryan",2025-04-18,1000.00
TEXTRON INC.,Textron Inc. Political Action Committee,"Cole, Tom",2025-04-18,5000.00
TEXTRON INC.,Textron Inc. Political Action Committee,"Kennedy, John",2025-04-18,1000.00
TEXTRON INC.,Textron Inc. Political Action Committee,"Cruz, Ted",2025-04-18,2500.00
TEXTRON INC.,Textron Inc. Political Action Committee,"Duckworth, Tammy",2025-04-18,1000.00
TEXTRON INC.,Textron Inc. Political Action Committee,"Estes, Ron",2025-04-18,2500.00
TEXTRON INC.,Textron Inc. Political Action Committee,"Goldman, Craig",2025-04-22,1500.00
TEXTRON INC.,Textron Inc. Political Action Committee,"Bergman, Jack",2025-05-29,1000.00
TEXTRON INC.,Textron Inc. Political Action Committee,"Case, Edward",2025-05-29,2500.00
TEXTRON INC.,Textron Inc. Political Action Committee,"Coons, Chris",2025-05-29,1000.00
TEXTRON INC.,Textron Inc. Political Action Committee,"Hyde-Smith, Cindy",2025-05-29,1000.00
TEXTRON INC.,Textron Inc. Political Action Committee,"Larsen, Rick",2025-05-29,1500.00
TEXTRON INC.,Textron Inc. Political Action Committee,"Cole, Tom",2025-05-29,1000.00
TEXTRON INC.,Textron Inc. Political Action Committee,"Ezell, Mike",2025-05-29,1000.00
TEXTRON INC.,Textron Inc. Political Action Committee,"Elfreth, Sarah",2025-05-29,2500.00
TEXTRON INC.,Textron Inc. Political Action Committee,"Rogers, Hal",2025-05-29,1000.00
TEXTRON INC.,Textron Inc. Political Action Committee,"Crockett, Jasmine",2025-05-29,2500.00
TEXTRON INC.,Textron Inc. Political Action Committee,"Risch, Jim",2025-05-29,1500.00
TEXTRON INC.,Textron Inc. Political Action Committee,"Risch, Jim",2025-05-29,2500.00
TEXTRON INC.,Textron Inc. Political Action Committee,"Lalota, Nick",2025-05-29,1000.00
TEXTRON INC.,Textron Inc. Political Action Committee,"Gooden, Lance",2025-05-29,1000.00
TEXTRON INC.,Textron Inc. Political Action Committee,"Loudermilk, Barry",2025-05-29,1500.00
TEXTRON INC.,Textron Inc. Political Action Committee,"Magaziner, Seth",2025-05-29,1000.00
TEXTRON INC.,Textron Inc. Political Action Committee,"Mann, Tracey",2025-05-29,1000.00
TEXTRON INC.,Textron Inc. Political Action Committee,"McCollum, Betty",2025-05-29,2500.00
TEXTRON INC.,Textron Inc. Political Action Committee,"Crapo, Mike",2025-05-29,1500.00
TEXTRON INC.,Textron Inc. Political Action Committee,"Crapo, Mike",2025-05-29,3500.00
TEXTRON INC.,Textron Inc. Political Action Committee,"Sessions, Pete",2025-05-29,1000.00
TEXTRON INC.,Textron Inc. Political Action Committee,"Garcia, Robert",2025-05-29,1000.00
TEXTRON INC.,Textron Inc. Political Action Committee,"Estes, Ron",2025-05-29,1000.00
TEXTRON INC.,Textron Inc. Political Action Committee,"Carbajal, Salud",2025-05-29,1000.00
TEXTRON INC.,Textron Inc. Political Action Committee,"Strickland, Marilyn",2025-05-29,1000.00
TEXTRON INC.,Textron Inc. Political Action Committee,"Luttrell, Morgan",2025-05-29,1000.00
TEXTRON INC.,Textron Inc. Political Action Committee,"Harrigan, Pat",2025-05-29,1000.00
TEXTRON INC.,Textron Inc. Political Action Committee,"Carter, Troy",2025-05-29,1000.00
TEXTRON INC.,Textron Inc. Political Action Committee,"Valadao, David",2025-05-29,1000.00
TEXTRON INC.,Textron Inc. Political Action Committee,"Coons, Chris",2025-05-29,5000.00
TEXTRON INC.,Textron Inc. Political Action Committee,"Moran, Jerry",2025-05-29,5000.00
TEXTRON INC.,Textron Inc. Political Action Committee,"Cruz, Ted",2025-05-29,2500.00
TEXTRON INC.,Textron Inc. Political Action Committee,New Democrat Coalition Action Fund,2025-05-29,5000.00
TEXTRON INC.,Textron Inc. Political Action Committee,"Duckworth, Tammy",2025-05-29,1000.00
TEXTRON INC.,Textron Inc. Political Action Committee,"Womack, Steve",2025-05-29,1000.00
TEXTRON INC.,Textron Inc. Political Action Committee,"Case, Edward",2025-06-25,1000.00
TEXTRON INC.,Textron Inc. Political Action Committee,"Cisneros, Gilbert",2025-06-25,1000.00
TEXTRON INC.,Textron Inc. Political Action Committee,"Cole, Tom",2025-06-25,2000.00
TEXTRON INC.,Textron Inc. Political Action Committee,"Strong, Dale",2025-06-25,1000.00
TEXTRON INC.,Textron Inc. Political Action Committee,"Rouzer, David",2025-06-25,1000.00
TEXTRON INC.,Textron Inc. Political Action Committee,"Davis, Don",2025-06-25,1000.00
TEXTRON INC.,Textron Inc. Political Action Committee,"Stefanik, Elise",2025-06-25,1000.00
TEXTRON INC.,Textron Inc. Political Action Committee,"Guest, Michael",2025-06-25,1000.00
TEXTRON INC.,Textron Inc. Political Action Committee,"Amo, Gabe",2025-06-25,2500.00
TEXTRON INC.,Textron Inc. Political Action Committee,"Letlow, Julia",2025-06-25,1000.00
TEXTRON INC.,Textron Inc. Political Action Committee,"Kiggans, Jen",2025-06-25,1000.00
TEXTRON INC.,Textron Inc. Political Action Committee,"Gooden, Lance",2025-06-25,1000.00
TEXTRON INC.,Textron Inc. Political Action Committee,"Diaz-Balart, Mario",2025-06-25,3000.00
TEXTRON INC.,Textron Inc. Political Action Committee,"Moore, Riley",2025-06-25,1000.00
TEXTRON INC.,Textron Inc. Political Action Committee,"Mrvan, Frank",2025-06-25,1000.00
TEXTRON INC.,Textron Inc. Political Action Committee,"Self, Keith",2025-06-25,1000.00
TEXTRON INC.,Textron Inc. Political Action Committee,"Davids, Sharice",2025-06-25,1000.00
TEXTRON INC.,Textron Inc. Political Action Committee,"Carter, Troy",2025-06-25,1000.00
TEXTRON INC.,Textron Inc. Political Action Committee,"Zinke, Ryan",2025-06-25,1000.00
TEXTRON INC.,Textron Inc. Political Action Committee,"Johnson, Mike",2025-06-25,2500.00
TEXTRON INC.,Textron Inc. Political Action Committee,"Wittman, Rob",2025-06-25,2500.00
TEXTRON INC.,Textron Inc. Political Action Committee,"Budd, Ted",2025-06-25,1000.00
TEXTRON INC.,Textron Inc. Political Action Committee,"Kennedy, John",2025-06-25,1000.00
TEXTRON INC.,Textron Inc. Political Action Committee,"Collins, Susan",2025-06-25,3000.00
TEXTRON INC.,Textron Inc. Political Action Committee,"Reed, Jack",2025-06-25,5000.00
TEXTRON INC.,Textron Inc. Political Action Committee,"Wicker, Roger",2025-06-25,5000.00
TEXTRON INC.,Textron Inc. Political Action Committee,"Jackson, Ronny",2025-06-25,5000.00
TEXTRON INC.,Textron Inc. Political Action Committee,Democratic Congressional Campaign Committee,2025-06-25,15000.00
TEXTRON INC.,Textron Inc. Political Action Committee,"Cisneros, Gilbert",2025-06-30,-1000.00
TEXTRON INC.,Textron Inc. Political Action Committee,"Davids, Sharice",2025-06-30,-1000.00
TEXTRON INC.,Textron Inc. Political Action Committee,"Ernst, Joni",2025-01-27,2500.00
TEXTRON INC.,Textron Inc. Political Action Committee,"Ernst, Joni",2025-01-27,5000.00
TEXTRON INC.,Textron Inc. Political Action Committee,"Schatz, Brian",2025-01-27,1000.00
TEXTRON INC.,Textron Inc. Political Action Committee,National Republican Senatorial Committee,2025-01-27,15000.00
TEXTRON INC.,Textron Inc. Political Action Committee,"Smith, Adam",2025-02-25,5000.00
TEXTRON INC.,Textron Inc. Political Action Committee,"Bice, Stephanie",2025-02-25,1000.00
TEXTRON INC.,Textron Inc. Political Action Committee,"Coons, Chris",2025-02-25,1000.00
TEXTRON INC.,Textron Inc. Political Action Committee,"Yakym, Rudy",2025-04-18,1000.00
TEXTRON INC.,Textron Inc. Political Action Committee,"Graham, Lindsey",2025-04-18,2000.00
TEXTRON INC.,Textron Inc. Political Action Committee,"Tillis, Thom",2025-04-18,2000.00
TEXTRON INC.,Textron Inc. Political Action Committee,"Escobar, Veronica",2025-04-18,1000.00
TEXTRON INC.,Textron Inc. Political Action Committee,"Collins, Susan",2025-02-25,1000.00
TEXTRON INC.,Textron Inc. Political Action Committee,"Rouzer, David",2025-02-25,1000.00
TEXTRON INC.,Textron Inc. Political Action Committee,"Schmidt, Derek",2025-02-25,1000.00
TEXTRON INC.,Textron Inc. Political Action Committee,"Crank, Jeff",2025-02-25,1000.00
TEXTRON INC.,Textron Inc. Political Action Committee,"Olszewski, Johnny",2025-02-25,1500.00
TEXTRON INC.,Textron Inc. Political Action Committee,"Marshall, Roger",2025-02-25,500.00
TEXTRON INC.,Textron Inc. Political Action Committee,"Marshall, Roger",2025-02-25,5000.00
TEXTRON INC.,Textron Inc. Political Action Committee,"Lalota, Nick",2025-02-25,1000.00
TEXTRON INC.,Textron Inc. Political Action Committee,"Magaziner, Seth",2025-02-25,1000.00
TEXTRON INC.,Textron Inc. Political Action Committee,"McCollum, Betty",2025-02-25,1000.00
TEXTRON INC.,Textron Inc. Political Action Committee,"Mrvan, Frank",2025-02-25,1000.00
TEXTRON INC.,Textron Inc. Political Action Committee,"Mace, Nancy",2025-02-25,1500.00
TEXTRON INC.,Textron Inc. Political Action Committee,"Davids, Sharice",2025-02-25,1000.00
TEXTRON INC.,Textron Inc. Political Action Committee,"Simpson, Mike",2025-02-25,1000.00
TEXTRON INC.,Textron Inc. Political Action Committee,"Daines, Steve",2025-02-25,2500.00
TEXTRON INC.,Textron Inc. Political Action Committee,"Carter, Troy",2025-02-25,1000.00
TEXTRON INC.,Textron Inc. Political Action Committee,"Ellzey, Jake",2025-02-25,5000.00
TEXTRON INC.,Textron Inc. Political Action Committee,"Britt, Katie",2025-02-25,5000.00
TEXTRON INC.,Textron Inc. Political Action Committee,"Banks, Jim",2025-02-25,1000.00
TEXTRON INC.,Textron Inc. Political Action Committee,"Calvert, Ken",2025-02-25,5000.00
TEXTRON INC.,Textron Inc. Political Action Committee,"Gallego, Ruben",2025-02-25,1000.00
TEXTRON INC.,Textron Inc. Political Action Committee,"Duckworth, Tammy",2025-02-25,1000.00
TEXTRON INC.,Textron Inc. Political Action Committee,Democratic Senatorial Campaign Committee,2025-02-25,15000.00
TEXTRON INC.,Textron Inc. Political Action Committee,National Republican Congressional Committee,2025-02-25,15000.00
TEXTRON INC.,Textron Inc. Political Action Committee,"Fitzpatrick, Brian",2025-03-20,5000.00
TEXTRON INC.,Textron Inc. Political Action Committee,"Ezell, Mike",2025-03-20,1000.00
TEXTRON INC.,Textron Inc. Political Action Committee,"Schmidt, Derek",2025-03-20,1000.00
TEXTRON INC.,Textron Inc. Political Action Committee,"Fallon, Pat",2025-03-20,1000.00
TEXTRON INC.,Textron Inc. Political Action Committee,"Amo, Gabe",2025-03-20,1000.00
TEXTRON INC.,Textron Inc. Political Action Committee,"Letlow, Julia",2025-03-20,1000.00
TEXTRON INC.,Textron Inc. Political Action Committee,"Gooden, Lance",2025-03-20,1000.00
TEXTRON INC.,Textron Inc. Political Action Committee,"Veasey, Marc",2025-03-20,2500.00
TEXTRON INC.,Textron Inc. Political Action Committee,"Messmer, Mark",2025-03-20,1000.00
TEXTRON INC.,Textron Inc. Political Action Committee,"Crapo, Mike",2025-03-20,2500.00
TEXTRON INC.,Textron Inc. Political Action Committee,"Johnson, Mike",2025-03-20,5000.00
TEXTRON INC.,Textron Inc. Political Action Committee,"Allen, Rick",2025-03-20,2500.00
TEXTRON INC.,Textron Inc. Political Action Committee,"Estes, Ron",2025-03-20,1000.00
TEXTRON INC.,Textron Inc. Political Action Committee,"Scalise, Steve",2025-03-20,5000.00
TEXTRON INC.,Textron Inc. Political Action Committee,"Lee, Susie",2025-03-20,1000.00
TEXTRON INC.,Textron Inc. Political Action Committee,"Jackson, Ronny",2025-03-20,2500.00
TEXTRON INC.,Textron Inc. Political Action Committee,"Cornyn, John",2025-03-20,4000.00
TEXTRON INC.,Textron Inc. Political Action Committee,"Cornyn, John",2025-03-20,5000.00
TEXTRON INC.,Textron Inc. Political Action Committee,"Womack, Steve",2025-03-20,5000.00
TEXTRON INC.,Textron Inc. Political Action Committee,"Cole, Tom",2025-03-20,5000.00
TEXTRON INC.,Textron Inc. Political Action Committee,Wonder Women PAC,2025-03-20,5000.00
TEXTRON INC.,Textron Inc. Political Action Committee,"Calvert, Ken",2025-03-21,5000.00
TEXTRON INC.,Textron Inc. Political Action Committee,"Cohen, Steve",2025-03-27,1000.00
TEXTRON INC.,Textron Inc. Political Action Committee,"Strong, Dale",2025-03-27,1000.00
TEXTRON INC.,Textron Inc. Political Action Committee,"Rogers, Mike",2025-03-27,5000.00
TEXTRON INC.,Textron Inc. Political Action Committee,"Rogers, Mike",2025-03-27,5000.00
TEXTRON INC.,Textron Inc. Political Action Committee,"Reed, Jack",2025-03-27,1000.00
TEXTRON INC.,Textron Inc. Political Action Committee,"Jackson, Ronny",2025-03-27,2500.00
TEXTRON INC.,Textron Inc. Political Action Committee,"Estes, Ron",2025-03-27,2500.00
TEXTRON INC.,Textron Inc. Political Action Committee,"Cole, Tom",2025-04-09,-5000.00
TEXTRON INC.,Textron Inc. Political Action Committee,"Capito, Shelley",2025-04-18,1000.00
TEXTRON INC.,Textron Inc. Political Action Committee,"Capito, Shelley",2025-04-18,1000.00
TEXTRON INC.,Textron Inc. Political Action Committee,"Hyde-Smith, Cindy",2025-04-18,2000.00
TEXTRON INC.,Textron Inc. Political Action Committee,"Goldman, Craig",2025-04-18,1000.00
TEXTRON INC.,Textron Inc. Political Action Committee,"Guest, Michael",2025-04-18,1000.00
TEXTRON INC.,Textron Inc. Political Action Committee,"Ellzey, Jake",2025-04-18,1000.00
TEXTRON INC.,Textron Inc. Political Action Committee,"Wilson, Joe",2025-04-18,2500.00
TEXTRON INC.,Textron Inc. Political Action Committee,"Moore, Riley",2025-04-18,1000.00
TEXTRON INC.,Textron Inc. Political Action Committee,"Mullin, Markwayne",2025-04-18,1000.00
TEXTRON INC.,Textron Inc. Political Action Committee,"Ricketts, Pete",2025-04-18,1000.00
TEXTRON INC.,Textron Inc. Political Action Committee,"Rounds, Mike",2025-04-18,1000.00
TEXTRON INC.,Textron Inc. Political Action Committee,"Zinke, Ryan",2025-04-18,1000.00
TEXTRON INC.,Textron Inc. Political Action Committee,"Cole, Tom",2025-04-18,5000.00
TEXTRON INC.,Textron Inc. Political Action Committee,"Kennedy, John",2025-04-18,1000.00
TEXTRON INC.,Textron Inc. Political Action Committee,"Cruz, Ted",2025-04-18,2500.00
TEXTRON INC.,Textron Inc. Political Action Committee,"Duckworth, Tammy",2025-04-18,1000.00
TEXTRON INC.,Textron Inc. Political Action Committee,"Estes, Ron",2025-04-18,2500.00
TEXTRON INC.,Textron Inc. Political Action Committee,"Goldman, Craig",2025-04-22,1500.00
TEXTRON INC.,Textron Inc. Political Action Committee,"Bergman, Jack",2025-05-29,1000.00
TEXTRON INC.,Textron Inc. Political Action Committee,"Case, Edward",2025-05-29,2500.00
TEXTRON INC.,Textron Inc. Political Action Committee,"Coons, Chris",2025-05-29,1000.00
TEXTRON INC.,Textron Inc. Political Action Committee,"Hyde-Smith, Cindy",2025-05-29,1000.00
TEXTRON INC.,Textron Inc. Political Action Committee,"Larsen, Rick",2025-05-29,1500.00
TEXTRON INC.,Textron Inc. Political Action Committee,"Cole, Tom",2025-05-29,1000.00
TEXTRON INC.,Textron Inc. Political Action Committee,"Ezell, Mike",2025-05-29,1000.00
TEXTRON INC.,Textron Inc. Political Action Committee,"Elfreth, Sarah",2025-05-29,2500.00
