organization,pacs,honoree,date,amount_usd
"SAMSUNG ELECTRONICS AMERICA, INC.",Samsung Electronics America Inc Political Action Committee,Sen. Mike Crapo,2025-03-21,2500.00
"SAMSUNG ELECTRONICS AMERICA, INC.",Samsung Electronics America Inc Political Action Committee,Rep. John Moolenaar,2025-03-21,1000.00
"SAMSUNG ELECTRONICS AMERICA, INC.",Samsung Electronics America Inc Political Action Committee,Rep. Nellie Pou,2025-03-21,1000.00
"SAMSUNG ELECTRONICS AMERICA, INC.",Samsung Electronics America Inc Political Action Committee,Rep. Richard Neal,2025-03-21,1000.00
"SAMSUNG ELECTRONICS AMERICA, INC.",Samsung Electronics America Inc Political Action Committee,Sen. Jacky Rosen,2025-03-21,1000.00
"SAMSUNG ELECTRONICS AMERICA, INC.",Samsung Electronics America Inc Political Action Committee,Rep. Young Kim,2025-03-21,4000.00
"SAMSUNG ELECTRONICS AMERICA, INC.",Samsung Electronics America Inc Political Action Committee,"Event recognizing Congressman Steve Womack, Congressman John Larson, and Senator Jacky Rosen with Solve for Tomorrow STEM Champion Awards.",2025-04-29,5000.00
"SAMSUNG ELECTRONICS AMERICA, INC.",Samsung Electronics America Inc Political Action Committee,Donald Trump and JD Vance (In-kind contribution of electronics and appliances),2025-01-20,308310.00
"SAMSUNG ELECTRONICS AMERICA, INC.",Samsung Electronics America Inc Political Action Committee,"The organization has the following covered officials on its Board: Congressman August Pfluger, Lyssa Bell, Brooke Oliver, James Mismash, and Josh Bradley.",2025-03-31,5000.00
"SAMSUNG ELECTRONICS AMERICA, INC.",Samsung Electronics America Inc Political Action Committee,Rep. Russell Fry,2025-06-30,1000.00
"SAMSUNG ELECTRONICS AMERICA, INC.",Samsung Electronics America Inc Political Action Committee,Rep. John Carter,2025-06-30,4000.00
"SAMSUNG ELECTRONICS AMERICA, INC.",Samsung Electronics America Inc Political Action Committee,"Sen. Angus King, Jr.",2025-06-30,1000.00
"SAMSUNG ELECTRONICS AMERICA, INC.",Samsung Electronics America Inc Political Action Committee,Rep. Richard Neal,2025-06-30,1000.00
"SAMSUNG ELECTRONICS AMERICA, INC.",Samsung Electronics America Inc Political Action Committee,Rep. Nanette Barragan,2025-06-09,1000.00
"SAMSUNG ELECTRONICS AMERICA, INC.",Samsung Electronics America Inc Political Action Committee,Rep. Blake Moore,2025-06-09,1000.00
"SAMSUNG ELECTRONICS AMERICA, INC.",Samsung Electronics America Inc Political Action Committee,Rep. Suzan DelBene,2025-06-09,1500.00
"SAMSUNG ELECTRONICS AMERICA, INC.",Samsung Electronics America Inc Political Action Committee,Rep. Jim Clyburn,2025-06-09,1000.00
"SAMSUNG ELECTRONICS AMERICA, INC.",Samsung Electronics America Inc Political Action Committee,Rep. Haley Stevens,2025-06-09,2000.00
"SAMSUNG ELECTRONICS AMERICA, INC.",Samsung Electronics America Inc Political Action Committee,Rep. Katherine Clark,2025-06-09,1000.00
"SAMSUNG ELECTRONICS AMERICA, INC.",Samsung Electronics America Inc Political Action Committee,"Rep. Rob Menendez, Jr.",2025-06-09,1000.00
"SAMSUNG ELECTRONICS AMERICA, INC.",Samsung Electronics America Inc Political Action Committee,Sen. Brian Schatz,2025-06-09,1000.00
"SAMSUNG ELECTRONICS AMERICA, INC.",Samsung Electronics America Inc Political Action Committee,Rep. Scott Peters,2025-06-09,1000.00
"SAMSUNG ELECTRONICS AMERICA, INC.",Samsung Electronics America Inc Political Action Committee,Sen. Lindsey Graham,2025-06-09,5000.00
"SAMSUNG ELECTRONICS AMERICA, INC.",Samsung Electronics America Inc Political Action Committee,Sen. Ron Wyden,2025-06-09,2000.00
"SAMSUNG ELECTRONICS AMERICA, INC.",Samsung Electronics America Inc Political Action Committee,Sen. Jim Banks,2025-05-27,1500.00
"SAMSUNG ELECTRONICS AMERICA, INC.",Samsung Electronics America Inc Political Action Committee,Rep. Ami Bera,2025-05-27,1000.00
"SAMSUNG ELECTRONICS AMERICA, INC.",Samsung Electronics America Inc Political Action Committee,Rep. Donald Norcross,2025-05-27,1000.00
"SAMSUNG ELECTRONICS AMERICA, INC.",Samsung Electronics America Inc Political Action Committee,Rep. Gregory Meeks,2025-05-27,1000.00
"SAMSUNG ELECTRONICS AMERICA, INC.",Samsung Electronics America Inc Political Action Committee,Sen. Kirsten Gillibrand,2025-05-27,1000.00
"SAMSUNG ELECTRONICS AMERICA, INC.",Samsung Electronics America Inc Political Action Committee,Rep. Brett Guthrie,2025-05-27,1000.00
"SAMSUNG ELECTRONICS AMERICA, INC.",Samsung Electronics America Inc Political Action Committee,"Rep. Richard Hudson, Jr.",2025-05-27,1000.00
"SAMSUNG ELECTRONICS AMERICA, INC.",Samsung Electronics America Inc Political Action Committee,Rep. Hakeem Jeffries,2025-05-27,4000.00
"SAMSUNG ELECTRONICS AMERICA, INC.",Samsung Electronics America Inc Political Action Committee,Rep. Katherine Clark,2025-05-27,1000.00
"SAMSUNG ELECTRONICS AMERICA, INC.",Samsung Electronics America Inc Political Action Committee,Rep. Brian Mast,2025-05-27,1000.00
"SAMSUNG ELECTRONICS AMERICA, INC.",Samsung Electronics America Inc Political Action Committee,Sen. Jerry Moran,2025-05-27,1000.00
"SAMSUNG ELECTRONICS AMERICA, INC.",Samsung Electronics America Inc Political Action Committee,Sen. Dan Sullivan,2025-05-13,2000.00
"SAMSUNG ELECTRONICS AMERICA, INC.",Samsung Electronics America Inc Political Action Committee,Rep. Suzan DelBene,2025-05-13,1000.00
"SAMSUNG ELECTRONICS AMERICA, INC.",Samsung Electronics America Inc Political Action Committee,Rep. Pat Fallon,2025-05-13,1000.00
"SAMSUNG ELECTRONICS AMERICA, INC.",Samsung Electronics America Inc Political Action Committee,Sen. Mark Warner,2025-05-13,1000.00
"SAMSUNG ELECTRONICS AMERICA, INC.",Samsung Electronics America Inc Political Action Committee,Rep. Raja Krishnamoorthi,2025-05-13,1000.00
"SAMSUNG ELECTRONICS AMERICA, INC.",Samsung Electronics America Inc Political Action Committee,Rep. Jimmy Gomez,2025-05-13,2000.00
"SAMSUNG ELECTRONICS AMERICA, INC.",Samsung Electronics America Inc Political Action Committee,Sen. Marsha Blackburn,2025-05-13,2000.00
"SAMSUNG ELECTRONICS AMERICA, INC.",Samsung Electronics America Inc Political Action Committee,Rep. Pete Aguilar,2025-05-13,1000.00
"SAMSUNG ELECTRONICS AMERICA, INC.",Samsung Electronics America Inc Political Action Committee,Sen. Eric Schmitt,2025-05-13,1000.00
"SAMSUNG ELECTRONICS AMERICA, INC.",Samsung Electronics America Inc Political Action Committee,Rep. Sheri Biggs,2025-05-13,1000.00
"SAMSUNG ELECTRONICS AMERICA, INC.",Samsung Electronics America Inc Political Action Committee,Sen. Tim Scott,2025-05-13,4000.00
"SAMSUNG ELECTRONICS AMERICA, INC.",Samsung Electronics America Inc Political Action Committee,"Rep. William Timmons, IV",2025-05-13,4000.00
"SAMSUNG ELECTRONICS AMERICA, INC.",Samsung Electronics America Inc Political Action Committee,Rep. Beth Van Duyne,2025-03-28,4000.00
"SAMSUNG ELECTRONICS AMERICA, INC.",Samsung Electronics America Inc Political Action Committee,Rep. Jason Smith,2025-03-28,3000.00
"SAMSUNG ELECTRONICS AMERICA, INC.",Samsung Electronics America Inc Political Action Committee,Sen. Steve Daines,2025-03-28,2000.00
"SAMSUNG ELECTRONICS AMERICA, INC.",Samsung Electronics America Inc Political Action Committee,"Sen. John Cornyn, III",2025-03-28,5000.00
"SAMSUNG ELECTRONICS AMERICA, INC.",Samsung Electronics America Inc Political Action Committee,Rep. Nanette Barragan,2025-03-21,1000.00
"SAMSUNG ELECTRONICS AMERICA, INC.",Samsung Electronics America Inc Political Action Committee,Rep. Gregory Meeks,2025-03-21,1000.00
"SAMSUNG ELECTRONICS AMERICA, INC.",Samsung Electronics America Inc Political Action Committee,Rep. Raja Krishnamoorthi,2025-03-21,1000.00
"SAMSUNG ELECTRONICS AMERICA, INC.",Samsung Electronics America Inc Political Action Committee,Rep. Brett Guthrie,2025-03-21,1500.00
"SAMSUNG ELECTRONICS AMERICA, INC.",Samsung Electronics America Inc Political Action Committee,"Rep. Jake Ellzey, Sr.",2025-03-21,2000.00
"SAMSUNG ELECTRONICS AMERICA, INC.",Samsung Electronics America Inc Political Action Committee,Rep. Jimmy Panetta,2025-03-21,2000.00
"SAMSUNG ELECTRONICS AMERICA, INC.",Samsung Electronics America Inc Political Action Committee,"Rep. Tom Kean, Jr.",2025-03-21,1000.00
"SAMSUNG ELECTRONICS AMERICA, INC.",Samsung Electronics America Inc Political Action Committee,Sen. Lisa Blunt Rochester,2025-03-21,1000.00
"SAMSUNG ELECTRONICS AMERICA, INC.",Samsung Electronics America Inc Political Action Committee,Rep. Doris Matsui,2025-03-21,1000.00
"SAMSUNG ELECTRONICS AMERICA, INC.",Samsung Electronics America Inc Political Action Committee,Sen. Mike Crapo,2025-03-21,2500.00
"SAMSUNG ELECTRONICS AMERICA, INC.",Samsung Electronics America Inc Political Action Committee,Rep. John Moolenaar,2025-03-21,1000.00
"SAMSUNG ELECTRONICS AMERICA, INC.",Samsung Electronics America Inc Political Action Committee,Rep. Nellie Pou,2025-03-21,1000.00
"SAMSUNG ELECTRONICS AMERICA, INC.",Samsung Electronics America Inc Political Action Committee,Rep. Richard Neal,2025-03-21,1000.00
"SAMSUNG ELECTRONICS AMERICA, INC.",Samsung Electronics America Inc Political Action Committee,Sen. Jacky Rosen,2025-03-21,1000.00
"SAMSUNG ELECTRONICS AMERICA, INC.",Samsung Electronics America Inc Political Action Committee,Rep. Young Kim,2025-03-21,4000.00
"SAMSUNG ELECTRONICS AMERICA, INC.",Samsung Electronics America Inc Political Action Committee,"Event recognizing Congressman Steve Womack, Congressman John Larson, and Senator Jacky Rosen with Solve for Tomorrow STEM Champion Awards.",2025-04-29,5000.00
"SAMSUNG ELECTRONICS AMERICA, INC.",Samsung Electronics America Inc Political Action Committee,Donald Trump and JD Vance (In-kind contribution of electronics and appliances),2025-01-20,308310.00
"SAMSUNG ELECTRONICS AMERICA, INC.",Samsung Electronics America Inc Political Action Committee,"The organization has the following covered officials on its Board: Congressman August Pfluger, Lyssa Bell, Brooke Oliver, James Mismash, and Josh Bradley.",2025-03-31,5000.00
"SAMSUNG ELECTRONICS AMERICA, INC.",Samsung Electronics America Inc Political Action Committee,Rep. Russell Fry,2025-06-30,1000.00
"SAMSUNG ELECTRONICS AMERICA, INC.",Samsung Electronics America Inc Political Action Committee,Rep. John Carter,2025-06-30,4000.00
"SAMSUNG ELECTRONICS AMERICA, INC.",Samsung Electronics America Inc Political Action Committee,"Sen. Angus King, Jr.",2025-06-30,1000.00
"SAMSUNG ELECTRONICS AMERICA, INC.",Samsung Electronics America Inc Political Action Committee,Rep. Richard Neal,2025-06-30,1000.00
"SAMSUNG ELECTRONICS AMERICA, INC.",Samsung Electronics America Inc Political Action Committee,Rep. Nanette Barragan,2025-06-09,1000.00
"SAMSUNG ELECTRONICS AMERICA, INC.",Samsung Electronics America Inc Political Action Committee,Rep. Blake Moore,2025-06-09,1000.00
"SAMSUNG ELECTRONICS AMERICA, INC.",Samsung Electronics America Inc Political Action Committee,Rep. Suzan DelBene,2025-06-09,1500.00
"SAMSUNG ELECTRONICS AMERICA, INC.",Samsung Electronics America Inc Political Action Committee,Rep. Jim Clyburn,2025-06-09,1000.00
"SAMSUNG ELECTRONICS AMERICA, INC.",Samsung Electronics America Inc Political Action Committee,Rep. Haley Stevens,2025-06-09,2000.00
"SAMSUNG ELECTRONICS AMERICA, INC.",Samsung Electronics America Inc Political Action Committee,Rep. Katherine Clark,2025-06-09,1000.00
"SAMSUNG ELECTRONICS AMERICA, INC.",Samsung Electronics America Inc Political Action Committee,"Rep. Rob Menendez, Jr.",2025-06-09,1000.00
"SAMSUNG ELECTRONICS AMERICA, INC.",Samsung Electronics America Inc Political Action Committee,Sen. Brian Schatz,2025-06-09,1000.00
"SAMSUNG ELECTRONICS AMERICA, INC.",Samsung Electronics America Inc Political Action Committee,Rep. Scott Peters,2025-06-09,1000.00
"SAMSUNG ELECTRONICS AMERICA, INC.",Samsung Electronics America Inc Political Action Committee,Sen. Lindsey Graham,2025-06-09,5000.00
"SAMSUNG ELECTRONICS AMERICA, INC.",Samsung Electronics America Inc Political Action Committee,Sen. Ron Wyden,2025-06-09,2000.00
"SAMSUNG ELECTRONICS AMERICA, INC.",Samsung Electronics America Inc Political Action Committee,Sen. Jim Banks,2025-05-27,1500.00
"SAMSUNG ELECTRONICS AMERICA, INC.",Samsung Electronics America Inc Political Action Committee,Rep. Ami Bera,2025-05-27,1000.00
"SAMSUNG ELECTRONICS AMERICA, INC.",Samsung Electronics America Inc Political Action Committee,Rep. Donald Norcross,2025-05-27,1000.00
"SAMSUNG ELECTRONICS AMERICA, INC.",Samsung Electronics America Inc Political Action Committee,Rep. Gregory Meeks,2025-05-27,1000.00
"SAMSUNG ELECTRONICS AMERICA, INC.",Samsung Electronics America Inc Political Action Committee,Sen. Kirsten Gillibrand,2025-05-27,1000.00
"SAMSUNG ELECTRONICS AMERICA, INC.",Samsung Electronics America Inc Political Action Committee,Rep. Brett Guthrie,2025-05-27,1000.00
"SAMSUNG ELECTRONICS AMERICA, INC.",Samsung Electronics America Inc Political Action Committee,"Rep. Richard Hudson, Jr.",2025-05-27,1000.00
"SAMSUNG ELECTRONICS AMERICA, INC.",Samsung Electronics America Inc Political Action Committee,Rep. Hakeem Jeffries,2025-05-27,4000.00
"SAMSUNG ELECTRONICS AMERICA, INC.",Samsung Electronics America Inc Political Action Committee,Rep. Katherine Clark,2025-05-27,1000.00
"SAMSUNG ELECTRONICS AMERICA, INC.",Samsung Electronics America Inc Political Action Committee,Rep. Brian Mast,2025-05-27,1000.00
"SAMSUNG ELECTRONICS AMERICA, INC.",Samsung Electronics America Inc Political Action Committee,Sen. Jerry Moran,2025-05-27,1000.00
"SAMSUNG ELECTRONICS AMERICA, INC.",Samsung Electronics America Inc Political Action Committee,Sen. Dan Sullivan,2025-05-13,2000.00
"SAMSUNG ELECTRONICS AMERICA, INC.",Samsung Electronics America Inc Political Action Committee,Rep. Suzan DelBene,2025-05-13,1000.00
"SAMSUNG ELECTRONICS AMERICA, INC.",Samsung Electronics America Inc Political Action Committee,Rep. Pat Fallon,2025-05-13,1000.00
"SAMSUNG ELECTRONICS AMERICA, INC.",Samsung Electronics America Inc Political Action Committee,Sen. Mark Warner,2025-05-13,1000.00
"SAMSUNG ELECTRONICS AMERICA, INC.",Samsung Electronics America Inc Political Action Committee,Rep. Raja Krishnamoorthi,2025-05-13,1000.00
"SAMSUNG ELECTRONICS AMERICA, INC.",Samsung Electronics America Inc Political Action Committee,Rep. Jimmy Gomez,2025-05-13,2000.00
"SAMSUNG ELECTRONICS AMERICA, INC.",Samsung Electronics America Inc Political Action Committee,Sen. Marsha Blackburn,2025-05-13,2000.00
"SAMSUNG ELECTRONICS AMERICA, INC.",Samsung Electronics America Inc Political Action Committee,Rep. Pete Aguilar,2025-05-13,1000.00
"SAMSUNG ELECTRONICS AMERICA, INC.",Samsung Electronics America Inc Political Action Committee,Sen. Eric Schmitt,2025-05-13,1000.00
"SAMSUNG ELECTRONICS AMERICA, INC.",Samsung Electronics America Inc Political Action Committee,Rep. Sheri Biggs,2025-05-13,1000.00
"SAMSUNG ELECTRONICS AMERICA, INC.",Samsung Electronics America Inc Political Action Committee,Sen. Tim Scott,2025-05-13,4000.00
"SAMSUNG ELECTRONICS AMERICA, INC.",Samsung Electronics America Inc Political Action Committee,"Rep. William Timmons, IV",2025-05-13,4000.00
"SAMSUNG ELECTRONICS AMERICA, INC.",Samsung Electronics America Inc Political Action Committee,Rep. Beth Van Duyne,2025-03-28,4000.00
"SAMSUNG ELECTRONICS AMERICA, INC.",Samsung Electronics America Inc Political Action Committee,Rep. Jason Smith,2025-03-28,3000.00
"SAMSUNG ELECTRONICS AMERICA, INC.",Samsung Electronics America Inc Political Action Committee,Sen. Steve Daines,2025-03-28,2000.00
"SAMSUNG ELECTRONICS AMERICA, INC.",Samsung Electronics America Inc Political Action Committee,"Sen. John Cornyn, III",2025-03-28,5000.00
"SAMSUNG ELECTRONICS AMERICA, INC.",Samsung Electronics America Inc Political Action Committee,Rep. Nanette Barragan,2025-03-21,1000.00
"SAMSUNG ELECTRONICS AMERICA, INC.",Samsung Electronics America Inc Political Action Committee,Rep. Gregory Meeks,2025-03-21,1000.00
"SAMSUNG ELECTRONICS AMERICA, INC.",Samsung Electronics America Inc Political Action Committee,Rep. Raja Krishnamoorthi,2025-03-21,1000.00
"SAMSUNG ELECTRONICS AMERICA, INC.",Samsung Electronics America Inc Political Action Committee,Rep. Brett Guthrie,2025-03-21,1500.00
"SAMSUNG ELECTRONICS AMERICA, INC.",Samsung Electronics America Inc Political Action Committee,"Rep. Jake Ellzey, Sr.",2025-03-21,2000.00
"SAMSUNG ELECTRONICS AMERICA, INC.",Samsung Electronics America Inc Political Action Committee,Rep. Jimmy Panetta,2025-03-21,2000.00
"SAMSUNG ELECTRONICS AMERICA, INC.",Samsung Electronics America Inc Political Action Committee,"Rep. Tom Kean, Jr.",2025-03-21,1000.00
"SAMSUNG ELECTRONICS AMERICA, INC.",Samsung Electronics America Inc Political Action Committee,Sen. Lisa Blunt Rochester,2025-03-21,1000.00
"SAMSUNG ELECTRONICS AMERICA, INC.",Samsung Electronics America Inc Political Action Committee,Rep. Doris Matsui,2025-03-21,1000.00
"SAMSUNG ELECTRONICS AMERICA, INC.",Samsung Electronics America Inc Political Action Committee,Sen. Mike Crapo,2025-03-21,2500.00
"SAMSUNG ELECTRONICS AMERICA, INC.",Samsung Electronics America Inc Political Action Committee,Rep. John Moolenaar,2025-03-21,1000.00
"SAMSUNG ELECTRONICS AMERICA, INC.",Samsung Electronics America Inc Political Action Committee,Rep. Nellie Pou,2025-03-21,1000.00
"SAMSUNG ELECTRONICS AMERICA, INC.",Samsung Electronics America Inc Political Action Committee,Rep. Richard Neal,2025-03-21,1000.00
"SAMSUNG ELECTRONICS AMERICA, INC.",Samsung Electronics America Inc Political Action Committee,Sen. Jacky Rosen,2025-03-21,1000.00
"SAMSUNG ELECTRONICS AMERICA, INC.",Samsung Electronics America Inc Political Action Committee,Rep. Young Kim,2025-03-21,4000.00
"SAMSUNG ELECTRONICS AMERICA, INC.",Samsung Electronics America Inc Political Action Committee,"Event recognizing Congressman Steve Womack, Congressman John Larson, and Senator Jacky Rosen with Solve for Tomorrow STEM Champion Awards.",2025-04-29,5000.00
"SAMSUNG ELECTRONICS AMERICA, INC.",Samsung Electronics America Inc Political Action Committee,Donald Trump and JD Vance (In-kind contribution of electronics and appliances),2025-01-20,308310.00
"SAMSUNG ELECTRONICS AMERICA, INC.",Samsung Electronics America Inc Political Action Committee,"The organization has the following covered officials on its Board: Congressman August Pfluger, Lyssa Bell, Brooke Oliver, James Mismash, and Josh Bradley.",2025-03-31,5000.00
"SAMSUNG ELECTRONICS AMERICA, INC.",Samsung Electronics America Inc Political Action Committee,Rep. Russell Fry,2025-06-30,1000.00
"SAMSUNG ELECTRONICS AMERICA, INC.",Samsung Electronics America Inc Political Action Committee,Rep. John Carter,2025-06-30,4000.00
"SAMSUNG ELECTRONICS AMERICA, INC.",Samsung Electronics America Inc Political Action Committee,"Sen. Angus King, Jr.",2025-06-30,1000.00
"SAMSUNG ELECTRONICS AMERICA, INC.",Samsung Electronics America Inc Political Action Committee,Rep. Richard Neal,2025-06-30,1000.00
"SAMSUNG ELECTRONICS AMERICA, INC.",Samsung Electronics America Inc Political Action Committee,Rep. Nanette Barragan,2025-06-09,1000.00
"SAMSUNG ELECTRONICS AMERICA, INC.",Samsung Electronics America Inc Political Action Committee,Rep. Blake Moore,2025-06-09,1000.00
"SAMSUNG ELECTRONICS AMERICA, INC.",Samsung Electronics America Inc Political Action Committee,Rep. Suzan DelBene,2025-06-09,1500.00
"SAMSUNG ELECTRONICS AMERICA, INC.",Samsung Electronics America Inc Political Action Committee,Rep. Jim Clyburn,2025-06-09,1000.00
"SAMSUNG ELECTRONICS AMERICA, INC.",Samsung Electronics America Inc Political Action Committee,Rep. Haley Stevens,2025-06-09,2000.00
"SAMSUNG ELECTRONICS AMERICA, INC.",Samsung Electronics America Inc Political Action Committee,Rep. Katherine Clark,2025-06-09,1000.00
"SAMSUNG ELECTRONICS AMERICA, INC.",Samsung Electronics America Inc Political Action Committee,"Rep. Rob Menendez, Jr.",2025-06-09,1000.00
"SAMSUNG ELECTRONICS AMERICA, INC.",Samsung Electronics America Inc Political Action Committee,Sen. Brian Schatz,2025-06-09,1000.00
"SAMSUNG ELECTRONICS AMERICA, INC.",Samsung Electronics America Inc Political Action Committee,Rep. Scott Peters,2025-06-09,1000.00
"SAMSUNG ELECTRONICS AMERICA, INC.",Samsung Electronics America Inc Political Action Committee,Sen. Lindsey Graham,2025-06-09,5000.00
"SAMSUNG ELECTRONICS AMERICA, INC.",Samsung Electronics America Inc Political Action Committee,Sen. Ron Wyden,2025-06-09,2000.00
"SAMSUNG ELECTRONICS AMERICA, INC.",Samsung Electronics America Inc Political Action Committee,Sen. Jim Banks,2025-05-27,1500.00
"SAMSUNG ELECTRONICS AMERICA, INC.",Samsung Electronics America Inc Political Action Committee,Rep. Ami Bera,2025-05-27,1000.00
"SAMSUNG ELECTRONICS AMERICA, INC.",Samsung Electronics America Inc Political Action Committee,Rep. Donald Norcross,2025-05-27,1000.00
"SAMSUNG ELECTRONICS AMERICA, INC.",Samsung Electronics America Inc Political Action Committee,Rep. Gregory Meeks,2025-05-27,1000.00
"SAMSUNG ELECTRONICS AMERICA, INC.",Samsung Electronics America Inc Political Action Committee,Sen. Kirsten Gillibrand,2025-05-27,1000.00
"SAMSUNG ELECTRONICS AMERICA, INC.",Samsung Electronics America Inc Political Action Committee,Rep. Brett Guthrie,2025-05-27,1000.00
"SAMSUNG ELECTRONICS AMERICA, INC.",Samsung Electronics America Inc Political Action Committee,"Rep. Richard Hudson, Jr.",2025-05-27,1000.00
"SAMSUNG ELECTRONICS AMERICA, INC.",Samsung Electronics America Inc Political Action Committee,Rep. Hakeem Jeffries,2025-05-27,4000.00
"SAMSUNG ELECTRONICS AMERICA, INC.",Samsung Electronics America Inc Political Action Committee,Rep. Katherine Clark,2025-05-27,1000.00
"SAMSUNG ELECTRONICS AMERICA, INC.",Samsung Electronics America Inc Political Action Committee,Rep. Brian Mast,2025-05-27,1000.00
"SAMSUNG ELECTRONICS AMERICA, INC.",Samsung Electronics America Inc Political Action Committee,Sen. Jerry Moran,2025-05-27,1000.00
"SAMSUNG ELECTRONICS AMERICA, INC.",Samsung Electronics America Inc Political Action Committee,Sen. Dan Sullivan,2025-05-13,2000.00
"SAMSUNG ELECTRONICS AMERICA, INC.",Samsung Electronics America Inc Political Action Committee,Rep. Suzan DelBene,2025-05-13,1000.00
"SAMSUNG ELECTRONICS AMERICA, INC.",Samsung Electronics America Inc Political Action Committee,Rep. Pat Fallon,2025-05-13,1000.00
"SAMSUNG ELECTRONICS AMERICA, INC.",Samsung Electronics America Inc Political Action Committee,Sen. Mark Warner,2025-05-13,1000.00
"SAMSUNG ELECTRONICS AMERICA, INC.",Samsung Electronics America Inc Political Action Committee,Rep. Raja Krishnamoorthi,2025-05-13,1000.00
"SAMSUNG ELECTRONICS AMERICA, INC.",Samsung Electronics America Inc Political Action Committee,Rep. Jimmy Gomez,2025-05-13,2000.00
"SAMSUNG ELECTRONICS AMERICA, INC.",Samsung Electronics America Inc Political Action Committee,Sen. Marsha Blackburn,2025-05-13,2000.00
"SAMSUNG ELECTRONICS AMERICA, INC.",Samsung Electronics America Inc Political Action Committee,Rep. Pete Aguilar,2025-05-13,1000.00
"SAMSUNG ELECTRONICS AMERICA, INC.",Samsung Electronics America Inc Political Action Committee,Sen. Eric Schmitt,2025-05-13,1000.00
"SAMSUNG ELECTRONICS AMERICA, INC.",Samsung Electronics America Inc Political Action Committee,Rep. Sheri Biggs,2025-05-13,1000.00
"SAMSUNG ELECTRONICS AMERICA, INC.",Samsung Electronics America Inc Political Action Committee,Sen. Tim Scott,2025-05-13,4000.00
"SAMSUNG ELECTRONICS AMERICA, INC.",Samsung Electronics America Inc Political Action Committee,"Rep. William Timmons, IV",2025-05-13,4000.00
"SAMSUNG ELECTRONICS AMERICA, INC.",Samsung Electronics America Inc Political Action Committee,Rep. Beth Van Duyne,2025-03-28,4000.00
"SAMSUNG ELECTRONICS AMERICA, INC.",Samsung Electronics America Inc Political Action Committee,Rep. Jason Smith,2025-03-28,3000.00
"SAMSUNG ELECTRONICS AMERICA, INC.",Samsung Electronics America Inc Political Action Committee,Sen. Steve Daines,2025-03-28,2000.00
"SAMSUNG ELECTRONICS AMERICA, INC.",Samsung Electronics America Inc Political Action Committee,"Sen. John Cornyn, III",2025-03-28,5000.00
"SAMSUNG ELECTRONICS AMERICA, INC.",Samsung Electronics America Inc Political Action Committee,Rep. Nanette Barragan,2025-03-21,1000.00
"SAMSUNG ELECTRONICS AMERICA, INC.",Samsung Electronics America Inc Political Action Committee,Rep. Gregory Meeks,2025-03-21,1000.00
"SAMSUNG ELECTRONICS AMERICA, INC.",Samsung Electronics America Inc Political Action Committee,Rep. Raja Krishnamoorthi,2025-03-21,1000.00
"SAMSUNG ELECTRONICS AMERICA, INC.",Samsung Electronics America Inc Political Action Committee,Rep. Brett Guthrie,2025-03-21,1500.00
"SAMSUNG ELECTRONICS AMERICA, INC.",Samsung Electronics America Inc Political Action Committee,"Rep. Jake Ellzey, Sr.",2025-03-21,2000.00
"SAMSUNG ELECTRONICS AMERICA, INC.",Samsung Electronics America Inc Political Action Committee,Rep. Jimmy Panetta,2025-03-21,2000.00
"SAMSUNG ELECTRONICS AMERICA, INC.",Samsung Electronics America Inc Political Action Committee,"Rep. Tom Kean, Jr.",2025-03-21,1000.00
"SAMSUNG ELECTRONICS AMERICA, INC.",Samsung Electronics America Inc Political Action Committee,Sen. Lisa Blunt Rochester,2025-03-21,1000.00
"SAMSUNG ELECTRONICS AMERICA, INC.",Samsung Electronics America Inc Political Action Committee,Rep. Doris Matsui,2025-03-21,1000.00
"SAMSUNG ELECTRONICS AMERICA, INC.",Samsung Electronics America Inc Political Action Committee,Sen. Mike Crapo,2025-03-21,2500.00
"SAMSUNG ELECTRONICS AMERICA, INC.",Samsung Electronics America Inc Political Action Committee,Rep. John Moolenaar,2025-03-21,1000.00
"SAMSUNG ELECTRONICS AMERICA, INC.",Samsung Electronics America Inc Political Action Committee,Rep. Nellie Pou,2025-03-21,1000.00
"SAMSUNG ELECTRONICS AMERICA, INC.",Samsung Electronics America Inc Political Action Committee,Rep. Richard Neal,2025-03-21,1000.00
"SAMSUNG ELECTRONICS AMERICA, INC.",Samsung Electronics America Inc Political Action Committee,Sen. Jacky Rosen,2025-03-21,1000.00
"SAMSUNG ELECTRONICS AMERICA, INC.",Samsung Electronics America Inc Political Action Committee,Rep. Young Kim,2025-03-21,4000.00
"SAMSUNG ELECTRONICS AMERICA, INC.",Samsung Electronics America Inc Political Action Committee,"Event recognizing Congressman Steve Womack, Congressman John Larson, and Senator Jacky Rosen with Solve for Tomorrow STEM Champion Awards.",2025-04-29,5000.00
"SAMSUNG ELECTRONICS AMERICA, INC.",Samsung Electronics America Inc Political Action Committee,Donald Trump and JD Vance (In-kind contribution of electronics and appliances),2025-01-20,308310.00
"SAMSUNG ELECTRONICS AMERICA, INC.",Samsung Electronics America Inc Political Action Committee,"The organization has the following covered officials on its Board: Congressman August Pfluger, Lyssa Bell, Brooke Oliver, James Mismash, and Josh Bradley.",2025-03-31,5000.00
AMERICAN GAS ASSOCIATION,American Gas Association Political Action Committee,DSCC,2025-01-25,5000.00
AMERICAN GAS ASSOCIATION,American Gas Association Political Action Committee,NRCC,2025-01-25,5000.00
AMERICAN GAS ASSOCIATION,American Gas Association Political Action Committee,NRSC,2025-01-25,15000.00
AMERICAN GAS ASSOCIATION,American Gas Association Political Action Committee,"Rep. Richard Hudson, Jr. (R)",2025-02-28,2000.00
AMERICAN GAS ASSOCIATION,American Gas Association Political Action Committee,Rep. Mariannette Miller-Meeks (R),2025-02-28,1000.00
AMERICAN GAS ASSOCIATION,American Gas Association Political Action Committee,Sen. Bill Cassidy (R),2025-02-28,1000.00
AMERICAN GAS ASSOCIATION,American Gas Association Political Action Committee,Republican Mainstreet Partnership PAC,2025-03-05,5000.00
AMERICAN GAS ASSOCIATION,American Gas Association Political Action Committee,Sen. John Thune (R),2025-03-05,5000.00
AMERICAN GAS ASSOCIATION,American Gas Association Political Action Committee,Rep. Jason Smith (R),2025-03-05,2000.00
AMERICAN GAS ASSOCIATION,American Gas Association Political Action Committee,Rep. Mike Carey (R),2025-03-05,1000.00
AMERICAN GAS ASSOCIATION,American Gas Association Political Action Committee,Rep. Tom Cole (R),2025-03-16,5000.00
AMERICAN GAS ASSOCIATION,American Gas Association Political Action Committee,"Rep. Sam Graves, Jr. (R)",2025-03-16,5000.00
AMERICAN GAS ASSOCIATION,American Gas Association Political Action Committee,"Rep. Sam Graves, Jr. (R)",2025-03-16,5000.00
AMERICAN GAS ASSOCIATION,American Gas Association Political Action Committee,CHC BOLD PAC,2025-03-16,5000.00
AMERICAN GAS ASSOCIATION,American Gas Association Political Action Committee,New Democrat Coalition Action Fund,2025-03-16,5000.00
AMERICAN GAS ASSOCIATION,American Gas Association Political Action Committee,Blue Dog Political Action Committee,2025-03-16,5000.00
AMERICAN GAS ASSOCIATION,American Gas Association Political Action Committee,Congressional Black Caucus PAC,2025-03-19,5000.00
AMERICAN GAS ASSOCIATION,American Gas Association Political Action Committee,Sen. Jim Risch (R),2025-03-19,1000.00
AMERICAN GAS ASSOCIATION,American Gas Association Political Action Committee,Rep. Julia Letlow (R),2025-03-22,1000.00
AMERICAN GAS ASSOCIATION,American Gas Association Political Action Committee,Rep. Julie Fedorchak (R),2025-03-22,2500.00
AMERICAN GAS ASSOCIATION,American Gas Association Political Action Committee,Rep. Bob Latta (R),2025-03-22,2500.00
AMERICAN GAS ASSOCIATION,American Gas Association Political Action Committee,Rep. Dusty Johnson (R),2025-03-22,2500.00
AMERICAN GAS ASSOCIATION,American Gas Association Political Action Committee,Rep. Bruce Westerman (R),2025-03-30,1500.00
AMERICAN GAS ASSOCIATION,American Gas Association Political Action Committee,Sen. Lisa Murkowski (R),2025-04-29,1000.00
AMERICAN GAS ASSOCIATION,American Gas Association Political Action Committee,Sen. Lisa Murkowski (R),2025-04-29,2000.00
AMERICAN GAS ASSOCIATION,American Gas Association Political Action Committee,Rep. Jim Clyburn (D),2025-05-26,2500.00
AMERICAN GAS ASSOCIATION,American Gas Association Political Action Committee,Rep. Bennie Thompson (D),2025-05-26,2500.00
AMERICAN GAS ASSOCIATION,American Gas Association Political Action Committee,Rep. Carol Miller (R),2025-05-26,1000.00
AMERICAN GAS ASSOCIATION,American Gas Association Political Action Committee,Rep. Darin LaHood (R),2025-05-26,2000.00
AMERICAN GAS ASSOCIATION,American Gas Association Political Action Committee,Rep. Lloyd Smucker (R),2025-05-26,2500.00
AMERICAN GAS ASSOCIATION,American Gas Association Political Action Committee,Rep. John Moolenaar (R),2025-05-26,1000.00
AMERICAN GAS ASSOCIATION,American Gas Association Political Action Committee,Rep. Nicole Malliotakis (R),2025-05-26,1000.00
AMERICAN GAS ASSOCIATION,American Gas Association Political Action Committee,Rep. Steve Scalise (R),2025-05-26,2500.00
AMERICAN GAS ASSOCIATION,American Gas Association Political Action Committee,"Rep. Troy Carter, Sr. (D)",2025-05-26,2500.00
AMERICAN GAS ASSOCIATION,American Gas Association Political Action Committee,Sen. Cynthia Lummis (R),2025-05-26,1500.00
AMERICAN GAS ASSOCIATION,American Gas Association Political Action Committee,Rep. Cliff Bentz (R),2025-06-01,1000.00
AMERICAN GAS ASSOCIATION,American Gas Association Political Action Committee,Rep. Kim Schrier (D),2025-06-01,1500.00
AMERICAN GAS ASSOCIATION,American Gas Association Political Action Committee,Rep. Mike Simpson (R),2025-06-01,1500.00
AMERICAN GAS ASSOCIATION,American Gas Association Political Action Committee,Rep. Mike Thompson (D),2025-06-01,1000.00
AMERICAN GAS ASSOCIATION,American Gas Association Political Action Committee,Rep. Nathaniel Moran (R),2025-06-01,1000.00
AMERICAN GAS ASSOCIATION,American Gas Association Political Action Committee,Rep. Rick Allen (R),2025-06-01,1000.00
AMERICAN GAS ASSOCIATION,American Gas Association Political Action Committee,Sen. Roger Wicker (R),2025-06-01,5000.00
AMERICAN GAS ASSOCIATION,American Gas Association Political Action Committee,Rep. Ashley Hinson (R),2025-06-16,1000.00
AMERICAN GAS ASSOCIATION,American Gas Association Political Action Committee,Rep. John Joyce (R),2025-06-16,1000.00
AMERICAN GAS ASSOCIATION,American Gas Association Political Action Committee,Rep. Kat Cammack (R),2025-06-16,1000.00
AMERICAN GAS ASSOCIATION,American Gas Association Political Action Committee,Rep. Michael Rulli (R),2025-06-16,2500.00
AMERICAN GAS ASSOCIATION,American Gas Association Political Action Committee,Rep. Pete Stauber (R),2025-06-16,1000.00
AMERICAN GAS ASSOCIATION,American Gas Association Political Action Committee,Rep. Andrew Garbarino (R),2025-06-29,2500.00
AMERICAN GAS ASSOCIATION,American Gas Association Political Action Committee,Rep. Troy Balderson (R),2025-06-16,2500.00
AMERICAN GAS ASSOCIATION,American Gas Association Political Action Committee,Sen. Lindsey Graham (R),2025-06-16,1000.00
AMERICAN GAS ASSOCIATION,American Gas Association Political Action Committee,Sen. Todd Young (R),2025-06-16,2500.00
AMERICAN GAS ASSOCIATION,American Gas Association Political Action Committee,Rep. Marc Veasey (D),2025-06-16,2500.00
AMERICAN GAS ASSOCIATION,American Gas Association Political Action Committee,Sen. Ted Cruz (R),2025-06-16,5000.00
AMERICAN GAS ASSOCIATION,American Gas Association Political Action Committee,Rep. Gabe Evans (R),2025-06-24,1000.00
AMERICAN GAS ASSOCIATION,American Gas Association Political Action Committee,Rep. Jay Obernolte (R),2025-06-24,1000.00
AMERICAN GAS ASSOCIATION,American Gas Association Political Action Committee,Rep. Morgan Griffith (R),2025-06-24,1000.00
AMERICAN GAS ASSOCIATION,American Gas Association Political Action Committee,Rep. Paul Tonko (D),2025-06-24,1000.00
AMERICAN GAS ASSOCIATION,American Gas Association Political Action Committee,Rep. Richard Neal (D),2025-06-24,2000.00
AMERICAN GAS ASSOCIATION,American Gas Association Political Action Committee,DSCC,2025-01-25,5000.00
AMERICAN GAS ASSOCIATION,American Gas Association Political Action Committee,NRCC,2025-01-25,5000.00
AMERICAN GAS ASSOCIATION,American Gas Association Political Action Committee,NRSC,2025-01-25,15000.00
AMERICAN GAS ASSOCIATION,American Gas Association Political Action Committee,"Rep. Richard Hudson, Jr. (R)",2025-02-28,2000.00
AMERICAN GAS ASSOCIATION,American Gas Association Political Action Committee,Rep. Mariannette Miller-Meeks (R),2025-02-28,1000.00
AMERICAN GAS ASSOCIATION,American Gas Association Political Action Committee,Sen. Bill Cassidy (R),2025-02-28,1000.00
AMERICAN GAS ASSOCIATION,American Gas Association Political Action Committee,Republican Mainstreet Partnership PAC,2025-03-05,5000.00
AMERICAN GAS ASSOCIATION,American Gas Association Political Action Committee,Sen. John Thune (R),2025-03-05,5000.00
AMERICAN GAS ASSOCIATION,American Gas Association Political Action Committee,Rep. Jason Smith (R),2025-03-05,2000.00
AMERICAN GAS ASSOCIATION,American Gas Association Political Action Committee,Rep. Mike Carey (R),2025-03-05,1000.00
AMERICAN GAS ASSOCIATION,American Gas Association Political Action Committee,Rep. Tom Cole (R),2025-03-16,5000.00
AMERICAN GAS ASSOCIATION,American Gas Association Political Action Committee,"Rep. Sam Graves, Jr. (R)",2025-03-16,5000.00
AMERICAN GAS ASSOCIATION,American Gas Association Political Action Committee,"Rep. Sam Graves, Jr. (R)",2025-03-16,5000.00
AMERICAN GAS ASSOCIATION,American Gas Association Political Action Committee,CHC BOLD PAC,2025-03-16,5000.00
AMERICAN GAS ASSOCIATION,American Gas Association Political Action Committee,New Democrat Coalition Action Fund,2025-03-16,5000.00
AMERICAN GAS ASSOCIATION,American Gas Association Political Action Committee,Blue Dog Political Action Committee,2025-03-16,5000.00
AMERICAN GAS ASSOCIATION,American Gas Association Political Action Committee,Congressional Black Caucus PAC,2025-03-19,5000.00
AMERICAN GAS ASSOCIATION,American Gas Association Political Action Committee,Sen. Jim Risch (R),2025-03-19,1000.00
AMERICAN GAS ASSOCIATION,American Gas Association Political Action Committee,Rep. Julia Letlow (R),2025-03-22,1000.00
AMERICAN GAS ASSOCIATION,American Gas Association Political Action Committee,Rep. Julie Fedorchak (R),2025-03-22,2500.00
AMERICAN GAS ASSOCIATION,American Gas Association Political Action Committee,Rep. Bob Latta (R),2025-03-22,2500.00
AMERICAN GAS ASSOCIATION,American Gas Association Political Action Committee,Rep. Dusty Johnson (R),2025-03-22,2500.00
AMERICAN GAS ASSOCIATION,American Gas Association Political Action Committee,Rep. Bruce Westerman (R),2025-03-30,1500.00
AMERICAN GAS ASSOCIATION,American Gas Association Political Action Committee,Sen. Lisa Murkowski (R),2025-04-29,1000.00
AMERICAN GAS ASSOCIATION,American Gas Association Political Action Committee,Sen. Lisa Murkowski (R),2025-04-29,2000.00
AMERICAN GAS ASSOCIATION,American Gas Association Political Action Committee,Rep. Jim Clyburn (D),2025-05-26,2500.00
AMERICAN GAS ASSOCIATION,American Gas Association Political Action Committee,Rep. Bennie Thompson (D),2025-05-26,2500.00
AMERICAN GAS ASSOCIATION,American Gas Association Political Action Committee,Rep. Carol Miller (R),2025-05-26,1000.00
AMERICAN GAS ASSOCIATION,American Gas Association Political Action Committee,Rep. Darin LaHood (R),2025-05-26,2000.00
AMERICAN GAS ASSOCIATION,American Gas Association Political Action Committee,Rep. Lloyd Smucker (R),2025-05-26,2500.00
AMERICAN GAS ASSOCIATION,American Gas Association Political Action Committee,Rep. John Moolenaar (R),2025-05-26,1000.00
AMERICAN GAS ASSOCIATION,American Gas Association Political Action Committee,Rep. Nicole Malliotakis (R),2025-05-26,1000.00
AMERICAN GAS ASSOCIATION,American Gas Association Political Action Committee,Rep. Steve Scalise (R),2025-05-26,2500.00
AMERICAN GAS ASSOCIATION,American Gas Association Political Action Committee,"Rep. Troy Carter, Sr. (D)",2025-05-26,2500.00
AMERICAN GAS ASSOCIATION,American Gas Association Political Action Committee,Sen. Cynthia Lummis (R),2025-05-26,1500.00
AMERICAN GAS ASSOCIATION,American Gas Association Political Action Committee,Rep. Cliff Bentz (R),2025-06-01,1000.00
AMERICAN GAS ASSOCIATION,American Gas Association Political Action Committee,Rep. Kim Schrier (D),2025-06-01,1500.00
AMERICAN GAS ASSOCIATION,American Gas Association Political Action Committee,Rep. Mike Simpson (R),2025-06-01,1500.00
AMERICAN GAS ASSOCIATION,American Gas Association Political Action Committee,Rep. Mike Thompson (D),2025-06-01,1000.00
AMERICAN GAS ASSOCIATION,American Gas Association Political Action Committee,Rep. Nathaniel Moran (R),2025-06-01,1000.00
AMERICAN GAS ASSOCIATION,American Gas Association Political Action Committee,Rep. Rick Allen (R),2025-06-01,1000.00
AMERICAN GAS ASSOCIATION,American Gas Association Political Action Committee,Sen. Roger Wicker (R),2025-06-01,5000.00
AMERICAN GAS ASSOCIATION,American Gas Association Political Action Committee,Rep. Ashley Hinson (R),2025-06-16,1000.00
AMERICAN GAS ASSOCIATION,American Gas Association Political Action Committee,Rep. John Joyce (R),2025-06-16,1000.00
AMERICAN GAS ASSOCIATION,American Gas Association Political Action Committee,Rep. Kat Cammack (R),2025-06-16,1000.00
AMERICAN GAS ASSOCIATION,American Gas Association Political Action Committee,Rep. Michael Rulli (R),2025-06-16,2500.00
AMERICAN GAS ASSOCIATION,American Gas Association Political Action Committee,Rep. Pete Stauber (R),2025-06-16,1000.00
AMERICAN GAS ASSOCIATION,American Gas Association Political Action Committee,Rep. Andrew Garbarino (R),2025-06-29,2500.00
AMERICAN GAS ASSOCIATION,American Gas Association Political Action Committee,Rep. Troy Balderson (R),2025-06-16,2500.00
AMERICAN GAS ASSOCIATION,American Gas Association Political Action Committee,Sen. Lindsey Graham (R),2025-06-16,1000.00
AMERICAN GAS ASSOCIATION,American Gas Association Political Action Committee,Sen. Todd Young (R),2025-06-16,2500.00
AMERICAN GAS ASSOCIATION,American Gas Association Political Action Committee,Rep. Marc Veasey (D),2025-06-16,2500.00
AMERICAN GAS ASSOCIATION,American Gas Association Political Action Committee,Sen. Ted Cruz (R),2025-06-16,5000.00
AMERICAN GAS ASSOCIATION,American Gas Association Political Action Committee,Rep. Gabe Evans (R),2025-06-24,1000.00
AMERICAN GAS ASSOCIATION,American Gas Association Political Action Committee,Rep. Jay Obernolte (R),2025-06-24,1000.00
AMERICAN GAS ASSOCIATION,American Gas Association Political Action Committee,Rep. Morgan Griffith (R),2025-06-24,1000.00
AMERICAN GAS ASSOCIATION,American Gas Association Political Action Committee,Rep. Paul Tonko (D),2025-06-24,1000.00
AMERICAN GAS ASSOCIATION,American Gas Association Political Action Committee,Rep. Richard Neal (D),2025-06-24,2000.00
AMERICAN GAS ASSOCIATION,American Gas Association Political Action Committee,DSCC,2025-01-25,5000.00
AMERICAN GAS ASSOCIATION,American Gas Association Political Action Committee,NRCC,2025-01-25,5000.00
AMERICAN GAS ASSOCIATION,American Gas Association Political Action Committee,NRSC,2025-01-25,15000.00
AMERICAN GAS ASSOCIATION,American Gas Association Political Action Committee,"Rep. Richard Hudson, Jr. (R)",2025-02-28,2000.00
AMERICAN GAS ASSOCIATION,American Gas Association Political Action Committee,Rep. Mariannette Miller-Meeks (R),2025-02-28,1000.00
AMERICAN GAS ASSOCIATION,American Gas Association Political Action Committee,Sen. Bill Cassidy (R),2025-02-28,1000.00
AMERICAN GAS ASSOCIATION,American Gas Association Political Action Committee,Republican Mainstreet Partnership PAC,2025-03-05,5000.00
AMERICAN GAS ASSOCIATION,American Gas Association Political Action Committee,Sen. John Thune (R),2025-03-05,5000.00
AMERICAN GAS ASSOCIATION,American Gas Association Political Action Committee,Rep. Jason Smith (R),2025-03-05,2000.00
AMERICAN GAS ASSOCIATION,American Gas Association Political Action Committee,Rep. Mike Carey (R),2025-03-05,1000.00
AMERICAN GAS ASSOCIATION,American Gas Association Political Action Committee,Rep. Tom Cole (R),2025-03-16,5000.00
AMERICAN GAS ASSOCIATION,American Gas Association Political Action Committee,"Rep. Sam Graves, Jr. (R)",2025-03-16,5000.00
AMERICAN GAS ASSOCIATION,American Gas Association Political Action Committee,"Rep. Sam Graves, Jr. (R)",2025-03-16,5000.00
AMERICAN GAS ASSOCIATION,American Gas Association Political Action Committee,CHC BOLD PAC,2025-03-16,5000.00
AMERICAN GAS ASSOCIATION,American Gas Association Political Action Committee,New Democrat Coalition Action Fund,2025-03-16,5000.00
AMERICAN GAS ASSOCIATION,American Gas Association Political Action Committee,Blue Dog Political Action Committee,2025-03-16,5000.00
AMERICAN GAS ASSOCIATION,American Gas Association Political Action Committee,Congressional Black Caucus PAC,2025-03-19,5000.00
AMERICAN GAS ASSOCIATION,American Gas Association Political Action Committee,Sen. Jim Risch (R),2025-03-19,1000.00
AMERICAN GAS ASSOCIATION,American Gas Association Political Action Committee,Rep. Julia Letlow (R),2025-03-22,1000.00
AMERICAN GAS ASSOCIATION,American Gas Association Political Action Committee,Rep. Julie Fedorchak (R),2025-03-22,2500.00
AMERICAN GAS ASSOCIATION,American Gas Association Political Action Committee,Rep. Bob Latta (R),2025-03-22,2500.00
AMERICAN GAS ASSOCIATION,American Gas Association Political Action Committee,Rep. Dusty Johnson (R),2025-03-22,2500.00
AMERICAN GAS ASSOCIATION,American Gas Association Political Action Committee,Rep. Bruce Westerman (R),2025-03-30,1500.00
AMERICAN GAS ASSOCIATION,American Gas Association Political Action Committee,Sen. Lisa Murkowski (R),2025-04-29,1000.00
AMERICAN GAS ASSOCIATION,American Gas Association Political Action Committee,Sen. Lisa Murkowski (R),2025-04-29,2000.00
AMERICAN GAS ASSOCIATION,American Gas Association Political Action Committee,Rep. Jim Clyburn (D),2025-05-26,2500.00
AMERICAN GAS ASSOCIATION,American Gas Association Political Action Committee,Rep. Bennie Thompson (D),2025-05-26,2500.00
AMERICAN GAS ASSOCIATION,American Gas Association Political Action Committee,Rep. Carol Miller (R),2025-05-26,1000.00
AMERICAN GAS ASSOCIATION,American Gas Association Political Action Committee,Rep. Darin LaHood (R),2025-05-26,2000.00
AMERICAN GAS ASSOCIATION,American Gas Association Political Action Committee,Rep. Lloyd Smucker (R),2025-05-26,2500.00
AMERICAN GAS ASSOCIATION,American Gas Association Political Action Committee,Rep. John Moolenaar (R),2025-05-26,1000.00
AMERICAN GAS ASSOCIATION,American Gas Association Political Action Committee,Rep. Nicole Malliotakis (R),2025-05-26,1000.00
AMERICAN GAS ASSOCIATION,American Gas Association Political Action Committee,Rep. Steve Scalise (R),2025-05-26,2500.00
AMERICAN GAS ASSOCIATION,American Gas Association Political Action Committee,"Rep. Troy Carter, Sr. (D)",2025-05-26,2500.00
AMERICAN GAS ASSOCIATION,American Gas Association Political Action Committee,Sen. Cynthia Lummis (R),2025-05-26,1500.00
AMERICAN GAS ASSOCIATION,American Gas Association Political Action Committee,Rep. Cliff Bentz (R),2025-06-01,1000.00
AMERICAN GAS ASSOCIATION,American Gas Association Political Action Committee,Rep. Kim Schrier (D),2025-06-01,1500.00
AMERICAN GAS ASSOCIATION,American Gas Association Political Action Committee,Rep. Mike Simpson (R),2025-06-01,1500.00
AMERICAN GAS ASSOCIATION,American Gas Association Political Action Committee,Rep. Mike Thompson (D),2025-06-01,1000.00
AMERICAN GAS ASSOCIATION,American Gas Association Political Action Committee,Rep. Nathaniel Moran (R),2025-06-01,1000.00
AMERICAN GAS ASSOCIATION,American Gas Association Political Action Committee,Rep. Rick Allen (R),2025-06-01,1000.00
AMERICAN GAS ASSOCIATION,American Gas Association Political Action Committee,Sen. Roger Wicker (R),2025-06-01,5000.00
AMERICAN GAS ASSOCIATION,American Gas Association Political Action Committee,Rep. Ashley Hinson (R),2025-06-16,1000.00
AMERICAN GAS ASSOCIATION,American Gas Association Political Action Committee,Rep. John Joyce (R),2025-06-16,1000.00
AMERICAN GAS ASSOCIATION,American Gas Association Political Action Committee,Rep. Kat Cammack (R),2025-06-16,1000.00
AMERICAN GAS ASSOCIATION,American Gas Association Political Action Committee,Rep. Michael Rulli (R),2025-06-16,2500.00
AMERICAN GAS ASSOCIATION,American Gas Association Political Action Committee,Rep. Pete Stauber (R),2025-06-16,1000.00
AMERICAN GAS ASSOCIATION,American Gas Association Political Action Committee,Rep. Andrew Garbarino (R),2025-06-29,2500.00
AMERICAN GAS ASSOCIATION,American Gas Association Political Action Committee,Rep. Troy Balderson (R),2025-06-16,2500.00
AMERICAN GAS ASSOCIATION,American Gas Association Political Action Committee,Sen. Lindsey Graham (R),2025-06-16,1000.00
AMERICAN GAS ASSOCIATION,American Gas Association Political Action Committee,Sen. Todd Young (R),2025-06-16,2500.00
AMERICAN GAS ASSOCIATION,American Gas Association Political Action Committee,Rep. Marc Veasey (D),2025-06-16,2500.00
AMERICAN GAS ASSOCIATION,American Gas Association Political Action Committee,Sen. Ted Cruz (R),2025-06-16,5000.00
AMERICAN GAS ASSOCIATION,American Gas Association Political Action Committee,Rep. Gabe Evans (R),2025-06-24,1000.00
AMERICAN GAS ASSOCIATION,American Gas Association Political Action Committee,Rep. Jay Obernolte (R),2025-06-24,1000.00
AMERICAN GAS ASSOCIATION,American Gas Association Political Action Committee,Rep. Morgan Griffith (R),2025-06-24,1000.00
AMERICAN GAS ASSOCIATION,American Gas Association Political Action Committee,Rep. Paul Tonko (D),2025-06-24,1000.00
AMERICAN GAS ASSOCIATION,American Gas Association Political Action Committee,Rep. Richard Neal (D),2025-06-24,2000.00
AMERICAN GAS ASSOCIATION,American Gas Association Political Action Committee,DSCC,2025-01-25,5000.00
AMERICAN GAS ASSOCIATION,American Gas Association Political Action Committee,NRCC,2025-01-25,5000.00
AMERICAN GAS ASSOCIATION,American Gas Association Political Action Committee,NRSC,2025-01-25,15000.00
AMERICAN GAS ASSOCIATION,American Gas Association Political Action Committee,"Rep. Richard Hudson, Jr. (R)",2025-02-28,2000.00
AMERICAN GAS ASSOCIATION,American Gas Association Political Action Committee,Rep. Mariannette Miller-Meeks (R),2025-02-28,1000.00
AMERICAN GAS ASSOCIATION,American Gas Association Political Action Committee,Sen. Bill Cassidy (R),2025-02-28,1000.00
AMERICAN GAS ASSOCIATION,American Gas Association Political Action Committee,Republican Mainstreet Partnership PAC,2025-03-05,5000.00
AMERICAN GAS ASSOCIATION,American Gas Association Political Action Committee,Sen. John Thune (R),2025-03-05,5000.00
AMERICAN GAS ASSOCIATION,American Gas Association Political Action Committee,Rep. Jason Smith (R),2025-03-05,2000.00
AMERICAN GAS ASSOCIATION,American Gas Association Political Action Committee,Rep. Mike Carey (R),2025-03-05,1000.00
AMERICAN GAS ASSOCIATION,American Gas Association Political Action Committee,Rep. Tom Cole (R),2025-03-16,5000.00
AMERICAN GAS ASSOCIATION,American Gas Association Political Action Committee,"Rep. Sam Graves, Jr. (R)",2025-03-16,5000.00
AMERICAN GAS ASSOCIATION,American Gas Association Political Action Committee,"Rep. Sam Graves, Jr. (R)",2025-03-16,5000.00
AMERICAN GAS ASSOCIATION,American Gas Association Political Action Committee,CHC BOLD PAC,2025-03-16,5000.00
AMERICAN GAS ASSOCIATION,American Gas Association Political Action Committee,New Democrat Coalition Action Fund,2025-03-16,5000.00
AMERICAN GAS ASSOCIATION,American Gas Association Political Action Committee,Blue Dog Political Action Committee,2025-03-16,5000.00
AMERICAN GAS ASSOCIATION,American Gas Association Political Action Committee,Congressional Black Caucus PAC,2025-03-19,5000.00
AMERICAN GAS ASSOCIATION,American Gas Association Political Action Committee,Sen. Jim Risch (R),2025-03-19,1000.00
AMERICAN GAS ASSOCIATION,American Gas Association Political Action Committee,Rep. Julia Letlow (R),2025-03-22,1000.00
AMERICAN GAS ASSOCIATION,American Gas Association Political Action Committee,Rep. Julie Fedorchak (R),2025-03-22,2500.00
AMERICAN GAS ASSOCIATION,American Gas Association Political Action Committee,Rep. Bob Latta (R),2025-03-22,2500.00
AMERICAN GAS ASSOCIATION,American Gas Association Political Action Committee,Rep. Dusty Johnson (R),2025-03-22,2500.00
AMERICAN GAS ASSOCIATION,American Gas Association Political Action Committee,Rep. Bruce Westerman (R),2025-03-30,1500.00
AMERICAN GAS ASSOCIATION,American Gas Association Political Action Committee,Sen. Lisa Murkowski (R),2025-04-29,1000.00
AMERICAN GAS ASSOCIATION,American Gas Association Political Action Committee,Sen. Lisa Murkowski (R),2025-04-29,2000.00
AMERICAN GAS ASSOCIATION,American Gas Association Political Action Committee,Rep. Jim Clyburn (D),2025-05-26,2500.00
AMERICAN GAS ASSOCIATION,American Gas Association Political Action Committee,Rep. Bennie Thompson (D),2025-05-26,2500.00
AMERICAN GAS ASSOCIATION,American Gas Association Political Action Committee,Rep. Carol Miller (R),2025-05-26,1000.00
AMERICAN GAS ASSOCIATION,American Gas Association Political Action Committee,Rep. Darin LaHood (R),2025-05-26,2000.00
AMERICAN GAS ASSOCIATION,American Gas Association Political Action Committee,Rep. Lloyd Smucker (R),2025-05-26,2500.00
AMERICAN GAS ASSOCIATION,American Gas Association Political Action Committee,Rep. John Moolenaar (R),2025-05-26,1000.00
AMERICAN GAS ASSOCIATION,American Gas Association Political Action Committee,Rep. Nicole Malliotakis (R),2025-05-26,1000.00
AMERICAN GAS ASSOCIATION,American Gas Association Political Action Committee,Rep. Steve Scalise (R),2025-05-26,2500.00
AMERICAN GAS ASSOCIATION,American Gas Association Political Action Committee,"Rep. Troy Carter, Sr. (D)",2025-05-26,2500.00
AMERICAN GAS ASSOCIATION,American Gas Association Political Action Committee,Sen. Cynthia Lummis (R),2025-05-26,1500.00
AMERICAN GAS ASSOCIATION,American Gas Association Political Action Committee,Rep. Cliff Bentz (R),2025-06-01,1000.00
AMERICAN GAS ASSOCIATION,American Gas Association Political Action Committee,Rep. Kim Schrier (D),2025-06-01,1500.00
AMERICAN GAS ASSOCIATION,American Gas Association Political Action Committee,Rep. Mike Simpson (R),2025-06-01,1500.00
AMERICAN GAS ASSOCIATION,American Gas Association Political Action Committee,Rep. Mike Thompson (D),2025-06-01,1000.00
AMERICAN GAS ASSOCIATION,American Gas Association Political Action Committee,Rep. Nathaniel Moran (R),2025-06-01,1000.00
AMERICAN GAS ASSOCIATION,American Gas Association Political Action Committee,Rep. Rick Allen (R),2025-06-01,1000.00
AMERICAN GAS ASSOCIATION,American Gas Association Political Action Committee,Sen. Roger Wicker (R),2025-06-01,5000.00
AMERICAN GAS ASSOCIATION,American Gas Association Political Action Committee,Rep. Ashley Hinson (R),2025-06-16,1000.00
AMERICAN GAS ASSOCIATION,American Gas Association Political Action Committee,Rep. John Joyce (R),2025-06-16,1000.00
AMERICAN GAS ASSOCIATION,American Gas Association Political Action Committee,Rep. Kat Cammack (R),2025-06-16,1000.00
AMERICAN GAS ASSOCIATION,American Gas Association Political Action Committee,Rep. Michael Rulli (R),2025-06-16,2500.00
AMERICAN GAS ASSOCIATION,American Gas Association Political Action Committee,Rep. Pete Stauber (R),2025-06-16,1000.00
AMERICAN GAS ASSOCIATION,American Gas Association Political Action Committee,Rep. Andrew Garbarino (R),2025-06-29,2500.00
AMERICAN GAS ASSOCIATION,American Gas Association Political Action Committee,Rep. Troy Balderson (R),2025-06-16,2500.00
AMERICAN GAS ASSOCIATION,American Gas Association Political Action Committee,Sen. Lindsey Graham (R),2025-06-16,1000.00
AMERICAN GAS ASSOCIATION,American Gas Association Political Action Committee,Sen. Todd Young (R),2025-06-16,2500.00
AMERICAN GAS ASSOCIATION,American Gas Association Political Action Committee,Rep. Marc Veasey (D),2025-06-16,2500.00
AMERICAN GAS ASSOCIATION,American Gas Association Political Action Committee,Sen. Ted Cruz (R),2025-06-16,5000.00
AMERICAN GAS ASSOCIATION,American Gas Association Political Action Committee,Rep. Gabe Evans (R),2025-06-24,1000.00
AMERICAN GAS ASSOCIATION,American Gas Association Political Action Committee,Rep. Jay Obernolte (R),2025-06-24,1000.00
AMERICAN GAS ASSOCIATION,American Gas Association Political Action Committee,Rep. Morgan Griffith (R),2025-06-24,1000.00
AMERICAN GAS ASSOCIATION,American Gas Association Political Action Committee,Rep. Paul Tonko (D),2025-06-24,1000.00
AMERICAN GAS ASSOCIATION,American Gas Association Political Action Committee,Rep. Richard Neal (D),2025-06-24,2000.00
AMERICAN GAS ASSOCIATION,American Gas Association Political Action Committee,DSCC,2025-01-25,5000.00
AMERICAN GAS ASSOCIATION,American Gas Association Political Action Committee,NRCC,2025-01-25,5000.00
AMERICAN GAS ASSOCIATION,American Gas Association Political Action Committee,NRSC,2025-01-25,15000.00
AMERICAN GAS ASSOCIATION,American Gas Association Political Action Committee,"Rep. Richard Hudson, Jr. (R)",2025-02-28,2000.00
AMERICAN GAS ASSOCIATION,American Gas Association Political Action Committee,Rep. Mariannette Miller-Meeks (R),2025-02-28,1000.00
AMERICAN GAS ASSOCIATION,American Gas Association Political Action Committee,Sen. Bill Cassidy (R),2025-02-28,1000.00
AMERICAN GAS ASSOCIATION,American Gas Association Political Action Committee,Republican Mainstreet Partnership PAC,2025-03-05,5000.00
AMERICAN GAS ASSOCIATION,American Gas Association Political Action Committee,Sen. John Thune (R),2025-03-05,5000.00
AMERICAN GAS ASSOCIATION,American Gas Association Political Action Committee,Rep. Jason Smith (R),2025-03-05,2000.00
AMERICAN GAS ASSOCIATION,American Gas Association Political Action Committee,Rep. Mike Carey (R),2025-03-05,1000.00
AMERICAN GAS ASSOCIATION,American Gas Association Political Action Committee,Rep. Tom Cole (R),2025-03-16,5000.00
AMERICAN GAS ASSOCIATION,American Gas Association Political Action Committee,"Rep. Sam Graves, Jr. (R)",2025-03-16,5000.00
AMERICAN GAS ASSOCIATION,American Gas Association Political Action Committee,"Rep. Sam Graves, Jr. (R)",2025-03-16,5000.00
AMERICAN GAS ASSOCIATION,American Gas Association Political Action Committee,CHC BOLD PAC,2025-03-16,5000.00
AMERICAN GAS ASSOCIATION,American Gas Association Political Action Committee,New Democrat Coalition Action Fund,2025-03-16,5000.00
AMERICAN GAS ASSOCIATION,American Gas Association Political Action Committee,Blue Dog Political Action Committee,2025-03-16,5000.00
AMERICAN GAS ASSOCIATION,American Gas Association Political Action Committee,Congressional Black Caucus PAC,2025-03-19,5000.00
AMERICAN GAS ASSOCIATION,American Gas Association Political Action Committee,Sen. Jim Risch (R),2025-03-19,1000.00
AMERICAN GAS ASSOCIATION,American Gas Association Political Action Committee,Rep. Julia Letlow (R),2025-03-22,1000.00
AMERICAN GAS ASSOCIATION,American Gas Association Political Action Committee,Rep. Julie Fedorchak (R),2025-03-22,2500.00
AMERICAN GAS ASSOCIATION,American Gas Association Political Action Committee,Rep. Bob Latta (R),2025-03-22,2500.00
AMERICAN GAS ASSOCIATION,American Gas Association Political Action Committee,Rep. Dusty Johnson (R),2025-03-22,2500.00
AMERICAN GAS ASSOCIATION,American Gas Association Political Action Committee,Rep. Bruce Westerman (R),2025-03-30,1500.00
AMERICAN GAS ASSOCIATION,American Gas Association Political Action Committee,Sen. Lisa Murkowski (R),2025-04-29,1000.00
AMERICAN GAS ASSOCIATION,American Gas Association Political Action Committee,Sen. Lisa Murkowski (R),2025-04-29,2000.00
AMERICAN GAS ASSOCIATION,American Gas Association Political Action Committee,Rep. Jim Clyburn (D),2025-05-26,2500.00
AMERICAN GAS ASSOCIATION,American Gas Association Political Action Committee,Rep. Bennie Thompson (D),2025-05-26,2500.00
AMERICAN GAS ASSOCIATION,American Gas Association Political Action Committee,Rep. Carol Miller (R),2025-05-26,1000.00
AMERICAN GAS ASSOCIATION,American Gas Association Political Action Committee,Rep. Darin LaHood (R),2025-05-26,2000.00
AMERICAN GAS ASSOCIATION,American Gas Association Political Action Committee,Rep. Lloyd Smucker (R),2025-05-26,2500.00
AMERICAN GAS ASSOCIATION,American Gas Association Political Action Committee,Rep. John Moolenaar (R),2025-05-26,1000.00
AMERICAN GAS ASSOCIATION,American Gas Association Political Action Committee,Rep. Nicole Malliotakis (R),2025-05-26,1000.00
AMERICAN GAS ASSOCIATION,American Gas Association Political Action Committee,Rep. Steve Scalise (R),2025-05-26,2500.00
AMERICAN GAS ASSOCIATION,American Gas Association Political Action Committee,"Rep. Troy Carter, Sr. (D)",2025-05-26,2500.00
AMERICAN GAS ASSOCIATION,American Gas Association Political Action Committee,Sen. Cynthia Lummis (R),2025-05-26,1500.00
AMERICAN GAS ASSOCIATION,American Gas Association Political Action Committee,Rep. Cliff Bentz (R),2025-06-01,1000.00
AMERICAN GAS ASSOCIATION,American Gas Association Political Action Committee,Rep. Kim Schrier (D),2025-06-01,1500.00
AMERICAN GAS ASSOCIATION,American Gas Association Political Action Committee,Rep. Mike Simpson (R),2025-06-01,1500.00
AMERICAN GAS ASSOCIATION,American Gas Association Political Action Committee,Rep. Mike Thompson (D),2025-06-01,1000.00
AMERICAN GAS ASSOCIATION,American Gas Association Political Action Committee,Rep. Nathaniel Moran (R),2025-06-01,1000.00
AMERICAN GAS ASSOCIATION,American Gas Association Political Action Committee,Rep. Rick Allen (R),2025-06-01,1000.00
AMERICAN GAS ASSOCIATION,American Gas Association Political Action Committee,Sen. Roger Wicker (R),2025-06-01,5000.00
AMERICAN GAS ASSOCIATION,American Gas Association Political Action Committee,Rep. Ashley Hinson (R),2025-06-16,1000.00
AMERICAN GAS ASSOCIATION,American Gas Association Political Action Committee,Rep. John Joyce (R),2025-06-16,1000.00
AMERICAN GAS ASSOCIATION,American Gas Association Political Action Committee,Rep. Kat Cammack (R),2025-06-16,1000.00
AMERICAN GAS ASSOCIATION,American Gas Association Political Action Committee,Rep. Michael Rulli (R),2025-06-16,2500.00
AMERICAN GAS ASSOCIATION,American Gas Association Political Action Committee,Rep. Pete Stauber (R),2025-06-16,1000.00
AMERICAN GAS ASSOCIATION,American Gas Association Political Action Committee,Rep. Andrew Garbarino (R),2025-06-29,2500.00
AMERICAN GAS ASSOCIATION,American Gas Association Political Action Committee,Rep. Troy Balderson (R),2025-06-16,2500.00
AMERICAN GAS ASSOCIATION,American Gas Association Political Action Committee,Sen. Lindsey Graham (R),2025-06-16,1000.00
AMERICAN GAS ASSOCIATION,American Gas Association Political Action Committee,Sen. Todd Young (R),2025-06-16,2500.00
AMERICAN GAS ASSOCIATION,American Gas Association Political Action Committee,Rep. Marc Veasey (D),2025-06-16,2500.00
AMERICAN GAS ASSOCIATION,American Gas Association Political Action Committee,Sen. Ted Cruz (R),2025-06-16,5000.00
AMERICAN GAS ASSOCIATION,American Gas Association Political Action Committee,Rep. Gabe Evans (R),2025-06-24,1000.00
AMERICAN GAS ASSOCIATION,American Gas Association Political Action Committee,Rep. Jay Obernolte (R),2025-06-24,1000.00
AMERICAN GAS ASSOCIATION,American Gas Association Political Action Committee,Rep. Morgan Griffith (R),2025-06-24,1000.00
AMERICAN GAS ASSOCIATION,American Gas Association Political Action Committee,Rep. Paul Tonko (D),2025-06-24,1000.00
AMERICAN GAS ASSOCIATION,American Gas Association Political Action Committee,Rep. Richard Neal (D),2025-06-24,2000.00
AMERICAN GAS ASSOCIATION,American Gas Association Political Action Committee,DSCC,2025-01-25,5000.00
AMERICAN GAS ASSOCIATION,American Gas Association Political Action Committee,NRCC,2025-01-25,5000.00
AMERICAN GAS ASSOCIATION,American Gas Association Political Action Committee,NRSC,2025-01-25,15000.00
AMERICAN GAS ASSOCIATION,American Gas Association Political Action Committee,"Rep. Richard Hudson, Jr. (R)",2025-02-28,2000.00
AMERICAN GAS ASSOCIATION,American Gas Association Political Action Committee,Rep. Mariannette Miller-Meeks (R),2025-02-28,1000.00
AMERICAN GAS ASSOCIATION,American Gas Association Political Action Committee,Sen. Bill Cassidy (R),2025-02-28,1000.00
AMERICAN GAS ASSOCIATION,American Gas Association Political Action Committee,Republican Mainstreet Partnership PAC,2025-03-05,5000.00
AMERICAN GAS ASSOCIATION,American Gas Association Political Action Committee,Sen. John Thune (R),2025-03-05,5000.00
AMERICAN GAS ASSOCIATION,American Gas Association Political Action Committee,Rep. Jason Smith (R),2025-03-05,2000.00
AMERICAN GAS ASSOCIATION,American Gas Association Political Action Committee,Rep. Mike Carey (R),2025-03-05,1000.00
AMERICAN GAS ASSOCIATION,American Gas Association Political Action Committee,Rep. Tom Cole (R),2025-03-16,5000.00
AMERICAN GAS ASSOCIATION,American Gas Association Political Action Committee,"Rep. Sam Graves, Jr. (R)",2025-03-16,5000.00
AMERICAN GAS ASSOCIATION,American Gas Association Political Action Committee,"Rep. Sam Graves, Jr. (R)",2025-03-16,5000.00
AMERICAN GAS ASSOCIATION,American Gas Association Political Action Committee,CHC BOLD PAC,2025-03-16,5000.00
AMERICAN GAS ASSOCIATION,American Gas Association Political Action Committee,New Democrat Coalition Action Fund,2025-03-16,5000.00
AMERICAN GAS ASSOCIATION,American Gas Association Political Action Committee,Blue Dog Political Action Committee,2025-03-16,5000.00
AMERICAN GAS ASSOCIATION,American Gas Association Political Action Committee,Congressional Black Caucus PAC,2025-03-19,5000.00
AMERICAN GAS ASSOCIATION,American Gas Association Political Action Committee,Sen. Jim Risch (R),2025-03-19,1000.00
AMERICAN GAS ASSOCIATION,American Gas Association Political Action Committee,Rep. Julia Letlow (R),2025-03-22,1000.00
AMERICAN GAS ASSOCIATION,American Gas Association Political Action Committee,Rep. Julie Fedorchak (R),2025-03-22,2500.00
AMERICAN GAS ASSOCIATION,American Gas Association Political Action Committee,Rep. Bob Latta (R),2025-03-22,2500.00
AMERICAN GAS ASSOCIATION,American Gas Association Political Action Committee,Rep. Dusty Johnson (R),2025-03-22,2500.00
AMERICAN GAS ASSOCIATION,American Gas Association Political Action Committee,Rep. Bruce Westerman (R),2025-03-30,1500.00
AMERICAN GAS ASSOCIATION,American Gas Association Political Action Committee,Sen. Lisa Murkowski (R),2025-04-29,1000.00
AMERICAN GAS ASSOCIATION,American Gas Association Political Action Committee,Sen. Lisa Murkowski (R),2025-04-29,2000.00
AMERICAN GAS ASSOCIATION,American Gas Association Political Action Committee,Rep. Jim Clyburn (D),2025-05-26,2500.00
AMERICAN GAS ASSOCIATION,American Gas Association Political Action Committee,Rep. Bennie Thompson (D),2025-05-26,2500.00
AMERICAN GAS ASSOCIATION,American Gas Association Political Action Committee,Rep. Carol Miller (R),2025-05-26,1000.00
AMERICAN GAS ASSOCIATION,American Gas Association Political Action Committee,Rep. Darin LaHood (R),2025-05-26,2000.00
AMERICAN GAS ASSOCIATION,American Gas Association Political Action Committee,Rep. Lloyd Smucker (R),2025-05-26,2500.00
AMERICAN GAS ASSOCIATION,American Gas Association Political Action Committee,Rep. John Moolenaar (R),2025-05-26,1000.00
AMERICAN GAS ASSOCIATION,American Gas Association Political Action Committee,Rep. Nicole Malliotakis (R),2025-05-26,1000.00
AMERICAN GAS ASSOCIATION,American Gas Association Political Action Committee,Rep. Steve Scalise (R),2025-05-26,2500.00
AMERICAN GAS ASSOCIATION,American Gas Association Political Action Committee,"Rep. Troy Carter, Sr. (D)",2025-05-26,2500.00
AMERICAN GAS ASSOCIATION,American Gas Association Political Action Committee,Sen. Cynthia Lummis (R),2025-05-26,1500.00
AMERICAN GAS ASSOCIATION,American Gas Association Political Action Committee,Rep. Cliff Bentz (R),2025-06-01,1000.00
AMERICAN GAS ASSOCIATION,American Gas Association Political Action Committee,Rep. Kim Schrier (D),2025-06-01,1500.00
AMERICAN GAS ASSOCIATION,American Gas Association Political Action Committee,Rep. Mike Simpson (R),2025-06-01,1500.00
AMERICAN GAS ASSOCIATION,American Gas Association Political Action Committee,Rep. Mike Thompson (D),2025-06-01,1000.00
AMERICAN GAS ASSOCIATION,American Gas Association Political Action Committee,Rep. Nathaniel Moran (R),2025-06-01,1000.00
AMERICAN GAS ASSOCIATION,American Gas Association Political Action Committee,Rep. Rick Allen (R),2025-06-01,1000.00
AMERICAN GAS ASSOCIATION,American Gas Association Political Action Committee,Sen. Roger Wicker (R),2025-06-01,5000.00
AMERICAN GAS ASSOCIATION,American Gas Association Political Action Committee,Rep. Ashley Hinson (R),2025-06-16,1000.00
AMERICAN GAS ASSOCIATION,American Gas Association Political Action Committee,Rep. John Joyce (R),2025-06-16,1000.00
AMERICAN GAS ASSOCIATION,American Gas Association Political Action Committee,Rep. Kat Cammack (R),2025-06-16,1000.00
AMERICAN GAS ASSOCIATION,American Gas Association Political Action Committee,Rep. Michael Rulli (R),2025-06-16,2500.00
AMERICAN GAS ASSOCIATION,American Gas Association Political Action Committee,Rep. Pete Stauber (R),2025-06-16,1000.00
AMERICAN GAS ASSOCIATION,American Gas Association Political Action Committee,Rep. Andrew Garbarino (R),2025-06-29,2500.00
AMERICAN GAS ASSOCIATION,American Gas Association Political Action Committee,Rep. Troy Balderson (R),2025-06-16,2500.00
AMERICAN GAS ASSOCIATION,American Gas Association Political Action Committee,Sen. Lindsey Graham (R),2025-06-16,1000.00
AMERICAN GAS ASSOCIATION,American Gas Association Political Action Committee,Sen. Todd Young (R),2025-06-16,2500.00
AMERICAN GAS ASSOCIATION,American Gas Association Political Action Committee,Rep. Marc Veasey (D),2025-06-16,2500.00
AMERICAN GAS ASSOCIATION,American Gas Association Political Action Committee,Sen. Ted Cruz (R),2025-06-16,5000.00
AMERICAN GAS ASSOCIATION,American Gas Association Political Action Committee,Rep. Gabe Evans (R),2025-06-24,1000.00
AMERICAN GAS ASSOCIATION,American Gas Association Political Action Committee,Rep. Jay Obernolte (R),2025-06-24,1000.00
AMERICAN GAS ASSOCIATION,American Gas Association Political Action Committee,Rep. Morgan Griffith (R),2025-06-24,1000.00
AMERICAN GAS ASSOCIATION,American Gas Association Political Action Committee,Rep. Paul Tonko (D),2025-06-24,1000.00
AMERICAN GAS ASSOCIATION,American Gas Association Political Action Committee,Rep. Richard Neal (D),2025-06-24,2000.00
AMERICAN GAS ASSOCIATION,American Gas Association Political Action Committee,DSCC,2025-01-25,5000.00
AMERICAN GAS ASSOCIATION,American Gas Association Political Action Committee,NRCC,2025-01-25,5000.00
AMERICAN GAS ASSOCIATION,American Gas Association Political Action Committee,NRSC,2025-01-25,15000.00
AMERICAN GAS ASSOCIATION,American Gas Association Political Action Committee,"Rep. Richard Hudson, Jr. (R)",2025-02-28,2000.00
AMERICAN GAS ASSOCIATION,American Gas Association Political Action Committee,Rep. Mariannette Miller-Meeks (R),2025-02-28,1000.00
AMERICAN GAS ASSOCIATION,American Gas Association Political Action Committee,Sen. Bill Cassidy (R),2025-02-28,1000.00
AMERICAN GAS ASSOCIATION,American Gas Association Political Action Committee,Republican Mainstreet Partnership PAC,2025-03-05,5000.00
AMERICAN GAS ASSOCIATION,American Gas Association Political Action Committee,Sen. John Thune (R),2025-03-05,5000.00
AMERICAN GAS ASSOCIATION,American Gas Association Political Action Committee,Rep. Jason Smith (R),2025-03-05,2000.00
AMERICAN GAS ASSOCIATION,American Gas Association Political Action Committee,Rep. Mike Carey (R),2025-03-05,1000.00
AMERICAN GAS ASSOCIATION,American Gas Association Political Action Committee,Rep. Tom Cole (R),2025-03-16,5000.00
AMERICAN GAS ASSOCIATION,American Gas Association Political Action Committee,"Rep. Sam Graves, Jr. (R)",2025-03-16,5000.00
AMERICAN GAS ASSOCIATION,American Gas Association Political Action Committee,"Rep. Sam Graves, Jr. (R)",2025-03-16,5000.00
AMERICAN GAS ASSOCIATION,American Gas Association Political Action Committee,CHC BOLD PAC,2025-03-16,5000.00
AMERICAN GAS ASSOCIATION,American Gas Association Political Action Committee,New Democrat Coalition Action Fund,2025-03-16,5000.00
AMERICAN GAS ASSOCIATION,American Gas Association Political Action Committee,Blue Dog Political Action Committee,2025-03-16,5000.00
AMERICAN GAS ASSOCIATION,American Gas Association Political Action Committee,Congressional Black Caucus PAC,2025-03-19,5000.00
AMERICAN GAS ASSOCIATION,American Gas Association Political Action Committee,Sen. Jim Risch (R),2025-03-19,1000.00
AMERICAN GAS ASSOCIATION,American Gas Association Political Action Committee,Rep. Julia Letlow (R),2025-03-22,1000.00
AMERICAN GAS ASSOCIATION,American Gas Association Political Action Committee,Rep. Julie Fedorchak (R),2025-03-22,2500.00
AMERICAN GAS ASSOCIATION,American Gas Association Political Action Committee,Rep. Bob Latta (R),2025-03-22,2500.00
AMERICAN GAS ASSOCIATION,American Gas Association Political Action Committee,Rep. Dusty Johnson (R),2025-03-22,2500.00
AMERICAN GAS ASSOCIATION,American Gas Association Political Action Committee,Rep. Bruce Westerman (R),2025-03-30,1500.00
AMERICAN GAS ASSOCIATION,American Gas Association Political Action Committee,Sen. Lisa Murkowski (R),2025-04-29,1000.00
AMERICAN GAS ASSOCIATION,American Gas Association Political Action Committee,Sen. Lisa Murkowski (R),2025-04-29,2000.00
AMERICAN GAS ASSOCIATION,American Gas Association Political Action Committee,Rep. Jim Clyburn (D),2025-05-26,2500.00
AMERICAN GAS ASSOCIATION,American Gas Association Political Action Committee,Rep. Bennie Thompson (D),2025-05-26,2500.00
AMERICAN GAS ASSOCIATION,American Gas Association Political Action Committee,Rep. Carol Miller (R),2025-05-26,1000.00
AMERICAN GAS ASSOCIATION,American Gas Association Political Action Committee,Rep. Darin LaHood (R),2025-05-26,2000.00
AMERICAN GAS ASSOCIATION,American Gas Association Political Action Committee,Rep. Lloyd Smucker (R),2025-05-26,2500.00
AMERICAN GAS ASSOCIATION,American Gas Association Political Action Committee,Rep. John Moolenaar (R),2025-05-26,1000.00
AMERICAN GAS ASSOCIATION,American Gas Association Political Action Committee,Rep. Nicole Malliotakis (R),2025-05-26,1000.00
AMERICAN GAS ASSOCIATION,American Gas Association Political Action Committee,Rep. Steve Scalise (R),2025-05-26,2500.00
AMERICAN GAS ASSOCIATION,American Gas Association Political Action Committee,"Rep. Troy Carter, Sr. (D)",2025-05-26,2500.00
AMERICAN GAS ASSOCIATION,American Gas Association Political Action Committee,Sen. Cynthia Lummis (R),2025-05-26,1500.00
AMERICAN GAS ASSOCIATION,American Gas Association Political Action Committee,Rep. Cliff Bentz (R),2025-06-01,1000.00
AMERICAN GAS ASSOCIATION,American Gas Association Political Action Committee,Rep. Kim Schrier (D),2025-06-01,1500.00
AMERICAN GAS ASSOCIATION,American Gas Association Political Action Committee,Rep. Mike Simpson (R),2025-06-01,1500.00
AMERICAN GAS ASSOCIATION,American Gas Association Political Action Committee,Rep. Mike Thompson (D),2025-06-01,1000.00
AMERICAN GAS ASSOCIATION,American Gas Association Political Action Committee,Rep. Nathaniel Moran (R),2025-06-01,1000.00
AMERICAN GAS ASSOCIATION,American Gas Association Political Action Committee,Rep. Rick Allen (R),2025-06-01,1000.00
AMERICAN GAS ASSOCIATION,American Gas Association Political Action Committee,Sen. Roger Wicker (R),2025-06-01,5000.00
AMERICAN GAS ASSOCIATION,American Gas Association Political Action Committee,Rep. Ashley Hinson (R),2025-06-16,1000.00
AMERICAN GAS ASSOCIATION,American Gas Association Political Action Committee,Rep. John Joyce (R),2025-06-16,1000.00
AMERICAN GAS ASSOCIATION,American Gas Association Political Action Committee,Rep. Kat Cammack (R),2025-06-16,1000.00
AMERICAN GAS ASSOCIATION,American Gas Association Political Action Committee,Rep. Michael Rulli (R),2025-06-16,2500.00
AMERICAN GAS ASSOCIATION,American Gas Association Political Action Committee,Rep. Pete Stauber (R),2025-06-16,1000.00
AMERICAN GAS ASSOCIATION,American Gas Association Political Action Committee,Rep. Andrew Garbarino (R),2025-06-29,2500.00
AMERICAN GAS ASSOCIATION,American Gas Association Political Action Committee,Rep. Troy Balderson (R),2025-06-16,2500.00
AMERICAN GAS ASSOCIATION,American Gas Association Political Action Committee,Sen. Lindsey Graham (R),2025-06-16,1000.00
AMERICAN GAS ASSOCIATION,American Gas Association Political Action Committee,Sen. Todd Young (R),2025-06-16,2500.00
AMERICAN GAS ASSOCIATION,American Gas Association Political Action Committee,Rep. Marc Veasey (D),2025-06-16,2500.00
AMERICAN GAS ASSOCIATION,American Gas Association Political Action Committee,Sen. Ted Cruz (R),2025-06-16,5000.00
AMERICAN GAS ASSOCIATION,American Gas Association Political Action Committee,Rep. Gabe Evans (R),2025-06-24,1000.00
AMERICAN GAS ASSOCIATION,American Gas Association Political Action Committee,Rep. Jay Obernolte (R),2025-06-24,1000.00
AMERICAN GAS ASSOCIATION,American Gas Association Political Action Committee,Rep. Morgan Griffith (R),2025-06-24,1000.00
AMERICAN GAS ASSOCIATION,American Gas Association Political Action Committee,Rep. Paul Tonko (D),2025-06-24,1000.00
AMERICAN GAS ASSOCIATION,American Gas Association Political Action Committee,Rep. Richard Neal (D),2025-06-24,2000.00
AMERICAN GAS ASSOCIATION,American Gas Association Political Action Committee,DSCC,2025-01-25,5000.00
AMERICAN GAS ASSOCIATION,American Gas Association Political Action Committee,NRCC,2025-01-25,5000.00
AMERICAN GAS ASSOCIATION,American Gas Association Political Action Committee,NRSC,2025-01-25,15000.00
AMERICAN GAS ASSOCIATION,American Gas Association Political Action Committee,"Rep. Richard Hudson, Jr. (R)",2025-02-28,2000.00
AMERICAN GAS ASSOCIATION,American Gas Association Political Action Committee,Rep. Mariannette Miller-Meeks (R),2025-02-28,1000.00
AMERICAN GAS ASSOCIATION,American Gas Association Political Action Committee,Sen. Bill Cassidy (R),2025-02-28,1000.00
AMERICAN GAS ASSOCIATION,American Gas Association Political Action Committee,Republican Mainstreet Partnership PAC,2025-03-05,5000.00
AMERICAN GAS ASSOCIATION,American Gas Association Political Action Committee,Sen. John Thune (R),2025-03-05,5000.00
AMERICAN GAS ASSOCIATION,American Gas Association Political Action Committee,Rep. Jason Smith (R),2025-03-05,2000.00
AMERICAN GAS ASSOCIATION,American Gas Association Political Action Committee,Rep. Mike Carey (R),2025-03-05,1000.00
AMERICAN GAS ASSOCIATION,American Gas Association Political Action Committee,Rep. Tom Cole (R),2025-03-16,5000.00
AMERICAN GAS ASSOCIATION,American Gas Association Political Action Committee,"Rep. Sam Graves, Jr. (R)",2025-03-16,5000.00
AMERICAN GAS ASSOCIATION,American Gas Association Political Action Committee,"Rep. Sam Graves, Jr. (R)",2025-03-16,5000.00
AMERICAN GAS ASSOCIATION,American Gas Association Political Action Committee,CHC BOLD PAC,2025-03-16,5000.00
AMERICAN GAS ASSOCIATION,American Gas Association Political Action Committee,New Democrat Coalition Action Fund,2025-03-16,5000.00
AMERICAN GAS ASSOCIATION,American Gas Association Political Action Committee,Blue Dog Political Action Committee,2025-03-16,5000.00
AMERICAN GAS ASSOCIATION,American Gas Association Political Action Committee,Congressional Black Caucus PAC,2025-03-19,5000.00
AMERICAN GAS ASSOCIATION,American Gas Association Political Action Committee,Sen. Jim Risch (R),2025-03-19,1000.00
AMERICAN GAS ASSOCIATION,American Gas Association Political Action Committee,Rep. Julia Letlow (R),2025-03-22,1000.00
AMERICAN GAS ASSOCIATION,American Gas Association Political Action Committee,Rep. Julie Fedorchak (R),2025-03-22,2500.00
AMERICAN GAS ASSOCIATION,American Gas Association Political Action Committee,Rep. Bob Latta (R),2025-03-22,2500.00
AMERICAN GAS ASSOCIATION,American Gas Association Political Action Committee,Rep. Dusty Johnson (R),2025-03-22,2500.00
AMERICAN GAS ASSOCIATION,American Gas Association Political Action Committee,Rep. Bruce Westerman (R),2025-03-30,1500.00
AMERICAN GAS ASSOCIATION,American Gas Association Political Action Committee,Sen. Lisa Murkowski (R),2025-04-29,1000.00
AMERICAN GAS ASSOCIATION,American Gas Association Political Action Committee,Sen. Lisa Murkowski (R),2025-04-29,2000.00
AMERICAN GAS ASSOCIATION,American Gas Association Political Action Committee,Rep. Jim Clyburn (D),2025-05-26,2500.00
AMERICAN GAS ASSOCIATION,American Gas Association Political Action Committee,Rep. Bennie Thompson (D),2025-05-26,2500.00
AMERICAN GAS ASSOCIATION,American Gas Association Political Action Committee,Rep. Carol Miller (R),2025-05-26,1000.00
AMERICAN GAS ASSOCIATION,American Gas Association Political Action Committee,Rep. Darin LaHood (R),2025-05-26,2000.00
AMERICAN GAS ASSOCIATION,American Gas Association Political Action Committee,Rep. Lloyd Smucker (R),2025-05-26,2500.00
AMERICAN GAS ASSOCIATION,American Gas Association Political Action Committee,Rep. John Moolenaar (R),2025-05-26,1000.00
AMERICAN GAS ASSOCIATION,American Gas Association Political Action Committee,Rep. Nicole Malliotakis (R),2025-05-26,1000.00
AMERICAN GAS ASSOCIATION,American Gas Association Political Action Committee,Rep. Steve Scalise (R),2025-05-26,2500.00
AMERICAN GAS ASSOCIATION,American Gas Association Political Action Committee,"Rep. Troy Carter, Sr. (D)",2025-05-26,2500.00
AMERICAN GAS ASSOCIATION,American Gas Association Political Action Committee,Sen. Cynthia Lummis (R),2025-05-26,1500.00
AMERICAN GAS ASSOCIATION,American Gas Association Political Action Committee,Rep. Cliff Bentz (R),2025-06-01,1000.00
AMERICAN GAS ASSOCIATION,American Gas Association Political Action Committee,Rep. Kim Schrier (D),2025-06-01,1500.00
AMERICAN GAS ASSOCIATION,American Gas Association Political Action Committee,Rep. Mike Simpson (R),2025-06-01,1500.00
AMERICAN GAS ASSOCIATION,American Gas Association Political Action Committee,Rep. Mike Thompson (D),2025-06-01,1000.00
AMERICAN GAS ASSOCIATION,American Gas Association Political Action Committee,Rep. Nathaniel Moran (R),2025-06-01,1000.00
AMERICAN GAS ASSOCIATION,American Gas Association Political Action Committee,Rep. Rick Allen (R),2025-06-01,1000.00
AMERICAN GAS ASSOCIATION,American Gas Association Political Action Committee,Sen. Roger Wicker (R),2025-06-01,5000.00
AMERICAN GAS ASSOCIATION,American Gas Association Political Action Committee,Rep. Ashley Hinson (R),2025-06-16,1000.00
AMERICAN GAS ASSOCIATION,American Gas Association Political Action Committee,Rep. John Joyce (R),2025-06-16,1000.00
AMERICAN GAS ASSOCIATION,American Gas Association Political Action Committee,Rep. Kat Cammack (R),2025-06-16,1000.00
AMERICAN GAS ASSOCIATION,American Gas Association Political Action Committee,Rep. Michael Rulli (R),2025-06-16,2500.00
AMERICAN GAS ASSOCIATION,American Gas Association Political Action Committee,Rep. Pete Stauber (R),2025-06-16,1000.00
AMERICAN GAS ASSOCIATION,American Gas Association Political Action Committee,Rep. Andrew Garbarino (R),2025-06-29,2500.00
AMERICAN GAS ASSOCIATION,American Gas Association Political Action Committee,Rep. Troy Balderson (R),2025-06-16,2500.00
AMERICAN GAS ASSOCIATION,American Gas Association Political Action Committee,Sen. Lindsey Graham (R),2025-06-16,1000.00
AMERICAN GAS ASSOCIATION,American Gas Association Political Action Committee,Sen. Todd Young (R),2025-06-16,2500.00
AMERICAN GAS ASSOCIATION,American Gas Association Political Action Committee,Rep. Marc Veasey (D),2025-06-16,2500.00
AMERICAN GAS ASSOCIATION,American Gas Association Political Action Committee,Sen. Ted Cruz (R),2025-06-16,5000.00
AMERICAN GAS ASSOCIATION,American Gas Association Political Action Committee,Rep. Gabe Evans (R),2025-06-24,1000.00
AMERICAN GAS ASSOCIATION,American Gas Association Political Action Committee,Rep. Jay Obernolte (R),2025-06-24,1000.00
AMERICAN GAS ASSOCIATION,American Gas Association Political Action Committee,Rep. Morgan Griffith (R),2025-06-24,1000.00
AMERICAN GAS ASSOCIATION,American Gas Association Political Action Committee,Rep. Paul Tonko (D),2025-06-24,1000.00
AMERICAN GAS ASSOCIATION,American Gas Association Political Action Committee,Rep. Richard Neal (D),2025-06-24,2000.00
AMERICAN GAS ASSOCIATION,American Gas Association Political Action Committee,DSCC,2025-01-25,5000.00
AMERICAN GAS ASSOCIATION,American Gas Association Political Action Committee,NRCC,2025-01-25,5000.00
AMERICAN GAS ASSOCIATION,American Gas Association Political Action Committee,NRSC,2025-01-25,15000.00
AMERICAN GAS ASSOCIATION,American Gas Association Political Action Committee,"Rep. Richard Hudson, Jr. (R)",2025-02-28,2000.00
AMERICAN GAS ASSOCIATION,American Gas Association Political Action Committee,Rep. Mariannette Miller-Meeks (R),2025-02-28,1000.00
AMERICAN GAS ASSOCIATION,American Gas Association Political Action Committee,Sen. Bill Cassidy (R),2025-02-28,1000.00
AMERICAN GAS ASSOCIATION,American Gas Association Political Action Committee,Republican Mainstreet Partnership PAC,2025-03-05,5000.00
AMERICAN GAS ASSOCIATION,American Gas Association Political Action Committee,Sen. John Thune (R),2025-03-05,5000.00
AMERICAN GAS ASSOCIATION,American Gas Association Political Action Committee,Rep. Jason Smith (R),2025-03-05,2000.00
AMERICAN GAS ASSOCIATION,American Gas Association Political Action Committee,Rep. Mike Carey (R),2025-03-05,1000.00
AMERICAN GAS ASSOCIATION,American Gas Association Political Action Committee,Rep. Tom Cole (R),2025-03-16,5000.00
AMERICAN GAS ASSOCIATION,American Gas Association Political Action Committee,"Rep. Sam Graves, Jr. (R)",2025-03-16,5000.00
AMERICAN GAS ASSOCIATION,American Gas Association Political Action Committee,"Rep. Sam Graves, Jr. (R)",2025-03-16,5000.00
AMERICAN GAS ASSOCIATION,American Gas Association Political Action Committee,CHC BOLD PAC,2025-03-16,5000.00
AMERICAN GAS ASSOCIATION,American Gas Association Political Action Committee,New Democrat Coalition Action Fund,2025-03-16,5000.00
AMERICAN GAS ASSOCIATION,American Gas Association Political Action Committee,Blue Dog Political Action Committee,2025-03-16,5000.00
AMERICAN GAS ASSOCIATION,American Gas Association Political Action Committee,Congressional Black Caucus PAC,2025-03-19,5000.00
AMERICAN GAS ASSOCIATION,American Gas Association Political Action Committee,Sen. Jim Risch (R),2025-03-19,1000.00
AMERICAN GAS ASSOCIATION,American Gas Association Political Action Committee,Rep. Julia Letlow (R),2025-03-22,1000.00
AMERICAN GAS ASSOCIATION,American Gas Association Political Action Committee,Rep. Julie Fedorchak (R),2025-03-22,2500.00
AMERICAN GAS ASSOCIATION,American Gas Association Political Action Committee,Rep. Bob Latta (R),2025-03-22,2500.00
AMERICAN GAS ASSOCIATION,American Gas Association Political Action Committee,Rep. Dusty Johnson (R),2025-03-22,2500.00
AMERICAN GAS ASSOCIATION,American Gas Association Political Action Committee,Rep. Bruce Westerman (R),2025-03-30,1500.00
AMERICAN GAS ASSOCIATION,American Gas Association Political Action Committee,Sen. Lisa Murkowski (R),2025-04-29,1000.00
AMERICAN GAS ASSOCIATION,American Gas Association Political Action Committee,Sen. Lisa Murkowski (R),2025-04-29,2000.00
AMERICAN GAS ASSOCIATION,American Gas Association Political Action Committee,Rep. Jim Clyburn (D),2025-05-26,2500.00
AMERICAN GAS ASSOCIATION,American Gas Association Political Action Committee,Rep. Bennie Thompson (D),2025-05-26,2500.00
AMERICAN GAS ASSOCIATION,American Gas Association Political Action Committee,Rep. Carol Miller (R),2025-05-26,1000.00
AMERICAN GAS ASSOCIATION,American Gas Association Political Action Committee,Rep. Darin LaHood (R),2025-05-26,2000.00
AMERICAN GAS ASSOCIATION,American Gas Association Political Action Committee,Rep. Lloyd Smucker (R),2025-05-26,2500.00
AMERICAN GAS ASSOCIATION,American Gas Association Political Action Committee,Rep. John Moolenaar (R),2025-05-26,1000.00
AMERICAN GAS ASSOCIATION,American Gas Association Political Action Committee,Rep. Nicole Malliotakis (R),2025-05-26,1000.00
AMERICAN GAS ASSOCIATION,American Gas Association Political Action Committee,Rep. Steve Scalise (R),2025-05-26,2500.00
AMERICAN GAS ASSOCIATION,American Gas Association Political Action Committee,"Rep. Troy Carter, Sr. (D)",2025-05-26,2500.00
AMERICAN GAS ASSOCIATION,American Gas Association Political Action Committee,Sen. Cynthia Lummis (R),2025-05-26,1500.00
AMERICAN GAS ASSOCIATION,American Gas Association Political Action Committee,Rep. Cliff Bentz (R),2025-06-01,1000.00
AMERICAN GAS ASSOCIATION,American Gas Association Political Action Committee,Rep. Kim Schrier (D),2025-06-01,1500.00
AMERICAN GAS ASSOCIATION,American Gas Association Political Action Committee,Rep. Mike Simpson (R),2025-06-01,1500.00
AMERICAN GAS ASSOCIATION,American Gas Association Political Action Committee,Rep. Mike Thompson (D),2025-06-01,1000.00
AMERICAN GAS ASSOCIATION,American Gas Association Political Action Committee,Rep. Nathaniel Moran (R),2025-06-01,1000.00
AMERICAN GAS ASSOCIATION,American Gas Association Political Action Committee,Rep. Rick Allen (R),2025-06-01,1000.00
AMERICAN GAS ASSOCIATION,American Gas Association Political Action Committee,Sen. Roger Wicker (R),2025-06-01,5000.00
AMERICAN GAS ASSOCIATION,American Gas Association Political Action Committee,Rep. Ashley Hinson (R),2025-06-16,1000.00
AMERICAN GAS ASSOCIATION,American Gas Association Political Action Committee,Rep. John Joyce (R),2025-06-16,1000.00
AMERICAN GAS ASSOCIATION,American Gas Association Political Action Committee,Rep. Kat Cammack (R),2025-06-16,1000.00
AMERICAN GAS ASSOCIATION,American Gas Association Political Action Committee,Rep. Michael Rulli (R),2025-06-16,2500.00
AMERICAN GAS ASSOCIATION,American Gas Association Political Action Committee,Rep. Pete Stauber (R),2025-06-16,1000.00
AMERICAN GAS ASSOCIATION,American Gas Association Political Action Committee,Rep. Andrew Garbarino (R),2025-06-29,2500.00
AMERICAN GAS ASSOCIATION,American Gas Association Political Action Committee,Rep. Troy Balderson (R),2025-06-16,2500.00
AMERICAN GAS ASSOCIATION,American Gas Association Political Action Committee,Sen. Lindsey Graham (R),2025-06-16,1000.00
AMERICAN GAS ASSOCIATION,American Gas Association Political Action Committee,Sen. Todd Young (R),2025-06-16,2500.00
AMERICAN GAS ASSOCIATION,American Gas Association Political Action Committee,Rep. Marc Veasey (D),2025-06-16,2500.00
AMERICAN GAS ASSOCIATION,American Gas Association Political Action Committee,Sen. Ted Cruz (R),2025-06-16,5000.00
AMERICAN GAS ASSOCIATION,American Gas Association Political Action Committee,Rep. Gabe Evans (R),2025-06-24,1000.00
AMERICAN GAS ASSOCIATION,American Gas Association Political Action Committee,Rep. Jay Obernolte (R),2025-06-24,1000.00
AMERICAN GAS ASSOCIATION,American Gas Association Political Action Committee,Rep. Morgan Griffith (R),2025-06-24,1000.00
AMERICAN GAS ASSOCIATION,American Gas Association Political Action Committee,Rep. Paul Tonko (D),2025-06-24,1000.00
AMERICAN GAS ASSOCIATION,American Gas Association Political Action Committee,Rep. Richard Neal (D),2025-06-24,2000.00
AMERICAN GAS ASSOCIATION,American Gas Association Political Action Committee,DSCC,2025-01-25,5000.00
AMERICAN GAS ASSOCIATION,American Gas Association Political Action Committee,NRCC,2025-01-25,5000.00
AMERICAN GAS ASSOCIATION,American Gas Association Political Action Committee,NRSC,2025-01-25,15000.00
AMERICAN GAS ASSOCIATION,American Gas Association Political Action Committee,"Rep. Richard Hudson, Jr. (R)",2025-02-28,2000.00
AMERICAN GAS ASSOCIATION,American Gas Association Political Action Committee,Rep. Mariannette Miller-Meeks (R),2025-02-28,1000.00
AMERICAN GAS ASSOCIATION,American Gas Association Political Action Committee,Sen. Bill Cassidy (R),2025-02-28,1000.00
AMERICAN GAS ASSOCIATION,American Gas Association Political Action Committee,Republican Mainstreet Partnership PAC,2025-03-05,5000.00
AMERICAN GAS ASSOCIATION,American Gas Association Political Action Committee,Sen. John Thune (R),2025-03-05,5000.00
AMERICAN GAS ASSOCIATION,American Gas Association Political Action Committee,Rep. Jason Smith (R),2025-03-05,2000.00
AMERICAN GAS ASSOCIATION,American Gas Association Political Action Committee,Rep. Mike Carey (R),2025-03-05,1000.00
AMERICAN GAS ASSOCIATION,American Gas Association Political Action Committee,Rep. Tom Cole (R),2025-03-16,5000.00
AMERICAN GAS ASSOCIATION,American Gas Association Political Action Committee,"Rep. Sam Graves, Jr. (R)",2025-03-16,5000.00
AMERICAN GAS ASSOCIATION,American Gas Association Political Action Committee,"Rep. Sam Graves, Jr. (R)",2025-03-16,5000.00
AMERICAN GAS ASSOCIATION,American Gas Association Political Action Committee,CHC BOLD PAC,2025-03-16,5000.00
AMERICAN GAS ASSOCIATION,American Gas Association Political Action Committee,New Democrat Coalition Action Fund,2025-03-16,5000.00
AMERICAN GAS ASSOCIATION,American Gas Association Political Action Committee,Blue Dog Political Action Committee,2025-03-16,5000.00
AMERICAN GAS ASSOCIATION,American Gas Association Political Action Committee,Congressional Black Caucus PAC,2025-03-19,5000.00
AMERICAN GAS ASSOCIATION,American Gas Association Political Action Committee,Sen. Jim Risch (R),2025-03-19,1000.00
AMERICAN GAS ASSOCIATION,American Gas Association Political Action Committee,Rep. Julia Letlow (R),2025-03-22,1000.00
AMERICAN GAS ASSOCIATION,American Gas Association Political Action Committee,Rep. Julie Fedorchak (R),2025-03-22,2500.00
AMERICAN GAS ASSOCIATION,American Gas Association Political Action Committee,Rep. Bob Latta (R),2025-03-22,2500.00
AMERICAN GAS ASSOCIATION,American Gas Association Political Action Committee,Rep. Dusty Johnson (R),2025-03-22,2500.00
AMERICAN GAS ASSOCIATION,American Gas Association Political Action Committee,Rep. Bruce Westerman (R),2025-03-30,1500.00
AMERICAN GAS ASSOCIATION,American Gas Association Political Action Committee,Sen. Lisa Murkowski (R),2025-04-29,1000.00
AMERICAN GAS ASSOCIATION,American Gas Association Political Action Committee,Sen. Lisa Murkowski (R),2025-04-29,2000.00
AMERICAN GAS ASSOCIATION,American Gas Association Political Action Committee,Rep. Jim Clyburn (D),2025-05-26,2500.00
AMERICAN GAS ASSOCIATION,American Gas Association Political Action Committee,Rep. Bennie Thompson (D),2025-05-26,2500.00
AMERICAN GAS ASSOCIATION,American Gas Association Political Action Committee,Rep. Carol Miller (R),2025-05-26,1000.00
AMERICAN GAS ASSOCIATION,American Gas Association Political Action Committee,Rep. Darin LaHood (R),2025-05-26,2000.00
AMERICAN GAS ASSOCIATION,American Gas Association Political Action Committee,Rep. Lloyd Smucker (R),2025-05-26,2500.00
AMERICAN GAS ASSOCIATION,American Gas Association Political Action Committee,Rep. John Moolenaar (R),2025-05-26,1000.00
AMERICAN GAS ASSOCIATION,American Gas Association Political Action Committee,Rep. Nicole Malliotakis (R),2025-05-26,1000.00
AMERICAN GAS ASSOCIATION,American Gas Association Political Action Committee,Rep. Steve Scalise (R),2025-05-26,2500.00
AMERICAN GAS ASSOCIATION,American Gas Association Political Action Committee,"Rep. Troy Carter, Sr. (D)",2025-05-26,2500.00
AMERICAN GAS ASSOCIATION,American Gas Association Political Action Committee,Sen. Cynthia Lummis (R),2025-05-26,1500.00
AMERICAN GAS ASSOCIATION,American Gas Association Political Action Committee,Rep. Cliff Bentz (R),2025-06-01,1000.00
AMERICAN GAS ASSOCIATION,American Gas Association Political Action Committee,Rep. Kim Schrier (D),2025-06-01,1500.00
AMERICAN GAS ASSOCIATION,American Gas Association Political Action Committee,Rep. Mike Simpson (R),2025-06-01,1500.00
AMERICAN GAS ASSOCIATION,American Gas Association Political Action Committee,Rep. Mike Thompson (D),2025-06-01,1000.00
AMERICAN GAS ASSOCIATION,American Gas Association Political Action Committee,Rep. Nathaniel Moran (R),2025-06-01,1000.00
AMERICAN GAS ASSOCIATION,American Gas Association Political Action Committee,Rep. Rick Allen (R),2025-06-01,1000.00
AMERICAN GAS ASSOCIATION,American Gas Association Political Action Committee,Sen. Roger Wicker (R),2025-06-01,5000.00
AMERICAN GAS ASSOCIATION,American Gas Association Political Action Committee,Rep. Ashley Hinson (R),2025-06-16,1000.00
AMERICAN GAS ASSOCIATION,American Gas Association Political Action Committee,Rep. John Joyce (R),2025-06-16,1000.00
AMERICAN GAS ASSOCIATION,American Gas Association Political Action Committee,Rep. Kat Cammack (R),2025-06-16,1000.00
AMERICAN GAS ASSOCIATION,American Gas Association Political Action Committee,Rep. Michael Rulli (R),2025-06-16,2500.00
AMERICAN GAS ASSOCIATION,American Gas Association Political Action Committee,Rep. Pete Stauber (R),2025-06-16,1000.00
AMERICAN GAS ASSOCIATION,American Gas Association Political Action Committee,Rep. Andrew Garbarino (R),2025-06-29,2500.00
AMERICAN GAS ASSOCIATION,American Gas Association Political Action Committee,Rep. Troy Balderson (R),2025-06-16,2500.00
AMERICAN GAS ASSOCIATION,American Gas Association Political Action Committee,Sen. Lindsey Graham (R),2025-06-16,1000.00
AMERICAN GAS ASSOCIATION,American Gas Association Political Action Committee,Sen. Todd Young (R),2025-06-16,2500.00
AMERICAN GAS ASSOCIATION,American Gas Association Political Action Committee,Rep. Marc Veasey (D),2025-06-16,2500.00
AMERICAN GAS ASSOCIATION,American Gas Association Political Action Committee,Sen. Ted Cruz (R),2025-06-16,5000.00
AMERICAN GAS ASSOCIATION,American Gas Association Political Action Committee,Rep. Gabe Evans (R),2025-06-24,1000.00
AMERICAN GAS ASSOCIATION,American Gas Association Political Action Committee,Rep. Jay Obernolte (R),2025-06-24,1000.00
AMERICAN GAS ASSOCIATION,American Gas Association Political Action Committee,Rep. Morgan Griffith (R),2025-06-24,1000.00
AMERICAN GAS ASSOCIATION,American Gas Association Political Action Committee,Rep. Paul Tonko (D),2025-06-24,1000.00
AMERICAN GAS ASSOCIATION,American Gas Association Political Action Committee,Rep. Richard Neal (D),2025-06-24,2000.00
AMERICAN GAS ASSOCIATION,American Gas Association Political Action Committee,DSCC,2025-01-25,5000.00
AMERICAN GAS ASSOCIATION,American Gas Association Political Action Committee,NRCC,2025-01-25,5000.00
AMERICAN GAS ASSOCIATION,American Gas Association Political Action Committee,NRSC,2025-01-25,15000.00
AMERICAN GAS ASSOCIATION,American Gas Association Political Action Committee,"Rep. Richard Hudson, Jr. (R)",2025-02-28,2000.00
AMERICAN GAS ASSOCIATION,American Gas Association Political Action Committee,Rep. Mariannette Miller-Meeks (R),2025-02-28,1000.00
AMERICAN GAS ASSOCIATION,American Gas Association Political Action Committee,Sen. Bill Cassidy (R),2025-02-28,1000.00
AMERICAN GAS ASSOCIATION,American Gas Association Political Action Committee,Republican Mainstreet Partnership PAC,2025-03-05,5000.00
AMERICAN GAS ASSOCIATION,American Gas Association Political Action Committee,Sen. John Thune (R),2025-03-05,5000.00
AMERICAN GAS ASSOCIATION,American Gas Association Political Action Committee,Rep. Jason Smith (R),2025-03-05,2000.00
AMERICAN GAS ASSOCIATION,American Gas Association Political Action Committee,Rep. Mike Carey (R),2025-03-05,1000.00
AMERICAN GAS ASSOCIATION,American Gas Association Political Action Committee,Rep. Tom Cole (R),2025-03-16,5000.00
AMERICAN GAS ASSOCIATION,American Gas Association Political Action Committee,"Rep. Sam Graves, Jr. (R)",2025-03-16,5000.00
AMERICAN GAS ASSOCIATION,American Gas Association Political Action Committee,"Rep. Sam Graves, Jr. (R)",2025-03-16,5000.00
AMERICAN GAS ASSOCIATION,American Gas Association Political Action Committee,CHC BOLD PAC,2025-03-16,5000.00
AMERICAN GAS ASSOCIATION,American Gas Association Political Action Committee,New Democrat Coalition Action Fund,2025-03-16,5000.00
AMERICAN GAS ASSOCIATION,American Gas Association Political Action Committee,Blue Dog Political Action Committee,2025-03-16,5000.00
AMERICAN GAS ASSOCIATION,American Gas Association Political Action Committee,Congressional Black Caucus PAC,2025-03-19,5000.00
AMERICAN GAS ASSOCIATION,American Gas Association Political Action Committee,Sen. Jim Risch (R),2025-03-19,1000.00
AMERICAN GAS ASSOCIATION,American Gas Association Political Action Committee,Rep. Julia Letlow (R),2025-03-22,1000.00
AMERICAN GAS ASSOCIATION,American Gas Association Political Action Committee,Rep. Julie Fedorchak (R),2025-03-22,2500.00
AMERICAN GAS ASSOCIATION,American Gas Association Political Action Committee,Rep. Bob Latta (R),2025-03-22,2500.00
AMERICAN GAS ASSOCIATION,American Gas Association Political Action Committee,Rep. Dusty Johnson (R),2025-03-22,2500.00
AMERICAN GAS ASSOCIATION,American Gas Association Political Action Committee,Rep. Bruce Westerman (R),2025-03-30,1500.00
AMERICAN GAS ASSOCIATION,American Gas Association Political Action Committee,Sen. Lisa Murkowski (R),2025-04-29,1000.00
AMERICAN GAS ASSOCIATION,American Gas Association Political Action Committee,Sen. Lisa Murkowski (R),2025-04-29,2000.00
AMERICAN GAS ASSOCIATION,American Gas Association Political Action Committee,Rep. Jim Clyburn (D),2025-05-26,2500.00
AMERICAN GAS ASSOCIATION,American Gas Association Political Action Committee,Rep. Bennie Thompson (D),2025-05-26,2500.00
AMERICAN GAS ASSOCIATION,American Gas Association Political Action Committee,Rep. Carol Miller (R),2025-05-26,1000.00
AMERICAN GAS ASSOCIATION,American Gas Association Political Action Committee,Rep. Darin LaHood (R),2025-05-26,2000.00
AMERICAN GAS ASSOCIATION,American Gas Association Political Action Committee,Rep. Lloyd Smucker (R),2025-05-26,2500.00
AMERICAN GAS ASSOCIATION,American Gas Association Political Action Committee,Rep. John Moolenaar (R),2025-05-26,1000.00
AMERICAN GAS ASSOCIATION,American Gas Association Political Action Committee,Rep. Nicole Malliotakis (R),2025-05-26,1000.00
AMERICAN GAS ASSOCIATION,American Gas Association Political Action Committee,Rep. Steve Scalise (R),2025-05-26,2500.00
AMERICAN GAS ASSOCIATION,American Gas Association Political Action Committee,"Rep. Troy Carter, Sr. (D)",2025-05-26,2500.00
AMERICAN GAS ASSOCIATION,American Gas Association Political Action Committee,Sen. Cynthia Lummis (R),2025-05-26,1500.00
AMERICAN GAS ASSOCIATION,American Gas Association Political Action Committee,Rep. Cliff Bentz (R),2025-06-01,1000.00
AMERICAN GAS ASSOCIATION,American Gas Association Political Action Committee,Rep. Kim Schrier (D),2025-06-01,1500.00
AMERICAN GAS ASSOCIATION,American Gas Association Political Action Committee,Rep. Mike Simpson (R),2025-06-01,1500.00
AMERICAN GAS ASSOCIATION,American Gas Association Political Action Committee,Rep. Mike Thompson (D),2025-06-01,1000.00
AMERICAN GAS ASSOCIATION,American Gas Association Political Action Committee,Rep. Nathaniel Moran (R),2025-06-01,1000.00
AMERICAN GAS ASSOCIATION,American Gas Association Political Action Committee,Rep. Rick Allen (R),2025-06-01,1000.00
AMERICAN GAS ASSOCIATION,American Gas Association Political Action Committee,Sen. Roger Wicker (R),2025-06-01,5000.00
AMERICAN GAS ASSOCIATION,American Gas Association Political Action Committee,Rep. Ashley Hinson (R),2025-06-16,1000.00
AMERICAN GAS ASSOCIATION,American Gas Association Political Action Committee,Rep. John Joyce (R),2025-06-16,1000.00
AMERICAN GAS ASSOCIATION,American Gas Association Political Action Committee,Rep. Kat Cammack (R),2025-06-16,1000.00
AMERICAN GAS ASSOCIATION,American Gas Association Political Action Committee,Rep. Michael Rulli (R),2025-06-16,2500.00
AMERICAN GAS ASSOCIATION,American Gas Association Political Action Committee,Rep. Pete Stauber (R),2025-06-16,1000.00
AMERICAN GAS ASSOCIATION,American Gas Association Political Action Committee,Rep. Andrew Garbarino (R),2025-06-29,2500.00
AMERICAN GAS ASSOCIATION,American Gas Association Political Action Committee,Rep. Troy Balderson (R),2025-06-16,2500.00
AMERICAN GAS ASSOCIATION,American Gas Association Political Action Committee,Sen. Lindsey Graham (R),2025-06-16,1000.00
AMERICAN GAS ASSOCIATION,American Gas Association Political Action Committee,Sen. Todd Young (R),2025-06-16,2500.00
AMERICAN GAS ASSOCIATION,American Gas Association Political Action Committee,Rep. Marc Veasey (D),2025-06-16,2500.00
AMERICAN GAS ASSOCIATION,American Gas Association Political Action Committee,Sen. Ted Cruz (R),2025-06-16,5000.00
AMERICAN GAS ASSOCIATION,American Gas Association Political Action Committee,Rep. Gabe Evans (R),2025-06-24,1000.00
AMERICAN GAS ASSOCIATION,American Gas Association Political Action Committee,Rep. Jay Obernolte (R),2025-06-24,1000.00
AMERICAN GAS ASSOCIATION,American Gas Association Political Action Committee,Rep. Morgan Griffith (R),2025-06-24,1000.00
AMERICAN GAS ASSOCIATION,American Gas Association Political Action Committee,Rep. Paul Tonko (D),2025-06-24,1000.00
AMERICAN GAS ASSOCIATION,American Gas Association Political Action Committee,Rep. Richard Neal (D),2025-06-24,2000.00
AMERICAN GAS ASSOCIATION,American Gas Association Political Action Committee,DSCC,2025-01-25,5000.00
AMERICAN GAS ASSOCIATION,American Gas Association Political Action Committee,NRCC,2025-01-25,5000.00
AMERICAN GAS ASSOCIATION,American Gas Association Political Action Committee,NRSC,2025-01-25,15000.00
AMERICAN GAS ASSOCIATION,American Gas Association Political Action Committee,"Rep. Richard Hudson, Jr. (R)",2025-02-28,2000.00
AMERICAN GAS ASSOCIATION,American Gas Association Political Action Committee,Rep. Mariannette Miller-Meeks (R),2025-02-28,1000.00
AMERICAN GAS ASSOCIATION,American Gas Association Political Action Committee,Sen. Bill Cassidy (R),2025-02-28,1000.00
AMERICAN GAS ASSOCIATION,American Gas Association Political Action Committee,Republican Mainstreet Partnership PAC,2025-03-05,5000.00
AMERICAN GAS ASSOCIATION,American Gas Association Political Action Committee,Sen. John Thune (R),2025-03-05,5000.00
AMERICAN GAS ASSOCIATION,American Gas Association Political Action Committee,Rep. Jason Smith (R),2025-03-05,2000.00
AMERICAN GAS ASSOCIATION,American Gas Association Political Action Committee,Rep. Mike Carey (R),2025-03-05,1000.00
AMERICAN GAS ASSOCIATION,American Gas Association Political Action Committee,Rep. Tom Cole (R),2025-03-16,5000.00
AMERICAN GAS ASSOCIATION,American Gas Association Political Action Committee,"Rep. Sam Graves, Jr. (R)",2025-03-16,5000.00
AMERICAN GAS ASSOCIATION,American Gas Association Political Action Committee,"Rep. Sam Graves, Jr. (R)",2025-03-16,5000.00
AMERICAN GAS ASSOCIATION,American Gas Association Political Action Committee,CHC BOLD PAC,2025-03-16,5000.00
AMERICAN GAS ASSOCIATION,American Gas Association Political Action Committee,New Democrat Coalition Action Fund,2025-03-16,5000.00
AMERICAN GAS ASSOCIATION,American Gas Association Political Action Committee,Blue Dog Political Action Committee,2025-03-16,5000.00
AMERICAN GAS ASSOCIATION,American Gas Association Political Action Committee,Congressional Black Caucus PAC,2025-03-19,5000.00
AMERICAN GAS ASSOCIATION,American Gas Association Political Action Committee,Sen. Jim Risch (R),2025-03-19,1000.00
AMERICAN GAS ASSOCIATION,American Gas Association Political Action Committee,Rep. Julia Letlow (R),2025-03-22,1000.00
AMERICAN GAS ASSOCIATION,American Gas Association Political Action Committee,Rep. Julie Fedorchak (R),2025-03-22,2500.00
AMERICAN GAS ASSOCIATION,American Gas Association Political Action Committee,Rep. Bob Latta (R),2025-03-22,2500.00
AMERICAN GAS ASSOCIATION,American Gas Association Political Action Committee,Rep. Dusty Johnson (R),2025-03-22,2500.00
AMERICAN GAS ASSOCIATION,American Gas Association Political Action Committee,Rep. Bruce Westerman (R),2025-03-30,1500.00
AMERICAN GAS ASSOCIATION,American Gas Association Political Action Committee,Sen. Lisa Murkowski (R),2025-04-29,1000.00
AMERICAN GAS ASSOCIATION,American Gas Association Political Action Committee,Sen. Lisa Murkowski (R),2025-04-29,2000.00
AMERICAN GAS ASSOCIATION,American Gas Association Political Action Committee,Rep. Jim Clyburn (D),2025-05-26,2500.00
AMERICAN GAS ASSOCIATION,American Gas Association Political Action Committee,Rep. Bennie Thompson (D),2025-05-26,2500.00
AMERICAN GAS ASSOCIATION,American Gas Association Political Action Committee,Rep. Carol Miller (R),2025-05-26,1000.00
AMERICAN GAS ASSOCIATION,American Gas Association Political Action Committee,Rep. Darin LaHood (R),2025-05-26,2000.00
AMERICAN GAS ASSOCIATION,American Gas Association Political Action Committee,Rep. Lloyd Smucker (R),2025-05-26,2500.00
AMERICAN GAS ASSOCIATION,American Gas Association Political Action Committee,Rep. John Moolenaar (R),2025-05-26,1000.00
AMERICAN GAS ASSOCIATION,American Gas Association Political Action Committee,Rep. Nicole Malliotakis (R),2025-05-26,1000.00
AMERICAN GAS ASSOCIATION,American Gas Association Political Action Committee,Rep. Steve Scalise (R),2025-05-26,2500.00
AMERICAN GAS ASSOCIATION,American Gas Association Political Action Committee,"Rep. Troy Carter, Sr. (D)",2025-05-26,2500.00
AMERICAN GAS ASSOCIATION,American Gas Association Political Action Committee,Sen. Cynthia Lummis (R),2025-05-26,1500.00
AMERICAN GAS ASSOCIATION,American Gas Association Political Action Committee,Rep. Cliff Bentz (R),2025-06-01,1000.00
AMERICAN GAS ASSOCIATION,American Gas Association Political Action Committee,Rep. Kim Schrier (D),2025-06-01,1500.00
AMERICAN GAS ASSOCIATION,American Gas Association Political Action Committee,Rep. Mike Simpson (R),2025-06-01,1500.00
AMERICAN GAS ASSOCIATION,American Gas Association Political Action Committee,Rep. Mike Thompson (D),2025-06-01,1000.00
AMERICAN GAS ASSOCIATION,American Gas Association Political Action Committee,Rep. Nathaniel Moran (R),2025-06-01,1000.00
AMERICAN GAS ASSOCIATION,American Gas Association Political Action Committee,Rep. Rick Allen (R),2025-06-01,1000.00
AMERICAN GAS ASSOCIATION,American Gas Association Political Action Committee,Sen. Roger Wicker (R),2025-06-01,5000.00
AMERICAN GAS ASSOCIATION,American Gas Association Political Action Committee,Rep. Ashley Hinson (R),2025-06-16,1000.00
AMERICAN GAS ASSOCIATION,American Gas Association Political Action Committee,Rep. John Joyce (R),2025-06-16,1000.00
AMERICAN GAS ASSOCIATION,American Gas Association Political Action Committee,Rep. Kat Cammack (R),2025-06-16,1000.00
AMERICAN GAS ASSOCIATION,American Gas Association Political Action Committee,Rep. Michael Rulli (R),2025-06-16,2500.00
AMERICAN GAS ASSOCIATION,American Gas Association Political Action Committee,Rep. Pete Stauber (R),2025-06-16,1000.00
AMERICAN GAS ASSOCIATION,American Gas Association Political Action Committee,Rep. Andrew Garbarino (R),2025-06-29,2500.00
AMERICAN GAS ASSOCIATION,American Gas Association Political Action Committee,Rep. Troy Balderson (R),2025-06-16,2500.00
AMERICAN GAS ASSOCIATION,American Gas Association Political Action Committee,Sen. Lindsey Graham (R),2025-06-16,1000.00
AMERICAN GAS ASSOCIATION,American Gas Association Political Action Committee,Sen. Todd Young (R),2025-06-16,2500.00
AMERICAN GAS ASSOCIATION,American Gas Association Political Action Committee,Rep. Marc Veasey (D),2025-06-16,2500.00
AMERICAN GAS ASSOCIATION,American Gas Association Political Action Committee,Sen. Ted Cruz (R),2025-06-16,5000.00
AMERICAN GAS ASSOCIATION,American Gas Association Political Action Committee,Rep. Gabe Evans (R),2025-06-24,1000.00
AMERICAN GAS ASSOCIATION,American Gas Association Political Action Committee,Rep. Jay Obernolte (R),2025-06-24,1000.00
AMERICAN GAS ASSOCIATION,American Gas Association Political Action Committee,Rep. Morgan Griffith (R),2025-06-24,1000.00
AMERICAN GAS ASSOCIATION,American Gas Association Political Action Committee,Rep. Paul Tonko (D),2025-06-24,1000.00
AMERICAN GAS ASSOCIATION,American Gas Association Political Action Committee,Rep. Richard Neal (D),2025-06-24,2000.00
AMERICAN GAS ASSOCIATION,American Gas Association Political Action Committee,DSCC,2025-01-25,5000.00
AMERICAN GAS ASSOCIATION,American Gas Association Political Action Committee,NRCC,2025-01-25,5000.00
AMERICAN GAS ASSOCIATION,American Gas Association Political Action Committee,NRSC,2025-01-25,15000.00
AMERICAN GAS ASSOCIATION,American Gas Association Political Action Committee,"Rep. Richard Hudson, Jr. (R)",2025-02-28,2000.00
AMERICAN GAS ASSOCIATION,American Gas Association Political Action Committee,Rep. Mariannette Miller-Meeks (R),2025-02-28,1000.00
AMERICAN GAS ASSOCIATION,American Gas Association Political Action Committee,Sen. Bill Cassidy (R),2025-02-28,1000.00
AMERICAN GAS ASSOCIATION,American Gas Association Political Action Committee,Republican Mainstreet Partnership PAC,2025-03-05,5000.00
AMERICAN GAS ASSOCIATION,American Gas Association Political Action Committee,Sen. John Thune (R),2025-03-05,5000.00
AMERICAN GAS ASSOCIATION,American Gas Association Political Action Committee,Rep. Jason Smith (R),2025-03-05,2000.00
AMERICAN GAS ASSOCIATION,American Gas Association Political Action Committee,Rep. Mike Carey (R),2025-03-05,1000.00
AMERICAN GAS ASSOCIATION,American Gas Association Political Action Committee,Rep. Tom Cole (R),2025-03-16,5000.00
AMERICAN GAS ASSOCIATION,American Gas Association Political Action Committee,"Rep. Sam Graves, Jr. (R)",2025-03-16,5000.00
AMERICAN GAS ASSOCIATION,American Gas Association Political Action Committee,"Rep. Sam Graves, Jr. (R)",2025-03-16,5000.00
AMERICAN GAS ASSOCIATION,American Gas Association Political Action Committee,CHC BOLD PAC,2025-03-16,5000.00
AMERICAN GAS ASSOCIATION,American Gas Association Political Action Committee,New Democrat Coalition Action Fund,2025-03-16,5000.00
AMERICAN GAS ASSOCIATION,American Gas Association Political Action Committee,Blue Dog Political Action Committee,2025-03-16,5000.00
AMERICAN GAS ASSOCIATION,American Gas Association Political Action Committee,Congressional Black Caucus PAC,2025-03-19,5000.00
AMERICAN GAS ASSOCIATION,American Gas Association Political Action Committee,Sen. Jim Risch (R),2025-03-19,1000.00
AMERICAN GAS ASSOCIATION,American Gas Association Political Action Committee,Rep. Julia Letlow (R),2025-03-22,1000.00
AMERICAN GAS ASSOCIATION,American Gas Association Political Action Committee,Rep. Julie Fedorchak (R),2025-03-22,2500.00
AMERICAN GAS ASSOCIATION,American Gas Association Political Action Committee,Rep. Bob Latta (R),2025-03-22,2500.00
AMERICAN GAS ASSOCIATION,American Gas Association Political Action Committee,Rep. Dusty Johnson (R),2025-03-22,2500.00
AMERICAN GAS ASSOCIATION,American Gas Association Political Action Committee,Rep. Bruce Westerman (R),2025-03-30,1500.00
AMERICAN GAS ASSOCIATION,American Gas Association Political Action Committee,Sen. Lisa Murkowski (R),2025-04-29,1000.00
AMERICAN GAS ASSOCIATION,American Gas Association Political Action Committee,Sen. Lisa Murkowski (R),2025-04-29,2000.00
AMERICAN GAS ASSOCIATION,American Gas Association Political Action Committee,Rep. Jim Clyburn (D),2025-05-26,2500.00
AMERICAN GAS ASSOCIATION,American Gas Association Political Action Committee,Rep. Bennie Thompson (D),2025-05-26,2500.00
AMERICAN GAS ASSOCIATION,American Gas Association Political Action Committee,Rep. Carol Miller (R),2025-05-26,1000.00
AMERICAN GAS ASSOCIATION,American Gas Association Political Action Committee,Rep. Darin LaHood (R),2025-05-26,2000.00
AMERICAN GAS ASSOCIATION,American Gas Association Political Action Committee,Rep. Lloyd Smucker (R),2025-05-26,2500.00
AMERICAN GAS ASSOCIATION,American Gas Association Political Action Committee,Rep. John Moolenaar (R),2025-05-26,1000.00
AMERICAN GAS ASSOCIATION,American Gas Association Political Action Committee,Rep. Nicole Malliotakis (R),2025-05-26,1000.00
AMERICAN GAS ASSOCIATION,American Gas Association Political Action Committee,Rep. Steve Scalise (R),2025-05-26,2500.00
AMERICAN GAS ASSOCIATION,American Gas Association Political Action Committee,"Rep. Troy Carter, Sr. (D)",2025-05-26,2500.00
AMERICAN GAS ASSOCIATION,American Gas Association Political Action Committee,Sen. Cynthia Lummis (R),2025-05-26,1500.00
AMERICAN GAS ASSOCIATION,American Gas Association Political Action Committee,Rep. Cliff Bentz (R),2025-06-01,1000.00
AMERICAN GAS ASSOCIATION,American Gas Association Political Action Committee,Rep. Kim Schrier (D),2025-06-01,1500.00
AMERICAN GAS ASSOCIATION,American Gas Association Political Action Committee,Rep. Mike Simpson (R),2025-06-01,1500.00
AMERICAN GAS ASSOCIATION,American Gas Association Political Action Committee,Rep. Mike Thompson (D),2025-06-01,1000.00
AMERICAN GAS ASSOCIATION,American Gas Association Political Action Committee,Rep. Nathaniel Moran (R),2025-06-01,1000.00
AMERICAN GAS ASSOCIATION,American Gas Association Political Action Committee,Rep. Rick Allen (R),2025-06-01,1000.00
AMERICAN GAS ASSOCIATION,American Gas Association Political Action Committee,Sen. Roger Wicker (R),2025-06-01,5000.00
AMERICAN GAS ASSOCIATION,American Gas Association Political Action Committee,Rep. Ashley Hinson (R),2025-06-16,1000.00
AMERICAN GAS ASSOCIATION,American Gas Association Political Action Committee,Rep. John Joyce (R),2025-06-16,1000.00
AMERICAN GAS ASSOCIATION,American Gas Association Political Action Committee,Rep. Kat Cammack (R),2025-06-16,1000.00
AMERICAN GAS ASSOCIATION,American Gas Association Political Action Committee,Rep. Michael Rulli (R),2025-06-16,2500.00
AMERICAN GAS ASSOCIATION,American Gas Association Political Action Committee,Rep. Pete Stauber (R),2025-06-16,1000.00
AMERICAN GAS ASSOCIATION,American Gas Association Political Action Committee,Rep. Andrew Garbarino (R),2025-06-29,2500.00
AMERICAN GAS ASSOCIATION,American Gas Association Political Action Committee,Rep. Troy Balderson (R),2025-06-16,2500.00
AMERICAN GAS ASSOCIATION,American Gas Association Political Action Committee,Sen. Lindsey Graham (R),2025-06-16,1000.00
AMERICAN GAS ASSOCIATION,American Gas Association Political Action Committee,Sen. Todd Young (R),2025-06-16,2500.00
AMERICAN GAS ASSOCIATION,American Gas Association Political Action Committee,Rep. Marc Veasey (D),2025-06-16,2500.00
AMERICAN GAS ASSOCIATION,American Gas Association Political Action Committee,Sen. Ted Cruz (R),2025-06-16,5000.00
AMERICAN GAS ASSOCIATION,American Gas Association Political Action Committee,Rep. Gabe Evans (R),2025-06-24,1000.00
AMERICAN GAS ASSOCIATION,American Gas Association Political Action Committee,Rep. Jay Obernolte (R),2025-06-24,1000.00
AMERICAN GAS ASSOCIATION,American Gas Association Political Action Committee,Rep. Morgan Griffith (R),2025-06-24,1000.00
AMERICAN GAS ASSOCIATION,American Gas Association Political Action Committee,Rep. Paul Tonko (D),2025-06-24,1000.00
AMERICAN GAS ASSOCIATION,American Gas Association Political Action Committee,Rep. Richard Neal (D),2025-06-24,2000.00
AMERICAN GAS ASSOCIATION,American Gas Association Political Action Committee,DSCC,2025-01-25,5000.00
AMERICAN GAS ASSOCIATION,American Gas Association Political Action Committee,NRCC,2025-01-25,5000.00
AMERICAN GAS ASSOCIATION,American Gas Association Political Action Committee,NRSC,2025-01-25,15000.00
AMERICAN GAS ASSOCIATION,American Gas Association Political Action Committee,"Rep. Richard Hudson, Jr. (R)",2025-02-28,2000.00
AMERICAN GAS ASSOCIATION,American Gas Association Political Action Committee,Rep. Mariannette Miller-Meeks (R),2025-02-28,1000.00
AMERICAN GAS ASSOCIATION,American Gas Association Political Action Committee,Sen. Bill Cassidy (R),2025-02-28,1000.00
AMERICAN GAS ASSOCIATION,American Gas Association Political Action Committee,Republican Mainstreet Partnership PAC,2025-03-05,5000.00
AMERICAN GAS ASSOCIATION,American Gas Association Political Action Committee,Sen. John Thune (R),2025-03-05,5000.00
AMERICAN GAS ASSOCIATION,American Gas Association Political Action Committee,Rep. Jason Smith (R),2025-03-05,2000.00
AMERICAN GAS ASSOCIATION,American Gas Association Political Action Committee,Rep. Mike Carey (R),2025-03-05,1000.00
AMERICAN GAS ASSOCIATION,American Gas Association Political Action Committee,Rep. Tom Cole (R),2025-03-16,5000.00
AMERICAN GAS ASSOCIATION,American Gas Association Political Action Committee,"Rep. Sam Graves, Jr. (R)",2025-03-16,5000.00
AMERICAN GAS ASSOCIATION,American Gas Association Political Action Committee,"Rep. Sam Graves, Jr. (R)",2025-03-16,5000.00
AMERICAN GAS ASSOCIATION,American Gas Association Political Action Committee,CHC BOLD PAC,2025-03-16,5000.00
AMERICAN GAS ASSOCIATION,American Gas Association Political Action Committee,New Democrat Coalition Action Fund,2025-03-16,5000.00
AMERICAN GAS ASSOCIATION,American Gas Association Political Action Committee,Blue Dog Political Action Committee,2025-03-16,5000.00
AMERICAN GAS ASSOCIATION,American Gas Association Political Action Committee,Congressional Black Caucus PAC,2025-03-19,5000.00
AMERICAN GAS ASSOCIATION,American Gas Association Political Action Committee,Sen. Jim Risch (R),2025-03-19,1000.00
AMERICAN GAS ASSOCIATION,American Gas Association Political Action Committee,Rep. Julia Letlow (R),2025-03-22,1000.00
AMERICAN GAS ASSOCIATION,American Gas Association Political Action Committee,Rep. Julie Fedorchak (R),2025-03-22,2500.00
AMERICAN GAS ASSOCIATION,American Gas Association Political Action Committee,Rep. Bob Latta (R),2025-03-22,2500.00
AMERICAN GAS ASSOCIATION,American Gas Association Political Action Committee,Rep. Dusty Johnson (R),2025-03-22,2500.00
AMERICAN GAS ASSOCIATION,American Gas Association Political Action Committee,Rep. Bruce Westerman (R),2025-03-30,1500.00
AMERICAN GAS ASSOCIATION,American Gas Association Political Action Committee,Sen. Lisa Murkowski (R),2025-04-29,1000.00
AMERICAN GAS ASSOCIATION,American Gas Association Political Action Committee,Sen. Lisa Murkowski (R),2025-04-29,2000.00
AMERICAN GAS ASSOCIATION,American Gas Association Political Action Committee,Rep. Jim Clyburn (D),2025-05-26,2500.00
AMERICAN GAS ASSOCIATION,American Gas Association Political Action Committee,Rep. Bennie Thompson (D),2025-05-26,2500.00
AMERICAN GAS ASSOCIATION,American Gas Association Political Action Committee,Rep. Carol Miller (R),2025-05-26,1000.00
AMERICAN GAS ASSOCIATION,American Gas Association Political Action Committee,Rep. Darin LaHood (R),2025-05-26,2000.00
AMERICAN GAS ASSOCIATION,American Gas Association Political Action Committee,Rep. Lloyd Smucker (R),2025-05-26,2500.00
AMERICAN GAS ASSOCIATION,American Gas Association Political Action Committee,Rep. John Moolenaar (R),2025-05-26,1000.00
AMERICAN GAS ASSOCIATION,American Gas Association Political Action Committee,Rep. Nicole Malliotakis (R),2025-05-26,1000.00
AMERICAN GAS ASSOCIATION,American Gas Association Political Action Committee,Rep. Steve Scalise (R),2025-05-26,2500.00
AMERICAN GAS ASSOCIATION,American Gas Association Political Action Committee,"Rep. Troy Carter, Sr. (D)",2025-05-26,2500.00
AMERICAN GAS ASSOCIATION,American Gas Association Political Action Committee,Sen. Cynthia Lummis (R),2025-05-26,1500.00
AMERICAN GAS ASSOCIATION,American Gas Association Political Action Committee,Rep. Cliff Bentz (R),2025-06-01,1000.00
AMERICAN GAS ASSOCIATION,American Gas Association Political Action Committee,Rep. Kim Schrier (D),2025-06-01,1500.00
AMERICAN GAS ASSOCIATION,American Gas Association Political Action Committee,Rep. Mike Simpson (R),2025-06-01,1500.00
AMERICAN GAS ASSOCIATION,American Gas Association Political Action Committee,Rep. Mike Thompson (D),2025-06-01,1000.00
AMERICAN GAS ASSOCIATION,American Gas Association Political Action Committee,Rep. Nathaniel Moran (R),2025-06-01,1000.00
AMERICAN GAS ASSOCIATION,American Gas Association Political Action Committee,Rep. Rick Allen (R),2025-06-01,1000.00
AMERICAN GAS ASSOCIATION,American Gas Association Political Action Committee,Sen. Roger Wicker (R),2025-06-01,5000.00
AMERICAN GAS ASSOCIATION,American Gas Association Political Action Committee,Rep. Ashley Hinson (R),2025-06-16,1000.00
AMERICAN GAS ASSOCIATION,American Gas Association Political Action Committee,Rep. John Joyce (R),2025-06-16,1000.00
AMERICAN GAS ASSOCIATION,American Gas Association Political Action Committee,Rep. Kat Cammack (R),2025-06-16,1000.00
AMERICAN GAS ASSOCIATION,American Gas Association Political Action Committee,Rep. Michael Rulli (R),2025-06-16,2500.00
AMERICAN GAS ASSOCIATION,American Gas Association Political Action Committee,Rep. Pete Stauber (R),2025-06-16,1000.00
AMERICAN GAS ASSOCIATION,American Gas Association Political Action Committee,Rep. Andrew Garbarino (R),2025-06-29,2500.00
AMERICAN GAS ASSOCIATION,American Gas Association Political Action Committee,Rep. Troy Balderson (R),2025-06-16,2500.00
AMERICAN GAS ASSOCIATION,American Gas Association Political Action Committee,Sen. Lindsey Graham (R),2025-06-16,1000.00
AMERICAN GAS ASSOCIATION,American Gas Association Political Action Committee,Sen. Todd Young (R),2025-06-16,2500.00
AMERICAN GAS ASSOCIATION,American Gas Association Political Action Committee,Rep. Marc Veasey (D),2025-06-16,2500.00
AMERICAN GAS ASSOCIATION,American Gas Association Political Action Committee,Sen. Ted Cruz (R),2025-06-16,5000.00
AMERICAN GAS ASSOCIATION,American Gas Association Political Action Committee,Rep. Gabe Evans (R),2025-06-24,1000.00
AMERICAN GAS ASSOCIATION,American Gas Association Political Action Committee,Rep. Jay Obernolte (R),2025-06-24,1000.00
AMERICAN GAS ASSOCIATION,American Gas Association Political Action Committee,Rep. Morgan Griffith (R),2025-06-24,1000.00
AMERICAN GAS ASSOCIATION,American Gas Association Political Action Committee,Rep. Paul Tonko (D),2025-06-24,1000.00
AMERICAN GAS ASSOCIATION,American Gas Association Political Action Committee,Rep. Richard Neal (D),2025-06-24,2000.00
AMERICAN GAS ASSOCIATION,American Gas Association Political Action Committee,DSCC,2025-01-25,5000.00
AMERICAN GAS ASSOCIATION,American Gas Association Political Action Committee,NRCC,2025-01-25,5000.00
AMERICAN GAS ASSOCIATION,American Gas Association Political Action Committee,NRSC,2025-01-25,15000.00
AMERICAN GAS ASSOCIATION,American Gas Association Political Action Committee,"Rep. Richard Hudson, Jr. (R)",2025-02-28,2000.00
AMERICAN GAS ASSOCIATION,American Gas Association Political Action Committee,Rep. Mariannette Miller-Meeks (R),2025-02-28,1000.00
AMERICAN GAS ASSOCIATION,American Gas Association Political Action Committee,Sen. Bill Cassidy (R),2025-02-28,1000.00
AMERICAN GAS ASSOCIATION,American Gas Association Political Action Committee,Republican Mainstreet Partnership PAC,2025-03-05,5000.00
AMERICAN GAS ASSOCIATION,American Gas Association Political Action Committee,Sen. John Thune (R),2025-03-05,5000.00
AMERICAN GAS ASSOCIATION,American Gas Association Political Action Committee,Rep. Jason Smith (R),2025-03-05,2000.00
AMERICAN GAS ASSOCIATION,American Gas Association Political Action Committee,Rep. Mike Carey (R),2025-03-05,1000.00
AMERICAN GAS ASSOCIATION,American Gas Association Political Action Committee,Rep. Tom Cole (R),2025-03-16,5000.00
AMERICAN GAS ASSOCIATION,American Gas Association Political Action Committee,"Rep. Sam Graves, Jr. (R)",2025-03-16,5000.00
AMERICAN GAS ASSOCIATION,American Gas Association Political Action Committee,"Rep. Sam Graves, Jr. (R)",2025-03-16,5000.00
AMERICAN GAS ASSOCIATION,American Gas Association Political Action Committee,CHC BOLD PAC,2025-03-16,5000.00
AMERICAN GAS ASSOCIATION,American Gas Association Political Action Committee,New Democrat Coalition Action Fund,2025-03-16,5000.00
AMERICAN GAS ASSOCIATION,American Gas Association Political Action Committee,Blue Dog Political Action Committee,2025-03-16,5000.00
AMERICAN GAS ASSOCIATION,American Gas Association Political Action Committee,Congressional Black Caucus PAC,2025-03-19,5000.00
AMERICAN GAS ASSOCIATION,American Gas Association Political Action Committee,Sen. Jim Risch (R),2025-03-19,1000.00
AMERICAN GAS ASSOCIATION,American Gas Association Political Action Committee,Rep. Julia Letlow (R),2025-03-22,1000.00
AMERICAN GAS ASSOCIATION,American Gas Association Political Action Committee,Rep. Julie Fedorchak (R),2025-03-22,2500.00
AMERICAN GAS ASSOCIATION,American Gas Association Political Action Committee,Rep. Bob Latta (R),2025-03-22,2500.00
AMERICAN GAS ASSOCIATION,American Gas Association Political Action Committee,Rep. Dusty Johnson (R),2025-03-22,2500.00
AMERICAN GAS ASSOCIATION,American Gas Association Political Action Committee,Rep. Bruce Westerman (R),2025-03-30,1500.00
AMERICAN GAS ASSOCIATION,American Gas Association Political Action Committee,Sen. Lisa Murkowski (R),2025-04-29,1000.00
AMERICAN GAS ASSOCIATION,American Gas Association Political Action Committee,Sen. Lisa Murkowski (R),2025-04-29,2000.00
AMERICAN GAS ASSOCIATION,American Gas Association Political Action Committee,Rep. Jim Clyburn (D),2025-05-26,2500.00
AMERICAN GAS ASSOCIATION,American Gas Association Political Action Committee,Rep. Bennie Thompson (D),2025-05-26,2500.00
AMERICAN GAS ASSOCIATION,American Gas Association Political Action Committee,Rep. Carol Miller (R),2025-05-26,1000.00
AMERICAN GAS ASSOCIATION,American Gas Association Political Action Committee,Rep. Darin LaHood (R),2025-05-26,2000.00
AMERICAN GAS ASSOCIATION,American Gas Association Political Action Committee,Rep. Lloyd Smucker (R),2025-05-26,2500.00
AMERICAN GAS ASSOCIATION,American Gas Association Political Action Committee,Rep. John Moolenaar (R),2025-05-26,1000.00
AMERICAN GAS ASSOCIATION,American Gas Association Political Action Committee,Rep. Nicole Malliotakis (R),2025-05-26,1000.00
AMERICAN GAS ASSOCIATION,American Gas Association Political Action Committee,Rep. Steve Scalise (R),2025-05-26,2500.00
AMERICAN GAS ASSOCIATION,American Gas Association Political Action Committee,"Rep. Troy Carter, Sr. (D)",2025-05-26,2500.00
AMERICAN GAS ASSOCIATION,American Gas Association Political Action Committee,Sen. Cynthia Lummis (R),2025-05-26,1500.00
AMERICAN GAS ASSOCIATION,American Gas Association Political Action Committee,Rep. Cliff Bentz (R),2025-06-01,1000.00
AMERICAN GAS ASSOCIATION,American Gas Association Political Action Committee,Rep. Kim Schrier (D),2025-06-01,1500.00
AMERICAN GAS ASSOCIATION,American Gas Association Political Action Committee,Rep. Mike Simpson (R),2025-06-01,1500.00
AMERICAN GAS ASSOCIATION,American Gas Association Political Action Committee,Rep. Mike Thompson (D),2025-06-01,1000.00
AMERICAN GAS ASSOCIATION,American Gas Association Political Action Committee,Rep. Nathaniel Moran (R),2025-06-01,1000.00
AMERICAN GAS ASSOCIATION,American Gas Association Political Action Committee,Rep. Rick Allen (R),2025-06-01,1000.00
AMERICAN GAS ASSOCIATION,American Gas Association Political Action Committee,Sen. Roger Wicker (R),2025-06-01,5000.00
AMERICAN GAS ASSOCIATION,American Gas Association Political Action Committee,Rep. Ashley Hinson (R),2025-06-16,1000.00
AMERICAN GAS ASSOCIATION,American Gas Association Political Action Committee,Rep. John Joyce (R),2025-06-16,1000.00
AMERICAN GAS ASSOCIATION,American Gas Association Political Action Committee,Rep. Kat Cammack (R),2025-06-16,1000.00
AMERICAN GAS ASSOCIATION,American Gas Association Political Action Committee,Rep. Michael Rulli (R),2025-06-16,2500.00
AMERICAN GAS ASSOCIATION,American Gas Association Political Action Committee,Rep. Pete Stauber (R),2025-06-16,1000.00
AMERICAN GAS ASSOCIATION,American Gas Association Political Action Committee,Rep. Andrew Garbarino (R),2025-06-29,2500.00
AMERICAN GAS ASSOCIATION,American Gas Association Political Action Committee,Rep. Troy Balderson (R),2025-06-16,2500.00
AMERICAN GAS ASSOCIATION,American Gas Association Political Action Committee,Sen. Lindsey Graham (R),2025-06-16,1000.00
AMERICAN GAS ASSOCIATION,American Gas Association Political Action Committee,Sen. Todd Young (R),2025-06-16,2500.00
AMERICAN GAS ASSOCIATION,American Gas Association Political Action Committee,Rep. Marc Veasey (D),2025-06-16,2500.00
AMERICAN GAS ASSOCIATION,American Gas Association Political Action Committee,Sen. Ted Cruz (R),2025-06-16,5000.00
AMERICAN GAS ASSOCIATION,American Gas Association Political Action Committee,Rep. Gabe Evans (R),2025-06-24,1000.00
AMERICAN GAS ASSOCIATION,American Gas Association Political Action Committee,Rep. Jay Obernolte (R),2025-06-24,1000.00
AMERICAN GAS ASSOCIATION,American Gas Association Political Action Committee,Rep. Morgan Griffith (R),2025-06-24,1000.00
AMERICAN GAS ASSOCIATION,American Gas Association Political Action Committee,Rep. Paul Tonko (D),2025-06-24,1000.00
AMERICAN GAS ASSOCIATION,American Gas Association Political Action Committee,Rep. Richard Neal (D),2025-06-24,2000.00
AMERICAN GAS ASSOCIATION,American Gas Association Political Action Committee,DSCC,2025-01-25,5000.00
AMERICAN GAS ASSOCIATION,American Gas Association Political Action Committee,NRCC,2025-01-25,5000.00
AMERICAN GAS ASSOCIATION,American Gas Association Political Action Committee,NRSC,2025-01-25,15000.00
AMERICAN GAS ASSOCIATION,American Gas Association Political Action Committee,"Rep. Richard Hudson, Jr. (R)",2025-02-28,2000.00
AMERICAN GAS ASSOCIATION,American Gas Association Political Action Committee,Rep. Mariannette Miller-Meeks (R),2025-02-28,1000.00
AMERICAN GAS ASSOCIATION,American Gas Association Political Action Committee,Sen. Bill Cassidy (R),2025-02-28,1000.00
AMERICAN GAS ASSOCIATION,American Gas Association Political Action Committee,Republican Mainstreet Partnership PAC,2025-03-05,5000.00
AMERICAN GAS ASSOCIATION,American Gas Association Political Action Committee,Sen. John Thune (R),2025-03-05,5000.00
AMERICAN GAS ASSOCIATION,American Gas Association Political Action Committee,Rep. Jason Smith (R),2025-03-05,2000.00
AMERICAN GAS ASSOCIATION,American Gas Association Political Action Committee,Rep. Mike Carey (R),2025-03-05,1000.00
AMERICAN GAS ASSOCIATION,American Gas Association Political Action Committee,Rep. Tom Cole (R),2025-03-16,5000.00
AMERICAN GAS ASSOCIATION,American Gas Association Political Action Committee,"Rep. Sam Graves, Jr. (R)",2025-03-16,5000.00
AMERICAN GAS ASSOCIATION,American Gas Association Political Action Committee,"Rep. Sam Graves, Jr. (R)",2025-03-16,5000.00
AMERICAN GAS ASSOCIATION,American Gas Association Political Action Committee,CHC BOLD PAC,2025-03-16,5000.00
AMERICAN GAS ASSOCIATION,American Gas Association Political Action Committee,New Democrat Coalition Action Fund,2025-03-16,5000.00
AMERICAN GAS ASSOCIATION,American Gas Association Political Action Committee,Blue Dog Political Action Committee,2025-03-16,5000.00
AMERICAN GAS ASSOCIATION,American Gas Association Political Action Committee,Congressional Black Caucus PAC,2025-03-19,5000.00
AMERICAN GAS ASSOCIATION,American Gas Association Political Action Committee,Sen. Jim Risch (R),2025-03-19,1000.00
AMERICAN GAS ASSOCIATION,American Gas Association Political Action Committee,Rep. Julia Letlow (R),2025-03-22,1000.00
AMERICAN GAS ASSOCIATION,American Gas Association Political Action Committee,Rep. Julie Fedorchak (R),2025-03-22,2500.00
AMERICAN GAS ASSOCIATION,American Gas Association Political Action Committee,Rep. Bob Latta (R),2025-03-22,2500.00
AMERICAN GAS ASSOCIATION,American Gas Association Political Action Committee,Rep. Dusty Johnson (R),2025-03-22,2500.00
AMERICAN GAS ASSOCIATION,American Gas Association Political Action Committee,Rep. Bruce Westerman (R),2025-03-30,1500.00
AMERICAN GAS ASSOCIATION,American Gas Association Political Action Committee,Sen. Lisa Murkowski (R),2025-04-29,1000.00
AMERICAN GAS ASSOCIATION,American Gas Association Political Action Committee,Sen. Lisa Murkowski (R),2025-04-29,2000.00
AMERICAN GAS ASSOCIATION,American Gas Association Political Action Committee,Rep. Jim Clyburn (D),2025-05-26,2500.00
AMERICAN GAS ASSOCIATION,American Gas Association Political Action Committee,Rep. Bennie Thompson (D),2025-05-26,2500.00
AMERICAN GAS ASSOCIATION,American Gas Association Political Action Committee,Rep. Carol Miller (R),2025-05-26,1000.00
AMERICAN GAS ASSOCIATION,American Gas Association Political Action Committee,Rep. Darin LaHood (R),2025-05-26,2000.00
AMERICAN GAS ASSOCIATION,American Gas Association Political Action Committee,Rep. Lloyd Smucker (R),2025-05-26,2500.00
AMERICAN GAS ASSOCIATION,American Gas Association Political Action Committee,Rep. John Moolenaar (R),2025-05-26,1000.00
AMERICAN GAS ASSOCIATION,American Gas Association Political Action Committee,Rep. Nicole Malliotakis (R),2025-05-26,1000.00
AMERICAN GAS ASSOCIATION,American Gas Association Political Action Committee,Rep. Steve Scalise (R),2025-05-26,2500.00
AMERICAN GAS ASSOCIATION,American Gas Association Political Action Committee,"Rep. Troy Carter, Sr. (D)",2025-05-26,2500.00
AMERICAN GAS ASSOCIATION,American Gas Association Political Action Committee,Sen. Cynthia Lummis (R),2025-05-26,1500.00
AMERICAN GAS ASSOCIATION,American Gas Association Political Action Committee,Rep. Cliff Bentz (R),2025-06-01,1000.00
AMERICAN GAS ASSOCIATION,American Gas Association Political Action Committee,Rep. Kim Schrier (D),2025-06-01,1500.00
AMERICAN GAS ASSOCIATION,American Gas Association Political Action Committee,Rep. Mike Simpson (R),2025-06-01,1500.00
AMERICAN GAS ASSOCIATION,American Gas Association Political Action Committee,Rep. Mike Thompson (D),2025-06-01,1000.00
AMERICAN GAS ASSOCIATION,American Gas Association Political Action Committee,Rep. Nathaniel Moran (R),2025-06-01,1000.00
AMERICAN GAS ASSOCIATION,American Gas Association Political Action Committee,Rep. Rick Allen (R),2025-06-01,1000.00
AMERICAN GAS ASSOCIATION,American Gas Association Political Action Committee,Sen. Roger Wicker (R),2025-06-01,5000.00
AMERICAN GAS ASSOCIATION,American Gas Association Political Action Committee,Rep. Ashley Hinson (R),2025-06-16,1000.00
AMERICAN GAS ASSOCIATION,American Gas Association Political Action Committee,Rep. John Joyce (R),2025-06-16,1000.00
AMERICAN GAS ASSOCIATION,American Gas Association Political Action Committee,Rep. Kat Cammack (R),2025-06-16,1000.00
AMERICAN GAS ASSOCIATION,American Gas Association Political Action Committee,Rep. Michael Rulli (R),2025-06-16,2500.00
AMERICAN GAS ASSOCIATION,American Gas Association Political Action Committee,Rep. Pete Stauber (R),2025-06-16,1000.00
AMERICAN GAS ASSOCIATION,American Gas Association Political Action Committee,Rep. Andrew Garbarino (R),2025-06-29,2500.00
AMERICAN GAS ASSOCIATION,American Gas Association Political Action Committee,Rep. Troy Balderson (R),2025-06-16,2500.00
AMERICAN GAS ASSOCIATION,American Gas Association Political Action Committee,Sen. Lindsey Graham (R),2025-06-16,1000.00
AMERICAN GAS ASSOCIATION,American Gas Association Political Action Committee,Sen. Todd Young (R),2025-06-16,2500.00
AMERICAN GAS ASSOCIATION,American Gas Association Political Action Committee,Rep. Marc Veasey (D),2025-06-16,2500.00
AMERICAN GAS ASSOCIATION,American Gas Association Political Action Committee,Sen. Ted Cruz (R),2025-06-16,5000.00
AMERICAN GAS ASSOCIATION,American Gas Association Political Action Committee,Rep. Gabe Evans (R),2025-06-24,1000.00
AMERICAN GAS ASSOCIATION,American Gas Association Political Action Committee,Rep. Jay Obernolte (R),2025-06-24,1000.00
AMERICAN GAS ASSOCIATION,American Gas Association Political Action Committee,Rep. Morgan Griffith (R),2025-06-24,1000.00
AMERICAN GAS ASSOCIATION,American Gas Association Political Action Committee,Rep. Paul Tonko (D),2025-06-24,1000.00
AMERICAN GAS ASSOCIATION,American Gas Association Political Action Committee,Rep. Richard Neal (D),2025-06-24,2000.00
AMERICAN GAS ASSOCIATION,American Gas Association Political Action Committee,DSCC,2025-01-25,5000.00
AMERICAN GAS ASSOCIATION,American Gas Association Political Action Committee,NRCC,2025-01-25,5000.00
AMERICAN GAS ASSOCIATION,American Gas Association Political Action Committee,NRSC,2025-01-25,15000.00
AMERICAN GAS ASSOCIATION,American Gas Association Political Action Committee,"Rep. Richard Hudson, Jr. (R)",2025-02-28,2000.00
AMERICAN GAS ASSOCIATION,American Gas Association Political Action Committee,Rep. Mariannette Miller-Meeks (R),2025-02-28,1000.00
AMERICAN GAS ASSOCIATION,American Gas Association Political Action Committee,Sen. Bill Cassidy (R),2025-02-28,1000.00
AMERICAN GAS ASSOCIATION,American Gas Association Political Action Committee,Republican Mainstreet Partnership PAC,2025-03-05,5000.00
AMERICAN GAS ASSOCIATION,American Gas Association Political Action Committee,Sen. John Thune (R),2025-03-05,5000.00
AMERICAN GAS ASSOCIATION,American Gas Association Political Action Committee,Rep. Jason Smith (R),2025-03-05,2000.00
AMERICAN GAS ASSOCIATION,American Gas Association Political Action Committee,Rep. Mike Carey (R),2025-03-05,1000.00
AMERICAN GAS ASSOCIATION,American Gas Association Political Action Committee,Rep. Tom Cole (R),2025-03-16,5000.00
AMERICAN GAS ASSOCIATION,American Gas Association Political Action Committee,"Rep. Sam Graves, Jr. (R)",2025-03-16,5000.00
AMERICAN GAS ASSOCIATION,American Gas Association Political Action Committee,"Rep. Sam Graves, Jr. (R)",2025-03-16,5000.00
AMERICAN GAS ASSOCIATION,American Gas Association Political Action Committee,CHC BOLD PAC,2025-03-16,5000.00
AMERICAN GAS ASSOCIATION,American Gas Association Political Action Committee,New Democrat Coalition Action Fund,2025-03-16,5000.00
AMERICAN GAS ASSOCIATION,American Gas Association Political Action Committee,Blue Dog Political Action Committee,2025-03-16,5000.00
AMERICAN GAS ASSOCIATION,American Gas Association Political Action Committee,Congressional Black Caucus PAC,2025-03-19,5000.00
AMERICAN GAS ASSOCIATION,American Gas Association Political Action Committee,Sen. Jim Risch (R),2025-03-19,1000.00
AMERICAN GAS ASSOCIATION,American Gas Association Political Action Committee,Rep. Julia Letlow (R),2025-03-22,1000.00
AMERICAN GAS ASSOCIATION,American Gas Association Political Action Committee,Rep. Julie Fedorchak (R),2025-03-22,2500.00
AMERICAN GAS ASSOCIATION,American Gas Association Political Action Committee,Rep. Bob Latta (R),2025-03-22,2500.00
AMERICAN GAS ASSOCIATION,American Gas Association Political Action Committee,Rep. Dusty Johnson (R),2025-03-22,2500.00
AMERICAN GAS ASSOCIATION,American Gas Association Political Action Committee,Rep. Bruce Westerman (R),2025-03-30,1500.00
AMERICAN GAS ASSOCIATION,American Gas Association Political Action Committee,Sen. Lisa Murkowski (R),2025-04-29,1000.00
AMERICAN GAS ASSOCIATION,American Gas Association Political Action Committee,Sen. Lisa Murkowski (R),2025-04-29,2000.00
AMERICAN GAS ASSOCIATION,American Gas Association Political Action Committee,Rep. Jim Clyburn (D),2025-05-26,2500.00
AMERICAN GAS ASSOCIATION,American Gas Association Political Action Committee,Rep. Bennie Thompson (D),2025-05-26,2500.00
AMERICAN GAS ASSOCIATION,American Gas Association Political Action Committee,Rep. Carol Miller (R),2025-05-26,1000.00
AMERICAN GAS ASSOCIATION,American Gas Association Political Action Committee,Rep. Darin LaHood (R),2025-05-26,2000.00
AMERICAN GAS ASSOCIATION,American Gas Association Political Action Committee,Rep. Lloyd Smucker (R),2025-05-26,2500.00
AMERICAN GAS ASSOCIATION,American Gas Association Political Action Committee,Rep. John Moolenaar (R),2025-05-26,1000.00
AMERICAN GAS ASSOCIATION,American Gas Association Political Action Committee,Rep. Nicole Malliotakis (R),2025-05-26,1000.00
AMERICAN GAS ASSOCIATION,American Gas Association Political Action Committee,Rep. Steve Scalise (R),2025-05-26,2500.00
AMERICAN GAS ASSOCIATION,American Gas Association Political Action Committee,"Rep. Troy Carter, Sr. (D)",2025-05-26,2500.00
AMERICAN GAS ASSOCIATION,American Gas Association Political Action Committee,Sen. Cynthia Lummis (R),2025-05-26,1500.00
AMERICAN GAS ASSOCIATION,American Gas Association Political Action Committee,Rep. Cliff Bentz (R),2025-06-01,1000.00
AMERICAN GAS ASSOCIATION,American Gas Association Political Action Committee,Rep. Kim Schrier (D),2025-06-01,1500.00
AMERICAN GAS ASSOCIATION,American Gas Association Political Action Committee,Rep. Mike Simpson (R),2025-06-01,1500.00
AMERICAN GAS ASSOCIATION,American Gas Association Political Action Committee,Rep. Mike Thompson (D),2025-06-01,1000.00
AMERICAN GAS ASSOCIATION,American Gas Association Political Action Committee,Rep. Nathaniel Moran (R),2025-06-01,1000.00
AMERICAN GAS ASSOCIATION,American Gas Association Political Action Committee,Rep. Rick Allen (R),2025-06-01,1000.00
AMERICAN GAS ASSOCIATION,American Gas Association Political Action Committee,Sen. Roger Wicker (R),2025-06-01,5000.00
AMERICAN GAS ASSOCIATION,American Gas Association Political Action Committee,Rep. Ashley Hinson (R),2025-06-16,1000.00
AMERICAN GAS ASSOCIATION,American Gas Association Political Action Committee,Rep. John Joyce (R),2025-06-16,1000.00
AMERICAN GAS ASSOCIATION,American Gas Association Political Action Committee,Rep. Kat Cammack (R),2025-06-16,1000.00
AMERICAN GAS ASSOCIATION,American Gas Association Political Action Committee,Rep. Michael Rulli (R),2025-06-16,2500.00
AMERICAN GAS ASSOCIATION,American Gas Association Political Action Committee,Rep. Pete Stauber (R),2025-06-16,1000.00
AMERICAN GAS ASSOCIATION,American Gas Association Political Action Committee,Rep. Andrew Garbarino (R),2025-06-29,2500.00
AMERICAN GAS ASSOCIATION,American Gas Association Political Action Committee,Rep. Troy Balderson (R),2025-06-16,2500.00
AMERICAN GAS ASSOCIATION,American Gas Association Political Action Committee,Sen. Lindsey Graham (R),2025-06-16,1000.00
AMERICAN GAS ASSOCIATION,American Gas Association Political Action Committee,Sen. Todd Young (R),2025-06-16,2500.00
AMERICAN GAS ASSOCIATION,American Gas Association Political Action Committee,Rep. Marc Veasey (D),2025-06-16,2500.00
AMERICAN GAS ASSOCIATION,American Gas Association Political Action Committee,Sen. Ted Cruz (R),2025-06-16,5000.00
AMERICAN GAS ASSOCIATION,American Gas Association Political Action Committee,Rep. Gabe Evans (R),2025-06-24,1000.00
AMERICAN GAS ASSOCIATION,American Gas Association Political Action Committee,Rep. Jay Obernolte (R),2025-06-24,1000.00
AMERICAN GAS ASSOCIATION,American Gas Association Political Action Committee,Rep. Morgan Griffith (R),2025-06-24,1000.00
AMERICAN GAS ASSOCIATION,American Gas Association Political Action Committee,Rep. Paul Tonko (D),2025-06-24,1000.00
AMERICAN GAS ASSOCIATION,American Gas Association Political Action Committee,Rep. Richard Neal (D),2025-06-24,2000.00
AMERICAN GAS ASSOCIATION,American Gas Association Political Action Committee,DSCC,2025-01-25,5000.00
AMERICAN GAS ASSOCIATION,American Gas Association Political Action Committee,NRCC,2025-01-25,5000.00
AMERICAN GAS ASSOCIATION,American Gas Association Political Action Committee,NRSC,2025-01-25,15000.00
AMERICAN GAS ASSOCIATION,American Gas Association Political Action Committee,"Rep. Richard Hudson, Jr. (R)",2025-02-28,2000.00
AMERICAN GAS ASSOCIATION,American Gas Association Political Action Committee,Rep. Mariannette Miller-Meeks (R),2025-02-28,1000.00
AMERICAN GAS ASSOCIATION,American Gas Association Political Action Committee,Sen. Bill Cassidy (R),2025-02-28,1000.00
AMERICAN GAS ASSOCIATION,American Gas Association Political Action Committee,Republican Mainstreet Partnership PAC,2025-03-05,5000.00
AMERICAN GAS ASSOCIATION,American Gas Association Political Action Committee,Sen. John Thune (R),2025-03-05,5000.00
AMERICAN GAS ASSOCIATION,American Gas Association Political Action Committee,Rep. Jason Smith (R),2025-03-05,2000.00
AMERICAN GAS ASSOCIATION,American Gas Association Political Action Committee,Rep. Mike Carey (R),2025-03-05,1000.00
AMERICAN GAS ASSOCIATION,American Gas Association Political Action Committee,Rep. Tom Cole (R),2025-03-16,5000.00
AMERICAN GAS ASSOCIATION,American Gas Association Political Action Committee,"Rep. Sam Graves, Jr. (R)",2025-03-16,5000.00
AMERICAN GAS ASSOCIATION,American Gas Association Political Action Committee,"Rep. Sam Graves, Jr. (R)",2025-03-16,5000.00
AMERICAN GAS ASSOCIATION,American Gas Association Political Action Committee,CHC BOLD PAC,2025-03-16,5000.00
AMERICAN GAS ASSOCIATION,American Gas Association Political Action Committee,New Democrat Coalition Action Fund,2025-03-16,5000.00
AMERICAN GAS ASSOCIATION,American Gas Association Political Action Committee,Blue Dog Political Action Committee,2025-03-16,5000.00
AMERICAN GAS ASSOCIATION,American Gas Association Political Action Committee,Congressional Black Caucus PAC,2025-03-19,5000.00
AMERICAN GAS ASSOCIATION,American Gas Association Political Action Committee,Sen. Jim Risch (R),2025-03-19,1000.00
AMERICAN GAS ASSOCIATION,American Gas Association Political Action Committee,Rep. Julia Letlow (R),2025-03-22,1000.00
AMERICAN GAS ASSOCIATION,American Gas Association Political Action Committee,Rep. Julie Fedorchak (R),2025-03-22,2500.00
AMERICAN GAS ASSOCIATION,American Gas Association Political Action Committee,Rep. Bob Latta (R),2025-03-22,2500.00
AMERICAN GAS ASSOCIATION,American Gas Association Political Action Committee,Rep. Dusty Johnson (R),2025-03-22,2500.00
AMERICAN GAS ASSOCIATION,American Gas Association Political Action Committee,Rep. Bruce Westerman (R),2025-03-30,1500.00
AMERICAN GAS ASSOCIATION,American Gas Association Political Action Committee,Sen. Lisa Murkowski (R),2025-04-29,1000.00
AMERICAN GAS ASSOCIATION,American Gas Association Political Action Committee,Sen. Lisa Murkowski (R),2025-04-29,2000.00
AMERICAN GAS ASSOCIATION,American Gas Association Political Action Committee,Rep. Jim Clyburn (D),2025-05-26,2500.00
AMERICAN GAS ASSOCIATION,American Gas Association Political Action Committee,Rep. Bennie Thompson (D),2025-05-26,2500.00
AMERICAN GAS ASSOCIATION,American Gas Association Political Action Committee,Rep. Carol Miller (R),2025-05-26,1000.00
AMERICAN GAS ASSOCIATION,American Gas Association Political Action Committee,Rep. Darin LaHood (R),2025-05-26,2000.00
AMERICAN GAS ASSOCIATION,American Gas Association Political Action Committee,Rep. Lloyd Smucker (R),2025-05-26,2500.00
AMERICAN GAS ASSOCIATION,American Gas Association Political Action Committee,Rep. John Moolenaar (R),2025-05-26,1000.00
AMERICAN GAS ASSOCIATION,American Gas Association Political Action Committee,Rep. Nicole Malliotakis (R),2025-05-26,1000.00
AMERICAN GAS ASSOCIATION,American Gas Association Political Action Committee,Rep. Steve Scalise (R),2025-05-26,2500.00
AMERICAN GAS ASSOCIATION,American Gas Association Political Action Committee,"Rep. Troy Carter, Sr. (D)",2025-05-26,2500.00
AMERICAN GAS ASSOCIATION,American Gas Association Political Action Committee,Sen. Cynthia Lummis (R),2025-05-26,1500.00
AMERICAN GAS ASSOCIATION,American Gas Association Political Action Committee,Rep. Cliff Bentz (R),2025-06-01,1000.00
AMERICAN GAS ASSOCIATION,American Gas Association Political Action Committee,Rep. Kim Schrier (D),2025-06-01,1500.00
AMERICAN GAS ASSOCIATION,American Gas Association Political Action Committee,Rep. Mike Simpson (R),2025-06-01,1500.00
AMERICAN GAS ASSOCIATION,American Gas Association Political Action Committee,Rep. Mike Thompson (D),2025-06-01,1000.00
AMERICAN GAS ASSOCIATION,American Gas Association Political Action Committee,Rep. Nathaniel Moran (R),2025-06-01,1000.00
AMERICAN GAS ASSOCIATION,American Gas Association Political Action Committee,Rep. Rick Allen (R),2025-06-01,1000.00
AMERICAN GAS ASSOCIATION,American Gas Association Political Action Committee,Sen. Roger Wicker (R),2025-06-01,5000.00
AMERICAN GAS ASSOCIATION,American Gas Association Political Action Committee,Rep. Ashley Hinson (R),2025-06-16,1000.00
AMERICAN GAS ASSOCIATION,American Gas Association Political Action Committee,Rep. John Joyce (R),2025-06-16,1000.00
AMERICAN GAS ASSOCIATION,American Gas Association Political Action Committee,Rep. Kat Cammack (R),2025-06-16,1000.00
AMERICAN GAS ASSOCIATION,American Gas Association Political Action Committee,Rep. Michael Rulli (R),2025-06-16,2500.00
AMERICAN GAS ASSOCIATION,American Gas Association Political Action Committee,Rep. Pete Stauber (R),2025-06-16,1000.00
AMERICAN GAS ASSOCIATION,American Gas Association Political Action Committee,Rep. Andrew Garbarino (R),2025-06-29,2500.00
AMERICAN GAS ASSOCIATION,American Gas Association Political Action Committee,Rep. Troy Balderson (R),2025-06-16,2500.00
AMERICAN GAS ASSOCIATION,American Gas Association Political Action Committee,Sen. Lindsey Graham (R),2025-06-16,1000.00
AMERICAN GAS ASSOCIATION,American Gas Association Political Action Committee,Sen. Todd Young (R),2025-06-16,2500.00
AMERICAN GAS ASSOCIATION,American Gas Association Political Action Committee,Rep. Marc Veasey (D),2025-06-16,2500.00
AMERICAN GAS ASSOCIATION,American Gas Association Political Action Committee,Sen. Ted Cruz (R),2025-06-16,5000.00
AMERICAN GAS ASSOCIATION,American Gas Association Political Action Committee,Rep. Gabe Evans (R),2025-06-24,1000.00
AMERICAN GAS ASSOCIATION,American Gas Association Political Action Committee,Rep. Jay Obernolte (R),2025-06-24,1000.00
AMERICAN GAS ASSOCIATION,American Gas Association Political Action Committee,Rep. Morgan Griffith (R),2025-06-24,1000.00
AMERICAN GAS ASSOCIATION,American Gas Association Political Action Committee,Rep. Paul Tonko (D),2025-06-24,1000.00
AMERICAN GAS ASSOCIATION,American Gas Association Political Action Committee,Rep. Richard Neal (D),2025-06-24,2000.00
AMERICAN GAS ASSOCIATION,American Gas Association Political Action Committee,DSCC,2025-01-25,5000.00
AMERICAN GAS ASSOCIATION,American Gas Association Political Action Committee,NRCC,2025-01-25,5000.00
AMERICAN GAS ASSOCIATION,American Gas Association Political Action Committee,NRSC,2025-01-25,15000.00
AMERICAN GAS ASSOCIATION,American Gas Association Political Action Committee,"Rep. Richard Hudson, Jr. (R)",2025-02-28,2000.00
AMERICAN GAS ASSOCIATION,American Gas Association Political Action Committee,Rep. Mariannette Miller-Meeks (R),2025-02-28,1000.00
AMERICAN GAS ASSOCIATION,American Gas Association Political Action Committee,Sen. Bill Cassidy (R),2025-02-28,1000.00
AMERICAN GAS ASSOCIATION,American Gas Association Political Action Committee,Republican Mainstreet Partnership PAC,2025-03-05,5000.00
AMERICAN GAS ASSOCIATION,American Gas Association Political Action Committee,Sen. John Thune (R),2025-03-05,5000.00
AMERICAN GAS ASSOCIATION,American Gas Association Political Action Committee,Rep. Jason Smith (R),2025-03-05,2000.00
AMERICAN GAS ASSOCIATION,American Gas Association Political Action Committee,Rep. Mike Carey (R),2025-03-05,1000.00
AMERICAN GAS ASSOCIATION,American Gas Association Political Action Committee,Rep. Tom Cole (R),2025-03-16,5000.00
AMERICAN GAS ASSOCIATION,American Gas Association Political Action Committee,"Rep. Sam Graves, Jr. (R)",2025-03-16,5000.00
AMERICAN GAS ASSOCIATION,American Gas Association Political Action Committee,"Rep. Sam Graves, Jr. (R)",2025-03-16,5000.00
AMERICAN GAS ASSOCIATION,American Gas Association Political Action Committee,CHC BOLD PAC,2025-03-16,5000.00
AMERICAN GAS ASSOCIATION,American Gas Association Political Action Committee,New Democrat Coalition Action Fund,2025-03-16,5000.00
AMERICAN GAS ASSOCIATION,American Gas Association Political Action Committee,Blue Dog Political Action Committee,2025-03-16,5000.00
AMERICAN GAS ASSOCIATION,American Gas Association Political Action Committee,Congressional Black Caucus PAC,2025-03-19,5000.00
AMERICAN GAS ASSOCIATION,American Gas Association Political Action Committee,Sen. Jim Risch (R),2025-03-19,1000.00
AMERICAN GAS ASSOCIATION,American Gas Association Political Action Committee,Rep. Julia Letlow (R),2025-03-22,1000.00
AMERICAN GAS ASSOCIATION,American Gas Association Political Action Committee,Rep. Julie Fedorchak (R),2025-03-22,2500.00
AMERICAN GAS ASSOCIATION,American Gas Association Political Action Committee,Rep. Bob Latta (R),2025-03-22,2500.00
AMERICAN GAS ASSOCIATION,American Gas Association Political Action Committee,Rep. Dusty Johnson (R),2025-03-22,2500.00
AMERICAN GAS ASSOCIATION,American Gas Association Political Action Committee,Rep. Bruce Westerman (R),2025-03-30,1500.00
AMERICAN GAS ASSOCIATION,American Gas Association Political Action Committee,Sen. Lisa Murkowski (R),2025-04-29,1000.00
AMERICAN GAS ASSOCIATION,American Gas Association Political Action Committee,Sen. Lisa Murkowski (R),2025-04-29,2000.00
AMERICAN GAS ASSOCIATION,American Gas Association Political Action Committee,Rep. Jim Clyburn (D),2025-05-26,2500.00
AMERICAN GAS ASSOCIATION,American Gas Association Political Action Committee,Rep. Bennie Thompson (D),2025-05-26,2500.00
AMERICAN GAS ASSOCIATION,American Gas Association Political Action Committee,Rep. Carol Miller (R),2025-05-26,1000.00
AMERICAN GAS ASSOCIATION,American Gas Association Political Action Committee,Rep. Darin LaHood (R),2025-05-26,2000.00
AMERICAN GAS ASSOCIATION,American Gas Association Political Action Committee,Rep. Lloyd Smucker (R),2025-05-26,2500.00
AMERICAN GAS ASSOCIATION,American Gas Association Political Action Committee,Rep. John Moolenaar (R),2025-05-26,1000.00
AMERICAN GAS ASSOCIATION,American Gas Association Political Action Committee,Rep. Nicole Malliotakis (R),2025-05-26,1000.00
AMERICAN GAS ASSOCIATION,American Gas Association Political Action Committee,Rep. Steve Scalise (R),2025-05-26,2500.00
AMERICAN GAS ASSOCIATION,American Gas Association Political Action Committee,"Rep. Troy Carter, Sr. (D)",2025-05-26,2500.00
AMERICAN GAS ASSOCIATION,American Gas Association Political Action Committee,Sen. Cynthia Lummis (R),2025-05-26,1500.00
AMERICAN GAS ASSOCIATION,American Gas Association Political Action Committee,Rep. Cliff Bentz (R),2025-06-01,1000.00
AMERICAN GAS ASSOCIATION,American Gas Association Political Action Committee,Rep. Kim Schrier (D),2025-06-01,1500.00
AMERICAN GAS ASSOCIATION,American Gas Association Political Action Committee,Rep. Mike Simpson (R),2025-06-01,1500.00
AMERICAN GAS ASSOCIATION,American Gas Association Political Action Committee,Rep. Mike Thompson (D),2025-06-01,1000.00
AMERICAN GAS ASSOCIATION,American Gas Association Political Action Committee,Rep. Nathaniel Moran (R),2025-06-01,1000.00
AMERICAN GAS ASSOCIATION,American Gas Association Political Action Committee,Rep. Rick Allen (R),2025-06-01,1000.00
AMERICAN GAS ASSOCIATION,American Gas Association Political Action Committee,Sen. Roger Wicker (R),2025-06-01,5000.00
AMERICAN GAS ASSOCIATION,American Gas Association Political Action Committee,Rep. Ashley Hinson (R),2025-06-16,1000.00
AMERICAN GAS ASSOCIATION,American Gas Association Political Action Committee,Rep. John Joyce (R),2025-06-16,1000.00
AMERICAN GAS ASSOCIATION,American Gas Association Political Action Committee,Rep. Kat Cammack (R),2025-06-16,1000.00
AMERICAN GAS ASSOCIATION,American Gas Association Political Action Committee,Rep. Michael Rulli (R),2025-06-16,2500.00
AMERICAN GAS ASSOCIATION,American Gas Association Political Action Committee,Rep. Pete Stauber (R),2025-06-16,1000.00
AMERICAN GAS ASSOCIATION,American Gas Association Political Action Committee,Rep. Andrew Garbarino (R),2025-06-29,2500.00
AMERICAN GAS ASSOCIATION,American Gas Association Political Action Committee,Rep. Troy Balderson (R),2025-06-16,2500.00
AMERICAN GAS ASSOCIATION,American Gas Association Political Action Committee,Sen. Lindsey Graham (R),2025-06-16,1000.00
AMERICAN GAS ASSOCIATION,American Gas Association Political Action Committee,Sen. Todd Young (R),2025-06-16,2500.00
AMERICAN GAS ASSOCIATION,American Gas Association Political Action Committee,Rep. Marc Veasey (D),2025-06-16,2500.00
AMERICAN GAS ASSOCIATION,American Gas Association Political Action Committee,Sen. Ted Cruz (R),2025-06-16,5000.00
AMERICAN GAS ASSOCIATION,American Gas Association Political Action Committee,Rep. Gabe Evans (R),2025-06-24,1000.00
AMERICAN GAS ASSOCIATION,American Gas Association Political Action Committee,Rep. Jay Obernolte (R),2025-06-24,1000.00
AMERICAN GAS ASSOCIATION,American Gas Association Political Action Committee,Rep. Morgan Griffith (R),2025-06-24,1000.00
AMERICAN GAS ASSOCIATION,American Gas Association Political Action Committee,Rep. Paul Tonko (D),2025-06-24,1000.00
AMERICAN GAS ASSOCIATION,American Gas Association Political Action Committee,Rep. Richard Neal (D),2025-06-24,2000.00
AMERICAN GAS ASSOCIATION,American Gas Association Political Action Committee,DSCC,2025-01-25,5000.00
AMERICAN GAS ASSOCIATION,American Gas Association Political Action Committee,NRCC,2025-01-25,5000.00
AMERICAN GAS ASSOCIATION,American Gas Association Political Action Committee,NRSC,2025-01-25,15000.00
AMERICAN GAS ASSOCIATION,American Gas Association Political Action Committee,"Rep. Richard Hudson, Jr. (R)",2025-02-28,2000.00
AMERICAN GAS ASSOCIATION,American Gas Association Political Action Committee,Rep. Mariannette Miller-Meeks (R),2025-02-28,1000.00
AMERICAN GAS ASSOCIATION,American Gas Association Political Action Committee,Sen. Bill Cassidy (R),2025-02-28,1000.00
AMERICAN GAS ASSOCIATION,American Gas Association Political Action Committee,Republican Mainstreet Partnership PAC,2025-03-05,5000.00
AMERICAN GAS ASSOCIATION,American Gas Association Political Action Committee,Sen. John Thune (R),2025-03-05,5000.00
AMERICAN GAS ASSOCIATION,American Gas Association Political Action Committee,Rep. Jason Smith (R),2025-03-05,2000.00
AMERICAN GAS ASSOCIATION,American Gas Association Political Action Committee,Rep. Mike Carey (R),2025-03-05,1000.00
AMERICAN GAS ASSOCIATION,American Gas Association Political Action Committee,Rep. Tom Cole (R),2025-03-16,5000.00
AMERICAN GAS ASSOCIATION,American Gas Association Political Action Committee,"Rep. Sam Graves, Jr. (R)",2025-03-16,5000.00
AMERICAN GAS ASSOCIATION,American Gas Association Political Action Committee,"Rep. Sam Graves, Jr. (R)",2025-03-16,5000.00
AMERICAN GAS ASSOCIATION,American Gas Association Political Action Committee,CHC BOLD PAC,2025-03-16,5000.00
AMERICAN GAS ASSOCIATION,American Gas Association Political Action Committee,New Democrat Coalition Action Fund,2025-03-16,5000.00
AMERICAN GAS ASSOCIATION,American Gas Association Political Action Committee,Blue Dog Political Action Committee,2025-03-16,5000.00
AMERICAN GAS ASSOCIATION,American Gas Association Political Action Committee,Congressional Black Caucus PAC,2025-03-19,5000.00
AMERICAN GAS ASSOCIATION,American Gas Association Political Action Committee,Sen. Jim Risch (R),2025-03-19,1000.00
AMERICAN GAS ASSOCIATION,American Gas Association Political Action Committee,Rep. Julia Letlow (R),2025-03-22,1000.00
AMERICAN GAS ASSOCIATION,American Gas Association Political Action Committee,Rep. Julie Fedorchak (R),2025-03-22,2500.00
AMERICAN GAS ASSOCIATION,American Gas Association Political Action Committee,Rep. Bob Latta (R),2025-03-22,2500.00
AMERICAN GAS ASSOCIATION,American Gas Association Political Action Committee,Rep. Dusty Johnson (R),2025-03-22,2500.00
AMERICAN GAS ASSOCIATION,American Gas Association Political Action Committee,Rep. Bruce Westerman (R),2025-03-30,1500.00
AMERICAN GAS ASSOCIATION,American Gas Association Political Action Committee,Sen. Lisa Murkowski (R),2025-04-29,1000.00
AMERICAN GAS ASSOCIATION,American Gas Association Political Action Committee,Sen. Lisa Murkowski (R),2025-04-29,2000.00
AMERICAN GAS ASSOCIATION,American Gas Association Political Action Committee,Rep. Jim Clyburn (D),2025-05-26,2500.00
AMERICAN GAS ASSOCIATION,American Gas Association Political Action Committee,Rep. Bennie Thompson (D),2025-05-26,2500.00
AMERICAN GAS ASSOCIATION,American Gas Association Political Action Committee,Rep. Carol Miller (R),2025-05-26,1000.00
AMERICAN GAS ASSOCIATION,American Gas Association Political Action Committee,Rep. Darin LaHood (R),2025-05-26,2000.00
AMERICAN GAS ASSOCIATION,American Gas Association Political Action Committee,Rep. Lloyd Smucker (R),2025-05-26,2500.00
AMERICAN GAS ASSOCIATION,American Gas Association Political Action Committee,Rep. John Moolenaar (R),2025-05-26,1000.00
AMERICAN GAS ASSOCIATION,American Gas Association Political Action Committee,Rep. Nicole Malliotakis (R),2025-05-26,1000.00
AMERICAN GAS ASSOCIATION,American Gas Association Political Action Committee,Rep. Steve Scalise (R),2025-05-26,2500.00
AMERICAN GAS ASSOCIATION,American Gas Association Political Action Committee,"Rep. Troy Carter, Sr. (D)",2025-05-26,2500.00
AMERICAN GAS ASSOCIATION,American Gas Association Political Action Committee,Sen. Cynthia Lummis (R),2025-05-26,1500.00
AMERICAN GAS ASSOCIATION,American Gas Association Political Action Committee,Rep. Cliff Bentz (R),2025-06-01,1000.00
AMERICAN GAS ASSOCIATION,American Gas Association Political Action Committee,Rep. Kim Schrier (D),2025-06-01,1500.00
AMERICAN GAS ASSOCIATION,American Gas Association Political Action Committee,Rep. Mike Simpson (R),2025-06-01,1500.00
AMERICAN GAS ASSOCIATION,American Gas Association Political Action Committee,Rep. Mike Thompson (D),2025-06-01,1000.00
AMERICAN GAS ASSOCIATION,American Gas Association Political Action Committee,Rep. Nathaniel Moran (R),2025-06-01,1000.00
AMERICAN GAS ASSOCIATION,American Gas Association Political Action Committee,Rep. Rick Allen (R),2025-06-01,1000.00
AMERICAN GAS ASSOCIATION,American Gas Association Political Action Committee,Sen. Roger Wicker (R),2025-06-01,5000.00
AMERICAN GAS ASSOCIATION,American Gas Association Political Action Committee,Rep. Ashley Hinson (R),2025-06-16,1000.00
AMERICAN GAS ASSOCIATION,American Gas Association Political Action Committee,Rep. John Joyce (R),2025-06-16,1000.00
AMERICAN GAS ASSOCIATION,American Gas Association Political Action Committee,Rep. Kat Cammack (R),2025-06-16,1000.00
AMERICAN GAS ASSOCIATION,American Gas Association Political Action Committee,Rep. Michael Rulli (R),2025-06-16,2500.00
AMERICAN GAS ASSOCIATION,American Gas Association Political Action Committee,Rep. Pete Stauber (R),2025-06-16,1000.00
AMERICAN GAS ASSOCIATION,American Gas Association Political Action Committee,Rep. Andrew Garbarino (R),2025-06-29,2500.00
AMERICAN GAS ASSOCIATION,American Gas Association Political Action Committee,Rep. Troy Balderson (R),2025-06-16,2500.00
AMERICAN GAS ASSOCIATION,American Gas Association Political Action Committee,Sen. Lindsey Graham (R),2025-06-16,1000.00
AMERICAN GAS ASSOCIATION,American Gas Association Political Action Committee,Sen. Todd Young (R),2025-06-16,2500.00
AMERICAN GAS ASSOCIATION,American Gas Association Political Action Committee,Rep. Marc Veasey (D),2025-06-16,2500.00
AMERICAN GAS ASSOCIATION,American Gas Association Political Action Committee,Sen. Ted Cruz (R),2025-06-16,5000.00
AMERICAN GAS ASSOCIATION,American Gas Association Political Action Committee,Rep. Gabe Evans (R),2025-06-24,1000.00
AMERICAN GAS ASSOCIATION,American Gas Association Political Action Committee,Rep. Jay Obernolte (R),2025-06-24,1000.00
AMERICAN GAS ASSOCIATION,American Gas Association Political Action Committee,Rep. Morgan Griffith (R),2025-06-24,1000.00
AMERICAN GAS ASSOCIATION,American Gas Association Political Action Committee,Rep. Paul Tonko (D),2025-06-24,1000.00
AMERICAN GAS ASSOCIATION,American Gas Association Political Action Committee,Rep. Richard Neal (D),2025-06-24,2000.00
AMERICAN GAS ASSOCIATION,American Gas Association Political Action Committee,DSCC,2025-01-25,5000.00
AMERICAN GAS ASSOCIATION,American Gas Association Political Action Committee,NRCC,2025-01-25,5000.00
AMERICAN GAS ASSOCIATION,American Gas Association Political Action Committee,NRSC,2025-01-25,15000.00
AMERICAN GAS ASSOCIATION,American Gas Association Political Action Committee,"Rep. Richard Hudson, Jr. (R)",2025-02-28,2000.00
AMERICAN GAS ASSOCIATION,American Gas Association Political Action Committee,Rep. Mariannette Miller-Meeks (R),2025-02-28,1000.00
AMERICAN GAS ASSOCIATION,American Gas Association Political Action Committee,Sen. Bill Cassidy (R),2025-02-28,1000.00
AMERICAN GAS ASSOCIATION,American Gas Association Political Action Committee,Republican Mainstreet Partnership PAC,2025-03-05,5000.00
AMERICAN GAS ASSOCIATION,American Gas Association Political Action Committee,Sen. John Thune (R),2025-03-05,5000.00
AMERICAN GAS ASSOCIATION,American Gas Association Political Action Committee,Rep. Jason Smith (R),2025-03-05,2000.00
AMERICAN GAS ASSOCIATION,American Gas Association Political Action Committee,Rep. Mike Carey (R),2025-03-05,1000.00
AMERICAN GAS ASSOCIATION,American Gas Association Political Action Committee,Rep. Tom Cole (R),2025-03-16,5000.00
AMERICAN GAS ASSOCIATION,American Gas Association Political Action Committee,"Rep. Sam Graves, Jr. (R)",2025-03-16,5000.00
AMERICAN GAS ASSOCIATION,American Gas Association Political Action Committee,"Rep. Sam Graves, Jr. (R)",2025-03-16,5000.00
AMERICAN GAS ASSOCIATION,American Gas Association Political Action Committee,CHC BOLD PAC,2025-03-16,5000.00
AMERICAN GAS ASSOCIATION,American Gas Association Political Action Committee,New Democrat Coalition Action Fund,2025-03-16,5000.00
AMERICAN GAS ASSOCIATION,American Gas Association Political Action Committee,Blue Dog Political Action Committee,2025-03-16,5000.00
AMERICAN GAS ASSOCIATION,American Gas Association Political Action Committee,Congressional Black Caucus PAC,2025-03-19,5000.00
AMERICAN GAS ASSOCIATION,American Gas Association Political Action Committee,Sen. Jim Risch (R),2025-03-19,1000.00
AMERICAN GAS ASSOCIATION,American Gas Association Political Action Committee,Rep. Julia Letlow (R),2025-03-22,1000.00
AMERICAN GAS ASSOCIATION,American Gas Association Political Action Committee,Rep. Julie Fedorchak (R),2025-03-22,2500.00
AMERICAN GAS ASSOCIATION,American Gas Association Political Action Committee,Rep. Bob Latta (R),2025-03-22,2500.00
AMERICAN GAS ASSOCIATION,American Gas Association Political Action Committee,Rep. Dusty Johnson (R),2025-03-22,2500.00
AMERICAN GAS ASSOCIATION,American Gas Association Political Action Committee,Rep. Bruce Westerman (R),2025-03-30,1500.00
AMERICAN GAS ASSOCIATION,American Gas Association Political Action Committee,Sen. Lisa Murkowski (R),2025-04-29,1000.00
AMERICAN GAS ASSOCIATION,American Gas Association Political Action Committee,Sen. Lisa Murkowski (R),2025-04-29,2000.00
AMERICAN GAS ASSOCIATION,American Gas Association Political Action Committee,Rep. Jim Clyburn (D),2025-05-26,2500.00
AMERICAN GAS ASSOCIATION,American Gas Association Political Action Committee,Rep. Bennie Thompson (D),2025-05-26,2500.00
AMERICAN GAS ASSOCIATION,American Gas Association Political Action Committee,Rep. Carol Miller (R),2025-05-26,1000.00
AMERICAN GAS ASSOCIATION,American Gas Association Political Action Committee,Rep. Darin LaHood (R),2025-05-26,2000.00
AMERICAN GAS ASSOCIATION,American Gas Association Political Action Committee,Rep. Lloyd Smucker (R),2025-05-26,2500.00
AMERICAN GAS ASSOCIATION,American Gas Association Political Action Committee,Rep. John Moolenaar (R),2025-05-26,1000.00
AMERICAN GAS ASSOCIATION,American Gas Association Political Action Committee,Rep. Nicole Malliotakis (R),2025-05-26,1000.00
AMERICAN GAS ASSOCIATION,American Gas Association Political Action Committee,Rep. Steve Scalise (R),2025-05-26,2500.00
AMERICAN GAS ASSOCIATION,American Gas Association Political Action Committee,"Rep. Troy Carter, Sr. (D)",2025-05-26,2500.00
AMERICAN GAS ASSOCIATION,American Gas Association Political Action Committee,Sen. Cynthia Lummis (R),2025-05-26,1500.00
AMERICAN GAS ASSOCIATION,American Gas Association Political Action Committee,Rep. Cliff Bentz (R),2025-06-01,1000.00
AMERICAN GAS ASSOCIATION,American Gas Association Political Action Committee,Rep. Kim Schrier (D),2025-06-01,1500.00
AMERICAN GAS ASSOCIATION,American Gas Association Political Action Committee,Rep. Mike Simpson (R),2025-06-01,1500.00
AMERICAN GAS ASSOCIATION,American Gas Association Political Action Committee,Rep. Mike Thompson (D),2025-06-01,1000.00
AMERICAN GAS ASSOCIATION,American Gas Association Political Action Committee,Rep. Nathaniel Moran (R),2025-06-01,1000.00
AMERICAN GAS ASSOCIATION,American Gas Association Political Action Committee,Rep. Rick Allen (R),2025-06-01,1000.00
AMERICAN GAS ASSOCIATION,American Gas Association Political Action Committee,Sen. Roger Wicker (R),2025-06-01,5000.00
AMERICAN GAS ASSOCIATION,American Gas Association Political Action Committee,Rep. Ashley Hinson (R),2025-06-16,1000.00
AMERICAN GAS ASSOCIATION,American Gas Association Political Action Committee,Rep. John Joyce (R),2025-06-16,1000.00
AMERICAN GAS ASSOCIATION,American Gas Association Political Action Committee,Rep. Kat Cammack (R),2025-06-16,1000.00
AMERICAN GAS ASSOCIATION,American Gas Association Political Action Committee,Rep. Michael Rulli (R),2025-06-16,2500.00
AMERICAN GAS ASSOCIATION,American Gas Association Political Action Committee,Rep. Pete Stauber (R),2025-06-16,1000.00
AMERICAN GAS ASSOCIATION,American Gas Association Political Action Committee,Rep. Andrew Garbarino (R),2025-06-29,2500.00
AMERICAN GAS ASSOCIATION,American Gas Association Political Action Committee,Rep. Troy Balderson (R),2025-06-16,2500.00
AMERICAN GAS ASSOCIATION,American Gas Association Political Action Committee,Sen. Lindsey Graham (R),2025-06-16,1000.00
AMERICAN GAS ASSOCIATION,American Gas Association Political Action Committee,Sen. Todd Young (R),2025-06-16,2500.00
AMERICAN GAS ASSOCIATION,American Gas Association Political Action Committee,Rep. Marc Veasey (D),2025-06-16,2500.00
AMERICAN GAS ASSOCIATION,American Gas Association Political Action Committee,Sen. Ted Cruz (R),2025-06-16,5000.00
AMERICAN GAS ASSOCIATION,American Gas Association Political Action Committee,Rep. Gabe Evans (R),2025-06-24,1000.00
AMERICAN GAS ASSOCIATION,American Gas Association Political Action Committee,Rep. Jay Obernolte (R),2025-06-24,1000.00
AMERICAN GAS ASSOCIATION,American Gas Association Political Action Committee,Rep. Morgan Griffith (R),2025-06-24,1000.00
AMERICAN GAS ASSOCIATION,American Gas Association Political Action Committee,Rep. Paul Tonko (D),2025-06-24,1000.00
AMERICAN GAS ASSOCIATION,American Gas Association Political Action Committee,Rep. Richard Neal (D),2025-06-24,2000.00
AMERICAN GAS ASSOCIATION,American Gas Association Political Action Committee,DSCC,2025-01-25,5000.00
AMERICAN GAS ASSOCIATION,American Gas Association Political Action Committee,NRCC,2025-01-25,5000.00
AMERICAN GAS ASSOCIATION,American Gas Association Political Action Committee,NRSC,2025-01-25,15000.00
AMERICAN GAS ASSOCIATION,American Gas Association Political Action Committee,"Rep. Richard Hudson, Jr. (R)",2025-02-28,2000.00
AMERICAN GAS ASSOCIATION,American Gas Association Political Action Committee,Rep. Mariannette Miller-Meeks (R),2025-02-28,1000.00
AMERICAN GAS ASSOCIATION,American Gas Association Political Action Committee,Sen. Bill Cassidy (R),2025-02-28,1000.00
AMERICAN GAS ASSOCIATION,American Gas Association Political Action Committee,Republican Mainstreet Partnership PAC,2025-03-05,5000.00
AMERICAN GAS ASSOCIATION,American Gas Association Political Action Committee,Sen. John Thune (R),2025-03-05,5000.00
AMERICAN GAS ASSOCIATION,American Gas Association Political Action Committee,Rep. Jason Smith (R),2025-03-05,2000.00
AMERICAN GAS ASSOCIATION,American Gas Association Political Action Committee,Rep. Mike Carey (R),2025-03-05,1000.00
AMERICAN GAS ASSOCIATION,American Gas Association Political Action Committee,Rep. Tom Cole (R),2025-03-16,5000.00
AMERICAN GAS ASSOCIATION,American Gas Association Political Action Committee,"Rep. Sam Graves, Jr. (R)",2025-03-16,5000.00
AMERICAN GAS ASSOCIATION,American Gas Association Political Action Committee,"Rep. Sam Graves, Jr. (R)",2025-03-16,5000.00
AMERICAN GAS ASSOCIATION,American Gas Association Political Action Committee,CHC BOLD PAC,2025-03-16,5000.00
AMERICAN GAS ASSOCIATION,American Gas Association Political Action Committee,New Democrat Coalition Action Fund,2025-03-16,5000.00
AMERICAN GAS ASSOCIATION,American Gas Association Political Action Committee,Blue Dog Political Action Committee,2025-03-16,5000.00
AMERICAN GAS ASSOCIATION,American Gas Association Political Action Committee,Congressional Black Caucus PAC,2025-03-19,5000.00
AMERICAN GAS ASSOCIATION,American Gas Association Political Action Committee,Sen. Jim Risch (R),2025-03-19,1000.00
AMERICAN GAS ASSOCIATION,American Gas Association Political Action Committee,Rep. Julia Letlow (R),2025-03-22,1000.00
AMERICAN GAS ASSOCIATION,American Gas Association Political Action Committee,Rep. Julie Fedorchak (R),2025-03-22,2500.00
AMERICAN GAS ASSOCIATION,American Gas Association Political Action Committee,Rep. Bob Latta (R),2025-03-22,2500.00
AMERICAN GAS ASSOCIATION,American Gas Association Political Action Committee,Rep. Dusty Johnson (R),2025-03-22,2500.00
AMERICAN GAS ASSOCIATION,American Gas Association Political Action Committee,Rep. Bruce Westerman (R),2025-03-30,1500.00
AMERICAN GAS ASSOCIATION,American Gas Association Political Action Committee,Sen. Lisa Murkowski (R),2025-04-29,1000.00
AMERICAN GAS ASSOCIATION,American Gas Association Political Action Committee,Sen. Lisa Murkowski (R),2025-04-29,2000.00
AMERICAN GAS ASSOCIATION,American Gas Association Political Action Committee,Rep. Jim Clyburn (D),2025-05-26,2500.00
AMERICAN GAS ASSOCIATION,American Gas Association Political Action Committee,Rep. Bennie Thompson (D),2025-05-26,2500.00
AMERICAN GAS ASSOCIATION,American Gas Association Political Action Committee,Rep. Carol Miller (R),2025-05-26,1000.00
AMERICAN GAS ASSOCIATION,American Gas Association Political Action Committee,Rep. Darin LaHood (R),2025-05-26,2000.00
AMERICAN GAS ASSOCIATION,American Gas Association Political Action Committee,Rep. Lloyd Smucker (R),2025-05-26,2500.00
AMERICAN GAS ASSOCIATION,American Gas Association Political Action Committee,Rep. John Moolenaar (R),2025-05-26,1000.00
AMERICAN GAS ASSOCIATION,American Gas Association Political Action Committee,Rep. Nicole Malliotakis (R),2025-05-26,1000.00
AMERICAN GAS ASSOCIATION,American Gas Association Political Action Committee,Rep. Steve Scalise (R),2025-05-26,2500.00
AMERICAN GAS ASSOCIATION,American Gas Association Political Action Committee,"Rep. Troy Carter, Sr. (D)",2025-05-26,2500.00
AMERICAN GAS ASSOCIATION,American Gas Association Political Action Committee,Sen. Cynthia Lummis (R),2025-05-26,1500.00
AMERICAN GAS ASSOCIATION,American Gas Association Political Action Committee,Rep. Cliff Bentz (R),2025-06-01,1000.00
AMERICAN GAS ASSOCIATION,American Gas Association Political Action Committee,Rep. Kim Schrier (D),2025-06-01,1500.00
AMERICAN GAS ASSOCIATION,American Gas Association Political Action Committee,Rep. Mike Simpson (R),2025-06-01,1500.00
AMERICAN GAS ASSOCIATION,American Gas Association Political Action Committee,Rep. Mike Thompson (D),2025-06-01,1000.00
AMERICAN GAS ASSOCIATION,American Gas Association Political Action Committee,Rep. Nathaniel Moran (R),2025-06-01,1000.00
AMERICAN GAS ASSOCIATION,American Gas Association Political Action Committee,Rep. Rick Allen (R),2025-06-01,1000.00
AMERICAN GAS ASSOCIATION,American Gas Association Political Action Committee,Sen. Roger Wicker (R),2025-06-01,5000.00
AMERICAN GAS ASSOCIATION,American Gas Association Political Action Committee,Rep. Ashley Hinson (R),2025-06-16,1000.00
AMERICAN GAS ASSOCIATION,American Gas Association Political Action Committee,Rep. John Joyce (R),2025-06-16,1000.00
AMERICAN GAS ASSOCIATION,American Gas Association Political Action Committee,Rep. Kat Cammack (R),2025-06-16,1000.00
AMERICAN GAS ASSOCIATION,American Gas Association Political Action Committee,Rep. Michael Rulli (R),2025-06-16,2500.00
AMERICAN GAS ASSOCIATION,American Gas Association Political Action Committee,Rep. Pete Stauber (R),2025-06-16,1000.00
AMERICAN GAS ASSOCIATION,American Gas Association Political Action Committee,Rep. Andrew Garbarino (R),2025-06-29,2500.00
AMERICAN GAS ASSOCIATION,American Gas Association Political Action Committee,Rep. Troy Balderson (R),2025-06-16,2500.00
AMERICAN GAS ASSOCIATION,American Gas Association Political Action Committee,Sen. Lindsey Graham (R),2025-06-16,1000.00
AMERICAN GAS ASSOCIATION,American Gas Association Political Action Committee,Sen. Todd Young (R),2025-06-16,2500.00
AMERICAN GAS ASSOCIATION,American Gas Association Political Action Committee,Rep. Marc Veasey (D),2025-06-16,2500.00
AMERICAN GAS ASSOCIATION,American Gas Association Political Action Committee,Sen. Ted Cruz (R),2025-06-16,5000.00
AMERICAN GAS ASSOCIATION,American Gas Association Political Action Committee,Rep. Gabe Evans (R),2025-06-24,1000.00
AMERICAN GAS ASSOCIATION,American Gas Association Political Action Committee,Rep. Jay Obernolte (R),2025-06-24,1000.00
AMERICAN GAS ASSOCIATION,American Gas Association Political Action Committee,Rep. Morgan Griffith (R),2025-06-24,1000.00
AMERICAN GAS ASSOCIATION,American Gas Association Political Action Committee,Rep. Paul Tonko (D),2025-06-24,1000.00
AMERICAN GAS ASSOCIATION,American Gas Association Political Action Committee,Rep. Richard Neal (D),2025-06-24,2000.00
AMERICAN GAS ASSOCIATION,American Gas Association Political Action Committee,DSCC,2025-01-25,5000.00
AMERICAN GAS ASSOCIATION,American Gas Association Political Action Committee,NRCC,2025-01-25,5000.00
AMERICAN GAS ASSOCIATION,American Gas Association Political Action Committee,NRSC,2025-01-25,15000.00
AMERICAN GAS ASSOCIATION,American Gas Association Political Action Committee,"Rep. Richard Hudson, Jr. (R)",2025-02-28,2000.00
AMERICAN GAS ASSOCIATION,American Gas Association Political Action Committee,Rep. Mariannette Miller-Meeks (R),2025-02-28,1000.00
AMERICAN GAS ASSOCIATION,American Gas Association Political Action Committee,Sen. Bill Cassidy (R),2025-02-28,1000.00
AMERICAN GAS ASSOCIATION,American Gas Association Political Action Committee,Republican Mainstreet Partnership PAC,2025-03-05,5000.00
AMERICAN GAS ASSOCIATION,American Gas Association Political Action Committee,Sen. John Thune (R),2025-03-05,5000.00
AMERICAN GAS ASSOCIATION,American Gas Association Political Action Committee,Rep. Jason Smith (R),2025-03-05,2000.00
AMERICAN GAS ASSOCIATION,American Gas Association Political Action Committee,Rep. Mike Carey (R),2025-03-05,1000.00
AMERICAN GAS ASSOCIATION,American Gas Association Political Action Committee,Rep. Tom Cole (R),2025-03-16,5000.00
AMERICAN GAS ASSOCIATION,American Gas Association Political Action Committee,"Rep. Sam Graves, Jr. (R)",2025-03-16,5000.00
AMERICAN GAS ASSOCIATION,American Gas Association Political Action Committee,"Rep. Sam Graves, Jr. (R)",2025-03-16,5000.00
AMERICAN GAS ASSOCIATION,American Gas Association Political Action Committee,CHC BOLD PAC,2025-03-16,5000.00
AMERICAN GAS ASSOCIATION,American Gas Association Political Action Committee,New Democrat Coalition Action Fund,2025-03-16,5000.00
AMERICAN GAS ASSOCIATION,American Gas Association Political Action Committee,Blue Dog Political Action Committee,2025-03-16,5000.00
AMERICAN GAS ASSOCIATION,American Gas Association Political Action Committee,Congressional Black Caucus PAC,2025-03-19,5000.00
AMERICAN GAS ASSOCIATION,American Gas Association Political Action Committee,Sen. Jim Risch (R),2025-03-19,1000.00
AMERICAN GAS ASSOCIATION,American Gas Association Political Action Committee,Rep. Julia Letlow (R),2025-03-22,1000.00
AMERICAN GAS ASSOCIATION,American Gas Association Political Action Committee,Rep. Julie Fedorchak (R),2025-03-22,2500.00
AMERICAN GAS ASSOCIATION,American Gas Association Political Action Committee,Rep. Bob Latta (R),2025-03-22,2500.00
AMERICAN GAS ASSOCIATION,American Gas Association Political Action Committee,Rep. Dusty Johnson (R),2025-03-22,2500.00
AMERICAN GAS ASSOCIATION,American Gas Association Political Action Committee,Rep. Bruce Westerman (R),2025-03-30,1500.00
AMERICAN GAS ASSOCIATION,American Gas Association Political Action Committee,Sen. Lisa Murkowski (R),2025-04-29,1000.00
AMERICAN GAS ASSOCIATION,American Gas Association Political Action Committee,Sen. Lisa Murkowski (R),2025-04-29,2000.00
AMERICAN GAS ASSOCIATION,American Gas Association Political Action Committee,Rep. Jim Clyburn (D),2025-05-26,2500.00
AMERICAN GAS ASSOCIATION,American Gas Association Political Action Committee,Rep. Bennie Thompson (D),2025-05-26,2500.00
AMERICAN GAS ASSOCIATION,American Gas Association Political Action Committee,Rep. Carol Miller (R),2025-05-26,1000.00
AMERICAN GAS ASSOCIATION,American Gas Association Political Action Committee,Rep. Darin LaHood (R),2025-05-26,2000.00
AMERICAN GAS ASSOCIATION,American Gas Association Political Action Committee,Rep. Lloyd Smucker (R),2025-05-26,2500.00
AMERICAN GAS ASSOCIATION,American Gas Association Political Action Committee,Rep. John Moolenaar (R),2025-05-26,1000.00
AMERICAN GAS ASSOCIATION,American Gas Association Political Action Committee,Rep. Nicole Malliotakis (R),2025-05-26,1000.00
AMERICAN GAS ASSOCIATION,American Gas Association Political Action Committee,Rep. Steve Scalise (R),2025-05-26,2500.00
AMERICAN GAS ASSOCIATION,American Gas Association Political Action Committee,"Rep. Troy Carter, Sr. (D)",2025-05-26,2500.00
AMERICAN GAS ASSOCIATION,American Gas Association Political Action Committee,Sen. Cynthia Lummis (R),2025-05-26,1500.00
AMERICAN GAS ASSOCIATION,American Gas Association Political Action Committee,Rep. Cliff Bentz (R),2025-06-01,1000.00
AMERICAN GAS ASSOCIATION,American Gas Association Political Action Committee,Rep. Kim Schrier (D),2025-06-01,1500.00
AMERICAN GAS ASSOCIATION,American Gas Association Political Action Committee,Rep. Mike Simpson (R),2025-06-01,1500.00
AMERICAN GAS ASSOCIATION,American Gas Association Political Action Committee,Rep. Mike Thompson (D),2025-06-01,1000.00
AMERICAN GAS ASSOCIATION,American Gas Association Political Action Committee,Rep. Nathaniel Moran (R),2025-06-01,1000.00
AMERICAN GAS ASSOCIATION,American Gas Association Political Action Committee,Rep. Rick Allen (R),2025-06-01,1000.00
AMERICAN GAS ASSOCIATION,American Gas Association Political Action Committee,Sen. Roger Wicker (R),2025-06-01,5000.00
AMERICAN GAS ASSOCIATION,American Gas Association Political Action Committee,Rep. Ashley Hinson (R),2025-06-16,1000.00
AMERICAN GAS ASSOCIATION,American Gas Association Political Action Committee,Rep. John Joyce (R),2025-06-16,1000.00
AMERICAN GAS ASSOCIATION,American Gas Association Political Action Committee,Rep. Kat Cammack (R),2025-06-16,1000.00
AMERICAN GAS ASSOCIATION,American Gas Association Political Action Committee,Rep. Michael Rulli (R),2025-06-16,2500.00
AMERICAN GAS ASSOCIATION,American Gas Association Political Action Committee,Rep. Pete Stauber (R),2025-06-16,1000.00
AMERICAN GAS ASSOCIATION,American Gas Association Political Action Committee,Rep. Andrew Garbarino (R),2025-06-29,2500.00
AMERICAN GAS ASSOCIATION,American Gas Association Political Action Committee,Rep. Troy Balderson (R),2025-06-16,2500.00
AMERICAN GAS ASSOCIATION,American Gas Association Political Action Committee,Sen. Lindsey Graham (R),2025-06-16,1000.00
AMERICAN GAS ASSOCIATION,American Gas Association Political Action Committee,Sen. Todd Young (R),2025-06-16,2500.00
AMERICAN GAS ASSOCIATION,American Gas Association Political Action Committee,Rep. Marc Veasey (D),2025-06-16,2500.00
AMERICAN GAS ASSOCIATION,American Gas Association Political Action Committee,Sen. Ted Cruz (R),2025-06-16,5000.00
AMERICAN GAS ASSOCIATION,American Gas Association Political Action Committee,Rep. Gabe Evans (R),2025-06-24,1000.00
AMERICAN GAS ASSOCIATION,American Gas Association Political Action Committee,Rep. Jay Obernolte (R),2025-06-24,1000.00
AMERICAN GAS ASSOCIATION,American Gas Association Political Action Committee,Rep. Morgan Griffith (R),2025-06-24,1000.00
AMERICAN GAS ASSOCIATION,American Gas Association Political Action Committee,Rep. Paul Tonko (D),2025-06-24,1000.00
AMERICAN GAS ASSOCIATION,American Gas Association Political Action Committee,Rep. Richard Neal (D),2025-06-24,2000.00
AMERICAN GAS ASSOCIATION,American Gas Association Political Action Committee,DSCC,2025-01-25,5000.00
AMERICAN GAS ASSOCIATION,American Gas Association Political Action Committee,NRCC,2025-01-25,5000.00
AMERICAN GAS ASSOCIATION,American Gas Association Political Action Committee,NRSC,2025-01-25,15000.00
AMERICAN GAS ASSOCIATION,American Gas Association Political Action Committee,"Rep. Richard Hudson, Jr. (R)",2025-02-28,2000.00
AMERICAN GAS ASSOCIATION,American Gas Association Political Action Committee,Rep. Mariannette Miller-Meeks (R),2025-02-28,1000.00
AMERICAN GAS ASSOCIATION,American Gas Association Political Action Committee,Sen. Bill Cassidy (R),2025-02-28,1000.00
AMERICAN GAS ASSOCIATION,American Gas Association Political Action Committee,Republican Mainstreet Partnership PAC,2025-03-05,5000.00
AMERICAN GAS ASSOCIATION,American Gas Association Political Action Committee,Sen. John Thune (R),2025-03-05,5000.00
AMERICAN GAS ASSOCIATION,American Gas Association Political Action Committee,Rep. Jason Smith (R),2025-03-05,2000.00
AMERICAN GAS ASSOCIATION,American Gas Association Political Action Committee,Rep. Mike Carey (R),2025-03-05,1000.00
AMERICAN GAS ASSOCIATION,American Gas Association Political Action Committee,Rep. Tom Cole (R),2025-03-16,5000.00
AMERICAN GAS ASSOCIATION,American Gas Association Political Action Committee,"Rep. Sam Graves, Jr. (R)",2025-03-16,5000.00
AMERICAN GAS ASSOCIATION,American Gas Association Political Action Committee,"Rep. Sam Graves, Jr. (R)",2025-03-16,5000.00
AMERICAN GAS ASSOCIATION,American Gas Association Political Action Committee,CHC BOLD PAC,2025-03-16,5000.00
AMERICAN GAS ASSOCIATION,American Gas Association Political Action Committee,New Democrat Coalition Action Fund,2025-03-16,5000.00
AMERICAN GAS ASSOCIATION,American Gas Association Political Action Committee,Blue Dog Political Action Committee,2025-03-16,5000.00
AMERICAN GAS ASSOCIATION,American Gas Association Political Action Committee,Congressional Black Caucus PAC,2025-03-19,5000.00
AMERICAN GAS ASSOCIATION,American Gas Association Political Action Committee,Sen. Jim Risch (R),2025-03-19,1000.00
AMERICAN GAS ASSOCIATION,American Gas Association Political Action Committee,Rep. Julia Letlow (R),2025-03-22,1000.00
AMERICAN GAS ASSOCIATION,American Gas Association Political Action Committee,Rep. Julie Fedorchak (R),2025-03-22,2500.00
AMERICAN GAS ASSOCIATION,American Gas Association Political Action Committee,Rep. Bob Latta (R),2025-03-22,2500.00
AMERICAN GAS ASSOCIATION,American Gas Association Political Action Committee,Rep. Dusty Johnson (R),2025-03-22,2500.00
AMERICAN GAS ASSOCIATION,American Gas Association Political Action Committee,Rep. Bruce Westerman (R),2025-03-30,1500.00
AMERICAN GAS ASSOCIATION,American Gas Association Political Action Committee,Sen. Lisa Murkowski (R),2025-04-29,1000.00
AMERICAN GAS ASSOCIATION,American Gas Association Political Action Committee,Sen. Lisa Murkowski (R),2025-04-29,2000.00
AMERICAN GAS ASSOCIATION,American Gas Association Political Action Committee,Rep. Jim Clyburn (D),2025-05-26,2500.00
AMERICAN GAS ASSOCIATION,American Gas Association Political Action Committee,Rep. Bennie Thompson (D),2025-05-26,2500.00
AMERICAN GAS ASSOCIATION,American Gas Association Political Action Committee,Rep. Carol Miller (R),2025-05-26,1000.00
AMERICAN GAS ASSOCIATION,American Gas Association Political Action Committee,Rep. Darin LaHood (R),2025-05-26,2000.00
AMERICAN GAS ASSOCIATION,American Gas Association Political Action Committee,Rep. Lloyd Smucker (R),2025-05-26,2500.00
AMERICAN GAS ASSOCIATION,American Gas Association Political Action Committee,Rep. John Moolenaar (R),2025-05-26,1000.00
AMERICAN GAS ASSOCIATION,American Gas Association Political Action Committee,Rep. Nicole Malliotakis (R),2025-05-26,1000.00
AMERICAN GAS ASSOCIATION,American Gas Association Political Action Committee,Rep. Steve Scalise (R),2025-05-26,2500.00
AMERICAN GAS ASSOCIATION,American Gas Association Political Action Committee,"Rep. Troy Carter, Sr. (D)",2025-05-26,2500.00
AMERICAN GAS ASSOCIATION,American Gas Association Political Action Committee,Sen. Cynthia Lummis (R),2025-05-26,1500.00
AMERICAN GAS ASSOCIATION,American Gas Association Political Action Committee,Rep. Cliff Bentz (R),2025-06-01,1000.00
AMERICAN GAS ASSOCIATION,American Gas Association Political Action Committee,Rep. Kim Schrier (D),2025-06-01,1500.00
AMERICAN GAS ASSOCIATION,American Gas Association Political Action Committee,Rep. Mike Simpson (R),2025-06-01,1500.00
AMERICAN GAS ASSOCIATION,American Gas Association Political Action Committee,Rep. Mike Thompson (D),2025-06-01,1000.00
AMERICAN GAS ASSOCIATION,American Gas Association Political Action Committee,Rep. Nathaniel Moran (R),2025-06-01,1000.00
AMERICAN GAS ASSOCIATION,American Gas Association Political Action Committee,Rep. Rick Allen (R),2025-06-01,1000.00
AMERICAN GAS ASSOCIATION,American Gas Association Political Action Committee,Sen. Roger Wicker (R),2025-06-01,5000.00
AMERICAN GAS ASSOCIATION,American Gas Association Political Action Committee,Rep. Ashley Hinson (R),2025-06-16,1000.00
AMERICAN GAS ASSOCIATION,American Gas Association Political Action Committee,Rep. John Joyce (R),2025-06-16,1000.00
AMERICAN GAS ASSOCIATION,American Gas Association Political Action Committee,Rep. Kat Cammack (R),2025-06-16,1000.00
AMERICAN GAS ASSOCIATION,American Gas Association Political Action Committee,Rep. Michael Rulli (R),2025-06-16,2500.00
AMERICAN GAS ASSOCIATION,American Gas Association Political Action Committee,Rep. Pete Stauber (R),2025-06-16,1000.00
AMERICAN GAS ASSOCIATION,American Gas Association Political Action Committee,Rep. Andrew Garbarino (R),2025-06-29,2500.00
AMERICAN GAS ASSOCIATION,American Gas Association Political Action Committee,Rep. Troy Balderson (R),2025-06-16,2500.00
AMERICAN GAS ASSOCIATION,American Gas Association Political Action Committee,Sen. Lindsey Graham (R),2025-06-16,1000.00
AMERICAN GAS ASSOCIATION,American Gas Association Political Action Committee,Sen. Todd Young (R),2025-06-16,2500.00
AMERICAN GAS ASSOCIATION,American Gas Association Political Action Committee,Rep. Marc Veasey (D),2025-06-16,2500.00
AMERICAN GAS ASSOCIATION,American Gas Association Political Action Committee,Sen. Ted Cruz (R),2025-06-16,5000.00
AMERICAN GAS ASSOCIATION,American Gas Association Political Action Committee,Rep. Gabe Evans (R),2025-06-24,1000.00
AMERICAN GAS ASSOCIATION,American Gas Association Political Action Committee,Rep. Jay Obernolte (R),2025-06-24,1000.00
AMERICAN GAS ASSOCIATION,American Gas Association Political Action Committee,Rep. Morgan Griffith (R),2025-06-24,1000.00
AMERICAN GAS ASSOCIATION,American Gas Association Political Action Committee,Rep. Paul Tonko (D),2025-06-24,1000.00
AMERICAN GAS ASSOCIATION,American Gas Association Political Action Committee,Rep. Richard Neal (D),2025-06-24,2000.00
AMERICAN GAS ASSOCIATION,American Gas Association Political Action Committee,DSCC,2025-01-25,5000.00
AMERICAN GAS ASSOCIATION,American Gas Association Political Action Committee,NRCC,2025-01-25,5000.00
AMERICAN GAS ASSOCIATION,American Gas Association Political Action Committee,NRSC,2025-01-25,15000.00
AMERICAN GAS ASSOCIATION,American Gas Association Political Action Committee,"Rep. Richard Hudson, Jr. (R)",2025-02-28,2000.00
AMERICAN GAS ASSOCIATION,American Gas Association Political Action Committee,Rep. Mariannette Miller-Meeks (R),2025-02-28,1000.00
AMERICAN GAS ASSOCIATION,American Gas Association Political Action Committee,Sen. Bill Cassidy (R),2025-02-28,1000.00
AMERICAN GAS ASSOCIATION,American Gas Association Political Action Committee,Republican Mainstreet Partnership PAC,2025-03-05,5000.00
AMERICAN GAS ASSOCIATION,American Gas Association Political Action Committee,Sen. John Thune (R),2025-03-05,5000.00
AMERICAN GAS ASSOCIATION,American Gas Association Political Action Committee,Rep. Jason Smith (R),2025-03-05,2000.00
AMERICAN GAS ASSOCIATION,American Gas Association Political Action Committee,Rep. Mike Carey (R),2025-03-05,1000.00
AMERICAN GAS ASSOCIATION,American Gas Association Political Action Committee,Rep. Tom Cole (R),2025-03-16,5000.00
AMERICAN GAS ASSOCIATION,American Gas Association Political Action Committee,"Rep. Sam Graves, Jr. (R)",2025-03-16,5000.00
AMERICAN GAS ASSOCIATION,American Gas Association Political Action Committee,"Rep. Sam Graves, Jr. (R)",2025-03-16,5000.00
AMERICAN GAS ASSOCIATION,American Gas Association Political Action Committee,CHC BOLD PAC,2025-03-16,5000.00
AMERICAN GAS ASSOCIATION,American Gas Association Political Action Committee,New Democrat Coalition Action Fund,2025-03-16,5000.00
AMERICAN GAS ASSOCIATION,American Gas Association Political Action Committee,Blue Dog Political Action Committee,2025-03-16,5000.00
AMERICAN GAS ASSOCIATION,American Gas Association Political Action Committee,Congressional Black Caucus PAC,2025-03-19,5000.00
AMERICAN GAS ASSOCIATION,American Gas Association Political Action Committee,Sen. Jim Risch (R),2025-03-19,1000.00
AMERICAN GAS ASSOCIATION,American Gas Association Political Action Committee,Rep. Julia Letlow (R),2025-03-22,1000.00
AMERICAN GAS ASSOCIATION,American Gas Association Political Action Committee,Rep. Julie Fedorchak (R),2025-03-22,2500.00
AMERICAN GAS ASSOCIATION,American Gas Association Political Action Committee,Rep. Bob Latta (R),2025-03-22,2500.00
AMERICAN GAS ASSOCIATION,American Gas Association Political Action Committee,Rep. Dusty Johnson (R),2025-03-22,2500.00
AMERICAN GAS ASSOCIATION,American Gas Association Political Action Committee,Rep. Bruce Westerman (R),2025-03-30,1500.00
AMERICAN GAS ASSOCIATION,American Gas Association Political Action Committee,Sen. Lisa Murkowski (R),2025-04-29,1000.00
AMERICAN GAS ASSOCIATION,American Gas Association Political Action Committee,Sen. Lisa Murkowski (R),2025-04-29,2000.00
AMERICAN GAS ASSOCIATION,American Gas Association Political Action Committee,Rep. Jim Clyburn (D),2025-05-26,2500.00
AMERICAN GAS ASSOCIATION,American Gas Association Political Action Committee,Rep. Bennie Thompson (D),2025-05-26,2500.00
AMERICAN GAS ASSOCIATION,American Gas Association Political Action Committee,Rep. Carol Miller (R),2025-05-26,1000.00
AMERICAN GAS ASSOCIATION,American Gas Association Political Action Committee,Rep. Darin LaHood (R),2025-05-26,2000.00
AMERICAN GAS ASSOCIATION,American Gas Association Political Action Committee,Rep. Lloyd Smucker (R),2025-05-26,2500.00
AMERICAN GAS ASSOCIATION,American Gas Association Political Action Committee,Rep. John Moolenaar (R),2025-05-26,1000.00
AMERICAN GAS ASSOCIATION,American Gas Association Political Action Committee,Rep. Nicole Malliotakis (R),2025-05-26,1000.00
AMERICAN GAS ASSOCIATION,American Gas Association Political Action Committee,Rep. Steve Scalise (R),2025-05-26,2500.00
AMERICAN GAS ASSOCIATION,American Gas Association Political Action Committee,"Rep. Troy Carter, Sr. (D)",2025-05-26,2500.00
AMERICAN GAS ASSOCIATION,American Gas Association Political Action Committee,Sen. Cynthia Lummis (R),2025-05-26,1500.00
AMERICAN GAS ASSOCIATION,American Gas Association Political Action Committee,Rep. Cliff Bentz (R),2025-06-01,1000.00
AMERICAN GAS ASSOCIATION,American Gas Association Political Action Committee,Rep. Kim Schrier (D),2025-06-01,1500.00
AMERICAN GAS ASSOCIATION,American Gas Association Political Action Committee,Rep. Mike Simpson (R),2025-06-01,1500.00
AMERICAN GAS ASSOCIATION,American Gas Association Political Action Committee,Rep. Mike Thompson (D),2025-06-01,1000.00
AMERICAN GAS ASSOCIATION,American Gas Association Political Action Committee,Rep. Nathaniel Moran (R),2025-06-01,1000.00
AMERICAN GAS ASSOCIATION,American Gas Association Political Action Committee,Rep. Rick Allen (R),2025-06-01,1000.00
AMERICAN GAS ASSOCIATION,American Gas Association Political Action Committee,Sen. Roger Wicker (R),2025-06-01,5000.00
AMERICAN GAS ASSOCIATION,American Gas Association Political Action Committee,Rep. Ashley Hinson (R),2025-06-16,1000.00
AMERICAN GAS ASSOCIATION,American Gas Association Political Action Committee,Rep. John Joyce (R),2025-06-16,1000.00
AMERICAN GAS ASSOCIATION,American Gas Association Political Action Committee,Rep. Kat Cammack (R),2025-06-16,1000.00
AMERICAN GAS ASSOCIATION,American Gas Association Political Action Committee,Rep. Michael Rulli (R),2025-06-16,2500.00
AMERICAN GAS ASSOCIATION,American Gas Association Political Action Committee,Rep. Pete Stauber (R),2025-06-16,1000.00
AMERICAN GAS ASSOCIATION,American Gas Association Political Action Committee,Rep. Andrew Garbarino (R),2025-06-29,2500.00
AMERICAN GAS ASSOCIATION,American Gas Association Political Action Committee,Rep. Troy Balderson (R),2025-06-16,2500.00
AMERICAN GAS ASSOCIATION,American Gas Association Political Action Committee,Sen. Lindsey Graham (R),2025-06-16,1000.00
AMERICAN GAS ASSOCIATION,American Gas Association Political Action Committee,Sen. Todd Young (R),2025-06-16,2500.00
AMERICAN GAS ASSOCIATION,American Gas Association Political Action Committee,Rep. Marc Veasey (D),2025-06-16,2500.00
AMERICAN GAS ASSOCIATION,American Gas Association Political Action Committee,Sen. Ted Cruz (R),2025-06-16,5000.00
AMERICAN GAS ASSOCIATION,American Gas Association Political Action Committee,Rep. Gabe Evans (R),2025-06-24,1000.00
AMERICAN GAS ASSOCIATION,American Gas Association Political Action Committee,Rep. Jay Obernolte (R),2025-06-24,1000.00
AMERICAN GAS ASSOCIATION,American Gas Association Political Action Committee,Rep. Morgan Griffith (R),2025-06-24,1000.00
AMERICAN GAS ASSOCIATION,American Gas Association Political Action Committee,Rep. Paul Tonko (D),2025-06-24,1000.00
AMERICAN GAS ASSOCIATION,American Gas Association Political Action Committee,Rep. Richard Neal (D),2025-06-24,2000.00
AMERICAN GAS ASSOCIATION,American Gas Association Political Action Committee,DSCC,2025-01-25,5000.00
AMERICAN GAS ASSOCIATION,American Gas Association Political Action Committee,NRCC,2025-01-25,5000.00
AMERICAN GAS ASSOCIATION,American Gas Association Political Action Committee,NRSC,2025-01-25,15000.00
AMERICAN GAS ASSOCIATION,American Gas Association Political Action Committee,"Rep. Richard Hudson, Jr. (R)",2025-02-28,2000.00
AMERICAN GAS ASSOCIATION,American Gas Association Political Action Committee,Rep. Mariannette Miller-Meeks (R),2025-02-28,1000.00
AMERICAN GAS ASSOCIATION,American Gas Association Political Action Committee,Sen. Bill Cassidy (R),2025-02-28,1000.00
AMERICAN GAS ASSOCIATION,American Gas Association Political Action Committee,Republican Mainstreet Partnership PAC,2025-03-05,5000.00
AMERICAN GAS ASSOCIATION,American Gas Association Political Action Committee,Sen. John Thune (R),2025-03-05,5000.00
AMERICAN GAS ASSOCIATION,American Gas Association Political Action Committee,Rep. Jason Smith (R),2025-03-05,2000.00
AMERICAN GAS ASSOCIATION,American Gas Association Political Action Committee,Rep. Mike Carey (R),2025-03-05,1000.00
AMERICAN GAS ASSOCIATION,American Gas Association Political Action Committee,Rep. Tom Cole (R),2025-03-16,5000.00
AMERICAN GAS ASSOCIATION,American Gas Association Political Action Committee,"Rep. Sam Graves, Jr. (R)",2025-03-16,5000.00
AMERICAN GAS ASSOCIATION,American Gas Association Political Action Committee,"Rep. Sam Graves, Jr. (R)",2025-03-16,5000.00
AMERICAN GAS ASSOCIATION,American Gas Association Political Action Committee,CHC BOLD PAC,2025-03-16,5000.00
AMERICAN GAS ASSOCIATION,American Gas Association Political Action Committee,New Democrat Coalition Action Fund,2025-03-16,5000.00
AMERICAN GAS ASSOCIATION,American Gas Association Political Action Committee,Blue Dog Political Action Committee,2025-03-16,5000.00
AMERICAN GAS ASSOCIATION,American Gas Association Political Action Committee,Congressional Black Caucus PAC,2025-03-19,5000.00
AMERICAN GAS ASSOCIATION,American Gas Association Political Action Committee,Sen. Jim Risch (R),2025-03-19,1000.00
AMERICAN GAS ASSOCIATION,American Gas Association Political Action Committee,Rep. Julia Letlow (R),2025-03-22,1000.00
AMERICAN GAS ASSOCIATION,American Gas Association Political Action Committee,Rep. Julie Fedorchak (R),2025-03-22,2500.00
AMERICAN GAS ASSOCIATION,American Gas Association Political Action Committee,Rep. Bob Latta (R),2025-03-22,2500.00
AMERICAN GAS ASSOCIATION,American Gas Association Political Action Committee,Rep. Dusty Johnson (R),2025-03-22,2500.00
AMERICAN GAS ASSOCIATION,American Gas Association Political Action Committee,Rep. Bruce Westerman (R),2025-03-30,1500.00
AMERICAN GAS ASSOCIATION,American Gas Association Political Action Committee,Sen. Lisa Murkowski (R),2025-04-29,1000.00
AMERICAN GAS ASSOCIATION,American Gas Association Political Action Committee,Sen. Lisa Murkowski (R),2025-04-29,2000.00
AMERICAN GAS ASSOCIATION,American Gas Association Political Action Committee,Rep. Jim Clyburn (D),2025-05-26,2500.00
AMERICAN GAS ASSOCIATION,American Gas Association Political Action Committee,Rep. Bennie Thompson (D),2025-05-26,2500.00
AMERICAN GAS ASSOCIATION,American Gas Association Political Action Committee,Rep. Carol Miller (R),2025-05-26,1000.00
AMERICAN GAS ASSOCIATION,American Gas Association Political Action Committee,Rep. Darin LaHood (R),2025-05-26,2000.00
AMERICAN GAS ASSOCIATION,American Gas Association Political Action Committee,Rep. Lloyd Smucker (R),2025-05-26,2500.00
AMERICAN GAS ASSOCIATION,American Gas Association Political Action Committee,Rep. John Moolenaar (R),2025-05-26,1000.00
AMERICAN GAS ASSOCIATION,American Gas Association Political Action Committee,Rep. Nicole Malliotakis (R),2025-05-26,1000.00
AMERICAN GAS ASSOCIATION,American Gas Association Political Action Committee,Rep. Steve Scalise (R),2025-05-26,2500.00
AMERICAN GAS ASSOCIATION,American Gas Association Political Action Committee,"Rep. Troy Carter, Sr. (D)",2025-05-26,2500.00
AMERICAN GAS ASSOCIATION,American Gas Association Political Action Committee,Sen. Cynthia Lummis (R),2025-05-26,1500.00
AMERICAN GAS ASSOCIATION,American Gas Association Political Action Committee,Rep. Cliff Bentz (R),2025-06-01,1000.00
AMERICAN GAS ASSOCIATION,American Gas Association Political Action Committee,Rep. Kim Schrier (D),2025-06-01,1500.00
AMERICAN GAS ASSOCIATION,American Gas Association Political Action Committee,Rep. Mike Simpson (R),2025-06-01,1500.00
AMERICAN GAS ASSOCIATION,American Gas Association Political Action Committee,Rep. Mike Thompson (D),2025-06-01,1000.00
AMERICAN GAS ASSOCIATION,American Gas Association Political Action Committee,Rep. Nathaniel Moran (R),2025-06-01,1000.00
AMERICAN GAS ASSOCIATION,American Gas Association Political Action Committee,Rep. Rick Allen (R),2025-06-01,1000.00
AMERICAN GAS ASSOCIATION,American Gas Association Political Action Committee,Sen. Roger Wicker (R),2025-06-01,5000.00
AMERICAN GAS ASSOCIATION,American Gas Association Political Action Committee,Rep. Ashley Hinson (R),2025-06-16,1000.00
AMERICAN GAS ASSOCIATION,American Gas Association Political Action Committee,Rep. John Joyce (R),2025-06-16,1000.00
AMERICAN GAS ASSOCIATION,American Gas Association Political Action Committee,Rep. Kat Cammack (R),2025-06-16,1000.00
AMERICAN GAS ASSOCIATION,American Gas Association Political Action Committee,Rep. Michael Rulli (R),2025-06-16,2500.00
AMERICAN GAS ASSOCIATION,American Gas Association Political Action Committee,Rep. Pete Stauber (R),2025-06-16,1000.00
AMERICAN GAS ASSOCIATION,American Gas Association Political Action Committee,Rep. Andrew Garbarino (R),2025-06-29,2500.00
AMERICAN GAS ASSOCIATION,American Gas Association Political Action Committee,Rep. Troy Balderson (R),2025-06-16,2500.00
AMERICAN GAS ASSOCIATION,American Gas Association Political Action Committee,Sen. Lindsey Graham (R),2025-06-16,1000.00
AMERICAN GAS ASSOCIATION,American Gas Association Political Action Committee,Sen. Todd Young (R),2025-06-16,2500.00
AMERICAN GAS ASSOCIATION,American Gas Association Political Action Committee,Rep. Marc Veasey (D),2025-06-16,2500.00
AMERICAN GAS ASSOCIATION,American Gas Association Political Action Committee,Sen. Ted Cruz (R),2025-06-16,5000.00
AMERICAN GAS ASSOCIATION,American Gas Association Political Action Committee,Rep. Gabe Evans (R),2025-06-24,1000.00
AMERICAN GAS ASSOCIATION,American Gas Association Political Action Committee,Rep. Jay Obernolte (R),2025-06-24,1000.00
AMERICAN GAS ASSOCIATION,American Gas Association Political Action Committee,Rep. Morgan Griffith (R),2025-06-24,1000.00
AMERICAN GAS ASSOCIATION,American Gas Association Political Action Committee,Rep. Paul Tonko (D),2025-06-24,1000.00
AMERICAN GAS ASSOCIATION,American Gas Association Political Action Committee,Rep. Richard Neal (D),2025-06-24,2000.00
AMERICAN GAS ASSOCIATION,American Gas Association Political Action Committee,DSCC,2025-01-25,5000.00
AMERICAN GAS ASSOCIATION,American Gas Association Political Action Committee,NRCC,2025-01-25,5000.00
AMERICAN GAS ASSOCIATION,American Gas Association Political Action Committee,NRSC,2025-01-25,15000.00
AMERICAN GAS ASSOCIATION,American Gas Association Political Action Committee,"Rep. Richard Hudson, Jr. (R)",2025-02-28,2000.00
AMERICAN GAS ASSOCIATION,American Gas Association Political Action Committee,Rep. Mariannette Miller-Meeks (R),2025-02-28,1000.00
AMERICAN GAS ASSOCIATION,American Gas Association Political Action Committee,Sen. Bill Cassidy (R),2025-02-28,1000.00
AMERICAN GAS ASSOCIATION,American Gas Association Political Action Committee,Republican Mainstreet Partnership PAC,2025-03-05,5000.00
AMERICAN GAS ASSOCIATION,American Gas Association Political Action Committee,Sen. John Thune (R),2025-03-05,5000.00
AMERICAN GAS ASSOCIATION,American Gas Association Political Action Committee,Rep. Jason Smith (R),2025-03-05,2000.00
AMERICAN GAS ASSOCIATION,American Gas Association Political Action Committee,Rep. Mike Carey (R),2025-03-05,1000.00
AMERICAN GAS ASSOCIATION,American Gas Association Political Action Committee,Rep. Tom Cole (R),2025-03-16,5000.00
AMERICAN GAS ASSOCIATION,American Gas Association Political Action Committee,"Rep. Sam Graves, Jr. (R)",2025-03-16,5000.00
AMERICAN GAS ASSOCIATION,American Gas Association Political Action Committee,"Rep. Sam Graves, Jr. (R)",2025-03-16,5000.00
AMERICAN GAS ASSOCIATION,American Gas Association Political Action Committee,CHC BOLD PAC,2025-03-16,5000.00
AMERICAN GAS ASSOCIATION,American Gas Association Political Action Committee,New Democrat Coalition Action Fund,2025-03-16,5000.00
AMERICAN GAS ASSOCIATION,American Gas Association Political Action Committee,Blue Dog Political Action Committee,2025-03-16,5000.00
AMERICAN GAS ASSOCIATION,American Gas Association Political Action Committee,Congressional Black Caucus PAC,2025-03-19,5000.00
AMERICAN GAS ASSOCIATION,American Gas Association Political Action Committee,Sen. Jim Risch (R),2025-03-19,1000.00
AMERICAN GAS ASSOCIATION,American Gas Association Political Action Committee,Rep. Julia Letlow (R),2025-03-22,1000.00
AMERICAN GAS ASSOCIATION,American Gas Association Political Action Committee,Rep. Julie Fedorchak (R),2025-03-22,2500.00
AMERICAN GAS ASSOCIATION,American Gas Association Political Action Committee,Rep. Bob Latta (R),2025-03-22,2500.00
AMERICAN GAS ASSOCIATION,American Gas Association Political Action Committee,Rep. Dusty Johnson (R),2025-03-22,2500.00
AMERICAN GAS ASSOCIATION,American Gas Association Political Action Committee,Rep. Bruce Westerman (R),2025-03-30,1500.00
AMERICAN GAS ASSOCIATION,American Gas Association Political Action Committee,Sen. Lisa Murkowski (R),2025-04-29,1000.00
AMERICAN GAS ASSOCIATION,American Gas Association Political Action Committee,Sen. Lisa Murkowski (R),2025-04-29,2000.00
AMERICAN GAS ASSOCIATION,American Gas Association Political Action Committee,Rep. Jim Clyburn (D),2025-05-26,2500.00
AMERICAN GAS ASSOCIATION,American Gas Association Political Action Committee,Rep. Bennie Thompson (D),2025-05-26,2500.00
AMERICAN GAS ASSOCIATION,American Gas Association Political Action Committee,Rep. Carol Miller (R),2025-05-26,1000.00
AMERICAN GAS ASSOCIATION,American Gas Association Political Action Committee,Rep. Darin LaHood (R),2025-05-26,2000.00
AMERICAN GAS ASSOCIATION,American Gas Association Political Action Committee,Rep. Lloyd Smucker (R),2025-05-26,2500.00
AMERICAN GAS ASSOCIATION,American Gas Association Political Action Committee,Rep. John Moolenaar (R),2025-05-26,1000.00
AMERICAN GAS ASSOCIATION,American Gas Association Political Action Committee,Rep. Nicole Malliotakis (R),2025-05-26,1000.00
AMERICAN GAS ASSOCIATION,American Gas Association Political Action Committee,Rep. Steve Scalise (R),2025-05-26,2500.00
AMERICAN GAS ASSOCIATION,American Gas Association Political Action Committee,"Rep. Troy Carter, Sr. (D)",2025-05-26,2500.00
AMERICAN GAS ASSOCIATION,American Gas Association Political Action Committee,Sen. Cynthia Lummis (R),2025-05-26,1500.00
AMERICAN GAS ASSOCIATION,American Gas Association Political Action Committee,Rep. Cliff Bentz (R),2025-06-01,1000.00
AMERICAN GAS ASSOCIATION,American Gas Association Political Action Committee,Rep. Kim Schrier (D),2025-06-01,1500.00
AMERICAN GAS ASSOCIATION,American Gas Association Political Action Committee,Rep. Mike Simpson (R),2025-06-01,1500.00
AMERICAN GAS ASSOCIATION,American Gas Association Political Action Committee,Rep. Mike Thompson (D),2025-06-01,1000.00
AMERICAN GAS ASSOCIATION,American Gas Association Political Action Committee,Rep. Nathaniel Moran (R),2025-06-01,1000.00
AMERICAN GAS ASSOCIATION,American Gas Association Political Action Committee,Rep. Rick Allen (R),2025-06-01,1000.00
AMERICAN GAS ASSOCIATION,American Gas Association Political Action Committee,Sen. Roger Wicker (R),2025-06-01,5000.00
AMERICAN GAS ASSOCIATION,American Gas Association Political Action Committee,Rep. Ashley Hinson (R),2025-06-16,1000.00
AMERICAN GAS ASSOCIATION,American Gas Association Political Action Committee,Rep. John Joyce (R),2025-06-16,1000.00
AMERICAN GAS ASSOCIATION,American Gas Association Political Action Committee,Rep. Kat Cammack (R),2025-06-16,1000.00
AMERICAN GAS ASSOCIATION,American Gas Association Political Action Committee,Rep. Michael Rulli (R),2025-06-16,2500.00
AMERICAN GAS ASSOCIATION,American Gas Association Political Action Committee,Rep. Pete Stauber (R),2025-06-16,1000.00
AMERICAN GAS ASSOCIATION,American Gas Association Political Action Committee,Rep. Andrew Garbarino (R),2025-06-29,2500.00
AMERICAN GAS ASSOCIATION,American Gas Association Political Action Committee,Rep. Troy Balderson (R),2025-06-16,2500.00
AMERICAN GAS ASSOCIATION,American Gas Association Political Action Committee,Sen. Lindsey Graham (R),2025-06-16,1000.00
AMERICAN GAS ASSOCIATION,American Gas Association Political Action Committee,Sen. Todd Young (R),2025-06-16,2500.00
AMERICAN GAS ASSOCIATION,American Gas Association Political Action Committee,Rep. Marc Veasey (D),2025-06-16,2500.00
AMERICAN GAS ASSOCIATION,American Gas Association Political Action Committee,Sen. Ted Cruz (R),2025-06-16,5000.00
AMERICAN GAS ASSOCIATION,American Gas Association Political Action Committee,Rep. Gabe Evans (R),2025-06-24,1000.00
AMERICAN GAS ASSOCIATION,American Gas Association Political Action Committee,Rep. Jay Obernolte (R),2025-06-24,1000.00
AMERICAN GAS ASSOCIATION,American Gas Association Political Action Committee,Rep. Morgan Griffith (R),2025-06-24,1000.00
AMERICAN GAS ASSOCIATION,American Gas Association Political Action Committee,Rep. Paul Tonko (D),2025-06-24,1000.00
AMERICAN GAS ASSOCIATION,American Gas Association Political Action Committee,Rep. Richard Neal (D),2025-06-24,2000.00
ALCALDE & FAY,,Senator Cory Booker,2025-04-02,100.00
ALCALDE & FAY,,Congressman Gerry Connolly,2025-03-17,2000.00
ALCALDE & FAY,,James Walkinshaw,2025-06-19,1000.00
ALCALDE & FAY,,Senator Cory Booker,2025-04-02,100.00
ALCALDE & FAY,,Congressman Gerry Connolly,2025-03-17,2000.00
ALCALDE & FAY,,James Walkinshaw,2025-06-19,1000.00
"HEALTHEQUITY, INC.","HealthEquity Inc, PAC",Representative Jimmy Panetta - LPAC,2025-01-15,2500.00
"HEALTHEQUITY, INC.","HealthEquity Inc, PAC",Representative Bradley Schneider,2025-01-15,5000.00
"HEALTHEQUITY, INC.","HealthEquity Inc, PAC",Representative Bradley Schneider,2025-01-15,5000.00
"HEALTHEQUITY, INC.","HealthEquity Inc, PAC",Representative Jimmy Panetta,2025-01-15,5000.00
"HEALTHEQUITY, INC.","HealthEquity Inc, PAC",Representative Jimmy Panetta,2025-01-15,5000.00
"HEALTHEQUITY, INC.","HealthEquity Inc, PAC",Representative Bradley Schneider,2025-03-14,5000.00
"HEALTHEQUITY, INC.","HealthEquity Inc, PAC",Representative Blake Moore,2025-03-14,5000.00
"HEALTHEQUITY, INC.","HealthEquity Inc, PAC",Representative Blake Moore,2025-03-14,5000.00
"HEALTHEQUITY, INC.","HealthEquity Inc, PAC",Representative August Pfluger - JFC,2025-03-24,2500.00
"HEALTHEQUITY, INC.","HealthEquity Inc, PAC",Senator John Curtis,2025-04-10,1500.00
"HEALTHEQUITY, INC.","HealthEquity Inc, PAC",Senator Thom Tillis,2025-05-05,2000.00
"HEALTHEQUITY, INC.","HealthEquity Inc, PAC",Senatore Thom Tillis,2025-05-05,3000.00
"HEALTHEQUITY, INC.","HealthEquity Inc, PAC",Representative Thomas Emmer - JFC,2025-05-06,1500.00
"HEALTHEQUITY, INC.","HealthEquity Inc, PAC",Representative David Schweikert,2025-05-06,1000.00
"HEALTHEQUITY, INC.","HealthEquity Inc, PAC",Representative Chip Roy,2025-05-09,2500.00
"HEALTHEQUITY, INC.","HealthEquity Inc, PAC",Representative Jason Smith - LPAC,2025-06-04,3000.00
"HEALTHEQUITY, INC.","HealthEquity Inc, PAC",Senator Roger Marshall,2025-06-04,2000.00
"HEALTHEQUITY, INC.","HealthEquity Inc, PAC",Representative David Valadao,2025-06-10,2500.00
"HEALTHEQUITY, INC.","HealthEquity Inc, PAC",Representative Celeste Maloy,2025-06-10,2500.00
"HEALTHEQUITY, INC.","HealthEquity Inc, PAC",Representative Brian Fitzpatrick,2025-06-10,2500.00
"HEALTHEQUITY, INC.","HealthEquity Inc, PAC",Senator Roger Marshall,2025-06-10,3000.00
"HEALTHEQUITY, INC.","HealthEquity Inc, PAC",Senator Roger Marshall,2025-06-10,2000.00
"HEALTHEQUITY, INC.","HealthEquity Inc, PAC",Senator Steve Daines,2025-06-18,2500.00
"HEALTHEQUITY, INC.","HealthEquity Inc, PAC",Senator Tim Scott - LPAC,2025-06-23,2500.00
"HEALTHEQUITY, INC.","HealthEquity Inc, PAC",Representative Jimmy Panetta - LPAC,2025-01-15,2500.00
"HEALTHEQUITY, INC.","HealthEquity Inc, PAC",Representative Bradley Schneider,2025-01-15,5000.00
"HEALTHEQUITY, INC.","HealthEquity Inc, PAC",Representative Bradley Schneider,2025-01-15,5000.00
"HEALTHEQUITY, INC.","HealthEquity Inc, PAC",Representative Jimmy Panetta,2025-01-15,5000.00
"HEALTHEQUITY, INC.","HealthEquity Inc, PAC",Representative Jimmy Panetta,2025-01-15,5000.00
"HEALTHEQUITY, INC.","HealthEquity Inc, PAC",Representative Bradley Schneider,2025-03-14,5000.00
"HEALTHEQUITY, INC.","HealthEquity Inc, PAC",Representative Blake Moore,2025-03-14,5000.00
"HEALTHEQUITY, INC.","HealthEquity Inc, PAC",Representative Blake Moore,2025-03-14,5000.00
"HEALTHEQUITY, INC.","HealthEquity Inc, PAC",Representative August Pfluger - JFC,2025-03-24,2500.00
"HEALTHEQUITY, INC.","HealthEquity Inc, PAC",Senator John Curtis,2025-04-10,1500.00
"HEALTHEQUITY, INC.","HealthEquity Inc, PAC",Senator Thom Tillis,2025-05-05,2000.00
"HEALTHEQUITY, INC.","HealthEquity Inc, PAC",Senatore Thom Tillis,2025-05-05,3000.00
"HEALTHEQUITY, INC.","HealthEquity Inc, PAC",Representative Thomas Emmer - JFC,2025-05-06,1500.00
"HEALTHEQUITY, INC.","HealthEquity Inc, PAC",Representative David Schweikert,2025-05-06,1000.00
"HEALTHEQUITY, INC.","HealthEquity Inc, PAC",Representative Chip Roy,2025-05-09,2500.00
"HEALTHEQUITY, INC.","HealthEquity Inc, PAC",Representative Jason Smith - LPAC,2025-06-04,3000.00
"HEALTHEQUITY, INC.","HealthEquity Inc, PAC",Senator Roger Marshall,2025-06-04,2000.00
"HEALTHEQUITY, INC.","HealthEquity Inc, PAC",Representative David Valadao,2025-06-10,2500.00
"HEALTHEQUITY, INC.","HealthEquity Inc, PAC",Representative Celeste Maloy,2025-06-10,2500.00
"HEALTHEQUITY, INC.","HealthEquity Inc, PAC",Representative Brian Fitzpatrick,2025-06-10,2500.00
"HEALTHEQUITY, INC.","HealthEquity Inc, PAC",Senator Roger Marshall,2025-06-10,3000.00
"HEALTHEQUITY, INC.","HealthEquity Inc, PAC",Senator Roger Marshall,2025-06-10,2000.00
"HEALTHEQUITY, INC.","HealthEquity Inc, PAC",Senator Steve Daines,2025-06-18,2500.00
"HEALTHEQUITY, INC.","HealthEquity Inc, PAC",Senator Tim Scott - LPAC,2025-06-23,2500.00
"HEALTHEQUITY, INC.","HealthEquity Inc, PAC",Representative Jimmy Panetta - LPAC,2025-01-15,2500.00
"HEALTHEQUITY, INC.","HealthEquity Inc, PAC",Representative Bradley Schneider,2025-01-15,5000.00
"HEALTHEQUITY, INC.","HealthEquity Inc, PAC",Representative Bradley Schneider,2025-01-15,5000.00
"HEALTHEQUITY, INC.","HealthEquity Inc, PAC",Representative Jimmy Panetta,2025-01-15,5000.00
"HEALTHEQUITY, INC.","HealthEquity Inc, PAC",Representative Jimmy Panetta,2025-01-15,5000.00
"HEALTHEQUITY, INC.","HealthEquity Inc, PAC",Representative Bradley Schneider,2025-03-14,5000.00
"HEALTHEQUITY, INC.","HealthEquity Inc, PAC",Representative Blake Moore,2025-03-14,5000.00
"HEALTHEQUITY, INC.","HealthEquity Inc, PAC",Representative Blake Moore,2025-03-14,5000.00
"HEALTHEQUITY, INC.","HealthEquity Inc, PAC",Representative August Pfluger - JFC,2025-03-24,2500.00
"HEALTHEQUITY, INC.","HealthEquity Inc, PAC",Senator John Curtis,2025-04-10,1500.00
"HEALTHEQUITY, INC.","HealthEquity Inc, PAC",Senator Thom Tillis,2025-05-05,2000.00
"HEALTHEQUITY, INC.","HealthEquity Inc, PAC",Senatore Thom Tillis,2025-05-05,3000.00
"HEALTHEQUITY, INC.","HealthEquity Inc, PAC",Representative Thomas Emmer - JFC,2025-05-06,1500.00
"HEALTHEQUITY, INC.","HealthEquity Inc, PAC",Representative David Schweikert,2025-05-06,1000.00
"HEALTHEQUITY, INC.","HealthEquity Inc, PAC",Representative Chip Roy,2025-05-09,2500.00
"HEALTHEQUITY, INC.","HealthEquity Inc, PAC",Representative Jason Smith - LPAC,2025-06-04,3000.00
"HEALTHEQUITY, INC.","HealthEquity Inc, PAC",Senator Roger Marshall,2025-06-04,2000.00
"HEALTHEQUITY, INC.","HealthEquity Inc, PAC",Representative David Valadao,2025-06-10,2500.00
"HEALTHEQUITY, INC.","HealthEquity Inc, PAC",Representative Celeste Maloy,2025-06-10,2500.00
"HEALTHEQUITY, INC.","HealthEquity Inc, PAC",Representative Brian Fitzpatrick,2025-06-10,2500.00
"HEALTHEQUITY, INC.","HealthEquity Inc, PAC",Senator Roger Marshall,2025-06-10,3000.00
"HEALTHEQUITY, INC.","HealthEquity Inc, PAC",Senator Roger Marshall,2025-06-10,2000.00
"HEALTHEQUITY, INC.","HealthEquity Inc, PAC",Senator Steve Daines,2025-06-18,2500.00
"HEALTHEQUITY, INC.","HealthEquity Inc, PAC",Senator Tim Scott - LPAC,2025-06-23,2500.00
ALSTON & BIRD LLP,Alston & Bird PAC,Sen. Bill Cassidy,2025-04-17,2500.00
ALSTON & BIRD LLP,Alston & Bird PAC,Rep. Don Bacon,2025-04-28,1000.00
ALSTON & BIRD LLP,Alston & Bird PAC,Rep. Don Beyer,2025-04-28,1000.00
ALSTON & BIRD LLP,Alston & Bird PAC,Rep. Jeff Crank,2025-04-29,1000.00
ALSTON & BIRD LLP,Alston & Bird PAC,Sen. Bill Cassidy,2025-05-28,1000.00
ALSTON & BIRD LLP,Alston & Bird PAC,Rep. Jake Auchincloss,2025-05-29,2500.00
ALSTON & BIRD LLP,Alston & Bird PAC,Rep. Neal Dunn,2025-06-09,1500.00
ALSTON & BIRD LLP,Alston & Bird PAC,Sen. Pete Ricketts,2025-06-17,2500.00
ALSTON & BIRD LLP,Alston & Bird PAC,Rep. Debbie Dingell and Rep. Michael Turner,2025-02-06,5000.00
ALSTON & BIRD LLP,Alston & Bird PAC,Rep. Scott Peters,2025-04-21,1000.00
ALSTON & BIRD LLP,Alston & Bird PAC,Rep. Scott Peters,2025-04-21,1500.00
ALSTON & BIRD LLP,Alston & Bird PAC,Sen. Bill Cassidy,2025-05-29,1500.00
ALSTON & BIRD LLP,Alston & Bird PAC,Sen. Mark Warner,2025-06-30,2500.00
ALSTON & BIRD LLP,Alston & Bird PAC,Rep. Brett Guthrie,2025-02-11,2000.00
ALSTON & BIRD LLP,Alston & Bird PAC,Rep. Buddy Carter,2025-02-11,2000.00
ALSTON & BIRD LLP,Alston & Bird PAC,Rep. Dusty Johnson,2025-02-19,1000.00
ALSTON & BIRD LLP,Alston & Bird PAC,Rep. Dave Joyce,2025-03-03,1000.00
ALSTON & BIRD LLP,Alston & Bird PAC,Rep. Linda Sanchez,2025-03-03,2500.00
ALSTON & BIRD LLP,Alston & Bird PAC,Rep. Brian Fitzpatrick,2025-04-01,1000.00
ALSTON & BIRD LLP,Alston & Bird PAC,Rep. Richard Hudson,2025-04-01,2500.00
ALSTON & BIRD LLP,Alston & Bird PAC,Rep. Tom Suozzi,2025-04-07,1000.00
ALSTON & BIRD LLP,Alston & Bird PAC,Rep. Jimmy Panetta,2025-02-03,1000.00
ALSTON & BIRD LLP,Alston & Bird PAC,Rep. Adrian Smith,2025-02-04,2000.00
ALSTON & BIRD LLP,Alston & Bird PAC,Sen. Bill Cassidy,2025-04-17,2500.00
ALSTON & BIRD LLP,Alston & Bird PAC,Rep. Don Bacon,2025-04-28,1000.00
ALSTON & BIRD LLP,Alston & Bird PAC,Rep. Don Beyer,2025-04-28,1000.00
ALSTON & BIRD LLP,Alston & Bird PAC,Rep. Jeff Crank,2025-04-29,1000.00
ALSTON & BIRD LLP,Alston & Bird PAC,Sen. Bill Cassidy,2025-05-28,1000.00
ALSTON & BIRD LLP,Alston & Bird PAC,Rep. Jake Auchincloss,2025-05-29,2500.00
ALSTON & BIRD LLP,Alston & Bird PAC,Rep. Neal Dunn,2025-06-09,1500.00
ALSTON & BIRD LLP,Alston & Bird PAC,Sen. Pete Ricketts,2025-06-17,2500.00
ALSTON & BIRD LLP,Alston & Bird PAC,Rep. Debbie Dingell and Rep. Michael Turner,2025-02-06,5000.00
ALSTON & BIRD LLP,Alston & Bird PAC,Rep. Scott Peters,2025-04-21,1000.00
ALSTON & BIRD LLP,Alston & Bird PAC,Rep. Scott Peters,2025-04-21,1500.00
ALSTON & BIRD LLP,Alston & Bird PAC,Sen. Bill Cassidy,2025-05-29,1500.00
ALSTON & BIRD LLP,Alston & Bird PAC,Sen. Mark Warner,2025-06-30,2500.00
ALSTON & BIRD LLP,Alston & Bird PAC,Rep. Brett Guthrie,2025-02-11,2000.00
ALSTON & BIRD LLP,Alston & Bird PAC,Rep. Buddy Carter,2025-02-11,2000.00
ALSTON & BIRD LLP,Alston & Bird PAC,Rep. Dusty Johnson,2025-02-19,1000.00
ALSTON & BIRD LLP,Alston & Bird PAC,Rep. Dave Joyce,2025-03-03,1000.00
ALSTON & BIRD LLP,Alston & Bird PAC,Rep. Linda Sanchez,2025-03-03,2500.00
ALSTON & BIRD LLP,Alston & Bird PAC,Rep. Brian Fitzpatrick,2025-04-01,1000.00
ALSTON & BIRD LLP,Alston & Bird PAC,Rep. Richard Hudson,2025-04-01,2500.00
ALSTON & BIRD LLP,Alston & Bird PAC,Rep. Tom Suozzi,2025-04-07,1000.00
ALSTON & BIRD LLP,Alston & Bird PAC,Rep. Jimmy Panetta,2025-02-03,1000.00
ALSTON & BIRD LLP,Alston & Bird PAC,Rep. Adrian Smith,2025-02-04,2000.00
ALSTON & BIRD LLP,Alston & Bird PAC,Sen. Bill Cassidy,2025-04-17,2500.00
ALSTON & BIRD LLP,Alston & Bird PAC,Rep. Don Bacon,2025-04-28,1000.00
ALSTON & BIRD LLP,Alston & Bird PAC,Rep. Don Beyer,2025-04-28,1000.00
ALSTON & BIRD LLP,Alston & Bird PAC,Rep. Jeff Crank,2025-04-29,1000.00
ALSTON & BIRD LLP,Alston & Bird PAC,Sen. Bill Cassidy,2025-05-28,1000.00
ALSTON & BIRD LLP,Alston & Bird PAC,Rep. Jake Auchincloss,2025-05-29,2500.00
ALSTON & BIRD LLP,Alston & Bird PAC,Rep. Neal Dunn,2025-06-09,1500.00
ALSTON & BIRD LLP,Alston & Bird PAC,Sen. Pete Ricketts,2025-06-17,2500.00
ALSTON & BIRD LLP,Alston & Bird PAC,Rep. Debbie Dingell and Rep. Michael Turner,2025-02-06,5000.00
ALSTON & BIRD LLP,Alston & Bird PAC,Rep. Scott Peters,2025-04-21,1000.00
ALSTON & BIRD LLP,Alston & Bird PAC,Rep. Scott Peters,2025-04-21,1500.00
ALSTON & BIRD LLP,Alston & Bird PAC,Sen. Bill Cassidy,2025-05-29,1500.00
ALSTON & BIRD LLP,Alston & Bird PAC,Sen. Mark Warner,2025-06-30,2500.00
ALSTON & BIRD LLP,Alston & Bird PAC,Rep. Brett Guthrie,2025-02-11,2000.00
ALSTON & BIRD LLP,Alston & Bird PAC,Rep. Buddy Carter,2025-02-11,2000.00
ALSTON & BIRD LLP,Alston & Bird PAC,Rep. Dusty Johnson,2025-02-19,1000.00
ALSTON & BIRD LLP,Alston & Bird PAC,Rep. Dave Joyce,2025-03-03,1000.00
ALSTON & BIRD LLP,Alston & Bird PAC,Rep. Linda Sanchez,2025-03-03,2500.00
ALSTON & BIRD LLP,Alston & Bird PAC,Rep. Brian Fitzpatrick,2025-04-01,1000.00
ALSTON & BIRD LLP,Alston & Bird PAC,Rep. Richard Hudson,2025-04-01,2500.00
ALSTON & BIRD LLP,Alston & Bird PAC,Rep. Tom Suozzi,2025-04-07,1000.00
ALSTON & BIRD LLP,Alston & Bird PAC,Rep. Jimmy Panetta,2025-02-03,1000.00
ALSTON & BIRD LLP,Alston & Bird PAC,Rep. Adrian Smith,2025-02-04,2000.00
ALSTON & BIRD LLP,Alston & Bird PAC,Sen. Bill Cassidy,2025-04-17,2500.00
ALSTON & BIRD LLP,Alston & Bird PAC,Rep. Don Bacon,2025-04-28,1000.00
ALSTON & BIRD LLP,Alston & Bird PAC,Rep. Don Beyer,2025-04-28,1000.00
ALSTON & BIRD LLP,Alston & Bird PAC,Rep. Jeff Crank,2025-04-29,1000.00
ALSTON & BIRD LLP,Alston & Bird PAC,Sen. Bill Cassidy,2025-05-28,1000.00
ALSTON & BIRD LLP,Alston & Bird PAC,Rep. Jake Auchincloss,2025-05-29,2500.00
ALSTON & BIRD LLP,Alston & Bird PAC,Rep. Neal Dunn,2025-06-09,1500.00
ALSTON & BIRD LLP,Alston & Bird PAC,Sen. Pete Ricketts,2025-06-17,2500.00
ALSTON & BIRD LLP,Alston & Bird PAC,Rep. Debbie Dingell and Rep. Michael Turner,2025-02-06,5000.00
ALSTON & BIRD LLP,Alston & Bird PAC,Rep. Scott Peters,2025-04-21,1000.00
ALSTON & BIRD LLP,Alston & Bird PAC,Rep. Scott Peters,2025-04-21,1500.00
ALSTON & BIRD LLP,Alston & Bird PAC,Sen. Bill Cassidy,2025-05-29,1500.00
ALSTON & BIRD LLP,Alston & Bird PAC,Sen. Mark Warner,2025-06-30,2500.00
ALSTON & BIRD LLP,Alston & Bird PAC,Rep. Brett Guthrie,2025-02-11,2000.00
ALSTON & BIRD LLP,Alston & Bird PAC,Rep. Buddy Carter,2025-02-11,2000.00
ALSTON & BIRD LLP,Alston & Bird PAC,Rep. Dusty Johnson,2025-02-19,1000.00
ALSTON & BIRD LLP,Alston & Bird PAC,Rep. Dave Joyce,2025-03-03,1000.00
ALSTON & BIRD LLP,Alston & Bird PAC,Rep. Linda Sanchez,2025-03-03,2500.00
ALSTON & BIRD LLP,Alston & Bird PAC,Rep. Brian Fitzpatrick,2025-04-01,1000.00
ALSTON & BIRD LLP,Alston & Bird PAC,Rep. Richard Hudson,2025-04-01,2500.00
ALSTON & BIRD LLP,Alston & Bird PAC,Rep. Tom Suozzi,2025-04-07,1000.00
ALSTON & BIRD LLP,Alston & Bird PAC,Rep. Jimmy Panetta,2025-02-03,1000.00
ALSTON & BIRD LLP,Alston & Bird PAC,Rep. Adrian Smith,2025-02-04,2000.00
ALSTON & BIRD LLP,Alston & Bird PAC,Sen. Bill Cassidy,2025-04-17,2500.00
ALSTON & BIRD LLP,Alston & Bird PAC,Rep. Don Bacon,2025-04-28,1000.00
ALSTON & BIRD LLP,Alston & Bird PAC,Rep. Don Beyer,2025-04-28,1000.00
ALSTON & BIRD LLP,Alston & Bird PAC,Rep. Jeff Crank,2025-04-29,1000.00
ALSTON & BIRD LLP,Alston & Bird PAC,Sen. Bill Cassidy,2025-05-28,1000.00
ALSTON & BIRD LLP,Alston & Bird PAC,Rep. Jake Auchincloss,2025-05-29,2500.00
ALSTON & BIRD LLP,Alston & Bird PAC,Rep. Neal Dunn,2025-06-09,1500.00
ALSTON & BIRD LLP,Alston & Bird PAC,Sen. Pete Ricketts,2025-06-17,2500.00
ALSTON & BIRD LLP,Alston & Bird PAC,Rep. Debbie Dingell and Rep. Michael Turner,2025-02-06,5000.00
ALSTON & BIRD LLP,Alston & Bird PAC,Rep. Scott Peters,2025-04-21,1000.00
ALSTON & BIRD LLP,Alston & Bird PAC,Rep. Scott Peters,2025-04-21,1500.00
ALSTON & BIRD LLP,Alston & Bird PAC,Sen. Bill Cassidy,2025-05-29,1500.00
ALSTON & BIRD LLP,Alston & Bird PAC,Sen. Mark Warner,2025-06-30,2500.00
ALSTON & BIRD LLP,Alston & Bird PAC,Rep. Brett Guthrie,2025-02-11,2000.00
ALSTON & BIRD LLP,Alston & Bird PAC,Rep. Buddy Carter,2025-02-11,2000.00
ALSTON & BIRD LLP,Alston & Bird PAC,Rep. Dusty Johnson,2025-02-19,1000.00
ALSTON & BIRD LLP,Alston & Bird PAC,Rep. Dave Joyce,2025-03-03,1000.00
ALSTON & BIRD LLP,Alston & Bird PAC,Rep. Linda Sanchez,2025-03-03,2500.00
ALSTON & BIRD LLP,Alston & Bird PAC,Rep. Brian Fitzpatrick,2025-04-01,1000.00
ALSTON & BIRD LLP,Alston & Bird PAC,Rep. Richard Hudson,2025-04-01,2500.00
ALSTON & BIRD LLP,Alston & Bird PAC,Rep. Tom Suozzi,2025-04-07,1000.00
ALSTON & BIRD LLP,Alston & Bird PAC,Rep. Jimmy Panetta,2025-02-03,1000.00
ALSTON & BIRD LLP,Alston & Bird PAC,Rep. Adrian Smith,2025-02-04,2000.00
ALSTON & BIRD LLP,Alston & Bird PAC,Sen. Bill Cassidy,2025-04-17,2500.00
ALSTON & BIRD LLP,Alston & Bird PAC,Rep. Don Bacon,2025-04-28,1000.00
ALSTON & BIRD LLP,Alston & Bird PAC,Rep. Don Beyer,2025-04-28,1000.00
ALSTON & BIRD LLP,Alston & Bird PAC,Rep. Jeff Crank,2025-04-29,1000.00
ALSTON & BIRD LLP,Alston & Bird PAC,Sen. Bill Cassidy,2025-05-28,1000.00
ALSTON & BIRD LLP,Alston & Bird PAC,Rep. Jake Auchincloss,2025-05-29,2500.00
ALSTON & BIRD LLP,Alston & Bird PAC,Rep. Neal Dunn,2025-06-09,1500.00
ALSTON & BIRD LLP,Alston & Bird PAC,Sen. Pete Ricketts,2025-06-17,2500.00
ALSTON & BIRD LLP,Alston & Bird PAC,Rep. Debbie Dingell and Rep. Michael Turner,2025-02-06,5000.00
ALSTON & BIRD LLP,Alston & Bird PAC,Rep. Scott Peters,2025-04-21,1000.00
ALSTON & BIRD LLP,Alston & Bird PAC,Rep. Scott Peters,2025-04-21,1500.00
ALSTON & BIRD LLP,Alston & Bird PAC,Sen. Bill Cassidy,2025-05-29,1500.00
ALSTON & BIRD LLP,Alston & Bird PAC,Sen. Mark Warner,2025-06-30,2500.00
ALSTON & BIRD LLP,Alston & Bird PAC,Rep. Brett Guthrie,2025-02-11,2000.00
ALSTON & BIRD LLP,Alston & Bird PAC,Rep. Buddy Carter,2025-02-11,2000.00
ALSTON & BIRD LLP,Alston & Bird PAC,Rep. Dusty Johnson,2025-02-19,1000.00
ALSTON & BIRD LLP,Alston & Bird PAC,Rep. Dave Joyce,2025-03-03,1000.00
ALSTON & BIRD LLP,Alston & Bird PAC,Rep. Linda Sanchez,2025-03-03,2500.00
ALSTON & BIRD LLP,Alston & Bird PAC,Rep. Brian Fitzpatrick,2025-04-01,1000.00
ALSTON & BIRD LLP,Alston & Bird PAC,Rep. Richard Hudson,2025-04-01,2500.00
ALSTON & BIRD LLP,Alston & Bird PAC,Rep. Tom Suozzi,2025-04-07,1000.00
ALSTON & BIRD LLP,Alston & Bird PAC,Rep. Jimmy Panetta,2025-02-03,1000.00
ALSTON & BIRD LLP,Alston & Bird PAC,Rep. Adrian Smith,2025-02-04,2000.00
ALSTON & BIRD LLP,Alston & Bird PAC,Sen. Bill Cassidy,2025-04-17,2500.00
ALSTON & BIRD LLP,Alston & Bird PAC,Rep. Don Bacon,2025-04-28,1000.00
ALSTON & BIRD LLP,Alston & Bird PAC,Rep. Don Beyer,2025-04-28,1000.00
ALSTON & BIRD LLP,Alston & Bird PAC,Rep. Jeff Crank,2025-04-29,1000.00
ALSTON & BIRD LLP,Alston & Bird PAC,Sen. Bill Cassidy,2025-05-28,1000.00
ALSTON & BIRD LLP,Alston & Bird PAC,Rep. Jake Auchincloss,2025-05-29,2500.00
ALSTON & BIRD LLP,Alston & Bird PAC,Rep. Neal Dunn,2025-06-09,1500.00
ALSTON & BIRD LLP,Alston & Bird PAC,Sen. Pete Ricketts,2025-06-17,2500.00
ALSTON & BIRD LLP,Alston & Bird PAC,Rep. Debbie Dingell and Rep. Michael Turner,2025-02-06,5000.00
ALSTON & BIRD LLP,Alston & Bird PAC,Rep. Scott Peters,2025-04-21,1000.00
ALSTON & BIRD LLP,Alston & Bird PAC,Rep. Scott Peters,2025-04-21,1500.00
ALSTON & BIRD LLP,Alston & Bird PAC,Sen. Bill Cassidy,2025-05-29,1500.00
ALSTON & BIRD LLP,Alston & Bird PAC,Sen. Mark Warner,2025-06-30,2500.00
ALSTON & BIRD LLP,Alston & Bird PAC,Rep. Brett Guthrie,2025-02-11,2000.00
ALSTON & BIRD LLP,Alston & Bird PAC,Rep. Buddy Carter,2025-02-11,2000.00
ALSTON & BIRD LLP,Alston & Bird PAC,Rep. Dusty Johnson,2025-02-19,1000.00
ALSTON & BIRD LLP,Alston & Bird PAC,Rep. Dave Joyce,2025-03-03,1000.00
ALSTON & BIRD LLP,Alston & Bird PAC,Rep. Linda Sanchez,2025-03-03,2500.00
ALSTON & BIRD LLP,Alston & Bird PAC,Rep. Brian Fitzpatrick,2025-04-01,1000.00
ALSTON & BIRD LLP,Alston & Bird PAC,Rep. Richard Hudson,2025-04-01,2500.00
ALSTON & BIRD LLP,Alston & Bird PAC,Rep. Tom Suozzi,2025-04-07,1000.00
ALSTON & BIRD LLP,Alston & Bird PAC,Rep. Jimmy Panetta,2025-02-03,1000.00
ALSTON & BIRD LLP,Alston & Bird PAC,Rep. Adrian Smith,2025-02-04,2000.00
ALSTON & BIRD LLP,Alston & Bird PAC,Sen. Bill Cassidy,2025-04-17,2500.00
ALSTON & BIRD LLP,Alston & Bird PAC,Rep. Don Bacon,2025-04-28,1000.00
ALSTON & BIRD LLP,Alston & Bird PAC,Rep. Don Beyer,2025-04-28,1000.00
ALSTON & BIRD LLP,Alston & Bird PAC,Rep. Jeff Crank,2025-04-29,1000.00
ALSTON & BIRD LLP,Alston & Bird PAC,Sen. Bill Cassidy,2025-05-28,1000.00
ALSTON & BIRD LLP,Alston & Bird PAC,Rep. Jake Auchincloss,2025-05-29,2500.00
ALSTON & BIRD LLP,Alston & Bird PAC,Rep. Neal Dunn,2025-06-09,1500.00
ALSTON & BIRD LLP,Alston & Bird PAC,Sen. Pete Ricketts,2025-06-17,2500.00
ALSTON & BIRD LLP,Alston & Bird PAC,Rep. Debbie Dingell and Rep. Michael Turner,2025-02-06,5000.00
ALSTON & BIRD LLP,Alston & Bird PAC,Rep. Scott Peters,2025-04-21,1000.00
ALSTON & BIRD LLP,Alston & Bird PAC,Rep. Scott Peters,2025-04-21,1500.00
ALSTON & BIRD LLP,Alston & Bird PAC,Sen. Bill Cassidy,2025-05-29,1500.00
ALSTON & BIRD LLP,Alston & Bird PAC,Sen. Mark Warner,2025-06-30,2500.00
ALSTON & BIRD LLP,Alston & Bird PAC,Rep. Brett Guthrie,2025-02-11,2000.00
ALSTON & BIRD LLP,Alston & Bird PAC,Rep. Buddy Carter,2025-02-11,2000.00
ALSTON & BIRD LLP,Alston & Bird PAC,Rep. Dusty Johnson,2025-02-19,1000.00
ALSTON & BIRD LLP,Alston & Bird PAC,Rep. Dave Joyce,2025-03-03,1000.00
ALSTON & BIRD LLP,Alston & Bird PAC,Rep. Linda Sanchez,2025-03-03,2500.00
ALSTON & BIRD LLP,Alston & Bird PAC,Rep. Brian Fitzpatrick,2025-04-01,1000.00
ALSTON & BIRD LLP,Alston & Bird PAC,Rep. Richard Hudson,2025-04-01,2500.00
ALSTON & BIRD LLP,Alston & Bird PAC,Rep. Tom Suozzi,2025-04-07,1000.00
ALSTON & BIRD LLP,Alston & Bird PAC,Rep. Jimmy Panetta,2025-02-03,1000.00
ALSTON & BIRD LLP,Alston & Bird PAC,Rep. Adrian Smith,2025-02-04,2000.00
ALSTON & BIRD LLP,Alston & Bird PAC,Sen. Bill Cassidy,2025-04-17,2500.00
ALSTON & BIRD LLP,Alston & Bird PAC,Rep. Don Bacon,2025-04-28,1000.00
ALSTON & BIRD LLP,Alston & Bird PAC,Rep. Don Beyer,2025-04-28,1000.00
ALSTON & BIRD LLP,Alston & Bird PAC,Rep. Jeff Crank,2025-04-29,1000.00
ALSTON & BIRD LLP,Alston & Bird PAC,Sen. Bill Cassidy,2025-05-28,1000.00
ALSTON & BIRD LLP,Alston & Bird PAC,Rep. Jake Auchincloss,2025-05-29,2500.00
ALSTON & BIRD LLP,Alston & Bird PAC,Rep. Neal Dunn,2025-06-09,1500.00
ALSTON & BIRD LLP,Alston & Bird PAC,Sen. Pete Ricketts,2025-06-17,2500.00
ALSTON & BIRD LLP,Alston & Bird PAC,Rep. Debbie Dingell and Rep. Michael Turner,2025-02-06,5000.00
ALSTON & BIRD LLP,Alston & Bird PAC,Rep. Scott Peters,2025-04-21,1000.00
ALSTON & BIRD LLP,Alston & Bird PAC,Rep. Scott Peters,2025-04-21,1500.00
ALSTON & BIRD LLP,Alston & Bird PAC,Sen. Bill Cassidy,2025-05-29,1500.00
ALSTON & BIRD LLP,Alston & Bird PAC,Sen. Mark Warner,2025-06-30,2500.00
ALSTON & BIRD LLP,Alston & Bird PAC,Rep. Brett Guthrie,2025-02-11,2000.00
ALSTON & BIRD LLP,Alston & Bird PAC,Rep. Buddy Carter,2025-02-11,2000.00
ALSTON & BIRD LLP,Alston & Bird PAC,Rep. Dusty Johnson,2025-02-19,1000.00
ALSTON & BIRD LLP,Alston & Bird PAC,Rep. Dave Joyce,2025-03-03,1000.00
ALSTON & BIRD LLP,Alston & Bird PAC,Rep. Linda Sanchez,2025-03-03,2500.00
ALSTON & BIRD LLP,Alston & Bird PAC,Rep. Brian Fitzpatrick,2025-04-01,1000.00
ALSTON & BIRD LLP,Alston & Bird PAC,Rep. Richard Hudson,2025-04-01,2500.00
ALSTON & BIRD LLP,Alston & Bird PAC,Rep. Tom Suozzi,2025-04-07,1000.00
ALSTON & BIRD LLP,Alston & Bird PAC,Rep. Jimmy Panetta,2025-02-03,1000.00
ALSTON & BIRD LLP,Alston & Bird PAC,Rep. Adrian Smith,2025-02-04,2000.00
ALSTON & BIRD LLP,Alston & Bird PAC,Sen. Bill Cassidy,2025-04-17,2500.00
ALSTON & BIRD LLP,Alston & Bird PAC,Rep. Don Bacon,2025-04-28,1000.00
ALSTON & BIRD LLP,Alston & Bird PAC,Rep. Don Beyer,2025-04-28,1000.00
ALSTON & BIRD LLP,Alston & Bird PAC,Rep. Jeff Crank,2025-04-29,1000.00
ALSTON & BIRD LLP,Alston & Bird PAC,Sen. Bill Cassidy,2025-05-28,1000.00
ALSTON & BIRD LLP,Alston & Bird PAC,Rep. Jake Auchincloss,2025-05-29,2500.00
ALSTON & BIRD LLP,Alston & Bird PAC,Rep. Neal Dunn,2025-06-09,1500.00
ALSTON & BIRD LLP,Alston & Bird PAC,Sen. Pete Ricketts,2025-06-17,2500.00
ALSTON & BIRD LLP,Alston & Bird PAC,Rep. Debbie Dingell and Rep. Michael Turner,2025-02-06,5000.00
ALSTON & BIRD LLP,Alston & Bird PAC,Rep. Scott Peters,2025-04-21,1000.00
ALSTON & BIRD LLP,Alston & Bird PAC,Rep. Scott Peters,2025-04-21,1500.00
ALSTON & BIRD LLP,Alston & Bird PAC,Sen. Bill Cassidy,2025-05-29,1500.00
ALSTON & BIRD LLP,Alston & Bird PAC,Sen. Mark Warner,2025-06-30,2500.00
ALSTON & BIRD LLP,Alston & Bird PAC,Rep. Brett Guthrie,2025-02-11,2000.00
ALSTON & BIRD LLP,Alston & Bird PAC,Rep. Buddy Carter,2025-02-11,2000.00
ALSTON & BIRD LLP,Alston & Bird PAC,Rep. Dusty Johnson,2025-02-19,1000.00
ALSTON & BIRD LLP,Alston & Bird PAC,Rep. Dave Joyce,2025-03-03,1000.00
ALSTON & BIRD LLP,Alston & Bird PAC,Rep. Linda Sanchez,2025-03-03,2500.00
ALSTON & BIRD LLP,Alston & Bird PAC,Rep. Brian Fitzpatrick,2025-04-01,1000.00
ALSTON & BIRD LLP,Alston & Bird PAC,Rep. Richard Hudson,2025-04-01,2500.00
ALSTON & BIRD LLP,Alston & Bird PAC,Rep. Tom Suozzi,2025-04-07,1000.00
ALSTON & BIRD LLP,Alston & Bird PAC,Rep. Jimmy Panetta,2025-02-03,1000.00
ALSTON & BIRD LLP,Alston & Bird PAC,Rep. Adrian Smith,2025-02-04,2000.00
ALSTON & BIRD LLP,Alston & Bird PAC,Sen. Bill Cassidy,2025-04-17,2500.00
ALSTON & BIRD LLP,Alston & Bird PAC,Rep. Don Bacon,2025-04-28,1000.00
ALSTON & BIRD LLP,Alston & Bird PAC,Rep. Don Beyer,2025-04-28,1000.00
ALSTON & BIRD LLP,Alston & Bird PAC,Rep. Jeff Crank,2025-04-29,1000.00
ALSTON & BIRD LLP,Alston & Bird PAC,Sen. Bill Cassidy,2025-05-28,1000.00
ALSTON & BIRD LLP,Alston & Bird PAC,Rep. Jake Auchincloss,2025-05-29,2500.00
ALSTON & BIRD LLP,Alston & Bird PAC,Rep. Neal Dunn,2025-06-09,1500.00
ALSTON & BIRD LLP,Alston & Bird PAC,Sen. Pete Ricketts,2025-06-17,2500.00
ALSTON & BIRD LLP,Alston & Bird PAC,Rep. Debbie Dingell and Rep. Michael Turner,2025-02-06,5000.00
ALSTON & BIRD LLP,Alston & Bird PAC,Rep. Scott Peters,2025-04-21,1000.00
ALSTON & BIRD LLP,Alston & Bird PAC,Rep. Scott Peters,2025-04-21,1500.00
ALSTON & BIRD LLP,Alston & Bird PAC,Sen. Bill Cassidy,2025-05-29,1500.00
ALSTON & BIRD LLP,Alston & Bird PAC,Sen. Mark Warner,2025-06-30,2500.00
ALSTON & BIRD LLP,Alston & Bird PAC,Rep. Brett Guthrie,2025-02-11,2000.00
ALSTON & BIRD LLP,Alston & Bird PAC,Rep. Buddy Carter,2025-02-11,2000.00
ALSTON & BIRD LLP,Alston & Bird PAC,Rep. Dusty Johnson,2025-02-19,1000.00
ALSTON & BIRD LLP,Alston & Bird PAC,Rep. Dave Joyce,2025-03-03,1000.00
ALSTON & BIRD LLP,Alston & Bird PAC,Rep. Linda Sanchez,2025-03-03,2500.00
ALSTON & BIRD LLP,Alston & Bird PAC,Rep. Brian Fitzpatrick,2025-04-01,1000.00
ALSTON & BIRD LLP,Alston & Bird PAC,Rep. Richard Hudson,2025-04-01,2500.00
ALSTON & BIRD LLP,Alston & Bird PAC,Rep. Tom Suozzi,2025-04-07,1000.00
ALSTON & BIRD LLP,Alston & Bird PAC,Rep. Jimmy Panetta,2025-02-03,1000.00
ALSTON & BIRD LLP,Alston & Bird PAC,Rep. Adrian Smith,2025-02-04,2000.00
ALSTON & BIRD LLP,Alston & Bird PAC,Sen. Bill Cassidy,2025-04-17,2500.00
ALSTON & BIRD LLP,Alston & Bird PAC,Rep. Don Bacon,2025-04-28,1000.00
ALSTON & BIRD LLP,Alston & Bird PAC,Rep. Don Beyer,2025-04-28,1000.00
ALSTON & BIRD LLP,Alston & Bird PAC,Rep. Jeff Crank,2025-04-29,1000.00
ALSTON & BIRD LLP,Alston & Bird PAC,Sen. Bill Cassidy,2025-05-28,1000.00
ALSTON & BIRD LLP,Alston & Bird PAC,Rep. Jake Auchincloss,2025-05-29,2500.00
ALSTON & BIRD LLP,Alston & Bird PAC,Rep. Neal Dunn,2025-06-09,1500.00
ALSTON & BIRD LLP,Alston & Bird PAC,Sen. Pete Ricketts,2025-06-17,2500.00
ALSTON & BIRD LLP,Alston & Bird PAC,Rep. Debbie Dingell and Rep. Michael Turner,2025-02-06,5000.00
ALSTON & BIRD LLP,Alston & Bird PAC,Rep. Scott Peters,2025-04-21,1000.00
ALSTON & BIRD LLP,Alston & Bird PAC,Rep. Scott Peters,2025-04-21,1500.00
ALSTON & BIRD LLP,Alston & Bird PAC,Sen. Bill Cassidy,2025-05-29,1500.00
ALSTON & BIRD LLP,Alston & Bird PAC,Sen. Mark Warner,2025-06-30,2500.00
ALSTON & BIRD LLP,Alston & Bird PAC,Rep. Brett Guthrie,2025-02-11,2000.00
ALSTON & BIRD LLP,Alston & Bird PAC,Rep. Buddy Carter,2025-02-11,2000.00
ALSTON & BIRD LLP,Alston & Bird PAC,Rep. Dusty Johnson,2025-02-19,1000.00
ALSTON & BIRD LLP,Alston & Bird PAC,Rep. Dave Joyce,2025-03-03,1000.00
ALSTON & BIRD LLP,Alston & Bird PAC,Rep. Linda Sanchez,2025-03-03,2500.00
ALSTON & BIRD LLP,Alston & Bird PAC,Rep. Brian Fitzpatrick,2025-04-01,1000.00
ALSTON & BIRD LLP,Alston & Bird PAC,Rep. Richard Hudson,2025-04-01,2500.00
ALSTON & BIRD LLP,Alston & Bird PAC,Rep. Tom Suozzi,2025-04-07,1000.00
ALSTON & BIRD LLP,Alston & Bird PAC,Rep. Jimmy Panetta,2025-02-03,1000.00
ALSTON & BIRD LLP,Alston & Bird PAC,Rep. Adrian Smith,2025-02-04,2000.00
ALSTON & BIRD LLP,Alston & Bird PAC,Sen. Bill Cassidy,2025-04-17,2500.00
ALSTON & BIRD LLP,Alston & Bird PAC,Rep. Don Bacon,2025-04-28,1000.00
ALSTON & BIRD LLP,Alston & Bird PAC,Rep. Don Beyer,2025-04-28,1000.00
ALSTON & BIRD LLP,Alston & Bird PAC,Rep. Jeff Crank,2025-04-29,1000.00
ALSTON & BIRD LLP,Alston & Bird PAC,Sen. Bill Cassidy,2025-05-28,1000.00
ALSTON & BIRD LLP,Alston & Bird PAC,Rep. Jake Auchincloss,2025-05-29,2500.00
ALSTON & BIRD LLP,Alston & Bird PAC,Rep. Neal Dunn,2025-06-09,1500.00
ALSTON & BIRD LLP,Alston & Bird PAC,Sen. Pete Ricketts,2025-06-17,2500.00
ALSTON & BIRD LLP,Alston & Bird PAC,Rep. Debbie Dingell and Rep. Michael Turner,2025-02-06,5000.00
ALSTON & BIRD LLP,Alston & Bird PAC,Rep. Scott Peters,2025-04-21,1000.00
ALSTON & BIRD LLP,Alston & Bird PAC,Rep. Scott Peters,2025-04-21,1500.00
ALSTON & BIRD LLP,Alston & Bird PAC,Sen. Bill Cassidy,2025-05-29,1500.00
ALSTON & BIRD LLP,Alston & Bird PAC,Sen. Mark Warner,2025-06-30,2500.00
ALSTON & BIRD LLP,Alston & Bird PAC,Rep. Brett Guthrie,2025-02-11,2000.00
ALSTON & BIRD LLP,Alston & Bird PAC,Rep. Buddy Carter,2025-02-11,2000.00
ALSTON & BIRD LLP,Alston & Bird PAC,Rep. Dusty Johnson,2025-02-19,1000.00
ALSTON & BIRD LLP,Alston & Bird PAC,Rep. Dave Joyce,2025-03-03,1000.00
ALSTON & BIRD LLP,Alston & Bird PAC,Rep. Linda Sanchez,2025-03-03,2500.00
ALSTON & BIRD LLP,Alston & Bird PAC,Rep. Brian Fitzpatrick,2025-04-01,1000.00
ALSTON & BIRD LLP,Alston & Bird PAC,Rep. Richard Hudson,2025-04-01,2500.00
ALSTON & BIRD LLP,Alston & Bird PAC,Rep. Tom Suozzi,2025-04-07,1000.00
ALSTON & BIRD LLP,Alston & Bird PAC,Rep. Jimmy Panetta,2025-02-03,1000.00
ALSTON & BIRD LLP,Alston & Bird PAC,Rep. Adrian Smith,2025-02-04,2000.00
"ONEBRIEF, INC.","Employees of Onebrief, Inc. Action Committee",Schatz for Senate,2025-02-19,3500.00
"ONEBRIEF, INC.","Employees of Onebrief, Inc. Action Committee",Schatz for Senate,2025-02-19,1500.00
"ONEBRIEF, INC.","Employees of Onebrief, Inc. Action Committee",Chris Coons for Delaware,2025-03-27,1000.00
"ONEBRIEF, INC.","Employees of Onebrief, Inc. Action Committee","Chuck Fleischmann for Congress Committee, Inc.",2025-03-27,500.00
"ONEBRIEF, INC.","Employees of Onebrief, Inc. Action Committee",Schatz for Senate,2025-02-19,3500.00
"ONEBRIEF, INC.","Employees of Onebrief, Inc. Action Committee",Schatz for Senate,2025-02-19,1500.00
"ONEBRIEF, INC.","Employees of Onebrief, Inc. Action Committee",Chris Coons for Delaware,2025-03-27,1000.00
"ONEBRIEF, INC.","Employees of Onebrief, Inc. Action Committee","Chuck Fleischmann for Congress Committee, Inc.",2025-03-27,500.00
THE KRAFT HEINZ COMPANY,The Kraft Heinz Company Political Action Committee KraftHeinzPAC,Rep Aaron Bean,2025-06-25,1000.00
THE KRAFT HEINZ COMPANY,The Kraft Heinz Company Political Action Committee KraftHeinzPAC,Rep Ashley Hinson,2025-04-29,2500.00
THE KRAFT HEINZ COMPANY,The Kraft Heinz Company Political Action Committee KraftHeinzPAC,Rep Emilia Sykes,2025-06-25,1000.00
THE KRAFT HEINZ COMPANY,The Kraft Heinz Company Political Action Committee KraftHeinzPAC,Rep Randy Feenstra,2025-06-25,1000.00
THE KRAFT HEINZ COMPANY,The Kraft Heinz Company Political Action Committee KraftHeinzPAC,Rep Brad Finstad,2025-06-25,1000.00
THE KRAFT HEINZ COMPANY,The Kraft Heinz Company Political Action Committee KraftHeinzPAC,Rep Mike Johnson,2025-02-21,5000.00
THE KRAFT HEINZ COMPANY,The Kraft Heinz Company Political Action Committee KraftHeinzPAC,Rep Mark Alford,2025-06-18,1000.00
THE KRAFT HEINZ COMPANY,The Kraft Heinz Company Political Action Committee KraftHeinzPAC,Rep Sarah McBride,2025-06-18,1000.00
THE KRAFT HEINZ COMPANY,The Kraft Heinz Company Political Action Committee KraftHeinzPAC,Rep Mariannette MillerMeeks,2025-04-29,2500.00
THE KRAFT HEINZ COMPANY,The Kraft Heinz Company Political Action Committee KraftHeinzPAC,Sen Ashley Moody,2025-06-18,3500.00
THE KRAFT HEINZ COMPANY,The Kraft Heinz Company Political Action Committee KraftHeinzPAC,Rep Nikki Budzinski,2025-03-31,2500.00
THE KRAFT HEINZ COMPANY,The Kraft Heinz Company Political Action Committee KraftHeinzPAC,Rep Sheri Biggs,2025-06-25,1000.00
THE KRAFT HEINZ COMPANY,The Kraft Heinz Company Political Action Committee KraftHeinzPAC,New Democrat Coalition,2025-02-21,5000.00
THE KRAFT HEINZ COMPANY,The Kraft Heinz Company Political Action Committee KraftHeinzPAC,Republican Governance Group,2025-02-21,5000.00
THE KRAFT HEINZ COMPANY,The Kraft Heinz Company Political Action Committee KraftHeinzPAC,Congressional Black Caucus,2025-02-21,5000.00
THE KRAFT HEINZ COMPANY,The Kraft Heinz Company Political Action Committee KraftHeinzPAC,Rep Aaron Bean,2025-06-25,1000.00
THE KRAFT HEINZ COMPANY,The Kraft Heinz Company Political Action Committee KraftHeinzPAC,Rep Ashley Hinson,2025-04-29,2500.00
THE KRAFT HEINZ COMPANY,The Kraft Heinz Company Political Action Committee KraftHeinzPAC,Rep Emilia Sykes,2025-06-25,1000.00
THE KRAFT HEINZ COMPANY,The Kraft Heinz Company Political Action Committee KraftHeinzPAC,Rep Randy Feenstra,2025-06-25,1000.00
THE KRAFT HEINZ COMPANY,The Kraft Heinz Company Political Action Committee KraftHeinzPAC,Rep Brad Finstad,2025-06-25,1000.00
THE KRAFT HEINZ COMPANY,The Kraft Heinz Company Political Action Committee KraftHeinzPAC,Rep Mike Johnson,2025-02-21,5000.00
THE KRAFT HEINZ COMPANY,The Kraft Heinz Company Political Action Committee KraftHeinzPAC,Rep Mark Alford,2025-06-18,1000.00
THE KRAFT HEINZ COMPANY,The Kraft Heinz Company Political Action Committee KraftHeinzPAC,Rep Sarah McBride,2025-06-18,1000.00
THE KRAFT HEINZ COMPANY,The Kraft Heinz Company Political Action Committee KraftHeinzPAC,Rep Mariannette MillerMeeks,2025-04-29,2500.00
THE KRAFT HEINZ COMPANY,The Kraft Heinz Company Political Action Committee KraftHeinzPAC,Sen Ashley Moody,2025-06-18,3500.00
THE KRAFT HEINZ COMPANY,The Kraft Heinz Company Political Action Committee KraftHeinzPAC,Rep Nikki Budzinski,2025-03-31,2500.00
THE KRAFT HEINZ COMPANY,The Kraft Heinz Company Political Action Committee KraftHeinzPAC,Rep Sheri Biggs,2025-06-25,1000.00
THE KRAFT HEINZ COMPANY,The Kraft Heinz Company Political Action Committee KraftHeinzPAC,New Democrat Coalition,2025-02-21,5000.00
THE KRAFT HEINZ COMPANY,The Kraft Heinz Company Political Action Committee KraftHeinzPAC,Republican Governance Group,2025-02-21,5000.00
THE KRAFT HEINZ COMPANY,The Kraft Heinz Company Political Action Committee KraftHeinzPAC,Congressional Black Caucus,2025-02-21,5000.00
THE KRAFT HEINZ COMPANY,The Kraft Heinz Company Political Action Committee KraftHeinzPAC,Rep Aaron Bean,2025-06-25,1000.00
THE KRAFT HEINZ COMPANY,The Kraft Heinz Company Political Action Committee KraftHeinzPAC,Rep Ashley Hinson,2025-04-29,2500.00
THE KRAFT HEINZ COMPANY,The Kraft Heinz Company Political Action Committee KraftHeinzPAC,Rep Emilia Sykes,2025-06-25,1000.00
THE KRAFT HEINZ COMPANY,The Kraft Heinz Company Political Action Committee KraftHeinzPAC,Rep Randy Feenstra,2025-06-25,1000.00
THE KRAFT HEINZ COMPANY,The Kraft Heinz Company Political Action Committee KraftHeinzPAC,Rep Brad Finstad,2025-06-25,1000.00
THE KRAFT HEINZ COMPANY,The Kraft Heinz Company Political Action Committee KraftHeinzPAC,Rep Mike Johnson,2025-02-21,5000.00
THE KRAFT HEINZ COMPANY,The Kraft Heinz Company Political Action Committee KraftHeinzPAC,Rep Mark Alford,2025-06-18,1000.00
THE KRAFT HEINZ COMPANY,The Kraft Heinz Company Political Action Committee KraftHeinzPAC,Rep Sarah McBride,2025-06-18,1000.00
THE KRAFT HEINZ COMPANY,The Kraft Heinz Company Political Action Committee KraftHeinzPAC,Rep Mariannette MillerMeeks,2025-04-29,2500.00
THE KRAFT HEINZ COMPANY,The Kraft Heinz Company Political Action Committee KraftHeinzPAC,Sen Ashley Moody,2025-06-18,3500.00
THE KRAFT HEINZ COMPANY,The Kraft Heinz Company Political Action Committee KraftHeinzPAC,Rep Nikki Budzinski,2025-03-31,2500.00
THE KRAFT HEINZ COMPANY,The Kraft Heinz Company Political Action Committee KraftHeinzPAC,Rep Sheri Biggs,2025-06-25,1000.00
THE KRAFT HEINZ COMPANY,The Kraft Heinz Company Political Action Committee KraftHeinzPAC,New Democrat Coalition,2025-02-21,5000.00
THE KRAFT HEINZ COMPANY,The Kraft Heinz Company Political Action Committee KraftHeinzPAC,Republican Governance Group,2025-02-21,5000.00
THE KRAFT HEINZ COMPANY,The Kraft Heinz Company Political Action Committee KraftHeinzPAC,Congressional Black Caucus,2025-02-21,5000.00
THE KRAFT HEINZ COMPANY,The Kraft Heinz Company Political Action Committee KraftHeinzPAC,Rep Aaron Bean,2025-06-25,1000.00
THE KRAFT HEINZ COMPANY,The Kraft Heinz Company Political Action Committee KraftHeinzPAC,Rep Ashley Hinson,2025-04-29,2500.00
THE KRAFT HEINZ COMPANY,The Kraft Heinz Company Political Action Committee KraftHeinzPAC,Rep Emilia Sykes,2025-06-25,1000.00
THE KRAFT HEINZ COMPANY,The Kraft Heinz Company Political Action Committee KraftHeinzPAC,Rep Randy Feenstra,2025-06-25,1000.00
THE KRAFT HEINZ COMPANY,The Kraft Heinz Company Political Action Committee KraftHeinzPAC,Rep Brad Finstad,2025-06-25,1000.00
THE KRAFT HEINZ COMPANY,The Kraft Heinz Company Political Action Committee KraftHeinzPAC,Rep Mike Johnson,2025-02-21,5000.00
THE KRAFT HEINZ COMPANY,The Kraft Heinz Company Political Action Committee KraftHeinzPAC,Rep Mark Alford,2025-06-18,1000.00
THE KRAFT HEINZ COMPANY,The Kraft Heinz Company Political Action Committee KraftHeinzPAC,Rep Sarah McBride,2025-06-18,1000.00
THE KRAFT HEINZ COMPANY,The Kraft Heinz Company Political Action Committee KraftHeinzPAC,Rep Mariannette MillerMeeks,2025-04-29,2500.00
THE KRAFT HEINZ COMPANY,The Kraft Heinz Company Political Action Committee KraftHeinzPAC,Sen Ashley Moody,2025-06-18,3500.00
THE KRAFT HEINZ COMPANY,The Kraft Heinz Company Political Action Committee KraftHeinzPAC,Rep Nikki Budzinski,2025-03-31,2500.00
THE KRAFT HEINZ COMPANY,The Kraft Heinz Company Political Action Committee KraftHeinzPAC,Rep Sheri Biggs,2025-06-25,1000.00
THE KRAFT HEINZ COMPANY,The Kraft Heinz Company Political Action Committee KraftHeinzPAC,New Democrat Coalition,2025-02-21,5000.00
THE KRAFT HEINZ COMPANY,The Kraft Heinz Company Political Action Committee KraftHeinzPAC,Republican Governance Group,2025-02-21,5000.00
THE KRAFT HEINZ COMPANY,The Kraft Heinz Company Political Action Committee KraftHeinzPAC,Congressional Black Caucus,2025-02-21,5000.00
THE KRAFT HEINZ COMPANY,The Kraft Heinz Company Political Action Committee KraftHeinzPAC,Rep Aaron Bean,2025-06-25,1000.00
THE KRAFT HEINZ COMPANY,The Kraft Heinz Company Political Action Committee KraftHeinzPAC,Rep Ashley Hinson,2025-04-29,2500.00
THE KRAFT HEINZ COMPANY,The Kraft Heinz Company Political Action Committee KraftHeinzPAC,Rep Emilia Sykes,2025-06-25,1000.00
THE KRAFT HEINZ COMPANY,The Kraft Heinz Company Political Action Committee KraftHeinzPAC,Rep Randy Feenstra,2025-06-25,1000.00
THE KRAFT HEINZ COMPANY,The Kraft Heinz Company Political Action Committee KraftHeinzPAC,Rep Brad Finstad,2025-06-25,1000.00
THE KRAFT HEINZ COMPANY,The Kraft Heinz Company Political Action Committee KraftHeinzPAC,Rep Mike Johnson,2025-02-21,5000.00
THE KRAFT HEINZ COMPANY,The Kraft Heinz Company Political Action Committee KraftHeinzPAC,Rep Mark Alford,2025-06-18,1000.00
THE KRAFT HEINZ COMPANY,The Kraft Heinz Company Political Action Committee KraftHeinzPAC,Rep Sarah McBride,2025-06-18,1000.00
THE KRAFT HEINZ COMPANY,The Kraft Heinz Company Political Action Committee KraftHeinzPAC,Rep Mariannette MillerMeeks,2025-04-29,2500.00
THE KRAFT HEINZ COMPANY,The Kraft Heinz Company Political Action Committee KraftHeinzPAC,Sen Ashley Moody,2025-06-18,3500.00
THE KRAFT HEINZ COMPANY,The Kraft Heinz Company Political Action Committee KraftHeinzPAC,Rep Nikki Budzinski,2025-03-31,2500.00
THE KRAFT HEINZ COMPANY,The Kraft Heinz Company Political Action Committee KraftHeinzPAC,Rep Sheri Biggs,2025-06-25,1000.00
THE KRAFT HEINZ COMPANY,The Kraft Heinz Company Political Action Committee KraftHeinzPAC,New Democrat Coalition,2025-02-21,5000.00
THE KRAFT HEINZ COMPANY,The Kraft Heinz Company Political Action Committee KraftHeinzPAC,Republican Governance Group,2025-02-21,5000.00
THE KRAFT HEINZ COMPANY,The Kraft Heinz Company Political Action Committee KraftHeinzPAC,Congressional Black Caucus,2025-02-21,5000.00
THE KRAFT HEINZ COMPANY,The Kraft Heinz Company Political Action Committee KraftHeinzPAC,Rep Aaron Bean,2025-06-25,1000.00
THE KRAFT HEINZ COMPANY,The Kraft Heinz Company Political Action Committee KraftHeinzPAC,Rep Ashley Hinson,2025-04-29,2500.00
THE KRAFT HEINZ COMPANY,The Kraft Heinz Company Political Action Committee KraftHeinzPAC,Rep Emilia Sykes,2025-06-25,1000.00
THE KRAFT HEINZ COMPANY,The Kraft Heinz Company Political Action Committee KraftHeinzPAC,Rep Randy Feenstra,2025-06-25,1000.00
THE KRAFT HEINZ COMPANY,The Kraft Heinz Company Political Action Committee KraftHeinzPAC,Rep Brad Finstad,2025-06-25,1000.00
THE KRAFT HEINZ COMPANY,The Kraft Heinz Company Political Action Committee KraftHeinzPAC,Rep Mike Johnson,2025-02-21,5000.00
THE KRAFT HEINZ COMPANY,The Kraft Heinz Company Political Action Committee KraftHeinzPAC,Rep Mark Alford,2025-06-18,1000.00
THE KRAFT HEINZ COMPANY,The Kraft Heinz Company Political Action Committee KraftHeinzPAC,Rep Sarah McBride,2025-06-18,1000.00
THE KRAFT HEINZ COMPANY,The Kraft Heinz Company Political Action Committee KraftHeinzPAC,Rep Mariannette MillerMeeks,2025-04-29,2500.00
THE KRAFT HEINZ COMPANY,The Kraft Heinz Company Political Action Committee KraftHeinzPAC,Sen Ashley Moody,2025-06-18,3500.00
THE KRAFT HEINZ COMPANY,The Kraft Heinz Company Political Action Committee KraftHeinzPAC,Rep Nikki Budzinski,2025-03-31,2500.00
THE KRAFT HEINZ COMPANY,The Kraft Heinz Company Political Action Committee KraftHeinzPAC,Rep Sheri Biggs,2025-06-25,1000.00
THE KRAFT HEINZ COMPANY,The Kraft Heinz Company Political Action Committee KraftHeinzPAC,New Democrat Coalition,2025-02-21,5000.00
THE KRAFT HEINZ COMPANY,The Kraft Heinz Company Political Action Committee KraftHeinzPAC,Republican Governance Group,2025-02-21,5000.00
THE KRAFT HEINZ COMPANY,The Kraft Heinz Company Political Action Committee KraftHeinzPAC,Congressional Black Caucus,2025-02-21,5000.00
THE KRAFT HEINZ COMPANY,The Kraft Heinz Company Political Action Committee KraftHeinzPAC,Rep Aaron Bean,2025-06-25,1000.00
THE KRAFT HEINZ COMPANY,The Kraft Heinz Company Political Action Committee KraftHeinzPAC,Rep Ashley Hinson,2025-04-29,2500.00
THE KRAFT HEINZ COMPANY,The Kraft Heinz Company Political Action Committee KraftHeinzPAC,Rep Emilia Sykes,2025-06-25,1000.00
THE KRAFT HEINZ COMPANY,The Kraft Heinz Company Political Action Committee KraftHeinzPAC,Rep Randy Feenstra,2025-06-25,1000.00
THE KRAFT HEINZ COMPANY,The Kraft Heinz Company Political Action Committee KraftHeinzPAC,Rep Brad Finstad,2025-06-25,1000.00
THE KRAFT HEINZ COMPANY,The Kraft Heinz Company Political Action Committee KraftHeinzPAC,Rep Mike Johnson,2025-02-21,5000.00
THE KRAFT HEINZ COMPANY,The Kraft Heinz Company Political Action Committee KraftHeinzPAC,Rep Mark Alford,2025-06-18,1000.00
THE KRAFT HEINZ COMPANY,The Kraft Heinz Company Political Action Committee KraftHeinzPAC,Rep Sarah McBride,2025-06-18,1000.00
THE KRAFT HEINZ COMPANY,The Kraft Heinz Company Political Action Committee KraftHeinzPAC,Rep Mariannette MillerMeeks,2025-04-29,2500.00
THE KRAFT HEINZ COMPANY,The Kraft Heinz Company Political Action Committee KraftHeinzPAC,Sen Ashley Moody,2025-06-18,3500.00
THE KRAFT HEINZ COMPANY,The Kraft Heinz Company Political Action Committee KraftHeinzPAC,Rep Nikki Budzinski,2025-03-31,2500.00
THE KRAFT HEINZ COMPANY,The Kraft Heinz Company Political Action Committee KraftHeinzPAC,Rep Sheri Biggs,2025-06-25,1000.00
THE KRAFT HEINZ COMPANY,The Kraft Heinz Company Political Action Committee KraftHeinzPAC,New Democrat Coalition,2025-02-21,5000.00
THE KRAFT HEINZ COMPANY,The Kraft Heinz Company Political Action Committee KraftHeinzPAC,Republican Governance Group,2025-02-21,5000.00
THE KRAFT HEINZ COMPANY,The Kraft Heinz Company Political Action Committee KraftHeinzPAC,Congressional Black Caucus,2025-02-21,5000.00
"FEDERAL HALL POLICY ADVISORS, LLC",,Rep. Huizenga,2025-03-17,1000.00
"FEDERAL HALL POLICY ADVISORS, LLC",,Rep. Hill,2025-03-25,2500.00
"FEDERAL HALL POLICY ADVISORS, LLC",,Sen. Daines,2025-03-28,1000.00
"FEDERAL HALL POLICY ADVISORS, LLC",,Sen. RIcketts,2025-05-06,1200.00
"FEDERAL HALL POLICY ADVISORS, LLC",,Sen. Hagerty,2025-05-07,1200.00
"FEDERAL HALL POLICY ADVISORS, LLC",,Rep. Nunn,2025-06-10,500.00
"FEDERAL HALL POLICY ADVISORS, LLC",,Sen. Tillis,2025-06-12,1200.00
"FEDERAL HALL POLICY ADVISORS, LLC",,Sen. Capito,2025-06-26,1000.00
"FEDERAL HALL POLICY ADVISORS, LLC",,Rep. Timmons,2025-06-26,1000.00
"FEDERAL HALL POLICY ADVISORS, LLC",,Sen. Tillis,2025-06-27,250.00
"FEDERAL HALL POLICY ADVISORS, LLC",,Rep. Davidson,2025-06-27,500.00
"FEDERAL HALL POLICY ADVISORS, LLC",,Rep. Barr,2025-03-11,1200.00
"FEDERAL HALL POLICY ADVISORS, LLC",,Sen. Rounds,2025-02-27,1200.00
"FEDERAL HALL POLICY ADVISORS, LLC",,Rep. Carey,2025-06-24,1200.00
"FEDERAL HALL POLICY ADVISORS, LLC",,Rep. Huizenga,2025-03-17,1000.00
"FEDERAL HALL POLICY ADVISORS, LLC",,Rep. Hill,2025-03-25,2500.00
"FEDERAL HALL POLICY ADVISORS, LLC",,Sen. Daines,2025-03-28,1000.00
"FEDERAL HALL POLICY ADVISORS, LLC",,Sen. RIcketts,2025-05-06,1200.00
"FEDERAL HALL POLICY ADVISORS, LLC",,Sen. Hagerty,2025-05-07,1200.00
"FEDERAL HALL POLICY ADVISORS, LLC",,Rep. Nunn,2025-06-10,500.00
"FEDERAL HALL POLICY ADVISORS, LLC",,Sen. Tillis,2025-06-12,1200.00
"FEDERAL HALL POLICY ADVISORS, LLC",,Sen. Capito,2025-06-26,1000.00
"FEDERAL HALL POLICY ADVISORS, LLC",,Rep. Timmons,2025-06-26,1000.00
"FEDERAL HALL POLICY ADVISORS, LLC",,Sen. Tillis,2025-06-27,250.00
"FEDERAL HALL POLICY ADVISORS, LLC",,Rep. Davidson,2025-06-27,500.00
"FEDERAL HALL POLICY ADVISORS, LLC",,Rep. Barr,2025-03-11,1200.00
"FEDERAL HALL POLICY ADVISORS, LLC",,Sen. Rounds,2025-02-27,1200.00
"FEDERAL HALL POLICY ADVISORS, LLC",,Rep. Carey,2025-06-24,1200.00
"FEDERAL HALL POLICY ADVISORS, LLC",,Rep. Huizenga,2025-03-17,1000.00
"FEDERAL HALL POLICY ADVISORS, LLC",,Rep. Hill,2025-03-25,2500.00
"FEDERAL HALL POLICY ADVISORS, LLC",,Sen. Daines,2025-03-28,1000.00
"FEDERAL HALL POLICY ADVISORS, LLC",,Sen. RIcketts,2025-05-06,1200.00
"FEDERAL HALL POLICY ADVISORS, LLC",,Sen. Hagerty,2025-05-07,1200.00
"FEDERAL HALL POLICY ADVISORS, LLC",,Rep. Nunn,2025-06-10,500.00
"FEDERAL HALL POLICY ADVISORS, LLC",,Sen. Tillis,2025-06-12,1200.00
"FEDERAL HALL POLICY ADVISORS, LLC",,Sen. Capito,2025-06-26,1000.00
"FEDERAL HALL POLICY ADVISORS, LLC",,Rep. Timmons,2025-06-26,1000.00
"FEDERAL HALL POLICY ADVISORS, LLC",,Sen. Tillis,2025-06-27,250.00
"FEDERAL HALL POLICY ADVISORS, LLC",,Rep. Davidson,2025-06-27,500.00
"FEDERAL HALL POLICY ADVISORS, LLC",,Rep. Barr,2025-03-11,1200.00
"FEDERAL HALL POLICY ADVISORS, LLC",,Sen. Rounds,2025-02-27,1200.00
"FEDERAL HALL POLICY ADVISORS, LLC",,Rep. Carey,2025-06-24,1200.00
"FEDERAL HALL POLICY ADVISORS, LLC",,Rep. Huizenga,2025-03-17,1000.00
"FEDERAL HALL POLICY ADVISORS, LLC",,Rep. Hill,2025-03-25,2500.00
"FEDERAL HALL POLICY ADVISORS, LLC",,Sen. Daines,2025-03-28,1000.00
"FEDERAL HALL POLICY ADVISORS, LLC",,Sen. RIcketts,2025-05-06,1200.00
"FEDERAL HALL POLICY ADVISORS, LLC",,Sen. Hagerty,2025-05-07,1200.00
"FEDERAL HALL POLICY ADVISORS, LLC",,Rep. Nunn,2025-06-10,500.00
"FEDERAL HALL POLICY ADVISORS, LLC",,Sen. Tillis,2025-06-12,1200.00
"FEDERAL HALL POLICY ADVISORS, LLC",,Sen. Capito,2025-06-26,1000.00
"FEDERAL HALL POLICY ADVISORS, LLC",,Rep. Timmons,2025-06-26,1000.00
"FEDERAL HALL POLICY ADVISORS, LLC",,Sen. Tillis,2025-06-27,250.00
"FEDERAL HALL POLICY ADVISORS, LLC",,Rep. Davidson,2025-06-27,500.00
"FEDERAL HALL POLICY ADVISORS, LLC",,Rep. Barr,2025-03-11,1200.00
"FEDERAL HALL POLICY ADVISORS, LLC",,Sen. Rounds,2025-02-27,1200.00
"FEDERAL HALL POLICY ADVISORS, LLC",,Rep. Carey,2025-06-24,1200.00
"FEDERAL HALL POLICY ADVISORS, LLC",,Rep. Huizenga,2025-03-17,1000.00
"FEDERAL HALL POLICY ADVISORS, LLC",,Rep. Hill,2025-03-25,2500.00
"FEDERAL HALL POLICY ADVISORS, LLC",,Sen. Daines,2025-03-28,1000.00
"FEDERAL HALL POLICY ADVISORS, LLC",,Sen. RIcketts,2025-05-06,1200.00
"FEDERAL HALL POLICY ADVISORS, LLC",,Sen. Hagerty,2025-05-07,1200.00
"FEDERAL HALL POLICY ADVISORS, LLC",,Rep. Nunn,2025-06-10,500.00
"FEDERAL HALL POLICY ADVISORS, LLC",,Sen. Tillis,2025-06-12,1200.00
"FEDERAL HALL POLICY ADVISORS, LLC",,Sen. Capito,2025-06-26,1000.00
"FEDERAL HALL POLICY ADVISORS, LLC",,Rep. Timmons,2025-06-26,1000.00
"FEDERAL HALL POLICY ADVISORS, LLC",,Sen. Tillis,2025-06-27,250.00
"FEDERAL HALL POLICY ADVISORS, LLC",,Rep. Davidson,2025-06-27,500.00
"FEDERAL HALL POLICY ADVISORS, LLC",,Rep. Barr,2025-03-11,1200.00
"FEDERAL HALL POLICY ADVISORS, LLC",,Sen. Rounds,2025-02-27,1200.00
"FEDERAL HALL POLICY ADVISORS, LLC",,Rep. Carey,2025-06-24,1200.00
"FEDERAL HALL POLICY ADVISORS, LLC",,Rep. Huizenga,2025-03-17,1000.00
"FEDERAL HALL POLICY ADVISORS, LLC",,Rep. Hill,2025-03-25,2500.00
"FEDERAL HALL POLICY ADVISORS, LLC",,Sen. Daines,2025-03-28,1000.00
"FEDERAL HALL POLICY ADVISORS, LLC",,Sen. RIcketts,2025-05-06,1200.00
"FEDERAL HALL POLICY ADVISORS, LLC",,Sen. Hagerty,2025-05-07,1200.00
"FEDERAL HALL POLICY ADVISORS, LLC",,Rep. Nunn,2025-06-10,500.00
"FEDERAL HALL POLICY ADVISORS, LLC",,Sen. Tillis,2025-06-12,1200.00
"FEDERAL HALL POLICY ADVISORS, LLC",,Sen. Capito,2025-06-26,1000.00
"FEDERAL HALL POLICY ADVISORS, LLC",,Rep. Timmons,2025-06-26,1000.00
"FEDERAL HALL POLICY ADVISORS, LLC",,Sen. Tillis,2025-06-27,250.00
"FEDERAL HALL POLICY ADVISORS, LLC",,Rep. Davidson,2025-06-27,500.00
"FEDERAL HALL POLICY ADVISORS, LLC",,Rep. Barr,2025-03-11,1200.00
"FEDERAL HALL POLICY ADVISORS, LLC",,Sen. Rounds,2025-02-27,1200.00
"FEDERAL HALL POLICY ADVISORS, LLC",,Rep. Carey,2025-06-24,1200.00
"FEDERAL HALL POLICY ADVISORS, LLC",,Rep. Huizenga,2025-03-17,1000.00
"FEDERAL HALL POLICY ADVISORS, LLC",,Rep. Hill,2025-03-25,2500.00
"FEDERAL HALL POLICY ADVISORS, LLC",,Sen. Daines,2025-03-28,1000.00
"FEDERAL HALL POLICY ADVISORS, LLC",,Sen. RIcketts,2025-05-06,1200.00
"FEDERAL HALL POLICY ADVISORS, LLC",,Sen. Hagerty,2025-05-07,1200.00
"FEDERAL HALL POLICY ADVISORS, LLC",,Rep. Nunn,2025-06-10,500.00
"FEDERAL HALL POLICY ADVISORS, LLC",,Sen. Tillis,2025-06-12,1200.00
"FEDERAL HALL POLICY ADVISORS, LLC",,Sen. Capito,2025-06-26,1000.00
"FEDERAL HALL POLICY ADVISORS, LLC",,Rep. Timmons,2025-06-26,1000.00
"FEDERAL HALL POLICY ADVISORS, LLC",,Sen. Tillis,2025-06-27,250.00
"FEDERAL HALL POLICY ADVISORS, LLC",,Rep. Davidson,2025-06-27,500.00
"FEDERAL HALL POLICY ADVISORS, LLC",,Rep. Barr,2025-03-11,1200.00
"FEDERAL HALL POLICY ADVISORS, LLC",,Sen. Rounds,2025-02-27,1200.00
"FEDERAL HALL POLICY ADVISORS, LLC",,Rep. Carey,2025-06-24,1200.00
"FEDERAL HALL POLICY ADVISORS, LLC",,Rep. Huizenga,2025-03-17,1000.00
"FEDERAL HALL POLICY ADVISORS, LLC",,Rep. Hill,2025-03-25,2500.00
"FEDERAL HALL POLICY ADVISORS, LLC",,Sen. Daines,2025-03-28,1000.00
"FEDERAL HALL POLICY ADVISORS, LLC",,Sen. RIcketts,2025-05-06,1200.00
"FEDERAL HALL POLICY ADVISORS, LLC",,Sen. Hagerty,2025-05-07,1200.00
"FEDERAL HALL POLICY ADVISORS, LLC",,Rep. Nunn,2025-06-10,500.00
"FEDERAL HALL POLICY ADVISORS, LLC",,Sen. Tillis,2025-06-12,1200.00
"FEDERAL HALL POLICY ADVISORS, LLC",,Sen. Capito,2025-06-26,1000.00
"FEDERAL HALL POLICY ADVISORS, LLC",,Rep. Timmons,2025-06-26,1000.00
"FEDERAL HALL POLICY ADVISORS, LLC",,Sen. Tillis,2025-06-27,250.00
"FEDERAL HALL POLICY ADVISORS, LLC",,Rep. Davidson,2025-06-27,500.00
"FEDERAL HALL POLICY ADVISORS, LLC",,Rep. Barr,2025-03-11,1200.00
"FEDERAL HALL POLICY ADVISORS, LLC",,Sen. Rounds,2025-02-27,1200.00
"FEDERAL HALL POLICY ADVISORS, LLC",,Rep. Carey,2025-06-24,1200.00
"FEDERAL HALL POLICY ADVISORS, LLC",,Rep. Huizenga,2025-03-17,1000.00
"FEDERAL HALL POLICY ADVISORS, LLC",,Rep. Hill,2025-03-25,2500.00
"FEDERAL HALL POLICY ADVISORS, LLC",,Sen. Daines,2025-03-28,1000.00
"FEDERAL HALL POLICY ADVISORS, LLC",,Sen. RIcketts,2025-05-06,1200.00
"FEDERAL HALL POLICY ADVISORS, LLC",,Sen. Hagerty,2025-05-07,1200.00
"FEDERAL HALL POLICY ADVISORS, LLC",,Rep. Nunn,2025-06-10,500.00
"FEDERAL HALL POLICY ADVISORS, LLC",,Sen. Tillis,2025-06-12,1200.00
"FEDERAL HALL POLICY ADVISORS, LLC",,Sen. Capito,2025-06-26,1000.00
"FEDERAL HALL POLICY ADVISORS, LLC",,Rep. Timmons,2025-06-26,1000.00
"FEDERAL HALL POLICY ADVISORS, LLC",,Sen. Tillis,2025-06-27,250.00
"FEDERAL HALL POLICY ADVISORS, LLC",,Rep. Davidson,2025-06-27,500.00
"FEDERAL HALL POLICY ADVISORS, LLC",,Rep. Barr,2025-03-11,1200.00
"FEDERAL HALL POLICY ADVISORS, LLC",,Sen. Rounds,2025-02-27,1200.00
"FEDERAL HALL POLICY ADVISORS, LLC",,Rep. Carey,2025-06-24,1200.00
"FEDERAL HALL POLICY ADVISORS, LLC",,Rep. Huizenga,2025-03-17,1000.00
"FEDERAL HALL POLICY ADVISORS, LLC",,Rep. Hill,2025-03-25,2500.00
"FEDERAL HALL POLICY ADVISORS, LLC",,Sen. Daines,2025-03-28,1000.00
"FEDERAL HALL POLICY ADVISORS, LLC",,Sen. RIcketts,2025-05-06,1200.00
"FEDERAL HALL POLICY ADVISORS, LLC",,Sen. Hagerty,2025-05-07,1200.00
"FEDERAL HALL POLICY ADVISORS, LLC",,Rep. Nunn,2025-06-10,500.00
"FEDERAL HALL POLICY ADVISORS, LLC",,Sen. Tillis,2025-06-12,1200.00
"FEDERAL HALL POLICY ADVISORS, LLC",,Sen. Capito,2025-06-26,1000.00
"FEDERAL HALL POLICY ADVISORS, LLC",,Rep. Timmons,2025-06-26,1000.00
"FEDERAL HALL POLICY ADVISORS, LLC",,Sen. Tillis,2025-06-27,250.00
"FEDERAL HALL POLICY ADVISORS, LLC",,Rep. Davidson,2025-06-27,500.00
"FEDERAL HALL POLICY ADVISORS, LLC",,Rep. Barr,2025-03-11,1200.00
"FEDERAL HALL POLICY ADVISORS, LLC",,Sen. Rounds,2025-02-27,1200.00
"FEDERAL HALL POLICY ADVISORS, LLC",,Rep. Carey,2025-06-24,1200.00
AMERICAN OPTOMETRIC ASSOCIATION,AOA-PAC,Congressman Robert Menendez,2025-02-24,2000.00
AMERICAN OPTOMETRIC ASSOCIATION,AOA-PAC,Congressman Greg Landsman,2025-02-24,1500.00
AMERICAN OPTOMETRIC ASSOCIATION,AOA-PAC,Congressman Kevin Mullin,2025-02-24,2000.00
AMERICAN OPTOMETRIC ASSOCIATION,AOA-PAC,Congressman Rudy Yakym,2025-02-24,2000.00
AMERICAN OPTOMETRIC ASSOCIATION,AOA-PAC,Congressman Nick Langworthy,2025-02-24,2000.00
AMERICAN OPTOMETRIC ASSOCIATION,AOA-PAC,Congressman John Joyce,2025-04-01,5000.00
AMERICAN OPTOMETRIC ASSOCIATION,AOA-PAC,Congresswoman Diana Harshbarger,2025-04-04,2000.00
AMERICAN OPTOMETRIC ASSOCIATION,AOA-PAC,Congressman Derrick Van Orden,2025-04-04,2500.00
AMERICAN OPTOMETRIC ASSOCIATION,AOA-PAC,Congressman Brian Fitzpatrick,2025-04-10,2000.00
AMERICAN OPTOMETRIC ASSOCIATION,AOA-PAC,Congressman Tim Moore,2025-04-16,2000.00
AMERICAN OPTOMETRIC ASSOCIATION,AOA-PAC,Congressman Brett Guthrie,2025-04-22,2500.00
AMERICAN OPTOMETRIC ASSOCIATION,AOA-PAC,Congressman Jack Bergman,2025-04-29,2500.00
AMERICAN OPTOMETRIC ASSOCIATION,AOA-PAC,Congressman Darren Soto,2025-04-29,2500.00
AMERICAN OPTOMETRIC ASSOCIATION,AOA-PAC,Congresswoman Diana Harshbarger,2025-04-29,500.00
AMERICAN OPTOMETRIC ASSOCIATION,AOA-PAC,Congressman Donald Norcross,2025-02-13,2000.00
AMERICAN OPTOMETRIC ASSOCIATION,AOA-PAC,Congressman Steve Scalise,2025-02-18,3000.00
AMERICAN OPTOMETRIC ASSOCIATION,AOA-PAC,Congressman Christopher Smith,2025-02-18,1500.00
AMERICAN OPTOMETRIC ASSOCIATION,AOA-PAC,Congresswoman Nikema Williams,2025-02-18,1500.00
AMERICAN OPTOMETRIC ASSOCIATION,AOA-PAC,Congressman Derek Schmidt,2025-02-18,2500.00
AMERICAN OPTOMETRIC ASSOCIATION,AOA-PAC,Congressman Mike Kelly,2025-02-24,2000.00
AMERICAN OPTOMETRIC ASSOCIATION,AOA-PAC,Congressman Brendan Boyle,2025-02-24,2000.00
AMERICAN OPTOMETRIC ASSOCIATION,AOA-PAC,Congressman Rick Allen,2025-02-24,2000.00
AMERICAN OPTOMETRIC ASSOCIATION,AOA-PAC,Congressman Neal Dunn,2025-02-24,2000.00
AMERICAN OPTOMETRIC ASSOCIATION,AOA-PAC,Congressman Kevin Hern,2025-02-24,2000.00
AMERICAN OPTOMETRIC ASSOCIATION,AOA-PAC,Congresswoman Diana Harshbarger,2025-02-24,2000.00
AMERICAN OPTOMETRIC ASSOCIATION,AOA-PAC,Congressman Greg Steube,2025-02-24,2000.00
AMERICAN OPTOMETRIC ASSOCIATION,AOA-PAC,Congressman Troy Carter,2025-02-24,2000.00
AMERICAN OPTOMETRIC ASSOCIATION,AOA-PAC,Congresswoman Mariannette Miller-Meeks,2025-02-24,2000.00
AMERICAN OPTOMETRIC ASSOCIATION,AOA-PAC,Congresswoman Kathryn Cammack,2025-02-24,2000.00
AMERICAN OPTOMETRIC ASSOCIATION,AOA-PAC,Congressman Gregory Murphy,2025-02-24,2000.00
AMERICAN OPTOMETRIC ASSOCIATION,AOA-PAC,Congressman Scott Fitzgerald,2025-01-14,1000.00
AMERICAN OPTOMETRIC ASSOCIATION,AOA-PAC,Congresswoman Yvette Clarke,2025-01-23,5000.00
AMERICAN OPTOMETRIC ASSOCIATION,AOA-PAC,Congresswoman Marie Gluesenkamp Perez,2025-02-04,1000.00
AMERICAN OPTOMETRIC ASSOCIATION,AOA-PAC,Senator Shelley Capito,2025-02-04,2500.00
AMERICAN OPTOMETRIC ASSOCIATION,AOA-PAC,Congressman Morgan Griffith,2025-02-10,1500.00
AMERICAN OPTOMETRIC ASSOCIATION,AOA-PAC,NRSC,2025-02-10,15000.00
AMERICAN OPTOMETRIC ASSOCIATION,AOA-PAC,DCCC,2025-02-10,15000.00
AMERICAN OPTOMETRIC ASSOCIATION,AOA-PAC,Senator John Thune,2025-02-10,2500.00
AMERICAN OPTOMETRIC ASSOCIATION,AOA-PAC,Congressman Cliff Bentz,2025-02-24,2000.00
AMERICAN OPTOMETRIC ASSOCIATION,AOA-PAC,Congressman Craig Goldman,2025-02-24,2000.00
AMERICAN OPTOMETRIC ASSOCIATION,AOA-PAC,Congressman Blake Moore,2025-02-24,2000.00
AMERICAN OPTOMETRIC ASSOCIATION,AOA-PAC,Congresswoman Julie Fedorchak,2025-02-24,2000.00
AMERICAN OPTOMETRIC ASSOCIATION,AOA-PAC,Congressman Max Miller,2025-02-24,2000.00
AMERICAN OPTOMETRIC ASSOCIATION,AOA-PAC,Congresswoman Erin Houchin,2025-02-24,2000.00
AMERICAN OPTOMETRIC ASSOCIATION,AOA-PAC,Delegate Stacey Plaskett,2025-02-24,2000.00
AMERICAN OPTOMETRIC ASSOCIATION,AOA-PAC,Congressman Jake Auchincloss,2025-02-24,2000.00
AMERICAN OPTOMETRIC ASSOCIATION,AOA-PAC,Congressman Gabe Evans,2025-02-24,2000.00
AMERICAN OPTOMETRIC ASSOCIATION,AOA-PAC,Congressman Michael Rulli,2025-02-24,2000.00
AMERICAN OPTOMETRIC ASSOCIATION,AOA-PAC,Congressman Tom Kean,2025-02-24,2000.00
AMERICAN OPTOMETRIC ASSOCIATION,AOA-PAC,Congressman Richard Hudson,2025-02-25,2500.00
AMERICAN OPTOMETRIC ASSOCIATION,AOA-PAC,Congressman John Joyce,2025-03-03,2500.00
AMERICAN OPTOMETRIC ASSOCIATION,AOA-PAC,Congresswoman Jen Kiggans,2025-03-03,2500.00
AMERICAN OPTOMETRIC ASSOCIATION,AOA-PAC,Congressman Dustin Johnson,2025-03-05,2000.00
AMERICAN OPTOMETRIC ASSOCIATION,AOA-PAC,Congressman Bill Foster,2025-03-10,2500.00
AMERICAN OPTOMETRIC ASSOCIATION,AOA-PAC,Congressman Michael Quigley,2025-03-10,2500.00
AMERICAN OPTOMETRIC ASSOCIATION,AOA-PAC,Congressman Mike Bost,2025-03-10,1500.00
AMERICAN OPTOMETRIC ASSOCIATION,AOA-PAC,Congressman Guy Reschenthaler,2025-03-10,2500.00
AMERICAN OPTOMETRIC ASSOCIATION,AOA-PAC,Congresswoman Haley Stevens,2025-03-10,2500.00
AMERICAN OPTOMETRIC ASSOCIATION,AOA-PAC,Congresswoman Delia Ramirez,2025-03-10,2500.00
AMERICAN OPTOMETRIC ASSOCIATION,AOA-PAC,Senator Peter Welch,2025-03-10,2000.00
AMERICAN OPTOMETRIC ASSOCIATION,AOA-PAC,Congressman S. Raja Krishnamoorthi,2025-03-11,2500.00
AMERICAN OPTOMETRIC ASSOCIATION,AOA-PAC,Congressman Mike Rogers,2025-03-13,1500.00
AMERICAN OPTOMETRIC ASSOCIATION,AOA-PAC,Congressman Roger Marshall,2025-03-13,2000.00
AMERICAN OPTOMETRIC ASSOCIATION,AOA-PAC,Congressman Henry Cuellar,2025-03-20,2000.00
AMERICAN OPTOMETRIC ASSOCIATION,AOA-PAC,Congresswoman Susie Lee,2025-03-20,2000.00
AMERICAN OPTOMETRIC ASSOCIATION,AOA-PAC,Congresswoman Madelaine Dean,2025-03-20,4000.00
AMERICAN OPTOMETRIC ASSOCIATION,AOA-PAC,Congresswoman Jahana Hayes,2025-03-20,2000.00
AMERICAN OPTOMETRIC ASSOCIATION,AOA-PAC,Congressman Steven Horsford,2025-03-20,2000.00
AMERICAN OPTOMETRIC ASSOCIATION,AOA-PAC,Congressman Chris Pappas,2025-03-20,5000.00
AMERICAN OPTOMETRIC ASSOCIATION,AOA-PAC,Congressman Chris Pappas,2025-03-20,5000.00
AMERICAN OPTOMETRIC ASSOCIATION,AOA-PAC,Congressman Frank Mrvan,2025-03-20,2000.00
AMERICAN OPTOMETRIC ASSOCIATION,AOA-PAC,Congressman Robert Menendez,2025-03-20,2000.00
AMERICAN OPTOMETRIC ASSOCIATION,AOA-PAC,Congressman Gabe Vasquez,2025-03-20,2000.00
AMERICAN OPTOMETRIC ASSOCIATION,AOA-PAC,Congressman Greg Landsman,2025-03-20,2000.00
AMERICAN OPTOMETRIC ASSOCIATION,AOA-PAC,Congresswoman Emilia Sykes,2025-03-20,2000.00
AMERICAN OPTOMETRIC ASSOCIATION,AOA-PAC,Congressman Don Davis,2025-03-20,2000.00
AMERICAN OPTOMETRIC ASSOCIATION,AOA-PAC,Congressman Kevin Mullin,2025-03-20,2000.00
AMERICAN OPTOMETRIC ASSOCIATION,AOA-PAC,Congresswoman Nelida Pou,2025-03-20,2000.00
AMERICAN OPTOMETRIC ASSOCIATION,AOA-PAC,Congresswoman Jennifer McClellan,2025-03-20,2000.00
AMERICAN OPTOMETRIC ASSOCIATION,AOA-PAC,Congressman Joshua Riley,2025-03-20,2000.00
AMERICAN OPTOMETRIC ASSOCIATION,AOA-PAC,Congressman John Mannion,2025-03-20,2000.00
AMERICAN OPTOMETRIC ASSOCIATION,AOA-PAC,Congresswoman Janelle Bynum,2025-03-20,2000.00
AMERICAN OPTOMETRIC ASSOCIATION,AOA-PAC,Congressman Adam Gray,2025-03-20,2000.00
AMERICAN OPTOMETRIC ASSOCIATION,AOA-PAC,Congressman George Whitesides,2025-03-20,2000.00
AMERICAN OPTOMETRIC ASSOCIATION,AOA-PAC,Congressman Derek Tran,2025-03-20,2000.00
AMERICAN OPTOMETRIC ASSOCIATION,AOA-PAC,Congresswoman Kristen McDonald Rivet,2025-03-20,2000.00
AMERICAN OPTOMETRIC ASSOCIATION,AOA-PAC,Senator John Hickenlooper,2025-03-20,2500.00
AMERICAN OPTOMETRIC ASSOCIATION,AOA-PAC,Senator Jim Banks,2025-03-20,5000.00
AMERICAN OPTOMETRIC ASSOCIATION,AOA-PAC,Congressman Aaron Bean,2025-03-21,1500.00
AMERICAN OPTOMETRIC ASSOCIATION,AOA-PAC,Senator Ashley Moody,2025-03-21,2500.00
AMERICAN OPTOMETRIC ASSOCIATION,AOA-PAC,Congressman David Valadao,2025-03-26,2500.00
AMERICAN OPTOMETRIC ASSOCIATION,AOA-PAC,Congressman Jonathan Jackson,2025-03-26,2000.00
AMERICAN OPTOMETRIC ASSOCIATION,AOA-PAC,Congressman Cliff Bentz,2025-03-26,3000.00
AMERICAN OPTOMETRIC ASSOCIATION,AOA-PAC,Senator Ashley Moody,2025-03-26,1000.00
AMERICAN OPTOMETRIC ASSOCIATION,AOA-PAC,Congressman Cliff Bentz,2025-03-26,2000.00
AMERICAN OPTOMETRIC ASSOCIATION,AOA-PAC,Senator Tim Sheehy,2025-03-26,2000.00
AMERICAN OPTOMETRIC ASSOCIATION,AOA-PAC,Congresswoman Sheila Cherfilus-McCormick,2025-04-01,2500.00
AMERICAN OPTOMETRIC ASSOCIATION,AOA-PAC,Congresswoman Diana Harshbarger,2025-04-29,1000.00
AMERICAN OPTOMETRIC ASSOCIATION,AOA-PAC,Congressman Jack Bergman,2025-04-30,2500.00
AMERICAN OPTOMETRIC ASSOCIATION,AOA-PAC,Senator Ben Lujan,2025-05-05,2000.00
AMERICAN OPTOMETRIC ASSOCIATION,AOA-PAC,Congresswoman Elizabeth Fletcher,2025-05-06,1500.00
AMERICAN OPTOMETRIC ASSOCIATION,AOA-PAC,Congressman Eric Sorensen,2025-05-08,2500.00
AMERICAN OPTOMETRIC ASSOCIATION,AOA-PAC,Congresswoman Yvette Clarke,2025-05-12,2500.00
AMERICAN OPTOMETRIC ASSOCIATION,AOA-PAC,Congressman Stephen Womack,2025-05-12,2500.00
AMERICAN OPTOMETRIC ASSOCIATION,AOA-PAC,Congressman David Kustoff,2025-05-12,2000.00
AMERICAN OPTOMETRIC ASSOCIATION,AOA-PAC,Senator Bill Hagerty,2025-05-12,5000.00
AMERICAN OPTOMETRIC ASSOCIATION,AOA-PAC,Congressman Patrick Fallon,2025-05-12,2500.00
AMERICAN OPTOMETRIC ASSOCIATION,AOA-PAC,Congressman Brian Jack,2025-05-12,2000.00
AMERICAN OPTOMETRIC ASSOCIATION,AOA-PAC,Congresswoman Diana Harshbarger,2025-05-12,5000.00
AMERICAN OPTOMETRIC ASSOCIATION,AOA-PAC,Congressman Suhas Subramanyam,2025-05-13,2000.00
AMERICAN OPTOMETRIC ASSOCIATION,AOA-PAC,Congresswoman Adrian Smith,2025-05-16,2000.00
AMERICAN OPTOMETRIC ASSOCIATION,AOA-PAC,Congressman Buddy Carter,2025-05-19,5000.00
AMERICAN OPTOMETRIC ASSOCIATION,AOA-PAC,Congressman Buddy Carter,2025-05-19,5000.00
AMERICAN OPTOMETRIC ASSOCIATION,AOA-PAC,Congressman Jared Moskowitz,2025-05-19,2000.00
AMERICAN OPTOMETRIC ASSOCIATION,AOA-PAC,Congressman Blake Moore,2025-05-19,2000.00
AMERICAN OPTOMETRIC ASSOCIATION,AOA-PAC,Congresswoman Julie Fedorchak,2025-05-19,2500.00
AMERICAN OPTOMETRIC ASSOCIATION,AOA-PAC,Congressman Gabe Evans,2025-05-19,2000.00
AMERICAN OPTOMETRIC ASSOCIATION,AOA-PAC,Congressman Buddy Carter,2025-05-19,5000.00
AMERICAN OPTOMETRIC ASSOCIATION,AOA-PAC,Congressman Michael Rulli,2025-05-21,2000.00
AMERICAN OPTOMETRIC ASSOCIATION,AOA-PAC,Congressman Dan Crenshaw,2025-06-02,2500.00
AMERICAN OPTOMETRIC ASSOCIATION,AOA-PAC,Congressman Bob Crenshaw,2025-06-03,5000.00
AMERICAN OPTOMETRIC ASSOCIATION,AOA-PAC,Congressman Bob Latta,2025-06-03,5000.00
AMERICAN OPTOMETRIC ASSOCIATION,AOA-PAC,Congressman Scott Fitzgerald,2025-06-03,2500.00
AMERICAN OPTOMETRIC ASSOCIATION,AOA-PAC,Congressman Greg Steube,2025-06-03,1000.00
AMERICAN OPTOMETRIC ASSOCIATION,AOA-PAC,Congressman Jason Smith,2025-06-10,2500.00
AMERICAN OPTOMETRIC ASSOCIATION,AOA-PAC,Congressman Kevin Hern,2025-06-10,2000.00
AMERICAN OPTOMETRIC ASSOCIATION,AOA-PAC,Senator Roger Marshall,2025-06-10,2000.00
AMERICAN OPTOMETRIC ASSOCIATION,AOA-PAC,Congressman John Ellzey,2025-06-10,2500.00
AMERICAN OPTOMETRIC ASSOCIATION,AOA-PAC,Congressman John Ellzey,2025-06-10,1500.00
AMERICAN OPTOMETRIC ASSOCIATION,AOA-PAC,Congresswoman Kathryn Cammack,2025-06-10,2000.00
AMERICAN OPTOMETRIC ASSOCIATION,AOA-PAC,Congresswoman Kathryn Cammack,2025-06-10,3000.00
AMERICAN OPTOMETRIC ASSOCIATION,AOA-PAC,Congressman Vincent Fong,2025-06-10,2500.00
AMERICAN OPTOMETRIC ASSOCIATION,AOA-PAC,Congressman Blake Moore,2025-06-10,1000.00
AMERICAN OPTOMETRIC ASSOCIATION,AOA-PAC,Congressman Blake Moore,2025-06-10,4000.00
AMERICAN OPTOMETRIC ASSOCIATION,AOA-PAC,Senator Tammy Baldwin,2025-06-10,5000.00
AMERICAN OPTOMETRIC ASSOCIATION,AOA-PAC,DSCC,2025-06-10,15000.00
AMERICAN OPTOMETRIC ASSOCIATION,AOA-PAC,Congressman Frank Pallone,2025-06-18,2000.00
AMERICAN OPTOMETRIC ASSOCIATION,AOA-PAC,Congressman Richard Hudson,2025-06-18,2000.00
AMERICAN OPTOMETRIC ASSOCIATION,AOA-PAC,Congressman Michael Baumgartner,2025-06-18,2500.00
AMERICAN OPTOMETRIC ASSOCIATION,AOA-PAC,Congressman Tom Kean,2025-06-18,2000.00
AMERICAN OPTOMETRIC ASSOCIATION,AOA-PAC,Senator Kevin Cramer,2025-06-18,5000.00
AMERICAN OPTOMETRIC ASSOCIATION,AOA-PAC,Republican National Committee,2025-06-18,15000.00
AMERICAN OPTOMETRIC ASSOCIATION,AOA-PAC,Congressman Tom Barrett,2025-06-23,2500.00
AMERICAN OPTOMETRIC ASSOCIATION,AOA-PAC,Congressman Ben Cline,2025-06-23,2500.00
AMERICAN OPTOMETRIC ASSOCIATION,AOA-PAC,Congressman Jeff Crank,2025-06-24,1500.00
AMERICAN OPTOMETRIC ASSOCIATION,AOA-PAC,Congressman Morgan Griffith,2025-06-30,2500.00
AMERICAN OPTOMETRIC ASSOCIATION,AOA-PAC,Congresswoman Dina Titus,2025-06-30,2000.00
AMERICAN OPTOMETRIC ASSOCIATION,AOA-PAC,Congressman Robert Menendez,2025-02-24,2000.00
AMERICAN OPTOMETRIC ASSOCIATION,AOA-PAC,Congressman Greg Landsman,2025-02-24,1500.00
AMERICAN OPTOMETRIC ASSOCIATION,AOA-PAC,Congressman Kevin Mullin,2025-02-24,2000.00
AMERICAN OPTOMETRIC ASSOCIATION,AOA-PAC,Congressman Rudy Yakym,2025-02-24,2000.00
AMERICAN OPTOMETRIC ASSOCIATION,AOA-PAC,Congressman Nick Langworthy,2025-02-24,2000.00
AMERICAN OPTOMETRIC ASSOCIATION,AOA-PAC,Congressman John Joyce,2025-04-01,5000.00
AMERICAN OPTOMETRIC ASSOCIATION,AOA-PAC,Congresswoman Diana Harshbarger,2025-04-04,2000.00
AMERICAN OPTOMETRIC ASSOCIATION,AOA-PAC,Congressman Derrick Van Orden,2025-04-04,2500.00
AMERICAN OPTOMETRIC ASSOCIATION,AOA-PAC,Congressman Brian Fitzpatrick,2025-04-10,2000.00
AMERICAN OPTOMETRIC ASSOCIATION,AOA-PAC,Congressman Tim Moore,2025-04-16,2000.00
AMERICAN OPTOMETRIC ASSOCIATION,AOA-PAC,Congressman Brett Guthrie,2025-04-22,2500.00
AMERICAN OPTOMETRIC ASSOCIATION,AOA-PAC,Congressman Jack Bergman,2025-04-29,2500.00
AMERICAN OPTOMETRIC ASSOCIATION,AOA-PAC,Congressman Darren Soto,2025-04-29,2500.00
AMERICAN OPTOMETRIC ASSOCIATION,AOA-PAC,Congresswoman Diana Harshbarger,2025-04-29,500.00
AMERICAN OPTOMETRIC ASSOCIATION,AOA-PAC,Congressman Donald Norcross,2025-02-13,2000.00
AMERICAN OPTOMETRIC ASSOCIATION,AOA-PAC,Congressman Steve Scalise,2025-02-18,3000.00
AMERICAN OPTOMETRIC ASSOCIATION,AOA-PAC,Congressman Christopher Smith,2025-02-18,1500.00
AMERICAN OPTOMETRIC ASSOCIATION,AOA-PAC,Congresswoman Nikema Williams,2025-02-18,1500.00
AMERICAN OPTOMETRIC ASSOCIATION,AOA-PAC,Congressman Derek Schmidt,2025-02-18,2500.00
AMERICAN OPTOMETRIC ASSOCIATION,AOA-PAC,Congressman Mike Kelly,2025-02-24,2000.00
AMERICAN OPTOMETRIC ASSOCIATION,AOA-PAC,Congressman Brendan Boyle,2025-02-24,2000.00
AMERICAN OPTOMETRIC ASSOCIATION,AOA-PAC,Congressman Rick Allen,2025-02-24,2000.00
AMERICAN OPTOMETRIC ASSOCIATION,AOA-PAC,Congressman Neal Dunn,2025-02-24,2000.00
AMERICAN OPTOMETRIC ASSOCIATION,AOA-PAC,Congressman Kevin Hern,2025-02-24,2000.00
AMERICAN OPTOMETRIC ASSOCIATION,AOA-PAC,Congresswoman Diana Harshbarger,2025-02-24,2000.00
AMERICAN OPTOMETRIC ASSOCIATION,AOA-PAC,Congressman Greg Steube,2025-02-24,2000.00
AMERICAN OPTOMETRIC ASSOCIATION,AOA-PAC,Congressman Troy Carter,2025-02-24,2000.00
AMERICAN OPTOMETRIC ASSOCIATION,AOA-PAC,Congresswoman Mariannette Miller-Meeks,2025-02-24,2000.00
AMERICAN OPTOMETRIC ASSOCIATION,AOA-PAC,Congresswoman Kathryn Cammack,2025-02-24,2000.00
AMERICAN OPTOMETRIC ASSOCIATION,AOA-PAC,Congressman Gregory Murphy,2025-02-24,2000.00
AMERICAN OPTOMETRIC ASSOCIATION,AOA-PAC,Congressman Scott Fitzgerald,2025-01-14,1000.00
AMERICAN OPTOMETRIC ASSOCIATION,AOA-PAC,Congresswoman Yvette Clarke,2025-01-23,5000.00
AMERICAN OPTOMETRIC ASSOCIATION,AOA-PAC,Congresswoman Marie Gluesenkamp Perez,2025-02-04,1000.00
AMERICAN OPTOMETRIC ASSOCIATION,AOA-PAC,Senator Shelley Capito,2025-02-04,2500.00
AMERICAN OPTOMETRIC ASSOCIATION,AOA-PAC,Congressman Morgan Griffith,2025-02-10,1500.00
AMERICAN OPTOMETRIC ASSOCIATION,AOA-PAC,NRSC,2025-02-10,15000.00
AMERICAN OPTOMETRIC ASSOCIATION,AOA-PAC,DCCC,2025-02-10,15000.00
AMERICAN OPTOMETRIC ASSOCIATION,AOA-PAC,Senator John Thune,2025-02-10,2500.00
AMERICAN OPTOMETRIC ASSOCIATION,AOA-PAC,Congressman Cliff Bentz,2025-02-24,2000.00
AMERICAN OPTOMETRIC ASSOCIATION,AOA-PAC,Congressman Craig Goldman,2025-02-24,2000.00
AMERICAN OPTOMETRIC ASSOCIATION,AOA-PAC,Congressman Blake Moore,2025-02-24,2000.00
AMERICAN OPTOMETRIC ASSOCIATION,AOA-PAC,Congresswoman Julie Fedorchak,2025-02-24,2000.00
AMERICAN OPTOMETRIC ASSOCIATION,AOA-PAC,Congressman Max Miller,2025-02-24,2000.00
AMERICAN OPTOMETRIC ASSOCIATION,AOA-PAC,Congresswoman Erin Houchin,2025-02-24,2000.00
AMERICAN OPTOMETRIC ASSOCIATION,AOA-PAC,Delegate Stacey Plaskett,2025-02-24,2000.00
AMERICAN OPTOMETRIC ASSOCIATION,AOA-PAC,Congressman Jake Auchincloss,2025-02-24,2000.00
AMERICAN OPTOMETRIC ASSOCIATION,AOA-PAC,Congressman Gabe Evans,2025-02-24,2000.00
AMERICAN OPTOMETRIC ASSOCIATION,AOA-PAC,Congressman Michael Rulli,2025-02-24,2000.00
AMERICAN OPTOMETRIC ASSOCIATION,AOA-PAC,Congressman Tom Kean,2025-02-24,2000.00
AMERICAN OPTOMETRIC ASSOCIATION,AOA-PAC,Congressman Richard Hudson,2025-02-25,2500.00
AMERICAN OPTOMETRIC ASSOCIATION,AOA-PAC,Congressman John Joyce,2025-03-03,2500.00
AMERICAN OPTOMETRIC ASSOCIATION,AOA-PAC,Congresswoman Jen Kiggans,2025-03-03,2500.00
AMERICAN OPTOMETRIC ASSOCIATION,AOA-PAC,Congressman Dustin Johnson,2025-03-05,2000.00
AMERICAN OPTOMETRIC ASSOCIATION,AOA-PAC,Congressman Bill Foster,2025-03-10,2500.00
AMERICAN OPTOMETRIC ASSOCIATION,AOA-PAC,Congressman Michael Quigley,2025-03-10,2500.00
AMERICAN OPTOMETRIC ASSOCIATION,AOA-PAC,Congressman Mike Bost,2025-03-10,1500.00
AMERICAN OPTOMETRIC ASSOCIATION,AOA-PAC,Congressman Guy Reschenthaler,2025-03-10,2500.00
AMERICAN OPTOMETRIC ASSOCIATION,AOA-PAC,Congresswoman Haley Stevens,2025-03-10,2500.00
AMERICAN OPTOMETRIC ASSOCIATION,AOA-PAC,Congresswoman Delia Ramirez,2025-03-10,2500.00
AMERICAN OPTOMETRIC ASSOCIATION,AOA-PAC,Senator Peter Welch,2025-03-10,2000.00
AMERICAN OPTOMETRIC ASSOCIATION,AOA-PAC,Congressman S. Raja Krishnamoorthi,2025-03-11,2500.00
AMERICAN OPTOMETRIC ASSOCIATION,AOA-PAC,Congressman Mike Rogers,2025-03-13,1500.00
AMERICAN OPTOMETRIC ASSOCIATION,AOA-PAC,Congressman Roger Marshall,2025-03-13,2000.00
AMERICAN OPTOMETRIC ASSOCIATION,AOA-PAC,Congressman Henry Cuellar,2025-03-20,2000.00
AMERICAN OPTOMETRIC ASSOCIATION,AOA-PAC,Congresswoman Susie Lee,2025-03-20,2000.00
AMERICAN OPTOMETRIC ASSOCIATION,AOA-PAC,Congresswoman Madelaine Dean,2025-03-20,4000.00
AMERICAN OPTOMETRIC ASSOCIATION,AOA-PAC,Congresswoman Jahana Hayes,2025-03-20,2000.00
AMERICAN OPTOMETRIC ASSOCIATION,AOA-PAC,Congressman Steven Horsford,2025-03-20,2000.00
AMERICAN OPTOMETRIC ASSOCIATION,AOA-PAC,Congressman Chris Pappas,2025-03-20,5000.00
AMERICAN OPTOMETRIC ASSOCIATION,AOA-PAC,Congressman Chris Pappas,2025-03-20,5000.00
AMERICAN OPTOMETRIC ASSOCIATION,AOA-PAC,Congressman Frank Mrvan,2025-03-20,2000.00
AMERICAN OPTOMETRIC ASSOCIATION,AOA-PAC,Congressman Robert Menendez,2025-03-20,2000.00
AMERICAN OPTOMETRIC ASSOCIATION,AOA-PAC,Congressman Gabe Vasquez,2025-03-20,2000.00
AMERICAN OPTOMETRIC ASSOCIATION,AOA-PAC,Congressman Greg Landsman,2025-03-20,2000.00
AMERICAN OPTOMETRIC ASSOCIATION,AOA-PAC,Congresswoman Emilia Sykes,2025-03-20,2000.00
AMERICAN OPTOMETRIC ASSOCIATION,AOA-PAC,Congressman Don Davis,2025-03-20,2000.00
AMERICAN OPTOMETRIC ASSOCIATION,AOA-PAC,Congressman Kevin Mullin,2025-03-20,2000.00
AMERICAN OPTOMETRIC ASSOCIATION,AOA-PAC,Congresswoman Nelida Pou,2025-03-20,2000.00
AMERICAN OPTOMETRIC ASSOCIATION,AOA-PAC,Congresswoman Jennifer McClellan,2025-03-20,2000.00
AMERICAN OPTOMETRIC ASSOCIATION,AOA-PAC,Congressman Joshua Riley,2025-03-20,2000.00
AMERICAN OPTOMETRIC ASSOCIATION,AOA-PAC,Congressman John Mannion,2025-03-20,2000.00
AMERICAN OPTOMETRIC ASSOCIATION,AOA-PAC,Congresswoman Janelle Bynum,2025-03-20,2000.00
AMERICAN OPTOMETRIC ASSOCIATION,AOA-PAC,Congressman Adam Gray,2025-03-20,2000.00
AMERICAN OPTOMETRIC ASSOCIATION,AOA-PAC,Congressman George Whitesides,2025-03-20,2000.00
AMERICAN OPTOMETRIC ASSOCIATION,AOA-PAC,Congressman Derek Tran,2025-03-20,2000.00
AMERICAN OPTOMETRIC ASSOCIATION,AOA-PAC,Congresswoman Kristen McDonald Rivet,2025-03-20,2000.00
AMERICAN OPTOMETRIC ASSOCIATION,AOA-PAC,Senator John Hickenlooper,2025-03-20,2500.00
AMERICAN OPTOMETRIC ASSOCIATION,AOA-PAC,Senator Jim Banks,2025-03-20,5000.00
AMERICAN OPTOMETRIC ASSOCIATION,AOA-PAC,Congressman Aaron Bean,2025-03-21,1500.00
AMERICAN OPTOMETRIC ASSOCIATION,AOA-PAC,Senator Ashley Moody,2025-03-21,2500.00
AMERICAN OPTOMETRIC ASSOCIATION,AOA-PAC,Congressman David Valadao,2025-03-26,2500.00
AMERICAN OPTOMETRIC ASSOCIATION,AOA-PAC,Congressman Jonathan Jackson,2025-03-26,2000.00
AMERICAN OPTOMETRIC ASSOCIATION,AOA-PAC,Congressman Cliff Bentz,2025-03-26,3000.00
AMERICAN OPTOMETRIC ASSOCIATION,AOA-PAC,Senator Ashley Moody,2025-03-26,1000.00
AMERICAN OPTOMETRIC ASSOCIATION,AOA-PAC,Congressman Cliff Bentz,2025-03-26,2000.00
AMERICAN OPTOMETRIC ASSOCIATION,AOA-PAC,Senator Tim Sheehy,2025-03-26,2000.00
AMERICAN OPTOMETRIC ASSOCIATION,AOA-PAC,Congresswoman Sheila Cherfilus-McCormick,2025-04-01,2500.00
AMERICAN OPTOMETRIC ASSOCIATION,AOA-PAC,Congresswoman Diana Harshbarger,2025-04-29,1000.00
AMERICAN OPTOMETRIC ASSOCIATION,AOA-PAC,Congressman Jack Bergman,2025-04-30,2500.00
AMERICAN OPTOMETRIC ASSOCIATION,AOA-PAC,Senator Ben Lujan,2025-05-05,2000.00
AMERICAN OPTOMETRIC ASSOCIATION,AOA-PAC,Congresswoman Elizabeth Fletcher,2025-05-06,1500.00
AMERICAN OPTOMETRIC ASSOCIATION,AOA-PAC,Congressman Eric Sorensen,2025-05-08,2500.00
AMERICAN OPTOMETRIC ASSOCIATION,AOA-PAC,Congresswoman Yvette Clarke,2025-05-12,2500.00
AMERICAN OPTOMETRIC ASSOCIATION,AOA-PAC,Congressman Stephen Womack,2025-05-12,2500.00
AMERICAN OPTOMETRIC ASSOCIATION,AOA-PAC,Congressman David Kustoff,2025-05-12,2000.00
AMERICAN OPTOMETRIC ASSOCIATION,AOA-PAC,Senator Bill Hagerty,2025-05-12,5000.00
AMERICAN OPTOMETRIC ASSOCIATION,AOA-PAC,Congressman Patrick Fallon,2025-05-12,2500.00
AMERICAN OPTOMETRIC ASSOCIATION,AOA-PAC,Congressman Brian Jack,2025-05-12,2000.00
AMERICAN OPTOMETRIC ASSOCIATION,AOA-PAC,Congresswoman Diana Harshbarger,2025-05-12,5000.00
AMERICAN OPTOMETRIC ASSOCIATION,AOA-PAC,Congressman Suhas Subramanyam,2025-05-13,2000.00
AMERICAN OPTOMETRIC ASSOCIATION,AOA-PAC,Congresswoman Adrian Smith,2025-05-16,2000.00
AMERICAN OPTOMETRIC ASSOCIATION,AOA-PAC,Congressman Buddy Carter,2025-05-19,5000.00
AMERICAN OPTOMETRIC ASSOCIATION,AOA-PAC,Congressman Buddy Carter,2025-05-19,5000.00
AMERICAN OPTOMETRIC ASSOCIATION,AOA-PAC,Congressman Jared Moskowitz,2025-05-19,2000.00
AMERICAN OPTOMETRIC ASSOCIATION,AOA-PAC,Congressman Blake Moore,2025-05-19,2000.00
AMERICAN OPTOMETRIC ASSOCIATION,AOA-PAC,Congresswoman Julie Fedorchak,2025-05-19,2500.00
AMERICAN OPTOMETRIC ASSOCIATION,AOA-PAC,Congressman Gabe Evans,2025-05-19,2000.00
AMERICAN OPTOMETRIC ASSOCIATION,AOA-PAC,Congressman Buddy Carter,2025-05-19,5000.00
AMERICAN OPTOMETRIC ASSOCIATION,AOA-PAC,Congressman Michael Rulli,2025-05-21,2000.00
AMERICAN OPTOMETRIC ASSOCIATION,AOA-PAC,Congressman Dan Crenshaw,2025-06-02,2500.00
AMERICAN OPTOMETRIC ASSOCIATION,AOA-PAC,Congressman Bob Crenshaw,2025-06-03,5000.00
AMERICAN OPTOMETRIC ASSOCIATION,AOA-PAC,Congressman Bob Latta,2025-06-03,5000.00
AMERICAN OPTOMETRIC ASSOCIATION,AOA-PAC,Congressman Scott Fitzgerald,2025-06-03,2500.00
AMERICAN OPTOMETRIC ASSOCIATION,AOA-PAC,Congressman Greg Steube,2025-06-03,1000.00
AMERICAN OPTOMETRIC ASSOCIATION,AOA-PAC,Congressman Jason Smith,2025-06-10,2500.00
AMERICAN OPTOMETRIC ASSOCIATION,AOA-PAC,Congressman Kevin Hern,2025-06-10,2000.00
AMERICAN OPTOMETRIC ASSOCIATION,AOA-PAC,Senator Roger Marshall,2025-06-10,2000.00
AMERICAN OPTOMETRIC ASSOCIATION,AOA-PAC,Congressman John Ellzey,2025-06-10,2500.00
AMERICAN OPTOMETRIC ASSOCIATION,AOA-PAC,Congressman John Ellzey,2025-06-10,1500.00
AMERICAN OPTOMETRIC ASSOCIATION,AOA-PAC,Congresswoman Kathryn Cammack,2025-06-10,2000.00
AMERICAN OPTOMETRIC ASSOCIATION,AOA-PAC,Congresswoman Kathryn Cammack,2025-06-10,3000.00
AMERICAN OPTOMETRIC ASSOCIATION,AOA-PAC,Congressman Vincent Fong,2025-06-10,2500.00
AMERICAN OPTOMETRIC ASSOCIATION,AOA-PAC,Congressman Blake Moore,2025-06-10,1000.00
AMERICAN OPTOMETRIC ASSOCIATION,AOA-PAC,Congressman Blake Moore,2025-06-10,4000.00
AMERICAN OPTOMETRIC ASSOCIATION,AOA-PAC,Senator Tammy Baldwin,2025-06-10,5000.00
AMERICAN OPTOMETRIC ASSOCIATION,AOA-PAC,DSCC,2025-06-10,15000.00
AMERICAN OPTOMETRIC ASSOCIATION,AOA-PAC,Congressman Frank Pallone,2025-06-18,2000.00
AMERICAN OPTOMETRIC ASSOCIATION,AOA-PAC,Congressman Richard Hudson,2025-06-18,2000.00
AMERICAN OPTOMETRIC ASSOCIATION,AOA-PAC,Congressman Michael Baumgartner,2025-06-18,2500.00
AMERICAN OPTOMETRIC ASSOCIATION,AOA-PAC,Congressman Tom Kean,2025-06-18,2000.00
AMERICAN OPTOMETRIC ASSOCIATION,AOA-PAC,Senator Kevin Cramer,2025-06-18,5000.00
AMERICAN OPTOMETRIC ASSOCIATION,AOA-PAC,Republican National Committee,2025-06-18,15000.00
AMERICAN OPTOMETRIC ASSOCIATION,AOA-PAC,Congressman Tom Barrett,2025-06-23,2500.00
AMERICAN OPTOMETRIC ASSOCIATION,AOA-PAC,Congressman Ben Cline,2025-06-23,2500.00
AMERICAN OPTOMETRIC ASSOCIATION,AOA-PAC,Congressman Jeff Crank,2025-06-24,1500.00
AMERICAN OPTOMETRIC ASSOCIATION,AOA-PAC,Congressman Morgan Griffith,2025-06-30,2500.00
AMERICAN OPTOMETRIC ASSOCIATION,AOA-PAC,Congresswoman Dina Titus,2025-06-30,2000.00
AMERICAN OPTOMETRIC ASSOCIATION,AOA-PAC,Congressman Robert Menendez,2025-02-24,2000.00
AMERICAN OPTOMETRIC ASSOCIATION,AOA-PAC,Congressman Greg Landsman,2025-02-24,1500.00
AMERICAN OPTOMETRIC ASSOCIATION,AOA-PAC,Congressman Kevin Mullin,2025-02-24,2000.00
AMERICAN OPTOMETRIC ASSOCIATION,AOA-PAC,Congressman Rudy Yakym,2025-02-24,2000.00
AMERICAN OPTOMETRIC ASSOCIATION,AOA-PAC,Congressman Nick Langworthy,2025-02-24,2000.00
AMERICAN OPTOMETRIC ASSOCIATION,AOA-PAC,Congressman John Joyce,2025-04-01,5000.00
AMERICAN OPTOMETRIC ASSOCIATION,AOA-PAC,Congresswoman Diana Harshbarger,2025-04-04,2000.00
AMERICAN OPTOMETRIC ASSOCIATION,AOA-PAC,Congressman Derrick Van Orden,2025-04-04,2500.00
AMERICAN OPTOMETRIC ASSOCIATION,AOA-PAC,Congressman Brian Fitzpatrick,2025-04-10,2000.00
AMERICAN OPTOMETRIC ASSOCIATION,AOA-PAC,Congressman Tim Moore,2025-04-16,2000.00
AMERICAN OPTOMETRIC ASSOCIATION,AOA-PAC,Congressman Brett Guthrie,2025-04-22,2500.00
AMERICAN OPTOMETRIC ASSOCIATION,AOA-PAC,Congressman Jack Bergman,2025-04-29,2500.00
AMERICAN OPTOMETRIC ASSOCIATION,AOA-PAC,Congressman Darren Soto,2025-04-29,2500.00
AMERICAN OPTOMETRIC ASSOCIATION,AOA-PAC,Congresswoman Diana Harshbarger,2025-04-29,500.00
AMERICAN OPTOMETRIC ASSOCIATION,AOA-PAC,Congressman Donald Norcross,2025-02-13,2000.00
AMERICAN OPTOMETRIC ASSOCIATION,AOA-PAC,Congressman Steve Scalise,2025-02-18,3000.00
AMERICAN OPTOMETRIC ASSOCIATION,AOA-PAC,Congressman Christopher Smith,2025-02-18,1500.00
AMERICAN OPTOMETRIC ASSOCIATION,AOA-PAC,Congresswoman Nikema Williams,2025-02-18,1500.00
AMERICAN OPTOMETRIC ASSOCIATION,AOA-PAC,Congressman Derek Schmidt,2025-02-18,2500.00
AMERICAN OPTOMETRIC ASSOCIATION,AOA-PAC,Congressman Mike Kelly,2025-02-24,2000.00
AMERICAN OPTOMETRIC ASSOCIATION,AOA-PAC,Congressman Brendan Boyle,2025-02-24,2000.00
AMERICAN OPTOMETRIC ASSOCIATION,AOA-PAC,Congressman Rick Allen,2025-02-24,2000.00
AMERICAN OPTOMETRIC ASSOCIATION,AOA-PAC,Congressman Neal Dunn,2025-02-24,2000.00
AMERICAN OPTOMETRIC ASSOCIATION,AOA-PAC,Congressman Kevin Hern,2025-02-24,2000.00
AMERICAN OPTOMETRIC ASSOCIATION,AOA-PAC,Congresswoman Diana Harshbarger,2025-02-24,2000.00
AMERICAN OPTOMETRIC ASSOCIATION,AOA-PAC,Congressman Greg Steube,2025-02-24,2000.00
AMERICAN OPTOMETRIC ASSOCIATION,AOA-PAC,Congressman Troy Carter,2025-02-24,2000.00
AMERICAN OPTOMETRIC ASSOCIATION,AOA-PAC,Congresswoman Mariannette Miller-Meeks,2025-02-24,2000.00
AMERICAN OPTOMETRIC ASSOCIATION,AOA-PAC,Congresswoman Kathryn Cammack,2025-02-24,2000.00
AMERICAN OPTOMETRIC ASSOCIATION,AOA-PAC,Congressman Gregory Murphy,2025-02-24,2000.00
AMERICAN OPTOMETRIC ASSOCIATION,AOA-PAC,Congressman Scott Fitzgerald,2025-01-14,1000.00
AMERICAN OPTOMETRIC ASSOCIATION,AOA-PAC,Congresswoman Yvette Clarke,2025-01-23,5000.00
AMERICAN OPTOMETRIC ASSOCIATION,AOA-PAC,Congresswoman Marie Gluesenkamp Perez,2025-02-04,1000.00
AMERICAN OPTOMETRIC ASSOCIATION,AOA-PAC,Senator Shelley Capito,2025-02-04,2500.00
AMERICAN OPTOMETRIC ASSOCIATION,AOA-PAC,Congressman Morgan Griffith,2025-02-10,1500.00
AMERICAN OPTOMETRIC ASSOCIATION,AOA-PAC,NRSC,2025-02-10,15000.00
AMERICAN OPTOMETRIC ASSOCIATION,AOA-PAC,DCCC,2025-02-10,15000.00
AMERICAN OPTOMETRIC ASSOCIATION,AOA-PAC,Senator John Thune,2025-02-10,2500.00
AMERICAN OPTOMETRIC ASSOCIATION,AOA-PAC,Congressman Cliff Bentz,2025-02-24,2000.00
AMERICAN OPTOMETRIC ASSOCIATION,AOA-PAC,Congressman Craig Goldman,2025-02-24,2000.00
AMERICAN OPTOMETRIC ASSOCIATION,AOA-PAC,Congressman Blake Moore,2025-02-24,2000.00
AMERICAN OPTOMETRIC ASSOCIATION,AOA-PAC,Congresswoman Julie Fedorchak,2025-02-24,2000.00
AMERICAN OPTOMETRIC ASSOCIATION,AOA-PAC,Congressman Max Miller,2025-02-24,2000.00
AMERICAN OPTOMETRIC ASSOCIATION,AOA-PAC,Congresswoman Erin Houchin,2025-02-24,2000.00
AMERICAN OPTOMETRIC ASSOCIATION,AOA-PAC,Delegate Stacey Plaskett,2025-02-24,2000.00
AMERICAN OPTOMETRIC ASSOCIATION,AOA-PAC,Congressman Jake Auchincloss,2025-02-24,2000.00
AMERICAN OPTOMETRIC ASSOCIATION,AOA-PAC,Congressman Gabe Evans,2025-02-24,2000.00
AMERICAN OPTOMETRIC ASSOCIATION,AOA-PAC,Congressman Michael Rulli,2025-02-24,2000.00
AMERICAN OPTOMETRIC ASSOCIATION,AOA-PAC,Congressman Tom Kean,2025-02-24,2000.00
AMERICAN OPTOMETRIC ASSOCIATION,AOA-PAC,Congressman Richard Hudson,2025-02-25,2500.00
AMERICAN OPTOMETRIC ASSOCIATION,AOA-PAC,Congressman John Joyce,2025-03-03,2500.00
AMERICAN OPTOMETRIC ASSOCIATION,AOA-PAC,Congresswoman Jen Kiggans,2025-03-03,2500.00
AMERICAN OPTOMETRIC ASSOCIATION,AOA-PAC,Congressman Dustin Johnson,2025-03-05,2000.00
AMERICAN OPTOMETRIC ASSOCIATION,AOA-PAC,Congressman Bill Foster,2025-03-10,2500.00
AMERICAN OPTOMETRIC ASSOCIATION,AOA-PAC,Congressman Michael Quigley,2025-03-10,2500.00
AMERICAN OPTOMETRIC ASSOCIATION,AOA-PAC,Congressman Mike Bost,2025-03-10,1500.00
AMERICAN OPTOMETRIC ASSOCIATION,AOA-PAC,Congressman Guy Reschenthaler,2025-03-10,2500.00
AMERICAN OPTOMETRIC ASSOCIATION,AOA-PAC,Congresswoman Haley Stevens,2025-03-10,2500.00
AMERICAN OPTOMETRIC ASSOCIATION,AOA-PAC,Congresswoman Delia Ramirez,2025-03-10,2500.00
AMERICAN OPTOMETRIC ASSOCIATION,AOA-PAC,Senator Peter Welch,2025-03-10,2000.00
AMERICAN OPTOMETRIC ASSOCIATION,AOA-PAC,Congressman S. Raja Krishnamoorthi,2025-03-11,2500.00
AMERICAN OPTOMETRIC ASSOCIATION,AOA-PAC,Congressman Mike Rogers,2025-03-13,1500.00
AMERICAN OPTOMETRIC ASSOCIATION,AOA-PAC,Congressman Roger Marshall,2025-03-13,2000.00
AMERICAN OPTOMETRIC ASSOCIATION,AOA-PAC,Congressman Henry Cuellar,2025-03-20,2000.00
AMERICAN OPTOMETRIC ASSOCIATION,AOA-PAC,Congresswoman Susie Lee,2025-03-20,2000.00
AMERICAN OPTOMETRIC ASSOCIATION,AOA-PAC,Congresswoman Madelaine Dean,2025-03-20,4000.00
AMERICAN OPTOMETRIC ASSOCIATION,AOA-PAC,Congresswoman Jahana Hayes,2025-03-20,2000.00
AMERICAN OPTOMETRIC ASSOCIATION,AOA-PAC,Congressman Steven Horsford,2025-03-20,2000.00
AMERICAN OPTOMETRIC ASSOCIATION,AOA-PAC,Congressman Chris Pappas,2025-03-20,5000.00
AMERICAN OPTOMETRIC ASSOCIATION,AOA-PAC,Congressman Chris Pappas,2025-03-20,5000.00
AMERICAN OPTOMETRIC ASSOCIATION,AOA-PAC,Congressman Frank Mrvan,2025-03-20,2000.00
AMERICAN OPTOMETRIC ASSOCIATION,AOA-PAC,Congressman Robert Menendez,2025-03-20,2000.00
AMERICAN OPTOMETRIC ASSOCIATION,AOA-PAC,Congressman Gabe Vasquez,2025-03-20,2000.00
AMERICAN OPTOMETRIC ASSOCIATION,AOA-PAC,Congressman Greg Landsman,2025-03-20,2000.00
AMERICAN OPTOMETRIC ASSOCIATION,AOA-PAC,Congresswoman Emilia Sykes,2025-03-20,2000.00
AMERICAN OPTOMETRIC ASSOCIATION,AOA-PAC,Congressman Don Davis,2025-03-20,2000.00
AMERICAN OPTOMETRIC ASSOCIATION,AOA-PAC,Congressman Kevin Mullin,2025-03-20,2000.00
AMERICAN OPTOMETRIC ASSOCIATION,AOA-PAC,Congresswoman Nelida Pou,2025-03-20,2000.00
AMERICAN OPTOMETRIC ASSOCIATION,AOA-PAC,Congresswoman Jennifer McClellan,2025-03-20,2000.00
AMERICAN OPTOMETRIC ASSOCIATION,AOA-PAC,Congressman Joshua Riley,2025-03-20,2000.00
AMERICAN OPTOMETRIC ASSOCIATION,AOA-PAC,Congressman John Mannion,2025-03-20,2000.00
AMERICAN OPTOMETRIC ASSOCIATION,AOA-PAC,Congresswoman Janelle Bynum,2025-03-20,2000.00
AMERICAN OPTOMETRIC ASSOCIATION,AOA-PAC,Congressman Adam Gray,2025-03-20,2000.00
AMERICAN OPTOMETRIC ASSOCIATION,AOA-PAC,Congressman George Whitesides,2025-03-20,2000.00
AMERICAN OPTOMETRIC ASSOCIATION,AOA-PAC,Congressman Derek Tran,2025-03-20,2000.00
AMERICAN OPTOMETRIC ASSOCIATION,AOA-PAC,Congresswoman Kristen McDonald Rivet,2025-03-20,2000.00
AMERICAN OPTOMETRIC ASSOCIATION,AOA-PAC,Senator John Hickenlooper,2025-03-20,2500.00
AMERICAN OPTOMETRIC ASSOCIATION,AOA-PAC,Senator Jim Banks,2025-03-20,5000.00
AMERICAN OPTOMETRIC ASSOCIATION,AOA-PAC,Congressman Aaron Bean,2025-03-21,1500.00
AMERICAN OPTOMETRIC ASSOCIATION,AOA-PAC,Senator Ashley Moody,2025-03-21,2500.00
AMERICAN OPTOMETRIC ASSOCIATION,AOA-PAC,Congressman David Valadao,2025-03-26,2500.00
AMERICAN OPTOMETRIC ASSOCIATION,AOA-PAC,Congressman Jonathan Jackson,2025-03-26,2000.00
AMERICAN OPTOMETRIC ASSOCIATION,AOA-PAC,Congressman Cliff Bentz,2025-03-26,3000.00
AMERICAN OPTOMETRIC ASSOCIATION,AOA-PAC,Senator Ashley Moody,2025-03-26,1000.00
AMERICAN OPTOMETRIC ASSOCIATION,AOA-PAC,Congressman Cliff Bentz,2025-03-26,2000.00
AMERICAN OPTOMETRIC ASSOCIATION,AOA-PAC,Senator Tim Sheehy,2025-03-26,2000.00
AMERICAN OPTOMETRIC ASSOCIATION,AOA-PAC,Congresswoman Sheila Cherfilus-McCormick,2025-04-01,2500.00
AMERICAN OPTOMETRIC ASSOCIATION,AOA-PAC,Congresswoman Diana Harshbarger,2025-04-29,1000.00
AMERICAN OPTOMETRIC ASSOCIATION,AOA-PAC,Congressman Jack Bergman,2025-04-30,2500.00
AMERICAN OPTOMETRIC ASSOCIATION,AOA-PAC,Senator Ben Lujan,2025-05-05,2000.00
AMERICAN OPTOMETRIC ASSOCIATION,AOA-PAC,Congresswoman Elizabeth Fletcher,2025-05-06,1500.00
AMERICAN OPTOMETRIC ASSOCIATION,AOA-PAC,Congressman Eric Sorensen,2025-05-08,2500.00
AMERICAN OPTOMETRIC ASSOCIATION,AOA-PAC,Congresswoman Yvette Clarke,2025-05-12,2500.00
AMERICAN OPTOMETRIC ASSOCIATION,AOA-PAC,Congressman Stephen Womack,2025-05-12,2500.00
AMERICAN OPTOMETRIC ASSOCIATION,AOA-PAC,Congressman David Kustoff,2025-05-12,2000.00
AMERICAN OPTOMETRIC ASSOCIATION,AOA-PAC,Senator Bill Hagerty,2025-05-12,5000.00
AMERICAN OPTOMETRIC ASSOCIATION,AOA-PAC,Congressman Patrick Fallon,2025-05-12,2500.00
AMERICAN OPTOMETRIC ASSOCIATION,AOA-PAC,Congressman Brian Jack,2025-05-12,2000.00
AMERICAN OPTOMETRIC ASSOCIATION,AOA-PAC,Congresswoman Diana Harshbarger,2025-05-12,5000.00
AMERICAN OPTOMETRIC ASSOCIATION,AOA-PAC,Congressman Suhas Subramanyam,2025-05-13,2000.00
AMERICAN OPTOMETRIC ASSOCIATION,AOA-PAC,Congresswoman Adrian Smith,2025-05-16,2000.00
AMERICAN OPTOMETRIC ASSOCIATION,AOA-PAC,Congressman Buddy Carter,2025-05-19,5000.00
AMERICAN OPTOMETRIC ASSOCIATION,AOA-PAC,Congressman Buddy Carter,2025-05-19,5000.00
AMERICAN OPTOMETRIC ASSOCIATION,AOA-PAC,Congressman Jared Moskowitz,2025-05-19,2000.00
AMERICAN OPTOMETRIC ASSOCIATION,AOA-PAC,Congressman Blake Moore,2025-05-19,2000.00
AMERICAN OPTOMETRIC ASSOCIATION,AOA-PAC,Congresswoman Julie Fedorchak,2025-05-19,2500.00
AMERICAN OPTOMETRIC ASSOCIATION,AOA-PAC,Congressman Gabe Evans,2025-05-19,2000.00
AMERICAN OPTOMETRIC ASSOCIATION,AOA-PAC,Congressman Buddy Carter,2025-05-19,5000.00
AMERICAN OPTOMETRIC ASSOCIATION,AOA-PAC,Congressman Michael Rulli,2025-05-21,2000.00
AMERICAN OPTOMETRIC ASSOCIATION,AOA-PAC,Congressman Dan Crenshaw,2025-06-02,2500.00
AMERICAN OPTOMETRIC ASSOCIATION,AOA-PAC,Congressman Bob Crenshaw,2025-06-03,5000.00
AMERICAN OPTOMETRIC ASSOCIATION,AOA-PAC,Congressman Bob Latta,2025-06-03,5000.00
AMERICAN OPTOMETRIC ASSOCIATION,AOA-PAC,Congressman Scott Fitzgerald,2025-06-03,2500.00
AMERICAN OPTOMETRIC ASSOCIATION,AOA-PAC,Congressman Greg Steube,2025-06-03,1000.00
AMERICAN OPTOMETRIC ASSOCIATION,AOA-PAC,Congressman Jason Smith,2025-06-10,2500.00
AMERICAN OPTOMETRIC ASSOCIATION,AOA-PAC,Congressman Kevin Hern,2025-06-10,2000.00
AMERICAN OPTOMETRIC ASSOCIATION,AOA-PAC,Senator Roger Marshall,2025-06-10,2000.00
AMERICAN OPTOMETRIC ASSOCIATION,AOA-PAC,Congressman John Ellzey,2025-06-10,2500.00
AMERICAN OPTOMETRIC ASSOCIATION,AOA-PAC,Congressman John Ellzey,2025-06-10,1500.00
AMERICAN OPTOMETRIC ASSOCIATION,AOA-PAC,Congresswoman Kathryn Cammack,2025-06-10,2000.00
AMERICAN OPTOMETRIC ASSOCIATION,AOA-PAC,Congresswoman Kathryn Cammack,2025-06-10,3000.00
AMERICAN OPTOMETRIC ASSOCIATION,AOA-PAC,Congressman Vincent Fong,2025-06-10,2500.00
AMERICAN OPTOMETRIC ASSOCIATION,AOA-PAC,Congressman Blake Moore,2025-06-10,1000.00
AMERICAN OPTOMETRIC ASSOCIATION,AOA-PAC,Congressman Blake Moore,2025-06-10,4000.00
AMERICAN OPTOMETRIC ASSOCIATION,AOA-PAC,Senator Tammy Baldwin,2025-06-10,5000.00
AMERICAN OPTOMETRIC ASSOCIATION,AOA-PAC,DSCC,2025-06-10,15000.00
AMERICAN OPTOMETRIC ASSOCIATION,AOA-PAC,Congressman Frank Pallone,2025-06-18,2000.00
AMERICAN OPTOMETRIC ASSOCIATION,AOA-PAC,Congressman Richard Hudson,2025-06-18,2000.00
AMERICAN OPTOMETRIC ASSOCIATION,AOA-PAC,Congressman Michael Baumgartner,2025-06-18,2500.00
AMERICAN OPTOMETRIC ASSOCIATION,AOA-PAC,Congressman Tom Kean,2025-06-18,2000.00
AMERICAN OPTOMETRIC ASSOCIATION,AOA-PAC,Senator Kevin Cramer,2025-06-18,5000.00
AMERICAN OPTOMETRIC ASSOCIATION,AOA-PAC,Republican National Committee,2025-06-18,15000.00
AMERICAN OPTOMETRIC ASSOCIATION,AOA-PAC,Congressman Tom Barrett,2025-06-23,2500.00
AMERICAN OPTOMETRIC ASSOCIATION,AOA-PAC,Congressman Ben Cline,2025-06-23,2500.00
AMERICAN OPTOMETRIC ASSOCIATION,AOA-PAC,Congressman Jeff Crank,2025-06-24,1500.00
AMERICAN OPTOMETRIC ASSOCIATION,AOA-PAC,Congressman Morgan Griffith,2025-06-30,2500.00
AMERICAN OPTOMETRIC ASSOCIATION,AOA-PAC,Congresswoman Dina Titus,2025-06-30,2000.00
AMERICAN OPTOMETRIC ASSOCIATION,AOA-PAC,Congressman Robert Menendez,2025-02-24,2000.00
AMERICAN OPTOMETRIC ASSOCIATION,AOA-PAC,Congressman Greg Landsman,2025-02-24,1500.00
AMERICAN OPTOMETRIC ASSOCIATION,AOA-PAC,Congressman Kevin Mullin,2025-02-24,2000.00
AMERICAN OPTOMETRIC ASSOCIATION,AOA-PAC,Congressman Rudy Yakym,2025-02-24,2000.00
AMERICAN OPTOMETRIC ASSOCIATION,AOA-PAC,Congressman Nick Langworthy,2025-02-24,2000.00
AMERICAN OPTOMETRIC ASSOCIATION,AOA-PAC,Congressman John Joyce,2025-04-01,5000.00
AMERICAN OPTOMETRIC ASSOCIATION,AOA-PAC,Congresswoman Diana Harshbarger,2025-04-04,2000.00
AMERICAN OPTOMETRIC ASSOCIATION,AOA-PAC,Congressman Derrick Van Orden,2025-04-04,2500.00
AMERICAN OPTOMETRIC ASSOCIATION,AOA-PAC,Congressman Brian Fitzpatrick,2025-04-10,2000.00
AMERICAN OPTOMETRIC ASSOCIATION,AOA-PAC,Congressman Tim Moore,2025-04-16,2000.00
AMERICAN OPTOMETRIC ASSOCIATION,AOA-PAC,Congressman Brett Guthrie,2025-04-22,2500.00
AMERICAN OPTOMETRIC ASSOCIATION,AOA-PAC,Congressman Jack Bergman,2025-04-29,2500.00
AMERICAN OPTOMETRIC ASSOCIATION,AOA-PAC,Congressman Darren Soto,2025-04-29,2500.00
AMERICAN OPTOMETRIC ASSOCIATION,AOA-PAC,Congresswoman Diana Harshbarger,2025-04-29,500.00
AMERICAN OPTOMETRIC ASSOCIATION,AOA-PAC,Congressman Donald Norcross,2025-02-13,2000.00
AMERICAN OPTOMETRIC ASSOCIATION,AOA-PAC,Congressman Steve Scalise,2025-02-18,3000.00
AMERICAN OPTOMETRIC ASSOCIATION,AOA-PAC,Congressman Christopher Smith,2025-02-18,1500.00
AMERICAN OPTOMETRIC ASSOCIATION,AOA-PAC,Congresswoman Nikema Williams,2025-02-18,1500.00
AMERICAN OPTOMETRIC ASSOCIATION,AOA-PAC,Congressman Derek Schmidt,2025-02-18,2500.00
AMERICAN OPTOMETRIC ASSOCIATION,AOA-PAC,Congressman Mike Kelly,2025-02-24,2000.00
AMERICAN OPTOMETRIC ASSOCIATION,AOA-PAC,Congressman Brendan Boyle,2025-02-24,2000.00
AMERICAN OPTOMETRIC ASSOCIATION,AOA-PAC,Congressman Rick Allen,2025-02-24,2000.00
AMERICAN OPTOMETRIC ASSOCIATION,AOA-PAC,Congressman Neal Dunn,2025-02-24,2000.00
AMERICAN OPTOMETRIC ASSOCIATION,AOA-PAC,Congressman Kevin Hern,2025-02-24,2000.00
AMERICAN OPTOMETRIC ASSOCIATION,AOA-PAC,Congresswoman Diana Harshbarger,2025-02-24,2000.00
AMERICAN OPTOMETRIC ASSOCIATION,AOA-PAC,Congressman Greg Steube,2025-02-24,2000.00
AMERICAN OPTOMETRIC ASSOCIATION,AOA-PAC,Congressman Troy Carter,2025-02-24,2000.00
AMERICAN OPTOMETRIC ASSOCIATION,AOA-PAC,Congresswoman Mariannette Miller-Meeks,2025-02-24,2000.00
AMERICAN OPTOMETRIC ASSOCIATION,AOA-PAC,Congresswoman Kathryn Cammack,2025-02-24,2000.00
AMERICAN OPTOMETRIC ASSOCIATION,AOA-PAC,Congressman Gregory Murphy,2025-02-24,2000.00
AMERICAN OPTOMETRIC ASSOCIATION,AOA-PAC,Congressman Scott Fitzgerald,2025-01-14,1000.00
AMERICAN OPTOMETRIC ASSOCIATION,AOA-PAC,Congresswoman Yvette Clarke,2025-01-23,5000.00
AMERICAN OPTOMETRIC ASSOCIATION,AOA-PAC,Congresswoman Marie Gluesenkamp Perez,2025-02-04,1000.00
AMERICAN OPTOMETRIC ASSOCIATION,AOA-PAC,Senator Shelley Capito,2025-02-04,2500.00
AMERICAN OPTOMETRIC ASSOCIATION,AOA-PAC,Congressman Morgan Griffith,2025-02-10,1500.00
AMERICAN OPTOMETRIC ASSOCIATION,AOA-PAC,NRSC,2025-02-10,15000.00
AMERICAN OPTOMETRIC ASSOCIATION,AOA-PAC,DCCC,2025-02-10,15000.00
AMERICAN OPTOMETRIC ASSOCIATION,AOA-PAC,Senator John Thune,2025-02-10,2500.00
AMERICAN OPTOMETRIC ASSOCIATION,AOA-PAC,Congressman Cliff Bentz,2025-02-24,2000.00
AMERICAN OPTOMETRIC ASSOCIATION,AOA-PAC,Congressman Craig Goldman,2025-02-24,2000.00
AMERICAN OPTOMETRIC ASSOCIATION,AOA-PAC,Congressman Blake Moore,2025-02-24,2000.00
AMERICAN OPTOMETRIC ASSOCIATION,AOA-PAC,Congresswoman Julie Fedorchak,2025-02-24,2000.00
AMERICAN OPTOMETRIC ASSOCIATION,AOA-PAC,Congressman Max Miller,2025-02-24,2000.00
AMERICAN OPTOMETRIC ASSOCIATION,AOA-PAC,Congresswoman Erin Houchin,2025-02-24,2000.00
AMERICAN OPTOMETRIC ASSOCIATION,AOA-PAC,Delegate Stacey Plaskett,2025-02-24,2000.00
AMERICAN OPTOMETRIC ASSOCIATION,AOA-PAC,Congressman Jake Auchincloss,2025-02-24,2000.00
AMERICAN OPTOMETRIC ASSOCIATION,AOA-PAC,Congressman Gabe Evans,2025-02-24,2000.00
AMERICAN OPTOMETRIC ASSOCIATION,AOA-PAC,Congressman Michael Rulli,2025-02-24,2000.00
AMERICAN OPTOMETRIC ASSOCIATION,AOA-PAC,Congressman Tom Kean,2025-02-24,2000.00
AMERICAN OPTOMETRIC ASSOCIATION,AOA-PAC,Congressman Richard Hudson,2025-02-25,2500.00
AMERICAN OPTOMETRIC ASSOCIATION,AOA-PAC,Congressman John Joyce,2025-03-03,2500.00
AMERICAN OPTOMETRIC ASSOCIATION,AOA-PAC,Congresswoman Jen Kiggans,2025-03-03,2500.00
AMERICAN OPTOMETRIC ASSOCIATION,AOA-PAC,Congressman Dustin Johnson,2025-03-05,2000.00
AMERICAN OPTOMETRIC ASSOCIATION,AOA-PAC,Congressman Bill Foster,2025-03-10,2500.00
AMERICAN OPTOMETRIC ASSOCIATION,AOA-PAC,Congressman Michael Quigley,2025-03-10,2500.00
AMERICAN OPTOMETRIC ASSOCIATION,AOA-PAC,Congressman Mike Bost,2025-03-10,1500.00
AMERICAN OPTOMETRIC ASSOCIATION,AOA-PAC,Congressman Guy Reschenthaler,2025-03-10,2500.00
AMERICAN OPTOMETRIC ASSOCIATION,AOA-PAC,Congresswoman Haley Stevens,2025-03-10,2500.00
AMERICAN OPTOMETRIC ASSOCIATION,AOA-PAC,Congresswoman Delia Ramirez,2025-03-10,2500.00
AMERICAN OPTOMETRIC ASSOCIATION,AOA-PAC,Senator Peter Welch,2025-03-10,2000.00
AMERICAN OPTOMETRIC ASSOCIATION,AOA-PAC,Congressman S. Raja Krishnamoorthi,2025-03-11,2500.00
AMERICAN OPTOMETRIC ASSOCIATION,AOA-PAC,Congressman Mike Rogers,2025-03-13,1500.00
AMERICAN OPTOMETRIC ASSOCIATION,AOA-PAC,Congressman Roger Marshall,2025-03-13,2000.00
AMERICAN OPTOMETRIC ASSOCIATION,AOA-PAC,Congressman Henry Cuellar,2025-03-20,2000.00
AMERICAN OPTOMETRIC ASSOCIATION,AOA-PAC,Congresswoman Susie Lee,2025-03-20,2000.00
AMERICAN OPTOMETRIC ASSOCIATION,AOA-PAC,Congresswoman Madelaine Dean,2025-03-20,4000.00
AMERICAN OPTOMETRIC ASSOCIATION,AOA-PAC,Congresswoman Jahana Hayes,2025-03-20,2000.00
AMERICAN OPTOMETRIC ASSOCIATION,AOA-PAC,Congressman Steven Horsford,2025-03-20,2000.00
AMERICAN OPTOMETRIC ASSOCIATION,AOA-PAC,Congressman Chris Pappas,2025-03-20,5000.00
AMERICAN OPTOMETRIC ASSOCIATION,AOA-PAC,Congressman Chris Pappas,2025-03-20,5000.00
AMERICAN OPTOMETRIC ASSOCIATION,AOA-PAC,Congressman Frank Mrvan,2025-03-20,2000.00
AMERICAN OPTOMETRIC ASSOCIATION,AOA-PAC,Congressman Robert Menendez,2025-03-20,2000.00
AMERICAN OPTOMETRIC ASSOCIATION,AOA-PAC,Congressman Gabe Vasquez,2025-03-20,2000.00
AMERICAN OPTOMETRIC ASSOCIATION,AOA-PAC,Congressman Greg Landsman,2025-03-20,2000.00
AMERICAN OPTOMETRIC ASSOCIATION,AOA-PAC,Congresswoman Emilia Sykes,2025-03-20,2000.00
AMERICAN OPTOMETRIC ASSOCIATION,AOA-PAC,Congressman Don Davis,2025-03-20,2000.00
AMERICAN OPTOMETRIC ASSOCIATION,AOA-PAC,Congressman Kevin Mullin,2025-03-20,2000.00
AMERICAN OPTOMETRIC ASSOCIATION,AOA-PAC,Congresswoman Nelida Pou,2025-03-20,2000.00
AMERICAN OPTOMETRIC ASSOCIATION,AOA-PAC,Congresswoman Jennifer McClellan,2025-03-20,2000.00
AMERICAN OPTOMETRIC ASSOCIATION,AOA-PAC,Congressman Joshua Riley,2025-03-20,2000.00
AMERICAN OPTOMETRIC ASSOCIATION,AOA-PAC,Congressman John Mannion,2025-03-20,2000.00
AMERICAN OPTOMETRIC ASSOCIATION,AOA-PAC,Congresswoman Janelle Bynum,2025-03-20,2000.00
AMERICAN OPTOMETRIC ASSOCIATION,AOA-PAC,Congressman Adam Gray,2025-03-20,2000.00
AMERICAN OPTOMETRIC ASSOCIATION,AOA-PAC,Congressman George Whitesides,2025-03-20,2000.00
AMERICAN OPTOMETRIC ASSOCIATION,AOA-PAC,Congressman Derek Tran,2025-03-20,2000.00
AMERICAN OPTOMETRIC ASSOCIATION,AOA-PAC,Congresswoman Kristen McDonald Rivet,2025-03-20,2000.00
AMERICAN OPTOMETRIC ASSOCIATION,AOA-PAC,Senator John Hickenlooper,2025-03-20,2500.00
AMERICAN OPTOMETRIC ASSOCIATION,AOA-PAC,Senator Jim Banks,2025-03-20,5000.00
AMERICAN OPTOMETRIC ASSOCIATION,AOA-PAC,Congressman Aaron Bean,2025-03-21,1500.00
AMERICAN OPTOMETRIC ASSOCIATION,AOA-PAC,Senator Ashley Moody,2025-03-21,2500.00
AMERICAN OPTOMETRIC ASSOCIATION,AOA-PAC,Congressman David Valadao,2025-03-26,2500.00
AMERICAN OPTOMETRIC ASSOCIATION,AOA-PAC,Congressman Jonathan Jackson,2025-03-26,2000.00
AMERICAN OPTOMETRIC ASSOCIATION,AOA-PAC,Congressman Cliff Bentz,2025-03-26,3000.00
AMERICAN OPTOMETRIC ASSOCIATION,AOA-PAC,Senator Ashley Moody,2025-03-26,1000.00
AMERICAN OPTOMETRIC ASSOCIATION,AOA-PAC,Congressman Cliff Bentz,2025-03-26,2000.00
AMERICAN OPTOMETRIC ASSOCIATION,AOA-PAC,Senator Tim Sheehy,2025-03-26,2000.00
AMERICAN OPTOMETRIC ASSOCIATION,AOA-PAC,Congresswoman Sheila Cherfilus-McCormick,2025-04-01,2500.00
AMERICAN OPTOMETRIC ASSOCIATION,AOA-PAC,Congresswoman Diana Harshbarger,2025-04-29,1000.00
AMERICAN OPTOMETRIC ASSOCIATION,AOA-PAC,Congressman Jack Bergman,2025-04-30,2500.00
AMERICAN OPTOMETRIC ASSOCIATION,AOA-PAC,Senator Ben Lujan,2025-05-05,2000.00
AMERICAN OPTOMETRIC ASSOCIATION,AOA-PAC,Congresswoman Elizabeth Fletcher,2025-05-06,1500.00
AMERICAN OPTOMETRIC ASSOCIATION,AOA-PAC,Congressman Eric Sorensen,2025-05-08,2500.00
AMERICAN OPTOMETRIC ASSOCIATION,AOA-PAC,Congresswoman Yvette Clarke,2025-05-12,2500.00
AMERICAN OPTOMETRIC ASSOCIATION,AOA-PAC,Congressman Stephen Womack,2025-05-12,2500.00
AMERICAN OPTOMETRIC ASSOCIATION,AOA-PAC,Congressman David Kustoff,2025-05-12,2000.00
AMERICAN OPTOMETRIC ASSOCIATION,AOA-PAC,Senator Bill Hagerty,2025-05-12,5000.00
AMERICAN OPTOMETRIC ASSOCIATION,AOA-PAC,Congressman Patrick Fallon,2025-05-12,2500.00
AMERICAN OPTOMETRIC ASSOCIATION,AOA-PAC,Congressman Brian Jack,2025-05-12,2000.00
AMERICAN OPTOMETRIC ASSOCIATION,AOA-PAC,Congresswoman Diana Harshbarger,2025-05-12,5000.00
AMERICAN OPTOMETRIC ASSOCIATION,AOA-PAC,Congressman Suhas Subramanyam,2025-05-13,2000.00
AMERICAN OPTOMETRIC ASSOCIATION,AOA-PAC,Congresswoman Adrian Smith,2025-05-16,2000.00
AMERICAN OPTOMETRIC ASSOCIATION,AOA-PAC,Congressman Buddy Carter,2025-05-19,5000.00
AMERICAN OPTOMETRIC ASSOCIATION,AOA-PAC,Congressman Buddy Carter,2025-05-19,5000.00
AMERICAN OPTOMETRIC ASSOCIATION,AOA-PAC,Congressman Jared Moskowitz,2025-05-19,2000.00
AMERICAN OPTOMETRIC ASSOCIATION,AOA-PAC,Congressman Blake Moore,2025-05-19,2000.00
AMERICAN OPTOMETRIC ASSOCIATION,AOA-PAC,Congresswoman Julie Fedorchak,2025-05-19,2500.00
AMERICAN OPTOMETRIC ASSOCIATION,AOA-PAC,Congressman Gabe Evans,2025-05-19,2000.00
AMERICAN OPTOMETRIC ASSOCIATION,AOA-PAC,Congressman Buddy Carter,2025-05-19,5000.00
AMERICAN OPTOMETRIC ASSOCIATION,AOA-PAC,Congressman Michael Rulli,2025-05-21,2000.00
AMERICAN OPTOMETRIC ASSOCIATION,AOA-PAC,Congressman Dan Crenshaw,2025-06-02,2500.00
AMERICAN OPTOMETRIC ASSOCIATION,AOA-PAC,Congressman Bob Crenshaw,2025-06-03,5000.00
AMERICAN OPTOMETRIC ASSOCIATION,AOA-PAC,Congressman Bob Latta,2025-06-03,5000.00
AMERICAN OPTOMETRIC ASSOCIATION,AOA-PAC,Congressman Scott Fitzgerald,2025-06-03,2500.00
AMERICAN OPTOMETRIC ASSOCIATION,AOA-PAC,Congressman Greg Steube,2025-06-03,1000.00
AMERICAN OPTOMETRIC ASSOCIATION,AOA-PAC,Congressman Jason Smith,2025-06-10,2500.00
AMERICAN OPTOMETRIC ASSOCIATION,AOA-PAC,Congressman Kevin Hern,2025-06-10,2000.00
AMERICAN OPTOMETRIC ASSOCIATION,AOA-PAC,Senator Roger Marshall,2025-06-10,2000.00
AMERICAN OPTOMETRIC ASSOCIATION,AOA-PAC,Congressman John Ellzey,2025-06-10,2500.00
AMERICAN OPTOMETRIC ASSOCIATION,AOA-PAC,Congressman John Ellzey,2025-06-10,1500.00
AMERICAN OPTOMETRIC ASSOCIATION,AOA-PAC,Congresswoman Kathryn Cammack,2025-06-10,2000.00
AMERICAN OPTOMETRIC ASSOCIATION,AOA-PAC,Congresswoman Kathryn Cammack,2025-06-10,3000.00
AMERICAN OPTOMETRIC ASSOCIATION,AOA-PAC,Congressman Vincent Fong,2025-06-10,2500.00
AMERICAN OPTOMETRIC ASSOCIATION,AOA-PAC,Congressman Blake Moore,2025-06-10,1000.00
AMERICAN OPTOMETRIC ASSOCIATION,AOA-PAC,Congressman Blake Moore,2025-06-10,4000.00
AMERICAN OPTOMETRIC ASSOCIATION,AOA-PAC,Senator Tammy Baldwin,2025-06-10,5000.00
AMERICAN OPTOMETRIC ASSOCIATION,AOA-PAC,DSCC,2025-06-10,15000.00
AMERICAN OPTOMETRIC ASSOCIATION,AOA-PAC,Congressman Frank Pallone,2025-06-18,2000.00
AMERICAN OPTOMETRIC ASSOCIATION,AOA-PAC,Congressman Richard Hudson,2025-06-18,2000.00
AMERICAN OPTOMETRIC ASSOCIATION,AOA-PAC,Congressman Michael Baumgartner,2025-06-18,2500.00
AMERICAN OPTOMETRIC ASSOCIATION,AOA-PAC,Congressman Tom Kean,2025-06-18,2000.00
AMERICAN OPTOMETRIC ASSOCIATION,AOA-PAC,Senator Kevin Cramer,2025-06-18,5000.00
AMERICAN OPTOMETRIC ASSOCIATION,AOA-PAC,Republican National Committee,2025-06-18,15000.00
AMERICAN OPTOMETRIC ASSOCIATION,AOA-PAC,Congressman Tom Barrett,2025-06-23,2500.00
AMERICAN OPTOMETRIC ASSOCIATION,AOA-PAC,Congressman Ben Cline,2025-06-23,2500.00
AMERICAN OPTOMETRIC ASSOCIATION,AOA-PAC,Congressman Jeff Crank,2025-06-24,1500.00
AMERICAN OPTOMETRIC ASSOCIATION,AOA-PAC,Congressman Morgan Griffith,2025-06-30,2500.00
AMERICAN OPTOMETRIC ASSOCIATION,AOA-PAC,Congresswoman Dina Titus,2025-06-30,2000.00
AMERICAN OPTOMETRIC ASSOCIATION,AOA-PAC,Congressman Robert Menendez,2025-02-24,2000.00
AMERICAN OPTOMETRIC ASSOCIATION,AOA-PAC,Congressman Greg Landsman,2025-02-24,1500.00
AMERICAN OPTOMETRIC ASSOCIATION,AOA-PAC,Congressman Kevin Mullin,2025-02-24,2000.00
AMERICAN OPTOMETRIC ASSOCIATION,AOA-PAC,Congressman Rudy Yakym,2025-02-24,2000.00
AMERICAN OPTOMETRIC ASSOCIATION,AOA-PAC,Congressman Nick Langworthy,2025-02-24,2000.00
AMERICAN OPTOMETRIC ASSOCIATION,AOA-PAC,Congressman John Joyce,2025-04-01,5000.00
AMERICAN OPTOMETRIC ASSOCIATION,AOA-PAC,Congresswoman Diana Harshbarger,2025-04-04,2000.00
AMERICAN OPTOMETRIC ASSOCIATION,AOA-PAC,Congressman Derrick Van Orden,2025-04-04,2500.00
AMERICAN OPTOMETRIC ASSOCIATION,AOA-PAC,Congressman Brian Fitzpatrick,2025-04-10,2000.00
AMERICAN OPTOMETRIC ASSOCIATION,AOA-PAC,Congressman Tim Moore,2025-04-16,2000.00
AMERICAN OPTOMETRIC ASSOCIATION,AOA-PAC,Congressman Brett Guthrie,2025-04-22,2500.00
AMERICAN OPTOMETRIC ASSOCIATION,AOA-PAC,Congressman Jack Bergman,2025-04-29,2500.00
AMERICAN OPTOMETRIC ASSOCIATION,AOA-PAC,Congressman Darren Soto,2025-04-29,2500.00
AMERICAN OPTOMETRIC ASSOCIATION,AOA-PAC,Congresswoman Diana Harshbarger,2025-04-29,500.00
AMERICAN OPTOMETRIC ASSOCIATION,AOA-PAC,Congressman Donald Norcross,2025-02-13,2000.00
AMERICAN OPTOMETRIC ASSOCIATION,AOA-PAC,Congressman Steve Scalise,2025-02-18,3000.00
AMERICAN OPTOMETRIC ASSOCIATION,AOA-PAC,Congressman Christopher Smith,2025-02-18,1500.00
AMERICAN OPTOMETRIC ASSOCIATION,AOA-PAC,Congresswoman Nikema Williams,2025-02-18,1500.00
AMERICAN OPTOMETRIC ASSOCIATION,AOA-PAC,Congressman Derek Schmidt,2025-02-18,2500.00
AMERICAN OPTOMETRIC ASSOCIATION,AOA-PAC,Congressman Mike Kelly,2025-02-24,2000.00
AMERICAN OPTOMETRIC ASSOCIATION,AOA-PAC,Congressman Brendan Boyle,2025-02-24,2000.00
AMERICAN OPTOMETRIC ASSOCIATION,AOA-PAC,Congressman Rick Allen,2025-02-24,2000.00
AMERICAN OPTOMETRIC ASSOCIATION,AOA-PAC,Congressman Neal Dunn,2025-02-24,2000.00
AMERICAN OPTOMETRIC ASSOCIATION,AOA-PAC,Congressman Kevin Hern,2025-02-24,2000.00
AMERICAN OPTOMETRIC ASSOCIATION,AOA-PAC,Congresswoman Diana Harshbarger,2025-02-24,2000.00
AMERICAN OPTOMETRIC ASSOCIATION,AOA-PAC,Congressman Greg Steube,2025-02-24,2000.00
AMERICAN OPTOMETRIC ASSOCIATION,AOA-PAC,Congressman Troy Carter,2025-02-24,2000.00
AMERICAN OPTOMETRIC ASSOCIATION,AOA-PAC,Congresswoman Mariannette Miller-Meeks,2025-02-24,2000.00
AMERICAN OPTOMETRIC ASSOCIATION,AOA-PAC,Congresswoman Kathryn Cammack,2025-02-24,2000.00
AMERICAN OPTOMETRIC ASSOCIATION,AOA-PAC,Congressman Gregory Murphy,2025-02-24,2000.00
AMERICAN OPTOMETRIC ASSOCIATION,AOA-PAC,Congressman Scott Fitzgerald,2025-01-14,1000.00
AMERICAN OPTOMETRIC ASSOCIATION,AOA-PAC,Congresswoman Yvette Clarke,2025-01-23,5000.00
AMERICAN OPTOMETRIC ASSOCIATION,AOA-PAC,Congresswoman Marie Gluesenkamp Perez,2025-02-04,1000.00
AMERICAN OPTOMETRIC ASSOCIATION,AOA-PAC,Senator Shelley Capito,2025-02-04,2500.00
AMERICAN OPTOMETRIC ASSOCIATION,AOA-PAC,Congressman Morgan Griffith,2025-02-10,1500.00
AMERICAN OPTOMETRIC ASSOCIATION,AOA-PAC,NRSC,2025-02-10,15000.00
AMERICAN OPTOMETRIC ASSOCIATION,AOA-PAC,DCCC,2025-02-10,15000.00
AMERICAN OPTOMETRIC ASSOCIATION,AOA-PAC,Senator John Thune,2025-02-10,2500.00
AMERICAN OPTOMETRIC ASSOCIATION,AOA-PAC,Congressman Cliff Bentz,2025-02-24,2000.00
AMERICAN OPTOMETRIC ASSOCIATION,AOA-PAC,Congressman Craig Goldman,2025-02-24,2000.00
AMERICAN OPTOMETRIC ASSOCIATION,AOA-PAC,Congressman Blake Moore,2025-02-24,2000.00
AMERICAN OPTOMETRIC ASSOCIATION,AOA-PAC,Congresswoman Julie Fedorchak,2025-02-24,2000.00
AMERICAN OPTOMETRIC ASSOCIATION,AOA-PAC,Congressman Max Miller,2025-02-24,2000.00
AMERICAN OPTOMETRIC ASSOCIATION,AOA-PAC,Congresswoman Erin Houchin,2025-02-24,2000.00
AMERICAN OPTOMETRIC ASSOCIATION,AOA-PAC,Delegate Stacey Plaskett,2025-02-24,2000.00
AMERICAN OPTOMETRIC ASSOCIATION,AOA-PAC,Congressman Jake Auchincloss,2025-02-24,2000.00
AMERICAN OPTOMETRIC ASSOCIATION,AOA-PAC,Congressman Gabe Evans,2025-02-24,2000.00
AMERICAN OPTOMETRIC ASSOCIATION,AOA-PAC,Congressman Michael Rulli,2025-02-24,2000.00
AMERICAN OPTOMETRIC ASSOCIATION,AOA-PAC,Congressman Tom Kean,2025-02-24,2000.00
AMERICAN OPTOMETRIC ASSOCIATION,AOA-PAC,Congressman Richard Hudson,2025-02-25,2500.00
AMERICAN OPTOMETRIC ASSOCIATION,AOA-PAC,Congressman John Joyce,2025-03-03,2500.00
AMERICAN OPTOMETRIC ASSOCIATION,AOA-PAC,Congresswoman Jen Kiggans,2025-03-03,2500.00
AMERICAN OPTOMETRIC ASSOCIATION,AOA-PAC,Congressman Dustin Johnson,2025-03-05,2000.00
AMERICAN OPTOMETRIC ASSOCIATION,AOA-PAC,Congressman Bill Foster,2025-03-10,2500.00
AMERICAN OPTOMETRIC ASSOCIATION,AOA-PAC,Congressman Michael Quigley,2025-03-10,2500.00
AMERICAN OPTOMETRIC ASSOCIATION,AOA-PAC,Congressman Mike Bost,2025-03-10,1500.00
AMERICAN OPTOMETRIC ASSOCIATION,AOA-PAC,Congressman Guy Reschenthaler,2025-03-10,2500.00
AMERICAN OPTOMETRIC ASSOCIATION,AOA-PAC,Congresswoman Haley Stevens,2025-03-10,2500.00
AMERICAN OPTOMETRIC ASSOCIATION,AOA-PAC,Congresswoman Delia Ramirez,2025-03-10,2500.00
AMERICAN OPTOMETRIC ASSOCIATION,AOA-PAC,Senator Peter Welch,2025-03-10,2000.00
AMERICAN OPTOMETRIC ASSOCIATION,AOA-PAC,Congressman S. Raja Krishnamoorthi,2025-03-11,2500.00
AMERICAN OPTOMETRIC ASSOCIATION,AOA-PAC,Congressman Mike Rogers,2025-03-13,1500.00
AMERICAN OPTOMETRIC ASSOCIATION,AOA-PAC,Congressman Roger Marshall,2025-03-13,2000.00
AMERICAN OPTOMETRIC ASSOCIATION,AOA-PAC,Congressman Henry Cuellar,2025-03-20,2000.00
AMERICAN OPTOMETRIC ASSOCIATION,AOA-PAC,Congresswoman Susie Lee,2025-03-20,2000.00
AMERICAN OPTOMETRIC ASSOCIATION,AOA-PAC,Congresswoman Madelaine Dean,2025-03-20,4000.00
AMERICAN OPTOMETRIC ASSOCIATION,AOA-PAC,Congresswoman Jahana Hayes,2025-03-20,2000.00
AMERICAN OPTOMETRIC ASSOCIATION,AOA-PAC,Congressman Steven Horsford,2025-03-20,2000.00
AMERICAN OPTOMETRIC ASSOCIATION,AOA-PAC,Congressman Chris Pappas,2025-03-20,5000.00
AMERICAN OPTOMETRIC ASSOCIATION,AOA-PAC,Congressman Chris Pappas,2025-03-20,5000.00
AMERICAN OPTOMETRIC ASSOCIATION,AOA-PAC,Congressman Frank Mrvan,2025-03-20,2000.00
AMERICAN OPTOMETRIC ASSOCIATION,AOA-PAC,Congressman Robert Menendez,2025-03-20,2000.00
AMERICAN OPTOMETRIC ASSOCIATION,AOA-PAC,Congressman Gabe Vasquez,2025-03-20,2000.00
AMERICAN OPTOMETRIC ASSOCIATION,AOA-PAC,Congressman Greg Landsman,2025-03-20,2000.00
AMERICAN OPTOMETRIC ASSOCIATION,AOA-PAC,Congresswoman Emilia Sykes,2025-03-20,2000.00
AMERICAN OPTOMETRIC ASSOCIATION,AOA-PAC,Congressman Don Davis,2025-03-20,2000.00
AMERICAN OPTOMETRIC ASSOCIATION,AOA-PAC,Congressman Kevin Mullin,2025-03-20,2000.00
AMERICAN OPTOMETRIC ASSOCIATION,AOA-PAC,Congresswoman Nelida Pou,2025-03-20,2000.00
AMERICAN OPTOMETRIC ASSOCIATION,AOA-PAC,Congresswoman Jennifer McClellan,2025-03-20,2000.00
AMERICAN OPTOMETRIC ASSOCIATION,AOA-PAC,Congressman Joshua Riley,2025-03-20,2000.00
AMERICAN OPTOMETRIC ASSOCIATION,AOA-PAC,Congressman John Mannion,2025-03-20,2000.00
AMERICAN OPTOMETRIC ASSOCIATION,AOA-PAC,Congresswoman Janelle Bynum,2025-03-20,2000.00
AMERICAN OPTOMETRIC ASSOCIATION,AOA-PAC,Congressman Adam Gray,2025-03-20,2000.00
AMERICAN OPTOMETRIC ASSOCIATION,AOA-PAC,Congressman George Whitesides,2025-03-20,2000.00
AMERICAN OPTOMETRIC ASSOCIATION,AOA-PAC,Congressman Derek Tran,2025-03-20,2000.00
AMERICAN OPTOMETRIC ASSOCIATION,AOA-PAC,Congresswoman Kristen McDonald Rivet,2025-03-20,2000.00
AMERICAN OPTOMETRIC ASSOCIATION,AOA-PAC,Senator John Hickenlooper,2025-03-20,2500.00
AMERICAN OPTOMETRIC ASSOCIATION,AOA-PAC,Senator Jim Banks,2025-03-20,5000.00
AMERICAN OPTOMETRIC ASSOCIATION,AOA-PAC,Congressman Aaron Bean,2025-03-21,1500.00
AMERICAN OPTOMETRIC ASSOCIATION,AOA-PAC,Senator Ashley Moody,2025-03-21,2500.00
AMERICAN OPTOMETRIC ASSOCIATION,AOA-PAC,Congressman David Valadao,2025-03-26,2500.00
AMERICAN OPTOMETRIC ASSOCIATION,AOA-PAC,Congressman Jonathan Jackson,2025-03-26,2000.00
AMERICAN OPTOMETRIC ASSOCIATION,AOA-PAC,Congressman Cliff Bentz,2025-03-26,3000.00
AMERICAN OPTOMETRIC ASSOCIATION,AOA-PAC,Senator Ashley Moody,2025-03-26,1000.00
AMERICAN OPTOMETRIC ASSOCIATION,AOA-PAC,Congressman Cliff Bentz,2025-03-26,2000.00
AMERICAN OPTOMETRIC ASSOCIATION,AOA-PAC,Senator Tim Sheehy,2025-03-26,2000.00
AMERICAN OPTOMETRIC ASSOCIATION,AOA-PAC,Congresswoman Sheila Cherfilus-McCormick,2025-04-01,2500.00
AMERICAN OPTOMETRIC ASSOCIATION,AOA-PAC,Congresswoman Diana Harshbarger,2025-04-29,1000.00
AMERICAN OPTOMETRIC ASSOCIATION,AOA-PAC,Congressman Jack Bergman,2025-04-30,2500.00
AMERICAN OPTOMETRIC ASSOCIATION,AOA-PAC,Senator Ben Lujan,2025-05-05,2000.00
AMERICAN OPTOMETRIC ASSOCIATION,AOA-PAC,Congresswoman Elizabeth Fletcher,2025-05-06,1500.00
AMERICAN OPTOMETRIC ASSOCIATION,AOA-PAC,Congressman Eric Sorensen,2025-05-08,2500.00
AMERICAN OPTOMETRIC ASSOCIATION,AOA-PAC,Congresswoman Yvette Clarke,2025-05-12,2500.00
AMERICAN OPTOMETRIC ASSOCIATION,AOA-PAC,Congressman Stephen Womack,2025-05-12,2500.00
AMERICAN OPTOMETRIC ASSOCIATION,AOA-PAC,Congressman David Kustoff,2025-05-12,2000.00
AMERICAN OPTOMETRIC ASSOCIATION,AOA-PAC,Senator Bill Hagerty,2025-05-12,5000.00
AMERICAN OPTOMETRIC ASSOCIATION,AOA-PAC,Congressman Patrick Fallon,2025-05-12,2500.00
AMERICAN OPTOMETRIC ASSOCIATION,AOA-PAC,Congressman Brian Jack,2025-05-12,2000.00
AMERICAN OPTOMETRIC ASSOCIATION,AOA-PAC,Congresswoman Diana Harshbarger,2025-05-12,5000.00
AMERICAN OPTOMETRIC ASSOCIATION,AOA-PAC,Congressman Suhas Subramanyam,2025-05-13,2000.00
AMERICAN OPTOMETRIC ASSOCIATION,AOA-PAC,Congresswoman Adrian Smith,2025-05-16,2000.00
AMERICAN OPTOMETRIC ASSOCIATION,AOA-PAC,Congressman Buddy Carter,2025-05-19,5000.00
AMERICAN OPTOMETRIC ASSOCIATION,AOA-PAC,Congressman Buddy Carter,2025-05-19,5000.00
AMERICAN OPTOMETRIC ASSOCIATION,AOA-PAC,Congressman Jared Moskowitz,2025-05-19,2000.00
AMERICAN OPTOMETRIC ASSOCIATION,AOA-PAC,Congressman Blake Moore,2025-05-19,2000.00
AMERICAN OPTOMETRIC ASSOCIATION,AOA-PAC,Congresswoman Julie Fedorchak,2025-05-19,2500.00
AMERICAN OPTOMETRIC ASSOCIATION,AOA-PAC,Congressman Gabe Evans,2025-05-19,2000.00
AMERICAN OPTOMETRIC ASSOCIATION,AOA-PAC,Congressman Buddy Carter,2025-05-19,5000.00
AMERICAN OPTOMETRIC ASSOCIATION,AOA-PAC,Congressman Michael Rulli,2025-05-21,2000.00
AMERICAN OPTOMETRIC ASSOCIATION,AOA-PAC,Congressman Dan Crenshaw,2025-06-02,2500.00
AMERICAN OPTOMETRIC ASSOCIATION,AOA-PAC,Congressman Bob Crenshaw,2025-06-03,5000.00
AMERICAN OPTOMETRIC ASSOCIATION,AOA-PAC,Congressman Bob Latta,2025-06-03,5000.00
AMERICAN OPTOMETRIC ASSOCIATION,AOA-PAC,Congressman Scott Fitzgerald,2025-06-03,2500.00
AMERICAN OPTOMETRIC ASSOCIATION,AOA-PAC,Congressman Greg Steube,2025-06-03,1000.00
AMERICAN OPTOMETRIC ASSOCIATION,AOA-PAC,Congressman Jason Smith,2025-06-10,2500.00
AMERICAN OPTOMETRIC ASSOCIATION,AOA-PAC,Congressman Kevin Hern,2025-06-10,2000.00
AMERICAN OPTOMETRIC ASSOCIATION,AOA-PAC,Senator Roger Marshall,2025-06-10,2000.00
AMERICAN OPTOMETRIC ASSOCIATION,AOA-PAC,Congressman John Ellzey,2025-06-10,2500.00
AMERICAN OPTOMETRIC ASSOCIATION,AOA-PAC,Congressman John Ellzey,2025-06-10,1500.00
AMERICAN OPTOMETRIC ASSOCIATION,AOA-PAC,Congresswoman Kathryn Cammack,2025-06-10,2000.00
AMERICAN OPTOMETRIC ASSOCIATION,AOA-PAC,Congresswoman Kathryn Cammack,2025-06-10,3000.00
AMERICAN OPTOMETRIC ASSOCIATION,AOA-PAC,Congressman Vincent Fong,2025-06-10,2500.00
AMERICAN OPTOMETRIC ASSOCIATION,AOA-PAC,Congressman Blake Moore,2025-06-10,1000.00
AMERICAN OPTOMETRIC ASSOCIATION,AOA-PAC,Congressman Blake Moore,2025-06-10,4000.00
AMERICAN OPTOMETRIC ASSOCIATION,AOA-PAC,Senator Tammy Baldwin,2025-06-10,5000.00
AMERICAN OPTOMETRIC ASSOCIATION,AOA-PAC,DSCC,2025-06-10,15000.00
AMERICAN OPTOMETRIC ASSOCIATION,AOA-PAC,Congressman Frank Pallone,2025-06-18,2000.00
AMERICAN OPTOMETRIC ASSOCIATION,AOA-PAC,Congressman Richard Hudson,2025-06-18,2000.00
AMERICAN OPTOMETRIC ASSOCIATION,AOA-PAC,Congressman Michael Baumgartner,2025-06-18,2500.00
AMERICAN OPTOMETRIC ASSOCIATION,AOA-PAC,Congressman Tom Kean,2025-06-18,2000.00
AMERICAN OPTOMETRIC ASSOCIATION,AOA-PAC,Senator Kevin Cramer,2025-06-18,5000.00
AMERICAN OPTOMETRIC ASSOCIATION,AOA-PAC,Republican National Committee,2025-06-18,15000.00
AMERICAN OPTOMETRIC ASSOCIATION,AOA-PAC,Congressman Tom Barrett,2025-06-23,2500.00
AMERICAN OPTOMETRIC ASSOCIATION,AOA-PAC,Congressman Ben Cline,2025-06-23,2500.00
AMERICAN OPTOMETRIC ASSOCIATION,AOA-PAC,Congressman Jeff Crank,2025-06-24,1500.00
AMERICAN OPTOMETRIC ASSOCIATION,AOA-PAC,Congressman Morgan Griffith,2025-06-30,2500.00
AMERICAN OPTOMETRIC ASSOCIATION,AOA-PAC,Congresswoman Dina Titus,2025-06-30,2000.00
AMERICAN OPTOMETRIC ASSOCIATION,AOA-PAC,Congressman Robert Menendez,2025-02-24,2000.00
AMERICAN OPTOMETRIC ASSOCIATION,AOA-PAC,Congressman Greg Landsman,2025-02-24,1500.00
AMERICAN OPTOMETRIC ASSOCIATION,AOA-PAC,Congressman Kevin Mullin,2025-02-24,2000.00
AMERICAN OPTOMETRIC ASSOCIATION,AOA-PAC,Congressman Rudy Yakym,2025-02-24,2000.00
AMERICAN OPTOMETRIC ASSOCIATION,AOA-PAC,Congressman Nick Langworthy,2025-02-24,2000.00
AMERICAN OPTOMETRIC ASSOCIATION,AOA-PAC,Congressman John Joyce,2025-04-01,5000.00
AMERICAN OPTOMETRIC ASSOCIATION,AOA-PAC,Congresswoman Diana Harshbarger,2025-04-04,2000.00
AMERICAN OPTOMETRIC ASSOCIATION,AOA-PAC,Congressman Derrick Van Orden,2025-04-04,2500.00
AMERICAN OPTOMETRIC ASSOCIATION,AOA-PAC,Congressman Brian Fitzpatrick,2025-04-10,2000.00
AMERICAN OPTOMETRIC ASSOCIATION,AOA-PAC,Congressman Tim Moore,2025-04-16,2000.00
AMERICAN OPTOMETRIC ASSOCIATION,AOA-PAC,Congressman Brett Guthrie,2025-04-22,2500.00
AMERICAN OPTOMETRIC ASSOCIATION,AOA-PAC,Congressman Jack Bergman,2025-04-29,2500.00
AMERICAN OPTOMETRIC ASSOCIATION,AOA-PAC,Congressman Darren Soto,2025-04-29,2500.00
AMERICAN OPTOMETRIC ASSOCIATION,AOA-PAC,Congresswoman Diana Harshbarger,2025-04-29,500.00
AMERICAN OPTOMETRIC ASSOCIATION,AOA-PAC,Congressman Donald Norcross,2025-02-13,2000.00
AMERICAN OPTOMETRIC ASSOCIATION,AOA-PAC,Congressman Steve Scalise,2025-02-18,3000.00
AMERICAN OPTOMETRIC ASSOCIATION,AOA-PAC,Congressman Christopher Smith,2025-02-18,1500.00
AMERICAN OPTOMETRIC ASSOCIATION,AOA-PAC,Congresswoman Nikema Williams,2025-02-18,1500.00
AMERICAN OPTOMETRIC ASSOCIATION,AOA-PAC,Congressman Derek Schmidt,2025-02-18,2500.00
AMERICAN OPTOMETRIC ASSOCIATION,AOA-PAC,Congressman Mike Kelly,2025-02-24,2000.00
AMERICAN OPTOMETRIC ASSOCIATION,AOA-PAC,Congressman Brendan Boyle,2025-02-24,2000.00
AMERICAN OPTOMETRIC ASSOCIATION,AOA-PAC,Congressman Rick Allen,2025-02-24,2000.00
AMERICAN OPTOMETRIC ASSOCIATION,AOA-PAC,Congressman Neal Dunn,2025-02-24,2000.00
AMERICAN OPTOMETRIC ASSOCIATION,AOA-PAC,Congressman Kevin Hern,2025-02-24,2000.00
AMERICAN OPTOMETRIC ASSOCIATION,AOA-PAC,Congresswoman Diana Harshbarger,2025-02-24,2000.00
AMERICAN OPTOMETRIC ASSOCIATION,AOA-PAC,Congressman Greg Steube,2025-02-24,2000.00
AMERICAN OPTOMETRIC ASSOCIATION,AOA-PAC,Congressman Troy Carter,2025-02-24,2000.00
AMERICAN OPTOMETRIC ASSOCIATION,AOA-PAC,Congresswoman Mariannette Miller-Meeks,2025-02-24,2000.00
AMERICAN OPTOMETRIC ASSOCIATION,AOA-PAC,Congresswoman Kathryn Cammack,2025-02-24,2000.00
AMERICAN OPTOMETRIC ASSOCIATION,AOA-PAC,Congressman Gregory Murphy,2025-02-24,2000.00
AMERICAN OPTOMETRIC ASSOCIATION,AOA-PAC,Congressman Scott Fitzgerald,2025-01-14,1000.00
AMERICAN OPTOMETRIC ASSOCIATION,AOA-PAC,Congresswoman Yvette Clarke,2025-01-23,5000.00
AMERICAN OPTOMETRIC ASSOCIATION,AOA-PAC,Congresswoman Marie Gluesenkamp Perez,2025-02-04,1000.00
AMERICAN OPTOMETRIC ASSOCIATION,AOA-PAC,Senator Shelley Capito,2025-02-04,2500.00
AMERICAN OPTOMETRIC ASSOCIATION,AOA-PAC,Congressman Morgan Griffith,2025-02-10,1500.00
AMERICAN OPTOMETRIC ASSOCIATION,AOA-PAC,NRSC,2025-02-10,15000.00
AMERICAN OPTOMETRIC ASSOCIATION,AOA-PAC,DCCC,2025-02-10,15000.00
AMERICAN OPTOMETRIC ASSOCIATION,AOA-PAC,Senator John Thune,2025-02-10,2500.00
AMERICAN OPTOMETRIC ASSOCIATION,AOA-PAC,Congressman Cliff Bentz,2025-02-24,2000.00
AMERICAN OPTOMETRIC ASSOCIATION,AOA-PAC,Congressman Craig Goldman,2025-02-24,2000.00
AMERICAN OPTOMETRIC ASSOCIATION,AOA-PAC,Congressman Blake Moore,2025-02-24,2000.00
AMERICAN OPTOMETRIC ASSOCIATION,AOA-PAC,Congresswoman Julie Fedorchak,2025-02-24,2000.00
AMERICAN OPTOMETRIC ASSOCIATION,AOA-PAC,Congressman Max Miller,2025-02-24,2000.00
AMERICAN OPTOMETRIC ASSOCIATION,AOA-PAC,Congresswoman Erin Houchin,2025-02-24,2000.00
AMERICAN OPTOMETRIC ASSOCIATION,AOA-PAC,Delegate Stacey Plaskett,2025-02-24,2000.00
AMERICAN OPTOMETRIC ASSOCIATION,AOA-PAC,Congressman Jake Auchincloss,2025-02-24,2000.00
AMERICAN OPTOMETRIC ASSOCIATION,AOA-PAC,Congressman Gabe Evans,2025-02-24,2000.00
AMERICAN OPTOMETRIC ASSOCIATION,AOA-PAC,Congressman Michael Rulli,2025-02-24,2000.00
AMERICAN OPTOMETRIC ASSOCIATION,AOA-PAC,Congressman Tom Kean,2025-02-24,2000.00
AMERICAN OPTOMETRIC ASSOCIATION,AOA-PAC,Congressman Richard Hudson,2025-02-25,2500.00
AMERICAN OPTOMETRIC ASSOCIATION,AOA-PAC,Congressman John Joyce,2025-03-03,2500.00
AMERICAN OPTOMETRIC ASSOCIATION,AOA-PAC,Congresswoman Jen Kiggans,2025-03-03,2500.00
AMERICAN OPTOMETRIC ASSOCIATION,AOA-PAC,Congressman Dustin Johnson,2025-03-05,2000.00
AMERICAN OPTOMETRIC ASSOCIATION,AOA-PAC,Congressman Bill Foster,2025-03-10,2500.00
AMERICAN OPTOMETRIC ASSOCIATION,AOA-PAC,Congressman Michael Quigley,2025-03-10,2500.00
AMERICAN OPTOMETRIC ASSOCIATION,AOA-PAC,Congressman Mike Bost,2025-03-10,1500.00
AMERICAN OPTOMETRIC ASSOCIATION,AOA-PAC,Congressman Guy Reschenthaler,2025-03-10,2500.00
AMERICAN OPTOMETRIC ASSOCIATION,AOA-PAC,Congresswoman Haley Stevens,2025-03-10,2500.00
AMERICAN OPTOMETRIC ASSOCIATION,AOA-PAC,Congresswoman Delia Ramirez,2025-03-10,2500.00
AMERICAN OPTOMETRIC ASSOCIATION,AOA-PAC,Senator Peter Welch,2025-03-10,2000.00
AMERICAN OPTOMETRIC ASSOCIATION,AOA-PAC,Congressman S. Raja Krishnamoorthi,2025-03-11,2500.00
AMERICAN OPTOMETRIC ASSOCIATION,AOA-PAC,Congressman Mike Rogers,2025-03-13,1500.00
AMERICAN OPTOMETRIC ASSOCIATION,AOA-PAC,Congressman Roger Marshall,2025-03-13,2000.00
AMERICAN OPTOMETRIC ASSOCIATION,AOA-PAC,Congressman Henry Cuellar,2025-03-20,2000.00
AMERICAN OPTOMETRIC ASSOCIATION,AOA-PAC,Congresswoman Susie Lee,2025-03-20,2000.00
AMERICAN OPTOMETRIC ASSOCIATION,AOA-PAC,Congresswoman Madelaine Dean,2025-03-20,4000.00
AMERICAN OPTOMETRIC ASSOCIATION,AOA-PAC,Congresswoman Jahana Hayes,2025-03-20,2000.00
AMERICAN OPTOMETRIC ASSOCIATION,AOA-PAC,Congressman Steven Horsford,2025-03-20,2000.00
AMERICAN OPTOMETRIC ASSOCIATION,AOA-PAC,Congressman Chris Pappas,2025-03-20,5000.00
AMERICAN OPTOMETRIC ASSOCIATION,AOA-PAC,Congressman Chris Pappas,2025-03-20,5000.00
AMERICAN OPTOMETRIC ASSOCIATION,AOA-PAC,Congressman Frank Mrvan,2025-03-20,2000.00
AMERICAN OPTOMETRIC ASSOCIATION,AOA-PAC,Congressman Robert Menendez,2025-03-20,2000.00
AMERICAN OPTOMETRIC ASSOCIATION,AOA-PAC,Congressman Gabe Vasquez,2025-03-20,2000.00
AMERICAN OPTOMETRIC ASSOCIATION,AOA-PAC,Congressman Greg Landsman,2025-03-20,2000.00
AMERICAN OPTOMETRIC ASSOCIATION,AOA-PAC,Congresswoman Emilia Sykes,2025-03-20,2000.00
AMERICAN OPTOMETRIC ASSOCIATION,AOA-PAC,Congressman Don Davis,2025-03-20,2000.00
AMERICAN OPTOMETRIC ASSOCIATION,AOA-PAC,Congressman Kevin Mullin,2025-03-20,2000.00
AMERICAN OPTOMETRIC ASSOCIATION,AOA-PAC,Congresswoman Nelida Pou,2025-03-20,2000.00
AMERICAN OPTOMETRIC ASSOCIATION,AOA-PAC,Congresswoman Jennifer McClellan,2025-03-20,2000.00
AMERICAN OPTOMETRIC ASSOCIATION,AOA-PAC,Congressman Joshua Riley,2025-03-20,2000.00
AMERICAN OPTOMETRIC ASSOCIATION,AOA-PAC,Congressman John Mannion,2025-03-20,2000.00
AMERICAN OPTOMETRIC ASSOCIATION,AOA-PAC,Congresswoman Janelle Bynum,2025-03-20,2000.00
AMERICAN OPTOMETRIC ASSOCIATION,AOA-PAC,Congressman Adam Gray,2025-03-20,2000.00
AMERICAN OPTOMETRIC ASSOCIATION,AOA-PAC,Congressman George Whitesides,2025-03-20,2000.00
AMERICAN OPTOMETRIC ASSOCIATION,AOA-PAC,Congressman Derek Tran,2025-03-20,2000.00
AMERICAN OPTOMETRIC ASSOCIATION,AOA-PAC,Congresswoman Kristen McDonald Rivet,2025-03-20,2000.00
AMERICAN OPTOMETRIC ASSOCIATION,AOA-PAC,Senator John Hickenlooper,2025-03-20,2500.00
AMERICAN OPTOMETRIC ASSOCIATION,AOA-PAC,Senator Jim Banks,2025-03-20,5000.00
AMERICAN OPTOMETRIC ASSOCIATION,AOA-PAC,Congressman Aaron Bean,2025-03-21,1500.00
AMERICAN OPTOMETRIC ASSOCIATION,AOA-PAC,Senator Ashley Moody,2025-03-21,2500.00
AMERICAN OPTOMETRIC ASSOCIATION,AOA-PAC,Congressman David Valadao,2025-03-26,2500.00
AMERICAN OPTOMETRIC ASSOCIATION,AOA-PAC,Congressman Jonathan Jackson,2025-03-26,2000.00
AMERICAN OPTOMETRIC ASSOCIATION,AOA-PAC,Congressman Cliff Bentz,2025-03-26,3000.00
AMERICAN OPTOMETRIC ASSOCIATION,AOA-PAC,Senator Ashley Moody,2025-03-26,1000.00
AMERICAN OPTOMETRIC ASSOCIATION,AOA-PAC,Congressman Cliff Bentz,2025-03-26,2000.00
AMERICAN OPTOMETRIC ASSOCIATION,AOA-PAC,Senator Tim Sheehy,2025-03-26,2000.00
AMERICAN OPTOMETRIC ASSOCIATION,AOA-PAC,Congresswoman Sheila Cherfilus-McCormick,2025-04-01,2500.00
AMERICAN OPTOMETRIC ASSOCIATION,AOA-PAC,Congresswoman Diana Harshbarger,2025-04-29,1000.00
AMERICAN OPTOMETRIC ASSOCIATION,AOA-PAC,Congressman Jack Bergman,2025-04-30,2500.00
AMERICAN OPTOMETRIC ASSOCIATION,AOA-PAC,Senator Ben Lujan,2025-05-05,2000.00
AMERICAN OPTOMETRIC ASSOCIATION,AOA-PAC,Congresswoman Elizabeth Fletcher,2025-05-06,1500.00
AMERICAN OPTOMETRIC ASSOCIATION,AOA-PAC,Congressman Eric Sorensen,2025-05-08,2500.00
AMERICAN OPTOMETRIC ASSOCIATION,AOA-PAC,Congresswoman Yvette Clarke,2025-05-12,2500.00
AMERICAN OPTOMETRIC ASSOCIATION,AOA-PAC,Congressman Stephen Womack,2025-05-12,2500.00
AMERICAN OPTOMETRIC ASSOCIATION,AOA-PAC,Congressman David Kustoff,2025-05-12,2000.00
AMERICAN OPTOMETRIC ASSOCIATION,AOA-PAC,Senator Bill Hagerty,2025-05-12,5000.00
AMERICAN OPTOMETRIC ASSOCIATION,AOA-PAC,Congressman Patrick Fallon,2025-05-12,2500.00
AMERICAN OPTOMETRIC ASSOCIATION,AOA-PAC,Congressman Brian Jack,2025-05-12,2000.00
AMERICAN OPTOMETRIC ASSOCIATION,AOA-PAC,Congresswoman Diana Harshbarger,2025-05-12,5000.00
AMERICAN OPTOMETRIC ASSOCIATION,AOA-PAC,Congressman Suhas Subramanyam,2025-05-13,2000.00
AMERICAN OPTOMETRIC ASSOCIATION,AOA-PAC,Congresswoman Adrian Smith,2025-05-16,2000.00
AMERICAN OPTOMETRIC ASSOCIATION,AOA-PAC,Congressman Buddy Carter,2025-05-19,5000.00
AMERICAN OPTOMETRIC ASSOCIATION,AOA-PAC,Congressman Buddy Carter,2025-05-19,5000.00
AMERICAN OPTOMETRIC ASSOCIATION,AOA-PAC,Congressman Jared Moskowitz,2025-05-19,2000.00
AMERICAN OPTOMETRIC ASSOCIATION,AOA-PAC,Congressman Blake Moore,2025-05-19,2000.00
AMERICAN OPTOMETRIC ASSOCIATION,AOA-PAC,Congresswoman Julie Fedorchak,2025-05-19,2500.00
AMERICAN OPTOMETRIC ASSOCIATION,AOA-PAC,Congressman Gabe Evans,2025-05-19,2000.00
AMERICAN OPTOMETRIC ASSOCIATION,AOA-PAC,Congressman Buddy Carter,2025-05-19,5000.00
AMERICAN OPTOMETRIC ASSOCIATION,AOA-PAC,Congressman Michael Rulli,2025-05-21,2000.00
AMERICAN OPTOMETRIC ASSOCIATION,AOA-PAC,Congressman Dan Crenshaw,2025-06-02,2500.00
AMERICAN OPTOMETRIC ASSOCIATION,AOA-PAC,Congressman Bob Crenshaw,2025-06-03,5000.00
AMERICAN OPTOMETRIC ASSOCIATION,AOA-PAC,Congressman Bob Latta,2025-06-03,5000.00
AMERICAN OPTOMETRIC ASSOCIATION,AOA-PAC,Congressman Scott Fitzgerald,2025-06-03,2500.00
AMERICAN OPTOMETRIC ASSOCIATION,AOA-PAC,Congressman Greg Steube,2025-06-03,1000.00
AMERICAN OPTOMETRIC ASSOCIATION,AOA-PAC,Congressman Jason Smith,2025-06-10,2500.00
AMERICAN OPTOMETRIC ASSOCIATION,AOA-PAC,Congressman Kevin Hern,2025-06-10,2000.00
AMERICAN OPTOMETRIC ASSOCIATION,AOA-PAC,Senator Roger Marshall,2025-06-10,2000.00
AMERICAN OPTOMETRIC ASSOCIATION,AOA-PAC,Congressman John Ellzey,2025-06-10,2500.00
AMERICAN OPTOMETRIC ASSOCIATION,AOA-PAC,Congressman John Ellzey,2025-06-10,1500.00
AMERICAN OPTOMETRIC ASSOCIATION,AOA-PAC,Congresswoman Kathryn Cammack,2025-06-10,2000.00
AMERICAN OPTOMETRIC ASSOCIATION,AOA-PAC,Congresswoman Kathryn Cammack,2025-06-10,3000.00
AMERICAN OPTOMETRIC ASSOCIATION,AOA-PAC,Congressman Vincent Fong,2025-06-10,2500.00
AMERICAN OPTOMETRIC ASSOCIATION,AOA-PAC,Congressman Blake Moore,2025-06-10,1000.00
AMERICAN OPTOMETRIC ASSOCIATION,AOA-PAC,Congressman Blake Moore,2025-06-10,4000.00
AMERICAN OPTOMETRIC ASSOCIATION,AOA-PAC,Senator Tammy Baldwin,2025-06-10,5000.00
AMERICAN OPTOMETRIC ASSOCIATION,AOA-PAC,DSCC,2025-06-10,15000.00
AMERICAN OPTOMETRIC ASSOCIATION,AOA-PAC,Congressman Frank Pallone,2025-06-18,2000.00
AMERICAN OPTOMETRIC ASSOCIATION,AOA-PAC,Congressman Richard Hudson,2025-06-18,2000.00
AMERICAN OPTOMETRIC ASSOCIATION,AOA-PAC,Congressman Michael Baumgartner,2025-06-18,2500.00
AMERICAN OPTOMETRIC ASSOCIATION,AOA-PAC,Congressman Tom Kean,2025-06-18,2000.00
AMERICAN OPTOMETRIC ASSOCIATION,AOA-PAC,Senator Kevin Cramer,2025-06-18,5000.00
AMERICAN OPTOMETRIC ASSOCIATION,AOA-PAC,Republican National Committee,2025-06-18,15000.00
AMERICAN OPTOMETRIC ASSOCIATION,AOA-PAC,Congressman Tom Barrett,2025-06-23,2500.00
AMERICAN OPTOMETRIC ASSOCIATION,AOA-PAC,Congressman Ben Cline,2025-06-23,2500.00
AMERICAN OPTOMETRIC ASSOCIATION,AOA-PAC,Congressman Jeff Crank,2025-06-24,1500.00
AMERICAN OPTOMETRIC ASSOCIATION,AOA-PAC,Congressman Morgan Griffith,2025-06-30,2500.00
AMERICAN OPTOMETRIC ASSOCIATION,AOA-PAC,Congresswoman Dina Titus,2025-06-30,2000.00
AMERICAN OPTOMETRIC ASSOCIATION,AOA-PAC,Congressman Robert Menendez,2025-02-24,2000.00
AMERICAN OPTOMETRIC ASSOCIATION,AOA-PAC,Congressman Greg Landsman,2025-02-24,1500.00
AMERICAN OPTOMETRIC ASSOCIATION,AOA-PAC,Congressman Kevin Mullin,2025-02-24,2000.00
AMERICAN OPTOMETRIC ASSOCIATION,AOA-PAC,Congressman Rudy Yakym,2025-02-24,2000.00
AMERICAN OPTOMETRIC ASSOCIATION,AOA-PAC,Congressman Nick Langworthy,2025-02-24,2000.00
AMERICAN OPTOMETRIC ASSOCIATION,AOA-PAC,Congressman John Joyce,2025-04-01,5000.00
AMERICAN OPTOMETRIC ASSOCIATION,AOA-PAC,Congresswoman Diana Harshbarger,2025-04-04,2000.00
AMERICAN OPTOMETRIC ASSOCIATION,AOA-PAC,Congressman Derrick Van Orden,2025-04-04,2500.00
AMERICAN OPTOMETRIC ASSOCIATION,AOA-PAC,Congressman Brian Fitzpatrick,2025-04-10,2000.00
AMERICAN OPTOMETRIC ASSOCIATION,AOA-PAC,Congressman Tim Moore,2025-04-16,2000.00
AMERICAN OPTOMETRIC ASSOCIATION,AOA-PAC,Congressman Brett Guthrie,2025-04-22,2500.00
AMERICAN OPTOMETRIC ASSOCIATION,AOA-PAC,Congressman Jack Bergman,2025-04-29,2500.00
AMERICAN OPTOMETRIC ASSOCIATION,AOA-PAC,Congressman Darren Soto,2025-04-29,2500.00
AMERICAN OPTOMETRIC ASSOCIATION,AOA-PAC,Congresswoman Diana Harshbarger,2025-04-29,500.00
AMERICAN OPTOMETRIC ASSOCIATION,AOA-PAC,Congressman Donald Norcross,2025-02-13,2000.00
AMERICAN OPTOMETRIC ASSOCIATION,AOA-PAC,Congressman Steve Scalise,2025-02-18,3000.00
AMERICAN OPTOMETRIC ASSOCIATION,AOA-PAC,Congressman Christopher Smith,2025-02-18,1500.00
AMERICAN OPTOMETRIC ASSOCIATION,AOA-PAC,Congresswoman Nikema Williams,2025-02-18,1500.00
AMERICAN OPTOMETRIC ASSOCIATION,AOA-PAC,Congressman Derek Schmidt,2025-02-18,2500.00
AMERICAN OPTOMETRIC ASSOCIATION,AOA-PAC,Congressman Mike Kelly,2025-02-24,2000.00
AMERICAN OPTOMETRIC ASSOCIATION,AOA-PAC,Congressman Brendan Boyle,2025-02-24,2000.00
AMERICAN OPTOMETRIC ASSOCIATION,AOA-PAC,Congressman Rick Allen,2025-02-24,2000.00
AMERICAN OPTOMETRIC ASSOCIATION,AOA-PAC,Congressman Neal Dunn,2025-02-24,2000.00
AMERICAN OPTOMETRIC ASSOCIATION,AOA-PAC,Congressman Kevin Hern,2025-02-24,2000.00
AMERICAN OPTOMETRIC ASSOCIATION,AOA-PAC,Congresswoman Diana Harshbarger,2025-02-24,2000.00
AMERICAN OPTOMETRIC ASSOCIATION,AOA-PAC,Congressman Greg Steube,2025-02-24,2000.00
AMERICAN OPTOMETRIC ASSOCIATION,AOA-PAC,Congressman Troy Carter,2025-02-24,2000.00
AMERICAN OPTOMETRIC ASSOCIATION,AOA-PAC,Congresswoman Mariannette Miller-Meeks,2025-02-24,2000.00
AMERICAN OPTOMETRIC ASSOCIATION,AOA-PAC,Congresswoman Kathryn Cammack,2025-02-24,2000.00
AMERICAN OPTOMETRIC ASSOCIATION,AOA-PAC,Congressman Gregory Murphy,2025-02-24,2000.00
AMERICAN OPTOMETRIC ASSOCIATION,AOA-PAC,Congressman Scott Fitzgerald,2025-01-14,1000.00
AMERICAN OPTOMETRIC ASSOCIATION,AOA-PAC,Congresswoman Yvette Clarke,2025-01-23,5000.00
AMERICAN OPTOMETRIC ASSOCIATION,AOA-PAC,Congresswoman Marie Gluesenkamp Perez,2025-02-04,1000.00
AMERICAN OPTOMETRIC ASSOCIATION,AOA-PAC,Senator Shelley Capito,2025-02-04,2500.00
AMERICAN OPTOMETRIC ASSOCIATION,AOA-PAC,Congressman Morgan Griffith,2025-02-10,1500.00
AMERICAN OPTOMETRIC ASSOCIATION,AOA-PAC,NRSC,2025-02-10,15000.00
AMERICAN OPTOMETRIC ASSOCIATION,AOA-PAC,DCCC,2025-02-10,15000.00
AMERICAN OPTOMETRIC ASSOCIATION,AOA-PAC,Senator John Thune,2025-02-10,2500.00
AMERICAN OPTOMETRIC ASSOCIATION,AOA-PAC,Congressman Cliff Bentz,2025-02-24,2000.00
AMERICAN OPTOMETRIC ASSOCIATION,AOA-PAC,Congressman Craig Goldman,2025-02-24,2000.00
AMERICAN OPTOMETRIC ASSOCIATION,AOA-PAC,Congressman Blake Moore,2025-02-24,2000.00
AMERICAN OPTOMETRIC ASSOCIATION,AOA-PAC,Congresswoman Julie Fedorchak,2025-02-24,2000.00
AMERICAN OPTOMETRIC ASSOCIATION,AOA-PAC,Congressman Max Miller,2025-02-24,2000.00
AMERICAN OPTOMETRIC ASSOCIATION,AOA-PAC,Congresswoman Erin Houchin,2025-02-24,2000.00
AMERICAN OPTOMETRIC ASSOCIATION,AOA-PAC,Delegate Stacey Plaskett,2025-02-24,2000.00
AMERICAN OPTOMETRIC ASSOCIATION,AOA-PAC,Congressman Jake Auchincloss,2025-02-24,2000.00
AMERICAN OPTOMETRIC ASSOCIATION,AOA-PAC,Congressman Gabe Evans,2025-02-24,2000.00
AMERICAN OPTOMETRIC ASSOCIATION,AOA-PAC,Congressman Michael Rulli,2025-02-24,2000.00
AMERICAN OPTOMETRIC ASSOCIATION,AOA-PAC,Congressman Tom Kean,2025-02-24,2000.00
AMERICAN OPTOMETRIC ASSOCIATION,AOA-PAC,Congressman Richard Hudson,2025-02-25,2500.00
AMERICAN OPTOMETRIC ASSOCIATION,AOA-PAC,Congressman John Joyce,2025-03-03,2500.00
AMERICAN OPTOMETRIC ASSOCIATION,AOA-PAC,Congresswoman Jen Kiggans,2025-03-03,2500.00
AMERICAN OPTOMETRIC ASSOCIATION,AOA-PAC,Congressman Dustin Johnson,2025-03-05,2000.00
AMERICAN OPTOMETRIC ASSOCIATION,AOA-PAC,Congressman Bill Foster,2025-03-10,2500.00
AMERICAN OPTOMETRIC ASSOCIATION,AOA-PAC,Congressman Michael Quigley,2025-03-10,2500.00
AMERICAN OPTOMETRIC ASSOCIATION,AOA-PAC,Congressman Mike Bost,2025-03-10,1500.00
AMERICAN OPTOMETRIC ASSOCIATION,AOA-PAC,Congressman Guy Reschenthaler,2025-03-10,2500.00
AMERICAN OPTOMETRIC ASSOCIATION,AOA-PAC,Congresswoman Haley Stevens,2025-03-10,2500.00
AMERICAN OPTOMETRIC ASSOCIATION,AOA-PAC,Congresswoman Delia Ramirez,2025-03-10,2500.00
AMERICAN OPTOMETRIC ASSOCIATION,AOA-PAC,Senator Peter Welch,2025-03-10,2000.00
AMERICAN OPTOMETRIC ASSOCIATION,AOA-PAC,Congressman S. Raja Krishnamoorthi,2025-03-11,2500.00
AMERICAN OPTOMETRIC ASSOCIATION,AOA-PAC,Congressman Mike Rogers,2025-03-13,1500.00
AMERICAN OPTOMETRIC ASSOCIATION,AOA-PAC,Congressman Roger Marshall,2025-03-13,2000.00
AMERICAN OPTOMETRIC ASSOCIATION,AOA-PAC,Congressman Henry Cuellar,2025-03-20,2000.00
AMERICAN OPTOMETRIC ASSOCIATION,AOA-PAC,Congresswoman Susie Lee,2025-03-20,2000.00
AMERICAN OPTOMETRIC ASSOCIATION,AOA-PAC,Congresswoman Madelaine Dean,2025-03-20,4000.00
AMERICAN OPTOMETRIC ASSOCIATION,AOA-PAC,Congresswoman Jahana Hayes,2025-03-20,2000.00
AMERICAN OPTOMETRIC ASSOCIATION,AOA-PAC,Congressman Steven Horsford,2025-03-20,2000.00
AMERICAN OPTOMETRIC ASSOCIATION,AOA-PAC,Congressman Chris Pappas,2025-03-20,5000.00
AMERICAN OPTOMETRIC ASSOCIATION,AOA-PAC,Congressman Chris Pappas,2025-03-20,5000.00
AMERICAN OPTOMETRIC ASSOCIATION,AOA-PAC,Congressman Frank Mrvan,2025-03-20,2000.00
AMERICAN OPTOMETRIC ASSOCIATION,AOA-PAC,Congressman Robert Menendez,2025-03-20,2000.00
AMERICAN OPTOMETRIC ASSOCIATION,AOA-PAC,Congressman Gabe Vasquez,2025-03-20,2000.00
AMERICAN OPTOMETRIC ASSOCIATION,AOA-PAC,Congressman Greg Landsman,2025-03-20,2000.00
AMERICAN OPTOMETRIC ASSOCIATION,AOA-PAC,Congresswoman Emilia Sykes,2025-03-20,2000.00
AMERICAN OPTOMETRIC ASSOCIATION,AOA-PAC,Congressman Don Davis,2025-03-20,2000.00
AMERICAN OPTOMETRIC ASSOCIATION,AOA-PAC,Congressman Kevin Mullin,2025-03-20,2000.00
AMERICAN OPTOMETRIC ASSOCIATION,AOA-PAC,Congresswoman Nelida Pou,2025-03-20,2000.00
AMERICAN OPTOMETRIC ASSOCIATION,AOA-PAC,Congresswoman Jennifer McClellan,2025-03-20,2000.00
AMERICAN OPTOMETRIC ASSOCIATION,AOA-PAC,Congressman Joshua Riley,2025-03-20,2000.00
AMERICAN OPTOMETRIC ASSOCIATION,AOA-PAC,Congressman John Mannion,2025-03-20,2000.00
AMERICAN OPTOMETRIC ASSOCIATION,AOA-PAC,Congresswoman Janelle Bynum,2025-03-20,2000.00
AMERICAN OPTOMETRIC ASSOCIATION,AOA-PAC,Congressman Adam Gray,2025-03-20,2000.00
AMERICAN OPTOMETRIC ASSOCIATION,AOA-PAC,Congressman George Whitesides,2025-03-20,2000.00
AMERICAN OPTOMETRIC ASSOCIATION,AOA-PAC,Congressman Derek Tran,2025-03-20,2000.00
AMERICAN OPTOMETRIC ASSOCIATION,AOA-PAC,Congresswoman Kristen McDonald Rivet,2025-03-20,2000.00
AMERICAN OPTOMETRIC ASSOCIATION,AOA-PAC,Senator John Hickenlooper,2025-03-20,2500.00
AMERICAN OPTOMETRIC ASSOCIATION,AOA-PAC,Senator Jim Banks,2025-03-20,5000.00
AMERICAN OPTOMETRIC ASSOCIATION,AOA-PAC,Congressman Aaron Bean,2025-03-21,1500.00
AMERICAN OPTOMETRIC ASSOCIATION,AOA-PAC,Senator Ashley Moody,2025-03-21,2500.00
AMERICAN OPTOMETRIC ASSOCIATION,AOA-PAC,Congressman David Valadao,2025-03-26,2500.00
AMERICAN OPTOMETRIC ASSOCIATION,AOA-PAC,Congressman Jonathan Jackson,2025-03-26,2000.00
AMERICAN OPTOMETRIC ASSOCIATION,AOA-PAC,Congressman Cliff Bentz,2025-03-26,3000.00
AMERICAN OPTOMETRIC ASSOCIATION,AOA-PAC,Senator Ashley Moody,2025-03-26,1000.00
AMERICAN OPTOMETRIC ASSOCIATION,AOA-PAC,Congressman Cliff Bentz,2025-03-26,2000.00
AMERICAN OPTOMETRIC ASSOCIATION,AOA-PAC,Senator Tim Sheehy,2025-03-26,2000.00
AMERICAN OPTOMETRIC ASSOCIATION,AOA-PAC,Congresswoman Sheila Cherfilus-McCormick,2025-04-01,2500.00
AMERICAN OPTOMETRIC ASSOCIATION,AOA-PAC,Congresswoman Diana Harshbarger,2025-04-29,1000.00
AMERICAN OPTOMETRIC ASSOCIATION,AOA-PAC,Congressman Jack Bergman,2025-04-30,2500.00
AMERICAN OPTOMETRIC ASSOCIATION,AOA-PAC,Senator Ben Lujan,2025-05-05,2000.00
AMERICAN OPTOMETRIC ASSOCIATION,AOA-PAC,Congresswoman Elizabeth Fletcher,2025-05-06,1500.00
AMERICAN OPTOMETRIC ASSOCIATION,AOA-PAC,Congressman Eric Sorensen,2025-05-08,2500.00
AMERICAN OPTOMETRIC ASSOCIATION,AOA-PAC,Congresswoman Yvette Clarke,2025-05-12,2500.00
AMERICAN OPTOMETRIC ASSOCIATION,AOA-PAC,Congressman Stephen Womack,2025-05-12,2500.00
AMERICAN OPTOMETRIC ASSOCIATION,AOA-PAC,Congressman David Kustoff,2025-05-12,2000.00
AMERICAN OPTOMETRIC ASSOCIATION,AOA-PAC,Senator Bill Hagerty,2025-05-12,5000.00
AMERICAN OPTOMETRIC ASSOCIATION,AOA-PAC,Congressman Patrick Fallon,2025-05-12,2500.00
AMERICAN OPTOMETRIC ASSOCIATION,AOA-PAC,Congressman Brian Jack,2025-05-12,2000.00
AMERICAN OPTOMETRIC ASSOCIATION,AOA-PAC,Congresswoman Diana Harshbarger,2025-05-12,5000.00
AMERICAN OPTOMETRIC ASSOCIATION,AOA-PAC,Congressman Suhas Subramanyam,2025-05-13,2000.00
AMERICAN OPTOMETRIC ASSOCIATION,AOA-PAC,Congresswoman Adrian Smith,2025-05-16,2000.00
AMERICAN OPTOMETRIC ASSOCIATION,AOA-PAC,Congressman Buddy Carter,2025-05-19,5000.00
AMERICAN OPTOMETRIC ASSOCIATION,AOA-PAC,Congressman Buddy Carter,2025-05-19,5000.00
AMERICAN OPTOMETRIC ASSOCIATION,AOA-PAC,Congressman Jared Moskowitz,2025-05-19,2000.00
AMERICAN OPTOMETRIC ASSOCIATION,AOA-PAC,Congressman Blake Moore,2025-05-19,2000.00
AMERICAN OPTOMETRIC ASSOCIATION,AOA-PAC,Congresswoman Julie Fedorchak,2025-05-19,2500.00
AMERICAN OPTOMETRIC ASSOCIATION,AOA-PAC,Congressman Gabe Evans,2025-05-19,2000.00
AMERICAN OPTOMETRIC ASSOCIATION,AOA-PAC,Congressman Buddy Carter,2025-05-19,5000.00
AMERICAN OPTOMETRIC ASSOCIATION,AOA-PAC,Congressman Michael Rulli,2025-05-21,2000.00
AMERICAN OPTOMETRIC ASSOCIATION,AOA-PAC,Congressman Dan Crenshaw,2025-06-02,2500.00
AMERICAN OPTOMETRIC ASSOCIATION,AOA-PAC,Congressman Bob Crenshaw,2025-06-03,5000.00
AMERICAN OPTOMETRIC ASSOCIATION,AOA-PAC,Congressman Bob Latta,2025-06-03,5000.00
AMERICAN OPTOMETRIC ASSOCIATION,AOA-PAC,Congressman Scott Fitzgerald,2025-06-03,2500.00
AMERICAN OPTOMETRIC ASSOCIATION,AOA-PAC,Congressman Greg Steube,2025-06-03,1000.00
AMERICAN OPTOMETRIC ASSOCIATION,AOA-PAC,Congressman Jason Smith,2025-06-10,2500.00
AMERICAN OPTOMETRIC ASSOCIATION,AOA-PAC,Congressman Kevin Hern,2025-06-10,2000.00
AMERICAN OPTOMETRIC ASSOCIATION,AOA-PAC,Senator Roger Marshall,2025-06-10,2000.00
AMERICAN OPTOMETRIC ASSOCIATION,AOA-PAC,Congressman John Ellzey,2025-06-10,2500.00
AMERICAN OPTOMETRIC ASSOCIATION,AOA-PAC,Congressman John Ellzey,2025-06-10,1500.00
AMERICAN OPTOMETRIC ASSOCIATION,AOA-PAC,Congresswoman Kathryn Cammack,2025-06-10,2000.00
AMERICAN OPTOMETRIC ASSOCIATION,AOA-PAC,Congresswoman Kathryn Cammack,2025-06-10,3000.00
AMERICAN OPTOMETRIC ASSOCIATION,AOA-PAC,Congressman Vincent Fong,2025-06-10,2500.00
AMERICAN OPTOMETRIC ASSOCIATION,AOA-PAC,Congressman Blake Moore,2025-06-10,1000.00
AMERICAN OPTOMETRIC ASSOCIATION,AOA-PAC,Congressman Blake Moore,2025-06-10,4000.00
AMERICAN OPTOMETRIC ASSOCIATION,AOA-PAC,Senator Tammy Baldwin,2025-06-10,5000.00
AMERICAN OPTOMETRIC ASSOCIATION,AOA-PAC,DSCC,2025-06-10,15000.00
AMERICAN OPTOMETRIC ASSOCIATION,AOA-PAC,Congressman Frank Pallone,2025-06-18,2000.00
AMERICAN OPTOMETRIC ASSOCIATION,AOA-PAC,Congressman Richard Hudson,2025-06-18,2000.00
AMERICAN OPTOMETRIC ASSOCIATION,AOA-PAC,Congressman Michael Baumgartner,2025-06-18,2500.00
AMERICAN OPTOMETRIC ASSOCIATION,AOA-PAC,Congressman Tom Kean,2025-06-18,2000.00
AMERICAN OPTOMETRIC ASSOCIATION,AOA-PAC,Senator Kevin Cramer,2025-06-18,5000.00
AMERICAN OPTOMETRIC ASSOCIATION,AOA-PAC,Republican National Committee,2025-06-18,15000.00
AMERICAN OPTOMETRIC ASSOCIATION,AOA-PAC,Congressman Tom Barrett,2025-06-23,2500.00
AMERICAN OPTOMETRIC ASSOCIATION,AOA-PAC,Congressman Ben Cline,2025-06-23,2500.00
AMERICAN OPTOMETRIC ASSOCIATION,AOA-PAC,Congressman Jeff Crank,2025-06-24,1500.00
AMERICAN OPTOMETRIC ASSOCIATION,AOA-PAC,Congressman Morgan Griffith,2025-06-30,2500.00
AMERICAN OPTOMETRIC ASSOCIATION,AOA-PAC,Congresswoman Dina Titus,2025-06-30,2000.00
AMERICAN OPTOMETRIC ASSOCIATION,AOA-PAC,Congressman Robert Menendez,2025-02-24,2000.00
AMERICAN OPTOMETRIC ASSOCIATION,AOA-PAC,Congressman Greg Landsman,2025-02-24,1500.00
AMERICAN OPTOMETRIC ASSOCIATION,AOA-PAC,Congressman Kevin Mullin,2025-02-24,2000.00
AMERICAN OPTOMETRIC ASSOCIATION,AOA-PAC,Congressman Rudy Yakym,2025-02-24,2000.00
AMERICAN OPTOMETRIC ASSOCIATION,AOA-PAC,Congressman Nick Langworthy,2025-02-24,2000.00
AMERICAN OPTOMETRIC ASSOCIATION,AOA-PAC,Congressman John Joyce,2025-04-01,5000.00
AMERICAN OPTOMETRIC ASSOCIATION,AOA-PAC,Congresswoman Diana Harshbarger,2025-04-04,2000.00
AMERICAN OPTOMETRIC ASSOCIATION,AOA-PAC,Congressman Derrick Van Orden,2025-04-04,2500.00
AMERICAN OPTOMETRIC ASSOCIATION,AOA-PAC,Congressman Brian Fitzpatrick,2025-04-10,2000.00
AMERICAN OPTOMETRIC ASSOCIATION,AOA-PAC,Congressman Tim Moore,2025-04-16,2000.00
AMERICAN OPTOMETRIC ASSOCIATION,AOA-PAC,Congressman Brett Guthrie,2025-04-22,2500.00
AMERICAN OPTOMETRIC ASSOCIATION,AOA-PAC,Congressman Jack Bergman,2025-04-29,2500.00
AMERICAN OPTOMETRIC ASSOCIATION,AOA-PAC,Congressman Darren Soto,2025-04-29,2500.00
AMERICAN OPTOMETRIC ASSOCIATION,AOA-PAC,Congresswoman Diana Harshbarger,2025-04-29,500.00
AMERICAN OPTOMETRIC ASSOCIATION,AOA-PAC,Congressman Donald Norcross,2025-02-13,2000.00
AMERICAN OPTOMETRIC ASSOCIATION,AOA-PAC,Congressman Steve Scalise,2025-02-18,3000.00
AMERICAN OPTOMETRIC ASSOCIATION,AOA-PAC,Congressman Christopher Smith,2025-02-18,1500.00
AMERICAN OPTOMETRIC ASSOCIATION,AOA-PAC,Congresswoman Nikema Williams,2025-02-18,1500.00
AMERICAN OPTOMETRIC ASSOCIATION,AOA-PAC,Congressman Derek Schmidt,2025-02-18,2500.00
AMERICAN OPTOMETRIC ASSOCIATION,AOA-PAC,Congressman Mike Kelly,2025-02-24,2000.00
AMERICAN OPTOMETRIC ASSOCIATION,AOA-PAC,Congressman Brendan Boyle,2025-02-24,2000.00
AMERICAN OPTOMETRIC ASSOCIATION,AOA-PAC,Congressman Rick Allen,2025-02-24,2000.00
AMERICAN OPTOMETRIC ASSOCIATION,AOA-PAC,Congressman Neal Dunn,2025-02-24,2000.00
AMERICAN OPTOMETRIC ASSOCIATION,AOA-PAC,Congressman Kevin Hern,2025-02-24,2000.00
AMERICAN OPTOMETRIC ASSOCIATION,AOA-PAC,Congresswoman Diana Harshbarger,2025-02-24,2000.00
AMERICAN OPTOMETRIC ASSOCIATION,AOA-PAC,Congressman Greg Steube,2025-02-24,2000.00
AMERICAN OPTOMETRIC ASSOCIATION,AOA-PAC,Congressman Troy Carter,2025-02-24,2000.00
AMERICAN OPTOMETRIC ASSOCIATION,AOA-PAC,Congresswoman Mariannette Miller-Meeks,2025-02-24,2000.00
AMERICAN OPTOMETRIC ASSOCIATION,AOA-PAC,Congresswoman Kathryn Cammack,2025-02-24,2000.00
AMERICAN OPTOMETRIC ASSOCIATION,AOA-PAC,Congressman Gregory Murphy,2025-02-24,2000.00
AMERICAN OPTOMETRIC ASSOCIATION,AOA-PAC,Congressman Scott Fitzgerald,2025-01-14,1000.00
AMERICAN OPTOMETRIC ASSOCIATION,AOA-PAC,Congresswoman Yvette Clarke,2025-01-23,5000.00
AMERICAN OPTOMETRIC ASSOCIATION,AOA-PAC,Congresswoman Marie Gluesenkamp Perez,2025-02-04,1000.00
AMERICAN OPTOMETRIC ASSOCIATION,AOA-PAC,Senator Shelley Capito,2025-02-04,2500.00
AMERICAN OPTOMETRIC ASSOCIATION,AOA-PAC,Congressman Morgan Griffith,2025-02-10,1500.00
AMERICAN OPTOMETRIC ASSOCIATION,AOA-PAC,NRSC,2025-02-10,15000.00
AMERICAN OPTOMETRIC ASSOCIATION,AOA-PAC,DCCC,2025-02-10,15000.00
AMERICAN OPTOMETRIC ASSOCIATION,AOA-PAC,Senator John Thune,2025-02-10,2500.00
AMERICAN OPTOMETRIC ASSOCIATION,AOA-PAC,Congressman Cliff Bentz,2025-02-24,2000.00
AMERICAN OPTOMETRIC ASSOCIATION,AOA-PAC,Congressman Craig Goldman,2025-02-24,2000.00
AMERICAN OPTOMETRIC ASSOCIATION,AOA-PAC,Congressman Blake Moore,2025-02-24,2000.00
AMERICAN OPTOMETRIC ASSOCIATION,AOA-PAC,Congresswoman Julie Fedorchak,2025-02-24,2000.00
AMERICAN OPTOMETRIC ASSOCIATION,AOA-PAC,Congressman Max Miller,2025-02-24,2000.00
AMERICAN OPTOMETRIC ASSOCIATION,AOA-PAC,Congresswoman Erin Houchin,2025-02-24,2000.00
AMERICAN OPTOMETRIC ASSOCIATION,AOA-PAC,Delegate Stacey Plaskett,2025-02-24,2000.00
AMERICAN OPTOMETRIC ASSOCIATION,AOA-PAC,Congressman Jake Auchincloss,2025-02-24,2000.00
AMERICAN OPTOMETRIC ASSOCIATION,AOA-PAC,Congressman Gabe Evans,2025-02-24,2000.00
AMERICAN OPTOMETRIC ASSOCIATION,AOA-PAC,Congressman Michael Rulli,2025-02-24,2000.00
AMERICAN OPTOMETRIC ASSOCIATION,AOA-PAC,Congressman Tom Kean,2025-02-24,2000.00
AMERICAN OPTOMETRIC ASSOCIATION,AOA-PAC,Congressman Richard Hudson,2025-02-25,2500.00
AMERICAN OPTOMETRIC ASSOCIATION,AOA-PAC,Congressman John Joyce,2025-03-03,2500.00
AMERICAN OPTOMETRIC ASSOCIATION,AOA-PAC,Congresswoman Jen Kiggans,2025-03-03,2500.00
AMERICAN OPTOMETRIC ASSOCIATION,AOA-PAC,Congressman Dustin Johnson,2025-03-05,2000.00
AMERICAN OPTOMETRIC ASSOCIATION,AOA-PAC,Congressman Bill Foster,2025-03-10,2500.00
AMERICAN OPTOMETRIC ASSOCIATION,AOA-PAC,Congressman Michael Quigley,2025-03-10,2500.00
AMERICAN OPTOMETRIC ASSOCIATION,AOA-PAC,Congressman Mike Bost,2025-03-10,1500.00
AMERICAN OPTOMETRIC ASSOCIATION,AOA-PAC,Congressman Guy Reschenthaler,2025-03-10,2500.00
AMERICAN OPTOMETRIC ASSOCIATION,AOA-PAC,Congresswoman Haley Stevens,2025-03-10,2500.00
AMERICAN OPTOMETRIC ASSOCIATION,AOA-PAC,Congresswoman Delia Ramirez,2025-03-10,2500.00
AMERICAN OPTOMETRIC ASSOCIATION,AOA-PAC,Senator Peter Welch,2025-03-10,2000.00
AMERICAN OPTOMETRIC ASSOCIATION,AOA-PAC,Congressman S. Raja Krishnamoorthi,2025-03-11,2500.00
AMERICAN OPTOMETRIC ASSOCIATION,AOA-PAC,Congressman Mike Rogers,2025-03-13,1500.00
AMERICAN OPTOMETRIC ASSOCIATION,AOA-PAC,Congressman Roger Marshall,2025-03-13,2000.00
AMERICAN OPTOMETRIC ASSOCIATION,AOA-PAC,Congressman Henry Cuellar,2025-03-20,2000.00
AMERICAN OPTOMETRIC ASSOCIATION,AOA-PAC,Congresswoman Susie Lee,2025-03-20,2000.00
AMERICAN OPTOMETRIC ASSOCIATION,AOA-PAC,Congresswoman Madelaine Dean,2025-03-20,4000.00
AMERICAN OPTOMETRIC ASSOCIATION,AOA-PAC,Congresswoman Jahana Hayes,2025-03-20,2000.00
AMERICAN OPTOMETRIC ASSOCIATION,AOA-PAC,Congressman Steven Horsford,2025-03-20,2000.00
AMERICAN OPTOMETRIC ASSOCIATION,AOA-PAC,Congressman Chris Pappas,2025-03-20,5000.00
AMERICAN OPTOMETRIC ASSOCIATION,AOA-PAC,Congressman Chris Pappas,2025-03-20,5000.00
AMERICAN OPTOMETRIC ASSOCIATION,AOA-PAC,Congressman Frank Mrvan,2025-03-20,2000.00
AMERICAN OPTOMETRIC ASSOCIATION,AOA-PAC,Congressman Robert Menendez,2025-03-20,2000.00
AMERICAN OPTOMETRIC ASSOCIATION,AOA-PAC,Congressman Gabe Vasquez,2025-03-20,2000.00
AMERICAN OPTOMETRIC ASSOCIATION,AOA-PAC,Congressman Greg Landsman,2025-03-20,2000.00
AMERICAN OPTOMETRIC ASSOCIATION,AOA-PAC,Congresswoman Emilia Sykes,2025-03-20,2000.00
AMERICAN OPTOMETRIC ASSOCIATION,AOA-PAC,Congressman Don Davis,2025-03-20,2000.00
AMERICAN OPTOMETRIC ASSOCIATION,AOA-PAC,Congressman Kevin Mullin,2025-03-20,2000.00
AMERICAN OPTOMETRIC ASSOCIATION,AOA-PAC,Congresswoman Nelida Pou,2025-03-20,2000.00
AMERICAN OPTOMETRIC ASSOCIATION,AOA-PAC,Congresswoman Jennifer McClellan,2025-03-20,2000.00
AMERICAN OPTOMETRIC ASSOCIATION,AOA-PAC,Congressman Joshua Riley,2025-03-20,2000.00
AMERICAN OPTOMETRIC ASSOCIATION,AOA-PAC,Congressman John Mannion,2025-03-20,2000.00
AMERICAN OPTOMETRIC ASSOCIATION,AOA-PAC,Congresswoman Janelle Bynum,2025-03-20,2000.00
AMERICAN OPTOMETRIC ASSOCIATION,AOA-PAC,Congressman Adam Gray,2025-03-20,2000.00
AMERICAN OPTOMETRIC ASSOCIATION,AOA-PAC,Congressman George Whitesides,2025-03-20,2000.00
AMERICAN OPTOMETRIC ASSOCIATION,AOA-PAC,Congressman Derek Tran,2025-03-20,2000.00
AMERICAN OPTOMETRIC ASSOCIATION,AOA-PAC,Congresswoman Kristen McDonald Rivet,2025-03-20,2000.00
AMERICAN OPTOMETRIC ASSOCIATION,AOA-PAC,Senator John Hickenlooper,2025-03-20,2500.00
AMERICAN OPTOMETRIC ASSOCIATION,AOA-PAC,Senator Jim Banks,2025-03-20,5000.00
AMERICAN OPTOMETRIC ASSOCIATION,AOA-PAC,Congressman Aaron Bean,2025-03-21,1500.00
AMERICAN OPTOMETRIC ASSOCIATION,AOA-PAC,Senator Ashley Moody,2025-03-21,2500.00
AMERICAN OPTOMETRIC ASSOCIATION,AOA-PAC,Congressman David Valadao,2025-03-26,2500.00
AMERICAN OPTOMETRIC ASSOCIATION,AOA-PAC,Congressman Jonathan Jackson,2025-03-26,2000.00
AMERICAN OPTOMETRIC ASSOCIATION,AOA-PAC,Congressman Cliff Bentz,2025-03-26,3000.00
AMERICAN OPTOMETRIC ASSOCIATION,AOA-PAC,Senator Ashley Moody,2025-03-26,1000.00
AMERICAN OPTOMETRIC ASSOCIATION,AOA-PAC,Congressman Cliff Bentz,2025-03-26,2000.00
AMERICAN OPTOMETRIC ASSOCIATION,AOA-PAC,Senator Tim Sheehy,2025-03-26,2000.00
AMERICAN OPTOMETRIC ASSOCIATION,AOA-PAC,Congresswoman Sheila Cherfilus-McCormick,2025-04-01,2500.00
AMERICAN OPTOMETRIC ASSOCIATION,AOA-PAC,Congresswoman Diana Harshbarger,2025-04-29,1000.00
AMERICAN OPTOMETRIC ASSOCIATION,AOA-PAC,Congressman Jack Bergman,2025-04-30,2500.00
AMERICAN OPTOMETRIC ASSOCIATION,AOA-PAC,Senator Ben Lujan,2025-05-05,2000.00
AMERICAN OPTOMETRIC ASSOCIATION,AOA-PAC,Congresswoman Elizabeth Fletcher,2025-05-06,1500.00
AMERICAN OPTOMETRIC ASSOCIATION,AOA-PAC,Congressman Eric Sorensen,2025-05-08,2500.00
AMERICAN OPTOMETRIC ASSOCIATION,AOA-PAC,Congresswoman Yvette Clarke,2025-05-12,2500.00
AMERICAN OPTOMETRIC ASSOCIATION,AOA-PAC,Congressman Stephen Womack,2025-05-12,2500.00
AMERICAN OPTOMETRIC ASSOCIATION,AOA-PAC,Congressman David Kustoff,2025-05-12,2000.00
AMERICAN OPTOMETRIC ASSOCIATION,AOA-PAC,Senator Bill Hagerty,2025-05-12,5000.00
AMERICAN OPTOMETRIC ASSOCIATION,AOA-PAC,Congressman Patrick Fallon,2025-05-12,2500.00
AMERICAN OPTOMETRIC ASSOCIATION,AOA-PAC,Congressman Brian Jack,2025-05-12,2000.00
AMERICAN OPTOMETRIC ASSOCIATION,AOA-PAC,Congresswoman Diana Harshbarger,2025-05-12,5000.00
AMERICAN OPTOMETRIC ASSOCIATION,AOA-PAC,Congressman Suhas Subramanyam,2025-05-13,2000.00
AMERICAN OPTOMETRIC ASSOCIATION,AOA-PAC,Congresswoman Adrian Smith,2025-05-16,2000.00
AMERICAN OPTOMETRIC ASSOCIATION,AOA-PAC,Congressman Buddy Carter,2025-05-19,5000.00
AMERICAN OPTOMETRIC ASSOCIATION,AOA-PAC,Congressman Buddy Carter,2025-05-19,5000.00
AMERICAN OPTOMETRIC ASSOCIATION,AOA-PAC,Congressman Jared Moskowitz,2025-05-19,2000.00
AMERICAN OPTOMETRIC ASSOCIATION,AOA-PAC,Congressman Blake Moore,2025-05-19,2000.00
AMERICAN OPTOMETRIC ASSOCIATION,AOA-PAC,Congresswoman Julie Fedorchak,2025-05-19,2500.00
AMERICAN OPTOMETRIC ASSOCIATION,AOA-PAC,Congressman Gabe Evans,2025-05-19,2000.00
AMERICAN OPTOMETRIC ASSOCIATION,AOA-PAC,Congressman Buddy Carter,2025-05-19,5000.00
AMERICAN OPTOMETRIC ASSOCIATION,AOA-PAC,Congressman Michael Rulli,2025-05-21,2000.00
AMERICAN OPTOMETRIC ASSOCIATION,AOA-PAC,Congressman Dan Crenshaw,2025-06-02,2500.00
AMERICAN OPTOMETRIC ASSOCIATION,AOA-PAC,Congressman Bob Crenshaw,2025-06-03,5000.00
AMERICAN OPTOMETRIC ASSOCIATION,AOA-PAC,Congressman Bob Latta,2025-06-03,5000.00
AMERICAN OPTOMETRIC ASSOCIATION,AOA-PAC,Congressman Scott Fitzgerald,2025-06-03,2500.00
AMERICAN OPTOMETRIC ASSOCIATION,AOA-PAC,Congressman Greg Steube,2025-06-03,1000.00
AMERICAN OPTOMETRIC ASSOCIATION,AOA-PAC,Congressman Jason Smith,2025-06-10,2500.00
AMERICAN OPTOMETRIC ASSOCIATION,AOA-PAC,Congressman Kevin Hern,2025-06-10,2000.00
AMERICAN OPTOMETRIC ASSOCIATION,AOA-PAC,Senator Roger Marshall,2025-06-10,2000.00
AMERICAN OPTOMETRIC ASSOCIATION,AOA-PAC,Congressman John Ellzey,2025-06-10,2500.00
AMERICAN OPTOMETRIC ASSOCIATION,AOA-PAC,Congressman John Ellzey,2025-06-10,1500.00
AMERICAN OPTOMETRIC ASSOCIATION,AOA-PAC,Congresswoman Kathryn Cammack,2025-06-10,2000.00
AMERICAN OPTOMETRIC ASSOCIATION,AOA-PAC,Congresswoman Kathryn Cammack,2025-06-10,3000.00
AMERICAN OPTOMETRIC ASSOCIATION,AOA-PAC,Congressman Vincent Fong,2025-06-10,2500.00
AMERICAN OPTOMETRIC ASSOCIATION,AOA-PAC,Congressman Blake Moore,2025-06-10,1000.00
AMERICAN OPTOMETRIC ASSOCIATION,AOA-PAC,Congressman Blake Moore,2025-06-10,4000.00
AMERICAN OPTOMETRIC ASSOCIATION,AOA-PAC,Senator Tammy Baldwin,2025-06-10,5000.00
AMERICAN OPTOMETRIC ASSOCIATION,AOA-PAC,DSCC,2025-06-10,15000.00
AMERICAN OPTOMETRIC ASSOCIATION,AOA-PAC,Congressman Frank Pallone,2025-06-18,2000.00
AMERICAN OPTOMETRIC ASSOCIATION,AOA-PAC,Congressman Richard Hudson,2025-06-18,2000.00
AMERICAN OPTOMETRIC ASSOCIATION,AOA-PAC,Congressman Michael Baumgartner,2025-06-18,2500.00
AMERICAN OPTOMETRIC ASSOCIATION,AOA-PAC,Congressman Tom Kean,2025-06-18,2000.00
AMERICAN OPTOMETRIC ASSOCIATION,AOA-PAC,Senator Kevin Cramer,2025-06-18,5000.00
AMERICAN OPTOMETRIC ASSOCIATION,AOA-PAC,Republican National Committee,2025-06-18,15000.00
AMERICAN OPTOMETRIC ASSOCIATION,AOA-PAC,Congressman Tom Barrett,2025-06-23,2500.00
AMERICAN OPTOMETRIC ASSOCIATION,AOA-PAC,Congressman Ben Cline,2025-06-23,2500.00
AMERICAN OPTOMETRIC ASSOCIATION,AOA-PAC,Congressman Jeff Crank,2025-06-24,1500.00
AMERICAN OPTOMETRIC ASSOCIATION,AOA-PAC,Congressman Morgan Griffith,2025-06-30,2500.00
AMERICAN OPTOMETRIC ASSOCIATION,AOA-PAC,Congresswoman Dina Titus,2025-06-30,2000.00
AMERICAN OPTOMETRIC ASSOCIATION,AOA-PAC,Congressman Robert Menendez,2025-02-24,2000.00
AMERICAN OPTOMETRIC ASSOCIATION,AOA-PAC,Congressman Greg Landsman,2025-02-24,1500.00
AMERICAN OPTOMETRIC ASSOCIATION,AOA-PAC,Congressman Kevin Mullin,2025-02-24,2000.00
AMERICAN OPTOMETRIC ASSOCIATION,AOA-PAC,Congressman Rudy Yakym,2025-02-24,2000.00
AMERICAN OPTOMETRIC ASSOCIATION,AOA-PAC,Congressman Nick Langworthy,2025-02-24,2000.00
AMERICAN OPTOMETRIC ASSOCIATION,AOA-PAC,Congressman John Joyce,2025-04-01,5000.00
AMERICAN OPTOMETRIC ASSOCIATION,AOA-PAC,Congresswoman Diana Harshbarger,2025-04-04,2000.00
AMERICAN OPTOMETRIC ASSOCIATION,AOA-PAC,Congressman Derrick Van Orden,2025-04-04,2500.00
AMERICAN OPTOMETRIC ASSOCIATION,AOA-PAC,Congressman Brian Fitzpatrick,2025-04-10,2000.00
AMERICAN OPTOMETRIC ASSOCIATION,AOA-PAC,Congressman Tim Moore,2025-04-16,2000.00
AMERICAN OPTOMETRIC ASSOCIATION,AOA-PAC,Congressman Brett Guthrie,2025-04-22,2500.00
AMERICAN OPTOMETRIC ASSOCIATION,AOA-PAC,Congressman Jack Bergman,2025-04-29,2500.00
AMERICAN OPTOMETRIC ASSOCIATION,AOA-PAC,Congressman Darren Soto,2025-04-29,2500.00
AMERICAN OPTOMETRIC ASSOCIATION,AOA-PAC,Congresswoman Diana Harshbarger,2025-04-29,500.00
AMERICAN OPTOMETRIC ASSOCIATION,AOA-PAC,Congressman Donald Norcross,2025-02-13,2000.00
AMERICAN OPTOMETRIC ASSOCIATION,AOA-PAC,Congressman Steve Scalise,2025-02-18,3000.00
AMERICAN OPTOMETRIC ASSOCIATION,AOA-PAC,Congressman Christopher Smith,2025-02-18,1500.00
AMERICAN OPTOMETRIC ASSOCIATION,AOA-PAC,Congresswoman Nikema Williams,2025-02-18,1500.00
AMERICAN OPTOMETRIC ASSOCIATION,AOA-PAC,Congressman Derek Schmidt,2025-02-18,2500.00
AMERICAN OPTOMETRIC ASSOCIATION,AOA-PAC,Congressman Mike Kelly,2025-02-24,2000.00
AMERICAN OPTOMETRIC ASSOCIATION,AOA-PAC,Congressman Brendan Boyle,2025-02-24,2000.00
AMERICAN OPTOMETRIC ASSOCIATION,AOA-PAC,Congressman Rick Allen,2025-02-24,2000.00
AMERICAN OPTOMETRIC ASSOCIATION,AOA-PAC,Congressman Neal Dunn,2025-02-24,2000.00
AMERICAN OPTOMETRIC ASSOCIATION,AOA-PAC,Congressman Kevin Hern,2025-02-24,2000.00
AMERICAN OPTOMETRIC ASSOCIATION,AOA-PAC,Congresswoman Diana Harshbarger,2025-02-24,2000.00
AMERICAN OPTOMETRIC ASSOCIATION,AOA-PAC,Congressman Greg Steube,2025-02-24,2000.00
AMERICAN OPTOMETRIC ASSOCIATION,AOA-PAC,Congressman Troy Carter,2025-02-24,2000.00
AMERICAN OPTOMETRIC ASSOCIATION,AOA-PAC,Congresswoman Mariannette Miller-Meeks,2025-02-24,2000.00
AMERICAN OPTOMETRIC ASSOCIATION,AOA-PAC,Congresswoman Kathryn Cammack,2025-02-24,2000.00
AMERICAN OPTOMETRIC ASSOCIATION,AOA-PAC,Congressman Gregory Murphy,2025-02-24,2000.00
AMERICAN OPTOMETRIC ASSOCIATION,AOA-PAC,Congressman Scott Fitzgerald,2025-01-14,1000.00
AMERICAN OPTOMETRIC ASSOCIATION,AOA-PAC,Congresswoman Yvette Clarke,2025-01-23,5000.00
AMERICAN OPTOMETRIC ASSOCIATION,AOA-PAC,Congresswoman Marie Gluesenkamp Perez,2025-02-04,1000.00
AMERICAN OPTOMETRIC ASSOCIATION,AOA-PAC,Senator Shelley Capito,2025-02-04,2500.00
AMERICAN OPTOMETRIC ASSOCIATION,AOA-PAC,Congressman Morgan Griffith,2025-02-10,1500.00
AMERICAN OPTOMETRIC ASSOCIATION,AOA-PAC,NRSC,2025-02-10,15000.00
AMERICAN OPTOMETRIC ASSOCIATION,AOA-PAC,DCCC,2025-02-10,15000.00
AMERICAN OPTOMETRIC ASSOCIATION,AOA-PAC,Senator John Thune,2025-02-10,2500.00
AMERICAN OPTOMETRIC ASSOCIATION,AOA-PAC,Congressman Cliff Bentz,2025-02-24,2000.00
AMERICAN OPTOMETRIC ASSOCIATION,AOA-PAC,Congressman Craig Goldman,2025-02-24,2000.00
AMERICAN OPTOMETRIC ASSOCIATION,AOA-PAC,Congressman Blake Moore,2025-02-24,2000.00
AMERICAN OPTOMETRIC ASSOCIATION,AOA-PAC,Congresswoman Julie Fedorchak,2025-02-24,2000.00
AMERICAN OPTOMETRIC ASSOCIATION,AOA-PAC,Congressman Max Miller,2025-02-24,2000.00
AMERICAN OPTOMETRIC ASSOCIATION,AOA-PAC,Congresswoman Erin Houchin,2025-02-24,2000.00
AMERICAN OPTOMETRIC ASSOCIATION,AOA-PAC,Delegate Stacey Plaskett,2025-02-24,2000.00
AMERICAN OPTOMETRIC ASSOCIATION,AOA-PAC,Congressman Jake Auchincloss,2025-02-24,2000.00
AMERICAN OPTOMETRIC ASSOCIATION,AOA-PAC,Congressman Gabe Evans,2025-02-24,2000.00
AMERICAN OPTOMETRIC ASSOCIATION,AOA-PAC,Congressman Michael Rulli,2025-02-24,2000.00
AMERICAN OPTOMETRIC ASSOCIATION,AOA-PAC,Congressman Tom Kean,2025-02-24,2000.00
AMERICAN OPTOMETRIC ASSOCIATION,AOA-PAC,Congressman Richard Hudson,2025-02-25,2500.00
AMERICAN OPTOMETRIC ASSOCIATION,AOA-PAC,Congressman John Joyce,2025-03-03,2500.00
AMERICAN OPTOMETRIC ASSOCIATION,AOA-PAC,Congresswoman Jen Kiggans,2025-03-03,2500.00
AMERICAN OPTOMETRIC ASSOCIATION,AOA-PAC,Congressman Dustin Johnson,2025-03-05,2000.00
AMERICAN OPTOMETRIC ASSOCIATION,AOA-PAC,Congressman Bill Foster,2025-03-10,2500.00
AMERICAN OPTOMETRIC ASSOCIATION,AOA-PAC,Congressman Michael Quigley,2025-03-10,2500.00
AMERICAN OPTOMETRIC ASSOCIATION,AOA-PAC,Congressman Mike Bost,2025-03-10,1500.00
AMERICAN OPTOMETRIC ASSOCIATION,AOA-PAC,Congressman Guy Reschenthaler,2025-03-10,2500.00
AMERICAN OPTOMETRIC ASSOCIATION,AOA-PAC,Congresswoman Haley Stevens,2025-03-10,2500.00
AMERICAN OPTOMETRIC ASSOCIATION,AOA-PAC,Congresswoman Delia Ramirez,2025-03-10,2500.00
AMERICAN OPTOMETRIC ASSOCIATION,AOA-PAC,Senator Peter Welch,2025-03-10,2000.00
AMERICAN OPTOMETRIC ASSOCIATION,AOA-PAC,Congressman S. Raja Krishnamoorthi,2025-03-11,2500.00
AMERICAN OPTOMETRIC ASSOCIATION,AOA-PAC,Congressman Mike Rogers,2025-03-13,1500.00
AMERICAN OPTOMETRIC ASSOCIATION,AOA-PAC,Congressman Roger Marshall,2025-03-13,2000.00
AMERICAN OPTOMETRIC ASSOCIATION,AOA-PAC,Congressman Henry Cuellar,2025-03-20,2000.00
AMERICAN OPTOMETRIC ASSOCIATION,AOA-PAC,Congresswoman Susie Lee,2025-03-20,2000.00
AMERICAN OPTOMETRIC ASSOCIATION,AOA-PAC,Congresswoman Madelaine Dean,2025-03-20,4000.00
AMERICAN OPTOMETRIC ASSOCIATION,AOA-PAC,Congresswoman Jahana Hayes,2025-03-20,2000.00
AMERICAN OPTOMETRIC ASSOCIATION,AOA-PAC,Congressman Steven Horsford,2025-03-20,2000.00
AMERICAN OPTOMETRIC ASSOCIATION,AOA-PAC,Congressman Chris Pappas,2025-03-20,5000.00
AMERICAN OPTOMETRIC ASSOCIATION,AOA-PAC,Congressman Chris Pappas,2025-03-20,5000.00
AMERICAN OPTOMETRIC ASSOCIATION,AOA-PAC,Congressman Frank Mrvan,2025-03-20,2000.00
AMERICAN OPTOMETRIC ASSOCIATION,AOA-PAC,Congressman Robert Menendez,2025-03-20,2000.00
AMERICAN OPTOMETRIC ASSOCIATION,AOA-PAC,Congressman Gabe Vasquez,2025-03-20,2000.00
AMERICAN OPTOMETRIC ASSOCIATION,AOA-PAC,Congressman Greg Landsman,2025-03-20,2000.00
AMERICAN OPTOMETRIC ASSOCIATION,AOA-PAC,Congresswoman Emilia Sykes,2025-03-20,2000.00
AMERICAN OPTOMETRIC ASSOCIATION,AOA-PAC,Congressman Don Davis,2025-03-20,2000.00
AMERICAN OPTOMETRIC ASSOCIATION,AOA-PAC,Congressman Kevin Mullin,2025-03-20,2000.00
AMERICAN OPTOMETRIC ASSOCIATION,AOA-PAC,Congresswoman Nelida Pou,2025-03-20,2000.00
AMERICAN OPTOMETRIC ASSOCIATION,AOA-PAC,Congresswoman Jennifer McClellan,2025-03-20,2000.00
AMERICAN OPTOMETRIC ASSOCIATION,AOA-PAC,Congressman Joshua Riley,2025-03-20,2000.00
AMERICAN OPTOMETRIC ASSOCIATION,AOA-PAC,Congressman John Mannion,2025-03-20,2000.00
AMERICAN OPTOMETRIC ASSOCIATION,AOA-PAC,Congresswoman Janelle Bynum,2025-03-20,2000.00
AMERICAN OPTOMETRIC ASSOCIATION,AOA-PAC,Congressman Adam Gray,2025-03-20,2000.00
AMERICAN OPTOMETRIC ASSOCIATION,AOA-PAC,Congressman George Whitesides,2025-03-20,2000.00
AMERICAN OPTOMETRIC ASSOCIATION,AOA-PAC,Congressman Derek Tran,2025-03-20,2000.00
AMERICAN OPTOMETRIC ASSOCIATION,AOA-PAC,Congresswoman Kristen McDonald Rivet,2025-03-20,2000.00
AMERICAN OPTOMETRIC ASSOCIATION,AOA-PAC,Senator John Hickenlooper,2025-03-20,2500.00
AMERICAN OPTOMETRIC ASSOCIATION,AOA-PAC,Senator Jim Banks,2025-03-20,5000.00
AMERICAN OPTOMETRIC ASSOCIATION,AOA-PAC,Congressman Aaron Bean,2025-03-21,1500.00
AMERICAN OPTOMETRIC ASSOCIATION,AOA-PAC,Senator Ashley Moody,2025-03-21,2500.00
AMERICAN OPTOMETRIC ASSOCIATION,AOA-PAC,Congressman David Valadao,2025-03-26,2500.00
AMERICAN OPTOMETRIC ASSOCIATION,AOA-PAC,Congressman Jonathan Jackson,2025-03-26,2000.00
AMERICAN OPTOMETRIC ASSOCIATION,AOA-PAC,Congressman Cliff Bentz,2025-03-26,3000.00
AMERICAN OPTOMETRIC ASSOCIATION,AOA-PAC,Senator Ashley Moody,2025-03-26,1000.00
AMERICAN OPTOMETRIC ASSOCIATION,AOA-PAC,Congressman Cliff Bentz,2025-03-26,2000.00
AMERICAN OPTOMETRIC ASSOCIATION,AOA-PAC,Senator Tim Sheehy,2025-03-26,2000.00
AMERICAN OPTOMETRIC ASSOCIATION,AOA-PAC,Congresswoman Sheila Cherfilus-McCormick,2025-04-01,2500.00
AMERICAN OPTOMETRIC ASSOCIATION,AOA-PAC,Congresswoman Diana Harshbarger,2025-04-29,1000.00
AMERICAN OPTOMETRIC ASSOCIATION,AOA-PAC,Congressman Jack Bergman,2025-04-30,2500.00
AMERICAN OPTOMETRIC ASSOCIATION,AOA-PAC,Senator Ben Lujan,2025-05-05,2000.00
AMERICAN OPTOMETRIC ASSOCIATION,AOA-PAC,Congresswoman Elizabeth Fletcher,2025-05-06,1500.00
AMERICAN OPTOMETRIC ASSOCIATION,AOA-PAC,Congressman Eric Sorensen,2025-05-08,2500.00
AMERICAN OPTOMETRIC ASSOCIATION,AOA-PAC,Congresswoman Yvette Clarke,2025-05-12,2500.00
AMERICAN OPTOMETRIC ASSOCIATION,AOA-PAC,Congressman Stephen Womack,2025-05-12,2500.00
AMERICAN OPTOMETRIC ASSOCIATION,AOA-PAC,Congressman David Kustoff,2025-05-12,2000.00
AMERICAN OPTOMETRIC ASSOCIATION,AOA-PAC,Senator Bill Hagerty,2025-05-12,5000.00
AMERICAN OPTOMETRIC ASSOCIATION,AOA-PAC,Congressman Patrick Fallon,2025-05-12,2500.00
AMERICAN OPTOMETRIC ASSOCIATION,AOA-PAC,Congressman Brian Jack,2025-05-12,2000.00
AMERICAN OPTOMETRIC ASSOCIATION,AOA-PAC,Congresswoman Diana Harshbarger,2025-05-12,5000.00
AMERICAN OPTOMETRIC ASSOCIATION,AOA-PAC,Congressman Suhas Subramanyam,2025-05-13,2000.00
AMERICAN OPTOMETRIC ASSOCIATION,AOA-PAC,Congresswoman Adrian Smith,2025-05-16,2000.00
AMERICAN OPTOMETRIC ASSOCIATION,AOA-PAC,Congressman Buddy Carter,2025-05-19,5000.00
AMERICAN OPTOMETRIC ASSOCIATION,AOA-PAC,Congressman Buddy Carter,2025-05-19,5000.00
AMERICAN OPTOMETRIC ASSOCIATION,AOA-PAC,Congressman Jared Moskowitz,2025-05-19,2000.00
AMERICAN OPTOMETRIC ASSOCIATION,AOA-PAC,Congressman Blake Moore,2025-05-19,2000.00
AMERICAN OPTOMETRIC ASSOCIATION,AOA-PAC,Congresswoman Julie Fedorchak,2025-05-19,2500.00
AMERICAN OPTOMETRIC ASSOCIATION,AOA-PAC,Congressman Gabe Evans,2025-05-19,2000.00
AMERICAN OPTOMETRIC ASSOCIATION,AOA-PAC,Congressman Buddy Carter,2025-05-19,5000.00
AMERICAN OPTOMETRIC ASSOCIATION,AOA-PAC,Congressman Michael Rulli,2025-05-21,2000.00
AMERICAN OPTOMETRIC ASSOCIATION,AOA-PAC,Congressman Dan Crenshaw,2025-06-02,2500.00
AMERICAN OPTOMETRIC ASSOCIATION,AOA-PAC,Congressman Bob Crenshaw,2025-06-03,5000.00
AMERICAN OPTOMETRIC ASSOCIATION,AOA-PAC,Congressman Bob Latta,2025-06-03,5000.00
AMERICAN OPTOMETRIC ASSOCIATION,AOA-PAC,Congressman Scott Fitzgerald,2025-06-03,2500.00
AMERICAN OPTOMETRIC ASSOCIATION,AOA-PAC,Congressman Greg Steube,2025-06-03,1000.00
AMERICAN OPTOMETRIC ASSOCIATION,AOA-PAC,Congressman Jason Smith,2025-06-10,2500.00
AMERICAN OPTOMETRIC ASSOCIATION,AOA-PAC,Congressman Kevin Hern,2025-06-10,2000.00
AMERICAN OPTOMETRIC ASSOCIATION,AOA-PAC,Senator Roger Marshall,2025-06-10,2000.00
AMERICAN OPTOMETRIC ASSOCIATION,AOA-PAC,Congressman John Ellzey,2025-06-10,2500.00
AMERICAN OPTOMETRIC ASSOCIATION,AOA-PAC,Congressman John Ellzey,2025-06-10,1500.00
AMERICAN OPTOMETRIC ASSOCIATION,AOA-PAC,Congresswoman Kathryn Cammack,2025-06-10,2000.00
AMERICAN OPTOMETRIC ASSOCIATION,AOA-PAC,Congresswoman Kathryn Cammack,2025-06-10,3000.00
AMERICAN OPTOMETRIC ASSOCIATION,AOA-PAC,Congressman Vincent Fong,2025-06-10,2500.00
AMERICAN OPTOMETRIC ASSOCIATION,AOA-PAC,Congressman Blake Moore,2025-06-10,1000.00
AMERICAN OPTOMETRIC ASSOCIATION,AOA-PAC,Congressman Blake Moore,2025-06-10,4000.00
AMERICAN OPTOMETRIC ASSOCIATION,AOA-PAC,Senator Tammy Baldwin,2025-06-10,5000.00
AMERICAN OPTOMETRIC ASSOCIATION,AOA-PAC,DSCC,2025-06-10,15000.00
AMERICAN OPTOMETRIC ASSOCIATION,AOA-PAC,Congressman Frank Pallone,2025-06-18,2000.00
AMERICAN OPTOMETRIC ASSOCIATION,AOA-PAC,Congressman Richard Hudson,2025-06-18,2000.00
AMERICAN OPTOMETRIC ASSOCIATION,AOA-PAC,Congressman Michael Baumgartner,2025-06-18,2500.00
AMERICAN OPTOMETRIC ASSOCIATION,AOA-PAC,Congressman Tom Kean,2025-06-18,2000.00
AMERICAN OPTOMETRIC ASSOCIATION,AOA-PAC,Senator Kevin Cramer,2025-06-18,5000.00
AMERICAN OPTOMETRIC ASSOCIATION,AOA-PAC,Republican National Committee,2025-06-18,15000.00
AMERICAN OPTOMETRIC ASSOCIATION,AOA-PAC,Congressman Tom Barrett,2025-06-23,2500.00
AMERICAN OPTOMETRIC ASSOCIATION,AOA-PAC,Congressman Ben Cline,2025-06-23,2500.00
AMERICAN OPTOMETRIC ASSOCIATION,AOA-PAC,Congressman Jeff Crank,2025-06-24,1500.00
AMERICAN OPTOMETRIC ASSOCIATION,AOA-PAC,Congressman Morgan Griffith,2025-06-30,2500.00
AMERICAN OPTOMETRIC ASSOCIATION,AOA-PAC,Congresswoman Dina Titus,2025-06-30,2000.00
AMERICAN OPTOMETRIC ASSOCIATION,AOA-PAC,Congressman Robert Menendez,2025-02-24,2000.00
AMERICAN OPTOMETRIC ASSOCIATION,AOA-PAC,Congressman Greg Landsman,2025-02-24,1500.00
AMERICAN OPTOMETRIC ASSOCIATION,AOA-PAC,Congressman Kevin Mullin,2025-02-24,2000.00
AMERICAN OPTOMETRIC ASSOCIATION,AOA-PAC,Congressman Rudy Yakym,2025-02-24,2000.00
AMERICAN OPTOMETRIC ASSOCIATION,AOA-PAC,Congressman Nick Langworthy,2025-02-24,2000.00
AMERICAN OPTOMETRIC ASSOCIATION,AOA-PAC,Congressman John Joyce,2025-04-01,5000.00
AMERICAN OPTOMETRIC ASSOCIATION,AOA-PAC,Congresswoman Diana Harshbarger,2025-04-04,2000.00
AMERICAN OPTOMETRIC ASSOCIATION,AOA-PAC,Congressman Derrick Van Orden,2025-04-04,2500.00
AMERICAN OPTOMETRIC ASSOCIATION,AOA-PAC,Congressman Brian Fitzpatrick,2025-04-10,2000.00
AMERICAN OPTOMETRIC ASSOCIATION,AOA-PAC,Congressman Tim Moore,2025-04-16,2000.00
AMERICAN OPTOMETRIC ASSOCIATION,AOA-PAC,Congressman Brett Guthrie,2025-04-22,2500.00
AMERICAN OPTOMETRIC ASSOCIATION,AOA-PAC,Congressman Jack Bergman,2025-04-29,2500.00
AMERICAN OPTOMETRIC ASSOCIATION,AOA-PAC,Congressman Darren Soto,2025-04-29,2500.00
AMERICAN OPTOMETRIC ASSOCIATION,AOA-PAC,Congresswoman Diana Harshbarger,2025-04-29,500.00
AMERICAN OPTOMETRIC ASSOCIATION,AOA-PAC,Congressman Donald Norcross,2025-02-13,2000.00
AMERICAN OPTOMETRIC ASSOCIATION,AOA-PAC,Congressman Steve Scalise,2025-02-18,3000.00
AMERICAN OPTOMETRIC ASSOCIATION,AOA-PAC,Congressman Christopher Smith,2025-02-18,1500.00
AMERICAN OPTOMETRIC ASSOCIATION,AOA-PAC,Congresswoman Nikema Williams,2025-02-18,1500.00
AMERICAN OPTOMETRIC ASSOCIATION,AOA-PAC,Congressman Derek Schmidt,2025-02-18,2500.00
AMERICAN OPTOMETRIC ASSOCIATION,AOA-PAC,Congressman Mike Kelly,2025-02-24,2000.00
AMERICAN OPTOMETRIC ASSOCIATION,AOA-PAC,Congressman Brendan Boyle,2025-02-24,2000.00
AMERICAN OPTOMETRIC ASSOCIATION,AOA-PAC,Congressman Rick Allen,2025-02-24,2000.00
AMERICAN OPTOMETRIC ASSOCIATION,AOA-PAC,Congressman Neal Dunn,2025-02-24,2000.00
AMERICAN OPTOMETRIC ASSOCIATION,AOA-PAC,Congressman Kevin Hern,2025-02-24,2000.00
AMERICAN OPTOMETRIC ASSOCIATION,AOA-PAC,Congresswoman Diana Harshbarger,2025-02-24,2000.00
AMERICAN OPTOMETRIC ASSOCIATION,AOA-PAC,Congressman Greg Steube,2025-02-24,2000.00
AMERICAN OPTOMETRIC ASSOCIATION,AOA-PAC,Congressman Troy Carter,2025-02-24,2000.00
AMERICAN OPTOMETRIC ASSOCIATION,AOA-PAC,Congresswoman Mariannette Miller-Meeks,2025-02-24,2000.00
AMERICAN OPTOMETRIC ASSOCIATION,AOA-PAC,Congresswoman Kathryn Cammack,2025-02-24,2000.00
AMERICAN OPTOMETRIC ASSOCIATION,AOA-PAC,Congressman Gregory Murphy,2025-02-24,2000.00
AMERICAN OPTOMETRIC ASSOCIATION,AOA-PAC,Congressman Scott Fitzgerald,2025-01-14,1000.00
AMERICAN OPTOMETRIC ASSOCIATION,AOA-PAC,Congresswoman Yvette Clarke,2025-01-23,5000.00
AMERICAN OPTOMETRIC ASSOCIATION,AOA-PAC,Congresswoman Marie Gluesenkamp Perez,2025-02-04,1000.00
AMERICAN OPTOMETRIC ASSOCIATION,AOA-PAC,Senator Shelley Capito,2025-02-04,2500.00
AMERICAN OPTOMETRIC ASSOCIATION,AOA-PAC,Congressman Morgan Griffith,2025-02-10,1500.00
AMERICAN OPTOMETRIC ASSOCIATION,AOA-PAC,NRSC,2025-02-10,15000.00
AMERICAN OPTOMETRIC ASSOCIATION,AOA-PAC,DCCC,2025-02-10,15000.00
AMERICAN OPTOMETRIC ASSOCIATION,AOA-PAC,Senator John Thune,2025-02-10,2500.00
AMERICAN OPTOMETRIC ASSOCIATION,AOA-PAC,Congressman Cliff Bentz,2025-02-24,2000.00
AMERICAN OPTOMETRIC ASSOCIATION,AOA-PAC,Congressman Craig Goldman,2025-02-24,2000.00
AMERICAN OPTOMETRIC ASSOCIATION,AOA-PAC,Congressman Blake Moore,2025-02-24,2000.00
AMERICAN OPTOMETRIC ASSOCIATION,AOA-PAC,Congresswoman Julie Fedorchak,2025-02-24,2000.00
AMERICAN OPTOMETRIC ASSOCIATION,AOA-PAC,Congressman Max Miller,2025-02-24,2000.00
AMERICAN OPTOMETRIC ASSOCIATION,AOA-PAC,Congresswoman Erin Houchin,2025-02-24,2000.00
AMERICAN OPTOMETRIC ASSOCIATION,AOA-PAC,Delegate Stacey Plaskett,2025-02-24,2000.00
AMERICAN OPTOMETRIC ASSOCIATION,AOA-PAC,Congressman Jake Auchincloss,2025-02-24,2000.00
AMERICAN OPTOMETRIC ASSOCIATION,AOA-PAC,Congressman Gabe Evans,2025-02-24,2000.00
AMERICAN OPTOMETRIC ASSOCIATION,AOA-PAC,Congressman Michael Rulli,2025-02-24,2000.00
AMERICAN OPTOMETRIC ASSOCIATION,AOA-PAC,Congressman Tom Kean,2025-02-24,2000.00
AMERICAN OPTOMETRIC ASSOCIATION,AOA-PAC,Congressman Richard Hudson,2025-02-25,2500.00
AMERICAN OPTOMETRIC ASSOCIATION,AOA-PAC,Congressman John Joyce,2025-03-03,2500.00
AMERICAN OPTOMETRIC ASSOCIATION,AOA-PAC,Congresswoman Jen Kiggans,2025-03-03,2500.00
AMERICAN OPTOMETRIC ASSOCIATION,AOA-PAC,Congressman Dustin Johnson,2025-03-05,2000.00
AMERICAN OPTOMETRIC ASSOCIATION,AOA-PAC,Congressman Bill Foster,2025-03-10,2500.00
AMERICAN OPTOMETRIC ASSOCIATION,AOA-PAC,Congressman Michael Quigley,2025-03-10,2500.00
AMERICAN OPTOMETRIC ASSOCIATION,AOA-PAC,Congressman Mike Bost,2025-03-10,1500.00
AMERICAN OPTOMETRIC ASSOCIATION,AOA-PAC,Congressman Guy Reschenthaler,2025-03-10,2500.00
AMERICAN OPTOMETRIC ASSOCIATION,AOA-PAC,Congresswoman Haley Stevens,2025-03-10,2500.00
AMERICAN OPTOMETRIC ASSOCIATION,AOA-PAC,Congresswoman Delia Ramirez,2025-03-10,2500.00
AMERICAN OPTOMETRIC ASSOCIATION,AOA-PAC,Senator Peter Welch,2025-03-10,2000.00
AMERICAN OPTOMETRIC ASSOCIATION,AOA-PAC,Congressman S. Raja Krishnamoorthi,2025-03-11,2500.00
AMERICAN OPTOMETRIC ASSOCIATION,AOA-PAC,Congressman Mike Rogers,2025-03-13,1500.00
AMERICAN OPTOMETRIC ASSOCIATION,AOA-PAC,Congressman Roger Marshall,2025-03-13,2000.00
AMERICAN OPTOMETRIC ASSOCIATION,AOA-PAC,Congressman Henry Cuellar,2025-03-20,2000.00
AMERICAN OPTOMETRIC ASSOCIATION,AOA-PAC,Congresswoman Susie Lee,2025-03-20,2000.00
AMERICAN OPTOMETRIC ASSOCIATION,AOA-PAC,Congresswoman Madelaine Dean,2025-03-20,4000.00
AMERICAN OPTOMETRIC ASSOCIATION,AOA-PAC,Congresswoman Jahana Hayes,2025-03-20,2000.00
AMERICAN OPTOMETRIC ASSOCIATION,AOA-PAC,Congressman Steven Horsford,2025-03-20,2000.00
AMERICAN OPTOMETRIC ASSOCIATION,AOA-PAC,Congressman Chris Pappas,2025-03-20,5000.00
AMERICAN OPTOMETRIC ASSOCIATION,AOA-PAC,Congressman Chris Pappas,2025-03-20,5000.00
AMERICAN OPTOMETRIC ASSOCIATION,AOA-PAC,Congressman Frank Mrvan,2025-03-20,2000.00
AMERICAN OPTOMETRIC ASSOCIATION,AOA-PAC,Congressman Robert Menendez,2025-03-20,2000.00
AMERICAN OPTOMETRIC ASSOCIATION,AOA-PAC,Congressman Gabe Vasquez,2025-03-20,2000.00
AMERICAN OPTOMETRIC ASSOCIATION,AOA-PAC,Congressman Greg Landsman,2025-03-20,2000.00
AMERICAN OPTOMETRIC ASSOCIATION,AOA-PAC,Congresswoman Emilia Sykes,2025-03-20,2000.00
AMERICAN OPTOMETRIC ASSOCIATION,AOA-PAC,Congressman Don Davis,2025-03-20,2000.00
AMERICAN OPTOMETRIC ASSOCIATION,AOA-PAC,Congressman Kevin Mullin,2025-03-20,2000.00
AMERICAN OPTOMETRIC ASSOCIATION,AOA-PAC,Congresswoman Nelida Pou,2025-03-20,2000.00
AMERICAN OPTOMETRIC ASSOCIATION,AOA-PAC,Congresswoman Jennifer McClellan,2025-03-20,2000.00
AMERICAN OPTOMETRIC ASSOCIATION,AOA-PAC,Congressman Joshua Riley,2025-03-20,2000.00
AMERICAN OPTOMETRIC ASSOCIATION,AOA-PAC,Congressman John Mannion,2025-03-20,2000.00
AMERICAN OPTOMETRIC ASSOCIATION,AOA-PAC,Congresswoman Janelle Bynum,2025-03-20,2000.00
AMERICAN OPTOMETRIC ASSOCIATION,AOA-PAC,Congressman Adam Gray,2025-03-20,2000.00
AMERICAN OPTOMETRIC ASSOCIATION,AOA-PAC,Congressman George Whitesides,2025-03-20,2000.00
AMERICAN OPTOMETRIC ASSOCIATION,AOA-PAC,Congressman Derek Tran,2025-03-20,2000.00
AMERICAN OPTOMETRIC ASSOCIATION,AOA-PAC,Congresswoman Kristen McDonald Rivet,2025-03-20,2000.00
AMERICAN OPTOMETRIC ASSOCIATION,AOA-PAC,Senator John Hickenlooper,2025-03-20,2500.00
AMERICAN OPTOMETRIC ASSOCIATION,AOA-PAC,Senator Jim Banks,2025-03-20,5000.00
AMERICAN OPTOMETRIC ASSOCIATION,AOA-PAC,Congressman Aaron Bean,2025-03-21,1500.00
AMERICAN OPTOMETRIC ASSOCIATION,AOA-PAC,Senator Ashley Moody,2025-03-21,2500.00
AMERICAN OPTOMETRIC ASSOCIATION,AOA-PAC,Congressman David Valadao,2025-03-26,2500.00
AMERICAN OPTOMETRIC ASSOCIATION,AOA-PAC,Congressman Jonathan Jackson,2025-03-26,2000.00
AMERICAN OPTOMETRIC ASSOCIATION,AOA-PAC,Congressman Cliff Bentz,2025-03-26,3000.00
AMERICAN OPTOMETRIC ASSOCIATION,AOA-PAC,Senator Ashley Moody,2025-03-26,1000.00
AMERICAN OPTOMETRIC ASSOCIATION,AOA-PAC,Congressman Cliff Bentz,2025-03-26,2000.00
AMERICAN OPTOMETRIC ASSOCIATION,AOA-PAC,Senator Tim Sheehy,2025-03-26,2000.00
AMERICAN OPTOMETRIC ASSOCIATION,AOA-PAC,Congresswoman Sheila Cherfilus-McCormick,2025-04-01,2500.00
AMERICAN OPTOMETRIC ASSOCIATION,AOA-PAC,Congresswoman Diana Harshbarger,2025-04-29,1000.00
AMERICAN OPTOMETRIC ASSOCIATION,AOA-PAC,Congressman Jack Bergman,2025-04-30,2500.00
AMERICAN OPTOMETRIC ASSOCIATION,AOA-PAC,Senator Ben Lujan,2025-05-05,2000.00
AMERICAN OPTOMETRIC ASSOCIATION,AOA-PAC,Congresswoman Elizabeth Fletcher,2025-05-06,1500.00
AMERICAN OPTOMETRIC ASSOCIATION,AOA-PAC,Congressman Eric Sorensen,2025-05-08,2500.00
AMERICAN OPTOMETRIC ASSOCIATION,AOA-PAC,Congresswoman Yvette Clarke,2025-05-12,2500.00
AMERICAN OPTOMETRIC ASSOCIATION,AOA-PAC,Congressman Stephen Womack,2025-05-12,2500.00
AMERICAN OPTOMETRIC ASSOCIATION,AOA-PAC,Congressman David Kustoff,2025-05-12,2000.00
AMERICAN OPTOMETRIC ASSOCIATION,AOA-PAC,Senator Bill Hagerty,2025-05-12,5000.00
AMERICAN OPTOMETRIC ASSOCIATION,AOA-PAC,Congressman Patrick Fallon,2025-05-12,2500.00
AMERICAN OPTOMETRIC ASSOCIATION,AOA-PAC,Congressman Brian Jack,2025-05-12,2000.00
AMERICAN OPTOMETRIC ASSOCIATION,AOA-PAC,Congresswoman Diana Harshbarger,2025-05-12,5000.00
AMERICAN OPTOMETRIC ASSOCIATION,AOA-PAC,Congressman Suhas Subramanyam,2025-05-13,2000.00
AMERICAN OPTOMETRIC ASSOCIATION,AOA-PAC,Congresswoman Adrian Smith,2025-05-16,2000.00
AMERICAN OPTOMETRIC ASSOCIATION,AOA-PAC,Congressman Buddy Carter,2025-05-19,5000.00
AMERICAN OPTOMETRIC ASSOCIATION,AOA-PAC,Congressman Buddy Carter,2025-05-19,5000.00
AMERICAN OPTOMETRIC ASSOCIATION,AOA-PAC,Congressman Jared Moskowitz,2025-05-19,2000.00
AMERICAN OPTOMETRIC ASSOCIATION,AOA-PAC,Congressman Blake Moore,2025-05-19,2000.00
AMERICAN OPTOMETRIC ASSOCIATION,AOA-PAC,Congresswoman Julie Fedorchak,2025-05-19,2500.00
AMERICAN OPTOMETRIC ASSOCIATION,AOA-PAC,Congressman Gabe Evans,2025-05-19,2000.00
AMERICAN OPTOMETRIC ASSOCIATION,AOA-PAC,Congressman Buddy Carter,2025-05-19,5000.00
AMERICAN OPTOMETRIC ASSOCIATION,AOA-PAC,Congressman Michael Rulli,2025-05-21,2000.00
AMERICAN OPTOMETRIC ASSOCIATION,AOA-PAC,Congressman Dan Crenshaw,2025-06-02,2500.00
AMERICAN OPTOMETRIC ASSOCIATION,AOA-PAC,Congressman Bob Crenshaw,2025-06-03,5000.00
AMERICAN OPTOMETRIC ASSOCIATION,AOA-PAC,Congressman Bob Latta,2025-06-03,5000.00
AMERICAN OPTOMETRIC ASSOCIATION,AOA-PAC,Congressman Scott Fitzgerald,2025-06-03,2500.00
AMERICAN OPTOMETRIC ASSOCIATION,AOA-PAC,Congressman Greg Steube,2025-06-03,1000.00
AMERICAN OPTOMETRIC ASSOCIATION,AOA-PAC,Congressman Jason Smith,2025-06-10,2500.00
AMERICAN OPTOMETRIC ASSOCIATION,AOA-PAC,Congressman Kevin Hern,2025-06-10,2000.00
AMERICAN OPTOMETRIC ASSOCIATION,AOA-PAC,Senator Roger Marshall,2025-06-10,2000.00
AMERICAN OPTOMETRIC ASSOCIATION,AOA-PAC,Congressman John Ellzey,2025-06-10,2500.00
AMERICAN OPTOMETRIC ASSOCIATION,AOA-PAC,Congressman John Ellzey,2025-06-10,1500.00
AMERICAN OPTOMETRIC ASSOCIATION,AOA-PAC,Congresswoman Kathryn Cammack,2025-06-10,2000.00
AMERICAN OPTOMETRIC ASSOCIATION,AOA-PAC,Congresswoman Kathryn Cammack,2025-06-10,3000.00
AMERICAN OPTOMETRIC ASSOCIATION,AOA-PAC,Congressman Vincent Fong,2025-06-10,2500.00
AMERICAN OPTOMETRIC ASSOCIATION,AOA-PAC,Congressman Blake Moore,2025-06-10,1000.00
AMERICAN OPTOMETRIC ASSOCIATION,AOA-PAC,Congressman Blake Moore,2025-06-10,4000.00
AMERICAN OPTOMETRIC ASSOCIATION,AOA-PAC,Senator Tammy Baldwin,2025-06-10,5000.00
AMERICAN OPTOMETRIC ASSOCIATION,AOA-PAC,DSCC,2025-06-10,15000.00
AMERICAN OPTOMETRIC ASSOCIATION,AOA-PAC,Congressman Frank Pallone,2025-06-18,2000.00
AMERICAN OPTOMETRIC ASSOCIATION,AOA-PAC,Congressman Richard Hudson,2025-06-18,2000.00
AMERICAN OPTOMETRIC ASSOCIATION,AOA-PAC,Congressman Michael Baumgartner,2025-06-18,2500.00
AMERICAN OPTOMETRIC ASSOCIATION,AOA-PAC,Congressman Tom Kean,2025-06-18,2000.00
AMERICAN OPTOMETRIC ASSOCIATION,AOA-PAC,Senator Kevin Cramer,2025-06-18,5000.00
AMERICAN OPTOMETRIC ASSOCIATION,AOA-PAC,Republican National Committee,2025-06-18,15000.00
AMERICAN OPTOMETRIC ASSOCIATION,AOA-PAC,Congressman Tom Barrett,2025-06-23,2500.00
AMERICAN OPTOMETRIC ASSOCIATION,AOA-PAC,Congressman Ben Cline,2025-06-23,2500.00
AMERICAN OPTOMETRIC ASSOCIATION,AOA-PAC,Congressman Jeff Crank,2025-06-24,1500.00
AMERICAN OPTOMETRIC ASSOCIATION,AOA-PAC,Congressman Morgan Griffith,2025-06-30,2500.00
AMERICAN OPTOMETRIC ASSOCIATION,AOA-PAC,Congresswoman Dina Titus,2025-06-30,2000.00
AMERICAN OPTOMETRIC ASSOCIATION,AOA-PAC,Congressman Robert Menendez,2025-02-24,2000.00
AMERICAN OPTOMETRIC ASSOCIATION,AOA-PAC,Congressman Greg Landsman,2025-02-24,1500.00
AMERICAN OPTOMETRIC ASSOCIATION,AOA-PAC,Congressman Kevin Mullin,2025-02-24,2000.00
AMERICAN OPTOMETRIC ASSOCIATION,AOA-PAC,Congressman Rudy Yakym,2025-02-24,2000.00
AMERICAN OPTOMETRIC ASSOCIATION,AOA-PAC,Congressman Nick Langworthy,2025-02-24,2000.00
AMERICAN OPTOMETRIC ASSOCIATION,AOA-PAC,Congressman John Joyce,2025-04-01,5000.00
AMERICAN OPTOMETRIC ASSOCIATION,AOA-PAC,Congresswoman Diana Harshbarger,2025-04-04,2000.00
AMERICAN OPTOMETRIC ASSOCIATION,AOA-PAC,Congressman Derrick Van Orden,2025-04-04,2500.00
AMERICAN OPTOMETRIC ASSOCIATION,AOA-PAC,Congressman Brian Fitzpatrick,2025-04-10,2000.00
AMERICAN OPTOMETRIC ASSOCIATION,AOA-PAC,Congressman Tim Moore,2025-04-16,2000.00
AMERICAN OPTOMETRIC ASSOCIATION,AOA-PAC,Congressman Brett Guthrie,2025-04-22,2500.00
AMERICAN OPTOMETRIC ASSOCIATION,AOA-PAC,Congressman Jack Bergman,2025-04-29,2500.00
AMERICAN OPTOMETRIC ASSOCIATION,AOA-PAC,Congressman Darren Soto,2025-04-29,2500.00
AMERICAN OPTOMETRIC ASSOCIATION,AOA-PAC,Congresswoman Diana Harshbarger,2025-04-29,500.00
AMERICAN OPTOMETRIC ASSOCIATION,AOA-PAC,Congressman Donald Norcross,2025-02-13,2000.00
AMERICAN OPTOMETRIC ASSOCIATION,AOA-PAC,Congressman Steve Scalise,2025-02-18,3000.00
AMERICAN OPTOMETRIC ASSOCIATION,AOA-PAC,Congressman Christopher Smith,2025-02-18,1500.00
AMERICAN OPTOMETRIC ASSOCIATION,AOA-PAC,Congresswoman Nikema Williams,2025-02-18,1500.00
AMERICAN OPTOMETRIC ASSOCIATION,AOA-PAC,Congressman Derek Schmidt,2025-02-18,2500.00
AMERICAN OPTOMETRIC ASSOCIATION,AOA-PAC,Congressman Mike Kelly,2025-02-24,2000.00
AMERICAN OPTOMETRIC ASSOCIATION,AOA-PAC,Congressman Brendan Boyle,2025-02-24,2000.00
AMERICAN OPTOMETRIC ASSOCIATION,AOA-PAC,Congressman Rick Allen,2025-02-24,2000.00
AMERICAN OPTOMETRIC ASSOCIATION,AOA-PAC,Congressman Neal Dunn,2025-02-24,2000.00
AMERICAN OPTOMETRIC ASSOCIATION,AOA-PAC,Congressman Kevin Hern,2025-02-24,2000.00
AMERICAN OPTOMETRIC ASSOCIATION,AOA-PAC,Congresswoman Diana Harshbarger,2025-02-24,2000.00
AMERICAN OPTOMETRIC ASSOCIATION,AOA-PAC,Congressman Greg Steube,2025-02-24,2000.00
AMERICAN OPTOMETRIC ASSOCIATION,AOA-PAC,Congressman Troy Carter,2025-02-24,2000.00
AMERICAN OPTOMETRIC ASSOCIATION,AOA-PAC,Congresswoman Mariannette Miller-Meeks,2025-02-24,2000.00
AMERICAN OPTOMETRIC ASSOCIATION,AOA-PAC,Congresswoman Kathryn Cammack,2025-02-24,2000.00
AMERICAN OPTOMETRIC ASSOCIATION,AOA-PAC,Congressman Gregory Murphy,2025-02-24,2000.00
AMERICAN OPTOMETRIC ASSOCIATION,AOA-PAC,Congressman Scott Fitzgerald,2025-01-14,1000.00
AMERICAN OPTOMETRIC ASSOCIATION,AOA-PAC,Congresswoman Yvette Clarke,2025-01-23,5000.00
AMERICAN OPTOMETRIC ASSOCIATION,AOA-PAC,Congresswoman Marie Gluesenkamp Perez,2025-02-04,1000.00
AMERICAN OPTOMETRIC ASSOCIATION,AOA-PAC,Senator Shelley Capito,2025-02-04,2500.00
AMERICAN OPTOMETRIC ASSOCIATION,AOA-PAC,Congressman Morgan Griffith,2025-02-10,1500.00
AMERICAN OPTOMETRIC ASSOCIATION,AOA-PAC,NRSC,2025-02-10,15000.00
AMERICAN OPTOMETRIC ASSOCIATION,AOA-PAC,DCCC,2025-02-10,15000.00
AMERICAN OPTOMETRIC ASSOCIATION,AOA-PAC,Senator John Thune,2025-02-10,2500.00
AMERICAN OPTOMETRIC ASSOCIATION,AOA-PAC,Congressman Cliff Bentz,2025-02-24,2000.00
AMERICAN OPTOMETRIC ASSOCIATION,AOA-PAC,Congressman Craig Goldman,2025-02-24,2000.00
AMERICAN OPTOMETRIC ASSOCIATION,AOA-PAC,Congressman Blake Moore,2025-02-24,2000.00
AMERICAN OPTOMETRIC ASSOCIATION,AOA-PAC,Congresswoman Julie Fedorchak,2025-02-24,2000.00
AMERICAN OPTOMETRIC ASSOCIATION,AOA-PAC,Congressman Max Miller,2025-02-24,2000.00
AMERICAN OPTOMETRIC ASSOCIATION,AOA-PAC,Congresswoman Erin Houchin,2025-02-24,2000.00
AMERICAN OPTOMETRIC ASSOCIATION,AOA-PAC,Delegate Stacey Plaskett,2025-02-24,2000.00
AMERICAN OPTOMETRIC ASSOCIATION,AOA-PAC,Congressman Jake Auchincloss,2025-02-24,2000.00
AMERICAN OPTOMETRIC ASSOCIATION,AOA-PAC,Congressman Gabe Evans,2025-02-24,2000.00
AMERICAN OPTOMETRIC ASSOCIATION,AOA-PAC,Congressman Michael Rulli,2025-02-24,2000.00
AMERICAN OPTOMETRIC ASSOCIATION,AOA-PAC,Congressman Tom Kean,2025-02-24,2000.00
AMERICAN OPTOMETRIC ASSOCIATION,AOA-PAC,Congressman Richard Hudson,2025-02-25,2500.00
AMERICAN OPTOMETRIC ASSOCIATION,AOA-PAC,Congressman John Joyce,2025-03-03,2500.00
AMERICAN OPTOMETRIC ASSOCIATION,AOA-PAC,Congresswoman Jen Kiggans,2025-03-03,2500.00
AMERICAN OPTOMETRIC ASSOCIATION,AOA-PAC,Congressman Dustin Johnson,2025-03-05,2000.00
AMERICAN OPTOMETRIC ASSOCIATION,AOA-PAC,Congressman Bill Foster,2025-03-10,2500.00
AMERICAN OPTOMETRIC ASSOCIATION,AOA-PAC,Congressman Michael Quigley,2025-03-10,2500.00
AMERICAN OPTOMETRIC ASSOCIATION,AOA-PAC,Congressman Mike Bost,2025-03-10,1500.00
AMERICAN OPTOMETRIC ASSOCIATION,AOA-PAC,Congressman Guy Reschenthaler,2025-03-10,2500.00
AMERICAN OPTOMETRIC ASSOCIATION,AOA-PAC,Congresswoman Haley Stevens,2025-03-10,2500.00
AMERICAN OPTOMETRIC ASSOCIATION,AOA-PAC,Congresswoman Delia Ramirez,2025-03-10,2500.00
AMERICAN OPTOMETRIC ASSOCIATION,AOA-PAC,Senator Peter Welch,2025-03-10,2000.00
AMERICAN OPTOMETRIC ASSOCIATION,AOA-PAC,Congressman S. Raja Krishnamoorthi,2025-03-11,2500.00
AMERICAN OPTOMETRIC ASSOCIATION,AOA-PAC,Congressman Mike Rogers,2025-03-13,1500.00
AMERICAN OPTOMETRIC ASSOCIATION,AOA-PAC,Congressman Roger Marshall,2025-03-13,2000.00
AMERICAN OPTOMETRIC ASSOCIATION,AOA-PAC,Congressman Henry Cuellar,2025-03-20,2000.00
AMERICAN OPTOMETRIC ASSOCIATION,AOA-PAC,Congresswoman Susie Lee,2025-03-20,2000.00
AMERICAN OPTOMETRIC ASSOCIATION,AOA-PAC,Congresswoman Madelaine Dean,2025-03-20,4000.00
AMERICAN OPTOMETRIC ASSOCIATION,AOA-PAC,Congresswoman Jahana Hayes,2025-03-20,2000.00
AMERICAN OPTOMETRIC ASSOCIATION,AOA-PAC,Congressman Steven Horsford,2025-03-20,2000.00
AMERICAN OPTOMETRIC ASSOCIATION,AOA-PAC,Congressman Chris Pappas,2025-03-20,5000.00
AMERICAN OPTOMETRIC ASSOCIATION,AOA-PAC,Congressman Chris Pappas,2025-03-20,5000.00
AMERICAN OPTOMETRIC ASSOCIATION,AOA-PAC,Congressman Frank Mrvan,2025-03-20,2000.00
AMERICAN OPTOMETRIC ASSOCIATION,AOA-PAC,Congressman Robert Menendez,2025-03-20,2000.00
AMERICAN OPTOMETRIC ASSOCIATION,AOA-PAC,Congressman Gabe Vasquez,2025-03-20,2000.00
AMERICAN OPTOMETRIC ASSOCIATION,AOA-PAC,Congressman Greg Landsman,2025-03-20,2000.00
AMERICAN OPTOMETRIC ASSOCIATION,AOA-PAC,Congresswoman Emilia Sykes,2025-03-20,2000.00
AMERICAN OPTOMETRIC ASSOCIATION,AOA-PAC,Congressman Don Davis,2025-03-20,2000.00
AMERICAN OPTOMETRIC ASSOCIATION,AOA-PAC,Congressman Kevin Mullin,2025-03-20,2000.00
AMERICAN OPTOMETRIC ASSOCIATION,AOA-PAC,Congresswoman Nelida Pou,2025-03-20,2000.00
AMERICAN OPTOMETRIC ASSOCIATION,AOA-PAC,Congresswoman Jennifer McClellan,2025-03-20,2000.00
AMERICAN OPTOMETRIC ASSOCIATION,AOA-PAC,Congressman Joshua Riley,2025-03-20,2000.00
AMERICAN OPTOMETRIC ASSOCIATION,AOA-PAC,Congressman John Mannion,2025-03-20,2000.00
AMERICAN OPTOMETRIC ASSOCIATION,AOA-PAC,Congresswoman Janelle Bynum,2025-03-20,2000.00
AMERICAN OPTOMETRIC ASSOCIATION,AOA-PAC,Congressman Adam Gray,2025-03-20,2000.00
AMERICAN OPTOMETRIC ASSOCIATION,AOA-PAC,Congressman George Whitesides,2025-03-20,2000.00
AMERICAN OPTOMETRIC ASSOCIATION,AOA-PAC,Congressman Derek Tran,2025-03-20,2000.00
AMERICAN OPTOMETRIC ASSOCIATION,AOA-PAC,Congresswoman Kristen McDonald Rivet,2025-03-20,2000.00
AMERICAN OPTOMETRIC ASSOCIATION,AOA-PAC,Senator John Hickenlooper,2025-03-20,2500.00
AMERICAN OPTOMETRIC ASSOCIATION,AOA-PAC,Senator Jim Banks,2025-03-20,5000.00
AMERICAN OPTOMETRIC ASSOCIATION,AOA-PAC,Congressman Aaron Bean,2025-03-21,1500.00
AMERICAN OPTOMETRIC ASSOCIATION,AOA-PAC,Senator Ashley Moody,2025-03-21,2500.00
AMERICAN OPTOMETRIC ASSOCIATION,AOA-PAC,Congressman David Valadao,2025-03-26,2500.00
AMERICAN OPTOMETRIC ASSOCIATION,AOA-PAC,Congressman Jonathan Jackson,2025-03-26,2000.00
AMERICAN OPTOMETRIC ASSOCIATION,AOA-PAC,Congressman Cliff Bentz,2025-03-26,3000.00
AMERICAN OPTOMETRIC ASSOCIATION,AOA-PAC,Senator Ashley Moody,2025-03-26,1000.00
AMERICAN OPTOMETRIC ASSOCIATION,AOA-PAC,Congressman Cliff Bentz,2025-03-26,2000.00
AMERICAN OPTOMETRIC ASSOCIATION,AOA-PAC,Senator Tim Sheehy,2025-03-26,2000.00
AMERICAN OPTOMETRIC ASSOCIATION,AOA-PAC,Congresswoman Sheila Cherfilus-McCormick,2025-04-01,2500.00
AMERICAN OPTOMETRIC ASSOCIATION,AOA-PAC,Congresswoman Diana Harshbarger,2025-04-29,1000.00
AMERICAN OPTOMETRIC ASSOCIATION,AOA-PAC,Congressman Jack Bergman,2025-04-30,2500.00
AMERICAN OPTOMETRIC ASSOCIATION,AOA-PAC,Senator Ben Lujan,2025-05-05,2000.00
AMERICAN OPTOMETRIC ASSOCIATION,AOA-PAC,Congresswoman Elizabeth Fletcher,2025-05-06,1500.00
AMERICAN OPTOMETRIC ASSOCIATION,AOA-PAC,Congressman Eric Sorensen,2025-05-08,2500.00
AMERICAN OPTOMETRIC ASSOCIATION,AOA-PAC,Congresswoman Yvette Clarke,2025-05-12,2500.00
AMERICAN OPTOMETRIC ASSOCIATION,AOA-PAC,Congressman Stephen Womack,2025-05-12,2500.00
AMERICAN OPTOMETRIC ASSOCIATION,AOA-PAC,Congressman David Kustoff,2025-05-12,2000.00
AMERICAN OPTOMETRIC ASSOCIATION,AOA-PAC,Senator Bill Hagerty,2025-05-12,5000.00
AMERICAN OPTOMETRIC ASSOCIATION,AOA-PAC,Congressman Patrick Fallon,2025-05-12,2500.00
AMERICAN OPTOMETRIC ASSOCIATION,AOA-PAC,Congressman Brian Jack,2025-05-12,2000.00
AMERICAN OPTOMETRIC ASSOCIATION,AOA-PAC,Congresswoman Diana Harshbarger,2025-05-12,5000.00
AMERICAN OPTOMETRIC ASSOCIATION,AOA-PAC,Congressman Suhas Subramanyam,2025-05-13,2000.00
AMERICAN OPTOMETRIC ASSOCIATION,AOA-PAC,Congresswoman Adrian Smith,2025-05-16,2000.00
AMERICAN OPTOMETRIC ASSOCIATION,AOA-PAC,Congressman Buddy Carter,2025-05-19,5000.00
AMERICAN OPTOMETRIC ASSOCIATION,AOA-PAC,Congressman Buddy Carter,2025-05-19,5000.00
AMERICAN OPTOMETRIC ASSOCIATION,AOA-PAC,Congressman Jared Moskowitz,2025-05-19,2000.00
AMERICAN OPTOMETRIC ASSOCIATION,AOA-PAC,Congressman Blake Moore,2025-05-19,2000.00
AMERICAN OPTOMETRIC ASSOCIATION,AOA-PAC,Congresswoman Julie Fedorchak,2025-05-19,2500.00
AMERICAN OPTOMETRIC ASSOCIATION,AOA-PAC,Congressman Gabe Evans,2025-05-19,2000.00
AMERICAN OPTOMETRIC ASSOCIATION,AOA-PAC,Congressman Buddy Carter,2025-05-19,5000.00
AMERICAN OPTOMETRIC ASSOCIATION,AOA-PAC,Congressman Michael Rulli,2025-05-21,2000.00
AMERICAN OPTOMETRIC ASSOCIATION,AOA-PAC,Congressman Dan Crenshaw,2025-06-02,2500.00
AMERICAN OPTOMETRIC ASSOCIATION,AOA-PAC,Congressman Bob Crenshaw,2025-06-03,5000.00
AMERICAN OPTOMETRIC ASSOCIATION,AOA-PAC,Congressman Bob Latta,2025-06-03,5000.00
AMERICAN OPTOMETRIC ASSOCIATION,AOA-PAC,Congressman Scott Fitzgerald,2025-06-03,2500.00
AMERICAN OPTOMETRIC ASSOCIATION,AOA-PAC,Congressman Greg Steube,2025-06-03,1000.00
AMERICAN OPTOMETRIC ASSOCIATION,AOA-PAC,Congressman Jason Smith,2025-06-10,2500.00
AMERICAN OPTOMETRIC ASSOCIATION,AOA-PAC,Congressman Kevin Hern,2025-06-10,2000.00
AMERICAN OPTOMETRIC ASSOCIATION,AOA-PAC,Senator Roger Marshall,2025-06-10,2000.00
AMERICAN OPTOMETRIC ASSOCIATION,AOA-PAC,Congressman John Ellzey,2025-06-10,2500.00
AMERICAN OPTOMETRIC ASSOCIATION,AOA-PAC,Congressman John Ellzey,2025-06-10,1500.00
AMERICAN OPTOMETRIC ASSOCIATION,AOA-PAC,Congresswoman Kathryn Cammack,2025-06-10,2000.00
AMERICAN OPTOMETRIC ASSOCIATION,AOA-PAC,Congresswoman Kathryn Cammack,2025-06-10,3000.00
AMERICAN OPTOMETRIC ASSOCIATION,AOA-PAC,Congressman Vincent Fong,2025-06-10,2500.00
AMERICAN OPTOMETRIC ASSOCIATION,AOA-PAC,Congressman Blake Moore,2025-06-10,1000.00
AMERICAN OPTOMETRIC ASSOCIATION,AOA-PAC,Congressman Blake Moore,2025-06-10,4000.00
AMERICAN OPTOMETRIC ASSOCIATION,AOA-PAC,Senator Tammy Baldwin,2025-06-10,5000.00
AMERICAN OPTOMETRIC ASSOCIATION,AOA-PAC,DSCC,2025-06-10,15000.00
AMERICAN OPTOMETRIC ASSOCIATION,AOA-PAC,Congressman Frank Pallone,2025-06-18,2000.00
AMERICAN OPTOMETRIC ASSOCIATION,AOA-PAC,Congressman Richard Hudson,2025-06-18,2000.00
AMERICAN OPTOMETRIC ASSOCIATION,AOA-PAC,Congressman Michael Baumgartner,2025-06-18,2500.00
AMERICAN OPTOMETRIC ASSOCIATION,AOA-PAC,Congressman Tom Kean,2025-06-18,2000.00
AMERICAN OPTOMETRIC ASSOCIATION,AOA-PAC,Senator Kevin Cramer,2025-06-18,5000.00
AMERICAN OPTOMETRIC ASSOCIATION,AOA-PAC,Republican National Committee,2025-06-18,15000.00
AMERICAN OPTOMETRIC ASSOCIATION,AOA-PAC,Congressman Tom Barrett,2025-06-23,2500.00
AMERICAN OPTOMETRIC ASSOCIATION,AOA-PAC,Congressman Ben Cline,2025-06-23,2500.00
AMERICAN OPTOMETRIC ASSOCIATION,AOA-PAC,Congressman Jeff Crank,2025-06-24,1500.00
AMERICAN OPTOMETRIC ASSOCIATION,AOA-PAC,Congressman Morgan Griffith,2025-06-30,2500.00
AMERICAN OPTOMETRIC ASSOCIATION,AOA-PAC,Congresswoman Dina Titus,2025-06-30,2000.00
AMERICAN OPTOMETRIC ASSOCIATION,AOA-PAC,Congressman Robert Menendez,2025-02-24,2000.00
AMERICAN OPTOMETRIC ASSOCIATION,AOA-PAC,Congressman Greg Landsman,2025-02-24,1500.00
AMERICAN OPTOMETRIC ASSOCIATION,AOA-PAC,Congressman Kevin Mullin,2025-02-24,2000.00
AMERICAN OPTOMETRIC ASSOCIATION,AOA-PAC,Congressman Rudy Yakym,2025-02-24,2000.00
AMERICAN OPTOMETRIC ASSOCIATION,AOA-PAC,Congressman Nick Langworthy,2025-02-24,2000.00
AMERICAN OPTOMETRIC ASSOCIATION,AOA-PAC,Congressman John Joyce,2025-04-01,5000.00
AMERICAN OPTOMETRIC ASSOCIATION,AOA-PAC,Congresswoman Diana Harshbarger,2025-04-04,2000.00
AMERICAN OPTOMETRIC ASSOCIATION,AOA-PAC,Congressman Derrick Van Orden,2025-04-04,2500.00
AMERICAN OPTOMETRIC ASSOCIATION,AOA-PAC,Congressman Brian Fitzpatrick,2025-04-10,2000.00
AMERICAN OPTOMETRIC ASSOCIATION,AOA-PAC,Congressman Tim Moore,2025-04-16,2000.00
AMERICAN OPTOMETRIC ASSOCIATION,AOA-PAC,Congressman Brett Guthrie,2025-04-22,2500.00
AMERICAN OPTOMETRIC ASSOCIATION,AOA-PAC,Congressman Jack Bergman,2025-04-29,2500.00
AMERICAN OPTOMETRIC ASSOCIATION,AOA-PAC,Congressman Darren Soto,2025-04-29,2500.00
AMERICAN OPTOMETRIC ASSOCIATION,AOA-PAC,Congresswoman Diana Harshbarger,2025-04-29,500.00
AMERICAN OPTOMETRIC ASSOCIATION,AOA-PAC,Congressman Donald Norcross,2025-02-13,2000.00
AMERICAN OPTOMETRIC ASSOCIATION,AOA-PAC,Congressman Steve Scalise,2025-02-18,3000.00
AMERICAN OPTOMETRIC ASSOCIATION,AOA-PAC,Congressman Christopher Smith,2025-02-18,1500.00
AMERICAN OPTOMETRIC ASSOCIATION,AOA-PAC,Congresswoman Nikema Williams,2025-02-18,1500.00
AMERICAN OPTOMETRIC ASSOCIATION,AOA-PAC,Congressman Derek Schmidt,2025-02-18,2500.00
AMERICAN OPTOMETRIC ASSOCIATION,AOA-PAC,Congressman Mike Kelly,2025-02-24,2000.00
AMERICAN OPTOMETRIC ASSOCIATION,AOA-PAC,Congressman Brendan Boyle,2025-02-24,2000.00
AMERICAN OPTOMETRIC ASSOCIATION,AOA-PAC,Congressman Rick Allen,2025-02-24,2000.00
AMERICAN OPTOMETRIC ASSOCIATION,AOA-PAC,Congressman Neal Dunn,2025-02-24,2000.00
AMERICAN OPTOMETRIC ASSOCIATION,AOA-PAC,Congressman Kevin Hern,2025-02-24,2000.00
AMERICAN OPTOMETRIC ASSOCIATION,AOA-PAC,Congresswoman Diana Harshbarger,2025-02-24,2000.00
AMERICAN OPTOMETRIC ASSOCIATION,AOA-PAC,Congressman Greg Steube,2025-02-24,2000.00
AMERICAN OPTOMETRIC ASSOCIATION,AOA-PAC,Congressman Troy Carter,2025-02-24,2000.00
AMERICAN OPTOMETRIC ASSOCIATION,AOA-PAC,Congresswoman Mariannette Miller-Meeks,2025-02-24,2000.00
AMERICAN OPTOMETRIC ASSOCIATION,AOA-PAC,Congresswoman Kathryn Cammack,2025-02-24,2000.00
AMERICAN OPTOMETRIC ASSOCIATION,AOA-PAC,Congressman Gregory Murphy,2025-02-24,2000.00
AMERICAN OPTOMETRIC ASSOCIATION,AOA-PAC,Congressman Scott Fitzgerald,2025-01-14,1000.00
AMERICAN OPTOMETRIC ASSOCIATION,AOA-PAC,Congresswoman Yvette Clarke,2025-01-23,5000.00
AMERICAN OPTOMETRIC ASSOCIATION,AOA-PAC,Congresswoman Marie Gluesenkamp Perez,2025-02-04,1000.00
AMERICAN OPTOMETRIC ASSOCIATION,AOA-PAC,Senator Shelley Capito,2025-02-04,2500.00
AMERICAN OPTOMETRIC ASSOCIATION,AOA-PAC,Congressman Morgan Griffith,2025-02-10,1500.00
AMERICAN OPTOMETRIC ASSOCIATION,AOA-PAC,NRSC,2025-02-10,15000.00
AMERICAN OPTOMETRIC ASSOCIATION,AOA-PAC,DCCC,2025-02-10,15000.00
AMERICAN OPTOMETRIC ASSOCIATION,AOA-PAC,Senator John Thune,2025-02-10,2500.00
AMERICAN OPTOMETRIC ASSOCIATION,AOA-PAC,Congressman Cliff Bentz,2025-02-24,2000.00
AMERICAN OPTOMETRIC ASSOCIATION,AOA-PAC,Congressman Craig Goldman,2025-02-24,2000.00
AMERICAN OPTOMETRIC ASSOCIATION,AOA-PAC,Congressman Blake Moore,2025-02-24,2000.00
AMERICAN OPTOMETRIC ASSOCIATION,AOA-PAC,Congresswoman Julie Fedorchak,2025-02-24,2000.00
AMERICAN OPTOMETRIC ASSOCIATION,AOA-PAC,Congressman Max Miller,2025-02-24,2000.00
AMERICAN OPTOMETRIC ASSOCIATION,AOA-PAC,Congresswoman Erin Houchin,2025-02-24,2000.00
AMERICAN OPTOMETRIC ASSOCIATION,AOA-PAC,Delegate Stacey Plaskett,2025-02-24,2000.00
AMERICAN OPTOMETRIC ASSOCIATION,AOA-PAC,Congressman Jake Auchincloss,2025-02-24,2000.00
AMERICAN OPTOMETRIC ASSOCIATION,AOA-PAC,Congressman Gabe Evans,2025-02-24,2000.00
AMERICAN OPTOMETRIC ASSOCIATION,AOA-PAC,Congressman Michael Rulli,2025-02-24,2000.00
AMERICAN OPTOMETRIC ASSOCIATION,AOA-PAC,Congressman Tom Kean,2025-02-24,2000.00
AMERICAN OPTOMETRIC ASSOCIATION,AOA-PAC,Congressman Richard Hudson,2025-02-25,2500.00
AMERICAN OPTOMETRIC ASSOCIATION,AOA-PAC,Congressman John Joyce,2025-03-03,2500.00
AMERICAN OPTOMETRIC ASSOCIATION,AOA-PAC,Congresswoman Jen Kiggans,2025-03-03,2500.00
AMERICAN OPTOMETRIC ASSOCIATION,AOA-PAC,Congressman Dustin Johnson,2025-03-05,2000.00
AMERICAN OPTOMETRIC ASSOCIATION,AOA-PAC,Congressman Bill Foster,2025-03-10,2500.00
AMERICAN OPTOMETRIC ASSOCIATION,AOA-PAC,Congressman Michael Quigley,2025-03-10,2500.00
AMERICAN OPTOMETRIC ASSOCIATION,AOA-PAC,Congressman Mike Bost,2025-03-10,1500.00
AMERICAN OPTOMETRIC ASSOCIATION,AOA-PAC,Congressman Guy Reschenthaler,2025-03-10,2500.00
AMERICAN OPTOMETRIC ASSOCIATION,AOA-PAC,Congresswoman Haley Stevens,2025-03-10,2500.00
AMERICAN OPTOMETRIC ASSOCIATION,AOA-PAC,Congresswoman Delia Ramirez,2025-03-10,2500.00
AMERICAN OPTOMETRIC ASSOCIATION,AOA-PAC,Senator Peter Welch,2025-03-10,2000.00
AMERICAN OPTOMETRIC ASSOCIATION,AOA-PAC,Congressman S. Raja Krishnamoorthi,2025-03-11,2500.00
AMERICAN OPTOMETRIC ASSOCIATION,AOA-PAC,Congressman Mike Rogers,2025-03-13,1500.00
AMERICAN OPTOMETRIC ASSOCIATION,AOA-PAC,Congressman Roger Marshall,2025-03-13,2000.00
AMERICAN OPTOMETRIC ASSOCIATION,AOA-PAC,Congressman Henry Cuellar,2025-03-20,2000.00
AMERICAN OPTOMETRIC ASSOCIATION,AOA-PAC,Congresswoman Susie Lee,2025-03-20,2000.00
AMERICAN OPTOMETRIC ASSOCIATION,AOA-PAC,Congresswoman Madelaine Dean,2025-03-20,4000.00
AMERICAN OPTOMETRIC ASSOCIATION,AOA-PAC,Congresswoman Jahana Hayes,2025-03-20,2000.00
AMERICAN OPTOMETRIC ASSOCIATION,AOA-PAC,Congressman Steven Horsford,2025-03-20,2000.00
AMERICAN OPTOMETRIC ASSOCIATION,AOA-PAC,Congressman Chris Pappas,2025-03-20,5000.00
AMERICAN OPTOMETRIC ASSOCIATION,AOA-PAC,Congressman Chris Pappas,2025-03-20,5000.00
AMERICAN OPTOMETRIC ASSOCIATION,AOA-PAC,Congressman Frank Mrvan,2025-03-20,2000.00
AMERICAN OPTOMETRIC ASSOCIATION,AOA-PAC,Congressman Robert Menendez,2025-03-20,2000.00
AMERICAN OPTOMETRIC ASSOCIATION,AOA-PAC,Congressman Gabe Vasquez,2025-03-20,2000.00
AMERICAN OPTOMETRIC ASSOCIATION,AOA-PAC,Congressman Greg Landsman,2025-03-20,2000.00
AMERICAN OPTOMETRIC ASSOCIATION,AOA-PAC,Congresswoman Emilia Sykes,2025-03-20,2000.00
AMERICAN OPTOMETRIC ASSOCIATION,AOA-PAC,Congressman Don Davis,2025-03-20,2000.00
AMERICAN OPTOMETRIC ASSOCIATION,AOA-PAC,Congressman Kevin Mullin,2025-03-20,2000.00
AMERICAN OPTOMETRIC ASSOCIATION,AOA-PAC,Congresswoman Nelida Pou,2025-03-20,2000.00
AMERICAN OPTOMETRIC ASSOCIATION,AOA-PAC,Congresswoman Jennifer McClellan,2025-03-20,2000.00
AMERICAN OPTOMETRIC ASSOCIATION,AOA-PAC,Congressman Joshua Riley,2025-03-20,2000.00
AMERICAN OPTOMETRIC ASSOCIATION,AOA-PAC,Congressman John Mannion,2025-03-20,2000.00
AMERICAN OPTOMETRIC ASSOCIATION,AOA-PAC,Congresswoman Janelle Bynum,2025-03-20,2000.00
AMERICAN OPTOMETRIC ASSOCIATION,AOA-PAC,Congressman Adam Gray,2025-03-20,2000.00
AMERICAN OPTOMETRIC ASSOCIATION,AOA-PAC,Congressman George Whitesides,2025-03-20,2000.00
AMERICAN OPTOMETRIC ASSOCIATION,AOA-PAC,Congressman Derek Tran,2025-03-20,2000.00
AMERICAN OPTOMETRIC ASSOCIATION,AOA-PAC,Congresswoman Kristen McDonald Rivet,2025-03-20,2000.00
AMERICAN OPTOMETRIC ASSOCIATION,AOA-PAC,Senator John Hickenlooper,2025-03-20,2500.00
AMERICAN OPTOMETRIC ASSOCIATION,AOA-PAC,Senator Jim Banks,2025-03-20,5000.00
AMERICAN OPTOMETRIC ASSOCIATION,AOA-PAC,Congressman Aaron Bean,2025-03-21,1500.00
AMERICAN OPTOMETRIC ASSOCIATION,AOA-PAC,Senator Ashley Moody,2025-03-21,2500.00
AMERICAN OPTOMETRIC ASSOCIATION,AOA-PAC,Congressman David Valadao,2025-03-26,2500.00
AMERICAN OPTOMETRIC ASSOCIATION,AOA-PAC,Congressman Jonathan Jackson,2025-03-26,2000.00
AMERICAN OPTOMETRIC ASSOCIATION,AOA-PAC,Congressman Cliff Bentz,2025-03-26,3000.00
AMERICAN OPTOMETRIC ASSOCIATION,AOA-PAC,Senator Ashley Moody,2025-03-26,1000.00
AMERICAN OPTOMETRIC ASSOCIATION,AOA-PAC,Congressman Cliff Bentz,2025-03-26,2000.00
AMERICAN OPTOMETRIC ASSOCIATION,AOA-PAC,Senator Tim Sheehy,2025-03-26,2000.00
AMERICAN OPTOMETRIC ASSOCIATION,AOA-PAC,Congresswoman Sheila Cherfilus-McCormick,2025-04-01,2500.00
AMERICAN OPTOMETRIC ASSOCIATION,AOA-PAC,Congresswoman Diana Harshbarger,2025-04-29,1000.00
AMERICAN OPTOMETRIC ASSOCIATION,AOA-PAC,Congressman Jack Bergman,2025-04-30,2500.00
AMERICAN OPTOMETRIC ASSOCIATION,AOA-PAC,Senator Ben Lujan,2025-05-05,2000.00
AMERICAN OPTOMETRIC ASSOCIATION,AOA-PAC,Congresswoman Elizabeth Fletcher,2025-05-06,1500.00
AMERICAN OPTOMETRIC ASSOCIATION,AOA-PAC,Congressman Eric Sorensen,2025-05-08,2500.00
AMERICAN OPTOMETRIC ASSOCIATION,AOA-PAC,Congresswoman Yvette Clarke,2025-05-12,2500.00
AMERICAN OPTOMETRIC ASSOCIATION,AOA-PAC,Congressman Stephen Womack,2025-05-12,2500.00
AMERICAN OPTOMETRIC ASSOCIATION,AOA-PAC,Congressman David Kustoff,2025-05-12,2000.00
AMERICAN OPTOMETRIC ASSOCIATION,AOA-PAC,Senator Bill Hagerty,2025-05-12,5000.00
AMERICAN OPTOMETRIC ASSOCIATION,AOA-PAC,Congressman Patrick Fallon,2025-05-12,2500.00
AMERICAN OPTOMETRIC ASSOCIATION,AOA-PAC,Congressman Brian Jack,2025-05-12,2000.00
AMERICAN OPTOMETRIC ASSOCIATION,AOA-PAC,Congresswoman Diana Harshbarger,2025-05-12,5000.00
AMERICAN OPTOMETRIC ASSOCIATION,AOA-PAC,Congressman Suhas Subramanyam,2025-05-13,2000.00
AMERICAN OPTOMETRIC ASSOCIATION,AOA-PAC,Congresswoman Adrian Smith,2025-05-16,2000.00
AMERICAN OPTOMETRIC ASSOCIATION,AOA-PAC,Congressman Buddy Carter,2025-05-19,5000.00
AMERICAN OPTOMETRIC ASSOCIATION,AOA-PAC,Congressman Buddy Carter,2025-05-19,5000.00
AMERICAN OPTOMETRIC ASSOCIATION,AOA-PAC,Congressman Jared Moskowitz,2025-05-19,2000.00
AMERICAN OPTOMETRIC ASSOCIATION,AOA-PAC,Congressman Blake Moore,2025-05-19,2000.00
AMERICAN OPTOMETRIC ASSOCIATION,AOA-PAC,Congresswoman Julie Fedorchak,2025-05-19,2500.00
AMERICAN OPTOMETRIC ASSOCIATION,AOA-PAC,Congressman Gabe Evans,2025-05-19,2000.00
AMERICAN OPTOMETRIC ASSOCIATION,AOA-PAC,Congressman Buddy Carter,2025-05-19,5000.00
AMERICAN OPTOMETRIC ASSOCIATION,AOA-PAC,Congressman Michael Rulli,2025-05-21,2000.00
AMERICAN OPTOMETRIC ASSOCIATION,AOA-PAC,Congressman Dan Crenshaw,2025-06-02,2500.00
AMERICAN OPTOMETRIC ASSOCIATION,AOA-PAC,Congressman Bob Crenshaw,2025-06-03,5000.00
AMERICAN OPTOMETRIC ASSOCIATION,AOA-PAC,Congressman Bob Latta,2025-06-03,5000.00
AMERICAN OPTOMETRIC ASSOCIATION,AOA-PAC,Congressman Scott Fitzgerald,2025-06-03,2500.00
AMERICAN OPTOMETRIC ASSOCIATION,AOA-PAC,Congressman Greg Steube,2025-06-03,1000.00
AMERICAN OPTOMETRIC ASSOCIATION,AOA-PAC,Congressman Jason Smith,2025-06-10,2500.00
AMERICAN OPTOMETRIC ASSOCIATION,AOA-PAC,Congressman Kevin Hern,2025-06-10,2000.00
AMERICAN OPTOMETRIC ASSOCIATION,AOA-PAC,Senator Roger Marshall,2025-06-10,2000.00
AMERICAN OPTOMETRIC ASSOCIATION,AOA-PAC,Congressman John Ellzey,2025-06-10,2500.00
AMERICAN OPTOMETRIC ASSOCIATION,AOA-PAC,Congressman John Ellzey,2025-06-10,1500.00
AMERICAN OPTOMETRIC ASSOCIATION,AOA-PAC,Congresswoman Kathryn Cammack,2025-06-10,2000.00
AMERICAN OPTOMETRIC ASSOCIATION,AOA-PAC,Congresswoman Kathryn Cammack,2025-06-10,3000.00
AMERICAN OPTOMETRIC ASSOCIATION,AOA-PAC,Congressman Vincent Fong,2025-06-10,2500.00
AMERICAN OPTOMETRIC ASSOCIATION,AOA-PAC,Congressman Blake Moore,2025-06-10,1000.00
AMERICAN OPTOMETRIC ASSOCIATION,AOA-PAC,Congressman Blake Moore,2025-06-10,4000.00
AMERICAN OPTOMETRIC ASSOCIATION,AOA-PAC,Senator Tammy Baldwin,2025-06-10,5000.00
AMERICAN OPTOMETRIC ASSOCIATION,AOA-PAC,DSCC,2025-06-10,15000.00
AMERICAN OPTOMETRIC ASSOCIATION,AOA-PAC,Congressman Frank Pallone,2025-06-18,2000.00
AMERICAN OPTOMETRIC ASSOCIATION,AOA-PAC,Congressman Richard Hudson,2025-06-18,2000.00
AMERICAN OPTOMETRIC ASSOCIATION,AOA-PAC,Congressman Michael Baumgartner,2025-06-18,2500.00
AMERICAN OPTOMETRIC ASSOCIATION,AOA-PAC,Congressman Tom Kean,2025-06-18,2000.00
AMERICAN OPTOMETRIC ASSOCIATION,AOA-PAC,Senator Kevin Cramer,2025-06-18,5000.00
AMERICAN OPTOMETRIC ASSOCIATION,AOA-PAC,Republican National Committee,2025-06-18,15000.00
AMERICAN OPTOMETRIC ASSOCIATION,AOA-PAC,Congressman Tom Barrett,2025-06-23,2500.00
AMERICAN OPTOMETRIC ASSOCIATION,AOA-PAC,Congressman Ben Cline,2025-06-23,2500.00
AMERICAN OPTOMETRIC ASSOCIATION,AOA-PAC,Congressman Jeff Crank,2025-06-24,1500.00
AMERICAN OPTOMETRIC ASSOCIATION,AOA-PAC,Congressman Morgan Griffith,2025-06-30,2500.00
AMERICAN OPTOMETRIC ASSOCIATION,AOA-PAC,Congresswoman Dina Titus,2025-06-30,2000.00
AMERICAN OPTOMETRIC ASSOCIATION,AOA-PAC,Congressman Robert Menendez,2025-02-24,2000.00
AMERICAN OPTOMETRIC ASSOCIATION,AOA-PAC,Congressman Greg Landsman,2025-02-24,1500.00
AMERICAN OPTOMETRIC ASSOCIATION,AOA-PAC,Congressman Kevin Mullin,2025-02-24,2000.00
AMERICAN OPTOMETRIC ASSOCIATION,AOA-PAC,Congressman Rudy Yakym,2025-02-24,2000.00
AMERICAN OPTOMETRIC ASSOCIATION,AOA-PAC,Congressman Nick Langworthy,2025-02-24,2000.00
AMERICAN OPTOMETRIC ASSOCIATION,AOA-PAC,Congressman John Joyce,2025-04-01,5000.00
AMERICAN OPTOMETRIC ASSOCIATION,AOA-PAC,Congresswoman Diana Harshbarger,2025-04-04,2000.00
AMERICAN OPTOMETRIC ASSOCIATION,AOA-PAC,Congressman Derrick Van Orden,2025-04-04,2500.00
AMERICAN OPTOMETRIC ASSOCIATION,AOA-PAC,Congressman Brian Fitzpatrick,2025-04-10,2000.00
AMERICAN OPTOMETRIC ASSOCIATION,AOA-PAC,Congressman Tim Moore,2025-04-16,2000.00
AMERICAN OPTOMETRIC ASSOCIATION,AOA-PAC,Congressman Brett Guthrie,2025-04-22,2500.00
AMERICAN OPTOMETRIC ASSOCIATION,AOA-PAC,Congressman Jack Bergman,2025-04-29,2500.00
AMERICAN OPTOMETRIC ASSOCIATION,AOA-PAC,Congressman Darren Soto,2025-04-29,2500.00
AMERICAN OPTOMETRIC ASSOCIATION,AOA-PAC,Congresswoman Diana Harshbarger,2025-04-29,500.00
AMERICAN OPTOMETRIC ASSOCIATION,AOA-PAC,Congressman Donald Norcross,2025-02-13,2000.00
AMERICAN OPTOMETRIC ASSOCIATION,AOA-PAC,Congressman Steve Scalise,2025-02-18,3000.00
AMERICAN OPTOMETRIC ASSOCIATION,AOA-PAC,Congressman Christopher Smith,2025-02-18,1500.00
AMERICAN OPTOMETRIC ASSOCIATION,AOA-PAC,Congresswoman Nikema Williams,2025-02-18,1500.00
AMERICAN OPTOMETRIC ASSOCIATION,AOA-PAC,Congressman Derek Schmidt,2025-02-18,2500.00
AMERICAN OPTOMETRIC ASSOCIATION,AOA-PAC,Congressman Mike Kelly,2025-02-24,2000.00
AMERICAN OPTOMETRIC ASSOCIATION,AOA-PAC,Congressman Brendan Boyle,2025-02-24,2000.00
AMERICAN OPTOMETRIC ASSOCIATION,AOA-PAC,Congressman Rick Allen,2025-02-24,2000.00
AMERICAN OPTOMETRIC ASSOCIATION,AOA-PAC,Congressman Neal Dunn,2025-02-24,2000.00
AMERICAN OPTOMETRIC ASSOCIATION,AOA-PAC,Congressman Kevin Hern,2025-02-24,2000.00
AMERICAN OPTOMETRIC ASSOCIATION,AOA-PAC,Congresswoman Diana Harshbarger,2025-02-24,2000.00
AMERICAN OPTOMETRIC ASSOCIATION,AOA-PAC,Congressman Greg Steube,2025-02-24,2000.00
AMERICAN OPTOMETRIC ASSOCIATION,AOA-PAC,Congressman Troy Carter,2025-02-24,2000.00
AMERICAN OPTOMETRIC ASSOCIATION,AOA-PAC,Congresswoman Mariannette Miller-Meeks,2025-02-24,2000.00
AMERICAN OPTOMETRIC ASSOCIATION,AOA-PAC,Congresswoman Kathryn Cammack,2025-02-24,2000.00
AMERICAN OPTOMETRIC ASSOCIATION,AOA-PAC,Congressman Gregory Murphy,2025-02-24,2000.00
AMERICAN OPTOMETRIC ASSOCIATION,AOA-PAC,Congressman Scott Fitzgerald,2025-01-14,1000.00
AMERICAN OPTOMETRIC ASSOCIATION,AOA-PAC,Congresswoman Yvette Clarke,2025-01-23,5000.00
AMERICAN OPTOMETRIC ASSOCIATION,AOA-PAC,Congresswoman Marie Gluesenkamp Perez,2025-02-04,1000.00
AMERICAN OPTOMETRIC ASSOCIATION,AOA-PAC,Senator Shelley Capito,2025-02-04,2500.00
AMERICAN OPTOMETRIC ASSOCIATION,AOA-PAC,Congressman Morgan Griffith,2025-02-10,1500.00
AMERICAN OPTOMETRIC ASSOCIATION,AOA-PAC,NRSC,2025-02-10,15000.00
AMERICAN OPTOMETRIC ASSOCIATION,AOA-PAC,DCCC,2025-02-10,15000.00
AMERICAN OPTOMETRIC ASSOCIATION,AOA-PAC,Senator John Thune,2025-02-10,2500.00
AMERICAN OPTOMETRIC ASSOCIATION,AOA-PAC,Congressman Cliff Bentz,2025-02-24,2000.00
AMERICAN OPTOMETRIC ASSOCIATION,AOA-PAC,Congressman Craig Goldman,2025-02-24,2000.00
AMERICAN OPTOMETRIC ASSOCIATION,AOA-PAC,Congressman Blake Moore,2025-02-24,2000.00
AMERICAN OPTOMETRIC ASSOCIATION,AOA-PAC,Congresswoman Julie Fedorchak,2025-02-24,2000.00
AMERICAN OPTOMETRIC ASSOCIATION,AOA-PAC,Congressman Max Miller,2025-02-24,2000.00
AMERICAN OPTOMETRIC ASSOCIATION,AOA-PAC,Congresswoman Erin Houchin,2025-02-24,2000.00
AMERICAN OPTOMETRIC ASSOCIATION,AOA-PAC,Delegate Stacey Plaskett,2025-02-24,2000.00
AMERICAN OPTOMETRIC ASSOCIATION,AOA-PAC,Congressman Jake Auchincloss,2025-02-24,2000.00
AMERICAN OPTOMETRIC ASSOCIATION,AOA-PAC,Congressman Gabe Evans,2025-02-24,2000.00
AMERICAN OPTOMETRIC ASSOCIATION,AOA-PAC,Congressman Michael Rulli,2025-02-24,2000.00
AMERICAN OPTOMETRIC ASSOCIATION,AOA-PAC,Congressman Tom Kean,2025-02-24,2000.00
AMERICAN OPTOMETRIC ASSOCIATION,AOA-PAC,Congressman Richard Hudson,2025-02-25,2500.00
AMERICAN OPTOMETRIC ASSOCIATION,AOA-PAC,Congressman John Joyce,2025-03-03,2500.00
AMERICAN OPTOMETRIC ASSOCIATION,AOA-PAC,Congresswoman Jen Kiggans,2025-03-03,2500.00
AMERICAN OPTOMETRIC ASSOCIATION,AOA-PAC,Congressman Dustin Johnson,2025-03-05,2000.00
AMERICAN OPTOMETRIC ASSOCIATION,AOA-PAC,Congressman Bill Foster,2025-03-10,2500.00
AMERICAN OPTOMETRIC ASSOCIATION,AOA-PAC,Congressman Michael Quigley,2025-03-10,2500.00
AMERICAN OPTOMETRIC ASSOCIATION,AOA-PAC,Congressman Mike Bost,2025-03-10,1500.00
AMERICAN OPTOMETRIC ASSOCIATION,AOA-PAC,Congressman Guy Reschenthaler,2025-03-10,2500.00
AMERICAN OPTOMETRIC ASSOCIATION,AOA-PAC,Congresswoman Haley Stevens,2025-03-10,2500.00
AMERICAN OPTOMETRIC ASSOCIATION,AOA-PAC,Congresswoman Delia Ramirez,2025-03-10,2500.00
AMERICAN OPTOMETRIC ASSOCIATION,AOA-PAC,Senator Peter Welch,2025-03-10,2000.00
AMERICAN OPTOMETRIC ASSOCIATION,AOA-PAC,Congressman S. Raja Krishnamoorthi,2025-03-11,2500.00
AMERICAN OPTOMETRIC ASSOCIATION,AOA-PAC,Congressman Mike Rogers,2025-03-13,1500.00
AMERICAN OPTOMETRIC ASSOCIATION,AOA-PAC,Congressman Roger Marshall,2025-03-13,2000.00
AMERICAN OPTOMETRIC ASSOCIATION,AOA-PAC,Congressman Henry Cuellar,2025-03-20,2000.00
AMERICAN OPTOMETRIC ASSOCIATION,AOA-PAC,Congresswoman Susie Lee,2025-03-20,2000.00
AMERICAN OPTOMETRIC ASSOCIATION,AOA-PAC,Congresswoman Madelaine Dean,2025-03-20,4000.00
AMERICAN OPTOMETRIC ASSOCIATION,AOA-PAC,Congresswoman Jahana Hayes,2025-03-20,2000.00
AMERICAN OPTOMETRIC ASSOCIATION,AOA-PAC,Congressman Steven Horsford,2025-03-20,2000.00
AMERICAN OPTOMETRIC ASSOCIATION,AOA-PAC,Congressman Chris Pappas,2025-03-20,5000.00
AMERICAN OPTOMETRIC ASSOCIATION,AOA-PAC,Congressman Chris Pappas,2025-03-20,5000.00
AMERICAN OPTOMETRIC ASSOCIATION,AOA-PAC,Congressman Frank Mrvan,2025-03-20,2000.00
AMERICAN OPTOMETRIC ASSOCIATION,AOA-PAC,Congressman Robert Menendez,2025-03-20,2000.00
AMERICAN OPTOMETRIC ASSOCIATION,AOA-PAC,Congressman Gabe Vasquez,2025-03-20,2000.00
AMERICAN OPTOMETRIC ASSOCIATION,AOA-PAC,Congressman Greg Landsman,2025-03-20,2000.00
AMERICAN OPTOMETRIC ASSOCIATION,AOA-PAC,Congresswoman Emilia Sykes,2025-03-20,2000.00
AMERICAN OPTOMETRIC ASSOCIATION,AOA-PAC,Congressman Don Davis,2025-03-20,2000.00
AMERICAN OPTOMETRIC ASSOCIATION,AOA-PAC,Congressman Kevin Mullin,2025-03-20,2000.00
AMERICAN OPTOMETRIC ASSOCIATION,AOA-PAC,Congresswoman Nelida Pou,2025-03-20,2000.00
AMERICAN OPTOMETRIC ASSOCIATION,AOA-PAC,Congresswoman Jennifer McClellan,2025-03-20,2000.00
AMERICAN OPTOMETRIC ASSOCIATION,AOA-PAC,Congressman Joshua Riley,2025-03-20,2000.00
AMERICAN OPTOMETRIC ASSOCIATION,AOA-PAC,Congressman John Mannion,2025-03-20,2000.00
AMERICAN OPTOMETRIC ASSOCIATION,AOA-PAC,Congresswoman Janelle Bynum,2025-03-20,2000.00
AMERICAN OPTOMETRIC ASSOCIATION,AOA-PAC,Congressman Adam Gray,2025-03-20,2000.00
AMERICAN OPTOMETRIC ASSOCIATION,AOA-PAC,Congressman George Whitesides,2025-03-20,2000.00
AMERICAN OPTOMETRIC ASSOCIATION,AOA-PAC,Congressman Derek Tran,2025-03-20,2000.00
AMERICAN OPTOMETRIC ASSOCIATION,AOA-PAC,Congresswoman Kristen McDonald Rivet,2025-03-20,2000.00
AMERICAN OPTOMETRIC ASSOCIATION,AOA-PAC,Senator John Hickenlooper,2025-03-20,2500.00
AMERICAN OPTOMETRIC ASSOCIATION,AOA-PAC,Senator Jim Banks,2025-03-20,5000.00
AMERICAN OPTOMETRIC ASSOCIATION,AOA-PAC,Congressman Aaron Bean,2025-03-21,1500.00
AMERICAN OPTOMETRIC ASSOCIATION,AOA-PAC,Senator Ashley Moody,2025-03-21,2500.00
AMERICAN OPTOMETRIC ASSOCIATION,AOA-PAC,Congressman David Valadao,2025-03-26,2500.00
AMERICAN OPTOMETRIC ASSOCIATION,AOA-PAC,Congressman Jonathan Jackson,2025-03-26,2000.00
AMERICAN OPTOMETRIC ASSOCIATION,AOA-PAC,Congressman Cliff Bentz,2025-03-26,3000.00
AMERICAN OPTOMETRIC ASSOCIATION,AOA-PAC,Senator Ashley Moody,2025-03-26,1000.00
AMERICAN OPTOMETRIC ASSOCIATION,AOA-PAC,Congressman Cliff Bentz,2025-03-26,2000.00
AMERICAN OPTOMETRIC ASSOCIATION,AOA-PAC,Senator Tim Sheehy,2025-03-26,2000.00
AMERICAN OPTOMETRIC ASSOCIATION,AOA-PAC,Congresswoman Sheila Cherfilus-McCormick,2025-04-01,2500.00
AMERICAN OPTOMETRIC ASSOCIATION,AOA-PAC,Congresswoman Diana Harshbarger,2025-04-29,1000.00
AMERICAN OPTOMETRIC ASSOCIATION,AOA-PAC,Congressman Jack Bergman,2025-04-30,2500.00
AMERICAN OPTOMETRIC ASSOCIATION,AOA-PAC,Senator Ben Lujan,2025-05-05,2000.00
AMERICAN OPTOMETRIC ASSOCIATION,AOA-PAC,Congresswoman Elizabeth Fletcher,2025-05-06,1500.00
AMERICAN OPTOMETRIC ASSOCIATION,AOA-PAC,Congressman Eric Sorensen,2025-05-08,2500.00
AMERICAN OPTOMETRIC ASSOCIATION,AOA-PAC,Congresswoman Yvette Clarke,2025-05-12,2500.00
AMERICAN OPTOMETRIC ASSOCIATION,AOA-PAC,Congressman Stephen Womack,2025-05-12,2500.00
AMERICAN OPTOMETRIC ASSOCIATION,AOA-PAC,Congressman David Kustoff,2025-05-12,2000.00
AMERICAN OPTOMETRIC ASSOCIATION,AOA-PAC,Senator Bill Hagerty,2025-05-12,5000.00
AMERICAN OPTOMETRIC ASSOCIATION,AOA-PAC,Congressman Patrick Fallon,2025-05-12,2500.00
AMERICAN OPTOMETRIC ASSOCIATION,AOA-PAC,Congressman Brian Jack,2025-05-12,2000.00
AMERICAN OPTOMETRIC ASSOCIATION,AOA-PAC,Congresswoman Diana Harshbarger,2025-05-12,5000.00
AMERICAN OPTOMETRIC ASSOCIATION,AOA-PAC,Congressman Suhas Subramanyam,2025-05-13,2000.00
AMERICAN OPTOMETRIC ASSOCIATION,AOA-PAC,Congresswoman Adrian Smith,2025-05-16,2000.00
AMERICAN OPTOMETRIC ASSOCIATION,AOA-PAC,Congressman Buddy Carter,2025-05-19,5000.00
AMERICAN OPTOMETRIC ASSOCIATION,AOA-PAC,Congressman Buddy Carter,2025-05-19,5000.00
AMERICAN OPTOMETRIC ASSOCIATION,AOA-PAC,Congressman Jared Moskowitz,2025-05-19,2000.00
AMERICAN OPTOMETRIC ASSOCIATION,AOA-PAC,Congressman Blake Moore,2025-05-19,2000.00
AMERICAN OPTOMETRIC ASSOCIATION,AOA-PAC,Congresswoman Julie Fedorchak,2025-05-19,2500.00
AMERICAN OPTOMETRIC ASSOCIATION,AOA-PAC,Congressman Gabe Evans,2025-05-19,2000.00
AMERICAN OPTOMETRIC ASSOCIATION,AOA-PAC,Congressman Buddy Carter,2025-05-19,5000.00
AMERICAN OPTOMETRIC ASSOCIATION,AOA-PAC,Congressman Michael Rulli,2025-05-21,2000.00
AMERICAN OPTOMETRIC ASSOCIATION,AOA-PAC,Congressman Dan Crenshaw,2025-06-02,2500.00
AMERICAN OPTOMETRIC ASSOCIATION,AOA-PAC,Congressman Bob Crenshaw,2025-06-03,5000.00
AMERICAN OPTOMETRIC ASSOCIATION,AOA-PAC,Congressman Bob Latta,2025-06-03,5000.00
AMERICAN OPTOMETRIC ASSOCIATION,AOA-PAC,Congressman Scott Fitzgerald,2025-06-03,2500.00
AMERICAN OPTOMETRIC ASSOCIATION,AOA-PAC,Congressman Greg Steube,2025-06-03,1000.00
AMERICAN OPTOMETRIC ASSOCIATION,AOA-PAC,Congressman Jason Smith,2025-06-10,2500.00
AMERICAN OPTOMETRIC ASSOCIATION,AOA-PAC,Congressman Kevin Hern,2025-06-10,2000.00
AMERICAN OPTOMETRIC ASSOCIATION,AOA-PAC,Senator Roger Marshall,2025-06-10,2000.00
AMERICAN OPTOMETRIC ASSOCIATION,AOA-PAC,Congressman John Ellzey,2025-06-10,2500.00
AMERICAN OPTOMETRIC ASSOCIATION,AOA-PAC,Congressman John Ellzey,2025-06-10,1500.00
AMERICAN OPTOMETRIC ASSOCIATION,AOA-PAC,Congresswoman Kathryn Cammack,2025-06-10,2000.00
AMERICAN OPTOMETRIC ASSOCIATION,AOA-PAC,Congresswoman Kathryn Cammack,2025-06-10,3000.00
AMERICAN OPTOMETRIC ASSOCIATION,AOA-PAC,Congressman Vincent Fong,2025-06-10,2500.00
AMERICAN OPTOMETRIC ASSOCIATION,AOA-PAC,Congressman Blake Moore,2025-06-10,1000.00
AMERICAN OPTOMETRIC ASSOCIATION,AOA-PAC,Congressman Blake Moore,2025-06-10,4000.00
AMERICAN OPTOMETRIC ASSOCIATION,AOA-PAC,Senator Tammy Baldwin,2025-06-10,5000.00
AMERICAN OPTOMETRIC ASSOCIATION,AOA-PAC,DSCC,2025-06-10,15000.00
AMERICAN OPTOMETRIC ASSOCIATION,AOA-PAC,Congressman Frank Pallone,2025-06-18,2000.00
AMERICAN OPTOMETRIC ASSOCIATION,AOA-PAC,Congressman Richard Hudson,2025-06-18,2000.00
AMERICAN OPTOMETRIC ASSOCIATION,AOA-PAC,Congressman Michael Baumgartner,2025-06-18,2500.00
AMERICAN OPTOMETRIC ASSOCIATION,AOA-PAC,Congressman Tom Kean,2025-06-18,2000.00
AMERICAN OPTOMETRIC ASSOCIATION,AOA-PAC,Senator Kevin Cramer,2025-06-18,5000.00
AMERICAN OPTOMETRIC ASSOCIATION,AOA-PAC,Republican National Committee,2025-06-18,15000.00
AMERICAN OPTOMETRIC ASSOCIATION,AOA-PAC,Congressman Tom Barrett,2025-06-23,2500.00
AMERICAN OPTOMETRIC ASSOCIATION,AOA-PAC,Congressman Ben Cline,2025-06-23,2500.00
AMERICAN OPTOMETRIC ASSOCIATION,AOA-PAC,Congressman Jeff Crank,2025-06-24,1500.00
AMERICAN OPTOMETRIC ASSOCIATION,AOA-PAC,Congressman Morgan Griffith,2025-06-30,2500.00
AMERICAN OPTOMETRIC ASSOCIATION,AOA-PAC,Congresswoman Dina Titus,2025-06-30,2000.00
AMERICAN OPTOMETRIC ASSOCIATION,AOA-PAC,Congressman Robert Menendez,2025-02-24,2000.00
AMERICAN OPTOMETRIC ASSOCIATION,AOA-PAC,Congressman Greg Landsman,2025-02-24,1500.00
AMERICAN OPTOMETRIC ASSOCIATION,AOA-PAC,Congressman Kevin Mullin,2025-02-24,2000.00
AMERICAN OPTOMETRIC ASSOCIATION,AOA-PAC,Congressman Rudy Yakym,2025-02-24,2000.00
AMERICAN OPTOMETRIC ASSOCIATION,AOA-PAC,Congressman Nick Langworthy,2025-02-24,2000.00
AMERICAN OPTOMETRIC ASSOCIATION,AOA-PAC,Congressman John Joyce,2025-04-01,5000.00
AMERICAN OPTOMETRIC ASSOCIATION,AOA-PAC,Congresswoman Diana Harshbarger,2025-04-04,2000.00
AMERICAN OPTOMETRIC ASSOCIATION,AOA-PAC,Congressman Derrick Van Orden,2025-04-04,2500.00
AMERICAN OPTOMETRIC ASSOCIATION,AOA-PAC,Congressman Brian Fitzpatrick,2025-04-10,2000.00
AMERICAN OPTOMETRIC ASSOCIATION,AOA-PAC,Congressman Tim Moore,2025-04-16,2000.00
AMERICAN OPTOMETRIC ASSOCIATION,AOA-PAC,Congressman Brett Guthrie,2025-04-22,2500.00
AMERICAN OPTOMETRIC ASSOCIATION,AOA-PAC,Congressman Jack Bergman,2025-04-29,2500.00
AMERICAN OPTOMETRIC ASSOCIATION,AOA-PAC,Congressman Darren Soto,2025-04-29,2500.00
AMERICAN OPTOMETRIC ASSOCIATION,AOA-PAC,Congresswoman Diana Harshbarger,2025-04-29,500.00
AMERICAN OPTOMETRIC ASSOCIATION,AOA-PAC,Congressman Donald Norcross,2025-02-13,2000.00
AMERICAN OPTOMETRIC ASSOCIATION,AOA-PAC,Congressman Steve Scalise,2025-02-18,3000.00
AMERICAN OPTOMETRIC ASSOCIATION,AOA-PAC,Congressman Christopher Smith,2025-02-18,1500.00
AMERICAN OPTOMETRIC ASSOCIATION,AOA-PAC,Congresswoman Nikema Williams,2025-02-18,1500.00
AMERICAN OPTOMETRIC ASSOCIATION,AOA-PAC,Congressman Derek Schmidt,2025-02-18,2500.00
AMERICAN OPTOMETRIC ASSOCIATION,AOA-PAC,Congressman Mike Kelly,2025-02-24,2000.00
AMERICAN OPTOMETRIC ASSOCIATION,AOA-PAC,Congressman Brendan Boyle,2025-02-24,2000.00
AMERICAN OPTOMETRIC ASSOCIATION,AOA-PAC,Congressman Rick Allen,2025-02-24,2000.00
AMERICAN OPTOMETRIC ASSOCIATION,AOA-PAC,Congressman Neal Dunn,2025-02-24,2000.00
AMERICAN OPTOMETRIC ASSOCIATION,AOA-PAC,Congressman Kevin Hern,2025-02-24,2000.00
AMERICAN OPTOMETRIC ASSOCIATION,AOA-PAC,Congresswoman Diana Harshbarger,2025-02-24,2000.00
AMERICAN OPTOMETRIC ASSOCIATION,AOA-PAC,Congressman Greg Steube,2025-02-24,2000.00
AMERICAN OPTOMETRIC ASSOCIATION,AOA-PAC,Congressman Troy Carter,2025-02-24,2000.00
AMERICAN OPTOMETRIC ASSOCIATION,AOA-PAC,Congresswoman Mariannette Miller-Meeks,2025-02-24,2000.00
AMERICAN OPTOMETRIC ASSOCIATION,AOA-PAC,Congresswoman Kathryn Cammack,2025-02-24,2000.00
AMERICAN OPTOMETRIC ASSOCIATION,AOA-PAC,Congressman Gregory Murphy,2025-02-24,2000.00
AMERICAN OPTOMETRIC ASSOCIATION,AOA-PAC,Congressman Scott Fitzgerald,2025-01-14,1000.00
AMERICAN OPTOMETRIC ASSOCIATION,AOA-PAC,Congresswoman Yvette Clarke,2025-01-23,5000.00
AMERICAN OPTOMETRIC ASSOCIATION,AOA-PAC,Congresswoman Marie Gluesenkamp Perez,2025-02-04,1000.00
AMERICAN OPTOMETRIC ASSOCIATION,AOA-PAC,Senator Shelley Capito,2025-02-04,2500.00
AMERICAN OPTOMETRIC ASSOCIATION,AOA-PAC,Congressman Morgan Griffith,2025-02-10,1500.00
AMERICAN OPTOMETRIC ASSOCIATION,AOA-PAC,NRSC,2025-02-10,15000.00
AMERICAN OPTOMETRIC ASSOCIATION,AOA-PAC,DCCC,2025-02-10,15000.00
AMERICAN OPTOMETRIC ASSOCIATION,AOA-PAC,Senator John Thune,2025-02-10,2500.00
AMERICAN OPTOMETRIC ASSOCIATION,AOA-PAC,Congressman Cliff Bentz,2025-02-24,2000.00
AMERICAN OPTOMETRIC ASSOCIATION,AOA-PAC,Congressman Craig Goldman,2025-02-24,2000.00
AMERICAN OPTOMETRIC ASSOCIATION,AOA-PAC,Congressman Blake Moore,2025-02-24,2000.00
AMERICAN OPTOMETRIC ASSOCIATION,AOA-PAC,Congresswoman Julie Fedorchak,2025-02-24,2000.00
AMERICAN OPTOMETRIC ASSOCIATION,AOA-PAC,Congressman Max Miller,2025-02-24,2000.00
AMERICAN OPTOMETRIC ASSOCIATION,AOA-PAC,Congresswoman Erin Houchin,2025-02-24,2000.00
AMERICAN OPTOMETRIC ASSOCIATION,AOA-PAC,Delegate Stacey Plaskett,2025-02-24,2000.00
AMERICAN OPTOMETRIC ASSOCIATION,AOA-PAC,Congressman Jake Auchincloss,2025-02-24,2000.00
AMERICAN OPTOMETRIC ASSOCIATION,AOA-PAC,Congressman Gabe Evans,2025-02-24,2000.00
AMERICAN OPTOMETRIC ASSOCIATION,AOA-PAC,Congressman Michael Rulli,2025-02-24,2000.00
AMERICAN OPTOMETRIC ASSOCIATION,AOA-PAC,Congressman Tom Kean,2025-02-24,2000.00
AMERICAN OPTOMETRIC ASSOCIATION,AOA-PAC,Congressman Richard Hudson,2025-02-25,2500.00
AMERICAN OPTOMETRIC ASSOCIATION,AOA-PAC,Congressman John Joyce,2025-03-03,2500.00
AMERICAN OPTOMETRIC ASSOCIATION,AOA-PAC,Congresswoman Jen Kiggans,2025-03-03,2500.00
AMERICAN OPTOMETRIC ASSOCIATION,AOA-PAC,Congressman Dustin Johnson,2025-03-05,2000.00
AMERICAN OPTOMETRIC ASSOCIATION,AOA-PAC,Congressman Bill Foster,2025-03-10,2500.00
AMERICAN OPTOMETRIC ASSOCIATION,AOA-PAC,Congressman Michael Quigley,2025-03-10,2500.00
AMERICAN OPTOMETRIC ASSOCIATION,AOA-PAC,Congressman Mike Bost,2025-03-10,1500.00
AMERICAN OPTOMETRIC ASSOCIATION,AOA-PAC,Congressman Guy Reschenthaler,2025-03-10,2500.00
AMERICAN OPTOMETRIC ASSOCIATION,AOA-PAC,Congresswoman Haley Stevens,2025-03-10,2500.00
AMERICAN OPTOMETRIC ASSOCIATION,AOA-PAC,Congresswoman Delia Ramirez,2025-03-10,2500.00
AMERICAN OPTOMETRIC ASSOCIATION,AOA-PAC,Senator Peter Welch,2025-03-10,2000.00
AMERICAN OPTOMETRIC ASSOCIATION,AOA-PAC,Congressman S. Raja Krishnamoorthi,2025-03-11,2500.00
AMERICAN OPTOMETRIC ASSOCIATION,AOA-PAC,Congressman Mike Rogers,2025-03-13,1500.00
AMERICAN OPTOMETRIC ASSOCIATION,AOA-PAC,Congressman Roger Marshall,2025-03-13,2000.00
AMERICAN OPTOMETRIC ASSOCIATION,AOA-PAC,Congressman Henry Cuellar,2025-03-20,2000.00
AMERICAN OPTOMETRIC ASSOCIATION,AOA-PAC,Congresswoman Susie Lee,2025-03-20,2000.00
AMERICAN OPTOMETRIC ASSOCIATION,AOA-PAC,Congresswoman Madelaine Dean,2025-03-20,4000.00
AMERICAN OPTOMETRIC ASSOCIATION,AOA-PAC,Congresswoman Jahana Hayes,2025-03-20,2000.00
AMERICAN OPTOMETRIC ASSOCIATION,AOA-PAC,Congressman Steven Horsford,2025-03-20,2000.00
AMERICAN OPTOMETRIC ASSOCIATION,AOA-PAC,Congressman Chris Pappas,2025-03-20,5000.00
AMERICAN OPTOMETRIC ASSOCIATION,AOA-PAC,Congressman Chris Pappas,2025-03-20,5000.00
AMERICAN OPTOMETRIC ASSOCIATION,AOA-PAC,Congressman Frank Mrvan,2025-03-20,2000.00
AMERICAN OPTOMETRIC ASSOCIATION,AOA-PAC,Congressman Robert Menendez,2025-03-20,2000.00
AMERICAN OPTOMETRIC ASSOCIATION,AOA-PAC,Congressman Gabe Vasquez,2025-03-20,2000.00
AMERICAN OPTOMETRIC ASSOCIATION,AOA-PAC,Congressman Greg Landsman,2025-03-20,2000.00
AMERICAN OPTOMETRIC ASSOCIATION,AOA-PAC,Congresswoman Emilia Sykes,2025-03-20,2000.00
AMERICAN OPTOMETRIC ASSOCIATION,AOA-PAC,Congressman Don Davis,2025-03-20,2000.00
AMERICAN OPTOMETRIC ASSOCIATION,AOA-PAC,Congressman Kevin Mullin,2025-03-20,2000.00
AMERICAN OPTOMETRIC ASSOCIATION,AOA-PAC,Congresswoman Nelida Pou,2025-03-20,2000.00
AMERICAN OPTOMETRIC ASSOCIATION,AOA-PAC,Congresswoman Jennifer McClellan,2025-03-20,2000.00
AMERICAN OPTOMETRIC ASSOCIATION,AOA-PAC,Congressman Joshua Riley,2025-03-20,2000.00
AMERICAN OPTOMETRIC ASSOCIATION,AOA-PAC,Congressman John Mannion,2025-03-20,2000.00
AMERICAN OPTOMETRIC ASSOCIATION,AOA-PAC,Congresswoman Janelle Bynum,2025-03-20,2000.00
AMERICAN OPTOMETRIC ASSOCIATION,AOA-PAC,Congressman Adam Gray,2025-03-20,2000.00
AMERICAN OPTOMETRIC ASSOCIATION,AOA-PAC,Congressman George Whitesides,2025-03-20,2000.00
AMERICAN OPTOMETRIC ASSOCIATION,AOA-PAC,Congressman Derek Tran,2025-03-20,2000.00
AMERICAN OPTOMETRIC ASSOCIATION,AOA-PAC,Congresswoman Kristen McDonald Rivet,2025-03-20,2000.00
AMERICAN OPTOMETRIC ASSOCIATION,AOA-PAC,Senator John Hickenlooper,2025-03-20,2500.00
AMERICAN OPTOMETRIC ASSOCIATION,AOA-PAC,Senator Jim Banks,2025-03-20,5000.00
AMERICAN OPTOMETRIC ASSOCIATION,AOA-PAC,Congressman Aaron Bean,2025-03-21,1500.00
AMERICAN OPTOMETRIC ASSOCIATION,AOA-PAC,Senator Ashley Moody,2025-03-21,2500.00
AMERICAN OPTOMETRIC ASSOCIATION,AOA-PAC,Congressman David Valadao,2025-03-26,2500.00
AMERICAN OPTOMETRIC ASSOCIATION,AOA-PAC,Congressman Jonathan Jackson,2025-03-26,2000.00
AMERICAN OPTOMETRIC ASSOCIATION,AOA-PAC,Congressman Cliff Bentz,2025-03-26,3000.00
AMERICAN OPTOMETRIC ASSOCIATION,AOA-PAC,Senator Ashley Moody,2025-03-26,1000.00
AMERICAN OPTOMETRIC ASSOCIATION,AOA-PAC,Congressman Cliff Bentz,2025-03-26,2000.00
AMERICAN OPTOMETRIC ASSOCIATION,AOA-PAC,Senator Tim Sheehy,2025-03-26,2000.00
AMERICAN OPTOMETRIC ASSOCIATION,AOA-PAC,Congresswoman Sheila Cherfilus-McCormick,2025-04-01,2500.00
AMERICAN OPTOMETRIC ASSOCIATION,AOA-PAC,Congresswoman Diana Harshbarger,2025-04-29,1000.00
AMERICAN OPTOMETRIC ASSOCIATION,AOA-PAC,Congressman Jack Bergman,2025-04-30,2500.00
AMERICAN OPTOMETRIC ASSOCIATION,AOA-PAC,Senator Ben Lujan,2025-05-05,2000.00
AMERICAN OPTOMETRIC ASSOCIATION,AOA-PAC,Congresswoman Elizabeth Fletcher,2025-05-06,1500.00
AMERICAN OPTOMETRIC ASSOCIATION,AOA-PAC,Congressman Eric Sorensen,2025-05-08,2500.00
AMERICAN OPTOMETRIC ASSOCIATION,AOA-PAC,Congresswoman Yvette Clarke,2025-05-12,2500.00
AMERICAN OPTOMETRIC ASSOCIATION,AOA-PAC,Congressman Stephen Womack,2025-05-12,2500.00
AMERICAN OPTOMETRIC ASSOCIATION,AOA-PAC,Congressman David Kustoff,2025-05-12,2000.00
AMERICAN OPTOMETRIC ASSOCIATION,AOA-PAC,Senator Bill Hagerty,2025-05-12,5000.00
AMERICAN OPTOMETRIC ASSOCIATION,AOA-PAC,Congressman Patrick Fallon,2025-05-12,2500.00
AMERICAN OPTOMETRIC ASSOCIATION,AOA-PAC,Congressman Brian Jack,2025-05-12,2000.00
AMERICAN OPTOMETRIC ASSOCIATION,AOA-PAC,Congresswoman Diana Harshbarger,2025-05-12,5000.00
AMERICAN OPTOMETRIC ASSOCIATION,AOA-PAC,Congressman Suhas Subramanyam,2025-05-13,2000.00
AMERICAN OPTOMETRIC ASSOCIATION,AOA-PAC,Congresswoman Adrian Smith,2025-05-16,2000.00
AMERICAN OPTOMETRIC ASSOCIATION,AOA-PAC,Congressman Buddy Carter,2025-05-19,5000.00
AMERICAN OPTOMETRIC ASSOCIATION,AOA-PAC,Congressman Buddy Carter,2025-05-19,5000.00
AMERICAN OPTOMETRIC ASSOCIATION,AOA-PAC,Congressman Jared Moskowitz,2025-05-19,2000.00
AMERICAN OPTOMETRIC ASSOCIATION,AOA-PAC,Congressman Blake Moore,2025-05-19,2000.00
AMERICAN OPTOMETRIC ASSOCIATION,AOA-PAC,Congresswoman Julie Fedorchak,2025-05-19,2500.00
AMERICAN OPTOMETRIC ASSOCIATION,AOA-PAC,Congressman Gabe Evans,2025-05-19,2000.00
AMERICAN OPTOMETRIC ASSOCIATION,AOA-PAC,Congressman Buddy Carter,2025-05-19,5000.00
AMERICAN OPTOMETRIC ASSOCIATION,AOA-PAC,Congressman Michael Rulli,2025-05-21,2000.00
AMERICAN OPTOMETRIC ASSOCIATION,AOA-PAC,Congressman Dan Crenshaw,2025-06-02,2500.00
AMERICAN OPTOMETRIC ASSOCIATION,AOA-PAC,Congressman Bob Crenshaw,2025-06-03,5000.00
AMERICAN OPTOMETRIC ASSOCIATION,AOA-PAC,Congressman Bob Latta,2025-06-03,5000.00
AMERICAN OPTOMETRIC ASSOCIATION,AOA-PAC,Congressman Scott Fitzgerald,2025-06-03,2500.00
AMERICAN OPTOMETRIC ASSOCIATION,AOA-PAC,Congressman Greg Steube,2025-06-03,1000.00
AMERICAN OPTOMETRIC ASSOCIATION,AOA-PAC,Congressman Jason Smith,2025-06-10,2500.00
AMERICAN OPTOMETRIC ASSOCIATION,AOA-PAC,Congressman Kevin Hern,2025-06-10,2000.00
AMERICAN OPTOMETRIC ASSOCIATION,AOA-PAC,Senator Roger Marshall,2025-06-10,2000.00
AMERICAN OPTOMETRIC ASSOCIATION,AOA-PAC,Congressman John Ellzey,2025-06-10,2500.00
AMERICAN OPTOMETRIC ASSOCIATION,AOA-PAC,Congressman John Ellzey,2025-06-10,1500.00
AMERICAN OPTOMETRIC ASSOCIATION,AOA-PAC,Congresswoman Kathryn Cammack,2025-06-10,2000.00
AMERICAN OPTOMETRIC ASSOCIATION,AOA-PAC,Congresswoman Kathryn Cammack,2025-06-10,3000.00
AMERICAN OPTOMETRIC ASSOCIATION,AOA-PAC,Congressman Vincent Fong,2025-06-10,2500.00
AMERICAN OPTOMETRIC ASSOCIATION,AOA-PAC,Congressman Blake Moore,2025-06-10,1000.00
AMERICAN OPTOMETRIC ASSOCIATION,AOA-PAC,Congressman Blake Moore,2025-06-10,4000.00
AMERICAN OPTOMETRIC ASSOCIATION,AOA-PAC,Senator Tammy Baldwin,2025-06-10,5000.00
AMERICAN OPTOMETRIC ASSOCIATION,AOA-PAC,DSCC,2025-06-10,15000.00
AMERICAN OPTOMETRIC ASSOCIATION,AOA-PAC,Congressman Frank Pallone,2025-06-18,2000.00
AMERICAN OPTOMETRIC ASSOCIATION,AOA-PAC,Congressman Richard Hudson,2025-06-18,2000.00
AMERICAN OPTOMETRIC ASSOCIATION,AOA-PAC,Congressman Michael Baumgartner,2025-06-18,2500.00
AMERICAN OPTOMETRIC ASSOCIATION,AOA-PAC,Congressman Tom Kean,2025-06-18,2000.00
AMERICAN OPTOMETRIC ASSOCIATION,AOA-PAC,Senator Kevin Cramer,2025-06-18,5000.00
AMERICAN OPTOMETRIC ASSOCIATION,AOA-PAC,Republican National Committee,2025-06-18,15000.00
AMERICAN OPTOMETRIC ASSOCIATION,AOA-PAC,Congressman Tom Barrett,2025-06-23,2500.00
AMERICAN OPTOMETRIC ASSOCIATION,AOA-PAC,Congressman Ben Cline,2025-06-23,2500.00
AMERICAN OPTOMETRIC ASSOCIATION,AOA-PAC,Congressman Jeff Crank,2025-06-24,1500.00
AMERICAN OPTOMETRIC ASSOCIATION,AOA-PAC,Congressman Morgan Griffith,2025-06-30,2500.00
AMERICAN OPTOMETRIC ASSOCIATION,AOA-PAC,Congresswoman Dina Titus,2025-06-30,2000.00
AMERICAN OPTOMETRIC ASSOCIATION,AOA-PAC,Congressman Robert Menendez,2025-02-24,2000.00
AMERICAN OPTOMETRIC ASSOCIATION,AOA-PAC,Congressman Greg Landsman,2025-02-24,1500.00
AMERICAN OPTOMETRIC ASSOCIATION,AOA-PAC,Congressman Kevin Mullin,2025-02-24,2000.00
AMERICAN OPTOMETRIC ASSOCIATION,AOA-PAC,Congressman Rudy Yakym,2025-02-24,2000.00
AMERICAN OPTOMETRIC ASSOCIATION,AOA-PAC,Congressman Nick Langworthy,2025-02-24,2000.00
AMERICAN OPTOMETRIC ASSOCIATION,AOA-PAC,Congressman John Joyce,2025-04-01,5000.00
AMERICAN OPTOMETRIC ASSOCIATION,AOA-PAC,Congresswoman Diana Harshbarger,2025-04-04,2000.00
AMERICAN OPTOMETRIC ASSOCIATION,AOA-PAC,Congressman Derrick Van Orden,2025-04-04,2500.00
AMERICAN OPTOMETRIC ASSOCIATION,AOA-PAC,Congressman Brian Fitzpatrick,2025-04-10,2000.00
AMERICAN OPTOMETRIC ASSOCIATION,AOA-PAC,Congressman Tim Moore,2025-04-16,2000.00
AMERICAN OPTOMETRIC ASSOCIATION,AOA-PAC,Congressman Brett Guthrie,2025-04-22,2500.00
AMERICAN OPTOMETRIC ASSOCIATION,AOA-PAC,Congressman Jack Bergman,2025-04-29,2500.00
AMERICAN OPTOMETRIC ASSOCIATION,AOA-PAC,Congressman Darren Soto,2025-04-29,2500.00
AMERICAN OPTOMETRIC ASSOCIATION,AOA-PAC,Congresswoman Diana Harshbarger,2025-04-29,500.00
AMERICAN OPTOMETRIC ASSOCIATION,AOA-PAC,Congressman Donald Norcross,2025-02-13,2000.00
AMERICAN OPTOMETRIC ASSOCIATION,AOA-PAC,Congressman Steve Scalise,2025-02-18,3000.00
AMERICAN OPTOMETRIC ASSOCIATION,AOA-PAC,Congressman Christopher Smith,2025-02-18,1500.00
AMERICAN OPTOMETRIC ASSOCIATION,AOA-PAC,Congresswoman Nikema Williams,2025-02-18,1500.00
AMERICAN OPTOMETRIC ASSOCIATION,AOA-PAC,Congressman Derek Schmidt,2025-02-18,2500.00
AMERICAN OPTOMETRIC ASSOCIATION,AOA-PAC,Congressman Mike Kelly,2025-02-24,2000.00
AMERICAN OPTOMETRIC ASSOCIATION,AOA-PAC,Congressman Brendan Boyle,2025-02-24,2000.00
AMERICAN OPTOMETRIC ASSOCIATION,AOA-PAC,Congressman Rick Allen,2025-02-24,2000.00
AMERICAN OPTOMETRIC ASSOCIATION,AOA-PAC,Congressman Neal Dunn,2025-02-24,2000.00
AMERICAN OPTOMETRIC ASSOCIATION,AOA-PAC,Congressman Kevin Hern,2025-02-24,2000.00
AMERICAN OPTOMETRIC ASSOCIATION,AOA-PAC,Congresswoman Diana Harshbarger,2025-02-24,2000.00
AMERICAN OPTOMETRIC ASSOCIATION,AOA-PAC,Congressman Greg Steube,2025-02-24,2000.00
AMERICAN OPTOMETRIC ASSOCIATION,AOA-PAC,Congressman Troy Carter,2025-02-24,2000.00
AMERICAN OPTOMETRIC ASSOCIATION,AOA-PAC,Congresswoman Mariannette Miller-Meeks,2025-02-24,2000.00
AMERICAN OPTOMETRIC ASSOCIATION,AOA-PAC,Congresswoman Kathryn Cammack,2025-02-24,2000.00
AMERICAN OPTOMETRIC ASSOCIATION,AOA-PAC,Congressman Gregory Murphy,2025-02-24,2000.00
AMERICAN OPTOMETRIC ASSOCIATION,AOA-PAC,Congressman Scott Fitzgerald,2025-01-14,1000.00
AMERICAN OPTOMETRIC ASSOCIATION,AOA-PAC,Congresswoman Yvette Clarke,2025-01-23,5000.00
AMERICAN OPTOMETRIC ASSOCIATION,AOA-PAC,Congresswoman Marie Gluesenkamp Perez,2025-02-04,1000.00
AMERICAN OPTOMETRIC ASSOCIATION,AOA-PAC,Senator Shelley Capito,2025-02-04,2500.00
AMERICAN OPTOMETRIC ASSOCIATION,AOA-PAC,Congressman Morgan Griffith,2025-02-10,1500.00
AMERICAN OPTOMETRIC ASSOCIATION,AOA-PAC,NRSC,2025-02-10,15000.00
AMERICAN OPTOMETRIC ASSOCIATION,AOA-PAC,DCCC,2025-02-10,15000.00
AMERICAN OPTOMETRIC ASSOCIATION,AOA-PAC,Senator John Thune,2025-02-10,2500.00
AMERICAN OPTOMETRIC ASSOCIATION,AOA-PAC,Congressman Cliff Bentz,2025-02-24,2000.00
AMERICAN OPTOMETRIC ASSOCIATION,AOA-PAC,Congressman Craig Goldman,2025-02-24,2000.00
AMERICAN OPTOMETRIC ASSOCIATION,AOA-PAC,Congressman Blake Moore,2025-02-24,2000.00
AMERICAN OPTOMETRIC ASSOCIATION,AOA-PAC,Congresswoman Julie Fedorchak,2025-02-24,2000.00
AMERICAN OPTOMETRIC ASSOCIATION,AOA-PAC,Congressman Max Miller,2025-02-24,2000.00
AMERICAN OPTOMETRIC ASSOCIATION,AOA-PAC,Congresswoman Erin Houchin,2025-02-24,2000.00
AMERICAN OPTOMETRIC ASSOCIATION,AOA-PAC,Delegate Stacey Plaskett,2025-02-24,2000.00
AMERICAN OPTOMETRIC ASSOCIATION,AOA-PAC,Congressman Jake Auchincloss,2025-02-24,2000.00
AMERICAN OPTOMETRIC ASSOCIATION,AOA-PAC,Congressman Gabe Evans,2025-02-24,2000.00
AMERICAN OPTOMETRIC ASSOCIATION,AOA-PAC,Congressman Michael Rulli,2025-02-24,2000.00
AMERICAN OPTOMETRIC ASSOCIATION,AOA-PAC,Congressman Tom Kean,2025-02-24,2000.00
AMERICAN OPTOMETRIC ASSOCIATION,AOA-PAC,Congressman Richard Hudson,2025-02-25,2500.00
AMERICAN OPTOMETRIC ASSOCIATION,AOA-PAC,Congressman John Joyce,2025-03-03,2500.00
AMERICAN OPTOMETRIC ASSOCIATION,AOA-PAC,Congresswoman Jen Kiggans,2025-03-03,2500.00
AMERICAN OPTOMETRIC ASSOCIATION,AOA-PAC,Congressman Dustin Johnson,2025-03-05,2000.00
AMERICAN OPTOMETRIC ASSOCIATION,AOA-PAC,Congressman Bill Foster,2025-03-10,2500.00
AMERICAN OPTOMETRIC ASSOCIATION,AOA-PAC,Congressman Michael Quigley,2025-03-10,2500.00
AMERICAN OPTOMETRIC ASSOCIATION,AOA-PAC,Congressman Mike Bost,2025-03-10,1500.00
AMERICAN OPTOMETRIC ASSOCIATION,AOA-PAC,Congressman Guy Reschenthaler,2025-03-10,2500.00
AMERICAN OPTOMETRIC ASSOCIATION,AOA-PAC,Congresswoman Haley Stevens,2025-03-10,2500.00
AMERICAN OPTOMETRIC ASSOCIATION,AOA-PAC,Congresswoman Delia Ramirez,2025-03-10,2500.00
AMERICAN OPTOMETRIC ASSOCIATION,AOA-PAC,Senator Peter Welch,2025-03-10,2000.00
AMERICAN OPTOMETRIC ASSOCIATION,AOA-PAC,Congressman S. Raja Krishnamoorthi,2025-03-11,2500.00
AMERICAN OPTOMETRIC ASSOCIATION,AOA-PAC,Congressman Mike Rogers,2025-03-13,1500.00
AMERICAN OPTOMETRIC ASSOCIATION,AOA-PAC,Congressman Roger Marshall,2025-03-13,2000.00
AMERICAN OPTOMETRIC ASSOCIATION,AOA-PAC,Congressman Henry Cuellar,2025-03-20,2000.00
AMERICAN OPTOMETRIC ASSOCIATION,AOA-PAC,Congresswoman Susie Lee,2025-03-20,2000.00
AMERICAN OPTOMETRIC ASSOCIATION,AOA-PAC,Congresswoman Madelaine Dean,2025-03-20,4000.00
AMERICAN OPTOMETRIC ASSOCIATION,AOA-PAC,Congresswoman Jahana Hayes,2025-03-20,2000.00
AMERICAN OPTOMETRIC ASSOCIATION,AOA-PAC,Congressman Steven Horsford,2025-03-20,2000.00
AMERICAN OPTOMETRIC ASSOCIATION,AOA-PAC,Congressman Chris Pappas,2025-03-20,5000.00
AMERICAN OPTOMETRIC ASSOCIATION,AOA-PAC,Congressman Chris Pappas,2025-03-20,5000.00
AMERICAN OPTOMETRIC ASSOCIATION,AOA-PAC,Congressman Frank Mrvan,2025-03-20,2000.00
AMERICAN OPTOMETRIC ASSOCIATION,AOA-PAC,Congressman Robert Menendez,2025-03-20,2000.00
AMERICAN OPTOMETRIC ASSOCIATION,AOA-PAC,Congressman Gabe Vasquez,2025-03-20,2000.00
AMERICAN OPTOMETRIC ASSOCIATION,AOA-PAC,Congressman Greg Landsman,2025-03-20,2000.00
AMERICAN OPTOMETRIC ASSOCIATION,AOA-PAC,Congresswoman Emilia Sykes,2025-03-20,2000.00
AMERICAN OPTOMETRIC ASSOCIATION,AOA-PAC,Congressman Don Davis,2025-03-20,2000.00
AMERICAN OPTOMETRIC ASSOCIATION,AOA-PAC,Congressman Kevin Mullin,2025-03-20,2000.00
AMERICAN OPTOMETRIC ASSOCIATION,AOA-PAC,Congresswoman Nelida Pou,2025-03-20,2000.00
AMERICAN OPTOMETRIC ASSOCIATION,AOA-PAC,Congresswoman Jennifer McClellan,2025-03-20,2000.00
AMERICAN OPTOMETRIC ASSOCIATION,AOA-PAC,Congressman Joshua Riley,2025-03-20,2000.00
AMERICAN OPTOMETRIC ASSOCIATION,AOA-PAC,Congressman John Mannion,2025-03-20,2000.00
AMERICAN OPTOMETRIC ASSOCIATION,AOA-PAC,Congresswoman Janelle Bynum,2025-03-20,2000.00
AMERICAN OPTOMETRIC ASSOCIATION,AOA-PAC,Congressman Adam Gray,2025-03-20,2000.00
AMERICAN OPTOMETRIC ASSOCIATION,AOA-PAC,Congressman George Whitesides,2025-03-20,2000.00
AMERICAN OPTOMETRIC ASSOCIATION,AOA-PAC,Congressman Derek Tran,2025-03-20,2000.00
AMERICAN OPTOMETRIC ASSOCIATION,AOA-PAC,Congresswoman Kristen McDonald Rivet,2025-03-20,2000.00
AMERICAN OPTOMETRIC ASSOCIATION,AOA-PAC,Senator John Hickenlooper,2025-03-20,2500.00
AMERICAN OPTOMETRIC ASSOCIATION,AOA-PAC,Senator Jim Banks,2025-03-20,5000.00
AMERICAN OPTOMETRIC ASSOCIATION,AOA-PAC,Congressman Aaron Bean,2025-03-21,1500.00
AMERICAN OPTOMETRIC ASSOCIATION,AOA-PAC,Senator Ashley Moody,2025-03-21,2500.00
AMERICAN OPTOMETRIC ASSOCIATION,AOA-PAC,Congressman David Valadao,2025-03-26,2500.00
AMERICAN OPTOMETRIC ASSOCIATION,AOA-PAC,Congressman Jonathan Jackson,2025-03-26,2000.00
AMERICAN OPTOMETRIC ASSOCIATION,AOA-PAC,Congressman Cliff Bentz,2025-03-26,3000.00
AMERICAN OPTOMETRIC ASSOCIATION,AOA-PAC,Senator Ashley Moody,2025-03-26,1000.00
AMERICAN OPTOMETRIC ASSOCIATION,AOA-PAC,Congressman Cliff Bentz,2025-03-26,2000.00
AMERICAN OPTOMETRIC ASSOCIATION,AOA-PAC,Senator Tim Sheehy,2025-03-26,2000.00
AMERICAN OPTOMETRIC ASSOCIATION,AOA-PAC,Congresswoman Sheila Cherfilus-McCormick,2025-04-01,2500.00
AMERICAN OPTOMETRIC ASSOCIATION,AOA-PAC,Congresswoman Diana Harshbarger,2025-04-29,1000.00
AMERICAN OPTOMETRIC ASSOCIATION,AOA-PAC,Congressman Jack Bergman,2025-04-30,2500.00
AMERICAN OPTOMETRIC ASSOCIATION,AOA-PAC,Senator Ben Lujan,2025-05-05,2000.00
AMERICAN OPTOMETRIC ASSOCIATION,AOA-PAC,Congresswoman Elizabeth Fletcher,2025-05-06,1500.00
AMERICAN OPTOMETRIC ASSOCIATION,AOA-PAC,Congressman Eric Sorensen,2025-05-08,2500.00
AMERICAN OPTOMETRIC ASSOCIATION,AOA-PAC,Congresswoman Yvette Clarke,2025-05-12,2500.00
AMERICAN OPTOMETRIC ASSOCIATION,AOA-PAC,Congressman Stephen Womack,2025-05-12,2500.00
AMERICAN OPTOMETRIC ASSOCIATION,AOA-PAC,Congressman David Kustoff,2025-05-12,2000.00
AMERICAN OPTOMETRIC ASSOCIATION,AOA-PAC,Senator Bill Hagerty,2025-05-12,5000.00
AMERICAN OPTOMETRIC ASSOCIATION,AOA-PAC,Congressman Patrick Fallon,2025-05-12,2500.00
AMERICAN OPTOMETRIC ASSOCIATION,AOA-PAC,Congressman Brian Jack,2025-05-12,2000.00
AMERICAN OPTOMETRIC ASSOCIATION,AOA-PAC,Congresswoman Diana Harshbarger,2025-05-12,5000.00
AMERICAN OPTOMETRIC ASSOCIATION,AOA-PAC,Congressman Suhas Subramanyam,2025-05-13,2000.00
AMERICAN OPTOMETRIC ASSOCIATION,AOA-PAC,Congresswoman Adrian Smith,2025-05-16,2000.00
AMERICAN OPTOMETRIC ASSOCIATION,AOA-PAC,Congressman Buddy Carter,2025-05-19,5000.00
AMERICAN OPTOMETRIC ASSOCIATION,AOA-PAC,Congressman Buddy Carter,2025-05-19,5000.00
AMERICAN OPTOMETRIC ASSOCIATION,AOA-PAC,Congressman Jared Moskowitz,2025-05-19,2000.00
AMERICAN OPTOMETRIC ASSOCIATION,AOA-PAC,Congressman Blake Moore,2025-05-19,2000.00
AMERICAN OPTOMETRIC ASSOCIATION,AOA-PAC,Congresswoman Julie Fedorchak,2025-05-19,2500.00
AMERICAN OPTOMETRIC ASSOCIATION,AOA-PAC,Congressman Gabe Evans,2025-05-19,2000.00
AMERICAN OPTOMETRIC ASSOCIATION,AOA-PAC,Congressman Buddy Carter,2025-05-19,5000.00
AMERICAN OPTOMETRIC ASSOCIATION,AOA-PAC,Congressman Michael Rulli,2025-05-21,2000.00
AMERICAN OPTOMETRIC ASSOCIATION,AOA-PAC,Congressman Dan Crenshaw,2025-06-02,2500.00
AMERICAN OPTOMETRIC ASSOCIATION,AOA-PAC,Congressman Bob Crenshaw,2025-06-03,5000.00
AMERICAN OPTOMETRIC ASSOCIATION,AOA-PAC,Congressman Bob Latta,2025-06-03,5000.00
AMERICAN OPTOMETRIC ASSOCIATION,AOA-PAC,Congressman Scott Fitzgerald,2025-06-03,2500.00
AMERICAN OPTOMETRIC ASSOCIATION,AOA-PAC,Congressman Greg Steube,2025-06-03,1000.00
AMERICAN OPTOMETRIC ASSOCIATION,AOA-PAC,Congressman Jason Smith,2025-06-10,2500.00
AMERICAN OPTOMETRIC ASSOCIATION,AOA-PAC,Congressman Kevin Hern,2025-06-10,2000.00
AMERICAN OPTOMETRIC ASSOCIATION,AOA-PAC,Senator Roger Marshall,2025-06-10,2000.00
AMERICAN OPTOMETRIC ASSOCIATION,AOA-PAC,Congressman John Ellzey,2025-06-10,2500.00
AMERICAN OPTOMETRIC ASSOCIATION,AOA-PAC,Congressman John Ellzey,2025-06-10,1500.00
AMERICAN OPTOMETRIC ASSOCIATION,AOA-PAC,Congresswoman Kathryn Cammack,2025-06-10,2000.00
AMERICAN OPTOMETRIC ASSOCIATION,AOA-PAC,Congresswoman Kathryn Cammack,2025-06-10,3000.00
AMERICAN OPTOMETRIC ASSOCIATION,AOA-PAC,Congressman Vincent Fong,2025-06-10,2500.00
AMERICAN OPTOMETRIC ASSOCIATION,AOA-PAC,Congressman Blake Moore,2025-06-10,1000.00
AMERICAN OPTOMETRIC ASSOCIATION,AOA-PAC,Congressman Blake Moore,2025-06-10,4000.00
AMERICAN OPTOMETRIC ASSOCIATION,AOA-PAC,Senator Tammy Baldwin,2025-06-10,5000.00
AMERICAN OPTOMETRIC ASSOCIATION,AOA-PAC,DSCC,2025-06-10,15000.00
AMERICAN OPTOMETRIC ASSOCIATION,AOA-PAC,Congressman Frank Pallone,2025-06-18,2000.00
AMERICAN OPTOMETRIC ASSOCIATION,AOA-PAC,Congressman Richard Hudson,2025-06-18,2000.00
AMERICAN OPTOMETRIC ASSOCIATION,AOA-PAC,Congressman Michael Baumgartner,2025-06-18,2500.00
AMERICAN OPTOMETRIC ASSOCIATION,AOA-PAC,Congressman Tom Kean,2025-06-18,2000.00
AMERICAN OPTOMETRIC ASSOCIATION,AOA-PAC,Senator Kevin Cramer,2025-06-18,5000.00
AMERICAN OPTOMETRIC ASSOCIATION,AOA-PAC,Republican National Committee,2025-06-18,15000.00
AMERICAN OPTOMETRIC ASSOCIATION,AOA-PAC,Congressman Tom Barrett,2025-06-23,2500.00
AMERICAN OPTOMETRIC ASSOCIATION,AOA-PAC,Congressman Ben Cline,2025-06-23,2500.00
AMERICAN OPTOMETRIC ASSOCIATION,AOA-PAC,Congressman Jeff Crank,2025-06-24,1500.00
AMERICAN OPTOMETRIC ASSOCIATION,AOA-PAC,Congressman Morgan Griffith,2025-06-30,2500.00
AMERICAN OPTOMETRIC ASSOCIATION,AOA-PAC,Congresswoman Dina Titus,2025-06-30,2000.00
AMERICAN OPTOMETRIC ASSOCIATION,AOA-PAC,Congressman Robert Menendez,2025-02-24,2000.00
AMERICAN OPTOMETRIC ASSOCIATION,AOA-PAC,Congressman Greg Landsman,2025-02-24,1500.00
AMERICAN OPTOMETRIC ASSOCIATION,AOA-PAC,Congressman Kevin Mullin,2025-02-24,2000.00
AMERICAN OPTOMETRIC ASSOCIATION,AOA-PAC,Congressman Rudy Yakym,2025-02-24,2000.00
AMERICAN OPTOMETRIC ASSOCIATION,AOA-PAC,Congressman Nick Langworthy,2025-02-24,2000.00
AMERICAN OPTOMETRIC ASSOCIATION,AOA-PAC,Congressman John Joyce,2025-04-01,5000.00
AMERICAN OPTOMETRIC ASSOCIATION,AOA-PAC,Congresswoman Diana Harshbarger,2025-04-04,2000.00
AMERICAN OPTOMETRIC ASSOCIATION,AOA-PAC,Congressman Derrick Van Orden,2025-04-04,2500.00
AMERICAN OPTOMETRIC ASSOCIATION,AOA-PAC,Congressman Brian Fitzpatrick,2025-04-10,2000.00
AMERICAN OPTOMETRIC ASSOCIATION,AOA-PAC,Congressman Tim Moore,2025-04-16,2000.00
AMERICAN OPTOMETRIC ASSOCIATION,AOA-PAC,Congressman Brett Guthrie,2025-04-22,2500.00
AMERICAN OPTOMETRIC ASSOCIATION,AOA-PAC,Congressman Jack Bergman,2025-04-29,2500.00
AMERICAN OPTOMETRIC ASSOCIATION,AOA-PAC,Congressman Darren Soto,2025-04-29,2500.00
AMERICAN OPTOMETRIC ASSOCIATION,AOA-PAC,Congresswoman Diana Harshbarger,2025-04-29,500.00
AMERICAN OPTOMETRIC ASSOCIATION,AOA-PAC,Congressman Donald Norcross,2025-02-13,2000.00
AMERICAN OPTOMETRIC ASSOCIATION,AOA-PAC,Congressman Steve Scalise,2025-02-18,3000.00
AMERICAN OPTOMETRIC ASSOCIATION,AOA-PAC,Congressman Christopher Smith,2025-02-18,1500.00
AMERICAN OPTOMETRIC ASSOCIATION,AOA-PAC,Congresswoman Nikema Williams,2025-02-18,1500.00
AMERICAN OPTOMETRIC ASSOCIATION,AOA-PAC,Congressman Derek Schmidt,2025-02-18,2500.00
AMERICAN OPTOMETRIC ASSOCIATION,AOA-PAC,Congressman Mike Kelly,2025-02-24,2000.00
AMERICAN OPTOMETRIC ASSOCIATION,AOA-PAC,Congressman Brendan Boyle,2025-02-24,2000.00
AMERICAN OPTOMETRIC ASSOCIATION,AOA-PAC,Congressman Rick Allen,2025-02-24,2000.00
AMERICAN OPTOMETRIC ASSOCIATION,AOA-PAC,Congressman Neal Dunn,2025-02-24,2000.00
AMERICAN OPTOMETRIC ASSOCIATION,AOA-PAC,Congressman Kevin Hern,2025-02-24,2000.00
AMERICAN OPTOMETRIC ASSOCIATION,AOA-PAC,Congresswoman Diana Harshbarger,2025-02-24,2000.00
AMERICAN OPTOMETRIC ASSOCIATION,AOA-PAC,Congressman Greg Steube,2025-02-24,2000.00
AMERICAN OPTOMETRIC ASSOCIATION,AOA-PAC,Congressman Troy Carter,2025-02-24,2000.00
AMERICAN OPTOMETRIC ASSOCIATION,AOA-PAC,Congresswoman Mariannette Miller-Meeks,2025-02-24,2000.00
AMERICAN OPTOMETRIC ASSOCIATION,AOA-PAC,Congresswoman Kathryn Cammack,2025-02-24,2000.00
AMERICAN OPTOMETRIC ASSOCIATION,AOA-PAC,Congressman Gregory Murphy,2025-02-24,2000.00
AMERICAN OPTOMETRIC ASSOCIATION,AOA-PAC,Congressman Scott Fitzgerald,2025-01-14,1000.00
AMERICAN OPTOMETRIC ASSOCIATION,AOA-PAC,Congresswoman Yvette Clarke,2025-01-23,5000.00
AMERICAN OPTOMETRIC ASSOCIATION,AOA-PAC,Congresswoman Marie Gluesenkamp Perez,2025-02-04,1000.00
AMERICAN OPTOMETRIC ASSOCIATION,AOA-PAC,Senator Shelley Capito,2025-02-04,2500.00
AMERICAN OPTOMETRIC ASSOCIATION,AOA-PAC,Congressman Morgan Griffith,2025-02-10,1500.00
AMERICAN OPTOMETRIC ASSOCIATION,AOA-PAC,NRSC,2025-02-10,15000.00
AMERICAN OPTOMETRIC ASSOCIATION,AOA-PAC,DCCC,2025-02-10,15000.00
AMERICAN OPTOMETRIC ASSOCIATION,AOA-PAC,Senator John Thune,2025-02-10,2500.00
AMERICAN OPTOMETRIC ASSOCIATION,AOA-PAC,Congressman Cliff Bentz,2025-02-24,2000.00
AMERICAN OPTOMETRIC ASSOCIATION,AOA-PAC,Congressman Craig Goldman,2025-02-24,2000.00
AMERICAN OPTOMETRIC ASSOCIATION,AOA-PAC,Congressman Blake Moore,2025-02-24,2000.00
AMERICAN OPTOMETRIC ASSOCIATION,AOA-PAC,Congresswoman Julie Fedorchak,2025-02-24,2000.00
AMERICAN OPTOMETRIC ASSOCIATION,AOA-PAC,Congressman Max Miller,2025-02-24,2000.00
AMERICAN OPTOMETRIC ASSOCIATION,AOA-PAC,Congresswoman Erin Houchin,2025-02-24,2000.00
AMERICAN OPTOMETRIC ASSOCIATION,AOA-PAC,Delegate Stacey Plaskett,2025-02-24,2000.00
AMERICAN OPTOMETRIC ASSOCIATION,AOA-PAC,Congressman Jake Auchincloss,2025-02-24,2000.00
AMERICAN OPTOMETRIC ASSOCIATION,AOA-PAC,Congressman Gabe Evans,2025-02-24,2000.00
AMERICAN OPTOMETRIC ASSOCIATION,AOA-PAC,Congressman Michael Rulli,2025-02-24,2000.00
AMERICAN OPTOMETRIC ASSOCIATION,AOA-PAC,Congressman Tom Kean,2025-02-24,2000.00
AMERICAN OPTOMETRIC ASSOCIATION,AOA-PAC,Congressman Richard Hudson,2025-02-25,2500.00
AMERICAN OPTOMETRIC ASSOCIATION,AOA-PAC,Congressman John Joyce,2025-03-03,2500.00
AMERICAN OPTOMETRIC ASSOCIATION,AOA-PAC,Congresswoman Jen Kiggans,2025-03-03,2500.00
AMERICAN OPTOMETRIC ASSOCIATION,AOA-PAC,Congressman Dustin Johnson,2025-03-05,2000.00
AMERICAN OPTOMETRIC ASSOCIATION,AOA-PAC,Congressman Bill Foster,2025-03-10,2500.00
AMERICAN OPTOMETRIC ASSOCIATION,AOA-PAC,Congressman Michael Quigley,2025-03-10,2500.00
AMERICAN OPTOMETRIC ASSOCIATION,AOA-PAC,Congressman Mike Bost,2025-03-10,1500.00
AMERICAN OPTOMETRIC ASSOCIATION,AOA-PAC,Congressman Guy Reschenthaler,2025-03-10,2500.00
AMERICAN OPTOMETRIC ASSOCIATION,AOA-PAC,Congresswoman Haley Stevens,2025-03-10,2500.00
AMERICAN OPTOMETRIC ASSOCIATION,AOA-PAC,Congresswoman Delia Ramirez,2025-03-10,2500.00
AMERICAN OPTOMETRIC ASSOCIATION,AOA-PAC,Senator Peter Welch,2025-03-10,2000.00
AMERICAN OPTOMETRIC ASSOCIATION,AOA-PAC,Congressman S. Raja Krishnamoorthi,2025-03-11,2500.00
AMERICAN OPTOMETRIC ASSOCIATION,AOA-PAC,Congressman Mike Rogers,2025-03-13,1500.00
AMERICAN OPTOMETRIC ASSOCIATION,AOA-PAC,Congressman Roger Marshall,2025-03-13,2000.00
AMERICAN OPTOMETRIC ASSOCIATION,AOA-PAC,Congressman Henry Cuellar,2025-03-20,2000.00
AMERICAN OPTOMETRIC ASSOCIATION,AOA-PAC,Congresswoman Susie Lee,2025-03-20,2000.00
AMERICAN OPTOMETRIC ASSOCIATION,AOA-PAC,Congresswoman Madelaine Dean,2025-03-20,4000.00
AMERICAN OPTOMETRIC ASSOCIATION,AOA-PAC,Congresswoman Jahana Hayes,2025-03-20,2000.00
AMERICAN OPTOMETRIC ASSOCIATION,AOA-PAC,Congressman Steven Horsford,2025-03-20,2000.00
AMERICAN OPTOMETRIC ASSOCIATION,AOA-PAC,Congressman Chris Pappas,2025-03-20,5000.00
AMERICAN OPTOMETRIC ASSOCIATION,AOA-PAC,Congressman Chris Pappas,2025-03-20,5000.00
AMERICAN OPTOMETRIC ASSOCIATION,AOA-PAC,Congressman Frank Mrvan,2025-03-20,2000.00
AMERICAN OPTOMETRIC ASSOCIATION,AOA-PAC,Congressman Robert Menendez,2025-03-20,2000.00
AMERICAN OPTOMETRIC ASSOCIATION,AOA-PAC,Congressman Gabe Vasquez,2025-03-20,2000.00
AMERICAN OPTOMETRIC ASSOCIATION,AOA-PAC,Congressman Greg Landsman,2025-03-20,2000.00
AMERICAN OPTOMETRIC ASSOCIATION,AOA-PAC,Congresswoman Emilia Sykes,2025-03-20,2000.00
AMERICAN OPTOMETRIC ASSOCIATION,AOA-PAC,Congressman Don Davis,2025-03-20,2000.00
AMERICAN OPTOMETRIC ASSOCIATION,AOA-PAC,Congressman Kevin Mullin,2025-03-20,2000.00
AMERICAN OPTOMETRIC ASSOCIATION,AOA-PAC,Congresswoman Nelida Pou,2025-03-20,2000.00
AMERICAN OPTOMETRIC ASSOCIATION,AOA-PAC,Congresswoman Jennifer McClellan,2025-03-20,2000.00
AMERICAN OPTOMETRIC ASSOCIATION,AOA-PAC,Congressman Joshua Riley,2025-03-20,2000.00
AMERICAN OPTOMETRIC ASSOCIATION,AOA-PAC,Congressman John Mannion,2025-03-20,2000.00
AMERICAN OPTOMETRIC ASSOCIATION,AOA-PAC,Congresswoman Janelle Bynum,2025-03-20,2000.00
AMERICAN OPTOMETRIC ASSOCIATION,AOA-PAC,Congressman Adam Gray,2025-03-20,2000.00
AMERICAN OPTOMETRIC ASSOCIATION,AOA-PAC,Congressman George Whitesides,2025-03-20,2000.00
AMERICAN OPTOMETRIC ASSOCIATION,AOA-PAC,Congressman Derek Tran,2025-03-20,2000.00
AMERICAN OPTOMETRIC ASSOCIATION,AOA-PAC,Congresswoman Kristen McDonald Rivet,2025-03-20,2000.00
AMERICAN OPTOMETRIC ASSOCIATION,AOA-PAC,Senator John Hickenlooper,2025-03-20,2500.00
AMERICAN OPTOMETRIC ASSOCIATION,AOA-PAC,Senator Jim Banks,2025-03-20,5000.00
AMERICAN OPTOMETRIC ASSOCIATION,AOA-PAC,Congressman Aaron Bean,2025-03-21,1500.00
AMERICAN OPTOMETRIC ASSOCIATION,AOA-PAC,Senator Ashley Moody,2025-03-21,2500.00
AMERICAN OPTOMETRIC ASSOCIATION,AOA-PAC,Congressman David Valadao,2025-03-26,2500.00
AMERICAN OPTOMETRIC ASSOCIATION,AOA-PAC,Congressman Jonathan Jackson,2025-03-26,2000.00
AMERICAN OPTOMETRIC ASSOCIATION,AOA-PAC,Congressman Cliff Bentz,2025-03-26,3000.00
AMERICAN OPTOMETRIC ASSOCIATION,AOA-PAC,Senator Ashley Moody,2025-03-26,1000.00
AMERICAN OPTOMETRIC ASSOCIATION,AOA-PAC,Congressman Cliff Bentz,2025-03-26,2000.00
AMERICAN OPTOMETRIC ASSOCIATION,AOA-PAC,Senator Tim Sheehy,2025-03-26,2000.00
AMERICAN OPTOMETRIC ASSOCIATION,AOA-PAC,Congresswoman Sheila Cherfilus-McCormick,2025-04-01,2500.00
AMERICAN OPTOMETRIC ASSOCIATION,AOA-PAC,Congresswoman Diana Harshbarger,2025-04-29,1000.00
AMERICAN OPTOMETRIC ASSOCIATION,AOA-PAC,Congressman Jack Bergman,2025-04-30,2500.00
AMERICAN OPTOMETRIC ASSOCIATION,AOA-PAC,Senator Ben Lujan,2025-05-05,2000.00
AMERICAN OPTOMETRIC ASSOCIATION,AOA-PAC,Congresswoman Elizabeth Fletcher,2025-05-06,1500.00
AMERICAN OPTOMETRIC ASSOCIATION,AOA-PAC,Congressman Eric Sorensen,2025-05-08,2500.00
AMERICAN OPTOMETRIC ASSOCIATION,AOA-PAC,Congresswoman Yvette Clarke,2025-05-12,2500.00
AMERICAN OPTOMETRIC ASSOCIATION,AOA-PAC,Congressman Stephen Womack,2025-05-12,2500.00
AMERICAN OPTOMETRIC ASSOCIATION,AOA-PAC,Congressman David Kustoff,2025-05-12,2000.00
AMERICAN OPTOMETRIC ASSOCIATION,AOA-PAC,Senator Bill Hagerty,2025-05-12,5000.00
AMERICAN OPTOMETRIC ASSOCIATION,AOA-PAC,Congressman Patrick Fallon,2025-05-12,2500.00
AMERICAN OPTOMETRIC ASSOCIATION,AOA-PAC,Congressman Brian Jack,2025-05-12,2000.00
AMERICAN OPTOMETRIC ASSOCIATION,AOA-PAC,Congresswoman Diana Harshbarger,2025-05-12,5000.00
AMERICAN OPTOMETRIC ASSOCIATION,AOA-PAC,Congressman Suhas Subramanyam,2025-05-13,2000.00
AMERICAN OPTOMETRIC ASSOCIATION,AOA-PAC,Congresswoman Adrian Smith,2025-05-16,2000.00
AMERICAN OPTOMETRIC ASSOCIATION,AOA-PAC,Congressman Buddy Carter,2025-05-19,5000.00
AMERICAN OPTOMETRIC ASSOCIATION,AOA-PAC,Congressman Buddy Carter,2025-05-19,5000.00
AMERICAN OPTOMETRIC ASSOCIATION,AOA-PAC,Congressman Jared Moskowitz,2025-05-19,2000.00
AMERICAN OPTOMETRIC ASSOCIATION,AOA-PAC,Congressman Blake Moore,2025-05-19,2000.00
AMERICAN OPTOMETRIC ASSOCIATION,AOA-PAC,Congresswoman Julie Fedorchak,2025-05-19,2500.00
AMERICAN OPTOMETRIC ASSOCIATION,AOA-PAC,Congressman Gabe Evans,2025-05-19,2000.00
AMERICAN OPTOMETRIC ASSOCIATION,AOA-PAC,Congressman Buddy Carter,2025-05-19,5000.00
AMERICAN OPTOMETRIC ASSOCIATION,AOA-PAC,Congressman Michael Rulli,2025-05-21,2000.00
AMERICAN OPTOMETRIC ASSOCIATION,AOA-PAC,Congressman Dan Crenshaw,2025-06-02,2500.00
AMERICAN OPTOMETRIC ASSOCIATION,AOA-PAC,Congressman Bob Crenshaw,2025-06-03,5000.00
AMERICAN OPTOMETRIC ASSOCIATION,AOA-PAC,Congressman Bob Latta,2025-06-03,5000.00
AMERICAN OPTOMETRIC ASSOCIATION,AOA-PAC,Congressman Scott Fitzgerald,2025-06-03,2500.00
AMERICAN OPTOMETRIC ASSOCIATION,AOA-PAC,Congressman Greg Steube,2025-06-03,1000.00
AMERICAN OPTOMETRIC ASSOCIATION,AOA-PAC,Congressman Jason Smith,2025-06-10,2500.00
AMERICAN OPTOMETRIC ASSOCIATION,AOA-PAC,Congressman Kevin Hern,2025-06-10,2000.00
AMERICAN OPTOMETRIC ASSOCIATION,AOA-PAC,Senator Roger Marshall,2025-06-10,2000.00
AMERICAN OPTOMETRIC ASSOCIATION,AOA-PAC,Congressman John Ellzey,2025-06-10,2500.00
AMERICAN OPTOMETRIC ASSOCIATION,AOA-PAC,Congressman John Ellzey,2025-06-10,1500.00
AMERICAN OPTOMETRIC ASSOCIATION,AOA-PAC,Congresswoman Kathryn Cammack,2025-06-10,2000.00
AMERICAN OPTOMETRIC ASSOCIATION,AOA-PAC,Congresswoman Kathryn Cammack,2025-06-10,3000.00
AMERICAN OPTOMETRIC ASSOCIATION,AOA-PAC,Congressman Vincent Fong,2025-06-10,2500.00
AMERICAN OPTOMETRIC ASSOCIATION,AOA-PAC,Congressman Blake Moore,2025-06-10,1000.00
AMERICAN OPTOMETRIC ASSOCIATION,AOA-PAC,Congressman Blake Moore,2025-06-10,4000.00
AMERICAN OPTOMETRIC ASSOCIATION,AOA-PAC,Senator Tammy Baldwin,2025-06-10,5000.00
AMERICAN OPTOMETRIC ASSOCIATION,AOA-PAC,DSCC,2025-06-10,15000.00
AMERICAN OPTOMETRIC ASSOCIATION,AOA-PAC,Congressman Frank Pallone,2025-06-18,2000.00
AMERICAN OPTOMETRIC ASSOCIATION,AOA-PAC,Congressman Richard Hudson,2025-06-18,2000.00
AMERICAN OPTOMETRIC ASSOCIATION,AOA-PAC,Congressman Michael Baumgartner,2025-06-18,2500.00
AMERICAN OPTOMETRIC ASSOCIATION,AOA-PAC,Congressman Tom Kean,2025-06-18,2000.00
AMERICAN OPTOMETRIC ASSOCIATION,AOA-PAC,Senator Kevin Cramer,2025-06-18,5000.00
AMERICAN OPTOMETRIC ASSOCIATION,AOA-PAC,Republican National Committee,2025-06-18,15000.00
AMERICAN OPTOMETRIC ASSOCIATION,AOA-PAC,Congressman Tom Barrett,2025-06-23,2500.00
AMERICAN OPTOMETRIC ASSOCIATION,AOA-PAC,Congressman Ben Cline,2025-06-23,2500.00
AMERICAN OPTOMETRIC ASSOCIATION,AOA-PAC,Congressman Jeff Crank,2025-06-24,1500.00
AMERICAN OPTOMETRIC ASSOCIATION,AOA-PAC,Congressman Morgan Griffith,2025-06-30,2500.00
AMERICAN OPTOMETRIC ASSOCIATION,AOA-PAC,Congresswoman Dina Titus,2025-06-30,2000.00
AMERICAN OPTOMETRIC ASSOCIATION,AOA-PAC,Congressman Robert Menendez,2025-02-24,2000.00
AMERICAN OPTOMETRIC ASSOCIATION,AOA-PAC,Congressman Greg Landsman,2025-02-24,1500.00
AMERICAN OPTOMETRIC ASSOCIATION,AOA-PAC,Congressman Kevin Mullin,2025-02-24,2000.00
AMERICAN OPTOMETRIC ASSOCIATION,AOA-PAC,Congressman Rudy Yakym,2025-02-24,2000.00
AMERICAN OPTOMETRIC ASSOCIATION,AOA-PAC,Congressman Nick Langworthy,2025-02-24,2000.00
AMERICAN OPTOMETRIC ASSOCIATION,AOA-PAC,Congressman John Joyce,2025-04-01,5000.00
AMERICAN OPTOMETRIC ASSOCIATION,AOA-PAC,Congresswoman Diana Harshbarger,2025-04-04,2000.00
AMERICAN OPTOMETRIC ASSOCIATION,AOA-PAC,Congressman Derrick Van Orden,2025-04-04,2500.00
AMERICAN OPTOMETRIC ASSOCIATION,AOA-PAC,Congressman Brian Fitzpatrick,2025-04-10,2000.00
AMERICAN OPTOMETRIC ASSOCIATION,AOA-PAC,Congressman Tim Moore,2025-04-16,2000.00
AMERICAN OPTOMETRIC ASSOCIATION,AOA-PAC,Congressman Brett Guthrie,2025-04-22,2500.00
AMERICAN OPTOMETRIC ASSOCIATION,AOA-PAC,Congressman Jack Bergman,2025-04-29,2500.00
AMERICAN OPTOMETRIC ASSOCIATION,AOA-PAC,Congressman Darren Soto,2025-04-29,2500.00
AMERICAN OPTOMETRIC ASSOCIATION,AOA-PAC,Congresswoman Diana Harshbarger,2025-04-29,500.00
AMERICAN OPTOMETRIC ASSOCIATION,AOA-PAC,Congressman Donald Norcross,2025-02-13,2000.00
AMERICAN OPTOMETRIC ASSOCIATION,AOA-PAC,Congressman Steve Scalise,2025-02-18,3000.00
AMERICAN OPTOMETRIC ASSOCIATION,AOA-PAC,Congressman Christopher Smith,2025-02-18,1500.00
AMERICAN OPTOMETRIC ASSOCIATION,AOA-PAC,Congresswoman Nikema Williams,2025-02-18,1500.00
AMERICAN OPTOMETRIC ASSOCIATION,AOA-PAC,Congressman Derek Schmidt,2025-02-18,2500.00
AMERICAN OPTOMETRIC ASSOCIATION,AOA-PAC,Congressman Mike Kelly,2025-02-24,2000.00
AMERICAN OPTOMETRIC ASSOCIATION,AOA-PAC,Congressman Brendan Boyle,2025-02-24,2000.00
AMERICAN OPTOMETRIC ASSOCIATION,AOA-PAC,Congressman Rick Allen,2025-02-24,2000.00
AMERICAN OPTOMETRIC ASSOCIATION,AOA-PAC,Congressman Neal Dunn,2025-02-24,2000.00
AMERICAN OPTOMETRIC ASSOCIATION,AOA-PAC,Congressman Kevin Hern,2025-02-24,2000.00
AMERICAN OPTOMETRIC ASSOCIATION,AOA-PAC,Congresswoman Diana Harshbarger,2025-02-24,2000.00
AMERICAN OPTOMETRIC ASSOCIATION,AOA-PAC,Congressman Greg Steube,2025-02-24,2000.00
AMERICAN OPTOMETRIC ASSOCIATION,AOA-PAC,Congressman Troy Carter,2025-02-24,2000.00
AMERICAN OPTOMETRIC ASSOCIATION,AOA-PAC,Congresswoman Mariannette Miller-Meeks,2025-02-24,2000.00
AMERICAN OPTOMETRIC ASSOCIATION,AOA-PAC,Congresswoman Kathryn Cammack,2025-02-24,2000.00
AMERICAN OPTOMETRIC ASSOCIATION,AOA-PAC,Congressman Gregory Murphy,2025-02-24,2000.00
AMERICAN OPTOMETRIC ASSOCIATION,AOA-PAC,Congressman Scott Fitzgerald,2025-01-14,1000.00
AMERICAN OPTOMETRIC ASSOCIATION,AOA-PAC,Congresswoman Yvette Clarke,2025-01-23,5000.00
AMERICAN OPTOMETRIC ASSOCIATION,AOA-PAC,Congresswoman Marie Gluesenkamp Perez,2025-02-04,1000.00
AMERICAN OPTOMETRIC ASSOCIATION,AOA-PAC,Senator Shelley Capito,2025-02-04,2500.00
AMERICAN OPTOMETRIC ASSOCIATION,AOA-PAC,Congressman Morgan Griffith,2025-02-10,1500.00
AMERICAN OPTOMETRIC ASSOCIATION,AOA-PAC,NRSC,2025-02-10,15000.00
AMERICAN OPTOMETRIC ASSOCIATION,AOA-PAC,DCCC,2025-02-10,15000.00
AMERICAN OPTOMETRIC ASSOCIATION,AOA-PAC,Senator John Thune,2025-02-10,2500.00
AMERICAN OPTOMETRIC ASSOCIATION,AOA-PAC,Congressman Cliff Bentz,2025-02-24,2000.00
AMERICAN OPTOMETRIC ASSOCIATION,AOA-PAC,Congressman Craig Goldman,2025-02-24,2000.00
AMERICAN OPTOMETRIC ASSOCIATION,AOA-PAC,Congressman Blake Moore,2025-02-24,2000.00
AMERICAN OPTOMETRIC ASSOCIATION,AOA-PAC,Congresswoman Julie Fedorchak,2025-02-24,2000.00
AMERICAN OPTOMETRIC ASSOCIATION,AOA-PAC,Congressman Max Miller,2025-02-24,2000.00
AMERICAN OPTOMETRIC ASSOCIATION,AOA-PAC,Congresswoman Erin Houchin,2025-02-24,2000.00
AMERICAN OPTOMETRIC ASSOCIATION,AOA-PAC,Delegate Stacey Plaskett,2025-02-24,2000.00
AMERICAN OPTOMETRIC ASSOCIATION,AOA-PAC,Congressman Jake Auchincloss,2025-02-24,2000.00
AMERICAN OPTOMETRIC ASSOCIATION,AOA-PAC,Congressman Gabe Evans,2025-02-24,2000.00
AMERICAN OPTOMETRIC ASSOCIATION,AOA-PAC,Congressman Michael Rulli,2025-02-24,2000.00
AMERICAN OPTOMETRIC ASSOCIATION,AOA-PAC,Congressman Tom Kean,2025-02-24,2000.00
AMERICAN OPTOMETRIC ASSOCIATION,AOA-PAC,Congressman Richard Hudson,2025-02-25,2500.00
AMERICAN OPTOMETRIC ASSOCIATION,AOA-PAC,Congressman John Joyce,2025-03-03,2500.00
AMERICAN OPTOMETRIC ASSOCIATION,AOA-PAC,Congresswoman Jen Kiggans,2025-03-03,2500.00
AMERICAN OPTOMETRIC ASSOCIATION,AOA-PAC,Congressman Dustin Johnson,2025-03-05,2000.00
AMERICAN OPTOMETRIC ASSOCIATION,AOA-PAC,Congressman Bill Foster,2025-03-10,2500.00
AMERICAN OPTOMETRIC ASSOCIATION,AOA-PAC,Congressman Michael Quigley,2025-03-10,2500.00
AMERICAN OPTOMETRIC ASSOCIATION,AOA-PAC,Congressman Mike Bost,2025-03-10,1500.00
AMERICAN OPTOMETRIC ASSOCIATION,AOA-PAC,Congressman Guy Reschenthaler,2025-03-10,2500.00
AMERICAN OPTOMETRIC ASSOCIATION,AOA-PAC,Congresswoman Haley Stevens,2025-03-10,2500.00
AMERICAN OPTOMETRIC ASSOCIATION,AOA-PAC,Congresswoman Delia Ramirez,2025-03-10,2500.00
AMERICAN OPTOMETRIC ASSOCIATION,AOA-PAC,Senator Peter Welch,2025-03-10,2000.00
AMERICAN OPTOMETRIC ASSOCIATION,AOA-PAC,Congressman S. Raja Krishnamoorthi,2025-03-11,2500.00
AMERICAN OPTOMETRIC ASSOCIATION,AOA-PAC,Congressman Mike Rogers,2025-03-13,1500.00
AMERICAN OPTOMETRIC ASSOCIATION,AOA-PAC,Congressman Roger Marshall,2025-03-13,2000.00
AMERICAN OPTOMETRIC ASSOCIATION,AOA-PAC,Congressman Henry Cuellar,2025-03-20,2000.00
AMERICAN OPTOMETRIC ASSOCIATION,AOA-PAC,Congresswoman Susie Lee,2025-03-20,2000.00
AMERICAN OPTOMETRIC ASSOCIATION,AOA-PAC,Congresswoman Madelaine Dean,2025-03-20,4000.00
AMERICAN OPTOMETRIC ASSOCIATION,AOA-PAC,Congresswoman Jahana Hayes,2025-03-20,2000.00
AMERICAN OPTOMETRIC ASSOCIATION,AOA-PAC,Congressman Steven Horsford,2025-03-20,2000.00
AMERICAN OPTOMETRIC ASSOCIATION,AOA-PAC,Congressman Chris Pappas,2025-03-20,5000.00
AMERICAN OPTOMETRIC ASSOCIATION,AOA-PAC,Congressman Chris Pappas,2025-03-20,5000.00
AMERICAN OPTOMETRIC ASSOCIATION,AOA-PAC,Congressman Frank Mrvan,2025-03-20,2000.00
AMERICAN OPTOMETRIC ASSOCIATION,AOA-PAC,Congressman Robert Menendez,2025-03-20,2000.00
AMERICAN OPTOMETRIC ASSOCIATION,AOA-PAC,Congressman Gabe Vasquez,2025-03-20,2000.00
AMERICAN OPTOMETRIC ASSOCIATION,AOA-PAC,Congressman Greg Landsman,2025-03-20,2000.00
AMERICAN OPTOMETRIC ASSOCIATION,AOA-PAC,Congresswoman Emilia Sykes,2025-03-20,2000.00
AMERICAN OPTOMETRIC ASSOCIATION,AOA-PAC,Congressman Don Davis,2025-03-20,2000.00
AMERICAN OPTOMETRIC ASSOCIATION,AOA-PAC,Congressman Kevin Mullin,2025-03-20,2000.00
AMERICAN OPTOMETRIC ASSOCIATION,AOA-PAC,Congresswoman Nelida Pou,2025-03-20,2000.00
AMERICAN OPTOMETRIC ASSOCIATION,AOA-PAC,Congresswoman Jennifer McClellan,2025-03-20,2000.00
AMERICAN OPTOMETRIC ASSOCIATION,AOA-PAC,Congressman Joshua Riley,2025-03-20,2000.00
AMERICAN OPTOMETRIC ASSOCIATION,AOA-PAC,Congressman John Mannion,2025-03-20,2000.00
AMERICAN OPTOMETRIC ASSOCIATION,AOA-PAC,Congresswoman Janelle Bynum,2025-03-20,2000.00
AMERICAN OPTOMETRIC ASSOCIATION,AOA-PAC,Congressman Adam Gray,2025-03-20,2000.00
AMERICAN OPTOMETRIC ASSOCIATION,AOA-PAC,Congressman George Whitesides,2025-03-20,2000.00
AMERICAN OPTOMETRIC ASSOCIATION,AOA-PAC,Congressman Derek Tran,2025-03-20,2000.00
AMERICAN OPTOMETRIC ASSOCIATION,AOA-PAC,Congresswoman Kristen McDonald Rivet,2025-03-20,2000.00
AMERICAN OPTOMETRIC ASSOCIATION,AOA-PAC,Senator John Hickenlooper,2025-03-20,2500.00
AMERICAN OPTOMETRIC ASSOCIATION,AOA-PAC,Senator Jim Banks,2025-03-20,5000.00
AMERICAN OPTOMETRIC ASSOCIATION,AOA-PAC,Congressman Aaron Bean,2025-03-21,1500.00
AMERICAN OPTOMETRIC ASSOCIATION,AOA-PAC,Senator Ashley Moody,2025-03-21,2500.00
AMERICAN OPTOMETRIC ASSOCIATION,AOA-PAC,Congressman David Valadao,2025-03-26,2500.00
AMERICAN OPTOMETRIC ASSOCIATION,AOA-PAC,Congressman Jonathan Jackson,2025-03-26,2000.00
AMERICAN OPTOMETRIC ASSOCIATION,AOA-PAC,Congressman Cliff Bentz,2025-03-26,3000.00
AMERICAN OPTOMETRIC ASSOCIATION,AOA-PAC,Senator Ashley Moody,2025-03-26,1000.00
AMERICAN OPTOMETRIC ASSOCIATION,AOA-PAC,Congressman Cliff Bentz,2025-03-26,2000.00
AMERICAN OPTOMETRIC ASSOCIATION,AOA-PAC,Senator Tim Sheehy,2025-03-26,2000.00
AMERICAN OPTOMETRIC ASSOCIATION,AOA-PAC,Congresswoman Sheila Cherfilus-McCormick,2025-04-01,2500.00
AMERICAN OPTOMETRIC ASSOCIATION,AOA-PAC,Congresswoman Diana Harshbarger,2025-04-29,1000.00
AMERICAN OPTOMETRIC ASSOCIATION,AOA-PAC,Congressman Jack Bergman,2025-04-30,2500.00
AMERICAN OPTOMETRIC ASSOCIATION,AOA-PAC,Senator Ben Lujan,2025-05-05,2000.00
AMERICAN OPTOMETRIC ASSOCIATION,AOA-PAC,Congresswoman Elizabeth Fletcher,2025-05-06,1500.00
AMERICAN OPTOMETRIC ASSOCIATION,AOA-PAC,Congressman Eric Sorensen,2025-05-08,2500.00
AMERICAN OPTOMETRIC ASSOCIATION,AOA-PAC,Congresswoman Yvette Clarke,2025-05-12,2500.00
AMERICAN OPTOMETRIC ASSOCIATION,AOA-PAC,Congressman Stephen Womack,2025-05-12,2500.00
AMERICAN OPTOMETRIC ASSOCIATION,AOA-PAC,Congressman David Kustoff,2025-05-12,2000.00
AMERICAN OPTOMETRIC ASSOCIATION,AOA-PAC,Senator Bill Hagerty,2025-05-12,5000.00
AMERICAN OPTOMETRIC ASSOCIATION,AOA-PAC,Congressman Patrick Fallon,2025-05-12,2500.00
AMERICAN OPTOMETRIC ASSOCIATION,AOA-PAC,Congressman Brian Jack,2025-05-12,2000.00
AMERICAN OPTOMETRIC ASSOCIATION,AOA-PAC,Congresswoman Diana Harshbarger,2025-05-12,5000.00
AMERICAN OPTOMETRIC ASSOCIATION,AOA-PAC,Congressman Suhas Subramanyam,2025-05-13,2000.00
AMERICAN OPTOMETRIC ASSOCIATION,AOA-PAC,Congresswoman Adrian Smith,2025-05-16,2000.00
AMERICAN OPTOMETRIC ASSOCIATION,AOA-PAC,Congressman Buddy Carter,2025-05-19,5000.00
AMERICAN OPTOMETRIC ASSOCIATION,AOA-PAC,Congressman Buddy Carter,2025-05-19,5000.00
AMERICAN OPTOMETRIC ASSOCIATION,AOA-PAC,Congressman Jared Moskowitz,2025-05-19,2000.00
AMERICAN OPTOMETRIC ASSOCIATION,AOA-PAC,Congressman Blake Moore,2025-05-19,2000.00
AMERICAN OPTOMETRIC ASSOCIATION,AOA-PAC,Congresswoman Julie Fedorchak,2025-05-19,2500.00
AMERICAN OPTOMETRIC ASSOCIATION,AOA-PAC,Congressman Gabe Evans,2025-05-19,2000.00
AMERICAN OPTOMETRIC ASSOCIATION,AOA-PAC,Congressman Buddy Carter,2025-05-19,5000.00
AMERICAN OPTOMETRIC ASSOCIATION,AOA-PAC,Congressman Michael Rulli,2025-05-21,2000.00
AMERICAN OPTOMETRIC ASSOCIATION,AOA-PAC,Congressman Dan Crenshaw,2025-06-02,2500.00
AMERICAN OPTOMETRIC ASSOCIATION,AOA-PAC,Congressman Bob Crenshaw,2025-06-03,5000.00
AMERICAN OPTOMETRIC ASSOCIATION,AOA-PAC,Congressman Bob Latta,2025-06-03,5000.00
AMERICAN OPTOMETRIC ASSOCIATION,AOA-PAC,Congressman Scott Fitzgerald,2025-06-03,2500.00
AMERICAN OPTOMETRIC ASSOCIATION,AOA-PAC,Congressman Greg Steube,2025-06-03,1000.00
AMERICAN OPTOMETRIC ASSOCIATION,AOA-PAC,Congressman Jason Smith,2025-06-10,2500.00
AMERICAN OPTOMETRIC ASSOCIATION,AOA-PAC,Congressman Kevin Hern,2025-06-10,2000.00
AMERICAN OPTOMETRIC ASSOCIATION,AOA-PAC,Senator Roger Marshall,2025-06-10,2000.00
AMERICAN OPTOMETRIC ASSOCIATION,AOA-PAC,Congressman John Ellzey,2025-06-10,2500.00
AMERICAN OPTOMETRIC ASSOCIATION,AOA-PAC,Congressman John Ellzey,2025-06-10,1500.00
AMERICAN OPTOMETRIC ASSOCIATION,AOA-PAC,Congresswoman Kathryn Cammack,2025-06-10,2000.00
AMERICAN OPTOMETRIC ASSOCIATION,AOA-PAC,Congresswoman Kathryn Cammack,2025-06-10,3000.00
AMERICAN OPTOMETRIC ASSOCIATION,AOA-PAC,Congressman Vincent Fong,2025-06-10,2500.00
AMERICAN OPTOMETRIC ASSOCIATION,AOA-PAC,Congressman Blake Moore,2025-06-10,1000.00
AMERICAN OPTOMETRIC ASSOCIATION,AOA-PAC,Congressman Blake Moore,2025-06-10,4000.00
AMERICAN OPTOMETRIC ASSOCIATION,AOA-PAC,Senator Tammy Baldwin,2025-06-10,5000.00
AMERICAN OPTOMETRIC ASSOCIATION,AOA-PAC,DSCC,2025-06-10,15000.00
AMERICAN OPTOMETRIC ASSOCIATION,AOA-PAC,Congressman Frank Pallone,2025-06-18,2000.00
AMERICAN OPTOMETRIC ASSOCIATION,AOA-PAC,Congressman Richard Hudson,2025-06-18,2000.00
AMERICAN OPTOMETRIC ASSOCIATION,AOA-PAC,Congressman Michael Baumgartner,2025-06-18,2500.00
AMERICAN OPTOMETRIC ASSOCIATION,AOA-PAC,Congressman Tom Kean,2025-06-18,2000.00
AMERICAN OPTOMETRIC ASSOCIATION,AOA-PAC,Senator Kevin Cramer,2025-06-18,5000.00
AMERICAN OPTOMETRIC ASSOCIATION,AOA-PAC,Republican National Committee,2025-06-18,15000.00
AMERICAN OPTOMETRIC ASSOCIATION,AOA-PAC,Congressman Tom Barrett,2025-06-23,2500.00
AMERICAN OPTOMETRIC ASSOCIATION,AOA-PAC,Congressman Ben Cline,2025-06-23,2500.00
AMERICAN OPTOMETRIC ASSOCIATION,AOA-PAC,Congressman Jeff Crank,2025-06-24,1500.00
AMERICAN OPTOMETRIC ASSOCIATION,AOA-PAC,Congressman Morgan Griffith,2025-06-30,2500.00
AMERICAN OPTOMETRIC ASSOCIATION,AOA-PAC,Congresswoman Dina Titus,2025-06-30,2000.00
AMERICAN OPTOMETRIC ASSOCIATION,AOA-PAC,Congressman Robert Menendez,2025-02-24,2000.00
AMERICAN OPTOMETRIC ASSOCIATION,AOA-PAC,Congressman Greg Landsman,2025-02-24,1500.00
AMERICAN OPTOMETRIC ASSOCIATION,AOA-PAC,Congressman Kevin Mullin,2025-02-24,2000.00
AMERICAN OPTOMETRIC ASSOCIATION,AOA-PAC,Congressman Rudy Yakym,2025-02-24,2000.00
AMERICAN OPTOMETRIC ASSOCIATION,AOA-PAC,Congressman Nick Langworthy,2025-02-24,2000.00
AMERICAN OPTOMETRIC ASSOCIATION,AOA-PAC,Congressman John Joyce,2025-04-01,5000.00
AMERICAN OPTOMETRIC ASSOCIATION,AOA-PAC,Congresswoman Diana Harshbarger,2025-04-04,2000.00
AMERICAN OPTOMETRIC ASSOCIATION,AOA-PAC,Congressman Derrick Van Orden,2025-04-04,2500.00
AMERICAN OPTOMETRIC ASSOCIATION,AOA-PAC,Congressman Brian Fitzpatrick,2025-04-10,2000.00
AMERICAN OPTOMETRIC ASSOCIATION,AOA-PAC,Congressman Tim Moore,2025-04-16,2000.00
AMERICAN OPTOMETRIC ASSOCIATION,AOA-PAC,Congressman Brett Guthrie,2025-04-22,2500.00
AMERICAN OPTOMETRIC ASSOCIATION,AOA-PAC,Congressman Jack Bergman,2025-04-29,2500.00
AMERICAN OPTOMETRIC ASSOCIATION,AOA-PAC,Congressman Darren Soto,2025-04-29,2500.00
AMERICAN OPTOMETRIC ASSOCIATION,AOA-PAC,Congresswoman Diana Harshbarger,2025-04-29,500.00
AMERICAN OPTOMETRIC ASSOCIATION,AOA-PAC,Congressman Donald Norcross,2025-02-13,2000.00
AMERICAN OPTOMETRIC ASSOCIATION,AOA-PAC,Congressman Steve Scalise,2025-02-18,3000.00
AMERICAN OPTOMETRIC ASSOCIATION,AOA-PAC,Congressman Christopher Smith,2025-02-18,1500.00
AMERICAN OPTOMETRIC ASSOCIATION,AOA-PAC,Congresswoman Nikema Williams,2025-02-18,1500.00
AMERICAN OPTOMETRIC ASSOCIATION,AOA-PAC,Congressman Derek Schmidt,2025-02-18,2500.00
AMERICAN OPTOMETRIC ASSOCIATION,AOA-PAC,Congressman Mike Kelly,2025-02-24,2000.00
AMERICAN OPTOMETRIC ASSOCIATION,AOA-PAC,Congressman Brendan Boyle,2025-02-24,2000.00
AMERICAN OPTOMETRIC ASSOCIATION,AOA-PAC,Congressman Rick Allen,2025-02-24,2000.00
AMERICAN OPTOMETRIC ASSOCIATION,AOA-PAC,Congressman Neal Dunn,2025-02-24,2000.00
AMERICAN OPTOMETRIC ASSOCIATION,AOA-PAC,Congressman Kevin Hern,2025-02-24,2000.00
AMERICAN OPTOMETRIC ASSOCIATION,AOA-PAC,Congresswoman Diana Harshbarger,2025-02-24,2000.00
AMERICAN OPTOMETRIC ASSOCIATION,AOA-PAC,Congressman Greg Steube,2025-02-24,2000.00
AMERICAN OPTOMETRIC ASSOCIATION,AOA-PAC,Congressman Troy Carter,2025-02-24,2000.00
AMERICAN OPTOMETRIC ASSOCIATION,AOA-PAC,Congresswoman Mariannette Miller-Meeks,2025-02-24,2000.00
AMERICAN OPTOMETRIC ASSOCIATION,AOA-PAC,Congresswoman Kathryn Cammack,2025-02-24,2000.00
AMERICAN OPTOMETRIC ASSOCIATION,AOA-PAC,Congressman Gregory Murphy,2025-02-24,2000.00
AMERICAN OPTOMETRIC ASSOCIATION,AOA-PAC,Congressman Scott Fitzgerald,2025-01-14,1000.00
AMERICAN OPTOMETRIC ASSOCIATION,AOA-PAC,Congresswoman Yvette Clarke,2025-01-23,5000.00
AMERICAN OPTOMETRIC ASSOCIATION,AOA-PAC,Congresswoman Marie Gluesenkamp Perez,2025-02-04,1000.00
AMERICAN OPTOMETRIC ASSOCIATION,AOA-PAC,Senator Shelley Capito,2025-02-04,2500.00
AMERICAN OPTOMETRIC ASSOCIATION,AOA-PAC,Congressman Morgan Griffith,2025-02-10,1500.00
AMERICAN OPTOMETRIC ASSOCIATION,AOA-PAC,NRSC,2025-02-10,15000.00
AMERICAN OPTOMETRIC ASSOCIATION,AOA-PAC,DCCC,2025-02-10,15000.00
AMERICAN OPTOMETRIC ASSOCIATION,AOA-PAC,Senator John Thune,2025-02-10,2500.00
AMERICAN OPTOMETRIC ASSOCIATION,AOA-PAC,Congressman Cliff Bentz,2025-02-24,2000.00
AMERICAN OPTOMETRIC ASSOCIATION,AOA-PAC,Congressman Craig Goldman,2025-02-24,2000.00
AMERICAN OPTOMETRIC ASSOCIATION,AOA-PAC,Congressman Blake Moore,2025-02-24,2000.00
AMERICAN OPTOMETRIC ASSOCIATION,AOA-PAC,Congresswoman Julie Fedorchak,2025-02-24,2000.00
AMERICAN OPTOMETRIC ASSOCIATION,AOA-PAC,Congressman Max Miller,2025-02-24,2000.00
AMERICAN OPTOMETRIC ASSOCIATION,AOA-PAC,Congresswoman Erin Houchin,2025-02-24,2000.00
AMERICAN OPTOMETRIC ASSOCIATION,AOA-PAC,Delegate Stacey Plaskett,2025-02-24,2000.00
AMERICAN OPTOMETRIC ASSOCIATION,AOA-PAC,Congressman Jake Auchincloss,2025-02-24,2000.00
AMERICAN OPTOMETRIC ASSOCIATION,AOA-PAC,Congressman Gabe Evans,2025-02-24,2000.00
AMERICAN OPTOMETRIC ASSOCIATION,AOA-PAC,Congressman Michael Rulli,2025-02-24,2000.00
AMERICAN OPTOMETRIC ASSOCIATION,AOA-PAC,Congressman Tom Kean,2025-02-24,2000.00
AMERICAN OPTOMETRIC ASSOCIATION,AOA-PAC,Congressman Richard Hudson,2025-02-25,2500.00
AMERICAN OPTOMETRIC ASSOCIATION,AOA-PAC,Congressman John Joyce,2025-03-03,2500.00
AMERICAN OPTOMETRIC ASSOCIATION,AOA-PAC,Congresswoman Jen Kiggans,2025-03-03,2500.00
AMERICAN OPTOMETRIC ASSOCIATION,AOA-PAC,Congressman Dustin Johnson,2025-03-05,2000.00
AMERICAN OPTOMETRIC ASSOCIATION,AOA-PAC,Congressman Bill Foster,2025-03-10,2500.00
AMERICAN OPTOMETRIC ASSOCIATION,AOA-PAC,Congressman Michael Quigley,2025-03-10,2500.00
AMERICAN OPTOMETRIC ASSOCIATION,AOA-PAC,Congressman Mike Bost,2025-03-10,1500.00
AMERICAN OPTOMETRIC ASSOCIATION,AOA-PAC,Congressman Guy Reschenthaler,2025-03-10,2500.00
AMERICAN OPTOMETRIC ASSOCIATION,AOA-PAC,Congresswoman Haley Stevens,2025-03-10,2500.00
AMERICAN OPTOMETRIC ASSOCIATION,AOA-PAC,Congresswoman Delia Ramirez,2025-03-10,2500.00
AMERICAN OPTOMETRIC ASSOCIATION,AOA-PAC,Senator Peter Welch,2025-03-10,2000.00
AMERICAN OPTOMETRIC ASSOCIATION,AOA-PAC,Congressman S. Raja Krishnamoorthi,2025-03-11,2500.00
AMERICAN OPTOMETRIC ASSOCIATION,AOA-PAC,Congressman Mike Rogers,2025-03-13,1500.00
AMERICAN OPTOMETRIC ASSOCIATION,AOA-PAC,Congressman Roger Marshall,2025-03-13,2000.00
AMERICAN OPTOMETRIC ASSOCIATION,AOA-PAC,Congressman Henry Cuellar,2025-03-20,2000.00
AMERICAN OPTOMETRIC ASSOCIATION,AOA-PAC,Congresswoman Susie Lee,2025-03-20,2000.00
AMERICAN OPTOMETRIC ASSOCIATION,AOA-PAC,Congresswoman Madelaine Dean,2025-03-20,4000.00
AMERICAN OPTOMETRIC ASSOCIATION,AOA-PAC,Congresswoman Jahana Hayes,2025-03-20,2000.00
AMERICAN OPTOMETRIC ASSOCIATION,AOA-PAC,Congressman Steven Horsford,2025-03-20,2000.00
AMERICAN OPTOMETRIC ASSOCIATION,AOA-PAC,Congressman Chris Pappas,2025-03-20,5000.00
AMERICAN OPTOMETRIC ASSOCIATION,AOA-PAC,Congressman Chris Pappas,2025-03-20,5000.00
AMERICAN OPTOMETRIC ASSOCIATION,AOA-PAC,Congressman Frank Mrvan,2025-03-20,2000.00
AMERICAN OPTOMETRIC ASSOCIATION,AOA-PAC,Congressman Robert Menendez,2025-03-20,2000.00
AMERICAN OPTOMETRIC ASSOCIATION,AOA-PAC,Congressman Gabe Vasquez,2025-03-20,2000.00
AMERICAN OPTOMETRIC ASSOCIATION,AOA-PAC,Congressman Greg Landsman,2025-03-20,2000.00
AMERICAN OPTOMETRIC ASSOCIATION,AOA-PAC,Congresswoman Emilia Sykes,2025-03-20,2000.00
AMERICAN OPTOMETRIC ASSOCIATION,AOA-PAC,Congressman Don Davis,2025-03-20,2000.00
AMERICAN OPTOMETRIC ASSOCIATION,AOA-PAC,Congressman Kevin Mullin,2025-03-20,2000.00
AMERICAN OPTOMETRIC ASSOCIATION,AOA-PAC,Congresswoman Nelida Pou,2025-03-20,2000.00
AMERICAN OPTOMETRIC ASSOCIATION,AOA-PAC,Congresswoman Jennifer McClellan,2025-03-20,2000.00
AMERICAN OPTOMETRIC ASSOCIATION,AOA-PAC,Congressman Joshua Riley,2025-03-20,2000.00
AMERICAN OPTOMETRIC ASSOCIATION,AOA-PAC,Congressman John Mannion,2025-03-20,2000.00
AMERICAN OPTOMETRIC ASSOCIATION,AOA-PAC,Congresswoman Janelle Bynum,2025-03-20,2000.00
AMERICAN OPTOMETRIC ASSOCIATION,AOA-PAC,Congressman Adam Gray,2025-03-20,2000.00
AMERICAN OPTOMETRIC ASSOCIATION,AOA-PAC,Congressman George Whitesides,2025-03-20,2000.00
AMERICAN OPTOMETRIC ASSOCIATION,AOA-PAC,Congressman Derek Tran,2025-03-20,2000.00
AMERICAN OPTOMETRIC ASSOCIATION,AOA-PAC,Congresswoman Kristen McDonald Rivet,2025-03-20,2000.00
AMERICAN OPTOMETRIC ASSOCIATION,AOA-PAC,Senator John Hickenlooper,2025-03-20,2500.00
AMERICAN OPTOMETRIC ASSOCIATION,AOA-PAC,Senator Jim Banks,2025-03-20,5000.00
AMERICAN OPTOMETRIC ASSOCIATION,AOA-PAC,Congressman Aaron Bean,2025-03-21,1500.00
AMERICAN OPTOMETRIC ASSOCIATION,AOA-PAC,Senator Ashley Moody,2025-03-21,2500.00
AMERICAN OPTOMETRIC ASSOCIATION,AOA-PAC,Congressman David Valadao,2025-03-26,2500.00
AMERICAN OPTOMETRIC ASSOCIATION,AOA-PAC,Congressman Jonathan Jackson,2025-03-26,2000.00
AMERICAN OPTOMETRIC ASSOCIATION,AOA-PAC,Congressman Cliff Bentz,2025-03-26,3000.00
AMERICAN OPTOMETRIC ASSOCIATION,AOA-PAC,Senator Ashley Moody,2025-03-26,1000.00
AMERICAN OPTOMETRIC ASSOCIATION,AOA-PAC,Congressman Cliff Bentz,2025-03-26,2000.00
AMERICAN OPTOMETRIC ASSOCIATION,AOA-PAC,Senator Tim Sheehy,2025-03-26,2000.00
AMERICAN OPTOMETRIC ASSOCIATION,AOA-PAC,Congresswoman Sheila Cherfilus-McCormick,2025-04-01,2500.00
AMERICAN OPTOMETRIC ASSOCIATION,AOA-PAC,Congresswoman Diana Harshbarger,2025-04-29,1000.00
AMERICAN OPTOMETRIC ASSOCIATION,AOA-PAC,Congressman Jack Bergman,2025-04-30,2500.00
AMERICAN OPTOMETRIC ASSOCIATION,AOA-PAC,Senator Ben Lujan,2025-05-05,2000.00
AMERICAN OPTOMETRIC ASSOCIATION,AOA-PAC,Congresswoman Elizabeth Fletcher,2025-05-06,1500.00
AMERICAN OPTOMETRIC ASSOCIATION,AOA-PAC,Congressman Eric Sorensen,2025-05-08,2500.00
AMERICAN OPTOMETRIC ASSOCIATION,AOA-PAC,Congresswoman Yvette Clarke,2025-05-12,2500.00
AMERICAN OPTOMETRIC ASSOCIATION,AOA-PAC,Congressman Stephen Womack,2025-05-12,2500.00
AMERICAN OPTOMETRIC ASSOCIATION,AOA-PAC,Congressman David Kustoff,2025-05-12,2000.00
AMERICAN OPTOMETRIC ASSOCIATION,AOA-PAC,Senator Bill Hagerty,2025-05-12,5000.00
AMERICAN OPTOMETRIC ASSOCIATION,AOA-PAC,Congressman Patrick Fallon,2025-05-12,2500.00
AMERICAN OPTOMETRIC ASSOCIATION,AOA-PAC,Congressman Brian Jack,2025-05-12,2000.00
AMERICAN OPTOMETRIC ASSOCIATION,AOA-PAC,Congresswoman Diana Harshbarger,2025-05-12,5000.00
AMERICAN OPTOMETRIC ASSOCIATION,AOA-PAC,Congressman Suhas Subramanyam,2025-05-13,2000.00
AMERICAN OPTOMETRIC ASSOCIATION,AOA-PAC,Congresswoman Adrian Smith,2025-05-16,2000.00
AMERICAN OPTOMETRIC ASSOCIATION,AOA-PAC,Congressman Buddy Carter,2025-05-19,5000.00
AMERICAN OPTOMETRIC ASSOCIATION,AOA-PAC,Congressman Buddy Carter,2025-05-19,5000.00
AMERICAN OPTOMETRIC ASSOCIATION,AOA-PAC,Congressman Jared Moskowitz,2025-05-19,2000.00
AMERICAN OPTOMETRIC ASSOCIATION,AOA-PAC,Congressman Blake Moore,2025-05-19,2000.00
AMERICAN OPTOMETRIC ASSOCIATION,AOA-PAC,Congresswoman Julie Fedorchak,2025-05-19,2500.00
