organization,pacs,honoree,date,amount_usd
THE AFFORDABLE HOUSING TAX CREDIT COALITION,Affordable Housing Tax Credit Coalition PAC,Rep. Jimmy Panetta,2025-06-17,1000.00
THE AFFORDABLE HOUSING TAX CREDIT COALITION,Affordable Housing Tax Credit Coalition PAC,Rep. Randy Feenstra,2025-03-11,2500.00
THE AFFORDABLE HOUSING TAX CREDIT COALITION,Affordable Housing Tax Credit Coalition PAC,Rep. Claudia Tenney,2025-01-02,1000.00
THE AFFORDABLE HOUSING TAX CREDIT COALITION,Affordable Housing Tax Credit Coalition PAC,Rep. Erin Houchin,2025-02-04,1000.00
THE AFFORDABLE HOUSING TAX CREDIT COALITION,Affordable Housing Tax Credit Coalition PAC,Rep. Nicole Malliotakis,2025-02-04,1000.00
THE AFFORDABLE HOUSING TAX CREDIT COALITION,Affordable Housing Tax Credit Coalition PAC,Rep. Rudy Yakym,2025-02-04,2500.00
THE AFFORDABLE HOUSING TAX CREDIT COALITION,Affordable Housing Tax Credit Coalition PAC,Rep. Greg Murphy,2025-02-11,1000.00
THE AFFORDABLE HOUSING TAX CREDIT COALITION,Affordable Housing Tax Credit Coalition PAC,Rep. Darin LaHood,2025-02-11,5000.00
THE AFFORDABLE HOUSING TAX CREDIT COALITION,Affordable Housing Tax Credit Coalition PAC,Rep. Max Miller,2025-02-11,2500.00
THE AFFORDABLE HOUSING TAX CREDIT COALITION,Affordable Housing Tax Credit Coalition PAC,Rep. Rob Bresnahan,2025-02-13,1000.00
THE AFFORDABLE HOUSING TAX CREDIT COALITION,Affordable Housing Tax Credit Coalition PAC,Rep. Pete Sessions,2025-03-04,1000.00
THE AFFORDABLE HOUSING TAX CREDIT COALITION,Affordable Housing Tax Credit Coalition PAC,Sen. Thom Tillis,2025-03-11,2000.00
THE AFFORDABLE HOUSING TAX CREDIT COALITION,Affordable Housing Tax Credit Coalition PAC,Sen. Thom Tillis,2025-02-24,1500.00
THE AFFORDABLE HOUSING TAX CREDIT COALITION,Affordable Housing Tax Credit Coalition PAC,Rep. Suzan DelBene,2025-03-11,1000.00
THE AFFORDABLE HOUSING TAX CREDIT COALITION,Affordable Housing Tax Credit Coalition PAC,Sen. Marsha Blackburn,2025-03-11,5000.00
THE AFFORDABLE HOUSING TAX CREDIT COALITION,Affordable Housing Tax Credit Coalition PAC,Sen. Susan Collins,2025-03-03,1000.00
THE AFFORDABLE HOUSING TAX CREDIT COALITION,Affordable Housing Tax Credit Coalition PAC,Rep. Lloyd Smucker,2025-03-03,1000.00
THE AFFORDABLE HOUSING TAX CREDIT COALITION,Affordable Housing Tax Credit Coalition PAC,Rep. Blake Moore,2025-03-11,2500.00
THE AFFORDABLE HOUSING TAX CREDIT COALITION,Affordable Housing Tax Credit Coalition PAC,Rep. August Pfluger,2025-03-11,2500.00
THE AFFORDABLE HOUSING TAX CREDIT COALITION,Affordable Housing Tax Credit Coalition PAC,Rep. Brian Fitzpatrick,2025-03-11,1000.00
THE AFFORDABLE HOUSING TAX CREDIT COALITION,Affordable Housing Tax Credit Coalition PAC,Sen. Roger Marshall,2025-03-25,2000.00
THE AFFORDABLE HOUSING TAX CREDIT COALITION,Affordable Housing Tax Credit Coalition PAC,Rep. Nathaniel Moran,2025-04-01,1000.00
THE AFFORDABLE HOUSING TAX CREDIT COALITION,Affordable Housing Tax Credit Coalition PAC,Rep. Aaron Bean,2025-03-25,1000.00
THE AFFORDABLE HOUSING TAX CREDIT COALITION,Affordable Housing Tax Credit Coalition PAC,Rep. Mike Flood,2025-04-08,1000.00
THE AFFORDABLE HOUSING TAX CREDIT COALITION,Affordable Housing Tax Credit Coalition PAC,Rep. Mike Carey,2025-04-08,1000.00
THE AFFORDABLE HOUSING TAX CREDIT COALITION,Affordable Housing Tax Credit Coalition PAC,Rep. Blake Moore,2025-04-30,2500.00
THE AFFORDABLE HOUSING TAX CREDIT COALITION,Affordable Housing Tax Credit Coalition PAC,Rep. Mike Kelly,2025-04-30,1000.00
THE AFFORDABLE HOUSING TAX CREDIT COALITION,Affordable Housing Tax Credit Coalition PAC,Sen. David McCormick,2025-05-08,2000.00
THE AFFORDABLE HOUSING TAX CREDIT COALITION,Affordable Housing Tax Credit Coalition PAC,Sen. Bill Cassidy,2025-05-08,1000.00
THE AFFORDABLE HOUSING TAX CREDIT COALITION,Affordable Housing Tax Credit Coalition PAC,Sen. Tim Scott,2025-05-12,2500.00
THE AFFORDABLE HOUSING TAX CREDIT COALITION,Affordable Housing Tax Credit Coalition PAC,Rep. Greg Murphy,2025-05-27,3000.00
THE AFFORDABLE HOUSING TAX CREDIT COALITION,Affordable Housing Tax Credit Coalition PAC,Rep. Aaron Bean,2025-05-27,1000.00
THE AFFORDABLE HOUSING TAX CREDIT COALITION,Affordable Housing Tax Credit Coalition PAC,Rep. Richard Neal,2025-06-02,5000.00
THE AFFORDABLE HOUSING TAX CREDIT COALITION,Affordable Housing Tax Credit Coalition PAC,Sen. Mike Crapo,2025-06-02,1500.00
THE AFFORDABLE HOUSING TAX CREDIT COALITION,Affordable Housing Tax Credit Coalition PAC,Rep. Jimmy Panetta,2025-06-17,1000.00
THE AFFORDABLE HOUSING TAX CREDIT COALITION,Affordable Housing Tax Credit Coalition PAC,Rep. Randy Feenstra,2025-03-11,2500.00
THE AFFORDABLE HOUSING TAX CREDIT COALITION,Affordable Housing Tax Credit Coalition PAC,Rep. Claudia Tenney,2025-01-02,1000.00
THE AFFORDABLE HOUSING TAX CREDIT COALITION,Affordable Housing Tax Credit Coalition PAC,Rep. Erin Houchin,2025-02-04,1000.00
THE AFFORDABLE HOUSING TAX CREDIT COALITION,Affordable Housing Tax Credit Coalition PAC,Rep. Nicole Malliotakis,2025-02-04,1000.00
THE AFFORDABLE HOUSING TAX CREDIT COALITION,Affordable Housing Tax Credit Coalition PAC,Rep. Rudy Yakym,2025-02-04,2500.00
THE AFFORDABLE HOUSING TAX CREDIT COALITION,Affordable Housing Tax Credit Coalition PAC,Rep. Greg Murphy,2025-02-11,1000.00
THE AFFORDABLE HOUSING TAX CREDIT COALITION,Affordable Housing Tax Credit Coalition PAC,Rep. Darin LaHood,2025-02-11,5000.00
THE AFFORDABLE HOUSING TAX CREDIT COALITION,Affordable Housing Tax Credit Coalition PAC,Rep. Max Miller,2025-02-11,2500.00
THE AFFORDABLE HOUSING TAX CREDIT COALITION,Affordable Housing Tax Credit Coalition PAC,Rep. Rob Bresnahan,2025-02-13,1000.00
THE AFFORDABLE HOUSING TAX CREDIT COALITION,Affordable Housing Tax Credit Coalition PAC,Rep. Pete Sessions,2025-03-04,1000.00
THE AFFORDABLE HOUSING TAX CREDIT COALITION,Affordable Housing Tax Credit Coalition PAC,Sen. Thom Tillis,2025-03-11,2000.00
THE AFFORDABLE HOUSING TAX CREDIT COALITION,Affordable Housing Tax Credit Coalition PAC,Sen. Thom Tillis,2025-02-24,1500.00
THE AFFORDABLE HOUSING TAX CREDIT COALITION,Affordable Housing Tax Credit Coalition PAC,Rep. Suzan DelBene,2025-03-11,1000.00
THE AFFORDABLE HOUSING TAX CREDIT COALITION,Affordable Housing Tax Credit Coalition PAC,Sen. Marsha Blackburn,2025-03-11,5000.00
THE AFFORDABLE HOUSING TAX CREDIT COALITION,Affordable Housing Tax Credit Coalition PAC,Sen. Susan Collins,2025-03-03,1000.00
THE AFFORDABLE HOUSING TAX CREDIT COALITION,Affordable Housing Tax Credit Coalition PAC,Rep. Lloyd Smucker,2025-03-03,1000.00
THE AFFORDABLE HOUSING TAX CREDIT COALITION,Affordable Housing Tax Credit Coalition PAC,Rep. Blake Moore,2025-03-11,2500.00
THE AFFORDABLE HOUSING TAX CREDIT COALITION,Affordable Housing Tax Credit Coalition PAC,Rep. August Pfluger,2025-03-11,2500.00
THE AFFORDABLE HOUSING TAX CREDIT COALITION,Affordable Housing Tax Credit Coalition PAC,Rep. Brian Fitzpatrick,2025-03-11,1000.00
THE AFFORDABLE HOUSING TAX CREDIT COALITION,Affordable Housing Tax Credit Coalition PAC,Sen. Roger Marshall,2025-03-25,2000.00
THE AFFORDABLE HOUSING TAX CREDIT COALITION,Affordable Housing Tax Credit Coalition PAC,Rep. Nathaniel Moran,2025-04-01,1000.00
THE AFFORDABLE HOUSING TAX CREDIT COALITION,Affordable Housing Tax Credit Coalition PAC,Rep. Aaron Bean,2025-03-25,1000.00
THE AFFORDABLE HOUSING TAX CREDIT COALITION,Affordable Housing Tax Credit Coalition PAC,Rep. Mike Flood,2025-04-08,1000.00
THE AFFORDABLE HOUSING TAX CREDIT COALITION,Affordable Housing Tax Credit Coalition PAC,Rep. Mike Carey,2025-04-08,1000.00
THE AFFORDABLE HOUSING TAX CREDIT COALITION,Affordable Housing Tax Credit Coalition PAC,Rep. Blake Moore,2025-04-30,2500.00
THE AFFORDABLE HOUSING TAX CREDIT COALITION,Affordable Housing Tax Credit Coalition PAC,Rep. Mike Kelly,2025-04-30,1000.00
THE AFFORDABLE HOUSING TAX CREDIT COALITION,Affordable Housing Tax Credit Coalition PAC,Sen. David McCormick,2025-05-08,2000.00
THE AFFORDABLE HOUSING TAX CREDIT COALITION,Affordable Housing Tax Credit Coalition PAC,Sen. Bill Cassidy,2025-05-08,1000.00
THE AFFORDABLE HOUSING TAX CREDIT COALITION,Affordable Housing Tax Credit Coalition PAC,Sen. Tim Scott,2025-05-12,2500.00
THE AFFORDABLE HOUSING TAX CREDIT COALITION,Affordable Housing Tax Credit Coalition PAC,Rep. Greg Murphy,2025-05-27,3000.00
THE AFFORDABLE HOUSING TAX CREDIT COALITION,Affordable Housing Tax Credit Coalition PAC,Rep. Aaron Bean,2025-05-27,1000.00
THE AFFORDABLE HOUSING TAX CREDIT COALITION,Affordable Housing Tax Credit Coalition PAC,Rep. Richard Neal,2025-06-02,5000.00
THE AFFORDABLE HOUSING TAX CREDIT COALITION,Affordable Housing Tax Credit Coalition PAC,Sen. Mike Crapo,2025-06-02,1500.00
THE AFFORDABLE HOUSING TAX CREDIT COALITION,Affordable Housing Tax Credit Coalition PAC,Rep. Jimmy Panetta,2025-06-17,1000.00
THE AFFORDABLE HOUSING TAX CREDIT COALITION,Affordable Housing Tax Credit Coalition PAC,Rep. Randy Feenstra,2025-03-11,2500.00
THE AFFORDABLE HOUSING TAX CREDIT COALITION,Affordable Housing Tax Credit Coalition PAC,Rep. Claudia Tenney,2025-01-02,1000.00
THE AFFORDABLE HOUSING TAX CREDIT COALITION,Affordable Housing Tax Credit Coalition PAC,Rep. Erin Houchin,2025-02-04,1000.00
THE AFFORDABLE HOUSING TAX CREDIT COALITION,Affordable Housing Tax Credit Coalition PAC,Rep. Nicole Malliotakis,2025-02-04,1000.00
THE AFFORDABLE HOUSING TAX CREDIT COALITION,Affordable Housing Tax Credit Coalition PAC,Rep. Rudy Yakym,2025-02-04,2500.00
THE AFFORDABLE HOUSING TAX CREDIT COALITION,Affordable Housing Tax Credit Coalition PAC,Rep. Greg Murphy,2025-02-11,1000.00
THE AFFORDABLE HOUSING TAX CREDIT COALITION,Affordable Housing Tax Credit Coalition PAC,Rep. Darin LaHood,2025-02-11,5000.00
THE AFFORDABLE HOUSING TAX CREDIT COALITION,Affordable Housing Tax Credit Coalition PAC,Rep. Max Miller,2025-02-11,2500.00
THE AFFORDABLE HOUSING TAX CREDIT COALITION,Affordable Housing Tax Credit Coalition PAC,Rep. Rob Bresnahan,2025-02-13,1000.00
THE AFFORDABLE HOUSING TAX CREDIT COALITION,Affordable Housing Tax Credit Coalition PAC,Rep. Pete Sessions,2025-03-04,1000.00
THE AFFORDABLE HOUSING TAX CREDIT COALITION,Affordable Housing Tax Credit Coalition PAC,Sen. Thom Tillis,2025-03-11,2000.00
THE AFFORDABLE HOUSING TAX CREDIT COALITION,Affordable Housing Tax Credit Coalition PAC,Sen. Thom Tillis,2025-02-24,1500.00
THE AFFORDABLE HOUSING TAX CREDIT COALITION,Affordable Housing Tax Credit Coalition PAC,Rep. Suzan DelBene,2025-03-11,1000.00
THE AFFORDABLE HOUSING TAX CREDIT COALITION,Affordable Housing Tax Credit Coalition PAC,Sen. Marsha Blackburn,2025-03-11,5000.00
THE AFFORDABLE HOUSING TAX CREDIT COALITION,Affordable Housing Tax Credit Coalition PAC,Sen. Susan Collins,2025-03-03,1000.00
THE AFFORDABLE HOUSING TAX CREDIT COALITION,Affordable Housing Tax Credit Coalition PAC,Rep. Lloyd Smucker,2025-03-03,1000.00
THE AFFORDABLE HOUSING TAX CREDIT COALITION,Affordable Housing Tax Credit Coalition PAC,Rep. Blake Moore,2025-03-11,2500.00
THE AFFORDABLE HOUSING TAX CREDIT COALITION,Affordable Housing Tax Credit Coalition PAC,Rep. August Pfluger,2025-03-11,2500.00
THE AFFORDABLE HOUSING TAX CREDIT COALITION,Affordable Housing Tax Credit Coalition PAC,Rep. Brian Fitzpatrick,2025-03-11,1000.00
THE AFFORDABLE HOUSING TAX CREDIT COALITION,Affordable Housing Tax Credit Coalition PAC,Sen. Roger Marshall,2025-03-25,2000.00
THE AFFORDABLE HOUSING TAX CREDIT COALITION,Affordable Housing Tax Credit Coalition PAC,Rep. Nathaniel Moran,2025-04-01,1000.00
THE AFFORDABLE HOUSING TAX CREDIT COALITION,Affordable Housing Tax Credit Coalition PAC,Rep. Aaron Bean,2025-03-25,1000.00
THE AFFORDABLE HOUSING TAX CREDIT COALITION,Affordable Housing Tax Credit Coalition PAC,Rep. Mike Flood,2025-04-08,1000.00
THE AFFORDABLE HOUSING TAX CREDIT COALITION,Affordable Housing Tax Credit Coalition PAC,Rep. Mike Carey,2025-04-08,1000.00
THE AFFORDABLE HOUSING TAX CREDIT COALITION,Affordable Housing Tax Credit Coalition PAC,Rep. Blake Moore,2025-04-30,2500.00
THE AFFORDABLE HOUSING TAX CREDIT COALITION,Affordable Housing Tax Credit Coalition PAC,Rep. Mike Kelly,2025-04-30,1000.00
THE AFFORDABLE HOUSING TAX CREDIT COALITION,Affordable Housing Tax Credit Coalition PAC,Sen. David McCormick,2025-05-08,2000.00
THE AFFORDABLE HOUSING TAX CREDIT COALITION,Affordable Housing Tax Credit Coalition PAC,Sen. Bill Cassidy,2025-05-08,1000.00
THE AFFORDABLE HOUSING TAX CREDIT COALITION,Affordable Housing Tax Credit Coalition PAC,Sen. Tim Scott,2025-05-12,2500.00
THE AFFORDABLE HOUSING TAX CREDIT COALITION,Affordable Housing Tax Credit Coalition PAC,Rep. Greg Murphy,2025-05-27,3000.00
THE AFFORDABLE HOUSING TAX CREDIT COALITION,Affordable Housing Tax Credit Coalition PAC,Rep. Aaron Bean,2025-05-27,1000.00
THE AFFORDABLE HOUSING TAX CREDIT COALITION,Affordable Housing Tax Credit Coalition PAC,Rep. Richard Neal,2025-06-02,5000.00
THE AFFORDABLE HOUSING TAX CREDIT COALITION,Affordable Housing Tax Credit Coalition PAC,Sen. Mike Crapo,2025-06-02,1500.00
THE AFFORDABLE HOUSING TAX CREDIT COALITION,Affordable Housing Tax Credit Coalition PAC,Rep. Jimmy Panetta,2025-06-17,1000.00
THE AFFORDABLE HOUSING TAX CREDIT COALITION,Affordable Housing Tax Credit Coalition PAC,Rep. Randy Feenstra,2025-03-11,2500.00
THE AFFORDABLE HOUSING TAX CREDIT COALITION,Affordable Housing Tax Credit Coalition PAC,Rep. Claudia Tenney,2025-01-02,1000.00
THE AFFORDABLE HOUSING TAX CREDIT COALITION,Affordable Housing Tax Credit Coalition PAC,Rep. Erin Houchin,2025-02-04,1000.00
THE AFFORDABLE HOUSING TAX CREDIT COALITION,Affordable Housing Tax Credit Coalition PAC,Rep. Nicole Malliotakis,2025-02-04,1000.00
THE AFFORDABLE HOUSING TAX CREDIT COALITION,Affordable Housing Tax Credit Coalition PAC,Rep. Rudy Yakym,2025-02-04,2500.00
THE AFFORDABLE HOUSING TAX CREDIT COALITION,Affordable Housing Tax Credit Coalition PAC,Rep. Greg Murphy,2025-02-11,1000.00
THE AFFORDABLE HOUSING TAX CREDIT COALITION,Affordable Housing Tax Credit Coalition PAC,Rep. Darin LaHood,2025-02-11,5000.00
THE AFFORDABLE HOUSING TAX CREDIT COALITION,Affordable Housing Tax Credit Coalition PAC,Rep. Max Miller,2025-02-11,2500.00
THE AFFORDABLE HOUSING TAX CREDIT COALITION,Affordable Housing Tax Credit Coalition PAC,Rep. Rob Bresnahan,2025-02-13,1000.00
THE AFFORDABLE HOUSING TAX CREDIT COALITION,Affordable Housing Tax Credit Coalition PAC,Rep. Pete Sessions,2025-03-04,1000.00
THE AFFORDABLE HOUSING TAX CREDIT COALITION,Affordable Housing Tax Credit Coalition PAC,Sen. Thom Tillis,2025-03-11,2000.00
THE AFFORDABLE HOUSING TAX CREDIT COALITION,Affordable Housing Tax Credit Coalition PAC,Sen. Thom Tillis,2025-02-24,1500.00
THE AFFORDABLE HOUSING TAX CREDIT COALITION,Affordable Housing Tax Credit Coalition PAC,Rep. Suzan DelBene,2025-03-11,1000.00
THE AFFORDABLE HOUSING TAX CREDIT COALITION,Affordable Housing Tax Credit Coalition PAC,Sen. Marsha Blackburn,2025-03-11,5000.00
THE AFFORDABLE HOUSING TAX CREDIT COALITION,Affordable Housing Tax Credit Coalition PAC,Sen. Susan Collins,2025-03-03,1000.00
THE AFFORDABLE HOUSING TAX CREDIT COALITION,Affordable Housing Tax Credit Coalition PAC,Rep. Lloyd Smucker,2025-03-03,1000.00
THE AFFORDABLE HOUSING TAX CREDIT COALITION,Affordable Housing Tax Credit Coalition PAC,Rep. Blake Moore,2025-03-11,2500.00
THE AFFORDABLE HOUSING TAX CREDIT COALITION,Affordable Housing Tax Credit Coalition PAC,Rep. August Pfluger,2025-03-11,2500.00
THE AFFORDABLE HOUSING TAX CREDIT COALITION,Affordable Housing Tax Credit Coalition PAC,Rep. Brian Fitzpatrick,2025-03-11,1000.00
THE AFFORDABLE HOUSING TAX CREDIT COALITION,Affordable Housing Tax Credit Coalition PAC,Sen. Roger Marshall,2025-03-25,2000.00
THE AFFORDABLE HOUSING TAX CREDIT COALITION,Affordable Housing Tax Credit Coalition PAC,Rep. Nathaniel Moran,2025-04-01,1000.00
THE AFFORDABLE HOUSING TAX CREDIT COALITION,Affordable Housing Tax Credit Coalition PAC,Rep. Aaron Bean,2025-03-25,1000.00
THE AFFORDABLE HOUSING TAX CREDIT COALITION,Affordable Housing Tax Credit Coalition PAC,Rep. Mike Flood,2025-04-08,1000.00
THE AFFORDABLE HOUSING TAX CREDIT COALITION,Affordable Housing Tax Credit Coalition PAC,Rep. Mike Carey,2025-04-08,1000.00
THE AFFORDABLE HOUSING TAX CREDIT COALITION,Affordable Housing Tax Credit Coalition PAC,Rep. Blake Moore,2025-04-30,2500.00
THE AFFORDABLE HOUSING TAX CREDIT COALITION,Affordable Housing Tax Credit Coalition PAC,Rep. Mike Kelly,2025-04-30,1000.00
THE AFFORDABLE HOUSING TAX CREDIT COALITION,Affordable Housing Tax Credit Coalition PAC,Sen. David McCormick,2025-05-08,2000.00
THE AFFORDABLE HOUSING TAX CREDIT COALITION,Affordable Housing Tax Credit Coalition PAC,Sen. Bill Cassidy,2025-05-08,1000.00
THE AFFORDABLE HOUSING TAX CREDIT COALITION,Affordable Housing Tax Credit Coalition PAC,Sen. Tim Scott,2025-05-12,2500.00
THE AFFORDABLE HOUSING TAX CREDIT COALITION,Affordable Housing Tax Credit Coalition PAC,Rep. Greg Murphy,2025-05-27,3000.00
THE AFFORDABLE HOUSING TAX CREDIT COALITION,Affordable Housing Tax Credit Coalition PAC,Rep. Aaron Bean,2025-05-27,1000.00
THE AFFORDABLE HOUSING TAX CREDIT COALITION,Affordable Housing Tax Credit Coalition PAC,Rep. Richard Neal,2025-06-02,5000.00
THE AFFORDABLE HOUSING TAX CREDIT COALITION,Affordable Housing Tax Credit Coalition PAC,Sen. Mike Crapo,2025-06-02,1500.00
THE AFFORDABLE HOUSING TAX CREDIT COALITION,Affordable Housing Tax Credit Coalition PAC,Rep. Jimmy Panetta,2025-06-17,1000.00
THE AFFORDABLE HOUSING TAX CREDIT COALITION,Affordable Housing Tax Credit Coalition PAC,Rep. Randy Feenstra,2025-03-11,2500.00
THE AFFORDABLE HOUSING TAX CREDIT COALITION,Affordable Housing Tax Credit Coalition PAC,Rep. Claudia Tenney,2025-01-02,1000.00
THE AFFORDABLE HOUSING TAX CREDIT COALITION,Affordable Housing Tax Credit Coalition PAC,Rep. Erin Houchin,2025-02-04,1000.00
THE AFFORDABLE HOUSING TAX CREDIT COALITION,Affordable Housing Tax Credit Coalition PAC,Rep. Nicole Malliotakis,2025-02-04,1000.00
THE AFFORDABLE HOUSING TAX CREDIT COALITION,Affordable Housing Tax Credit Coalition PAC,Rep. Rudy Yakym,2025-02-04,2500.00
THE AFFORDABLE HOUSING TAX CREDIT COALITION,Affordable Housing Tax Credit Coalition PAC,Rep. Greg Murphy,2025-02-11,1000.00
THE AFFORDABLE HOUSING TAX CREDIT COALITION,Affordable Housing Tax Credit Coalition PAC,Rep. Darin LaHood,2025-02-11,5000.00
THE AFFORDABLE HOUSING TAX CREDIT COALITION,Affordable Housing Tax Credit Coalition PAC,Rep. Max Miller,2025-02-11,2500.00
THE AFFORDABLE HOUSING TAX CREDIT COALITION,Affordable Housing Tax Credit Coalition PAC,Rep. Rob Bresnahan,2025-02-13,1000.00
THE AFFORDABLE HOUSING TAX CREDIT COALITION,Affordable Housing Tax Credit Coalition PAC,Rep. Pete Sessions,2025-03-04,1000.00
THE AFFORDABLE HOUSING TAX CREDIT COALITION,Affordable Housing Tax Credit Coalition PAC,Sen. Thom Tillis,2025-03-11,2000.00
THE AFFORDABLE HOUSING TAX CREDIT COALITION,Affordable Housing Tax Credit Coalition PAC,Sen. Thom Tillis,2025-02-24,1500.00
THE AFFORDABLE HOUSING TAX CREDIT COALITION,Affordable Housing Tax Credit Coalition PAC,Rep. Suzan DelBene,2025-03-11,1000.00
THE AFFORDABLE HOUSING TAX CREDIT COALITION,Affordable Housing Tax Credit Coalition PAC,Sen. Marsha Blackburn,2025-03-11,5000.00
THE AFFORDABLE HOUSING TAX CREDIT COALITION,Affordable Housing Tax Credit Coalition PAC,Sen. Susan Collins,2025-03-03,1000.00
THE AFFORDABLE HOUSING TAX CREDIT COALITION,Affordable Housing Tax Credit Coalition PAC,Rep. Lloyd Smucker,2025-03-03,1000.00
THE AFFORDABLE HOUSING TAX CREDIT COALITION,Affordable Housing Tax Credit Coalition PAC,Rep. Blake Moore,2025-03-11,2500.00
THE AFFORDABLE HOUSING TAX CREDIT COALITION,Affordable Housing Tax Credit Coalition PAC,Rep. August Pfluger,2025-03-11,2500.00
THE AFFORDABLE HOUSING TAX CREDIT COALITION,Affordable Housing Tax Credit Coalition PAC,Rep. Brian Fitzpatrick,2025-03-11,1000.00
THE AFFORDABLE HOUSING TAX CREDIT COALITION,Affordable Housing Tax Credit Coalition PAC,Sen. Roger Marshall,2025-03-25,2000.00
THE AFFORDABLE HOUSING TAX CREDIT COALITION,Affordable Housing Tax Credit Coalition PAC,Rep. Nathaniel Moran,2025-04-01,1000.00
THE AFFORDABLE HOUSING TAX CREDIT COALITION,Affordable Housing Tax Credit Coalition PAC,Rep. Aaron Bean,2025-03-25,1000.00
THE AFFORDABLE HOUSING TAX CREDIT COALITION,Affordable Housing Tax Credit Coalition PAC,Rep. Mike Flood,2025-04-08,1000.00
THE AFFORDABLE HOUSING TAX CREDIT COALITION,Affordable Housing Tax Credit Coalition PAC,Rep. Mike Carey,2025-04-08,1000.00
THE AFFORDABLE HOUSING TAX CREDIT COALITION,Affordable Housing Tax Credit Coalition PAC,Rep. Blake Moore,2025-04-30,2500.00
THE AFFORDABLE HOUSING TAX CREDIT COALITION,Affordable Housing Tax Credit Coalition PAC,Rep. Mike Kelly,2025-04-30,1000.00
THE AFFORDABLE HOUSING TAX CREDIT COALITION,Affordable Housing Tax Credit Coalition PAC,Sen. David McCormick,2025-05-08,2000.00
THE AFFORDABLE HOUSING TAX CREDIT COALITION,Affordable Housing Tax Credit Coalition PAC,Sen. Bill Cassidy,2025-05-08,1000.00
THE AFFORDABLE HOUSING TAX CREDIT COALITION,Affordable Housing Tax Credit Coalition PAC,Sen. Tim Scott,2025-05-12,2500.00
THE AFFORDABLE HOUSING TAX CREDIT COALITION,Affordable Housing Tax Credit Coalition PAC,Rep. Greg Murphy,2025-05-27,3000.00
THE AFFORDABLE HOUSING TAX CREDIT COALITION,Affordable Housing Tax Credit Coalition PAC,Rep. Aaron Bean,2025-05-27,1000.00
THE AFFORDABLE HOUSING TAX CREDIT COALITION,Affordable Housing Tax Credit Coalition PAC,Rep. Richard Neal,2025-06-02,5000.00
THE AFFORDABLE HOUSING TAX CREDIT COALITION,Affordable Housing Tax Credit Coalition PAC,Sen. Mike Crapo,2025-06-02,1500.00
THE AFFORDABLE HOUSING TAX CREDIT COALITION,Affordable Housing Tax Credit Coalition PAC,Rep. Jimmy Panetta,2025-06-17,1000.00
THE AFFORDABLE HOUSING TAX CREDIT COALITION,Affordable Housing Tax Credit Coalition PAC,Rep. Randy Feenstra,2025-03-11,2500.00
THE AFFORDABLE HOUSING TAX CREDIT COALITION,Affordable Housing Tax Credit Coalition PAC,Rep. Claudia Tenney,2025-01-02,1000.00
THE AFFORDABLE HOUSING TAX CREDIT COALITION,Affordable Housing Tax Credit Coalition PAC,Rep. Erin Houchin,2025-02-04,1000.00
THE AFFORDABLE HOUSING TAX CREDIT COALITION,Affordable Housing Tax Credit Coalition PAC,Rep. Nicole Malliotakis,2025-02-04,1000.00
THE AFFORDABLE HOUSING TAX CREDIT COALITION,Affordable Housing Tax Credit Coalition PAC,Rep. Rudy Yakym,2025-02-04,2500.00
THE AFFORDABLE HOUSING TAX CREDIT COALITION,Affordable Housing Tax Credit Coalition PAC,Rep. Greg Murphy,2025-02-11,1000.00
THE AFFORDABLE HOUSING TAX CREDIT COALITION,Affordable Housing Tax Credit Coalition PAC,Rep. Darin LaHood,2025-02-11,5000.00
THE AFFORDABLE HOUSING TAX CREDIT COALITION,Affordable Housing Tax Credit Coalition PAC,Rep. Max Miller,2025-02-11,2500.00
THE AFFORDABLE HOUSING TAX CREDIT COALITION,Affordable Housing Tax Credit Coalition PAC,Rep. Rob Bresnahan,2025-02-13,1000.00
THE AFFORDABLE HOUSING TAX CREDIT COALITION,Affordable Housing Tax Credit Coalition PAC,Rep. Pete Sessions,2025-03-04,1000.00
THE AFFORDABLE HOUSING TAX CREDIT COALITION,Affordable Housing Tax Credit Coalition PAC,Sen. Thom Tillis,2025-03-11,2000.00
THE AFFORDABLE HOUSING TAX CREDIT COALITION,Affordable Housing Tax Credit Coalition PAC,Sen. Thom Tillis,2025-02-24,1500.00
THE AFFORDABLE HOUSING TAX CREDIT COALITION,Affordable Housing Tax Credit Coalition PAC,Rep. Suzan DelBene,2025-03-11,1000.00
THE AFFORDABLE HOUSING TAX CREDIT COALITION,Affordable Housing Tax Credit Coalition PAC,Sen. Marsha Blackburn,2025-03-11,5000.00
THE AFFORDABLE HOUSING TAX CREDIT COALITION,Affordable Housing Tax Credit Coalition PAC,Sen. Susan Collins,2025-03-03,1000.00
THE AFFORDABLE HOUSING TAX CREDIT COALITION,Affordable Housing Tax Credit Coalition PAC,Rep. Lloyd Smucker,2025-03-03,1000.00
THE AFFORDABLE HOUSING TAX CREDIT COALITION,Affordable Housing Tax Credit Coalition PAC,Rep. Blake Moore,2025-03-11,2500.00
THE AFFORDABLE HOUSING TAX CREDIT COALITION,Affordable Housing Tax Credit Coalition PAC,Rep. August Pfluger,2025-03-11,2500.00
THE AFFORDABLE HOUSING TAX CREDIT COALITION,Affordable Housing Tax Credit Coalition PAC,Rep. Brian Fitzpatrick,2025-03-11,1000.00
THE AFFORDABLE HOUSING TAX CREDIT COALITION,Affordable Housing Tax Credit Coalition PAC,Sen. Roger Marshall,2025-03-25,2000.00
THE AFFORDABLE HOUSING TAX CREDIT COALITION,Affordable Housing Tax Credit Coalition PAC,Rep. Nathaniel Moran,2025-04-01,1000.00
THE AFFORDABLE HOUSING TAX CREDIT COALITION,Affordable Housing Tax Credit Coalition PAC,Rep. Aaron Bean,2025-03-25,1000.00
THE AFFORDABLE HOUSING TAX CREDIT COALITION,Affordable Housing Tax Credit Coalition PAC,Rep. Mike Flood,2025-04-08,1000.00
THE AFFORDABLE HOUSING TAX CREDIT COALITION,Affordable Housing Tax Credit Coalition PAC,Rep. Mike Carey,2025-04-08,1000.00
THE AFFORDABLE HOUSING TAX CREDIT COALITION,Affordable Housing Tax Credit Coalition PAC,Rep. Blake Moore,2025-04-30,2500.00
THE AFFORDABLE HOUSING TAX CREDIT COALITION,Affordable Housing Tax Credit Coalition PAC,Rep. Mike Kelly,2025-04-30,1000.00
THE AFFORDABLE HOUSING TAX CREDIT COALITION,Affordable Housing Tax Credit Coalition PAC,Sen. David McCormick,2025-05-08,2000.00
THE AFFORDABLE HOUSING TAX CREDIT COALITION,Affordable Housing Tax Credit Coalition PAC,Sen. Bill Cassidy,2025-05-08,1000.00
THE AFFORDABLE HOUSING TAX CREDIT COALITION,Affordable Housing Tax Credit Coalition PAC,Sen. Tim Scott,2025-05-12,2500.00
THE AFFORDABLE HOUSING TAX CREDIT COALITION,Affordable Housing Tax Credit Coalition PAC,Rep. Greg Murphy,2025-05-27,3000.00
THE AFFORDABLE HOUSING TAX CREDIT COALITION,Affordable Housing Tax Credit Coalition PAC,Rep. Aaron Bean,2025-05-27,1000.00
THE AFFORDABLE HOUSING TAX CREDIT COALITION,Affordable Housing Tax Credit Coalition PAC,Rep. Richard Neal,2025-06-02,5000.00
THE AFFORDABLE HOUSING TAX CREDIT COALITION,Affordable Housing Tax Credit Coalition PAC,Sen. Mike Crapo,2025-06-02,1500.00
THE AFFORDABLE HOUSING TAX CREDIT COALITION,Affordable Housing Tax Credit Coalition PAC,Rep. Jimmy Panetta,2025-06-17,1000.00
THE AFFORDABLE HOUSING TAX CREDIT COALITION,Affordable Housing Tax Credit Coalition PAC,Rep. Randy Feenstra,2025-03-11,2500.00
FELD ENTERTAINMENT,Blue Vision,n/a,2025-03-31,100.00
FELD ENTERTAINMENT,Blue Vision,n/a,2025-04-15,100.00
FELD ENTERTAINMENT,Blue Vision,n/a,2025-02-06,100.00
FELD ENTERTAINMENT,Blue Vision,n/a,2025-02-24,100.00
FELD ENTERTAINMENT,Blue Vision,n/a,2025-03-31,100.00
FELD ENTERTAINMENT,Blue Vision,n/a,2025-04-15,100.00
FELD ENTERTAINMENT,Blue Vision,n/a,2025-02-06,100.00
FELD ENTERTAINMENT,Blue Vision,n/a,2025-02-24,100.00
FELD ENTERTAINMENT,Blue Vision,n/a,2025-03-31,100.00
FELD ENTERTAINMENT,Blue Vision,n/a,2025-04-15,100.00
FELD ENTERTAINMENT,Blue Vision,n/a,2025-02-06,100.00
FELD ENTERTAINMENT,Blue Vision,n/a,2025-02-24,100.00
FELD ENTERTAINMENT,Blue Vision,n/a,2025-03-31,100.00
FELD ENTERTAINMENT,Blue Vision,n/a,2025-04-15,100.00
FELD ENTERTAINMENT,Blue Vision,n/a,2025-02-06,100.00
FELD ENTERTAINMENT,Blue Vision,n/a,2025-02-24,100.00
"JENKINS HILL CONSULTING, LLC",ARK PAC; BUDD PAC; Don Davis for Congress; Friends of Tim Moore; Harrigan for Congress; Husted for Senate; Knott for Congress; Murphy for Congress; Rouzer for Congress; THOM PAC,John Boozman,2025-02-18,500.00
"JENKINS HILL CONSULTING, LLC",ARK PAC; BUDD PAC; Don Davis for Congress; Friends of Tim Moore; Harrigan for Congress; Husted for Senate; Knott for Congress; Murphy for Congress; Rouzer for Congress; THOM PAC,David Rouzer,2025-02-27,2000.00
"JENKINS HILL CONSULTING, LLC",ARK PAC; BUDD PAC; Don Davis for Congress; Friends of Tim Moore; Harrigan for Congress; Husted for Senate; Knott for Congress; Murphy for Congress; Rouzer for Congress; THOM PAC,Ted Budd,2025-02-27,1000.00
"JENKINS HILL CONSULTING, LLC",ARK PAC; BUDD PAC; Don Davis for Congress; Friends of Tim Moore; Harrigan for Congress; Husted for Senate; Knott for Congress; Murphy for Congress; Rouzer for Congress; THOM PAC,Don Davis,2025-03-11,2000.00
"JENKINS HILL CONSULTING, LLC",ARK PAC; BUDD PAC; Don Davis for Congress; Friends of Tim Moore; Harrigan for Congress; Husted for Senate; Knott for Congress; Murphy for Congress; Rouzer for Congress; THOM PAC,Tim Moore,2025-03-11,500.00
"JENKINS HILL CONSULTING, LLC",ARK PAC; BUDD PAC; Don Davis for Congress; Friends of Tim Moore; Harrigan for Congress; Husted for Senate; Knott for Congress; Murphy for Congress; Rouzer for Congress; THOM PAC,Greg Murphy,2025-03-24,2000.00
"JENKINS HILL CONSULTING, LLC",ARK PAC; BUDD PAC; Don Davis for Congress; Friends of Tim Moore; Harrigan for Congress; Husted for Senate; Knott for Congress; Murphy for Congress; Rouzer for Congress; THOM PAC,Brad Knott,2025-03-26,1000.00
"JENKINS HILL CONSULTING, LLC",ARK PAC; BUDD PAC; Don Davis for Congress; Friends of Tim Moore; Harrigan for Congress; Husted for Senate; Knott for Congress; Murphy for Congress; Rouzer for Congress; THOM PAC,Jon Husted,2025-03-26,1000.00
"JENKINS HILL CONSULTING, LLC",ARK PAC; BUDD PAC; Don Davis for Congress; Friends of Tim Moore; Harrigan for Congress; Husted for Senate; Knott for Congress; Murphy for Congress; Rouzer for Congress; THOM PAC,Thom Tillis,2025-05-14,1500.00
"JENKINS HILL CONSULTING, LLC",ARK PAC; BUDD PAC; Don Davis for Congress; Friends of Tim Moore; Harrigan for Congress; Husted for Senate; Knott for Congress; Murphy for Congress; Rouzer for Congress; THOM PAC,Pat Harrigan,2025-05-14,500.00
"JENKINS HILL CONSULTING, LLC",ARK PAC; BUDD PAC; Don Davis for Congress; Friends of Tim Moore; Harrigan for Congress; Husted for Senate; Knott for Congress; Murphy for Congress; Rouzer for Congress; THOM PAC,Addison McDowell,2025-05-14,500.00
"JENKINS HILL CONSULTING, LLC",ARK PAC; BUDD PAC; Don Davis for Congress; Friends of Tim Moore; Harrigan for Congress; Husted for Senate; Knott for Congress; Murphy for Congress; Rouzer for Congress; THOM PAC,Brad Knott,2025-06-06,1000.00
"JENKINS HILL CONSULTING, LLC",ARK PAC; BUDD PAC; Don Davis for Congress; Friends of Tim Moore; Harrigan for Congress; Husted for Senate; Knott for Congress; Murphy for Congress; Rouzer for Congress; THOM PAC,Thom Tiliis,2025-06-09,500.00
"JENKINS HILL CONSULTING, LLC",ARK PAC; BUDD PAC; Don Davis for Congress; Friends of Tim Moore; Harrigan for Congress; Husted for Senate; Knott for Congress; Murphy for Congress; Rouzer for Congress; THOM PAC,Mike Rogers,2025-06-17,500.00
"JENKINS HILL CONSULTING, LLC",ARK PAC; BUDD PAC; Don Davis for Congress; Friends of Tim Moore; Harrigan for Congress; Husted for Senate; Knott for Congress; Murphy for Congress; Rouzer for Congress; THOM PAC,John Boozman,2025-02-18,500.00
"JENKINS HILL CONSULTING, LLC",ARK PAC; BUDD PAC; Don Davis for Congress; Friends of Tim Moore; Harrigan for Congress; Husted for Senate; Knott for Congress; Murphy for Congress; Rouzer for Congress; THOM PAC,David Rouzer,2025-02-27,2000.00
"JENKINS HILL CONSULTING, LLC",ARK PAC; BUDD PAC; Don Davis for Congress; Friends of Tim Moore; Harrigan for Congress; Husted for Senate; Knott for Congress; Murphy for Congress; Rouzer for Congress; THOM PAC,Ted Budd,2025-02-27,1000.00
"JENKINS HILL CONSULTING, LLC",ARK PAC; BUDD PAC; Don Davis for Congress; Friends of Tim Moore; Harrigan for Congress; Husted for Senate; Knott for Congress; Murphy for Congress; Rouzer for Congress; THOM PAC,Don Davis,2025-03-11,2000.00
"JENKINS HILL CONSULTING, LLC",ARK PAC; BUDD PAC; Don Davis for Congress; Friends of Tim Moore; Harrigan for Congress; Husted for Senate; Knott for Congress; Murphy for Congress; Rouzer for Congress; THOM PAC,Tim Moore,2025-03-11,500.00
"JENKINS HILL CONSULTING, LLC",ARK PAC; BUDD PAC; Don Davis for Congress; Friends of Tim Moore; Harrigan for Congress; Husted for Senate; Knott for Congress; Murphy for Congress; Rouzer for Congress; THOM PAC,Greg Murphy,2025-03-24,2000.00
"JENKINS HILL CONSULTING, LLC",ARK PAC; BUDD PAC; Don Davis for Congress; Friends of Tim Moore; Harrigan for Congress; Husted for Senate; Knott for Congress; Murphy for Congress; Rouzer for Congress; THOM PAC,Brad Knott,2025-03-26,1000.00
"JENKINS HILL CONSULTING, LLC",ARK PAC; BUDD PAC; Don Davis for Congress; Friends of Tim Moore; Harrigan for Congress; Husted for Senate; Knott for Congress; Murphy for Congress; Rouzer for Congress; THOM PAC,Jon Husted,2025-03-26,1000.00
"JENKINS HILL CONSULTING, LLC",ARK PAC; BUDD PAC; Don Davis for Congress; Friends of Tim Moore; Harrigan for Congress; Husted for Senate; Knott for Congress; Murphy for Congress; Rouzer for Congress; THOM PAC,Thom Tillis,2025-05-14,1500.00
"JENKINS HILL CONSULTING, LLC",ARK PAC; BUDD PAC; Don Davis for Congress; Friends of Tim Moore; Harrigan for Congress; Husted for Senate; Knott for Congress; Murphy for Congress; Rouzer for Congress; THOM PAC,Pat Harrigan,2025-05-14,500.00
"JENKINS HILL CONSULTING, LLC",ARK PAC; BUDD PAC; Don Davis for Congress; Friends of Tim Moore; Harrigan for Congress; Husted for Senate; Knott for Congress; Murphy for Congress; Rouzer for Congress; THOM PAC,Addison McDowell,2025-05-14,500.00
"JENKINS HILL CONSULTING, LLC",ARK PAC; BUDD PAC; Don Davis for Congress; Friends of Tim Moore; Harrigan for Congress; Husted for Senate; Knott for Congress; Murphy for Congress; Rouzer for Congress; THOM PAC,Brad Knott,2025-06-06,1000.00
"JENKINS HILL CONSULTING, LLC",ARK PAC; BUDD PAC; Don Davis for Congress; Friends of Tim Moore; Harrigan for Congress; Husted for Senate; Knott for Congress; Murphy for Congress; Rouzer for Congress; THOM PAC,Thom Tiliis,2025-06-09,500.00
"JENKINS HILL CONSULTING, LLC",ARK PAC; BUDD PAC; Don Davis for Congress; Friends of Tim Moore; Harrigan for Congress; Husted for Senate; Knott for Congress; Murphy for Congress; Rouzer for Congress; THOM PAC,Mike Rogers,2025-06-17,500.00
"JENKINS HILL CONSULTING, LLC",ARK PAC; BUDD PAC; Don Davis for Congress; Friends of Tim Moore; Harrigan for Congress; Husted for Senate; Knott for Congress; Murphy for Congress; Rouzer for Congress; THOM PAC,John Boozman,2025-02-18,500.00
"JENKINS HILL CONSULTING, LLC",ARK PAC; BUDD PAC; Don Davis for Congress; Friends of Tim Moore; Harrigan for Congress; Husted for Senate; Knott for Congress; Murphy for Congress; Rouzer for Congress; THOM PAC,David Rouzer,2025-02-27,2000.00
"JENKINS HILL CONSULTING, LLC",ARK PAC; BUDD PAC; Don Davis for Congress; Friends of Tim Moore; Harrigan for Congress; Husted for Senate; Knott for Congress; Murphy for Congress; Rouzer for Congress; THOM PAC,Ted Budd,2025-02-27,1000.00
"JENKINS HILL CONSULTING, LLC",ARK PAC; BUDD PAC; Don Davis for Congress; Friends of Tim Moore; Harrigan for Congress; Husted for Senate; Knott for Congress; Murphy for Congress; Rouzer for Congress; THOM PAC,Don Davis,2025-03-11,2000.00
"JENKINS HILL CONSULTING, LLC",ARK PAC; BUDD PAC; Don Davis for Congress; Friends of Tim Moore; Harrigan for Congress; Husted for Senate; Knott for Congress; Murphy for Congress; Rouzer for Congress; THOM PAC,Tim Moore,2025-03-11,500.00
"JENKINS HILL CONSULTING, LLC",ARK PAC; BUDD PAC; Don Davis for Congress; Friends of Tim Moore; Harrigan for Congress; Husted for Senate; Knott for Congress; Murphy for Congress; Rouzer for Congress; THOM PAC,Greg Murphy,2025-03-24,2000.00
"JENKINS HILL CONSULTING, LLC",ARK PAC; BUDD PAC; Don Davis for Congress; Friends of Tim Moore; Harrigan for Congress; Husted for Senate; Knott for Congress; Murphy for Congress; Rouzer for Congress; THOM PAC,Brad Knott,2025-03-26,1000.00
"JENKINS HILL CONSULTING, LLC",ARK PAC; BUDD PAC; Don Davis for Congress; Friends of Tim Moore; Harrigan for Congress; Husted for Senate; Knott for Congress; Murphy for Congress; Rouzer for Congress; THOM PAC,Jon Husted,2025-03-26,1000.00
"JENKINS HILL CONSULTING, LLC",ARK PAC; BUDD PAC; Don Davis for Congress; Friends of Tim Moore; Harrigan for Congress; Husted for Senate; Knott for Congress; Murphy for Congress; Rouzer for Congress; THOM PAC,Thom Tillis,2025-05-14,1500.00
"JENKINS HILL CONSULTING, LLC",ARK PAC; BUDD PAC; Don Davis for Congress; Friends of Tim Moore; Harrigan for Congress; Husted for Senate; Knott for Congress; Murphy for Congress; Rouzer for Congress; THOM PAC,Pat Harrigan,2025-05-14,500.00
"JENKINS HILL CONSULTING, LLC",ARK PAC; BUDD PAC; Don Davis for Congress; Friends of Tim Moore; Harrigan for Congress; Husted for Senate; Knott for Congress; Murphy for Congress; Rouzer for Congress; THOM PAC,Addison McDowell,2025-05-14,500.00
"JENKINS HILL CONSULTING, LLC",ARK PAC; BUDD PAC; Don Davis for Congress; Friends of Tim Moore; Harrigan for Congress; Husted for Senate; Knott for Congress; Murphy for Congress; Rouzer for Congress; THOM PAC,Brad Knott,2025-06-06,1000.00
"JENKINS HILL CONSULTING, LLC",ARK PAC; BUDD PAC; Don Davis for Congress; Friends of Tim Moore; Harrigan for Congress; Husted for Senate; Knott for Congress; Murphy for Congress; Rouzer for Congress; THOM PAC,Thom Tiliis,2025-06-09,500.00
"JENKINS HILL CONSULTING, LLC",ARK PAC; BUDD PAC; Don Davis for Congress; Friends of Tim Moore; Harrigan for Congress; Husted for Senate; Knott for Congress; Murphy for Congress; Rouzer for Congress; THOM PAC,Mike Rogers,2025-06-17,500.00
"JENKINS HILL CONSULTING, LLC",ARK PAC; BUDD PAC; Don Davis for Congress; Friends of Tim Moore; Harrigan for Congress; Husted for Senate; Knott for Congress; Murphy for Congress; Rouzer for Congress; THOM PAC,John Boozman,2025-02-18,500.00
"JENKINS HILL CONSULTING, LLC",ARK PAC; BUDD PAC; Don Davis for Congress; Friends of Tim Moore; Harrigan for Congress; Husted for Senate; Knott for Congress; Murphy for Congress; Rouzer for Congress; THOM PAC,David Rouzer,2025-02-27,2000.00
"JENKINS HILL CONSULTING, LLC",ARK PAC; BUDD PAC; Don Davis for Congress; Friends of Tim Moore; Harrigan for Congress; Husted for Senate; Knott for Congress; Murphy for Congress; Rouzer for Congress; THOM PAC,Ted Budd,2025-02-27,1000.00
"JENKINS HILL CONSULTING, LLC",ARK PAC; BUDD PAC; Don Davis for Congress; Friends of Tim Moore; Harrigan for Congress; Husted for Senate; Knott for Congress; Murphy for Congress; Rouzer for Congress; THOM PAC,Don Davis,2025-03-11,2000.00
"JENKINS HILL CONSULTING, LLC",ARK PAC; BUDD PAC; Don Davis for Congress; Friends of Tim Moore; Harrigan for Congress; Husted for Senate; Knott for Congress; Murphy for Congress; Rouzer for Congress; THOM PAC,Tim Moore,2025-03-11,500.00
"JENKINS HILL CONSULTING, LLC",ARK PAC; BUDD PAC; Don Davis for Congress; Friends of Tim Moore; Harrigan for Congress; Husted for Senate; Knott for Congress; Murphy for Congress; Rouzer for Congress; THOM PAC,Greg Murphy,2025-03-24,2000.00
"JENKINS HILL CONSULTING, LLC",ARK PAC; BUDD PAC; Don Davis for Congress; Friends of Tim Moore; Harrigan for Congress; Husted for Senate; Knott for Congress; Murphy for Congress; Rouzer for Congress; THOM PAC,Brad Knott,2025-03-26,1000.00
"JENKINS HILL CONSULTING, LLC",ARK PAC; BUDD PAC; Don Davis for Congress; Friends of Tim Moore; Harrigan for Congress; Husted for Senate; Knott for Congress; Murphy for Congress; Rouzer for Congress; THOM PAC,Jon Husted,2025-03-26,1000.00
"JENKINS HILL CONSULTING, LLC",ARK PAC; BUDD PAC; Don Davis for Congress; Friends of Tim Moore; Harrigan for Congress; Husted for Senate; Knott for Congress; Murphy for Congress; Rouzer for Congress; THOM PAC,Thom Tillis,2025-05-14,1500.00
"JENKINS HILL CONSULTING, LLC",ARK PAC; BUDD PAC; Don Davis for Congress; Friends of Tim Moore; Harrigan for Congress; Husted for Senate; Knott for Congress; Murphy for Congress; Rouzer for Congress; THOM PAC,Pat Harrigan,2025-05-14,500.00
"JENKINS HILL CONSULTING, LLC",ARK PAC; BUDD PAC; Don Davis for Congress; Friends of Tim Moore; Harrigan for Congress; Husted for Senate; Knott for Congress; Murphy for Congress; Rouzer for Congress; THOM PAC,Addison McDowell,2025-05-14,500.00
"JENKINS HILL CONSULTING, LLC",ARK PAC; BUDD PAC; Don Davis for Congress; Friends of Tim Moore; Harrigan for Congress; Husted for Senate; Knott for Congress; Murphy for Congress; Rouzer for Congress; THOM PAC,Brad Knott,2025-06-06,1000.00
"JENKINS HILL CONSULTING, LLC",ARK PAC; BUDD PAC; Don Davis for Congress; Friends of Tim Moore; Harrigan for Congress; Husted for Senate; Knott for Congress; Murphy for Congress; Rouzer for Congress; THOM PAC,Thom Tiliis,2025-06-09,500.00
"JENKINS HILL CONSULTING, LLC",ARK PAC; BUDD PAC; Don Davis for Congress; Friends of Tim Moore; Harrigan for Congress; Husted for Senate; Knott for Congress; Murphy for Congress; Rouzer for Congress; THOM PAC,Mike Rogers,2025-06-17,500.00
"JENKINS HILL CONSULTING, LLC",ARK PAC; BUDD PAC; Don Davis for Congress; Friends of Tim Moore; Harrigan for Congress; Husted for Senate; Knott for Congress; Murphy for Congress; Rouzer for Congress; THOM PAC,John Boozman,2025-02-18,500.00
"JENKINS HILL CONSULTING, LLC",ARK PAC; BUDD PAC; Don Davis for Congress; Friends of Tim Moore; Harrigan for Congress; Husted for Senate; Knott for Congress; Murphy for Congress; Rouzer for Congress; THOM PAC,David Rouzer,2025-02-27,2000.00
"JENKINS HILL CONSULTING, LLC",ARK PAC; BUDD PAC; Don Davis for Congress; Friends of Tim Moore; Harrigan for Congress; Husted for Senate; Knott for Congress; Murphy for Congress; Rouzer for Congress; THOM PAC,Ted Budd,2025-02-27,1000.00
"JENKINS HILL CONSULTING, LLC",ARK PAC; BUDD PAC; Don Davis for Congress; Friends of Tim Moore; Harrigan for Congress; Husted for Senate; Knott for Congress; Murphy for Congress; Rouzer for Congress; THOM PAC,Don Davis,2025-03-11,2000.00
"JENKINS HILL CONSULTING, LLC",ARK PAC; BUDD PAC; Don Davis for Congress; Friends of Tim Moore; Harrigan for Congress; Husted for Senate; Knott for Congress; Murphy for Congress; Rouzer for Congress; THOM PAC,Tim Moore,2025-03-11,500.00
"JENKINS HILL CONSULTING, LLC",ARK PAC; BUDD PAC; Don Davis for Congress; Friends of Tim Moore; Harrigan for Congress; Husted for Senate; Knott for Congress; Murphy for Congress; Rouzer for Congress; THOM PAC,Greg Murphy,2025-03-24,2000.00
"JENKINS HILL CONSULTING, LLC",ARK PAC; BUDD PAC; Don Davis for Congress; Friends of Tim Moore; Harrigan for Congress; Husted for Senate; Knott for Congress; Murphy for Congress; Rouzer for Congress; THOM PAC,Brad Knott,2025-03-26,1000.00
"JENKINS HILL CONSULTING, LLC",ARK PAC; BUDD PAC; Don Davis for Congress; Friends of Tim Moore; Harrigan for Congress; Husted for Senate; Knott for Congress; Murphy for Congress; Rouzer for Congress; THOM PAC,Jon Husted,2025-03-26,1000.00
"JENKINS HILL CONSULTING, LLC",ARK PAC; BUDD PAC; Don Davis for Congress; Friends of Tim Moore; Harrigan for Congress; Husted for Senate; Knott for Congress; Murphy for Congress; Rouzer for Congress; THOM PAC,Thom Tillis,2025-05-14,1500.00
"JENKINS HILL CONSULTING, LLC",ARK PAC; BUDD PAC; Don Davis for Congress; Friends of Tim Moore; Harrigan for Congress; Husted for Senate; Knott for Congress; Murphy for Congress; Rouzer for Congress; THOM PAC,Pat Harrigan,2025-05-14,500.00
"JENKINS HILL CONSULTING, LLC",ARK PAC; BUDD PAC; Don Davis for Congress; Friends of Tim Moore; Harrigan for Congress; Husted for Senate; Knott for Congress; Murphy for Congress; Rouzer for Congress; THOM PAC,Addison McDowell,2025-05-14,500.00
"JENKINS HILL CONSULTING, LLC",ARK PAC; BUDD PAC; Don Davis for Congress; Friends of Tim Moore; Harrigan for Congress; Husted for Senate; Knott for Congress; Murphy for Congress; Rouzer for Congress; THOM PAC,Brad Knott,2025-06-06,1000.00
"JENKINS HILL CONSULTING, LLC",ARK PAC; BUDD PAC; Don Davis for Congress; Friends of Tim Moore; Harrigan for Congress; Husted for Senate; Knott for Congress; Murphy for Congress; Rouzer for Congress; THOM PAC,Thom Tiliis,2025-06-09,500.00
"JENKINS HILL CONSULTING, LLC",ARK PAC; BUDD PAC; Don Davis for Congress; Friends of Tim Moore; Harrigan for Congress; Husted for Senate; Knott for Congress; Murphy for Congress; Rouzer for Congress; THOM PAC,Mike Rogers,2025-06-17,500.00
AMERICAN CRYSTAL SUGAR COMPANY,American Crystal Sugar Company PAC,Austin Scott For Congress Inc,2025-02-11,5000.00
AMERICAN CRYSTAL SUGAR COMPANY,American Crystal Sugar Company PAC,Committee To Elect Shomari Figures For Congress,2025-02-11,5000.00
AMERICAN CRYSTAL SUGAR COMPANY,American Crystal Sugar Company PAC,Dave Taylor For Congress,2025-02-11,5000.00
AMERICAN CRYSTAL SUGAR COMPANY,American Crystal Sugar Company PAC,Derek Schmidt For Congress,2025-02-11,5000.00
AMERICAN CRYSTAL SUGAR COMPANY,American Crystal Sugar Company PAC,Eric Sorensen For Illinois,2025-02-11,5000.00
AMERICAN CRYSTAL SUGAR COMPANY,American Crystal Sugar Company PAC,Jeff Crank for Congress,2025-02-11,5000.00
AMERICAN CRYSTAL SUGAR COMPANY,American Crystal Sugar Company PAC,Joni For Iowa,2025-02-11,5000.00
AMERICAN CRYSTAL SUGAR COMPANY,American Crystal Sugar Company PAC,Josh Riley For Congress,2025-02-11,5000.00
AMERICAN CRYSTAL SUGAR COMPANY,American Crystal Sugar Company PAC,Julia Letlow For Congress,2025-02-11,5000.00
AMERICAN CRYSTAL SUGAR COMPANY,American Crystal Sugar Company PAC,Kristen For Michigan,2025-02-11,5000.00
AMERICAN CRYSTAL SUGAR COMPANY,American Crystal Sugar Company PAC,Lisa McClain For Congress,2025-02-11,5000.00
AMERICAN CRYSTAL SUGAR COMPANY,American Crystal Sugar Company PAC,Mary Miller For Congress,2025-02-11,5000.00
AMERICAN CRYSTAL SUGAR COMPANY,American Crystal Sugar Company PAC,Mullin For America,2025-02-11,5000.00
AMERICAN CRYSTAL SUGAR COMPANY,American Crystal Sugar Company PAC,Sullivan For Us Senate,2025-02-11,5000.00
AMERICAN CRYSTAL SUGAR COMPANY,American Crystal Sugar Company PAC,Terri Sewell For Congress,2025-02-11,5000.00
AMERICAN CRYSTAL SUGAR COMPANY,American Crystal Sugar Company PAC,Troy Carter For Congress,2025-02-11,5000.00
AMERICAN CRYSTAL SUGAR COMPANY,American Crystal Sugar Company PAC,United With Delia For Congress,2025-02-11,5000.00
AMERICAN CRYSTAL SUGAR COMPANY,American Crystal Sugar Company PAC,Vote Baumgartner For Congress,2025-02-11,5000.00
AMERICAN CRYSTAL SUGAR COMPANY,American Crystal Sugar Company PAC,"Ben Cline For Congress, Inc.",2025-03-03,5000.00
AMERICAN CRYSTAL SUGAR COMPANY,American Crystal Sugar Company PAC,Bera For Congress,2025-03-03,5000.00
AMERICAN CRYSTAL SUGAR COMPANY,American Crystal Sugar Company PAC,BOLD PAC,2025-03-03,5000.00
AMERICAN CRYSTAL SUGAR COMPANY,American Crystal Sugar Company PAC,Brandon Gill For Texas,2025-03-03,2500.00
AMERICAN CRYSTAL SUGAR COMPANY,American Crystal Sugar Company PAC,Cindy Hyde-Smith For US Senate,2025-03-03,5000.00
AMERICAN CRYSTAL SUGAR COMPANY,American Crystal Sugar Company PAC,Committee To Elect Jared Golden,2025-03-03,5000.00
AMERICAN CRYSTAL SUGAR COMPANY,American Crystal Sugar Company PAC,Committee To Re-Elect Henry Hank Johnson,2025-03-03,5000.00
AMERICAN CRYSTAL SUGAR COMPANY,American Crystal Sugar Company PAC,Courtney For Congress,2025-03-03,5000.00
AMERICAN CRYSTAL SUGAR COMPANY,American Crystal Sugar Company PAC,Daniel Webster For Congress,2025-03-03,5000.00
AMERICAN CRYSTAL SUGAR COMPANY,American Crystal Sugar Company PAC,Donald Norcross For Congress,2025-03-03,2500.00
AMERICAN CRYSTAL SUGAR COMPANY,American Crystal Sugar Company PAC,DREAMPAC,2025-03-03,5000.00
AMERICAN CRYSTAL SUGAR COMPANY,American Crystal Sugar Company PAC,Friends Of Dusty Johnson,2025-03-03,2500.00
AMERICAN CRYSTAL SUGAR COMPANY,American Crystal Sugar Company PAC,Friends Of Jahana Hayes,2025-03-03,2500.00
AMERICAN CRYSTAL SUGAR COMPANY,American Crystal Sugar Company PAC,Friends Of Rosa Delauro,2025-03-03,2500.00
AMERICAN CRYSTAL SUGAR COMPANY,American Crystal Sugar Company PAC,Herb Conaway For Congress,2025-03-03,5000.00
AMERICAN CRYSTAL SUGAR COMPANY,American Crystal Sugar Company PAC,Hern For Congress,2025-03-03,2500.00
AMERICAN CRYSTAL SUGAR COMPANY,American Crystal Sugar Company PAC,Hoyer For Congress,2025-03-03,5000.00
AMERICAN CRYSTAL SUGAR COMPANY,American Crystal Sugar Company PAC,Jim Costa For Congress,2025-03-03,2500.00
AMERICAN CRYSTAL SUGAR COMPANY,American Crystal Sugar Company PAC,Jimmy Panetta For Congress,2025-03-03,5000.00
AMERICAN CRYSTAL SUGAR COMPANY,American Crystal Sugar Company PAC,John Carter For Congress,2025-03-03,5000.00
AMERICAN CRYSTAL SUGAR COMPANY,American Crystal Sugar Company PAC,Josh Harder For Congress,2025-03-03,5000.00
AMERICAN CRYSTAL SUGAR COMPANY,American Crystal Sugar Company PAC,Kiggans For Congress,2025-03-03,5000.00
AMERICAN CRYSTAL SUGAR COMPANY,American Crystal Sugar Company PAC,Landsman For Congress,2025-03-03,2500.00
AMERICAN CRYSTAL SUGAR COMPANY,American Crystal Sugar Company PAC,Langworthy For Congress,2025-03-03,5000.00
AMERICAN CRYSTAL SUGAR COMPANY,American Crystal Sugar Company PAC,Lauren Boebert For Congress,2025-03-03,5000.00
AMERICAN CRYSTAL SUGAR COMPANY,American Crystal Sugar Company PAC,McGuire For Virginia,2025-03-03,5000.00
AMERICAN CRYSTAL SUGAR COMPANY,American Crystal Sugar Company PAC,Messmer For Congress,2025-03-03,5000.00
AMERICAN CRYSTAL SUGAR COMPANY,American Crystal Sugar Company PAC,Robert Aderholt For Congress,2025-03-03,5000.00
AMERICAN CRYSTAL SUGAR COMPANY,American Crystal Sugar Company PAC,Sanford Bishop For Congress,2025-03-03,2500.00
AMERICAN CRYSTAL SUGAR COMPANY,American Crystal Sugar Company PAC,Scott Fitzgerald For Congress,2025-03-03,5000.00
AMERICAN CRYSTAL SUGAR COMPANY,American Crystal Sugar Company PAC,SECURE PAC,2025-03-03,5000.00
AMERICAN CRYSTAL SUGAR COMPANY,American Crystal Sugar Company PAC,Sheri Biggs For Congress,2025-03-03,2500.00
AMERICAN CRYSTAL SUGAR COMPANY,American Crystal Sugar Company PAC,Simpson For Congress,2025-03-03,5000.00
AMERICAN CRYSTAL SUGAR COMPANY,American Crystal Sugar Company PAC,Suozzi For Congress,2025-03-03,5000.00
AMERICAN CRYSTAL SUGAR COMPANY,American Crystal Sugar Company PAC,Sylvia Garcia For Congress,2025-03-03,2500.00
AMERICAN CRYSTAL SUGAR COMPANY,American Crystal Sugar Company PAC,Thom Tillis Committee,2025-03-03,5000.00
AMERICAN CRYSTAL SUGAR COMPANY,American Crystal Sugar Company PAC,Adam Gray For Congress,2025-03-13,2500.00
AMERICAN CRYSTAL SUGAR COMPANY,American Crystal Sugar Company PAC,ARKPAC (Ar for Leadership Political Action Committee),2025-03-13,5000.00
AMERICAN CRYSTAL SUGAR COMPANY,American Crystal Sugar Company PAC,Darren Soto For Congress,2025-03-13,5000.00
AMERICAN CRYSTAL SUGAR COMPANY,American Crystal Sugar Company PAC,Eric Burlison For Congress,2025-03-13,5000.00
AMERICAN CRYSTAL SUGAR COMPANY,American Crystal Sugar Company PAC,Friends Of Lucy McBath,2025-03-13,5000.00
AMERICAN CRYSTAL SUGAR COMPANY,American Crystal Sugar Company PAC,Friends To Elect Dr. Greg Murphy To Congress,2025-03-13,5000.00
AMERICAN CRYSTAL SUGAR COMPANY,American Crystal Sugar Company PAC,Jason Crow For Congress,2025-03-13,5000.00
AMERICAN CRYSTAL SUGAR COMPANY,American Crystal Sugar Company PAC,Marie For Congress,2025-03-13,2500.00
AMERICAN CRYSTAL SUGAR COMPANY,American Crystal Sugar Company PAC,McClellan For Congress,2025-03-13,5000.00
AMERICAN CRYSTAL SUGAR COMPANY,American Crystal Sugar Company PAC,Moolenaar For Congress,2025-03-13,5000.00
AMERICAN CRYSTAL SUGAR COMPANY,American Crystal Sugar Company PAC,Randy Fine For Congress,2025-03-13,5000.00
AMERICAN CRYSTAL SUGAR COMPANY,American Crystal Sugar Company PAC,Scanlon For Congress,2025-03-13,2500.00
AMERICAN CRYSTAL SUGAR COMPANY,American Crystal Sugar Company PAC,Sock It To 'Em PAC,2025-03-13,5000.00
AMERICAN CRYSTAL SUGAR COMPANY,American Crystal Sugar Company PAC,Haley Stevens For Congress,2025-03-24,5000.00
AMERICAN CRYSTAL SUGAR COMPANY,American Crystal Sugar Company PAC,Haley Stevens For Congress,2025-03-24,5000.00
AMERICAN CRYSTAL SUGAR COMPANY,American Crystal Sugar Company PAC,Andy Kim For New Jersey,2025-03-26,5000.00
AMERICAN CRYSTAL SUGAR COMPANY,American Crystal Sugar Company PAC,Castro For Congress,2025-03-26,2500.00
AMERICAN CRYSTAL SUGAR COMPANY,American Crystal Sugar Company PAC,Friends Of Raja For Congress,2025-03-26,5000.00
AMERICAN CRYSTAL SUGAR COMPANY,American Crystal Sugar Company PAC,Friends Of Raja For Congress,2025-03-26,5000.00
AMERICAN CRYSTAL SUGAR COMPANY,American Crystal Sugar Company PAC,Lilac PAC,2025-03-26,5000.00
AMERICAN CRYSTAL SUGAR COMPANY,American Crystal Sugar Company PAC,Pat Ryan For Congress,2025-03-26,5000.00
AMERICAN CRYSTAL SUGAR COMPANY,American Crystal Sugar Company PAC,Suhas For Virginia,2025-03-26,5000.00
AMERICAN CRYSTAL SUGAR COMPANY,American Crystal Sugar Company PAC,Friends To Elect Dr. Greg Murphy To Congress,2025-03-27,1000.00
AMERICAN CRYSTAL SUGAR COMPANY,American Crystal Sugar Company PAC,Becca Balint For Vermont,2025-04-08,5000.00
AMERICAN CRYSTAL SUGAR COMPANY,American Crystal Sugar Company PAC,Dan Newhouse For Congress,2025-04-08,5000.00
AMERICAN CRYSTAL SUGAR COMPANY,American Crystal Sugar Company PAC,Emily Randall For Congress,2025-04-08,5000.00
AMERICAN CRYSTAL SUGAR COMPANY,American Crystal Sugar Company PAC,Fedorchak For Nd,2025-04-08,5000.00
AMERICAN CRYSTAL SUGAR COMPANY,American Crystal Sugar Company PAC,Larson For Congress,2025-04-08,5000.00
AMERICAN CRYSTAL SUGAR COMPANY,American Crystal Sugar Company PAC,Moody for FL,2025-04-08,5000.00
AMERICAN CRYSTAL SUGAR COMPANY,American Crystal Sugar Company PAC,"Moore For West Virginia, Inc.",2025-04-08,5000.00
AMERICAN CRYSTAL SUGAR COMPANY,American Crystal Sugar Company PAC,Nikki For Congress,2025-04-08,5000.00
AMERICAN CRYSTAL SUGAR COMPANY,American Crystal Sugar Company PAC,Pingree For Congress,2025-04-08,5000.00
AMERICAN CRYSTAL SUGAR COMPANY,American Crystal Sugar Company PAC,Val Hoyle For Congress,2025-04-08,5000.00
AMERICAN CRYSTAL SUGAR COMPANY,American Crystal Sugar Company PAC,Veronica Escobar For Congress,2025-04-08,5000.00
AMERICAN CRYSTAL SUGAR COMPANY,American Crystal Sugar Company PAC,Electgabeevans.Com,2025-04-16,5000.00
AMERICAN CRYSTAL SUGAR COMPANY,American Crystal Sugar Company PAC,Feenstra For Congress,2025-04-16,5000.00
AMERICAN CRYSTAL SUGAR COMPANY,American Crystal Sugar Company PAC,Jeff Hurd For Congress,2025-04-16,5000.00
AMERICAN CRYSTAL SUGAR COMPANY,American Crystal Sugar Company PAC,Lauren Underwood For Congress,2025-04-16,5000.00
AMERICAN CRYSTAL SUGAR COMPANY,American Crystal Sugar Company PAC,Mark Green For Congress,2025-04-16,5000.00
AMERICAN CRYSTAL SUGAR COMPANY,American Crystal Sugar Company PAC,Rob For Pa,2025-04-16,5000.00
AMERICAN CRYSTAL SUGAR COMPANY,American Crystal Sugar Company PAC,Rulli For Ohio,2025-04-16,5000.00
AMERICAN CRYSTAL SUGAR COMPANY,American Crystal Sugar Company PAC,"Steil For Wisconsin, Inc.",2025-04-16,5000.00
AMERICAN CRYSTAL SUGAR COMPANY,American Crystal Sugar Company PAC,Tom Barrett For Congress,2025-04-16,5000.00
AMERICAN CRYSTAL SUGAR COMPANY,American Crystal Sugar Company PAC,Tony Wied For Congress,2025-04-16,5000.00
AMERICAN CRYSTAL SUGAR COMPANY,American Crystal Sugar Company PAC,NCFC PAC,2025-04-29,5000.00
AMERICAN CRYSTAL SUGAR COMPANY,American Crystal Sugar Company PAC,Bice For Congress,2025-05-14,5000.00
AMERICAN CRYSTAL SUGAR COMPANY,American Crystal Sugar Company PAC,Cole For Congress,2025-05-14,5000.00
AMERICAN CRYSTAL SUGAR COMPANY,American Crystal Sugar Company PAC,Fair Shot PAC,2025-05-14,5000.00
AMERICAN CRYSTAL SUGAR COMPANY,American Crystal Sugar Company PAC,Hern For Congress,2025-05-14,2500.00
AMERICAN CRYSTAL SUGAR COMPANY,American Crystal Sugar Company PAC,Hern For Congress,2025-05-14,2500.00
AMERICAN CRYSTAL SUGAR COMPANY,American Crystal Sugar Company PAC,"Laurel Lee For Congress, Inc.",2025-05-14,5000.00
AMERICAN CRYSTAL SUGAR COMPANY,American Crystal Sugar Company PAC,Lucas For Congress,2025-05-14,5000.00
AMERICAN CRYSTAL SUGAR COMPANY,American Crystal Sugar Company PAC,Mann For Congress,2025-05-14,5000.00
AMERICAN CRYSTAL SUGAR COMPANY,American Crystal Sugar Company PAC,"Sheila Cherfilus McCormick For Congress, Inc",2025-05-14,5000.00
AMERICAN CRYSTAL SUGAR COMPANY,American Crystal Sugar Company PAC,Vince Fong For Congress,2025-05-14,5000.00
AMERICAN CRYSTAL SUGAR COMPANY,American Crystal Sugar Company PAC,Brian Jack For Congress,2025-05-29,5000.00
AMERICAN CRYSTAL SUGAR COMPANY,American Crystal Sugar Company PAC,Morgan McGarvey For Congress,2025-05-29,5000.00
AMERICAN CRYSTAL SUGAR COMPANY,American Crystal Sugar Company PAC,Democratic Congressional Campaign Committee,2025-05-30,15000.00
AMERICAN CRYSTAL SUGAR COMPANY,American Crystal Sugar Company PAC,Democratic Congressional Campaign Committee,2025-05-30,15000.00
AMERICAN CRYSTAL SUGAR COMPANY,American Crystal Sugar Company PAC,Democratic Senatorial Campaign Committee,2025-05-30,15000.00
AMERICAN CRYSTAL SUGAR COMPANY,American Crystal Sugar Company PAC,Democratic Senatorial Campaign Committee,2025-05-30,15000.00
AMERICAN CRYSTAL SUGAR COMPANY,American Crystal Sugar Company PAC,Friends Of Glenn Thompson,2025-05-30,5000.00
AMERICAN CRYSTAL SUGAR COMPANY,American Crystal Sugar Company PAC,Mannion For New York,2025-05-30,2500.00
AMERICAN CRYSTAL SUGAR COMPANY,American Crystal Sugar Company PAC,National Republican Congressional Committee,2025-05-30,15000.00
AMERICAN CRYSTAL SUGAR COMPANY,American Crystal Sugar Company PAC,National Republican Congressional Committee,2025-05-30,15000.00
AMERICAN CRYSTAL SUGAR COMPANY,American Crystal Sugar Company PAC,National Republican Senatorial Committee,2025-05-30,15000.00
AMERICAN CRYSTAL SUGAR COMPANY,American Crystal Sugar Company PAC,National Republican Senatorial Committee,2025-05-30,15000.00
AMERICAN CRYSTAL SUGAR COMPANY,American Crystal Sugar Company PAC,Velvet Hammer PAC,2025-05-30,5000.00
AMERICAN CRYSTAL SUGAR COMPANY,American Crystal Sugar Company PAC,Walkinshaw For Congress,2025-06-11,5000.00
AMERICAN CRYSTAL SUGAR COMPANY,American Crystal Sugar Company PAC,Adam Gray For Congress,2025-06-30,2500.00
AMERICAN CRYSTAL SUGAR COMPANY,American Crystal Sugar Company PAC,Adam Gray For Congress,2025-06-30,5000.00
AMERICAN CRYSTAL SUGAR COMPANY,American Crystal Sugar Company PAC,Cisneros For Congress,2025-06-30,5000.00
AMERICAN CRYSTAL SUGAR COMPANY,American Crystal Sugar Company PAC,Cisneros For Congress,2025-06-30,5000.00
AMERICAN CRYSTAL SUGAR COMPANY,American Crystal Sugar Company PAC,Dave Min For Congress,2025-06-30,5000.00
AMERICAN CRYSTAL SUGAR COMPANY,American Crystal Sugar Company PAC,Dave Min For Congress,2025-06-30,5000.00
AMERICAN CRYSTAL SUGAR COMPANY,American Crystal Sugar Company PAC,Derek Tran For Congress,2025-06-30,5000.00
AMERICAN CRYSTAL SUGAR COMPANY,American Crystal Sugar Company PAC,Derek Tran For Congress,2025-06-30,5000.00
AMERICAN CRYSTAL SUGAR COMPANY,American Crystal Sugar Company PAC,Dr. Raul Ruiz For Congress,2025-06-30,5000.00
AMERICAN CRYSTAL SUGAR COMPANY,American Crystal Sugar Company PAC,George Whitesides For Congress,2025-06-30,5000.00
AMERICAN CRYSTAL SUGAR COMPANY,American Crystal Sugar Company PAC,George Whitesides For Congress,2025-06-30,5000.00
AMERICAN CRYSTAL SUGAR COMPANY,American Crystal Sugar Company PAC,Janelle Bynum For Congress,2025-06-30,5000.00
AMERICAN CRYSTAL SUGAR COMPANY,American Crystal Sugar Company PAC,Jim Costa For Congress,2025-06-30,5000.00
AMERICAN CRYSTAL SUGAR COMPANY,American Crystal Sugar Company PAC,Jim Costa For Congress,2025-06-30,2500.00
AMERICAN CRYSTAL SUGAR COMPANY,American Crystal Sugar Company PAC,Jimmy Panetta For Congress,2025-06-30,5000.00
AMERICAN CRYSTAL SUGAR COMPANY,American Crystal Sugar Company PAC,Josh Harder For Congress,2025-06-30,5000.00
AMERICAN CRYSTAL SUGAR COMPANY,American Crystal Sugar Company PAC,Lou Correa For Congress,2025-06-30,5000.00
AMERICAN CRYSTAL SUGAR COMPANY,American Crystal Sugar Company PAC,Lou Correa For Congress,2025-06-30,5000.00
AMERICAN CRYSTAL SUGAR COMPANY,American Crystal Sugar Company PAC,Mike Levin For Congress,2025-06-30,5000.00
AMERICAN CRYSTAL SUGAR COMPANY,American Crystal Sugar Company PAC,Mike Levin For Congress,2025-06-30,5000.00
AMERICAN CRYSTAL SUGAR COMPANY,American Crystal Sugar Company PAC,Pete Aguilar For Congress,2025-06-30,5000.00
AMERICAN CRYSTAL SUGAR COMPANY,American Crystal Sugar Company PAC,Pete Aguilar For Congress,2025-06-30,5000.00
AMERICAN CRYSTAL SUGAR COMPANY,American Crystal Sugar Company PAC,Robin Kelly for Senate,2025-06-30,5000.00
AMERICAN CRYSTAL SUGAR COMPANY,American Crystal Sugar Company PAC,Robin Kelly for Senate,2025-06-30,5000.00
AMERICAN CRYSTAL SUGAR COMPANY,American Crystal Sugar Company PAC,Salud Carbajal For Congress,2025-06-30,5000.00
AMERICAN CRYSTAL SUGAR COMPANY,American Crystal Sugar Company PAC,Salud Carbajal For Congress,2025-06-30,5000.00
AMERICAN CRYSTAL SUGAR COMPANY,American Crystal Sugar Company PAC,Austin Scott For Congress Inc,2025-02-11,5000.00
AMERICAN CRYSTAL SUGAR COMPANY,American Crystal Sugar Company PAC,Committee To Elect Shomari Figures For Congress,2025-02-11,5000.00
AMERICAN CRYSTAL SUGAR COMPANY,American Crystal Sugar Company PAC,Dave Taylor For Congress,2025-02-11,5000.00
AMERICAN CRYSTAL SUGAR COMPANY,American Crystal Sugar Company PAC,Derek Schmidt For Congress,2025-02-11,5000.00
AMERICAN CRYSTAL SUGAR COMPANY,American Crystal Sugar Company PAC,Eric Sorensen For Illinois,2025-02-11,5000.00
AMERICAN CRYSTAL SUGAR COMPANY,American Crystal Sugar Company PAC,Jeff Crank for Congress,2025-02-11,5000.00
AMERICAN CRYSTAL SUGAR COMPANY,American Crystal Sugar Company PAC,Joni For Iowa,2025-02-11,5000.00
AMERICAN CRYSTAL SUGAR COMPANY,American Crystal Sugar Company PAC,Josh Riley For Congress,2025-02-11,5000.00
AMERICAN CRYSTAL SUGAR COMPANY,American Crystal Sugar Company PAC,Julia Letlow For Congress,2025-02-11,5000.00
AMERICAN CRYSTAL SUGAR COMPANY,American Crystal Sugar Company PAC,Kristen For Michigan,2025-02-11,5000.00
AMERICAN CRYSTAL SUGAR COMPANY,American Crystal Sugar Company PAC,Lisa McClain For Congress,2025-02-11,5000.00
AMERICAN CRYSTAL SUGAR COMPANY,American Crystal Sugar Company PAC,Mary Miller For Congress,2025-02-11,5000.00
AMERICAN CRYSTAL SUGAR COMPANY,American Crystal Sugar Company PAC,Mullin For America,2025-02-11,5000.00
AMERICAN CRYSTAL SUGAR COMPANY,American Crystal Sugar Company PAC,Sullivan For Us Senate,2025-02-11,5000.00
AMERICAN CRYSTAL SUGAR COMPANY,American Crystal Sugar Company PAC,Terri Sewell For Congress,2025-02-11,5000.00
AMERICAN CRYSTAL SUGAR COMPANY,American Crystal Sugar Company PAC,Troy Carter For Congress,2025-02-11,5000.00
AMERICAN CRYSTAL SUGAR COMPANY,American Crystal Sugar Company PAC,United With Delia For Congress,2025-02-11,5000.00
AMERICAN CRYSTAL SUGAR COMPANY,American Crystal Sugar Company PAC,Vote Baumgartner For Congress,2025-02-11,5000.00
AMERICAN CRYSTAL SUGAR COMPANY,American Crystal Sugar Company PAC,"Ben Cline For Congress, Inc.",2025-03-03,5000.00
AMERICAN CRYSTAL SUGAR COMPANY,American Crystal Sugar Company PAC,Bera For Congress,2025-03-03,5000.00
AMERICAN CRYSTAL SUGAR COMPANY,American Crystal Sugar Company PAC,BOLD PAC,2025-03-03,5000.00
AMERICAN CRYSTAL SUGAR COMPANY,American Crystal Sugar Company PAC,Brandon Gill For Texas,2025-03-03,2500.00
AMERICAN CRYSTAL SUGAR COMPANY,American Crystal Sugar Company PAC,Cindy Hyde-Smith For US Senate,2025-03-03,5000.00
AMERICAN CRYSTAL SUGAR COMPANY,American Crystal Sugar Company PAC,Committee To Elect Jared Golden,2025-03-03,5000.00
AMERICAN CRYSTAL SUGAR COMPANY,American Crystal Sugar Company PAC,Committee To Re-Elect Henry Hank Johnson,2025-03-03,5000.00
AMERICAN CRYSTAL SUGAR COMPANY,American Crystal Sugar Company PAC,Courtney For Congress,2025-03-03,5000.00
AMERICAN CRYSTAL SUGAR COMPANY,American Crystal Sugar Company PAC,Daniel Webster For Congress,2025-03-03,5000.00
AMERICAN CRYSTAL SUGAR COMPANY,American Crystal Sugar Company PAC,Donald Norcross For Congress,2025-03-03,2500.00
AMERICAN CRYSTAL SUGAR COMPANY,American Crystal Sugar Company PAC,DREAMPAC,2025-03-03,5000.00
AMERICAN CRYSTAL SUGAR COMPANY,American Crystal Sugar Company PAC,Friends Of Dusty Johnson,2025-03-03,2500.00
AMERICAN CRYSTAL SUGAR COMPANY,American Crystal Sugar Company PAC,Friends Of Jahana Hayes,2025-03-03,2500.00
AMERICAN CRYSTAL SUGAR COMPANY,American Crystal Sugar Company PAC,Friends Of Rosa Delauro,2025-03-03,2500.00
AMERICAN CRYSTAL SUGAR COMPANY,American Crystal Sugar Company PAC,Herb Conaway For Congress,2025-03-03,5000.00
AMERICAN CRYSTAL SUGAR COMPANY,American Crystal Sugar Company PAC,Hern For Congress,2025-03-03,2500.00
AMERICAN CRYSTAL SUGAR COMPANY,American Crystal Sugar Company PAC,Hoyer For Congress,2025-03-03,5000.00
AMERICAN CRYSTAL SUGAR COMPANY,American Crystal Sugar Company PAC,Jim Costa For Congress,2025-03-03,2500.00
AMERICAN CRYSTAL SUGAR COMPANY,American Crystal Sugar Company PAC,Jimmy Panetta For Congress,2025-03-03,5000.00
AMERICAN CRYSTAL SUGAR COMPANY,American Crystal Sugar Company PAC,John Carter For Congress,2025-03-03,5000.00
AMERICAN CRYSTAL SUGAR COMPANY,American Crystal Sugar Company PAC,Josh Harder For Congress,2025-03-03,5000.00
AMERICAN CRYSTAL SUGAR COMPANY,American Crystal Sugar Company PAC,Kiggans For Congress,2025-03-03,5000.00
AMERICAN CRYSTAL SUGAR COMPANY,American Crystal Sugar Company PAC,Landsman For Congress,2025-03-03,2500.00
AMERICAN CRYSTAL SUGAR COMPANY,American Crystal Sugar Company PAC,Langworthy For Congress,2025-03-03,5000.00
AMERICAN CRYSTAL SUGAR COMPANY,American Crystal Sugar Company PAC,Lauren Boebert For Congress,2025-03-03,5000.00
AMERICAN CRYSTAL SUGAR COMPANY,American Crystal Sugar Company PAC,McGuire For Virginia,2025-03-03,5000.00
AMERICAN CRYSTAL SUGAR COMPANY,American Crystal Sugar Company PAC,Messmer For Congress,2025-03-03,5000.00
AMERICAN CRYSTAL SUGAR COMPANY,American Crystal Sugar Company PAC,Robert Aderholt For Congress,2025-03-03,5000.00
AMERICAN CRYSTAL SUGAR COMPANY,American Crystal Sugar Company PAC,Sanford Bishop For Congress,2025-03-03,2500.00
AMERICAN CRYSTAL SUGAR COMPANY,American Crystal Sugar Company PAC,Scott Fitzgerald For Congress,2025-03-03,5000.00
AMERICAN CRYSTAL SUGAR COMPANY,American Crystal Sugar Company PAC,SECURE PAC,2025-03-03,5000.00
AMERICAN CRYSTAL SUGAR COMPANY,American Crystal Sugar Company PAC,Sheri Biggs For Congress,2025-03-03,2500.00
AMERICAN CRYSTAL SUGAR COMPANY,American Crystal Sugar Company PAC,Simpson For Congress,2025-03-03,5000.00
AMERICAN CRYSTAL SUGAR COMPANY,American Crystal Sugar Company PAC,Suozzi For Congress,2025-03-03,5000.00
AMERICAN CRYSTAL SUGAR COMPANY,American Crystal Sugar Company PAC,Sylvia Garcia For Congress,2025-03-03,2500.00
AMERICAN CRYSTAL SUGAR COMPANY,American Crystal Sugar Company PAC,Thom Tillis Committee,2025-03-03,5000.00
AMERICAN CRYSTAL SUGAR COMPANY,American Crystal Sugar Company PAC,Adam Gray For Congress,2025-03-13,2500.00
AMERICAN CRYSTAL SUGAR COMPANY,American Crystal Sugar Company PAC,ARKPAC (Ar for Leadership Political Action Committee),2025-03-13,5000.00
AMERICAN CRYSTAL SUGAR COMPANY,American Crystal Sugar Company PAC,Darren Soto For Congress,2025-03-13,5000.00
AMERICAN CRYSTAL SUGAR COMPANY,American Crystal Sugar Company PAC,Eric Burlison For Congress,2025-03-13,5000.00
AMERICAN CRYSTAL SUGAR COMPANY,American Crystal Sugar Company PAC,Friends Of Lucy McBath,2025-03-13,5000.00
AMERICAN CRYSTAL SUGAR COMPANY,American Crystal Sugar Company PAC,Friends To Elect Dr. Greg Murphy To Congress,2025-03-13,5000.00
AMERICAN CRYSTAL SUGAR COMPANY,American Crystal Sugar Company PAC,Jason Crow For Congress,2025-03-13,5000.00
AMERICAN CRYSTAL SUGAR COMPANY,American Crystal Sugar Company PAC,Marie For Congress,2025-03-13,2500.00
AMERICAN CRYSTAL SUGAR COMPANY,American Crystal Sugar Company PAC,McClellan For Congress,2025-03-13,5000.00
AMERICAN CRYSTAL SUGAR COMPANY,American Crystal Sugar Company PAC,Moolenaar For Congress,2025-03-13,5000.00
AMERICAN CRYSTAL SUGAR COMPANY,American Crystal Sugar Company PAC,Randy Fine For Congress,2025-03-13,5000.00
AMERICAN CRYSTAL SUGAR COMPANY,American Crystal Sugar Company PAC,Scanlon For Congress,2025-03-13,2500.00
AMERICAN CRYSTAL SUGAR COMPANY,American Crystal Sugar Company PAC,Sock It To 'Em PAC,2025-03-13,5000.00
AMERICAN CRYSTAL SUGAR COMPANY,American Crystal Sugar Company PAC,Haley Stevens For Congress,2025-03-24,5000.00
AMERICAN CRYSTAL SUGAR COMPANY,American Crystal Sugar Company PAC,Haley Stevens For Congress,2025-03-24,5000.00
AMERICAN CRYSTAL SUGAR COMPANY,American Crystal Sugar Company PAC,Andy Kim For New Jersey,2025-03-26,5000.00
AMERICAN CRYSTAL SUGAR COMPANY,American Crystal Sugar Company PAC,Castro For Congress,2025-03-26,2500.00
AMERICAN CRYSTAL SUGAR COMPANY,American Crystal Sugar Company PAC,Friends Of Raja For Congress,2025-03-26,5000.00
AMERICAN CRYSTAL SUGAR COMPANY,American Crystal Sugar Company PAC,Friends Of Raja For Congress,2025-03-26,5000.00
AMERICAN CRYSTAL SUGAR COMPANY,American Crystal Sugar Company PAC,Lilac PAC,2025-03-26,5000.00
AMERICAN CRYSTAL SUGAR COMPANY,American Crystal Sugar Company PAC,Pat Ryan For Congress,2025-03-26,5000.00
AMERICAN CRYSTAL SUGAR COMPANY,American Crystal Sugar Company PAC,Suhas For Virginia,2025-03-26,5000.00
AMERICAN CRYSTAL SUGAR COMPANY,American Crystal Sugar Company PAC,Friends To Elect Dr. Greg Murphy To Congress,2025-03-27,1000.00
AMERICAN CRYSTAL SUGAR COMPANY,American Crystal Sugar Company PAC,Becca Balint For Vermont,2025-04-08,5000.00
AMERICAN CRYSTAL SUGAR COMPANY,American Crystal Sugar Company PAC,Dan Newhouse For Congress,2025-04-08,5000.00
AMERICAN CRYSTAL SUGAR COMPANY,American Crystal Sugar Company PAC,Emily Randall For Congress,2025-04-08,5000.00
AMERICAN CRYSTAL SUGAR COMPANY,American Crystal Sugar Company PAC,Fedorchak For Nd,2025-04-08,5000.00
AMERICAN CRYSTAL SUGAR COMPANY,American Crystal Sugar Company PAC,Larson For Congress,2025-04-08,5000.00
AMERICAN CRYSTAL SUGAR COMPANY,American Crystal Sugar Company PAC,Moody for FL,2025-04-08,5000.00
AMERICAN CRYSTAL SUGAR COMPANY,American Crystal Sugar Company PAC,"Moore For West Virginia, Inc.",2025-04-08,5000.00
AMERICAN CRYSTAL SUGAR COMPANY,American Crystal Sugar Company PAC,Nikki For Congress,2025-04-08,5000.00
AMERICAN CRYSTAL SUGAR COMPANY,American Crystal Sugar Company PAC,Pingree For Congress,2025-04-08,5000.00
AMERICAN CRYSTAL SUGAR COMPANY,American Crystal Sugar Company PAC,Val Hoyle For Congress,2025-04-08,5000.00
AMERICAN CRYSTAL SUGAR COMPANY,American Crystal Sugar Company PAC,Veronica Escobar For Congress,2025-04-08,5000.00
AMERICAN CRYSTAL SUGAR COMPANY,American Crystal Sugar Company PAC,Electgabeevans.Com,2025-04-16,5000.00
AMERICAN CRYSTAL SUGAR COMPANY,American Crystal Sugar Company PAC,Feenstra For Congress,2025-04-16,5000.00
AMERICAN CRYSTAL SUGAR COMPANY,American Crystal Sugar Company PAC,Jeff Hurd For Congress,2025-04-16,5000.00
AMERICAN CRYSTAL SUGAR COMPANY,American Crystal Sugar Company PAC,Lauren Underwood For Congress,2025-04-16,5000.00
AMERICAN CRYSTAL SUGAR COMPANY,American Crystal Sugar Company PAC,Mark Green For Congress,2025-04-16,5000.00
AMERICAN CRYSTAL SUGAR COMPANY,American Crystal Sugar Company PAC,Rob For Pa,2025-04-16,5000.00
AMERICAN CRYSTAL SUGAR COMPANY,American Crystal Sugar Company PAC,Rulli For Ohio,2025-04-16,5000.00
AMERICAN CRYSTAL SUGAR COMPANY,American Crystal Sugar Company PAC,"Steil For Wisconsin, Inc.",2025-04-16,5000.00
AMERICAN CRYSTAL SUGAR COMPANY,American Crystal Sugar Company PAC,Tom Barrett For Congress,2025-04-16,5000.00
AMERICAN CRYSTAL SUGAR COMPANY,American Crystal Sugar Company PAC,Tony Wied For Congress,2025-04-16,5000.00
AMERICAN CRYSTAL SUGAR COMPANY,American Crystal Sugar Company PAC,NCFC PAC,2025-04-29,5000.00
AMERICAN CRYSTAL SUGAR COMPANY,American Crystal Sugar Company PAC,Bice For Congress,2025-05-14,5000.00
AMERICAN CRYSTAL SUGAR COMPANY,American Crystal Sugar Company PAC,Cole For Congress,2025-05-14,5000.00
AMERICAN CRYSTAL SUGAR COMPANY,American Crystal Sugar Company PAC,Fair Shot PAC,2025-05-14,5000.00
AMERICAN CRYSTAL SUGAR COMPANY,American Crystal Sugar Company PAC,Hern For Congress,2025-05-14,2500.00
AMERICAN CRYSTAL SUGAR COMPANY,American Crystal Sugar Company PAC,Hern For Congress,2025-05-14,2500.00
AMERICAN CRYSTAL SUGAR COMPANY,American Crystal Sugar Company PAC,"Laurel Lee For Congress, Inc.",2025-05-14,5000.00
AMERICAN CRYSTAL SUGAR COMPANY,American Crystal Sugar Company PAC,Lucas For Congress,2025-05-14,5000.00
AMERICAN CRYSTAL SUGAR COMPANY,American Crystal Sugar Company PAC,Mann For Congress,2025-05-14,5000.00
AMERICAN CRYSTAL SUGAR COMPANY,American Crystal Sugar Company PAC,"Sheila Cherfilus McCormick For Congress, Inc",2025-05-14,5000.00
AMERICAN CRYSTAL SUGAR COMPANY,American Crystal Sugar Company PAC,Vince Fong For Congress,2025-05-14,5000.00
AMERICAN CRYSTAL SUGAR COMPANY,American Crystal Sugar Company PAC,Brian Jack For Congress,2025-05-29,5000.00
AMERICAN CRYSTAL SUGAR COMPANY,American Crystal Sugar Company PAC,Morgan McGarvey For Congress,2025-05-29,5000.00
AMERICAN CRYSTAL SUGAR COMPANY,American Crystal Sugar Company PAC,Democratic Congressional Campaign Committee,2025-05-30,15000.00
AMERICAN CRYSTAL SUGAR COMPANY,American Crystal Sugar Company PAC,Democratic Congressional Campaign Committee,2025-05-30,15000.00
AMERICAN CRYSTAL SUGAR COMPANY,American Crystal Sugar Company PAC,Democratic Senatorial Campaign Committee,2025-05-30,15000.00
AMERICAN CRYSTAL SUGAR COMPANY,American Crystal Sugar Company PAC,Democratic Senatorial Campaign Committee,2025-05-30,15000.00
AMERICAN CRYSTAL SUGAR COMPANY,American Crystal Sugar Company PAC,Friends Of Glenn Thompson,2025-05-30,5000.00
AMERICAN CRYSTAL SUGAR COMPANY,American Crystal Sugar Company PAC,Mannion For New York,2025-05-30,2500.00
AMERICAN CRYSTAL SUGAR COMPANY,American Crystal Sugar Company PAC,National Republican Congressional Committee,2025-05-30,15000.00
AMERICAN CRYSTAL SUGAR COMPANY,American Crystal Sugar Company PAC,National Republican Congressional Committee,2025-05-30,15000.00
AMERICAN CRYSTAL SUGAR COMPANY,American Crystal Sugar Company PAC,National Republican Senatorial Committee,2025-05-30,15000.00
AMERICAN CRYSTAL SUGAR COMPANY,American Crystal Sugar Company PAC,National Republican Senatorial Committee,2025-05-30,15000.00
AMERICAN CRYSTAL SUGAR COMPANY,American Crystal Sugar Company PAC,Velvet Hammer PAC,2025-05-30,5000.00
AMERICAN CRYSTAL SUGAR COMPANY,American Crystal Sugar Company PAC,Walkinshaw For Congress,2025-06-11,5000.00
AMERICAN CRYSTAL SUGAR COMPANY,American Crystal Sugar Company PAC,Adam Gray For Congress,2025-06-30,2500.00
AMERICAN CRYSTAL SUGAR COMPANY,American Crystal Sugar Company PAC,Adam Gray For Congress,2025-06-30,5000.00
AMERICAN CRYSTAL SUGAR COMPANY,American Crystal Sugar Company PAC,Cisneros For Congress,2025-06-30,5000.00
AMERICAN CRYSTAL SUGAR COMPANY,American Crystal Sugar Company PAC,Cisneros For Congress,2025-06-30,5000.00
AMERICAN CRYSTAL SUGAR COMPANY,American Crystal Sugar Company PAC,Dave Min For Congress,2025-06-30,5000.00
AMERICAN CRYSTAL SUGAR COMPANY,American Crystal Sugar Company PAC,Dave Min For Congress,2025-06-30,5000.00
AMERICAN CRYSTAL SUGAR COMPANY,American Crystal Sugar Company PAC,Derek Tran For Congress,2025-06-30,5000.00
AMERICAN CRYSTAL SUGAR COMPANY,American Crystal Sugar Company PAC,Derek Tran For Congress,2025-06-30,5000.00
AMERICAN CRYSTAL SUGAR COMPANY,American Crystal Sugar Company PAC,Dr. Raul Ruiz For Congress,2025-06-30,5000.00
AMERICAN CRYSTAL SUGAR COMPANY,American Crystal Sugar Company PAC,George Whitesides For Congress,2025-06-30,5000.00
AMERICAN CRYSTAL SUGAR COMPANY,American Crystal Sugar Company PAC,George Whitesides For Congress,2025-06-30,5000.00
AMERICAN CRYSTAL SUGAR COMPANY,American Crystal Sugar Company PAC,Janelle Bynum For Congress,2025-06-30,5000.00
AMERICAN CRYSTAL SUGAR COMPANY,American Crystal Sugar Company PAC,Jim Costa For Congress,2025-06-30,5000.00
AMERICAN CRYSTAL SUGAR COMPANY,American Crystal Sugar Company PAC,Jim Costa For Congress,2025-06-30,2500.00
AMERICAN CRYSTAL SUGAR COMPANY,American Crystal Sugar Company PAC,Jimmy Panetta For Congress,2025-06-30,5000.00
AMERICAN CRYSTAL SUGAR COMPANY,American Crystal Sugar Company PAC,Josh Harder For Congress,2025-06-30,5000.00
AMERICAN CRYSTAL SUGAR COMPANY,American Crystal Sugar Company PAC,Lou Correa For Congress,2025-06-30,5000.00
AMERICAN CRYSTAL SUGAR COMPANY,American Crystal Sugar Company PAC,Lou Correa For Congress,2025-06-30,5000.00
AMERICAN CRYSTAL SUGAR COMPANY,American Crystal Sugar Company PAC,Mike Levin For Congress,2025-06-30,5000.00
AMERICAN CRYSTAL SUGAR COMPANY,American Crystal Sugar Company PAC,Mike Levin For Congress,2025-06-30,5000.00
AMERICAN CRYSTAL SUGAR COMPANY,American Crystal Sugar Company PAC,Pete Aguilar For Congress,2025-06-30,5000.00
AMERICAN CRYSTAL SUGAR COMPANY,American Crystal Sugar Company PAC,Pete Aguilar For Congress,2025-06-30,5000.00
AMERICAN CRYSTAL SUGAR COMPANY,American Crystal Sugar Company PAC,Robin Kelly for Senate,2025-06-30,5000.00
AMERICAN CRYSTAL SUGAR COMPANY,American Crystal Sugar Company PAC,Robin Kelly for Senate,2025-06-30,5000.00
AMERICAN CRYSTAL SUGAR COMPANY,American Crystal Sugar Company PAC,Salud Carbajal For Congress,2025-06-30,5000.00
AMERICAN CRYSTAL SUGAR COMPANY,American Crystal Sugar Company PAC,Salud Carbajal For Congress,2025-06-30,5000.00
AMERICAN CRYSTAL SUGAR COMPANY,American Crystal Sugar Company PAC,Austin Scott For Congress Inc,2025-02-11,5000.00
AMERICAN CRYSTAL SUGAR COMPANY,American Crystal Sugar Company PAC,Committee To Elect Shomari Figures For Congress,2025-02-11,5000.00
AMERICAN CRYSTAL SUGAR COMPANY,American Crystal Sugar Company PAC,Dave Taylor For Congress,2025-02-11,5000.00
AMERICAN CRYSTAL SUGAR COMPANY,American Crystal Sugar Company PAC,Derek Schmidt For Congress,2025-02-11,5000.00
AMERICAN CRYSTAL SUGAR COMPANY,American Crystal Sugar Company PAC,Eric Sorensen For Illinois,2025-02-11,5000.00
AMERICAN CRYSTAL SUGAR COMPANY,American Crystal Sugar Company PAC,Jeff Crank for Congress,2025-02-11,5000.00
AMERICAN CRYSTAL SUGAR COMPANY,American Crystal Sugar Company PAC,Joni For Iowa,2025-02-11,5000.00
AMERICAN CRYSTAL SUGAR COMPANY,American Crystal Sugar Company PAC,Josh Riley For Congress,2025-02-11,5000.00
AMERICAN CRYSTAL SUGAR COMPANY,American Crystal Sugar Company PAC,Julia Letlow For Congress,2025-02-11,5000.00
AMERICAN CRYSTAL SUGAR COMPANY,American Crystal Sugar Company PAC,Kristen For Michigan,2025-02-11,5000.00
AMERICAN CRYSTAL SUGAR COMPANY,American Crystal Sugar Company PAC,Lisa McClain For Congress,2025-02-11,5000.00
AMERICAN CRYSTAL SUGAR COMPANY,American Crystal Sugar Company PAC,Mary Miller For Congress,2025-02-11,5000.00
AMERICAN CRYSTAL SUGAR COMPANY,American Crystal Sugar Company PAC,Mullin For America,2025-02-11,5000.00
AMERICAN CRYSTAL SUGAR COMPANY,American Crystal Sugar Company PAC,Sullivan For Us Senate,2025-02-11,5000.00
AMERICAN CRYSTAL SUGAR COMPANY,American Crystal Sugar Company PAC,Terri Sewell For Congress,2025-02-11,5000.00
AMERICAN CRYSTAL SUGAR COMPANY,American Crystal Sugar Company PAC,Troy Carter For Congress,2025-02-11,5000.00
AMERICAN CRYSTAL SUGAR COMPANY,American Crystal Sugar Company PAC,United With Delia For Congress,2025-02-11,5000.00
AMERICAN CRYSTAL SUGAR COMPANY,American Crystal Sugar Company PAC,Vote Baumgartner For Congress,2025-02-11,5000.00
AMERICAN CRYSTAL SUGAR COMPANY,American Crystal Sugar Company PAC,"Ben Cline For Congress, Inc.",2025-03-03,5000.00
AMERICAN CRYSTAL SUGAR COMPANY,American Crystal Sugar Company PAC,Bera For Congress,2025-03-03,5000.00
AMERICAN CRYSTAL SUGAR COMPANY,American Crystal Sugar Company PAC,BOLD PAC,2025-03-03,5000.00
AMERICAN CRYSTAL SUGAR COMPANY,American Crystal Sugar Company PAC,Brandon Gill For Texas,2025-03-03,2500.00
AMERICAN CRYSTAL SUGAR COMPANY,American Crystal Sugar Company PAC,Cindy Hyde-Smith For US Senate,2025-03-03,5000.00
AMERICAN CRYSTAL SUGAR COMPANY,American Crystal Sugar Company PAC,Committee To Elect Jared Golden,2025-03-03,5000.00
AMERICAN CRYSTAL SUGAR COMPANY,American Crystal Sugar Company PAC,Committee To Re-Elect Henry Hank Johnson,2025-03-03,5000.00
AMERICAN CRYSTAL SUGAR COMPANY,American Crystal Sugar Company PAC,Courtney For Congress,2025-03-03,5000.00
AMERICAN CRYSTAL SUGAR COMPANY,American Crystal Sugar Company PAC,Daniel Webster For Congress,2025-03-03,5000.00
AMERICAN CRYSTAL SUGAR COMPANY,American Crystal Sugar Company PAC,Donald Norcross For Congress,2025-03-03,2500.00
AMERICAN CRYSTAL SUGAR COMPANY,American Crystal Sugar Company PAC,DREAMPAC,2025-03-03,5000.00
AMERICAN CRYSTAL SUGAR COMPANY,American Crystal Sugar Company PAC,Friends Of Dusty Johnson,2025-03-03,2500.00
AMERICAN CRYSTAL SUGAR COMPANY,American Crystal Sugar Company PAC,Friends Of Jahana Hayes,2025-03-03,2500.00
AMERICAN CRYSTAL SUGAR COMPANY,American Crystal Sugar Company PAC,Friends Of Rosa Delauro,2025-03-03,2500.00
AMERICAN CRYSTAL SUGAR COMPANY,American Crystal Sugar Company PAC,Herb Conaway For Congress,2025-03-03,5000.00
AMERICAN CRYSTAL SUGAR COMPANY,American Crystal Sugar Company PAC,Hern For Congress,2025-03-03,2500.00
AMERICAN CRYSTAL SUGAR COMPANY,American Crystal Sugar Company PAC,Hoyer For Congress,2025-03-03,5000.00
AMERICAN CRYSTAL SUGAR COMPANY,American Crystal Sugar Company PAC,Jim Costa For Congress,2025-03-03,2500.00
AMERICAN CRYSTAL SUGAR COMPANY,American Crystal Sugar Company PAC,Jimmy Panetta For Congress,2025-03-03,5000.00
AMERICAN CRYSTAL SUGAR COMPANY,American Crystal Sugar Company PAC,John Carter For Congress,2025-03-03,5000.00
AMERICAN CRYSTAL SUGAR COMPANY,American Crystal Sugar Company PAC,Josh Harder For Congress,2025-03-03,5000.00
AMERICAN CRYSTAL SUGAR COMPANY,American Crystal Sugar Company PAC,Kiggans For Congress,2025-03-03,5000.00
AMERICAN CRYSTAL SUGAR COMPANY,American Crystal Sugar Company PAC,Landsman For Congress,2025-03-03,2500.00
AMERICAN CRYSTAL SUGAR COMPANY,American Crystal Sugar Company PAC,Langworthy For Congress,2025-03-03,5000.00
AMERICAN CRYSTAL SUGAR COMPANY,American Crystal Sugar Company PAC,Lauren Boebert For Congress,2025-03-03,5000.00
AMERICAN CRYSTAL SUGAR COMPANY,American Crystal Sugar Company PAC,McGuire For Virginia,2025-03-03,5000.00
AMERICAN CRYSTAL SUGAR COMPANY,American Crystal Sugar Company PAC,Messmer For Congress,2025-03-03,5000.00
AMERICAN CRYSTAL SUGAR COMPANY,American Crystal Sugar Company PAC,Robert Aderholt For Congress,2025-03-03,5000.00
AMERICAN CRYSTAL SUGAR COMPANY,American Crystal Sugar Company PAC,Sanford Bishop For Congress,2025-03-03,2500.00
AMERICAN CRYSTAL SUGAR COMPANY,American Crystal Sugar Company PAC,Scott Fitzgerald For Congress,2025-03-03,5000.00
AMERICAN CRYSTAL SUGAR COMPANY,American Crystal Sugar Company PAC,SECURE PAC,2025-03-03,5000.00
AMERICAN CRYSTAL SUGAR COMPANY,American Crystal Sugar Company PAC,Sheri Biggs For Congress,2025-03-03,2500.00
AMERICAN CRYSTAL SUGAR COMPANY,American Crystal Sugar Company PAC,Simpson For Congress,2025-03-03,5000.00
AMERICAN CRYSTAL SUGAR COMPANY,American Crystal Sugar Company PAC,Suozzi For Congress,2025-03-03,5000.00
AMERICAN CRYSTAL SUGAR COMPANY,American Crystal Sugar Company PAC,Sylvia Garcia For Congress,2025-03-03,2500.00
AMERICAN CRYSTAL SUGAR COMPANY,American Crystal Sugar Company PAC,Thom Tillis Committee,2025-03-03,5000.00
AMERICAN CRYSTAL SUGAR COMPANY,American Crystal Sugar Company PAC,Adam Gray For Congress,2025-03-13,2500.00
AMERICAN CRYSTAL SUGAR COMPANY,American Crystal Sugar Company PAC,ARKPAC (Ar for Leadership Political Action Committee),2025-03-13,5000.00
AMERICAN CRYSTAL SUGAR COMPANY,American Crystal Sugar Company PAC,Darren Soto For Congress,2025-03-13,5000.00
AMERICAN CRYSTAL SUGAR COMPANY,American Crystal Sugar Company PAC,Eric Burlison For Congress,2025-03-13,5000.00
AMERICAN CRYSTAL SUGAR COMPANY,American Crystal Sugar Company PAC,Friends Of Lucy McBath,2025-03-13,5000.00
AMERICAN CRYSTAL SUGAR COMPANY,American Crystal Sugar Company PAC,Friends To Elect Dr. Greg Murphy To Congress,2025-03-13,5000.00
AMERICAN CRYSTAL SUGAR COMPANY,American Crystal Sugar Company PAC,Jason Crow For Congress,2025-03-13,5000.00
AMERICAN CRYSTAL SUGAR COMPANY,American Crystal Sugar Company PAC,Marie For Congress,2025-03-13,2500.00
AMERICAN CRYSTAL SUGAR COMPANY,American Crystal Sugar Company PAC,McClellan For Congress,2025-03-13,5000.00
AMERICAN CRYSTAL SUGAR COMPANY,American Crystal Sugar Company PAC,Moolenaar For Congress,2025-03-13,5000.00
AMERICAN CRYSTAL SUGAR COMPANY,American Crystal Sugar Company PAC,Randy Fine For Congress,2025-03-13,5000.00
AMERICAN CRYSTAL SUGAR COMPANY,American Crystal Sugar Company PAC,Scanlon For Congress,2025-03-13,2500.00
AMERICAN CRYSTAL SUGAR COMPANY,American Crystal Sugar Company PAC,Sock It To 'Em PAC,2025-03-13,5000.00
AMERICAN CRYSTAL SUGAR COMPANY,American Crystal Sugar Company PAC,Haley Stevens For Congress,2025-03-24,5000.00
AMERICAN CRYSTAL SUGAR COMPANY,American Crystal Sugar Company PAC,Haley Stevens For Congress,2025-03-24,5000.00
AMERICAN CRYSTAL SUGAR COMPANY,American Crystal Sugar Company PAC,Andy Kim For New Jersey,2025-03-26,5000.00
AMERICAN CRYSTAL SUGAR COMPANY,American Crystal Sugar Company PAC,Castro For Congress,2025-03-26,2500.00
AMERICAN CRYSTAL SUGAR COMPANY,American Crystal Sugar Company PAC,Friends Of Raja For Congress,2025-03-26,5000.00
AMERICAN CRYSTAL SUGAR COMPANY,American Crystal Sugar Company PAC,Friends Of Raja For Congress,2025-03-26,5000.00
AMERICAN CRYSTAL SUGAR COMPANY,American Crystal Sugar Company PAC,Lilac PAC,2025-03-26,5000.00
AMERICAN CRYSTAL SUGAR COMPANY,American Crystal Sugar Company PAC,Pat Ryan For Congress,2025-03-26,5000.00
AMERICAN CRYSTAL SUGAR COMPANY,American Crystal Sugar Company PAC,Suhas For Virginia,2025-03-26,5000.00
AMERICAN CRYSTAL SUGAR COMPANY,American Crystal Sugar Company PAC,Friends To Elect Dr. Greg Murphy To Congress,2025-03-27,1000.00
AMERICAN CRYSTAL SUGAR COMPANY,American Crystal Sugar Company PAC,Becca Balint For Vermont,2025-04-08,5000.00
AMERICAN CRYSTAL SUGAR COMPANY,American Crystal Sugar Company PAC,Dan Newhouse For Congress,2025-04-08,5000.00
AMERICAN CRYSTAL SUGAR COMPANY,American Crystal Sugar Company PAC,Emily Randall For Congress,2025-04-08,5000.00
AMERICAN CRYSTAL SUGAR COMPANY,American Crystal Sugar Company PAC,Fedorchak For Nd,2025-04-08,5000.00
AMERICAN CRYSTAL SUGAR COMPANY,American Crystal Sugar Company PAC,Larson For Congress,2025-04-08,5000.00
AMERICAN CRYSTAL SUGAR COMPANY,American Crystal Sugar Company PAC,Moody for FL,2025-04-08,5000.00
AMERICAN CRYSTAL SUGAR COMPANY,American Crystal Sugar Company PAC,"Moore For West Virginia, Inc.",2025-04-08,5000.00
AMERICAN CRYSTAL SUGAR COMPANY,American Crystal Sugar Company PAC,Nikki For Congress,2025-04-08,5000.00
AMERICAN CRYSTAL SUGAR COMPANY,American Crystal Sugar Company PAC,Pingree For Congress,2025-04-08,5000.00
AMERICAN CRYSTAL SUGAR COMPANY,American Crystal Sugar Company PAC,Val Hoyle For Congress,2025-04-08,5000.00
AMERICAN CRYSTAL SUGAR COMPANY,American Crystal Sugar Company PAC,Veronica Escobar For Congress,2025-04-08,5000.00
AMERICAN CRYSTAL SUGAR COMPANY,American Crystal Sugar Company PAC,Electgabeevans.Com,2025-04-16,5000.00
AMERICAN CRYSTAL SUGAR COMPANY,American Crystal Sugar Company PAC,Feenstra For Congress,2025-04-16,5000.00
AMERICAN CRYSTAL SUGAR COMPANY,American Crystal Sugar Company PAC,Jeff Hurd For Congress,2025-04-16,5000.00
AMERICAN CRYSTAL SUGAR COMPANY,American Crystal Sugar Company PAC,Lauren Underwood For Congress,2025-04-16,5000.00
AMERICAN CRYSTAL SUGAR COMPANY,American Crystal Sugar Company PAC,Mark Green For Congress,2025-04-16,5000.00
AMERICAN CRYSTAL SUGAR COMPANY,American Crystal Sugar Company PAC,Rob For Pa,2025-04-16,5000.00
AMERICAN CRYSTAL SUGAR COMPANY,American Crystal Sugar Company PAC,Rulli For Ohio,2025-04-16,5000.00
AMERICAN CRYSTAL SUGAR COMPANY,American Crystal Sugar Company PAC,"Steil For Wisconsin, Inc.",2025-04-16,5000.00
AMERICAN CRYSTAL SUGAR COMPANY,American Crystal Sugar Company PAC,Tom Barrett For Congress,2025-04-16,5000.00
AMERICAN CRYSTAL SUGAR COMPANY,American Crystal Sugar Company PAC,Tony Wied For Congress,2025-04-16,5000.00
AMERICAN CRYSTAL SUGAR COMPANY,American Crystal Sugar Company PAC,NCFC PAC,2025-04-29,5000.00
AMERICAN CRYSTAL SUGAR COMPANY,American Crystal Sugar Company PAC,Bice For Congress,2025-05-14,5000.00
AMERICAN CRYSTAL SUGAR COMPANY,American Crystal Sugar Company PAC,Cole For Congress,2025-05-14,5000.00
AMERICAN CRYSTAL SUGAR COMPANY,American Crystal Sugar Company PAC,Fair Shot PAC,2025-05-14,5000.00
AMERICAN CRYSTAL SUGAR COMPANY,American Crystal Sugar Company PAC,Hern For Congress,2025-05-14,2500.00
AMERICAN CRYSTAL SUGAR COMPANY,American Crystal Sugar Company PAC,Hern For Congress,2025-05-14,2500.00
AMERICAN CRYSTAL SUGAR COMPANY,American Crystal Sugar Company PAC,"Laurel Lee For Congress, Inc.",2025-05-14,5000.00
AMERICAN CRYSTAL SUGAR COMPANY,American Crystal Sugar Company PAC,Lucas For Congress,2025-05-14,5000.00
AMERICAN CRYSTAL SUGAR COMPANY,American Crystal Sugar Company PAC,Mann For Congress,2025-05-14,5000.00
AMERICAN CRYSTAL SUGAR COMPANY,American Crystal Sugar Company PAC,"Sheila Cherfilus McCormick For Congress, Inc",2025-05-14,5000.00
AMERICAN CRYSTAL SUGAR COMPANY,American Crystal Sugar Company PAC,Vince Fong For Congress,2025-05-14,5000.00
AMERICAN CRYSTAL SUGAR COMPANY,American Crystal Sugar Company PAC,Brian Jack For Congress,2025-05-29,5000.00
AMERICAN CRYSTAL SUGAR COMPANY,American Crystal Sugar Company PAC,Morgan McGarvey For Congress,2025-05-29,5000.00
AMERICAN CRYSTAL SUGAR COMPANY,American Crystal Sugar Company PAC,Democratic Congressional Campaign Committee,2025-05-30,15000.00
AMERICAN CRYSTAL SUGAR COMPANY,American Crystal Sugar Company PAC,Democratic Congressional Campaign Committee,2025-05-30,15000.00
AMERICAN CRYSTAL SUGAR COMPANY,American Crystal Sugar Company PAC,Democratic Senatorial Campaign Committee,2025-05-30,15000.00
AMERICAN CRYSTAL SUGAR COMPANY,American Crystal Sugar Company PAC,Democratic Senatorial Campaign Committee,2025-05-30,15000.00
AMERICAN CRYSTAL SUGAR COMPANY,American Crystal Sugar Company PAC,Friends Of Glenn Thompson,2025-05-30,5000.00
AMERICAN CRYSTAL SUGAR COMPANY,American Crystal Sugar Company PAC,Mannion For New York,2025-05-30,2500.00
AMERICAN CRYSTAL SUGAR COMPANY,American Crystal Sugar Company PAC,National Republican Congressional Committee,2025-05-30,15000.00
AMERICAN CRYSTAL SUGAR COMPANY,American Crystal Sugar Company PAC,National Republican Congressional Committee,2025-05-30,15000.00
AMERICAN CRYSTAL SUGAR COMPANY,American Crystal Sugar Company PAC,National Republican Senatorial Committee,2025-05-30,15000.00
AMERICAN CRYSTAL SUGAR COMPANY,American Crystal Sugar Company PAC,National Republican Senatorial Committee,2025-05-30,15000.00
AMERICAN CRYSTAL SUGAR COMPANY,American Crystal Sugar Company PAC,Velvet Hammer PAC,2025-05-30,5000.00
AMERICAN CRYSTAL SUGAR COMPANY,American Crystal Sugar Company PAC,Walkinshaw For Congress,2025-06-11,5000.00
AMERICAN CRYSTAL SUGAR COMPANY,American Crystal Sugar Company PAC,Adam Gray For Congress,2025-06-30,2500.00
AMERICAN CRYSTAL SUGAR COMPANY,American Crystal Sugar Company PAC,Adam Gray For Congress,2025-06-30,5000.00
AMERICAN CRYSTAL SUGAR COMPANY,American Crystal Sugar Company PAC,Cisneros For Congress,2025-06-30,5000.00
AMERICAN CRYSTAL SUGAR COMPANY,American Crystal Sugar Company PAC,Cisneros For Congress,2025-06-30,5000.00
AMERICAN CRYSTAL SUGAR COMPANY,American Crystal Sugar Company PAC,Dave Min For Congress,2025-06-30,5000.00
AMERICAN CRYSTAL SUGAR COMPANY,American Crystal Sugar Company PAC,Dave Min For Congress,2025-06-30,5000.00
AMERICAN CRYSTAL SUGAR COMPANY,American Crystal Sugar Company PAC,Derek Tran For Congress,2025-06-30,5000.00
AMERICAN CRYSTAL SUGAR COMPANY,American Crystal Sugar Company PAC,Derek Tran For Congress,2025-06-30,5000.00
AMERICAN CRYSTAL SUGAR COMPANY,American Crystal Sugar Company PAC,Dr. Raul Ruiz For Congress,2025-06-30,5000.00
AMERICAN CRYSTAL SUGAR COMPANY,American Crystal Sugar Company PAC,George Whitesides For Congress,2025-06-30,5000.00
AMERICAN CRYSTAL SUGAR COMPANY,American Crystal Sugar Company PAC,George Whitesides For Congress,2025-06-30,5000.00
AMERICAN CRYSTAL SUGAR COMPANY,American Crystal Sugar Company PAC,Janelle Bynum For Congress,2025-06-30,5000.00
AMERICAN CRYSTAL SUGAR COMPANY,American Crystal Sugar Company PAC,Jim Costa For Congress,2025-06-30,5000.00
AMERICAN CRYSTAL SUGAR COMPANY,American Crystal Sugar Company PAC,Jim Costa For Congress,2025-06-30,2500.00
AMERICAN CRYSTAL SUGAR COMPANY,American Crystal Sugar Company PAC,Jimmy Panetta For Congress,2025-06-30,5000.00
AMERICAN CRYSTAL SUGAR COMPANY,American Crystal Sugar Company PAC,Josh Harder For Congress,2025-06-30,5000.00
AMERICAN CRYSTAL SUGAR COMPANY,American Crystal Sugar Company PAC,Lou Correa For Congress,2025-06-30,5000.00
AMERICAN CRYSTAL SUGAR COMPANY,American Crystal Sugar Company PAC,Lou Correa For Congress,2025-06-30,5000.00
AMERICAN CRYSTAL SUGAR COMPANY,American Crystal Sugar Company PAC,Mike Levin For Congress,2025-06-30,5000.00
AMERICAN CRYSTAL SUGAR COMPANY,American Crystal Sugar Company PAC,Mike Levin For Congress,2025-06-30,5000.00
AMERICAN CRYSTAL SUGAR COMPANY,American Crystal Sugar Company PAC,Pete Aguilar For Congress,2025-06-30,5000.00
AMERICAN CRYSTAL SUGAR COMPANY,American Crystal Sugar Company PAC,Pete Aguilar For Congress,2025-06-30,5000.00
AMERICAN CRYSTAL SUGAR COMPANY,American Crystal Sugar Company PAC,Robin Kelly for Senate,2025-06-30,5000.00
AMERICAN CRYSTAL SUGAR COMPANY,American Crystal Sugar Company PAC,Robin Kelly for Senate,2025-06-30,5000.00
AMERICAN CRYSTAL SUGAR COMPANY,American Crystal Sugar Company PAC,Salud Carbajal For Congress,2025-06-30,5000.00
AMERICAN CRYSTAL SUGAR COMPANY,American Crystal Sugar Company PAC,Salud Carbajal For Congress,2025-06-30,5000.00
AMERICAN CRYSTAL SUGAR COMPANY,American Crystal Sugar Company PAC,Austin Scott For Congress Inc,2025-02-11,5000.00
AMERICAN CRYSTAL SUGAR COMPANY,American Crystal Sugar Company PAC,Committee To Elect Shomari Figures For Congress,2025-02-11,5000.00
AMERICAN CRYSTAL SUGAR COMPANY,American Crystal Sugar Company PAC,Dave Taylor For Congress,2025-02-11,5000.00
AMERICAN CRYSTAL SUGAR COMPANY,American Crystal Sugar Company PAC,Derek Schmidt For Congress,2025-02-11,5000.00
AMERICAN CRYSTAL SUGAR COMPANY,American Crystal Sugar Company PAC,Eric Sorensen For Illinois,2025-02-11,5000.00
AMERICAN CRYSTAL SUGAR COMPANY,American Crystal Sugar Company PAC,Jeff Crank for Congress,2025-02-11,5000.00
AMERICAN CRYSTAL SUGAR COMPANY,American Crystal Sugar Company PAC,Joni For Iowa,2025-02-11,5000.00
AMERICAN CRYSTAL SUGAR COMPANY,American Crystal Sugar Company PAC,Josh Riley For Congress,2025-02-11,5000.00
AMERICAN CRYSTAL SUGAR COMPANY,American Crystal Sugar Company PAC,Julia Letlow For Congress,2025-02-11,5000.00
AMERICAN CRYSTAL SUGAR COMPANY,American Crystal Sugar Company PAC,Kristen For Michigan,2025-02-11,5000.00
AMERICAN CRYSTAL SUGAR COMPANY,American Crystal Sugar Company PAC,Lisa McClain For Congress,2025-02-11,5000.00
AMERICAN CRYSTAL SUGAR COMPANY,American Crystal Sugar Company PAC,Mary Miller For Congress,2025-02-11,5000.00
AMERICAN CRYSTAL SUGAR COMPANY,American Crystal Sugar Company PAC,Mullin For America,2025-02-11,5000.00
AMERICAN CRYSTAL SUGAR COMPANY,American Crystal Sugar Company PAC,Sullivan For Us Senate,2025-02-11,5000.00
AMERICAN CRYSTAL SUGAR COMPANY,American Crystal Sugar Company PAC,Terri Sewell For Congress,2025-02-11,5000.00
AMERICAN CRYSTAL SUGAR COMPANY,American Crystal Sugar Company PAC,Troy Carter For Congress,2025-02-11,5000.00
AMERICAN CRYSTAL SUGAR COMPANY,American Crystal Sugar Company PAC,United With Delia For Congress,2025-02-11,5000.00
AMERICAN CRYSTAL SUGAR COMPANY,American Crystal Sugar Company PAC,Vote Baumgartner For Congress,2025-02-11,5000.00
AMERICAN CRYSTAL SUGAR COMPANY,American Crystal Sugar Company PAC,"Ben Cline For Congress, Inc.",2025-03-03,5000.00
AMERICAN CRYSTAL SUGAR COMPANY,American Crystal Sugar Company PAC,Bera For Congress,2025-03-03,5000.00
AMERICAN CRYSTAL SUGAR COMPANY,American Crystal Sugar Company PAC,BOLD PAC,2025-03-03,5000.00
AMERICAN CRYSTAL SUGAR COMPANY,American Crystal Sugar Company PAC,Brandon Gill For Texas,2025-03-03,2500.00
AMERICAN CRYSTAL SUGAR COMPANY,American Crystal Sugar Company PAC,Cindy Hyde-Smith For US Senate,2025-03-03,5000.00
AMERICAN CRYSTAL SUGAR COMPANY,American Crystal Sugar Company PAC,Committee To Elect Jared Golden,2025-03-03,5000.00
AMERICAN CRYSTAL SUGAR COMPANY,American Crystal Sugar Company PAC,Committee To Re-Elect Henry Hank Johnson,2025-03-03,5000.00
AMERICAN CRYSTAL SUGAR COMPANY,American Crystal Sugar Company PAC,Courtney For Congress,2025-03-03,5000.00
AMERICAN CRYSTAL SUGAR COMPANY,American Crystal Sugar Company PAC,Daniel Webster For Congress,2025-03-03,5000.00
AMERICAN CRYSTAL SUGAR COMPANY,American Crystal Sugar Company PAC,Donald Norcross For Congress,2025-03-03,2500.00
AMERICAN CRYSTAL SUGAR COMPANY,American Crystal Sugar Company PAC,DREAMPAC,2025-03-03,5000.00
AMERICAN CRYSTAL SUGAR COMPANY,American Crystal Sugar Company PAC,Friends Of Dusty Johnson,2025-03-03,2500.00
AMERICAN CRYSTAL SUGAR COMPANY,American Crystal Sugar Company PAC,Friends Of Jahana Hayes,2025-03-03,2500.00
AMERICAN CRYSTAL SUGAR COMPANY,American Crystal Sugar Company PAC,Friends Of Rosa Delauro,2025-03-03,2500.00
AMERICAN CRYSTAL SUGAR COMPANY,American Crystal Sugar Company PAC,Herb Conaway For Congress,2025-03-03,5000.00
AMERICAN CRYSTAL SUGAR COMPANY,American Crystal Sugar Company PAC,Hern For Congress,2025-03-03,2500.00
AMERICAN CRYSTAL SUGAR COMPANY,American Crystal Sugar Company PAC,Hoyer For Congress,2025-03-03,5000.00
AMERICAN CRYSTAL SUGAR COMPANY,American Crystal Sugar Company PAC,Jim Costa For Congress,2025-03-03,2500.00
AMERICAN CRYSTAL SUGAR COMPANY,American Crystal Sugar Company PAC,Jimmy Panetta For Congress,2025-03-03,5000.00
AMERICAN CRYSTAL SUGAR COMPANY,American Crystal Sugar Company PAC,John Carter For Congress,2025-03-03,5000.00
AMERICAN CRYSTAL SUGAR COMPANY,American Crystal Sugar Company PAC,Josh Harder For Congress,2025-03-03,5000.00
AMERICAN CRYSTAL SUGAR COMPANY,American Crystal Sugar Company PAC,Kiggans For Congress,2025-03-03,5000.00
AMERICAN CRYSTAL SUGAR COMPANY,American Crystal Sugar Company PAC,Landsman For Congress,2025-03-03,2500.00
AMERICAN CRYSTAL SUGAR COMPANY,American Crystal Sugar Company PAC,Langworthy For Congress,2025-03-03,5000.00
AMERICAN CRYSTAL SUGAR COMPANY,American Crystal Sugar Company PAC,Lauren Boebert For Congress,2025-03-03,5000.00
AMERICAN CRYSTAL SUGAR COMPANY,American Crystal Sugar Company PAC,McGuire For Virginia,2025-03-03,5000.00
AMERICAN CRYSTAL SUGAR COMPANY,American Crystal Sugar Company PAC,Messmer For Congress,2025-03-03,5000.00
AMERICAN CRYSTAL SUGAR COMPANY,American Crystal Sugar Company PAC,Robert Aderholt For Congress,2025-03-03,5000.00
AMERICAN CRYSTAL SUGAR COMPANY,American Crystal Sugar Company PAC,Sanford Bishop For Congress,2025-03-03,2500.00
AMERICAN CRYSTAL SUGAR COMPANY,American Crystal Sugar Company PAC,Scott Fitzgerald For Congress,2025-03-03,5000.00
AMERICAN CRYSTAL SUGAR COMPANY,American Crystal Sugar Company PAC,SECURE PAC,2025-03-03,5000.00
AMERICAN CRYSTAL SUGAR COMPANY,American Crystal Sugar Company PAC,Sheri Biggs For Congress,2025-03-03,2500.00
AMERICAN CRYSTAL SUGAR COMPANY,American Crystal Sugar Company PAC,Simpson For Congress,2025-03-03,5000.00
AMERICAN CRYSTAL SUGAR COMPANY,American Crystal Sugar Company PAC,Suozzi For Congress,2025-03-03,5000.00
AMERICAN CRYSTAL SUGAR COMPANY,American Crystal Sugar Company PAC,Sylvia Garcia For Congress,2025-03-03,2500.00
AMERICAN CRYSTAL SUGAR COMPANY,American Crystal Sugar Company PAC,Thom Tillis Committee,2025-03-03,5000.00
AMERICAN CRYSTAL SUGAR COMPANY,American Crystal Sugar Company PAC,Adam Gray For Congress,2025-03-13,2500.00
AMERICAN CRYSTAL SUGAR COMPANY,American Crystal Sugar Company PAC,ARKPAC (Ar for Leadership Political Action Committee),2025-03-13,5000.00
AMERICAN CRYSTAL SUGAR COMPANY,American Crystal Sugar Company PAC,Darren Soto For Congress,2025-03-13,5000.00
AMERICAN CRYSTAL SUGAR COMPANY,American Crystal Sugar Company PAC,Eric Burlison For Congress,2025-03-13,5000.00
AMERICAN CRYSTAL SUGAR COMPANY,American Crystal Sugar Company PAC,Friends Of Lucy McBath,2025-03-13,5000.00
AMERICAN CRYSTAL SUGAR COMPANY,American Crystal Sugar Company PAC,Friends To Elect Dr. Greg Murphy To Congress,2025-03-13,5000.00
AMERICAN CRYSTAL SUGAR COMPANY,American Crystal Sugar Company PAC,Jason Crow For Congress,2025-03-13,5000.00
AMERICAN CRYSTAL SUGAR COMPANY,American Crystal Sugar Company PAC,Marie For Congress,2025-03-13,2500.00
AMERICAN CRYSTAL SUGAR COMPANY,American Crystal Sugar Company PAC,McClellan For Congress,2025-03-13,5000.00
AMERICAN CRYSTAL SUGAR COMPANY,American Crystal Sugar Company PAC,Moolenaar For Congress,2025-03-13,5000.00
AMERICAN CRYSTAL SUGAR COMPANY,American Crystal Sugar Company PAC,Randy Fine For Congress,2025-03-13,5000.00
AMERICAN CRYSTAL SUGAR COMPANY,American Crystal Sugar Company PAC,Scanlon For Congress,2025-03-13,2500.00
AMERICAN CRYSTAL SUGAR COMPANY,American Crystal Sugar Company PAC,Sock It To 'Em PAC,2025-03-13,5000.00
AMERICAN CRYSTAL SUGAR COMPANY,American Crystal Sugar Company PAC,Haley Stevens For Congress,2025-03-24,5000.00
AMERICAN CRYSTAL SUGAR COMPANY,American Crystal Sugar Company PAC,Haley Stevens For Congress,2025-03-24,5000.00
AMERICAN CRYSTAL SUGAR COMPANY,American Crystal Sugar Company PAC,Andy Kim For New Jersey,2025-03-26,5000.00
AMERICAN CRYSTAL SUGAR COMPANY,American Crystal Sugar Company PAC,Castro For Congress,2025-03-26,2500.00
AMERICAN CRYSTAL SUGAR COMPANY,American Crystal Sugar Company PAC,Friends Of Raja For Congress,2025-03-26,5000.00
AMERICAN CRYSTAL SUGAR COMPANY,American Crystal Sugar Company PAC,Friends Of Raja For Congress,2025-03-26,5000.00
AMERICAN CRYSTAL SUGAR COMPANY,American Crystal Sugar Company PAC,Lilac PAC,2025-03-26,5000.00
AMERICAN CRYSTAL SUGAR COMPANY,American Crystal Sugar Company PAC,Pat Ryan For Congress,2025-03-26,5000.00
AMERICAN CRYSTAL SUGAR COMPANY,American Crystal Sugar Company PAC,Suhas For Virginia,2025-03-26,5000.00
AMERICAN CRYSTAL SUGAR COMPANY,American Crystal Sugar Company PAC,Friends To Elect Dr. Greg Murphy To Congress,2025-03-27,1000.00
AMERICAN CRYSTAL SUGAR COMPANY,American Crystal Sugar Company PAC,Becca Balint For Vermont,2025-04-08,5000.00
AMERICAN CRYSTAL SUGAR COMPANY,American Crystal Sugar Company PAC,Dan Newhouse For Congress,2025-04-08,5000.00
AMERICAN CRYSTAL SUGAR COMPANY,American Crystal Sugar Company PAC,Emily Randall For Congress,2025-04-08,5000.00
AMERICAN CRYSTAL SUGAR COMPANY,American Crystal Sugar Company PAC,Fedorchak For Nd,2025-04-08,5000.00
AMERICAN CRYSTAL SUGAR COMPANY,American Crystal Sugar Company PAC,Larson For Congress,2025-04-08,5000.00
AMERICAN CRYSTAL SUGAR COMPANY,American Crystal Sugar Company PAC,Moody for FL,2025-04-08,5000.00
AMERICAN CRYSTAL SUGAR COMPANY,American Crystal Sugar Company PAC,"Moore For West Virginia, Inc.",2025-04-08,5000.00
AMERICAN CRYSTAL SUGAR COMPANY,American Crystal Sugar Company PAC,Nikki For Congress,2025-04-08,5000.00
AMERICAN CRYSTAL SUGAR COMPANY,American Crystal Sugar Company PAC,Pingree For Congress,2025-04-08,5000.00
AMERICAN CRYSTAL SUGAR COMPANY,American Crystal Sugar Company PAC,Val Hoyle For Congress,2025-04-08,5000.00
AMERICAN CRYSTAL SUGAR COMPANY,American Crystal Sugar Company PAC,Veronica Escobar For Congress,2025-04-08,5000.00
AMERICAN CRYSTAL SUGAR COMPANY,American Crystal Sugar Company PAC,Electgabeevans.Com,2025-04-16,5000.00
AMERICAN CRYSTAL SUGAR COMPANY,American Crystal Sugar Company PAC,Feenstra For Congress,2025-04-16,5000.00
AMERICAN CRYSTAL SUGAR COMPANY,American Crystal Sugar Company PAC,Jeff Hurd For Congress,2025-04-16,5000.00
AMERICAN CRYSTAL SUGAR COMPANY,American Crystal Sugar Company PAC,Lauren Underwood For Congress,2025-04-16,5000.00
AMERICAN CRYSTAL SUGAR COMPANY,American Crystal Sugar Company PAC,Mark Green For Congress,2025-04-16,5000.00
AMERICAN CRYSTAL SUGAR COMPANY,American Crystal Sugar Company PAC,Rob For Pa,2025-04-16,5000.00
AMERICAN CRYSTAL SUGAR COMPANY,American Crystal Sugar Company PAC,Rulli For Ohio,2025-04-16,5000.00
AMERICAN CRYSTAL SUGAR COMPANY,American Crystal Sugar Company PAC,"Steil For Wisconsin, Inc.",2025-04-16,5000.00
AMERICAN CRYSTAL SUGAR COMPANY,American Crystal Sugar Company PAC,Tom Barrett For Congress,2025-04-16,5000.00
AMERICAN CRYSTAL SUGAR COMPANY,American Crystal Sugar Company PAC,Tony Wied For Congress,2025-04-16,5000.00
AMERICAN CRYSTAL SUGAR COMPANY,American Crystal Sugar Company PAC,NCFC PAC,2025-04-29,5000.00
AMERICAN CRYSTAL SUGAR COMPANY,American Crystal Sugar Company PAC,Bice For Congress,2025-05-14,5000.00
AMERICAN CRYSTAL SUGAR COMPANY,American Crystal Sugar Company PAC,Cole For Congress,2025-05-14,5000.00
AMERICAN CRYSTAL SUGAR COMPANY,American Crystal Sugar Company PAC,Fair Shot PAC,2025-05-14,5000.00
AMERICAN CRYSTAL SUGAR COMPANY,American Crystal Sugar Company PAC,Hern For Congress,2025-05-14,2500.00
AMERICAN CRYSTAL SUGAR COMPANY,American Crystal Sugar Company PAC,Hern For Congress,2025-05-14,2500.00
AMERICAN CRYSTAL SUGAR COMPANY,American Crystal Sugar Company PAC,"Laurel Lee For Congress, Inc.",2025-05-14,5000.00
AMERICAN CRYSTAL SUGAR COMPANY,American Crystal Sugar Company PAC,Lucas For Congress,2025-05-14,5000.00
AMERICAN CRYSTAL SUGAR COMPANY,American Crystal Sugar Company PAC,Mann For Congress,2025-05-14,5000.00
AMERICAN CRYSTAL SUGAR COMPANY,American Crystal Sugar Company PAC,"Sheila Cherfilus McCormick For Congress, Inc",2025-05-14,5000.00
AMERICAN CRYSTAL SUGAR COMPANY,American Crystal Sugar Company PAC,Vince Fong For Congress,2025-05-14,5000.00
AMERICAN CRYSTAL SUGAR COMPANY,American Crystal Sugar Company PAC,Brian Jack For Congress,2025-05-29,5000.00
AMERICAN CRYSTAL SUGAR COMPANY,American Crystal Sugar Company PAC,Morgan McGarvey For Congress,2025-05-29,5000.00
AMERICAN CRYSTAL SUGAR COMPANY,American Crystal Sugar Company PAC,Democratic Congressional Campaign Committee,2025-05-30,15000.00
AMERICAN CRYSTAL SUGAR COMPANY,American Crystal Sugar Company PAC,Democratic Congressional Campaign Committee,2025-05-30,15000.00
AMERICAN CRYSTAL SUGAR COMPANY,American Crystal Sugar Company PAC,Democratic Senatorial Campaign Committee,2025-05-30,15000.00
AMERICAN CRYSTAL SUGAR COMPANY,American Crystal Sugar Company PAC,Democratic Senatorial Campaign Committee,2025-05-30,15000.00
AMERICAN CRYSTAL SUGAR COMPANY,American Crystal Sugar Company PAC,Friends Of Glenn Thompson,2025-05-30,5000.00
AMERICAN CRYSTAL SUGAR COMPANY,American Crystal Sugar Company PAC,Mannion For New York,2025-05-30,2500.00
AMERICAN CRYSTAL SUGAR COMPANY,American Crystal Sugar Company PAC,National Republican Congressional Committee,2025-05-30,15000.00
AMERICAN CRYSTAL SUGAR COMPANY,American Crystal Sugar Company PAC,National Republican Congressional Committee,2025-05-30,15000.00
AMERICAN CRYSTAL SUGAR COMPANY,American Crystal Sugar Company PAC,National Republican Senatorial Committee,2025-05-30,15000.00
AMERICAN CRYSTAL SUGAR COMPANY,American Crystal Sugar Company PAC,National Republican Senatorial Committee,2025-05-30,15000.00
AMERICAN CRYSTAL SUGAR COMPANY,American Crystal Sugar Company PAC,Velvet Hammer PAC,2025-05-30,5000.00
AMERICAN CRYSTAL SUGAR COMPANY,American Crystal Sugar Company PAC,Walkinshaw For Congress,2025-06-11,5000.00
AMERICAN CRYSTAL SUGAR COMPANY,American Crystal Sugar Company PAC,Adam Gray For Congress,2025-06-30,2500.00
AMERICAN CRYSTAL SUGAR COMPANY,American Crystal Sugar Company PAC,Adam Gray For Congress,2025-06-30,5000.00
AMERICAN CRYSTAL SUGAR COMPANY,American Crystal Sugar Company PAC,Cisneros For Congress,2025-06-30,5000.00
AMERICAN CRYSTAL SUGAR COMPANY,American Crystal Sugar Company PAC,Cisneros For Congress,2025-06-30,5000.00
AMERICAN CRYSTAL SUGAR COMPANY,American Crystal Sugar Company PAC,Dave Min For Congress,2025-06-30,5000.00
AMERICAN CRYSTAL SUGAR COMPANY,American Crystal Sugar Company PAC,Dave Min For Congress,2025-06-30,5000.00
AMERICAN CRYSTAL SUGAR COMPANY,American Crystal Sugar Company PAC,Derek Tran For Congress,2025-06-30,5000.00
AMERICAN CRYSTAL SUGAR COMPANY,American Crystal Sugar Company PAC,Derek Tran For Congress,2025-06-30,5000.00
AMERICAN CRYSTAL SUGAR COMPANY,American Crystal Sugar Company PAC,Dr. Raul Ruiz For Congress,2025-06-30,5000.00
AMERICAN CRYSTAL SUGAR COMPANY,American Crystal Sugar Company PAC,George Whitesides For Congress,2025-06-30,5000.00
AMERICAN CRYSTAL SUGAR COMPANY,American Crystal Sugar Company PAC,George Whitesides For Congress,2025-06-30,5000.00
AMERICAN CRYSTAL SUGAR COMPANY,American Crystal Sugar Company PAC,Janelle Bynum For Congress,2025-06-30,5000.00
AMERICAN CRYSTAL SUGAR COMPANY,American Crystal Sugar Company PAC,Jim Costa For Congress,2025-06-30,5000.00
AMERICAN CRYSTAL SUGAR COMPANY,American Crystal Sugar Company PAC,Jim Costa For Congress,2025-06-30,2500.00
AMERICAN CRYSTAL SUGAR COMPANY,American Crystal Sugar Company PAC,Jimmy Panetta For Congress,2025-06-30,5000.00
AMERICAN CRYSTAL SUGAR COMPANY,American Crystal Sugar Company PAC,Josh Harder For Congress,2025-06-30,5000.00
AMERICAN CRYSTAL SUGAR COMPANY,American Crystal Sugar Company PAC,Lou Correa For Congress,2025-06-30,5000.00
AMERICAN CRYSTAL SUGAR COMPANY,American Crystal Sugar Company PAC,Lou Correa For Congress,2025-06-30,5000.00
AMERICAN CRYSTAL SUGAR COMPANY,American Crystal Sugar Company PAC,Mike Levin For Congress,2025-06-30,5000.00
AMERICAN CRYSTAL SUGAR COMPANY,American Crystal Sugar Company PAC,Mike Levin For Congress,2025-06-30,5000.00
AMERICAN CRYSTAL SUGAR COMPANY,American Crystal Sugar Company PAC,Pete Aguilar For Congress,2025-06-30,5000.00
AMERICAN CRYSTAL SUGAR COMPANY,American Crystal Sugar Company PAC,Pete Aguilar For Congress,2025-06-30,5000.00
AMERICAN CRYSTAL SUGAR COMPANY,American Crystal Sugar Company PAC,Robin Kelly for Senate,2025-06-30,5000.00
AMERICAN CRYSTAL SUGAR COMPANY,American Crystal Sugar Company PAC,Robin Kelly for Senate,2025-06-30,5000.00
AMERICAN CRYSTAL SUGAR COMPANY,American Crystal Sugar Company PAC,Salud Carbajal For Congress,2025-06-30,5000.00
AMERICAN CRYSTAL SUGAR COMPANY,American Crystal Sugar Company PAC,Salud Carbajal For Congress,2025-06-30,5000.00
AMERICAN CRYSTAL SUGAR COMPANY,American Crystal Sugar Company PAC,Austin Scott For Congress Inc,2025-02-11,5000.00
AMERICAN CRYSTAL SUGAR COMPANY,American Crystal Sugar Company PAC,Committee To Elect Shomari Figures For Congress,2025-02-11,5000.00
AMERICAN CRYSTAL SUGAR COMPANY,American Crystal Sugar Company PAC,Dave Taylor For Congress,2025-02-11,5000.00
AMERICAN CRYSTAL SUGAR COMPANY,American Crystal Sugar Company PAC,Derek Schmidt For Congress,2025-02-11,5000.00
AMERICAN CRYSTAL SUGAR COMPANY,American Crystal Sugar Company PAC,Eric Sorensen For Illinois,2025-02-11,5000.00
AMERICAN CRYSTAL SUGAR COMPANY,American Crystal Sugar Company PAC,Jeff Crank for Congress,2025-02-11,5000.00
AMERICAN CRYSTAL SUGAR COMPANY,American Crystal Sugar Company PAC,Joni For Iowa,2025-02-11,5000.00
AMERICAN CRYSTAL SUGAR COMPANY,American Crystal Sugar Company PAC,Josh Riley For Congress,2025-02-11,5000.00
AMERICAN CRYSTAL SUGAR COMPANY,American Crystal Sugar Company PAC,Julia Letlow For Congress,2025-02-11,5000.00
AMERICAN CRYSTAL SUGAR COMPANY,American Crystal Sugar Company PAC,Kristen For Michigan,2025-02-11,5000.00
AMERICAN CRYSTAL SUGAR COMPANY,American Crystal Sugar Company PAC,Lisa McClain For Congress,2025-02-11,5000.00
AMERICAN CRYSTAL SUGAR COMPANY,American Crystal Sugar Company PAC,Mary Miller For Congress,2025-02-11,5000.00
AMERICAN CRYSTAL SUGAR COMPANY,American Crystal Sugar Company PAC,Mullin For America,2025-02-11,5000.00
AMERICAN CRYSTAL SUGAR COMPANY,American Crystal Sugar Company PAC,Sullivan For Us Senate,2025-02-11,5000.00
AMERICAN CRYSTAL SUGAR COMPANY,American Crystal Sugar Company PAC,Terri Sewell For Congress,2025-02-11,5000.00
AMERICAN CRYSTAL SUGAR COMPANY,American Crystal Sugar Company PAC,Troy Carter For Congress,2025-02-11,5000.00
AMERICAN CRYSTAL SUGAR COMPANY,American Crystal Sugar Company PAC,United With Delia For Congress,2025-02-11,5000.00
AMERICAN CRYSTAL SUGAR COMPANY,American Crystal Sugar Company PAC,Vote Baumgartner For Congress,2025-02-11,5000.00
AMERICAN CRYSTAL SUGAR COMPANY,American Crystal Sugar Company PAC,"Ben Cline For Congress, Inc.",2025-03-03,5000.00
AMERICAN CRYSTAL SUGAR COMPANY,American Crystal Sugar Company PAC,Bera For Congress,2025-03-03,5000.00
AMERICAN CRYSTAL SUGAR COMPANY,American Crystal Sugar Company PAC,BOLD PAC,2025-03-03,5000.00
AMERICAN CRYSTAL SUGAR COMPANY,American Crystal Sugar Company PAC,Brandon Gill For Texas,2025-03-03,2500.00
AMERICAN CRYSTAL SUGAR COMPANY,American Crystal Sugar Company PAC,Cindy Hyde-Smith For US Senate,2025-03-03,5000.00
AMERICAN CRYSTAL SUGAR COMPANY,American Crystal Sugar Company PAC,Committee To Elect Jared Golden,2025-03-03,5000.00
AMERICAN CRYSTAL SUGAR COMPANY,American Crystal Sugar Company PAC,Committee To Re-Elect Henry Hank Johnson,2025-03-03,5000.00
AMERICAN CRYSTAL SUGAR COMPANY,American Crystal Sugar Company PAC,Courtney For Congress,2025-03-03,5000.00
AMERICAN CRYSTAL SUGAR COMPANY,American Crystal Sugar Company PAC,Daniel Webster For Congress,2025-03-03,5000.00
AMERICAN CRYSTAL SUGAR COMPANY,American Crystal Sugar Company PAC,Donald Norcross For Congress,2025-03-03,2500.00
AMERICAN CRYSTAL SUGAR COMPANY,American Crystal Sugar Company PAC,DREAMPAC,2025-03-03,5000.00
AMERICAN CRYSTAL SUGAR COMPANY,American Crystal Sugar Company PAC,Friends Of Dusty Johnson,2025-03-03,2500.00
AMERICAN CRYSTAL SUGAR COMPANY,American Crystal Sugar Company PAC,Friends Of Jahana Hayes,2025-03-03,2500.00
AMERICAN CRYSTAL SUGAR COMPANY,American Crystal Sugar Company PAC,Friends Of Rosa Delauro,2025-03-03,2500.00
AMERICAN CRYSTAL SUGAR COMPANY,American Crystal Sugar Company PAC,Herb Conaway For Congress,2025-03-03,5000.00
AMERICAN CRYSTAL SUGAR COMPANY,American Crystal Sugar Company PAC,Hern For Congress,2025-03-03,2500.00
AMERICAN CRYSTAL SUGAR COMPANY,American Crystal Sugar Company PAC,Hoyer For Congress,2025-03-03,5000.00
AMERICAN CRYSTAL SUGAR COMPANY,American Crystal Sugar Company PAC,Jim Costa For Congress,2025-03-03,2500.00
AMERICAN CRYSTAL SUGAR COMPANY,American Crystal Sugar Company PAC,Jimmy Panetta For Congress,2025-03-03,5000.00
AMERICAN CRYSTAL SUGAR COMPANY,American Crystal Sugar Company PAC,John Carter For Congress,2025-03-03,5000.00
AMERICAN CRYSTAL SUGAR COMPANY,American Crystal Sugar Company PAC,Josh Harder For Congress,2025-03-03,5000.00
AMERICAN CRYSTAL SUGAR COMPANY,American Crystal Sugar Company PAC,Kiggans For Congress,2025-03-03,5000.00
AMERICAN CRYSTAL SUGAR COMPANY,American Crystal Sugar Company PAC,Landsman For Congress,2025-03-03,2500.00
AMERICAN CRYSTAL SUGAR COMPANY,American Crystal Sugar Company PAC,Langworthy For Congress,2025-03-03,5000.00
AMERICAN CRYSTAL SUGAR COMPANY,American Crystal Sugar Company PAC,Lauren Boebert For Congress,2025-03-03,5000.00
AMERICAN CRYSTAL SUGAR COMPANY,American Crystal Sugar Company PAC,McGuire For Virginia,2025-03-03,5000.00
AMERICAN CRYSTAL SUGAR COMPANY,American Crystal Sugar Company PAC,Messmer For Congress,2025-03-03,5000.00
AMERICAN CRYSTAL SUGAR COMPANY,American Crystal Sugar Company PAC,Robert Aderholt For Congress,2025-03-03,5000.00
AMERICAN CRYSTAL SUGAR COMPANY,American Crystal Sugar Company PAC,Sanford Bishop For Congress,2025-03-03,2500.00
AMERICAN CRYSTAL SUGAR COMPANY,American Crystal Sugar Company PAC,Scott Fitzgerald For Congress,2025-03-03,5000.00
AMERICAN CRYSTAL SUGAR COMPANY,American Crystal Sugar Company PAC,SECURE PAC,2025-03-03,5000.00
AMERICAN CRYSTAL SUGAR COMPANY,American Crystal Sugar Company PAC,Sheri Biggs For Congress,2025-03-03,2500.00
AMERICAN CRYSTAL SUGAR COMPANY,American Crystal Sugar Company PAC,Simpson For Congress,2025-03-03,5000.00
AMERICAN CRYSTAL SUGAR COMPANY,American Crystal Sugar Company PAC,Suozzi For Congress,2025-03-03,5000.00
AMERICAN CRYSTAL SUGAR COMPANY,American Crystal Sugar Company PAC,Sylvia Garcia For Congress,2025-03-03,2500.00
AMERICAN CRYSTAL SUGAR COMPANY,American Crystal Sugar Company PAC,Thom Tillis Committee,2025-03-03,5000.00
AMERICAN CRYSTAL SUGAR COMPANY,American Crystal Sugar Company PAC,Adam Gray For Congress,2025-03-13,2500.00
AMERICAN CRYSTAL SUGAR COMPANY,American Crystal Sugar Company PAC,ARKPAC (Ar for Leadership Political Action Committee),2025-03-13,5000.00
AMERICAN CRYSTAL SUGAR COMPANY,American Crystal Sugar Company PAC,Darren Soto For Congress,2025-03-13,5000.00
AMERICAN CRYSTAL SUGAR COMPANY,American Crystal Sugar Company PAC,Eric Burlison For Congress,2025-03-13,5000.00
AMERICAN CRYSTAL SUGAR COMPANY,American Crystal Sugar Company PAC,Friends Of Lucy McBath,2025-03-13,5000.00
AMERICAN CRYSTAL SUGAR COMPANY,American Crystal Sugar Company PAC,Friends To Elect Dr. Greg Murphy To Congress,2025-03-13,5000.00
AMERICAN CRYSTAL SUGAR COMPANY,American Crystal Sugar Company PAC,Jason Crow For Congress,2025-03-13,5000.00
AMERICAN CRYSTAL SUGAR COMPANY,American Crystal Sugar Company PAC,Marie For Congress,2025-03-13,2500.00
AMERICAN CRYSTAL SUGAR COMPANY,American Crystal Sugar Company PAC,McClellan For Congress,2025-03-13,5000.00
AMERICAN CRYSTAL SUGAR COMPANY,American Crystal Sugar Company PAC,Moolenaar For Congress,2025-03-13,5000.00
AMERICAN CRYSTAL SUGAR COMPANY,American Crystal Sugar Company PAC,Randy Fine For Congress,2025-03-13,5000.00
AMERICAN CRYSTAL SUGAR COMPANY,American Crystal Sugar Company PAC,Scanlon For Congress,2025-03-13,2500.00
AMERICAN CRYSTAL SUGAR COMPANY,American Crystal Sugar Company PAC,Sock It To 'Em PAC,2025-03-13,5000.00
AMERICAN CRYSTAL SUGAR COMPANY,American Crystal Sugar Company PAC,Haley Stevens For Congress,2025-03-24,5000.00
AMERICAN CRYSTAL SUGAR COMPANY,American Crystal Sugar Company PAC,Haley Stevens For Congress,2025-03-24,5000.00
AMERICAN CRYSTAL SUGAR COMPANY,American Crystal Sugar Company PAC,Andy Kim For New Jersey,2025-03-26,5000.00
AMERICAN CRYSTAL SUGAR COMPANY,American Crystal Sugar Company PAC,Castro For Congress,2025-03-26,2500.00
AMERICAN CRYSTAL SUGAR COMPANY,American Crystal Sugar Company PAC,Friends Of Raja For Congress,2025-03-26,5000.00
AMERICAN CRYSTAL SUGAR COMPANY,American Crystal Sugar Company PAC,Friends Of Raja For Congress,2025-03-26,5000.00
AMERICAN CRYSTAL SUGAR COMPANY,American Crystal Sugar Company PAC,Lilac PAC,2025-03-26,5000.00
AMERICAN CRYSTAL SUGAR COMPANY,American Crystal Sugar Company PAC,Pat Ryan For Congress,2025-03-26,5000.00
AMERICAN CRYSTAL SUGAR COMPANY,American Crystal Sugar Company PAC,Suhas For Virginia,2025-03-26,5000.00
AMERICAN CRYSTAL SUGAR COMPANY,American Crystal Sugar Company PAC,Friends To Elect Dr. Greg Murphy To Congress,2025-03-27,1000.00
AMERICAN CRYSTAL SUGAR COMPANY,American Crystal Sugar Company PAC,Becca Balint For Vermont,2025-04-08,5000.00
AMERICAN CRYSTAL SUGAR COMPANY,American Crystal Sugar Company PAC,Dan Newhouse For Congress,2025-04-08,5000.00
AMERICAN CRYSTAL SUGAR COMPANY,American Crystal Sugar Company PAC,Emily Randall For Congress,2025-04-08,5000.00
AMERICAN CRYSTAL SUGAR COMPANY,American Crystal Sugar Company PAC,Fedorchak For Nd,2025-04-08,5000.00
AMERICAN CRYSTAL SUGAR COMPANY,American Crystal Sugar Company PAC,Larson For Congress,2025-04-08,5000.00
AMERICAN CRYSTAL SUGAR COMPANY,American Crystal Sugar Company PAC,Moody for FL,2025-04-08,5000.00
AMERICAN CRYSTAL SUGAR COMPANY,American Crystal Sugar Company PAC,"Moore For West Virginia, Inc.",2025-04-08,5000.00
AMERICAN CRYSTAL SUGAR COMPANY,American Crystal Sugar Company PAC,Nikki For Congress,2025-04-08,5000.00
AMERICAN CRYSTAL SUGAR COMPANY,American Crystal Sugar Company PAC,Pingree For Congress,2025-04-08,5000.00
AMERICAN CRYSTAL SUGAR COMPANY,American Crystal Sugar Company PAC,Val Hoyle For Congress,2025-04-08,5000.00
AMERICAN CRYSTAL SUGAR COMPANY,American Crystal Sugar Company PAC,Veronica Escobar For Congress,2025-04-08,5000.00
AMERICAN CRYSTAL SUGAR COMPANY,American Crystal Sugar Company PAC,Electgabeevans.Com,2025-04-16,5000.00
AMERICAN CRYSTAL SUGAR COMPANY,American Crystal Sugar Company PAC,Feenstra For Congress,2025-04-16,5000.00
AMERICAN CRYSTAL SUGAR COMPANY,American Crystal Sugar Company PAC,Jeff Hurd For Congress,2025-04-16,5000.00
AMERICAN CRYSTAL SUGAR COMPANY,American Crystal Sugar Company PAC,Lauren Underwood For Congress,2025-04-16,5000.00
AMERICAN CRYSTAL SUGAR COMPANY,American Crystal Sugar Company PAC,Mark Green For Congress,2025-04-16,5000.00
AMERICAN CRYSTAL SUGAR COMPANY,American Crystal Sugar Company PAC,Rob For Pa,2025-04-16,5000.00
AMERICAN CRYSTAL SUGAR COMPANY,American Crystal Sugar Company PAC,Rulli For Ohio,2025-04-16,5000.00
AMERICAN CRYSTAL SUGAR COMPANY,American Crystal Sugar Company PAC,"Steil For Wisconsin, Inc.",2025-04-16,5000.00
AMERICAN CRYSTAL SUGAR COMPANY,American Crystal Sugar Company PAC,Tom Barrett For Congress,2025-04-16,5000.00
AMERICAN CRYSTAL SUGAR COMPANY,American Crystal Sugar Company PAC,Tony Wied For Congress,2025-04-16,5000.00
AMERICAN CRYSTAL SUGAR COMPANY,American Crystal Sugar Company PAC,NCFC PAC,2025-04-29,5000.00
AMERICAN CRYSTAL SUGAR COMPANY,American Crystal Sugar Company PAC,Bice For Congress,2025-05-14,5000.00
AMERICAN CRYSTAL SUGAR COMPANY,American Crystal Sugar Company PAC,Cole For Congress,2025-05-14,5000.00
AMERICAN CRYSTAL SUGAR COMPANY,American Crystal Sugar Company PAC,Fair Shot PAC,2025-05-14,5000.00
AMERICAN CRYSTAL SUGAR COMPANY,American Crystal Sugar Company PAC,Hern For Congress,2025-05-14,2500.00
AMERICAN CRYSTAL SUGAR COMPANY,American Crystal Sugar Company PAC,Hern For Congress,2025-05-14,2500.00
AMERICAN CRYSTAL SUGAR COMPANY,American Crystal Sugar Company PAC,"Laurel Lee For Congress, Inc.",2025-05-14,5000.00
AMERICAN CRYSTAL SUGAR COMPANY,American Crystal Sugar Company PAC,Lucas For Congress,2025-05-14,5000.00
AMERICAN CRYSTAL SUGAR COMPANY,American Crystal Sugar Company PAC,Mann For Congress,2025-05-14,5000.00
AMERICAN CRYSTAL SUGAR COMPANY,American Crystal Sugar Company PAC,"Sheila Cherfilus McCormick For Congress, Inc",2025-05-14,5000.00
AMERICAN CRYSTAL SUGAR COMPANY,American Crystal Sugar Company PAC,Vince Fong For Congress,2025-05-14,5000.00
AMERICAN CRYSTAL SUGAR COMPANY,American Crystal Sugar Company PAC,Brian Jack For Congress,2025-05-29,5000.00
AMERICAN CRYSTAL SUGAR COMPANY,American Crystal Sugar Company PAC,Morgan McGarvey For Congress,2025-05-29,5000.00
AMERICAN CRYSTAL SUGAR COMPANY,American Crystal Sugar Company PAC,Democratic Congressional Campaign Committee,2025-05-30,15000.00
AMERICAN CRYSTAL SUGAR COMPANY,American Crystal Sugar Company PAC,Democratic Congressional Campaign Committee,2025-05-30,15000.00
AMERICAN CRYSTAL SUGAR COMPANY,American Crystal Sugar Company PAC,Democratic Senatorial Campaign Committee,2025-05-30,15000.00
AMERICAN CRYSTAL SUGAR COMPANY,American Crystal Sugar Company PAC,Democratic Senatorial Campaign Committee,2025-05-30,15000.00
AMERICAN CRYSTAL SUGAR COMPANY,American Crystal Sugar Company PAC,Friends Of Glenn Thompson,2025-05-30,5000.00
AMERICAN CRYSTAL SUGAR COMPANY,American Crystal Sugar Company PAC,Mannion For New York,2025-05-30,2500.00
AMERICAN CRYSTAL SUGAR COMPANY,American Crystal Sugar Company PAC,National Republican Congressional Committee,2025-05-30,15000.00
AMERICAN CRYSTAL SUGAR COMPANY,American Crystal Sugar Company PAC,National Republican Congressional Committee,2025-05-30,15000.00
AMERICAN CRYSTAL SUGAR COMPANY,American Crystal Sugar Company PAC,National Republican Senatorial Committee,2025-05-30,15000.00
AMERICAN CRYSTAL SUGAR COMPANY,American Crystal Sugar Company PAC,National Republican Senatorial Committee,2025-05-30,15000.00
AMERICAN CRYSTAL SUGAR COMPANY,American Crystal Sugar Company PAC,Velvet Hammer PAC,2025-05-30,5000.00
AMERICAN CRYSTAL SUGAR COMPANY,American Crystal Sugar Company PAC,Walkinshaw For Congress,2025-06-11,5000.00
AMERICAN CRYSTAL SUGAR COMPANY,American Crystal Sugar Company PAC,Adam Gray For Congress,2025-06-30,2500.00
AMERICAN CRYSTAL SUGAR COMPANY,American Crystal Sugar Company PAC,Adam Gray For Congress,2025-06-30,5000.00
AMERICAN CRYSTAL SUGAR COMPANY,American Crystal Sugar Company PAC,Cisneros For Congress,2025-06-30,5000.00
AMERICAN CRYSTAL SUGAR COMPANY,American Crystal Sugar Company PAC,Cisneros For Congress,2025-06-30,5000.00
AMERICAN CRYSTAL SUGAR COMPANY,American Crystal Sugar Company PAC,Dave Min For Congress,2025-06-30,5000.00
AMERICAN CRYSTAL SUGAR COMPANY,American Crystal Sugar Company PAC,Dave Min For Congress,2025-06-30,5000.00
AMERICAN CRYSTAL SUGAR COMPANY,American Crystal Sugar Company PAC,Derek Tran For Congress,2025-06-30,5000.00
AMERICAN CRYSTAL SUGAR COMPANY,American Crystal Sugar Company PAC,Derek Tran For Congress,2025-06-30,5000.00
AMERICAN CRYSTAL SUGAR COMPANY,American Crystal Sugar Company PAC,Dr. Raul Ruiz For Congress,2025-06-30,5000.00
AMERICAN CRYSTAL SUGAR COMPANY,American Crystal Sugar Company PAC,George Whitesides For Congress,2025-06-30,5000.00
AMERICAN CRYSTAL SUGAR COMPANY,American Crystal Sugar Company PAC,George Whitesides For Congress,2025-06-30,5000.00
AMERICAN CRYSTAL SUGAR COMPANY,American Crystal Sugar Company PAC,Janelle Bynum For Congress,2025-06-30,5000.00
AMERICAN CRYSTAL SUGAR COMPANY,American Crystal Sugar Company PAC,Jim Costa For Congress,2025-06-30,5000.00
AMERICAN CRYSTAL SUGAR COMPANY,American Crystal Sugar Company PAC,Jim Costa For Congress,2025-06-30,2500.00
AMERICAN CRYSTAL SUGAR COMPANY,American Crystal Sugar Company PAC,Jimmy Panetta For Congress,2025-06-30,5000.00
AMERICAN CRYSTAL SUGAR COMPANY,American Crystal Sugar Company PAC,Josh Harder For Congress,2025-06-30,5000.00
AMERICAN CRYSTAL SUGAR COMPANY,American Crystal Sugar Company PAC,Lou Correa For Congress,2025-06-30,5000.00
AMERICAN CRYSTAL SUGAR COMPANY,American Crystal Sugar Company PAC,Lou Correa For Congress,2025-06-30,5000.00
AMERICAN CRYSTAL SUGAR COMPANY,American Crystal Sugar Company PAC,Mike Levin For Congress,2025-06-30,5000.00
AMERICAN CRYSTAL SUGAR COMPANY,American Crystal Sugar Company PAC,Mike Levin For Congress,2025-06-30,5000.00
AMERICAN CRYSTAL SUGAR COMPANY,American Crystal Sugar Company PAC,Pete Aguilar For Congress,2025-06-30,5000.00
AMERICAN CRYSTAL SUGAR COMPANY,American Crystal Sugar Company PAC,Pete Aguilar For Congress,2025-06-30,5000.00
AMERICAN CRYSTAL SUGAR COMPANY,American Crystal Sugar Company PAC,Robin Kelly for Senate,2025-06-30,5000.00
AMERICAN CRYSTAL SUGAR COMPANY,American Crystal Sugar Company PAC,Robin Kelly for Senate,2025-06-30,5000.00
AMERICAN CRYSTAL SUGAR COMPANY,American Crystal Sugar Company PAC,Salud Carbajal For Congress,2025-06-30,5000.00
AMERICAN CRYSTAL SUGAR COMPANY,American Crystal Sugar Company PAC,Salud Carbajal For Congress,2025-06-30,5000.00
AMERICAN CRYSTAL SUGAR COMPANY,American Crystal Sugar Company PAC,Austin Scott For Congress Inc,2025-02-11,5000.00
AMERICAN CRYSTAL SUGAR COMPANY,American Crystal Sugar Company PAC,Committee To Elect Shomari Figures For Congress,2025-02-11,5000.00
AMERICAN CRYSTAL SUGAR COMPANY,American Crystal Sugar Company PAC,Dave Taylor For Congress,2025-02-11,5000.00
AMERICAN CRYSTAL SUGAR COMPANY,American Crystal Sugar Company PAC,Derek Schmidt For Congress,2025-02-11,5000.00
AMERICAN CRYSTAL SUGAR COMPANY,American Crystal Sugar Company PAC,Eric Sorensen For Illinois,2025-02-11,5000.00
AMERICAN CRYSTAL SUGAR COMPANY,American Crystal Sugar Company PAC,Jeff Crank for Congress,2025-02-11,5000.00
AMERICAN CRYSTAL SUGAR COMPANY,American Crystal Sugar Company PAC,Joni For Iowa,2025-02-11,5000.00
AMERICAN CRYSTAL SUGAR COMPANY,American Crystal Sugar Company PAC,Josh Riley For Congress,2025-02-11,5000.00
AMERICAN CRYSTAL SUGAR COMPANY,American Crystal Sugar Company PAC,Julia Letlow For Congress,2025-02-11,5000.00
AMERICAN CRYSTAL SUGAR COMPANY,American Crystal Sugar Company PAC,Kristen For Michigan,2025-02-11,5000.00
AMERICAN CRYSTAL SUGAR COMPANY,American Crystal Sugar Company PAC,Lisa McClain For Congress,2025-02-11,5000.00
AMERICAN CRYSTAL SUGAR COMPANY,American Crystal Sugar Company PAC,Mary Miller For Congress,2025-02-11,5000.00
AMERICAN CRYSTAL SUGAR COMPANY,American Crystal Sugar Company PAC,Mullin For America,2025-02-11,5000.00
AMERICAN CRYSTAL SUGAR COMPANY,American Crystal Sugar Company PAC,Sullivan For Us Senate,2025-02-11,5000.00
AMERICAN CRYSTAL SUGAR COMPANY,American Crystal Sugar Company PAC,Terri Sewell For Congress,2025-02-11,5000.00
AMERICAN CRYSTAL SUGAR COMPANY,American Crystal Sugar Company PAC,Troy Carter For Congress,2025-02-11,5000.00
AMERICAN CRYSTAL SUGAR COMPANY,American Crystal Sugar Company PAC,United With Delia For Congress,2025-02-11,5000.00
AMERICAN CRYSTAL SUGAR COMPANY,American Crystal Sugar Company PAC,Vote Baumgartner For Congress,2025-02-11,5000.00
AMERICAN CRYSTAL SUGAR COMPANY,American Crystal Sugar Company PAC,"Ben Cline For Congress, Inc.",2025-03-03,5000.00
AMERICAN CRYSTAL SUGAR COMPANY,American Crystal Sugar Company PAC,Bera For Congress,2025-03-03,5000.00
AMERICAN CRYSTAL SUGAR COMPANY,American Crystal Sugar Company PAC,BOLD PAC,2025-03-03,5000.00
AMERICAN CRYSTAL SUGAR COMPANY,American Crystal Sugar Company PAC,Brandon Gill For Texas,2025-03-03,2500.00
AMERICAN CRYSTAL SUGAR COMPANY,American Crystal Sugar Company PAC,Cindy Hyde-Smith For US Senate,2025-03-03,5000.00
AMERICAN CRYSTAL SUGAR COMPANY,American Crystal Sugar Company PAC,Committee To Elect Jared Golden,2025-03-03,5000.00
AMERICAN CRYSTAL SUGAR COMPANY,American Crystal Sugar Company PAC,Committee To Re-Elect Henry Hank Johnson,2025-03-03,5000.00
AMERICAN CRYSTAL SUGAR COMPANY,American Crystal Sugar Company PAC,Courtney For Congress,2025-03-03,5000.00
AMERICAN CRYSTAL SUGAR COMPANY,American Crystal Sugar Company PAC,Daniel Webster For Congress,2025-03-03,5000.00
AMERICAN CRYSTAL SUGAR COMPANY,American Crystal Sugar Company PAC,Donald Norcross For Congress,2025-03-03,2500.00
AMERICAN CRYSTAL SUGAR COMPANY,American Crystal Sugar Company PAC,DREAMPAC,2025-03-03,5000.00
AMERICAN CRYSTAL SUGAR COMPANY,American Crystal Sugar Company PAC,Friends Of Dusty Johnson,2025-03-03,2500.00
AMERICAN CRYSTAL SUGAR COMPANY,American Crystal Sugar Company PAC,Friends Of Jahana Hayes,2025-03-03,2500.00
AMERICAN CRYSTAL SUGAR COMPANY,American Crystal Sugar Company PAC,Friends Of Rosa Delauro,2025-03-03,2500.00
AMERICAN CRYSTAL SUGAR COMPANY,American Crystal Sugar Company PAC,Herb Conaway For Congress,2025-03-03,5000.00
AMERICAN CRYSTAL SUGAR COMPANY,American Crystal Sugar Company PAC,Hern For Congress,2025-03-03,2500.00
AMERICAN CRYSTAL SUGAR COMPANY,American Crystal Sugar Company PAC,Hoyer For Congress,2025-03-03,5000.00
AMERICAN CRYSTAL SUGAR COMPANY,American Crystal Sugar Company PAC,Jim Costa For Congress,2025-03-03,2500.00
AMERICAN CRYSTAL SUGAR COMPANY,American Crystal Sugar Company PAC,Jimmy Panetta For Congress,2025-03-03,5000.00
AMERICAN CRYSTAL SUGAR COMPANY,American Crystal Sugar Company PAC,John Carter For Congress,2025-03-03,5000.00
AMERICAN CRYSTAL SUGAR COMPANY,American Crystal Sugar Company PAC,Josh Harder For Congress,2025-03-03,5000.00
AMERICAN CRYSTAL SUGAR COMPANY,American Crystal Sugar Company PAC,Kiggans For Congress,2025-03-03,5000.00
AMERICAN CRYSTAL SUGAR COMPANY,American Crystal Sugar Company PAC,Landsman For Congress,2025-03-03,2500.00
AMERICAN CRYSTAL SUGAR COMPANY,American Crystal Sugar Company PAC,Langworthy For Congress,2025-03-03,5000.00
AMERICAN CRYSTAL SUGAR COMPANY,American Crystal Sugar Company PAC,Lauren Boebert For Congress,2025-03-03,5000.00
AMERICAN CRYSTAL SUGAR COMPANY,American Crystal Sugar Company PAC,McGuire For Virginia,2025-03-03,5000.00
AMERICAN CRYSTAL SUGAR COMPANY,American Crystal Sugar Company PAC,Messmer For Congress,2025-03-03,5000.00
AMERICAN CRYSTAL SUGAR COMPANY,American Crystal Sugar Company PAC,Robert Aderholt For Congress,2025-03-03,5000.00
AMERICAN CRYSTAL SUGAR COMPANY,American Crystal Sugar Company PAC,Sanford Bishop For Congress,2025-03-03,2500.00
AMERICAN CRYSTAL SUGAR COMPANY,American Crystal Sugar Company PAC,Scott Fitzgerald For Congress,2025-03-03,5000.00
AMERICAN CRYSTAL SUGAR COMPANY,American Crystal Sugar Company PAC,SECURE PAC,2025-03-03,5000.00
AMERICAN CRYSTAL SUGAR COMPANY,American Crystal Sugar Company PAC,Sheri Biggs For Congress,2025-03-03,2500.00
AMERICAN CRYSTAL SUGAR COMPANY,American Crystal Sugar Company PAC,Simpson For Congress,2025-03-03,5000.00
AMERICAN CRYSTAL SUGAR COMPANY,American Crystal Sugar Company PAC,Suozzi For Congress,2025-03-03,5000.00
AMERICAN CRYSTAL SUGAR COMPANY,American Crystal Sugar Company PAC,Sylvia Garcia For Congress,2025-03-03,2500.00
AMERICAN CRYSTAL SUGAR COMPANY,American Crystal Sugar Company PAC,Thom Tillis Committee,2025-03-03,5000.00
AMERICAN CRYSTAL SUGAR COMPANY,American Crystal Sugar Company PAC,Adam Gray For Congress,2025-03-13,2500.00
AMERICAN CRYSTAL SUGAR COMPANY,American Crystal Sugar Company PAC,ARKPAC (Ar for Leadership Political Action Committee),2025-03-13,5000.00
AMERICAN CRYSTAL SUGAR COMPANY,American Crystal Sugar Company PAC,Darren Soto For Congress,2025-03-13,5000.00
AMERICAN CRYSTAL SUGAR COMPANY,American Crystal Sugar Company PAC,Eric Burlison For Congress,2025-03-13,5000.00
AMERICAN CRYSTAL SUGAR COMPANY,American Crystal Sugar Company PAC,Friends Of Lucy McBath,2025-03-13,5000.00
AMERICAN CRYSTAL SUGAR COMPANY,American Crystal Sugar Company PAC,Friends To Elect Dr. Greg Murphy To Congress,2025-03-13,5000.00
AMERICAN CRYSTAL SUGAR COMPANY,American Crystal Sugar Company PAC,Jason Crow For Congress,2025-03-13,5000.00
AMERICAN CRYSTAL SUGAR COMPANY,American Crystal Sugar Company PAC,Marie For Congress,2025-03-13,2500.00
AMERICAN CRYSTAL SUGAR COMPANY,American Crystal Sugar Company PAC,McClellan For Congress,2025-03-13,5000.00
AMERICAN CRYSTAL SUGAR COMPANY,American Crystal Sugar Company PAC,Moolenaar For Congress,2025-03-13,5000.00
AMERICAN CRYSTAL SUGAR COMPANY,American Crystal Sugar Company PAC,Randy Fine For Congress,2025-03-13,5000.00
AMERICAN CRYSTAL SUGAR COMPANY,American Crystal Sugar Company PAC,Scanlon For Congress,2025-03-13,2500.00
AMERICAN CRYSTAL SUGAR COMPANY,American Crystal Sugar Company PAC,Sock It To 'Em PAC,2025-03-13,5000.00
AMERICAN CRYSTAL SUGAR COMPANY,American Crystal Sugar Company PAC,Haley Stevens For Congress,2025-03-24,5000.00
AMERICAN CRYSTAL SUGAR COMPANY,American Crystal Sugar Company PAC,Haley Stevens For Congress,2025-03-24,5000.00
AMERICAN CRYSTAL SUGAR COMPANY,American Crystal Sugar Company PAC,Andy Kim For New Jersey,2025-03-26,5000.00
AMERICAN CRYSTAL SUGAR COMPANY,American Crystal Sugar Company PAC,Castro For Congress,2025-03-26,2500.00
AMERICAN CRYSTAL SUGAR COMPANY,American Crystal Sugar Company PAC,Friends Of Raja For Congress,2025-03-26,5000.00
AMERICAN CRYSTAL SUGAR COMPANY,American Crystal Sugar Company PAC,Friends Of Raja For Congress,2025-03-26,5000.00
AMERICAN CRYSTAL SUGAR COMPANY,American Crystal Sugar Company PAC,Lilac PAC,2025-03-26,5000.00
AMERICAN CRYSTAL SUGAR COMPANY,American Crystal Sugar Company PAC,Pat Ryan For Congress,2025-03-26,5000.00
AMERICAN CRYSTAL SUGAR COMPANY,American Crystal Sugar Company PAC,Suhas For Virginia,2025-03-26,5000.00
AMERICAN CRYSTAL SUGAR COMPANY,American Crystal Sugar Company PAC,Friends To Elect Dr. Greg Murphy To Congress,2025-03-27,1000.00
AMERICAN CRYSTAL SUGAR COMPANY,American Crystal Sugar Company PAC,Becca Balint For Vermont,2025-04-08,5000.00
AMERICAN CRYSTAL SUGAR COMPANY,American Crystal Sugar Company PAC,Dan Newhouse For Congress,2025-04-08,5000.00
AMERICAN CRYSTAL SUGAR COMPANY,American Crystal Sugar Company PAC,Emily Randall For Congress,2025-04-08,5000.00
AMERICAN CRYSTAL SUGAR COMPANY,American Crystal Sugar Company PAC,Fedorchak For Nd,2025-04-08,5000.00
AMERICAN CRYSTAL SUGAR COMPANY,American Crystal Sugar Company PAC,Larson For Congress,2025-04-08,5000.00
AMERICAN CRYSTAL SUGAR COMPANY,American Crystal Sugar Company PAC,Moody for FL,2025-04-08,5000.00
AMERICAN CRYSTAL SUGAR COMPANY,American Crystal Sugar Company PAC,"Moore For West Virginia, Inc.",2025-04-08,5000.00
AMERICAN CRYSTAL SUGAR COMPANY,American Crystal Sugar Company PAC,Nikki For Congress,2025-04-08,5000.00
AMERICAN CRYSTAL SUGAR COMPANY,American Crystal Sugar Company PAC,Pingree For Congress,2025-04-08,5000.00
AMERICAN CRYSTAL SUGAR COMPANY,American Crystal Sugar Company PAC,Val Hoyle For Congress,2025-04-08,5000.00
AMERICAN CRYSTAL SUGAR COMPANY,American Crystal Sugar Company PAC,Veronica Escobar For Congress,2025-04-08,5000.00
AMERICAN CRYSTAL SUGAR COMPANY,American Crystal Sugar Company PAC,Electgabeevans.Com,2025-04-16,5000.00
AMERICAN CRYSTAL SUGAR COMPANY,American Crystal Sugar Company PAC,Feenstra For Congress,2025-04-16,5000.00
AMERICAN CRYSTAL SUGAR COMPANY,American Crystal Sugar Company PAC,Jeff Hurd For Congress,2025-04-16,5000.00
AMERICAN CRYSTAL SUGAR COMPANY,American Crystal Sugar Company PAC,Lauren Underwood For Congress,2025-04-16,5000.00
AMERICAN CRYSTAL SUGAR COMPANY,American Crystal Sugar Company PAC,Mark Green For Congress,2025-04-16,5000.00
AMERICAN CRYSTAL SUGAR COMPANY,American Crystal Sugar Company PAC,Rob For Pa,2025-04-16,5000.00
AMERICAN CRYSTAL SUGAR COMPANY,American Crystal Sugar Company PAC,Rulli For Ohio,2025-04-16,5000.00
AMERICAN CRYSTAL SUGAR COMPANY,American Crystal Sugar Company PAC,"Steil For Wisconsin, Inc.",2025-04-16,5000.00
AMERICAN CRYSTAL SUGAR COMPANY,American Crystal Sugar Company PAC,Tom Barrett For Congress,2025-04-16,5000.00
AMERICAN CRYSTAL SUGAR COMPANY,American Crystal Sugar Company PAC,Tony Wied For Congress,2025-04-16,5000.00
AMERICAN CRYSTAL SUGAR COMPANY,American Crystal Sugar Company PAC,NCFC PAC,2025-04-29,5000.00
AMERICAN CRYSTAL SUGAR COMPANY,American Crystal Sugar Company PAC,Bice For Congress,2025-05-14,5000.00
AMERICAN CRYSTAL SUGAR COMPANY,American Crystal Sugar Company PAC,Cole For Congress,2025-05-14,5000.00
AMERICAN CRYSTAL SUGAR COMPANY,American Crystal Sugar Company PAC,Fair Shot PAC,2025-05-14,5000.00
AMERICAN CRYSTAL SUGAR COMPANY,American Crystal Sugar Company PAC,Hern For Congress,2025-05-14,2500.00
AMERICAN CRYSTAL SUGAR COMPANY,American Crystal Sugar Company PAC,Hern For Congress,2025-05-14,2500.00
AMERICAN CRYSTAL SUGAR COMPANY,American Crystal Sugar Company PAC,"Laurel Lee For Congress, Inc.",2025-05-14,5000.00
AMERICAN CRYSTAL SUGAR COMPANY,American Crystal Sugar Company PAC,Lucas For Congress,2025-05-14,5000.00
AMERICAN CRYSTAL SUGAR COMPANY,American Crystal Sugar Company PAC,Mann For Congress,2025-05-14,5000.00
AMERICAN CRYSTAL SUGAR COMPANY,American Crystal Sugar Company PAC,"Sheila Cherfilus McCormick For Congress, Inc",2025-05-14,5000.00
AMERICAN CRYSTAL SUGAR COMPANY,American Crystal Sugar Company PAC,Vince Fong For Congress,2025-05-14,5000.00
AMERICAN CRYSTAL SUGAR COMPANY,American Crystal Sugar Company PAC,Brian Jack For Congress,2025-05-29,5000.00
AMERICAN CRYSTAL SUGAR COMPANY,American Crystal Sugar Company PAC,Morgan McGarvey For Congress,2025-05-29,5000.00
AMERICAN CRYSTAL SUGAR COMPANY,American Crystal Sugar Company PAC,Democratic Congressional Campaign Committee,2025-05-30,15000.00
AMERICAN CRYSTAL SUGAR COMPANY,American Crystal Sugar Company PAC,Democratic Congressional Campaign Committee,2025-05-30,15000.00
AMERICAN CRYSTAL SUGAR COMPANY,American Crystal Sugar Company PAC,Democratic Senatorial Campaign Committee,2025-05-30,15000.00
AMERICAN CRYSTAL SUGAR COMPANY,American Crystal Sugar Company PAC,Democratic Senatorial Campaign Committee,2025-05-30,15000.00
AMERICAN CRYSTAL SUGAR COMPANY,American Crystal Sugar Company PAC,Friends Of Glenn Thompson,2025-05-30,5000.00
AMERICAN CRYSTAL SUGAR COMPANY,American Crystal Sugar Company PAC,Mannion For New York,2025-05-30,2500.00
AMERICAN CRYSTAL SUGAR COMPANY,American Crystal Sugar Company PAC,National Republican Congressional Committee,2025-05-30,15000.00
AMERICAN CRYSTAL SUGAR COMPANY,American Crystal Sugar Company PAC,National Republican Congressional Committee,2025-05-30,15000.00
AMERICAN CRYSTAL SUGAR COMPANY,American Crystal Sugar Company PAC,National Republican Senatorial Committee,2025-05-30,15000.00
AMERICAN CRYSTAL SUGAR COMPANY,American Crystal Sugar Company PAC,National Republican Senatorial Committee,2025-05-30,15000.00
AMERICAN CRYSTAL SUGAR COMPANY,American Crystal Sugar Company PAC,Velvet Hammer PAC,2025-05-30,5000.00
AMERICAN CRYSTAL SUGAR COMPANY,American Crystal Sugar Company PAC,Walkinshaw For Congress,2025-06-11,5000.00
AMERICAN CRYSTAL SUGAR COMPANY,American Crystal Sugar Company PAC,Adam Gray For Congress,2025-06-30,2500.00
AMERICAN CRYSTAL SUGAR COMPANY,American Crystal Sugar Company PAC,Adam Gray For Congress,2025-06-30,5000.00
AMERICAN CRYSTAL SUGAR COMPANY,American Crystal Sugar Company PAC,Cisneros For Congress,2025-06-30,5000.00
AMERICAN CRYSTAL SUGAR COMPANY,American Crystal Sugar Company PAC,Cisneros For Congress,2025-06-30,5000.00
AMERICAN CRYSTAL SUGAR COMPANY,American Crystal Sugar Company PAC,Dave Min For Congress,2025-06-30,5000.00
AMERICAN CRYSTAL SUGAR COMPANY,American Crystal Sugar Company PAC,Dave Min For Congress,2025-06-30,5000.00
AMERICAN CRYSTAL SUGAR COMPANY,American Crystal Sugar Company PAC,Derek Tran For Congress,2025-06-30,5000.00
AMERICAN CRYSTAL SUGAR COMPANY,American Crystal Sugar Company PAC,Derek Tran For Congress,2025-06-30,5000.00
AMERICAN CRYSTAL SUGAR COMPANY,American Crystal Sugar Company PAC,Dr. Raul Ruiz For Congress,2025-06-30,5000.00
AMERICAN CRYSTAL SUGAR COMPANY,American Crystal Sugar Company PAC,George Whitesides For Congress,2025-06-30,5000.00
AMERICAN CRYSTAL SUGAR COMPANY,American Crystal Sugar Company PAC,George Whitesides For Congress,2025-06-30,5000.00
AMERICAN CRYSTAL SUGAR COMPANY,American Crystal Sugar Company PAC,Janelle Bynum For Congress,2025-06-30,5000.00
AMERICAN CRYSTAL SUGAR COMPANY,American Crystal Sugar Company PAC,Jim Costa For Congress,2025-06-30,5000.00
AMERICAN CRYSTAL SUGAR COMPANY,American Crystal Sugar Company PAC,Jim Costa For Congress,2025-06-30,2500.00
AMERICAN CRYSTAL SUGAR COMPANY,American Crystal Sugar Company PAC,Jimmy Panetta For Congress,2025-06-30,5000.00
AMERICAN CRYSTAL SUGAR COMPANY,American Crystal Sugar Company PAC,Josh Harder For Congress,2025-06-30,5000.00
AMERICAN CRYSTAL SUGAR COMPANY,American Crystal Sugar Company PAC,Lou Correa For Congress,2025-06-30,5000.00
AMERICAN CRYSTAL SUGAR COMPANY,American Crystal Sugar Company PAC,Lou Correa For Congress,2025-06-30,5000.00
AMERICAN CRYSTAL SUGAR COMPANY,American Crystal Sugar Company PAC,Mike Levin For Congress,2025-06-30,5000.00
AMERICAN CRYSTAL SUGAR COMPANY,American Crystal Sugar Company PAC,Mike Levin For Congress,2025-06-30,5000.00
AMERICAN CRYSTAL SUGAR COMPANY,American Crystal Sugar Company PAC,Pete Aguilar For Congress,2025-06-30,5000.00
AMERICAN CRYSTAL SUGAR COMPANY,American Crystal Sugar Company PAC,Pete Aguilar For Congress,2025-06-30,5000.00
AMERICAN CRYSTAL SUGAR COMPANY,American Crystal Sugar Company PAC,Robin Kelly for Senate,2025-06-30,5000.00
AMERICAN CRYSTAL SUGAR COMPANY,American Crystal Sugar Company PAC,Robin Kelly for Senate,2025-06-30,5000.00
AMERICAN CRYSTAL SUGAR COMPANY,American Crystal Sugar Company PAC,Salud Carbajal For Congress,2025-06-30,5000.00
AMERICAN CRYSTAL SUGAR COMPANY,American Crystal Sugar Company PAC,Salud Carbajal For Congress,2025-06-30,5000.00
AMERICAN CRYSTAL SUGAR COMPANY,American Crystal Sugar Company PAC,Austin Scott For Congress Inc,2025-02-11,5000.00
AMERICAN CRYSTAL SUGAR COMPANY,American Crystal Sugar Company PAC,Committee To Elect Shomari Figures For Congress,2025-02-11,5000.00
AMERICAN CRYSTAL SUGAR COMPANY,American Crystal Sugar Company PAC,Dave Taylor For Congress,2025-02-11,5000.00
AMERICAN CRYSTAL SUGAR COMPANY,American Crystal Sugar Company PAC,Derek Schmidt For Congress,2025-02-11,5000.00
AMERICAN CRYSTAL SUGAR COMPANY,American Crystal Sugar Company PAC,Eric Sorensen For Illinois,2025-02-11,5000.00
AMERICAN CRYSTAL SUGAR COMPANY,American Crystal Sugar Company PAC,Jeff Crank for Congress,2025-02-11,5000.00
AMERICAN CRYSTAL SUGAR COMPANY,American Crystal Sugar Company PAC,Joni For Iowa,2025-02-11,5000.00
AMERICAN CRYSTAL SUGAR COMPANY,American Crystal Sugar Company PAC,Josh Riley For Congress,2025-02-11,5000.00
AMERICAN CRYSTAL SUGAR COMPANY,American Crystal Sugar Company PAC,Julia Letlow For Congress,2025-02-11,5000.00
AMERICAN CRYSTAL SUGAR COMPANY,American Crystal Sugar Company PAC,Kristen For Michigan,2025-02-11,5000.00
AMERICAN CRYSTAL SUGAR COMPANY,American Crystal Sugar Company PAC,Lisa McClain For Congress,2025-02-11,5000.00
AMERICAN CRYSTAL SUGAR COMPANY,American Crystal Sugar Company PAC,Mary Miller For Congress,2025-02-11,5000.00
AMERICAN CRYSTAL SUGAR COMPANY,American Crystal Sugar Company PAC,Mullin For America,2025-02-11,5000.00
AMERICAN CRYSTAL SUGAR COMPANY,American Crystal Sugar Company PAC,Sullivan For Us Senate,2025-02-11,5000.00
AMERICAN CRYSTAL SUGAR COMPANY,American Crystal Sugar Company PAC,Terri Sewell For Congress,2025-02-11,5000.00
AMERICAN CRYSTAL SUGAR COMPANY,American Crystal Sugar Company PAC,Troy Carter For Congress,2025-02-11,5000.00
AMERICAN CRYSTAL SUGAR COMPANY,American Crystal Sugar Company PAC,United With Delia For Congress,2025-02-11,5000.00
AMERICAN CRYSTAL SUGAR COMPANY,American Crystal Sugar Company PAC,Vote Baumgartner For Congress,2025-02-11,5000.00
AMERICAN CRYSTAL SUGAR COMPANY,American Crystal Sugar Company PAC,"Ben Cline For Congress, Inc.",2025-03-03,5000.00
AMERICAN CRYSTAL SUGAR COMPANY,American Crystal Sugar Company PAC,Bera For Congress,2025-03-03,5000.00
AMERICAN CRYSTAL SUGAR COMPANY,American Crystal Sugar Company PAC,BOLD PAC,2025-03-03,5000.00
AMERICAN CRYSTAL SUGAR COMPANY,American Crystal Sugar Company PAC,Brandon Gill For Texas,2025-03-03,2500.00
AMERICAN CRYSTAL SUGAR COMPANY,American Crystal Sugar Company PAC,Cindy Hyde-Smith For US Senate,2025-03-03,5000.00
AMERICAN CRYSTAL SUGAR COMPANY,American Crystal Sugar Company PAC,Committee To Elect Jared Golden,2025-03-03,5000.00
AMERICAN CRYSTAL SUGAR COMPANY,American Crystal Sugar Company PAC,Committee To Re-Elect Henry Hank Johnson,2025-03-03,5000.00
AMERICAN CRYSTAL SUGAR COMPANY,American Crystal Sugar Company PAC,Courtney For Congress,2025-03-03,5000.00
AMERICAN CRYSTAL SUGAR COMPANY,American Crystal Sugar Company PAC,Daniel Webster For Congress,2025-03-03,5000.00
AMERICAN CRYSTAL SUGAR COMPANY,American Crystal Sugar Company PAC,Donald Norcross For Congress,2025-03-03,2500.00
AMERICAN CRYSTAL SUGAR COMPANY,American Crystal Sugar Company PAC,DREAMPAC,2025-03-03,5000.00
AMERICAN CRYSTAL SUGAR COMPANY,American Crystal Sugar Company PAC,Friends Of Dusty Johnson,2025-03-03,2500.00
AMERICAN CRYSTAL SUGAR COMPANY,American Crystal Sugar Company PAC,Friends Of Jahana Hayes,2025-03-03,2500.00
AMERICAN CRYSTAL SUGAR COMPANY,American Crystal Sugar Company PAC,Friends Of Rosa Delauro,2025-03-03,2500.00
AMERICAN CRYSTAL SUGAR COMPANY,American Crystal Sugar Company PAC,Herb Conaway For Congress,2025-03-03,5000.00
AMERICAN CRYSTAL SUGAR COMPANY,American Crystal Sugar Company PAC,Hern For Congress,2025-03-03,2500.00
AMERICAN CRYSTAL SUGAR COMPANY,American Crystal Sugar Company PAC,Hoyer For Congress,2025-03-03,5000.00
AMERICAN CRYSTAL SUGAR COMPANY,American Crystal Sugar Company PAC,Jim Costa For Congress,2025-03-03,2500.00
AMERICAN CRYSTAL SUGAR COMPANY,American Crystal Sugar Company PAC,Jimmy Panetta For Congress,2025-03-03,5000.00
AMERICAN CRYSTAL SUGAR COMPANY,American Crystal Sugar Company PAC,John Carter For Congress,2025-03-03,5000.00
AMERICAN CRYSTAL SUGAR COMPANY,American Crystal Sugar Company PAC,Josh Harder For Congress,2025-03-03,5000.00
AMERICAN CRYSTAL SUGAR COMPANY,American Crystal Sugar Company PAC,Kiggans For Congress,2025-03-03,5000.00
AMERICAN CRYSTAL SUGAR COMPANY,American Crystal Sugar Company PAC,Landsman For Congress,2025-03-03,2500.00
AMERICAN CRYSTAL SUGAR COMPANY,American Crystal Sugar Company PAC,Langworthy For Congress,2025-03-03,5000.00
AMERICAN CRYSTAL SUGAR COMPANY,American Crystal Sugar Company PAC,Lauren Boebert For Congress,2025-03-03,5000.00
AMERICAN CRYSTAL SUGAR COMPANY,American Crystal Sugar Company PAC,McGuire For Virginia,2025-03-03,5000.00
AMERICAN CRYSTAL SUGAR COMPANY,American Crystal Sugar Company PAC,Messmer For Congress,2025-03-03,5000.00
AMERICAN CRYSTAL SUGAR COMPANY,American Crystal Sugar Company PAC,Robert Aderholt For Congress,2025-03-03,5000.00
AMERICAN CRYSTAL SUGAR COMPANY,American Crystal Sugar Company PAC,Sanford Bishop For Congress,2025-03-03,2500.00
AMERICAN CRYSTAL SUGAR COMPANY,American Crystal Sugar Company PAC,Scott Fitzgerald For Congress,2025-03-03,5000.00
AMERICAN CRYSTAL SUGAR COMPANY,American Crystal Sugar Company PAC,SECURE PAC,2025-03-03,5000.00
AMERICAN CRYSTAL SUGAR COMPANY,American Crystal Sugar Company PAC,Sheri Biggs For Congress,2025-03-03,2500.00
AMERICAN CRYSTAL SUGAR COMPANY,American Crystal Sugar Company PAC,Simpson For Congress,2025-03-03,5000.00
AMERICAN CRYSTAL SUGAR COMPANY,American Crystal Sugar Company PAC,Suozzi For Congress,2025-03-03,5000.00
AMERICAN CRYSTAL SUGAR COMPANY,American Crystal Sugar Company PAC,Sylvia Garcia For Congress,2025-03-03,2500.00
AMERICAN CRYSTAL SUGAR COMPANY,American Crystal Sugar Company PAC,Thom Tillis Committee,2025-03-03,5000.00
AMERICAN CRYSTAL SUGAR COMPANY,American Crystal Sugar Company PAC,Adam Gray For Congress,2025-03-13,2500.00
AMERICAN CRYSTAL SUGAR COMPANY,American Crystal Sugar Company PAC,ARKPAC (Ar for Leadership Political Action Committee),2025-03-13,5000.00
AMERICAN CRYSTAL SUGAR COMPANY,American Crystal Sugar Company PAC,Darren Soto For Congress,2025-03-13,5000.00
AMERICAN CRYSTAL SUGAR COMPANY,American Crystal Sugar Company PAC,Eric Burlison For Congress,2025-03-13,5000.00
AMERICAN CRYSTAL SUGAR COMPANY,American Crystal Sugar Company PAC,Friends Of Lucy McBath,2025-03-13,5000.00
AMERICAN CRYSTAL SUGAR COMPANY,American Crystal Sugar Company PAC,Friends To Elect Dr. Greg Murphy To Congress,2025-03-13,5000.00
AMERICAN CRYSTAL SUGAR COMPANY,American Crystal Sugar Company PAC,Jason Crow For Congress,2025-03-13,5000.00
AMERICAN CRYSTAL SUGAR COMPANY,American Crystal Sugar Company PAC,Marie For Congress,2025-03-13,2500.00
AMERICAN CRYSTAL SUGAR COMPANY,American Crystal Sugar Company PAC,McClellan For Congress,2025-03-13,5000.00
AMERICAN CRYSTAL SUGAR COMPANY,American Crystal Sugar Company PAC,Moolenaar For Congress,2025-03-13,5000.00
AMERICAN CRYSTAL SUGAR COMPANY,American Crystal Sugar Company PAC,Randy Fine For Congress,2025-03-13,5000.00
AMERICAN CRYSTAL SUGAR COMPANY,American Crystal Sugar Company PAC,Scanlon For Congress,2025-03-13,2500.00
AMERICAN CRYSTAL SUGAR COMPANY,American Crystal Sugar Company PAC,Sock It To 'Em PAC,2025-03-13,5000.00
AMERICAN CRYSTAL SUGAR COMPANY,American Crystal Sugar Company PAC,Haley Stevens For Congress,2025-03-24,5000.00
AMERICAN CRYSTAL SUGAR COMPANY,American Crystal Sugar Company PAC,Haley Stevens For Congress,2025-03-24,5000.00
AMERICAN CRYSTAL SUGAR COMPANY,American Crystal Sugar Company PAC,Andy Kim For New Jersey,2025-03-26,5000.00
AMERICAN CRYSTAL SUGAR COMPANY,American Crystal Sugar Company PAC,Castro For Congress,2025-03-26,2500.00
AMERICAN CRYSTAL SUGAR COMPANY,American Crystal Sugar Company PAC,Friends Of Raja For Congress,2025-03-26,5000.00
AMERICAN CRYSTAL SUGAR COMPANY,American Crystal Sugar Company PAC,Friends Of Raja For Congress,2025-03-26,5000.00
AMERICAN CRYSTAL SUGAR COMPANY,American Crystal Sugar Company PAC,Lilac PAC,2025-03-26,5000.00
AMERICAN CRYSTAL SUGAR COMPANY,American Crystal Sugar Company PAC,Pat Ryan For Congress,2025-03-26,5000.00
AMERICAN CRYSTAL SUGAR COMPANY,American Crystal Sugar Company PAC,Suhas For Virginia,2025-03-26,5000.00
AMERICAN CRYSTAL SUGAR COMPANY,American Crystal Sugar Company PAC,Friends To Elect Dr. Greg Murphy To Congress,2025-03-27,1000.00
AMERICAN CRYSTAL SUGAR COMPANY,American Crystal Sugar Company PAC,Becca Balint For Vermont,2025-04-08,5000.00
AMERICAN CRYSTAL SUGAR COMPANY,American Crystal Sugar Company PAC,Dan Newhouse For Congress,2025-04-08,5000.00
AMERICAN CRYSTAL SUGAR COMPANY,American Crystal Sugar Company PAC,Emily Randall For Congress,2025-04-08,5000.00
AMERICAN CRYSTAL SUGAR COMPANY,American Crystal Sugar Company PAC,Fedorchak For Nd,2025-04-08,5000.00
AMERICAN CRYSTAL SUGAR COMPANY,American Crystal Sugar Company PAC,Larson For Congress,2025-04-08,5000.00
AMERICAN CRYSTAL SUGAR COMPANY,American Crystal Sugar Company PAC,Moody for FL,2025-04-08,5000.00
AMERICAN CRYSTAL SUGAR COMPANY,American Crystal Sugar Company PAC,"Moore For West Virginia, Inc.",2025-04-08,5000.00
AMERICAN CRYSTAL SUGAR COMPANY,American Crystal Sugar Company PAC,Nikki For Congress,2025-04-08,5000.00
AMERICAN CRYSTAL SUGAR COMPANY,American Crystal Sugar Company PAC,Pingree For Congress,2025-04-08,5000.00
AMERICAN CRYSTAL SUGAR COMPANY,American Crystal Sugar Company PAC,Val Hoyle For Congress,2025-04-08,5000.00
AMERICAN CRYSTAL SUGAR COMPANY,American Crystal Sugar Company PAC,Veronica Escobar For Congress,2025-04-08,5000.00
AMERICAN CRYSTAL SUGAR COMPANY,American Crystal Sugar Company PAC,Electgabeevans.Com,2025-04-16,5000.00
AMERICAN CRYSTAL SUGAR COMPANY,American Crystal Sugar Company PAC,Feenstra For Congress,2025-04-16,5000.00
AMERICAN CRYSTAL SUGAR COMPANY,American Crystal Sugar Company PAC,Jeff Hurd For Congress,2025-04-16,5000.00
AMERICAN CRYSTAL SUGAR COMPANY,American Crystal Sugar Company PAC,Lauren Underwood For Congress,2025-04-16,5000.00
AMERICAN CRYSTAL SUGAR COMPANY,American Crystal Sugar Company PAC,Mark Green For Congress,2025-04-16,5000.00
AMERICAN CRYSTAL SUGAR COMPANY,American Crystal Sugar Company PAC,Rob For Pa,2025-04-16,5000.00
AMERICAN CRYSTAL SUGAR COMPANY,American Crystal Sugar Company PAC,Rulli For Ohio,2025-04-16,5000.00
AMERICAN CRYSTAL SUGAR COMPANY,American Crystal Sugar Company PAC,"Steil For Wisconsin, Inc.",2025-04-16,5000.00
AMERICAN CRYSTAL SUGAR COMPANY,American Crystal Sugar Company PAC,Tom Barrett For Congress,2025-04-16,5000.00
AMERICAN CRYSTAL SUGAR COMPANY,American Crystal Sugar Company PAC,Tony Wied For Congress,2025-04-16,5000.00
AMERICAN CRYSTAL SUGAR COMPANY,American Crystal Sugar Company PAC,NCFC PAC,2025-04-29,5000.00
AMERICAN CRYSTAL SUGAR COMPANY,American Crystal Sugar Company PAC,Bice For Congress,2025-05-14,5000.00
AMERICAN CRYSTAL SUGAR COMPANY,American Crystal Sugar Company PAC,Cole For Congress,2025-05-14,5000.00
AMERICAN CRYSTAL SUGAR COMPANY,American Crystal Sugar Company PAC,Fair Shot PAC,2025-05-14,5000.00
AMERICAN CRYSTAL SUGAR COMPANY,American Crystal Sugar Company PAC,Hern For Congress,2025-05-14,2500.00
AMERICAN CRYSTAL SUGAR COMPANY,American Crystal Sugar Company PAC,Hern For Congress,2025-05-14,2500.00
AMERICAN CRYSTAL SUGAR COMPANY,American Crystal Sugar Company PAC,"Laurel Lee For Congress, Inc.",2025-05-14,5000.00
AMERICAN CRYSTAL SUGAR COMPANY,American Crystal Sugar Company PAC,Lucas For Congress,2025-05-14,5000.00
AMERICAN CRYSTAL SUGAR COMPANY,American Crystal Sugar Company PAC,Mann For Congress,2025-05-14,5000.00
AMERICAN CRYSTAL SUGAR COMPANY,American Crystal Sugar Company PAC,"Sheila Cherfilus McCormick For Congress, Inc",2025-05-14,5000.00
AMERICAN CRYSTAL SUGAR COMPANY,American Crystal Sugar Company PAC,Vince Fong For Congress,2025-05-14,5000.00
AMERICAN CRYSTAL SUGAR COMPANY,American Crystal Sugar Company PAC,Brian Jack For Congress,2025-05-29,5000.00
AMERICAN CRYSTAL SUGAR COMPANY,American Crystal Sugar Company PAC,Morgan McGarvey For Congress,2025-05-29,5000.00
AMERICAN CRYSTAL SUGAR COMPANY,American Crystal Sugar Company PAC,Democratic Congressional Campaign Committee,2025-05-30,15000.00
AMERICAN CRYSTAL SUGAR COMPANY,American Crystal Sugar Company PAC,Democratic Congressional Campaign Committee,2025-05-30,15000.00
AMERICAN CRYSTAL SUGAR COMPANY,American Crystal Sugar Company PAC,Democratic Senatorial Campaign Committee,2025-05-30,15000.00
AMERICAN CRYSTAL SUGAR COMPANY,American Crystal Sugar Company PAC,Democratic Senatorial Campaign Committee,2025-05-30,15000.00
AMERICAN CRYSTAL SUGAR COMPANY,American Crystal Sugar Company PAC,Friends Of Glenn Thompson,2025-05-30,5000.00
AMERICAN CRYSTAL SUGAR COMPANY,American Crystal Sugar Company PAC,Mannion For New York,2025-05-30,2500.00
AMERICAN CRYSTAL SUGAR COMPANY,American Crystal Sugar Company PAC,National Republican Congressional Committee,2025-05-30,15000.00
AMERICAN CRYSTAL SUGAR COMPANY,American Crystal Sugar Company PAC,National Republican Congressional Committee,2025-05-30,15000.00
AMERICAN CRYSTAL SUGAR COMPANY,American Crystal Sugar Company PAC,National Republican Senatorial Committee,2025-05-30,15000.00
AMERICAN CRYSTAL SUGAR COMPANY,American Crystal Sugar Company PAC,National Republican Senatorial Committee,2025-05-30,15000.00
AMERICAN CRYSTAL SUGAR COMPANY,American Crystal Sugar Company PAC,Velvet Hammer PAC,2025-05-30,5000.00
AMERICAN CRYSTAL SUGAR COMPANY,American Crystal Sugar Company PAC,Walkinshaw For Congress,2025-06-11,5000.00
AMERICAN CRYSTAL SUGAR COMPANY,American Crystal Sugar Company PAC,Adam Gray For Congress,2025-06-30,2500.00
AMERICAN CRYSTAL SUGAR COMPANY,American Crystal Sugar Company PAC,Adam Gray For Congress,2025-06-30,5000.00
AMERICAN CRYSTAL SUGAR COMPANY,American Crystal Sugar Company PAC,Cisneros For Congress,2025-06-30,5000.00
AMERICAN CRYSTAL SUGAR COMPANY,American Crystal Sugar Company PAC,Cisneros For Congress,2025-06-30,5000.00
AMERICAN CRYSTAL SUGAR COMPANY,American Crystal Sugar Company PAC,Dave Min For Congress,2025-06-30,5000.00
AMERICAN CRYSTAL SUGAR COMPANY,American Crystal Sugar Company PAC,Dave Min For Congress,2025-06-30,5000.00
AMERICAN CRYSTAL SUGAR COMPANY,American Crystal Sugar Company PAC,Derek Tran For Congress,2025-06-30,5000.00
AMERICAN CRYSTAL SUGAR COMPANY,American Crystal Sugar Company PAC,Derek Tran For Congress,2025-06-30,5000.00
AMERICAN CRYSTAL SUGAR COMPANY,American Crystal Sugar Company PAC,Dr. Raul Ruiz For Congress,2025-06-30,5000.00
AMERICAN CRYSTAL SUGAR COMPANY,American Crystal Sugar Company PAC,George Whitesides For Congress,2025-06-30,5000.00
AMERICAN CRYSTAL SUGAR COMPANY,American Crystal Sugar Company PAC,George Whitesides For Congress,2025-06-30,5000.00
AMERICAN CRYSTAL SUGAR COMPANY,American Crystal Sugar Company PAC,Janelle Bynum For Congress,2025-06-30,5000.00
AMERICAN CRYSTAL SUGAR COMPANY,American Crystal Sugar Company PAC,Jim Costa For Congress,2025-06-30,5000.00
AMERICAN CRYSTAL SUGAR COMPANY,American Crystal Sugar Company PAC,Jim Costa For Congress,2025-06-30,2500.00
AMERICAN CRYSTAL SUGAR COMPANY,American Crystal Sugar Company PAC,Jimmy Panetta For Congress,2025-06-30,5000.00
AMERICAN CRYSTAL SUGAR COMPANY,American Crystal Sugar Company PAC,Josh Harder For Congress,2025-06-30,5000.00
AMERICAN CRYSTAL SUGAR COMPANY,American Crystal Sugar Company PAC,Lou Correa For Congress,2025-06-30,5000.00
AMERICAN CRYSTAL SUGAR COMPANY,American Crystal Sugar Company PAC,Lou Correa For Congress,2025-06-30,5000.00
AMERICAN CRYSTAL SUGAR COMPANY,American Crystal Sugar Company PAC,Mike Levin For Congress,2025-06-30,5000.00
AMERICAN CRYSTAL SUGAR COMPANY,American Crystal Sugar Company PAC,Mike Levin For Congress,2025-06-30,5000.00
AMERICAN CRYSTAL SUGAR COMPANY,American Crystal Sugar Company PAC,Pete Aguilar For Congress,2025-06-30,5000.00
AMERICAN CRYSTAL SUGAR COMPANY,American Crystal Sugar Company PAC,Pete Aguilar For Congress,2025-06-30,5000.00
AMERICAN CRYSTAL SUGAR COMPANY,American Crystal Sugar Company PAC,Robin Kelly for Senate,2025-06-30,5000.00
AMERICAN CRYSTAL SUGAR COMPANY,American Crystal Sugar Company PAC,Robin Kelly for Senate,2025-06-30,5000.00
AMERICAN CRYSTAL SUGAR COMPANY,American Crystal Sugar Company PAC,Salud Carbajal For Congress,2025-06-30,5000.00
AMERICAN CRYSTAL SUGAR COMPANY,American Crystal Sugar Company PAC,Salud Carbajal For Congress,2025-06-30,5000.00
AMERICAN CRYSTAL SUGAR COMPANY,American Crystal Sugar Company PAC,Austin Scott For Congress Inc,2025-02-11,5000.00
AMERICAN CRYSTAL SUGAR COMPANY,American Crystal Sugar Company PAC,Committee To Elect Shomari Figures For Congress,2025-02-11,5000.00
AMERICAN CRYSTAL SUGAR COMPANY,American Crystal Sugar Company PAC,Dave Taylor For Congress,2025-02-11,5000.00
AMERICAN CRYSTAL SUGAR COMPANY,American Crystal Sugar Company PAC,Derek Schmidt For Congress,2025-02-11,5000.00
AMERICAN CRYSTAL SUGAR COMPANY,American Crystal Sugar Company PAC,Eric Sorensen For Illinois,2025-02-11,5000.00
AMERICAN CRYSTAL SUGAR COMPANY,American Crystal Sugar Company PAC,Jeff Crank for Congress,2025-02-11,5000.00
AMERICAN CRYSTAL SUGAR COMPANY,American Crystal Sugar Company PAC,Joni For Iowa,2025-02-11,5000.00
AMERICAN CRYSTAL SUGAR COMPANY,American Crystal Sugar Company PAC,Josh Riley For Congress,2025-02-11,5000.00
AMERICAN CRYSTAL SUGAR COMPANY,American Crystal Sugar Company PAC,Julia Letlow For Congress,2025-02-11,5000.00
AMERICAN CRYSTAL SUGAR COMPANY,American Crystal Sugar Company PAC,Kristen For Michigan,2025-02-11,5000.00
AMERICAN CRYSTAL SUGAR COMPANY,American Crystal Sugar Company PAC,Lisa McClain For Congress,2025-02-11,5000.00
AMERICAN CRYSTAL SUGAR COMPANY,American Crystal Sugar Company PAC,Mary Miller For Congress,2025-02-11,5000.00
AMERICAN CRYSTAL SUGAR COMPANY,American Crystal Sugar Company PAC,Mullin For America,2025-02-11,5000.00
AMERICAN CRYSTAL SUGAR COMPANY,American Crystal Sugar Company PAC,Sullivan For Us Senate,2025-02-11,5000.00
AMERICAN CRYSTAL SUGAR COMPANY,American Crystal Sugar Company PAC,Terri Sewell For Congress,2025-02-11,5000.00
AMERICAN CRYSTAL SUGAR COMPANY,American Crystal Sugar Company PAC,Troy Carter For Congress,2025-02-11,5000.00
AMERICAN CRYSTAL SUGAR COMPANY,American Crystal Sugar Company PAC,United With Delia For Congress,2025-02-11,5000.00
AMERICAN CRYSTAL SUGAR COMPANY,American Crystal Sugar Company PAC,Vote Baumgartner For Congress,2025-02-11,5000.00
AMERICAN CRYSTAL SUGAR COMPANY,American Crystal Sugar Company PAC,"Ben Cline For Congress, Inc.",2025-03-03,5000.00
AMERICAN CRYSTAL SUGAR COMPANY,American Crystal Sugar Company PAC,Bera For Congress,2025-03-03,5000.00
AMERICAN CRYSTAL SUGAR COMPANY,American Crystal Sugar Company PAC,BOLD PAC,2025-03-03,5000.00
AMERICAN CRYSTAL SUGAR COMPANY,American Crystal Sugar Company PAC,Brandon Gill For Texas,2025-03-03,2500.00
AMERICAN CRYSTAL SUGAR COMPANY,American Crystal Sugar Company PAC,Cindy Hyde-Smith For US Senate,2025-03-03,5000.00
AMERICAN CRYSTAL SUGAR COMPANY,American Crystal Sugar Company PAC,Committee To Elect Jared Golden,2025-03-03,5000.00
AMERICAN CRYSTAL SUGAR COMPANY,American Crystal Sugar Company PAC,Committee To Re-Elect Henry Hank Johnson,2025-03-03,5000.00
AMERICAN CRYSTAL SUGAR COMPANY,American Crystal Sugar Company PAC,Courtney For Congress,2025-03-03,5000.00
AMERICAN CRYSTAL SUGAR COMPANY,American Crystal Sugar Company PAC,Daniel Webster For Congress,2025-03-03,5000.00
AMERICAN CRYSTAL SUGAR COMPANY,American Crystal Sugar Company PAC,Donald Norcross For Congress,2025-03-03,2500.00
AMERICAN CRYSTAL SUGAR COMPANY,American Crystal Sugar Company PAC,DREAMPAC,2025-03-03,5000.00
AMERICAN CRYSTAL SUGAR COMPANY,American Crystal Sugar Company PAC,Friends Of Dusty Johnson,2025-03-03,2500.00
AMERICAN CRYSTAL SUGAR COMPANY,American Crystal Sugar Company PAC,Friends Of Jahana Hayes,2025-03-03,2500.00
AMERICAN CRYSTAL SUGAR COMPANY,American Crystal Sugar Company PAC,Friends Of Rosa Delauro,2025-03-03,2500.00
AMERICAN CRYSTAL SUGAR COMPANY,American Crystal Sugar Company PAC,Herb Conaway For Congress,2025-03-03,5000.00
AMERICAN CRYSTAL SUGAR COMPANY,American Crystal Sugar Company PAC,Hern For Congress,2025-03-03,2500.00
AMERICAN CRYSTAL SUGAR COMPANY,American Crystal Sugar Company PAC,Hoyer For Congress,2025-03-03,5000.00
AMERICAN CRYSTAL SUGAR COMPANY,American Crystal Sugar Company PAC,Jim Costa For Congress,2025-03-03,2500.00
AMERICAN CRYSTAL SUGAR COMPANY,American Crystal Sugar Company PAC,Jimmy Panetta For Congress,2025-03-03,5000.00
AMERICAN CRYSTAL SUGAR COMPANY,American Crystal Sugar Company PAC,John Carter For Congress,2025-03-03,5000.00
AMERICAN CRYSTAL SUGAR COMPANY,American Crystal Sugar Company PAC,Josh Harder For Congress,2025-03-03,5000.00
AMERICAN CRYSTAL SUGAR COMPANY,American Crystal Sugar Company PAC,Kiggans For Congress,2025-03-03,5000.00
AMERICAN CRYSTAL SUGAR COMPANY,American Crystal Sugar Company PAC,Landsman For Congress,2025-03-03,2500.00
AMERICAN CRYSTAL SUGAR COMPANY,American Crystal Sugar Company PAC,Langworthy For Congress,2025-03-03,5000.00
AMERICAN CRYSTAL SUGAR COMPANY,American Crystal Sugar Company PAC,Lauren Boebert For Congress,2025-03-03,5000.00
AMERICAN CRYSTAL SUGAR COMPANY,American Crystal Sugar Company PAC,McGuire For Virginia,2025-03-03,5000.00
AMERICAN CRYSTAL SUGAR COMPANY,American Crystal Sugar Company PAC,Messmer For Congress,2025-03-03,5000.00
AMERICAN CRYSTAL SUGAR COMPANY,American Crystal Sugar Company PAC,Robert Aderholt For Congress,2025-03-03,5000.00
AMERICAN CRYSTAL SUGAR COMPANY,American Crystal Sugar Company PAC,Sanford Bishop For Congress,2025-03-03,2500.00
AMERICAN CRYSTAL SUGAR COMPANY,American Crystal Sugar Company PAC,Scott Fitzgerald For Congress,2025-03-03,5000.00
AMERICAN CRYSTAL SUGAR COMPANY,American Crystal Sugar Company PAC,SECURE PAC,2025-03-03,5000.00
AMERICAN CRYSTAL SUGAR COMPANY,American Crystal Sugar Company PAC,Sheri Biggs For Congress,2025-03-03,2500.00
AMERICAN CRYSTAL SUGAR COMPANY,American Crystal Sugar Company PAC,Simpson For Congress,2025-03-03,5000.00
AMERICAN CRYSTAL SUGAR COMPANY,American Crystal Sugar Company PAC,Suozzi For Congress,2025-03-03,5000.00
AMERICAN CRYSTAL SUGAR COMPANY,American Crystal Sugar Company PAC,Sylvia Garcia For Congress,2025-03-03,2500.00
AMERICAN CRYSTAL SUGAR COMPANY,American Crystal Sugar Company PAC,Thom Tillis Committee,2025-03-03,5000.00
AMERICAN CRYSTAL SUGAR COMPANY,American Crystal Sugar Company PAC,Adam Gray For Congress,2025-03-13,2500.00
AMERICAN CRYSTAL SUGAR COMPANY,American Crystal Sugar Company PAC,ARKPAC (Ar for Leadership Political Action Committee),2025-03-13,5000.00
AMERICAN CRYSTAL SUGAR COMPANY,American Crystal Sugar Company PAC,Darren Soto For Congress,2025-03-13,5000.00
AMERICAN CRYSTAL SUGAR COMPANY,American Crystal Sugar Company PAC,Eric Burlison For Congress,2025-03-13,5000.00
AMERICAN CRYSTAL SUGAR COMPANY,American Crystal Sugar Company PAC,Friends Of Lucy McBath,2025-03-13,5000.00
AMERICAN CRYSTAL SUGAR COMPANY,American Crystal Sugar Company PAC,Friends To Elect Dr. Greg Murphy To Congress,2025-03-13,5000.00
AMERICAN CRYSTAL SUGAR COMPANY,American Crystal Sugar Company PAC,Jason Crow For Congress,2025-03-13,5000.00
AMERICAN CRYSTAL SUGAR COMPANY,American Crystal Sugar Company PAC,Marie For Congress,2025-03-13,2500.00
AMERICAN CRYSTAL SUGAR COMPANY,American Crystal Sugar Company PAC,McClellan For Congress,2025-03-13,5000.00
AMERICAN CRYSTAL SUGAR COMPANY,American Crystal Sugar Company PAC,Moolenaar For Congress,2025-03-13,5000.00
AMERICAN CRYSTAL SUGAR COMPANY,American Crystal Sugar Company PAC,Randy Fine For Congress,2025-03-13,5000.00
AMERICAN CRYSTAL SUGAR COMPANY,American Crystal Sugar Company PAC,Scanlon For Congress,2025-03-13,2500.00
AMERICAN CRYSTAL SUGAR COMPANY,American Crystal Sugar Company PAC,Sock It To 'Em PAC,2025-03-13,5000.00
AMERICAN CRYSTAL SUGAR COMPANY,American Crystal Sugar Company PAC,Haley Stevens For Congress,2025-03-24,5000.00
AMERICAN CRYSTAL SUGAR COMPANY,American Crystal Sugar Company PAC,Haley Stevens For Congress,2025-03-24,5000.00
AMERICAN CRYSTAL SUGAR COMPANY,American Crystal Sugar Company PAC,Andy Kim For New Jersey,2025-03-26,5000.00
AMERICAN CRYSTAL SUGAR COMPANY,American Crystal Sugar Company PAC,Castro For Congress,2025-03-26,2500.00
AMERICAN CRYSTAL SUGAR COMPANY,American Crystal Sugar Company PAC,Friends Of Raja For Congress,2025-03-26,5000.00
AMERICAN CRYSTAL SUGAR COMPANY,American Crystal Sugar Company PAC,Friends Of Raja For Congress,2025-03-26,5000.00
AMERICAN CRYSTAL SUGAR COMPANY,American Crystal Sugar Company PAC,Lilac PAC,2025-03-26,5000.00
AMERICAN CRYSTAL SUGAR COMPANY,American Crystal Sugar Company PAC,Pat Ryan For Congress,2025-03-26,5000.00
AMERICAN CRYSTAL SUGAR COMPANY,American Crystal Sugar Company PAC,Suhas For Virginia,2025-03-26,5000.00
AMERICAN CRYSTAL SUGAR COMPANY,American Crystal Sugar Company PAC,Friends To Elect Dr. Greg Murphy To Congress,2025-03-27,1000.00
AMERICAN CRYSTAL SUGAR COMPANY,American Crystal Sugar Company PAC,Becca Balint For Vermont,2025-04-08,5000.00
AMERICAN CRYSTAL SUGAR COMPANY,American Crystal Sugar Company PAC,Dan Newhouse For Congress,2025-04-08,5000.00
AMERICAN CRYSTAL SUGAR COMPANY,American Crystal Sugar Company PAC,Emily Randall For Congress,2025-04-08,5000.00
AMERICAN CRYSTAL SUGAR COMPANY,American Crystal Sugar Company PAC,Fedorchak For Nd,2025-04-08,5000.00
AMERICAN CRYSTAL SUGAR COMPANY,American Crystal Sugar Company PAC,Larson For Congress,2025-04-08,5000.00
AMERICAN CRYSTAL SUGAR COMPANY,American Crystal Sugar Company PAC,Moody for FL,2025-04-08,5000.00
AMERICAN CRYSTAL SUGAR COMPANY,American Crystal Sugar Company PAC,"Moore For West Virginia, Inc.",2025-04-08,5000.00
AMERICAN CRYSTAL SUGAR COMPANY,American Crystal Sugar Company PAC,Nikki For Congress,2025-04-08,5000.00
AMERICAN CRYSTAL SUGAR COMPANY,American Crystal Sugar Company PAC,Pingree For Congress,2025-04-08,5000.00
AMERICAN CRYSTAL SUGAR COMPANY,American Crystal Sugar Company PAC,Val Hoyle For Congress,2025-04-08,5000.00
AMERICAN CRYSTAL SUGAR COMPANY,American Crystal Sugar Company PAC,Veronica Escobar For Congress,2025-04-08,5000.00
AMERICAN CRYSTAL SUGAR COMPANY,American Crystal Sugar Company PAC,Electgabeevans.Com,2025-04-16,5000.00
AMERICAN CRYSTAL SUGAR COMPANY,American Crystal Sugar Company PAC,Feenstra For Congress,2025-04-16,5000.00
AMERICAN CRYSTAL SUGAR COMPANY,American Crystal Sugar Company PAC,Jeff Hurd For Congress,2025-04-16,5000.00
AMERICAN CRYSTAL SUGAR COMPANY,American Crystal Sugar Company PAC,Lauren Underwood For Congress,2025-04-16,5000.00
AMERICAN CRYSTAL SUGAR COMPANY,American Crystal Sugar Company PAC,Mark Green For Congress,2025-04-16,5000.00
AMERICAN CRYSTAL SUGAR COMPANY,American Crystal Sugar Company PAC,Rob For Pa,2025-04-16,5000.00
AMERICAN CRYSTAL SUGAR COMPANY,American Crystal Sugar Company PAC,Rulli For Ohio,2025-04-16,5000.00
AMERICAN CRYSTAL SUGAR COMPANY,American Crystal Sugar Company PAC,"Steil For Wisconsin, Inc.",2025-04-16,5000.00
AMERICAN CRYSTAL SUGAR COMPANY,American Crystal Sugar Company PAC,Tom Barrett For Congress,2025-04-16,5000.00
AMERICAN CRYSTAL SUGAR COMPANY,American Crystal Sugar Company PAC,Tony Wied For Congress,2025-04-16,5000.00
AMERICAN CRYSTAL SUGAR COMPANY,American Crystal Sugar Company PAC,NCFC PAC,2025-04-29,5000.00
AMERICAN CRYSTAL SUGAR COMPANY,American Crystal Sugar Company PAC,Bice For Congress,2025-05-14,5000.00
AMERICAN CRYSTAL SUGAR COMPANY,American Crystal Sugar Company PAC,Cole For Congress,2025-05-14,5000.00
AMERICAN CRYSTAL SUGAR COMPANY,American Crystal Sugar Company PAC,Fair Shot PAC,2025-05-14,5000.00
AMERICAN CRYSTAL SUGAR COMPANY,American Crystal Sugar Company PAC,Hern For Congress,2025-05-14,2500.00
AMERICAN CRYSTAL SUGAR COMPANY,American Crystal Sugar Company PAC,Hern For Congress,2025-05-14,2500.00
AMERICAN CRYSTAL SUGAR COMPANY,American Crystal Sugar Company PAC,"Laurel Lee For Congress, Inc.",2025-05-14,5000.00
AMERICAN CRYSTAL SUGAR COMPANY,American Crystal Sugar Company PAC,Lucas For Congress,2025-05-14,5000.00
AMERICAN CRYSTAL SUGAR COMPANY,American Crystal Sugar Company PAC,Mann For Congress,2025-05-14,5000.00
AMERICAN CRYSTAL SUGAR COMPANY,American Crystal Sugar Company PAC,"Sheila Cherfilus McCormick For Congress, Inc",2025-05-14,5000.00
AMERICAN CRYSTAL SUGAR COMPANY,American Crystal Sugar Company PAC,Vince Fong For Congress,2025-05-14,5000.00
AMERICAN CRYSTAL SUGAR COMPANY,American Crystal Sugar Company PAC,Brian Jack For Congress,2025-05-29,5000.00
AMERICAN CRYSTAL SUGAR COMPANY,American Crystal Sugar Company PAC,Morgan McGarvey For Congress,2025-05-29,5000.00
AMERICAN CRYSTAL SUGAR COMPANY,American Crystal Sugar Company PAC,Democratic Congressional Campaign Committee,2025-05-30,15000.00
AMERICAN CRYSTAL SUGAR COMPANY,American Crystal Sugar Company PAC,Democratic Congressional Campaign Committee,2025-05-30,15000.00
AMERICAN CRYSTAL SUGAR COMPANY,American Crystal Sugar Company PAC,Democratic Senatorial Campaign Committee,2025-05-30,15000.00
AMERICAN CRYSTAL SUGAR COMPANY,American Crystal Sugar Company PAC,Democratic Senatorial Campaign Committee,2025-05-30,15000.00
AMERICAN CRYSTAL SUGAR COMPANY,American Crystal Sugar Company PAC,Friends Of Glenn Thompson,2025-05-30,5000.00
AMERICAN CRYSTAL SUGAR COMPANY,American Crystal Sugar Company PAC,Mannion For New York,2025-05-30,2500.00
AMERICAN CRYSTAL SUGAR COMPANY,American Crystal Sugar Company PAC,National Republican Congressional Committee,2025-05-30,15000.00
AMERICAN CRYSTAL SUGAR COMPANY,American Crystal Sugar Company PAC,National Republican Congressional Committee,2025-05-30,15000.00
AMERICAN CRYSTAL SUGAR COMPANY,American Crystal Sugar Company PAC,National Republican Senatorial Committee,2025-05-30,15000.00
AMERICAN CRYSTAL SUGAR COMPANY,American Crystal Sugar Company PAC,National Republican Senatorial Committee,2025-05-30,15000.00
AMERICAN CRYSTAL SUGAR COMPANY,American Crystal Sugar Company PAC,Velvet Hammer PAC,2025-05-30,5000.00
AMERICAN CRYSTAL SUGAR COMPANY,American Crystal Sugar Company PAC,Walkinshaw For Congress,2025-06-11,5000.00
AMERICAN CRYSTAL SUGAR COMPANY,American Crystal Sugar Company PAC,Adam Gray For Congress,2025-06-30,2500.00
AMERICAN CRYSTAL SUGAR COMPANY,American Crystal Sugar Company PAC,Adam Gray For Congress,2025-06-30,5000.00
AMERICAN CRYSTAL SUGAR COMPANY,American Crystal Sugar Company PAC,Cisneros For Congress,2025-06-30,5000.00
AMERICAN CRYSTAL SUGAR COMPANY,American Crystal Sugar Company PAC,Cisneros For Congress,2025-06-30,5000.00
AMERICAN CRYSTAL SUGAR COMPANY,American Crystal Sugar Company PAC,Dave Min For Congress,2025-06-30,5000.00
AMERICAN CRYSTAL SUGAR COMPANY,American Crystal Sugar Company PAC,Dave Min For Congress,2025-06-30,5000.00
AMERICAN CRYSTAL SUGAR COMPANY,American Crystal Sugar Company PAC,Derek Tran For Congress,2025-06-30,5000.00
AMERICAN CRYSTAL SUGAR COMPANY,American Crystal Sugar Company PAC,Derek Tran For Congress,2025-06-30,5000.00
AMERICAN CRYSTAL SUGAR COMPANY,American Crystal Sugar Company PAC,Dr. Raul Ruiz For Congress,2025-06-30,5000.00
AMERICAN CRYSTAL SUGAR COMPANY,American Crystal Sugar Company PAC,George Whitesides For Congress,2025-06-30,5000.00
AMERICAN CRYSTAL SUGAR COMPANY,American Crystal Sugar Company PAC,George Whitesides For Congress,2025-06-30,5000.00
AMERICAN CRYSTAL SUGAR COMPANY,American Crystal Sugar Company PAC,Janelle Bynum For Congress,2025-06-30,5000.00
AMERICAN CRYSTAL SUGAR COMPANY,American Crystal Sugar Company PAC,Jim Costa For Congress,2025-06-30,5000.00
AMERICAN CRYSTAL SUGAR COMPANY,American Crystal Sugar Company PAC,Jim Costa For Congress,2025-06-30,2500.00
AMERICAN CRYSTAL SUGAR COMPANY,American Crystal Sugar Company PAC,Jimmy Panetta For Congress,2025-06-30,5000.00
AMERICAN CRYSTAL SUGAR COMPANY,American Crystal Sugar Company PAC,Josh Harder For Congress,2025-06-30,5000.00
AMERICAN CRYSTAL SUGAR COMPANY,American Crystal Sugar Company PAC,Lou Correa For Congress,2025-06-30,5000.00
AMERICAN CRYSTAL SUGAR COMPANY,American Crystal Sugar Company PAC,Lou Correa For Congress,2025-06-30,5000.00
AMERICAN CRYSTAL SUGAR COMPANY,American Crystal Sugar Company PAC,Mike Levin For Congress,2025-06-30,5000.00
AMERICAN CRYSTAL SUGAR COMPANY,American Crystal Sugar Company PAC,Mike Levin For Congress,2025-06-30,5000.00
AMERICAN CRYSTAL SUGAR COMPANY,American Crystal Sugar Company PAC,Pete Aguilar For Congress,2025-06-30,5000.00
AMERICAN CRYSTAL SUGAR COMPANY,American Crystal Sugar Company PAC,Pete Aguilar For Congress,2025-06-30,5000.00
AMERICAN CRYSTAL SUGAR COMPANY,American Crystal Sugar Company PAC,Robin Kelly for Senate,2025-06-30,5000.00
AMERICAN CRYSTAL SUGAR COMPANY,American Crystal Sugar Company PAC,Robin Kelly for Senate,2025-06-30,5000.00
AMERICAN CRYSTAL SUGAR COMPANY,American Crystal Sugar Company PAC,Salud Carbajal For Congress,2025-06-30,5000.00
AMERICAN CRYSTAL SUGAR COMPANY,American Crystal Sugar Company PAC,Salud Carbajal For Congress,2025-06-30,5000.00
AMERICAN CRYSTAL SUGAR COMPANY,American Crystal Sugar Company PAC,Austin Scott For Congress Inc,2025-02-11,5000.00
AMERICAN CRYSTAL SUGAR COMPANY,American Crystal Sugar Company PAC,Committee To Elect Shomari Figures For Congress,2025-02-11,5000.00
AMERICAN CRYSTAL SUGAR COMPANY,American Crystal Sugar Company PAC,Dave Taylor For Congress,2025-02-11,5000.00
AMERICAN CRYSTAL SUGAR COMPANY,American Crystal Sugar Company PAC,Derek Schmidt For Congress,2025-02-11,5000.00
AMERICAN CRYSTAL SUGAR COMPANY,American Crystal Sugar Company PAC,Eric Sorensen For Illinois,2025-02-11,5000.00
AMERICAN CRYSTAL SUGAR COMPANY,American Crystal Sugar Company PAC,Jeff Crank for Congress,2025-02-11,5000.00
AMERICAN CRYSTAL SUGAR COMPANY,American Crystal Sugar Company PAC,Joni For Iowa,2025-02-11,5000.00
AMERICAN CRYSTAL SUGAR COMPANY,American Crystal Sugar Company PAC,Josh Riley For Congress,2025-02-11,5000.00
AMERICAN CRYSTAL SUGAR COMPANY,American Crystal Sugar Company PAC,Julia Letlow For Congress,2025-02-11,5000.00
AMERICAN CRYSTAL SUGAR COMPANY,American Crystal Sugar Company PAC,Kristen For Michigan,2025-02-11,5000.00
AMERICAN CRYSTAL SUGAR COMPANY,American Crystal Sugar Company PAC,Lisa McClain For Congress,2025-02-11,5000.00
AMERICAN CRYSTAL SUGAR COMPANY,American Crystal Sugar Company PAC,Mary Miller For Congress,2025-02-11,5000.00
AMERICAN CRYSTAL SUGAR COMPANY,American Crystal Sugar Company PAC,Mullin For America,2025-02-11,5000.00
AMERICAN CRYSTAL SUGAR COMPANY,American Crystal Sugar Company PAC,Sullivan For Us Senate,2025-02-11,5000.00
AMERICAN CRYSTAL SUGAR COMPANY,American Crystal Sugar Company PAC,Terri Sewell For Congress,2025-02-11,5000.00
AMERICAN CRYSTAL SUGAR COMPANY,American Crystal Sugar Company PAC,Troy Carter For Congress,2025-02-11,5000.00
AMERICAN CRYSTAL SUGAR COMPANY,American Crystal Sugar Company PAC,United With Delia For Congress,2025-02-11,5000.00
AMERICAN CRYSTAL SUGAR COMPANY,American Crystal Sugar Company PAC,Vote Baumgartner For Congress,2025-02-11,5000.00
AMERICAN CRYSTAL SUGAR COMPANY,American Crystal Sugar Company PAC,"Ben Cline For Congress, Inc.",2025-03-03,5000.00
AMERICAN CRYSTAL SUGAR COMPANY,American Crystal Sugar Company PAC,Bera For Congress,2025-03-03,5000.00
AMERICAN CRYSTAL SUGAR COMPANY,American Crystal Sugar Company PAC,BOLD PAC,2025-03-03,5000.00
AMERICAN CRYSTAL SUGAR COMPANY,American Crystal Sugar Company PAC,Brandon Gill For Texas,2025-03-03,2500.00
AMERICAN CRYSTAL SUGAR COMPANY,American Crystal Sugar Company PAC,Cindy Hyde-Smith For US Senate,2025-03-03,5000.00
AMERICAN CRYSTAL SUGAR COMPANY,American Crystal Sugar Company PAC,Committee To Elect Jared Golden,2025-03-03,5000.00
AMERICAN CRYSTAL SUGAR COMPANY,American Crystal Sugar Company PAC,Committee To Re-Elect Henry Hank Johnson,2025-03-03,5000.00
AMERICAN CRYSTAL SUGAR COMPANY,American Crystal Sugar Company PAC,Courtney For Congress,2025-03-03,5000.00
AMERICAN CRYSTAL SUGAR COMPANY,American Crystal Sugar Company PAC,Daniel Webster For Congress,2025-03-03,5000.00
AMERICAN CRYSTAL SUGAR COMPANY,American Crystal Sugar Company PAC,Donald Norcross For Congress,2025-03-03,2500.00
AMERICAN CRYSTAL SUGAR COMPANY,American Crystal Sugar Company PAC,DREAMPAC,2025-03-03,5000.00
AMERICAN CRYSTAL SUGAR COMPANY,American Crystal Sugar Company PAC,Friends Of Dusty Johnson,2025-03-03,2500.00
AMERICAN CRYSTAL SUGAR COMPANY,American Crystal Sugar Company PAC,Friends Of Jahana Hayes,2025-03-03,2500.00
AMERICAN CRYSTAL SUGAR COMPANY,American Crystal Sugar Company PAC,Friends Of Rosa Delauro,2025-03-03,2500.00
AMERICAN CRYSTAL SUGAR COMPANY,American Crystal Sugar Company PAC,Herb Conaway For Congress,2025-03-03,5000.00
AMERICAN CRYSTAL SUGAR COMPANY,American Crystal Sugar Company PAC,Hern For Congress,2025-03-03,2500.00
AMERICAN CRYSTAL SUGAR COMPANY,American Crystal Sugar Company PAC,Hoyer For Congress,2025-03-03,5000.00
AMERICAN CRYSTAL SUGAR COMPANY,American Crystal Sugar Company PAC,Jim Costa For Congress,2025-03-03,2500.00
AMERICAN CRYSTAL SUGAR COMPANY,American Crystal Sugar Company PAC,Jimmy Panetta For Congress,2025-03-03,5000.00
AMERICAN CRYSTAL SUGAR COMPANY,American Crystal Sugar Company PAC,John Carter For Congress,2025-03-03,5000.00
AMERICAN CRYSTAL SUGAR COMPANY,American Crystal Sugar Company PAC,Josh Harder For Congress,2025-03-03,5000.00
AMERICAN CRYSTAL SUGAR COMPANY,American Crystal Sugar Company PAC,Kiggans For Congress,2025-03-03,5000.00
AMERICAN CRYSTAL SUGAR COMPANY,American Crystal Sugar Company PAC,Landsman For Congress,2025-03-03,2500.00
AMERICAN CRYSTAL SUGAR COMPANY,American Crystal Sugar Company PAC,Langworthy For Congress,2025-03-03,5000.00
AMERICAN CRYSTAL SUGAR COMPANY,American Crystal Sugar Company PAC,Lauren Boebert For Congress,2025-03-03,5000.00
AMERICAN CRYSTAL SUGAR COMPANY,American Crystal Sugar Company PAC,McGuire For Virginia,2025-03-03,5000.00
AMERICAN CRYSTAL SUGAR COMPANY,American Crystal Sugar Company PAC,Messmer For Congress,2025-03-03,5000.00
AMERICAN CRYSTAL SUGAR COMPANY,American Crystal Sugar Company PAC,Robert Aderholt For Congress,2025-03-03,5000.00
AMERICAN CRYSTAL SUGAR COMPANY,American Crystal Sugar Company PAC,Sanford Bishop For Congress,2025-03-03,2500.00
AMERICAN CRYSTAL SUGAR COMPANY,American Crystal Sugar Company PAC,Scott Fitzgerald For Congress,2025-03-03,5000.00
AMERICAN CRYSTAL SUGAR COMPANY,American Crystal Sugar Company PAC,SECURE PAC,2025-03-03,5000.00
AMERICAN CRYSTAL SUGAR COMPANY,American Crystal Sugar Company PAC,Sheri Biggs For Congress,2025-03-03,2500.00
AMERICAN CRYSTAL SUGAR COMPANY,American Crystal Sugar Company PAC,Simpson For Congress,2025-03-03,5000.00
AMERICAN CRYSTAL SUGAR COMPANY,American Crystal Sugar Company PAC,Suozzi For Congress,2025-03-03,5000.00
AMERICAN CRYSTAL SUGAR COMPANY,American Crystal Sugar Company PAC,Sylvia Garcia For Congress,2025-03-03,2500.00
AMERICAN CRYSTAL SUGAR COMPANY,American Crystal Sugar Company PAC,Thom Tillis Committee,2025-03-03,5000.00
AMERICAN CRYSTAL SUGAR COMPANY,American Crystal Sugar Company PAC,Adam Gray For Congress,2025-03-13,2500.00
AMERICAN CRYSTAL SUGAR COMPANY,American Crystal Sugar Company PAC,ARKPAC (Ar for Leadership Political Action Committee),2025-03-13,5000.00
AMERICAN CRYSTAL SUGAR COMPANY,American Crystal Sugar Company PAC,Darren Soto For Congress,2025-03-13,5000.00
AMERICAN CRYSTAL SUGAR COMPANY,American Crystal Sugar Company PAC,Eric Burlison For Congress,2025-03-13,5000.00
AMERICAN CRYSTAL SUGAR COMPANY,American Crystal Sugar Company PAC,Friends Of Lucy McBath,2025-03-13,5000.00
AMERICAN CRYSTAL SUGAR COMPANY,American Crystal Sugar Company PAC,Friends To Elect Dr. Greg Murphy To Congress,2025-03-13,5000.00
AMERICAN CRYSTAL SUGAR COMPANY,American Crystal Sugar Company PAC,Jason Crow For Congress,2025-03-13,5000.00
AMERICAN CRYSTAL SUGAR COMPANY,American Crystal Sugar Company PAC,Marie For Congress,2025-03-13,2500.00
AMERICAN CRYSTAL SUGAR COMPANY,American Crystal Sugar Company PAC,McClellan For Congress,2025-03-13,5000.00
AMERICAN CRYSTAL SUGAR COMPANY,American Crystal Sugar Company PAC,Moolenaar For Congress,2025-03-13,5000.00
AMERICAN CRYSTAL SUGAR COMPANY,American Crystal Sugar Company PAC,Randy Fine For Congress,2025-03-13,5000.00
AMERICAN CRYSTAL SUGAR COMPANY,American Crystal Sugar Company PAC,Scanlon For Congress,2025-03-13,2500.00
AMERICAN CRYSTAL SUGAR COMPANY,American Crystal Sugar Company PAC,Sock It To 'Em PAC,2025-03-13,5000.00
AMERICAN CRYSTAL SUGAR COMPANY,American Crystal Sugar Company PAC,Haley Stevens For Congress,2025-03-24,5000.00
AMERICAN CRYSTAL SUGAR COMPANY,American Crystal Sugar Company PAC,Haley Stevens For Congress,2025-03-24,5000.00
AMERICAN CRYSTAL SUGAR COMPANY,American Crystal Sugar Company PAC,Andy Kim For New Jersey,2025-03-26,5000.00
AMERICAN CRYSTAL SUGAR COMPANY,American Crystal Sugar Company PAC,Castro For Congress,2025-03-26,2500.00
AMERICAN CRYSTAL SUGAR COMPANY,American Crystal Sugar Company PAC,Friends Of Raja For Congress,2025-03-26,5000.00
AMERICAN CRYSTAL SUGAR COMPANY,American Crystal Sugar Company PAC,Friends Of Raja For Congress,2025-03-26,5000.00
AMERICAN CRYSTAL SUGAR COMPANY,American Crystal Sugar Company PAC,Lilac PAC,2025-03-26,5000.00
AMERICAN CRYSTAL SUGAR COMPANY,American Crystal Sugar Company PAC,Pat Ryan For Congress,2025-03-26,5000.00
AMERICAN CRYSTAL SUGAR COMPANY,American Crystal Sugar Company PAC,Suhas For Virginia,2025-03-26,5000.00
AMERICAN CRYSTAL SUGAR COMPANY,American Crystal Sugar Company PAC,Friends To Elect Dr. Greg Murphy To Congress,2025-03-27,1000.00
AMERICAN CRYSTAL SUGAR COMPANY,American Crystal Sugar Company PAC,Becca Balint For Vermont,2025-04-08,5000.00
AMERICAN CRYSTAL SUGAR COMPANY,American Crystal Sugar Company PAC,Dan Newhouse For Congress,2025-04-08,5000.00
AMERICAN CRYSTAL SUGAR COMPANY,American Crystal Sugar Company PAC,Emily Randall For Congress,2025-04-08,5000.00
AMERICAN CRYSTAL SUGAR COMPANY,American Crystal Sugar Company PAC,Fedorchak For Nd,2025-04-08,5000.00
AMERICAN CRYSTAL SUGAR COMPANY,American Crystal Sugar Company PAC,Larson For Congress,2025-04-08,5000.00
AMERICAN CRYSTAL SUGAR COMPANY,American Crystal Sugar Company PAC,Moody for FL,2025-04-08,5000.00
AMERICAN CRYSTAL SUGAR COMPANY,American Crystal Sugar Company PAC,"Moore For West Virginia, Inc.",2025-04-08,5000.00
AMERICAN CRYSTAL SUGAR COMPANY,American Crystal Sugar Company PAC,Nikki For Congress,2025-04-08,5000.00
AMERICAN CRYSTAL SUGAR COMPANY,American Crystal Sugar Company PAC,Pingree For Congress,2025-04-08,5000.00
AMERICAN CRYSTAL SUGAR COMPANY,American Crystal Sugar Company PAC,Val Hoyle For Congress,2025-04-08,5000.00
AMERICAN CRYSTAL SUGAR COMPANY,American Crystal Sugar Company PAC,Veronica Escobar For Congress,2025-04-08,5000.00
AMERICAN CRYSTAL SUGAR COMPANY,American Crystal Sugar Company PAC,Electgabeevans.Com,2025-04-16,5000.00
AMERICAN CRYSTAL SUGAR COMPANY,American Crystal Sugar Company PAC,Feenstra For Congress,2025-04-16,5000.00
AMERICAN CRYSTAL SUGAR COMPANY,American Crystal Sugar Company PAC,Jeff Hurd For Congress,2025-04-16,5000.00
AMERICAN CRYSTAL SUGAR COMPANY,American Crystal Sugar Company PAC,Lauren Underwood For Congress,2025-04-16,5000.00
AMERICAN CRYSTAL SUGAR COMPANY,American Crystal Sugar Company PAC,Mark Green For Congress,2025-04-16,5000.00
AMERICAN CRYSTAL SUGAR COMPANY,American Crystal Sugar Company PAC,Rob For Pa,2025-04-16,5000.00
AMERICAN CRYSTAL SUGAR COMPANY,American Crystal Sugar Company PAC,Rulli For Ohio,2025-04-16,5000.00
AMERICAN CRYSTAL SUGAR COMPANY,American Crystal Sugar Company PAC,"Steil For Wisconsin, Inc.",2025-04-16,5000.00
AMERICAN CRYSTAL SUGAR COMPANY,American Crystal Sugar Company PAC,Tom Barrett For Congress,2025-04-16,5000.00
AMERICAN CRYSTAL SUGAR COMPANY,American Crystal Sugar Company PAC,Tony Wied For Congress,2025-04-16,5000.00
AMERICAN CRYSTAL SUGAR COMPANY,American Crystal Sugar Company PAC,NCFC PAC,2025-04-29,5000.00
AMERICAN CRYSTAL SUGAR COMPANY,American Crystal Sugar Company PAC,Bice For Congress,2025-05-14,5000.00
AMERICAN CRYSTAL SUGAR COMPANY,American Crystal Sugar Company PAC,Cole For Congress,2025-05-14,5000.00
AMERICAN CRYSTAL SUGAR COMPANY,American Crystal Sugar Company PAC,Fair Shot PAC,2025-05-14,5000.00
AMERICAN CRYSTAL SUGAR COMPANY,American Crystal Sugar Company PAC,Hern For Congress,2025-05-14,2500.00
AMERICAN CRYSTAL SUGAR COMPANY,American Crystal Sugar Company PAC,Hern For Congress,2025-05-14,2500.00
AMERICAN CRYSTAL SUGAR COMPANY,American Crystal Sugar Company PAC,"Laurel Lee For Congress, Inc.",2025-05-14,5000.00
AMERICAN CRYSTAL SUGAR COMPANY,American Crystal Sugar Company PAC,Lucas For Congress,2025-05-14,5000.00
AMERICAN CRYSTAL SUGAR COMPANY,American Crystal Sugar Company PAC,Mann For Congress,2025-05-14,5000.00
AMERICAN CRYSTAL SUGAR COMPANY,American Crystal Sugar Company PAC,"Sheila Cherfilus McCormick For Congress, Inc",2025-05-14,5000.00
AMERICAN CRYSTAL SUGAR COMPANY,American Crystal Sugar Company PAC,Vince Fong For Congress,2025-05-14,5000.00
AMERICAN CRYSTAL SUGAR COMPANY,American Crystal Sugar Company PAC,Brian Jack For Congress,2025-05-29,5000.00
AMERICAN CRYSTAL SUGAR COMPANY,American Crystal Sugar Company PAC,Morgan McGarvey For Congress,2025-05-29,5000.00
AMERICAN CRYSTAL SUGAR COMPANY,American Crystal Sugar Company PAC,Democratic Congressional Campaign Committee,2025-05-30,15000.00
AMERICAN CRYSTAL SUGAR COMPANY,American Crystal Sugar Company PAC,Democratic Congressional Campaign Committee,2025-05-30,15000.00
AMERICAN CRYSTAL SUGAR COMPANY,American Crystal Sugar Company PAC,Democratic Senatorial Campaign Committee,2025-05-30,15000.00
AMERICAN CRYSTAL SUGAR COMPANY,American Crystal Sugar Company PAC,Democratic Senatorial Campaign Committee,2025-05-30,15000.00
AMERICAN CRYSTAL SUGAR COMPANY,American Crystal Sugar Company PAC,Friends Of Glenn Thompson,2025-05-30,5000.00
AMERICAN CRYSTAL SUGAR COMPANY,American Crystal Sugar Company PAC,Mannion For New York,2025-05-30,2500.00
AMERICAN CRYSTAL SUGAR COMPANY,American Crystal Sugar Company PAC,National Republican Congressional Committee,2025-05-30,15000.00
AMERICAN CRYSTAL SUGAR COMPANY,American Crystal Sugar Company PAC,National Republican Congressional Committee,2025-05-30,15000.00
AMERICAN CRYSTAL SUGAR COMPANY,American Crystal Sugar Company PAC,National Republican Senatorial Committee,2025-05-30,15000.00
AMERICAN CRYSTAL SUGAR COMPANY,American Crystal Sugar Company PAC,National Republican Senatorial Committee,2025-05-30,15000.00
AMERICAN CRYSTAL SUGAR COMPANY,American Crystal Sugar Company PAC,Velvet Hammer PAC,2025-05-30,5000.00
AMERICAN CRYSTAL SUGAR COMPANY,American Crystal Sugar Company PAC,Walkinshaw For Congress,2025-06-11,5000.00
AMERICAN CRYSTAL SUGAR COMPANY,American Crystal Sugar Company PAC,Adam Gray For Congress,2025-06-30,2500.00
AMERICAN CRYSTAL SUGAR COMPANY,American Crystal Sugar Company PAC,Adam Gray For Congress,2025-06-30,5000.00
AMERICAN CRYSTAL SUGAR COMPANY,American Crystal Sugar Company PAC,Cisneros For Congress,2025-06-30,5000.00
AMERICAN CRYSTAL SUGAR COMPANY,American Crystal Sugar Company PAC,Cisneros For Congress,2025-06-30,5000.00
AMERICAN CRYSTAL SUGAR COMPANY,American Crystal Sugar Company PAC,Dave Min For Congress,2025-06-30,5000.00
AMERICAN CRYSTAL SUGAR COMPANY,American Crystal Sugar Company PAC,Dave Min For Congress,2025-06-30,5000.00
AMERICAN CRYSTAL SUGAR COMPANY,American Crystal Sugar Company PAC,Derek Tran For Congress,2025-06-30,5000.00
AMERICAN CRYSTAL SUGAR COMPANY,American Crystal Sugar Company PAC,Derek Tran For Congress,2025-06-30,5000.00
AMERICAN CRYSTAL SUGAR COMPANY,American Crystal Sugar Company PAC,Dr. Raul Ruiz For Congress,2025-06-30,5000.00
AMERICAN CRYSTAL SUGAR COMPANY,American Crystal Sugar Company PAC,George Whitesides For Congress,2025-06-30,5000.00
AMERICAN CRYSTAL SUGAR COMPANY,American Crystal Sugar Company PAC,George Whitesides For Congress,2025-06-30,5000.00
AMERICAN CRYSTAL SUGAR COMPANY,American Crystal Sugar Company PAC,Janelle Bynum For Congress,2025-06-30,5000.00
AMERICAN CRYSTAL SUGAR COMPANY,American Crystal Sugar Company PAC,Jim Costa For Congress,2025-06-30,5000.00
AMERICAN CRYSTAL SUGAR COMPANY,American Crystal Sugar Company PAC,Jim Costa For Congress,2025-06-30,2500.00
AMERICAN CRYSTAL SUGAR COMPANY,American Crystal Sugar Company PAC,Jimmy Panetta For Congress,2025-06-30,5000.00
AMERICAN CRYSTAL SUGAR COMPANY,American Crystal Sugar Company PAC,Josh Harder For Congress,2025-06-30,5000.00
AMERICAN CRYSTAL SUGAR COMPANY,American Crystal Sugar Company PAC,Lou Correa For Congress,2025-06-30,5000.00
AMERICAN CRYSTAL SUGAR COMPANY,American Crystal Sugar Company PAC,Lou Correa For Congress,2025-06-30,5000.00
AMERICAN CRYSTAL SUGAR COMPANY,American Crystal Sugar Company PAC,Mike Levin For Congress,2025-06-30,5000.00
AMERICAN CRYSTAL SUGAR COMPANY,American Crystal Sugar Company PAC,Mike Levin For Congress,2025-06-30,5000.00
AMERICAN CRYSTAL SUGAR COMPANY,American Crystal Sugar Company PAC,Pete Aguilar For Congress,2025-06-30,5000.00
AMERICAN CRYSTAL SUGAR COMPANY,American Crystal Sugar Company PAC,Pete Aguilar For Congress,2025-06-30,5000.00
AMERICAN CRYSTAL SUGAR COMPANY,American Crystal Sugar Company PAC,Robin Kelly for Senate,2025-06-30,5000.00
AMERICAN CRYSTAL SUGAR COMPANY,American Crystal Sugar Company PAC,Robin Kelly for Senate,2025-06-30,5000.00
AMERICAN CRYSTAL SUGAR COMPANY,American Crystal Sugar Company PAC,Salud Carbajal For Congress,2025-06-30,5000.00
AMERICAN CRYSTAL SUGAR COMPANY,American Crystal Sugar Company PAC,Salud Carbajal For Congress,2025-06-30,5000.00
VICTORY COALITION STRATEGIES LLC,,RNC,2025-04-21,55700.00
VICTORY COALITION STRATEGIES LLC,,RNC,2025-04-21,44300.00
VICTORY COALITION STRATEGIES LLC,,NRCC,2025-04-14,26700.00
VICTORY COALITION STRATEGIES LLC,,NRCC,2025-04-14,8300.00
VICTORY COALITION STRATEGIES LLC,,NRCC,2025-02-24,13000.00
VICTORY COALITION STRATEGIES LLC,,NRCC,2025-02-26,13000.00
VICTORY COALITION STRATEGIES LLC,,NRCC,2025-03-31,10000.00
VICTORY COALITION STRATEGIES LLC,,American Victory Fund,2025-04-08,35000.00
VICTORY COALITION STRATEGIES LLC,,American Victory Fund,2025-03-26,15000.00
VICTORY COALITION STRATEGIES LLC,,Cory Mills,2025-02-26,3500.00
VICTORY COALITION STRATEGIES LLC,,Cory Mills,2025-02-26,3500.00
VICTORY COALITION STRATEGIES LLC,,Cory Mills,2025-02-26,25000.00
VICTORY COALITION STRATEGIES LLC,,Rep Brian Mast,2025-02-24,5000.00
VICTORY COALITION STRATEGIES LLC,,Rep Brian Mast,2025-02-24,3500.00
VICTORY COALITION STRATEGIES LLC,,Rep Brian Mast,2025-02-24,3500.00
VICTORY COALITION STRATEGIES LLC,,Rep Brian Mast,2025-02-24,25000.00
VICTORY COALITION STRATEGIES LLC,,President Donald J. Trump,2025-06-11,100000.00
VICTORY COALITION STRATEGIES LLC,,RNC,2025-04-21,55700.00
VICTORY COALITION STRATEGIES LLC,,RNC,2025-04-21,44300.00
VICTORY COALITION STRATEGIES LLC,,NRCC,2025-04-14,26700.00
VICTORY COALITION STRATEGIES LLC,,NRCC,2025-04-14,8300.00
VICTORY COALITION STRATEGIES LLC,,NRCC,2025-02-24,13000.00
VICTORY COALITION STRATEGIES LLC,,NRCC,2025-02-26,13000.00
VICTORY COALITION STRATEGIES LLC,,NRCC,2025-03-31,10000.00
VICTORY COALITION STRATEGIES LLC,,American Victory Fund,2025-04-08,35000.00
VICTORY COALITION STRATEGIES LLC,,American Victory Fund,2025-03-26,15000.00
VICTORY COALITION STRATEGIES LLC,,Cory Mills,2025-02-26,3500.00
VICTORY COALITION STRATEGIES LLC,,Cory Mills,2025-02-26,3500.00
VICTORY COALITION STRATEGIES LLC,,Cory Mills,2025-02-26,25000.00
VICTORY COALITION STRATEGIES LLC,,Rep Brian Mast,2025-02-24,5000.00
VICTORY COALITION STRATEGIES LLC,,Rep Brian Mast,2025-02-24,3500.00
VICTORY COALITION STRATEGIES LLC,,Rep Brian Mast,2025-02-24,3500.00
VICTORY COALITION STRATEGIES LLC,,Rep Brian Mast,2025-02-24,25000.00
VICTORY COALITION STRATEGIES LLC,,President Donald J. Trump,2025-06-11,100000.00
VICTORY COALITION STRATEGIES LLC,,RNC,2025-04-21,55700.00
VICTORY COALITION STRATEGIES LLC,,RNC,2025-04-21,44300.00
VICTORY COALITION STRATEGIES LLC,,NRCC,2025-04-14,26700.00
VICTORY COALITION STRATEGIES LLC,,NRCC,2025-04-14,8300.00
VICTORY COALITION STRATEGIES LLC,,NRCC,2025-02-24,13000.00
VICTORY COALITION STRATEGIES LLC,,NRCC,2025-02-26,13000.00
VICTORY COALITION STRATEGIES LLC,,NRCC,2025-03-31,10000.00
VICTORY COALITION STRATEGIES LLC,,American Victory Fund,2025-04-08,35000.00
VICTORY COALITION STRATEGIES LLC,,American Victory Fund,2025-03-26,15000.00
VICTORY COALITION STRATEGIES LLC,,Cory Mills,2025-02-26,3500.00
VICTORY COALITION STRATEGIES LLC,,Cory Mills,2025-02-26,3500.00
VICTORY COALITION STRATEGIES LLC,,Cory Mills,2025-02-26,25000.00
VICTORY COALITION STRATEGIES LLC,,Rep Brian Mast,2025-02-24,5000.00
VICTORY COALITION STRATEGIES LLC,,Rep Brian Mast,2025-02-24,3500.00
VICTORY COALITION STRATEGIES LLC,,Rep Brian Mast,2025-02-24,3500.00
VICTORY COALITION STRATEGIES LLC,,Rep Brian Mast,2025-02-24,25000.00
VICTORY COALITION STRATEGIES LLC,,President Donald J. Trump,2025-06-11,100000.00
VICTORY COALITION STRATEGIES LLC,,RNC,2025-04-21,55700.00
VICTORY COALITION STRATEGIES LLC,,RNC,2025-04-21,44300.00
VICTORY COALITION STRATEGIES LLC,,NRCC,2025-04-14,26700.00
VICTORY COALITION STRATEGIES LLC,,NRCC,2025-04-14,8300.00
VICTORY COALITION STRATEGIES LLC,,NRCC,2025-02-24,13000.00
VICTORY COALITION STRATEGIES LLC,,NRCC,2025-02-26,13000.00
VICTORY COALITION STRATEGIES LLC,,NRCC,2025-03-31,10000.00
VICTORY COALITION STRATEGIES LLC,,American Victory Fund,2025-04-08,35000.00
VICTORY COALITION STRATEGIES LLC,,American Victory Fund,2025-03-26,15000.00
VICTORY COALITION STRATEGIES LLC,,Cory Mills,2025-02-26,3500.00
VICTORY COALITION STRATEGIES LLC,,Cory Mills,2025-02-26,3500.00
VICTORY COALITION STRATEGIES LLC,,Cory Mills,2025-02-26,25000.00
VICTORY COALITION STRATEGIES LLC,,Rep Brian Mast,2025-02-24,5000.00
VICTORY COALITION STRATEGIES LLC,,Rep Brian Mast,2025-02-24,3500.00
VICTORY COALITION STRATEGIES LLC,,Rep Brian Mast,2025-02-24,3500.00
VICTORY COALITION STRATEGIES LLC,,Rep Brian Mast,2025-02-24,25000.00
VICTORY COALITION STRATEGIES LLC,,President Donald J. Trump,2025-06-11,100000.00
VICTORY COALITION STRATEGIES LLC,,RNC,2025-04-21,55700.00
VICTORY COALITION STRATEGIES LLC,,RNC,2025-04-21,44300.00
VICTORY COALITION STRATEGIES LLC,,NRCC,2025-04-14,26700.00
VICTORY COALITION STRATEGIES LLC,,NRCC,2025-04-14,8300.00
VICTORY COALITION STRATEGIES LLC,,NRCC,2025-02-24,13000.00
VICTORY COALITION STRATEGIES LLC,,NRCC,2025-02-26,13000.00
VICTORY COALITION STRATEGIES LLC,,NRCC,2025-03-31,10000.00
VICTORY COALITION STRATEGIES LLC,,American Victory Fund,2025-04-08,35000.00
VICTORY COALITION STRATEGIES LLC,,American Victory Fund,2025-03-26,15000.00
VICTORY COALITION STRATEGIES LLC,,Cory Mills,2025-02-26,3500.00
VICTORY COALITION STRATEGIES LLC,,Cory Mills,2025-02-26,3500.00
VICTORY COALITION STRATEGIES LLC,,Cory Mills,2025-02-26,25000.00
VICTORY COALITION STRATEGIES LLC,,Rep Brian Mast,2025-02-24,5000.00
VICTORY COALITION STRATEGIES LLC,,Rep Brian Mast,2025-02-24,3500.00
VICTORY COALITION STRATEGIES LLC,,Rep Brian Mast,2025-02-24,3500.00
VICTORY COALITION STRATEGIES LLC,,Rep Brian Mast,2025-02-24,25000.00
VICTORY COALITION STRATEGIES LLC,,President Donald J. Trump,2025-06-11,100000.00
STRATEGIES 360,Asian American Action Fund,Rep. Derek Tran,2025-06-24,1000.00
"THE GOLDMAN SACHS GROUP, INC.",,Michael Blake,2025-03-07,500.00
"THE GOLDMAN SACHS GROUP, INC.",,Katherine Clark,2025-06-05,1500.00
"THE GOLDMAN SACHS GROUP, INC.",,Haley Stevens,2025-06-26,500.00
"THE GOLDMAN SACHS GROUP, INC.",,Zoe Cadore,2025-06-26,500.00
HOGAN LOVELLS US LLP,Hogan Lovells PAC,Rep. Jared Moskowitz,2025-02-10,1000.00
HOGAN LOVELLS US LLP,Hogan Lovells PAC,Senator Bernie Moreno,2025-02-18,2000.00
HOGAN LOVELLS US LLP,Hogan Lovells PAC,Republican candidates for the US House of Representatives,2025-02-18,15000.00
HOGAN LOVELLS US LLP,Hogan Lovells PAC,Democratic candidates for the US House of Representatives,2025-02-18,15000.00
HOGAN LOVELLS US LLP,Hogan Lovells PAC,Rep. Jimmy Gomez,2025-03-05,1000.00
HOGAN LOVELLS US LLP,Hogan Lovells PAC,Sen. Roger Wicker,2025-04-08,2500.00
HOGAN LOVELLS US LLP,Hogan Lovells PAC,Senator Katie Britt,2025-05-13,1000.00
HOGAN LOVELLS US LLP,Hogan Lovells PAC,Rep. Jim Jordan,2025-06-06,2000.00
HOGAN LOVELLS US LLP,Hogan Lovells PAC,Amy Roma,2025-06-06,1000.00
HOGAN LOVELLS US LLP,Hogan Lovells PAC,Senator Thom Tillis,2025-06-11,1000.00
HOGAN LOVELLS US LLP,Hogan Lovells PAC,Rep. Jared Moskowitz,2025-02-10,1000.00
HOGAN LOVELLS US LLP,Hogan Lovells PAC,Senator Bernie Moreno,2025-02-18,2000.00
HOGAN LOVELLS US LLP,Hogan Lovells PAC,Republican candidates for the US House of Representatives,2025-02-18,15000.00
HOGAN LOVELLS US LLP,Hogan Lovells PAC,Democratic candidates for the US House of Representatives,2025-02-18,15000.00
HOGAN LOVELLS US LLP,Hogan Lovells PAC,Rep. Jimmy Gomez,2025-03-05,1000.00
HOGAN LOVELLS US LLP,Hogan Lovells PAC,Sen. Roger Wicker,2025-04-08,2500.00
HOGAN LOVELLS US LLP,Hogan Lovells PAC,Senator Katie Britt,2025-05-13,1000.00
HOGAN LOVELLS US LLP,Hogan Lovells PAC,Rep. Jim Jordan,2025-06-06,2000.00
HOGAN LOVELLS US LLP,Hogan Lovells PAC,Amy Roma,2025-06-06,1000.00
HOGAN LOVELLS US LLP,Hogan Lovells PAC,Senator Thom Tillis,2025-06-11,1000.00
HOGAN LOVELLS US LLP,Hogan Lovells PAC,Rep. Jared Moskowitz,2025-02-10,1000.00
HOGAN LOVELLS US LLP,Hogan Lovells PAC,Senator Bernie Moreno,2025-02-18,2000.00
HOGAN LOVELLS US LLP,Hogan Lovells PAC,Republican candidates for the US House of Representatives,2025-02-18,15000.00
HOGAN LOVELLS US LLP,Hogan Lovells PAC,Democratic candidates for the US House of Representatives,2025-02-18,15000.00
HOGAN LOVELLS US LLP,Hogan Lovells PAC,Rep. Jimmy Gomez,2025-03-05,1000.00
HOGAN LOVELLS US LLP,Hogan Lovells PAC,Sen. Roger Wicker,2025-04-08,2500.00
HOGAN LOVELLS US LLP,Hogan Lovells PAC,Senator Katie Britt,2025-05-13,1000.00
HOGAN LOVELLS US LLP,Hogan Lovells PAC,Rep. Jim Jordan,2025-06-06,2000.00
HOGAN LOVELLS US LLP,Hogan Lovells PAC,Amy Roma,2025-06-06,1000.00
HOGAN LOVELLS US LLP,Hogan Lovells PAC,Senator Thom Tillis,2025-06-11,1000.00
HOGAN LOVELLS US LLP,Hogan Lovells PAC,Rep. Jared Moskowitz,2025-02-10,1000.00
HOGAN LOVELLS US LLP,Hogan Lovells PAC,Senator Bernie Moreno,2025-02-18,2000.00
HOGAN LOVELLS US LLP,Hogan Lovells PAC,Republican candidates for the US House of Representatives,2025-02-18,15000.00
HOGAN LOVELLS US LLP,Hogan Lovells PAC,Democratic candidates for the US House of Representatives,2025-02-18,15000.00
HOGAN LOVELLS US LLP,Hogan Lovells PAC,Rep. Jimmy Gomez,2025-03-05,1000.00
HOGAN LOVELLS US LLP,Hogan Lovells PAC,Sen. Roger Wicker,2025-04-08,2500.00
HOGAN LOVELLS US LLP,Hogan Lovells PAC,Senator Katie Britt,2025-05-13,1000.00
HOGAN LOVELLS US LLP,Hogan Lovells PAC,Rep. Jim Jordan,2025-06-06,2000.00
HOGAN LOVELLS US LLP,Hogan Lovells PAC,Amy Roma,2025-06-06,1000.00
HOGAN LOVELLS US LLP,Hogan Lovells PAC,Senator Thom Tillis,2025-06-11,1000.00
HOGAN LOVELLS US LLP,Hogan Lovells PAC,Rep. Jared Moskowitz,2025-02-10,1000.00
HOGAN LOVELLS US LLP,Hogan Lovells PAC,Senator Bernie Moreno,2025-02-18,2000.00
HOGAN LOVELLS US LLP,Hogan Lovells PAC,Republican candidates for the US House of Representatives,2025-02-18,15000.00
HOGAN LOVELLS US LLP,Hogan Lovells PAC,Democratic candidates for the US House of Representatives,2025-02-18,15000.00
HOGAN LOVELLS US LLP,Hogan Lovells PAC,Rep. Jimmy Gomez,2025-03-05,1000.00
HOGAN LOVELLS US LLP,Hogan Lovells PAC,Sen. Roger Wicker,2025-04-08,2500.00
HOGAN LOVELLS US LLP,Hogan Lovells PAC,Senator Katie Britt,2025-05-13,1000.00
HOGAN LOVELLS US LLP,Hogan Lovells PAC,Rep. Jim Jordan,2025-06-06,2000.00
HOGAN LOVELLS US LLP,Hogan Lovells PAC,Amy Roma,2025-06-06,1000.00
HOGAN LOVELLS US LLP,Hogan Lovells PAC,Senator Thom Tillis,2025-06-11,1000.00
HOGAN LOVELLS US LLP,Hogan Lovells PAC,Rep. Jared Moskowitz,2025-02-10,1000.00
HOGAN LOVELLS US LLP,Hogan Lovells PAC,Senator Bernie Moreno,2025-02-18,2000.00
HOGAN LOVELLS US LLP,Hogan Lovells PAC,Republican candidates for the US House of Representatives,2025-02-18,15000.00
HOGAN LOVELLS US LLP,Hogan Lovells PAC,Democratic candidates for the US House of Representatives,2025-02-18,15000.00
HOGAN LOVELLS US LLP,Hogan Lovells PAC,Rep. Jimmy Gomez,2025-03-05,1000.00
HOGAN LOVELLS US LLP,Hogan Lovells PAC,Sen. Roger Wicker,2025-04-08,2500.00
HOGAN LOVELLS US LLP,Hogan Lovells PAC,Senator Katie Britt,2025-05-13,1000.00
HOGAN LOVELLS US LLP,Hogan Lovells PAC,Rep. Jim Jordan,2025-06-06,2000.00
HOGAN LOVELLS US LLP,Hogan Lovells PAC,Amy Roma,2025-06-06,1000.00
HOGAN LOVELLS US LLP,Hogan Lovells PAC,Senator Thom Tillis,2025-06-11,1000.00
HOGAN LOVELLS US LLP,Hogan Lovells PAC,Rep. Jared Moskowitz,2025-02-10,1000.00
HOGAN LOVELLS US LLP,Hogan Lovells PAC,Senator Bernie Moreno,2025-02-18,2000.00
HOGAN LOVELLS US LLP,Hogan Lovells PAC,Republican candidates for the US House of Representatives,2025-02-18,15000.00
HOGAN LOVELLS US LLP,Hogan Lovells PAC,Democratic candidates for the US House of Representatives,2025-02-18,15000.00
HOGAN LOVELLS US LLP,Hogan Lovells PAC,Rep. Jimmy Gomez,2025-03-05,1000.00
HOGAN LOVELLS US LLP,Hogan Lovells PAC,Sen. Roger Wicker,2025-04-08,2500.00
HOGAN LOVELLS US LLP,Hogan Lovells PAC,Senator Katie Britt,2025-05-13,1000.00
HOGAN LOVELLS US LLP,Hogan Lovells PAC,Rep. Jim Jordan,2025-06-06,2000.00
HOGAN LOVELLS US LLP,Hogan Lovells PAC,Amy Roma,2025-06-06,1000.00
HOGAN LOVELLS US LLP,Hogan Lovells PAC,Senator Thom Tillis,2025-06-11,1000.00
JPMORGAN CHASE HOLDINGS LLC,,n/a,2025-06-16,1000.00
"WILLIAMS AND JENSEN, PLLC",,Frank Pallone,2025-02-11,2500.00
"WILLIAMS AND JENSEN, PLLC",,Cliff Bentz,2025-02-11,500.00
"WILLIAMS AND JENSEN, PLLC",,Frank Pallone,2025-03-31,2500.00
"WILLIAMS AND JENSEN, PLLC",,Andrea Salinas,2025-03-31,1000.00
"WILLIAMS AND JENSEN, PLLC",,Kevin Mullin,2025-03-31,1000.00
"WILLIAMS AND JENSEN, PLLC",,Tom Cole,2025-03-31,1000.00
"WILLIAMS AND JENSEN, PLLC",,Wiley Nickel,2025-04-25,1000.00
"WILLIAMS AND JENSEN, PLLC",,Katherine Clark,2025-05-01,1000.00
"WILLIAMS AND JENSEN, PLLC",,Rob Menendez,2025-05-19,500.00
"WILLIAMS AND JENSEN, PLLC",,Val Hoyle,2025-05-29,1000.00
"WILLIAMS AND JENSEN, PLLC",,Adam Gray,2025-06-17,1000.00
"WILLIAMS AND JENSEN, PLLC",,Vincente Gonzalez,2025-06-27,1000.00
"WILLIAMS AND JENSEN, PLLC",,Blue Dog PAC,2025-02-11,2500.00
"WILLIAMS AND JENSEN, PLLC",,Blue Dog PAC,2025-03-31,2500.00
"WILLIAMS AND JENSEN, PLLC",,Frank Pallone,2025-02-11,2500.00
"WILLIAMS AND JENSEN, PLLC",,Cliff Bentz,2025-02-11,500.00
"WILLIAMS AND JENSEN, PLLC",,Frank Pallone,2025-03-31,2500.00
"WILLIAMS AND JENSEN, PLLC",,Andrea Salinas,2025-03-31,1000.00
"WILLIAMS AND JENSEN, PLLC",,Kevin Mullin,2025-03-31,1000.00
"WILLIAMS AND JENSEN, PLLC",,Tom Cole,2025-03-31,1000.00
"WILLIAMS AND JENSEN, PLLC",,Wiley Nickel,2025-04-25,1000.00
"WILLIAMS AND JENSEN, PLLC",,Katherine Clark,2025-05-01,1000.00
"WILLIAMS AND JENSEN, PLLC",,Rob Menendez,2025-05-19,500.00
"WILLIAMS AND JENSEN, PLLC",,Val Hoyle,2025-05-29,1000.00
"WILLIAMS AND JENSEN, PLLC",,Adam Gray,2025-06-17,1000.00
"WILLIAMS AND JENSEN, PLLC",,Vincente Gonzalez,2025-06-27,1000.00
"WILLIAMS AND JENSEN, PLLC",,Blue Dog PAC,2025-02-11,2500.00
"WILLIAMS AND JENSEN, PLLC",,Blue Dog PAC,2025-03-31,2500.00
"WILLIAMS AND JENSEN, PLLC",,Frank Pallone,2025-02-11,2500.00
"WILLIAMS AND JENSEN, PLLC",,Cliff Bentz,2025-02-11,500.00
"WILLIAMS AND JENSEN, PLLC",,Frank Pallone,2025-03-31,2500.00
"WILLIAMS AND JENSEN, PLLC",,Andrea Salinas,2025-03-31,1000.00
"WILLIAMS AND JENSEN, PLLC",,Kevin Mullin,2025-03-31,1000.00
"WILLIAMS AND JENSEN, PLLC",,Tom Cole,2025-03-31,1000.00
"WILLIAMS AND JENSEN, PLLC",,Wiley Nickel,2025-04-25,1000.00
"WILLIAMS AND JENSEN, PLLC",,Katherine Clark,2025-05-01,1000.00
"WILLIAMS AND JENSEN, PLLC",,Rob Menendez,2025-05-19,500.00
"WILLIAMS AND JENSEN, PLLC",,Val Hoyle,2025-05-29,1000.00
"WILLIAMS AND JENSEN, PLLC",,Adam Gray,2025-06-17,1000.00
"WILLIAMS AND JENSEN, PLLC",,Vincente Gonzalez,2025-06-27,1000.00
"WILLIAMS AND JENSEN, PLLC",,Blue Dog PAC,2025-02-11,2500.00
"WILLIAMS AND JENSEN, PLLC",,Blue Dog PAC,2025-03-31,2500.00
"WILLIAMS AND JENSEN, PLLC",,Frank Pallone,2025-02-11,2500.00
"WILLIAMS AND JENSEN, PLLC",,Cliff Bentz,2025-02-11,500.00
"WILLIAMS AND JENSEN, PLLC",,Frank Pallone,2025-03-31,2500.00
"WILLIAMS AND JENSEN, PLLC",,Andrea Salinas,2025-03-31,1000.00
"WILLIAMS AND JENSEN, PLLC",,Kevin Mullin,2025-03-31,1000.00
"WILLIAMS AND JENSEN, PLLC",,Tom Cole,2025-03-31,1000.00
"WILLIAMS AND JENSEN, PLLC",,Wiley Nickel,2025-04-25,1000.00
"WILLIAMS AND JENSEN, PLLC",,Katherine Clark,2025-05-01,1000.00
"WILLIAMS AND JENSEN, PLLC",,Rob Menendez,2025-05-19,500.00
"WILLIAMS AND JENSEN, PLLC",,Val Hoyle,2025-05-29,1000.00
"WILLIAMS AND JENSEN, PLLC",,Adam Gray,2025-06-17,1000.00
"WILLIAMS AND JENSEN, PLLC",,Vincente Gonzalez,2025-06-27,1000.00
"WILLIAMS AND JENSEN, PLLC",,Blue Dog PAC,2025-02-11,2500.00
"WILLIAMS AND JENSEN, PLLC",,Blue Dog PAC,2025-03-31,2500.00
"WILLIAMS AND JENSEN, PLLC",,Frank Pallone,2025-02-11,2500.00
"WILLIAMS AND JENSEN, PLLC",,Cliff Bentz,2025-02-11,500.00
"WILLIAMS AND JENSEN, PLLC",,Frank Pallone,2025-03-31,2500.00
"WILLIAMS AND JENSEN, PLLC",,Andrea Salinas,2025-03-31,1000.00
"WILLIAMS AND JENSEN, PLLC",,Kevin Mullin,2025-03-31,1000.00
"WILLIAMS AND JENSEN, PLLC",,Tom Cole,2025-03-31,1000.00
"WILLIAMS AND JENSEN, PLLC",,Wiley Nickel,2025-04-25,1000.00
"WILLIAMS AND JENSEN, PLLC",,Katherine Clark,2025-05-01,1000.00
"WILLIAMS AND JENSEN, PLLC",,Rob Menendez,2025-05-19,500.00
"WILLIAMS AND JENSEN, PLLC",,Val Hoyle,2025-05-29,1000.00
"WILLIAMS AND JENSEN, PLLC",,Adam Gray,2025-06-17,1000.00
"WILLIAMS AND JENSEN, PLLC",,Vincente Gonzalez,2025-06-27,1000.00
"WILLIAMS AND JENSEN, PLLC",,Blue Dog PAC,2025-02-11,2500.00
"WILLIAMS AND JENSEN, PLLC",,Blue Dog PAC,2025-03-31,2500.00
"WILLIAMS AND JENSEN, PLLC",,Frank Pallone,2025-02-11,2500.00
"WILLIAMS AND JENSEN, PLLC",,Cliff Bentz,2025-02-11,500.00
"WILLIAMS AND JENSEN, PLLC",,Frank Pallone,2025-03-31,2500.00
"WILLIAMS AND JENSEN, PLLC",,Andrea Salinas,2025-03-31,1000.00
"WILLIAMS AND JENSEN, PLLC",,Kevin Mullin,2025-03-31,1000.00
"WILLIAMS AND JENSEN, PLLC",,Tom Cole,2025-03-31,1000.00
"WILLIAMS AND JENSEN, PLLC",,Wiley Nickel,2025-04-25,1000.00
"WILLIAMS AND JENSEN, PLLC",,Katherine Clark,2025-05-01,1000.00
"WILLIAMS AND JENSEN, PLLC",,Rob Menendez,2025-05-19,500.00
"WILLIAMS AND JENSEN, PLLC",,Val Hoyle,2025-05-29,1000.00
"WILLIAMS AND JENSEN, PLLC",,Adam Gray,2025-06-17,1000.00
"WILLIAMS AND JENSEN, PLLC",,Vincente Gonzalez,2025-06-27,1000.00
"WILLIAMS AND JENSEN, PLLC",,Blue Dog PAC,2025-02-11,2500.00
"WILLIAMS AND JENSEN, PLLC",,Blue Dog PAC,2025-03-31,2500.00
"WILLIAMS AND JENSEN, PLLC",,Frank Pallone,2025-02-11,2500.00
"WILLIAMS AND JENSEN, PLLC",,Cliff Bentz,2025-02-11,500.00
"WILLIAMS AND JENSEN, PLLC",,Frank Pallone,2025-03-31,2500.00
"WILLIAMS AND JENSEN, PLLC",,Andrea Salinas,2025-03-31,1000.00
"WILLIAMS AND JENSEN, PLLC",,Kevin Mullin,2025-03-31,1000.00
"WILLIAMS AND JENSEN, PLLC",,Tom Cole,2025-03-31,1000.00
"WILLIAMS AND JENSEN, PLLC",,Wiley Nickel,2025-04-25,1000.00
"WILLIAMS AND JENSEN, PLLC",,Katherine Clark,2025-05-01,1000.00
"WILLIAMS AND JENSEN, PLLC",,Rob Menendez,2025-05-19,500.00
"WILLIAMS AND JENSEN, PLLC",,Val Hoyle,2025-05-29,1000.00
"WILLIAMS AND JENSEN, PLLC",,Adam Gray,2025-06-17,1000.00
"WILLIAMS AND JENSEN, PLLC",,Vincente Gonzalez,2025-06-27,1000.00
"WILLIAMS AND JENSEN, PLLC",,Blue Dog PAC,2025-02-11,2500.00
"WILLIAMS AND JENSEN, PLLC",,Blue Dog PAC,2025-03-31,2500.00
"WILLIAMS AND JENSEN, PLLC",,Frank Pallone,2025-02-11,2500.00
"WILLIAMS AND JENSEN, PLLC",,Cliff Bentz,2025-02-11,500.00
"WILLIAMS AND JENSEN, PLLC",,Frank Pallone,2025-03-31,2500.00
"WILLIAMS AND JENSEN, PLLC",,Andrea Salinas,2025-03-31,1000.00
"WILLIAMS AND JENSEN, PLLC",,Kevin Mullin,2025-03-31,1000.00
"WILLIAMS AND JENSEN, PLLC",,Tom Cole,2025-03-31,1000.00
"WILLIAMS AND JENSEN, PLLC",,Wiley Nickel,2025-04-25,1000.00
"WILLIAMS AND JENSEN, PLLC",,Katherine Clark,2025-05-01,1000.00
"WILLIAMS AND JENSEN, PLLC",,Rob Menendez,2025-05-19,500.00
"WILLIAMS AND JENSEN, PLLC",,Val Hoyle,2025-05-29,1000.00
"WILLIAMS AND JENSEN, PLLC",,Adam Gray,2025-06-17,1000.00
"WILLIAMS AND JENSEN, PLLC",,Vincente Gonzalez,2025-06-27,1000.00
"WILLIAMS AND JENSEN, PLLC",,Blue Dog PAC,2025-02-11,2500.00
"WILLIAMS AND JENSEN, PLLC",,Blue Dog PAC,2025-03-31,2500.00
VERIZON COMMUNICATIONS INC. AND VARIOUS SUBSIDIARIES,Heartland Values PAC,Senator John Thune,2025-06-16,2500.00
VERIZON COMMUNICATIONS INC. AND VARIOUS SUBSIDIARIES,Heartland Values PAC,Senator Lindsey Graham,2025-03-11,1000.00
"WILLIAMS AND JENSEN, PLLC",Banks for Senate,Senator Jim Banks,2025-07-23,500.00
"WILLIAMS AND JENSEN, PLLC",Banks for Senate,Rep. Brad Knott,2025-07-22,100.00
"WILLIAMS AND JENSEN, PLLC",Banks for Senate,Rep Mike Kelly,2025-07-23,1000.00
"WILLIAMS AND JENSEN, PLLC",Banks for Senate,Senator Jim Banks,2025-07-23,500.00
"WILLIAMS AND JENSEN, PLLC",Banks for Senate,Rep. Brad Knott,2025-07-22,100.00
"WILLIAMS AND JENSEN, PLLC",Banks for Senate,Rep Mike Kelly,2025-07-23,1000.00
SALEM MEDIA GROUP,"Salem Media Group Political Action Committee, Inc","Rep. Morgan Griffith, VA-09",2025-01-13,1000.00
SALEM MEDIA GROUP,"Salem Media Group Political Action Committee, Inc","Rep. Brett Guthrie, KY-02",2025-01-27,5000.00
SALEM MEDIA GROUP,"Salem Media Group Political Action Committee, Inc","Rep. Jim Jordan, OH-04",2025-01-29,2000.00
SALEM MEDIA GROUP,"Salem Media Group Political Action Committee, Inc","Rep. Ryan Zinke, MT-01",2025-04-08,3000.00
SALEM MEDIA GROUP,"Salem Media Group Political Action Committee, Inc","Sen. John Thune, SD",2025-04-16,5000.00
SALEM MEDIA GROUP,"Salem Media Group Political Action Committee, Inc","Rep. Erin Houchin, IN-09",2025-05-07,1000.00
SALEM MEDIA GROUP,"Salem Media Group Political Action Committee, Inc","Rep. Michael Rulli, OH-06",2025-05-07,1000.00
SALEM MEDIA GROUP,"Salem Media Group Political Action Committee, Inc","Sen. Ashley Moody, FL",2025-05-07,2000.00
SALEM MEDIA GROUP,"Salem Media Group Political Action Committee, Inc","Rep. Jeff Crank, CO-05",2025-05-19,1000.00
SALEM MEDIA GROUP,"Salem Media Group Political Action Committee, Inc","Rep. Steve Womack, AR-03",2025-05-19,1500.00
SALEM MEDIA GROUP,"Salem Media Group Political Action Committee, Inc","Jim Schwartzel, Candidate FL-19",2025-06-18,1000.00
SALEM MEDIA GROUP,"Salem Media Group Political Action Committee, Inc","Rep. Morgan Griffith, VA-09",2025-01-13,1000.00
SALEM MEDIA GROUP,"Salem Media Group Political Action Committee, Inc","Rep. Brett Guthrie, KY-02",2025-01-27,5000.00
SALEM MEDIA GROUP,"Salem Media Group Political Action Committee, Inc","Rep. Jim Jordan, OH-04",2025-01-29,2000.00
SALEM MEDIA GROUP,"Salem Media Group Political Action Committee, Inc","Rep. Ryan Zinke, MT-01",2025-04-08,3000.00
SALEM MEDIA GROUP,"Salem Media Group Political Action Committee, Inc","Sen. John Thune, SD",2025-04-16,5000.00
SALEM MEDIA GROUP,"Salem Media Group Political Action Committee, Inc","Rep. Erin Houchin, IN-09",2025-05-07,1000.00
SALEM MEDIA GROUP,"Salem Media Group Political Action Committee, Inc","Rep. Michael Rulli, OH-06",2025-05-07,1000.00
SALEM MEDIA GROUP,"Salem Media Group Political Action Committee, Inc","Sen. Ashley Moody, FL",2025-05-07,2000.00
SALEM MEDIA GROUP,"Salem Media Group Political Action Committee, Inc","Rep. Jeff Crank, CO-05",2025-05-19,1000.00
SALEM MEDIA GROUP,"Salem Media Group Political Action Committee, Inc","Rep. Steve Womack, AR-03",2025-05-19,1500.00
SALEM MEDIA GROUP,"Salem Media Group Political Action Committee, Inc","Jim Schwartzel, Candidate FL-19",2025-06-18,1000.00
SALEM MEDIA GROUP,"Salem Media Group Political Action Committee, Inc","Rep. Morgan Griffith, VA-09",2025-01-13,1000.00
SALEM MEDIA GROUP,"Salem Media Group Political Action Committee, Inc","Rep. Brett Guthrie, KY-02",2025-01-27,5000.00
SALEM MEDIA GROUP,"Salem Media Group Political Action Committee, Inc","Rep. Jim Jordan, OH-04",2025-01-29,2000.00
SALEM MEDIA GROUP,"Salem Media Group Political Action Committee, Inc","Rep. Ryan Zinke, MT-01",2025-04-08,3000.00
SALEM MEDIA GROUP,"Salem Media Group Political Action Committee, Inc","Sen. John Thune, SD",2025-04-16,5000.00
SALEM MEDIA GROUP,"Salem Media Group Political Action Committee, Inc","Rep. Erin Houchin, IN-09",2025-05-07,1000.00
SALEM MEDIA GROUP,"Salem Media Group Political Action Committee, Inc","Rep. Michael Rulli, OH-06",2025-05-07,1000.00
SALEM MEDIA GROUP,"Salem Media Group Political Action Committee, Inc","Sen. Ashley Moody, FL",2025-05-07,2000.00
SALEM MEDIA GROUP,"Salem Media Group Political Action Committee, Inc","Rep. Jeff Crank, CO-05",2025-05-19,1000.00
SALEM MEDIA GROUP,"Salem Media Group Political Action Committee, Inc","Rep. Steve Womack, AR-03",2025-05-19,1500.00
SALEM MEDIA GROUP,"Salem Media Group Political Action Committee, Inc","Jim Schwartzel, Candidate FL-19",2025-06-18,1000.00
SALEM MEDIA GROUP,"Salem Media Group Political Action Committee, Inc","Rep. Morgan Griffith, VA-09",2025-01-13,1000.00
SALEM MEDIA GROUP,"Salem Media Group Political Action Committee, Inc","Rep. Brett Guthrie, KY-02",2025-01-27,5000.00
SALEM MEDIA GROUP,"Salem Media Group Political Action Committee, Inc","Rep. Jim Jordan, OH-04",2025-01-29,2000.00
SALEM MEDIA GROUP,"Salem Media Group Political Action Committee, Inc","Rep. Ryan Zinke, MT-01",2025-04-08,3000.00
SALEM MEDIA GROUP,"Salem Media Group Political Action Committee, Inc","Sen. John Thune, SD",2025-04-16,5000.00
SALEM MEDIA GROUP,"Salem Media Group Political Action Committee, Inc","Rep. Erin Houchin, IN-09",2025-05-07,1000.00
SALEM MEDIA GROUP,"Salem Media Group Political Action Committee, Inc","Rep. Michael Rulli, OH-06",2025-05-07,1000.00
SALEM MEDIA GROUP,"Salem Media Group Political Action Committee, Inc","Sen. Ashley Moody, FL",2025-05-07,2000.00
SALEM MEDIA GROUP,"Salem Media Group Political Action Committee, Inc","Rep. Jeff Crank, CO-05",2025-05-19,1000.00
SALEM MEDIA GROUP,"Salem Media Group Political Action Committee, Inc","Rep. Steve Womack, AR-03",2025-05-19,1500.00
SALEM MEDIA GROUP,"Salem Media Group Political Action Committee, Inc","Jim Schwartzel, Candidate FL-19",2025-06-18,1000.00
SALEM MEDIA GROUP,"Salem Media Group Political Action Committee, Inc","Rep. Morgan Griffith, VA-09",2025-01-13,1000.00
SALEM MEDIA GROUP,"Salem Media Group Political Action Committee, Inc","Rep. Brett Guthrie, KY-02",2025-01-27,5000.00
SALEM MEDIA GROUP,"Salem Media Group Political Action Committee, Inc","Rep. Jim Jordan, OH-04",2025-01-29,2000.00
SALEM MEDIA GROUP,"Salem Media Group Political Action Committee, Inc","Rep. Ryan Zinke, MT-01",2025-04-08,3000.00
SALEM MEDIA GROUP,"Salem Media Group Political Action Committee, Inc","Sen. John Thune, SD",2025-04-16,5000.00
SALEM MEDIA GROUP,"Salem Media Group Political Action Committee, Inc","Rep. Erin Houchin, IN-09",2025-05-07,1000.00
SALEM MEDIA GROUP,"Salem Media Group Political Action Committee, Inc","Rep. Michael Rulli, OH-06",2025-05-07,1000.00
SALEM MEDIA GROUP,"Salem Media Group Political Action Committee, Inc","Sen. Ashley Moody, FL",2025-05-07,2000.00
SALEM MEDIA GROUP,"Salem Media Group Political Action Committee, Inc","Rep. Jeff Crank, CO-05",2025-05-19,1000.00
SALEM MEDIA GROUP,"Salem Media Group Political Action Committee, Inc","Rep. Steve Womack, AR-03",2025-05-19,1500.00
SALEM MEDIA GROUP,"Salem Media Group Political Action Committee, Inc","Jim Schwartzel, Candidate FL-19",2025-06-18,1000.00
SALEM MEDIA GROUP,"Salem Media Group Political Action Committee, Inc","Rep. Morgan Griffith, VA-09",2025-01-13,1000.00
SALEM MEDIA GROUP,"Salem Media Group Political Action Committee, Inc","Rep. Brett Guthrie, KY-02",2025-01-27,5000.00
SALEM MEDIA GROUP,"Salem Media Group Political Action Committee, Inc","Rep. Jim Jordan, OH-04",2025-01-29,2000.00
SALEM MEDIA GROUP,"Salem Media Group Political Action Committee, Inc","Rep. Ryan Zinke, MT-01",2025-04-08,3000.00
SALEM MEDIA GROUP,"Salem Media Group Political Action Committee, Inc","Sen. John Thune, SD",2025-04-16,5000.00
SALEM MEDIA GROUP,"Salem Media Group Political Action Committee, Inc","Rep. Erin Houchin, IN-09",2025-05-07,1000.00
SALEM MEDIA GROUP,"Salem Media Group Political Action Committee, Inc","Rep. Michael Rulli, OH-06",2025-05-07,1000.00
SALEM MEDIA GROUP,"Salem Media Group Political Action Committee, Inc","Sen. Ashley Moody, FL",2025-05-07,2000.00
SALEM MEDIA GROUP,"Salem Media Group Political Action Committee, Inc","Rep. Jeff Crank, CO-05",2025-05-19,1000.00
SALEM MEDIA GROUP,"Salem Media Group Political Action Committee, Inc","Rep. Steve Womack, AR-03",2025-05-19,1500.00
SALEM MEDIA GROUP,"Salem Media Group Political Action Committee, Inc","Jim Schwartzel, Candidate FL-19",2025-06-18,1000.00
"THE RUSSELL GROUP, INC.",,Minnesota Democratic-Farmer-Labor Party,2025-02-25,1000.00
"THE RUSSELL GROUP, INC.",,Rep. Mark Pocan,2025-03-10,500.00
"THE RUSSELL GROUP, INC.",,Rep. Angie Craig,2025-01-21,2500.00
"THE RUSSELL GROUP, INC.",,Rep. Nikki Budzinski,2025-03-28,500.00
"THE RUSSELL GROUP, INC.",,Rep. Shomari Figures,2025-06-09,500.00
"POWERS PYLES SUTTER & VERVILLE, P.C.",,Lisa Murkowski,2025-03-06,1000.00
"POWERS PYLES SUTTER & VERVILLE, P.C.",,Congresswoman Linda Sanchez,2025-03-03,1000.00
"POWERS PYLES SUTTER & VERVILLE, P.C.",,Representative Jeff Hurd,2025-03-25,500.00
"POWERS PYLES SUTTER & VERVILLE, P.C.",,Senator Roger Marshall,2025-05-13,2000.00
"POWERS PYLES SUTTER & VERVILLE, P.C.",,Lisa Murkowski,2025-03-06,1000.00
"POWERS PYLES SUTTER & VERVILLE, P.C.",,Congresswoman Linda Sanchez,2025-03-03,1000.00
"POWERS PYLES SUTTER & VERVILLE, P.C.",,Representative Jeff Hurd,2025-03-25,500.00
"POWERS PYLES SUTTER & VERVILLE, P.C.",,Senator Roger Marshall,2025-05-13,2000.00
SALEM MEDIA GROUP,"Salem Media Group Political Action Committee, Inc","Rep. Tom Emmer, MN-06",2025-03-14,1000.00
ERNST & YOUNG LLP (WASHINGTON COUNCIL ERNST & YOUNG),,Rudy Yakym,2025-02-12,500.00
ERNST & YOUNG LLP (WASHINGTON COUNCIL ERNST & YOUNG),,Andrew Garbarino,2025-03-24,500.00
ERNST & YOUNG LLP (WASHINGTON COUNCIL ERNST & YOUNG),,Jon Husted,2025-03-24,1000.00
ERNST & YOUNG LLP (WASHINGTON COUNCIL ERNST & YOUNG),,Claudia Tenney,2025-03-29,500.00
ERNST & YOUNG LLP (WASHINGTON COUNCIL ERNST & YOUNG),,Kevin Hern,2025-03-30,500.00
ERNST & YOUNG LLP (WASHINGTON COUNCIL ERNST & YOUNG),,Randy Feenstra,2025-03-31,500.00
ERNST & YOUNG LLP (WASHINGTON COUNCIL ERNST & YOUNG),,Thom Tillis,2025-06-13,250.00
PIONEER PUBLIC AFFAIRS,CE4A Action,Sen. Martin Heinrich,2025-03-05,2500.00
PIONEER PUBLIC AFFAIRS,CE4A Action,Sen. John Hickenlooper,2025-04-02,500.00
PIONEER PUBLIC AFFAIRS,CE4A Action,Rep. Gabe Vasquez,2025-06-23,500.00
PIONEER PUBLIC AFFAIRS,CE4A Action,Sen. Jacky Rosen,2025-01-24,2500.00
PIONEER PUBLIC AFFAIRS,CE4A Action,Rep. Andrew Garbarino,2025-03-13,1000.00
"K&L GATES, LLP",K&L Gates PAC,National Republican Senatorial Committee,2025-01-10,5000.00
"K&L GATES, LLP",K&L Gates PAC,Congresswoman Erin Houchin,2025-01-13,1000.00
"K&L GATES, LLP",K&L Gates PAC,Congresswoman Lisa McClain,2025-01-21,1000.00
"K&L GATES, LLP",K&L Gates PAC,Congresswoman Julie Fedorchak,2025-01-23,500.00
"K&L GATES, LLP",K&L Gates PAC,Congressman Brad Schneider,2025-01-31,500.00
"K&L GATES, LLP",K&L Gates PAC,Senator Angela Alsobrooks,2025-02-03,1000.00
"K&L GATES, LLP",K&L Gates PAC,National Republican Congressional Committee,2025-02-04,5000.00
"K&L GATES, LLP",K&L Gates PAC,Congressman Troy Downing,2025-02-06,1000.00
"K&L GATES, LLP",K&L Gates PAC,Congressman Mike Simpson,2025-02-25,1000.00
"K&L GATES, LLP",K&L Gates PAC,Congressman Andy Barr,2025-02-25,1500.00
"K&L GATES, LLP",K&L Gates PAC,Senator Jim Risch,2025-02-26,1000.00
"K&L GATES, LLP",K&L Gates PAC,Senator Rand Paul,2025-02-26,1500.00
"K&L GATES, LLP",K&L Gates PAC,Congressman Michael Baumgartner,2025-02-27,1000.00
"K&L GATES, LLP",K&L Gates PAC,Congressman Morgan Griffith,2025-02-28,1000.00
"K&L GATES, LLP",K&L Gates PAC,Democratic Senatorial Campaign Committee,2025-03-04,5000.00
"K&L GATES, LLP",K&L Gates PAC,Congressman Joe Courtney,2025-03-05,1000.00
"K&L GATES, LLP",K&L Gates PAC,Congressman James Comer,2025-03-05,2000.00
"K&L GATES, LLP",K&L Gates PAC,Congressman Jack Bergman,2025-03-10,1000.00
"K&L GATES, LLP",K&L Gates PAC,Senator Ben Ray Lujan,2025-03-10,1000.00
"K&L GATES, LLP",K&L Gates PAC,Congressman Frank Pallone,2025-03-11,1000.00
"K&L GATES, LLP",K&L Gates PAC,Senator Ashley Moody,2025-03-14,1000.00
"K&L GATES, LLP",K&L Gates PAC,Congresswoman Mary Gay Scanlon,2025-03-14,1000.00
"K&L GATES, LLP",K&L Gates PAC,Congressman Brendan Boyle,2025-03-14,1000.00
"K&L GATES, LLP",K&L Gates PAC,Congressman Pat Fallon,2025-03-22,500.00
"K&L GATES, LLP",K&L Gates PAC,Congressman Guy Reschenthaler,2025-03-24,1000.00
"K&L GATES, LLP",K&L Gates PAC,Congressman Blake Moore,2025-03-24,1000.00
"K&L GATES, LLP",K&L Gates PAC,Congressman Bennie Thompson,2025-03-25,500.00
"K&L GATES, LLP",K&L Gates PAC,Congresswoman Zoe Lofgren,2025-03-25,1000.00
"K&L GATES, LLP",K&L Gates PAC,Congressman Don Beyer,2025-03-25,1000.00
"K&L GATES, LLP",K&L Gates PAC,Congressman Paul Tonko,2025-03-26,1000.00
"K&L GATES, LLP",K&L Gates PAC,Congressman John Moolenaar,2025-03-26,2500.00
"K&L GATES, LLP",K&L Gates PAC,Congressman Bill Huizenga,2025-03-26,2500.00
"K&L GATES, LLP",K&L Gates PAC,Senator Cynthia Lummis,2026-03-27,1000.00
"K&L GATES, LLP",K&L Gates PAC,Congressman Rick Larsen,2025-04-02,1000.00
"K&L GATES, LLP",K&L Gates PAC,Congressman Rudy Yakym,2025-04-03,500.00
"K&L GATES, LLP",K&L Gates PAC,Congressman Randy Feenstra,2025-04-08,500.00
"K&L GATES, LLP",K&L Gates PAC,Senator Dan Sullivan,2025-04-16,1000.00
"K&L GATES, LLP",K&L Gates PAC,Congressman Scott Fitzgerald,2025-04-29,1000.00
"K&L GATES, LLP",K&L Gates PAC,Congressman Ken Calvert,2025-04-29,3000.00
"K&L GATES, LLP",K&L Gates PAC,Senator Dave McCormick,2025-04-29,2000.00
"K&L GATES, LLP",K&L Gates PAC,Congressman Bennie Thompson,2025-04-29,500.00
"K&L GATES, LLP",K&L Gates PAC,Congressman Dan Newhouse,2025-04-30,1000.00
"K&L GATES, LLP",K&L Gates PAC,Congresswoman Robin Kelly,2025-04-30,750.00
"K&L GATES, LLP",K&L Gates PAC,CHD Bold PAC,2025-05-01,5000.00
"K&L GATES, LLP",K&L Gates PAC,Congressman Cliff Bentz,2025-05-06,2000.00
"K&L GATES, LLP",K&L Gates PAC,Congressman Russell Fry,2025-05-06,1000.00
"K&L GATES, LLP",K&L Gates PAC,Senator Ben Ray Lujan,2025-05-07,1000.00
"K&L GATES, LLP",K&L Gates PAC,Senator Bill Hagerty,2025-05-07,1500.00
"K&L GATES, LLP",K&L Gates PAC,Congressman Jim Jordan,2025-05-08,2000.00
"K&L GATES, LLP",K&L Gates PAC,Senator Dan Sullivan,2025-05-14,1000.00
"K&L GATES, LLP",K&L Gates PAC,Congressman Tim Moore,2025-05-14,1000.00
"K&L GATES, LLP",K&L Gates PAC,Congressman Dale Strong,2025-05-19,1000.00
"K&L GATES, LLP",K&L Gates PAC,Senator Catherine Cortez Masto,2025-05-20,1000.00
"K&L GATES, LLP",K&L Gates PAC,Congresswoman Lisa McClain,2025-05-21,1000.00
"K&L GATES, LLP",K&L Gates PAC,National Republican Congressional Committee,2025-05-21,5000.00
"K&L GATES, LLP",K&L Gates PAC,Congressman Brett Guthrie,2025-05-22,1500.00
"K&L GATES, LLP",K&L Gates PAC,Congresswoman Marilyn Strickland,2025-05-22,500.00
"K&L GATES, LLP",K&L Gates PAC,Congressman Darin LaHood,2025-05-29,1000.00
"K&L GATES, LLP",K&L Gates PAC,Senator Jeff Merkley,2025-05-29,1000.00
"K&L GATES, LLP",K&L Gates PAC,Senator Kirsten Gillibrand,2025-06-02,1000.00
"K&L GATES, LLP",K&L Gates PAC,Congressman Hank Johnson,2025-06-03,1000.00
"K&L GATES, LLP",K&L Gates PAC,Congresswoman Maxine Dexter,2025-06-03,500.00
"K&L GATES, LLP",K&L Gates PAC,Senator John Cornyn,2025-06-05,1000.00
"K&L GATES, LLP",K&L Gates PAC,Senator Lindsay Graham,2025-06-05,1000.00
"K&L GATES, LLP",K&L Gates PAC,Senator Roger Marshall,2025-06-05,1000.00
"K&L GATES, LLP",K&L Gates PAC,Senator Thom Tillis,2025-06-05,1000.00
"K&L GATES, LLP",K&L Gates PAC,Congresswoman Madeleine Dean,2025-06-06,1000.00
"K&L GATES, LLP",K&L Gates PAC,Senator Jon Husted,2025-06-10,1500.00
"K&L GATES, LLP",K&L Gates PAC,Senator Mark Warner,2025-06-10,2500.00
"K&L GATES, LLP",K&L Gates PAC,New Democrat Coalitio Action Fund,2025-06-10,5000.00
"K&L GATES, LLP",K&L Gates PAC,Congresswoman Katherine Clark,2025-06-10,2500.00
"K&L GATES, LLP",K&L Gates PAC,Senator Shelly Moore Capito,2025-06-10,1500.00
"K&L GATES, LLP",K&L Gates PAC,Senator Shelly Moore Capito,2025-06-11,2500.00
"K&L GATES, LLP",K&L Gates PAC,Congressional Black Caucus PAC,2025-06-11,5000.00
"K&L GATES, LLP",K&L Gates PAC,Congresswoman Mariannette Miller-Meeks,2025-06-11,1500.00
"K&L GATES, LLP",K&L Gates PAC,Congressman Ryan Mackenzie,2025-06-13,1000.00
"K&L GATES, LLP",K&L Gates PAC,Democratic Senatorial Campaign Committee,2025-06-23,5000.00
"K&L GATES, LLP",K&L Gates PAC,Congresswoman Claudia Tenney,2025-06-23,1000.00
"K&L GATES, LLP",K&L Gates PAC,Congressman Bob Latta,2025-06-23,1000.00
"K&L GATES, LLP",K&L Gates PAC,Congressman Mike Johnson,2025-06-24,2500.00
"K&L GATES, LLP",K&L Gates PAC,Congressman Vince Fong,2025-06-24,1000.00
"K&L GATES, LLP",K&L Gates PAC,Congressman Bill Huizenga,2025-06-24,1500.00
"K&L GATES, LLP",K&L Gates PAC,Senator Brian Schatz,2025-06-25,1000.00
"K&L GATES, LLP",K&L Gates PAC,Congresswoman Debbie Dingell,2025-06-25,1000.00
"K&L GATES, LLP",K&L Gates PAC,Senator John Cornyn,2026-06-25,1000.00
"K&L GATES, LLP",K&L Gates PAC,Congresswoman Andrea Salinas,2025-06-26,1000.00
"K&L GATES, LLP",K&L Gates PAC,National Republican Senatorial Committee,2025-06-26,5000.00
"K&L GATES, LLP",K&L Gates PAC,Congressman Jack Bergman,2025-03-10,1000.00
"K&L GATES, LLP",K&L Gates PAC,National Republican Senatorial Committee,2025-01-10,5000.00
"K&L GATES, LLP",K&L Gates PAC,Congresswoman Erin Houchin,2025-01-13,1000.00
"K&L GATES, LLP",K&L Gates PAC,Congresswoman Lisa McClain,2025-01-21,1000.00
"K&L GATES, LLP",K&L Gates PAC,Congresswoman Julie Fedorchak,2025-01-23,500.00
"K&L GATES, LLP",K&L Gates PAC,Congressman Brad Schneider,2025-01-31,500.00
"K&L GATES, LLP",K&L Gates PAC,Senator Angela Alsobrooks,2025-02-03,1000.00
"K&L GATES, LLP",K&L Gates PAC,National Republican Congressional Committee,2025-02-04,5000.00
"K&L GATES, LLP",K&L Gates PAC,Congressman Troy Downing,2025-02-06,1000.00
"K&L GATES, LLP",K&L Gates PAC,Congressman Mike Simpson,2025-02-25,1000.00
"K&L GATES, LLP",K&L Gates PAC,Congressman Andy Barr,2025-02-25,1500.00
"K&L GATES, LLP",K&L Gates PAC,Senator Jim Risch,2025-02-26,1000.00
"K&L GATES, LLP",K&L Gates PAC,Senator Rand Paul,2025-02-26,1500.00
"K&L GATES, LLP",K&L Gates PAC,Congressman Michael Baumgartner,2025-02-27,1000.00
"K&L GATES, LLP",K&L Gates PAC,Congressman Morgan Griffith,2025-02-28,1000.00
"K&L GATES, LLP",K&L Gates PAC,Democratic Senatorial Campaign Committee,2025-03-04,5000.00
"K&L GATES, LLP",K&L Gates PAC,Congressman Joe Courtney,2025-03-05,1000.00
"K&L GATES, LLP",K&L Gates PAC,Congressman James Comer,2025-03-05,2000.00
"K&L GATES, LLP",K&L Gates PAC,Congressman Jack Bergman,2025-03-10,1000.00
"K&L GATES, LLP",K&L Gates PAC,Senator Ben Ray Lujan,2025-03-10,1000.00
"K&L GATES, LLP",K&L Gates PAC,Congressman Frank Pallone,2025-03-11,1000.00
"K&L GATES, LLP",K&L Gates PAC,Senator Ashley Moody,2025-03-14,1000.00
"K&L GATES, LLP",K&L Gates PAC,Congresswoman Mary Gay Scanlon,2025-03-14,1000.00
"K&L GATES, LLP",K&L Gates PAC,Congressman Brendan Boyle,2025-03-14,1000.00
"K&L GATES, LLP",K&L Gates PAC,Congressman Pat Fallon,2025-03-22,500.00
"K&L GATES, LLP",K&L Gates PAC,Congressman Guy Reschenthaler,2025-03-24,1000.00
"K&L GATES, LLP",K&L Gates PAC,Congressman Blake Moore,2025-03-24,1000.00
"K&L GATES, LLP",K&L Gates PAC,Congressman Bennie Thompson,2025-03-25,500.00
"K&L GATES, LLP",K&L Gates PAC,Congresswoman Zoe Lofgren,2025-03-25,1000.00
"K&L GATES, LLP",K&L Gates PAC,Congressman Don Beyer,2025-03-25,1000.00
"K&L GATES, LLP",K&L Gates PAC,Congressman Paul Tonko,2025-03-26,1000.00
"K&L GATES, LLP",K&L Gates PAC,Congressman John Moolenaar,2025-03-26,2500.00
"K&L GATES, LLP",K&L Gates PAC,Congressman Bill Huizenga,2025-03-26,2500.00
"K&L GATES, LLP",K&L Gates PAC,Senator Cynthia Lummis,2026-03-27,1000.00
"K&L GATES, LLP",K&L Gates PAC,Congressman Rick Larsen,2025-04-02,1000.00
"K&L GATES, LLP",K&L Gates PAC,Congressman Rudy Yakym,2025-04-03,500.00
"K&L GATES, LLP",K&L Gates PAC,Congressman Randy Feenstra,2025-04-08,500.00
"K&L GATES, LLP",K&L Gates PAC,Senator Dan Sullivan,2025-04-16,1000.00
"K&L GATES, LLP",K&L Gates PAC,Congressman Scott Fitzgerald,2025-04-29,1000.00
"K&L GATES, LLP",K&L Gates PAC,Congressman Ken Calvert,2025-04-29,3000.00
"K&L GATES, LLP",K&L Gates PAC,Senator Dave McCormick,2025-04-29,2000.00
"K&L GATES, LLP",K&L Gates PAC,Congressman Bennie Thompson,2025-04-29,500.00
"K&L GATES, LLP",K&L Gates PAC,Congressman Dan Newhouse,2025-04-30,1000.00
"K&L GATES, LLP",K&L Gates PAC,Congresswoman Robin Kelly,2025-04-30,750.00
"K&L GATES, LLP",K&L Gates PAC,CHD Bold PAC,2025-05-01,5000.00
"K&L GATES, LLP",K&L Gates PAC,Congressman Cliff Bentz,2025-05-06,2000.00
"K&L GATES, LLP",K&L Gates PAC,Congressman Russell Fry,2025-05-06,1000.00
"K&L GATES, LLP",K&L Gates PAC,Senator Ben Ray Lujan,2025-05-07,1000.00
"K&L GATES, LLP",K&L Gates PAC,Senator Bill Hagerty,2025-05-07,1500.00
"K&L GATES, LLP",K&L Gates PAC,Congressman Jim Jordan,2025-05-08,2000.00
"K&L GATES, LLP",K&L Gates PAC,Senator Dan Sullivan,2025-05-14,1000.00
"K&L GATES, LLP",K&L Gates PAC,Congressman Tim Moore,2025-05-14,1000.00
"K&L GATES, LLP",K&L Gates PAC,Congressman Dale Strong,2025-05-19,1000.00
"K&L GATES, LLP",K&L Gates PAC,Senator Catherine Cortez Masto,2025-05-20,1000.00
"K&L GATES, LLP",K&L Gates PAC,Congresswoman Lisa McClain,2025-05-21,1000.00
"K&L GATES, LLP",K&L Gates PAC,National Republican Congressional Committee,2025-05-21,5000.00
"K&L GATES, LLP",K&L Gates PAC,Congressman Brett Guthrie,2025-05-22,1500.00
"K&L GATES, LLP",K&L Gates PAC,Congresswoman Marilyn Strickland,2025-05-22,500.00
"K&L GATES, LLP",K&L Gates PAC,Congressman Darin LaHood,2025-05-29,1000.00
"K&L GATES, LLP",K&L Gates PAC,Senator Jeff Merkley,2025-05-29,1000.00
"K&L GATES, LLP",K&L Gates PAC,Senator Kirsten Gillibrand,2025-06-02,1000.00
"K&L GATES, LLP",K&L Gates PAC,Congressman Hank Johnson,2025-06-03,1000.00
"K&L GATES, LLP",K&L Gates PAC,Congresswoman Maxine Dexter,2025-06-03,500.00
"K&L GATES, LLP",K&L Gates PAC,Senator John Cornyn,2025-06-05,1000.00
"K&L GATES, LLP",K&L Gates PAC,Senator Lindsay Graham,2025-06-05,1000.00
"K&L GATES, LLP",K&L Gates PAC,Senator Roger Marshall,2025-06-05,1000.00
"K&L GATES, LLP",K&L Gates PAC,Senator Thom Tillis,2025-06-05,1000.00
"K&L GATES, LLP",K&L Gates PAC,Congresswoman Madeleine Dean,2025-06-06,1000.00
"K&L GATES, LLP",K&L Gates PAC,Senator Jon Husted,2025-06-10,1500.00
"K&L GATES, LLP",K&L Gates PAC,Senator Mark Warner,2025-06-10,2500.00
"K&L GATES, LLP",K&L Gates PAC,New Democrat Coalitio Action Fund,2025-06-10,5000.00
"K&L GATES, LLP",K&L Gates PAC,Congresswoman Katherine Clark,2025-06-10,2500.00
"K&L GATES, LLP",K&L Gates PAC,Senator Shelly Moore Capito,2025-06-10,1500.00
"K&L GATES, LLP",K&L Gates PAC,Senator Shelly Moore Capito,2025-06-11,2500.00
"K&L GATES, LLP",K&L Gates PAC,Congressional Black Caucus PAC,2025-06-11,5000.00
"K&L GATES, LLP",K&L Gates PAC,Congresswoman Mariannette Miller-Meeks,2025-06-11,1500.00
"K&L GATES, LLP",K&L Gates PAC,Congressman Ryan Mackenzie,2025-06-13,1000.00
"K&L GATES, LLP",K&L Gates PAC,Democratic Senatorial Campaign Committee,2025-06-23,5000.00
"K&L GATES, LLP",K&L Gates PAC,Congresswoman Claudia Tenney,2025-06-23,1000.00
"K&L GATES, LLP",K&L Gates PAC,Congressman Bob Latta,2025-06-23,1000.00
"K&L GATES, LLP",K&L Gates PAC,Congressman Mike Johnson,2025-06-24,2500.00
"K&L GATES, LLP",K&L Gates PAC,Congressman Vince Fong,2025-06-24,1000.00
"K&L GATES, LLP",K&L Gates PAC,Congressman Bill Huizenga,2025-06-24,1500.00
"K&L GATES, LLP",K&L Gates PAC,Senator Brian Schatz,2025-06-25,1000.00
"K&L GATES, LLP",K&L Gates PAC,Congresswoman Debbie Dingell,2025-06-25,1000.00
"K&L GATES, LLP",K&L Gates PAC,Senator John Cornyn,2026-06-25,1000.00
"K&L GATES, LLP",K&L Gates PAC,Congresswoman Andrea Salinas,2025-06-26,1000.00
"K&L GATES, LLP",K&L Gates PAC,National Republican Senatorial Committee,2025-06-26,5000.00
"K&L GATES, LLP",K&L Gates PAC,Congressman Jack Bergman,2025-03-10,1000.00
"K&L GATES, LLP",K&L Gates PAC,National Republican Senatorial Committee,2025-01-10,5000.00
"K&L GATES, LLP",K&L Gates PAC,Congresswoman Erin Houchin,2025-01-13,1000.00
"K&L GATES, LLP",K&L Gates PAC,Congresswoman Lisa McClain,2025-01-21,1000.00
"K&L GATES, LLP",K&L Gates PAC,Congresswoman Julie Fedorchak,2025-01-23,500.00
"K&L GATES, LLP",K&L Gates PAC,Congressman Brad Schneider,2025-01-31,500.00
"K&L GATES, LLP",K&L Gates PAC,Senator Angela Alsobrooks,2025-02-03,1000.00
"K&L GATES, LLP",K&L Gates PAC,National Republican Congressional Committee,2025-02-04,5000.00
"K&L GATES, LLP",K&L Gates PAC,Congressman Troy Downing,2025-02-06,1000.00
"K&L GATES, LLP",K&L Gates PAC,Congressman Mike Simpson,2025-02-25,1000.00
"K&L GATES, LLP",K&L Gates PAC,Congressman Andy Barr,2025-02-25,1500.00
"K&L GATES, LLP",K&L Gates PAC,Senator Jim Risch,2025-02-26,1000.00
"K&L GATES, LLP",K&L Gates PAC,Senator Rand Paul,2025-02-26,1500.00
"K&L GATES, LLP",K&L Gates PAC,Congressman Michael Baumgartner,2025-02-27,1000.00
"K&L GATES, LLP",K&L Gates PAC,Congressman Morgan Griffith,2025-02-28,1000.00
"K&L GATES, LLP",K&L Gates PAC,Democratic Senatorial Campaign Committee,2025-03-04,5000.00
"K&L GATES, LLP",K&L Gates PAC,Congressman Joe Courtney,2025-03-05,1000.00
"K&L GATES, LLP",K&L Gates PAC,Congressman James Comer,2025-03-05,2000.00
"K&L GATES, LLP",K&L Gates PAC,Congressman Jack Bergman,2025-03-10,1000.00
"K&L GATES, LLP",K&L Gates PAC,Senator Ben Ray Lujan,2025-03-10,1000.00
"K&L GATES, LLP",K&L Gates PAC,Congressman Frank Pallone,2025-03-11,1000.00
"K&L GATES, LLP",K&L Gates PAC,Senator Ashley Moody,2025-03-14,1000.00
"K&L GATES, LLP",K&L Gates PAC,Congresswoman Mary Gay Scanlon,2025-03-14,1000.00
"K&L GATES, LLP",K&L Gates PAC,Congressman Brendan Boyle,2025-03-14,1000.00
"K&L GATES, LLP",K&L Gates PAC,Congressman Pat Fallon,2025-03-22,500.00
"K&L GATES, LLP",K&L Gates PAC,Congressman Guy Reschenthaler,2025-03-24,1000.00
"K&L GATES, LLP",K&L Gates PAC,Congressman Blake Moore,2025-03-24,1000.00
"K&L GATES, LLP",K&L Gates PAC,Congressman Bennie Thompson,2025-03-25,500.00
"K&L GATES, LLP",K&L Gates PAC,Congresswoman Zoe Lofgren,2025-03-25,1000.00
"K&L GATES, LLP",K&L Gates PAC,Congressman Don Beyer,2025-03-25,1000.00
"K&L GATES, LLP",K&L Gates PAC,Congressman Paul Tonko,2025-03-26,1000.00
"K&L GATES, LLP",K&L Gates PAC,Congressman John Moolenaar,2025-03-26,2500.00
"K&L GATES, LLP",K&L Gates PAC,Congressman Bill Huizenga,2025-03-26,2500.00
"K&L GATES, LLP",K&L Gates PAC,Senator Cynthia Lummis,2026-03-27,1000.00
"K&L GATES, LLP",K&L Gates PAC,Congressman Rick Larsen,2025-04-02,1000.00
"K&L GATES, LLP",K&L Gates PAC,Congressman Rudy Yakym,2025-04-03,500.00
"K&L GATES, LLP",K&L Gates PAC,Congressman Randy Feenstra,2025-04-08,500.00
"K&L GATES, LLP",K&L Gates PAC,Senator Dan Sullivan,2025-04-16,1000.00
"K&L GATES, LLP",K&L Gates PAC,Congressman Scott Fitzgerald,2025-04-29,1000.00
"K&L GATES, LLP",K&L Gates PAC,Congressman Ken Calvert,2025-04-29,3000.00
"K&L GATES, LLP",K&L Gates PAC,Senator Dave McCormick,2025-04-29,2000.00
"K&L GATES, LLP",K&L Gates PAC,Congressman Bennie Thompson,2025-04-29,500.00
"K&L GATES, LLP",K&L Gates PAC,Congressman Dan Newhouse,2025-04-30,1000.00
"K&L GATES, LLP",K&L Gates PAC,Congresswoman Robin Kelly,2025-04-30,750.00
"K&L GATES, LLP",K&L Gates PAC,CHD Bold PAC,2025-05-01,5000.00
"K&L GATES, LLP",K&L Gates PAC,Congressman Cliff Bentz,2025-05-06,2000.00
"K&L GATES, LLP",K&L Gates PAC,Congressman Russell Fry,2025-05-06,1000.00
"K&L GATES, LLP",K&L Gates PAC,Senator Ben Ray Lujan,2025-05-07,1000.00
"K&L GATES, LLP",K&L Gates PAC,Senator Bill Hagerty,2025-05-07,1500.00
"K&L GATES, LLP",K&L Gates PAC,Congressman Jim Jordan,2025-05-08,2000.00
"K&L GATES, LLP",K&L Gates PAC,Senator Dan Sullivan,2025-05-14,1000.00
"K&L GATES, LLP",K&L Gates PAC,Congressman Tim Moore,2025-05-14,1000.00
"K&L GATES, LLP",K&L Gates PAC,Congressman Dale Strong,2025-05-19,1000.00
"K&L GATES, LLP",K&L Gates PAC,Senator Catherine Cortez Masto,2025-05-20,1000.00
"K&L GATES, LLP",K&L Gates PAC,Congresswoman Lisa McClain,2025-05-21,1000.00
"K&L GATES, LLP",K&L Gates PAC,National Republican Congressional Committee,2025-05-21,5000.00
"K&L GATES, LLP",K&L Gates PAC,Congressman Brett Guthrie,2025-05-22,1500.00
"K&L GATES, LLP",K&L Gates PAC,Congresswoman Marilyn Strickland,2025-05-22,500.00
"K&L GATES, LLP",K&L Gates PAC,Congressman Darin LaHood,2025-05-29,1000.00
"K&L GATES, LLP",K&L Gates PAC,Senator Jeff Merkley,2025-05-29,1000.00
"K&L GATES, LLP",K&L Gates PAC,Senator Kirsten Gillibrand,2025-06-02,1000.00
"K&L GATES, LLP",K&L Gates PAC,Congressman Hank Johnson,2025-06-03,1000.00
"K&L GATES, LLP",K&L Gates PAC,Congresswoman Maxine Dexter,2025-06-03,500.00
"K&L GATES, LLP",K&L Gates PAC,Senator John Cornyn,2025-06-05,1000.00
"K&L GATES, LLP",K&L Gates PAC,Senator Lindsay Graham,2025-06-05,1000.00
"K&L GATES, LLP",K&L Gates PAC,Senator Roger Marshall,2025-06-05,1000.00
"K&L GATES, LLP",K&L Gates PAC,Senator Thom Tillis,2025-06-05,1000.00
"K&L GATES, LLP",K&L Gates PAC,Congresswoman Madeleine Dean,2025-06-06,1000.00
"K&L GATES, LLP",K&L Gates PAC,Senator Jon Husted,2025-06-10,1500.00
"K&L GATES, LLP",K&L Gates PAC,Senator Mark Warner,2025-06-10,2500.00
"K&L GATES, LLP",K&L Gates PAC,New Democrat Coalitio Action Fund,2025-06-10,5000.00
"K&L GATES, LLP",K&L Gates PAC,Congresswoman Katherine Clark,2025-06-10,2500.00
"K&L GATES, LLP",K&L Gates PAC,Senator Shelly Moore Capito,2025-06-10,1500.00
"K&L GATES, LLP",K&L Gates PAC,Senator Shelly Moore Capito,2025-06-11,2500.00
"K&L GATES, LLP",K&L Gates PAC,Congressional Black Caucus PAC,2025-06-11,5000.00
"K&L GATES, LLP",K&L Gates PAC,Congresswoman Mariannette Miller-Meeks,2025-06-11,1500.00
"K&L GATES, LLP",K&L Gates PAC,Congressman Ryan Mackenzie,2025-06-13,1000.00
"K&L GATES, LLP",K&L Gates PAC,Democratic Senatorial Campaign Committee,2025-06-23,5000.00
"K&L GATES, LLP",K&L Gates PAC,Congresswoman Claudia Tenney,2025-06-23,1000.00
"K&L GATES, LLP",K&L Gates PAC,Congressman Bob Latta,2025-06-23,1000.00
"K&L GATES, LLP",K&L Gates PAC,Congressman Mike Johnson,2025-06-24,2500.00
"K&L GATES, LLP",K&L Gates PAC,Congressman Vince Fong,2025-06-24,1000.00
"K&L GATES, LLP",K&L Gates PAC,Congressman Bill Huizenga,2025-06-24,1500.00
"K&L GATES, LLP",K&L Gates PAC,Senator Brian Schatz,2025-06-25,1000.00
"K&L GATES, LLP",K&L Gates PAC,Congresswoman Debbie Dingell,2025-06-25,1000.00
"K&L GATES, LLP",K&L Gates PAC,Senator John Cornyn,2026-06-25,1000.00
"K&L GATES, LLP",K&L Gates PAC,Congresswoman Andrea Salinas,2025-06-26,1000.00
"K&L GATES, LLP",K&L Gates PAC,National Republican Senatorial Committee,2025-06-26,5000.00
"K&L GATES, LLP",K&L Gates PAC,Congressman Jack Bergman,2025-03-10,1000.00
"K&L GATES, LLP",K&L Gates PAC,National Republican Senatorial Committee,2025-01-10,5000.00
"K&L GATES, LLP",K&L Gates PAC,Congresswoman Erin Houchin,2025-01-13,1000.00
"K&L GATES, LLP",K&L Gates PAC,Congresswoman Lisa McClain,2025-01-21,1000.00
"K&L GATES, LLP",K&L Gates PAC,Congresswoman Julie Fedorchak,2025-01-23,500.00
"K&L GATES, LLP",K&L Gates PAC,Congressman Brad Schneider,2025-01-31,500.00
"K&L GATES, LLP",K&L Gates PAC,Senator Angela Alsobrooks,2025-02-03,1000.00
"K&L GATES, LLP",K&L Gates PAC,National Republican Congressional Committee,2025-02-04,5000.00
"K&L GATES, LLP",K&L Gates PAC,Congressman Troy Downing,2025-02-06,1000.00
"K&L GATES, LLP",K&L Gates PAC,Congressman Mike Simpson,2025-02-25,1000.00
"K&L GATES, LLP",K&L Gates PAC,Congressman Andy Barr,2025-02-25,1500.00
"K&L GATES, LLP",K&L Gates PAC,Senator Jim Risch,2025-02-26,1000.00
"K&L GATES, LLP",K&L Gates PAC,Senator Rand Paul,2025-02-26,1500.00
"K&L GATES, LLP",K&L Gates PAC,Congressman Michael Baumgartner,2025-02-27,1000.00
"K&L GATES, LLP",K&L Gates PAC,Congressman Morgan Griffith,2025-02-28,1000.00
"K&L GATES, LLP",K&L Gates PAC,Democratic Senatorial Campaign Committee,2025-03-04,5000.00
"K&L GATES, LLP",K&L Gates PAC,Congressman Joe Courtney,2025-03-05,1000.00
"K&L GATES, LLP",K&L Gates PAC,Congressman James Comer,2025-03-05,2000.00
"K&L GATES, LLP",K&L Gates PAC,Congressman Jack Bergman,2025-03-10,1000.00
"K&L GATES, LLP",K&L Gates PAC,Senator Ben Ray Lujan,2025-03-10,1000.00
"K&L GATES, LLP",K&L Gates PAC,Congressman Frank Pallone,2025-03-11,1000.00
"K&L GATES, LLP",K&L Gates PAC,Senator Ashley Moody,2025-03-14,1000.00
"K&L GATES, LLP",K&L Gates PAC,Congresswoman Mary Gay Scanlon,2025-03-14,1000.00
"K&L GATES, LLP",K&L Gates PAC,Congressman Brendan Boyle,2025-03-14,1000.00
"K&L GATES, LLP",K&L Gates PAC,Congressman Pat Fallon,2025-03-22,500.00
"K&L GATES, LLP",K&L Gates PAC,Congressman Guy Reschenthaler,2025-03-24,1000.00
"K&L GATES, LLP",K&L Gates PAC,Congressman Blake Moore,2025-03-24,1000.00
"K&L GATES, LLP",K&L Gates PAC,Congressman Bennie Thompson,2025-03-25,500.00
"K&L GATES, LLP",K&L Gates PAC,Congresswoman Zoe Lofgren,2025-03-25,1000.00
"K&L GATES, LLP",K&L Gates PAC,Congressman Don Beyer,2025-03-25,1000.00
"K&L GATES, LLP",K&L Gates PAC,Congressman Paul Tonko,2025-03-26,1000.00
"K&L GATES, LLP",K&L Gates PAC,Congressman John Moolenaar,2025-03-26,2500.00
"K&L GATES, LLP",K&L Gates PAC,Congressman Bill Huizenga,2025-03-26,2500.00
"K&L GATES, LLP",K&L Gates PAC,Senator Cynthia Lummis,2026-03-27,1000.00
"K&L GATES, LLP",K&L Gates PAC,Congressman Rick Larsen,2025-04-02,1000.00
"K&L GATES, LLP",K&L Gates PAC,Congressman Rudy Yakym,2025-04-03,500.00
"K&L GATES, LLP",K&L Gates PAC,Congressman Randy Feenstra,2025-04-08,500.00
"K&L GATES, LLP",K&L Gates PAC,Senator Dan Sullivan,2025-04-16,1000.00
"K&L GATES, LLP",K&L Gates PAC,Congressman Scott Fitzgerald,2025-04-29,1000.00
"K&L GATES, LLP",K&L Gates PAC,Congressman Ken Calvert,2025-04-29,3000.00
"K&L GATES, LLP",K&L Gates PAC,Senator Dave McCormick,2025-04-29,2000.00
"K&L GATES, LLP",K&L Gates PAC,Congressman Bennie Thompson,2025-04-29,500.00
"K&L GATES, LLP",K&L Gates PAC,Congressman Dan Newhouse,2025-04-30,1000.00
"K&L GATES, LLP",K&L Gates PAC,Congresswoman Robin Kelly,2025-04-30,750.00
"K&L GATES, LLP",K&L Gates PAC,CHD Bold PAC,2025-05-01,5000.00
"K&L GATES, LLP",K&L Gates PAC,Congressman Cliff Bentz,2025-05-06,2000.00
"K&L GATES, LLP",K&L Gates PAC,Congressman Russell Fry,2025-05-06,1000.00
"K&L GATES, LLP",K&L Gates PAC,Senator Ben Ray Lujan,2025-05-07,1000.00
"K&L GATES, LLP",K&L Gates PAC,Senator Bill Hagerty,2025-05-07,1500.00
"K&L GATES, LLP",K&L Gates PAC,Congressman Jim Jordan,2025-05-08,2000.00
"K&L GATES, LLP",K&L Gates PAC,Senator Dan Sullivan,2025-05-14,1000.00
"K&L GATES, LLP",K&L Gates PAC,Congressman Tim Moore,2025-05-14,1000.00
"K&L GATES, LLP",K&L Gates PAC,Congressman Dale Strong,2025-05-19,1000.00
"K&L GATES, LLP",K&L Gates PAC,Senator Catherine Cortez Masto,2025-05-20,1000.00
"K&L GATES, LLP",K&L Gates PAC,Congresswoman Lisa McClain,2025-05-21,1000.00
"K&L GATES, LLP",K&L Gates PAC,National Republican Congressional Committee,2025-05-21,5000.00
"K&L GATES, LLP",K&L Gates PAC,Congressman Brett Guthrie,2025-05-22,1500.00
"K&L GATES, LLP",K&L Gates PAC,Congresswoman Marilyn Strickland,2025-05-22,500.00
"K&L GATES, LLP",K&L Gates PAC,Congressman Darin LaHood,2025-05-29,1000.00
"K&L GATES, LLP",K&L Gates PAC,Senator Jeff Merkley,2025-05-29,1000.00
"K&L GATES, LLP",K&L Gates PAC,Senator Kirsten Gillibrand,2025-06-02,1000.00
"K&L GATES, LLP",K&L Gates PAC,Congressman Hank Johnson,2025-06-03,1000.00
"K&L GATES, LLP",K&L Gates PAC,Congresswoman Maxine Dexter,2025-06-03,500.00
"K&L GATES, LLP",K&L Gates PAC,Senator John Cornyn,2025-06-05,1000.00
"K&L GATES, LLP",K&L Gates PAC,Senator Lindsay Graham,2025-06-05,1000.00
"K&L GATES, LLP",K&L Gates PAC,Senator Roger Marshall,2025-06-05,1000.00
"K&L GATES, LLP",K&L Gates PAC,Senator Thom Tillis,2025-06-05,1000.00
"K&L GATES, LLP",K&L Gates PAC,Congresswoman Madeleine Dean,2025-06-06,1000.00
"K&L GATES, LLP",K&L Gates PAC,Senator Jon Husted,2025-06-10,1500.00
"K&L GATES, LLP",K&L Gates PAC,Senator Mark Warner,2025-06-10,2500.00
"K&L GATES, LLP",K&L Gates PAC,New Democrat Coalitio Action Fund,2025-06-10,5000.00
"K&L GATES, LLP",K&L Gates PAC,Congresswoman Katherine Clark,2025-06-10,2500.00
"K&L GATES, LLP",K&L Gates PAC,Senator Shelly Moore Capito,2025-06-10,1500.00
"K&L GATES, LLP",K&L Gates PAC,Senator Shelly Moore Capito,2025-06-11,2500.00
"K&L GATES, LLP",K&L Gates PAC,Congressional Black Caucus PAC,2025-06-11,5000.00
"K&L GATES, LLP",K&L Gates PAC,Congresswoman Mariannette Miller-Meeks,2025-06-11,1500.00
"K&L GATES, LLP",K&L Gates PAC,Congressman Ryan Mackenzie,2025-06-13,1000.00
"K&L GATES, LLP",K&L Gates PAC,Democratic Senatorial Campaign Committee,2025-06-23,5000.00
"K&L GATES, LLP",K&L Gates PAC,Congresswoman Claudia Tenney,2025-06-23,1000.00
"K&L GATES, LLP",K&L Gates PAC,Congressman Bob Latta,2025-06-23,1000.00
"K&L GATES, LLP",K&L Gates PAC,Congressman Mike Johnson,2025-06-24,2500.00
"K&L GATES, LLP",K&L Gates PAC,Congressman Vince Fong,2025-06-24,1000.00
"K&L GATES, LLP",K&L Gates PAC,Congressman Bill Huizenga,2025-06-24,1500.00
"K&L GATES, LLP",K&L Gates PAC,Senator Brian Schatz,2025-06-25,1000.00
"K&L GATES, LLP",K&L Gates PAC,Congresswoman Debbie Dingell,2025-06-25,1000.00
"K&L GATES, LLP",K&L Gates PAC,Senator John Cornyn,2026-06-25,1000.00
"K&L GATES, LLP",K&L Gates PAC,Congresswoman Andrea Salinas,2025-06-26,1000.00
"K&L GATES, LLP",K&L Gates PAC,National Republican Senatorial Committee,2025-06-26,5000.00
"K&L GATES, LLP",K&L Gates PAC,Congressman Jack Bergman,2025-03-10,1000.00
"K&L GATES, LLP",K&L Gates PAC,National Republican Senatorial Committee,2025-01-10,5000.00
"K&L GATES, LLP",K&L Gates PAC,Congresswoman Erin Houchin,2025-01-13,1000.00
"K&L GATES, LLP",K&L Gates PAC,Congresswoman Lisa McClain,2025-01-21,1000.00
"K&L GATES, LLP",K&L Gates PAC,Congresswoman Julie Fedorchak,2025-01-23,500.00
"K&L GATES, LLP",K&L Gates PAC,Congressman Brad Schneider,2025-01-31,500.00
"K&L GATES, LLP",K&L Gates PAC,Senator Angela Alsobrooks,2025-02-03,1000.00
"K&L GATES, LLP",K&L Gates PAC,National Republican Congressional Committee,2025-02-04,5000.00
"K&L GATES, LLP",K&L Gates PAC,Congressman Troy Downing,2025-02-06,1000.00
"K&L GATES, LLP",K&L Gates PAC,Congressman Mike Simpson,2025-02-25,1000.00
"K&L GATES, LLP",K&L Gates PAC,Congressman Andy Barr,2025-02-25,1500.00
"K&L GATES, LLP",K&L Gates PAC,Senator Jim Risch,2025-02-26,1000.00
"K&L GATES, LLP",K&L Gates PAC,Senator Rand Paul,2025-02-26,1500.00
"K&L GATES, LLP",K&L Gates PAC,Congressman Michael Baumgartner,2025-02-27,1000.00
"K&L GATES, LLP",K&L Gates PAC,Congressman Morgan Griffith,2025-02-28,1000.00
"K&L GATES, LLP",K&L Gates PAC,Democratic Senatorial Campaign Committee,2025-03-04,5000.00
"K&L GATES, LLP",K&L Gates PAC,Congressman Joe Courtney,2025-03-05,1000.00
"K&L GATES, LLP",K&L Gates PAC,Congressman James Comer,2025-03-05,2000.00
"K&L GATES, LLP",K&L Gates PAC,Congressman Jack Bergman,2025-03-10,1000.00
"K&L GATES, LLP",K&L Gates PAC,Senator Ben Ray Lujan,2025-03-10,1000.00
"K&L GATES, LLP",K&L Gates PAC,Congressman Frank Pallone,2025-03-11,1000.00
"K&L GATES, LLP",K&L Gates PAC,Senator Ashley Moody,2025-03-14,1000.00
"K&L GATES, LLP",K&L Gates PAC,Congresswoman Mary Gay Scanlon,2025-03-14,1000.00
"K&L GATES, LLP",K&L Gates PAC,Congressman Brendan Boyle,2025-03-14,1000.00
"K&L GATES, LLP",K&L Gates PAC,Congressman Pat Fallon,2025-03-22,500.00
"K&L GATES, LLP",K&L Gates PAC,Congressman Guy Reschenthaler,2025-03-24,1000.00
"K&L GATES, LLP",K&L Gates PAC,Congressman Blake Moore,2025-03-24,1000.00
"K&L GATES, LLP",K&L Gates PAC,Congressman Bennie Thompson,2025-03-25,500.00
"K&L GATES, LLP",K&L Gates PAC,Congresswoman Zoe Lofgren,2025-03-25,1000.00
"K&L GATES, LLP",K&L Gates PAC,Congressman Don Beyer,2025-03-25,1000.00
"K&L GATES, LLP",K&L Gates PAC,Congressman Paul Tonko,2025-03-26,1000.00
"K&L GATES, LLP",K&L Gates PAC,Congressman John Moolenaar,2025-03-26,2500.00
"K&L GATES, LLP",K&L Gates PAC,Congressman Bill Huizenga,2025-03-26,2500.00
"K&L GATES, LLP",K&L Gates PAC,Senator Cynthia Lummis,2026-03-27,1000.00
"K&L GATES, LLP",K&L Gates PAC,Congressman Rick Larsen,2025-04-02,1000.00
"K&L GATES, LLP",K&L Gates PAC,Congressman Rudy Yakym,2025-04-03,500.00
"K&L GATES, LLP",K&L Gates PAC,Congressman Randy Feenstra,2025-04-08,500.00
"K&L GATES, LLP",K&L Gates PAC,Senator Dan Sullivan,2025-04-16,1000.00
"K&L GATES, LLP",K&L Gates PAC,Congressman Scott Fitzgerald,2025-04-29,1000.00
"K&L GATES, LLP",K&L Gates PAC,Congressman Ken Calvert,2025-04-29,3000.00
"K&L GATES, LLP",K&L Gates PAC,Senator Dave McCormick,2025-04-29,2000.00
"K&L GATES, LLP",K&L Gates PAC,Congressman Bennie Thompson,2025-04-29,500.00
"K&L GATES, LLP",K&L Gates PAC,Congressman Dan Newhouse,2025-04-30,1000.00
"K&L GATES, LLP",K&L Gates PAC,Congresswoman Robin Kelly,2025-04-30,750.00
"K&L GATES, LLP",K&L Gates PAC,CHD Bold PAC,2025-05-01,5000.00
"K&L GATES, LLP",K&L Gates PAC,Congressman Cliff Bentz,2025-05-06,2000.00
"K&L GATES, LLP",K&L Gates PAC,Congressman Russell Fry,2025-05-06,1000.00
"K&L GATES, LLP",K&L Gates PAC,Senator Ben Ray Lujan,2025-05-07,1000.00
"K&L GATES, LLP",K&L Gates PAC,Senator Bill Hagerty,2025-05-07,1500.00
"K&L GATES, LLP",K&L Gates PAC,Congressman Jim Jordan,2025-05-08,2000.00
"K&L GATES, LLP",K&L Gates PAC,Senator Dan Sullivan,2025-05-14,1000.00
"K&L GATES, LLP",K&L Gates PAC,Congressman Tim Moore,2025-05-14,1000.00
"K&L GATES, LLP",K&L Gates PAC,Congressman Dale Strong,2025-05-19,1000.00
"K&L GATES, LLP",K&L Gates PAC,Senator Catherine Cortez Masto,2025-05-20,1000.00
"K&L GATES, LLP",K&L Gates PAC,Congresswoman Lisa McClain,2025-05-21,1000.00
"K&L GATES, LLP",K&L Gates PAC,National Republican Congressional Committee,2025-05-21,5000.00
"K&L GATES, LLP",K&L Gates PAC,Congressman Brett Guthrie,2025-05-22,1500.00
"K&L GATES, LLP",K&L Gates PAC,Congresswoman Marilyn Strickland,2025-05-22,500.00
"K&L GATES, LLP",K&L Gates PAC,Congressman Darin LaHood,2025-05-29,1000.00
"K&L GATES, LLP",K&L Gates PAC,Senator Jeff Merkley,2025-05-29,1000.00
"K&L GATES, LLP",K&L Gates PAC,Senator Kirsten Gillibrand,2025-06-02,1000.00
"K&L GATES, LLP",K&L Gates PAC,Congressman Hank Johnson,2025-06-03,1000.00
"K&L GATES, LLP",K&L Gates PAC,Congresswoman Maxine Dexter,2025-06-03,500.00
"K&L GATES, LLP",K&L Gates PAC,Senator John Cornyn,2025-06-05,1000.00
"K&L GATES, LLP",K&L Gates PAC,Senator Lindsay Graham,2025-06-05,1000.00
"K&L GATES, LLP",K&L Gates PAC,Senator Roger Marshall,2025-06-05,1000.00
"K&L GATES, LLP",K&L Gates PAC,Senator Thom Tillis,2025-06-05,1000.00
"K&L GATES, LLP",K&L Gates PAC,Congresswoman Madeleine Dean,2025-06-06,1000.00
"K&L GATES, LLP",K&L Gates PAC,Senator Jon Husted,2025-06-10,1500.00
"K&L GATES, LLP",K&L Gates PAC,Senator Mark Warner,2025-06-10,2500.00
"K&L GATES, LLP",K&L Gates PAC,New Democrat Coalitio Action Fund,2025-06-10,5000.00
"K&L GATES, LLP",K&L Gates PAC,Congresswoman Katherine Clark,2025-06-10,2500.00
"K&L GATES, LLP",K&L Gates PAC,Senator Shelly Moore Capito,2025-06-10,1500.00
"K&L GATES, LLP",K&L Gates PAC,Senator Shelly Moore Capito,2025-06-11,2500.00
"K&L GATES, LLP",K&L Gates PAC,Congressional Black Caucus PAC,2025-06-11,5000.00
"K&L GATES, LLP",K&L Gates PAC,Congresswoman Mariannette Miller-Meeks,2025-06-11,1500.00
"K&L GATES, LLP",K&L Gates PAC,Congressman Ryan Mackenzie,2025-06-13,1000.00
"K&L GATES, LLP",K&L Gates PAC,Democratic Senatorial Campaign Committee,2025-06-23,5000.00
"K&L GATES, LLP",K&L Gates PAC,Congresswoman Claudia Tenney,2025-06-23,1000.00
"K&L GATES, LLP",K&L Gates PAC,Congressman Bob Latta,2025-06-23,1000.00
"K&L GATES, LLP",K&L Gates PAC,Congressman Mike Johnson,2025-06-24,2500.00
"K&L GATES, LLP",K&L Gates PAC,Congressman Vince Fong,2025-06-24,1000.00
"K&L GATES, LLP",K&L Gates PAC,Congressman Bill Huizenga,2025-06-24,1500.00
"K&L GATES, LLP",K&L Gates PAC,Senator Brian Schatz,2025-06-25,1000.00
"K&L GATES, LLP",K&L Gates PAC,Congresswoman Debbie Dingell,2025-06-25,1000.00
"K&L GATES, LLP",K&L Gates PAC,Senator John Cornyn,2026-06-25,1000.00
"K&L GATES, LLP",K&L Gates PAC,Congresswoman Andrea Salinas,2025-06-26,1000.00
"K&L GATES, LLP",K&L Gates PAC,National Republican Senatorial Committee,2025-06-26,5000.00
"K&L GATES, LLP",K&L Gates PAC,Congressman Jack Bergman,2025-03-10,1000.00
"K&L GATES, LLP",K&L Gates PAC,National Republican Senatorial Committee,2025-01-10,5000.00
"K&L GATES, LLP",K&L Gates PAC,Congresswoman Erin Houchin,2025-01-13,1000.00
"K&L GATES, LLP",K&L Gates PAC,Congresswoman Lisa McClain,2025-01-21,1000.00
"K&L GATES, LLP",K&L Gates PAC,Congresswoman Julie Fedorchak,2025-01-23,500.00
"K&L GATES, LLP",K&L Gates PAC,Congressman Brad Schneider,2025-01-31,500.00
"K&L GATES, LLP",K&L Gates PAC,Senator Angela Alsobrooks,2025-02-03,1000.00
"K&L GATES, LLP",K&L Gates PAC,National Republican Congressional Committee,2025-02-04,5000.00
"K&L GATES, LLP",K&L Gates PAC,Congressman Troy Downing,2025-02-06,1000.00
"K&L GATES, LLP",K&L Gates PAC,Congressman Mike Simpson,2025-02-25,1000.00
"K&L GATES, LLP",K&L Gates PAC,Congressman Andy Barr,2025-02-25,1500.00
"K&L GATES, LLP",K&L Gates PAC,Senator Jim Risch,2025-02-26,1000.00
"K&L GATES, LLP",K&L Gates PAC,Senator Rand Paul,2025-02-26,1500.00
"K&L GATES, LLP",K&L Gates PAC,Congressman Michael Baumgartner,2025-02-27,1000.00
"K&L GATES, LLP",K&L Gates PAC,Congressman Morgan Griffith,2025-02-28,1000.00
"K&L GATES, LLP",K&L Gates PAC,Democratic Senatorial Campaign Committee,2025-03-04,5000.00
"K&L GATES, LLP",K&L Gates PAC,Congressman Joe Courtney,2025-03-05,1000.00
"K&L GATES, LLP",K&L Gates PAC,Congressman James Comer,2025-03-05,2000.00
"K&L GATES, LLP",K&L Gates PAC,Congressman Jack Bergman,2025-03-10,1000.00
"K&L GATES, LLP",K&L Gates PAC,Senator Ben Ray Lujan,2025-03-10,1000.00
"K&L GATES, LLP",K&L Gates PAC,Congressman Frank Pallone,2025-03-11,1000.00
"K&L GATES, LLP",K&L Gates PAC,Senator Ashley Moody,2025-03-14,1000.00
"K&L GATES, LLP",K&L Gates PAC,Congresswoman Mary Gay Scanlon,2025-03-14,1000.00
"K&L GATES, LLP",K&L Gates PAC,Congressman Brendan Boyle,2025-03-14,1000.00
"K&L GATES, LLP",K&L Gates PAC,Congressman Pat Fallon,2025-03-22,500.00
"K&L GATES, LLP",K&L Gates PAC,Congressman Guy Reschenthaler,2025-03-24,1000.00
"K&L GATES, LLP",K&L Gates PAC,Congressman Blake Moore,2025-03-24,1000.00
"K&L GATES, LLP",K&L Gates PAC,Congressman Bennie Thompson,2025-03-25,500.00
"K&L GATES, LLP",K&L Gates PAC,Congresswoman Zoe Lofgren,2025-03-25,1000.00
"K&L GATES, LLP",K&L Gates PAC,Congressman Don Beyer,2025-03-25,1000.00
"K&L GATES, LLP",K&L Gates PAC,Congressman Paul Tonko,2025-03-26,1000.00
"K&L GATES, LLP",K&L Gates PAC,Congressman John Moolenaar,2025-03-26,2500.00
"K&L GATES, LLP",K&L Gates PAC,Congressman Bill Huizenga,2025-03-26,2500.00
"K&L GATES, LLP",K&L Gates PAC,Senator Cynthia Lummis,2026-03-27,1000.00
"K&L GATES, LLP",K&L Gates PAC,Congressman Rick Larsen,2025-04-02,1000.00
"K&L GATES, LLP",K&L Gates PAC,Congressman Rudy Yakym,2025-04-03,500.00
"K&L GATES, LLP",K&L Gates PAC,Congressman Randy Feenstra,2025-04-08,500.00
"K&L GATES, LLP",K&L Gates PAC,Senator Dan Sullivan,2025-04-16,1000.00
"K&L GATES, LLP",K&L Gates PAC,Congressman Scott Fitzgerald,2025-04-29,1000.00
"K&L GATES, LLP",K&L Gates PAC,Congressman Ken Calvert,2025-04-29,3000.00
"K&L GATES, LLP",K&L Gates PAC,Senator Dave McCormick,2025-04-29,2000.00
"K&L GATES, LLP",K&L Gates PAC,Congressman Bennie Thompson,2025-04-29,500.00
"K&L GATES, LLP",K&L Gates PAC,Congressman Dan Newhouse,2025-04-30,1000.00
"K&L GATES, LLP",K&L Gates PAC,Congresswoman Robin Kelly,2025-04-30,750.00
"K&L GATES, LLP",K&L Gates PAC,CHD Bold PAC,2025-05-01,5000.00
"K&L GATES, LLP",K&L Gates PAC,Congressman Cliff Bentz,2025-05-06,2000.00
"K&L GATES, LLP",K&L Gates PAC,Congressman Russell Fry,2025-05-06,1000.00
"K&L GATES, LLP",K&L Gates PAC,Senator Ben Ray Lujan,2025-05-07,1000.00
"K&L GATES, LLP",K&L Gates PAC,Senator Bill Hagerty,2025-05-07,1500.00
"K&L GATES, LLP",K&L Gates PAC,Congressman Jim Jordan,2025-05-08,2000.00
"K&L GATES, LLP",K&L Gates PAC,Senator Dan Sullivan,2025-05-14,1000.00
"K&L GATES, LLP",K&L Gates PAC,Congressman Tim Moore,2025-05-14,1000.00
"K&L GATES, LLP",K&L Gates PAC,Congressman Dale Strong,2025-05-19,1000.00
"K&L GATES, LLP",K&L Gates PAC,Senator Catherine Cortez Masto,2025-05-20,1000.00
"K&L GATES, LLP",K&L Gates PAC,Congresswoman Lisa McClain,2025-05-21,1000.00
"K&L GATES, LLP",K&L Gates PAC,National Republican Congressional Committee,2025-05-21,5000.00
"K&L GATES, LLP",K&L Gates PAC,Congressman Brett Guthrie,2025-05-22,1500.00
"K&L GATES, LLP",K&L Gates PAC,Congresswoman Marilyn Strickland,2025-05-22,500.00
"K&L GATES, LLP",K&L Gates PAC,Congressman Darin LaHood,2025-05-29,1000.00
"K&L GATES, LLP",K&L Gates PAC,Senator Jeff Merkley,2025-05-29,1000.00
"K&L GATES, LLP",K&L Gates PAC,Senator Kirsten Gillibrand,2025-06-02,1000.00
"K&L GATES, LLP",K&L Gates PAC,Congressman Hank Johnson,2025-06-03,1000.00
"K&L GATES, LLP",K&L Gates PAC,Congresswoman Maxine Dexter,2025-06-03,500.00
"K&L GATES, LLP",K&L Gates PAC,Senator John Cornyn,2025-06-05,1000.00
"K&L GATES, LLP",K&L Gates PAC,Senator Lindsay Graham,2025-06-05,1000.00
"K&L GATES, LLP",K&L Gates PAC,Senator Roger Marshall,2025-06-05,1000.00
"K&L GATES, LLP",K&L Gates PAC,Senator Thom Tillis,2025-06-05,1000.00
"K&L GATES, LLP",K&L Gates PAC,Congresswoman Madeleine Dean,2025-06-06,1000.00
"K&L GATES, LLP",K&L Gates PAC,Senator Jon Husted,2025-06-10,1500.00
"K&L GATES, LLP",K&L Gates PAC,Senator Mark Warner,2025-06-10,2500.00
"K&L GATES, LLP",K&L Gates PAC,New Democrat Coalitio Action Fund,2025-06-10,5000.00
"K&L GATES, LLP",K&L Gates PAC,Congresswoman Katherine Clark,2025-06-10,2500.00
"K&L GATES, LLP",K&L Gates PAC,Senator Shelly Moore Capito,2025-06-10,1500.00
"K&L GATES, LLP",K&L Gates PAC,Senator Shelly Moore Capito,2025-06-11,2500.00
"K&L GATES, LLP",K&L Gates PAC,Congressional Black Caucus PAC,2025-06-11,5000.00
"K&L GATES, LLP",K&L Gates PAC,Congresswoman Mariannette Miller-Meeks,2025-06-11,1500.00
"K&L GATES, LLP",K&L Gates PAC,Congressman Ryan Mackenzie,2025-06-13,1000.00
"K&L GATES, LLP",K&L Gates PAC,Democratic Senatorial Campaign Committee,2025-06-23,5000.00
"K&L GATES, LLP",K&L Gates PAC,Congresswoman Claudia Tenney,2025-06-23,1000.00
"K&L GATES, LLP",K&L Gates PAC,Congressman Bob Latta,2025-06-23,1000.00
"K&L GATES, LLP",K&L Gates PAC,Congressman Mike Johnson,2025-06-24,2500.00
"K&L GATES, LLP",K&L Gates PAC,Congressman Vince Fong,2025-06-24,1000.00
"K&L GATES, LLP",K&L Gates PAC,Congressman Bill Huizenga,2025-06-24,1500.00
"K&L GATES, LLP",K&L Gates PAC,Senator Brian Schatz,2025-06-25,1000.00
"K&L GATES, LLP",K&L Gates PAC,Congresswoman Debbie Dingell,2025-06-25,1000.00
"K&L GATES, LLP",K&L Gates PAC,Senator John Cornyn,2026-06-25,1000.00
"K&L GATES, LLP",K&L Gates PAC,Congresswoman Andrea Salinas,2025-06-26,1000.00
"K&L GATES, LLP",K&L Gates PAC,National Republican Senatorial Committee,2025-06-26,5000.00
"K&L GATES, LLP",K&L Gates PAC,Congressman Jack Bergman,2025-03-10,1000.00
"K&L GATES, LLP",K&L Gates PAC,National Republican Senatorial Committee,2025-01-10,5000.00
"K&L GATES, LLP",K&L Gates PAC,Congresswoman Erin Houchin,2025-01-13,1000.00
"K&L GATES, LLP",K&L Gates PAC,Congresswoman Lisa McClain,2025-01-21,1000.00
"K&L GATES, LLP",K&L Gates PAC,Congresswoman Julie Fedorchak,2025-01-23,500.00
"K&L GATES, LLP",K&L Gates PAC,Congressman Brad Schneider,2025-01-31,500.00
"K&L GATES, LLP",K&L Gates PAC,Senator Angela Alsobrooks,2025-02-03,1000.00
"K&L GATES, LLP",K&L Gates PAC,National Republican Congressional Committee,2025-02-04,5000.00
"K&L GATES, LLP",K&L Gates PAC,Congressman Troy Downing,2025-02-06,1000.00
"K&L GATES, LLP",K&L Gates PAC,Congressman Mike Simpson,2025-02-25,1000.00
"K&L GATES, LLP",K&L Gates PAC,Congressman Andy Barr,2025-02-25,1500.00
"K&L GATES, LLP",K&L Gates PAC,Senator Jim Risch,2025-02-26,1000.00
"K&L GATES, LLP",K&L Gates PAC,Senator Rand Paul,2025-02-26,1500.00
"K&L GATES, LLP",K&L Gates PAC,Congressman Michael Baumgartner,2025-02-27,1000.00
"K&L GATES, LLP",K&L Gates PAC,Congressman Morgan Griffith,2025-02-28,1000.00
"K&L GATES, LLP",K&L Gates PAC,Democratic Senatorial Campaign Committee,2025-03-04,5000.00
"K&L GATES, LLP",K&L Gates PAC,Congressman Joe Courtney,2025-03-05,1000.00
"K&L GATES, LLP",K&L Gates PAC,Congressman James Comer,2025-03-05,2000.00
"K&L GATES, LLP",K&L Gates PAC,Congressman Jack Bergman,2025-03-10,1000.00
"K&L GATES, LLP",K&L Gates PAC,Senator Ben Ray Lujan,2025-03-10,1000.00
"K&L GATES, LLP",K&L Gates PAC,Congressman Frank Pallone,2025-03-11,1000.00
"K&L GATES, LLP",K&L Gates PAC,Senator Ashley Moody,2025-03-14,1000.00
"K&L GATES, LLP",K&L Gates PAC,Congresswoman Mary Gay Scanlon,2025-03-14,1000.00
"K&L GATES, LLP",K&L Gates PAC,Congressman Brendan Boyle,2025-03-14,1000.00
"K&L GATES, LLP",K&L Gates PAC,Congressman Pat Fallon,2025-03-22,500.00
"K&L GATES, LLP",K&L Gates PAC,Congressman Guy Reschenthaler,2025-03-24,1000.00
"K&L GATES, LLP",K&L Gates PAC,Congressman Blake Moore,2025-03-24,1000.00
"K&L GATES, LLP",K&L Gates PAC,Congressman Bennie Thompson,2025-03-25,500.00
"K&L GATES, LLP",K&L Gates PAC,Congresswoman Zoe Lofgren,2025-03-25,1000.00
"K&L GATES, LLP",K&L Gates PAC,Congressman Don Beyer,2025-03-25,1000.00
"K&L GATES, LLP",K&L Gates PAC,Congressman Paul Tonko,2025-03-26,1000.00
"K&L GATES, LLP",K&L Gates PAC,Congressman John Moolenaar,2025-03-26,2500.00
"K&L GATES, LLP",K&L Gates PAC,Congressman Bill Huizenga,2025-03-26,2500.00
"K&L GATES, LLP",K&L Gates PAC,Senator Cynthia Lummis,2026-03-27,1000.00
"K&L GATES, LLP",K&L Gates PAC,Congressman Rick Larsen,2025-04-02,1000.00
"K&L GATES, LLP",K&L Gates PAC,Congressman Rudy Yakym,2025-04-03,500.00
"K&L GATES, LLP",K&L Gates PAC,Congressman Randy Feenstra,2025-04-08,500.00
"K&L GATES, LLP",K&L Gates PAC,Senator Dan Sullivan,2025-04-16,1000.00
"K&L GATES, LLP",K&L Gates PAC,Congressman Scott Fitzgerald,2025-04-29,1000.00
"K&L GATES, LLP",K&L Gates PAC,Congressman Ken Calvert,2025-04-29,3000.00
"K&L GATES, LLP",K&L Gates PAC,Senator Dave McCormick,2025-04-29,2000.00
"K&L GATES, LLP",K&L Gates PAC,Congressman Bennie Thompson,2025-04-29,500.00
"K&L GATES, LLP",K&L Gates PAC,Congressman Dan Newhouse,2025-04-30,1000.00
"K&L GATES, LLP",K&L Gates PAC,Congresswoman Robin Kelly,2025-04-30,750.00
"K&L GATES, LLP",K&L Gates PAC,CHD Bold PAC,2025-05-01,5000.00
"K&L GATES, LLP",K&L Gates PAC,Congressman Cliff Bentz,2025-05-06,2000.00
"K&L GATES, LLP",K&L Gates PAC,Congressman Russell Fry,2025-05-06,1000.00
"K&L GATES, LLP",K&L Gates PAC,Senator Ben Ray Lujan,2025-05-07,1000.00
"K&L GATES, LLP",K&L Gates PAC,Senator Bill Hagerty,2025-05-07,1500.00
"K&L GATES, LLP",K&L Gates PAC,Congressman Jim Jordan,2025-05-08,2000.00
"K&L GATES, LLP",K&L Gates PAC,Senator Dan Sullivan,2025-05-14,1000.00
"K&L GATES, LLP",K&L Gates PAC,Congressman Tim Moore,2025-05-14,1000.00
"K&L GATES, LLP",K&L Gates PAC,Congressman Dale Strong,2025-05-19,1000.00
"K&L GATES, LLP",K&L Gates PAC,Senator Catherine Cortez Masto,2025-05-20,1000.00
"K&L GATES, LLP",K&L Gates PAC,Congresswoman Lisa McClain,2025-05-21,1000.00
"K&L GATES, LLP",K&L Gates PAC,National Republican Congressional Committee,2025-05-21,5000.00
"K&L GATES, LLP",K&L Gates PAC,Congressman Brett Guthrie,2025-05-22,1500.00
"K&L GATES, LLP",K&L Gates PAC,Congresswoman Marilyn Strickland,2025-05-22,500.00
"K&L GATES, LLP",K&L Gates PAC,Congressman Darin LaHood,2025-05-29,1000.00
"K&L GATES, LLP",K&L Gates PAC,Senator Jeff Merkley,2025-05-29,1000.00
"K&L GATES, LLP",K&L Gates PAC,Senator Kirsten Gillibrand,2025-06-02,1000.00
"K&L GATES, LLP",K&L Gates PAC,Congressman Hank Johnson,2025-06-03,1000.00
"K&L GATES, LLP",K&L Gates PAC,Congresswoman Maxine Dexter,2025-06-03,500.00
"K&L GATES, LLP",K&L Gates PAC,Senator John Cornyn,2025-06-05,1000.00
"K&L GATES, LLP",K&L Gates PAC,Senator Lindsay Graham,2025-06-05,1000.00
"K&L GATES, LLP",K&L Gates PAC,Senator Roger Marshall,2025-06-05,1000.00
"K&L GATES, LLP",K&L Gates PAC,Senator Thom Tillis,2025-06-05,1000.00
"K&L GATES, LLP",K&L Gates PAC,Congresswoman Madeleine Dean,2025-06-06,1000.00
"K&L GATES, LLP",K&L Gates PAC,Senator Jon Husted,2025-06-10,1500.00
"K&L GATES, LLP",K&L Gates PAC,Senator Mark Warner,2025-06-10,2500.00
"K&L GATES, LLP",K&L Gates PAC,New Democrat Coalitio Action Fund,2025-06-10,5000.00
"K&L GATES, LLP",K&L Gates PAC,Congresswoman Katherine Clark,2025-06-10,2500.00
"K&L GATES, LLP",K&L Gates PAC,Senator Shelly Moore Capito,2025-06-10,1500.00
"K&L GATES, LLP",K&L Gates PAC,Senator Shelly Moore Capito,2025-06-11,2500.00
"K&L GATES, LLP",K&L Gates PAC,Congressional Black Caucus PAC,2025-06-11,5000.00
"K&L GATES, LLP",K&L Gates PAC,Congresswoman Mariannette Miller-Meeks,2025-06-11,1500.00
"K&L GATES, LLP",K&L Gates PAC,Congressman Ryan Mackenzie,2025-06-13,1000.00
"K&L GATES, LLP",K&L Gates PAC,Democratic Senatorial Campaign Committee,2025-06-23,5000.00
"K&L GATES, LLP",K&L Gates PAC,Congresswoman Claudia Tenney,2025-06-23,1000.00
"K&L GATES, LLP",K&L Gates PAC,Congressman Bob Latta,2025-06-23,1000.00
"K&L GATES, LLP",K&L Gates PAC,Congressman Mike Johnson,2025-06-24,2500.00
"K&L GATES, LLP",K&L Gates PAC,Congressman Vince Fong,2025-06-24,1000.00
"K&L GATES, LLP",K&L Gates PAC,Congressman Bill Huizenga,2025-06-24,1500.00
"K&L GATES, LLP",K&L Gates PAC,Senator Brian Schatz,2025-06-25,1000.00
"K&L GATES, LLP",K&L Gates PAC,Congresswoman Debbie Dingell,2025-06-25,1000.00
"K&L GATES, LLP",K&L Gates PAC,Senator John Cornyn,2026-06-25,1000.00
"K&L GATES, LLP",K&L Gates PAC,Congresswoman Andrea Salinas,2025-06-26,1000.00
"K&L GATES, LLP",K&L Gates PAC,National Republican Senatorial Committee,2025-06-26,5000.00
"K&L GATES, LLP",K&L Gates PAC,Congressman Jack Bergman,2025-03-10,1000.00
"K&L GATES, LLP",K&L Gates PAC,National Republican Senatorial Committee,2025-01-10,5000.00
"K&L GATES, LLP",K&L Gates PAC,Congresswoman Erin Houchin,2025-01-13,1000.00
"K&L GATES, LLP",K&L Gates PAC,Congresswoman Lisa McClain,2025-01-21,1000.00
"K&L GATES, LLP",K&L Gates PAC,Congresswoman Julie Fedorchak,2025-01-23,500.00
"K&L GATES, LLP",K&L Gates PAC,Congressman Brad Schneider,2025-01-31,500.00
"K&L GATES, LLP",K&L Gates PAC,Senator Angela Alsobrooks,2025-02-03,1000.00
"K&L GATES, LLP",K&L Gates PAC,National Republican Congressional Committee,2025-02-04,5000.00
"K&L GATES, LLP",K&L Gates PAC,Congressman Troy Downing,2025-02-06,1000.00
"K&L GATES, LLP",K&L Gates PAC,Congressman Mike Simpson,2025-02-25,1000.00
"K&L GATES, LLP",K&L Gates PAC,Congressman Andy Barr,2025-02-25,1500.00
"K&L GATES, LLP",K&L Gates PAC,Senator Jim Risch,2025-02-26,1000.00
"K&L GATES, LLP",K&L Gates PAC,Senator Rand Paul,2025-02-26,1500.00
"K&L GATES, LLP",K&L Gates PAC,Congressman Michael Baumgartner,2025-02-27,1000.00
"K&L GATES, LLP",K&L Gates PAC,Congressman Morgan Griffith,2025-02-28,1000.00
"K&L GATES, LLP",K&L Gates PAC,Democratic Senatorial Campaign Committee,2025-03-04,5000.00
"K&L GATES, LLP",K&L Gates PAC,Congressman Joe Courtney,2025-03-05,1000.00
"K&L GATES, LLP",K&L Gates PAC,Congressman James Comer,2025-03-05,2000.00
"K&L GATES, LLP",K&L Gates PAC,Congressman Jack Bergman,2025-03-10,1000.00
"K&L GATES, LLP",K&L Gates PAC,Senator Ben Ray Lujan,2025-03-10,1000.00
"K&L GATES, LLP",K&L Gates PAC,Congressman Frank Pallone,2025-03-11,1000.00
"K&L GATES, LLP",K&L Gates PAC,Senator Ashley Moody,2025-03-14,1000.00
"K&L GATES, LLP",K&L Gates PAC,Congresswoman Mary Gay Scanlon,2025-03-14,1000.00
"K&L GATES, LLP",K&L Gates PAC,Congressman Brendan Boyle,2025-03-14,1000.00
"K&L GATES, LLP",K&L Gates PAC,Congressman Pat Fallon,2025-03-22,500.00
"K&L GATES, LLP",K&L Gates PAC,Congressman Guy Reschenthaler,2025-03-24,1000.00
"K&L GATES, LLP",K&L Gates PAC,Congressman Blake Moore,2025-03-24,1000.00
"K&L GATES, LLP",K&L Gates PAC,Congressman Bennie Thompson,2025-03-25,500.00
"K&L GATES, LLP",K&L Gates PAC,Congresswoman Zoe Lofgren,2025-03-25,1000.00
"K&L GATES, LLP",K&L Gates PAC,Congressman Don Beyer,2025-03-25,1000.00
"K&L GATES, LLP",K&L Gates PAC,Congressman Paul Tonko,2025-03-26,1000.00
"K&L GATES, LLP",K&L Gates PAC,Congressman John Moolenaar,2025-03-26,2500.00
"K&L GATES, LLP",K&L Gates PAC,Congressman Bill Huizenga,2025-03-26,2500.00
"K&L GATES, LLP",K&L Gates PAC,Senator Cynthia Lummis,2026-03-27,1000.00
"K&L GATES, LLP",K&L Gates PAC,Congressman Rick Larsen,2025-04-02,1000.00
"K&L GATES, LLP",K&L Gates PAC,Congressman Rudy Yakym,2025-04-03,500.00
"K&L GATES, LLP",K&L Gates PAC,Congressman Randy Feenstra,2025-04-08,500.00
"K&L GATES, LLP",K&L Gates PAC,Senator Dan Sullivan,2025-04-16,1000.00
"K&L GATES, LLP",K&L Gates PAC,Congressman Scott Fitzgerald,2025-04-29,1000.00
"K&L GATES, LLP",K&L Gates PAC,Congressman Ken Calvert,2025-04-29,3000.00
"K&L GATES, LLP",K&L Gates PAC,Senator Dave McCormick,2025-04-29,2000.00
"K&L GATES, LLP",K&L Gates PAC,Congressman Bennie Thompson,2025-04-29,500.00
"K&L GATES, LLP",K&L Gates PAC,Congressman Dan Newhouse,2025-04-30,1000.00
"K&L GATES, LLP",K&L Gates PAC,Congresswoman Robin Kelly,2025-04-30,750.00
"K&L GATES, LLP",K&L Gates PAC,CHD Bold PAC,2025-05-01,5000.00
"K&L GATES, LLP",K&L Gates PAC,Congressman Cliff Bentz,2025-05-06,2000.00
"K&L GATES, LLP",K&L Gates PAC,Congressman Russell Fry,2025-05-06,1000.00
"K&L GATES, LLP",K&L Gates PAC,Senator Ben Ray Lujan,2025-05-07,1000.00
"K&L GATES, LLP",K&L Gates PAC,Senator Bill Hagerty,2025-05-07,1500.00
"K&L GATES, LLP",K&L Gates PAC,Congressman Jim Jordan,2025-05-08,2000.00
"K&L GATES, LLP",K&L Gates PAC,Senator Dan Sullivan,2025-05-14,1000.00
"K&L GATES, LLP",K&L Gates PAC,Congressman Tim Moore,2025-05-14,1000.00
"K&L GATES, LLP",K&L Gates PAC,Congressman Dale Strong,2025-05-19,1000.00
"K&L GATES, LLP",K&L Gates PAC,Senator Catherine Cortez Masto,2025-05-20,1000.00
"K&L GATES, LLP",K&L Gates PAC,Congresswoman Lisa McClain,2025-05-21,1000.00
"K&L GATES, LLP",K&L Gates PAC,National Republican Congressional Committee,2025-05-21,5000.00
"K&L GATES, LLP",K&L Gates PAC,Congressman Brett Guthrie,2025-05-22,1500.00
"K&L GATES, LLP",K&L Gates PAC,Congresswoman Marilyn Strickland,2025-05-22,500.00
"K&L GATES, LLP",K&L Gates PAC,Congressman Darin LaHood,2025-05-29,1000.00
"K&L GATES, LLP",K&L Gates PAC,Senator Jeff Merkley,2025-05-29,1000.00
"K&L GATES, LLP",K&L Gates PAC,Senator Kirsten Gillibrand,2025-06-02,1000.00
"K&L GATES, LLP",K&L Gates PAC,Congressman Hank Johnson,2025-06-03,1000.00
"K&L GATES, LLP",K&L Gates PAC,Congresswoman Maxine Dexter,2025-06-03,500.00
"K&L GATES, LLP",K&L Gates PAC,Senator John Cornyn,2025-06-05,1000.00
"K&L GATES, LLP",K&L Gates PAC,Senator Lindsay Graham,2025-06-05,1000.00
"K&L GATES, LLP",K&L Gates PAC,Senator Roger Marshall,2025-06-05,1000.00
"K&L GATES, LLP",K&L Gates PAC,Senator Thom Tillis,2025-06-05,1000.00
"K&L GATES, LLP",K&L Gates PAC,Congresswoman Madeleine Dean,2025-06-06,1000.00
"K&L GATES, LLP",K&L Gates PAC,Senator Jon Husted,2025-06-10,1500.00
"K&L GATES, LLP",K&L Gates PAC,Senator Mark Warner,2025-06-10,2500.00
"K&L GATES, LLP",K&L Gates PAC,New Democrat Coalitio Action Fund,2025-06-10,5000.00
"K&L GATES, LLP",K&L Gates PAC,Congresswoman Katherine Clark,2025-06-10,2500.00
"K&L GATES, LLP",K&L Gates PAC,Senator Shelly Moore Capito,2025-06-10,1500.00
"K&L GATES, LLP",K&L Gates PAC,Senator Shelly Moore Capito,2025-06-11,2500.00
"K&L GATES, LLP",K&L Gates PAC,Congressional Black Caucus PAC,2025-06-11,5000.00
"K&L GATES, LLP",K&L Gates PAC,Congresswoman Mariannette Miller-Meeks,2025-06-11,1500.00
"K&L GATES, LLP",K&L Gates PAC,Congressman Ryan Mackenzie,2025-06-13,1000.00
"K&L GATES, LLP",K&L Gates PAC,Democratic Senatorial Campaign Committee,2025-06-23,5000.00
"K&L GATES, LLP",K&L Gates PAC,Congresswoman Claudia Tenney,2025-06-23,1000.00
"K&L GATES, LLP",K&L Gates PAC,Congressman Bob Latta,2025-06-23,1000.00
"K&L GATES, LLP",K&L Gates PAC,Congressman Mike Johnson,2025-06-24,2500.00
"K&L GATES, LLP",K&L Gates PAC,Congressman Vince Fong,2025-06-24,1000.00
"K&L GATES, LLP",K&L Gates PAC,Congressman Bill Huizenga,2025-06-24,1500.00
"K&L GATES, LLP",K&L Gates PAC,Senator Brian Schatz,2025-06-25,1000.00
"K&L GATES, LLP",K&L Gates PAC,Congresswoman Debbie Dingell,2025-06-25,1000.00
"K&L GATES, LLP",K&L Gates PAC,Senator John Cornyn,2026-06-25,1000.00
"K&L GATES, LLP",K&L Gates PAC,Congresswoman Andrea Salinas,2025-06-26,1000.00
"K&L GATES, LLP",K&L Gates PAC,National Republican Senatorial Committee,2025-06-26,5000.00
"K&L GATES, LLP",K&L Gates PAC,Congressman Jack Bergman,2025-03-10,1000.00
"K&L GATES, LLP",K&L Gates PAC,National Republican Senatorial Committee,2025-01-10,5000.00
"K&L GATES, LLP",K&L Gates PAC,Congresswoman Erin Houchin,2025-01-13,1000.00
"K&L GATES, LLP",K&L Gates PAC,Congresswoman Lisa McClain,2025-01-21,1000.00
"K&L GATES, LLP",K&L Gates PAC,Congresswoman Julie Fedorchak,2025-01-23,500.00
"K&L GATES, LLP",K&L Gates PAC,Congressman Brad Schneider,2025-01-31,500.00
"K&L GATES, LLP",K&L Gates PAC,Senator Angela Alsobrooks,2025-02-03,1000.00
"K&L GATES, LLP",K&L Gates PAC,National Republican Congressional Committee,2025-02-04,5000.00
"K&L GATES, LLP",K&L Gates PAC,Congressman Troy Downing,2025-02-06,1000.00
"K&L GATES, LLP",K&L Gates PAC,Congressman Mike Simpson,2025-02-25,1000.00
"K&L GATES, LLP",K&L Gates PAC,Congressman Andy Barr,2025-02-25,1500.00
"K&L GATES, LLP",K&L Gates PAC,Senator Jim Risch,2025-02-26,1000.00
"K&L GATES, LLP",K&L Gates PAC,Senator Rand Paul,2025-02-26,1500.00
"K&L GATES, LLP",K&L Gates PAC,Congressman Michael Baumgartner,2025-02-27,1000.00
"K&L GATES, LLP",K&L Gates PAC,Congressman Morgan Griffith,2025-02-28,1000.00
"K&L GATES, LLP",K&L Gates PAC,Democratic Senatorial Campaign Committee,2025-03-04,5000.00
"K&L GATES, LLP",K&L Gates PAC,Congressman Joe Courtney,2025-03-05,1000.00
"K&L GATES, LLP",K&L Gates PAC,Congressman James Comer,2025-03-05,2000.00
"K&L GATES, LLP",K&L Gates PAC,Congressman Jack Bergman,2025-03-10,1000.00
"K&L GATES, LLP",K&L Gates PAC,Senator Ben Ray Lujan,2025-03-10,1000.00
"K&L GATES, LLP",K&L Gates PAC,Congressman Frank Pallone,2025-03-11,1000.00
"K&L GATES, LLP",K&L Gates PAC,Senator Ashley Moody,2025-03-14,1000.00
"K&L GATES, LLP",K&L Gates PAC,Congresswoman Mary Gay Scanlon,2025-03-14,1000.00
"K&L GATES, LLP",K&L Gates PAC,Congressman Brendan Boyle,2025-03-14,1000.00
"K&L GATES, LLP",K&L Gates PAC,Congressman Pat Fallon,2025-03-22,500.00
"K&L GATES, LLP",K&L Gates PAC,Congressman Guy Reschenthaler,2025-03-24,1000.00
"K&L GATES, LLP",K&L Gates PAC,Congressman Blake Moore,2025-03-24,1000.00
"K&L GATES, LLP",K&L Gates PAC,Congressman Bennie Thompson,2025-03-25,500.00
"K&L GATES, LLP",K&L Gates PAC,Congresswoman Zoe Lofgren,2025-03-25,1000.00
"K&L GATES, LLP",K&L Gates PAC,Congressman Don Beyer,2025-03-25,1000.00
"K&L GATES, LLP",K&L Gates PAC,Congressman Paul Tonko,2025-03-26,1000.00
"K&L GATES, LLP",K&L Gates PAC,Congressman John Moolenaar,2025-03-26,2500.00
"K&L GATES, LLP",K&L Gates PAC,Congressman Bill Huizenga,2025-03-26,2500.00
"K&L GATES, LLP",K&L Gates PAC,Senator Cynthia Lummis,2026-03-27,1000.00
"K&L GATES, LLP",K&L Gates PAC,Congressman Rick Larsen,2025-04-02,1000.00
"K&L GATES, LLP",K&L Gates PAC,Congressman Rudy Yakym,2025-04-03,500.00
"K&L GATES, LLP",K&L Gates PAC,Congressman Randy Feenstra,2025-04-08,500.00
"K&L GATES, LLP",K&L Gates PAC,Senator Dan Sullivan,2025-04-16,1000.00
"K&L GATES, LLP",K&L Gates PAC,Congressman Scott Fitzgerald,2025-04-29,1000.00
"K&L GATES, LLP",K&L Gates PAC,Congressman Ken Calvert,2025-04-29,3000.00
"K&L GATES, LLP",K&L Gates PAC,Senator Dave McCormick,2025-04-29,2000.00
"K&L GATES, LLP",K&L Gates PAC,Congressman Bennie Thompson,2025-04-29,500.00
"K&L GATES, LLP",K&L Gates PAC,Congressman Dan Newhouse,2025-04-30,1000.00
"K&L GATES, LLP",K&L Gates PAC,Congresswoman Robin Kelly,2025-04-30,750.00
"K&L GATES, LLP",K&L Gates PAC,CHD Bold PAC,2025-05-01,5000.00
"K&L GATES, LLP",K&L Gates PAC,Congressman Cliff Bentz,2025-05-06,2000.00
"K&L GATES, LLP",K&L Gates PAC,Congressman Russell Fry,2025-05-06,1000.00
"K&L GATES, LLP",K&L Gates PAC,Senator Ben Ray Lujan,2025-05-07,1000.00
"K&L GATES, LLP",K&L Gates PAC,Senator Bill Hagerty,2025-05-07,1500.00
"K&L GATES, LLP",K&L Gates PAC,Congressman Jim Jordan,2025-05-08,2000.00
"K&L GATES, LLP",K&L Gates PAC,Senator Dan Sullivan,2025-05-14,1000.00
"K&L GATES, LLP",K&L Gates PAC,Congressman Tim Moore,2025-05-14,1000.00
"K&L GATES, LLP",K&L Gates PAC,Congressman Dale Strong,2025-05-19,1000.00
"K&L GATES, LLP",K&L Gates PAC,Senator Catherine Cortez Masto,2025-05-20,1000.00
"K&L GATES, LLP",K&L Gates PAC,Congresswoman Lisa McClain,2025-05-21,1000.00
"K&L GATES, LLP",K&L Gates PAC,National Republican Congressional Committee,2025-05-21,5000.00
"K&L GATES, LLP",K&L Gates PAC,Congressman Brett Guthrie,2025-05-22,1500.00
"K&L GATES, LLP",K&L Gates PAC,Congresswoman Marilyn Strickland,2025-05-22,500.00
"K&L GATES, LLP",K&L Gates PAC,Congressman Darin LaHood,2025-05-29,1000.00
"K&L GATES, LLP",K&L Gates PAC,Senator Jeff Merkley,2025-05-29,1000.00
"K&L GATES, LLP",K&L Gates PAC,Senator Kirsten Gillibrand,2025-06-02,1000.00
"K&L GATES, LLP",K&L Gates PAC,Congressman Hank Johnson,2025-06-03,1000.00
"K&L GATES, LLP",K&L Gates PAC,Congresswoman Maxine Dexter,2025-06-03,500.00
"K&L GATES, LLP",K&L Gates PAC,Senator John Cornyn,2025-06-05,1000.00
"K&L GATES, LLP",K&L Gates PAC,Senator Lindsay Graham,2025-06-05,1000.00
"K&L GATES, LLP",K&L Gates PAC,Senator Roger Marshall,2025-06-05,1000.00
"K&L GATES, LLP",K&L Gates PAC,Senator Thom Tillis,2025-06-05,1000.00
"K&L GATES, LLP",K&L Gates PAC,Congresswoman Madeleine Dean,2025-06-06,1000.00
"K&L GATES, LLP",K&L Gates PAC,Senator Jon Husted,2025-06-10,1500.00
"K&L GATES, LLP",K&L Gates PAC,Senator Mark Warner,2025-06-10,2500.00
"K&L GATES, LLP",K&L Gates PAC,New Democrat Coalitio Action Fund,2025-06-10,5000.00
"K&L GATES, LLP",K&L Gates PAC,Congresswoman Katherine Clark,2025-06-10,2500.00
"K&L GATES, LLP",K&L Gates PAC,Senator Shelly Moore Capito,2025-06-10,1500.00
"K&L GATES, LLP",K&L Gates PAC,Senator Shelly Moore Capito,2025-06-11,2500.00
"K&L GATES, LLP",K&L Gates PAC,Congressional Black Caucus PAC,2025-06-11,5000.00
"K&L GATES, LLP",K&L Gates PAC,Congresswoman Mariannette Miller-Meeks,2025-06-11,1500.00
"K&L GATES, LLP",K&L Gates PAC,Congressman Ryan Mackenzie,2025-06-13,1000.00
"K&L GATES, LLP",K&L Gates PAC,Democratic Senatorial Campaign Committee,2025-06-23,5000.00
"K&L GATES, LLP",K&L Gates PAC,Congresswoman Claudia Tenney,2025-06-23,1000.00
"K&L GATES, LLP",K&L Gates PAC,Congressman Bob Latta,2025-06-23,1000.00
"K&L GATES, LLP",K&L Gates PAC,Congressman Mike Johnson,2025-06-24,2500.00
"K&L GATES, LLP",K&L Gates PAC,Congressman Vince Fong,2025-06-24,1000.00
"K&L GATES, LLP",K&L Gates PAC,Congressman Bill Huizenga,2025-06-24,1500.00
"K&L GATES, LLP",K&L Gates PAC,Senator Brian Schatz,2025-06-25,1000.00
"K&L GATES, LLP",K&L Gates PAC,Congresswoman Debbie Dingell,2025-06-25,1000.00
"K&L GATES, LLP",K&L Gates PAC,Senator John Cornyn,2026-06-25,1000.00
"K&L GATES, LLP",K&L Gates PAC,Congresswoman Andrea Salinas,2025-06-26,1000.00
"K&L GATES, LLP",K&L Gates PAC,National Republican Senatorial Committee,2025-06-26,5000.00
"K&L GATES, LLP",K&L Gates PAC,Congressman Jack Bergman,2025-03-10,1000.00
"K&L GATES, LLP",K&L Gates PAC,National Republican Senatorial Committee,2025-01-10,5000.00
"K&L GATES, LLP",K&L Gates PAC,Congresswoman Erin Houchin,2025-01-13,1000.00
"K&L GATES, LLP",K&L Gates PAC,Congresswoman Lisa McClain,2025-01-21,1000.00
"K&L GATES, LLP",K&L Gates PAC,Congresswoman Julie Fedorchak,2025-01-23,500.00
"K&L GATES, LLP",K&L Gates PAC,Congressman Brad Schneider,2025-01-31,500.00
"K&L GATES, LLP",K&L Gates PAC,Senator Angela Alsobrooks,2025-02-03,1000.00
"K&L GATES, LLP",K&L Gates PAC,National Republican Congressional Committee,2025-02-04,5000.00
"K&L GATES, LLP",K&L Gates PAC,Congressman Troy Downing,2025-02-06,1000.00
"K&L GATES, LLP",K&L Gates PAC,Congressman Mike Simpson,2025-02-25,1000.00
"K&L GATES, LLP",K&L Gates PAC,Congressman Andy Barr,2025-02-25,1500.00
"K&L GATES, LLP",K&L Gates PAC,Senator Jim Risch,2025-02-26,1000.00
"K&L GATES, LLP",K&L Gates PAC,Senator Rand Paul,2025-02-26,1500.00
"K&L GATES, LLP",K&L Gates PAC,Congressman Michael Baumgartner,2025-02-27,1000.00
"K&L GATES, LLP",K&L Gates PAC,Congressman Morgan Griffith,2025-02-28,1000.00
"K&L GATES, LLP",K&L Gates PAC,Democratic Senatorial Campaign Committee,2025-03-04,5000.00
"K&L GATES, LLP",K&L Gates PAC,Congressman Joe Courtney,2025-03-05,1000.00
"K&L GATES, LLP",K&L Gates PAC,Congressman James Comer,2025-03-05,2000.00
"K&L GATES, LLP",K&L Gates PAC,Congressman Jack Bergman,2025-03-10,1000.00
"K&L GATES, LLP",K&L Gates PAC,Senator Ben Ray Lujan,2025-03-10,1000.00
"K&L GATES, LLP",K&L Gates PAC,Congressman Frank Pallone,2025-03-11,1000.00
"K&L GATES, LLP",K&L Gates PAC,Senator Ashley Moody,2025-03-14,1000.00
"K&L GATES, LLP",K&L Gates PAC,Congresswoman Mary Gay Scanlon,2025-03-14,1000.00
"K&L GATES, LLP",K&L Gates PAC,Congressman Brendan Boyle,2025-03-14,1000.00
"K&L GATES, LLP",K&L Gates PAC,Congressman Pat Fallon,2025-03-22,500.00
"K&L GATES, LLP",K&L Gates PAC,Congressman Guy Reschenthaler,2025-03-24,1000.00
"K&L GATES, LLP",K&L Gates PAC,Congressman Blake Moore,2025-03-24,1000.00
"K&L GATES, LLP",K&L Gates PAC,Congressman Bennie Thompson,2025-03-25,500.00
"K&L GATES, LLP",K&L Gates PAC,Congresswoman Zoe Lofgren,2025-03-25,1000.00
"K&L GATES, LLP",K&L Gates PAC,Congressman Don Beyer,2025-03-25,1000.00
"K&L GATES, LLP",K&L Gates PAC,Congressman Paul Tonko,2025-03-26,1000.00
"K&L GATES, LLP",K&L Gates PAC,Congressman John Moolenaar,2025-03-26,2500.00
"K&L GATES, LLP",K&L Gates PAC,Congressman Bill Huizenga,2025-03-26,2500.00
"K&L GATES, LLP",K&L Gates PAC,Senator Cynthia Lummis,2026-03-27,1000.00
"K&L GATES, LLP",K&L Gates PAC,Congressman Rick Larsen,2025-04-02,1000.00
"K&L GATES, LLP",K&L Gates PAC,Congressman Rudy Yakym,2025-04-03,500.00
"K&L GATES, LLP",K&L Gates PAC,Congressman Randy Feenstra,2025-04-08,500.00
"K&L GATES, LLP",K&L Gates PAC,Senator Dan Sullivan,2025-04-16,1000.00
"K&L GATES, LLP",K&L Gates PAC,Congressman Scott Fitzgerald,2025-04-29,1000.00
"K&L GATES, LLP",K&L Gates PAC,Congressman Ken Calvert,2025-04-29,3000.00
"K&L GATES, LLP",K&L Gates PAC,Senator Dave McCormick,2025-04-29,2000.00
"K&L GATES, LLP",K&L Gates PAC,Congressman Bennie Thompson,2025-04-29,500.00
"K&L GATES, LLP",K&L Gates PAC,Congressman Dan Newhouse,2025-04-30,1000.00
"K&L GATES, LLP",K&L Gates PAC,Congresswoman Robin Kelly,2025-04-30,750.00
"K&L GATES, LLP",K&L Gates PAC,CHD Bold PAC,2025-05-01,5000.00
"K&L GATES, LLP",K&L Gates PAC,Congressman Cliff Bentz,2025-05-06,2000.00
"K&L GATES, LLP",K&L Gates PAC,Congressman Russell Fry,2025-05-06,1000.00
"K&L GATES, LLP",K&L Gates PAC,Senator Ben Ray Lujan,2025-05-07,1000.00
"K&L GATES, LLP",K&L Gates PAC,Senator Bill Hagerty,2025-05-07,1500.00
"K&L GATES, LLP",K&L Gates PAC,Congressman Jim Jordan,2025-05-08,2000.00
"K&L GATES, LLP",K&L Gates PAC,Senator Dan Sullivan,2025-05-14,1000.00
"K&L GATES, LLP",K&L Gates PAC,Congressman Tim Moore,2025-05-14,1000.00
"K&L GATES, LLP",K&L Gates PAC,Congressman Dale Strong,2025-05-19,1000.00
"K&L GATES, LLP",K&L Gates PAC,Senator Catherine Cortez Masto,2025-05-20,1000.00
"K&L GATES, LLP",K&L Gates PAC,Congresswoman Lisa McClain,2025-05-21,1000.00
"K&L GATES, LLP",K&L Gates PAC,National Republican Congressional Committee,2025-05-21,5000.00
"K&L GATES, LLP",K&L Gates PAC,Congressman Brett Guthrie,2025-05-22,1500.00
"K&L GATES, LLP",K&L Gates PAC,Congresswoman Marilyn Strickland,2025-05-22,500.00
"K&L GATES, LLP",K&L Gates PAC,Congressman Darin LaHood,2025-05-29,1000.00
"K&L GATES, LLP",K&L Gates PAC,Senator Jeff Merkley,2025-05-29,1000.00
"K&L GATES, LLP",K&L Gates PAC,Senator Kirsten Gillibrand,2025-06-02,1000.00
"K&L GATES, LLP",K&L Gates PAC,Congressman Hank Johnson,2025-06-03,1000.00
"K&L GATES, LLP",K&L Gates PAC,Congresswoman Maxine Dexter,2025-06-03,500.00
"K&L GATES, LLP",K&L Gates PAC,Senator John Cornyn,2025-06-05,1000.00
"K&L GATES, LLP",K&L Gates PAC,Senator Lindsay Graham,2025-06-05,1000.00
"K&L GATES, LLP",K&L Gates PAC,Senator Roger Marshall,2025-06-05,1000.00
"K&L GATES, LLP",K&L Gates PAC,Senator Thom Tillis,2025-06-05,1000.00
"K&L GATES, LLP",K&L Gates PAC,Congresswoman Madeleine Dean,2025-06-06,1000.00
"K&L GATES, LLP",K&L Gates PAC,Senator Jon Husted,2025-06-10,1500.00
"K&L GATES, LLP",K&L Gates PAC,Senator Mark Warner,2025-06-10,2500.00
"K&L GATES, LLP",K&L Gates PAC,New Democrat Coalitio Action Fund,2025-06-10,5000.00
"K&L GATES, LLP",K&L Gates PAC,Congresswoman Katherine Clark,2025-06-10,2500.00
"K&L GATES, LLP",K&L Gates PAC,Senator Shelly Moore Capito,2025-06-10,1500.00
"K&L GATES, LLP",K&L Gates PAC,Senator Shelly Moore Capito,2025-06-11,2500.00
"K&L GATES, LLP",K&L Gates PAC,Congressional Black Caucus PAC,2025-06-11,5000.00
"K&L GATES, LLP",K&L Gates PAC,Congresswoman Mariannette Miller-Meeks,2025-06-11,1500.00
"K&L GATES, LLP",K&L Gates PAC,Congressman Ryan Mackenzie,2025-06-13,1000.00
"K&L GATES, LLP",K&L Gates PAC,Democratic Senatorial Campaign Committee,2025-06-23,5000.00
"K&L GATES, LLP",K&L Gates PAC,Congresswoman Claudia Tenney,2025-06-23,1000.00
"K&L GATES, LLP",K&L Gates PAC,Congressman Bob Latta,2025-06-23,1000.00
"K&L GATES, LLP",K&L Gates PAC,Congressman Mike Johnson,2025-06-24,2500.00
"K&L GATES, LLP",K&L Gates PAC,Congressman Vince Fong,2025-06-24,1000.00
"K&L GATES, LLP",K&L Gates PAC,Congressman Bill Huizenga,2025-06-24,1500.00
"K&L GATES, LLP",K&L Gates PAC,Senator Brian Schatz,2025-06-25,1000.00
"K&L GATES, LLP",K&L Gates PAC,Congresswoman Debbie Dingell,2025-06-25,1000.00
"K&L GATES, LLP",K&L Gates PAC,Senator John Cornyn,2026-06-25,1000.00
"K&L GATES, LLP",K&L Gates PAC,Congresswoman Andrea Salinas,2025-06-26,1000.00
"K&L GATES, LLP",K&L Gates PAC,National Republican Senatorial Committee,2025-06-26,5000.00
"K&L GATES, LLP",K&L Gates PAC,Congressman Jack Bergman,2025-03-10,1000.00
"K&L GATES, LLP",K&L Gates PAC,National Republican Senatorial Committee,2025-01-10,5000.00
"K&L GATES, LLP",K&L Gates PAC,Congresswoman Erin Houchin,2025-01-13,1000.00
"K&L GATES, LLP",K&L Gates PAC,Congresswoman Lisa McClain,2025-01-21,1000.00
"K&L GATES, LLP",K&L Gates PAC,Congresswoman Julie Fedorchak,2025-01-23,500.00
"K&L GATES, LLP",K&L Gates PAC,Congressman Brad Schneider,2025-01-31,500.00
"K&L GATES, LLP",K&L Gates PAC,Senator Angela Alsobrooks,2025-02-03,1000.00
"K&L GATES, LLP",K&L Gates PAC,National Republican Congressional Committee,2025-02-04,5000.00
"K&L GATES, LLP",K&L Gates PAC,Congressman Troy Downing,2025-02-06,1000.00
"K&L GATES, LLP",K&L Gates PAC,Congressman Mike Simpson,2025-02-25,1000.00
"K&L GATES, LLP",K&L Gates PAC,Congressman Andy Barr,2025-02-25,1500.00
"K&L GATES, LLP",K&L Gates PAC,Senator Jim Risch,2025-02-26,1000.00
"K&L GATES, LLP",K&L Gates PAC,Senator Rand Paul,2025-02-26,1500.00
"K&L GATES, LLP",K&L Gates PAC,Congressman Michael Baumgartner,2025-02-27,1000.00
"K&L GATES, LLP",K&L Gates PAC,Congressman Morgan Griffith,2025-02-28,1000.00
"K&L GATES, LLP",K&L Gates PAC,Democratic Senatorial Campaign Committee,2025-03-04,5000.00
"K&L GATES, LLP",K&L Gates PAC,Congressman Joe Courtney,2025-03-05,1000.00
"K&L GATES, LLP",K&L Gates PAC,Congressman James Comer,2025-03-05,2000.00
"K&L GATES, LLP",K&L Gates PAC,Congressman Jack Bergman,2025-03-10,1000.00
"K&L GATES, LLP",K&L Gates PAC,Senator Ben Ray Lujan,2025-03-10,1000.00
"K&L GATES, LLP",K&L Gates PAC,Congressman Frank Pallone,2025-03-11,1000.00
"K&L GATES, LLP",K&L Gates PAC,Senator Ashley Moody,2025-03-14,1000.00
"K&L GATES, LLP",K&L Gates PAC,Congresswoman Mary Gay Scanlon,2025-03-14,1000.00
"K&L GATES, LLP",K&L Gates PAC,Congressman Brendan Boyle,2025-03-14,1000.00
"K&L GATES, LLP",K&L Gates PAC,Congressman Pat Fallon,2025-03-22,500.00
"K&L GATES, LLP",K&L Gates PAC,Congressman Guy Reschenthaler,2025-03-24,1000.00
"K&L GATES, LLP",K&L Gates PAC,Congressman Blake Moore,2025-03-24,1000.00
"K&L GATES, LLP",K&L Gates PAC,Congressman Bennie Thompson,2025-03-25,500.00
"K&L GATES, LLP",K&L Gates PAC,Congresswoman Zoe Lofgren,2025-03-25,1000.00
"K&L GATES, LLP",K&L Gates PAC,Congressman Don Beyer,2025-03-25,1000.00
"K&L GATES, LLP",K&L Gates PAC,Congressman Paul Tonko,2025-03-26,1000.00
"K&L GATES, LLP",K&L Gates PAC,Congressman John Moolenaar,2025-03-26,2500.00
"K&L GATES, LLP",K&L Gates PAC,Congressman Bill Huizenga,2025-03-26,2500.00
"K&L GATES, LLP",K&L Gates PAC,Senator Cynthia Lummis,2026-03-27,1000.00
"K&L GATES, LLP",K&L Gates PAC,Congressman Rick Larsen,2025-04-02,1000.00
"K&L GATES, LLP",K&L Gates PAC,Congressman Rudy Yakym,2025-04-03,500.00
"K&L GATES, LLP",K&L Gates PAC,Congressman Randy Feenstra,2025-04-08,500.00
"K&L GATES, LLP",K&L Gates PAC,Senator Dan Sullivan,2025-04-16,1000.00
"K&L GATES, LLP",K&L Gates PAC,Congressman Scott Fitzgerald,2025-04-29,1000.00
"K&L GATES, LLP",K&L Gates PAC,Congressman Ken Calvert,2025-04-29,3000.00
"K&L GATES, LLP",K&L Gates PAC,Senator Dave McCormick,2025-04-29,2000.00
"K&L GATES, LLP",K&L Gates PAC,Congressman Bennie Thompson,2025-04-29,500.00
"K&L GATES, LLP",K&L Gates PAC,Congressman Dan Newhouse,2025-04-30,1000.00
"K&L GATES, LLP",K&L Gates PAC,Congresswoman Robin Kelly,2025-04-30,750.00
"K&L GATES, LLP",K&L Gates PAC,CHD Bold PAC,2025-05-01,5000.00
"K&L GATES, LLP",K&L Gates PAC,Congressman Cliff Bentz,2025-05-06,2000.00
"K&L GATES, LLP",K&L Gates PAC,Congressman Russell Fry,2025-05-06,1000.00
"K&L GATES, LLP",K&L Gates PAC,Senator Ben Ray Lujan,2025-05-07,1000.00
"K&L GATES, LLP",K&L Gates PAC,Senator Bill Hagerty,2025-05-07,1500.00
"K&L GATES, LLP",K&L Gates PAC,Congressman Jim Jordan,2025-05-08,2000.00
"K&L GATES, LLP",K&L Gates PAC,Senator Dan Sullivan,2025-05-14,1000.00
"K&L GATES, LLP",K&L Gates PAC,Congressman Tim Moore,2025-05-14,1000.00
"K&L GATES, LLP",K&L Gates PAC,Congressman Dale Strong,2025-05-19,1000.00
"K&L GATES, LLP",K&L Gates PAC,Senator Catherine Cortez Masto,2025-05-20,1000.00
"K&L GATES, LLP",K&L Gates PAC,Congresswoman Lisa McClain,2025-05-21,1000.00
"K&L GATES, LLP",K&L Gates PAC,National Republican Congressional Committee,2025-05-21,5000.00
"K&L GATES, LLP",K&L Gates PAC,Congressman Brett Guthrie,2025-05-22,1500.00
"K&L GATES, LLP",K&L Gates PAC,Congresswoman Marilyn Strickland,2025-05-22,500.00
"K&L GATES, LLP",K&L Gates PAC,Congressman Darin LaHood,2025-05-29,1000.00
"K&L GATES, LLP",K&L Gates PAC,Senator Jeff Merkley,2025-05-29,1000.00
"K&L GATES, LLP",K&L Gates PAC,Senator Kirsten Gillibrand,2025-06-02,1000.00
"K&L GATES, LLP",K&L Gates PAC,Congressman Hank Johnson,2025-06-03,1000.00
"K&L GATES, LLP",K&L Gates PAC,Congresswoman Maxine Dexter,2025-06-03,500.00
"K&L GATES, LLP",K&L Gates PAC,Senator John Cornyn,2025-06-05,1000.00
"K&L GATES, LLP",K&L Gates PAC,Senator Lindsay Graham,2025-06-05,1000.00
"K&L GATES, LLP",K&L Gates PAC,Senator Roger Marshall,2025-06-05,1000.00
"K&L GATES, LLP",K&L Gates PAC,Senator Thom Tillis,2025-06-05,1000.00
"K&L GATES, LLP",K&L Gates PAC,Congresswoman Madeleine Dean,2025-06-06,1000.00
"K&L GATES, LLP",K&L Gates PAC,Senator Jon Husted,2025-06-10,1500.00
"K&L GATES, LLP",K&L Gates PAC,Senator Mark Warner,2025-06-10,2500.00
"K&L GATES, LLP",K&L Gates PAC,New Democrat Coalitio Action Fund,2025-06-10,5000.00
"K&L GATES, LLP",K&L Gates PAC,Congresswoman Katherine Clark,2025-06-10,2500.00
"K&L GATES, LLP",K&L Gates PAC,Senator Shelly Moore Capito,2025-06-10,1500.00
"K&L GATES, LLP",K&L Gates PAC,Senator Shelly Moore Capito,2025-06-11,2500.00
"K&L GATES, LLP",K&L Gates PAC,Congressional Black Caucus PAC,2025-06-11,5000.00
"K&L GATES, LLP",K&L Gates PAC,Congresswoman Mariannette Miller-Meeks,2025-06-11,1500.00
"K&L GATES, LLP",K&L Gates PAC,Congressman Ryan Mackenzie,2025-06-13,1000.00
"K&L GATES, LLP",K&L Gates PAC,Democratic Senatorial Campaign Committee,2025-06-23,5000.00
"K&L GATES, LLP",K&L Gates PAC,Congresswoman Claudia Tenney,2025-06-23,1000.00
"K&L GATES, LLP",K&L Gates PAC,Congressman Bob Latta,2025-06-23,1000.00
"K&L GATES, LLP",K&L Gates PAC,Congressman Mike Johnson,2025-06-24,2500.00
"K&L GATES, LLP",K&L Gates PAC,Congressman Vince Fong,2025-06-24,1000.00
"K&L GATES, LLP",K&L Gates PAC,Congressman Bill Huizenga,2025-06-24,1500.00
"K&L GATES, LLP",K&L Gates PAC,Senator Brian Schatz,2025-06-25,1000.00
"K&L GATES, LLP",K&L Gates PAC,Congresswoman Debbie Dingell,2025-06-25,1000.00
"K&L GATES, LLP",K&L Gates PAC,Senator John Cornyn,2026-06-25,1000.00
"K&L GATES, LLP",K&L Gates PAC,Congresswoman Andrea Salinas,2025-06-26,1000.00
"K&L GATES, LLP",K&L Gates PAC,National Republican Senatorial Committee,2025-06-26,5000.00
"K&L GATES, LLP",K&L Gates PAC,Congressman Jack Bergman,2025-03-10,1000.00
"K&L GATES, LLP",K&L Gates PAC,National Republican Senatorial Committee,2025-01-10,5000.00
"K&L GATES, LLP",K&L Gates PAC,Congresswoman Erin Houchin,2025-01-13,1000.00
"K&L GATES, LLP",K&L Gates PAC,Congresswoman Lisa McClain,2025-01-21,1000.00
"K&L GATES, LLP",K&L Gates PAC,Congresswoman Julie Fedorchak,2025-01-23,500.00
"K&L GATES, LLP",K&L Gates PAC,Congressman Brad Schneider,2025-01-31,500.00
"K&L GATES, LLP",K&L Gates PAC,Senator Angela Alsobrooks,2025-02-03,1000.00
"K&L GATES, LLP",K&L Gates PAC,National Republican Congressional Committee,2025-02-04,5000.00
"K&L GATES, LLP",K&L Gates PAC,Congressman Troy Downing,2025-02-06,1000.00
"K&L GATES, LLP",K&L Gates PAC,Congressman Mike Simpson,2025-02-25,1000.00
"K&L GATES, LLP",K&L Gates PAC,Congressman Andy Barr,2025-02-25,1500.00
"K&L GATES, LLP",K&L Gates PAC,Senator Jim Risch,2025-02-26,1000.00
"K&L GATES, LLP",K&L Gates PAC,Senator Rand Paul,2025-02-26,1500.00
"K&L GATES, LLP",K&L Gates PAC,Congressman Michael Baumgartner,2025-02-27,1000.00
"K&L GATES, LLP",K&L Gates PAC,Congressman Morgan Griffith,2025-02-28,1000.00
"K&L GATES, LLP",K&L Gates PAC,Democratic Senatorial Campaign Committee,2025-03-04,5000.00
"K&L GATES, LLP",K&L Gates PAC,Congressman Joe Courtney,2025-03-05,1000.00
"K&L GATES, LLP",K&L Gates PAC,Congressman James Comer,2025-03-05,2000.00
"K&L GATES, LLP",K&L Gates PAC,Congressman Jack Bergman,2025-03-10,1000.00
"K&L GATES, LLP",K&L Gates PAC,Senator Ben Ray Lujan,2025-03-10,1000.00
"K&L GATES, LLP",K&L Gates PAC,Congressman Frank Pallone,2025-03-11,1000.00
"K&L GATES, LLP",K&L Gates PAC,Senator Ashley Moody,2025-03-14,1000.00
"K&L GATES, LLP",K&L Gates PAC,Congresswoman Mary Gay Scanlon,2025-03-14,1000.00
"K&L GATES, LLP",K&L Gates PAC,Congressman Brendan Boyle,2025-03-14,1000.00
"K&L GATES, LLP",K&L Gates PAC,Congressman Pat Fallon,2025-03-22,500.00
"K&L GATES, LLP",K&L Gates PAC,Congressman Guy Reschenthaler,2025-03-24,1000.00
"K&L GATES, LLP",K&L Gates PAC,Congressman Blake Moore,2025-03-24,1000.00
"K&L GATES, LLP",K&L Gates PAC,Congressman Bennie Thompson,2025-03-25,500.00
"K&L GATES, LLP",K&L Gates PAC,Congresswoman Zoe Lofgren,2025-03-25,1000.00
"K&L GATES, LLP",K&L Gates PAC,Congressman Don Beyer,2025-03-25,1000.00
"K&L GATES, LLP",K&L Gates PAC,Congressman Paul Tonko,2025-03-26,1000.00
"K&L GATES, LLP",K&L Gates PAC,Congressman John Moolenaar,2025-03-26,2500.00
"K&L GATES, LLP",K&L Gates PAC,Congressman Bill Huizenga,2025-03-26,2500.00
"K&L GATES, LLP",K&L Gates PAC,Senator Cynthia Lummis,2026-03-27,1000.00
"K&L GATES, LLP",K&L Gates PAC,Congressman Rick Larsen,2025-04-02,1000.00
"K&L GATES, LLP",K&L Gates PAC,Congressman Rudy Yakym,2025-04-03,500.00
"K&L GATES, LLP",K&L Gates PAC,Congressman Randy Feenstra,2025-04-08,500.00
"K&L GATES, LLP",K&L Gates PAC,Senator Dan Sullivan,2025-04-16,1000.00
"K&L GATES, LLP",K&L Gates PAC,Congressman Scott Fitzgerald,2025-04-29,1000.00
"K&L GATES, LLP",K&L Gates PAC,Congressman Ken Calvert,2025-04-29,3000.00
"K&L GATES, LLP",K&L Gates PAC,Senator Dave McCormick,2025-04-29,2000.00
"K&L GATES, LLP",K&L Gates PAC,Congressman Bennie Thompson,2025-04-29,500.00
"K&L GATES, LLP",K&L Gates PAC,Congressman Dan Newhouse,2025-04-30,1000.00
"K&L GATES, LLP",K&L Gates PAC,Congresswoman Robin Kelly,2025-04-30,750.00
"K&L GATES, LLP",K&L Gates PAC,CHD Bold PAC,2025-05-01,5000.00
"K&L GATES, LLP",K&L Gates PAC,Congressman Cliff Bentz,2025-05-06,2000.00
"K&L GATES, LLP",K&L Gates PAC,Congressman Russell Fry,2025-05-06,1000.00
"K&L GATES, LLP",K&L Gates PAC,Senator Ben Ray Lujan,2025-05-07,1000.00
"K&L GATES, LLP",K&L Gates PAC,Senator Bill Hagerty,2025-05-07,1500.00
"K&L GATES, LLP",K&L Gates PAC,Congressman Jim Jordan,2025-05-08,2000.00
"K&L GATES, LLP",K&L Gates PAC,Senator Dan Sullivan,2025-05-14,1000.00
"K&L GATES, LLP",K&L Gates PAC,Congressman Tim Moore,2025-05-14,1000.00
"K&L GATES, LLP",K&L Gates PAC,Congressman Dale Strong,2025-05-19,1000.00
"K&L GATES, LLP",K&L Gates PAC,Senator Catherine Cortez Masto,2025-05-20,1000.00
"K&L GATES, LLP",K&L Gates PAC,Congresswoman Lisa McClain,2025-05-21,1000.00
"K&L GATES, LLP",K&L Gates PAC,National Republican Congressional Committee,2025-05-21,5000.00
"K&L GATES, LLP",K&L Gates PAC,Congressman Brett Guthrie,2025-05-22,1500.00
"K&L GATES, LLP",K&L Gates PAC,Congresswoman Marilyn Strickland,2025-05-22,500.00
"K&L GATES, LLP",K&L Gates PAC,Congressman Darin LaHood,2025-05-29,1000.00
"K&L GATES, LLP",K&L Gates PAC,Senator Jeff Merkley,2025-05-29,1000.00
"K&L GATES, LLP",K&L Gates PAC,Senator Kirsten Gillibrand,2025-06-02,1000.00
"K&L GATES, LLP",K&L Gates PAC,Congressman Hank Johnson,2025-06-03,1000.00
"K&L GATES, LLP",K&L Gates PAC,Congresswoman Maxine Dexter,2025-06-03,500.00
"K&L GATES, LLP",K&L Gates PAC,Senator John Cornyn,2025-06-05,1000.00
"K&L GATES, LLP",K&L Gates PAC,Senator Lindsay Graham,2025-06-05,1000.00
"K&L GATES, LLP",K&L Gates PAC,Senator Roger Marshall,2025-06-05,1000.00
"K&L GATES, LLP",K&L Gates PAC,Senator Thom Tillis,2025-06-05,1000.00
"K&L GATES, LLP",K&L Gates PAC,Congresswoman Madeleine Dean,2025-06-06,1000.00
"K&L GATES, LLP",K&L Gates PAC,Senator Jon Husted,2025-06-10,1500.00
"K&L GATES, LLP",K&L Gates PAC,Senator Mark Warner,2025-06-10,2500.00
"K&L GATES, LLP",K&L Gates PAC,New Democrat Coalitio Action Fund,2025-06-10,5000.00
"K&L GATES, LLP",K&L Gates PAC,Congresswoman Katherine Clark,2025-06-10,2500.00
"K&L GATES, LLP",K&L Gates PAC,Senator Shelly Moore Capito,2025-06-10,1500.00
"K&L GATES, LLP",K&L Gates PAC,Senator Shelly Moore Capito,2025-06-11,2500.00
"K&L GATES, LLP",K&L Gates PAC,Congressional Black Caucus PAC,2025-06-11,5000.00
"K&L GATES, LLP",K&L Gates PAC,Congresswoman Mariannette Miller-Meeks,2025-06-11,1500.00
"K&L GATES, LLP",K&L Gates PAC,Congressman Ryan Mackenzie,2025-06-13,1000.00
"K&L GATES, LLP",K&L Gates PAC,Democratic Senatorial Campaign Committee,2025-06-23,5000.00
"K&L GATES, LLP",K&L Gates PAC,Congresswoman Claudia Tenney,2025-06-23,1000.00
"K&L GATES, LLP",K&L Gates PAC,Congressman Bob Latta,2025-06-23,1000.00
"K&L GATES, LLP",K&L Gates PAC,Congressman Mike Johnson,2025-06-24,2500.00
"K&L GATES, LLP",K&L Gates PAC,Congressman Vince Fong,2025-06-24,1000.00
"K&L GATES, LLP",K&L Gates PAC,Congressman Bill Huizenga,2025-06-24,1500.00
"K&L GATES, LLP",K&L Gates PAC,Senator Brian Schatz,2025-06-25,1000.00
"K&L GATES, LLP",K&L Gates PAC,Congresswoman Debbie Dingell,2025-06-25,1000.00
"K&L GATES, LLP",K&L Gates PAC,Senator John Cornyn,2026-06-25,1000.00
"K&L GATES, LLP",K&L Gates PAC,Congresswoman Andrea Salinas,2025-06-26,1000.00
"K&L GATES, LLP",K&L Gates PAC,National Republican Senatorial Committee,2025-06-26,5000.00
"K&L GATES, LLP",K&L Gates PAC,Congressman Jack Bergman,2025-03-10,1000.00
"K&L GATES, LLP",K&L Gates PAC,National Republican Senatorial Committee,2025-01-10,5000.00
"K&L GATES, LLP",K&L Gates PAC,Congresswoman Erin Houchin,2025-01-13,1000.00
"K&L GATES, LLP",K&L Gates PAC,Congresswoman Lisa McClain,2025-01-21,1000.00
"K&L GATES, LLP",K&L Gates PAC,Congresswoman Julie Fedorchak,2025-01-23,500.00
"K&L GATES, LLP",K&L Gates PAC,Congressman Brad Schneider,2025-01-31,500.00
"K&L GATES, LLP",K&L Gates PAC,Senator Angela Alsobrooks,2025-02-03,1000.00
"K&L GATES, LLP",K&L Gates PAC,National Republican Congressional Committee,2025-02-04,5000.00
"K&L GATES, LLP",K&L Gates PAC,Congressman Troy Downing,2025-02-06,1000.00
"K&L GATES, LLP",K&L Gates PAC,Congressman Mike Simpson,2025-02-25,1000.00
"K&L GATES, LLP",K&L Gates PAC,Congressman Andy Barr,2025-02-25,1500.00
"K&L GATES, LLP",K&L Gates PAC,Senator Jim Risch,2025-02-26,1000.00
"K&L GATES, LLP",K&L Gates PAC,Senator Rand Paul,2025-02-26,1500.00
"K&L GATES, LLP",K&L Gates PAC,Congressman Michael Baumgartner,2025-02-27,1000.00
"K&L GATES, LLP",K&L Gates PAC,Congressman Morgan Griffith,2025-02-28,1000.00
"K&L GATES, LLP",K&L Gates PAC,Democratic Senatorial Campaign Committee,2025-03-04,5000.00
"K&L GATES, LLP",K&L Gates PAC,Congressman Joe Courtney,2025-03-05,1000.00
"K&L GATES, LLP",K&L Gates PAC,Congressman James Comer,2025-03-05,2000.00
"K&L GATES, LLP",K&L Gates PAC,Congressman Jack Bergman,2025-03-10,1000.00
"K&L GATES, LLP",K&L Gates PAC,Senator Ben Ray Lujan,2025-03-10,1000.00
"K&L GATES, LLP",K&L Gates PAC,Congressman Frank Pallone,2025-03-11,1000.00
"K&L GATES, LLP",K&L Gates PAC,Senator Ashley Moody,2025-03-14,1000.00
"K&L GATES, LLP",K&L Gates PAC,Congresswoman Mary Gay Scanlon,2025-03-14,1000.00
"K&L GATES, LLP",K&L Gates PAC,Congressman Brendan Boyle,2025-03-14,1000.00
"K&L GATES, LLP",K&L Gates PAC,Congressman Pat Fallon,2025-03-22,500.00
"K&L GATES, LLP",K&L Gates PAC,Congressman Guy Reschenthaler,2025-03-24,1000.00
"K&L GATES, LLP",K&L Gates PAC,Congressman Blake Moore,2025-03-24,1000.00
"K&L GATES, LLP",K&L Gates PAC,Congressman Bennie Thompson,2025-03-25,500.00
"K&L GATES, LLP",K&L Gates PAC,Congresswoman Zoe Lofgren,2025-03-25,1000.00
"K&L GATES, LLP",K&L Gates PAC,Congressman Don Beyer,2025-03-25,1000.00
"K&L GATES, LLP",K&L Gates PAC,Congressman Paul Tonko,2025-03-26,1000.00
"K&L GATES, LLP",K&L Gates PAC,Congressman John Moolenaar,2025-03-26,2500.00
"K&L GATES, LLP",K&L Gates PAC,Congressman Bill Huizenga,2025-03-26,2500.00
"K&L GATES, LLP",K&L Gates PAC,Senator Cynthia Lummis,2026-03-27,1000.00
"K&L GATES, LLP",K&L Gates PAC,Congressman Rick Larsen,2025-04-02,1000.00
"K&L GATES, LLP",K&L Gates PAC,Congressman Rudy Yakym,2025-04-03,500.00
"K&L GATES, LLP",K&L Gates PAC,Congressman Randy Feenstra,2025-04-08,500.00
"K&L GATES, LLP",K&L Gates PAC,Senator Dan Sullivan,2025-04-16,1000.00
"K&L GATES, LLP",K&L Gates PAC,Congressman Scott Fitzgerald,2025-04-29,1000.00
"K&L GATES, LLP",K&L Gates PAC,Congressman Ken Calvert,2025-04-29,3000.00
"K&L GATES, LLP",K&L Gates PAC,Senator Dave McCormick,2025-04-29,2000.00
"K&L GATES, LLP",K&L Gates PAC,Congressman Bennie Thompson,2025-04-29,500.00
"K&L GATES, LLP",K&L Gates PAC,Congressman Dan Newhouse,2025-04-30,1000.00
"K&L GATES, LLP",K&L Gates PAC,Congresswoman Robin Kelly,2025-04-30,750.00
"K&L GATES, LLP",K&L Gates PAC,CHD Bold PAC,2025-05-01,5000.00
"K&L GATES, LLP",K&L Gates PAC,Congressman Cliff Bentz,2025-05-06,2000.00
"K&L GATES, LLP",K&L Gates PAC,Congressman Russell Fry,2025-05-06,1000.00
"K&L GATES, LLP",K&L Gates PAC,Senator Ben Ray Lujan,2025-05-07,1000.00
"K&L GATES, LLP",K&L Gates PAC,Senator Bill Hagerty,2025-05-07,1500.00
"K&L GATES, LLP",K&L Gates PAC,Congressman Jim Jordan,2025-05-08,2000.00
"K&L GATES, LLP",K&L Gates PAC,Senator Dan Sullivan,2025-05-14,1000.00
"K&L GATES, LLP",K&L Gates PAC,Congressman Tim Moore,2025-05-14,1000.00
"K&L GATES, LLP",K&L Gates PAC,Congressman Dale Strong,2025-05-19,1000.00
"K&L GATES, LLP",K&L Gates PAC,Senator Catherine Cortez Masto,2025-05-20,1000.00
"K&L GATES, LLP",K&L Gates PAC,Congresswoman Lisa McClain,2025-05-21,1000.00
"K&L GATES, LLP",K&L Gates PAC,National Republican Congressional Committee,2025-05-21,5000.00
"K&L GATES, LLP",K&L Gates PAC,Congressman Brett Guthrie,2025-05-22,1500.00
"K&L GATES, LLP",K&L Gates PAC,Congresswoman Marilyn Strickland,2025-05-22,500.00
"K&L GATES, LLP",K&L Gates PAC,Congressman Darin LaHood,2025-05-29,1000.00
"K&L GATES, LLP",K&L Gates PAC,Senator Jeff Merkley,2025-05-29,1000.00
"K&L GATES, LLP",K&L Gates PAC,Senator Kirsten Gillibrand,2025-06-02,1000.00
"K&L GATES, LLP",K&L Gates PAC,Congressman Hank Johnson,2025-06-03,1000.00
"K&L GATES, LLP",K&L Gates PAC,Congresswoman Maxine Dexter,2025-06-03,500.00
"K&L GATES, LLP",K&L Gates PAC,Senator John Cornyn,2025-06-05,1000.00
"K&L GATES, LLP",K&L Gates PAC,Senator Lindsay Graham,2025-06-05,1000.00
"K&L GATES, LLP",K&L Gates PAC,Senator Roger Marshall,2025-06-05,1000.00
"K&L GATES, LLP",K&L Gates PAC,Senator Thom Tillis,2025-06-05,1000.00
"K&L GATES, LLP",K&L Gates PAC,Congresswoman Madeleine Dean,2025-06-06,1000.00
"K&L GATES, LLP",K&L Gates PAC,Senator Jon Husted,2025-06-10,1500.00
"K&L GATES, LLP",K&L Gates PAC,Senator Mark Warner,2025-06-10,2500.00
"K&L GATES, LLP",K&L Gates PAC,New Democrat Coalitio Action Fund,2025-06-10,5000.00
"K&L GATES, LLP",K&L Gates PAC,Congresswoman Katherine Clark,2025-06-10,2500.00
"K&L GATES, LLP",K&L Gates PAC,Senator Shelly Moore Capito,2025-06-10,1500.00
"K&L GATES, LLP",K&L Gates PAC,Senator Shelly Moore Capito,2025-06-11,2500.00
"K&L GATES, LLP",K&L Gates PAC,Congressional Black Caucus PAC,2025-06-11,5000.00
"K&L GATES, LLP",K&L Gates PAC,Congresswoman Mariannette Miller-Meeks,2025-06-11,1500.00
"K&L GATES, LLP",K&L Gates PAC,Congressman Ryan Mackenzie,2025-06-13,1000.00
"K&L GATES, LLP",K&L Gates PAC,Democratic Senatorial Campaign Committee,2025-06-23,5000.00
"K&L GATES, LLP",K&L Gates PAC,Congresswoman Claudia Tenney,2025-06-23,1000.00
"K&L GATES, LLP",K&L Gates PAC,Congressman Bob Latta,2025-06-23,1000.00
"K&L GATES, LLP",K&L Gates PAC,Congressman Mike Johnson,2025-06-24,2500.00
"K&L GATES, LLP",K&L Gates PAC,Congressman Vince Fong,2025-06-24,1000.00
"K&L GATES, LLP",K&L Gates PAC,Congressman Bill Huizenga,2025-06-24,1500.00
"K&L GATES, LLP",K&L Gates PAC,Senator Brian Schatz,2025-06-25,1000.00
"K&L GATES, LLP",K&L Gates PAC,Congresswoman Debbie Dingell,2025-06-25,1000.00
"K&L GATES, LLP",K&L Gates PAC,Senator John Cornyn,2026-06-25,1000.00
"K&L GATES, LLP",K&L Gates PAC,Congresswoman Andrea Salinas,2025-06-26,1000.00
"K&L GATES, LLP",K&L Gates PAC,National Republican Senatorial Committee,2025-06-26,5000.00
"K&L GATES, LLP",K&L Gates PAC,Congressman Jack Bergman,2025-03-10,1000.00
"K&L GATES, LLP",K&L Gates PAC,National Republican Senatorial Committee,2025-01-10,5000.00
"K&L GATES, LLP",K&L Gates PAC,Congresswoman Erin Houchin,2025-01-13,1000.00
"K&L GATES, LLP",K&L Gates PAC,Congresswoman Lisa McClain,2025-01-21,1000.00
"K&L GATES, LLP",K&L Gates PAC,Congresswoman Julie Fedorchak,2025-01-23,500.00
"K&L GATES, LLP",K&L Gates PAC,Congressman Brad Schneider,2025-01-31,500.00
"K&L GATES, LLP",K&L Gates PAC,Senator Angela Alsobrooks,2025-02-03,1000.00
"K&L GATES, LLP",K&L Gates PAC,National Republican Congressional Committee,2025-02-04,5000.00
"K&L GATES, LLP",K&L Gates PAC,Congressman Troy Downing,2025-02-06,1000.00
"K&L GATES, LLP",K&L Gates PAC,Congressman Mike Simpson,2025-02-25,1000.00
"K&L GATES, LLP",K&L Gates PAC,Congressman Andy Barr,2025-02-25,1500.00
"K&L GATES, LLP",K&L Gates PAC,Senator Jim Risch,2025-02-26,1000.00
"K&L GATES, LLP",K&L Gates PAC,Senator Rand Paul,2025-02-26,1500.00
"K&L GATES, LLP",K&L Gates PAC,Congressman Michael Baumgartner,2025-02-27,1000.00
"K&L GATES, LLP",K&L Gates PAC,Congressman Morgan Griffith,2025-02-28,1000.00
"K&L GATES, LLP",K&L Gates PAC,Democratic Senatorial Campaign Committee,2025-03-04,5000.00
"K&L GATES, LLP",K&L Gates PAC,Congressman Joe Courtney,2025-03-05,1000.00
"K&L GATES, LLP",K&L Gates PAC,Congressman James Comer,2025-03-05,2000.00
"K&L GATES, LLP",K&L Gates PAC,Congressman Jack Bergman,2025-03-10,1000.00
"K&L GATES, LLP",K&L Gates PAC,Senator Ben Ray Lujan,2025-03-10,1000.00
"K&L GATES, LLP",K&L Gates PAC,Congressman Frank Pallone,2025-03-11,1000.00
"K&L GATES, LLP",K&L Gates PAC,Senator Ashley Moody,2025-03-14,1000.00
"K&L GATES, LLP",K&L Gates PAC,Congresswoman Mary Gay Scanlon,2025-03-14,1000.00
"K&L GATES, LLP",K&L Gates PAC,Congressman Brendan Boyle,2025-03-14,1000.00
"K&L GATES, LLP",K&L Gates PAC,Congressman Pat Fallon,2025-03-22,500.00
"K&L GATES, LLP",K&L Gates PAC,Congressman Guy Reschenthaler,2025-03-24,1000.00
"K&L GATES, LLP",K&L Gates PAC,Congressman Blake Moore,2025-03-24,1000.00
"K&L GATES, LLP",K&L Gates PAC,Congressman Bennie Thompson,2025-03-25,500.00
"K&L GATES, LLP",K&L Gates PAC,Congresswoman Zoe Lofgren,2025-03-25,1000.00
"K&L GATES, LLP",K&L Gates PAC,Congressman Don Beyer,2025-03-25,1000.00
"K&L GATES, LLP",K&L Gates PAC,Congressman Paul Tonko,2025-03-26,1000.00
"K&L GATES, LLP",K&L Gates PAC,Congressman John Moolenaar,2025-03-26,2500.00
"K&L GATES, LLP",K&L Gates PAC,Congressman Bill Huizenga,2025-03-26,2500.00
"K&L GATES, LLP",K&L Gates PAC,Senator Cynthia Lummis,2026-03-27,1000.00
"K&L GATES, LLP",K&L Gates PAC,Congressman Rick Larsen,2025-04-02,1000.00
"K&L GATES, LLP",K&L Gates PAC,Congressman Rudy Yakym,2025-04-03,500.00
"K&L GATES, LLP",K&L Gates PAC,Congressman Randy Feenstra,2025-04-08,500.00
"K&L GATES, LLP",K&L Gates PAC,Senator Dan Sullivan,2025-04-16,1000.00
"K&L GATES, LLP",K&L Gates PAC,Congressman Scott Fitzgerald,2025-04-29,1000.00
"K&L GATES, LLP",K&L Gates PAC,Congressman Ken Calvert,2025-04-29,3000.00
"K&L GATES, LLP",K&L Gates PAC,Senator Dave McCormick,2025-04-29,2000.00
"K&L GATES, LLP",K&L Gates PAC,Congressman Bennie Thompson,2025-04-29,500.00
"K&L GATES, LLP",K&L Gates PAC,Congressman Dan Newhouse,2025-04-30,1000.00
"K&L GATES, LLP",K&L Gates PAC,Congresswoman Robin Kelly,2025-04-30,750.00
"K&L GATES, LLP",K&L Gates PAC,CHD Bold PAC,2025-05-01,5000.00
"K&L GATES, LLP",K&L Gates PAC,Congressman Cliff Bentz,2025-05-06,2000.00
"K&L GATES, LLP",K&L Gates PAC,Congressman Russell Fry,2025-05-06,1000.00
"K&L GATES, LLP",K&L Gates PAC,Senator Ben Ray Lujan,2025-05-07,1000.00
"K&L GATES, LLP",K&L Gates PAC,Senator Bill Hagerty,2025-05-07,1500.00
"K&L GATES, LLP",K&L Gates PAC,Congressman Jim Jordan,2025-05-08,2000.00
"K&L GATES, LLP",K&L Gates PAC,Senator Dan Sullivan,2025-05-14,1000.00
"K&L GATES, LLP",K&L Gates PAC,Congressman Tim Moore,2025-05-14,1000.00
"K&L GATES, LLP",K&L Gates PAC,Congressman Dale Strong,2025-05-19,1000.00
"K&L GATES, LLP",K&L Gates PAC,Senator Catherine Cortez Masto,2025-05-20,1000.00
"K&L GATES, LLP",K&L Gates PAC,Congresswoman Lisa McClain,2025-05-21,1000.00
"K&L GATES, LLP",K&L Gates PAC,National Republican Congressional Committee,2025-05-21,5000.00
"K&L GATES, LLP",K&L Gates PAC,Congressman Brett Guthrie,2025-05-22,1500.00
"K&L GATES, LLP",K&L Gates PAC,Congresswoman Marilyn Strickland,2025-05-22,500.00
"K&L GATES, LLP",K&L Gates PAC,Congressman Darin LaHood,2025-05-29,1000.00
"K&L GATES, LLP",K&L Gates PAC,Senator Jeff Merkley,2025-05-29,1000.00
"K&L GATES, LLP",K&L Gates PAC,Senator Kirsten Gillibrand,2025-06-02,1000.00
"K&L GATES, LLP",K&L Gates PAC,Congressman Hank Johnson,2025-06-03,1000.00
"K&L GATES, LLP",K&L Gates PAC,Congresswoman Maxine Dexter,2025-06-03,500.00
"K&L GATES, LLP",K&L Gates PAC,Senator John Cornyn,2025-06-05,1000.00
"K&L GATES, LLP",K&L Gates PAC,Senator Lindsay Graham,2025-06-05,1000.00
"K&L GATES, LLP",K&L Gates PAC,Senator Roger Marshall,2025-06-05,1000.00
"K&L GATES, LLP",K&L Gates PAC,Senator Thom Tillis,2025-06-05,1000.00
"K&L GATES, LLP",K&L Gates PAC,Congresswoman Madeleine Dean,2025-06-06,1000.00
"K&L GATES, LLP",K&L Gates PAC,Senator Jon Husted,2025-06-10,1500.00
"K&L GATES, LLP",K&L Gates PAC,Senator Mark Warner,2025-06-10,2500.00
"K&L GATES, LLP",K&L Gates PAC,New Democrat Coalitio Action Fund,2025-06-10,5000.00
"K&L GATES, LLP",K&L Gates PAC,Congresswoman Katherine Clark,2025-06-10,2500.00
"K&L GATES, LLP",K&L Gates PAC,Senator Shelly Moore Capito,2025-06-10,1500.00
"K&L GATES, LLP",K&L Gates PAC,Senator Shelly Moore Capito,2025-06-11,2500.00
"K&L GATES, LLP",K&L Gates PAC,Congressional Black Caucus PAC,2025-06-11,5000.00
"K&L GATES, LLP",K&L Gates PAC,Congresswoman Mariannette Miller-Meeks,2025-06-11,1500.00
"K&L GATES, LLP",K&L Gates PAC,Congressman Ryan Mackenzie,2025-06-13,1000.00
"K&L GATES, LLP",K&L Gates PAC,Democratic Senatorial Campaign Committee,2025-06-23,5000.00
"K&L GATES, LLP",K&L Gates PAC,Congresswoman Claudia Tenney,2025-06-23,1000.00
"K&L GATES, LLP",K&L Gates PAC,Congressman Bob Latta,2025-06-23,1000.00
"K&L GATES, LLP",K&L Gates PAC,Congressman Mike Johnson,2025-06-24,2500.00
"K&L GATES, LLP",K&L Gates PAC,Congressman Vince Fong,2025-06-24,1000.00
"K&L GATES, LLP",K&L Gates PAC,Congressman Bill Huizenga,2025-06-24,1500.00
"K&L GATES, LLP",K&L Gates PAC,Senator Brian Schatz,2025-06-25,1000.00
"K&L GATES, LLP",K&L Gates PAC,Congresswoman Debbie Dingell,2025-06-25,1000.00
"K&L GATES, LLP",K&L Gates PAC,Senator John Cornyn,2026-06-25,1000.00
"K&L GATES, LLP",K&L Gates PAC,Congresswoman Andrea Salinas,2025-06-26,1000.00
"K&L GATES, LLP",K&L Gates PAC,National Republican Senatorial Committee,2025-06-26,5000.00
"K&L GATES, LLP",K&L Gates PAC,Congressman Jack Bergman,2025-03-10,1000.00
"K&L GATES, LLP",K&L Gates PAC,National Republican Senatorial Committee,2025-01-10,5000.00
"K&L GATES, LLP",K&L Gates PAC,Congresswoman Erin Houchin,2025-01-13,1000.00
"K&L GATES, LLP",K&L Gates PAC,Congresswoman Lisa McClain,2025-01-21,1000.00
"K&L GATES, LLP",K&L Gates PAC,Congresswoman Julie Fedorchak,2025-01-23,500.00
"K&L GATES, LLP",K&L Gates PAC,Congressman Brad Schneider,2025-01-31,500.00
"K&L GATES, LLP",K&L Gates PAC,Senator Angela Alsobrooks,2025-02-03,1000.00
"K&L GATES, LLP",K&L Gates PAC,National Republican Congressional Committee,2025-02-04,5000.00
"K&L GATES, LLP",K&L Gates PAC,Congressman Troy Downing,2025-02-06,1000.00
"K&L GATES, LLP",K&L Gates PAC,Congressman Mike Simpson,2025-02-25,1000.00
"K&L GATES, LLP",K&L Gates PAC,Congressman Andy Barr,2025-02-25,1500.00
"K&L GATES, LLP",K&L Gates PAC,Senator Jim Risch,2025-02-26,1000.00
"K&L GATES, LLP",K&L Gates PAC,Senator Rand Paul,2025-02-26,1500.00
"K&L GATES, LLP",K&L Gates PAC,Congressman Michael Baumgartner,2025-02-27,1000.00
"K&L GATES, LLP",K&L Gates PAC,Congressman Morgan Griffith,2025-02-28,1000.00
"K&L GATES, LLP",K&L Gates PAC,Democratic Senatorial Campaign Committee,2025-03-04,5000.00
"K&L GATES, LLP",K&L Gates PAC,Congressman Joe Courtney,2025-03-05,1000.00
"K&L GATES, LLP",K&L Gates PAC,Congressman James Comer,2025-03-05,2000.00
"K&L GATES, LLP",K&L Gates PAC,Congressman Jack Bergman,2025-03-10,1000.00
"K&L GATES, LLP",K&L Gates PAC,Senator Ben Ray Lujan,2025-03-10,1000.00
"K&L GATES, LLP",K&L Gates PAC,Congressman Frank Pallone,2025-03-11,1000.00
"K&L GATES, LLP",K&L Gates PAC,Senator Ashley Moody,2025-03-14,1000.00
"K&L GATES, LLP",K&L Gates PAC,Congresswoman Mary Gay Scanlon,2025-03-14,1000.00
"K&L GATES, LLP",K&L Gates PAC,Congressman Brendan Boyle,2025-03-14,1000.00
"K&L GATES, LLP",K&L Gates PAC,Congressman Pat Fallon,2025-03-22,500.00
"K&L GATES, LLP",K&L Gates PAC,Congressman Guy Reschenthaler,2025-03-24,1000.00
"K&L GATES, LLP",K&L Gates PAC,Congressman Blake Moore,2025-03-24,1000.00
"K&L GATES, LLP",K&L Gates PAC,Congressman Bennie Thompson,2025-03-25,500.00
"K&L GATES, LLP",K&L Gates PAC,Congresswoman Zoe Lofgren,2025-03-25,1000.00
"K&L GATES, LLP",K&L Gates PAC,Congressman Don Beyer,2025-03-25,1000.00
"K&L GATES, LLP",K&L Gates PAC,Congressman Paul Tonko,2025-03-26,1000.00
"K&L GATES, LLP",K&L Gates PAC,Congressman John Moolenaar,2025-03-26,2500.00
"K&L GATES, LLP",K&L Gates PAC,Congressman Bill Huizenga,2025-03-26,2500.00
"K&L GATES, LLP",K&L Gates PAC,Senator Cynthia Lummis,2026-03-27,1000.00
"K&L GATES, LLP",K&L Gates PAC,Congressman Rick Larsen,2025-04-02,1000.00
"K&L GATES, LLP",K&L Gates PAC,Congressman Rudy Yakym,2025-04-03,500.00
"K&L GATES, LLP",K&L Gates PAC,Congressman Randy Feenstra,2025-04-08,500.00
"K&L GATES, LLP",K&L Gates PAC,Senator Dan Sullivan,2025-04-16,1000.00
"K&L GATES, LLP",K&L Gates PAC,Congressman Scott Fitzgerald,2025-04-29,1000.00
"K&L GATES, LLP",K&L Gates PAC,Congressman Ken Calvert,2025-04-29,3000.00
"K&L GATES, LLP",K&L Gates PAC,Senator Dave McCormick,2025-04-29,2000.00
"K&L GATES, LLP",K&L Gates PAC,Congressman Bennie Thompson,2025-04-29,500.00
"K&L GATES, LLP",K&L Gates PAC,Congressman Dan Newhouse,2025-04-30,1000.00
"K&L GATES, LLP",K&L Gates PAC,Congresswoman Robin Kelly,2025-04-30,750.00
"K&L GATES, LLP",K&L Gates PAC,CHD Bold PAC,2025-05-01,5000.00
"K&L GATES, LLP",K&L Gates PAC,Congressman Cliff Bentz,2025-05-06,2000.00
"K&L GATES, LLP",K&L Gates PAC,Congressman Russell Fry,2025-05-06,1000.00
"K&L GATES, LLP",K&L Gates PAC,Senator Ben Ray Lujan,2025-05-07,1000.00
"K&L GATES, LLP",K&L Gates PAC,Senator Bill Hagerty,2025-05-07,1500.00
"K&L GATES, LLP",K&L Gates PAC,Congressman Jim Jordan,2025-05-08,2000.00
"K&L GATES, LLP",K&L Gates PAC,Senator Dan Sullivan,2025-05-14,1000.00
"K&L GATES, LLP",K&L Gates PAC,Congressman Tim Moore,2025-05-14,1000.00
"K&L GATES, LLP",K&L Gates PAC,Congressman Dale Strong,2025-05-19,1000.00
"K&L GATES, LLP",K&L Gates PAC,Senator Catherine Cortez Masto,2025-05-20,1000.00
"K&L GATES, LLP",K&L Gates PAC,Congresswoman Lisa McClain,2025-05-21,1000.00
"K&L GATES, LLP",K&L Gates PAC,National Republican Congressional Committee,2025-05-21,5000.00
"K&L GATES, LLP",K&L Gates PAC,Congressman Brett Guthrie,2025-05-22,1500.00
"K&L GATES, LLP",K&L Gates PAC,Congresswoman Marilyn Strickland,2025-05-22,500.00
"K&L GATES, LLP",K&L Gates PAC,Congressman Darin LaHood,2025-05-29,1000.00
"K&L GATES, LLP",K&L Gates PAC,Senator Jeff Merkley,2025-05-29,1000.00
"K&L GATES, LLP",K&L Gates PAC,Senator Kirsten Gillibrand,2025-06-02,1000.00
"K&L GATES, LLP",K&L Gates PAC,Congressman Hank Johnson,2025-06-03,1000.00
"K&L GATES, LLP",K&L Gates PAC,Congresswoman Maxine Dexter,2025-06-03,500.00
"K&L GATES, LLP",K&L Gates PAC,Senator John Cornyn,2025-06-05,1000.00
"K&L GATES, LLP",K&L Gates PAC,Senator Lindsay Graham,2025-06-05,1000.00
"K&L GATES, LLP",K&L Gates PAC,Senator Roger Marshall,2025-06-05,1000.00
"K&L GATES, LLP",K&L Gates PAC,Senator Thom Tillis,2025-06-05,1000.00
"K&L GATES, LLP",K&L Gates PAC,Congresswoman Madeleine Dean,2025-06-06,1000.00
"K&L GATES, LLP",K&L Gates PAC,Senator Jon Husted,2025-06-10,1500.00
"K&L GATES, LLP",K&L Gates PAC,Senator Mark Warner,2025-06-10,2500.00
"K&L GATES, LLP",K&L Gates PAC,New Democrat Coalitio Action Fund,2025-06-10,5000.00
"K&L GATES, LLP",K&L Gates PAC,Congresswoman Katherine Clark,2025-06-10,2500.00
"K&L GATES, LLP",K&L Gates PAC,Senator Shelly Moore Capito,2025-06-10,1500.00
"K&L GATES, LLP",K&L Gates PAC,Senator Shelly Moore Capito,2025-06-11,2500.00
"K&L GATES, LLP",K&L Gates PAC,Congressional Black Caucus PAC,2025-06-11,5000.00
"K&L GATES, LLP",K&L Gates PAC,Congresswoman Mariannette Miller-Meeks,2025-06-11,1500.00
"K&L GATES, LLP",K&L Gates PAC,Congressman Ryan Mackenzie,2025-06-13,1000.00
"K&L GATES, LLP",K&L Gates PAC,Democratic Senatorial Campaign Committee,2025-06-23,5000.00
"K&L GATES, LLP",K&L Gates PAC,Congresswoman Claudia Tenney,2025-06-23,1000.00
"K&L GATES, LLP",K&L Gates PAC,Congressman Bob Latta,2025-06-23,1000.00
"K&L GATES, LLP",K&L Gates PAC,Congressman Mike Johnson,2025-06-24,2500.00
"K&L GATES, LLP",K&L Gates PAC,Congressman Vince Fong,2025-06-24,1000.00
"K&L GATES, LLP",K&L Gates PAC,Congressman Bill Huizenga,2025-06-24,1500.00
"K&L GATES, LLP",K&L Gates PAC,Senator Brian Schatz,2025-06-25,1000.00
"K&L GATES, LLP",K&L Gates PAC,Congresswoman Debbie Dingell,2025-06-25,1000.00
"K&L GATES, LLP",K&L Gates PAC,Senator John Cornyn,2026-06-25,1000.00
"K&L GATES, LLP",K&L Gates PAC,Congresswoman Andrea Salinas,2025-06-26,1000.00
"K&L GATES, LLP",K&L Gates PAC,National Republican Senatorial Committee,2025-06-26,5000.00
"K&L GATES, LLP",K&L Gates PAC,Congressman Jack Bergman,2025-03-10,1000.00
"K&L GATES, LLP",K&L Gates PAC,National Republican Senatorial Committee,2025-01-10,5000.00
"K&L GATES, LLP",K&L Gates PAC,Congresswoman Erin Houchin,2025-01-13,1000.00
"K&L GATES, LLP",K&L Gates PAC,Congresswoman Lisa McClain,2025-01-21,1000.00
"K&L GATES, LLP",K&L Gates PAC,Congresswoman Julie Fedorchak,2025-01-23,500.00
"K&L GATES, LLP",K&L Gates PAC,Congressman Brad Schneider,2025-01-31,500.00
"K&L GATES, LLP",K&L Gates PAC,Senator Angela Alsobrooks,2025-02-03,1000.00
"K&L GATES, LLP",K&L Gates PAC,National Republican Congressional Committee,2025-02-04,5000.00
"K&L GATES, LLP",K&L Gates PAC,Congressman Troy Downing,2025-02-06,1000.00
"K&L GATES, LLP",K&L Gates PAC,Congressman Mike Simpson,2025-02-25,1000.00
"K&L GATES, LLP",K&L Gates PAC,Congressman Andy Barr,2025-02-25,1500.00
"K&L GATES, LLP",K&L Gates PAC,Senator Jim Risch,2025-02-26,1000.00
"K&L GATES, LLP",K&L Gates PAC,Senator Rand Paul,2025-02-26,1500.00
"K&L GATES, LLP",K&L Gates PAC,Congressman Michael Baumgartner,2025-02-27,1000.00
"K&L GATES, LLP",K&L Gates PAC,Congressman Morgan Griffith,2025-02-28,1000.00
"K&L GATES, LLP",K&L Gates PAC,Democratic Senatorial Campaign Committee,2025-03-04,5000.00
"K&L GATES, LLP",K&L Gates PAC,Congressman Joe Courtney,2025-03-05,1000.00
"K&L GATES, LLP",K&L Gates PAC,Congressman James Comer,2025-03-05,2000.00
"K&L GATES, LLP",K&L Gates PAC,Congressman Jack Bergman,2025-03-10,1000.00
"K&L GATES, LLP",K&L Gates PAC,Senator Ben Ray Lujan,2025-03-10,1000.00
"K&L GATES, LLP",K&L Gates PAC,Congressman Frank Pallone,2025-03-11,1000.00
"K&L GATES, LLP",K&L Gates PAC,Senator Ashley Moody,2025-03-14,1000.00
"K&L GATES, LLP",K&L Gates PAC,Congresswoman Mary Gay Scanlon,2025-03-14,1000.00
"K&L GATES, LLP",K&L Gates PAC,Congressman Brendan Boyle,2025-03-14,1000.00
"K&L GATES, LLP",K&L Gates PAC,Congressman Pat Fallon,2025-03-22,500.00
"K&L GATES, LLP",K&L Gates PAC,Congressman Guy Reschenthaler,2025-03-24,1000.00
"K&L GATES, LLP",K&L Gates PAC,Congressman Blake Moore,2025-03-24,1000.00
"K&L GATES, LLP",K&L Gates PAC,Congressman Bennie Thompson,2025-03-25,500.00
"K&L GATES, LLP",K&L Gates PAC,Congresswoman Zoe Lofgren,2025-03-25,1000.00
"K&L GATES, LLP",K&L Gates PAC,Congressman Don Beyer,2025-03-25,1000.00
"K&L GATES, LLP",K&L Gates PAC,Congressman Paul Tonko,2025-03-26,1000.00
"K&L GATES, LLP",K&L Gates PAC,Congressman John Moolenaar,2025-03-26,2500.00
"K&L GATES, LLP",K&L Gates PAC,Congressman Bill Huizenga,2025-03-26,2500.00
"K&L GATES, LLP",K&L Gates PAC,Senator Cynthia Lummis,2026-03-27,1000.00
"K&L GATES, LLP",K&L Gates PAC,Congressman Rick Larsen,2025-04-02,1000.00
"K&L GATES, LLP",K&L Gates PAC,Congressman Rudy Yakym,2025-04-03,500.00
"K&L GATES, LLP",K&L Gates PAC,Congressman Randy Feenstra,2025-04-08,500.00
"K&L GATES, LLP",K&L Gates PAC,Senator Dan Sullivan,2025-04-16,1000.00
"K&L GATES, LLP",K&L Gates PAC,Congressman Scott Fitzgerald,2025-04-29,1000.00
"K&L GATES, LLP",K&L Gates PAC,Congressman Ken Calvert,2025-04-29,3000.00
"K&L GATES, LLP",K&L Gates PAC,Senator Dave McCormick,2025-04-29,2000.00
"K&L GATES, LLP",K&L Gates PAC,Congressman Bennie Thompson,2025-04-29,500.00
"K&L GATES, LLP",K&L Gates PAC,Congressman Dan Newhouse,2025-04-30,1000.00
"K&L GATES, LLP",K&L Gates PAC,Congresswoman Robin Kelly,2025-04-30,750.00
"K&L GATES, LLP",K&L Gates PAC,CHD Bold PAC,2025-05-01,5000.00
"K&L GATES, LLP",K&L Gates PAC,Congressman Cliff Bentz,2025-05-06,2000.00
"K&L GATES, LLP",K&L Gates PAC,Congressman Russell Fry,2025-05-06,1000.00
"K&L GATES, LLP",K&L Gates PAC,Senator Ben Ray Lujan,2025-05-07,1000.00
"K&L GATES, LLP",K&L Gates PAC,Senator Bill Hagerty,2025-05-07,1500.00
"K&L GATES, LLP",K&L Gates PAC,Congressman Jim Jordan,2025-05-08,2000.00
"K&L GATES, LLP",K&L Gates PAC,Senator Dan Sullivan,2025-05-14,1000.00
"K&L GATES, LLP",K&L Gates PAC,Congressman Tim Moore,2025-05-14,1000.00
"K&L GATES, LLP",K&L Gates PAC,Congressman Dale Strong,2025-05-19,1000.00
"K&L GATES, LLP",K&L Gates PAC,Senator Catherine Cortez Masto,2025-05-20,1000.00
"K&L GATES, LLP",K&L Gates PAC,Congresswoman Lisa McClain,2025-05-21,1000.00
"K&L GATES, LLP",K&L Gates PAC,National Republican Congressional Committee,2025-05-21,5000.00
"K&L GATES, LLP",K&L Gates PAC,Congressman Brett Guthrie,2025-05-22,1500.00
"K&L GATES, LLP",K&L Gates PAC,Congresswoman Marilyn Strickland,2025-05-22,500.00
"K&L GATES, LLP",K&L Gates PAC,Congressman Darin LaHood,2025-05-29,1000.00
"K&L GATES, LLP",K&L Gates PAC,Senator Jeff Merkley,2025-05-29,1000.00
"K&L GATES, LLP",K&L Gates PAC,Senator Kirsten Gillibrand,2025-06-02,1000.00
"K&L GATES, LLP",K&L Gates PAC,Congressman Hank Johnson,2025-06-03,1000.00
"K&L GATES, LLP",K&L Gates PAC,Congresswoman Maxine Dexter,2025-06-03,500.00
"K&L GATES, LLP",K&L Gates PAC,Senator John Cornyn,2025-06-05,1000.00
"K&L GATES, LLP",K&L Gates PAC,Senator Lindsay Graham,2025-06-05,1000.00
"K&L GATES, LLP",K&L Gates PAC,Senator Roger Marshall,2025-06-05,1000.00
"K&L GATES, LLP",K&L Gates PAC,Senator Thom Tillis,2025-06-05,1000.00
"K&L GATES, LLP",K&L Gates PAC,Congresswoman Madeleine Dean,2025-06-06,1000.00
"K&L GATES, LLP",K&L Gates PAC,Senator Jon Husted,2025-06-10,1500.00
"K&L GATES, LLP",K&L Gates PAC,Senator Mark Warner,2025-06-10,2500.00
"K&L GATES, LLP",K&L Gates PAC,New Democrat Coalitio Action Fund,2025-06-10,5000.00
"K&L GATES, LLP",K&L Gates PAC,Congresswoman Katherine Clark,2025-06-10,2500.00
"K&L GATES, LLP",K&L Gates PAC,Senator Shelly Moore Capito,2025-06-10,1500.00
"K&L GATES, LLP",K&L Gates PAC,Senator Shelly Moore Capito,2025-06-11,2500.00
"K&L GATES, LLP",K&L Gates PAC,Congressional Black Caucus PAC,2025-06-11,5000.00
"K&L GATES, LLP",K&L Gates PAC,Congresswoman Mariannette Miller-Meeks,2025-06-11,1500.00
"K&L GATES, LLP",K&L Gates PAC,Congressman Ryan Mackenzie,2025-06-13,1000.00
"K&L GATES, LLP",K&L Gates PAC,Democratic Senatorial Campaign Committee,2025-06-23,5000.00
"K&L GATES, LLP",K&L Gates PAC,Congresswoman Claudia Tenney,2025-06-23,1000.00
"K&L GATES, LLP",K&L Gates PAC,Congressman Bob Latta,2025-06-23,1000.00
"K&L GATES, LLP",K&L Gates PAC,Congressman Mike Johnson,2025-06-24,2500.00
"K&L GATES, LLP",K&L Gates PAC,Congressman Vince Fong,2025-06-24,1000.00
"K&L GATES, LLP",K&L Gates PAC,Congressman Bill Huizenga,2025-06-24,1500.00
"K&L GATES, LLP",K&L Gates PAC,Senator Brian Schatz,2025-06-25,1000.00
"K&L GATES, LLP",K&L Gates PAC,Congresswoman Debbie Dingell,2025-06-25,1000.00
"K&L GATES, LLP",K&L Gates PAC,Senator John Cornyn,2026-06-25,1000.00
"K&L GATES, LLP",K&L Gates PAC,Congresswoman Andrea Salinas,2025-06-26,1000.00
"K&L GATES, LLP",K&L Gates PAC,National Republican Senatorial Committee,2025-06-26,5000.00
"K&L GATES, LLP",K&L Gates PAC,Congressman Jack Bergman,2025-03-10,1000.00
"K&L GATES, LLP",K&L Gates PAC,National Republican Senatorial Committee,2025-01-10,5000.00
"K&L GATES, LLP",K&L Gates PAC,Congresswoman Erin Houchin,2025-01-13,1000.00
"K&L GATES, LLP",K&L Gates PAC,Congresswoman Lisa McClain,2025-01-21,1000.00
"K&L GATES, LLP",K&L Gates PAC,Congresswoman Julie Fedorchak,2025-01-23,500.00
"K&L GATES, LLP",K&L Gates PAC,Congressman Brad Schneider,2025-01-31,500.00
"K&L GATES, LLP",K&L Gates PAC,Senator Angela Alsobrooks,2025-02-03,1000.00
"K&L GATES, LLP",K&L Gates PAC,National Republican Congressional Committee,2025-02-04,5000.00
"K&L GATES, LLP",K&L Gates PAC,Congressman Troy Downing,2025-02-06,1000.00
"K&L GATES, LLP",K&L Gates PAC,Congressman Mike Simpson,2025-02-25,1000.00
"K&L GATES, LLP",K&L Gates PAC,Congressman Andy Barr,2025-02-25,1500.00
"K&L GATES, LLP",K&L Gates PAC,Senator Jim Risch,2025-02-26,1000.00
"K&L GATES, LLP",K&L Gates PAC,Senator Rand Paul,2025-02-26,1500.00
"K&L GATES, LLP",K&L Gates PAC,Congressman Michael Baumgartner,2025-02-27,1000.00
"K&L GATES, LLP",K&L Gates PAC,Congressman Morgan Griffith,2025-02-28,1000.00
"K&L GATES, LLP",K&L Gates PAC,Democratic Senatorial Campaign Committee,2025-03-04,5000.00
"K&L GATES, LLP",K&L Gates PAC,Congressman Joe Courtney,2025-03-05,1000.00
"K&L GATES, LLP",K&L Gates PAC,Congressman James Comer,2025-03-05,2000.00
"K&L GATES, LLP",K&L Gates PAC,Congressman Jack Bergman,2025-03-10,1000.00
"K&L GATES, LLP",K&L Gates PAC,Senator Ben Ray Lujan,2025-03-10,1000.00
"K&L GATES, LLP",K&L Gates PAC,Congressman Frank Pallone,2025-03-11,1000.00
"K&L GATES, LLP",K&L Gates PAC,Senator Ashley Moody,2025-03-14,1000.00
"K&L GATES, LLP",K&L Gates PAC,Congresswoman Mary Gay Scanlon,2025-03-14,1000.00
"K&L GATES, LLP",K&L Gates PAC,Congressman Brendan Boyle,2025-03-14,1000.00
"K&L GATES, LLP",K&L Gates PAC,Congressman Pat Fallon,2025-03-22,500.00
"K&L GATES, LLP",K&L Gates PAC,Congressman Guy Reschenthaler,2025-03-24,1000.00
"K&L GATES, LLP",K&L Gates PAC,Congressman Blake Moore,2025-03-24,1000.00
"K&L GATES, LLP",K&L Gates PAC,Congressman Bennie Thompson,2025-03-25,500.00
"K&L GATES, LLP",K&L Gates PAC,Congresswoman Zoe Lofgren,2025-03-25,1000.00
"K&L GATES, LLP",K&L Gates PAC,Congressman Don Beyer,2025-03-25,1000.00
"K&L GATES, LLP",K&L Gates PAC,Congressman Paul Tonko,2025-03-26,1000.00
"K&L GATES, LLP",K&L Gates PAC,Congressman John Moolenaar,2025-03-26,2500.00
"K&L GATES, LLP",K&L Gates PAC,Congressman Bill Huizenga,2025-03-26,2500.00
"K&L GATES, LLP",K&L Gates PAC,Senator Cynthia Lummis,2026-03-27,1000.00
"K&L GATES, LLP",K&L Gates PAC,Congressman Rick Larsen,2025-04-02,1000.00
"K&L GATES, LLP",K&L Gates PAC,Congressman Rudy Yakym,2025-04-03,500.00
"K&L GATES, LLP",K&L Gates PAC,Congressman Randy Feenstra,2025-04-08,500.00
"K&L GATES, LLP",K&L Gates PAC,Senator Dan Sullivan,2025-04-16,1000.00
"K&L GATES, LLP",K&L Gates PAC,Congressman Scott Fitzgerald,2025-04-29,1000.00
"K&L GATES, LLP",K&L Gates PAC,Congressman Ken Calvert,2025-04-29,3000.00
"K&L GATES, LLP",K&L Gates PAC,Senator Dave McCormick,2025-04-29,2000.00
"K&L GATES, LLP",K&L Gates PAC,Congressman Bennie Thompson,2025-04-29,500.00
"K&L GATES, LLP",K&L Gates PAC,Congressman Dan Newhouse,2025-04-30,1000.00
"K&L GATES, LLP",K&L Gates PAC,Congresswoman Robin Kelly,2025-04-30,750.00
"K&L GATES, LLP",K&L Gates PAC,CHD Bold PAC,2025-05-01,5000.00
"K&L GATES, LLP",K&L Gates PAC,Congressman Cliff Bentz,2025-05-06,2000.00
"K&L GATES, LLP",K&L Gates PAC,Congressman Russell Fry,2025-05-06,1000.00
"K&L GATES, LLP",K&L Gates PAC,Senator Ben Ray Lujan,2025-05-07,1000.00
"K&L GATES, LLP",K&L Gates PAC,Senator Bill Hagerty,2025-05-07,1500.00
"K&L GATES, LLP",K&L Gates PAC,Congressman Jim Jordan,2025-05-08,2000.00
"K&L GATES, LLP",K&L Gates PAC,Senator Dan Sullivan,2025-05-14,1000.00
"K&L GATES, LLP",K&L Gates PAC,Congressman Tim Moore,2025-05-14,1000.00
"K&L GATES, LLP",K&L Gates PAC,Congressman Dale Strong,2025-05-19,1000.00
"K&L GATES, LLP",K&L Gates PAC,Senator Catherine Cortez Masto,2025-05-20,1000.00
"K&L GATES, LLP",K&L Gates PAC,Congresswoman Lisa McClain,2025-05-21,1000.00
"K&L GATES, LLP",K&L Gates PAC,National Republican Congressional Committee,2025-05-21,5000.00
"K&L GATES, LLP",K&L Gates PAC,Congressman Brett Guthrie,2025-05-22,1500.00
"K&L GATES, LLP",K&L Gates PAC,Congresswoman Marilyn Strickland,2025-05-22,500.00
"K&L GATES, LLP",K&L Gates PAC,Congressman Darin LaHood,2025-05-29,1000.00
"K&L GATES, LLP",K&L Gates PAC,Senator Jeff Merkley,2025-05-29,1000.00
"K&L GATES, LLP",K&L Gates PAC,Senator Kirsten Gillibrand,2025-06-02,1000.00
"K&L GATES, LLP",K&L Gates PAC,Congressman Hank Johnson,2025-06-03,1000.00
"K&L GATES, LLP",K&L Gates PAC,Congresswoman Maxine Dexter,2025-06-03,500.00
"K&L GATES, LLP",K&L Gates PAC,Senator John Cornyn,2025-06-05,1000.00
"K&L GATES, LLP",K&L Gates PAC,Senator Lindsay Graham,2025-06-05,1000.00
"K&L GATES, LLP",K&L Gates PAC,Senator Roger Marshall,2025-06-05,1000.00
"K&L GATES, LLP",K&L Gates PAC,Senator Thom Tillis,2025-06-05,1000.00
"K&L GATES, LLP",K&L Gates PAC,Congresswoman Madeleine Dean,2025-06-06,1000.00
"K&L GATES, LLP",K&L Gates PAC,Senator Jon Husted,2025-06-10,1500.00
"K&L GATES, LLP",K&L Gates PAC,Senator Mark Warner,2025-06-10,2500.00
"K&L GATES, LLP",K&L Gates PAC,New Democrat Coalitio Action Fund,2025-06-10,5000.00
"K&L GATES, LLP",K&L Gates PAC,Congresswoman Katherine Clark,2025-06-10,2500.00
"K&L GATES, LLP",K&L Gates PAC,Senator Shelly Moore Capito,2025-06-10,1500.00
"K&L GATES, LLP",K&L Gates PAC,Senator Shelly Moore Capito,2025-06-11,2500.00
"K&L GATES, LLP",K&L Gates PAC,Congressional Black Caucus PAC,2025-06-11,5000.00
"K&L GATES, LLP",K&L Gates PAC,Congresswoman Mariannette Miller-Meeks,2025-06-11,1500.00
"K&L GATES, LLP",K&L Gates PAC,Congressman Ryan Mackenzie,2025-06-13,1000.00
"K&L GATES, LLP",K&L Gates PAC,Democratic Senatorial Campaign Committee,2025-06-23,5000.00
"K&L GATES, LLP",K&L Gates PAC,Congresswoman Claudia Tenney,2025-06-23,1000.00
"K&L GATES, LLP",K&L Gates PAC,Congressman Bob Latta,2025-06-23,1000.00
"K&L GATES, LLP",K&L Gates PAC,Congressman Mike Johnson,2025-06-24,2500.00
"K&L GATES, LLP",K&L Gates PAC,Congressman Vince Fong,2025-06-24,1000.00
"K&L GATES, LLP",K&L Gates PAC,Congressman Bill Huizenga,2025-06-24,1500.00
"K&L GATES, LLP",K&L Gates PAC,Senator Brian Schatz,2025-06-25,1000.00
"K&L GATES, LLP",K&L Gates PAC,Congresswoman Debbie Dingell,2025-06-25,1000.00
"K&L GATES, LLP",K&L Gates PAC,Senator John Cornyn,2026-06-25,1000.00
"K&L GATES, LLP",K&L Gates PAC,Congresswoman Andrea Salinas,2025-06-26,1000.00
"K&L GATES, LLP",K&L Gates PAC,National Republican Senatorial Committee,2025-06-26,5000.00
"K&L GATES, LLP",K&L Gates PAC,Congressman Jack Bergman,2025-03-10,1000.00
"K&L GATES, LLP",K&L Gates PAC,National Republican Senatorial Committee,2025-01-10,5000.00
"K&L GATES, LLP",K&L Gates PAC,Congresswoman Erin Houchin,2025-01-13,1000.00
"K&L GATES, LLP",K&L Gates PAC,Congresswoman Lisa McClain,2025-01-21,1000.00
"K&L GATES, LLP",K&L Gates PAC,Congresswoman Julie Fedorchak,2025-01-23,500.00
"K&L GATES, LLP",K&L Gates PAC,Congressman Brad Schneider,2025-01-31,500.00
"K&L GATES, LLP",K&L Gates PAC,Senator Angela Alsobrooks,2025-02-03,1000.00
"K&L GATES, LLP",K&L Gates PAC,National Republican Congressional Committee,2025-02-04,5000.00
"K&L GATES, LLP",K&L Gates PAC,Congressman Troy Downing,2025-02-06,1000.00
"K&L GATES, LLP",K&L Gates PAC,Congressman Mike Simpson,2025-02-25,1000.00
"K&L GATES, LLP",K&L Gates PAC,Congressman Andy Barr,2025-02-25,1500.00
"K&L GATES, LLP",K&L Gates PAC,Senator Jim Risch,2025-02-26,1000.00
"K&L GATES, LLP",K&L Gates PAC,Senator Rand Paul,2025-02-26,1500.00
"K&L GATES, LLP",K&L Gates PAC,Congressman Michael Baumgartner,2025-02-27,1000.00
"K&L GATES, LLP",K&L Gates PAC,Congressman Morgan Griffith,2025-02-28,1000.00
"K&L GATES, LLP",K&L Gates PAC,Democratic Senatorial Campaign Committee,2025-03-04,5000.00
"K&L GATES, LLP",K&L Gates PAC,Congressman Joe Courtney,2025-03-05,1000.00
"K&L GATES, LLP",K&L Gates PAC,Congressman James Comer,2025-03-05,2000.00
"K&L GATES, LLP",K&L Gates PAC,Congressman Jack Bergman,2025-03-10,1000.00
"K&L GATES, LLP",K&L Gates PAC,Senator Ben Ray Lujan,2025-03-10,1000.00
"K&L GATES, LLP",K&L Gates PAC,Congressman Frank Pallone,2025-03-11,1000.00
"K&L GATES, LLP",K&L Gates PAC,Senator Ashley Moody,2025-03-14,1000.00
"K&L GATES, LLP",K&L Gates PAC,Congresswoman Mary Gay Scanlon,2025-03-14,1000.00
"K&L GATES, LLP",K&L Gates PAC,Congressman Brendan Boyle,2025-03-14,1000.00
"K&L GATES, LLP",K&L Gates PAC,Congressman Pat Fallon,2025-03-22,500.00
"K&L GATES, LLP",K&L Gates PAC,Congressman Guy Reschenthaler,2025-03-24,1000.00
"K&L GATES, LLP",K&L Gates PAC,Congressman Blake Moore,2025-03-24,1000.00
"K&L GATES, LLP",K&L Gates PAC,Congressman Bennie Thompson,2025-03-25,500.00
"K&L GATES, LLP",K&L Gates PAC,Congresswoman Zoe Lofgren,2025-03-25,1000.00
"K&L GATES, LLP",K&L Gates PAC,Congressman Don Beyer,2025-03-25,1000.00
"K&L GATES, LLP",K&L Gates PAC,Congressman Paul Tonko,2025-03-26,1000.00
"K&L GATES, LLP",K&L Gates PAC,Congressman John Moolenaar,2025-03-26,2500.00
"K&L GATES, LLP",K&L Gates PAC,Congressman Bill Huizenga,2025-03-26,2500.00
"K&L GATES, LLP",K&L Gates PAC,Senator Cynthia Lummis,2026-03-27,1000.00
"K&L GATES, LLP",K&L Gates PAC,Congressman Rick Larsen,2025-04-02,1000.00
"K&L GATES, LLP",K&L Gates PAC,Congressman Rudy Yakym,2025-04-03,500.00
"K&L GATES, LLP",K&L Gates PAC,Congressman Randy Feenstra,2025-04-08,500.00
"K&L GATES, LLP",K&L Gates PAC,Senator Dan Sullivan,2025-04-16,1000.00
"K&L GATES, LLP",K&L Gates PAC,Congressman Scott Fitzgerald,2025-04-29,1000.00
"K&L GATES, LLP",K&L Gates PAC,Congressman Ken Calvert,2025-04-29,3000.00
"K&L GATES, LLP",K&L Gates PAC,Senator Dave McCormick,2025-04-29,2000.00
"K&L GATES, LLP",K&L Gates PAC,Congressman Bennie Thompson,2025-04-29,500.00
"K&L GATES, LLP",K&L Gates PAC,Congressman Dan Newhouse,2025-04-30,1000.00
"K&L GATES, LLP",K&L Gates PAC,Congresswoman Robin Kelly,2025-04-30,750.00
"K&L GATES, LLP",K&L Gates PAC,CHD Bold PAC,2025-05-01,5000.00
"K&L GATES, LLP",K&L Gates PAC,Congressman Cliff Bentz,2025-05-06,2000.00
"K&L GATES, LLP",K&L Gates PAC,Congressman Russell Fry,2025-05-06,1000.00
"K&L GATES, LLP",K&L Gates PAC,Senator Ben Ray Lujan,2025-05-07,1000.00
"K&L GATES, LLP",K&L Gates PAC,Senator Bill Hagerty,2025-05-07,1500.00
"K&L GATES, LLP",K&L Gates PAC,Congressman Jim Jordan,2025-05-08,2000.00
"K&L GATES, LLP",K&L Gates PAC,Senator Dan Sullivan,2025-05-14,1000.00
"K&L GATES, LLP",K&L Gates PAC,Congressman Tim Moore,2025-05-14,1000.00
"K&L GATES, LLP",K&L Gates PAC,Congressman Dale Strong,2025-05-19,1000.00
"K&L GATES, LLP",K&L Gates PAC,Senator Catherine Cortez Masto,2025-05-20,1000.00
"K&L GATES, LLP",K&L Gates PAC,Congresswoman Lisa McClain,2025-05-21,1000.00
"K&L GATES, LLP",K&L Gates PAC,National Republican Congressional Committee,2025-05-21,5000.00
"K&L GATES, LLP",K&L Gates PAC,Congressman Brett Guthrie,2025-05-22,1500.00
"K&L GATES, LLP",K&L Gates PAC,Congresswoman Marilyn Strickland,2025-05-22,500.00
"K&L GATES, LLP",K&L Gates PAC,Congressman Darin LaHood,2025-05-29,1000.00
"K&L GATES, LLP",K&L Gates PAC,Senator Jeff Merkley,2025-05-29,1000.00
"K&L GATES, LLP",K&L Gates PAC,Senator Kirsten Gillibrand,2025-06-02,1000.00
"K&L GATES, LLP",K&L Gates PAC,Congressman Hank Johnson,2025-06-03,1000.00
"K&L GATES, LLP",K&L Gates PAC,Congresswoman Maxine Dexter,2025-06-03,500.00
"K&L GATES, LLP",K&L Gates PAC,Senator John Cornyn,2025-06-05,1000.00
"K&L GATES, LLP",K&L Gates PAC,Senator Lindsay Graham,2025-06-05,1000.00
"K&L GATES, LLP",K&L Gates PAC,Senator Roger Marshall,2025-06-05,1000.00
"K&L GATES, LLP",K&L Gates PAC,Senator Thom Tillis,2025-06-05,1000.00
"K&L GATES, LLP",K&L Gates PAC,Congresswoman Madeleine Dean,2025-06-06,1000.00
"K&L GATES, LLP",K&L Gates PAC,Senator Jon Husted,2025-06-10,1500.00
"K&L GATES, LLP",K&L Gates PAC,Senator Mark Warner,2025-06-10,2500.00
"K&L GATES, LLP",K&L Gates PAC,New Democrat Coalitio Action Fund,2025-06-10,5000.00
"K&L GATES, LLP",K&L Gates PAC,Congresswoman Katherine Clark,2025-06-10,2500.00
"K&L GATES, LLP",K&L Gates PAC,Senator Shelly Moore Capito,2025-06-10,1500.00
"K&L GATES, LLP",K&L Gates PAC,Senator Shelly Moore Capito,2025-06-11,2500.00
"K&L GATES, LLP",K&L Gates PAC,Congressional Black Caucus PAC,2025-06-11,5000.00
"K&L GATES, LLP",K&L Gates PAC,Congresswoman Mariannette Miller-Meeks,2025-06-11,1500.00
"K&L GATES, LLP",K&L Gates PAC,Congressman Ryan Mackenzie,2025-06-13,1000.00
"K&L GATES, LLP",K&L Gates PAC,Democratic Senatorial Campaign Committee,2025-06-23,5000.00
"K&L GATES, LLP",K&L Gates PAC,Congresswoman Claudia Tenney,2025-06-23,1000.00
"K&L GATES, LLP",K&L Gates PAC,Congressman Bob Latta,2025-06-23,1000.00
"K&L GATES, LLP",K&L Gates PAC,Congressman Mike Johnson,2025-06-24,2500.00
"K&L GATES, LLP",K&L Gates PAC,Congressman Vince Fong,2025-06-24,1000.00
"K&L GATES, LLP",K&L Gates PAC,Congressman Bill Huizenga,2025-06-24,1500.00
"K&L GATES, LLP",K&L Gates PAC,Senator Brian Schatz,2025-06-25,1000.00
"K&L GATES, LLP",K&L Gates PAC,Congresswoman Debbie Dingell,2025-06-25,1000.00
"K&L GATES, LLP",K&L Gates PAC,Senator John Cornyn,2026-06-25,1000.00
"K&L GATES, LLP",K&L Gates PAC,Congresswoman Andrea Salinas,2025-06-26,1000.00
"K&L GATES, LLP",K&L Gates PAC,National Republican Senatorial Committee,2025-06-26,5000.00
"K&L GATES, LLP",K&L Gates PAC,Congressman Jack Bergman,2025-03-10,1000.00
"K&L GATES, LLP",K&L Gates PAC,National Republican Senatorial Committee,2025-01-10,5000.00
"K&L GATES, LLP",K&L Gates PAC,Congresswoman Erin Houchin,2025-01-13,1000.00
"K&L GATES, LLP",K&L Gates PAC,Congresswoman Lisa McClain,2025-01-21,1000.00
"K&L GATES, LLP",K&L Gates PAC,Congresswoman Julie Fedorchak,2025-01-23,500.00
"K&L GATES, LLP",K&L Gates PAC,Congressman Brad Schneider,2025-01-31,500.00
"K&L GATES, LLP",K&L Gates PAC,Senator Angela Alsobrooks,2025-02-03,1000.00
"K&L GATES, LLP",K&L Gates PAC,National Republican Congressional Committee,2025-02-04,5000.00
"K&L GATES, LLP",K&L Gates PAC,Congressman Troy Downing,2025-02-06,1000.00
"K&L GATES, LLP",K&L Gates PAC,Congressman Mike Simpson,2025-02-25,1000.00
"K&L GATES, LLP",K&L Gates PAC,Congressman Andy Barr,2025-02-25,1500.00
"K&L GATES, LLP",K&L Gates PAC,Senator Jim Risch,2025-02-26,1000.00
"K&L GATES, LLP",K&L Gates PAC,Senator Rand Paul,2025-02-26,1500.00
"K&L GATES, LLP",K&L Gates PAC,Congressman Michael Baumgartner,2025-02-27,1000.00
"K&L GATES, LLP",K&L Gates PAC,Congressman Morgan Griffith,2025-02-28,1000.00
"K&L GATES, LLP",K&L Gates PAC,Democratic Senatorial Campaign Committee,2025-03-04,5000.00
"K&L GATES, LLP",K&L Gates PAC,Congressman Joe Courtney,2025-03-05,1000.00
"K&L GATES, LLP",K&L Gates PAC,Congressman James Comer,2025-03-05,2000.00
"K&L GATES, LLP",K&L Gates PAC,Congressman Jack Bergman,2025-03-10,1000.00
"K&L GATES, LLP",K&L Gates PAC,Senator Ben Ray Lujan,2025-03-10,1000.00
"K&L GATES, LLP",K&L Gates PAC,Congressman Frank Pallone,2025-03-11,1000.00
"K&L GATES, LLP",K&L Gates PAC,Senator Ashley Moody,2025-03-14,1000.00
"K&L GATES, LLP",K&L Gates PAC,Congresswoman Mary Gay Scanlon,2025-03-14,1000.00
"K&L GATES, LLP",K&L Gates PAC,Congressman Brendan Boyle,2025-03-14,1000.00
"K&L GATES, LLP",K&L Gates PAC,Congressman Pat Fallon,2025-03-22,500.00
"K&L GATES, LLP",K&L Gates PAC,Congressman Guy Reschenthaler,2025-03-24,1000.00
"K&L GATES, LLP",K&L Gates PAC,Congressman Blake Moore,2025-03-24,1000.00
"K&L GATES, LLP",K&L Gates PAC,Congressman Bennie Thompson,2025-03-25,500.00
"K&L GATES, LLP",K&L Gates PAC,Congresswoman Zoe Lofgren,2025-03-25,1000.00
"K&L GATES, LLP",K&L Gates PAC,Congressman Don Beyer,2025-03-25,1000.00
"K&L GATES, LLP",K&L Gates PAC,Congressman Paul Tonko,2025-03-26,1000.00
"K&L GATES, LLP",K&L Gates PAC,Congressman John Moolenaar,2025-03-26,2500.00
"K&L GATES, LLP",K&L Gates PAC,Congressman Bill Huizenga,2025-03-26,2500.00
"K&L GATES, LLP",K&L Gates PAC,Senator Cynthia Lummis,2026-03-27,1000.00
"K&L GATES, LLP",K&L Gates PAC,Congressman Rick Larsen,2025-04-02,1000.00
"K&L GATES, LLP",K&L Gates PAC,Congressman Rudy Yakym,2025-04-03,500.00
"K&L GATES, LLP",K&L Gates PAC,Congressman Randy Feenstra,2025-04-08,500.00
"K&L GATES, LLP",K&L Gates PAC,Senator Dan Sullivan,2025-04-16,1000.00
"K&L GATES, LLP",K&L Gates PAC,Congressman Scott Fitzgerald,2025-04-29,1000.00
"K&L GATES, LLP",K&L Gates PAC,Congressman Ken Calvert,2025-04-29,3000.00
"K&L GATES, LLP",K&L Gates PAC,Senator Dave McCormick,2025-04-29,2000.00
"K&L GATES, LLP",K&L Gates PAC,Congressman Bennie Thompson,2025-04-29,500.00
"K&L GATES, LLP",K&L Gates PAC,Congressman Dan Newhouse,2025-04-30,1000.00
"K&L GATES, LLP",K&L Gates PAC,Congresswoman Robin Kelly,2025-04-30,750.00
"K&L GATES, LLP",K&L Gates PAC,CHD Bold PAC,2025-05-01,5000.00
"K&L GATES, LLP",K&L Gates PAC,Congressman Cliff Bentz,2025-05-06,2000.00
"K&L GATES, LLP",K&L Gates PAC,Congressman Russell Fry,2025-05-06,1000.00
"K&L GATES, LLP",K&L Gates PAC,Senator Ben Ray Lujan,2025-05-07,1000.00
"K&L GATES, LLP",K&L Gates PAC,Senator Bill Hagerty,2025-05-07,1500.00
"K&L GATES, LLP",K&L Gates PAC,Congressman Jim Jordan,2025-05-08,2000.00
"K&L GATES, LLP",K&L Gates PAC,Senator Dan Sullivan,2025-05-14,1000.00
"K&L GATES, LLP",K&L Gates PAC,Congressman Tim Moore,2025-05-14,1000.00
"K&L GATES, LLP",K&L Gates PAC,Congressman Dale Strong,2025-05-19,1000.00
"K&L GATES, LLP",K&L Gates PAC,Senator Catherine Cortez Masto,2025-05-20,1000.00
"K&L GATES, LLP",K&L Gates PAC,Congresswoman Lisa McClain,2025-05-21,1000.00
"K&L GATES, LLP",K&L Gates PAC,National Republican Congressional Committee,2025-05-21,5000.00
"K&L GATES, LLP",K&L Gates PAC,Congressman Brett Guthrie,2025-05-22,1500.00
"K&L GATES, LLP",K&L Gates PAC,Congresswoman Marilyn Strickland,2025-05-22,500.00
"K&L GATES, LLP",K&L Gates PAC,Congressman Darin LaHood,2025-05-29,1000.00
"K&L GATES, LLP",K&L Gates PAC,Senator Jeff Merkley,2025-05-29,1000.00
"K&L GATES, LLP",K&L Gates PAC,Senator Kirsten Gillibrand,2025-06-02,1000.00
"K&L GATES, LLP",K&L Gates PAC,Congressman Hank Johnson,2025-06-03,1000.00
"K&L GATES, LLP",K&L Gates PAC,Congresswoman Maxine Dexter,2025-06-03,500.00
"K&L GATES, LLP",K&L Gates PAC,Senator John Cornyn,2025-06-05,1000.00
"K&L GATES, LLP",K&L Gates PAC,Senator Lindsay Graham,2025-06-05,1000.00
"K&L GATES, LLP",K&L Gates PAC,Senator Roger Marshall,2025-06-05,1000.00
"K&L GATES, LLP",K&L Gates PAC,Senator Thom Tillis,2025-06-05,1000.00
"K&L GATES, LLP",K&L Gates PAC,Congresswoman Madeleine Dean,2025-06-06,1000.00
"K&L GATES, LLP",K&L Gates PAC,Senator Jon Husted,2025-06-10,1500.00
"K&L GATES, LLP",K&L Gates PAC,Senator Mark Warner,2025-06-10,2500.00
"K&L GATES, LLP",K&L Gates PAC,New Democrat Coalitio Action Fund,2025-06-10,5000.00
"K&L GATES, LLP",K&L Gates PAC,Congresswoman Katherine Clark,2025-06-10,2500.00
"K&L GATES, LLP",K&L Gates PAC,Senator Shelly Moore Capito,2025-06-10,1500.00
"K&L GATES, LLP",K&L Gates PAC,Senator Shelly Moore Capito,2025-06-11,2500.00
"K&L GATES, LLP",K&L Gates PAC,Congressional Black Caucus PAC,2025-06-11,5000.00
"K&L GATES, LLP",K&L Gates PAC,Congresswoman Mariannette Miller-Meeks,2025-06-11,1500.00
"K&L GATES, LLP",K&L Gates PAC,Congressman Ryan Mackenzie,2025-06-13,1000.00
"K&L GATES, LLP",K&L Gates PAC,Democratic Senatorial Campaign Committee,2025-06-23,5000.00
"K&L GATES, LLP",K&L Gates PAC,Congresswoman Claudia Tenney,2025-06-23,1000.00
"K&L GATES, LLP",K&L Gates PAC,Congressman Bob Latta,2025-06-23,1000.00
"K&L GATES, LLP",K&L Gates PAC,Congressman Mike Johnson,2025-06-24,2500.00
"K&L GATES, LLP",K&L Gates PAC,Congressman Vince Fong,2025-06-24,1000.00
"K&L GATES, LLP",K&L Gates PAC,Congressman Bill Huizenga,2025-06-24,1500.00
"K&L GATES, LLP",K&L Gates PAC,Senator Brian Schatz,2025-06-25,1000.00
"K&L GATES, LLP",K&L Gates PAC,Congresswoman Debbie Dingell,2025-06-25,1000.00
"K&L GATES, LLP",K&L Gates PAC,Senator John Cornyn,2026-06-25,1000.00
"K&L GATES, LLP",K&L Gates PAC,Congresswoman Andrea Salinas,2025-06-26,1000.00
"K&L GATES, LLP",K&L Gates PAC,National Republican Senatorial Committee,2025-06-26,5000.00
"K&L GATES, LLP",K&L Gates PAC,Congressman Jack Bergman,2025-03-10,1000.00
"K&L GATES, LLP",K&L Gates PAC,National Republican Senatorial Committee,2025-01-10,5000.00
"K&L GATES, LLP",K&L Gates PAC,Congresswoman Erin Houchin,2025-01-13,1000.00
"K&L GATES, LLP",K&L Gates PAC,Congresswoman Lisa McClain,2025-01-21,1000.00
"K&L GATES, LLP",K&L Gates PAC,Congresswoman Julie Fedorchak,2025-01-23,500.00
"K&L GATES, LLP",K&L Gates PAC,Congressman Brad Schneider,2025-01-31,500.00
"K&L GATES, LLP",K&L Gates PAC,Senator Angela Alsobrooks,2025-02-03,1000.00
"K&L GATES, LLP",K&L Gates PAC,National Republican Congressional Committee,2025-02-04,5000.00
"K&L GATES, LLP",K&L Gates PAC,Congressman Troy Downing,2025-02-06,1000.00
"K&L GATES, LLP",K&L Gates PAC,Congressman Mike Simpson,2025-02-25,1000.00
"K&L GATES, LLP",K&L Gates PAC,Congressman Andy Barr,2025-02-25,1500.00
"K&L GATES, LLP",K&L Gates PAC,Senator Jim Risch,2025-02-26,1000.00
"K&L GATES, LLP",K&L Gates PAC,Senator Rand Paul,2025-02-26,1500.00
"K&L GATES, LLP",K&L Gates PAC,Congressman Michael Baumgartner,2025-02-27,1000.00
"K&L GATES, LLP",K&L Gates PAC,Congressman Morgan Griffith,2025-02-28,1000.00
"K&L GATES, LLP",K&L Gates PAC,Democratic Senatorial Campaign Committee,2025-03-04,5000.00
"K&L GATES, LLP",K&L Gates PAC,Congressman Joe Courtney,2025-03-05,1000.00
"K&L GATES, LLP",K&L Gates PAC,Congressman James Comer,2025-03-05,2000.00
"K&L GATES, LLP",K&L Gates PAC,Congressman Jack Bergman,2025-03-10,1000.00
"K&L GATES, LLP",K&L Gates PAC,Senator Ben Ray Lujan,2025-03-10,1000.00
"K&L GATES, LLP",K&L Gates PAC,Congressman Frank Pallone,2025-03-11,1000.00
"K&L GATES, LLP",K&L Gates PAC,Senator Ashley Moody,2025-03-14,1000.00
"K&L GATES, LLP",K&L Gates PAC,Congresswoman Mary Gay Scanlon,2025-03-14,1000.00
"K&L GATES, LLP",K&L Gates PAC,Congressman Brendan Boyle,2025-03-14,1000.00
"K&L GATES, LLP",K&L Gates PAC,Congressman Pat Fallon,2025-03-22,500.00
"K&L GATES, LLP",K&L Gates PAC,Congressman Guy Reschenthaler,2025-03-24,1000.00
"K&L GATES, LLP",K&L Gates PAC,Congressman Blake Moore,2025-03-24,1000.00
"K&L GATES, LLP",K&L Gates PAC,Congressman Bennie Thompson,2025-03-25,500.00
"K&L GATES, LLP",K&L Gates PAC,Congresswoman Zoe Lofgren,2025-03-25,1000.00
"K&L GATES, LLP",K&L Gates PAC,Congressman Don Beyer,2025-03-25,1000.00
"K&L GATES, LLP",K&L Gates PAC,Congressman Paul Tonko,2025-03-26,1000.00
"K&L GATES, LLP",K&L Gates PAC,Congressman John Moolenaar,2025-03-26,2500.00
"K&L GATES, LLP",K&L Gates PAC,Congressman Bill Huizenga,2025-03-26,2500.00
"K&L GATES, LLP",K&L Gates PAC,Senator Cynthia Lummis,2026-03-27,1000.00
"K&L GATES, LLP",K&L Gates PAC,Congressman Rick Larsen,2025-04-02,1000.00
"K&L GATES, LLP",K&L Gates PAC,Congressman Rudy Yakym,2025-04-03,500.00
"K&L GATES, LLP",K&L Gates PAC,Congressman Randy Feenstra,2025-04-08,500.00
"K&L GATES, LLP",K&L Gates PAC,Senator Dan Sullivan,2025-04-16,1000.00
"K&L GATES, LLP",K&L Gates PAC,Congressman Scott Fitzgerald,2025-04-29,1000.00
"K&L GATES, LLP",K&L Gates PAC,Congressman Ken Calvert,2025-04-29,3000.00
"K&L GATES, LLP",K&L Gates PAC,Senator Dave McCormick,2025-04-29,2000.00
"K&L GATES, LLP",K&L Gates PAC,Congressman Bennie Thompson,2025-04-29,500.00
"K&L GATES, LLP",K&L Gates PAC,Congressman Dan Newhouse,2025-04-30,1000.00
"K&L GATES, LLP",K&L Gates PAC,Congresswoman Robin Kelly,2025-04-30,750.00
"K&L GATES, LLP",K&L Gates PAC,CHD Bold PAC,2025-05-01,5000.00
"K&L GATES, LLP",K&L Gates PAC,Congressman Cliff Bentz,2025-05-06,2000.00
"K&L GATES, LLP",K&L Gates PAC,Congressman Russell Fry,2025-05-06,1000.00
"K&L GATES, LLP",K&L Gates PAC,Senator Ben Ray Lujan,2025-05-07,1000.00
"K&L GATES, LLP",K&L Gates PAC,Senator Bill Hagerty,2025-05-07,1500.00
"K&L GATES, LLP",K&L Gates PAC,Congressman Jim Jordan,2025-05-08,2000.00
"K&L GATES, LLP",K&L Gates PAC,Senator Dan Sullivan,2025-05-14,1000.00
"K&L GATES, LLP",K&L Gates PAC,Congressman Tim Moore,2025-05-14,1000.00
"K&L GATES, LLP",K&L Gates PAC,Congressman Dale Strong,2025-05-19,1000.00
"K&L GATES, LLP",K&L Gates PAC,Senator Catherine Cortez Masto,2025-05-20,1000.00
"K&L GATES, LLP",K&L Gates PAC,Congresswoman Lisa McClain,2025-05-21,1000.00
"K&L GATES, LLP",K&L Gates PAC,National Republican Congressional Committee,2025-05-21,5000.00
"K&L GATES, LLP",K&L Gates PAC,Congressman Brett Guthrie,2025-05-22,1500.00
"K&L GATES, LLP",K&L Gates PAC,Congresswoman Marilyn Strickland,2025-05-22,500.00
"K&L GATES, LLP",K&L Gates PAC,Congressman Darin LaHood,2025-05-29,1000.00
"K&L GATES, LLP",K&L Gates PAC,Senator Jeff Merkley,2025-05-29,1000.00
"K&L GATES, LLP",K&L Gates PAC,Senator Kirsten Gillibrand,2025-06-02,1000.00
"K&L GATES, LLP",K&L Gates PAC,Congressman Hank Johnson,2025-06-03,1000.00
"K&L GATES, LLP",K&L Gates PAC,Congresswoman Maxine Dexter,2025-06-03,500.00
"K&L GATES, LLP",K&L Gates PAC,Senator John Cornyn,2025-06-05,1000.00
"K&L GATES, LLP",K&L Gates PAC,Senator Lindsay Graham,2025-06-05,1000.00
"K&L GATES, LLP",K&L Gates PAC,Senator Roger Marshall,2025-06-05,1000.00
"K&L GATES, LLP",K&L Gates PAC,Senator Thom Tillis,2025-06-05,1000.00
"K&L GATES, LLP",K&L Gates PAC,Congresswoman Madeleine Dean,2025-06-06,1000.00
"K&L GATES, LLP",K&L Gates PAC,Senator Jon Husted,2025-06-10,1500.00
"K&L GATES, LLP",K&L Gates PAC,Senator Mark Warner,2025-06-10,2500.00
"K&L GATES, LLP",K&L Gates PAC,New Democrat Coalitio Action Fund,2025-06-10,5000.00
"K&L GATES, LLP",K&L Gates PAC,Congresswoman Katherine Clark,2025-06-10,2500.00
"K&L GATES, LLP",K&L Gates PAC,Senator Shelly Moore Capito,2025-06-10,1500.00
"K&L GATES, LLP",K&L Gates PAC,Senator Shelly Moore Capito,2025-06-11,2500.00
"K&L GATES, LLP",K&L Gates PAC,Congressional Black Caucus PAC,2025-06-11,5000.00
"K&L GATES, LLP",K&L Gates PAC,Congresswoman Mariannette Miller-Meeks,2025-06-11,1500.00
"K&L GATES, LLP",K&L Gates PAC,Congressman Ryan Mackenzie,2025-06-13,1000.00
"K&L GATES, LLP",K&L Gates PAC,Democratic Senatorial Campaign Committee,2025-06-23,5000.00
"K&L GATES, LLP",K&L Gates PAC,Congresswoman Claudia Tenney,2025-06-23,1000.00
"K&L GATES, LLP",K&L Gates PAC,Congressman Bob Latta,2025-06-23,1000.00
"K&L GATES, LLP",K&L Gates PAC,Congressman Mike Johnson,2025-06-24,2500.00
"K&L GATES, LLP",K&L Gates PAC,Congressman Vince Fong,2025-06-24,1000.00
"K&L GATES, LLP",K&L Gates PAC,Congressman Bill Huizenga,2025-06-24,1500.00
"K&L GATES, LLP",K&L Gates PAC,Senator Brian Schatz,2025-06-25,1000.00
"K&L GATES, LLP",K&L Gates PAC,Congresswoman Debbie Dingell,2025-06-25,1000.00
"K&L GATES, LLP",K&L Gates PAC,Senator John Cornyn,2026-06-25,1000.00
"K&L GATES, LLP",K&L Gates PAC,Congresswoman Andrea Salinas,2025-06-26,1000.00
"K&L GATES, LLP",K&L Gates PAC,National Republican Senatorial Committee,2025-06-26,5000.00
"K&L GATES, LLP",K&L Gates PAC,Congressman Jack Bergman,2025-03-10,1000.00
"K&L GATES, LLP",K&L Gates PAC,National Republican Senatorial Committee,2025-01-10,5000.00
"K&L GATES, LLP",K&L Gates PAC,Congresswoman Erin Houchin,2025-01-13,1000.00
"K&L GATES, LLP",K&L Gates PAC,Congresswoman Lisa McClain,2025-01-21,1000.00
"K&L GATES, LLP",K&L Gates PAC,Congresswoman Julie Fedorchak,2025-01-23,500.00
"K&L GATES, LLP",K&L Gates PAC,Congressman Brad Schneider,2025-01-31,500.00
"K&L GATES, LLP",K&L Gates PAC,Senator Angela Alsobrooks,2025-02-03,1000.00
"K&L GATES, LLP",K&L Gates PAC,National Republican Congressional Committee,2025-02-04,5000.00
"K&L GATES, LLP",K&L Gates PAC,Congressman Troy Downing,2025-02-06,1000.00
"K&L GATES, LLP",K&L Gates PAC,Congressman Mike Simpson,2025-02-25,1000.00
"K&L GATES, LLP",K&L Gates PAC,Congressman Andy Barr,2025-02-25,1500.00
"K&L GATES, LLP",K&L Gates PAC,Senator Jim Risch,2025-02-26,1000.00
"K&L GATES, LLP",K&L Gates PAC,Senator Rand Paul,2025-02-26,1500.00
"K&L GATES, LLP",K&L Gates PAC,Congressman Michael Baumgartner,2025-02-27,1000.00
"K&L GATES, LLP",K&L Gates PAC,Congressman Morgan Griffith,2025-02-28,1000.00
"K&L GATES, LLP",K&L Gates PAC,Democratic Senatorial Campaign Committee,2025-03-04,5000.00
"K&L GATES, LLP",K&L Gates PAC,Congressman Joe Courtney,2025-03-05,1000.00
"K&L GATES, LLP",K&L Gates PAC,Congressman James Comer,2025-03-05,2000.00
"K&L GATES, LLP",K&L Gates PAC,Congressman Jack Bergman,2025-03-10,1000.00
"K&L GATES, LLP",K&L Gates PAC,Senator Ben Ray Lujan,2025-03-10,1000.00
"K&L GATES, LLP",K&L Gates PAC,Congressman Frank Pallone,2025-03-11,1000.00
"K&L GATES, LLP",K&L Gates PAC,Senator Ashley Moody,2025-03-14,1000.00
"K&L GATES, LLP",K&L Gates PAC,Congresswoman Mary Gay Scanlon,2025-03-14,1000.00
"K&L GATES, LLP",K&L Gates PAC,Congressman Brendan Boyle,2025-03-14,1000.00
"K&L GATES, LLP",K&L Gates PAC,Congressman Pat Fallon,2025-03-22,500.00
"K&L GATES, LLP",K&L Gates PAC,Congressman Guy Reschenthaler,2025-03-24,1000.00
"K&L GATES, LLP",K&L Gates PAC,Congressman Blake Moore,2025-03-24,1000.00
"K&L GATES, LLP",K&L Gates PAC,Congressman Bennie Thompson,2025-03-25,500.00
"K&L GATES, LLP",K&L Gates PAC,Congresswoman Zoe Lofgren,2025-03-25,1000.00
"K&L GATES, LLP",K&L Gates PAC,Congressman Don Beyer,2025-03-25,1000.00
"K&L GATES, LLP",K&L Gates PAC,Congressman Paul Tonko,2025-03-26,1000.00
"K&L GATES, LLP",K&L Gates PAC,Congressman John Moolenaar,2025-03-26,2500.00
"K&L GATES, LLP",K&L Gates PAC,Congressman Bill Huizenga,2025-03-26,2500.00
"K&L GATES, LLP",K&L Gates PAC,Senator Cynthia Lummis,2026-03-27,1000.00
"K&L GATES, LLP",K&L Gates PAC,Congressman Rick Larsen,2025-04-02,1000.00
"K&L GATES, LLP",K&L Gates PAC,Congressman Rudy Yakym,2025-04-03,500.00
"K&L GATES, LLP",K&L Gates PAC,Congressman Randy Feenstra,2025-04-08,500.00
"K&L GATES, LLP",K&L Gates PAC,Senator Dan Sullivan,2025-04-16,1000.00
"K&L GATES, LLP",K&L Gates PAC,Congressman Scott Fitzgerald,2025-04-29,1000.00
"K&L GATES, LLP",K&L Gates PAC,Congressman Ken Calvert,2025-04-29,3000.00
"K&L GATES, LLP",K&L Gates PAC,Senator Dave McCormick,2025-04-29,2000.00
"K&L GATES, LLP",K&L Gates PAC,Congressman Bennie Thompson,2025-04-29,500.00
"K&L GATES, LLP",K&L Gates PAC,Congressman Dan Newhouse,2025-04-30,1000.00
"K&L GATES, LLP",K&L Gates PAC,Congresswoman Robin Kelly,2025-04-30,750.00
"K&L GATES, LLP",K&L Gates PAC,CHD Bold PAC,2025-05-01,5000.00
"K&L GATES, LLP",K&L Gates PAC,Congressman Cliff Bentz,2025-05-06,2000.00
"K&L GATES, LLP",K&L Gates PAC,Congressman Russell Fry,2025-05-06,1000.00
"K&L GATES, LLP",K&L Gates PAC,Senator Ben Ray Lujan,2025-05-07,1000.00
"K&L GATES, LLP",K&L Gates PAC,Senator Bill Hagerty,2025-05-07,1500.00
"K&L GATES, LLP",K&L Gates PAC,Congressman Jim Jordan,2025-05-08,2000.00
"K&L GATES, LLP",K&L Gates PAC,Senator Dan Sullivan,2025-05-14,1000.00
"K&L GATES, LLP",K&L Gates PAC,Congressman Tim Moore,2025-05-14,1000.00
"K&L GATES, LLP",K&L Gates PAC,Congressman Dale Strong,2025-05-19,1000.00
"K&L GATES, LLP",K&L Gates PAC,Senator Catherine Cortez Masto,2025-05-20,1000.00
"K&L GATES, LLP",K&L Gates PAC,Congresswoman Lisa McClain,2025-05-21,1000.00
"K&L GATES, LLP",K&L Gates PAC,National Republican Congressional Committee,2025-05-21,5000.00
"K&L GATES, LLP",K&L Gates PAC,Congressman Brett Guthrie,2025-05-22,1500.00
"K&L GATES, LLP",K&L Gates PAC,Congresswoman Marilyn Strickland,2025-05-22,500.00
"K&L GATES, LLP",K&L Gates PAC,Congressman Darin LaHood,2025-05-29,1000.00
"K&L GATES, LLP",K&L Gates PAC,Senator Jeff Merkley,2025-05-29,1000.00
"K&L GATES, LLP",K&L Gates PAC,Senator Kirsten Gillibrand,2025-06-02,1000.00
"K&L GATES, LLP",K&L Gates PAC,Congressman Hank Johnson,2025-06-03,1000.00
"K&L GATES, LLP",K&L Gates PAC,Congresswoman Maxine Dexter,2025-06-03,500.00
"K&L GATES, LLP",K&L Gates PAC,Senator John Cornyn,2025-06-05,1000.00
"K&L GATES, LLP",K&L Gates PAC,Senator Lindsay Graham,2025-06-05,1000.00
"K&L GATES, LLP",K&L Gates PAC,Senator Roger Marshall,2025-06-05,1000.00
"K&L GATES, LLP",K&L Gates PAC,Senator Thom Tillis,2025-06-05,1000.00
"K&L GATES, LLP",K&L Gates PAC,Congresswoman Madeleine Dean,2025-06-06,1000.00
"K&L GATES, LLP",K&L Gates PAC,Senator Jon Husted,2025-06-10,1500.00
"K&L GATES, LLP",K&L Gates PAC,Senator Mark Warner,2025-06-10,2500.00
"K&L GATES, LLP",K&L Gates PAC,New Democrat Coalitio Action Fund,2025-06-10,5000.00
"K&L GATES, LLP",K&L Gates PAC,Congresswoman Katherine Clark,2025-06-10,2500.00
"K&L GATES, LLP",K&L Gates PAC,Senator Shelly Moore Capito,2025-06-10,1500.00
"K&L GATES, LLP",K&L Gates PAC,Senator Shelly Moore Capito,2025-06-11,2500.00
"K&L GATES, LLP",K&L Gates PAC,Congressional Black Caucus PAC,2025-06-11,5000.00
"K&L GATES, LLP",K&L Gates PAC,Congresswoman Mariannette Miller-Meeks,2025-06-11,1500.00
"K&L GATES, LLP",K&L Gates PAC,Congressman Ryan Mackenzie,2025-06-13,1000.00
"K&L GATES, LLP",K&L Gates PAC,Democratic Senatorial Campaign Committee,2025-06-23,5000.00
"K&L GATES, LLP",K&L Gates PAC,Congresswoman Claudia Tenney,2025-06-23,1000.00
"K&L GATES, LLP",K&L Gates PAC,Congressman Bob Latta,2025-06-23,1000.00
"K&L GATES, LLP",K&L Gates PAC,Congressman Mike Johnson,2025-06-24,2500.00
"K&L GATES, LLP",K&L Gates PAC,Congressman Vince Fong,2025-06-24,1000.00
"K&L GATES, LLP",K&L Gates PAC,Congressman Bill Huizenga,2025-06-24,1500.00
"K&L GATES, LLP",K&L Gates PAC,Senator Brian Schatz,2025-06-25,1000.00
"K&L GATES, LLP",K&L Gates PAC,Congresswoman Debbie Dingell,2025-06-25,1000.00
"K&L GATES, LLP",K&L Gates PAC,Senator John Cornyn,2026-06-25,1000.00
"K&L GATES, LLP",K&L Gates PAC,Congresswoman Andrea Salinas,2025-06-26,1000.00
"K&L GATES, LLP",K&L Gates PAC,National Republican Senatorial Committee,2025-06-26,5000.00
"K&L GATES, LLP",K&L Gates PAC,Congressman Jack Bergman,2025-03-10,1000.00
"K&L GATES, LLP",K&L Gates PAC,National Republican Senatorial Committee,2025-01-10,5000.00
"K&L GATES, LLP",K&L Gates PAC,Congresswoman Erin Houchin,2025-01-13,1000.00
"K&L GATES, LLP",K&L Gates PAC,Congresswoman Lisa McClain,2025-01-21,1000.00
"K&L GATES, LLP",K&L Gates PAC,Congresswoman Julie Fedorchak,2025-01-23,500.00
"K&L GATES, LLP",K&L Gates PAC,Congressman Brad Schneider,2025-01-31,500.00
"K&L GATES, LLP",K&L Gates PAC,Senator Angela Alsobrooks,2025-02-03,1000.00
"K&L GATES, LLP",K&L Gates PAC,National Republican Congressional Committee,2025-02-04,5000.00
"K&L GATES, LLP",K&L Gates PAC,Congressman Troy Downing,2025-02-06,1000.00
"K&L GATES, LLP",K&L Gates PAC,Congressman Mike Simpson,2025-02-25,1000.00
"K&L GATES, LLP",K&L Gates PAC,Congressman Andy Barr,2025-02-25,1500.00
"K&L GATES, LLP",K&L Gates PAC,Senator Jim Risch,2025-02-26,1000.00
"K&L GATES, LLP",K&L Gates PAC,Senator Rand Paul,2025-02-26,1500.00
"K&L GATES, LLP",K&L Gates PAC,Congressman Michael Baumgartner,2025-02-27,1000.00
"K&L GATES, LLP",K&L Gates PAC,Congressman Morgan Griffith,2025-02-28,1000.00
"K&L GATES, LLP",K&L Gates PAC,Democratic Senatorial Campaign Committee,2025-03-04,5000.00
"K&L GATES, LLP",K&L Gates PAC,Congressman Joe Courtney,2025-03-05,1000.00
"K&L GATES, LLP",K&L Gates PAC,Congressman James Comer,2025-03-05,2000.00
"K&L GATES, LLP",K&L Gates PAC,Congressman Jack Bergman,2025-03-10,1000.00
"K&L GATES, LLP",K&L Gates PAC,Senator Ben Ray Lujan,2025-03-10,1000.00
"K&L GATES, LLP",K&L Gates PAC,Congressman Frank Pallone,2025-03-11,1000.00
"K&L GATES, LLP",K&L Gates PAC,Senator Ashley Moody,2025-03-14,1000.00
"K&L GATES, LLP",K&L Gates PAC,Congresswoman Mary Gay Scanlon,2025-03-14,1000.00
"K&L GATES, LLP",K&L Gates PAC,Congressman Brendan Boyle,2025-03-14,1000.00
"K&L GATES, LLP",K&L Gates PAC,Congressman Pat Fallon,2025-03-22,500.00
"K&L GATES, LLP",K&L Gates PAC,Congressman Guy Reschenthaler,2025-03-24,1000.00
"K&L GATES, LLP",K&L Gates PAC,Congressman Blake Moore,2025-03-24,1000.00
"K&L GATES, LLP",K&L Gates PAC,Congressman Bennie Thompson,2025-03-25,500.00
"K&L GATES, LLP",K&L Gates PAC,Congresswoman Zoe Lofgren,2025-03-25,1000.00
"K&L GATES, LLP",K&L Gates PAC,Congressman Don Beyer,2025-03-25,1000.00
"K&L GATES, LLP",K&L Gates PAC,Congressman Paul Tonko,2025-03-26,1000.00
"K&L GATES, LLP",K&L Gates PAC,Congressman John Moolenaar,2025-03-26,2500.00
"K&L GATES, LLP",K&L Gates PAC,Congressman Bill Huizenga,2025-03-26,2500.00
"K&L GATES, LLP",K&L Gates PAC,Senator Cynthia Lummis,2026-03-27,1000.00
"K&L GATES, LLP",K&L Gates PAC,Congressman Rick Larsen,2025-04-02,1000.00
"K&L GATES, LLP",K&L Gates PAC,Congressman Rudy Yakym,2025-04-03,500.00
"K&L GATES, LLP",K&L Gates PAC,Congressman Randy Feenstra,2025-04-08,500.00
"K&L GATES, LLP",K&L Gates PAC,Senator Dan Sullivan,2025-04-16,1000.00
"K&L GATES, LLP",K&L Gates PAC,Congressman Scott Fitzgerald,2025-04-29,1000.00
"K&L GATES, LLP",K&L Gates PAC,Congressman Ken Calvert,2025-04-29,3000.00
"K&L GATES, LLP",K&L Gates PAC,Senator Dave McCormick,2025-04-29,2000.00
"K&L GATES, LLP",K&L Gates PAC,Congressman Bennie Thompson,2025-04-29,500.00
"K&L GATES, LLP",K&L Gates PAC,Congressman Dan Newhouse,2025-04-30,1000.00
"K&L GATES, LLP",K&L Gates PAC,Congresswoman Robin Kelly,2025-04-30,750.00
"K&L GATES, LLP",K&L Gates PAC,CHD Bold PAC,2025-05-01,5000.00
"K&L GATES, LLP",K&L Gates PAC,Congressman Cliff Bentz,2025-05-06,2000.00
"K&L GATES, LLP",K&L Gates PAC,Congressman Russell Fry,2025-05-06,1000.00
"K&L GATES, LLP",K&L Gates PAC,Senator Ben Ray Lujan,2025-05-07,1000.00
"K&L GATES, LLP",K&L Gates PAC,Senator Bill Hagerty,2025-05-07,1500.00
"K&L GATES, LLP",K&L Gates PAC,Congressman Jim Jordan,2025-05-08,2000.00
"K&L GATES, LLP",K&L Gates PAC,Senator Dan Sullivan,2025-05-14,1000.00
"K&L GATES, LLP",K&L Gates PAC,Congressman Tim Moore,2025-05-14,1000.00
"K&L GATES, LLP",K&L Gates PAC,Congressman Dale Strong,2025-05-19,1000.00
"K&L GATES, LLP",K&L Gates PAC,Senator Catherine Cortez Masto,2025-05-20,1000.00
"K&L GATES, LLP",K&L Gates PAC,Congresswoman Lisa McClain,2025-05-21,1000.00
"K&L GATES, LLP",K&L Gates PAC,National Republican Congressional Committee,2025-05-21,5000.00
"K&L GATES, LLP",K&L Gates PAC,Congressman Brett Guthrie,2025-05-22,1500.00
"K&L GATES, LLP",K&L Gates PAC,Congresswoman Marilyn Strickland,2025-05-22,500.00
"K&L GATES, LLP",K&L Gates PAC,Congressman Darin LaHood,2025-05-29,1000.00
"K&L GATES, LLP",K&L Gates PAC,Senator Jeff Merkley,2025-05-29,1000.00
"K&L GATES, LLP",K&L Gates PAC,Senator Kirsten Gillibrand,2025-06-02,1000.00
"K&L GATES, LLP",K&L Gates PAC,Congressman Hank Johnson,2025-06-03,1000.00
"K&L GATES, LLP",K&L Gates PAC,Congresswoman Maxine Dexter,2025-06-03,500.00
"K&L GATES, LLP",K&L Gates PAC,Senator John Cornyn,2025-06-05,1000.00
"K&L GATES, LLP",K&L Gates PAC,Senator Lindsay Graham,2025-06-05,1000.00
"K&L GATES, LLP",K&L Gates PAC,Senator Roger Marshall,2025-06-05,1000.00
"K&L GATES, LLP",K&L Gates PAC,Senator Thom Tillis,2025-06-05,1000.00
"K&L GATES, LLP",K&L Gates PAC,Congresswoman Madeleine Dean,2025-06-06,1000.00
"K&L GATES, LLP",K&L Gates PAC,Senator Jon Husted,2025-06-10,1500.00
"K&L GATES, LLP",K&L Gates PAC,Senator Mark Warner,2025-06-10,2500.00
"K&L GATES, LLP",K&L Gates PAC,New Democrat Coalitio Action Fund,2025-06-10,5000.00
"K&L GATES, LLP",K&L Gates PAC,Congresswoman Katherine Clark,2025-06-10,2500.00
"K&L GATES, LLP",K&L Gates PAC,Senator Shelly Moore Capito,2025-06-10,1500.00
"K&L GATES, LLP",K&L Gates PAC,Senator Shelly Moore Capito,2025-06-11,2500.00
"K&L GATES, LLP",K&L Gates PAC,Congressional Black Caucus PAC,2025-06-11,5000.00
"K&L GATES, LLP",K&L Gates PAC,Congresswoman Mariannette Miller-Meeks,2025-06-11,1500.00
"K&L GATES, LLP",K&L Gates PAC,Congressman Ryan Mackenzie,2025-06-13,1000.00
"K&L GATES, LLP",K&L Gates PAC,Democratic Senatorial Campaign Committee,2025-06-23,5000.00
"K&L GATES, LLP",K&L Gates PAC,Congresswoman Claudia Tenney,2025-06-23,1000.00
"K&L GATES, LLP",K&L Gates PAC,Congressman Bob Latta,2025-06-23,1000.00
"K&L GATES, LLP",K&L Gates PAC,Congressman Mike Johnson,2025-06-24,2500.00
"K&L GATES, LLP",K&L Gates PAC,Congressman Vince Fong,2025-06-24,1000.00
"K&L GATES, LLP",K&L Gates PAC,Congressman Bill Huizenga,2025-06-24,1500.00
"K&L GATES, LLP",K&L Gates PAC,Senator Brian Schatz,2025-06-25,1000.00
"K&L GATES, LLP",K&L Gates PAC,Congresswoman Debbie Dingell,2025-06-25,1000.00
"K&L GATES, LLP",K&L Gates PAC,Senator John Cornyn,2026-06-25,1000.00
"K&L GATES, LLP",K&L Gates PAC,Congresswoman Andrea Salinas,2025-06-26,1000.00
"K&L GATES, LLP",K&L Gates PAC,National Republican Senatorial Committee,2025-06-26,5000.00
"K&L GATES, LLP",K&L Gates PAC,Congressman Jack Bergman,2025-03-10,1000.00
"K&L GATES, LLP",K&L Gates PAC,National Republican Senatorial Committee,2025-01-10,5000.00
"K&L GATES, LLP",K&L Gates PAC,Congresswoman Erin Houchin,2025-01-13,1000.00
"K&L GATES, LLP",K&L Gates PAC,Congresswoman Lisa McClain,2025-01-21,1000.00
"K&L GATES, LLP",K&L Gates PAC,Congresswoman Julie Fedorchak,2025-01-23,500.00
"K&L GATES, LLP",K&L Gates PAC,Congressman Brad Schneider,2025-01-31,500.00
"K&L GATES, LLP",K&L Gates PAC,Senator Angela Alsobrooks,2025-02-03,1000.00
"K&L GATES, LLP",K&L Gates PAC,National Republican Congressional Committee,2025-02-04,5000.00
"K&L GATES, LLP",K&L Gates PAC,Congressman Troy Downing,2025-02-06,1000.00
"K&L GATES, LLP",K&L Gates PAC,Congressman Mike Simpson,2025-02-25,1000.00
"K&L GATES, LLP",K&L Gates PAC,Congressman Andy Barr,2025-02-25,1500.00
"K&L GATES, LLP",K&L Gates PAC,Senator Jim Risch,2025-02-26,1000.00
"K&L GATES, LLP",K&L Gates PAC,Senator Rand Paul,2025-02-26,1500.00
"K&L GATES, LLP",K&L Gates PAC,Congressman Michael Baumgartner,2025-02-27,1000.00
"K&L GATES, LLP",K&L Gates PAC,Congressman Morgan Griffith,2025-02-28,1000.00
"K&L GATES, LLP",K&L Gates PAC,Democratic Senatorial Campaign Committee,2025-03-04,5000.00
"K&L GATES, LLP",K&L Gates PAC,Congressman Joe Courtney,2025-03-05,1000.00
"K&L GATES, LLP",K&L Gates PAC,Congressman James Comer,2025-03-05,2000.00
"K&L GATES, LLP",K&L Gates PAC,Congressman Jack Bergman,2025-03-10,1000.00
"K&L GATES, LLP",K&L Gates PAC,Senator Ben Ray Lujan,2025-03-10,1000.00
"K&L GATES, LLP",K&L Gates PAC,Congressman Frank Pallone,2025-03-11,1000.00
"K&L GATES, LLP",K&L Gates PAC,Senator Ashley Moody,2025-03-14,1000.00
"K&L GATES, LLP",K&L Gates PAC,Congresswoman Mary Gay Scanlon,2025-03-14,1000.00
"K&L GATES, LLP",K&L Gates PAC,Congressman Brendan Boyle,2025-03-14,1000.00
"K&L GATES, LLP",K&L Gates PAC,Congressman Pat Fallon,2025-03-22,500.00
"K&L GATES, LLP",K&L Gates PAC,Congressman Guy Reschenthaler,2025-03-24,1000.00
"K&L GATES, LLP",K&L Gates PAC,Congressman Blake Moore,2025-03-24,1000.00
"K&L GATES, LLP",K&L Gates PAC,Congressman Bennie Thompson,2025-03-25,500.00
"K&L GATES, LLP",K&L Gates PAC,Congresswoman Zoe Lofgren,2025-03-25,1000.00
"K&L GATES, LLP",K&L Gates PAC,Congressman Don Beyer,2025-03-25,1000.00
"K&L GATES, LLP",K&L Gates PAC,Congressman Paul Tonko,2025-03-26,1000.00
"K&L GATES, LLP",K&L Gates PAC,Congressman John Moolenaar,2025-03-26,2500.00
"K&L GATES, LLP",K&L Gates PAC,Congressman Bill Huizenga,2025-03-26,2500.00
"K&L GATES, LLP",K&L Gates PAC,Senator Cynthia Lummis,2026-03-27,1000.00
"K&L GATES, LLP",K&L Gates PAC,Congressman Rick Larsen,2025-04-02,1000.00
"K&L GATES, LLP",K&L Gates PAC,Congressman Rudy Yakym,2025-04-03,500.00
"K&L GATES, LLP",K&L Gates PAC,Congressman Randy Feenstra,2025-04-08,500.00
"K&L GATES, LLP",K&L Gates PAC,Senator Dan Sullivan,2025-04-16,1000.00
"K&L GATES, LLP",K&L Gates PAC,Congressman Scott Fitzgerald,2025-04-29,1000.00
"K&L GATES, LLP",K&L Gates PAC,Congressman Ken Calvert,2025-04-29,3000.00
"K&L GATES, LLP",K&L Gates PAC,Senator Dave McCormick,2025-04-29,2000.00
"K&L GATES, LLP",K&L Gates PAC,Congressman Bennie Thompson,2025-04-29,500.00
"K&L GATES, LLP",K&L Gates PAC,Congressman Dan Newhouse,2025-04-30,1000.00
"K&L GATES, LLP",K&L Gates PAC,Congresswoman Robin Kelly,2025-04-30,750.00
"K&L GATES, LLP",K&L Gates PAC,CHD Bold PAC,2025-05-01,5000.00
"K&L GATES, LLP",K&L Gates PAC,Congressman Cliff Bentz,2025-05-06,2000.00
"K&L GATES, LLP",K&L Gates PAC,Congressman Russell Fry,2025-05-06,1000.00
"K&L GATES, LLP",K&L Gates PAC,Senator Ben Ray Lujan,2025-05-07,1000.00
"K&L GATES, LLP",K&L Gates PAC,Senator Bill Hagerty,2025-05-07,1500.00
"K&L GATES, LLP",K&L Gates PAC,Congressman Jim Jordan,2025-05-08,2000.00
"K&L GATES, LLP",K&L Gates PAC,Senator Dan Sullivan,2025-05-14,1000.00
"K&L GATES, LLP",K&L Gates PAC,Congressman Tim Moore,2025-05-14,1000.00
"K&L GATES, LLP",K&L Gates PAC,Congressman Dale Strong,2025-05-19,1000.00
"K&L GATES, LLP",K&L Gates PAC,Senator Catherine Cortez Masto,2025-05-20,1000.00
"K&L GATES, LLP",K&L Gates PAC,Congresswoman Lisa McClain,2025-05-21,1000.00
"K&L GATES, LLP",K&L Gates PAC,National Republican Congressional Committee,2025-05-21,5000.00
"K&L GATES, LLP",K&L Gates PAC,Congressman Brett Guthrie,2025-05-22,1500.00
"K&L GATES, LLP",K&L Gates PAC,Congresswoman Marilyn Strickland,2025-05-22,500.00
"K&L GATES, LLP",K&L Gates PAC,Congressman Darin LaHood,2025-05-29,1000.00
"K&L GATES, LLP",K&L Gates PAC,Senator Jeff Merkley,2025-05-29,1000.00
"K&L GATES, LLP",K&L Gates PAC,Senator Kirsten Gillibrand,2025-06-02,1000.00
"K&L GATES, LLP",K&L Gates PAC,Congressman Hank Johnson,2025-06-03,1000.00
"K&L GATES, LLP",K&L Gates PAC,Congresswoman Maxine Dexter,2025-06-03,500.00
"K&L GATES, LLP",K&L Gates PAC,Senator John Cornyn,2025-06-05,1000.00
"K&L GATES, LLP",K&L Gates PAC,Senator Lindsay Graham,2025-06-05,1000.00
"K&L GATES, LLP",K&L Gates PAC,Senator Roger Marshall,2025-06-05,1000.00
"K&L GATES, LLP",K&L Gates PAC,Senator Thom Tillis,2025-06-05,1000.00
"K&L GATES, LLP",K&L Gates PAC,Congresswoman Madeleine Dean,2025-06-06,1000.00
"K&L GATES, LLP",K&L Gates PAC,Senator Jon Husted,2025-06-10,1500.00
"K&L GATES, LLP",K&L Gates PAC,Senator Mark Warner,2025-06-10,2500.00
"K&L GATES, LLP",K&L Gates PAC,New Democrat Coalitio Action Fund,2025-06-10,5000.00
"K&L GATES, LLP",K&L Gates PAC,Congresswoman Katherine Clark,2025-06-10,2500.00
"K&L GATES, LLP",K&L Gates PAC,Senator Shelly Moore Capito,2025-06-10,1500.00
"K&L GATES, LLP",K&L Gates PAC,Senator Shelly Moore Capito,2025-06-11,2500.00
"K&L GATES, LLP",K&L Gates PAC,Congressional Black Caucus PAC,2025-06-11,5000.00
"K&L GATES, LLP",K&L Gates PAC,Congresswoman Mariannette Miller-Meeks,2025-06-11,1500.00
"K&L GATES, LLP",K&L Gates PAC,Congressman Ryan Mackenzie,2025-06-13,1000.00
"K&L GATES, LLP",K&L Gates PAC,Democratic Senatorial Campaign Committee,2025-06-23,5000.00
"K&L GATES, LLP",K&L Gates PAC,Congresswoman Claudia Tenney,2025-06-23,1000.00
"K&L GATES, LLP",K&L Gates PAC,Congressman Bob Latta,2025-06-23,1000.00
"K&L GATES, LLP",K&L Gates PAC,Congressman Mike Johnson,2025-06-24,2500.00
"K&L GATES, LLP",K&L Gates PAC,Congressman Vince Fong,2025-06-24,1000.00
"K&L GATES, LLP",K&L Gates PAC,Congressman Bill Huizenga,2025-06-24,1500.00
"K&L GATES, LLP",K&L Gates PAC,Senator Brian Schatz,2025-06-25,1000.00
"K&L GATES, LLP",K&L Gates PAC,Congresswoman Debbie Dingell,2025-06-25,1000.00
"K&L GATES, LLP",K&L Gates PAC,Senator John Cornyn,2026-06-25,1000.00
"K&L GATES, LLP",K&L Gates PAC,Congresswoman Andrea Salinas,2025-06-26,1000.00
"K&L GATES, LLP",K&L Gates PAC,National Republican Senatorial Committee,2025-06-26,5000.00
"K&L GATES, LLP",K&L Gates PAC,Congressman Jack Bergman,2025-03-10,1000.00
"K&L GATES, LLP",K&L Gates PAC,National Republican Senatorial Committee,2025-01-10,5000.00
"K&L GATES, LLP",K&L Gates PAC,Congresswoman Erin Houchin,2025-01-13,1000.00
"K&L GATES, LLP",K&L Gates PAC,Congresswoman Lisa McClain,2025-01-21,1000.00
"K&L GATES, LLP",K&L Gates PAC,Congresswoman Julie Fedorchak,2025-01-23,500.00
"K&L GATES, LLP",K&L Gates PAC,Congressman Brad Schneider,2025-01-31,500.00
"K&L GATES, LLP",K&L Gates PAC,Senator Angela Alsobrooks,2025-02-03,1000.00
"K&L GATES, LLP",K&L Gates PAC,National Republican Congressional Committee,2025-02-04,5000.00
"K&L GATES, LLP",K&L Gates PAC,Congressman Troy Downing,2025-02-06,1000.00
"K&L GATES, LLP",K&L Gates PAC,Congressman Mike Simpson,2025-02-25,1000.00
"K&L GATES, LLP",K&L Gates PAC,Congressman Andy Barr,2025-02-25,1500.00
"K&L GATES, LLP",K&L Gates PAC,Senator Jim Risch,2025-02-26,1000.00
"K&L GATES, LLP",K&L Gates PAC,Senator Rand Paul,2025-02-26,1500.00
"K&L GATES, LLP",K&L Gates PAC,Congressman Michael Baumgartner,2025-02-27,1000.00
"K&L GATES, LLP",K&L Gates PAC,Congressman Morgan Griffith,2025-02-28,1000.00
"K&L GATES, LLP",K&L Gates PAC,Democratic Senatorial Campaign Committee,2025-03-04,5000.00
"K&L GATES, LLP",K&L Gates PAC,Congressman Joe Courtney,2025-03-05,1000.00
"K&L GATES, LLP",K&L Gates PAC,Congressman James Comer,2025-03-05,2000.00
"K&L GATES, LLP",K&L Gates PAC,Congressman Jack Bergman,2025-03-10,1000.00
"K&L GATES, LLP",K&L Gates PAC,Senator Ben Ray Lujan,2025-03-10,1000.00
"K&L GATES, LLP",K&L Gates PAC,Congressman Frank Pallone,2025-03-11,1000.00
"K&L GATES, LLP",K&L Gates PAC,Senator Ashley Moody,2025-03-14,1000.00
"K&L GATES, LLP",K&L Gates PAC,Congresswoman Mary Gay Scanlon,2025-03-14,1000.00
"K&L GATES, LLP",K&L Gates PAC,Congressman Brendan Boyle,2025-03-14,1000.00
"K&L GATES, LLP",K&L Gates PAC,Congressman Pat Fallon,2025-03-22,500.00
"K&L GATES, LLP",K&L Gates PAC,Congressman Guy Reschenthaler,2025-03-24,1000.00
"K&L GATES, LLP",K&L Gates PAC,Congressman Blake Moore,2025-03-24,1000.00
"K&L GATES, LLP",K&L Gates PAC,Congressman Bennie Thompson,2025-03-25,500.00
"K&L GATES, LLP",K&L Gates PAC,Congresswoman Zoe Lofgren,2025-03-25,1000.00
"K&L GATES, LLP",K&L Gates PAC,Congressman Don Beyer,2025-03-25,1000.00
"K&L GATES, LLP",K&L Gates PAC,Congressman Paul Tonko,2025-03-26,1000.00
"K&L GATES, LLP",K&L Gates PAC,Congressman John Moolenaar,2025-03-26,2500.00
"K&L GATES, LLP",K&L Gates PAC,Congressman Bill Huizenga,2025-03-26,2500.00
"K&L GATES, LLP",K&L Gates PAC,Senator Cynthia Lummis,2026-03-27,1000.00
"K&L GATES, LLP",K&L Gates PAC,Congressman Rick Larsen,2025-04-02,1000.00
"K&L GATES, LLP",K&L Gates PAC,Congressman Rudy Yakym,2025-04-03,500.00
"K&L GATES, LLP",K&L Gates PAC,Congressman Randy Feenstra,2025-04-08,500.00
"K&L GATES, LLP",K&L Gates PAC,Senator Dan Sullivan,2025-04-16,1000.00
"K&L GATES, LLP",K&L Gates PAC,Congressman Scott Fitzgerald,2025-04-29,1000.00
"K&L GATES, LLP",K&L Gates PAC,Congressman Ken Calvert,2025-04-29,3000.00
"K&L GATES, LLP",K&L Gates PAC,Senator Dave McCormick,2025-04-29,2000.00
"K&L GATES, LLP",K&L Gates PAC,Congressman Bennie Thompson,2025-04-29,500.00
"K&L GATES, LLP",K&L Gates PAC,Congressman Dan Newhouse,2025-04-30,1000.00
"K&L GATES, LLP",K&L Gates PAC,Congresswoman Robin Kelly,2025-04-30,750.00
"K&L GATES, LLP",K&L Gates PAC,CHD Bold PAC,2025-05-01,5000.00
"K&L GATES, LLP",K&L Gates PAC,Congressman Cliff Bentz,2025-05-06,2000.00
"K&L GATES, LLP",K&L Gates PAC,Congressman Russell Fry,2025-05-06,1000.00
"K&L GATES, LLP",K&L Gates PAC,Senator Ben Ray Lujan,2025-05-07,1000.00
"K&L GATES, LLP",K&L Gates PAC,Senator Bill Hagerty,2025-05-07,1500.00
"K&L GATES, LLP",K&L Gates PAC,Congressman Jim Jordan,2025-05-08,2000.00
"K&L GATES, LLP",K&L Gates PAC,Senator Dan Sullivan,2025-05-14,1000.00
"K&L GATES, LLP",K&L Gates PAC,Congressman Tim Moore,2025-05-14,1000.00
"K&L GATES, LLP",K&L Gates PAC,Congressman Dale Strong,2025-05-19,1000.00
"K&L GATES, LLP",K&L Gates PAC,Senator Catherine Cortez Masto,2025-05-20,1000.00
"K&L GATES, LLP",K&L Gates PAC,Congresswoman Lisa McClain,2025-05-21,1000.00
"K&L GATES, LLP",K&L Gates PAC,National Republican Congressional Committee,2025-05-21,5000.00
"K&L GATES, LLP",K&L Gates PAC,Congressman Brett Guthrie,2025-05-22,1500.00
"K&L GATES, LLP",K&L Gates PAC,Congresswoman Marilyn Strickland,2025-05-22,500.00
"K&L GATES, LLP",K&L Gates PAC,Congressman Darin LaHood,2025-05-29,1000.00
"K&L GATES, LLP",K&L Gates PAC,Senator Jeff Merkley,2025-05-29,1000.00
"K&L GATES, LLP",K&L Gates PAC,Senator Kirsten Gillibrand,2025-06-02,1000.00
"K&L GATES, LLP",K&L Gates PAC,Congressman Hank Johnson,2025-06-03,1000.00
"K&L GATES, LLP",K&L Gates PAC,Congresswoman Maxine Dexter,2025-06-03,500.00
"K&L GATES, LLP",K&L Gates PAC,Senator John Cornyn,2025-06-05,1000.00
"K&L GATES, LLP",K&L Gates PAC,Senator Lindsay Graham,2025-06-05,1000.00
"K&L GATES, LLP",K&L Gates PAC,Senator Roger Marshall,2025-06-05,1000.00
"K&L GATES, LLP",K&L Gates PAC,Senator Thom Tillis,2025-06-05,1000.00
"K&L GATES, LLP",K&L Gates PAC,Congresswoman Madeleine Dean,2025-06-06,1000.00
"K&L GATES, LLP",K&L Gates PAC,Senator Jon Husted,2025-06-10,1500.00
"K&L GATES, LLP",K&L Gates PAC,Senator Mark Warner,2025-06-10,2500.00
"K&L GATES, LLP",K&L Gates PAC,New Democrat Coalitio Action Fund,2025-06-10,5000.00
"K&L GATES, LLP",K&L Gates PAC,Congresswoman Katherine Clark,2025-06-10,2500.00
"K&L GATES, LLP",K&L Gates PAC,Senator Shelly Moore Capito,2025-06-10,1500.00
"K&L GATES, LLP",K&L Gates PAC,Senator Shelly Moore Capito,2025-06-11,2500.00
"K&L GATES, LLP",K&L Gates PAC,Congressional Black Caucus PAC,2025-06-11,5000.00
"K&L GATES, LLP",K&L Gates PAC,Congresswoman Mariannette Miller-Meeks,2025-06-11,1500.00
"K&L GATES, LLP",K&L Gates PAC,Congressman Ryan Mackenzie,2025-06-13,1000.00
"K&L GATES, LLP",K&L Gates PAC,Democratic Senatorial Campaign Committee,2025-06-23,5000.00
"K&L GATES, LLP",K&L Gates PAC,Congresswoman Claudia Tenney,2025-06-23,1000.00
"K&L GATES, LLP",K&L Gates PAC,Congressman Bob Latta,2025-06-23,1000.00
"K&L GATES, LLP",K&L Gates PAC,Congressman Mike Johnson,2025-06-24,2500.00
"K&L GATES, LLP",K&L Gates PAC,Congressman Vince Fong,2025-06-24,1000.00
"K&L GATES, LLP",K&L Gates PAC,Congressman Bill Huizenga,2025-06-24,1500.00
"K&L GATES, LLP",K&L Gates PAC,Senator Brian Schatz,2025-06-25,1000.00
"K&L GATES, LLP",K&L Gates PAC,Congresswoman Debbie Dingell,2025-06-25,1000.00
"K&L GATES, LLP",K&L Gates PAC,Senator John Cornyn,2026-06-25,1000.00
"K&L GATES, LLP",K&L Gates PAC,Congresswoman Andrea Salinas,2025-06-26,1000.00
"K&L GATES, LLP",K&L Gates PAC,National Republican Senatorial Committee,2025-06-26,5000.00
"K&L GATES, LLP",K&L Gates PAC,Congressman Jack Bergman,2025-03-10,1000.00
"K&L GATES, LLP",K&L Gates PAC,National Republican Senatorial Committee,2025-01-10,5000.00
"K&L GATES, LLP",K&L Gates PAC,Congresswoman Erin Houchin,2025-01-13,1000.00
"K&L GATES, LLP",K&L Gates PAC,Congresswoman Lisa McClain,2025-01-21,1000.00
"K&L GATES, LLP",K&L Gates PAC,Congresswoman Julie Fedorchak,2025-01-23,500.00
"K&L GATES, LLP",K&L Gates PAC,Congressman Brad Schneider,2025-01-31,500.00
"K&L GATES, LLP",K&L Gates PAC,Senator Angela Alsobrooks,2025-02-03,1000.00
"K&L GATES, LLP",K&L Gates PAC,National Republican Congressional Committee,2025-02-04,5000.00
"K&L GATES, LLP",K&L Gates PAC,Congressman Troy Downing,2025-02-06,1000.00
"K&L GATES, LLP",K&L Gates PAC,Congressman Mike Simpson,2025-02-25,1000.00
"K&L GATES, LLP",K&L Gates PAC,Congressman Andy Barr,2025-02-25,1500.00
"K&L GATES, LLP",K&L Gates PAC,Senator Jim Risch,2025-02-26,1000.00
"K&L GATES, LLP",K&L Gates PAC,Senator Rand Paul,2025-02-26,1500.00
"K&L GATES, LLP",K&L Gates PAC,Congressman Michael Baumgartner,2025-02-27,1000.00
"K&L GATES, LLP",K&L Gates PAC,Congressman Morgan Griffith,2025-02-28,1000.00
"K&L GATES, LLP",K&L Gates PAC,Democratic Senatorial Campaign Committee,2025-03-04,5000.00
"K&L GATES, LLP",K&L Gates PAC,Congressman Joe Courtney,2025-03-05,1000.00
"K&L GATES, LLP",K&L Gates PAC,Congressman James Comer,2025-03-05,2000.00
"K&L GATES, LLP",K&L Gates PAC,Congressman Jack Bergman,2025-03-10,1000.00
"K&L GATES, LLP",K&L Gates PAC,Senator Ben Ray Lujan,2025-03-10,1000.00
"K&L GATES, LLP",K&L Gates PAC,Congressman Frank Pallone,2025-03-11,1000.00
"K&L GATES, LLP",K&L Gates PAC,Senator Ashley Moody,2025-03-14,1000.00
"K&L GATES, LLP",K&L Gates PAC,Congresswoman Mary Gay Scanlon,2025-03-14,1000.00
"K&L GATES, LLP",K&L Gates PAC,Congressman Brendan Boyle,2025-03-14,1000.00
"K&L GATES, LLP",K&L Gates PAC,Congressman Pat Fallon,2025-03-22,500.00
"K&L GATES, LLP",K&L Gates PAC,Congressman Guy Reschenthaler,2025-03-24,1000.00
"K&L GATES, LLP",K&L Gates PAC,Congressman Blake Moore,2025-03-24,1000.00
"K&L GATES, LLP",K&L Gates PAC,Congressman Bennie Thompson,2025-03-25,500.00
"K&L GATES, LLP",K&L Gates PAC,Congresswoman Zoe Lofgren,2025-03-25,1000.00
"K&L GATES, LLP",K&L Gates PAC,Congressman Don Beyer,2025-03-25,1000.00
"K&L GATES, LLP",K&L Gates PAC,Congressman Paul Tonko,2025-03-26,1000.00
"K&L GATES, LLP",K&L Gates PAC,Congressman John Moolenaar,2025-03-26,2500.00
"K&L GATES, LLP",K&L Gates PAC,Congressman Bill Huizenga,2025-03-26,2500.00
"K&L GATES, LLP",K&L Gates PAC,Senator Cynthia Lummis,2026-03-27,1000.00
"K&L GATES, LLP",K&L Gates PAC,Congressman Rick Larsen,2025-04-02,1000.00
"K&L GATES, LLP",K&L Gates PAC,Congressman Rudy Yakym,2025-04-03,500.00
"K&L GATES, LLP",K&L Gates PAC,Congressman Randy Feenstra,2025-04-08,500.00
"K&L GATES, LLP",K&L Gates PAC,Senator Dan Sullivan,2025-04-16,1000.00
"K&L GATES, LLP",K&L Gates PAC,Congressman Scott Fitzgerald,2025-04-29,1000.00
"K&L GATES, LLP",K&L Gates PAC,Congressman Ken Calvert,2025-04-29,3000.00
"K&L GATES, LLP",K&L Gates PAC,Senator Dave McCormick,2025-04-29,2000.00
"K&L GATES, LLP",K&L Gates PAC,Congressman Bennie Thompson,2025-04-29,500.00
"K&L GATES, LLP",K&L Gates PAC,Congressman Dan Newhouse,2025-04-30,1000.00
"K&L GATES, LLP",K&L Gates PAC,Congresswoman Robin Kelly,2025-04-30,750.00
"K&L GATES, LLP",K&L Gates PAC,CHD Bold PAC,2025-05-01,5000.00
"K&L GATES, LLP",K&L Gates PAC,Congressman Cliff Bentz,2025-05-06,2000.00
"K&L GATES, LLP",K&L Gates PAC,Congressman Russell Fry,2025-05-06,1000.00
"K&L GATES, LLP",K&L Gates PAC,Senator Ben Ray Lujan,2025-05-07,1000.00
"K&L GATES, LLP",K&L Gates PAC,Senator Bill Hagerty,2025-05-07,1500.00
"K&L GATES, LLP",K&L Gates PAC,Congressman Jim Jordan,2025-05-08,2000.00
"K&L GATES, LLP",K&L Gates PAC,Senator Dan Sullivan,2025-05-14,1000.00
"K&L GATES, LLP",K&L Gates PAC,Congressman Tim Moore,2025-05-14,1000.00
"K&L GATES, LLP",K&L Gates PAC,Congressman Dale Strong,2025-05-19,1000.00
"K&L GATES, LLP",K&L Gates PAC,Senator Catherine Cortez Masto,2025-05-20,1000.00
"K&L GATES, LLP",K&L Gates PAC,Congresswoman Lisa McClain,2025-05-21,1000.00
"K&L GATES, LLP",K&L Gates PAC,National Republican Congressional Committee,2025-05-21,5000.00
"K&L GATES, LLP",K&L Gates PAC,Congressman Brett Guthrie,2025-05-22,1500.00
"K&L GATES, LLP",K&L Gates PAC,Congresswoman Marilyn Strickland,2025-05-22,500.00
"K&L GATES, LLP",K&L Gates PAC,Congressman Darin LaHood,2025-05-29,1000.00
"K&L GATES, LLP",K&L Gates PAC,Senator Jeff Merkley,2025-05-29,1000.00
"K&L GATES, LLP",K&L Gates PAC,Senator Kirsten Gillibrand,2025-06-02,1000.00
"K&L GATES, LLP",K&L Gates PAC,Congressman Hank Johnson,2025-06-03,1000.00
"K&L GATES, LLP",K&L Gates PAC,Congresswoman Maxine Dexter,2025-06-03,500.00
"K&L GATES, LLP",K&L Gates PAC,Senator John Cornyn,2025-06-05,1000.00
"K&L GATES, LLP",K&L Gates PAC,Senator Lindsay Graham,2025-06-05,1000.00
"K&L GATES, LLP",K&L Gates PAC,Senator Roger Marshall,2025-06-05,1000.00
"K&L GATES, LLP",K&L Gates PAC,Senator Thom Tillis,2025-06-05,1000.00
"K&L GATES, LLP",K&L Gates PAC,Congresswoman Madeleine Dean,2025-06-06,1000.00
"K&L GATES, LLP",K&L Gates PAC,Senator Jon Husted,2025-06-10,1500.00
"K&L GATES, LLP",K&L Gates PAC,Senator Mark Warner,2025-06-10,2500.00
"K&L GATES, LLP",K&L Gates PAC,New Democrat Coalitio Action Fund,2025-06-10,5000.00
"K&L GATES, LLP",K&L Gates PAC,Congresswoman Katherine Clark,2025-06-10,2500.00
"K&L GATES, LLP",K&L Gates PAC,Senator Shelly Moore Capito,2025-06-10,1500.00
"K&L GATES, LLP",K&L Gates PAC,Senator Shelly Moore Capito,2025-06-11,2500.00
"K&L GATES, LLP",K&L Gates PAC,Congressional Black Caucus PAC,2025-06-11,5000.00
"K&L GATES, LLP",K&L Gates PAC,Congresswoman Mariannette Miller-Meeks,2025-06-11,1500.00
"K&L GATES, LLP",K&L Gates PAC,Congressman Ryan Mackenzie,2025-06-13,1000.00
"K&L GATES, LLP",K&L Gates PAC,Democratic Senatorial Campaign Committee,2025-06-23,5000.00
"K&L GATES, LLP",K&L Gates PAC,Congresswoman Claudia Tenney,2025-06-23,1000.00
"K&L GATES, LLP",K&L Gates PAC,Congressman Bob Latta,2025-06-23,1000.00
"K&L GATES, LLP",K&L Gates PAC,Congressman Mike Johnson,2025-06-24,2500.00
"K&L GATES, LLP",K&L Gates PAC,Congressman Vince Fong,2025-06-24,1000.00
"K&L GATES, LLP",K&L Gates PAC,Congressman Bill Huizenga,2025-06-24,1500.00
"K&L GATES, LLP",K&L Gates PAC,Senator Brian Schatz,2025-06-25,1000.00
"K&L GATES, LLP",K&L Gates PAC,Congresswoman Debbie Dingell,2025-06-25,1000.00
"K&L GATES, LLP",K&L Gates PAC,Senator John Cornyn,2026-06-25,1000.00
"K&L GATES, LLP",K&L Gates PAC,Congresswoman Andrea Salinas,2025-06-26,1000.00
"K&L GATES, LLP",K&L Gates PAC,National Republican Senatorial Committee,2025-06-26,5000.00
"K&L GATES, LLP",K&L Gates PAC,Congressman Jack Bergman,2025-03-10,1000.00
"K&L GATES, LLP",K&L Gates PAC,National Republican Senatorial Committee,2025-01-10,5000.00
"K&L GATES, LLP",K&L Gates PAC,Congresswoman Erin Houchin,2025-01-13,1000.00
"K&L GATES, LLP",K&L Gates PAC,Congresswoman Lisa McClain,2025-01-21,1000.00
"K&L GATES, LLP",K&L Gates PAC,Congresswoman Julie Fedorchak,2025-01-23,500.00
"K&L GATES, LLP",K&L Gates PAC,Congressman Brad Schneider,2025-01-31,500.00
"K&L GATES, LLP",K&L Gates PAC,Senator Angela Alsobrooks,2025-02-03,1000.00
"K&L GATES, LLP",K&L Gates PAC,National Republican Congressional Committee,2025-02-04,5000.00
"K&L GATES, LLP",K&L Gates PAC,Congressman Troy Downing,2025-02-06,1000.00
"K&L GATES, LLP",K&L Gates PAC,Congressman Mike Simpson,2025-02-25,1000.00
"K&L GATES, LLP",K&L Gates PAC,Congressman Andy Barr,2025-02-25,1500.00
"K&L GATES, LLP",K&L Gates PAC,Senator Jim Risch,2025-02-26,1000.00
"K&L GATES, LLP",K&L Gates PAC,Senator Rand Paul,2025-02-26,1500.00
"K&L GATES, LLP",K&L Gates PAC,Congressman Michael Baumgartner,2025-02-27,1000.00
"K&L GATES, LLP",K&L Gates PAC,Congressman Morgan Griffith,2025-02-28,1000.00
"K&L GATES, LLP",K&L Gates PAC,Democratic Senatorial Campaign Committee,2025-03-04,5000.00
"K&L GATES, LLP",K&L Gates PAC,Congressman Joe Courtney,2025-03-05,1000.00
"K&L GATES, LLP",K&L Gates PAC,Congressman James Comer,2025-03-05,2000.00
"K&L GATES, LLP",K&L Gates PAC,Congressman Jack Bergman,2025-03-10,1000.00
"K&L GATES, LLP",K&L Gates PAC,Senator Ben Ray Lujan,2025-03-10,1000.00
"K&L GATES, LLP",K&L Gates PAC,Congressman Frank Pallone,2025-03-11,1000.00
"K&L GATES, LLP",K&L Gates PAC,Senator Ashley Moody,2025-03-14,1000.00
"K&L GATES, LLP",K&L Gates PAC,Congresswoman Mary Gay Scanlon,2025-03-14,1000.00
"K&L GATES, LLP",K&L Gates PAC,Congressman Brendan Boyle,2025-03-14,1000.00
"K&L GATES, LLP",K&L Gates PAC,Congressman Pat Fallon,2025-03-22,500.00
"K&L GATES, LLP",K&L Gates PAC,Congressman Guy Reschenthaler,2025-03-24,1000.00
"K&L GATES, LLP",K&L Gates PAC,Congressman Blake Moore,2025-03-24,1000.00
"K&L GATES, LLP",K&L Gates PAC,Congressman Bennie Thompson,2025-03-25,500.00
"K&L GATES, LLP",K&L Gates PAC,Congresswoman Zoe Lofgren,2025-03-25,1000.00
"K&L GATES, LLP",K&L Gates PAC,Congressman Don Beyer,2025-03-25,1000.00
"K&L GATES, LLP",K&L Gates PAC,Congressman Paul Tonko,2025-03-26,1000.00
"K&L GATES, LLP",K&L Gates PAC,Congressman John Moolenaar,2025-03-26,2500.00
"K&L GATES, LLP",K&L Gates PAC,Congressman Bill Huizenga,2025-03-26,2500.00
"K&L GATES, LLP",K&L Gates PAC,Senator Cynthia Lummis,2026-03-27,1000.00
"K&L GATES, LLP",K&L Gates PAC,Congressman Rick Larsen,2025-04-02,1000.00
"K&L GATES, LLP",K&L Gates PAC,Congressman Rudy Yakym,2025-04-03,500.00
"K&L GATES, LLP",K&L Gates PAC,Congressman Randy Feenstra,2025-04-08,500.00
"K&L GATES, LLP",K&L Gates PAC,Senator Dan Sullivan,2025-04-16,1000.00
"K&L GATES, LLP",K&L Gates PAC,Congressman Scott Fitzgerald,2025-04-29,1000.00
"K&L GATES, LLP",K&L Gates PAC,Congressman Ken Calvert,2025-04-29,3000.00
"K&L GATES, LLP",K&L Gates PAC,Senator Dave McCormick,2025-04-29,2000.00
"K&L GATES, LLP",K&L Gates PAC,Congressman Bennie Thompson,2025-04-29,500.00
"K&L GATES, LLP",K&L Gates PAC,Congressman Dan Newhouse,2025-04-30,1000.00
"K&L GATES, LLP",K&L Gates PAC,Congresswoman Robin Kelly,2025-04-30,750.00
"K&L GATES, LLP",K&L Gates PAC,CHD Bold PAC,2025-05-01,5000.00
"K&L GATES, LLP",K&L Gates PAC,Congressman Cliff Bentz,2025-05-06,2000.00
"K&L GATES, LLP",K&L Gates PAC,Congressman Russell Fry,2025-05-06,1000.00
"K&L GATES, LLP",K&L Gates PAC,Senator Ben Ray Lujan,2025-05-07,1000.00
"K&L GATES, LLP",K&L Gates PAC,Senator Bill Hagerty,2025-05-07,1500.00
"K&L GATES, LLP",K&L Gates PAC,Congressman Jim Jordan,2025-05-08,2000.00
"K&L GATES, LLP",K&L Gates PAC,Senator Dan Sullivan,2025-05-14,1000.00
"K&L GATES, LLP",K&L Gates PAC,Congressman Tim Moore,2025-05-14,1000.00
"K&L GATES, LLP",K&L Gates PAC,Congressman Dale Strong,2025-05-19,1000.00
"K&L GATES, LLP",K&L Gates PAC,Senator Catherine Cortez Masto,2025-05-20,1000.00
"K&L GATES, LLP",K&L Gates PAC,Congresswoman Lisa McClain,2025-05-21,1000.00
"K&L GATES, LLP",K&L Gates PAC,National Republican Congressional Committee,2025-05-21,5000.00
"K&L GATES, LLP",K&L Gates PAC,Congressman Brett Guthrie,2025-05-22,1500.00
"K&L GATES, LLP",K&L Gates PAC,Congresswoman Marilyn Strickland,2025-05-22,500.00
"K&L GATES, LLP",K&L Gates PAC,Congressman Darin LaHood,2025-05-29,1000.00
"K&L GATES, LLP",K&L Gates PAC,Senator Jeff Merkley,2025-05-29,1000.00
"K&L GATES, LLP",K&L Gates PAC,Senator Kirsten Gillibrand,2025-06-02,1000.00
"K&L GATES, LLP",K&L Gates PAC,Congressman Hank Johnson,2025-06-03,1000.00
"K&L GATES, LLP",K&L Gates PAC,Congresswoman Maxine Dexter,2025-06-03,500.00
"K&L GATES, LLP",K&L Gates PAC,Senator John Cornyn,2025-06-05,1000.00
"K&L GATES, LLP",K&L Gates PAC,Senator Lindsay Graham,2025-06-05,1000.00
"K&L GATES, LLP",K&L Gates PAC,Senator Roger Marshall,2025-06-05,1000.00
"K&L GATES, LLP",K&L Gates PAC,Senator Thom Tillis,2025-06-05,1000.00
"K&L GATES, LLP",K&L Gates PAC,Congresswoman Madeleine Dean,2025-06-06,1000.00
"K&L GATES, LLP",K&L Gates PAC,Senator Jon Husted,2025-06-10,1500.00
"K&L GATES, LLP",K&L Gates PAC,Senator Mark Warner,2025-06-10,2500.00
"K&L GATES, LLP",K&L Gates PAC,New Democrat Coalitio Action Fund,2025-06-10,5000.00
"K&L GATES, LLP",K&L Gates PAC,Congresswoman Katherine Clark,2025-06-10,2500.00
"K&L GATES, LLP",K&L Gates PAC,Senator Shelly Moore Capito,2025-06-10,1500.00
"K&L GATES, LLP",K&L Gates PAC,Senator Shelly Moore Capito,2025-06-11,2500.00
"K&L GATES, LLP",K&L Gates PAC,Congressional Black Caucus PAC,2025-06-11,5000.00
"K&L GATES, LLP",K&L Gates PAC,Congresswoman Mariannette Miller-Meeks,2025-06-11,1500.00
"K&L GATES, LLP",K&L Gates PAC,Congressman Ryan Mackenzie,2025-06-13,1000.00
"K&L GATES, LLP",K&L Gates PAC,Democratic Senatorial Campaign Committee,2025-06-23,5000.00
"K&L GATES, LLP",K&L Gates PAC,Congresswoman Claudia Tenney,2025-06-23,1000.00
"K&L GATES, LLP",K&L Gates PAC,Congressman Bob Latta,2025-06-23,1000.00
"K&L GATES, LLP",K&L Gates PAC,Congressman Mike Johnson,2025-06-24,2500.00
"K&L GATES, LLP",K&L Gates PAC,Congressman Vince Fong,2025-06-24,1000.00
"K&L GATES, LLP",K&L Gates PAC,Congressman Bill Huizenga,2025-06-24,1500.00
"K&L GATES, LLP",K&L Gates PAC,Senator Brian Schatz,2025-06-25,1000.00
"K&L GATES, LLP",K&L Gates PAC,Congresswoman Debbie Dingell,2025-06-25,1000.00
"K&L GATES, LLP",K&L Gates PAC,Senator John Cornyn,2026-06-25,1000.00
"K&L GATES, LLP",K&L Gates PAC,Congresswoman Andrea Salinas,2025-06-26,1000.00
"K&L GATES, LLP",K&L Gates PAC,National Republican Senatorial Committee,2025-06-26,5000.00
"K&L GATES, LLP",K&L Gates PAC,Congressman Jack Bergman,2025-03-10,1000.00
"K&L GATES, LLP",K&L Gates PAC,National Republican Senatorial Committee,2025-01-10,5000.00
"K&L GATES, LLP",K&L Gates PAC,Congresswoman Erin Houchin,2025-01-13,1000.00
"K&L GATES, LLP",K&L Gates PAC,Congresswoman Lisa McClain,2025-01-21,1000.00
"K&L GATES, LLP",K&L Gates PAC,Congresswoman Julie Fedorchak,2025-01-23,500.00
"K&L GATES, LLP",K&L Gates PAC,Congressman Brad Schneider,2025-01-31,500.00
"K&L GATES, LLP",K&L Gates PAC,Senator Angela Alsobrooks,2025-02-03,1000.00
"K&L GATES, LLP",K&L Gates PAC,National Republican Congressional Committee,2025-02-04,5000.00
"K&L GATES, LLP",K&L Gates PAC,Congressman Troy Downing,2025-02-06,1000.00
"K&L GATES, LLP",K&L Gates PAC,Congressman Mike Simpson,2025-02-25,1000.00
"K&L GATES, LLP",K&L Gates PAC,Congressman Andy Barr,2025-02-25,1500.00
"K&L GATES, LLP",K&L Gates PAC,Senator Jim Risch,2025-02-26,1000.00
"K&L GATES, LLP",K&L Gates PAC,Senator Rand Paul,2025-02-26,1500.00
"K&L GATES, LLP",K&L Gates PAC,Congressman Michael Baumgartner,2025-02-27,1000.00
"K&L GATES, LLP",K&L Gates PAC,Congressman Morgan Griffith,2025-02-28,1000.00
"K&L GATES, LLP",K&L Gates PAC,Democratic Senatorial Campaign Committee,2025-03-04,5000.00
"K&L GATES, LLP",K&L Gates PAC,Congressman Joe Courtney,2025-03-05,1000.00
"K&L GATES, LLP",K&L Gates PAC,Congressman James Comer,2025-03-05,2000.00
"K&L GATES, LLP",K&L Gates PAC,Congressman Jack Bergman,2025-03-10,1000.00
"K&L GATES, LLP",K&L Gates PAC,Senator Ben Ray Lujan,2025-03-10,1000.00
"K&L GATES, LLP",K&L Gates PAC,Congressman Frank Pallone,2025-03-11,1000.00
"K&L GATES, LLP",K&L Gates PAC,Senator Ashley Moody,2025-03-14,1000.00
"K&L GATES, LLP",K&L Gates PAC,Congresswoman Mary Gay Scanlon,2025-03-14,1000.00
"K&L GATES, LLP",K&L Gates PAC,Congressman Brendan Boyle,2025-03-14,1000.00
"K&L GATES, LLP",K&L Gates PAC,Congressman Pat Fallon,2025-03-22,500.00
"K&L GATES, LLP",K&L Gates PAC,Congressman Guy Reschenthaler,2025-03-24,1000.00
"K&L GATES, LLP",K&L Gates PAC,Congressman Blake Moore,2025-03-24,1000.00
"K&L GATES, LLP",K&L Gates PAC,Congressman Bennie Thompson,2025-03-25,500.00
"K&L GATES, LLP",K&L Gates PAC,Congresswoman Zoe Lofgren,2025-03-25,1000.00
"K&L GATES, LLP",K&L Gates PAC,Congressman Don Beyer,2025-03-25,1000.00
"K&L GATES, LLP",K&L Gates PAC,Congressman Paul Tonko,2025-03-26,1000.00
"K&L GATES, LLP",K&L Gates PAC,Congressman John Moolenaar,2025-03-26,2500.00
"K&L GATES, LLP",K&L Gates PAC,Congressman Bill Huizenga,2025-03-26,2500.00
"K&L GATES, LLP",K&L Gates PAC,Senator Cynthia Lummis,2026-03-27,1000.00
"K&L GATES, LLP",K&L Gates PAC,Congressman Rick Larsen,2025-04-02,1000.00
"K&L GATES, LLP",K&L Gates PAC,Congressman Rudy Yakym,2025-04-03,500.00
"K&L GATES, LLP",K&L Gates PAC,Congressman Randy Feenstra,2025-04-08,500.00
"K&L GATES, LLP",K&L Gates PAC,Senator Dan Sullivan,2025-04-16,1000.00
"K&L GATES, LLP",K&L Gates PAC,Congressman Scott Fitzgerald,2025-04-29,1000.00
"K&L GATES, LLP",K&L Gates PAC,Congressman Ken Calvert,2025-04-29,3000.00
"K&L GATES, LLP",K&L Gates PAC,Senator Dave McCormick,2025-04-29,2000.00
"K&L GATES, LLP",K&L Gates PAC,Congressman Bennie Thompson,2025-04-29,500.00
"K&L GATES, LLP",K&L Gates PAC,Congressman Dan Newhouse,2025-04-30,1000.00
"K&L GATES, LLP",K&L Gates PAC,Congresswoman Robin Kelly,2025-04-30,750.00
"K&L GATES, LLP",K&L Gates PAC,CHD Bold PAC,2025-05-01,5000.00
"K&L GATES, LLP",K&L Gates PAC,Congressman Cliff Bentz,2025-05-06,2000.00
"K&L GATES, LLP",K&L Gates PAC,Congressman Russell Fry,2025-05-06,1000.00
"K&L GATES, LLP",K&L Gates PAC,Senator Ben Ray Lujan,2025-05-07,1000.00
"K&L GATES, LLP",K&L Gates PAC,Senator Bill Hagerty,2025-05-07,1500.00
"K&L GATES, LLP",K&L Gates PAC,Congressman Jim Jordan,2025-05-08,2000.00
"K&L GATES, LLP",K&L Gates PAC,Senator Dan Sullivan,2025-05-14,1000.00
"K&L GATES, LLP",K&L Gates PAC,Congressman Tim Moore,2025-05-14,1000.00
"K&L GATES, LLP",K&L Gates PAC,Congressman Dale Strong,2025-05-19,1000.00
"K&L GATES, LLP",K&L Gates PAC,Senator Catherine Cortez Masto,2025-05-20,1000.00
"K&L GATES, LLP",K&L Gates PAC,Congresswoman Lisa McClain,2025-05-21,1000.00
"K&L GATES, LLP",K&L Gates PAC,National Republican Congressional Committee,2025-05-21,5000.00
"K&L GATES, LLP",K&L Gates PAC,Congressman Brett Guthrie,2025-05-22,1500.00
"K&L GATES, LLP",K&L Gates PAC,Congresswoman Marilyn Strickland,2025-05-22,500.00
"K&L GATES, LLP",K&L Gates PAC,Congressman Darin LaHood,2025-05-29,1000.00
"K&L GATES, LLP",K&L Gates PAC,Senator Jeff Merkley,2025-05-29,1000.00
"K&L GATES, LLP",K&L Gates PAC,Senator Kirsten Gillibrand,2025-06-02,1000.00
"K&L GATES, LLP",K&L Gates PAC,Congressman Hank Johnson,2025-06-03,1000.00
"K&L GATES, LLP",K&L Gates PAC,Congresswoman Maxine Dexter,2025-06-03,500.00
"K&L GATES, LLP",K&L Gates PAC,Senator John Cornyn,2025-06-05,1000.00
"K&L GATES, LLP",K&L Gates PAC,Senator Lindsay Graham,2025-06-05,1000.00
"K&L GATES, LLP",K&L Gates PAC,Senator Roger Marshall,2025-06-05,1000.00
"K&L GATES, LLP",K&L Gates PAC,Senator Thom Tillis,2025-06-05,1000.00
"K&L GATES, LLP",K&L Gates PAC,Congresswoman Madeleine Dean,2025-06-06,1000.00
"K&L GATES, LLP",K&L Gates PAC,Senator Jon Husted,2025-06-10,1500.00
"K&L GATES, LLP",K&L Gates PAC,Senator Mark Warner,2025-06-10,2500.00
"K&L GATES, LLP",K&L Gates PAC,New Democrat Coalitio Action Fund,2025-06-10,5000.00
"K&L GATES, LLP",K&L Gates PAC,Congresswoman Katherine Clark,2025-06-10,2500.00
"K&L GATES, LLP",K&L Gates PAC,Senator Shelly Moore Capito,2025-06-10,1500.00
"K&L GATES, LLP",K&L Gates PAC,Senator Shelly Moore Capito,2025-06-11,2500.00
"K&L GATES, LLP",K&L Gates PAC,Congressional Black Caucus PAC,2025-06-11,5000.00
"K&L GATES, LLP",K&L Gates PAC,Congresswoman Mariannette Miller-Meeks,2025-06-11,1500.00
"K&L GATES, LLP",K&L Gates PAC,Congressman Ryan Mackenzie,2025-06-13,1000.00
"K&L GATES, LLP",K&L Gates PAC,Democratic Senatorial Campaign Committee,2025-06-23,5000.00
"K&L GATES, LLP",K&L Gates PAC,Congresswoman Claudia Tenney,2025-06-23,1000.00
"K&L GATES, LLP",K&L Gates PAC,Congressman Bob Latta,2025-06-23,1000.00
"K&L GATES, LLP",K&L Gates PAC,Congressman Mike Johnson,2025-06-24,2500.00
"K&L GATES, LLP",K&L Gates PAC,Congressman Vince Fong,2025-06-24,1000.00
"K&L GATES, LLP",K&L Gates PAC,Congressman Bill Huizenga,2025-06-24,1500.00
"K&L GATES, LLP",K&L Gates PAC,Senator Brian Schatz,2025-06-25,1000.00
"K&L GATES, LLP",K&L Gates PAC,Congresswoman Debbie Dingell,2025-06-25,1000.00
"K&L GATES, LLP",K&L Gates PAC,Senator John Cornyn,2026-06-25,1000.00
"K&L GATES, LLP",K&L Gates PAC,Congresswoman Andrea Salinas,2025-06-26,1000.00
"K&L GATES, LLP",K&L Gates PAC,National Republican Senatorial Committee,2025-06-26,5000.00
"K&L GATES, LLP",K&L Gates PAC,Congressman Jack Bergman,2025-03-10,1000.00
"K&L GATES, LLP",K&L Gates PAC,National Republican Senatorial Committee,2025-01-10,5000.00
"K&L GATES, LLP",K&L Gates PAC,Congresswoman Erin Houchin,2025-01-13,1000.00
"K&L GATES, LLP",K&L Gates PAC,Congresswoman Lisa McClain,2025-01-21,1000.00
"K&L GATES, LLP",K&L Gates PAC,Congresswoman Julie Fedorchak,2025-01-23,500.00
"K&L GATES, LLP",K&L Gates PAC,Congressman Brad Schneider,2025-01-31,500.00
"K&L GATES, LLP",K&L Gates PAC,Senator Angela Alsobrooks,2025-02-03,1000.00
"K&L GATES, LLP",K&L Gates PAC,National Republican Congressional Committee,2025-02-04,5000.00
"K&L GATES, LLP",K&L Gates PAC,Congressman Troy Downing,2025-02-06,1000.00
"K&L GATES, LLP",K&L Gates PAC,Congressman Mike Simpson,2025-02-25,1000.00
"K&L GATES, LLP",K&L Gates PAC,Congressman Andy Barr,2025-02-25,1500.00
"K&L GATES, LLP",K&L Gates PAC,Senator Jim Risch,2025-02-26,1000.00
"K&L GATES, LLP",K&L Gates PAC,Senator Rand Paul,2025-02-26,1500.00
"K&L GATES, LLP",K&L Gates PAC,Congressman Michael Baumgartner,2025-02-27,1000.00
"K&L GATES, LLP",K&L Gates PAC,Congressman Morgan Griffith,2025-02-28,1000.00
"K&L GATES, LLP",K&L Gates PAC,Democratic Senatorial Campaign Committee,2025-03-04,5000.00
"K&L GATES, LLP",K&L Gates PAC,Congressman Joe Courtney,2025-03-05,1000.00
"K&L GATES, LLP",K&L Gates PAC,Congressman James Comer,2025-03-05,2000.00
"K&L GATES, LLP",K&L Gates PAC,Congressman Jack Bergman,2025-03-10,1000.00
"K&L GATES, LLP",K&L Gates PAC,Senator Ben Ray Lujan,2025-03-10,1000.00
"K&L GATES, LLP",K&L Gates PAC,Congressman Frank Pallone,2025-03-11,1000.00
"K&L GATES, LLP",K&L Gates PAC,Senator Ashley Moody,2025-03-14,1000.00
"K&L GATES, LLP",K&L Gates PAC,Congresswoman Mary Gay Scanlon,2025-03-14,1000.00
"K&L GATES, LLP",K&L Gates PAC,Congressman Brendan Boyle,2025-03-14,1000.00
"K&L GATES, LLP",K&L Gates PAC,Congressman Pat Fallon,2025-03-22,500.00
"K&L GATES, LLP",K&L Gates PAC,Congressman Guy Reschenthaler,2025-03-24,1000.00
"K&L GATES, LLP",K&L Gates PAC,Congressman Blake Moore,2025-03-24,1000.00
"K&L GATES, LLP",K&L Gates PAC,Congressman Bennie Thompson,2025-03-25,500.00
"K&L GATES, LLP",K&L Gates PAC,Congresswoman Zoe Lofgren,2025-03-25,1000.00
"K&L GATES, LLP",K&L Gates PAC,Congressman Don Beyer,2025-03-25,1000.00
"K&L GATES, LLP",K&L Gates PAC,Congressman Paul Tonko,2025-03-26,1000.00
"K&L GATES, LLP",K&L Gates PAC,Congressman John Moolenaar,2025-03-26,2500.00
"K&L GATES, LLP",K&L Gates PAC,Congressman Bill Huizenga,2025-03-26,2500.00
"K&L GATES, LLP",K&L Gates PAC,Senator Cynthia Lummis,2026-03-27,1000.00
"K&L GATES, LLP",K&L Gates PAC,Congressman Rick Larsen,2025-04-02,1000.00
"K&L GATES, LLP",K&L Gates PAC,Congressman Rudy Yakym,2025-04-03,500.00
"K&L GATES, LLP",K&L Gates PAC,Congressman Randy Feenstra,2025-04-08,500.00
"K&L GATES, LLP",K&L Gates PAC,Senator Dan Sullivan,2025-04-16,1000.00
"K&L GATES, LLP",K&L Gates PAC,Congressman Scott Fitzgerald,2025-04-29,1000.00
"K&L GATES, LLP",K&L Gates PAC,Congressman Ken Calvert,2025-04-29,3000.00
"K&L GATES, LLP",K&L Gates PAC,Senator Dave McCormick,2025-04-29,2000.00
"K&L GATES, LLP",K&L Gates PAC,Congressman Bennie Thompson,2025-04-29,500.00
"K&L GATES, LLP",K&L Gates PAC,Congressman Dan Newhouse,2025-04-30,1000.00
"K&L GATES, LLP",K&L Gates PAC,Congresswoman Robin Kelly,2025-04-30,750.00
"K&L GATES, LLP",K&L Gates PAC,CHD Bold PAC,2025-05-01,5000.00
"K&L GATES, LLP",K&L Gates PAC,Congressman Cliff Bentz,2025-05-06,2000.00
"K&L GATES, LLP",K&L Gates PAC,Congressman Russell Fry,2025-05-06,1000.00
"K&L GATES, LLP",K&L Gates PAC,Senator Ben Ray Lujan,2025-05-07,1000.00
"K&L GATES, LLP",K&L Gates PAC,Senator Bill Hagerty,2025-05-07,1500.00
"K&L GATES, LLP",K&L Gates PAC,Congressman Jim Jordan,2025-05-08,2000.00
"K&L GATES, LLP",K&L Gates PAC,Senator Dan Sullivan,2025-05-14,1000.00
"K&L GATES, LLP",K&L Gates PAC,Congressman Tim Moore,2025-05-14,1000.00
"K&L GATES, LLP",K&L Gates PAC,Congressman Dale Strong,2025-05-19,1000.00
"K&L GATES, LLP",K&L Gates PAC,Senator Catherine Cortez Masto,2025-05-20,1000.00
"K&L GATES, LLP",K&L Gates PAC,Congresswoman Lisa McClain,2025-05-21,1000.00
"K&L GATES, LLP",K&L Gates PAC,National Republican Congressional Committee,2025-05-21,5000.00
"K&L GATES, LLP",K&L Gates PAC,Congressman Brett Guthrie,2025-05-22,1500.00
"K&L GATES, LLP",K&L Gates PAC,Congresswoman Marilyn Strickland,2025-05-22,500.00
"K&L GATES, LLP",K&L Gates PAC,Congressman Darin LaHood,2025-05-29,1000.00
"K&L GATES, LLP",K&L Gates PAC,Senator Jeff Merkley,2025-05-29,1000.00
"K&L GATES, LLP",K&L Gates PAC,Senator Kirsten Gillibrand,2025-06-02,1000.00
"K&L GATES, LLP",K&L Gates PAC,Congressman Hank Johnson,2025-06-03,1000.00
"K&L GATES, LLP",K&L Gates PAC,Congresswoman Maxine Dexter,2025-06-03,500.00
"K&L GATES, LLP",K&L Gates PAC,Senator John Cornyn,2025-06-05,1000.00
"K&L GATES, LLP",K&L Gates PAC,Senator Lindsay Graham,2025-06-05,1000.00
"K&L GATES, LLP",K&L Gates PAC,Senator Roger Marshall,2025-06-05,1000.00
"K&L GATES, LLP",K&L Gates PAC,Senator Thom Tillis,2025-06-05,1000.00
"K&L GATES, LLP",K&L Gates PAC,Congresswoman Madeleine Dean,2025-06-06,1000.00
"K&L GATES, LLP",K&L Gates PAC,Senator Jon Husted,2025-06-10,1500.00
"K&L GATES, LLP",K&L Gates PAC,Senator Mark Warner,2025-06-10,2500.00
"K&L GATES, LLP",K&L Gates PAC,New Democrat Coalitio Action Fund,2025-06-10,5000.00
"K&L GATES, LLP",K&L Gates PAC,Congresswoman Katherine Clark,2025-06-10,2500.00
"K&L GATES, LLP",K&L Gates PAC,Senator Shelly Moore Capito,2025-06-10,1500.00
"K&L GATES, LLP",K&L Gates PAC,Senator Shelly Moore Capito,2025-06-11,2500.00
"K&L GATES, LLP",K&L Gates PAC,Congressional Black Caucus PAC,2025-06-11,5000.00
"K&L GATES, LLP",K&L Gates PAC,Congresswoman Mariannette Miller-Meeks,2025-06-11,1500.00
"K&L GATES, LLP",K&L Gates PAC,Congressman Ryan Mackenzie,2025-06-13,1000.00
"K&L GATES, LLP",K&L Gates PAC,Democratic Senatorial Campaign Committee,2025-06-23,5000.00
"K&L GATES, LLP",K&L Gates PAC,Congresswoman Claudia Tenney,2025-06-23,1000.00
"K&L GATES, LLP",K&L Gates PAC,Congressman Bob Latta,2025-06-23,1000.00
"K&L GATES, LLP",K&L Gates PAC,Congressman Mike Johnson,2025-06-24,2500.00
"K&L GATES, LLP",K&L Gates PAC,Congressman Vince Fong,2025-06-24,1000.00
"K&L GATES, LLP",K&L Gates PAC,Congressman Bill Huizenga,2025-06-24,1500.00
"K&L GATES, LLP",K&L Gates PAC,Senator Brian Schatz,2025-06-25,1000.00
"K&L GATES, LLP",K&L Gates PAC,Congresswoman Debbie Dingell,2025-06-25,1000.00
"K&L GATES, LLP",K&L Gates PAC,Senator John Cornyn,2026-06-25,1000.00
"K&L GATES, LLP",K&L Gates PAC,Congresswoman Andrea Salinas,2025-06-26,1000.00
"K&L GATES, LLP",K&L Gates PAC,National Republican Senatorial Committee,2025-06-26,5000.00
"K&L GATES, LLP",K&L Gates PAC,Congressman Jack Bergman,2025-03-10,1000.00
"K&L GATES, LLP",K&L Gates PAC,National Republican Senatorial Committee,2025-01-10,5000.00
"K&L GATES, LLP",K&L Gates PAC,Congresswoman Erin Houchin,2025-01-13,1000.00
"K&L GATES, LLP",K&L Gates PAC,Congresswoman Lisa McClain,2025-01-21,1000.00
"K&L GATES, LLP",K&L Gates PAC,Congresswoman Julie Fedorchak,2025-01-23,500.00
"K&L GATES, LLP",K&L Gates PAC,Congressman Brad Schneider,2025-01-31,500.00
"K&L GATES, LLP",K&L Gates PAC,Senator Angela Alsobrooks,2025-02-03,1000.00
"K&L GATES, LLP",K&L Gates PAC,National Republican Congressional Committee,2025-02-04,5000.00
"K&L GATES, LLP",K&L Gates PAC,Congressman Troy Downing,2025-02-06,1000.00
"K&L GATES, LLP",K&L Gates PAC,Congressman Mike Simpson,2025-02-25,1000.00
"K&L GATES, LLP",K&L Gates PAC,Congressman Andy Barr,2025-02-25,1500.00
"K&L GATES, LLP",K&L Gates PAC,Senator Jim Risch,2025-02-26,1000.00
"K&L GATES, LLP",K&L Gates PAC,Senator Rand Paul,2025-02-26,1500.00
"K&L GATES, LLP",K&L Gates PAC,Congressman Michael Baumgartner,2025-02-27,1000.00
"K&L GATES, LLP",K&L Gates PAC,Congressman Morgan Griffith,2025-02-28,1000.00
"K&L GATES, LLP",K&L Gates PAC,Democratic Senatorial Campaign Committee,2025-03-04,5000.00
"K&L GATES, LLP",K&L Gates PAC,Congressman Joe Courtney,2025-03-05,1000.00
"K&L GATES, LLP",K&L Gates PAC,Congressman James Comer,2025-03-05,2000.00
"K&L GATES, LLP",K&L Gates PAC,Congressman Jack Bergman,2025-03-10,1000.00
"K&L GATES, LLP",K&L Gates PAC,Senator Ben Ray Lujan,2025-03-10,1000.00
"K&L GATES, LLP",K&L Gates PAC,Congressman Frank Pallone,2025-03-11,1000.00
"K&L GATES, LLP",K&L Gates PAC,Senator Ashley Moody,2025-03-14,1000.00
"K&L GATES, LLP",K&L Gates PAC,Congresswoman Mary Gay Scanlon,2025-03-14,1000.00
"K&L GATES, LLP",K&L Gates PAC,Congressman Brendan Boyle,2025-03-14,1000.00
"K&L GATES, LLP",K&L Gates PAC,Congressman Pat Fallon,2025-03-22,500.00
"K&L GATES, LLP",K&L Gates PAC,Congressman Guy Reschenthaler,2025-03-24,1000.00
"K&L GATES, LLP",K&L Gates PAC,Congressman Blake Moore,2025-03-24,1000.00
"K&L GATES, LLP",K&L Gates PAC,Congressman Bennie Thompson,2025-03-25,500.00
"K&L GATES, LLP",K&L Gates PAC,Congresswoman Zoe Lofgren,2025-03-25,1000.00
"K&L GATES, LLP",K&L Gates PAC,Congressman Don Beyer,2025-03-25,1000.00
"K&L GATES, LLP",K&L Gates PAC,Congressman Paul Tonko,2025-03-26,1000.00
"K&L GATES, LLP",K&L Gates PAC,Congressman John Moolenaar,2025-03-26,2500.00
"K&L GATES, LLP",K&L Gates PAC,Congressman Bill Huizenga,2025-03-26,2500.00
"K&L GATES, LLP",K&L Gates PAC,Senator Cynthia Lummis,2026-03-27,1000.00
"K&L GATES, LLP",K&L Gates PAC,Congressman Rick Larsen,2025-04-02,1000.00
"K&L GATES, LLP",K&L Gates PAC,Congressman Rudy Yakym,2025-04-03,500.00
"K&L GATES, LLP",K&L Gates PAC,Congressman Randy Feenstra,2025-04-08,500.00
"K&L GATES, LLP",K&L Gates PAC,Senator Dan Sullivan,2025-04-16,1000.00
"K&L GATES, LLP",K&L Gates PAC,Congressman Scott Fitzgerald,2025-04-29,1000.00
"K&L GATES, LLP",K&L Gates PAC,Congressman Ken Calvert,2025-04-29,3000.00
"K&L GATES, LLP",K&L Gates PAC,Senator Dave McCormick,2025-04-29,2000.00
"K&L GATES, LLP",K&L Gates PAC,Congressman Bennie Thompson,2025-04-29,500.00
"K&L GATES, LLP",K&L Gates PAC,Congressman Dan Newhouse,2025-04-30,1000.00
"K&L GATES, LLP",K&L Gates PAC,Congresswoman Robin Kelly,2025-04-30,750.00
"K&L GATES, LLP",K&L Gates PAC,CHD Bold PAC,2025-05-01,5000.00
"K&L GATES, LLP",K&L Gates PAC,Congressman Cliff Bentz,2025-05-06,2000.00
"K&L GATES, LLP",K&L Gates PAC,Congressman Russell Fry,2025-05-06,1000.00
"K&L GATES, LLP",K&L Gates PAC,Senator Ben Ray Lujan,2025-05-07,1000.00
"K&L GATES, LLP",K&L Gates PAC,Senator Bill Hagerty,2025-05-07,1500.00
"K&L GATES, LLP",K&L Gates PAC,Congressman Jim Jordan,2025-05-08,2000.00
"K&L GATES, LLP",K&L Gates PAC,Senator Dan Sullivan,2025-05-14,1000.00
"K&L GATES, LLP",K&L Gates PAC,Congressman Tim Moore,2025-05-14,1000.00
"K&L GATES, LLP",K&L Gates PAC,Congressman Dale Strong,2025-05-19,1000.00
"K&L GATES, LLP",K&L Gates PAC,Senator Catherine Cortez Masto,2025-05-20,1000.00
"K&L GATES, LLP",K&L Gates PAC,Congresswoman Lisa McClain,2025-05-21,1000.00
"K&L GATES, LLP",K&L Gates PAC,National Republican Congressional Committee,2025-05-21,5000.00
"K&L GATES, LLP",K&L Gates PAC,Congressman Brett Guthrie,2025-05-22,1500.00
"K&L GATES, LLP",K&L Gates PAC,Congresswoman Marilyn Strickland,2025-05-22,500.00
"K&L GATES, LLP",K&L Gates PAC,Congressman Darin LaHood,2025-05-29,1000.00
"K&L GATES, LLP",K&L Gates PAC,Senator Jeff Merkley,2025-05-29,1000.00
"K&L GATES, LLP",K&L Gates PAC,Senator Kirsten Gillibrand,2025-06-02,1000.00
"K&L GATES, LLP",K&L Gates PAC,Congressman Hank Johnson,2025-06-03,1000.00
"K&L GATES, LLP",K&L Gates PAC,Congresswoman Maxine Dexter,2025-06-03,500.00
"K&L GATES, LLP",K&L Gates PAC,Senator John Cornyn,2025-06-05,1000.00
"K&L GATES, LLP",K&L Gates PAC,Senator Lindsay Graham,2025-06-05,1000.00
"K&L GATES, LLP",K&L Gates PAC,Senator Roger Marshall,2025-06-05,1000.00
"K&L GATES, LLP",K&L Gates PAC,Senator Thom Tillis,2025-06-05,1000.00
"K&L GATES, LLP",K&L Gates PAC,Congresswoman Madeleine Dean,2025-06-06,1000.00
"K&L GATES, LLP",K&L Gates PAC,Senator Jon Husted,2025-06-10,1500.00
"K&L GATES, LLP",K&L Gates PAC,Senator Mark Warner,2025-06-10,2500.00
"K&L GATES, LLP",K&L Gates PAC,New Democrat Coalitio Action Fund,2025-06-10,5000.00
"K&L GATES, LLP",K&L Gates PAC,Congresswoman Katherine Clark,2025-06-10,2500.00
"K&L GATES, LLP",K&L Gates PAC,Senator Shelly Moore Capito,2025-06-10,1500.00
"K&L GATES, LLP",K&L Gates PAC,Senator Shelly Moore Capito,2025-06-11,2500.00
"K&L GATES, LLP",K&L Gates PAC,Congressional Black Caucus PAC,2025-06-11,5000.00
"K&L GATES, LLP",K&L Gates PAC,Congresswoman Mariannette Miller-Meeks,2025-06-11,1500.00
"K&L GATES, LLP",K&L Gates PAC,Congressman Ryan Mackenzie,2025-06-13,1000.00
"K&L GATES, LLP",K&L Gates PAC,Democratic Senatorial Campaign Committee,2025-06-23,5000.00
"K&L GATES, LLP",K&L Gates PAC,Congresswoman Claudia Tenney,2025-06-23,1000.00
"K&L GATES, LLP",K&L Gates PAC,Congressman Bob Latta,2025-06-23,1000.00
"K&L GATES, LLP",K&L Gates PAC,Congressman Mike Johnson,2025-06-24,2500.00
"K&L GATES, LLP",K&L Gates PAC,Congressman Vince Fong,2025-06-24,1000.00
"K&L GATES, LLP",K&L Gates PAC,Congressman Bill Huizenga,2025-06-24,1500.00
"K&L GATES, LLP",K&L Gates PAC,Senator Brian Schatz,2025-06-25,1000.00
"K&L GATES, LLP",K&L Gates PAC,Congresswoman Debbie Dingell,2025-06-25,1000.00
"K&L GATES, LLP",K&L Gates PAC,Senator John Cornyn,2026-06-25,1000.00
"K&L GATES, LLP",K&L Gates PAC,Congresswoman Andrea Salinas,2025-06-26,1000.00
"K&L GATES, LLP",K&L Gates PAC,National Republican Senatorial Committee,2025-06-26,5000.00
"K&L GATES, LLP",K&L Gates PAC,Congressman Jack Bergman,2025-03-10,1000.00
"K&L GATES, LLP",K&L Gates PAC,National Republican Senatorial Committee,2025-01-10,5000.00
"K&L GATES, LLP",K&L Gates PAC,Congresswoman Erin Houchin,2025-01-13,1000.00
"K&L GATES, LLP",K&L Gates PAC,Congresswoman Lisa McClain,2025-01-21,1000.00
"K&L GATES, LLP",K&L Gates PAC,Congresswoman Julie Fedorchak,2025-01-23,500.00
"K&L GATES, LLP",K&L Gates PAC,Congressman Brad Schneider,2025-01-31,500.00
"K&L GATES, LLP",K&L Gates PAC,Senator Angela Alsobrooks,2025-02-03,1000.00
"K&L GATES, LLP",K&L Gates PAC,National Republican Congressional Committee,2025-02-04,5000.00
"K&L GATES, LLP",K&L Gates PAC,Congressman Troy Downing,2025-02-06,1000.00
"K&L GATES, LLP",K&L Gates PAC,Congressman Mike Simpson,2025-02-25,1000.00
"K&L GATES, LLP",K&L Gates PAC,Congressman Andy Barr,2025-02-25,1500.00
"K&L GATES, LLP",K&L Gates PAC,Senator Jim Risch,2025-02-26,1000.00
"K&L GATES, LLP",K&L Gates PAC,Senator Rand Paul,2025-02-26,1500.00
"K&L GATES, LLP",K&L Gates PAC,Congressman Michael Baumgartner,2025-02-27,1000.00
"K&L GATES, LLP",K&L Gates PAC,Congressman Morgan Griffith,2025-02-28,1000.00
"K&L GATES, LLP",K&L Gates PAC,Democratic Senatorial Campaign Committee,2025-03-04,5000.00
"K&L GATES, LLP",K&L Gates PAC,Congressman Joe Courtney,2025-03-05,1000.00
"K&L GATES, LLP",K&L Gates PAC,Congressman James Comer,2025-03-05,2000.00
"K&L GATES, LLP",K&L Gates PAC,Congressman Jack Bergman,2025-03-10,1000.00
"K&L GATES, LLP",K&L Gates PAC,Senator Ben Ray Lujan,2025-03-10,1000.00
"K&L GATES, LLP",K&L Gates PAC,Congressman Frank Pallone,2025-03-11,1000.00
"K&L GATES, LLP",K&L Gates PAC,Senator Ashley Moody,2025-03-14,1000.00
"K&L GATES, LLP",K&L Gates PAC,Congresswoman Mary Gay Scanlon,2025-03-14,1000.00
"K&L GATES, LLP",K&L Gates PAC,Congressman Brendan Boyle,2025-03-14,1000.00
"K&L GATES, LLP",K&L Gates PAC,Congressman Pat Fallon,2025-03-22,500.00
"K&L GATES, LLP",K&L Gates PAC,Congressman Guy Reschenthaler,2025-03-24,1000.00
"K&L GATES, LLP",K&L Gates PAC,Congressman Blake Moore,2025-03-24,1000.00
"K&L GATES, LLP",K&L Gates PAC,Congressman Bennie Thompson,2025-03-25,500.00
"K&L GATES, LLP",K&L Gates PAC,Congresswoman Zoe Lofgren,2025-03-25,1000.00
"K&L GATES, LLP",K&L Gates PAC,Congressman Don Beyer,2025-03-25,1000.00
"K&L GATES, LLP",K&L Gates PAC,Congressman Paul Tonko,2025-03-26,1000.00
"K&L GATES, LLP",K&L Gates PAC,Congressman John Moolenaar,2025-03-26,2500.00
"K&L GATES, LLP",K&L Gates PAC,Congressman Bill Huizenga,2025-03-26,2500.00
"K&L GATES, LLP",K&L Gates PAC,Senator Cynthia Lummis,2026-03-27,1000.00
"K&L GATES, LLP",K&L Gates PAC,Congressman Rick Larsen,2025-04-02,1000.00
"K&L GATES, LLP",K&L Gates PAC,Congressman Rudy Yakym,2025-04-03,500.00
"K&L GATES, LLP",K&L Gates PAC,Congressman Randy Feenstra,2025-04-08,500.00
"K&L GATES, LLP",K&L Gates PAC,Senator Dan Sullivan,2025-04-16,1000.00
"K&L GATES, LLP",K&L Gates PAC,Congressman Scott Fitzgerald,2025-04-29,1000.00
"K&L GATES, LLP",K&L Gates PAC,Congressman Ken Calvert,2025-04-29,3000.00
"K&L GATES, LLP",K&L Gates PAC,Senator Dave McCormick,2025-04-29,2000.00
"K&L GATES, LLP",K&L Gates PAC,Congressman Bennie Thompson,2025-04-29,500.00
"K&L GATES, LLP",K&L Gates PAC,Congressman Dan Newhouse,2025-04-30,1000.00
"K&L GATES, LLP",K&L Gates PAC,Congresswoman Robin Kelly,2025-04-30,750.00
"K&L GATES, LLP",K&L Gates PAC,CHD Bold PAC,2025-05-01,5000.00
"K&L GATES, LLP",K&L Gates PAC,Congressman Cliff Bentz,2025-05-06,2000.00
"K&L GATES, LLP",K&L Gates PAC,Congressman Russell Fry,2025-05-06,1000.00
"K&L GATES, LLP",K&L Gates PAC,Senator Ben Ray Lujan,2025-05-07,1000.00
"K&L GATES, LLP",K&L Gates PAC,Senator Bill Hagerty,2025-05-07,1500.00
"K&L GATES, LLP",K&L Gates PAC,Congressman Jim Jordan,2025-05-08,2000.00
"K&L GATES, LLP",K&L Gates PAC,Senator Dan Sullivan,2025-05-14,1000.00
"K&L GATES, LLP",K&L Gates PAC,Congressman Tim Moore,2025-05-14,1000.00
"K&L GATES, LLP",K&L Gates PAC,Congressman Dale Strong,2025-05-19,1000.00
"K&L GATES, LLP",K&L Gates PAC,Senator Catherine Cortez Masto,2025-05-20,1000.00
"K&L GATES, LLP",K&L Gates PAC,Congresswoman Lisa McClain,2025-05-21,1000.00
"K&L GATES, LLP",K&L Gates PAC,National Republican Congressional Committee,2025-05-21,5000.00
"K&L GATES, LLP",K&L Gates PAC,Congressman Brett Guthrie,2025-05-22,1500.00
"K&L GATES, LLP",K&L Gates PAC,Congresswoman Marilyn Strickland,2025-05-22,500.00
"K&L GATES, LLP",K&L Gates PAC,Congressman Darin LaHood,2025-05-29,1000.00
"K&L GATES, LLP",K&L Gates PAC,Senator Jeff Merkley,2025-05-29,1000.00
"K&L GATES, LLP",K&L Gates PAC,Senator Kirsten Gillibrand,2025-06-02,1000.00
"K&L GATES, LLP",K&L Gates PAC,Congressman Hank Johnson,2025-06-03,1000.00
"K&L GATES, LLP",K&L Gates PAC,Congresswoman Maxine Dexter,2025-06-03,500.00
"K&L GATES, LLP",K&L Gates PAC,Senator John Cornyn,2025-06-05,1000.00
"K&L GATES, LLP",K&L Gates PAC,Senator Lindsay Graham,2025-06-05,1000.00
"K&L GATES, LLP",K&L Gates PAC,Senator Roger Marshall,2025-06-05,1000.00
"K&L GATES, LLP",K&L Gates PAC,Senator Thom Tillis,2025-06-05,1000.00
"K&L GATES, LLP",K&L Gates PAC,Congresswoman Madeleine Dean,2025-06-06,1000.00
"K&L GATES, LLP",K&L Gates PAC,Senator Jon Husted,2025-06-10,1500.00
"K&L GATES, LLP",K&L Gates PAC,Senator Mark Warner,2025-06-10,2500.00
"K&L GATES, LLP",K&L Gates PAC,New Democrat Coalitio Action Fund,2025-06-10,5000.00
"K&L GATES, LLP",K&L Gates PAC,Congresswoman Katherine Clark,2025-06-10,2500.00
"K&L GATES, LLP",K&L Gates PAC,Senator Shelly Moore Capito,2025-06-10,1500.00
"K&L GATES, LLP",K&L Gates PAC,Senator Shelly Moore Capito,2025-06-11,2500.00
"K&L GATES, LLP",K&L Gates PAC,Congressional Black Caucus PAC,2025-06-11,5000.00
"K&L GATES, LLP",K&L Gates PAC,Congresswoman Mariannette Miller-Meeks,2025-06-11,1500.00
"K&L GATES, LLP",K&L Gates PAC,Congressman Ryan Mackenzie,2025-06-13,1000.00
"K&L GATES, LLP",K&L Gates PAC,Democratic Senatorial Campaign Committee,2025-06-23,5000.00
"K&L GATES, LLP",K&L Gates PAC,Congresswoman Claudia Tenney,2025-06-23,1000.00
"K&L GATES, LLP",K&L Gates PAC,Congressman Bob Latta,2025-06-23,1000.00
"K&L GATES, LLP",K&L Gates PAC,Congressman Mike Johnson,2025-06-24,2500.00
"K&L GATES, LLP",K&L Gates PAC,Congressman Vince Fong,2025-06-24,1000.00
"K&L GATES, LLP",K&L Gates PAC,Congressman Bill Huizenga,2025-06-24,1500.00
"K&L GATES, LLP",K&L Gates PAC,Senator Brian Schatz,2025-06-25,1000.00
"K&L GATES, LLP",K&L Gates PAC,Congresswoman Debbie Dingell,2025-06-25,1000.00
"K&L GATES, LLP",K&L Gates PAC,Senator John Cornyn,2026-06-25,1000.00
"K&L GATES, LLP",K&L Gates PAC,Congresswoman Andrea Salinas,2025-06-26,1000.00
"K&L GATES, LLP",K&L Gates PAC,National Republican Senatorial Committee,2025-06-26,5000.00
"K&L GATES, LLP",K&L Gates PAC,Congressman Jack Bergman,2025-03-10,1000.00
"K&L GATES, LLP",K&L Gates PAC,National Republican Senatorial Committee,2025-01-10,5000.00
"K&L GATES, LLP",K&L Gates PAC,Congresswoman Erin Houchin,2025-01-13,1000.00
"K&L GATES, LLP",K&L Gates PAC,Congresswoman Lisa McClain,2025-01-21,1000.00
"K&L GATES, LLP",K&L Gates PAC,Congresswoman Julie Fedorchak,2025-01-23,500.00
"K&L GATES, LLP",K&L Gates PAC,Congressman Brad Schneider,2025-01-31,500.00
"K&L GATES, LLP",K&L Gates PAC,Senator Angela Alsobrooks,2025-02-03,1000.00
"K&L GATES, LLP",K&L Gates PAC,National Republican Congressional Committee,2025-02-04,5000.00
"K&L GATES, LLP",K&L Gates PAC,Congressman Troy Downing,2025-02-06,1000.00
"K&L GATES, LLP",K&L Gates PAC,Congressman Mike Simpson,2025-02-25,1000.00
"K&L GATES, LLP",K&L Gates PAC,Congressman Andy Barr,2025-02-25,1500.00
"K&L GATES, LLP",K&L Gates PAC,Senator Jim Risch,2025-02-26,1000.00
"K&L GATES, LLP",K&L Gates PAC,Senator Rand Paul,2025-02-26,1500.00
"K&L GATES, LLP",K&L Gates PAC,Congressman Michael Baumgartner,2025-02-27,1000.00
"K&L GATES, LLP",K&L Gates PAC,Congressman Morgan Griffith,2025-02-28,1000.00
"K&L GATES, LLP",K&L Gates PAC,Democratic Senatorial Campaign Committee,2025-03-04,5000.00
"K&L GATES, LLP",K&L Gates PAC,Congressman Joe Courtney,2025-03-05,1000.00
"K&L GATES, LLP",K&L Gates PAC,Congressman James Comer,2025-03-05,2000.00
"K&L GATES, LLP",K&L Gates PAC,Congressman Jack Bergman,2025-03-10,1000.00
"K&L GATES, LLP",K&L Gates PAC,Senator Ben Ray Lujan,2025-03-10,1000.00
"K&L GATES, LLP",K&L Gates PAC,Congressman Frank Pallone,2025-03-11,1000.00
"K&L GATES, LLP",K&L Gates PAC,Senator Ashley Moody,2025-03-14,1000.00
"K&L GATES, LLP",K&L Gates PAC,Congresswoman Mary Gay Scanlon,2025-03-14,1000.00
"K&L GATES, LLP",K&L Gates PAC,Congressman Brendan Boyle,2025-03-14,1000.00
"K&L GATES, LLP",K&L Gates PAC,Congressman Pat Fallon,2025-03-22,500.00
"K&L GATES, LLP",K&L Gates PAC,Congressman Guy Reschenthaler,2025-03-24,1000.00
"K&L GATES, LLP",K&L Gates PAC,Congressman Blake Moore,2025-03-24,1000.00
"K&L GATES, LLP",K&L Gates PAC,Congressman Bennie Thompson,2025-03-25,500.00
"K&L GATES, LLP",K&L Gates PAC,Congresswoman Zoe Lofgren,2025-03-25,1000.00
"K&L GATES, LLP",K&L Gates PAC,Congressman Don Beyer,2025-03-25,1000.00
"K&L GATES, LLP",K&L Gates PAC,Congressman Paul Tonko,2025-03-26,1000.00
"K&L GATES, LLP",K&L Gates PAC,Congressman John Moolenaar,2025-03-26,2500.00
"K&L GATES, LLP",K&L Gates PAC,Congressman Bill Huizenga,2025-03-26,2500.00
"K&L GATES, LLP",K&L Gates PAC,Senator Cynthia Lummis,2026-03-27,1000.00
"K&L GATES, LLP",K&L Gates PAC,Congressman Rick Larsen,2025-04-02,1000.00
"K&L GATES, LLP",K&L Gates PAC,Congressman Rudy Yakym,2025-04-03,500.00
"K&L GATES, LLP",K&L Gates PAC,Congressman Randy Feenstra,2025-04-08,500.00
"K&L GATES, LLP",K&L Gates PAC,Senator Dan Sullivan,2025-04-16,1000.00
"K&L GATES, LLP",K&L Gates PAC,Congressman Scott Fitzgerald,2025-04-29,1000.00
"K&L GATES, LLP",K&L Gates PAC,Congressman Ken Calvert,2025-04-29,3000.00
"K&L GATES, LLP",K&L Gates PAC,Senator Dave McCormick,2025-04-29,2000.00
"K&L GATES, LLP",K&L Gates PAC,Congressman Bennie Thompson,2025-04-29,500.00
"K&L GATES, LLP",K&L Gates PAC,Congressman Dan Newhouse,2025-04-30,1000.00
"K&L GATES, LLP",K&L Gates PAC,Congresswoman Robin Kelly,2025-04-30,750.00
"K&L GATES, LLP",K&L Gates PAC,CHD Bold PAC,2025-05-01,5000.00
"K&L GATES, LLP",K&L Gates PAC,Congressman Cliff Bentz,2025-05-06,2000.00
"K&L GATES, LLP",K&L Gates PAC,Congressman Russell Fry,2025-05-06,1000.00
"K&L GATES, LLP",K&L Gates PAC,Senator Ben Ray Lujan,2025-05-07,1000.00
"K&L GATES, LLP",K&L Gates PAC,Senator Bill Hagerty,2025-05-07,1500.00
"K&L GATES, LLP",K&L Gates PAC,Congressman Jim Jordan,2025-05-08,2000.00
"K&L GATES, LLP",K&L Gates PAC,Senator Dan Sullivan,2025-05-14,1000.00
"K&L GATES, LLP",K&L Gates PAC,Congressman Tim Moore,2025-05-14,1000.00
"K&L GATES, LLP",K&L Gates PAC,Congressman Dale Strong,2025-05-19,1000.00
"K&L GATES, LLP",K&L Gates PAC,Senator Catherine Cortez Masto,2025-05-20,1000.00
"K&L GATES, LLP",K&L Gates PAC,Congresswoman Lisa McClain,2025-05-21,1000.00
"K&L GATES, LLP",K&L Gates PAC,National Republican Congressional Committee,2025-05-21,5000.00
"K&L GATES, LLP",K&L Gates PAC,Congressman Brett Guthrie,2025-05-22,1500.00
"K&L GATES, LLP",K&L Gates PAC,Congresswoman Marilyn Strickland,2025-05-22,500.00
"K&L GATES, LLP",K&L Gates PAC,Congressman Darin LaHood,2025-05-29,1000.00
"K&L GATES, LLP",K&L Gates PAC,Senator Jeff Merkley,2025-05-29,1000.00
"K&L GATES, LLP",K&L Gates PAC,Senator Kirsten Gillibrand,2025-06-02,1000.00
"K&L GATES, LLP",K&L Gates PAC,Congressman Hank Johnson,2025-06-03,1000.00
"K&L GATES, LLP",K&L Gates PAC,Congresswoman Maxine Dexter,2025-06-03,500.00
"K&L GATES, LLP",K&L Gates PAC,Senator John Cornyn,2025-06-05,1000.00
"K&L GATES, LLP",K&L Gates PAC,Senator Lindsay Graham,2025-06-05,1000.00
"K&L GATES, LLP",K&L Gates PAC,Senator Roger Marshall,2025-06-05,1000.00
"K&L GATES, LLP",K&L Gates PAC,Senator Thom Tillis,2025-06-05,1000.00
"K&L GATES, LLP",K&L Gates PAC,Congresswoman Madeleine Dean,2025-06-06,1000.00
"K&L GATES, LLP",K&L Gates PAC,Senator Jon Husted,2025-06-10,1500.00
"K&L GATES, LLP",K&L Gates PAC,Senator Mark Warner,2025-06-10,2500.00
"K&L GATES, LLP",K&L Gates PAC,New Democrat Coalitio Action Fund,2025-06-10,5000.00
"K&L GATES, LLP",K&L Gates PAC,Congresswoman Katherine Clark,2025-06-10,2500.00
"K&L GATES, LLP",K&L Gates PAC,Senator Shelly Moore Capito,2025-06-10,1500.00
"K&L GATES, LLP",K&L Gates PAC,Senator Shelly Moore Capito,2025-06-11,2500.00
"K&L GATES, LLP",K&L Gates PAC,Congressional Black Caucus PAC,2025-06-11,5000.00
"K&L GATES, LLP",K&L Gates PAC,Congresswoman Mariannette Miller-Meeks,2025-06-11,1500.00
"K&L GATES, LLP",K&L Gates PAC,Congressman Ryan Mackenzie,2025-06-13,1000.00
"K&L GATES, LLP",K&L Gates PAC,Democratic Senatorial Campaign Committee,2025-06-23,5000.00
"K&L GATES, LLP",K&L Gates PAC,Congresswoman Claudia Tenney,2025-06-23,1000.00
"K&L GATES, LLP",K&L Gates PAC,Congressman Bob Latta,2025-06-23,1000.00
"K&L GATES, LLP",K&L Gates PAC,Congressman Mike Johnson,2025-06-24,2500.00
"K&L GATES, LLP",K&L Gates PAC,Congressman Vince Fong,2025-06-24,1000.00
"K&L GATES, LLP",K&L Gates PAC,Congressman Bill Huizenga,2025-06-24,1500.00
"K&L GATES, LLP",K&L Gates PAC,Senator Brian Schatz,2025-06-25,1000.00
"K&L GATES, LLP",K&L Gates PAC,Congresswoman Debbie Dingell,2025-06-25,1000.00
"K&L GATES, LLP",K&L Gates PAC,Senator John Cornyn,2026-06-25,1000.00
"K&L GATES, LLP",K&L Gates PAC,Congresswoman Andrea Salinas,2025-06-26,1000.00
"K&L GATES, LLP",K&L Gates PAC,National Republican Senatorial Committee,2025-06-26,5000.00
"K&L GATES, LLP",K&L Gates PAC,Congressman Jack Bergman,2025-03-10,1000.00
"K&L GATES, LLP",K&L Gates PAC,National Republican Senatorial Committee,2025-01-10,5000.00
"K&L GATES, LLP",K&L Gates PAC,Congresswoman Erin Houchin,2025-01-13,1000.00
"K&L GATES, LLP",K&L Gates PAC,Congresswoman Lisa McClain,2025-01-21,1000.00
"K&L GATES, LLP",K&L Gates PAC,Congresswoman Julie Fedorchak,2025-01-23,500.00
"K&L GATES, LLP",K&L Gates PAC,Congressman Brad Schneider,2025-01-31,500.00
"K&L GATES, LLP",K&L Gates PAC,Senator Angela Alsobrooks,2025-02-03,1000.00
"K&L GATES, LLP",K&L Gates PAC,National Republican Congressional Committee,2025-02-04,5000.00
"K&L GATES, LLP",K&L Gates PAC,Congressman Troy Downing,2025-02-06,1000.00
"K&L GATES, LLP",K&L Gates PAC,Congressman Mike Simpson,2025-02-25,1000.00
"K&L GATES, LLP",K&L Gates PAC,Congressman Andy Barr,2025-02-25,1500.00
"K&L GATES, LLP",K&L Gates PAC,Senator Jim Risch,2025-02-26,1000.00
"K&L GATES, LLP",K&L Gates PAC,Senator Rand Paul,2025-02-26,1500.00
"K&L GATES, LLP",K&L Gates PAC,Congressman Michael Baumgartner,2025-02-27,1000.00
"K&L GATES, LLP",K&L Gates PAC,Congressman Morgan Griffith,2025-02-28,1000.00
"K&L GATES, LLP",K&L Gates PAC,Democratic Senatorial Campaign Committee,2025-03-04,5000.00
"K&L GATES, LLP",K&L Gates PAC,Congressman Joe Courtney,2025-03-05,1000.00
"K&L GATES, LLP",K&L Gates PAC,Congressman James Comer,2025-03-05,2000.00
"K&L GATES, LLP",K&L Gates PAC,Congressman Jack Bergman,2025-03-10,1000.00
"K&L GATES, LLP",K&L Gates PAC,Senator Ben Ray Lujan,2025-03-10,1000.00
"K&L GATES, LLP",K&L Gates PAC,Congressman Frank Pallone,2025-03-11,1000.00
"K&L GATES, LLP",K&L Gates PAC,Senator Ashley Moody,2025-03-14,1000.00
"K&L GATES, LLP",K&L Gates PAC,Congresswoman Mary Gay Scanlon,2025-03-14,1000.00
"K&L GATES, LLP",K&L Gates PAC,Congressman Brendan Boyle,2025-03-14,1000.00
"K&L GATES, LLP",K&L Gates PAC,Congressman Pat Fallon,2025-03-22,500.00
"K&L GATES, LLP",K&L Gates PAC,Congressman Guy Reschenthaler,2025-03-24,1000.00
"K&L GATES, LLP",K&L Gates PAC,Congressman Blake Moore,2025-03-24,1000.00
"K&L GATES, LLP",K&L Gates PAC,Congressman Bennie Thompson,2025-03-25,500.00
"K&L GATES, LLP",K&L Gates PAC,Congresswoman Zoe Lofgren,2025-03-25,1000.00
"K&L GATES, LLP",K&L Gates PAC,Congressman Don Beyer,2025-03-25,1000.00
"K&L GATES, LLP",K&L Gates PAC,Congressman Paul Tonko,2025-03-26,1000.00
"K&L GATES, LLP",K&L Gates PAC,Congressman John Moolenaar,2025-03-26,2500.00
"K&L GATES, LLP",K&L Gates PAC,Congressman Bill Huizenga,2025-03-26,2500.00
"K&L GATES, LLP",K&L Gates PAC,Senator Cynthia Lummis,2026-03-27,1000.00
"K&L GATES, LLP",K&L Gates PAC,Congressman Rick Larsen,2025-04-02,1000.00
"K&L GATES, LLP",K&L Gates PAC,Congressman Rudy Yakym,2025-04-03,500.00
"K&L GATES, LLP",K&L Gates PAC,Congressman Randy Feenstra,2025-04-08,500.00
"K&L GATES, LLP",K&L Gates PAC,Senator Dan Sullivan,2025-04-16,1000.00
"K&L GATES, LLP",K&L Gates PAC,Congressman Scott Fitzgerald,2025-04-29,1000.00
"K&L GATES, LLP",K&L Gates PAC,Congressman Ken Calvert,2025-04-29,3000.00
"K&L GATES, LLP",K&L Gates PAC,Senator Dave McCormick,2025-04-29,2000.00
"K&L GATES, LLP",K&L Gates PAC,Congressman Bennie Thompson,2025-04-29,500.00
"K&L GATES, LLP",K&L Gates PAC,Congressman Dan Newhouse,2025-04-30,1000.00
"K&L GATES, LLP",K&L Gates PAC,Congresswoman Robin Kelly,2025-04-30,750.00
"K&L GATES, LLP",K&L Gates PAC,CHD Bold PAC,2025-05-01,5000.00
"K&L GATES, LLP",K&L Gates PAC,Congressman Cliff Bentz,2025-05-06,2000.00
"K&L GATES, LLP",K&L Gates PAC,Congressman Russell Fry,2025-05-06,1000.00
"K&L GATES, LLP",K&L Gates PAC,Senator Ben Ray Lujan,2025-05-07,1000.00
"K&L GATES, LLP",K&L Gates PAC,Senator Bill Hagerty,2025-05-07,1500.00
"K&L GATES, LLP",K&L Gates PAC,Congressman Jim Jordan,2025-05-08,2000.00
"K&L GATES, LLP",K&L Gates PAC,Senator Dan Sullivan,2025-05-14,1000.00
"K&L GATES, LLP",K&L Gates PAC,Congressman Tim Moore,2025-05-14,1000.00
"K&L GATES, LLP",K&L Gates PAC,Congressman Dale Strong,2025-05-19,1000.00
"K&L GATES, LLP",K&L Gates PAC,Senator Catherine Cortez Masto,2025-05-20,1000.00
"K&L GATES, LLP",K&L Gates PAC,Congresswoman Lisa McClain,2025-05-21,1000.00
"K&L GATES, LLP",K&L Gates PAC,National Republican Congressional Committee,2025-05-21,5000.00
"K&L GATES, LLP",K&L Gates PAC,Congressman Brett Guthrie,2025-05-22,1500.00
"K&L GATES, LLP",K&L Gates PAC,Congresswoman Marilyn Strickland,2025-05-22,500.00
"K&L GATES, LLP",K&L Gates PAC,Congressman Darin LaHood,2025-05-29,1000.00
"K&L GATES, LLP",K&L Gates PAC,Senator Jeff Merkley,2025-05-29,1000.00
"K&L GATES, LLP",K&L Gates PAC,Senator Kirsten Gillibrand,2025-06-02,1000.00
"K&L GATES, LLP",K&L Gates PAC,Congressman Hank Johnson,2025-06-03,1000.00
"K&L GATES, LLP",K&L Gates PAC,Congresswoman Maxine Dexter,2025-06-03,500.00
"K&L GATES, LLP",K&L Gates PAC,Senator John Cornyn,2025-06-05,1000.00
"K&L GATES, LLP",K&L Gates PAC,Senator Lindsay Graham,2025-06-05,1000.00
"K&L GATES, LLP",K&L Gates PAC,Senator Roger Marshall,2025-06-05,1000.00
"K&L GATES, LLP",K&L Gates PAC,Senator Thom Tillis,2025-06-05,1000.00
"K&L GATES, LLP",K&L Gates PAC,Congresswoman Madeleine Dean,2025-06-06,1000.00
"K&L GATES, LLP",K&L Gates PAC,Senator Jon Husted,2025-06-10,1500.00
"K&L GATES, LLP",K&L Gates PAC,Senator Mark Warner,2025-06-10,2500.00
"K&L GATES, LLP",K&L Gates PAC,New Democrat Coalitio Action Fund,2025-06-10,5000.00
"K&L GATES, LLP",K&L Gates PAC,Congresswoman Katherine Clark,2025-06-10,2500.00
"K&L GATES, LLP",K&L Gates PAC,Senator Shelly Moore Capito,2025-06-10,1500.00
"K&L GATES, LLP",K&L Gates PAC,Senator Shelly Moore Capito,2025-06-11,2500.00
"K&L GATES, LLP",K&L Gates PAC,Congressional Black Caucus PAC,2025-06-11,5000.00
"K&L GATES, LLP",K&L Gates PAC,Congresswoman Mariannette Miller-Meeks,2025-06-11,1500.00
"K&L GATES, LLP",K&L Gates PAC,Congressman Ryan Mackenzie,2025-06-13,1000.00
"K&L GATES, LLP",K&L Gates PAC,Democratic Senatorial Campaign Committee,2025-06-23,5000.00
"K&L GATES, LLP",K&L Gates PAC,Congresswoman Claudia Tenney,2025-06-23,1000.00
"K&L GATES, LLP",K&L Gates PAC,Congressman Bob Latta,2025-06-23,1000.00
"K&L GATES, LLP",K&L Gates PAC,Congressman Mike Johnson,2025-06-24,2500.00
"K&L GATES, LLP",K&L Gates PAC,Congressman Vince Fong,2025-06-24,1000.00
"K&L GATES, LLP",K&L Gates PAC,Congressman Bill Huizenga,2025-06-24,1500.00
"K&L GATES, LLP",K&L Gates PAC,Senator Brian Schatz,2025-06-25,1000.00
"K&L GATES, LLP",K&L Gates PAC,Congresswoman Debbie Dingell,2025-06-25,1000.00
"K&L GATES, LLP",K&L Gates PAC,Senator John Cornyn,2026-06-25,1000.00
"K&L GATES, LLP",K&L Gates PAC,Congresswoman Andrea Salinas,2025-06-26,1000.00
"K&L GATES, LLP",K&L Gates PAC,National Republican Senatorial Committee,2025-06-26,5000.00
"K&L GATES, LLP",K&L Gates PAC,Congressman Jack Bergman,2025-03-10,1000.00
"K&L GATES, LLP",K&L Gates PAC,National Republican Senatorial Committee,2025-01-10,5000.00
"K&L GATES, LLP",K&L Gates PAC,Congresswoman Erin Houchin,2025-01-13,1000.00
"K&L GATES, LLP",K&L Gates PAC,Congresswoman Lisa McClain,2025-01-21,1000.00
"K&L GATES, LLP",K&L Gates PAC,Congresswoman Julie Fedorchak,2025-01-23,500.00
"K&L GATES, LLP",K&L Gates PAC,Congressman Brad Schneider,2025-01-31,500.00
"K&L GATES, LLP",K&L Gates PAC,Senator Angela Alsobrooks,2025-02-03,1000.00
"K&L GATES, LLP",K&L Gates PAC,National Republican Congressional Committee,2025-02-04,5000.00
"K&L GATES, LLP",K&L Gates PAC,Congressman Troy Downing,2025-02-06,1000.00
"K&L GATES, LLP",K&L Gates PAC,Congressman Mike Simpson,2025-02-25,1000.00
"K&L GATES, LLP",K&L Gates PAC,Congressman Andy Barr,2025-02-25,1500.00
"K&L GATES, LLP",K&L Gates PAC,Senator Jim Risch,2025-02-26,1000.00
"K&L GATES, LLP",K&L Gates PAC,Senator Rand Paul,2025-02-26,1500.00
"K&L GATES, LLP",K&L Gates PAC,Congressman Michael Baumgartner,2025-02-27,1000.00
"K&L GATES, LLP",K&L Gates PAC,Congressman Morgan Griffith,2025-02-28,1000.00
"K&L GATES, LLP",K&L Gates PAC,Democratic Senatorial Campaign Committee,2025-03-04,5000.00
"K&L GATES, LLP",K&L Gates PAC,Congressman Joe Courtney,2025-03-05,1000.00
"K&L GATES, LLP",K&L Gates PAC,Congressman James Comer,2025-03-05,2000.00
"K&L GATES, LLP",K&L Gates PAC,Congressman Jack Bergman,2025-03-10,1000.00
"K&L GATES, LLP",K&L Gates PAC,Senator Ben Ray Lujan,2025-03-10,1000.00
"K&L GATES, LLP",K&L Gates PAC,Congressman Frank Pallone,2025-03-11,1000.00
"K&L GATES, LLP",K&L Gates PAC,Senator Ashley Moody,2025-03-14,1000.00
"K&L GATES, LLP",K&L Gates PAC,Congresswoman Mary Gay Scanlon,2025-03-14,1000.00
"K&L GATES, LLP",K&L Gates PAC,Congressman Brendan Boyle,2025-03-14,1000.00
"K&L GATES, LLP",K&L Gates PAC,Congressman Pat Fallon,2025-03-22,500.00
"K&L GATES, LLP",K&L Gates PAC,Congressman Guy Reschenthaler,2025-03-24,1000.00
"K&L GATES, LLP",K&L Gates PAC,Congressman Blake Moore,2025-03-24,1000.00
"K&L GATES, LLP",K&L Gates PAC,Congressman Bennie Thompson,2025-03-25,500.00
"K&L GATES, LLP",K&L Gates PAC,Congresswoman Zoe Lofgren,2025-03-25,1000.00
"K&L GATES, LLP",K&L Gates PAC,Congressman Don Beyer,2025-03-25,1000.00
"K&L GATES, LLP",K&L Gates PAC,Congressman Paul Tonko,2025-03-26,1000.00
"K&L GATES, LLP",K&L Gates PAC,Congressman John Moolenaar,2025-03-26,2500.00
"K&L GATES, LLP",K&L Gates PAC,Congressman Bill Huizenga,2025-03-26,2500.00
"K&L GATES, LLP",K&L Gates PAC,Senator Cynthia Lummis,2026-03-27,1000.00
"K&L GATES, LLP",K&L Gates PAC,Congressman Rick Larsen,2025-04-02,1000.00
"K&L GATES, LLP",K&L Gates PAC,Congressman Rudy Yakym,2025-04-03,500.00
"K&L GATES, LLP",K&L Gates PAC,Congressman Randy Feenstra,2025-04-08,500.00
"K&L GATES, LLP",K&L Gates PAC,Senator Dan Sullivan,2025-04-16,1000.00
"K&L GATES, LLP",K&L Gates PAC,Congressman Scott Fitzgerald,2025-04-29,1000.00
"K&L GATES, LLP",K&L Gates PAC,Congressman Ken Calvert,2025-04-29,3000.00
"K&L GATES, LLP",K&L Gates PAC,Senator Dave McCormick,2025-04-29,2000.00
"K&L GATES, LLP",K&L Gates PAC,Congressman Bennie Thompson,2025-04-29,500.00
"K&L GATES, LLP",K&L Gates PAC,Congressman Dan Newhouse,2025-04-30,1000.00
"K&L GATES, LLP",K&L Gates PAC,Congresswoman Robin Kelly,2025-04-30,750.00
"K&L GATES, LLP",K&L Gates PAC,CHD Bold PAC,2025-05-01,5000.00
"K&L GATES, LLP",K&L Gates PAC,Congressman Cliff Bentz,2025-05-06,2000.00
"K&L GATES, LLP",K&L Gates PAC,Congressman Russell Fry,2025-05-06,1000.00
"K&L GATES, LLP",K&L Gates PAC,Senator Ben Ray Lujan,2025-05-07,1000.00
"K&L GATES, LLP",K&L Gates PAC,Senator Bill Hagerty,2025-05-07,1500.00
"K&L GATES, LLP",K&L Gates PAC,Congressman Jim Jordan,2025-05-08,2000.00
"K&L GATES, LLP",K&L Gates PAC,Senator Dan Sullivan,2025-05-14,1000.00
"K&L GATES, LLP",K&L Gates PAC,Congressman Tim Moore,2025-05-14,1000.00
"K&L GATES, LLP",K&L Gates PAC,Congressman Dale Strong,2025-05-19,1000.00
"K&L GATES, LLP",K&L Gates PAC,Senator Catherine Cortez Masto,2025-05-20,1000.00
"K&L GATES, LLP",K&L Gates PAC,Congresswoman Lisa McClain,2025-05-21,1000.00
"K&L GATES, LLP",K&L Gates PAC,National Republican Congressional Committee,2025-05-21,5000.00
"K&L GATES, LLP",K&L Gates PAC,Congressman Brett Guthrie,2025-05-22,1500.00
"K&L GATES, LLP",K&L Gates PAC,Congresswoman Marilyn Strickland,2025-05-22,500.00
"K&L GATES, LLP",K&L Gates PAC,Congressman Darin LaHood,2025-05-29,1000.00
"K&L GATES, LLP",K&L Gates PAC,Senator Jeff Merkley,2025-05-29,1000.00
"K&L GATES, LLP",K&L Gates PAC,Senator Kirsten Gillibrand,2025-06-02,1000.00
"K&L GATES, LLP",K&L Gates PAC,Congressman Hank Johnson,2025-06-03,1000.00
"K&L GATES, LLP",K&L Gates PAC,Congresswoman Maxine Dexter,2025-06-03,500.00
"K&L GATES, LLP",K&L Gates PAC,Senator John Cornyn,2025-06-05,1000.00
"K&L GATES, LLP",K&L Gates PAC,Senator Lindsay Graham,2025-06-05,1000.00
"K&L GATES, LLP",K&L Gates PAC,Senator Roger Marshall,2025-06-05,1000.00
"K&L GATES, LLP",K&L Gates PAC,Senator Thom Tillis,2025-06-05,1000.00
"K&L GATES, LLP",K&L Gates PAC,Congresswoman Madeleine Dean,2025-06-06,1000.00
"K&L GATES, LLP",K&L Gates PAC,Senator Jon Husted,2025-06-10,1500.00
"K&L GATES, LLP",K&L Gates PAC,Senator Mark Warner,2025-06-10,2500.00
"K&L GATES, LLP",K&L Gates PAC,New Democrat Coalitio Action Fund,2025-06-10,5000.00
"K&L GATES, LLP",K&L Gates PAC,Congresswoman Katherine Clark,2025-06-10,2500.00
"K&L GATES, LLP",K&L Gates PAC,Senator Shelly Moore Capito,2025-06-10,1500.00
"K&L GATES, LLP",K&L Gates PAC,Senator Shelly Moore Capito,2025-06-11,2500.00
"K&L GATES, LLP",K&L Gates PAC,Congressional Black Caucus PAC,2025-06-11,5000.00
"K&L GATES, LLP",K&L Gates PAC,Congresswoman Mariannette Miller-Meeks,2025-06-11,1500.00
"K&L GATES, LLP",K&L Gates PAC,Congressman Ryan Mackenzie,2025-06-13,1000.00
"K&L GATES, LLP",K&L Gates PAC,Democratic Senatorial Campaign Committee,2025-06-23,5000.00
"K&L GATES, LLP",K&L Gates PAC,Congresswoman Claudia Tenney,2025-06-23,1000.00
"K&L GATES, LLP",K&L Gates PAC,Congressman Bob Latta,2025-06-23,1000.00
"K&L GATES, LLP",K&L Gates PAC,Congressman Mike Johnson,2025-06-24,2500.00
"K&L GATES, LLP",K&L Gates PAC,Congressman Vince Fong,2025-06-24,1000.00
"K&L GATES, LLP",K&L Gates PAC,Congressman Bill Huizenga,2025-06-24,1500.00
"K&L GATES, LLP",K&L Gates PAC,Senator Brian Schatz,2025-06-25,1000.00
"K&L GATES, LLP",K&L Gates PAC,Congresswoman Debbie Dingell,2025-06-25,1000.00
"K&L GATES, LLP",K&L Gates PAC,Senator John Cornyn,2026-06-25,1000.00
"K&L GATES, LLP",K&L Gates PAC,Congresswoman Andrea Salinas,2025-06-26,1000.00
"K&L GATES, LLP",K&L Gates PAC,National Republican Senatorial Committee,2025-06-26,5000.00
"K&L GATES, LLP",K&L Gates PAC,Congressman Jack Bergman,2025-03-10,1000.00
"K&L GATES, LLP",K&L Gates PAC,National Republican Senatorial Committee,2025-01-10,5000.00
"K&L GATES, LLP",K&L Gates PAC,Congresswoman Erin Houchin,2025-01-13,1000.00
"K&L GATES, LLP",K&L Gates PAC,Congresswoman Lisa McClain,2025-01-21,1000.00
"K&L GATES, LLP",K&L Gates PAC,Congresswoman Julie Fedorchak,2025-01-23,500.00
"K&L GATES, LLP",K&L Gates PAC,Congressman Brad Schneider,2025-01-31,500.00
"K&L GATES, LLP",K&L Gates PAC,Senator Angela Alsobrooks,2025-02-03,1000.00
"K&L GATES, LLP",K&L Gates PAC,National Republican Congressional Committee,2025-02-04,5000.00
"K&L GATES, LLP",K&L Gates PAC,Congressman Troy Downing,2025-02-06,1000.00
"K&L GATES, LLP",K&L Gates PAC,Congressman Mike Simpson,2025-02-25,1000.00
"K&L GATES, LLP",K&L Gates PAC,Congressman Andy Barr,2025-02-25,1500.00
"K&L GATES, LLP",K&L Gates PAC,Senator Jim Risch,2025-02-26,1000.00
"K&L GATES, LLP",K&L Gates PAC,Senator Rand Paul,2025-02-26,1500.00
"K&L GATES, LLP",K&L Gates PAC,Congressman Michael Baumgartner,2025-02-27,1000.00
"K&L GATES, LLP",K&L Gates PAC,Congressman Morgan Griffith,2025-02-28,1000.00
"K&L GATES, LLP",K&L Gates PAC,Democratic Senatorial Campaign Committee,2025-03-04,5000.00
"K&L GATES, LLP",K&L Gates PAC,Congressman Joe Courtney,2025-03-05,1000.00
"K&L GATES, LLP",K&L Gates PAC,Congressman James Comer,2025-03-05,2000.00
"K&L GATES, LLP",K&L Gates PAC,Congressman Jack Bergman,2025-03-10,1000.00
"K&L GATES, LLP",K&L Gates PAC,Senator Ben Ray Lujan,2025-03-10,1000.00
"K&L GATES, LLP",K&L Gates PAC,Congressman Frank Pallone,2025-03-11,1000.00
"K&L GATES, LLP",K&L Gates PAC,Senator Ashley Moody,2025-03-14,1000.00
"K&L GATES, LLP",K&L Gates PAC,Congresswoman Mary Gay Scanlon,2025-03-14,1000.00
"K&L GATES, LLP",K&L Gates PAC,Congressman Brendan Boyle,2025-03-14,1000.00
"K&L GATES, LLP",K&L Gates PAC,Congressman Pat Fallon,2025-03-22,500.00
"K&L GATES, LLP",K&L Gates PAC,Congressman Guy Reschenthaler,2025-03-24,1000.00
"K&L GATES, LLP",K&L Gates PAC,Congressman Blake Moore,2025-03-24,1000.00
"K&L GATES, LLP",K&L Gates PAC,Congressman Bennie Thompson,2025-03-25,500.00
"K&L GATES, LLP",K&L Gates PAC,Congresswoman Zoe Lofgren,2025-03-25,1000.00
"K&L GATES, LLP",K&L Gates PAC,Congressman Don Beyer,2025-03-25,1000.00
"K&L GATES, LLP",K&L Gates PAC,Congressman Paul Tonko,2025-03-26,1000.00
"K&L GATES, LLP",K&L Gates PAC,Congressman John Moolenaar,2025-03-26,2500.00
"K&L GATES, LLP",K&L Gates PAC,Congressman Bill Huizenga,2025-03-26,2500.00
"K&L GATES, LLP",K&L Gates PAC,Senator Cynthia Lummis,2026-03-27,1000.00
"K&L GATES, LLP",K&L Gates PAC,Congressman Rick Larsen,2025-04-02,1000.00
"K&L GATES, LLP",K&L Gates PAC,Congressman Rudy Yakym,2025-04-03,500.00
"K&L GATES, LLP",K&L Gates PAC,Congressman Randy Feenstra,2025-04-08,500.00
"K&L GATES, LLP",K&L Gates PAC,Senator Dan Sullivan,2025-04-16,1000.00
"K&L GATES, LLP",K&L Gates PAC,Congressman Scott Fitzgerald,2025-04-29,1000.00
"K&L GATES, LLP",K&L Gates PAC,Congressman Ken Calvert,2025-04-29,3000.00
"K&L GATES, LLP",K&L Gates PAC,Senator Dave McCormick,2025-04-29,2000.00
"K&L GATES, LLP",K&L Gates PAC,Congressman Bennie Thompson,2025-04-29,500.00
"K&L GATES, LLP",K&L Gates PAC,Congressman Dan Newhouse,2025-04-30,1000.00
"K&L GATES, LLP",K&L Gates PAC,Congresswoman Robin Kelly,2025-04-30,750.00
"K&L GATES, LLP",K&L Gates PAC,CHD Bold PAC,2025-05-01,5000.00
"K&L GATES, LLP",K&L Gates PAC,Congressman Cliff Bentz,2025-05-06,2000.00
"K&L GATES, LLP",K&L Gates PAC,Congressman Russell Fry,2025-05-06,1000.00
"K&L GATES, LLP",K&L Gates PAC,Senator Ben Ray Lujan,2025-05-07,1000.00
"K&L GATES, LLP",K&L Gates PAC,Senator Bill Hagerty,2025-05-07,1500.00
"K&L GATES, LLP",K&L Gates PAC,Congressman Jim Jordan,2025-05-08,2000.00
"K&L GATES, LLP",K&L Gates PAC,Senator Dan Sullivan,2025-05-14,1000.00
"K&L GATES, LLP",K&L Gates PAC,Congressman Tim Moore,2025-05-14,1000.00
"K&L GATES, LLP",K&L Gates PAC,Congressman Dale Strong,2025-05-19,1000.00
"K&L GATES, LLP",K&L Gates PAC,Senator Catherine Cortez Masto,2025-05-20,1000.00
"K&L GATES, LLP",K&L Gates PAC,Congresswoman Lisa McClain,2025-05-21,1000.00
"K&L GATES, LLP",K&L Gates PAC,National Republican Congressional Committee,2025-05-21,5000.00
"K&L GATES, LLP",K&L Gates PAC,Congressman Brett Guthrie,2025-05-22,1500.00
"K&L GATES, LLP",K&L Gates PAC,Congresswoman Marilyn Strickland,2025-05-22,500.00
"K&L GATES, LLP",K&L Gates PAC,Congressman Darin LaHood,2025-05-29,1000.00
"K&L GATES, LLP",K&L Gates PAC,Senator Jeff Merkley,2025-05-29,1000.00
"K&L GATES, LLP",K&L Gates PAC,Senator Kirsten Gillibrand,2025-06-02,1000.00
"K&L GATES, LLP",K&L Gates PAC,Congressman Hank Johnson,2025-06-03,1000.00
"K&L GATES, LLP",K&L Gates PAC,Congresswoman Maxine Dexter,2025-06-03,500.00
"K&L GATES, LLP",K&L Gates PAC,Senator John Cornyn,2025-06-05,1000.00
"K&L GATES, LLP",K&L Gates PAC,Senator Lindsay Graham,2025-06-05,1000.00
"K&L GATES, LLP",K&L Gates PAC,Senator Roger Marshall,2025-06-05,1000.00
"K&L GATES, LLP",K&L Gates PAC,Senator Thom Tillis,2025-06-05,1000.00
"K&L GATES, LLP",K&L Gates PAC,Congresswoman Madeleine Dean,2025-06-06,1000.00
"K&L GATES, LLP",K&L Gates PAC,Senator Jon Husted,2025-06-10,1500.00
"K&L GATES, LLP",K&L Gates PAC,Senator Mark Warner,2025-06-10,2500.00
"K&L GATES, LLP",K&L Gates PAC,New Democrat Coalitio Action Fund,2025-06-10,5000.00
"K&L GATES, LLP",K&L Gates PAC,Congresswoman Katherine Clark,2025-06-10,2500.00
"K&L GATES, LLP",K&L Gates PAC,Senator Shelly Moore Capito,2025-06-10,1500.00
"K&L GATES, LLP",K&L Gates PAC,Senator Shelly Moore Capito,2025-06-11,2500.00
"K&L GATES, LLP",K&L Gates PAC,Congressional Black Caucus PAC,2025-06-11,5000.00
"K&L GATES, LLP",K&L Gates PAC,Congresswoman Mariannette Miller-Meeks,2025-06-11,1500.00
"K&L GATES, LLP",K&L Gates PAC,Congressman Ryan Mackenzie,2025-06-13,1000.00
"K&L GATES, LLP",K&L Gates PAC,Democratic Senatorial Campaign Committee,2025-06-23,5000.00
"K&L GATES, LLP",K&L Gates PAC,Congresswoman Claudia Tenney,2025-06-23,1000.00
"K&L GATES, LLP",K&L Gates PAC,Congressman Bob Latta,2025-06-23,1000.00
"K&L GATES, LLP",K&L Gates PAC,Congressman Mike Johnson,2025-06-24,2500.00
"K&L GATES, LLP",K&L Gates PAC,Congressman Vince Fong,2025-06-24,1000.00
"K&L GATES, LLP",K&L Gates PAC,Congressman Bill Huizenga,2025-06-24,1500.00
"K&L GATES, LLP",K&L Gates PAC,Senator Brian Schatz,2025-06-25,1000.00
"K&L GATES, LLP",K&L Gates PAC,Congresswoman Debbie Dingell,2025-06-25,1000.00
"K&L GATES, LLP",K&L Gates PAC,Senator John Cornyn,2026-06-25,1000.00
"K&L GATES, LLP",K&L Gates PAC,Congresswoman Andrea Salinas,2025-06-26,1000.00
"K&L GATES, LLP",K&L Gates PAC,National Republican Senatorial Committee,2025-06-26,5000.00
"K&L GATES, LLP",K&L Gates PAC,Congressman Jack Bergman,2025-03-10,1000.00
"K&L GATES, LLP",K&L Gates PAC,National Republican Senatorial Committee,2025-01-10,5000.00
"K&L GATES, LLP",K&L Gates PAC,Congresswoman Erin Houchin,2025-01-13,1000.00
