organization,pacs,honoree,date,amount_usd
BAKER DONELSON BEARMAN CALDWELL & BERKOWITZ,"Baker, Donelson, Bearman, Caldwell and Berkowitz, PC PAC",John Joyce,2025-03-05,1000.00
BAKER DONELSON BEARMAN CALDWELL & BERKOWITZ,"Baker, Donelson, Bearman, Caldwell and Berkowitz, PC PAC",John Barrasso,2025-03-05,1000.00
BAKER DONELSON BEARMAN CALDWELL & BERKOWITZ,"Baker, Donelson, Bearman, Caldwell and Berkowitz, PC PAC",Betty McCollum,2025-03-07,1000.00
BAKER DONELSON BEARMAN CALDWELL & BERKOWITZ,"Baker, Donelson, Bearman, Caldwell and Berkowitz, PC PAC",Dan Sullivan,2025-03-12,1000.00
BAKER DONELSON BEARMAN CALDWELL & BERKOWITZ,"Baker, Donelson, Bearman, Caldwell and Berkowitz, PC PAC",William (Bill) Cassidy,2025-03-12,2500.00
BAKER DONELSON BEARMAN CALDWELL & BERKOWITZ,"Baker, Donelson, Bearman, Caldwell and Berkowitz, PC PAC",Jennifer Kiggans,2025-03-12,1000.00
BAKER DONELSON BEARMAN CALDWELL & BERKOWITZ,"Baker, Donelson, Bearman, Caldwell and Berkowitz, PC PAC",Thom Tillis,2025-03-26,1500.00
BAKER DONELSON BEARMAN CALDWELL & BERKOWITZ,"Baker, Donelson, Bearman, Caldwell and Berkowitz, PC PAC",Joe Neguse,2025-03-26,1000.00
BAKER DONELSON BEARMAN CALDWELL & BERKOWITZ,"Baker, Donelson, Bearman, Caldwell and Berkowitz, PC PAC",William (Bill) Cassidy,2025-03-28,500.00
BAKER DONELSON BEARMAN CALDWELL & BERKOWITZ,"Baker, Donelson, Bearman, Caldwell and Berkowitz, PC PAC",William (Bill) Cassidy,2025-03-28,500.00
BAKER DONELSON BEARMAN CALDWELL & BERKOWITZ,"Baker, Donelson, Bearman, Caldwell and Berkowitz, PC PAC",Pat Harrigan,2025-04-02,1000.00
BAKER DONELSON BEARMAN CALDWELL & BERKOWITZ,"Baker, Donelson, Bearman, Caldwell and Berkowitz, PC PAC",Congressional Black Caucus PAC,2025-04-02,5000.00
BAKER DONELSON BEARMAN CALDWELL & BERKOWITZ,"Baker, Donelson, Bearman, Caldwell and Berkowitz, PC PAC",Diana DeGette,2025-04-02,1000.00
BAKER DONELSON BEARMAN CALDWELL & BERKOWITZ,"Baker, Donelson, Bearman, Caldwell and Berkowitz, PC PAC",John Ellzey,2025-04-02,1000.00
BAKER DONELSON BEARMAN CALDWELL & BERKOWITZ,"Baker, Donelson, Bearman, Caldwell and Berkowitz, PC PAC",Susan Collins,2025-04-11,1500.00
BAKER DONELSON BEARMAN CALDWELL & BERKOWITZ,"Baker, Donelson, Bearman, Caldwell and Berkowitz, PC PAC",Adam Smith,2025-04-11,5000.00
BAKER DONELSON BEARMAN CALDWELL & BERKOWITZ,"Baker, Donelson, Bearman, Caldwell and Berkowitz, PC PAC",Ted Cruz,2025-04-16,2500.00
BAKER DONELSON BEARMAN CALDWELL & BERKOWITZ,"Baker, Donelson, Bearman, Caldwell and Berkowitz, PC PAC",Joe Morelle,2025-04-16,2000.00
BAKER DONELSON BEARMAN CALDWELL & BERKOWITZ,"Baker, Donelson, Bearman, Caldwell and Berkowitz, PC PAC",Harold Rogers,2025-04-16,1500.00
BAKER DONELSON BEARMAN CALDWELL & BERKOWITZ,"Baker, Donelson, Bearman, Caldwell and Berkowitz, PC PAC",French Hill,2025-04-18,1000.00
BAKER DONELSON BEARMAN CALDWELL & BERKOWITZ,"Baker, Donelson, Bearman, Caldwell and Berkowitz, PC PAC",Brendan Boyle,2025-04-23,1000.00
BAKER DONELSON BEARMAN CALDWELL & BERKOWITZ,"Baker, Donelson, Bearman, Caldwell and Berkowitz, PC PAC",Cindy Hyde-Smith,2025-04-23,500.00
BAKER DONELSON BEARMAN CALDWELL & BERKOWITZ,"Baker, Donelson, Bearman, Caldwell and Berkowitz, PC PAC",Cindy Hyde-Smith,2025-04-23,1500.00
BAKER DONELSON BEARMAN CALDWELL & BERKOWITZ,"Baker, Donelson, Bearman, Caldwell and Berkowitz, PC PAC",Michael Simpson,2025-04-23,1000.00
BAKER DONELSON BEARMAN CALDWELL & BERKOWITZ,"Baker, Donelson, Bearman, Caldwell and Berkowitz, PC PAC",Lisa Murkowski,2025-04-30,1500.00
BAKER DONELSON BEARMAN CALDWELL & BERKOWITZ,"Baker, Donelson, Bearman, Caldwell and Berkowitz, PC PAC",Carol Miller,2025-04-30,1000.00
BAKER DONELSON BEARMAN CALDWELL & BERKOWITZ,"Baker, Donelson, Bearman, Caldwell and Berkowitz, PC PAC",Greg Stanton,2025-05-02,1000.00
BAKER DONELSON BEARMAN CALDWELL & BERKOWITZ,"Baker, Donelson, Bearman, Caldwell and Berkowitz, PC PAC",Mark Warner,2025-05-07,2000.00
BAKER DONELSON BEARMAN CALDWELL & BERKOWITZ,"Baker, Donelson, Bearman, Caldwell and Berkowitz, PC PAC",Terri Sewell,2025-05-14,1000.00
BAKER DONELSON BEARMAN CALDWELL & BERKOWITZ,"Baker, Donelson, Bearman, Caldwell and Berkowitz, PC PAC",John Carter,2025-05-14,2500.00
BAKER DONELSON BEARMAN CALDWELL & BERKOWITZ,"Baker, Donelson, Bearman, Caldwell and Berkowitz, PC PAC",Steny Hoyer,2025-05-28,1000.00
BAKER DONELSON BEARMAN CALDWELL & BERKOWITZ,"Baker, Donelson, Bearman, Caldwell and Berkowitz, PC PAC",Ken Calvert,2025-05-28,1000.00
BAKER DONELSON BEARMAN CALDWELL & BERKOWITZ,"Baker, Donelson, Bearman, Caldwell and Berkowitz, PC PAC",Derek Schmidt,2025-05-30,1000.00
BAKER DONELSON BEARMAN CALDWELL & BERKOWITZ,"Baker, Donelson, Bearman, Caldwell and Berkowitz, PC PAC",Julie Johnson,2025-06-04,1000.00
BAKER DONELSON BEARMAN CALDWELL & BERKOWITZ,"Baker, Donelson, Bearman, Caldwell and Berkowitz, PC PAC",Sam Graves,2025-06-06,1000.00
BAKER DONELSON BEARMAN CALDWELL & BERKOWITZ,"Baker, Donelson, Bearman, Caldwell and Berkowitz, PC PAC",Mario Diaz-Balart,2025-06-18,1000.00
BAKER DONELSON BEARMAN CALDWELL & BERKOWITZ,"Baker, Donelson, Bearman, Caldwell and Berkowitz, PC PAC",Jennifer Kiggans,2025-06-25,1000.00
BAKER DONELSON BEARMAN CALDWELL & BERKOWITZ,"Baker, Donelson, Bearman, Caldwell and Berkowitz, PC PAC",John Mannion,2025-06-27,1000.00
BAKER DONELSON BEARMAN CALDWELL & BERKOWITZ,"Baker, Donelson, Bearman, Caldwell and Berkowitz, PC PAC",Roger Marshall,2025-01-17,1000.00
BAKER DONELSON BEARMAN CALDWELL & BERKOWITZ,"Baker, Donelson, Bearman, Caldwell and Berkowitz, PC PAC",Roger Wicker,2025-01-17,1000.00
BAKER DONELSON BEARMAN CALDWELL & BERKOWITZ,"Baker, Donelson, Bearman, Caldwell and Berkowitz, PC PAC",Mariannette Miller-Meeks,2025-02-05,1000.00
BAKER DONELSON BEARMAN CALDWELL & BERKOWITZ,"Baker, Donelson, Bearman, Caldwell and Berkowitz, PC PAC",Ken Calvert,2025-02-05,1000.00
BAKER DONELSON BEARMAN CALDWELL & BERKOWITZ,"Baker, Donelson, Bearman, Caldwell and Berkowitz, PC PAC",Jim Risch,2025-02-12,500.00
BAKER DONELSON BEARMAN CALDWELL & BERKOWITZ,"Baker, Donelson, Bearman, Caldwell and Berkowitz, PC PAC",Katherine Clark,2025-02-12,2500.00
BAKER DONELSON BEARMAN CALDWELL & BERKOWITZ,"Baker, Donelson, Bearman, Caldwell and Berkowitz, PC PAC",Dan Sullivan,2025-02-12,1000.00
BAKER DONELSON BEARMAN CALDWELL & BERKOWITZ,"Baker, Donelson, Bearman, Caldwell and Berkowitz, PC PAC",Jim Risch,2025-02-12,500.00
BAKER DONELSON BEARMAN CALDWELL & BERKOWITZ,"Baker, Donelson, Bearman, Caldwell and Berkowitz, PC PAC",Michael McCaul,2025-02-12,1000.00
BAKER DONELSON BEARMAN CALDWELL & BERKOWITZ,"Baker, Donelson, Bearman, Caldwell and Berkowitz, PC PAC",Susan Collins,2025-02-12,1000.00
BAKER DONELSON BEARMAN CALDWELL & BERKOWITZ,"Baker, Donelson, Bearman, Caldwell and Berkowitz, PC PAC",Robert Aderholt,2025-02-14,1000.00
BAKER DONELSON BEARMAN CALDWELL & BERKOWITZ,"Baker, Donelson, Bearman, Caldwell and Berkowitz, PC PAC",Maxine Dexter,2025-02-18,2500.00
BAKER DONELSON BEARMAN CALDWELL & BERKOWITZ,"Baker, Donelson, Bearman, Caldwell and Berkowitz, PC PAC",John Rutherford,2025-02-18,1000.00
BAKER DONELSON BEARMAN CALDWELL & BERKOWITZ,"Baker, Donelson, Bearman, Caldwell and Berkowitz, PC PAC",Brett Guthrie,2025-02-18,1500.00
BAKER DONELSON BEARMAN CALDWELL & BERKOWITZ,"Baker, Donelson, Bearman, Caldwell and Berkowitz, PC PAC",Cindy Hyde-Smith,2025-02-26,2500.00
BAKER DONELSON BEARMAN CALDWELL & BERKOWITZ,"Baker, Donelson, Bearman, Caldwell and Berkowitz, PC PAC",Wesley Bell,2025-02-26,2000.00
BAKER DONELSON BEARMAN CALDWELL & BERKOWITZ,"Baker, Donelson, Bearman, Caldwell and Berkowitz, PC PAC",Ruben Gallego,2025-02-26,1500.00
BAKER DONELSON BEARMAN CALDWELL & BERKOWITZ,"Baker, Donelson, Bearman, Caldwell and Berkowitz, PC PAC",Michael Simpson,2025-02-26,1000.00
BAKER DONELSON BEARMAN CALDWELL & BERKOWITZ,"Baker, Donelson, Bearman, Caldwell and Berkowitz, PC PAC",Thom Tillis,2025-02-26,1000.00
BAKER DONELSON BEARMAN CALDWELL & BERKOWITZ,"Baker, Donelson, Bearman, Caldwell and Berkowitz, PC PAC",Kirsten Gillibrand,2025-02-28,5000.00
BAKER DONELSON BEARMAN CALDWELL & BERKOWITZ,"Baker, Donelson, Bearman, Caldwell and Berkowitz, PC PAC",Ben Lujan,2025-02-28,2500.00
BAKER DONELSON BEARMAN CALDWELL & BERKOWITZ,"Baker, Donelson, Bearman, Caldwell and Berkowitz, PC PAC",Rob Wittman,2025-03-05,1000.00
BAKER DONELSON BEARMAN CALDWELL & BERKOWITZ,"Baker, Donelson, Bearman, Caldwell and Berkowitz, PC PAC",John Joyce,2025-03-05,1000.00
BAKER DONELSON BEARMAN CALDWELL & BERKOWITZ,"Baker, Donelson, Bearman, Caldwell and Berkowitz, PC PAC",John Barrasso,2025-03-05,1000.00
BAKER DONELSON BEARMAN CALDWELL & BERKOWITZ,"Baker, Donelson, Bearman, Caldwell and Berkowitz, PC PAC",Betty McCollum,2025-03-07,1000.00
BAKER DONELSON BEARMAN CALDWELL & BERKOWITZ,"Baker, Donelson, Bearman, Caldwell and Berkowitz, PC PAC",Dan Sullivan,2025-03-12,1000.00
BAKER DONELSON BEARMAN CALDWELL & BERKOWITZ,"Baker, Donelson, Bearman, Caldwell and Berkowitz, PC PAC",William (Bill) Cassidy,2025-03-12,2500.00
BAKER DONELSON BEARMAN CALDWELL & BERKOWITZ,"Baker, Donelson, Bearman, Caldwell and Berkowitz, PC PAC",Jennifer Kiggans,2025-03-12,1000.00
BAKER DONELSON BEARMAN CALDWELL & BERKOWITZ,"Baker, Donelson, Bearman, Caldwell and Berkowitz, PC PAC",Thom Tillis,2025-03-26,1500.00
BAKER DONELSON BEARMAN CALDWELL & BERKOWITZ,"Baker, Donelson, Bearman, Caldwell and Berkowitz, PC PAC",Joe Neguse,2025-03-26,1000.00
BAKER DONELSON BEARMAN CALDWELL & BERKOWITZ,"Baker, Donelson, Bearman, Caldwell and Berkowitz, PC PAC",William (Bill) Cassidy,2025-03-28,500.00
BAKER DONELSON BEARMAN CALDWELL & BERKOWITZ,"Baker, Donelson, Bearman, Caldwell and Berkowitz, PC PAC",William (Bill) Cassidy,2025-03-28,500.00
BAKER DONELSON BEARMAN CALDWELL & BERKOWITZ,"Baker, Donelson, Bearman, Caldwell and Berkowitz, PC PAC",Pat Harrigan,2025-04-02,1000.00
BAKER DONELSON BEARMAN CALDWELL & BERKOWITZ,"Baker, Donelson, Bearman, Caldwell and Berkowitz, PC PAC",Congressional Black Caucus PAC,2025-04-02,5000.00
BAKER DONELSON BEARMAN CALDWELL & BERKOWITZ,"Baker, Donelson, Bearman, Caldwell and Berkowitz, PC PAC",Diana DeGette,2025-04-02,1000.00
BAKER DONELSON BEARMAN CALDWELL & BERKOWITZ,"Baker, Donelson, Bearman, Caldwell and Berkowitz, PC PAC",John Ellzey,2025-04-02,1000.00
BAKER DONELSON BEARMAN CALDWELL & BERKOWITZ,"Baker, Donelson, Bearman, Caldwell and Berkowitz, PC PAC",Susan Collins,2025-04-11,1500.00
BAKER DONELSON BEARMAN CALDWELL & BERKOWITZ,"Baker, Donelson, Bearman, Caldwell and Berkowitz, PC PAC",Adam Smith,2025-04-11,5000.00
BAKER DONELSON BEARMAN CALDWELL & BERKOWITZ,"Baker, Donelson, Bearman, Caldwell and Berkowitz, PC PAC",Ted Cruz,2025-04-16,2500.00
BAKER DONELSON BEARMAN CALDWELL & BERKOWITZ,"Baker, Donelson, Bearman, Caldwell and Berkowitz, PC PAC",Joe Morelle,2025-04-16,2000.00
BAKER DONELSON BEARMAN CALDWELL & BERKOWITZ,"Baker, Donelson, Bearman, Caldwell and Berkowitz, PC PAC",Harold Rogers,2025-04-16,1500.00
BAKER DONELSON BEARMAN CALDWELL & BERKOWITZ,"Baker, Donelson, Bearman, Caldwell and Berkowitz, PC PAC",French Hill,2025-04-18,1000.00
BAKER DONELSON BEARMAN CALDWELL & BERKOWITZ,"Baker, Donelson, Bearman, Caldwell and Berkowitz, PC PAC",Brendan Boyle,2025-04-23,1000.00
BAKER DONELSON BEARMAN CALDWELL & BERKOWITZ,"Baker, Donelson, Bearman, Caldwell and Berkowitz, PC PAC",Cindy Hyde-Smith,2025-04-23,500.00
BAKER DONELSON BEARMAN CALDWELL & BERKOWITZ,"Baker, Donelson, Bearman, Caldwell and Berkowitz, PC PAC",Cindy Hyde-Smith,2025-04-23,1500.00
BAKER DONELSON BEARMAN CALDWELL & BERKOWITZ,"Baker, Donelson, Bearman, Caldwell and Berkowitz, PC PAC",Michael Simpson,2025-04-23,1000.00
BAKER DONELSON BEARMAN CALDWELL & BERKOWITZ,"Baker, Donelson, Bearman, Caldwell and Berkowitz, PC PAC",Lisa Murkowski,2025-04-30,1500.00
BAKER DONELSON BEARMAN CALDWELL & BERKOWITZ,"Baker, Donelson, Bearman, Caldwell and Berkowitz, PC PAC",Carol Miller,2025-04-30,1000.00
BAKER DONELSON BEARMAN CALDWELL & BERKOWITZ,"Baker, Donelson, Bearman, Caldwell and Berkowitz, PC PAC",Greg Stanton,2025-05-02,1000.00
BAKER DONELSON BEARMAN CALDWELL & BERKOWITZ,"Baker, Donelson, Bearman, Caldwell and Berkowitz, PC PAC",Mark Warner,2025-05-07,2000.00
BAKER DONELSON BEARMAN CALDWELL & BERKOWITZ,"Baker, Donelson, Bearman, Caldwell and Berkowitz, PC PAC",Terri Sewell,2025-05-14,1000.00
BAKER DONELSON BEARMAN CALDWELL & BERKOWITZ,"Baker, Donelson, Bearman, Caldwell and Berkowitz, PC PAC",John Carter,2025-05-14,2500.00
BAKER DONELSON BEARMAN CALDWELL & BERKOWITZ,"Baker, Donelson, Bearman, Caldwell and Berkowitz, PC PAC",Steny Hoyer,2025-05-28,1000.00
BAKER DONELSON BEARMAN CALDWELL & BERKOWITZ,"Baker, Donelson, Bearman, Caldwell and Berkowitz, PC PAC",Ken Calvert,2025-05-28,1000.00
BAKER DONELSON BEARMAN CALDWELL & BERKOWITZ,"Baker, Donelson, Bearman, Caldwell and Berkowitz, PC PAC",Derek Schmidt,2025-05-30,1000.00
BAKER DONELSON BEARMAN CALDWELL & BERKOWITZ,"Baker, Donelson, Bearman, Caldwell and Berkowitz, PC PAC",Julie Johnson,2025-06-04,1000.00
BAKER DONELSON BEARMAN CALDWELL & BERKOWITZ,"Baker, Donelson, Bearman, Caldwell and Berkowitz, PC PAC",Sam Graves,2025-06-06,1000.00
BAKER DONELSON BEARMAN CALDWELL & BERKOWITZ,"Baker, Donelson, Bearman, Caldwell and Berkowitz, PC PAC",Mario Diaz-Balart,2025-06-18,1000.00
BAKER DONELSON BEARMAN CALDWELL & BERKOWITZ,"Baker, Donelson, Bearman, Caldwell and Berkowitz, PC PAC",Jennifer Kiggans,2025-06-25,1000.00
BAKER DONELSON BEARMAN CALDWELL & BERKOWITZ,"Baker, Donelson, Bearman, Caldwell and Berkowitz, PC PAC",John Mannion,2025-06-27,1000.00
BAKER DONELSON BEARMAN CALDWELL & BERKOWITZ,"Baker, Donelson, Bearman, Caldwell and Berkowitz, PC PAC",Roger Marshall,2025-01-17,1000.00
BAKER DONELSON BEARMAN CALDWELL & BERKOWITZ,"Baker, Donelson, Bearman, Caldwell and Berkowitz, PC PAC",Roger Wicker,2025-01-17,1000.00
BAKER DONELSON BEARMAN CALDWELL & BERKOWITZ,"Baker, Donelson, Bearman, Caldwell and Berkowitz, PC PAC",Mariannette Miller-Meeks,2025-02-05,1000.00
BAKER DONELSON BEARMAN CALDWELL & BERKOWITZ,"Baker, Donelson, Bearman, Caldwell and Berkowitz, PC PAC",Ken Calvert,2025-02-05,1000.00
BAKER DONELSON BEARMAN CALDWELL & BERKOWITZ,"Baker, Donelson, Bearman, Caldwell and Berkowitz, PC PAC",Jim Risch,2025-02-12,500.00
BAKER DONELSON BEARMAN CALDWELL & BERKOWITZ,"Baker, Donelson, Bearman, Caldwell and Berkowitz, PC PAC",Katherine Clark,2025-02-12,2500.00
BAKER DONELSON BEARMAN CALDWELL & BERKOWITZ,"Baker, Donelson, Bearman, Caldwell and Berkowitz, PC PAC",Dan Sullivan,2025-02-12,1000.00
BAKER DONELSON BEARMAN CALDWELL & BERKOWITZ,"Baker, Donelson, Bearman, Caldwell and Berkowitz, PC PAC",Jim Risch,2025-02-12,500.00
BAKER DONELSON BEARMAN CALDWELL & BERKOWITZ,"Baker, Donelson, Bearman, Caldwell and Berkowitz, PC PAC",Michael McCaul,2025-02-12,1000.00
BAKER DONELSON BEARMAN CALDWELL & BERKOWITZ,"Baker, Donelson, Bearman, Caldwell and Berkowitz, PC PAC",Susan Collins,2025-02-12,1000.00
BAKER DONELSON BEARMAN CALDWELL & BERKOWITZ,"Baker, Donelson, Bearman, Caldwell and Berkowitz, PC PAC",Robert Aderholt,2025-02-14,1000.00
BAKER DONELSON BEARMAN CALDWELL & BERKOWITZ,"Baker, Donelson, Bearman, Caldwell and Berkowitz, PC PAC",Maxine Dexter,2025-02-18,2500.00
BAKER DONELSON BEARMAN CALDWELL & BERKOWITZ,"Baker, Donelson, Bearman, Caldwell and Berkowitz, PC PAC",John Rutherford,2025-02-18,1000.00
BAKER DONELSON BEARMAN CALDWELL & BERKOWITZ,"Baker, Donelson, Bearman, Caldwell and Berkowitz, PC PAC",Brett Guthrie,2025-02-18,1500.00
BAKER DONELSON BEARMAN CALDWELL & BERKOWITZ,"Baker, Donelson, Bearman, Caldwell and Berkowitz, PC PAC",Cindy Hyde-Smith,2025-02-26,2500.00
BAKER DONELSON BEARMAN CALDWELL & BERKOWITZ,"Baker, Donelson, Bearman, Caldwell and Berkowitz, PC PAC",Wesley Bell,2025-02-26,2000.00
BAKER DONELSON BEARMAN CALDWELL & BERKOWITZ,"Baker, Donelson, Bearman, Caldwell and Berkowitz, PC PAC",Ruben Gallego,2025-02-26,1500.00
BAKER DONELSON BEARMAN CALDWELL & BERKOWITZ,"Baker, Donelson, Bearman, Caldwell and Berkowitz, PC PAC",Michael Simpson,2025-02-26,1000.00
BAKER DONELSON BEARMAN CALDWELL & BERKOWITZ,"Baker, Donelson, Bearman, Caldwell and Berkowitz, PC PAC",Thom Tillis,2025-02-26,1000.00
BAKER DONELSON BEARMAN CALDWELL & BERKOWITZ,"Baker, Donelson, Bearman, Caldwell and Berkowitz, PC PAC",Kirsten Gillibrand,2025-02-28,5000.00
BAKER DONELSON BEARMAN CALDWELL & BERKOWITZ,"Baker, Donelson, Bearman, Caldwell and Berkowitz, PC PAC",Ben Lujan,2025-02-28,2500.00
BAKER DONELSON BEARMAN CALDWELL & BERKOWITZ,"Baker, Donelson, Bearman, Caldwell and Berkowitz, PC PAC",Rob Wittman,2025-03-05,1000.00
BAKER DONELSON BEARMAN CALDWELL & BERKOWITZ,"Baker, Donelson, Bearman, Caldwell and Berkowitz, PC PAC",John Joyce,2025-03-05,1000.00
BAKER DONELSON BEARMAN CALDWELL & BERKOWITZ,"Baker, Donelson, Bearman, Caldwell and Berkowitz, PC PAC",John Barrasso,2025-03-05,1000.00
BAKER DONELSON BEARMAN CALDWELL & BERKOWITZ,"Baker, Donelson, Bearman, Caldwell and Berkowitz, PC PAC",Betty McCollum,2025-03-07,1000.00
BAKER DONELSON BEARMAN CALDWELL & BERKOWITZ,"Baker, Donelson, Bearman, Caldwell and Berkowitz, PC PAC",Dan Sullivan,2025-03-12,1000.00
BAKER DONELSON BEARMAN CALDWELL & BERKOWITZ,"Baker, Donelson, Bearman, Caldwell and Berkowitz, PC PAC",William (Bill) Cassidy,2025-03-12,2500.00
BAKER DONELSON BEARMAN CALDWELL & BERKOWITZ,"Baker, Donelson, Bearman, Caldwell and Berkowitz, PC PAC",Jennifer Kiggans,2025-03-12,1000.00
BAKER DONELSON BEARMAN CALDWELL & BERKOWITZ,"Baker, Donelson, Bearman, Caldwell and Berkowitz, PC PAC",Thom Tillis,2025-03-26,1500.00
BAKER DONELSON BEARMAN CALDWELL & BERKOWITZ,"Baker, Donelson, Bearman, Caldwell and Berkowitz, PC PAC",Joe Neguse,2025-03-26,1000.00
BAKER DONELSON BEARMAN CALDWELL & BERKOWITZ,"Baker, Donelson, Bearman, Caldwell and Berkowitz, PC PAC",William (Bill) Cassidy,2025-03-28,500.00
BAKER DONELSON BEARMAN CALDWELL & BERKOWITZ,"Baker, Donelson, Bearman, Caldwell and Berkowitz, PC PAC",William (Bill) Cassidy,2025-03-28,500.00
BAKER DONELSON BEARMAN CALDWELL & BERKOWITZ,"Baker, Donelson, Bearman, Caldwell and Berkowitz, PC PAC",Pat Harrigan,2025-04-02,1000.00
BAKER DONELSON BEARMAN CALDWELL & BERKOWITZ,"Baker, Donelson, Bearman, Caldwell and Berkowitz, PC PAC",Congressional Black Caucus PAC,2025-04-02,5000.00
BAKER DONELSON BEARMAN CALDWELL & BERKOWITZ,"Baker, Donelson, Bearman, Caldwell and Berkowitz, PC PAC",Diana DeGette,2025-04-02,1000.00
BAKER DONELSON BEARMAN CALDWELL & BERKOWITZ,"Baker, Donelson, Bearman, Caldwell and Berkowitz, PC PAC",John Ellzey,2025-04-02,1000.00
BAKER DONELSON BEARMAN CALDWELL & BERKOWITZ,"Baker, Donelson, Bearman, Caldwell and Berkowitz, PC PAC",Susan Collins,2025-04-11,1500.00
BAKER DONELSON BEARMAN CALDWELL & BERKOWITZ,"Baker, Donelson, Bearman, Caldwell and Berkowitz, PC PAC",Adam Smith,2025-04-11,5000.00
BAKER DONELSON BEARMAN CALDWELL & BERKOWITZ,"Baker, Donelson, Bearman, Caldwell and Berkowitz, PC PAC",Ted Cruz,2025-04-16,2500.00
BAKER DONELSON BEARMAN CALDWELL & BERKOWITZ,"Baker, Donelson, Bearman, Caldwell and Berkowitz, PC PAC",Joe Morelle,2025-04-16,2000.00
BAKER DONELSON BEARMAN CALDWELL & BERKOWITZ,"Baker, Donelson, Bearman, Caldwell and Berkowitz, PC PAC",Harold Rogers,2025-04-16,1500.00
BAKER DONELSON BEARMAN CALDWELL & BERKOWITZ,"Baker, Donelson, Bearman, Caldwell and Berkowitz, PC PAC",French Hill,2025-04-18,1000.00
BAKER DONELSON BEARMAN CALDWELL & BERKOWITZ,"Baker, Donelson, Bearman, Caldwell and Berkowitz, PC PAC",Brendan Boyle,2025-04-23,1000.00
BAKER DONELSON BEARMAN CALDWELL & BERKOWITZ,"Baker, Donelson, Bearman, Caldwell and Berkowitz, PC PAC",Cindy Hyde-Smith,2025-04-23,500.00
BAKER DONELSON BEARMAN CALDWELL & BERKOWITZ,"Baker, Donelson, Bearman, Caldwell and Berkowitz, PC PAC",Cindy Hyde-Smith,2025-04-23,1500.00
BAKER DONELSON BEARMAN CALDWELL & BERKOWITZ,"Baker, Donelson, Bearman, Caldwell and Berkowitz, PC PAC",Michael Simpson,2025-04-23,1000.00
BAKER DONELSON BEARMAN CALDWELL & BERKOWITZ,"Baker, Donelson, Bearman, Caldwell and Berkowitz, PC PAC",Lisa Murkowski,2025-04-30,1500.00
BAKER DONELSON BEARMAN CALDWELL & BERKOWITZ,"Baker, Donelson, Bearman, Caldwell and Berkowitz, PC PAC",Carol Miller,2025-04-30,1000.00
BAKER DONELSON BEARMAN CALDWELL & BERKOWITZ,"Baker, Donelson, Bearman, Caldwell and Berkowitz, PC PAC",Greg Stanton,2025-05-02,1000.00
BAKER DONELSON BEARMAN CALDWELL & BERKOWITZ,"Baker, Donelson, Bearman, Caldwell and Berkowitz, PC PAC",Mark Warner,2025-05-07,2000.00
BAKER DONELSON BEARMAN CALDWELL & BERKOWITZ,"Baker, Donelson, Bearman, Caldwell and Berkowitz, PC PAC",Terri Sewell,2025-05-14,1000.00
BAKER DONELSON BEARMAN CALDWELL & BERKOWITZ,"Baker, Donelson, Bearman, Caldwell and Berkowitz, PC PAC",John Carter,2025-05-14,2500.00
BAKER DONELSON BEARMAN CALDWELL & BERKOWITZ,"Baker, Donelson, Bearman, Caldwell and Berkowitz, PC PAC",Steny Hoyer,2025-05-28,1000.00
BAKER DONELSON BEARMAN CALDWELL & BERKOWITZ,"Baker, Donelson, Bearman, Caldwell and Berkowitz, PC PAC",Ken Calvert,2025-05-28,1000.00
BAKER DONELSON BEARMAN CALDWELL & BERKOWITZ,"Baker, Donelson, Bearman, Caldwell and Berkowitz, PC PAC",Derek Schmidt,2025-05-30,1000.00
BAKER DONELSON BEARMAN CALDWELL & BERKOWITZ,"Baker, Donelson, Bearman, Caldwell and Berkowitz, PC PAC",Julie Johnson,2025-06-04,1000.00
BAKER DONELSON BEARMAN CALDWELL & BERKOWITZ,"Baker, Donelson, Bearman, Caldwell and Berkowitz, PC PAC",Sam Graves,2025-06-06,1000.00
BAKER DONELSON BEARMAN CALDWELL & BERKOWITZ,"Baker, Donelson, Bearman, Caldwell and Berkowitz, PC PAC",Mario Diaz-Balart,2025-06-18,1000.00
BAKER DONELSON BEARMAN CALDWELL & BERKOWITZ,"Baker, Donelson, Bearman, Caldwell and Berkowitz, PC PAC",Jennifer Kiggans,2025-06-25,1000.00
BAKER DONELSON BEARMAN CALDWELL & BERKOWITZ,"Baker, Donelson, Bearman, Caldwell and Berkowitz, PC PAC",John Mannion,2025-06-27,1000.00
BAKER DONELSON BEARMAN CALDWELL & BERKOWITZ,"Baker, Donelson, Bearman, Caldwell and Berkowitz, PC PAC",Roger Marshall,2025-01-17,1000.00
BAKER DONELSON BEARMAN CALDWELL & BERKOWITZ,"Baker, Donelson, Bearman, Caldwell and Berkowitz, PC PAC",Roger Wicker,2025-01-17,1000.00
BAKER DONELSON BEARMAN CALDWELL & BERKOWITZ,"Baker, Donelson, Bearman, Caldwell and Berkowitz, PC PAC",Mariannette Miller-Meeks,2025-02-05,1000.00
BAKER DONELSON BEARMAN CALDWELL & BERKOWITZ,"Baker, Donelson, Bearman, Caldwell and Berkowitz, PC PAC",Ken Calvert,2025-02-05,1000.00
BAKER DONELSON BEARMAN CALDWELL & BERKOWITZ,"Baker, Donelson, Bearman, Caldwell and Berkowitz, PC PAC",Jim Risch,2025-02-12,500.00
BAKER DONELSON BEARMAN CALDWELL & BERKOWITZ,"Baker, Donelson, Bearman, Caldwell and Berkowitz, PC PAC",Katherine Clark,2025-02-12,2500.00
BAKER DONELSON BEARMAN CALDWELL & BERKOWITZ,"Baker, Donelson, Bearman, Caldwell and Berkowitz, PC PAC",Dan Sullivan,2025-02-12,1000.00
BAKER DONELSON BEARMAN CALDWELL & BERKOWITZ,"Baker, Donelson, Bearman, Caldwell and Berkowitz, PC PAC",Jim Risch,2025-02-12,500.00
BAKER DONELSON BEARMAN CALDWELL & BERKOWITZ,"Baker, Donelson, Bearman, Caldwell and Berkowitz, PC PAC",Michael McCaul,2025-02-12,1000.00
BAKER DONELSON BEARMAN CALDWELL & BERKOWITZ,"Baker, Donelson, Bearman, Caldwell and Berkowitz, PC PAC",Susan Collins,2025-02-12,1000.00
BAKER DONELSON BEARMAN CALDWELL & BERKOWITZ,"Baker, Donelson, Bearman, Caldwell and Berkowitz, PC PAC",Robert Aderholt,2025-02-14,1000.00
BAKER DONELSON BEARMAN CALDWELL & BERKOWITZ,"Baker, Donelson, Bearman, Caldwell and Berkowitz, PC PAC",Maxine Dexter,2025-02-18,2500.00
BAKER DONELSON BEARMAN CALDWELL & BERKOWITZ,"Baker, Donelson, Bearman, Caldwell and Berkowitz, PC PAC",John Rutherford,2025-02-18,1000.00
BAKER DONELSON BEARMAN CALDWELL & BERKOWITZ,"Baker, Donelson, Bearman, Caldwell and Berkowitz, PC PAC",Brett Guthrie,2025-02-18,1500.00
BAKER DONELSON BEARMAN CALDWELL & BERKOWITZ,"Baker, Donelson, Bearman, Caldwell and Berkowitz, PC PAC",Cindy Hyde-Smith,2025-02-26,2500.00
BAKER DONELSON BEARMAN CALDWELL & BERKOWITZ,"Baker, Donelson, Bearman, Caldwell and Berkowitz, PC PAC",Wesley Bell,2025-02-26,2000.00
BAKER DONELSON BEARMAN CALDWELL & BERKOWITZ,"Baker, Donelson, Bearman, Caldwell and Berkowitz, PC PAC",Ruben Gallego,2025-02-26,1500.00
BAKER DONELSON BEARMAN CALDWELL & BERKOWITZ,"Baker, Donelson, Bearman, Caldwell and Berkowitz, PC PAC",Michael Simpson,2025-02-26,1000.00
BAKER DONELSON BEARMAN CALDWELL & BERKOWITZ,"Baker, Donelson, Bearman, Caldwell and Berkowitz, PC PAC",Thom Tillis,2025-02-26,1000.00
BAKER DONELSON BEARMAN CALDWELL & BERKOWITZ,"Baker, Donelson, Bearman, Caldwell and Berkowitz, PC PAC",Kirsten Gillibrand,2025-02-28,5000.00
BAKER DONELSON BEARMAN CALDWELL & BERKOWITZ,"Baker, Donelson, Bearman, Caldwell and Berkowitz, PC PAC",Ben Lujan,2025-02-28,2500.00
BAKER DONELSON BEARMAN CALDWELL & BERKOWITZ,"Baker, Donelson, Bearman, Caldwell and Berkowitz, PC PAC",Rob Wittman,2025-03-05,1000.00
BAKER DONELSON BEARMAN CALDWELL & BERKOWITZ,"Baker, Donelson, Bearman, Caldwell and Berkowitz, PC PAC",John Joyce,2025-03-05,1000.00
BAKER DONELSON BEARMAN CALDWELL & BERKOWITZ,"Baker, Donelson, Bearman, Caldwell and Berkowitz, PC PAC",John Barrasso,2025-03-05,1000.00
BAKER DONELSON BEARMAN CALDWELL & BERKOWITZ,"Baker, Donelson, Bearman, Caldwell and Berkowitz, PC PAC",Betty McCollum,2025-03-07,1000.00
BAKER DONELSON BEARMAN CALDWELL & BERKOWITZ,"Baker, Donelson, Bearman, Caldwell and Berkowitz, PC PAC",Dan Sullivan,2025-03-12,1000.00
BAKER DONELSON BEARMAN CALDWELL & BERKOWITZ,"Baker, Donelson, Bearman, Caldwell and Berkowitz, PC PAC",William (Bill) Cassidy,2025-03-12,2500.00
BAKER DONELSON BEARMAN CALDWELL & BERKOWITZ,"Baker, Donelson, Bearman, Caldwell and Berkowitz, PC PAC",Jennifer Kiggans,2025-03-12,1000.00
BAKER DONELSON BEARMAN CALDWELL & BERKOWITZ,"Baker, Donelson, Bearman, Caldwell and Berkowitz, PC PAC",Thom Tillis,2025-03-26,1500.00
BAKER DONELSON BEARMAN CALDWELL & BERKOWITZ,"Baker, Donelson, Bearman, Caldwell and Berkowitz, PC PAC",Joe Neguse,2025-03-26,1000.00
BAKER DONELSON BEARMAN CALDWELL & BERKOWITZ,"Baker, Donelson, Bearman, Caldwell and Berkowitz, PC PAC",William (Bill) Cassidy,2025-03-28,500.00
BAKER DONELSON BEARMAN CALDWELL & BERKOWITZ,"Baker, Donelson, Bearman, Caldwell and Berkowitz, PC PAC",William (Bill) Cassidy,2025-03-28,500.00
BAKER DONELSON BEARMAN CALDWELL & BERKOWITZ,"Baker, Donelson, Bearman, Caldwell and Berkowitz, PC PAC",Pat Harrigan,2025-04-02,1000.00
BAKER DONELSON BEARMAN CALDWELL & BERKOWITZ,"Baker, Donelson, Bearman, Caldwell and Berkowitz, PC PAC",Congressional Black Caucus PAC,2025-04-02,5000.00
BAKER DONELSON BEARMAN CALDWELL & BERKOWITZ,"Baker, Donelson, Bearman, Caldwell and Berkowitz, PC PAC",Diana DeGette,2025-04-02,1000.00
BAKER DONELSON BEARMAN CALDWELL & BERKOWITZ,"Baker, Donelson, Bearman, Caldwell and Berkowitz, PC PAC",John Ellzey,2025-04-02,1000.00
BAKER DONELSON BEARMAN CALDWELL & BERKOWITZ,"Baker, Donelson, Bearman, Caldwell and Berkowitz, PC PAC",Susan Collins,2025-04-11,1500.00
BAKER DONELSON BEARMAN CALDWELL & BERKOWITZ,"Baker, Donelson, Bearman, Caldwell and Berkowitz, PC PAC",Adam Smith,2025-04-11,5000.00
BAKER DONELSON BEARMAN CALDWELL & BERKOWITZ,"Baker, Donelson, Bearman, Caldwell and Berkowitz, PC PAC",Ted Cruz,2025-04-16,2500.00
BAKER DONELSON BEARMAN CALDWELL & BERKOWITZ,"Baker, Donelson, Bearman, Caldwell and Berkowitz, PC PAC",Joe Morelle,2025-04-16,2000.00
BAKER DONELSON BEARMAN CALDWELL & BERKOWITZ,"Baker, Donelson, Bearman, Caldwell and Berkowitz, PC PAC",Harold Rogers,2025-04-16,1500.00
BAKER DONELSON BEARMAN CALDWELL & BERKOWITZ,"Baker, Donelson, Bearman, Caldwell and Berkowitz, PC PAC",French Hill,2025-04-18,1000.00
BAKER DONELSON BEARMAN CALDWELL & BERKOWITZ,"Baker, Donelson, Bearman, Caldwell and Berkowitz, PC PAC",Brendan Boyle,2025-04-23,1000.00
BAKER DONELSON BEARMAN CALDWELL & BERKOWITZ,"Baker, Donelson, Bearman, Caldwell and Berkowitz, PC PAC",Cindy Hyde-Smith,2025-04-23,500.00
BAKER DONELSON BEARMAN CALDWELL & BERKOWITZ,"Baker, Donelson, Bearman, Caldwell and Berkowitz, PC PAC",Cindy Hyde-Smith,2025-04-23,1500.00
BAKER DONELSON BEARMAN CALDWELL & BERKOWITZ,"Baker, Donelson, Bearman, Caldwell and Berkowitz, PC PAC",Michael Simpson,2025-04-23,1000.00
BAKER DONELSON BEARMAN CALDWELL & BERKOWITZ,"Baker, Donelson, Bearman, Caldwell and Berkowitz, PC PAC",Lisa Murkowski,2025-04-30,1500.00
BAKER DONELSON BEARMAN CALDWELL & BERKOWITZ,"Baker, Donelson, Bearman, Caldwell and Berkowitz, PC PAC",Carol Miller,2025-04-30,1000.00
BAKER DONELSON BEARMAN CALDWELL & BERKOWITZ,"Baker, Donelson, Bearman, Caldwell and Berkowitz, PC PAC",Greg Stanton,2025-05-02,1000.00
BAKER DONELSON BEARMAN CALDWELL & BERKOWITZ,"Baker, Donelson, Bearman, Caldwell and Berkowitz, PC PAC",Mark Warner,2025-05-07,2000.00
BAKER DONELSON BEARMAN CALDWELL & BERKOWITZ,"Baker, Donelson, Bearman, Caldwell and Berkowitz, PC PAC",Terri Sewell,2025-05-14,1000.00
BAKER DONELSON BEARMAN CALDWELL & BERKOWITZ,"Baker, Donelson, Bearman, Caldwell and Berkowitz, PC PAC",John Carter,2025-05-14,2500.00
BAKER DONELSON BEARMAN CALDWELL & BERKOWITZ,"Baker, Donelson, Bearman, Caldwell and Berkowitz, PC PAC",Steny Hoyer,2025-05-28,1000.00
BAKER DONELSON BEARMAN CALDWELL & BERKOWITZ,"Baker, Donelson, Bearman, Caldwell and Berkowitz, PC PAC",Ken Calvert,2025-05-28,1000.00
BAKER DONELSON BEARMAN CALDWELL & BERKOWITZ,"Baker, Donelson, Bearman, Caldwell and Berkowitz, PC PAC",Derek Schmidt,2025-05-30,1000.00
BAKER DONELSON BEARMAN CALDWELL & BERKOWITZ,"Baker, Donelson, Bearman, Caldwell and Berkowitz, PC PAC",Julie Johnson,2025-06-04,1000.00
BAKER DONELSON BEARMAN CALDWELL & BERKOWITZ,"Baker, Donelson, Bearman, Caldwell and Berkowitz, PC PAC",Sam Graves,2025-06-06,1000.00
BAKER DONELSON BEARMAN CALDWELL & BERKOWITZ,"Baker, Donelson, Bearman, Caldwell and Berkowitz, PC PAC",Mario Diaz-Balart,2025-06-18,1000.00
BAKER DONELSON BEARMAN CALDWELL & BERKOWITZ,"Baker, Donelson, Bearman, Caldwell and Berkowitz, PC PAC",Jennifer Kiggans,2025-06-25,1000.00
BAKER DONELSON BEARMAN CALDWELL & BERKOWITZ,"Baker, Donelson, Bearman, Caldwell and Berkowitz, PC PAC",John Mannion,2025-06-27,1000.00
BAKER DONELSON BEARMAN CALDWELL & BERKOWITZ,"Baker, Donelson, Bearman, Caldwell and Berkowitz, PC PAC",Roger Marshall,2025-01-17,1000.00
BAKER DONELSON BEARMAN CALDWELL & BERKOWITZ,"Baker, Donelson, Bearman, Caldwell and Berkowitz, PC PAC",Roger Wicker,2025-01-17,1000.00
BAKER DONELSON BEARMAN CALDWELL & BERKOWITZ,"Baker, Donelson, Bearman, Caldwell and Berkowitz, PC PAC",Mariannette Miller-Meeks,2025-02-05,1000.00
BAKER DONELSON BEARMAN CALDWELL & BERKOWITZ,"Baker, Donelson, Bearman, Caldwell and Berkowitz, PC PAC",Ken Calvert,2025-02-05,1000.00
BAKER DONELSON BEARMAN CALDWELL & BERKOWITZ,"Baker, Donelson, Bearman, Caldwell and Berkowitz, PC PAC",Jim Risch,2025-02-12,500.00
BAKER DONELSON BEARMAN CALDWELL & BERKOWITZ,"Baker, Donelson, Bearman, Caldwell and Berkowitz, PC PAC",Katherine Clark,2025-02-12,2500.00
BAKER DONELSON BEARMAN CALDWELL & BERKOWITZ,"Baker, Donelson, Bearman, Caldwell and Berkowitz, PC PAC",Dan Sullivan,2025-02-12,1000.00
BAKER DONELSON BEARMAN CALDWELL & BERKOWITZ,"Baker, Donelson, Bearman, Caldwell and Berkowitz, PC PAC",Jim Risch,2025-02-12,500.00
BAKER DONELSON BEARMAN CALDWELL & BERKOWITZ,"Baker, Donelson, Bearman, Caldwell and Berkowitz, PC PAC",Michael McCaul,2025-02-12,1000.00
BAKER DONELSON BEARMAN CALDWELL & BERKOWITZ,"Baker, Donelson, Bearman, Caldwell and Berkowitz, PC PAC",Susan Collins,2025-02-12,1000.00
BAKER DONELSON BEARMAN CALDWELL & BERKOWITZ,"Baker, Donelson, Bearman, Caldwell and Berkowitz, PC PAC",Robert Aderholt,2025-02-14,1000.00
BAKER DONELSON BEARMAN CALDWELL & BERKOWITZ,"Baker, Donelson, Bearman, Caldwell and Berkowitz, PC PAC",Maxine Dexter,2025-02-18,2500.00
BAKER DONELSON BEARMAN CALDWELL & BERKOWITZ,"Baker, Donelson, Bearman, Caldwell and Berkowitz, PC PAC",John Rutherford,2025-02-18,1000.00
BAKER DONELSON BEARMAN CALDWELL & BERKOWITZ,"Baker, Donelson, Bearman, Caldwell and Berkowitz, PC PAC",Brett Guthrie,2025-02-18,1500.00
BAKER DONELSON BEARMAN CALDWELL & BERKOWITZ,"Baker, Donelson, Bearman, Caldwell and Berkowitz, PC PAC",Cindy Hyde-Smith,2025-02-26,2500.00
BAKER DONELSON BEARMAN CALDWELL & BERKOWITZ,"Baker, Donelson, Bearman, Caldwell and Berkowitz, PC PAC",Wesley Bell,2025-02-26,2000.00
BAKER DONELSON BEARMAN CALDWELL & BERKOWITZ,"Baker, Donelson, Bearman, Caldwell and Berkowitz, PC PAC",Ruben Gallego,2025-02-26,1500.00
BAKER DONELSON BEARMAN CALDWELL & BERKOWITZ,"Baker, Donelson, Bearman, Caldwell and Berkowitz, PC PAC",Michael Simpson,2025-02-26,1000.00
BAKER DONELSON BEARMAN CALDWELL & BERKOWITZ,"Baker, Donelson, Bearman, Caldwell and Berkowitz, PC PAC",Thom Tillis,2025-02-26,1000.00
BAKER DONELSON BEARMAN CALDWELL & BERKOWITZ,"Baker, Donelson, Bearman, Caldwell and Berkowitz, PC PAC",Kirsten Gillibrand,2025-02-28,5000.00
BAKER DONELSON BEARMAN CALDWELL & BERKOWITZ,"Baker, Donelson, Bearman, Caldwell and Berkowitz, PC PAC",Ben Lujan,2025-02-28,2500.00
BAKER DONELSON BEARMAN CALDWELL & BERKOWITZ,"Baker, Donelson, Bearman, Caldwell and Berkowitz, PC PAC",Rob Wittman,2025-03-05,1000.00
BAKER DONELSON BEARMAN CALDWELL & BERKOWITZ,"Baker, Donelson, Bearman, Caldwell and Berkowitz, PC PAC",John Joyce,2025-03-05,1000.00
BAKER DONELSON BEARMAN CALDWELL & BERKOWITZ,"Baker, Donelson, Bearman, Caldwell and Berkowitz, PC PAC",John Barrasso,2025-03-05,1000.00
BAKER DONELSON BEARMAN CALDWELL & BERKOWITZ,"Baker, Donelson, Bearman, Caldwell and Berkowitz, PC PAC",Betty McCollum,2025-03-07,1000.00
BAKER DONELSON BEARMAN CALDWELL & BERKOWITZ,"Baker, Donelson, Bearman, Caldwell and Berkowitz, PC PAC",Dan Sullivan,2025-03-12,1000.00
BAKER DONELSON BEARMAN CALDWELL & BERKOWITZ,"Baker, Donelson, Bearman, Caldwell and Berkowitz, PC PAC",William (Bill) Cassidy,2025-03-12,2500.00
BAKER DONELSON BEARMAN CALDWELL & BERKOWITZ,"Baker, Donelson, Bearman, Caldwell and Berkowitz, PC PAC",Jennifer Kiggans,2025-03-12,1000.00
BAKER DONELSON BEARMAN CALDWELL & BERKOWITZ,"Baker, Donelson, Bearman, Caldwell and Berkowitz, PC PAC",Thom Tillis,2025-03-26,1500.00
BAKER DONELSON BEARMAN CALDWELL & BERKOWITZ,"Baker, Donelson, Bearman, Caldwell and Berkowitz, PC PAC",Joe Neguse,2025-03-26,1000.00
BAKER DONELSON BEARMAN CALDWELL & BERKOWITZ,"Baker, Donelson, Bearman, Caldwell and Berkowitz, PC PAC",William (Bill) Cassidy,2025-03-28,500.00
BAKER DONELSON BEARMAN CALDWELL & BERKOWITZ,"Baker, Donelson, Bearman, Caldwell and Berkowitz, PC PAC",William (Bill) Cassidy,2025-03-28,500.00
BAKER DONELSON BEARMAN CALDWELL & BERKOWITZ,"Baker, Donelson, Bearman, Caldwell and Berkowitz, PC PAC",Pat Harrigan,2025-04-02,1000.00
BAKER DONELSON BEARMAN CALDWELL & BERKOWITZ,"Baker, Donelson, Bearman, Caldwell and Berkowitz, PC PAC",Congressional Black Caucus PAC,2025-04-02,5000.00
BAKER DONELSON BEARMAN CALDWELL & BERKOWITZ,"Baker, Donelson, Bearman, Caldwell and Berkowitz, PC PAC",Diana DeGette,2025-04-02,1000.00
BAKER DONELSON BEARMAN CALDWELL & BERKOWITZ,"Baker, Donelson, Bearman, Caldwell and Berkowitz, PC PAC",John Ellzey,2025-04-02,1000.00
BAKER DONELSON BEARMAN CALDWELL & BERKOWITZ,"Baker, Donelson, Bearman, Caldwell and Berkowitz, PC PAC",Susan Collins,2025-04-11,1500.00
BAKER DONELSON BEARMAN CALDWELL & BERKOWITZ,"Baker, Donelson, Bearman, Caldwell and Berkowitz, PC PAC",Adam Smith,2025-04-11,5000.00
BAKER DONELSON BEARMAN CALDWELL & BERKOWITZ,"Baker, Donelson, Bearman, Caldwell and Berkowitz, PC PAC",Ted Cruz,2025-04-16,2500.00
BAKER DONELSON BEARMAN CALDWELL & BERKOWITZ,"Baker, Donelson, Bearman, Caldwell and Berkowitz, PC PAC",Joe Morelle,2025-04-16,2000.00
BAKER DONELSON BEARMAN CALDWELL & BERKOWITZ,"Baker, Donelson, Bearman, Caldwell and Berkowitz, PC PAC",Harold Rogers,2025-04-16,1500.00
BAKER DONELSON BEARMAN CALDWELL & BERKOWITZ,"Baker, Donelson, Bearman, Caldwell and Berkowitz, PC PAC",French Hill,2025-04-18,1000.00
BAKER DONELSON BEARMAN CALDWELL & BERKOWITZ,"Baker, Donelson, Bearman, Caldwell and Berkowitz, PC PAC",Brendan Boyle,2025-04-23,1000.00
BAKER DONELSON BEARMAN CALDWELL & BERKOWITZ,"Baker, Donelson, Bearman, Caldwell and Berkowitz, PC PAC",Cindy Hyde-Smith,2025-04-23,500.00
BAKER DONELSON BEARMAN CALDWELL & BERKOWITZ,"Baker, Donelson, Bearman, Caldwell and Berkowitz, PC PAC",Cindy Hyde-Smith,2025-04-23,1500.00
BAKER DONELSON BEARMAN CALDWELL & BERKOWITZ,"Baker, Donelson, Bearman, Caldwell and Berkowitz, PC PAC",Michael Simpson,2025-04-23,1000.00
BAKER DONELSON BEARMAN CALDWELL & BERKOWITZ,"Baker, Donelson, Bearman, Caldwell and Berkowitz, PC PAC",Lisa Murkowski,2025-04-30,1500.00
BAKER DONELSON BEARMAN CALDWELL & BERKOWITZ,"Baker, Donelson, Bearman, Caldwell and Berkowitz, PC PAC",Carol Miller,2025-04-30,1000.00
BAKER DONELSON BEARMAN CALDWELL & BERKOWITZ,"Baker, Donelson, Bearman, Caldwell and Berkowitz, PC PAC",Greg Stanton,2025-05-02,1000.00
BAKER DONELSON BEARMAN CALDWELL & BERKOWITZ,"Baker, Donelson, Bearman, Caldwell and Berkowitz, PC PAC",Mark Warner,2025-05-07,2000.00
BAKER DONELSON BEARMAN CALDWELL & BERKOWITZ,"Baker, Donelson, Bearman, Caldwell and Berkowitz, PC PAC",Terri Sewell,2025-05-14,1000.00
BAKER DONELSON BEARMAN CALDWELL & BERKOWITZ,"Baker, Donelson, Bearman, Caldwell and Berkowitz, PC PAC",John Carter,2025-05-14,2500.00
BAKER DONELSON BEARMAN CALDWELL & BERKOWITZ,"Baker, Donelson, Bearman, Caldwell and Berkowitz, PC PAC",Steny Hoyer,2025-05-28,1000.00
BAKER DONELSON BEARMAN CALDWELL & BERKOWITZ,"Baker, Donelson, Bearman, Caldwell and Berkowitz, PC PAC",Ken Calvert,2025-05-28,1000.00
BAKER DONELSON BEARMAN CALDWELL & BERKOWITZ,"Baker, Donelson, Bearman, Caldwell and Berkowitz, PC PAC",Derek Schmidt,2025-05-30,1000.00
BAKER DONELSON BEARMAN CALDWELL & BERKOWITZ,"Baker, Donelson, Bearman, Caldwell and Berkowitz, PC PAC",Julie Johnson,2025-06-04,1000.00
BAKER DONELSON BEARMAN CALDWELL & BERKOWITZ,"Baker, Donelson, Bearman, Caldwell and Berkowitz, PC PAC",Sam Graves,2025-06-06,1000.00
BAKER DONELSON BEARMAN CALDWELL & BERKOWITZ,"Baker, Donelson, Bearman, Caldwell and Berkowitz, PC PAC",Mario Diaz-Balart,2025-06-18,1000.00
BAKER DONELSON BEARMAN CALDWELL & BERKOWITZ,"Baker, Donelson, Bearman, Caldwell and Berkowitz, PC PAC",Jennifer Kiggans,2025-06-25,1000.00
BAKER DONELSON BEARMAN CALDWELL & BERKOWITZ,"Baker, Donelson, Bearman, Caldwell and Berkowitz, PC PAC",John Mannion,2025-06-27,1000.00
BAKER DONELSON BEARMAN CALDWELL & BERKOWITZ,"Baker, Donelson, Bearman, Caldwell and Berkowitz, PC PAC",Roger Marshall,2025-01-17,1000.00
BAKER DONELSON BEARMAN CALDWELL & BERKOWITZ,"Baker, Donelson, Bearman, Caldwell and Berkowitz, PC PAC",Roger Wicker,2025-01-17,1000.00
BAKER DONELSON BEARMAN CALDWELL & BERKOWITZ,"Baker, Donelson, Bearman, Caldwell and Berkowitz, PC PAC",Mariannette Miller-Meeks,2025-02-05,1000.00
BAKER DONELSON BEARMAN CALDWELL & BERKOWITZ,"Baker, Donelson, Bearman, Caldwell and Berkowitz, PC PAC",Ken Calvert,2025-02-05,1000.00
BAKER DONELSON BEARMAN CALDWELL & BERKOWITZ,"Baker, Donelson, Bearman, Caldwell and Berkowitz, PC PAC",Jim Risch,2025-02-12,500.00
BAKER DONELSON BEARMAN CALDWELL & BERKOWITZ,"Baker, Donelson, Bearman, Caldwell and Berkowitz, PC PAC",Katherine Clark,2025-02-12,2500.00
BAKER DONELSON BEARMAN CALDWELL & BERKOWITZ,"Baker, Donelson, Bearman, Caldwell and Berkowitz, PC PAC",Dan Sullivan,2025-02-12,1000.00
BAKER DONELSON BEARMAN CALDWELL & BERKOWITZ,"Baker, Donelson, Bearman, Caldwell and Berkowitz, PC PAC",Jim Risch,2025-02-12,500.00
BAKER DONELSON BEARMAN CALDWELL & BERKOWITZ,"Baker, Donelson, Bearman, Caldwell and Berkowitz, PC PAC",Michael McCaul,2025-02-12,1000.00
BAKER DONELSON BEARMAN CALDWELL & BERKOWITZ,"Baker, Donelson, Bearman, Caldwell and Berkowitz, PC PAC",Susan Collins,2025-02-12,1000.00
BAKER DONELSON BEARMAN CALDWELL & BERKOWITZ,"Baker, Donelson, Bearman, Caldwell and Berkowitz, PC PAC",Robert Aderholt,2025-02-14,1000.00
BAKER DONELSON BEARMAN CALDWELL & BERKOWITZ,"Baker, Donelson, Bearman, Caldwell and Berkowitz, PC PAC",Maxine Dexter,2025-02-18,2500.00
BAKER DONELSON BEARMAN CALDWELL & BERKOWITZ,"Baker, Donelson, Bearman, Caldwell and Berkowitz, PC PAC",John Rutherford,2025-02-18,1000.00
BAKER DONELSON BEARMAN CALDWELL & BERKOWITZ,"Baker, Donelson, Bearman, Caldwell and Berkowitz, PC PAC",Brett Guthrie,2025-02-18,1500.00
BAKER DONELSON BEARMAN CALDWELL & BERKOWITZ,"Baker, Donelson, Bearman, Caldwell and Berkowitz, PC PAC",Cindy Hyde-Smith,2025-02-26,2500.00
BAKER DONELSON BEARMAN CALDWELL & BERKOWITZ,"Baker, Donelson, Bearman, Caldwell and Berkowitz, PC PAC",Wesley Bell,2025-02-26,2000.00
BAKER DONELSON BEARMAN CALDWELL & BERKOWITZ,"Baker, Donelson, Bearman, Caldwell and Berkowitz, PC PAC",Ruben Gallego,2025-02-26,1500.00
BAKER DONELSON BEARMAN CALDWELL & BERKOWITZ,"Baker, Donelson, Bearman, Caldwell and Berkowitz, PC PAC",Michael Simpson,2025-02-26,1000.00
BAKER DONELSON BEARMAN CALDWELL & BERKOWITZ,"Baker, Donelson, Bearman, Caldwell and Berkowitz, PC PAC",Thom Tillis,2025-02-26,1000.00
BAKER DONELSON BEARMAN CALDWELL & BERKOWITZ,"Baker, Donelson, Bearman, Caldwell and Berkowitz, PC PAC",Kirsten Gillibrand,2025-02-28,5000.00
BAKER DONELSON BEARMAN CALDWELL & BERKOWITZ,"Baker, Donelson, Bearman, Caldwell and Berkowitz, PC PAC",Ben Lujan,2025-02-28,2500.00
BAKER DONELSON BEARMAN CALDWELL & BERKOWITZ,"Baker, Donelson, Bearman, Caldwell and Berkowitz, PC PAC",Rob Wittman,2025-03-05,1000.00
BAKER DONELSON BEARMAN CALDWELL & BERKOWITZ,"Baker, Donelson, Bearman, Caldwell and Berkowitz, PC PAC",John Joyce,2025-03-05,1000.00
BAKER DONELSON BEARMAN CALDWELL & BERKOWITZ,"Baker, Donelson, Bearman, Caldwell and Berkowitz, PC PAC",John Barrasso,2025-03-05,1000.00
BAKER DONELSON BEARMAN CALDWELL & BERKOWITZ,"Baker, Donelson, Bearman, Caldwell and Berkowitz, PC PAC",Betty McCollum,2025-03-07,1000.00
BAKER DONELSON BEARMAN CALDWELL & BERKOWITZ,"Baker, Donelson, Bearman, Caldwell and Berkowitz, PC PAC",Dan Sullivan,2025-03-12,1000.00
BAKER DONELSON BEARMAN CALDWELL & BERKOWITZ,"Baker, Donelson, Bearman, Caldwell and Berkowitz, PC PAC",William (Bill) Cassidy,2025-03-12,2500.00
BAKER DONELSON BEARMAN CALDWELL & BERKOWITZ,"Baker, Donelson, Bearman, Caldwell and Berkowitz, PC PAC",Jennifer Kiggans,2025-03-12,1000.00
BAKER DONELSON BEARMAN CALDWELL & BERKOWITZ,"Baker, Donelson, Bearman, Caldwell and Berkowitz, PC PAC",Thom Tillis,2025-03-26,1500.00
BAKER DONELSON BEARMAN CALDWELL & BERKOWITZ,"Baker, Donelson, Bearman, Caldwell and Berkowitz, PC PAC",Joe Neguse,2025-03-26,1000.00
BAKER DONELSON BEARMAN CALDWELL & BERKOWITZ,"Baker, Donelson, Bearman, Caldwell and Berkowitz, PC PAC",William (Bill) Cassidy,2025-03-28,500.00
BAKER DONELSON BEARMAN CALDWELL & BERKOWITZ,"Baker, Donelson, Bearman, Caldwell and Berkowitz, PC PAC",William (Bill) Cassidy,2025-03-28,500.00
BAKER DONELSON BEARMAN CALDWELL & BERKOWITZ,"Baker, Donelson, Bearman, Caldwell and Berkowitz, PC PAC",Pat Harrigan,2025-04-02,1000.00
BAKER DONELSON BEARMAN CALDWELL & BERKOWITZ,"Baker, Donelson, Bearman, Caldwell and Berkowitz, PC PAC",Congressional Black Caucus PAC,2025-04-02,5000.00
BAKER DONELSON BEARMAN CALDWELL & BERKOWITZ,"Baker, Donelson, Bearman, Caldwell and Berkowitz, PC PAC",Diana DeGette,2025-04-02,1000.00
BAKER DONELSON BEARMAN CALDWELL & BERKOWITZ,"Baker, Donelson, Bearman, Caldwell and Berkowitz, PC PAC",John Ellzey,2025-04-02,1000.00
BAKER DONELSON BEARMAN CALDWELL & BERKOWITZ,"Baker, Donelson, Bearman, Caldwell and Berkowitz, PC PAC",Susan Collins,2025-04-11,1500.00
BAKER DONELSON BEARMAN CALDWELL & BERKOWITZ,"Baker, Donelson, Bearman, Caldwell and Berkowitz, PC PAC",Adam Smith,2025-04-11,5000.00
BAKER DONELSON BEARMAN CALDWELL & BERKOWITZ,"Baker, Donelson, Bearman, Caldwell and Berkowitz, PC PAC",Ted Cruz,2025-04-16,2500.00
BAKER DONELSON BEARMAN CALDWELL & BERKOWITZ,"Baker, Donelson, Bearman, Caldwell and Berkowitz, PC PAC",Joe Morelle,2025-04-16,2000.00
BAKER DONELSON BEARMAN CALDWELL & BERKOWITZ,"Baker, Donelson, Bearman, Caldwell and Berkowitz, PC PAC",Harold Rogers,2025-04-16,1500.00
BAKER DONELSON BEARMAN CALDWELL & BERKOWITZ,"Baker, Donelson, Bearman, Caldwell and Berkowitz, PC PAC",French Hill,2025-04-18,1000.00
BAKER DONELSON BEARMAN CALDWELL & BERKOWITZ,"Baker, Donelson, Bearman, Caldwell and Berkowitz, PC PAC",Brendan Boyle,2025-04-23,1000.00
BAKER DONELSON BEARMAN CALDWELL & BERKOWITZ,"Baker, Donelson, Bearman, Caldwell and Berkowitz, PC PAC",Cindy Hyde-Smith,2025-04-23,500.00
BAKER DONELSON BEARMAN CALDWELL & BERKOWITZ,"Baker, Donelson, Bearman, Caldwell and Berkowitz, PC PAC",Cindy Hyde-Smith,2025-04-23,1500.00
BAKER DONELSON BEARMAN CALDWELL & BERKOWITZ,"Baker, Donelson, Bearman, Caldwell and Berkowitz, PC PAC",Michael Simpson,2025-04-23,1000.00
BAKER DONELSON BEARMAN CALDWELL & BERKOWITZ,"Baker, Donelson, Bearman, Caldwell and Berkowitz, PC PAC",Lisa Murkowski,2025-04-30,1500.00
BAKER DONELSON BEARMAN CALDWELL & BERKOWITZ,"Baker, Donelson, Bearman, Caldwell and Berkowitz, PC PAC",Carol Miller,2025-04-30,1000.00
BAKER DONELSON BEARMAN CALDWELL & BERKOWITZ,"Baker, Donelson, Bearman, Caldwell and Berkowitz, PC PAC",Greg Stanton,2025-05-02,1000.00
BAKER DONELSON BEARMAN CALDWELL & BERKOWITZ,"Baker, Donelson, Bearman, Caldwell and Berkowitz, PC PAC",Mark Warner,2025-05-07,2000.00
BAKER DONELSON BEARMAN CALDWELL & BERKOWITZ,"Baker, Donelson, Bearman, Caldwell and Berkowitz, PC PAC",Terri Sewell,2025-05-14,1000.00
BAKER DONELSON BEARMAN CALDWELL & BERKOWITZ,"Baker, Donelson, Bearman, Caldwell and Berkowitz, PC PAC",John Carter,2025-05-14,2500.00
BAKER DONELSON BEARMAN CALDWELL & BERKOWITZ,"Baker, Donelson, Bearman, Caldwell and Berkowitz, PC PAC",Steny Hoyer,2025-05-28,1000.00
BAKER DONELSON BEARMAN CALDWELL & BERKOWITZ,"Baker, Donelson, Bearman, Caldwell and Berkowitz, PC PAC",Ken Calvert,2025-05-28,1000.00
BAKER DONELSON BEARMAN CALDWELL & BERKOWITZ,"Baker, Donelson, Bearman, Caldwell and Berkowitz, PC PAC",Derek Schmidt,2025-05-30,1000.00
BAKER DONELSON BEARMAN CALDWELL & BERKOWITZ,"Baker, Donelson, Bearman, Caldwell and Berkowitz, PC PAC",Julie Johnson,2025-06-04,1000.00
BAKER DONELSON BEARMAN CALDWELL & BERKOWITZ,"Baker, Donelson, Bearman, Caldwell and Berkowitz, PC PAC",Sam Graves,2025-06-06,1000.00
BAKER DONELSON BEARMAN CALDWELL & BERKOWITZ,"Baker, Donelson, Bearman, Caldwell and Berkowitz, PC PAC",Mario Diaz-Balart,2025-06-18,1000.00
BAKER DONELSON BEARMAN CALDWELL & BERKOWITZ,"Baker, Donelson, Bearman, Caldwell and Berkowitz, PC PAC",Jennifer Kiggans,2025-06-25,1000.00
BAKER DONELSON BEARMAN CALDWELL & BERKOWITZ,"Baker, Donelson, Bearman, Caldwell and Berkowitz, PC PAC",John Mannion,2025-06-27,1000.00
BAKER DONELSON BEARMAN CALDWELL & BERKOWITZ,"Baker, Donelson, Bearman, Caldwell and Berkowitz, PC PAC",Roger Marshall,2025-01-17,1000.00
BAKER DONELSON BEARMAN CALDWELL & BERKOWITZ,"Baker, Donelson, Bearman, Caldwell and Berkowitz, PC PAC",Roger Wicker,2025-01-17,1000.00
BAKER DONELSON BEARMAN CALDWELL & BERKOWITZ,"Baker, Donelson, Bearman, Caldwell and Berkowitz, PC PAC",Mariannette Miller-Meeks,2025-02-05,1000.00
BAKER DONELSON BEARMAN CALDWELL & BERKOWITZ,"Baker, Donelson, Bearman, Caldwell and Berkowitz, PC PAC",Ken Calvert,2025-02-05,1000.00
BAKER DONELSON BEARMAN CALDWELL & BERKOWITZ,"Baker, Donelson, Bearman, Caldwell and Berkowitz, PC PAC",Jim Risch,2025-02-12,500.00
BAKER DONELSON BEARMAN CALDWELL & BERKOWITZ,"Baker, Donelson, Bearman, Caldwell and Berkowitz, PC PAC",Katherine Clark,2025-02-12,2500.00
BAKER DONELSON BEARMAN CALDWELL & BERKOWITZ,"Baker, Donelson, Bearman, Caldwell and Berkowitz, PC PAC",Dan Sullivan,2025-02-12,1000.00
BAKER DONELSON BEARMAN CALDWELL & BERKOWITZ,"Baker, Donelson, Bearman, Caldwell and Berkowitz, PC PAC",Jim Risch,2025-02-12,500.00
BAKER DONELSON BEARMAN CALDWELL & BERKOWITZ,"Baker, Donelson, Bearman, Caldwell and Berkowitz, PC PAC",Michael McCaul,2025-02-12,1000.00
BAKER DONELSON BEARMAN CALDWELL & BERKOWITZ,"Baker, Donelson, Bearman, Caldwell and Berkowitz, PC PAC",Susan Collins,2025-02-12,1000.00
BAKER DONELSON BEARMAN CALDWELL & BERKOWITZ,"Baker, Donelson, Bearman, Caldwell and Berkowitz, PC PAC",Robert Aderholt,2025-02-14,1000.00
BAKER DONELSON BEARMAN CALDWELL & BERKOWITZ,"Baker, Donelson, Bearman, Caldwell and Berkowitz, PC PAC",Maxine Dexter,2025-02-18,2500.00
BAKER DONELSON BEARMAN CALDWELL & BERKOWITZ,"Baker, Donelson, Bearman, Caldwell and Berkowitz, PC PAC",John Rutherford,2025-02-18,1000.00
BAKER DONELSON BEARMAN CALDWELL & BERKOWITZ,"Baker, Donelson, Bearman, Caldwell and Berkowitz, PC PAC",Brett Guthrie,2025-02-18,1500.00
BAKER DONELSON BEARMAN CALDWELL & BERKOWITZ,"Baker, Donelson, Bearman, Caldwell and Berkowitz, PC PAC",Cindy Hyde-Smith,2025-02-26,2500.00
BAKER DONELSON BEARMAN CALDWELL & BERKOWITZ,"Baker, Donelson, Bearman, Caldwell and Berkowitz, PC PAC",Wesley Bell,2025-02-26,2000.00
BAKER DONELSON BEARMAN CALDWELL & BERKOWITZ,"Baker, Donelson, Bearman, Caldwell and Berkowitz, PC PAC",Ruben Gallego,2025-02-26,1500.00
BAKER DONELSON BEARMAN CALDWELL & BERKOWITZ,"Baker, Donelson, Bearman, Caldwell and Berkowitz, PC PAC",Michael Simpson,2025-02-26,1000.00
BAKER DONELSON BEARMAN CALDWELL & BERKOWITZ,"Baker, Donelson, Bearman, Caldwell and Berkowitz, PC PAC",Thom Tillis,2025-02-26,1000.00
BAKER DONELSON BEARMAN CALDWELL & BERKOWITZ,"Baker, Donelson, Bearman, Caldwell and Berkowitz, PC PAC",Kirsten Gillibrand,2025-02-28,5000.00
BAKER DONELSON BEARMAN CALDWELL & BERKOWITZ,"Baker, Donelson, Bearman, Caldwell and Berkowitz, PC PAC",Ben Lujan,2025-02-28,2500.00
BAKER DONELSON BEARMAN CALDWELL & BERKOWITZ,"Baker, Donelson, Bearman, Caldwell and Berkowitz, PC PAC",Rob Wittman,2025-03-05,1000.00
BAKER DONELSON BEARMAN CALDWELL & BERKOWITZ,"Baker, Donelson, Bearman, Caldwell and Berkowitz, PC PAC",John Joyce,2025-03-05,1000.00
BAKER DONELSON BEARMAN CALDWELL & BERKOWITZ,"Baker, Donelson, Bearman, Caldwell and Berkowitz, PC PAC",John Barrasso,2025-03-05,1000.00
BAKER DONELSON BEARMAN CALDWELL & BERKOWITZ,"Baker, Donelson, Bearman, Caldwell and Berkowitz, PC PAC",Betty McCollum,2025-03-07,1000.00
BAKER DONELSON BEARMAN CALDWELL & BERKOWITZ,"Baker, Donelson, Bearman, Caldwell and Berkowitz, PC PAC",Dan Sullivan,2025-03-12,1000.00
BAKER DONELSON BEARMAN CALDWELL & BERKOWITZ,"Baker, Donelson, Bearman, Caldwell and Berkowitz, PC PAC",William (Bill) Cassidy,2025-03-12,2500.00
BAKER DONELSON BEARMAN CALDWELL & BERKOWITZ,"Baker, Donelson, Bearman, Caldwell and Berkowitz, PC PAC",Jennifer Kiggans,2025-03-12,1000.00
BAKER DONELSON BEARMAN CALDWELL & BERKOWITZ,"Baker, Donelson, Bearman, Caldwell and Berkowitz, PC PAC",Thom Tillis,2025-03-26,1500.00
BAKER DONELSON BEARMAN CALDWELL & BERKOWITZ,"Baker, Donelson, Bearman, Caldwell and Berkowitz, PC PAC",Joe Neguse,2025-03-26,1000.00
BAKER DONELSON BEARMAN CALDWELL & BERKOWITZ,"Baker, Donelson, Bearman, Caldwell and Berkowitz, PC PAC",William (Bill) Cassidy,2025-03-28,500.00
BAKER DONELSON BEARMAN CALDWELL & BERKOWITZ,"Baker, Donelson, Bearman, Caldwell and Berkowitz, PC PAC",William (Bill) Cassidy,2025-03-28,500.00
BAKER DONELSON BEARMAN CALDWELL & BERKOWITZ,"Baker, Donelson, Bearman, Caldwell and Berkowitz, PC PAC",Pat Harrigan,2025-04-02,1000.00
BAKER DONELSON BEARMAN CALDWELL & BERKOWITZ,"Baker, Donelson, Bearman, Caldwell and Berkowitz, PC PAC",Congressional Black Caucus PAC,2025-04-02,5000.00
BAKER DONELSON BEARMAN CALDWELL & BERKOWITZ,"Baker, Donelson, Bearman, Caldwell and Berkowitz, PC PAC",Diana DeGette,2025-04-02,1000.00
BAKER DONELSON BEARMAN CALDWELL & BERKOWITZ,"Baker, Donelson, Bearman, Caldwell and Berkowitz, PC PAC",John Ellzey,2025-04-02,1000.00
BAKER DONELSON BEARMAN CALDWELL & BERKOWITZ,"Baker, Donelson, Bearman, Caldwell and Berkowitz, PC PAC",Susan Collins,2025-04-11,1500.00
BAKER DONELSON BEARMAN CALDWELL & BERKOWITZ,"Baker, Donelson, Bearman, Caldwell and Berkowitz, PC PAC",Adam Smith,2025-04-11,5000.00
BAKER DONELSON BEARMAN CALDWELL & BERKOWITZ,"Baker, Donelson, Bearman, Caldwell and Berkowitz, PC PAC",Ted Cruz,2025-04-16,2500.00
BAKER DONELSON BEARMAN CALDWELL & BERKOWITZ,"Baker, Donelson, Bearman, Caldwell and Berkowitz, PC PAC",Joe Morelle,2025-04-16,2000.00
BAKER DONELSON BEARMAN CALDWELL & BERKOWITZ,"Baker, Donelson, Bearman, Caldwell and Berkowitz, PC PAC",Harold Rogers,2025-04-16,1500.00
BAKER DONELSON BEARMAN CALDWELL & BERKOWITZ,"Baker, Donelson, Bearman, Caldwell and Berkowitz, PC PAC",French Hill,2025-04-18,1000.00
BAKER DONELSON BEARMAN CALDWELL & BERKOWITZ,"Baker, Donelson, Bearman, Caldwell and Berkowitz, PC PAC",Brendan Boyle,2025-04-23,1000.00
BAKER DONELSON BEARMAN CALDWELL & BERKOWITZ,"Baker, Donelson, Bearman, Caldwell and Berkowitz, PC PAC",Cindy Hyde-Smith,2025-04-23,500.00
BAKER DONELSON BEARMAN CALDWELL & BERKOWITZ,"Baker, Donelson, Bearman, Caldwell and Berkowitz, PC PAC",Cindy Hyde-Smith,2025-04-23,1500.00
BAKER DONELSON BEARMAN CALDWELL & BERKOWITZ,"Baker, Donelson, Bearman, Caldwell and Berkowitz, PC PAC",Michael Simpson,2025-04-23,1000.00
BAKER DONELSON BEARMAN CALDWELL & BERKOWITZ,"Baker, Donelson, Bearman, Caldwell and Berkowitz, PC PAC",Lisa Murkowski,2025-04-30,1500.00
BAKER DONELSON BEARMAN CALDWELL & BERKOWITZ,"Baker, Donelson, Bearman, Caldwell and Berkowitz, PC PAC",Carol Miller,2025-04-30,1000.00
BAKER DONELSON BEARMAN CALDWELL & BERKOWITZ,"Baker, Donelson, Bearman, Caldwell and Berkowitz, PC PAC",Greg Stanton,2025-05-02,1000.00
BAKER DONELSON BEARMAN CALDWELL & BERKOWITZ,"Baker, Donelson, Bearman, Caldwell and Berkowitz, PC PAC",Mark Warner,2025-05-07,2000.00
BAKER DONELSON BEARMAN CALDWELL & BERKOWITZ,"Baker, Donelson, Bearman, Caldwell and Berkowitz, PC PAC",Terri Sewell,2025-05-14,1000.00
BAKER DONELSON BEARMAN CALDWELL & BERKOWITZ,"Baker, Donelson, Bearman, Caldwell and Berkowitz, PC PAC",John Carter,2025-05-14,2500.00
BAKER DONELSON BEARMAN CALDWELL & BERKOWITZ,"Baker, Donelson, Bearman, Caldwell and Berkowitz, PC PAC",Steny Hoyer,2025-05-28,1000.00
BAKER DONELSON BEARMAN CALDWELL & BERKOWITZ,"Baker, Donelson, Bearman, Caldwell and Berkowitz, PC PAC",Ken Calvert,2025-05-28,1000.00
BAKER DONELSON BEARMAN CALDWELL & BERKOWITZ,"Baker, Donelson, Bearman, Caldwell and Berkowitz, PC PAC",Derek Schmidt,2025-05-30,1000.00
BAKER DONELSON BEARMAN CALDWELL & BERKOWITZ,"Baker, Donelson, Bearman, Caldwell and Berkowitz, PC PAC",Julie Johnson,2025-06-04,1000.00
BAKER DONELSON BEARMAN CALDWELL & BERKOWITZ,"Baker, Donelson, Bearman, Caldwell and Berkowitz, PC PAC",Sam Graves,2025-06-06,1000.00
BAKER DONELSON BEARMAN CALDWELL & BERKOWITZ,"Baker, Donelson, Bearman, Caldwell and Berkowitz, PC PAC",Mario Diaz-Balart,2025-06-18,1000.00
BAKER DONELSON BEARMAN CALDWELL & BERKOWITZ,"Baker, Donelson, Bearman, Caldwell and Berkowitz, PC PAC",Jennifer Kiggans,2025-06-25,1000.00
BAKER DONELSON BEARMAN CALDWELL & BERKOWITZ,"Baker, Donelson, Bearman, Caldwell and Berkowitz, PC PAC",John Mannion,2025-06-27,1000.00
BAKER DONELSON BEARMAN CALDWELL & BERKOWITZ,"Baker, Donelson, Bearman, Caldwell and Berkowitz, PC PAC",Roger Marshall,2025-01-17,1000.00
BAKER DONELSON BEARMAN CALDWELL & BERKOWITZ,"Baker, Donelson, Bearman, Caldwell and Berkowitz, PC PAC",Roger Wicker,2025-01-17,1000.00
BAKER DONELSON BEARMAN CALDWELL & BERKOWITZ,"Baker, Donelson, Bearman, Caldwell and Berkowitz, PC PAC",Mariannette Miller-Meeks,2025-02-05,1000.00
BAKER DONELSON BEARMAN CALDWELL & BERKOWITZ,"Baker, Donelson, Bearman, Caldwell and Berkowitz, PC PAC",Ken Calvert,2025-02-05,1000.00
BAKER DONELSON BEARMAN CALDWELL & BERKOWITZ,"Baker, Donelson, Bearman, Caldwell and Berkowitz, PC PAC",Jim Risch,2025-02-12,500.00
BAKER DONELSON BEARMAN CALDWELL & BERKOWITZ,"Baker, Donelson, Bearman, Caldwell and Berkowitz, PC PAC",Katherine Clark,2025-02-12,2500.00
BAKER DONELSON BEARMAN CALDWELL & BERKOWITZ,"Baker, Donelson, Bearman, Caldwell and Berkowitz, PC PAC",Dan Sullivan,2025-02-12,1000.00
BAKER DONELSON BEARMAN CALDWELL & BERKOWITZ,"Baker, Donelson, Bearman, Caldwell and Berkowitz, PC PAC",Jim Risch,2025-02-12,500.00
BAKER DONELSON BEARMAN CALDWELL & BERKOWITZ,"Baker, Donelson, Bearman, Caldwell and Berkowitz, PC PAC",Michael McCaul,2025-02-12,1000.00
BAKER DONELSON BEARMAN CALDWELL & BERKOWITZ,"Baker, Donelson, Bearman, Caldwell and Berkowitz, PC PAC",Susan Collins,2025-02-12,1000.00
BAKER DONELSON BEARMAN CALDWELL & BERKOWITZ,"Baker, Donelson, Bearman, Caldwell and Berkowitz, PC PAC",Robert Aderholt,2025-02-14,1000.00
BAKER DONELSON BEARMAN CALDWELL & BERKOWITZ,"Baker, Donelson, Bearman, Caldwell and Berkowitz, PC PAC",Maxine Dexter,2025-02-18,2500.00
BAKER DONELSON BEARMAN CALDWELL & BERKOWITZ,"Baker, Donelson, Bearman, Caldwell and Berkowitz, PC PAC",John Rutherford,2025-02-18,1000.00
BAKER DONELSON BEARMAN CALDWELL & BERKOWITZ,"Baker, Donelson, Bearman, Caldwell and Berkowitz, PC PAC",Brett Guthrie,2025-02-18,1500.00
BAKER DONELSON BEARMAN CALDWELL & BERKOWITZ,"Baker, Donelson, Bearman, Caldwell and Berkowitz, PC PAC",Cindy Hyde-Smith,2025-02-26,2500.00
BAKER DONELSON BEARMAN CALDWELL & BERKOWITZ,"Baker, Donelson, Bearman, Caldwell and Berkowitz, PC PAC",Wesley Bell,2025-02-26,2000.00
BAKER DONELSON BEARMAN CALDWELL & BERKOWITZ,"Baker, Donelson, Bearman, Caldwell and Berkowitz, PC PAC",Ruben Gallego,2025-02-26,1500.00
BAKER DONELSON BEARMAN CALDWELL & BERKOWITZ,"Baker, Donelson, Bearman, Caldwell and Berkowitz, PC PAC",Michael Simpson,2025-02-26,1000.00
BAKER DONELSON BEARMAN CALDWELL & BERKOWITZ,"Baker, Donelson, Bearman, Caldwell and Berkowitz, PC PAC",Thom Tillis,2025-02-26,1000.00
BAKER DONELSON BEARMAN CALDWELL & BERKOWITZ,"Baker, Donelson, Bearman, Caldwell and Berkowitz, PC PAC",Kirsten Gillibrand,2025-02-28,5000.00
BAKER DONELSON BEARMAN CALDWELL & BERKOWITZ,"Baker, Donelson, Bearman, Caldwell and Berkowitz, PC PAC",Ben Lujan,2025-02-28,2500.00
BAKER DONELSON BEARMAN CALDWELL & BERKOWITZ,"Baker, Donelson, Bearman, Caldwell and Berkowitz, PC PAC",Rob Wittman,2025-03-05,1000.00
BAKER DONELSON BEARMAN CALDWELL & BERKOWITZ,"Baker, Donelson, Bearman, Caldwell and Berkowitz, PC PAC",John Joyce,2025-03-05,1000.00
BAKER DONELSON BEARMAN CALDWELL & BERKOWITZ,"Baker, Donelson, Bearman, Caldwell and Berkowitz, PC PAC",John Barrasso,2025-03-05,1000.00
BAKER DONELSON BEARMAN CALDWELL & BERKOWITZ,"Baker, Donelson, Bearman, Caldwell and Berkowitz, PC PAC",Betty McCollum,2025-03-07,1000.00
BAKER DONELSON BEARMAN CALDWELL & BERKOWITZ,"Baker, Donelson, Bearman, Caldwell and Berkowitz, PC PAC",Dan Sullivan,2025-03-12,1000.00
BAKER DONELSON BEARMAN CALDWELL & BERKOWITZ,"Baker, Donelson, Bearman, Caldwell and Berkowitz, PC PAC",William (Bill) Cassidy,2025-03-12,2500.00
BAKER DONELSON BEARMAN CALDWELL & BERKOWITZ,"Baker, Donelson, Bearman, Caldwell and Berkowitz, PC PAC",Jennifer Kiggans,2025-03-12,1000.00
BAKER DONELSON BEARMAN CALDWELL & BERKOWITZ,"Baker, Donelson, Bearman, Caldwell and Berkowitz, PC PAC",Thom Tillis,2025-03-26,1500.00
BAKER DONELSON BEARMAN CALDWELL & BERKOWITZ,"Baker, Donelson, Bearman, Caldwell and Berkowitz, PC PAC",Joe Neguse,2025-03-26,1000.00
BAKER DONELSON BEARMAN CALDWELL & BERKOWITZ,"Baker, Donelson, Bearman, Caldwell and Berkowitz, PC PAC",William (Bill) Cassidy,2025-03-28,500.00
BAKER DONELSON BEARMAN CALDWELL & BERKOWITZ,"Baker, Donelson, Bearman, Caldwell and Berkowitz, PC PAC",William (Bill) Cassidy,2025-03-28,500.00
BAKER DONELSON BEARMAN CALDWELL & BERKOWITZ,"Baker, Donelson, Bearman, Caldwell and Berkowitz, PC PAC",Pat Harrigan,2025-04-02,1000.00
BAKER DONELSON BEARMAN CALDWELL & BERKOWITZ,"Baker, Donelson, Bearman, Caldwell and Berkowitz, PC PAC",Congressional Black Caucus PAC,2025-04-02,5000.00
BAKER DONELSON BEARMAN CALDWELL & BERKOWITZ,"Baker, Donelson, Bearman, Caldwell and Berkowitz, PC PAC",Diana DeGette,2025-04-02,1000.00
BAKER DONELSON BEARMAN CALDWELL & BERKOWITZ,"Baker, Donelson, Bearman, Caldwell and Berkowitz, PC PAC",John Ellzey,2025-04-02,1000.00
BAKER DONELSON BEARMAN CALDWELL & BERKOWITZ,"Baker, Donelson, Bearman, Caldwell and Berkowitz, PC PAC",Susan Collins,2025-04-11,1500.00
BAKER DONELSON BEARMAN CALDWELL & BERKOWITZ,"Baker, Donelson, Bearman, Caldwell and Berkowitz, PC PAC",Adam Smith,2025-04-11,5000.00
BAKER DONELSON BEARMAN CALDWELL & BERKOWITZ,"Baker, Donelson, Bearman, Caldwell and Berkowitz, PC PAC",Ted Cruz,2025-04-16,2500.00
BAKER DONELSON BEARMAN CALDWELL & BERKOWITZ,"Baker, Donelson, Bearman, Caldwell and Berkowitz, PC PAC",Joe Morelle,2025-04-16,2000.00
BAKER DONELSON BEARMAN CALDWELL & BERKOWITZ,"Baker, Donelson, Bearman, Caldwell and Berkowitz, PC PAC",Harold Rogers,2025-04-16,1500.00
BAKER DONELSON BEARMAN CALDWELL & BERKOWITZ,"Baker, Donelson, Bearman, Caldwell and Berkowitz, PC PAC",French Hill,2025-04-18,1000.00
BAKER DONELSON BEARMAN CALDWELL & BERKOWITZ,"Baker, Donelson, Bearman, Caldwell and Berkowitz, PC PAC",Brendan Boyle,2025-04-23,1000.00
BAKER DONELSON BEARMAN CALDWELL & BERKOWITZ,"Baker, Donelson, Bearman, Caldwell and Berkowitz, PC PAC",Cindy Hyde-Smith,2025-04-23,500.00
BAKER DONELSON BEARMAN CALDWELL & BERKOWITZ,"Baker, Donelson, Bearman, Caldwell and Berkowitz, PC PAC",Cindy Hyde-Smith,2025-04-23,1500.00
BAKER DONELSON BEARMAN CALDWELL & BERKOWITZ,"Baker, Donelson, Bearman, Caldwell and Berkowitz, PC PAC",Michael Simpson,2025-04-23,1000.00
BAKER DONELSON BEARMAN CALDWELL & BERKOWITZ,"Baker, Donelson, Bearman, Caldwell and Berkowitz, PC PAC",Lisa Murkowski,2025-04-30,1500.00
BAKER DONELSON BEARMAN CALDWELL & BERKOWITZ,"Baker, Donelson, Bearman, Caldwell and Berkowitz, PC PAC",Carol Miller,2025-04-30,1000.00
BAKER DONELSON BEARMAN CALDWELL & BERKOWITZ,"Baker, Donelson, Bearman, Caldwell and Berkowitz, PC PAC",Greg Stanton,2025-05-02,1000.00
BAKER DONELSON BEARMAN CALDWELL & BERKOWITZ,"Baker, Donelson, Bearman, Caldwell and Berkowitz, PC PAC",Mark Warner,2025-05-07,2000.00
BAKER DONELSON BEARMAN CALDWELL & BERKOWITZ,"Baker, Donelson, Bearman, Caldwell and Berkowitz, PC PAC",Terri Sewell,2025-05-14,1000.00
BAKER DONELSON BEARMAN CALDWELL & BERKOWITZ,"Baker, Donelson, Bearman, Caldwell and Berkowitz, PC PAC",John Carter,2025-05-14,2500.00
BAKER DONELSON BEARMAN CALDWELL & BERKOWITZ,"Baker, Donelson, Bearman, Caldwell and Berkowitz, PC PAC",Steny Hoyer,2025-05-28,1000.00
BAKER DONELSON BEARMAN CALDWELL & BERKOWITZ,"Baker, Donelson, Bearman, Caldwell and Berkowitz, PC PAC",Ken Calvert,2025-05-28,1000.00
BAKER DONELSON BEARMAN CALDWELL & BERKOWITZ,"Baker, Donelson, Bearman, Caldwell and Berkowitz, PC PAC",Derek Schmidt,2025-05-30,1000.00
BAKER DONELSON BEARMAN CALDWELL & BERKOWITZ,"Baker, Donelson, Bearman, Caldwell and Berkowitz, PC PAC",Julie Johnson,2025-06-04,1000.00
BAKER DONELSON BEARMAN CALDWELL & BERKOWITZ,"Baker, Donelson, Bearman, Caldwell and Berkowitz, PC PAC",Sam Graves,2025-06-06,1000.00
BAKER DONELSON BEARMAN CALDWELL & BERKOWITZ,"Baker, Donelson, Bearman, Caldwell and Berkowitz, PC PAC",Mario Diaz-Balart,2025-06-18,1000.00
BAKER DONELSON BEARMAN CALDWELL & BERKOWITZ,"Baker, Donelson, Bearman, Caldwell and Berkowitz, PC PAC",Jennifer Kiggans,2025-06-25,1000.00
BAKER DONELSON BEARMAN CALDWELL & BERKOWITZ,"Baker, Donelson, Bearman, Caldwell and Berkowitz, PC PAC",John Mannion,2025-06-27,1000.00
BAKER DONELSON BEARMAN CALDWELL & BERKOWITZ,"Baker, Donelson, Bearman, Caldwell and Berkowitz, PC PAC",Roger Marshall,2025-01-17,1000.00
BAKER DONELSON BEARMAN CALDWELL & BERKOWITZ,"Baker, Donelson, Bearman, Caldwell and Berkowitz, PC PAC",Roger Wicker,2025-01-17,1000.00
BAKER DONELSON BEARMAN CALDWELL & BERKOWITZ,"Baker, Donelson, Bearman, Caldwell and Berkowitz, PC PAC",Mariannette Miller-Meeks,2025-02-05,1000.00
BAKER DONELSON BEARMAN CALDWELL & BERKOWITZ,"Baker, Donelson, Bearman, Caldwell and Berkowitz, PC PAC",Ken Calvert,2025-02-05,1000.00
BAKER DONELSON BEARMAN CALDWELL & BERKOWITZ,"Baker, Donelson, Bearman, Caldwell and Berkowitz, PC PAC",Jim Risch,2025-02-12,500.00
BAKER DONELSON BEARMAN CALDWELL & BERKOWITZ,"Baker, Donelson, Bearman, Caldwell and Berkowitz, PC PAC",Katherine Clark,2025-02-12,2500.00
BAKER DONELSON BEARMAN CALDWELL & BERKOWITZ,"Baker, Donelson, Bearman, Caldwell and Berkowitz, PC PAC",Dan Sullivan,2025-02-12,1000.00
BAKER DONELSON BEARMAN CALDWELL & BERKOWITZ,"Baker, Donelson, Bearman, Caldwell and Berkowitz, PC PAC",Jim Risch,2025-02-12,500.00
BAKER DONELSON BEARMAN CALDWELL & BERKOWITZ,"Baker, Donelson, Bearman, Caldwell and Berkowitz, PC PAC",Michael McCaul,2025-02-12,1000.00
BAKER DONELSON BEARMAN CALDWELL & BERKOWITZ,"Baker, Donelson, Bearman, Caldwell and Berkowitz, PC PAC",Susan Collins,2025-02-12,1000.00
BAKER DONELSON BEARMAN CALDWELL & BERKOWITZ,"Baker, Donelson, Bearman, Caldwell and Berkowitz, PC PAC",Robert Aderholt,2025-02-14,1000.00
BAKER DONELSON BEARMAN CALDWELL & BERKOWITZ,"Baker, Donelson, Bearman, Caldwell and Berkowitz, PC PAC",Maxine Dexter,2025-02-18,2500.00
BAKER DONELSON BEARMAN CALDWELL & BERKOWITZ,"Baker, Donelson, Bearman, Caldwell and Berkowitz, PC PAC",John Rutherford,2025-02-18,1000.00
BAKER DONELSON BEARMAN CALDWELL & BERKOWITZ,"Baker, Donelson, Bearman, Caldwell and Berkowitz, PC PAC",Brett Guthrie,2025-02-18,1500.00
BAKER DONELSON BEARMAN CALDWELL & BERKOWITZ,"Baker, Donelson, Bearman, Caldwell and Berkowitz, PC PAC",Cindy Hyde-Smith,2025-02-26,2500.00
BAKER DONELSON BEARMAN CALDWELL & BERKOWITZ,"Baker, Donelson, Bearman, Caldwell and Berkowitz, PC PAC",Wesley Bell,2025-02-26,2000.00
BAKER DONELSON BEARMAN CALDWELL & BERKOWITZ,"Baker, Donelson, Bearman, Caldwell and Berkowitz, PC PAC",Ruben Gallego,2025-02-26,1500.00
BAKER DONELSON BEARMAN CALDWELL & BERKOWITZ,"Baker, Donelson, Bearman, Caldwell and Berkowitz, PC PAC",Michael Simpson,2025-02-26,1000.00
BAKER DONELSON BEARMAN CALDWELL & BERKOWITZ,"Baker, Donelson, Bearman, Caldwell and Berkowitz, PC PAC",Thom Tillis,2025-02-26,1000.00
BAKER DONELSON BEARMAN CALDWELL & BERKOWITZ,"Baker, Donelson, Bearman, Caldwell and Berkowitz, PC PAC",Kirsten Gillibrand,2025-02-28,5000.00
BAKER DONELSON BEARMAN CALDWELL & BERKOWITZ,"Baker, Donelson, Bearman, Caldwell and Berkowitz, PC PAC",Ben Lujan,2025-02-28,2500.00
BAKER DONELSON BEARMAN CALDWELL & BERKOWITZ,"Baker, Donelson, Bearman, Caldwell and Berkowitz, PC PAC",Rob Wittman,2025-03-05,1000.00
BAKER DONELSON BEARMAN CALDWELL & BERKOWITZ,"Baker, Donelson, Bearman, Caldwell and Berkowitz, PC PAC",John Joyce,2025-03-05,1000.00
BAKER DONELSON BEARMAN CALDWELL & BERKOWITZ,"Baker, Donelson, Bearman, Caldwell and Berkowitz, PC PAC",John Barrasso,2025-03-05,1000.00
BAKER DONELSON BEARMAN CALDWELL & BERKOWITZ,"Baker, Donelson, Bearman, Caldwell and Berkowitz, PC PAC",Betty McCollum,2025-03-07,1000.00
BAKER DONELSON BEARMAN CALDWELL & BERKOWITZ,"Baker, Donelson, Bearman, Caldwell and Berkowitz, PC PAC",Dan Sullivan,2025-03-12,1000.00
BAKER DONELSON BEARMAN CALDWELL & BERKOWITZ,"Baker, Donelson, Bearman, Caldwell and Berkowitz, PC PAC",William (Bill) Cassidy,2025-03-12,2500.00
BAKER DONELSON BEARMAN CALDWELL & BERKOWITZ,"Baker, Donelson, Bearman, Caldwell and Berkowitz, PC PAC",Jennifer Kiggans,2025-03-12,1000.00
BAKER DONELSON BEARMAN CALDWELL & BERKOWITZ,"Baker, Donelson, Bearman, Caldwell and Berkowitz, PC PAC",Thom Tillis,2025-03-26,1500.00
BAKER DONELSON BEARMAN CALDWELL & BERKOWITZ,"Baker, Donelson, Bearman, Caldwell and Berkowitz, PC PAC",Joe Neguse,2025-03-26,1000.00
BAKER DONELSON BEARMAN CALDWELL & BERKOWITZ,"Baker, Donelson, Bearman, Caldwell and Berkowitz, PC PAC",William (Bill) Cassidy,2025-03-28,500.00
BAKER DONELSON BEARMAN CALDWELL & BERKOWITZ,"Baker, Donelson, Bearman, Caldwell and Berkowitz, PC PAC",William (Bill) Cassidy,2025-03-28,500.00
BAKER DONELSON BEARMAN CALDWELL & BERKOWITZ,"Baker, Donelson, Bearman, Caldwell and Berkowitz, PC PAC",Pat Harrigan,2025-04-02,1000.00
BAKER DONELSON BEARMAN CALDWELL & BERKOWITZ,"Baker, Donelson, Bearman, Caldwell and Berkowitz, PC PAC",Congressional Black Caucus PAC,2025-04-02,5000.00
BAKER DONELSON BEARMAN CALDWELL & BERKOWITZ,"Baker, Donelson, Bearman, Caldwell and Berkowitz, PC PAC",Diana DeGette,2025-04-02,1000.00
BAKER DONELSON BEARMAN CALDWELL & BERKOWITZ,"Baker, Donelson, Bearman, Caldwell and Berkowitz, PC PAC",John Ellzey,2025-04-02,1000.00
BAKER DONELSON BEARMAN CALDWELL & BERKOWITZ,"Baker, Donelson, Bearman, Caldwell and Berkowitz, PC PAC",Susan Collins,2025-04-11,1500.00
BAKER DONELSON BEARMAN CALDWELL & BERKOWITZ,"Baker, Donelson, Bearman, Caldwell and Berkowitz, PC PAC",Adam Smith,2025-04-11,5000.00
BAKER DONELSON BEARMAN CALDWELL & BERKOWITZ,"Baker, Donelson, Bearman, Caldwell and Berkowitz, PC PAC",Ted Cruz,2025-04-16,2500.00
BAKER DONELSON BEARMAN CALDWELL & BERKOWITZ,"Baker, Donelson, Bearman, Caldwell and Berkowitz, PC PAC",Joe Morelle,2025-04-16,2000.00
BAKER DONELSON BEARMAN CALDWELL & BERKOWITZ,"Baker, Donelson, Bearman, Caldwell and Berkowitz, PC PAC",Harold Rogers,2025-04-16,1500.00
BAKER DONELSON BEARMAN CALDWELL & BERKOWITZ,"Baker, Donelson, Bearman, Caldwell and Berkowitz, PC PAC",French Hill,2025-04-18,1000.00
BAKER DONELSON BEARMAN CALDWELL & BERKOWITZ,"Baker, Donelson, Bearman, Caldwell and Berkowitz, PC PAC",Brendan Boyle,2025-04-23,1000.00
BAKER DONELSON BEARMAN CALDWELL & BERKOWITZ,"Baker, Donelson, Bearman, Caldwell and Berkowitz, PC PAC",Cindy Hyde-Smith,2025-04-23,500.00
BAKER DONELSON BEARMAN CALDWELL & BERKOWITZ,"Baker, Donelson, Bearman, Caldwell and Berkowitz, PC PAC",Cindy Hyde-Smith,2025-04-23,1500.00
BAKER DONELSON BEARMAN CALDWELL & BERKOWITZ,"Baker, Donelson, Bearman, Caldwell and Berkowitz, PC PAC",Michael Simpson,2025-04-23,1000.00
BAKER DONELSON BEARMAN CALDWELL & BERKOWITZ,"Baker, Donelson, Bearman, Caldwell and Berkowitz, PC PAC",Lisa Murkowski,2025-04-30,1500.00
BAKER DONELSON BEARMAN CALDWELL & BERKOWITZ,"Baker, Donelson, Bearman, Caldwell and Berkowitz, PC PAC",Carol Miller,2025-04-30,1000.00
BAKER DONELSON BEARMAN CALDWELL & BERKOWITZ,"Baker, Donelson, Bearman, Caldwell and Berkowitz, PC PAC",Greg Stanton,2025-05-02,1000.00
BAKER DONELSON BEARMAN CALDWELL & BERKOWITZ,"Baker, Donelson, Bearman, Caldwell and Berkowitz, PC PAC",Mark Warner,2025-05-07,2000.00
BAKER DONELSON BEARMAN CALDWELL & BERKOWITZ,"Baker, Donelson, Bearman, Caldwell and Berkowitz, PC PAC",Terri Sewell,2025-05-14,1000.00
BAKER DONELSON BEARMAN CALDWELL & BERKOWITZ,"Baker, Donelson, Bearman, Caldwell and Berkowitz, PC PAC",John Carter,2025-05-14,2500.00
BAKER DONELSON BEARMAN CALDWELL & BERKOWITZ,"Baker, Donelson, Bearman, Caldwell and Berkowitz, PC PAC",Steny Hoyer,2025-05-28,1000.00
BAKER DONELSON BEARMAN CALDWELL & BERKOWITZ,"Baker, Donelson, Bearman, Caldwell and Berkowitz, PC PAC",Ken Calvert,2025-05-28,1000.00
BAKER DONELSON BEARMAN CALDWELL & BERKOWITZ,"Baker, Donelson, Bearman, Caldwell and Berkowitz, PC PAC",Derek Schmidt,2025-05-30,1000.00
BAKER DONELSON BEARMAN CALDWELL & BERKOWITZ,"Baker, Donelson, Bearman, Caldwell and Berkowitz, PC PAC",Julie Johnson,2025-06-04,1000.00
BAKER DONELSON BEARMAN CALDWELL & BERKOWITZ,"Baker, Donelson, Bearman, Caldwell and Berkowitz, PC PAC",Sam Graves,2025-06-06,1000.00
BAKER DONELSON BEARMAN CALDWELL & BERKOWITZ,"Baker, Donelson, Bearman, Caldwell and Berkowitz, PC PAC",Mario Diaz-Balart,2025-06-18,1000.00
BAKER DONELSON BEARMAN CALDWELL & BERKOWITZ,"Baker, Donelson, Bearman, Caldwell and Berkowitz, PC PAC",Jennifer Kiggans,2025-06-25,1000.00
BAKER DONELSON BEARMAN CALDWELL & BERKOWITZ,"Baker, Donelson, Bearman, Caldwell and Berkowitz, PC PAC",John Mannion,2025-06-27,1000.00
BAKER DONELSON BEARMAN CALDWELL & BERKOWITZ,"Baker, Donelson, Bearman, Caldwell and Berkowitz, PC PAC",Roger Marshall,2025-01-17,1000.00
BAKER DONELSON BEARMAN CALDWELL & BERKOWITZ,"Baker, Donelson, Bearman, Caldwell and Berkowitz, PC PAC",Roger Wicker,2025-01-17,1000.00
BAKER DONELSON BEARMAN CALDWELL & BERKOWITZ,"Baker, Donelson, Bearman, Caldwell and Berkowitz, PC PAC",Mariannette Miller-Meeks,2025-02-05,1000.00
BAKER DONELSON BEARMAN CALDWELL & BERKOWITZ,"Baker, Donelson, Bearman, Caldwell and Berkowitz, PC PAC",Ken Calvert,2025-02-05,1000.00
BAKER DONELSON BEARMAN CALDWELL & BERKOWITZ,"Baker, Donelson, Bearman, Caldwell and Berkowitz, PC PAC",Jim Risch,2025-02-12,500.00
BAKER DONELSON BEARMAN CALDWELL & BERKOWITZ,"Baker, Donelson, Bearman, Caldwell and Berkowitz, PC PAC",Katherine Clark,2025-02-12,2500.00
BAKER DONELSON BEARMAN CALDWELL & BERKOWITZ,"Baker, Donelson, Bearman, Caldwell and Berkowitz, PC PAC",Dan Sullivan,2025-02-12,1000.00
BAKER DONELSON BEARMAN CALDWELL & BERKOWITZ,"Baker, Donelson, Bearman, Caldwell and Berkowitz, PC PAC",Jim Risch,2025-02-12,500.00
BAKER DONELSON BEARMAN CALDWELL & BERKOWITZ,"Baker, Donelson, Bearman, Caldwell and Berkowitz, PC PAC",Michael McCaul,2025-02-12,1000.00
BAKER DONELSON BEARMAN CALDWELL & BERKOWITZ,"Baker, Donelson, Bearman, Caldwell and Berkowitz, PC PAC",Susan Collins,2025-02-12,1000.00
BAKER DONELSON BEARMAN CALDWELL & BERKOWITZ,"Baker, Donelson, Bearman, Caldwell and Berkowitz, PC PAC",Robert Aderholt,2025-02-14,1000.00
BAKER DONELSON BEARMAN CALDWELL & BERKOWITZ,"Baker, Donelson, Bearman, Caldwell and Berkowitz, PC PAC",Maxine Dexter,2025-02-18,2500.00
BAKER DONELSON BEARMAN CALDWELL & BERKOWITZ,"Baker, Donelson, Bearman, Caldwell and Berkowitz, PC PAC",John Rutherford,2025-02-18,1000.00
BAKER DONELSON BEARMAN CALDWELL & BERKOWITZ,"Baker, Donelson, Bearman, Caldwell and Berkowitz, PC PAC",Brett Guthrie,2025-02-18,1500.00
BAKER DONELSON BEARMAN CALDWELL & BERKOWITZ,"Baker, Donelson, Bearman, Caldwell and Berkowitz, PC PAC",Cindy Hyde-Smith,2025-02-26,2500.00
BAKER DONELSON BEARMAN CALDWELL & BERKOWITZ,"Baker, Donelson, Bearman, Caldwell and Berkowitz, PC PAC",Wesley Bell,2025-02-26,2000.00
BAKER DONELSON BEARMAN CALDWELL & BERKOWITZ,"Baker, Donelson, Bearman, Caldwell and Berkowitz, PC PAC",Ruben Gallego,2025-02-26,1500.00
BAKER DONELSON BEARMAN CALDWELL & BERKOWITZ,"Baker, Donelson, Bearman, Caldwell and Berkowitz, PC PAC",Michael Simpson,2025-02-26,1000.00
BAKER DONELSON BEARMAN CALDWELL & BERKOWITZ,"Baker, Donelson, Bearman, Caldwell and Berkowitz, PC PAC",Thom Tillis,2025-02-26,1000.00
BAKER DONELSON BEARMAN CALDWELL & BERKOWITZ,"Baker, Donelson, Bearman, Caldwell and Berkowitz, PC PAC",Kirsten Gillibrand,2025-02-28,5000.00
BAKER DONELSON BEARMAN CALDWELL & BERKOWITZ,"Baker, Donelson, Bearman, Caldwell and Berkowitz, PC PAC",Ben Lujan,2025-02-28,2500.00
BAKER DONELSON BEARMAN CALDWELL & BERKOWITZ,"Baker, Donelson, Bearman, Caldwell and Berkowitz, PC PAC",Rob Wittman,2025-03-05,1000.00
BAKER DONELSON BEARMAN CALDWELL & BERKOWITZ,"Baker, Donelson, Bearman, Caldwell and Berkowitz, PC PAC",John Joyce,2025-03-05,1000.00
BAKER DONELSON BEARMAN CALDWELL & BERKOWITZ,"Baker, Donelson, Bearman, Caldwell and Berkowitz, PC PAC",John Barrasso,2025-03-05,1000.00
BAKER DONELSON BEARMAN CALDWELL & BERKOWITZ,"Baker, Donelson, Bearman, Caldwell and Berkowitz, PC PAC",Betty McCollum,2025-03-07,1000.00
BAKER DONELSON BEARMAN CALDWELL & BERKOWITZ,"Baker, Donelson, Bearman, Caldwell and Berkowitz, PC PAC",Dan Sullivan,2025-03-12,1000.00
BAKER DONELSON BEARMAN CALDWELL & BERKOWITZ,"Baker, Donelson, Bearman, Caldwell and Berkowitz, PC PAC",William (Bill) Cassidy,2025-03-12,2500.00
BAKER DONELSON BEARMAN CALDWELL & BERKOWITZ,"Baker, Donelson, Bearman, Caldwell and Berkowitz, PC PAC",Jennifer Kiggans,2025-03-12,1000.00
BAKER DONELSON BEARMAN CALDWELL & BERKOWITZ,"Baker, Donelson, Bearman, Caldwell and Berkowitz, PC PAC",Thom Tillis,2025-03-26,1500.00
BAKER DONELSON BEARMAN CALDWELL & BERKOWITZ,"Baker, Donelson, Bearman, Caldwell and Berkowitz, PC PAC",Joe Neguse,2025-03-26,1000.00
BAKER DONELSON BEARMAN CALDWELL & BERKOWITZ,"Baker, Donelson, Bearman, Caldwell and Berkowitz, PC PAC",William (Bill) Cassidy,2025-03-28,500.00
BAKER DONELSON BEARMAN CALDWELL & BERKOWITZ,"Baker, Donelson, Bearman, Caldwell and Berkowitz, PC PAC",William (Bill) Cassidy,2025-03-28,500.00
BAKER DONELSON BEARMAN CALDWELL & BERKOWITZ,"Baker, Donelson, Bearman, Caldwell and Berkowitz, PC PAC",Pat Harrigan,2025-04-02,1000.00
BAKER DONELSON BEARMAN CALDWELL & BERKOWITZ,"Baker, Donelson, Bearman, Caldwell and Berkowitz, PC PAC",Congressional Black Caucus PAC,2025-04-02,5000.00
BAKER DONELSON BEARMAN CALDWELL & BERKOWITZ,"Baker, Donelson, Bearman, Caldwell and Berkowitz, PC PAC",Diana DeGette,2025-04-02,1000.00
BAKER DONELSON BEARMAN CALDWELL & BERKOWITZ,"Baker, Donelson, Bearman, Caldwell and Berkowitz, PC PAC",John Ellzey,2025-04-02,1000.00
BAKER DONELSON BEARMAN CALDWELL & BERKOWITZ,"Baker, Donelson, Bearman, Caldwell and Berkowitz, PC PAC",Susan Collins,2025-04-11,1500.00
BAKER DONELSON BEARMAN CALDWELL & BERKOWITZ,"Baker, Donelson, Bearman, Caldwell and Berkowitz, PC PAC",Adam Smith,2025-04-11,5000.00
BAKER DONELSON BEARMAN CALDWELL & BERKOWITZ,"Baker, Donelson, Bearman, Caldwell and Berkowitz, PC PAC",Ted Cruz,2025-04-16,2500.00
BAKER DONELSON BEARMAN CALDWELL & BERKOWITZ,"Baker, Donelson, Bearman, Caldwell and Berkowitz, PC PAC",Joe Morelle,2025-04-16,2000.00
BAKER DONELSON BEARMAN CALDWELL & BERKOWITZ,"Baker, Donelson, Bearman, Caldwell and Berkowitz, PC PAC",Harold Rogers,2025-04-16,1500.00
BAKER DONELSON BEARMAN CALDWELL & BERKOWITZ,"Baker, Donelson, Bearman, Caldwell and Berkowitz, PC PAC",French Hill,2025-04-18,1000.00
BAKER DONELSON BEARMAN CALDWELL & BERKOWITZ,"Baker, Donelson, Bearman, Caldwell and Berkowitz, PC PAC",Brendan Boyle,2025-04-23,1000.00
BAKER DONELSON BEARMAN CALDWELL & BERKOWITZ,"Baker, Donelson, Bearman, Caldwell and Berkowitz, PC PAC",Cindy Hyde-Smith,2025-04-23,500.00
BAKER DONELSON BEARMAN CALDWELL & BERKOWITZ,"Baker, Donelson, Bearman, Caldwell and Berkowitz, PC PAC",Cindy Hyde-Smith,2025-04-23,1500.00
BAKER DONELSON BEARMAN CALDWELL & BERKOWITZ,"Baker, Donelson, Bearman, Caldwell and Berkowitz, PC PAC",Michael Simpson,2025-04-23,1000.00
BAKER DONELSON BEARMAN CALDWELL & BERKOWITZ,"Baker, Donelson, Bearman, Caldwell and Berkowitz, PC PAC",Lisa Murkowski,2025-04-30,1500.00
BAKER DONELSON BEARMAN CALDWELL & BERKOWITZ,"Baker, Donelson, Bearman, Caldwell and Berkowitz, PC PAC",Carol Miller,2025-04-30,1000.00
BAKER DONELSON BEARMAN CALDWELL & BERKOWITZ,"Baker, Donelson, Bearman, Caldwell and Berkowitz, PC PAC",Greg Stanton,2025-05-02,1000.00
BAKER DONELSON BEARMAN CALDWELL & BERKOWITZ,"Baker, Donelson, Bearman, Caldwell and Berkowitz, PC PAC",Mark Warner,2025-05-07,2000.00
BAKER DONELSON BEARMAN CALDWELL & BERKOWITZ,"Baker, Donelson, Bearman, Caldwell and Berkowitz, PC PAC",Terri Sewell,2025-05-14,1000.00
BAKER DONELSON BEARMAN CALDWELL & BERKOWITZ,"Baker, Donelson, Bearman, Caldwell and Berkowitz, PC PAC",John Carter,2025-05-14,2500.00
BAKER DONELSON BEARMAN CALDWELL & BERKOWITZ,"Baker, Donelson, Bearman, Caldwell and Berkowitz, PC PAC",Steny Hoyer,2025-05-28,1000.00
BAKER DONELSON BEARMAN CALDWELL & BERKOWITZ,"Baker, Donelson, Bearman, Caldwell and Berkowitz, PC PAC",Ken Calvert,2025-05-28,1000.00
BAKER DONELSON BEARMAN CALDWELL & BERKOWITZ,"Baker, Donelson, Bearman, Caldwell and Berkowitz, PC PAC",Derek Schmidt,2025-05-30,1000.00
BAKER DONELSON BEARMAN CALDWELL & BERKOWITZ,"Baker, Donelson, Bearman, Caldwell and Berkowitz, PC PAC",Julie Johnson,2025-06-04,1000.00
BAKER DONELSON BEARMAN CALDWELL & BERKOWITZ,"Baker, Donelson, Bearman, Caldwell and Berkowitz, PC PAC",Sam Graves,2025-06-06,1000.00
BAKER DONELSON BEARMAN CALDWELL & BERKOWITZ,"Baker, Donelson, Bearman, Caldwell and Berkowitz, PC PAC",Mario Diaz-Balart,2025-06-18,1000.00
BAKER DONELSON BEARMAN CALDWELL & BERKOWITZ,"Baker, Donelson, Bearman, Caldwell and Berkowitz, PC PAC",Jennifer Kiggans,2025-06-25,1000.00
BAKER DONELSON BEARMAN CALDWELL & BERKOWITZ,"Baker, Donelson, Bearman, Caldwell and Berkowitz, PC PAC",John Mannion,2025-06-27,1000.00
BAKER DONELSON BEARMAN CALDWELL & BERKOWITZ,"Baker, Donelson, Bearman, Caldwell and Berkowitz, PC PAC",Roger Marshall,2025-01-17,1000.00
BAKER DONELSON BEARMAN CALDWELL & BERKOWITZ,"Baker, Donelson, Bearman, Caldwell and Berkowitz, PC PAC",Roger Wicker,2025-01-17,1000.00
BAKER DONELSON BEARMAN CALDWELL & BERKOWITZ,"Baker, Donelson, Bearman, Caldwell and Berkowitz, PC PAC",Mariannette Miller-Meeks,2025-02-05,1000.00
BAKER DONELSON BEARMAN CALDWELL & BERKOWITZ,"Baker, Donelson, Bearman, Caldwell and Berkowitz, PC PAC",Ken Calvert,2025-02-05,1000.00
BAKER DONELSON BEARMAN CALDWELL & BERKOWITZ,"Baker, Donelson, Bearman, Caldwell and Berkowitz, PC PAC",Jim Risch,2025-02-12,500.00
BAKER DONELSON BEARMAN CALDWELL & BERKOWITZ,"Baker, Donelson, Bearman, Caldwell and Berkowitz, PC PAC",Katherine Clark,2025-02-12,2500.00
BAKER DONELSON BEARMAN CALDWELL & BERKOWITZ,"Baker, Donelson, Bearman, Caldwell and Berkowitz, PC PAC",Dan Sullivan,2025-02-12,1000.00
BAKER DONELSON BEARMAN CALDWELL & BERKOWITZ,"Baker, Donelson, Bearman, Caldwell and Berkowitz, PC PAC",Jim Risch,2025-02-12,500.00
BAKER DONELSON BEARMAN CALDWELL & BERKOWITZ,"Baker, Donelson, Bearman, Caldwell and Berkowitz, PC PAC",Michael McCaul,2025-02-12,1000.00
BAKER DONELSON BEARMAN CALDWELL & BERKOWITZ,"Baker, Donelson, Bearman, Caldwell and Berkowitz, PC PAC",Susan Collins,2025-02-12,1000.00
BAKER DONELSON BEARMAN CALDWELL & BERKOWITZ,"Baker, Donelson, Bearman, Caldwell and Berkowitz, PC PAC",Robert Aderholt,2025-02-14,1000.00
BAKER DONELSON BEARMAN CALDWELL & BERKOWITZ,"Baker, Donelson, Bearman, Caldwell and Berkowitz, PC PAC",Maxine Dexter,2025-02-18,2500.00
BAKER DONELSON BEARMAN CALDWELL & BERKOWITZ,"Baker, Donelson, Bearman, Caldwell and Berkowitz, PC PAC",John Rutherford,2025-02-18,1000.00
BAKER DONELSON BEARMAN CALDWELL & BERKOWITZ,"Baker, Donelson, Bearman, Caldwell and Berkowitz, PC PAC",Brett Guthrie,2025-02-18,1500.00
BAKER DONELSON BEARMAN CALDWELL & BERKOWITZ,"Baker, Donelson, Bearman, Caldwell and Berkowitz, PC PAC",Cindy Hyde-Smith,2025-02-26,2500.00
BAKER DONELSON BEARMAN CALDWELL & BERKOWITZ,"Baker, Donelson, Bearman, Caldwell and Berkowitz, PC PAC",Wesley Bell,2025-02-26,2000.00
BAKER DONELSON BEARMAN CALDWELL & BERKOWITZ,"Baker, Donelson, Bearman, Caldwell and Berkowitz, PC PAC",Ruben Gallego,2025-02-26,1500.00
BAKER DONELSON BEARMAN CALDWELL & BERKOWITZ,"Baker, Donelson, Bearman, Caldwell and Berkowitz, PC PAC",Michael Simpson,2025-02-26,1000.00
BAKER DONELSON BEARMAN CALDWELL & BERKOWITZ,"Baker, Donelson, Bearman, Caldwell and Berkowitz, PC PAC",Thom Tillis,2025-02-26,1000.00
BAKER DONELSON BEARMAN CALDWELL & BERKOWITZ,"Baker, Donelson, Bearman, Caldwell and Berkowitz, PC PAC",Kirsten Gillibrand,2025-02-28,5000.00
BAKER DONELSON BEARMAN CALDWELL & BERKOWITZ,"Baker, Donelson, Bearman, Caldwell and Berkowitz, PC PAC",Ben Lujan,2025-02-28,2500.00
BAKER DONELSON BEARMAN CALDWELL & BERKOWITZ,"Baker, Donelson, Bearman, Caldwell and Berkowitz, PC PAC",Rob Wittman,2025-03-05,1000.00
BAKER DONELSON BEARMAN CALDWELL & BERKOWITZ,"Baker, Donelson, Bearman, Caldwell and Berkowitz, PC PAC",John Joyce,2025-03-05,1000.00
BAKER DONELSON BEARMAN CALDWELL & BERKOWITZ,"Baker, Donelson, Bearman, Caldwell and Berkowitz, PC PAC",John Barrasso,2025-03-05,1000.00
BAKER DONELSON BEARMAN CALDWELL & BERKOWITZ,"Baker, Donelson, Bearman, Caldwell and Berkowitz, PC PAC",Betty McCollum,2025-03-07,1000.00
BAKER DONELSON BEARMAN CALDWELL & BERKOWITZ,"Baker, Donelson, Bearman, Caldwell and Berkowitz, PC PAC",Dan Sullivan,2025-03-12,1000.00
BAKER DONELSON BEARMAN CALDWELL & BERKOWITZ,"Baker, Donelson, Bearman, Caldwell and Berkowitz, PC PAC",William (Bill) Cassidy,2025-03-12,2500.00
BAKER DONELSON BEARMAN CALDWELL & BERKOWITZ,"Baker, Donelson, Bearman, Caldwell and Berkowitz, PC PAC",Jennifer Kiggans,2025-03-12,1000.00
BAKER DONELSON BEARMAN CALDWELL & BERKOWITZ,"Baker, Donelson, Bearman, Caldwell and Berkowitz, PC PAC",Thom Tillis,2025-03-26,1500.00
BAKER DONELSON BEARMAN CALDWELL & BERKOWITZ,"Baker, Donelson, Bearman, Caldwell and Berkowitz, PC PAC",Joe Neguse,2025-03-26,1000.00
BAKER DONELSON BEARMAN CALDWELL & BERKOWITZ,"Baker, Donelson, Bearman, Caldwell and Berkowitz, PC PAC",William (Bill) Cassidy,2025-03-28,500.00
BAKER DONELSON BEARMAN CALDWELL & BERKOWITZ,"Baker, Donelson, Bearman, Caldwell and Berkowitz, PC PAC",William (Bill) Cassidy,2025-03-28,500.00
BAKER DONELSON BEARMAN CALDWELL & BERKOWITZ,"Baker, Donelson, Bearman, Caldwell and Berkowitz, PC PAC",Pat Harrigan,2025-04-02,1000.00
BAKER DONELSON BEARMAN CALDWELL & BERKOWITZ,"Baker, Donelson, Bearman, Caldwell and Berkowitz, PC PAC",Congressional Black Caucus PAC,2025-04-02,5000.00
BAKER DONELSON BEARMAN CALDWELL & BERKOWITZ,"Baker, Donelson, Bearman, Caldwell and Berkowitz, PC PAC",Diana DeGette,2025-04-02,1000.00
BAKER DONELSON BEARMAN CALDWELL & BERKOWITZ,"Baker, Donelson, Bearman, Caldwell and Berkowitz, PC PAC",John Ellzey,2025-04-02,1000.00
BAKER DONELSON BEARMAN CALDWELL & BERKOWITZ,"Baker, Donelson, Bearman, Caldwell and Berkowitz, PC PAC",Susan Collins,2025-04-11,1500.00
BAKER DONELSON BEARMAN CALDWELL & BERKOWITZ,"Baker, Donelson, Bearman, Caldwell and Berkowitz, PC PAC",Adam Smith,2025-04-11,5000.00
BAKER DONELSON BEARMAN CALDWELL & BERKOWITZ,"Baker, Donelson, Bearman, Caldwell and Berkowitz, PC PAC",Ted Cruz,2025-04-16,2500.00
BAKER DONELSON BEARMAN CALDWELL & BERKOWITZ,"Baker, Donelson, Bearman, Caldwell and Berkowitz, PC PAC",Joe Morelle,2025-04-16,2000.00
BAKER DONELSON BEARMAN CALDWELL & BERKOWITZ,"Baker, Donelson, Bearman, Caldwell and Berkowitz, PC PAC",Harold Rogers,2025-04-16,1500.00
BAKER DONELSON BEARMAN CALDWELL & BERKOWITZ,"Baker, Donelson, Bearman, Caldwell and Berkowitz, PC PAC",French Hill,2025-04-18,1000.00
BAKER DONELSON BEARMAN CALDWELL & BERKOWITZ,"Baker, Donelson, Bearman, Caldwell and Berkowitz, PC PAC",Brendan Boyle,2025-04-23,1000.00
BAKER DONELSON BEARMAN CALDWELL & BERKOWITZ,"Baker, Donelson, Bearman, Caldwell and Berkowitz, PC PAC",Cindy Hyde-Smith,2025-04-23,500.00
BAKER DONELSON BEARMAN CALDWELL & BERKOWITZ,"Baker, Donelson, Bearman, Caldwell and Berkowitz, PC PAC",Cindy Hyde-Smith,2025-04-23,1500.00
BAKER DONELSON BEARMAN CALDWELL & BERKOWITZ,"Baker, Donelson, Bearman, Caldwell and Berkowitz, PC PAC",Michael Simpson,2025-04-23,1000.00
BAKER DONELSON BEARMAN CALDWELL & BERKOWITZ,"Baker, Donelson, Bearman, Caldwell and Berkowitz, PC PAC",Lisa Murkowski,2025-04-30,1500.00
BAKER DONELSON BEARMAN CALDWELL & BERKOWITZ,"Baker, Donelson, Bearman, Caldwell and Berkowitz, PC PAC",Carol Miller,2025-04-30,1000.00
BAKER DONELSON BEARMAN CALDWELL & BERKOWITZ,"Baker, Donelson, Bearman, Caldwell and Berkowitz, PC PAC",Greg Stanton,2025-05-02,1000.00
BAKER DONELSON BEARMAN CALDWELL & BERKOWITZ,"Baker, Donelson, Bearman, Caldwell and Berkowitz, PC PAC",Mark Warner,2025-05-07,2000.00
BAKER DONELSON BEARMAN CALDWELL & BERKOWITZ,"Baker, Donelson, Bearman, Caldwell and Berkowitz, PC PAC",Terri Sewell,2025-05-14,1000.00
BAKER DONELSON BEARMAN CALDWELL & BERKOWITZ,"Baker, Donelson, Bearman, Caldwell and Berkowitz, PC PAC",John Carter,2025-05-14,2500.00
BAKER DONELSON BEARMAN CALDWELL & BERKOWITZ,"Baker, Donelson, Bearman, Caldwell and Berkowitz, PC PAC",Steny Hoyer,2025-05-28,1000.00
BAKER DONELSON BEARMAN CALDWELL & BERKOWITZ,"Baker, Donelson, Bearman, Caldwell and Berkowitz, PC PAC",Ken Calvert,2025-05-28,1000.00
BAKER DONELSON BEARMAN CALDWELL & BERKOWITZ,"Baker, Donelson, Bearman, Caldwell and Berkowitz, PC PAC",Derek Schmidt,2025-05-30,1000.00
BAKER DONELSON BEARMAN CALDWELL & BERKOWITZ,"Baker, Donelson, Bearman, Caldwell and Berkowitz, PC PAC",Julie Johnson,2025-06-04,1000.00
BAKER DONELSON BEARMAN CALDWELL & BERKOWITZ,"Baker, Donelson, Bearman, Caldwell and Berkowitz, PC PAC",Sam Graves,2025-06-06,1000.00
BAKER DONELSON BEARMAN CALDWELL & BERKOWITZ,"Baker, Donelson, Bearman, Caldwell and Berkowitz, PC PAC",Mario Diaz-Balart,2025-06-18,1000.00
BAKER DONELSON BEARMAN CALDWELL & BERKOWITZ,"Baker, Donelson, Bearman, Caldwell and Berkowitz, PC PAC",Jennifer Kiggans,2025-06-25,1000.00
BAKER DONELSON BEARMAN CALDWELL & BERKOWITZ,"Baker, Donelson, Bearman, Caldwell and Berkowitz, PC PAC",John Mannion,2025-06-27,1000.00
BAKER DONELSON BEARMAN CALDWELL & BERKOWITZ,"Baker, Donelson, Bearman, Caldwell and Berkowitz, PC PAC",Roger Marshall,2025-01-17,1000.00
BAKER DONELSON BEARMAN CALDWELL & BERKOWITZ,"Baker, Donelson, Bearman, Caldwell and Berkowitz, PC PAC",Roger Wicker,2025-01-17,1000.00
BAKER DONELSON BEARMAN CALDWELL & BERKOWITZ,"Baker, Donelson, Bearman, Caldwell and Berkowitz, PC PAC",Mariannette Miller-Meeks,2025-02-05,1000.00
BAKER DONELSON BEARMAN CALDWELL & BERKOWITZ,"Baker, Donelson, Bearman, Caldwell and Berkowitz, PC PAC",Ken Calvert,2025-02-05,1000.00
BAKER DONELSON BEARMAN CALDWELL & BERKOWITZ,"Baker, Donelson, Bearman, Caldwell and Berkowitz, PC PAC",Jim Risch,2025-02-12,500.00
BAKER DONELSON BEARMAN CALDWELL & BERKOWITZ,"Baker, Donelson, Bearman, Caldwell and Berkowitz, PC PAC",Katherine Clark,2025-02-12,2500.00
BAKER DONELSON BEARMAN CALDWELL & BERKOWITZ,"Baker, Donelson, Bearman, Caldwell and Berkowitz, PC PAC",Dan Sullivan,2025-02-12,1000.00
BAKER DONELSON BEARMAN CALDWELL & BERKOWITZ,"Baker, Donelson, Bearman, Caldwell and Berkowitz, PC PAC",Jim Risch,2025-02-12,500.00
BAKER DONELSON BEARMAN CALDWELL & BERKOWITZ,"Baker, Donelson, Bearman, Caldwell and Berkowitz, PC PAC",Michael McCaul,2025-02-12,1000.00
BAKER DONELSON BEARMAN CALDWELL & BERKOWITZ,"Baker, Donelson, Bearman, Caldwell and Berkowitz, PC PAC",Susan Collins,2025-02-12,1000.00
BAKER DONELSON BEARMAN CALDWELL & BERKOWITZ,"Baker, Donelson, Bearman, Caldwell and Berkowitz, PC PAC",Robert Aderholt,2025-02-14,1000.00
BAKER DONELSON BEARMAN CALDWELL & BERKOWITZ,"Baker, Donelson, Bearman, Caldwell and Berkowitz, PC PAC",Maxine Dexter,2025-02-18,2500.00
BAKER DONELSON BEARMAN CALDWELL & BERKOWITZ,"Baker, Donelson, Bearman, Caldwell and Berkowitz, PC PAC",John Rutherford,2025-02-18,1000.00
BAKER DONELSON BEARMAN CALDWELL & BERKOWITZ,"Baker, Donelson, Bearman, Caldwell and Berkowitz, PC PAC",Brett Guthrie,2025-02-18,1500.00
BAKER DONELSON BEARMAN CALDWELL & BERKOWITZ,"Baker, Donelson, Bearman, Caldwell and Berkowitz, PC PAC",Cindy Hyde-Smith,2025-02-26,2500.00
BAKER DONELSON BEARMAN CALDWELL & BERKOWITZ,"Baker, Donelson, Bearman, Caldwell and Berkowitz, PC PAC",Wesley Bell,2025-02-26,2000.00
BAKER DONELSON BEARMAN CALDWELL & BERKOWITZ,"Baker, Donelson, Bearman, Caldwell and Berkowitz, PC PAC",Ruben Gallego,2025-02-26,1500.00
BAKER DONELSON BEARMAN CALDWELL & BERKOWITZ,"Baker, Donelson, Bearman, Caldwell and Berkowitz, PC PAC",Michael Simpson,2025-02-26,1000.00
BAKER DONELSON BEARMAN CALDWELL & BERKOWITZ,"Baker, Donelson, Bearman, Caldwell and Berkowitz, PC PAC",Thom Tillis,2025-02-26,1000.00
BAKER DONELSON BEARMAN CALDWELL & BERKOWITZ,"Baker, Donelson, Bearman, Caldwell and Berkowitz, PC PAC",Kirsten Gillibrand,2025-02-28,5000.00
BAKER DONELSON BEARMAN CALDWELL & BERKOWITZ,"Baker, Donelson, Bearman, Caldwell and Berkowitz, PC PAC",Ben Lujan,2025-02-28,2500.00
BAKER DONELSON BEARMAN CALDWELL & BERKOWITZ,"Baker, Donelson, Bearman, Caldwell and Berkowitz, PC PAC",Rob Wittman,2025-03-05,1000.00
BAKER DONELSON BEARMAN CALDWELL & BERKOWITZ,"Baker, Donelson, Bearman, Caldwell and Berkowitz, PC PAC",John Joyce,2025-03-05,1000.00
BAKER DONELSON BEARMAN CALDWELL & BERKOWITZ,"Baker, Donelson, Bearman, Caldwell and Berkowitz, PC PAC",John Barrasso,2025-03-05,1000.00
BAKER DONELSON BEARMAN CALDWELL & BERKOWITZ,"Baker, Donelson, Bearman, Caldwell and Berkowitz, PC PAC",Betty McCollum,2025-03-07,1000.00
BAKER DONELSON BEARMAN CALDWELL & BERKOWITZ,"Baker, Donelson, Bearman, Caldwell and Berkowitz, PC PAC",Dan Sullivan,2025-03-12,1000.00
BAKER DONELSON BEARMAN CALDWELL & BERKOWITZ,"Baker, Donelson, Bearman, Caldwell and Berkowitz, PC PAC",William (Bill) Cassidy,2025-03-12,2500.00
BAKER DONELSON BEARMAN CALDWELL & BERKOWITZ,"Baker, Donelson, Bearman, Caldwell and Berkowitz, PC PAC",Jennifer Kiggans,2025-03-12,1000.00
BAKER DONELSON BEARMAN CALDWELL & BERKOWITZ,"Baker, Donelson, Bearman, Caldwell and Berkowitz, PC PAC",Thom Tillis,2025-03-26,1500.00
BAKER DONELSON BEARMAN CALDWELL & BERKOWITZ,"Baker, Donelson, Bearman, Caldwell and Berkowitz, PC PAC",Joe Neguse,2025-03-26,1000.00
BAKER DONELSON BEARMAN CALDWELL & BERKOWITZ,"Baker, Donelson, Bearman, Caldwell and Berkowitz, PC PAC",William (Bill) Cassidy,2025-03-28,500.00
BAKER DONELSON BEARMAN CALDWELL & BERKOWITZ,"Baker, Donelson, Bearman, Caldwell and Berkowitz, PC PAC",William (Bill) Cassidy,2025-03-28,500.00
BAKER DONELSON BEARMAN CALDWELL & BERKOWITZ,"Baker, Donelson, Bearman, Caldwell and Berkowitz, PC PAC",Pat Harrigan,2025-04-02,1000.00
BAKER DONELSON BEARMAN CALDWELL & BERKOWITZ,"Baker, Donelson, Bearman, Caldwell and Berkowitz, PC PAC",Congressional Black Caucus PAC,2025-04-02,5000.00
BAKER DONELSON BEARMAN CALDWELL & BERKOWITZ,"Baker, Donelson, Bearman, Caldwell and Berkowitz, PC PAC",Diana DeGette,2025-04-02,1000.00
BAKER DONELSON BEARMAN CALDWELL & BERKOWITZ,"Baker, Donelson, Bearman, Caldwell and Berkowitz, PC PAC",John Ellzey,2025-04-02,1000.00
BAKER DONELSON BEARMAN CALDWELL & BERKOWITZ,"Baker, Donelson, Bearman, Caldwell and Berkowitz, PC PAC",Susan Collins,2025-04-11,1500.00
BAKER DONELSON BEARMAN CALDWELL & BERKOWITZ,"Baker, Donelson, Bearman, Caldwell and Berkowitz, PC PAC",Adam Smith,2025-04-11,5000.00
BAKER DONELSON BEARMAN CALDWELL & BERKOWITZ,"Baker, Donelson, Bearman, Caldwell and Berkowitz, PC PAC",Ted Cruz,2025-04-16,2500.00
BAKER DONELSON BEARMAN CALDWELL & BERKOWITZ,"Baker, Donelson, Bearman, Caldwell and Berkowitz, PC PAC",Joe Morelle,2025-04-16,2000.00
BAKER DONELSON BEARMAN CALDWELL & BERKOWITZ,"Baker, Donelson, Bearman, Caldwell and Berkowitz, PC PAC",Harold Rogers,2025-04-16,1500.00
BAKER DONELSON BEARMAN CALDWELL & BERKOWITZ,"Baker, Donelson, Bearman, Caldwell and Berkowitz, PC PAC",French Hill,2025-04-18,1000.00
BAKER DONELSON BEARMAN CALDWELL & BERKOWITZ,"Baker, Donelson, Bearman, Caldwell and Berkowitz, PC PAC",Brendan Boyle,2025-04-23,1000.00
BAKER DONELSON BEARMAN CALDWELL & BERKOWITZ,"Baker, Donelson, Bearman, Caldwell and Berkowitz, PC PAC",Cindy Hyde-Smith,2025-04-23,500.00
BAKER DONELSON BEARMAN CALDWELL & BERKOWITZ,"Baker, Donelson, Bearman, Caldwell and Berkowitz, PC PAC",Cindy Hyde-Smith,2025-04-23,1500.00
BAKER DONELSON BEARMAN CALDWELL & BERKOWITZ,"Baker, Donelson, Bearman, Caldwell and Berkowitz, PC PAC",Michael Simpson,2025-04-23,1000.00
BAKER DONELSON BEARMAN CALDWELL & BERKOWITZ,"Baker, Donelson, Bearman, Caldwell and Berkowitz, PC PAC",Lisa Murkowski,2025-04-30,1500.00
BAKER DONELSON BEARMAN CALDWELL & BERKOWITZ,"Baker, Donelson, Bearman, Caldwell and Berkowitz, PC PAC",Carol Miller,2025-04-30,1000.00
BAKER DONELSON BEARMAN CALDWELL & BERKOWITZ,"Baker, Donelson, Bearman, Caldwell and Berkowitz, PC PAC",Greg Stanton,2025-05-02,1000.00
BAKER DONELSON BEARMAN CALDWELL & BERKOWITZ,"Baker, Donelson, Bearman, Caldwell and Berkowitz, PC PAC",Mark Warner,2025-05-07,2000.00
BAKER DONELSON BEARMAN CALDWELL & BERKOWITZ,"Baker, Donelson, Bearman, Caldwell and Berkowitz, PC PAC",Terri Sewell,2025-05-14,1000.00
BAKER DONELSON BEARMAN CALDWELL & BERKOWITZ,"Baker, Donelson, Bearman, Caldwell and Berkowitz, PC PAC",John Carter,2025-05-14,2500.00
BAKER DONELSON BEARMAN CALDWELL & BERKOWITZ,"Baker, Donelson, Bearman, Caldwell and Berkowitz, PC PAC",Steny Hoyer,2025-05-28,1000.00
BAKER DONELSON BEARMAN CALDWELL & BERKOWITZ,"Baker, Donelson, Bearman, Caldwell and Berkowitz, PC PAC",Ken Calvert,2025-05-28,1000.00
BAKER DONELSON BEARMAN CALDWELL & BERKOWITZ,"Baker, Donelson, Bearman, Caldwell and Berkowitz, PC PAC",Derek Schmidt,2025-05-30,1000.00
BAKER DONELSON BEARMAN CALDWELL & BERKOWITZ,"Baker, Donelson, Bearman, Caldwell and Berkowitz, PC PAC",Julie Johnson,2025-06-04,1000.00
BAKER DONELSON BEARMAN CALDWELL & BERKOWITZ,"Baker, Donelson, Bearman, Caldwell and Berkowitz, PC PAC",Sam Graves,2025-06-06,1000.00
BAKER DONELSON BEARMAN CALDWELL & BERKOWITZ,"Baker, Donelson, Bearman, Caldwell and Berkowitz, PC PAC",Mario Diaz-Balart,2025-06-18,1000.00
BAKER DONELSON BEARMAN CALDWELL & BERKOWITZ,"Baker, Donelson, Bearman, Caldwell and Berkowitz, PC PAC",Jennifer Kiggans,2025-06-25,1000.00
BAKER DONELSON BEARMAN CALDWELL & BERKOWITZ,"Baker, Donelson, Bearman, Caldwell and Berkowitz, PC PAC",John Mannion,2025-06-27,1000.00
BAKER DONELSON BEARMAN CALDWELL & BERKOWITZ,"Baker, Donelson, Bearman, Caldwell and Berkowitz, PC PAC",Roger Marshall,2025-01-17,1000.00
BAKER DONELSON BEARMAN CALDWELL & BERKOWITZ,"Baker, Donelson, Bearman, Caldwell and Berkowitz, PC PAC",Roger Wicker,2025-01-17,1000.00
BAKER DONELSON BEARMAN CALDWELL & BERKOWITZ,"Baker, Donelson, Bearman, Caldwell and Berkowitz, PC PAC",Mariannette Miller-Meeks,2025-02-05,1000.00
BAKER DONELSON BEARMAN CALDWELL & BERKOWITZ,"Baker, Donelson, Bearman, Caldwell and Berkowitz, PC PAC",Ken Calvert,2025-02-05,1000.00
BAKER DONELSON BEARMAN CALDWELL & BERKOWITZ,"Baker, Donelson, Bearman, Caldwell and Berkowitz, PC PAC",Jim Risch,2025-02-12,500.00
BAKER DONELSON BEARMAN CALDWELL & BERKOWITZ,"Baker, Donelson, Bearman, Caldwell and Berkowitz, PC PAC",Katherine Clark,2025-02-12,2500.00
BAKER DONELSON BEARMAN CALDWELL & BERKOWITZ,"Baker, Donelson, Bearman, Caldwell and Berkowitz, PC PAC",Dan Sullivan,2025-02-12,1000.00
BAKER DONELSON BEARMAN CALDWELL & BERKOWITZ,"Baker, Donelson, Bearman, Caldwell and Berkowitz, PC PAC",Jim Risch,2025-02-12,500.00
BAKER DONELSON BEARMAN CALDWELL & BERKOWITZ,"Baker, Donelson, Bearman, Caldwell and Berkowitz, PC PAC",Michael McCaul,2025-02-12,1000.00
BAKER DONELSON BEARMAN CALDWELL & BERKOWITZ,"Baker, Donelson, Bearman, Caldwell and Berkowitz, PC PAC",Susan Collins,2025-02-12,1000.00
BAKER DONELSON BEARMAN CALDWELL & BERKOWITZ,"Baker, Donelson, Bearman, Caldwell and Berkowitz, PC PAC",Robert Aderholt,2025-02-14,1000.00
BAKER DONELSON BEARMAN CALDWELL & BERKOWITZ,"Baker, Donelson, Bearman, Caldwell and Berkowitz, PC PAC",Maxine Dexter,2025-02-18,2500.00
BAKER DONELSON BEARMAN CALDWELL & BERKOWITZ,"Baker, Donelson, Bearman, Caldwell and Berkowitz, PC PAC",John Rutherford,2025-02-18,1000.00
BAKER DONELSON BEARMAN CALDWELL & BERKOWITZ,"Baker, Donelson, Bearman, Caldwell and Berkowitz, PC PAC",Brett Guthrie,2025-02-18,1500.00
BAKER DONELSON BEARMAN CALDWELL & BERKOWITZ,"Baker, Donelson, Bearman, Caldwell and Berkowitz, PC PAC",Cindy Hyde-Smith,2025-02-26,2500.00
BAKER DONELSON BEARMAN CALDWELL & BERKOWITZ,"Baker, Donelson, Bearman, Caldwell and Berkowitz, PC PAC",Wesley Bell,2025-02-26,2000.00
BAKER DONELSON BEARMAN CALDWELL & BERKOWITZ,"Baker, Donelson, Bearman, Caldwell and Berkowitz, PC PAC",Ruben Gallego,2025-02-26,1500.00
BAKER DONELSON BEARMAN CALDWELL & BERKOWITZ,"Baker, Donelson, Bearman, Caldwell and Berkowitz, PC PAC",Michael Simpson,2025-02-26,1000.00
BAKER DONELSON BEARMAN CALDWELL & BERKOWITZ,"Baker, Donelson, Bearman, Caldwell and Berkowitz, PC PAC",Thom Tillis,2025-02-26,1000.00
BAKER DONELSON BEARMAN CALDWELL & BERKOWITZ,"Baker, Donelson, Bearman, Caldwell and Berkowitz, PC PAC",Kirsten Gillibrand,2025-02-28,5000.00
BAKER DONELSON BEARMAN CALDWELL & BERKOWITZ,"Baker, Donelson, Bearman, Caldwell and Berkowitz, PC PAC",Ben Lujan,2025-02-28,2500.00
BAKER DONELSON BEARMAN CALDWELL & BERKOWITZ,"Baker, Donelson, Bearman, Caldwell and Berkowitz, PC PAC",Rob Wittman,2025-03-05,1000.00
BAKER DONELSON BEARMAN CALDWELL & BERKOWITZ,"Baker, Donelson, Bearman, Caldwell and Berkowitz, PC PAC",John Joyce,2025-03-05,1000.00
BAKER DONELSON BEARMAN CALDWELL & BERKOWITZ,"Baker, Donelson, Bearman, Caldwell and Berkowitz, PC PAC",John Barrasso,2025-03-05,1000.00
BAKER DONELSON BEARMAN CALDWELL & BERKOWITZ,"Baker, Donelson, Bearman, Caldwell and Berkowitz, PC PAC",Betty McCollum,2025-03-07,1000.00
BAKER DONELSON BEARMAN CALDWELL & BERKOWITZ,"Baker, Donelson, Bearman, Caldwell and Berkowitz, PC PAC",Dan Sullivan,2025-03-12,1000.00
BAKER DONELSON BEARMAN CALDWELL & BERKOWITZ,"Baker, Donelson, Bearman, Caldwell and Berkowitz, PC PAC",William (Bill) Cassidy,2025-03-12,2500.00
BAKER DONELSON BEARMAN CALDWELL & BERKOWITZ,"Baker, Donelson, Bearman, Caldwell and Berkowitz, PC PAC",Jennifer Kiggans,2025-03-12,1000.00
BAKER DONELSON BEARMAN CALDWELL & BERKOWITZ,"Baker, Donelson, Bearman, Caldwell and Berkowitz, PC PAC",Thom Tillis,2025-03-26,1500.00
BAKER DONELSON BEARMAN CALDWELL & BERKOWITZ,"Baker, Donelson, Bearman, Caldwell and Berkowitz, PC PAC",Joe Neguse,2025-03-26,1000.00
BAKER DONELSON BEARMAN CALDWELL & BERKOWITZ,"Baker, Donelson, Bearman, Caldwell and Berkowitz, PC PAC",William (Bill) Cassidy,2025-03-28,500.00
BAKER DONELSON BEARMAN CALDWELL & BERKOWITZ,"Baker, Donelson, Bearman, Caldwell and Berkowitz, PC PAC",William (Bill) Cassidy,2025-03-28,500.00
BAKER DONELSON BEARMAN CALDWELL & BERKOWITZ,"Baker, Donelson, Bearman, Caldwell and Berkowitz, PC PAC",Pat Harrigan,2025-04-02,1000.00
BAKER DONELSON BEARMAN CALDWELL & BERKOWITZ,"Baker, Donelson, Bearman, Caldwell and Berkowitz, PC PAC",Congressional Black Caucus PAC,2025-04-02,5000.00
BAKER DONELSON BEARMAN CALDWELL & BERKOWITZ,"Baker, Donelson, Bearman, Caldwell and Berkowitz, PC PAC",Diana DeGette,2025-04-02,1000.00
BAKER DONELSON BEARMAN CALDWELL & BERKOWITZ,"Baker, Donelson, Bearman, Caldwell and Berkowitz, PC PAC",John Ellzey,2025-04-02,1000.00
BAKER DONELSON BEARMAN CALDWELL & BERKOWITZ,"Baker, Donelson, Bearman, Caldwell and Berkowitz, PC PAC",Susan Collins,2025-04-11,1500.00
BAKER DONELSON BEARMAN CALDWELL & BERKOWITZ,"Baker, Donelson, Bearman, Caldwell and Berkowitz, PC PAC",Adam Smith,2025-04-11,5000.00
BAKER DONELSON BEARMAN CALDWELL & BERKOWITZ,"Baker, Donelson, Bearman, Caldwell and Berkowitz, PC PAC",Ted Cruz,2025-04-16,2500.00
BAKER DONELSON BEARMAN CALDWELL & BERKOWITZ,"Baker, Donelson, Bearman, Caldwell and Berkowitz, PC PAC",Joe Morelle,2025-04-16,2000.00
BAKER DONELSON BEARMAN CALDWELL & BERKOWITZ,"Baker, Donelson, Bearman, Caldwell and Berkowitz, PC PAC",Harold Rogers,2025-04-16,1500.00
BAKER DONELSON BEARMAN CALDWELL & BERKOWITZ,"Baker, Donelson, Bearman, Caldwell and Berkowitz, PC PAC",French Hill,2025-04-18,1000.00
BAKER DONELSON BEARMAN CALDWELL & BERKOWITZ,"Baker, Donelson, Bearman, Caldwell and Berkowitz, PC PAC",Brendan Boyle,2025-04-23,1000.00
BAKER DONELSON BEARMAN CALDWELL & BERKOWITZ,"Baker, Donelson, Bearman, Caldwell and Berkowitz, PC PAC",Cindy Hyde-Smith,2025-04-23,500.00
BAKER DONELSON BEARMAN CALDWELL & BERKOWITZ,"Baker, Donelson, Bearman, Caldwell and Berkowitz, PC PAC",Cindy Hyde-Smith,2025-04-23,1500.00
BAKER DONELSON BEARMAN CALDWELL & BERKOWITZ,"Baker, Donelson, Bearman, Caldwell and Berkowitz, PC PAC",Michael Simpson,2025-04-23,1000.00
BAKER DONELSON BEARMAN CALDWELL & BERKOWITZ,"Baker, Donelson, Bearman, Caldwell and Berkowitz, PC PAC",Lisa Murkowski,2025-04-30,1500.00
BAKER DONELSON BEARMAN CALDWELL & BERKOWITZ,"Baker, Donelson, Bearman, Caldwell and Berkowitz, PC PAC",Carol Miller,2025-04-30,1000.00
BAKER DONELSON BEARMAN CALDWELL & BERKOWITZ,"Baker, Donelson, Bearman, Caldwell and Berkowitz, PC PAC",Greg Stanton,2025-05-02,1000.00
BAKER DONELSON BEARMAN CALDWELL & BERKOWITZ,"Baker, Donelson, Bearman, Caldwell and Berkowitz, PC PAC",Mark Warner,2025-05-07,2000.00
BAKER DONELSON BEARMAN CALDWELL & BERKOWITZ,"Baker, Donelson, Bearman, Caldwell and Berkowitz, PC PAC",Terri Sewell,2025-05-14,1000.00
BAKER DONELSON BEARMAN CALDWELL & BERKOWITZ,"Baker, Donelson, Bearman, Caldwell and Berkowitz, PC PAC",John Carter,2025-05-14,2500.00
BAKER DONELSON BEARMAN CALDWELL & BERKOWITZ,"Baker, Donelson, Bearman, Caldwell and Berkowitz, PC PAC",Steny Hoyer,2025-05-28,1000.00
BAKER DONELSON BEARMAN CALDWELL & BERKOWITZ,"Baker, Donelson, Bearman, Caldwell and Berkowitz, PC PAC",Ken Calvert,2025-05-28,1000.00
BAKER DONELSON BEARMAN CALDWELL & BERKOWITZ,"Baker, Donelson, Bearman, Caldwell and Berkowitz, PC PAC",Derek Schmidt,2025-05-30,1000.00
BAKER DONELSON BEARMAN CALDWELL & BERKOWITZ,"Baker, Donelson, Bearman, Caldwell and Berkowitz, PC PAC",Julie Johnson,2025-06-04,1000.00
BAKER DONELSON BEARMAN CALDWELL & BERKOWITZ,"Baker, Donelson, Bearman, Caldwell and Berkowitz, PC PAC",Sam Graves,2025-06-06,1000.00
BAKER DONELSON BEARMAN CALDWELL & BERKOWITZ,"Baker, Donelson, Bearman, Caldwell and Berkowitz, PC PAC",Mario Diaz-Balart,2025-06-18,1000.00
BAKER DONELSON BEARMAN CALDWELL & BERKOWITZ,"Baker, Donelson, Bearman, Caldwell and Berkowitz, PC PAC",Jennifer Kiggans,2025-06-25,1000.00
BAKER DONELSON BEARMAN CALDWELL & BERKOWITZ,"Baker, Donelson, Bearman, Caldwell and Berkowitz, PC PAC",John Mannion,2025-06-27,1000.00
BAKER DONELSON BEARMAN CALDWELL & BERKOWITZ,"Baker, Donelson, Bearman, Caldwell and Berkowitz, PC PAC",Roger Marshall,2025-01-17,1000.00
BAKER DONELSON BEARMAN CALDWELL & BERKOWITZ,"Baker, Donelson, Bearman, Caldwell and Berkowitz, PC PAC",Roger Wicker,2025-01-17,1000.00
BAKER DONELSON BEARMAN CALDWELL & BERKOWITZ,"Baker, Donelson, Bearman, Caldwell and Berkowitz, PC PAC",Mariannette Miller-Meeks,2025-02-05,1000.00
BAKER DONELSON BEARMAN CALDWELL & BERKOWITZ,"Baker, Donelson, Bearman, Caldwell and Berkowitz, PC PAC",Ken Calvert,2025-02-05,1000.00
BAKER DONELSON BEARMAN CALDWELL & BERKOWITZ,"Baker, Donelson, Bearman, Caldwell and Berkowitz, PC PAC",Jim Risch,2025-02-12,500.00
BAKER DONELSON BEARMAN CALDWELL & BERKOWITZ,"Baker, Donelson, Bearman, Caldwell and Berkowitz, PC PAC",Katherine Clark,2025-02-12,2500.00
BAKER DONELSON BEARMAN CALDWELL & BERKOWITZ,"Baker, Donelson, Bearman, Caldwell and Berkowitz, PC PAC",Dan Sullivan,2025-02-12,1000.00
BAKER DONELSON BEARMAN CALDWELL & BERKOWITZ,"Baker, Donelson, Bearman, Caldwell and Berkowitz, PC PAC",Jim Risch,2025-02-12,500.00
BAKER DONELSON BEARMAN CALDWELL & BERKOWITZ,"Baker, Donelson, Bearman, Caldwell and Berkowitz, PC PAC",Michael McCaul,2025-02-12,1000.00
BAKER DONELSON BEARMAN CALDWELL & BERKOWITZ,"Baker, Donelson, Bearman, Caldwell and Berkowitz, PC PAC",Susan Collins,2025-02-12,1000.00
BAKER DONELSON BEARMAN CALDWELL & BERKOWITZ,"Baker, Donelson, Bearman, Caldwell and Berkowitz, PC PAC",Robert Aderholt,2025-02-14,1000.00
BAKER DONELSON BEARMAN CALDWELL & BERKOWITZ,"Baker, Donelson, Bearman, Caldwell and Berkowitz, PC PAC",Maxine Dexter,2025-02-18,2500.00
BAKER DONELSON BEARMAN CALDWELL & BERKOWITZ,"Baker, Donelson, Bearman, Caldwell and Berkowitz, PC PAC",John Rutherford,2025-02-18,1000.00
BAKER DONELSON BEARMAN CALDWELL & BERKOWITZ,"Baker, Donelson, Bearman, Caldwell and Berkowitz, PC PAC",Brett Guthrie,2025-02-18,1500.00
BAKER DONELSON BEARMAN CALDWELL & BERKOWITZ,"Baker, Donelson, Bearman, Caldwell and Berkowitz, PC PAC",Cindy Hyde-Smith,2025-02-26,2500.00
BAKER DONELSON BEARMAN CALDWELL & BERKOWITZ,"Baker, Donelson, Bearman, Caldwell and Berkowitz, PC PAC",Wesley Bell,2025-02-26,2000.00
BAKER DONELSON BEARMAN CALDWELL & BERKOWITZ,"Baker, Donelson, Bearman, Caldwell and Berkowitz, PC PAC",Ruben Gallego,2025-02-26,1500.00
BAKER DONELSON BEARMAN CALDWELL & BERKOWITZ,"Baker, Donelson, Bearman, Caldwell and Berkowitz, PC PAC",Michael Simpson,2025-02-26,1000.00
BAKER DONELSON BEARMAN CALDWELL & BERKOWITZ,"Baker, Donelson, Bearman, Caldwell and Berkowitz, PC PAC",Thom Tillis,2025-02-26,1000.00
BAKER DONELSON BEARMAN CALDWELL & BERKOWITZ,"Baker, Donelson, Bearman, Caldwell and Berkowitz, PC PAC",Kirsten Gillibrand,2025-02-28,5000.00
BAKER DONELSON BEARMAN CALDWELL & BERKOWITZ,"Baker, Donelson, Bearman, Caldwell and Berkowitz, PC PAC",Ben Lujan,2025-02-28,2500.00
BAKER DONELSON BEARMAN CALDWELL & BERKOWITZ,"Baker, Donelson, Bearman, Caldwell and Berkowitz, PC PAC",Rob Wittman,2025-03-05,1000.00
BAKER DONELSON BEARMAN CALDWELL & BERKOWITZ,"Baker, Donelson, Bearman, Caldwell and Berkowitz, PC PAC",John Joyce,2025-03-05,1000.00
BAKER DONELSON BEARMAN CALDWELL & BERKOWITZ,"Baker, Donelson, Bearman, Caldwell and Berkowitz, PC PAC",John Barrasso,2025-03-05,1000.00
BAKER DONELSON BEARMAN CALDWELL & BERKOWITZ,"Baker, Donelson, Bearman, Caldwell and Berkowitz, PC PAC",Betty McCollum,2025-03-07,1000.00
BAKER DONELSON BEARMAN CALDWELL & BERKOWITZ,"Baker, Donelson, Bearman, Caldwell and Berkowitz, PC PAC",Dan Sullivan,2025-03-12,1000.00
BAKER DONELSON BEARMAN CALDWELL & BERKOWITZ,"Baker, Donelson, Bearman, Caldwell and Berkowitz, PC PAC",William (Bill) Cassidy,2025-03-12,2500.00
BAKER DONELSON BEARMAN CALDWELL & BERKOWITZ,"Baker, Donelson, Bearman, Caldwell and Berkowitz, PC PAC",Jennifer Kiggans,2025-03-12,1000.00
BAKER DONELSON BEARMAN CALDWELL & BERKOWITZ,"Baker, Donelson, Bearman, Caldwell and Berkowitz, PC PAC",Thom Tillis,2025-03-26,1500.00
BAKER DONELSON BEARMAN CALDWELL & BERKOWITZ,"Baker, Donelson, Bearman, Caldwell and Berkowitz, PC PAC",Joe Neguse,2025-03-26,1000.00
BAKER DONELSON BEARMAN CALDWELL & BERKOWITZ,"Baker, Donelson, Bearman, Caldwell and Berkowitz, PC PAC",William (Bill) Cassidy,2025-03-28,500.00
BAKER DONELSON BEARMAN CALDWELL & BERKOWITZ,"Baker, Donelson, Bearman, Caldwell and Berkowitz, PC PAC",William (Bill) Cassidy,2025-03-28,500.00
BAKER DONELSON BEARMAN CALDWELL & BERKOWITZ,"Baker, Donelson, Bearman, Caldwell and Berkowitz, PC PAC",Pat Harrigan,2025-04-02,1000.00
BAKER DONELSON BEARMAN CALDWELL & BERKOWITZ,"Baker, Donelson, Bearman, Caldwell and Berkowitz, PC PAC",Congressional Black Caucus PAC,2025-04-02,5000.00
BAKER DONELSON BEARMAN CALDWELL & BERKOWITZ,"Baker, Donelson, Bearman, Caldwell and Berkowitz, PC PAC",Diana DeGette,2025-04-02,1000.00
BAKER DONELSON BEARMAN CALDWELL & BERKOWITZ,"Baker, Donelson, Bearman, Caldwell and Berkowitz, PC PAC",John Ellzey,2025-04-02,1000.00
BAKER DONELSON BEARMAN CALDWELL & BERKOWITZ,"Baker, Donelson, Bearman, Caldwell and Berkowitz, PC PAC",Susan Collins,2025-04-11,1500.00
BAKER DONELSON BEARMAN CALDWELL & BERKOWITZ,"Baker, Donelson, Bearman, Caldwell and Berkowitz, PC PAC",Adam Smith,2025-04-11,5000.00
BAKER DONELSON BEARMAN CALDWELL & BERKOWITZ,"Baker, Donelson, Bearman, Caldwell and Berkowitz, PC PAC",Ted Cruz,2025-04-16,2500.00
BAKER DONELSON BEARMAN CALDWELL & BERKOWITZ,"Baker, Donelson, Bearman, Caldwell and Berkowitz, PC PAC",Joe Morelle,2025-04-16,2000.00
BAKER DONELSON BEARMAN CALDWELL & BERKOWITZ,"Baker, Donelson, Bearman, Caldwell and Berkowitz, PC PAC",Harold Rogers,2025-04-16,1500.00
BAKER DONELSON BEARMAN CALDWELL & BERKOWITZ,"Baker, Donelson, Bearman, Caldwell and Berkowitz, PC PAC",French Hill,2025-04-18,1000.00
BAKER DONELSON BEARMAN CALDWELL & BERKOWITZ,"Baker, Donelson, Bearman, Caldwell and Berkowitz, PC PAC",Brendan Boyle,2025-04-23,1000.00
BAKER DONELSON BEARMAN CALDWELL & BERKOWITZ,"Baker, Donelson, Bearman, Caldwell and Berkowitz, PC PAC",Cindy Hyde-Smith,2025-04-23,500.00
BAKER DONELSON BEARMAN CALDWELL & BERKOWITZ,"Baker, Donelson, Bearman, Caldwell and Berkowitz, PC PAC",Cindy Hyde-Smith,2025-04-23,1500.00
BAKER DONELSON BEARMAN CALDWELL & BERKOWITZ,"Baker, Donelson, Bearman, Caldwell and Berkowitz, PC PAC",Michael Simpson,2025-04-23,1000.00
BAKER DONELSON BEARMAN CALDWELL & BERKOWITZ,"Baker, Donelson, Bearman, Caldwell and Berkowitz, PC PAC",Lisa Murkowski,2025-04-30,1500.00
BAKER DONELSON BEARMAN CALDWELL & BERKOWITZ,"Baker, Donelson, Bearman, Caldwell and Berkowitz, PC PAC",Carol Miller,2025-04-30,1000.00
BAKER DONELSON BEARMAN CALDWELL & BERKOWITZ,"Baker, Donelson, Bearman, Caldwell and Berkowitz, PC PAC",Greg Stanton,2025-05-02,1000.00
BAKER DONELSON BEARMAN CALDWELL & BERKOWITZ,"Baker, Donelson, Bearman, Caldwell and Berkowitz, PC PAC",Mark Warner,2025-05-07,2000.00
BAKER DONELSON BEARMAN CALDWELL & BERKOWITZ,"Baker, Donelson, Bearman, Caldwell and Berkowitz, PC PAC",Terri Sewell,2025-05-14,1000.00
BAKER DONELSON BEARMAN CALDWELL & BERKOWITZ,"Baker, Donelson, Bearman, Caldwell and Berkowitz, PC PAC",John Carter,2025-05-14,2500.00
BAKER DONELSON BEARMAN CALDWELL & BERKOWITZ,"Baker, Donelson, Bearman, Caldwell and Berkowitz, PC PAC",Steny Hoyer,2025-05-28,1000.00
BAKER DONELSON BEARMAN CALDWELL & BERKOWITZ,"Baker, Donelson, Bearman, Caldwell and Berkowitz, PC PAC",Ken Calvert,2025-05-28,1000.00
BAKER DONELSON BEARMAN CALDWELL & BERKOWITZ,"Baker, Donelson, Bearman, Caldwell and Berkowitz, PC PAC",Derek Schmidt,2025-05-30,1000.00
BAKER DONELSON BEARMAN CALDWELL & BERKOWITZ,"Baker, Donelson, Bearman, Caldwell and Berkowitz, PC PAC",Julie Johnson,2025-06-04,1000.00
BAKER DONELSON BEARMAN CALDWELL & BERKOWITZ,"Baker, Donelson, Bearman, Caldwell and Berkowitz, PC PAC",Sam Graves,2025-06-06,1000.00
BAKER DONELSON BEARMAN CALDWELL & BERKOWITZ,"Baker, Donelson, Bearman, Caldwell and Berkowitz, PC PAC",Mario Diaz-Balart,2025-06-18,1000.00
BAKER DONELSON BEARMAN CALDWELL & BERKOWITZ,"Baker, Donelson, Bearman, Caldwell and Berkowitz, PC PAC",Jennifer Kiggans,2025-06-25,1000.00
BAKER DONELSON BEARMAN CALDWELL & BERKOWITZ,"Baker, Donelson, Bearman, Caldwell and Berkowitz, PC PAC",John Mannion,2025-06-27,1000.00
BAKER DONELSON BEARMAN CALDWELL & BERKOWITZ,"Baker, Donelson, Bearman, Caldwell and Berkowitz, PC PAC",Roger Marshall,2025-01-17,1000.00
BAKER DONELSON BEARMAN CALDWELL & BERKOWITZ,"Baker, Donelson, Bearman, Caldwell and Berkowitz, PC PAC",Roger Wicker,2025-01-17,1000.00
BAKER DONELSON BEARMAN CALDWELL & BERKOWITZ,"Baker, Donelson, Bearman, Caldwell and Berkowitz, PC PAC",Mariannette Miller-Meeks,2025-02-05,1000.00
BAKER DONELSON BEARMAN CALDWELL & BERKOWITZ,"Baker, Donelson, Bearman, Caldwell and Berkowitz, PC PAC",Ken Calvert,2025-02-05,1000.00
BAKER DONELSON BEARMAN CALDWELL & BERKOWITZ,"Baker, Donelson, Bearman, Caldwell and Berkowitz, PC PAC",Jim Risch,2025-02-12,500.00
BAKER DONELSON BEARMAN CALDWELL & BERKOWITZ,"Baker, Donelson, Bearman, Caldwell and Berkowitz, PC PAC",Katherine Clark,2025-02-12,2500.00
BAKER DONELSON BEARMAN CALDWELL & BERKOWITZ,"Baker, Donelson, Bearman, Caldwell and Berkowitz, PC PAC",Dan Sullivan,2025-02-12,1000.00
BAKER DONELSON BEARMAN CALDWELL & BERKOWITZ,"Baker, Donelson, Bearman, Caldwell and Berkowitz, PC PAC",Jim Risch,2025-02-12,500.00
BAKER DONELSON BEARMAN CALDWELL & BERKOWITZ,"Baker, Donelson, Bearman, Caldwell and Berkowitz, PC PAC",Michael McCaul,2025-02-12,1000.00
BAKER DONELSON BEARMAN CALDWELL & BERKOWITZ,"Baker, Donelson, Bearman, Caldwell and Berkowitz, PC PAC",Susan Collins,2025-02-12,1000.00
BAKER DONELSON BEARMAN CALDWELL & BERKOWITZ,"Baker, Donelson, Bearman, Caldwell and Berkowitz, PC PAC",Robert Aderholt,2025-02-14,1000.00
BAKER DONELSON BEARMAN CALDWELL & BERKOWITZ,"Baker, Donelson, Bearman, Caldwell and Berkowitz, PC PAC",Maxine Dexter,2025-02-18,2500.00
BAKER DONELSON BEARMAN CALDWELL & BERKOWITZ,"Baker, Donelson, Bearman, Caldwell and Berkowitz, PC PAC",John Rutherford,2025-02-18,1000.00
BAKER DONELSON BEARMAN CALDWELL & BERKOWITZ,"Baker, Donelson, Bearman, Caldwell and Berkowitz, PC PAC",Brett Guthrie,2025-02-18,1500.00
BAKER DONELSON BEARMAN CALDWELL & BERKOWITZ,"Baker, Donelson, Bearman, Caldwell and Berkowitz, PC PAC",Cindy Hyde-Smith,2025-02-26,2500.00
BAKER DONELSON BEARMAN CALDWELL & BERKOWITZ,"Baker, Donelson, Bearman, Caldwell and Berkowitz, PC PAC",Wesley Bell,2025-02-26,2000.00
BAKER DONELSON BEARMAN CALDWELL & BERKOWITZ,"Baker, Donelson, Bearman, Caldwell and Berkowitz, PC PAC",Ruben Gallego,2025-02-26,1500.00
BAKER DONELSON BEARMAN CALDWELL & BERKOWITZ,"Baker, Donelson, Bearman, Caldwell and Berkowitz, PC PAC",Michael Simpson,2025-02-26,1000.00
BAKER DONELSON BEARMAN CALDWELL & BERKOWITZ,"Baker, Donelson, Bearman, Caldwell and Berkowitz, PC PAC",Thom Tillis,2025-02-26,1000.00
BAKER DONELSON BEARMAN CALDWELL & BERKOWITZ,"Baker, Donelson, Bearman, Caldwell and Berkowitz, PC PAC",Kirsten Gillibrand,2025-02-28,5000.00
BAKER DONELSON BEARMAN CALDWELL & BERKOWITZ,"Baker, Donelson, Bearman, Caldwell and Berkowitz, PC PAC",Ben Lujan,2025-02-28,2500.00
BAKER DONELSON BEARMAN CALDWELL & BERKOWITZ,"Baker, Donelson, Bearman, Caldwell and Berkowitz, PC PAC",Rob Wittman,2025-03-05,1000.00
BAKER DONELSON BEARMAN CALDWELL & BERKOWITZ,"Baker, Donelson, Bearman, Caldwell and Berkowitz, PC PAC",John Joyce,2025-03-05,1000.00
BAKER DONELSON BEARMAN CALDWELL & BERKOWITZ,"Baker, Donelson, Bearman, Caldwell and Berkowitz, PC PAC",John Barrasso,2025-03-05,1000.00
BAKER DONELSON BEARMAN CALDWELL & BERKOWITZ,"Baker, Donelson, Bearman, Caldwell and Berkowitz, PC PAC",Betty McCollum,2025-03-07,1000.00
BAKER DONELSON BEARMAN CALDWELL & BERKOWITZ,"Baker, Donelson, Bearman, Caldwell and Berkowitz, PC PAC",Dan Sullivan,2025-03-12,1000.00
BAKER DONELSON BEARMAN CALDWELL & BERKOWITZ,"Baker, Donelson, Bearman, Caldwell and Berkowitz, PC PAC",William (Bill) Cassidy,2025-03-12,2500.00
BAKER DONELSON BEARMAN CALDWELL & BERKOWITZ,"Baker, Donelson, Bearman, Caldwell and Berkowitz, PC PAC",Jennifer Kiggans,2025-03-12,1000.00
BAKER DONELSON BEARMAN CALDWELL & BERKOWITZ,"Baker, Donelson, Bearman, Caldwell and Berkowitz, PC PAC",Thom Tillis,2025-03-26,1500.00
BAKER DONELSON BEARMAN CALDWELL & BERKOWITZ,"Baker, Donelson, Bearman, Caldwell and Berkowitz, PC PAC",Joe Neguse,2025-03-26,1000.00
BAKER DONELSON BEARMAN CALDWELL & BERKOWITZ,"Baker, Donelson, Bearman, Caldwell and Berkowitz, PC PAC",William (Bill) Cassidy,2025-03-28,500.00
BAKER DONELSON BEARMAN CALDWELL & BERKOWITZ,"Baker, Donelson, Bearman, Caldwell and Berkowitz, PC PAC",William (Bill) Cassidy,2025-03-28,500.00
BAKER DONELSON BEARMAN CALDWELL & BERKOWITZ,"Baker, Donelson, Bearman, Caldwell and Berkowitz, PC PAC",Pat Harrigan,2025-04-02,1000.00
BAKER DONELSON BEARMAN CALDWELL & BERKOWITZ,"Baker, Donelson, Bearman, Caldwell and Berkowitz, PC PAC",Congressional Black Caucus PAC,2025-04-02,5000.00
BAKER DONELSON BEARMAN CALDWELL & BERKOWITZ,"Baker, Donelson, Bearman, Caldwell and Berkowitz, PC PAC",Diana DeGette,2025-04-02,1000.00
BAKER DONELSON BEARMAN CALDWELL & BERKOWITZ,"Baker, Donelson, Bearman, Caldwell and Berkowitz, PC PAC",John Ellzey,2025-04-02,1000.00
BAKER DONELSON BEARMAN CALDWELL & BERKOWITZ,"Baker, Donelson, Bearman, Caldwell and Berkowitz, PC PAC",Susan Collins,2025-04-11,1500.00
BAKER DONELSON BEARMAN CALDWELL & BERKOWITZ,"Baker, Donelson, Bearman, Caldwell and Berkowitz, PC PAC",Adam Smith,2025-04-11,5000.00
BAKER DONELSON BEARMAN CALDWELL & BERKOWITZ,"Baker, Donelson, Bearman, Caldwell and Berkowitz, PC PAC",Ted Cruz,2025-04-16,2500.00
BAKER DONELSON BEARMAN CALDWELL & BERKOWITZ,"Baker, Donelson, Bearman, Caldwell and Berkowitz, PC PAC",Joe Morelle,2025-04-16,2000.00
BAKER DONELSON BEARMAN CALDWELL & BERKOWITZ,"Baker, Donelson, Bearman, Caldwell and Berkowitz, PC PAC",Harold Rogers,2025-04-16,1500.00
BAKER DONELSON BEARMAN CALDWELL & BERKOWITZ,"Baker, Donelson, Bearman, Caldwell and Berkowitz, PC PAC",French Hill,2025-04-18,1000.00
BAKER DONELSON BEARMAN CALDWELL & BERKOWITZ,"Baker, Donelson, Bearman, Caldwell and Berkowitz, PC PAC",Brendan Boyle,2025-04-23,1000.00
BAKER DONELSON BEARMAN CALDWELL & BERKOWITZ,"Baker, Donelson, Bearman, Caldwell and Berkowitz, PC PAC",Cindy Hyde-Smith,2025-04-23,500.00
BAKER DONELSON BEARMAN CALDWELL & BERKOWITZ,"Baker, Donelson, Bearman, Caldwell and Berkowitz, PC PAC",Cindy Hyde-Smith,2025-04-23,1500.00
BAKER DONELSON BEARMAN CALDWELL & BERKOWITZ,"Baker, Donelson, Bearman, Caldwell and Berkowitz, PC PAC",Michael Simpson,2025-04-23,1000.00
BAKER DONELSON BEARMAN CALDWELL & BERKOWITZ,"Baker, Donelson, Bearman, Caldwell and Berkowitz, PC PAC",Lisa Murkowski,2025-04-30,1500.00
BAKER DONELSON BEARMAN CALDWELL & BERKOWITZ,"Baker, Donelson, Bearman, Caldwell and Berkowitz, PC PAC",Carol Miller,2025-04-30,1000.00
BAKER DONELSON BEARMAN CALDWELL & BERKOWITZ,"Baker, Donelson, Bearman, Caldwell and Berkowitz, PC PAC",Greg Stanton,2025-05-02,1000.00
BAKER DONELSON BEARMAN CALDWELL & BERKOWITZ,"Baker, Donelson, Bearman, Caldwell and Berkowitz, PC PAC",Mark Warner,2025-05-07,2000.00
BAKER DONELSON BEARMAN CALDWELL & BERKOWITZ,"Baker, Donelson, Bearman, Caldwell and Berkowitz, PC PAC",Terri Sewell,2025-05-14,1000.00
BAKER DONELSON BEARMAN CALDWELL & BERKOWITZ,"Baker, Donelson, Bearman, Caldwell and Berkowitz, PC PAC",John Carter,2025-05-14,2500.00
BAKER DONELSON BEARMAN CALDWELL & BERKOWITZ,"Baker, Donelson, Bearman, Caldwell and Berkowitz, PC PAC",Steny Hoyer,2025-05-28,1000.00
BAKER DONELSON BEARMAN CALDWELL & BERKOWITZ,"Baker, Donelson, Bearman, Caldwell and Berkowitz, PC PAC",Ken Calvert,2025-05-28,1000.00
BAKER DONELSON BEARMAN CALDWELL & BERKOWITZ,"Baker, Donelson, Bearman, Caldwell and Berkowitz, PC PAC",Derek Schmidt,2025-05-30,1000.00
BAKER DONELSON BEARMAN CALDWELL & BERKOWITZ,"Baker, Donelson, Bearman, Caldwell and Berkowitz, PC PAC",Julie Johnson,2025-06-04,1000.00
BAKER DONELSON BEARMAN CALDWELL & BERKOWITZ,"Baker, Donelson, Bearman, Caldwell and Berkowitz, PC PAC",Sam Graves,2025-06-06,1000.00
BAKER DONELSON BEARMAN CALDWELL & BERKOWITZ,"Baker, Donelson, Bearman, Caldwell and Berkowitz, PC PAC",Mario Diaz-Balart,2025-06-18,1000.00
BAKER DONELSON BEARMAN CALDWELL & BERKOWITZ,"Baker, Donelson, Bearman, Caldwell and Berkowitz, PC PAC",Jennifer Kiggans,2025-06-25,1000.00
BAKER DONELSON BEARMAN CALDWELL & BERKOWITZ,"Baker, Donelson, Bearman, Caldwell and Berkowitz, PC PAC",John Mannion,2025-06-27,1000.00
BAKER DONELSON BEARMAN CALDWELL & BERKOWITZ,"Baker, Donelson, Bearman, Caldwell and Berkowitz, PC PAC",Roger Marshall,2025-01-17,1000.00
BAKER DONELSON BEARMAN CALDWELL & BERKOWITZ,"Baker, Donelson, Bearman, Caldwell and Berkowitz, PC PAC",Roger Wicker,2025-01-17,1000.00
BAKER DONELSON BEARMAN CALDWELL & BERKOWITZ,"Baker, Donelson, Bearman, Caldwell and Berkowitz, PC PAC",Mariannette Miller-Meeks,2025-02-05,1000.00
BAKER DONELSON BEARMAN CALDWELL & BERKOWITZ,"Baker, Donelson, Bearman, Caldwell and Berkowitz, PC PAC",Ken Calvert,2025-02-05,1000.00
BAKER DONELSON BEARMAN CALDWELL & BERKOWITZ,"Baker, Donelson, Bearman, Caldwell and Berkowitz, PC PAC",Jim Risch,2025-02-12,500.00
BAKER DONELSON BEARMAN CALDWELL & BERKOWITZ,"Baker, Donelson, Bearman, Caldwell and Berkowitz, PC PAC",Katherine Clark,2025-02-12,2500.00
BAKER DONELSON BEARMAN CALDWELL & BERKOWITZ,"Baker, Donelson, Bearman, Caldwell and Berkowitz, PC PAC",Dan Sullivan,2025-02-12,1000.00
BAKER DONELSON BEARMAN CALDWELL & BERKOWITZ,"Baker, Donelson, Bearman, Caldwell and Berkowitz, PC PAC",Jim Risch,2025-02-12,500.00
BAKER DONELSON BEARMAN CALDWELL & BERKOWITZ,"Baker, Donelson, Bearman, Caldwell and Berkowitz, PC PAC",Michael McCaul,2025-02-12,1000.00
BAKER DONELSON BEARMAN CALDWELL & BERKOWITZ,"Baker, Donelson, Bearman, Caldwell and Berkowitz, PC PAC",Susan Collins,2025-02-12,1000.00
BAKER DONELSON BEARMAN CALDWELL & BERKOWITZ,"Baker, Donelson, Bearman, Caldwell and Berkowitz, PC PAC",Robert Aderholt,2025-02-14,1000.00
BAKER DONELSON BEARMAN CALDWELL & BERKOWITZ,"Baker, Donelson, Bearman, Caldwell and Berkowitz, PC PAC",Maxine Dexter,2025-02-18,2500.00
BAKER DONELSON BEARMAN CALDWELL & BERKOWITZ,"Baker, Donelson, Bearman, Caldwell and Berkowitz, PC PAC",John Rutherford,2025-02-18,1000.00
BAKER DONELSON BEARMAN CALDWELL & BERKOWITZ,"Baker, Donelson, Bearman, Caldwell and Berkowitz, PC PAC",Brett Guthrie,2025-02-18,1500.00
BAKER DONELSON BEARMAN CALDWELL & BERKOWITZ,"Baker, Donelson, Bearman, Caldwell and Berkowitz, PC PAC",Cindy Hyde-Smith,2025-02-26,2500.00
BAKER DONELSON BEARMAN CALDWELL & BERKOWITZ,"Baker, Donelson, Bearman, Caldwell and Berkowitz, PC PAC",Wesley Bell,2025-02-26,2000.00
BAKER DONELSON BEARMAN CALDWELL & BERKOWITZ,"Baker, Donelson, Bearman, Caldwell and Berkowitz, PC PAC",Ruben Gallego,2025-02-26,1500.00
BAKER DONELSON BEARMAN CALDWELL & BERKOWITZ,"Baker, Donelson, Bearman, Caldwell and Berkowitz, PC PAC",Michael Simpson,2025-02-26,1000.00
BAKER DONELSON BEARMAN CALDWELL & BERKOWITZ,"Baker, Donelson, Bearman, Caldwell and Berkowitz, PC PAC",Thom Tillis,2025-02-26,1000.00
BAKER DONELSON BEARMAN CALDWELL & BERKOWITZ,"Baker, Donelson, Bearman, Caldwell and Berkowitz, PC PAC",Kirsten Gillibrand,2025-02-28,5000.00
BAKER DONELSON BEARMAN CALDWELL & BERKOWITZ,"Baker, Donelson, Bearman, Caldwell and Berkowitz, PC PAC",Ben Lujan,2025-02-28,2500.00
BAKER DONELSON BEARMAN CALDWELL & BERKOWITZ,"Baker, Donelson, Bearman, Caldwell and Berkowitz, PC PAC",Rob Wittman,2025-03-05,1000.00
BAKER DONELSON BEARMAN CALDWELL & BERKOWITZ,"Baker, Donelson, Bearman, Caldwell and Berkowitz, PC PAC",John Joyce,2025-03-05,1000.00
BAKER DONELSON BEARMAN CALDWELL & BERKOWITZ,"Baker, Donelson, Bearman, Caldwell and Berkowitz, PC PAC",John Barrasso,2025-03-05,1000.00
BAKER DONELSON BEARMAN CALDWELL & BERKOWITZ,"Baker, Donelson, Bearman, Caldwell and Berkowitz, PC PAC",Betty McCollum,2025-03-07,1000.00
BAKER DONELSON BEARMAN CALDWELL & BERKOWITZ,"Baker, Donelson, Bearman, Caldwell and Berkowitz, PC PAC",Dan Sullivan,2025-03-12,1000.00
BAKER DONELSON BEARMAN CALDWELL & BERKOWITZ,"Baker, Donelson, Bearman, Caldwell and Berkowitz, PC PAC",William (Bill) Cassidy,2025-03-12,2500.00
BAKER DONELSON BEARMAN CALDWELL & BERKOWITZ,"Baker, Donelson, Bearman, Caldwell and Berkowitz, PC PAC",Jennifer Kiggans,2025-03-12,1000.00
BAKER DONELSON BEARMAN CALDWELL & BERKOWITZ,"Baker, Donelson, Bearman, Caldwell and Berkowitz, PC PAC",Thom Tillis,2025-03-26,1500.00
BAKER DONELSON BEARMAN CALDWELL & BERKOWITZ,"Baker, Donelson, Bearman, Caldwell and Berkowitz, PC PAC",Joe Neguse,2025-03-26,1000.00
BAKER DONELSON BEARMAN CALDWELL & BERKOWITZ,"Baker, Donelson, Bearman, Caldwell and Berkowitz, PC PAC",William (Bill) Cassidy,2025-03-28,500.00
BAKER DONELSON BEARMAN CALDWELL & BERKOWITZ,"Baker, Donelson, Bearman, Caldwell and Berkowitz, PC PAC",William (Bill) Cassidy,2025-03-28,500.00
BAKER DONELSON BEARMAN CALDWELL & BERKOWITZ,"Baker, Donelson, Bearman, Caldwell and Berkowitz, PC PAC",Pat Harrigan,2025-04-02,1000.00
BAKER DONELSON BEARMAN CALDWELL & BERKOWITZ,"Baker, Donelson, Bearman, Caldwell and Berkowitz, PC PAC",Congressional Black Caucus PAC,2025-04-02,5000.00
BAKER DONELSON BEARMAN CALDWELL & BERKOWITZ,"Baker, Donelson, Bearman, Caldwell and Berkowitz, PC PAC",Diana DeGette,2025-04-02,1000.00
BAKER DONELSON BEARMAN CALDWELL & BERKOWITZ,"Baker, Donelson, Bearman, Caldwell and Berkowitz, PC PAC",John Ellzey,2025-04-02,1000.00
BAKER DONELSON BEARMAN CALDWELL & BERKOWITZ,"Baker, Donelson, Bearman, Caldwell and Berkowitz, PC PAC",Susan Collins,2025-04-11,1500.00
BAKER DONELSON BEARMAN CALDWELL & BERKOWITZ,"Baker, Donelson, Bearman, Caldwell and Berkowitz, PC PAC",Adam Smith,2025-04-11,5000.00
BAKER DONELSON BEARMAN CALDWELL & BERKOWITZ,"Baker, Donelson, Bearman, Caldwell and Berkowitz, PC PAC",Ted Cruz,2025-04-16,2500.00
BAKER DONELSON BEARMAN CALDWELL & BERKOWITZ,"Baker, Donelson, Bearman, Caldwell and Berkowitz, PC PAC",Joe Morelle,2025-04-16,2000.00
BAKER DONELSON BEARMAN CALDWELL & BERKOWITZ,"Baker, Donelson, Bearman, Caldwell and Berkowitz, PC PAC",Harold Rogers,2025-04-16,1500.00
BAKER DONELSON BEARMAN CALDWELL & BERKOWITZ,"Baker, Donelson, Bearman, Caldwell and Berkowitz, PC PAC",French Hill,2025-04-18,1000.00
BAKER DONELSON BEARMAN CALDWELL & BERKOWITZ,"Baker, Donelson, Bearman, Caldwell and Berkowitz, PC PAC",Brendan Boyle,2025-04-23,1000.00
BAKER DONELSON BEARMAN CALDWELL & BERKOWITZ,"Baker, Donelson, Bearman, Caldwell and Berkowitz, PC PAC",Cindy Hyde-Smith,2025-04-23,500.00
BAKER DONELSON BEARMAN CALDWELL & BERKOWITZ,"Baker, Donelson, Bearman, Caldwell and Berkowitz, PC PAC",Cindy Hyde-Smith,2025-04-23,1500.00
BAKER DONELSON BEARMAN CALDWELL & BERKOWITZ,"Baker, Donelson, Bearman, Caldwell and Berkowitz, PC PAC",Michael Simpson,2025-04-23,1000.00
BAKER DONELSON BEARMAN CALDWELL & BERKOWITZ,"Baker, Donelson, Bearman, Caldwell and Berkowitz, PC PAC",Lisa Murkowski,2025-04-30,1500.00
BAKER DONELSON BEARMAN CALDWELL & BERKOWITZ,"Baker, Donelson, Bearman, Caldwell and Berkowitz, PC PAC",Carol Miller,2025-04-30,1000.00
BAKER DONELSON BEARMAN CALDWELL & BERKOWITZ,"Baker, Donelson, Bearman, Caldwell and Berkowitz, PC PAC",Greg Stanton,2025-05-02,1000.00
BAKER DONELSON BEARMAN CALDWELL & BERKOWITZ,"Baker, Donelson, Bearman, Caldwell and Berkowitz, PC PAC",Mark Warner,2025-05-07,2000.00
BAKER DONELSON BEARMAN CALDWELL & BERKOWITZ,"Baker, Donelson, Bearman, Caldwell and Berkowitz, PC PAC",Terri Sewell,2025-05-14,1000.00
BAKER DONELSON BEARMAN CALDWELL & BERKOWITZ,"Baker, Donelson, Bearman, Caldwell and Berkowitz, PC PAC",John Carter,2025-05-14,2500.00
BAKER DONELSON BEARMAN CALDWELL & BERKOWITZ,"Baker, Donelson, Bearman, Caldwell and Berkowitz, PC PAC",Steny Hoyer,2025-05-28,1000.00
BAKER DONELSON BEARMAN CALDWELL & BERKOWITZ,"Baker, Donelson, Bearman, Caldwell and Berkowitz, PC PAC",Ken Calvert,2025-05-28,1000.00
BAKER DONELSON BEARMAN CALDWELL & BERKOWITZ,"Baker, Donelson, Bearman, Caldwell and Berkowitz, PC PAC",Derek Schmidt,2025-05-30,1000.00
BAKER DONELSON BEARMAN CALDWELL & BERKOWITZ,"Baker, Donelson, Bearman, Caldwell and Berkowitz, PC PAC",Julie Johnson,2025-06-04,1000.00
BAKER DONELSON BEARMAN CALDWELL & BERKOWITZ,"Baker, Donelson, Bearman, Caldwell and Berkowitz, PC PAC",Sam Graves,2025-06-06,1000.00
BAKER DONELSON BEARMAN CALDWELL & BERKOWITZ,"Baker, Donelson, Bearman, Caldwell and Berkowitz, PC PAC",Mario Diaz-Balart,2025-06-18,1000.00
BAKER DONELSON BEARMAN CALDWELL & BERKOWITZ,"Baker, Donelson, Bearman, Caldwell and Berkowitz, PC PAC",Jennifer Kiggans,2025-06-25,1000.00
BAKER DONELSON BEARMAN CALDWELL & BERKOWITZ,"Baker, Donelson, Bearman, Caldwell and Berkowitz, PC PAC",John Mannion,2025-06-27,1000.00
BAKER DONELSON BEARMAN CALDWELL & BERKOWITZ,"Baker, Donelson, Bearman, Caldwell and Berkowitz, PC PAC",Roger Marshall,2025-01-17,1000.00
BAKER DONELSON BEARMAN CALDWELL & BERKOWITZ,"Baker, Donelson, Bearman, Caldwell and Berkowitz, PC PAC",Roger Wicker,2025-01-17,1000.00
BAKER DONELSON BEARMAN CALDWELL & BERKOWITZ,"Baker, Donelson, Bearman, Caldwell and Berkowitz, PC PAC",Mariannette Miller-Meeks,2025-02-05,1000.00
BAKER DONELSON BEARMAN CALDWELL & BERKOWITZ,"Baker, Donelson, Bearman, Caldwell and Berkowitz, PC PAC",Ken Calvert,2025-02-05,1000.00
BAKER DONELSON BEARMAN CALDWELL & BERKOWITZ,"Baker, Donelson, Bearman, Caldwell and Berkowitz, PC PAC",Jim Risch,2025-02-12,500.00
BAKER DONELSON BEARMAN CALDWELL & BERKOWITZ,"Baker, Donelson, Bearman, Caldwell and Berkowitz, PC PAC",Katherine Clark,2025-02-12,2500.00
BAKER DONELSON BEARMAN CALDWELL & BERKOWITZ,"Baker, Donelson, Bearman, Caldwell and Berkowitz, PC PAC",Dan Sullivan,2025-02-12,1000.00
BAKER DONELSON BEARMAN CALDWELL & BERKOWITZ,"Baker, Donelson, Bearman, Caldwell and Berkowitz, PC PAC",Jim Risch,2025-02-12,500.00
BAKER DONELSON BEARMAN CALDWELL & BERKOWITZ,"Baker, Donelson, Bearman, Caldwell and Berkowitz, PC PAC",Michael McCaul,2025-02-12,1000.00
BAKER DONELSON BEARMAN CALDWELL & BERKOWITZ,"Baker, Donelson, Bearman, Caldwell and Berkowitz, PC PAC",Susan Collins,2025-02-12,1000.00
BAKER DONELSON BEARMAN CALDWELL & BERKOWITZ,"Baker, Donelson, Bearman, Caldwell and Berkowitz, PC PAC",Robert Aderholt,2025-02-14,1000.00
BAKER DONELSON BEARMAN CALDWELL & BERKOWITZ,"Baker, Donelson, Bearman, Caldwell and Berkowitz, PC PAC",Maxine Dexter,2025-02-18,2500.00
BAKER DONELSON BEARMAN CALDWELL & BERKOWITZ,"Baker, Donelson, Bearman, Caldwell and Berkowitz, PC PAC",John Rutherford,2025-02-18,1000.00
BAKER DONELSON BEARMAN CALDWELL & BERKOWITZ,"Baker, Donelson, Bearman, Caldwell and Berkowitz, PC PAC",Brett Guthrie,2025-02-18,1500.00
BAKER DONELSON BEARMAN CALDWELL & BERKOWITZ,"Baker, Donelson, Bearman, Caldwell and Berkowitz, PC PAC",Cindy Hyde-Smith,2025-02-26,2500.00
BAKER DONELSON BEARMAN CALDWELL & BERKOWITZ,"Baker, Donelson, Bearman, Caldwell and Berkowitz, PC PAC",Wesley Bell,2025-02-26,2000.00
BAKER DONELSON BEARMAN CALDWELL & BERKOWITZ,"Baker, Donelson, Bearman, Caldwell and Berkowitz, PC PAC",Ruben Gallego,2025-02-26,1500.00
BAKER DONELSON BEARMAN CALDWELL & BERKOWITZ,"Baker, Donelson, Bearman, Caldwell and Berkowitz, PC PAC",Michael Simpson,2025-02-26,1000.00
BAKER DONELSON BEARMAN CALDWELL & BERKOWITZ,"Baker, Donelson, Bearman, Caldwell and Berkowitz, PC PAC",Thom Tillis,2025-02-26,1000.00
BAKER DONELSON BEARMAN CALDWELL & BERKOWITZ,"Baker, Donelson, Bearman, Caldwell and Berkowitz, PC PAC",Kirsten Gillibrand,2025-02-28,5000.00
BAKER DONELSON BEARMAN CALDWELL & BERKOWITZ,"Baker, Donelson, Bearman, Caldwell and Berkowitz, PC PAC",Ben Lujan,2025-02-28,2500.00
BAKER DONELSON BEARMAN CALDWELL & BERKOWITZ,"Baker, Donelson, Bearman, Caldwell and Berkowitz, PC PAC",Rob Wittman,2025-03-05,1000.00
BAKER DONELSON BEARMAN CALDWELL & BERKOWITZ,"Baker, Donelson, Bearman, Caldwell and Berkowitz, PC PAC",John Joyce,2025-03-05,1000.00
BAKER DONELSON BEARMAN CALDWELL & BERKOWITZ,"Baker, Donelson, Bearman, Caldwell and Berkowitz, PC PAC",John Barrasso,2025-03-05,1000.00
BAKER DONELSON BEARMAN CALDWELL & BERKOWITZ,"Baker, Donelson, Bearman, Caldwell and Berkowitz, PC PAC",Betty McCollum,2025-03-07,1000.00
BAKER DONELSON BEARMAN CALDWELL & BERKOWITZ,"Baker, Donelson, Bearman, Caldwell and Berkowitz, PC PAC",Dan Sullivan,2025-03-12,1000.00
BAKER DONELSON BEARMAN CALDWELL & BERKOWITZ,"Baker, Donelson, Bearman, Caldwell and Berkowitz, PC PAC",William (Bill) Cassidy,2025-03-12,2500.00
BAKER DONELSON BEARMAN CALDWELL & BERKOWITZ,"Baker, Donelson, Bearman, Caldwell and Berkowitz, PC PAC",Jennifer Kiggans,2025-03-12,1000.00
BAKER DONELSON BEARMAN CALDWELL & BERKOWITZ,"Baker, Donelson, Bearman, Caldwell and Berkowitz, PC PAC",Thom Tillis,2025-03-26,1500.00
BAKER DONELSON BEARMAN CALDWELL & BERKOWITZ,"Baker, Donelson, Bearman, Caldwell and Berkowitz, PC PAC",Joe Neguse,2025-03-26,1000.00
BAKER DONELSON BEARMAN CALDWELL & BERKOWITZ,"Baker, Donelson, Bearman, Caldwell and Berkowitz, PC PAC",William (Bill) Cassidy,2025-03-28,500.00
BAKER DONELSON BEARMAN CALDWELL & BERKOWITZ,"Baker, Donelson, Bearman, Caldwell and Berkowitz, PC PAC",William (Bill) Cassidy,2025-03-28,500.00
BAKER DONELSON BEARMAN CALDWELL & BERKOWITZ,"Baker, Donelson, Bearman, Caldwell and Berkowitz, PC PAC",Pat Harrigan,2025-04-02,1000.00
BAKER DONELSON BEARMAN CALDWELL & BERKOWITZ,"Baker, Donelson, Bearman, Caldwell and Berkowitz, PC PAC",Congressional Black Caucus PAC,2025-04-02,5000.00
BAKER DONELSON BEARMAN CALDWELL & BERKOWITZ,"Baker, Donelson, Bearman, Caldwell and Berkowitz, PC PAC",Diana DeGette,2025-04-02,1000.00
BAKER DONELSON BEARMAN CALDWELL & BERKOWITZ,"Baker, Donelson, Bearman, Caldwell and Berkowitz, PC PAC",John Ellzey,2025-04-02,1000.00
BAKER DONELSON BEARMAN CALDWELL & BERKOWITZ,"Baker, Donelson, Bearman, Caldwell and Berkowitz, PC PAC",Susan Collins,2025-04-11,1500.00
BAKER DONELSON BEARMAN CALDWELL & BERKOWITZ,"Baker, Donelson, Bearman, Caldwell and Berkowitz, PC PAC",Adam Smith,2025-04-11,5000.00
BAKER DONELSON BEARMAN CALDWELL & BERKOWITZ,"Baker, Donelson, Bearman, Caldwell and Berkowitz, PC PAC",Ted Cruz,2025-04-16,2500.00
BAKER DONELSON BEARMAN CALDWELL & BERKOWITZ,"Baker, Donelson, Bearman, Caldwell and Berkowitz, PC PAC",Joe Morelle,2025-04-16,2000.00
BAKER DONELSON BEARMAN CALDWELL & BERKOWITZ,"Baker, Donelson, Bearman, Caldwell and Berkowitz, PC PAC",Harold Rogers,2025-04-16,1500.00
BAKER DONELSON BEARMAN CALDWELL & BERKOWITZ,"Baker, Donelson, Bearman, Caldwell and Berkowitz, PC PAC",French Hill,2025-04-18,1000.00
BAKER DONELSON BEARMAN CALDWELL & BERKOWITZ,"Baker, Donelson, Bearman, Caldwell and Berkowitz, PC PAC",Brendan Boyle,2025-04-23,1000.00
BAKER DONELSON BEARMAN CALDWELL & BERKOWITZ,"Baker, Donelson, Bearman, Caldwell and Berkowitz, PC PAC",Cindy Hyde-Smith,2025-04-23,500.00
BAKER DONELSON BEARMAN CALDWELL & BERKOWITZ,"Baker, Donelson, Bearman, Caldwell and Berkowitz, PC PAC",Cindy Hyde-Smith,2025-04-23,1500.00
BAKER DONELSON BEARMAN CALDWELL & BERKOWITZ,"Baker, Donelson, Bearman, Caldwell and Berkowitz, PC PAC",Michael Simpson,2025-04-23,1000.00
BAKER DONELSON BEARMAN CALDWELL & BERKOWITZ,"Baker, Donelson, Bearman, Caldwell and Berkowitz, PC PAC",Lisa Murkowski,2025-04-30,1500.00
BAKER DONELSON BEARMAN CALDWELL & BERKOWITZ,"Baker, Donelson, Bearman, Caldwell and Berkowitz, PC PAC",Carol Miller,2025-04-30,1000.00
BAKER DONELSON BEARMAN CALDWELL & BERKOWITZ,"Baker, Donelson, Bearman, Caldwell and Berkowitz, PC PAC",Greg Stanton,2025-05-02,1000.00
BAKER DONELSON BEARMAN CALDWELL & BERKOWITZ,"Baker, Donelson, Bearman, Caldwell and Berkowitz, PC PAC",Mark Warner,2025-05-07,2000.00
BAKER DONELSON BEARMAN CALDWELL & BERKOWITZ,"Baker, Donelson, Bearman, Caldwell and Berkowitz, PC PAC",Terri Sewell,2025-05-14,1000.00
BAKER DONELSON BEARMAN CALDWELL & BERKOWITZ,"Baker, Donelson, Bearman, Caldwell and Berkowitz, PC PAC",John Carter,2025-05-14,2500.00
BAKER DONELSON BEARMAN CALDWELL & BERKOWITZ,"Baker, Donelson, Bearman, Caldwell and Berkowitz, PC PAC",Steny Hoyer,2025-05-28,1000.00
BAKER DONELSON BEARMAN CALDWELL & BERKOWITZ,"Baker, Donelson, Bearman, Caldwell and Berkowitz, PC PAC",Ken Calvert,2025-05-28,1000.00
BAKER DONELSON BEARMAN CALDWELL & BERKOWITZ,"Baker, Donelson, Bearman, Caldwell and Berkowitz, PC PAC",Derek Schmidt,2025-05-30,1000.00
BAKER DONELSON BEARMAN CALDWELL & BERKOWITZ,"Baker, Donelson, Bearman, Caldwell and Berkowitz, PC PAC",Julie Johnson,2025-06-04,1000.00
BAKER DONELSON BEARMAN CALDWELL & BERKOWITZ,"Baker, Donelson, Bearman, Caldwell and Berkowitz, PC PAC",Sam Graves,2025-06-06,1000.00
BAKER DONELSON BEARMAN CALDWELL & BERKOWITZ,"Baker, Donelson, Bearman, Caldwell and Berkowitz, PC PAC",Mario Diaz-Balart,2025-06-18,1000.00
BAKER DONELSON BEARMAN CALDWELL & BERKOWITZ,"Baker, Donelson, Bearman, Caldwell and Berkowitz, PC PAC",Jennifer Kiggans,2025-06-25,1000.00
BAKER DONELSON BEARMAN CALDWELL & BERKOWITZ,"Baker, Donelson, Bearman, Caldwell and Berkowitz, PC PAC",John Mannion,2025-06-27,1000.00
BAKER DONELSON BEARMAN CALDWELL & BERKOWITZ,"Baker, Donelson, Bearman, Caldwell and Berkowitz, PC PAC",Roger Marshall,2025-01-17,1000.00
BAKER DONELSON BEARMAN CALDWELL & BERKOWITZ,"Baker, Donelson, Bearman, Caldwell and Berkowitz, PC PAC",Roger Wicker,2025-01-17,1000.00
BAKER DONELSON BEARMAN CALDWELL & BERKOWITZ,"Baker, Donelson, Bearman, Caldwell and Berkowitz, PC PAC",Mariannette Miller-Meeks,2025-02-05,1000.00
BAKER DONELSON BEARMAN CALDWELL & BERKOWITZ,"Baker, Donelson, Bearman, Caldwell and Berkowitz, PC PAC",Ken Calvert,2025-02-05,1000.00
BAKER DONELSON BEARMAN CALDWELL & BERKOWITZ,"Baker, Donelson, Bearman, Caldwell and Berkowitz, PC PAC",Jim Risch,2025-02-12,500.00
BAKER DONELSON BEARMAN CALDWELL & BERKOWITZ,"Baker, Donelson, Bearman, Caldwell and Berkowitz, PC PAC",Katherine Clark,2025-02-12,2500.00
BAKER DONELSON BEARMAN CALDWELL & BERKOWITZ,"Baker, Donelson, Bearman, Caldwell and Berkowitz, PC PAC",Dan Sullivan,2025-02-12,1000.00
BAKER DONELSON BEARMAN CALDWELL & BERKOWITZ,"Baker, Donelson, Bearman, Caldwell and Berkowitz, PC PAC",Jim Risch,2025-02-12,500.00
BAKER DONELSON BEARMAN CALDWELL & BERKOWITZ,"Baker, Donelson, Bearman, Caldwell and Berkowitz, PC PAC",Michael McCaul,2025-02-12,1000.00
BAKER DONELSON BEARMAN CALDWELL & BERKOWITZ,"Baker, Donelson, Bearman, Caldwell and Berkowitz, PC PAC",Susan Collins,2025-02-12,1000.00
BAKER DONELSON BEARMAN CALDWELL & BERKOWITZ,"Baker, Donelson, Bearman, Caldwell and Berkowitz, PC PAC",Robert Aderholt,2025-02-14,1000.00
BAKER DONELSON BEARMAN CALDWELL & BERKOWITZ,"Baker, Donelson, Bearman, Caldwell and Berkowitz, PC PAC",Maxine Dexter,2025-02-18,2500.00
BAKER DONELSON BEARMAN CALDWELL & BERKOWITZ,"Baker, Donelson, Bearman, Caldwell and Berkowitz, PC PAC",John Rutherford,2025-02-18,1000.00
BAKER DONELSON BEARMAN CALDWELL & BERKOWITZ,"Baker, Donelson, Bearman, Caldwell and Berkowitz, PC PAC",Brett Guthrie,2025-02-18,1500.00
BAKER DONELSON BEARMAN CALDWELL & BERKOWITZ,"Baker, Donelson, Bearman, Caldwell and Berkowitz, PC PAC",Cindy Hyde-Smith,2025-02-26,2500.00
BAKER DONELSON BEARMAN CALDWELL & BERKOWITZ,"Baker, Donelson, Bearman, Caldwell and Berkowitz, PC PAC",Wesley Bell,2025-02-26,2000.00
BAKER DONELSON BEARMAN CALDWELL & BERKOWITZ,"Baker, Donelson, Bearman, Caldwell and Berkowitz, PC PAC",Ruben Gallego,2025-02-26,1500.00
BAKER DONELSON BEARMAN CALDWELL & BERKOWITZ,"Baker, Donelson, Bearman, Caldwell and Berkowitz, PC PAC",Michael Simpson,2025-02-26,1000.00
BAKER DONELSON BEARMAN CALDWELL & BERKOWITZ,"Baker, Donelson, Bearman, Caldwell and Berkowitz, PC PAC",Thom Tillis,2025-02-26,1000.00
BAKER DONELSON BEARMAN CALDWELL & BERKOWITZ,"Baker, Donelson, Bearman, Caldwell and Berkowitz, PC PAC",Kirsten Gillibrand,2025-02-28,5000.00
BAKER DONELSON BEARMAN CALDWELL & BERKOWITZ,"Baker, Donelson, Bearman, Caldwell and Berkowitz, PC PAC",Ben Lujan,2025-02-28,2500.00
BAKER DONELSON BEARMAN CALDWELL & BERKOWITZ,"Baker, Donelson, Bearman, Caldwell and Berkowitz, PC PAC",Rob Wittman,2025-03-05,1000.00
BAKER DONELSON BEARMAN CALDWELL & BERKOWITZ,"Baker, Donelson, Bearman, Caldwell and Berkowitz, PC PAC",John Joyce,2025-03-05,1000.00
BAKER DONELSON BEARMAN CALDWELL & BERKOWITZ,"Baker, Donelson, Bearman, Caldwell and Berkowitz, PC PAC",John Barrasso,2025-03-05,1000.00
BAKER DONELSON BEARMAN CALDWELL & BERKOWITZ,"Baker, Donelson, Bearman, Caldwell and Berkowitz, PC PAC",Betty McCollum,2025-03-07,1000.00
BAKER DONELSON BEARMAN CALDWELL & BERKOWITZ,"Baker, Donelson, Bearman, Caldwell and Berkowitz, PC PAC",Dan Sullivan,2025-03-12,1000.00
BAKER DONELSON BEARMAN CALDWELL & BERKOWITZ,"Baker, Donelson, Bearman, Caldwell and Berkowitz, PC PAC",William (Bill) Cassidy,2025-03-12,2500.00
BAKER DONELSON BEARMAN CALDWELL & BERKOWITZ,"Baker, Donelson, Bearman, Caldwell and Berkowitz, PC PAC",Jennifer Kiggans,2025-03-12,1000.00
BAKER DONELSON BEARMAN CALDWELL & BERKOWITZ,"Baker, Donelson, Bearman, Caldwell and Berkowitz, PC PAC",Thom Tillis,2025-03-26,1500.00
BAKER DONELSON BEARMAN CALDWELL & BERKOWITZ,"Baker, Donelson, Bearman, Caldwell and Berkowitz, PC PAC",Joe Neguse,2025-03-26,1000.00
BAKER DONELSON BEARMAN CALDWELL & BERKOWITZ,"Baker, Donelson, Bearman, Caldwell and Berkowitz, PC PAC",William (Bill) Cassidy,2025-03-28,500.00
BAKER DONELSON BEARMAN CALDWELL & BERKOWITZ,"Baker, Donelson, Bearman, Caldwell and Berkowitz, PC PAC",William (Bill) Cassidy,2025-03-28,500.00
BAKER DONELSON BEARMAN CALDWELL & BERKOWITZ,"Baker, Donelson, Bearman, Caldwell and Berkowitz, PC PAC",Pat Harrigan,2025-04-02,1000.00
BAKER DONELSON BEARMAN CALDWELL & BERKOWITZ,"Baker, Donelson, Bearman, Caldwell and Berkowitz, PC PAC",Congressional Black Caucus PAC,2025-04-02,5000.00
BAKER DONELSON BEARMAN CALDWELL & BERKOWITZ,"Baker, Donelson, Bearman, Caldwell and Berkowitz, PC PAC",Diana DeGette,2025-04-02,1000.00
BAKER DONELSON BEARMAN CALDWELL & BERKOWITZ,"Baker, Donelson, Bearman, Caldwell and Berkowitz, PC PAC",John Ellzey,2025-04-02,1000.00
BAKER DONELSON BEARMAN CALDWELL & BERKOWITZ,"Baker, Donelson, Bearman, Caldwell and Berkowitz, PC PAC",Susan Collins,2025-04-11,1500.00
BAKER DONELSON BEARMAN CALDWELL & BERKOWITZ,"Baker, Donelson, Bearman, Caldwell and Berkowitz, PC PAC",Adam Smith,2025-04-11,5000.00
BAKER DONELSON BEARMAN CALDWELL & BERKOWITZ,"Baker, Donelson, Bearman, Caldwell and Berkowitz, PC PAC",Ted Cruz,2025-04-16,2500.00
BAKER DONELSON BEARMAN CALDWELL & BERKOWITZ,"Baker, Donelson, Bearman, Caldwell and Berkowitz, PC PAC",Joe Morelle,2025-04-16,2000.00
BAKER DONELSON BEARMAN CALDWELL & BERKOWITZ,"Baker, Donelson, Bearman, Caldwell and Berkowitz, PC PAC",Harold Rogers,2025-04-16,1500.00
BAKER DONELSON BEARMAN CALDWELL & BERKOWITZ,"Baker, Donelson, Bearman, Caldwell and Berkowitz, PC PAC",French Hill,2025-04-18,1000.00
BAKER DONELSON BEARMAN CALDWELL & BERKOWITZ,"Baker, Donelson, Bearman, Caldwell and Berkowitz, PC PAC",Brendan Boyle,2025-04-23,1000.00
BAKER DONELSON BEARMAN CALDWELL & BERKOWITZ,"Baker, Donelson, Bearman, Caldwell and Berkowitz, PC PAC",Cindy Hyde-Smith,2025-04-23,500.00
BAKER DONELSON BEARMAN CALDWELL & BERKOWITZ,"Baker, Donelson, Bearman, Caldwell and Berkowitz, PC PAC",Cindy Hyde-Smith,2025-04-23,1500.00
BAKER DONELSON BEARMAN CALDWELL & BERKOWITZ,"Baker, Donelson, Bearman, Caldwell and Berkowitz, PC PAC",Michael Simpson,2025-04-23,1000.00
BAKER DONELSON BEARMAN CALDWELL & BERKOWITZ,"Baker, Donelson, Bearman, Caldwell and Berkowitz, PC PAC",Lisa Murkowski,2025-04-30,1500.00
BAKER DONELSON BEARMAN CALDWELL & BERKOWITZ,"Baker, Donelson, Bearman, Caldwell and Berkowitz, PC PAC",Carol Miller,2025-04-30,1000.00
BAKER DONELSON BEARMAN CALDWELL & BERKOWITZ,"Baker, Donelson, Bearman, Caldwell and Berkowitz, PC PAC",Greg Stanton,2025-05-02,1000.00
BAKER DONELSON BEARMAN CALDWELL & BERKOWITZ,"Baker, Donelson, Bearman, Caldwell and Berkowitz, PC PAC",Mark Warner,2025-05-07,2000.00
BAKER DONELSON BEARMAN CALDWELL & BERKOWITZ,"Baker, Donelson, Bearman, Caldwell and Berkowitz, PC PAC",Terri Sewell,2025-05-14,1000.00
BAKER DONELSON BEARMAN CALDWELL & BERKOWITZ,"Baker, Donelson, Bearman, Caldwell and Berkowitz, PC PAC",John Carter,2025-05-14,2500.00
BAKER DONELSON BEARMAN CALDWELL & BERKOWITZ,"Baker, Donelson, Bearman, Caldwell and Berkowitz, PC PAC",Steny Hoyer,2025-05-28,1000.00
BAKER DONELSON BEARMAN CALDWELL & BERKOWITZ,"Baker, Donelson, Bearman, Caldwell and Berkowitz, PC PAC",Ken Calvert,2025-05-28,1000.00
BAKER DONELSON BEARMAN CALDWELL & BERKOWITZ,"Baker, Donelson, Bearman, Caldwell and Berkowitz, PC PAC",Derek Schmidt,2025-05-30,1000.00
BAKER DONELSON BEARMAN CALDWELL & BERKOWITZ,"Baker, Donelson, Bearman, Caldwell and Berkowitz, PC PAC",Julie Johnson,2025-06-04,1000.00
BAKER DONELSON BEARMAN CALDWELL & BERKOWITZ,"Baker, Donelson, Bearman, Caldwell and Berkowitz, PC PAC",Sam Graves,2025-06-06,1000.00
BAKER DONELSON BEARMAN CALDWELL & BERKOWITZ,"Baker, Donelson, Bearman, Caldwell and Berkowitz, PC PAC",Mario Diaz-Balart,2025-06-18,1000.00
BAKER DONELSON BEARMAN CALDWELL & BERKOWITZ,"Baker, Donelson, Bearman, Caldwell and Berkowitz, PC PAC",Jennifer Kiggans,2025-06-25,1000.00
BAKER DONELSON BEARMAN CALDWELL & BERKOWITZ,"Baker, Donelson, Bearman, Caldwell and Berkowitz, PC PAC",John Mannion,2025-06-27,1000.00
HOGAN LOVELLS US LLP,Hogan Lovells Political Action Committee,Rep. Jared Moskowitz (D-FL),2025-02-10,1000.00
HOGAN LOVELLS US LLP,Hogan Lovells Political Action Committee,Sen. Bernie Moreno (R-OH),2025-02-18,2000.00
HOGAN LOVELLS US LLP,Hogan Lovells Political Action Committee,Republican candidates for the US House of Representatives,2025-02-18,15000.00
HOGAN LOVELLS US LLP,Hogan Lovells Political Action Committee,Democratic candidates for the US House of Representatives,2025-02-18,15000.00
HOGAN LOVELLS US LLP,Hogan Lovells Political Action Committee,Rep. Jimmy Gomez (D-CA),2025-03-05,1000.00
HOGAN LOVELLS US LLP,Hogan Lovells Political Action Committee,Senator Roger Wicker (R-MS),2025-04-08,2500.00
HOGAN LOVELLS US LLP,Hogan Lovells Political Action Committee,Senator Katie Britt (R-AL),2025-05-13,1000.00
HOGAN LOVELLS US LLP,Hogan Lovells Political Action Committee,Rep. Jim Jordan (R-OH),2025-06-06,2000.00
HOGAN LOVELLS US LLP,Hogan Lovells Political Action Committee,Amy Roma,2025-06-06,1000.00
HOGAN LOVELLS US LLP,Hogan Lovells Political Action Committee,Sen. Thom Tillis (R-NC),2025-06-11,1000.00
HOGAN LOVELLS US LLP,Hogan Lovells Political Action Committee,Super-PAC,2025-01-27,250.00
HOGAN LOVELLS US LLP,Hogan Lovells Political Action Committee,Rep. Jared Moskowitz (D-FL),2025-02-12,500.00
HOGAN LOVELLS US LLP,Hogan Lovells Political Action Committee,Herb Conaway,2025-03-26,500.00
HOGAN LOVELLS US LLP,Hogan Lovells Political Action Committee,Rep. Jimmy Gomez (D-CA),2025-03-26,2000.00
HOGAN LOVELLS US LLP,Hogan Lovells Political Action Committee,Melisa Lopez Franzen,2025-03-26,500.00
HOGAN LOVELLS US LLP,Hogan Lovells Political Action Committee,Rep. Joaquin Castro (D-TX),2025-03-31,500.00
HOGAN LOVELLS US LLP,Hogan Lovells Political Action Committee,Adelita Grijalva,2025-04-24,500.00
HOGAN LOVELLS US LLP,Hogan Lovells Political Action Committee,Sen. Jack Reed (D-RI),2025-05-06,1000.00
HOGAN LOVELLS US LLP,Hogan Lovells Political Action Committee,Leo Martinez,2025-05-25,250.00
HOGAN LOVELLS US LLP,Hogan Lovells Political Action Committee,Advancing Democracy and Mobilization PAC,2025-06-26,1000.00
HOGAN LOVELLS US LLP,Hogan Lovells Political Action Committee,Rep. Gabe Vasquez (D-NM),2025-06-27,250.00
HOGAN LOVELLS US LLP,Hogan Lovells Political Action Committee,Rep. Robert Garcia (D-CA),2025-06-27,250.00
HOGAN LOVELLS US LLP,Hogan Lovells Political Action Committee,Rep. Jared Moskowitz (D-FL),2025-02-10,1000.00
HOGAN LOVELLS US LLP,Hogan Lovells Political Action Committee,Sen. Bernie Moreno (R-OH),2025-02-18,2000.00
HOGAN LOVELLS US LLP,Hogan Lovells Political Action Committee,Republican candidates for the US House of Representatives,2025-02-18,15000.00
HOGAN LOVELLS US LLP,Hogan Lovells Political Action Committee,Democratic candidates for the US House of Representatives,2025-02-18,15000.00
HOGAN LOVELLS US LLP,Hogan Lovells Political Action Committee,Rep. Jimmy Gomez (D-CA),2025-03-05,1000.00
HOGAN LOVELLS US LLP,Hogan Lovells Political Action Committee,Senator Roger Wicker (R-MS),2025-04-08,2500.00
HOGAN LOVELLS US LLP,Hogan Lovells Political Action Committee,Senator Katie Britt (R-AL),2025-05-13,1000.00
HOGAN LOVELLS US LLP,Hogan Lovells Political Action Committee,Rep. Jim Jordan (R-OH),2025-06-06,2000.00
HOGAN LOVELLS US LLP,Hogan Lovells Political Action Committee,Amy Roma,2025-06-06,1000.00
HOGAN LOVELLS US LLP,Hogan Lovells Political Action Committee,Sen. Thom Tillis (R-NC),2025-06-11,1000.00
HOGAN LOVELLS US LLP,Hogan Lovells Political Action Committee,Super-PAC,2025-01-27,250.00
HOGAN LOVELLS US LLP,Hogan Lovells Political Action Committee,Rep. Jared Moskowitz (D-FL),2025-02-12,500.00
HOGAN LOVELLS US LLP,Hogan Lovells Political Action Committee,Herb Conaway,2025-03-26,500.00
HOGAN LOVELLS US LLP,Hogan Lovells Political Action Committee,Rep. Jimmy Gomez (D-CA),2025-03-26,2000.00
HOGAN LOVELLS US LLP,Hogan Lovells Political Action Committee,Melisa Lopez Franzen,2025-03-26,500.00
HOGAN LOVELLS US LLP,Hogan Lovells Political Action Committee,Rep. Joaquin Castro (D-TX),2025-03-31,500.00
HOGAN LOVELLS US LLP,Hogan Lovells Political Action Committee,Adelita Grijalva,2025-04-24,500.00
HOGAN LOVELLS US LLP,Hogan Lovells Political Action Committee,Sen. Jack Reed (D-RI),2025-05-06,1000.00
HOGAN LOVELLS US LLP,Hogan Lovells Political Action Committee,Leo Martinez,2025-05-25,250.00
HOGAN LOVELLS US LLP,Hogan Lovells Political Action Committee,Advancing Democracy and Mobilization PAC,2025-06-26,1000.00
HOGAN LOVELLS US LLP,Hogan Lovells Political Action Committee,Rep. Gabe Vasquez (D-NM),2025-06-27,250.00
HOGAN LOVELLS US LLP,Hogan Lovells Political Action Committee,Rep. Robert Garcia (D-CA),2025-06-27,250.00
HOGAN LOVELLS US LLP,Hogan Lovells Political Action Committee,Rep. Jared Moskowitz (D-FL),2025-02-10,1000.00
HOGAN LOVELLS US LLP,Hogan Lovells Political Action Committee,Sen. Bernie Moreno (R-OH),2025-02-18,2000.00
HOGAN LOVELLS US LLP,Hogan Lovells Political Action Committee,Republican candidates for the US House of Representatives,2025-02-18,15000.00
HOGAN LOVELLS US LLP,Hogan Lovells Political Action Committee,Democratic candidates for the US House of Representatives,2025-02-18,15000.00
HOGAN LOVELLS US LLP,Hogan Lovells Political Action Committee,Rep. Jimmy Gomez (D-CA),2025-03-05,1000.00
HOGAN LOVELLS US LLP,Hogan Lovells Political Action Committee,Senator Roger Wicker (R-MS),2025-04-08,2500.00
HOGAN LOVELLS US LLP,Hogan Lovells Political Action Committee,Senator Katie Britt (R-AL),2025-05-13,1000.00
HOGAN LOVELLS US LLP,Hogan Lovells Political Action Committee,Rep. Jim Jordan (R-OH),2025-06-06,2000.00
HOGAN LOVELLS US LLP,Hogan Lovells Political Action Committee,Amy Roma,2025-06-06,1000.00
HOGAN LOVELLS US LLP,Hogan Lovells Political Action Committee,Sen. Thom Tillis (R-NC),2025-06-11,1000.00
HOGAN LOVELLS US LLP,Hogan Lovells Political Action Committee,Super-PAC,2025-01-27,250.00
HOGAN LOVELLS US LLP,Hogan Lovells Political Action Committee,Rep. Jared Moskowitz (D-FL),2025-02-12,500.00
HOGAN LOVELLS US LLP,Hogan Lovells Political Action Committee,Herb Conaway,2025-03-26,500.00
HOGAN LOVELLS US LLP,Hogan Lovells Political Action Committee,Rep. Jimmy Gomez (D-CA),2025-03-26,2000.00
HOGAN LOVELLS US LLP,Hogan Lovells Political Action Committee,Melisa Lopez Franzen,2025-03-26,500.00
HOGAN LOVELLS US LLP,Hogan Lovells Political Action Committee,Rep. Joaquin Castro (D-TX),2025-03-31,500.00
HOGAN LOVELLS US LLP,Hogan Lovells Political Action Committee,Adelita Grijalva,2025-04-24,500.00
HOGAN LOVELLS US LLP,Hogan Lovells Political Action Committee,Sen. Jack Reed (D-RI),2025-05-06,1000.00
HOGAN LOVELLS US LLP,Hogan Lovells Political Action Committee,Leo Martinez,2025-05-25,250.00
HOGAN LOVELLS US LLP,Hogan Lovells Political Action Committee,Advancing Democracy and Mobilization PAC,2025-06-26,1000.00
HOGAN LOVELLS US LLP,Hogan Lovells Political Action Committee,Rep. Gabe Vasquez (D-NM),2025-06-27,250.00
HOGAN LOVELLS US LLP,Hogan Lovells Political Action Committee,Rep. Robert Garcia (D-CA),2025-06-27,250.00
HOGAN LOVELLS US LLP,Hogan Lovells Political Action Committee,Rep. Jared Moskowitz (D-FL),2025-02-10,1000.00
HOGAN LOVELLS US LLP,Hogan Lovells Political Action Committee,Sen. Bernie Moreno (R-OH),2025-02-18,2000.00
HOGAN LOVELLS US LLP,Hogan Lovells Political Action Committee,Republican candidates for the US House of Representatives,2025-02-18,15000.00
HOGAN LOVELLS US LLP,Hogan Lovells Political Action Committee,Democratic candidates for the US House of Representatives,2025-02-18,15000.00
HOGAN LOVELLS US LLP,Hogan Lovells Political Action Committee,Rep. Jimmy Gomez (D-CA),2025-03-05,1000.00
HOGAN LOVELLS US LLP,Hogan Lovells Political Action Committee,Senator Roger Wicker (R-MS),2025-04-08,2500.00
HOGAN LOVELLS US LLP,Hogan Lovells Political Action Committee,Senator Katie Britt (R-AL),2025-05-13,1000.00
HOGAN LOVELLS US LLP,Hogan Lovells Political Action Committee,Rep. Jim Jordan (R-OH),2025-06-06,2000.00
HOGAN LOVELLS US LLP,Hogan Lovells Political Action Committee,Amy Roma,2025-06-06,1000.00
HOGAN LOVELLS US LLP,Hogan Lovells Political Action Committee,Sen. Thom Tillis (R-NC),2025-06-11,1000.00
HOGAN LOVELLS US LLP,Hogan Lovells Political Action Committee,Super-PAC,2025-01-27,250.00
HOGAN LOVELLS US LLP,Hogan Lovells Political Action Committee,Rep. Jared Moskowitz (D-FL),2025-02-12,500.00
HOGAN LOVELLS US LLP,Hogan Lovells Political Action Committee,Herb Conaway,2025-03-26,500.00
HOGAN LOVELLS US LLP,Hogan Lovells Political Action Committee,Rep. Jimmy Gomez (D-CA),2025-03-26,2000.00
HOGAN LOVELLS US LLP,Hogan Lovells Political Action Committee,Melisa Lopez Franzen,2025-03-26,500.00
HOGAN LOVELLS US LLP,Hogan Lovells Political Action Committee,Rep. Joaquin Castro (D-TX),2025-03-31,500.00
HOGAN LOVELLS US LLP,Hogan Lovells Political Action Committee,Adelita Grijalva,2025-04-24,500.00
HOGAN LOVELLS US LLP,Hogan Lovells Political Action Committee,Sen. Jack Reed (D-RI),2025-05-06,1000.00
HOGAN LOVELLS US LLP,Hogan Lovells Political Action Committee,Leo Martinez,2025-05-25,250.00
HOGAN LOVELLS US LLP,Hogan Lovells Political Action Committee,Advancing Democracy and Mobilization PAC,2025-06-26,1000.00
HOGAN LOVELLS US LLP,Hogan Lovells Political Action Committee,Rep. Gabe Vasquez (D-NM),2025-06-27,250.00
HOGAN LOVELLS US LLP,Hogan Lovells Political Action Committee,Rep. Robert Garcia (D-CA),2025-06-27,250.00
HOGAN LOVELLS US LLP,Hogan Lovells Political Action Committee,Rep. Jared Moskowitz (D-FL),2025-02-10,1000.00
HOGAN LOVELLS US LLP,Hogan Lovells Political Action Committee,Sen. Bernie Moreno (R-OH),2025-02-18,2000.00
HOGAN LOVELLS US LLP,Hogan Lovells Political Action Committee,Republican candidates for the US House of Representatives,2025-02-18,15000.00
HOGAN LOVELLS US LLP,Hogan Lovells Political Action Committee,Democratic candidates for the US House of Representatives,2025-02-18,15000.00
HOGAN LOVELLS US LLP,Hogan Lovells Political Action Committee,Rep. Jimmy Gomez (D-CA),2025-03-05,1000.00
HOGAN LOVELLS US LLP,Hogan Lovells Political Action Committee,Senator Roger Wicker (R-MS),2025-04-08,2500.00
HOGAN LOVELLS US LLP,Hogan Lovells Political Action Committee,Senator Katie Britt (R-AL),2025-05-13,1000.00
HOGAN LOVELLS US LLP,Hogan Lovells Political Action Committee,Rep. Jim Jordan (R-OH),2025-06-06,2000.00
HOGAN LOVELLS US LLP,Hogan Lovells Political Action Committee,Amy Roma,2025-06-06,1000.00
HOGAN LOVELLS US LLP,Hogan Lovells Political Action Committee,Sen. Thom Tillis (R-NC),2025-06-11,1000.00
HOGAN LOVELLS US LLP,Hogan Lovells Political Action Committee,Super-PAC,2025-01-27,250.00
HOGAN LOVELLS US LLP,Hogan Lovells Political Action Committee,Rep. Jared Moskowitz (D-FL),2025-02-12,500.00
HOGAN LOVELLS US LLP,Hogan Lovells Political Action Committee,Herb Conaway,2025-03-26,500.00
HOGAN LOVELLS US LLP,Hogan Lovells Political Action Committee,Rep. Jimmy Gomez (D-CA),2025-03-26,2000.00
HOGAN LOVELLS US LLP,Hogan Lovells Political Action Committee,Melisa Lopez Franzen,2025-03-26,500.00
HOGAN LOVELLS US LLP,Hogan Lovells Political Action Committee,Rep. Joaquin Castro (D-TX),2025-03-31,500.00
HOGAN LOVELLS US LLP,Hogan Lovells Political Action Committee,Adelita Grijalva,2025-04-24,500.00
HOGAN LOVELLS US LLP,Hogan Lovells Political Action Committee,Sen. Jack Reed (D-RI),2025-05-06,1000.00
HOGAN LOVELLS US LLP,Hogan Lovells Political Action Committee,Leo Martinez,2025-05-25,250.00
HOGAN LOVELLS US LLP,Hogan Lovells Political Action Committee,Advancing Democracy and Mobilization PAC,2025-06-26,1000.00
HOGAN LOVELLS US LLP,Hogan Lovells Political Action Committee,Rep. Gabe Vasquez (D-NM),2025-06-27,250.00
HOGAN LOVELLS US LLP,Hogan Lovells Political Action Committee,Rep. Robert Garcia (D-CA),2025-06-27,250.00
HOGAN LOVELLS US LLP,Hogan Lovells Political Action Committee,Rep. Jared Moskowitz (D-FL),2025-02-10,1000.00
HOGAN LOVELLS US LLP,Hogan Lovells Political Action Committee,Sen. Bernie Moreno (R-OH),2025-02-18,2000.00
HOGAN LOVELLS US LLP,Hogan Lovells Political Action Committee,Republican candidates for the US House of Representatives,2025-02-18,15000.00
HOGAN LOVELLS US LLP,Hogan Lovells Political Action Committee,Democratic candidates for the US House of Representatives,2025-02-18,15000.00
HOGAN LOVELLS US LLP,Hogan Lovells Political Action Committee,Rep. Jimmy Gomez (D-CA),2025-03-05,1000.00
HOGAN LOVELLS US LLP,Hogan Lovells Political Action Committee,Senator Roger Wicker (R-MS),2025-04-08,2500.00
HOGAN LOVELLS US LLP,Hogan Lovells Political Action Committee,Senator Katie Britt (R-AL),2025-05-13,1000.00
HOGAN LOVELLS US LLP,Hogan Lovells Political Action Committee,Rep. Jim Jordan (R-OH),2025-06-06,2000.00
HOGAN LOVELLS US LLP,Hogan Lovells Political Action Committee,Amy Roma,2025-06-06,1000.00
HOGAN LOVELLS US LLP,Hogan Lovells Political Action Committee,Sen. Thom Tillis (R-NC),2025-06-11,1000.00
HOGAN LOVELLS US LLP,Hogan Lovells Political Action Committee,Super-PAC,2025-01-27,250.00
HOGAN LOVELLS US LLP,Hogan Lovells Political Action Committee,Rep. Jared Moskowitz (D-FL),2025-02-12,500.00
HOGAN LOVELLS US LLP,Hogan Lovells Political Action Committee,Herb Conaway,2025-03-26,500.00
HOGAN LOVELLS US LLP,Hogan Lovells Political Action Committee,Rep. Jimmy Gomez (D-CA),2025-03-26,2000.00
HOGAN LOVELLS US LLP,Hogan Lovells Political Action Committee,Melisa Lopez Franzen,2025-03-26,500.00
HOGAN LOVELLS US LLP,Hogan Lovells Political Action Committee,Rep. Joaquin Castro (D-TX),2025-03-31,500.00
HOGAN LOVELLS US LLP,Hogan Lovells Political Action Committee,Adelita Grijalva,2025-04-24,500.00
HOGAN LOVELLS US LLP,Hogan Lovells Political Action Committee,Sen. Jack Reed (D-RI),2025-05-06,1000.00
HOGAN LOVELLS US LLP,Hogan Lovells Political Action Committee,Leo Martinez,2025-05-25,250.00
HOGAN LOVELLS US LLP,Hogan Lovells Political Action Committee,Advancing Democracy and Mobilization PAC,2025-06-26,1000.00
HOGAN LOVELLS US LLP,Hogan Lovells Political Action Committee,Rep. Gabe Vasquez (D-NM),2025-06-27,250.00
HOGAN LOVELLS US LLP,Hogan Lovells Political Action Committee,Rep. Robert Garcia (D-CA),2025-06-27,250.00
HOGAN LOVELLS US LLP,Hogan Lovells Political Action Committee,Rep. Jared Moskowitz (D-FL),2025-02-10,1000.00
HOGAN LOVELLS US LLP,Hogan Lovells Political Action Committee,Sen. Bernie Moreno (R-OH),2025-02-18,2000.00
HOGAN LOVELLS US LLP,Hogan Lovells Political Action Committee,Republican candidates for the US House of Representatives,2025-02-18,15000.00
HOGAN LOVELLS US LLP,Hogan Lovells Political Action Committee,Democratic candidates for the US House of Representatives,2025-02-18,15000.00
HOGAN LOVELLS US LLP,Hogan Lovells Political Action Committee,Rep. Jimmy Gomez (D-CA),2025-03-05,1000.00
HOGAN LOVELLS US LLP,Hogan Lovells Political Action Committee,Senator Roger Wicker (R-MS),2025-04-08,2500.00
HOGAN LOVELLS US LLP,Hogan Lovells Political Action Committee,Senator Katie Britt (R-AL),2025-05-13,1000.00
HOGAN LOVELLS US LLP,Hogan Lovells Political Action Committee,Rep. Jim Jordan (R-OH),2025-06-06,2000.00
HOGAN LOVELLS US LLP,Hogan Lovells Political Action Committee,Amy Roma,2025-06-06,1000.00
HOGAN LOVELLS US LLP,Hogan Lovells Political Action Committee,Sen. Thom Tillis (R-NC),2025-06-11,1000.00
HOGAN LOVELLS US LLP,Hogan Lovells Political Action Committee,Super-PAC,2025-01-27,250.00
HOGAN LOVELLS US LLP,Hogan Lovells Political Action Committee,Rep. Jared Moskowitz (D-FL),2025-02-12,500.00
HOGAN LOVELLS US LLP,Hogan Lovells Political Action Committee,Herb Conaway,2025-03-26,500.00
HOGAN LOVELLS US LLP,Hogan Lovells Political Action Committee,Rep. Jimmy Gomez (D-CA),2025-03-26,2000.00
HOGAN LOVELLS US LLP,Hogan Lovells Political Action Committee,Melisa Lopez Franzen,2025-03-26,500.00
HOGAN LOVELLS US LLP,Hogan Lovells Political Action Committee,Rep. Joaquin Castro (D-TX),2025-03-31,500.00
HOGAN LOVELLS US LLP,Hogan Lovells Political Action Committee,Adelita Grijalva,2025-04-24,500.00
HOGAN LOVELLS US LLP,Hogan Lovells Political Action Committee,Sen. Jack Reed (D-RI),2025-05-06,1000.00
HOGAN LOVELLS US LLP,Hogan Lovells Political Action Committee,Leo Martinez,2025-05-25,250.00
HOGAN LOVELLS US LLP,Hogan Lovells Political Action Committee,Advancing Democracy and Mobilization PAC,2025-06-26,1000.00
HOGAN LOVELLS US LLP,Hogan Lovells Political Action Committee,Rep. Gabe Vasquez (D-NM),2025-06-27,250.00
HOGAN LOVELLS US LLP,Hogan Lovells Political Action Committee,Rep. Robert Garcia (D-CA),2025-06-27,250.00
HOGAN LOVELLS US LLP,Hogan Lovells Political Action Committee,Rep. Jared Moskowitz (D-FL),2025-02-10,1000.00
HOGAN LOVELLS US LLP,Hogan Lovells Political Action Committee,Sen. Bernie Moreno (R-OH),2025-02-18,2000.00
HOGAN LOVELLS US LLP,Hogan Lovells Political Action Committee,Republican candidates for the US House of Representatives,2025-02-18,15000.00
HOGAN LOVELLS US LLP,Hogan Lovells Political Action Committee,Democratic candidates for the US House of Representatives,2025-02-18,15000.00
HOGAN LOVELLS US LLP,Hogan Lovells Political Action Committee,Rep. Jimmy Gomez (D-CA),2025-03-05,1000.00
HOGAN LOVELLS US LLP,Hogan Lovells Political Action Committee,Senator Roger Wicker (R-MS),2025-04-08,2500.00
HOGAN LOVELLS US LLP,Hogan Lovells Political Action Committee,Senator Katie Britt (R-AL),2025-05-13,1000.00
HOGAN LOVELLS US LLP,Hogan Lovells Political Action Committee,Rep. Jim Jordan (R-OH),2025-06-06,2000.00
HOGAN LOVELLS US LLP,Hogan Lovells Political Action Committee,Amy Roma,2025-06-06,1000.00
HOGAN LOVELLS US LLP,Hogan Lovells Political Action Committee,Sen. Thom Tillis (R-NC),2025-06-11,1000.00
HOGAN LOVELLS US LLP,Hogan Lovells Political Action Committee,Super-PAC,2025-01-27,250.00
HOGAN LOVELLS US LLP,Hogan Lovells Political Action Committee,Rep. Jared Moskowitz (D-FL),2025-02-12,500.00
HOGAN LOVELLS US LLP,Hogan Lovells Political Action Committee,Herb Conaway,2025-03-26,500.00
HOGAN LOVELLS US LLP,Hogan Lovells Political Action Committee,Rep. Jimmy Gomez (D-CA),2025-03-26,2000.00
HOGAN LOVELLS US LLP,Hogan Lovells Political Action Committee,Melisa Lopez Franzen,2025-03-26,500.00
HOGAN LOVELLS US LLP,Hogan Lovells Political Action Committee,Rep. Joaquin Castro (D-TX),2025-03-31,500.00
HOGAN LOVELLS US LLP,Hogan Lovells Political Action Committee,Adelita Grijalva,2025-04-24,500.00
HOGAN LOVELLS US LLP,Hogan Lovells Political Action Committee,Sen. Jack Reed (D-RI),2025-05-06,1000.00
HOGAN LOVELLS US LLP,Hogan Lovells Political Action Committee,Leo Martinez,2025-05-25,250.00
HOGAN LOVELLS US LLP,Hogan Lovells Political Action Committee,Advancing Democracy and Mobilization PAC,2025-06-26,1000.00
HOGAN LOVELLS US LLP,Hogan Lovells Political Action Committee,Rep. Gabe Vasquez (D-NM),2025-06-27,250.00
HOGAN LOVELLS US LLP,Hogan Lovells Political Action Committee,Rep. Robert Garcia (D-CA),2025-06-27,250.00
HOGAN LOVELLS US LLP,Hogan Lovells Political Action Committee,Rep. Jared Moskowitz (D-FL),2025-02-10,1000.00
HOGAN LOVELLS US LLP,Hogan Lovells Political Action Committee,Sen. Bernie Moreno (R-OH),2025-02-18,2000.00
HOGAN LOVELLS US LLP,Hogan Lovells Political Action Committee,Republican candidates for the US House of Representatives,2025-02-18,15000.00
HOGAN LOVELLS US LLP,Hogan Lovells Political Action Committee,Democratic candidates for the US House of Representatives,2025-02-18,15000.00
HOGAN LOVELLS US LLP,Hogan Lovells Political Action Committee,Rep. Jimmy Gomez (D-CA),2025-03-05,1000.00
HOGAN LOVELLS US LLP,Hogan Lovells Political Action Committee,Senator Roger Wicker (R-MS),2025-04-08,2500.00
HOGAN LOVELLS US LLP,Hogan Lovells Political Action Committee,Senator Katie Britt (R-AL),2025-05-13,1000.00
HOGAN LOVELLS US LLP,Hogan Lovells Political Action Committee,Rep. Jim Jordan (R-OH),2025-06-06,2000.00
HOGAN LOVELLS US LLP,Hogan Lovells Political Action Committee,Amy Roma,2025-06-06,1000.00
HOGAN LOVELLS US LLP,Hogan Lovells Political Action Committee,Sen. Thom Tillis (R-NC),2025-06-11,1000.00
HOGAN LOVELLS US LLP,Hogan Lovells Political Action Committee,Super-PAC,2025-01-27,250.00
HOGAN LOVELLS US LLP,Hogan Lovells Political Action Committee,Rep. Jared Moskowitz (D-FL),2025-02-12,500.00
HOGAN LOVELLS US LLP,Hogan Lovells Political Action Committee,Herb Conaway,2025-03-26,500.00
HOGAN LOVELLS US LLP,Hogan Lovells Political Action Committee,Rep. Jimmy Gomez (D-CA),2025-03-26,2000.00
HOGAN LOVELLS US LLP,Hogan Lovells Political Action Committee,Melisa Lopez Franzen,2025-03-26,500.00
HOGAN LOVELLS US LLP,Hogan Lovells Political Action Committee,Rep. Joaquin Castro (D-TX),2025-03-31,500.00
HOGAN LOVELLS US LLP,Hogan Lovells Political Action Committee,Adelita Grijalva,2025-04-24,500.00
HOGAN LOVELLS US LLP,Hogan Lovells Political Action Committee,Sen. Jack Reed (D-RI),2025-05-06,1000.00
HOGAN LOVELLS US LLP,Hogan Lovells Political Action Committee,Leo Martinez,2025-05-25,250.00
HOGAN LOVELLS US LLP,Hogan Lovells Political Action Committee,Advancing Democracy and Mobilization PAC,2025-06-26,1000.00
HOGAN LOVELLS US LLP,Hogan Lovells Political Action Committee,Rep. Gabe Vasquez (D-NM),2025-06-27,250.00
HOGAN LOVELLS US LLP,Hogan Lovells Political Action Committee,Rep. Robert Garcia (D-CA),2025-06-27,250.00
GAP INC.,GAP INC. GOOD GOVERNMENT FUND,Rep. Jason Smith,2025-06-26,2500.00
GAP INC.,GAP INC. GOOD GOVERNMENT FUND,Rep. Hakeem Jeffries,2025-05-21,1500.00
GAP INC.,GAP INC. GOOD GOVERNMENT FUND,Rep. Mike Carey,2025-05-21,5000.00
GAP INC.,GAP INC. GOOD GOVERNMENT FUND,Rep. Suzan Delbene,2025-05-06,1000.00
GAP INC.,GAP INC. GOOD GOVERNMENT FUND,Rep. Jim Costa,2025-04-18,2000.00
GAP INC.,GAP INC. GOOD GOVERNMENT FUND,Rep. Michael Johnson,2025-04-04,2500.00
GAP INC.,GAP INC. GOOD GOVERNMENT FUND,Rep. Blake Moore,2025-02-26,2500.00
GAP INC.,GAP INC. GOOD GOVERNMENT FUND,Rep. Bradley Schneider,2025-02-19,2500.00
GAP INC.,GAP INC. GOOD GOVERNMENT FUND,Rep. Jimmy Panetta,2025-02-19,5000.00
GAP INC.,GAP INC. GOOD GOVERNMENT FUND,Rep. Suzan Delbene,2025-02-19,2500.00
GAP INC.,GAP INC. GOOD GOVERNMENT FUND,BRIDGE THE GAP PAC,2025-02-19,2500.00
GAP INC.,GAP INC. GOOD GOVERNMENT FUND,WITH HONOR PAC,2025-02-14,5000.00
GAP INC.,GAP INC. GOOD GOVERNMENT FUND,REPUBLICAN GOVERNANCE GROUP/TUESDAY GROUP PAC,2025-02-14,5000.00
GAP INC.,GAP INC. GOOD GOVERNMENT FUND,NEW DEMOCRAT COALITION ACTION FUND,2025-02-14,5000.00
GAP INC.,GAP INC. GOOD GOVERNMENT FUND,MAVERICK PAC USA,2025-02-14,5000.00
GAP INC.,GAP INC. GOOD GOVERNMENT FUND,HISPANIC LEADERSHIP TRUST,2025-02-14,5000.00
GAP INC.,GAP INC. GOOD GOVERNMENT FUND,CONGRESSIONAL BLACK CAUCUS PAC,2025-02-14,5000.00
GAP INC.,GAP INC. GOOD GOVERNMENT FUND,CHC BOLD PAC,2025-02-14,5000.00
GAP INC.,GAP INC. GOOD GOVERNMENT FUND,BLUE DOG POLITICAL ACTION COMMITTEE,2025-02-14,5000.00
GAP INC.,GAP INC. GOOD GOVERNMENT FUND,Sen. Bernie Moreno,2025-01-24,1000.00
GAP INC.,GAP INC. GOOD GOVERNMENT FUND,Rep. Jason Smith,2025-06-26,2500.00
GAP INC.,GAP INC. GOOD GOVERNMENT FUND,Rep. Hakeem Jeffries,2025-05-21,1500.00
GAP INC.,GAP INC. GOOD GOVERNMENT FUND,Rep. Mike Carey,2025-05-21,5000.00
GAP INC.,GAP INC. GOOD GOVERNMENT FUND,Rep. Suzan Delbene,2025-05-06,1000.00
GAP INC.,GAP INC. GOOD GOVERNMENT FUND,Rep. Jim Costa,2025-04-18,2000.00
GAP INC.,GAP INC. GOOD GOVERNMENT FUND,Rep. Michael Johnson,2025-04-04,2500.00
GAP INC.,GAP INC. GOOD GOVERNMENT FUND,Rep. Blake Moore,2025-02-26,2500.00
GAP INC.,GAP INC. GOOD GOVERNMENT FUND,Rep. Bradley Schneider,2025-02-19,2500.00
GAP INC.,GAP INC. GOOD GOVERNMENT FUND,Rep. Jimmy Panetta,2025-02-19,5000.00
GAP INC.,GAP INC. GOOD GOVERNMENT FUND,Rep. Suzan Delbene,2025-02-19,2500.00
GAP INC.,GAP INC. GOOD GOVERNMENT FUND,BRIDGE THE GAP PAC,2025-02-19,2500.00
GAP INC.,GAP INC. GOOD GOVERNMENT FUND,WITH HONOR PAC,2025-02-14,5000.00
GAP INC.,GAP INC. GOOD GOVERNMENT FUND,REPUBLICAN GOVERNANCE GROUP/TUESDAY GROUP PAC,2025-02-14,5000.00
GAP INC.,GAP INC. GOOD GOVERNMENT FUND,NEW DEMOCRAT COALITION ACTION FUND,2025-02-14,5000.00
GAP INC.,GAP INC. GOOD GOVERNMENT FUND,MAVERICK PAC USA,2025-02-14,5000.00
GAP INC.,GAP INC. GOOD GOVERNMENT FUND,HISPANIC LEADERSHIP TRUST,2025-02-14,5000.00
GAP INC.,GAP INC. GOOD GOVERNMENT FUND,CONGRESSIONAL BLACK CAUCUS PAC,2025-02-14,5000.00
GAP INC.,GAP INC. GOOD GOVERNMENT FUND,CHC BOLD PAC,2025-02-14,5000.00
GAP INC.,GAP INC. GOOD GOVERNMENT FUND,BLUE DOG POLITICAL ACTION COMMITTEE,2025-02-14,5000.00
GAP INC.,GAP INC. GOOD GOVERNMENT FUND,Sen. Bernie Moreno,2025-01-24,1000.00
GAP INC.,GAP INC. GOOD GOVERNMENT FUND,Rep. Jason Smith,2025-06-26,2500.00
GAP INC.,GAP INC. GOOD GOVERNMENT FUND,Rep. Hakeem Jeffries,2025-05-21,1500.00
GAP INC.,GAP INC. GOOD GOVERNMENT FUND,Rep. Mike Carey,2025-05-21,5000.00
GAP INC.,GAP INC. GOOD GOVERNMENT FUND,Rep. Suzan Delbene,2025-05-06,1000.00
GAP INC.,GAP INC. GOOD GOVERNMENT FUND,Rep. Jim Costa,2025-04-18,2000.00
GAP INC.,GAP INC. GOOD GOVERNMENT FUND,Rep. Michael Johnson,2025-04-04,2500.00
GAP INC.,GAP INC. GOOD GOVERNMENT FUND,Rep. Blake Moore,2025-02-26,2500.00
GAP INC.,GAP INC. GOOD GOVERNMENT FUND,Rep. Bradley Schneider,2025-02-19,2500.00
GAP INC.,GAP INC. GOOD GOVERNMENT FUND,Rep. Jimmy Panetta,2025-02-19,5000.00
GAP INC.,GAP INC. GOOD GOVERNMENT FUND,Rep. Suzan Delbene,2025-02-19,2500.00
GAP INC.,GAP INC. GOOD GOVERNMENT FUND,BRIDGE THE GAP PAC,2025-02-19,2500.00
GAP INC.,GAP INC. GOOD GOVERNMENT FUND,WITH HONOR PAC,2025-02-14,5000.00
GAP INC.,GAP INC. GOOD GOVERNMENT FUND,REPUBLICAN GOVERNANCE GROUP/TUESDAY GROUP PAC,2025-02-14,5000.00
GAP INC.,GAP INC. GOOD GOVERNMENT FUND,NEW DEMOCRAT COALITION ACTION FUND,2025-02-14,5000.00
GAP INC.,GAP INC. GOOD GOVERNMENT FUND,MAVERICK PAC USA,2025-02-14,5000.00
GAP INC.,GAP INC. GOOD GOVERNMENT FUND,HISPANIC LEADERSHIP TRUST,2025-02-14,5000.00
GAP INC.,GAP INC. GOOD GOVERNMENT FUND,CONGRESSIONAL BLACK CAUCUS PAC,2025-02-14,5000.00
GAP INC.,GAP INC. GOOD GOVERNMENT FUND,CHC BOLD PAC,2025-02-14,5000.00
GAP INC.,GAP INC. GOOD GOVERNMENT FUND,BLUE DOG POLITICAL ACTION COMMITTEE,2025-02-14,5000.00
GAP INC.,GAP INC. GOOD GOVERNMENT FUND,Sen. Bernie Moreno,2025-01-24,1000.00
"INDEPENDENCE BLUE CROSS, LLC",Independence Blue Cross LLC PAC,Rep. Madeline Dean,2025-05-06,1000.00
"INDEPENDENCE BLUE CROSS, LLC",Independence Blue Cross LLC PAC,Rep. Rob Bresnahan,2025-05-08,2500.00
"INDEPENDENCE BLUE CROSS, LLC",Independence Blue Cross LLC PAC,Rep. Jay Obernottle,2025-01-23,1000.00
"INDEPENDENCE BLUE CROSS, LLC",Independence Blue Cross LLC PAC,Rep. Herb Conaway,2025-06-30,1000.00
"INDEPENDENCE BLUE CROSS, LLC",Independence Blue Cross LLC PAC,Sen. Thom Tillis,2025-06-26,2500.00
"INDEPENDENCE BLUE CROSS, LLC",Independence Blue Cross LLC PAC,Rep. Donald Norcross,2025-06-10,2500.00
"INDEPENDENCE BLUE CROSS, LLC",Independence Blue Cross LLC PAC,Rep. Mike Bost,2025-04-22,2500.00
"INDEPENDENCE BLUE CROSS, LLC",Independence Blue Cross LLC PAC,Rep. Josh Gottheimer,2025-02-27,1000.00
"INDEPENDENCE BLUE CROSS, LLC",Independence Blue Cross LLC PAC,Rep. Lloyd Smucker,2025-03-27,2500.00
"INDEPENDENCE BLUE CROSS, LLC",Independence Blue Cross LLC PAC,Rep. Brett Guthrie,2025-02-18,1500.00
"INDEPENDENCE BLUE CROSS, LLC",Independence Blue Cross LLC PAC,Sen. Lisa Murkowski,2025-05-19,2500.00
"INDEPENDENCE BLUE CROSS, LLC",Independence Blue Cross LLC PAC,Rep. Josh Gottheimer,2025-03-11,1500.00
"INDEPENDENCE BLUE CROSS, LLC",Independence Blue Cross LLC PAC,Rep. Ryan Mackenzie,2025-05-06,2500.00
"INDEPENDENCE BLUE CROSS, LLC",Independence Blue Cross LLC PAC,Rep. Mary Gay Scanlon,2025-04-28,1000.00
"INDEPENDENCE BLUE CROSS, LLC",Independence Blue Cross LLC PAC,Rep. Brian Fitzpatrick,2025-05-19,2500.00
"INDEPENDENCE BLUE CROSS, LLC",Independence Blue Cross LLC PAC,Rep. Erin Houchin,2025-04-17,1000.00
"INDEPENDENCE BLUE CROSS, LLC",Independence Blue Cross LLC PAC,Rep. Cliff Bentz,2025-02-27,1000.00
"INDEPENDENCE BLUE CROSS, LLC",Independence Blue Cross LLC PAC,Rep. Mikie Sherrill,2025-05-19,1000.00
"INDEPENDENCE BLUE CROSS, LLC",Independence Blue Cross LLC PAC,Rep. Kevin Mullin,2025-02-27,1000.00
"INDEPENDENCE BLUE CROSS, LLC",Independence Blue Cross LLC PAC,Sen. Susan Collins,2025-02-20,1000.00
"INDEPENDENCE BLUE CROSS, LLC",Independence Blue Cross LLC PAC,Rep. Dwight Evans,2025-04-01,1000.00
"INDEPENDENCE BLUE CROSS, LLC",Independence Blue Cross LLC PAC,Rep. Brian Fitzpatrick,2025-04-01,1000.00
"INDEPENDENCE BLUE CROSS, LLC",Independence Blue Cross LLC PAC,Rep. John Joyce,2025-04-22,2500.00
"INDEPENDENCE BLUE CROSS, LLC",Independence Blue Cross LLC PAC,Rep. Stephen Horsford,2025-04-22,1000.00
"INDEPENDENCE BLUE CROSS, LLC",Independence Blue Cross LLC PAC,Democratic Congressional Campaign Committee (DCCC),2025-04-22,2500.00
"INDEPENDENCE BLUE CROSS, LLC",Independence Blue Cross LLC PAC,Rep. Rob Menendez,2025-05-19,1000.00
"INDEPENDENCE BLUE CROSS, LLC",Independence Blue Cross LLC PAC,Rep. Mike Kennedy,2025-06-10,1000.00
"INDEPENDENCE BLUE CROSS, LLC",Independence Blue Cross LLC PAC,Sen. Dave McCormick,2025-06-10,4000.00
"INDEPENDENCE BLUE CROSS, LLC",Independence Blue Cross LLC PAC,Rep. Tom Suozzi,2025-03-27,2500.00
"INDEPENDENCE BLUE CROSS, LLC",Independence Blue Cross LLC PAC,Rep. Kim Schrier,2025-04-10,1500.00
"INDEPENDENCE BLUE CROSS, LLC",Independence Blue Cross LLC PAC,Rep. Tom Emmer,2025-02-13,1000.00
"INDEPENDENCE BLUE CROSS, LLC",Independence Blue Cross LLC PAC,Rep. Guy Reschenthaler,2025-04-17,1000.00
"INDEPENDENCE BLUE CROSS, LLC",Independence Blue Cross LLC PAC,Rep. Chrissy Houlahan,2025-04-17,1000.00
"INDEPENDENCE BLUE CROSS, LLC",Independence Blue Cross LLC PAC,VOTEVETS,2025-03-06,2500.00
"INDEPENDENCE BLUE CROSS, LLC",Independence Blue Cross LLC PAC,Sen. John Thune,2025-02-27,1000.00
"INDEPENDENCE BLUE CROSS, LLC",Independence Blue Cross LLC PAC,Sen. Thom Tillis,2025-02-17,2500.00
"INDEPENDENCE BLUE CROSS, LLC",Independence Blue Cross LLC PAC,Rep. Madeline Dean,2025-05-06,1000.00
"INDEPENDENCE BLUE CROSS, LLC",Independence Blue Cross LLC PAC,Rep. Rob Bresnahan,2025-05-08,2500.00
"INDEPENDENCE BLUE CROSS, LLC",Independence Blue Cross LLC PAC,Rep. Jay Obernottle,2025-01-23,1000.00
"INDEPENDENCE BLUE CROSS, LLC",Independence Blue Cross LLC PAC,Rep. Herb Conaway,2025-06-30,1000.00
"INDEPENDENCE BLUE CROSS, LLC",Independence Blue Cross LLC PAC,Sen. Thom Tillis,2025-06-26,2500.00
"INDEPENDENCE BLUE CROSS, LLC",Independence Blue Cross LLC PAC,Rep. Donald Norcross,2025-06-10,2500.00
"INDEPENDENCE BLUE CROSS, LLC",Independence Blue Cross LLC PAC,Rep. Mike Bost,2025-04-22,2500.00
"INDEPENDENCE BLUE CROSS, LLC",Independence Blue Cross LLC PAC,Rep. Josh Gottheimer,2025-02-27,1000.00
"INDEPENDENCE BLUE CROSS, LLC",Independence Blue Cross LLC PAC,Rep. Lloyd Smucker,2025-03-27,2500.00
"INDEPENDENCE BLUE CROSS, LLC",Independence Blue Cross LLC PAC,Rep. Brett Guthrie,2025-02-18,1500.00
"INDEPENDENCE BLUE CROSS, LLC",Independence Blue Cross LLC PAC,Sen. Lisa Murkowski,2025-05-19,2500.00
"INDEPENDENCE BLUE CROSS, LLC",Independence Blue Cross LLC PAC,Rep. Josh Gottheimer,2025-03-11,1500.00
"INDEPENDENCE BLUE CROSS, LLC",Independence Blue Cross LLC PAC,Rep. Ryan Mackenzie,2025-05-06,2500.00
"INDEPENDENCE BLUE CROSS, LLC",Independence Blue Cross LLC PAC,Rep. Mary Gay Scanlon,2025-04-28,1000.00
"INDEPENDENCE BLUE CROSS, LLC",Independence Blue Cross LLC PAC,Rep. Brian Fitzpatrick,2025-05-19,2500.00
"INDEPENDENCE BLUE CROSS, LLC",Independence Blue Cross LLC PAC,Rep. Erin Houchin,2025-04-17,1000.00
"INDEPENDENCE BLUE CROSS, LLC",Independence Blue Cross LLC PAC,Rep. Cliff Bentz,2025-02-27,1000.00
"INDEPENDENCE BLUE CROSS, LLC",Independence Blue Cross LLC PAC,Rep. Mikie Sherrill,2025-05-19,1000.00
"INDEPENDENCE BLUE CROSS, LLC",Independence Blue Cross LLC PAC,Rep. Kevin Mullin,2025-02-27,1000.00
"INDEPENDENCE BLUE CROSS, LLC",Independence Blue Cross LLC PAC,Sen. Susan Collins,2025-02-20,1000.00
"INDEPENDENCE BLUE CROSS, LLC",Independence Blue Cross LLC PAC,Rep. Dwight Evans,2025-04-01,1000.00
"INDEPENDENCE BLUE CROSS, LLC",Independence Blue Cross LLC PAC,Rep. Brian Fitzpatrick,2025-04-01,1000.00
"INDEPENDENCE BLUE CROSS, LLC",Independence Blue Cross LLC PAC,Rep. John Joyce,2025-04-22,2500.00
"INDEPENDENCE BLUE CROSS, LLC",Independence Blue Cross LLC PAC,Rep. Stephen Horsford,2025-04-22,1000.00
"INDEPENDENCE BLUE CROSS, LLC",Independence Blue Cross LLC PAC,Democratic Congressional Campaign Committee (DCCC),2025-04-22,2500.00
"INDEPENDENCE BLUE CROSS, LLC",Independence Blue Cross LLC PAC,Rep. Rob Menendez,2025-05-19,1000.00
"INDEPENDENCE BLUE CROSS, LLC",Independence Blue Cross LLC PAC,Rep. Mike Kennedy,2025-06-10,1000.00
"INDEPENDENCE BLUE CROSS, LLC",Independence Blue Cross LLC PAC,Sen. Dave McCormick,2025-06-10,4000.00
"INDEPENDENCE BLUE CROSS, LLC",Independence Blue Cross LLC PAC,Rep. Tom Suozzi,2025-03-27,2500.00
"INDEPENDENCE BLUE CROSS, LLC",Independence Blue Cross LLC PAC,Rep. Kim Schrier,2025-04-10,1500.00
"INDEPENDENCE BLUE CROSS, LLC",Independence Blue Cross LLC PAC,Rep. Tom Emmer,2025-02-13,1000.00
"INDEPENDENCE BLUE CROSS, LLC",Independence Blue Cross LLC PAC,Rep. Guy Reschenthaler,2025-04-17,1000.00
"INDEPENDENCE BLUE CROSS, LLC",Independence Blue Cross LLC PAC,Rep. Chrissy Houlahan,2025-04-17,1000.00
"INDEPENDENCE BLUE CROSS, LLC",Independence Blue Cross LLC PAC,VOTEVETS,2025-03-06,2500.00
"INDEPENDENCE BLUE CROSS, LLC",Independence Blue Cross LLC PAC,Sen. John Thune,2025-02-27,1000.00
"INDEPENDENCE BLUE CROSS, LLC",Independence Blue Cross LLC PAC,Sen. Thom Tillis,2025-02-17,2500.00
"INDEPENDENCE BLUE CROSS, LLC",Independence Blue Cross LLC PAC,Rep. Madeline Dean,2025-05-06,1000.00
"INDEPENDENCE BLUE CROSS, LLC",Independence Blue Cross LLC PAC,Rep. Rob Bresnahan,2025-05-08,2500.00
"INDEPENDENCE BLUE CROSS, LLC",Independence Blue Cross LLC PAC,Rep. Jay Obernottle,2025-01-23,1000.00
"INDEPENDENCE BLUE CROSS, LLC",Independence Blue Cross LLC PAC,Rep. Herb Conaway,2025-06-30,1000.00
"INDEPENDENCE BLUE CROSS, LLC",Independence Blue Cross LLC PAC,Sen. Thom Tillis,2025-06-26,2500.00
"INDEPENDENCE BLUE CROSS, LLC",Independence Blue Cross LLC PAC,Rep. Donald Norcross,2025-06-10,2500.00
"INDEPENDENCE BLUE CROSS, LLC",Independence Blue Cross LLC PAC,Rep. Mike Bost,2025-04-22,2500.00
"INDEPENDENCE BLUE CROSS, LLC",Independence Blue Cross LLC PAC,Rep. Josh Gottheimer,2025-02-27,1000.00
"INDEPENDENCE BLUE CROSS, LLC",Independence Blue Cross LLC PAC,Rep. Lloyd Smucker,2025-03-27,2500.00
"INDEPENDENCE BLUE CROSS, LLC",Independence Blue Cross LLC PAC,Rep. Brett Guthrie,2025-02-18,1500.00
"INDEPENDENCE BLUE CROSS, LLC",Independence Blue Cross LLC PAC,Sen. Lisa Murkowski,2025-05-19,2500.00
"INDEPENDENCE BLUE CROSS, LLC",Independence Blue Cross LLC PAC,Rep. Josh Gottheimer,2025-03-11,1500.00
"INDEPENDENCE BLUE CROSS, LLC",Independence Blue Cross LLC PAC,Rep. Ryan Mackenzie,2025-05-06,2500.00
"INDEPENDENCE BLUE CROSS, LLC",Independence Blue Cross LLC PAC,Rep. Mary Gay Scanlon,2025-04-28,1000.00
"INDEPENDENCE BLUE CROSS, LLC",Independence Blue Cross LLC PAC,Rep. Brian Fitzpatrick,2025-05-19,2500.00
"INDEPENDENCE BLUE CROSS, LLC",Independence Blue Cross LLC PAC,Rep. Erin Houchin,2025-04-17,1000.00
"INDEPENDENCE BLUE CROSS, LLC",Independence Blue Cross LLC PAC,Rep. Cliff Bentz,2025-02-27,1000.00
"INDEPENDENCE BLUE CROSS, LLC",Independence Blue Cross LLC PAC,Rep. Mikie Sherrill,2025-05-19,1000.00
"INDEPENDENCE BLUE CROSS, LLC",Independence Blue Cross LLC PAC,Rep. Kevin Mullin,2025-02-27,1000.00
"INDEPENDENCE BLUE CROSS, LLC",Independence Blue Cross LLC PAC,Sen. Susan Collins,2025-02-20,1000.00
"INDEPENDENCE BLUE CROSS, LLC",Independence Blue Cross LLC PAC,Rep. Dwight Evans,2025-04-01,1000.00
"INDEPENDENCE BLUE CROSS, LLC",Independence Blue Cross LLC PAC,Rep. Brian Fitzpatrick,2025-04-01,1000.00
"INDEPENDENCE BLUE CROSS, LLC",Independence Blue Cross LLC PAC,Rep. John Joyce,2025-04-22,2500.00
"INDEPENDENCE BLUE CROSS, LLC",Independence Blue Cross LLC PAC,Rep. Stephen Horsford,2025-04-22,1000.00
"INDEPENDENCE BLUE CROSS, LLC",Independence Blue Cross LLC PAC,Democratic Congressional Campaign Committee (DCCC),2025-04-22,2500.00
"INDEPENDENCE BLUE CROSS, LLC",Independence Blue Cross LLC PAC,Rep. Rob Menendez,2025-05-19,1000.00
"INDEPENDENCE BLUE CROSS, LLC",Independence Blue Cross LLC PAC,Rep. Mike Kennedy,2025-06-10,1000.00
"INDEPENDENCE BLUE CROSS, LLC",Independence Blue Cross LLC PAC,Sen. Dave McCormick,2025-06-10,4000.00
"INDEPENDENCE BLUE CROSS, LLC",Independence Blue Cross LLC PAC,Rep. Tom Suozzi,2025-03-27,2500.00
"INDEPENDENCE BLUE CROSS, LLC",Independence Blue Cross LLC PAC,Rep. Kim Schrier,2025-04-10,1500.00
"INDEPENDENCE BLUE CROSS, LLC",Independence Blue Cross LLC PAC,Rep. Tom Emmer,2025-02-13,1000.00
"INDEPENDENCE BLUE CROSS, LLC",Independence Blue Cross LLC PAC,Rep. Guy Reschenthaler,2025-04-17,1000.00
"INDEPENDENCE BLUE CROSS, LLC",Independence Blue Cross LLC PAC,Rep. Chrissy Houlahan,2025-04-17,1000.00
"INDEPENDENCE BLUE CROSS, LLC",Independence Blue Cross LLC PAC,VOTEVETS,2025-03-06,2500.00
"INDEPENDENCE BLUE CROSS, LLC",Independence Blue Cross LLC PAC,Sen. John Thune,2025-02-27,1000.00
"INDEPENDENCE BLUE CROSS, LLC",Independence Blue Cross LLC PAC,Sen. Thom Tillis,2025-02-17,2500.00
"INDEPENDENCE BLUE CROSS, LLC",Independence Blue Cross LLC PAC,Rep. Madeline Dean,2025-05-06,1000.00
"INDEPENDENCE BLUE CROSS, LLC",Independence Blue Cross LLC PAC,Rep. Rob Bresnahan,2025-05-08,2500.00
"INDEPENDENCE BLUE CROSS, LLC",Independence Blue Cross LLC PAC,Rep. Jay Obernottle,2025-01-23,1000.00
"INDEPENDENCE BLUE CROSS, LLC",Independence Blue Cross LLC PAC,Rep. Herb Conaway,2025-06-30,1000.00
"INDEPENDENCE BLUE CROSS, LLC",Independence Blue Cross LLC PAC,Sen. Thom Tillis,2025-06-26,2500.00
"INDEPENDENCE BLUE CROSS, LLC",Independence Blue Cross LLC PAC,Rep. Donald Norcross,2025-06-10,2500.00
"INDEPENDENCE BLUE CROSS, LLC",Independence Blue Cross LLC PAC,Rep. Mike Bost,2025-04-22,2500.00
"INDEPENDENCE BLUE CROSS, LLC",Independence Blue Cross LLC PAC,Rep. Josh Gottheimer,2025-02-27,1000.00
"INDEPENDENCE BLUE CROSS, LLC",Independence Blue Cross LLC PAC,Rep. Lloyd Smucker,2025-03-27,2500.00
"INDEPENDENCE BLUE CROSS, LLC",Independence Blue Cross LLC PAC,Rep. Brett Guthrie,2025-02-18,1500.00
"INDEPENDENCE BLUE CROSS, LLC",Independence Blue Cross LLC PAC,Sen. Lisa Murkowski,2025-05-19,2500.00
"INDEPENDENCE BLUE CROSS, LLC",Independence Blue Cross LLC PAC,Rep. Josh Gottheimer,2025-03-11,1500.00
"INDEPENDENCE BLUE CROSS, LLC",Independence Blue Cross LLC PAC,Rep. Ryan Mackenzie,2025-05-06,2500.00
"INDEPENDENCE BLUE CROSS, LLC",Independence Blue Cross LLC PAC,Rep. Mary Gay Scanlon,2025-04-28,1000.00
"INDEPENDENCE BLUE CROSS, LLC",Independence Blue Cross LLC PAC,Rep. Brian Fitzpatrick,2025-05-19,2500.00
"INDEPENDENCE BLUE CROSS, LLC",Independence Blue Cross LLC PAC,Rep. Erin Houchin,2025-04-17,1000.00
"INDEPENDENCE BLUE CROSS, LLC",Independence Blue Cross LLC PAC,Rep. Cliff Bentz,2025-02-27,1000.00
"INDEPENDENCE BLUE CROSS, LLC",Independence Blue Cross LLC PAC,Rep. Mikie Sherrill,2025-05-19,1000.00
"INDEPENDENCE BLUE CROSS, LLC",Independence Blue Cross LLC PAC,Rep. Kevin Mullin,2025-02-27,1000.00
"INDEPENDENCE BLUE CROSS, LLC",Independence Blue Cross LLC PAC,Sen. Susan Collins,2025-02-20,1000.00
"INDEPENDENCE BLUE CROSS, LLC",Independence Blue Cross LLC PAC,Rep. Dwight Evans,2025-04-01,1000.00
"INDEPENDENCE BLUE CROSS, LLC",Independence Blue Cross LLC PAC,Rep. Brian Fitzpatrick,2025-04-01,1000.00
"INDEPENDENCE BLUE CROSS, LLC",Independence Blue Cross LLC PAC,Rep. John Joyce,2025-04-22,2500.00
"INDEPENDENCE BLUE CROSS, LLC",Independence Blue Cross LLC PAC,Rep. Stephen Horsford,2025-04-22,1000.00
"INDEPENDENCE BLUE CROSS, LLC",Independence Blue Cross LLC PAC,Democratic Congressional Campaign Committee (DCCC),2025-04-22,2500.00
"INDEPENDENCE BLUE CROSS, LLC",Independence Blue Cross LLC PAC,Rep. Rob Menendez,2025-05-19,1000.00
"INDEPENDENCE BLUE CROSS, LLC",Independence Blue Cross LLC PAC,Rep. Mike Kennedy,2025-06-10,1000.00
"INDEPENDENCE BLUE CROSS, LLC",Independence Blue Cross LLC PAC,Sen. Dave McCormick,2025-06-10,4000.00
"INDEPENDENCE BLUE CROSS, LLC",Independence Blue Cross LLC PAC,Rep. Tom Suozzi,2025-03-27,2500.00
"INDEPENDENCE BLUE CROSS, LLC",Independence Blue Cross LLC PAC,Rep. Kim Schrier,2025-04-10,1500.00
"INDEPENDENCE BLUE CROSS, LLC",Independence Blue Cross LLC PAC,Rep. Tom Emmer,2025-02-13,1000.00
"INDEPENDENCE BLUE CROSS, LLC",Independence Blue Cross LLC PAC,Rep. Guy Reschenthaler,2025-04-17,1000.00
"INDEPENDENCE BLUE CROSS, LLC",Independence Blue Cross LLC PAC,Rep. Chrissy Houlahan,2025-04-17,1000.00
"INDEPENDENCE BLUE CROSS, LLC",Independence Blue Cross LLC PAC,VOTEVETS,2025-03-06,2500.00
"INDEPENDENCE BLUE CROSS, LLC",Independence Blue Cross LLC PAC,Sen. John Thune,2025-02-27,1000.00
"INDEPENDENCE BLUE CROSS, LLC",Independence Blue Cross LLC PAC,Sen. Thom Tillis,2025-02-17,2500.00
"INDEPENDENCE BLUE CROSS, LLC",Independence Blue Cross LLC PAC,Rep. Madeline Dean,2025-05-06,1000.00
"INDEPENDENCE BLUE CROSS, LLC",Independence Blue Cross LLC PAC,Rep. Rob Bresnahan,2025-05-08,2500.00
"INDEPENDENCE BLUE CROSS, LLC",Independence Blue Cross LLC PAC,Rep. Jay Obernottle,2025-01-23,1000.00
"INDEPENDENCE BLUE CROSS, LLC",Independence Blue Cross LLC PAC,Rep. Herb Conaway,2025-06-30,1000.00
"INDEPENDENCE BLUE CROSS, LLC",Independence Blue Cross LLC PAC,Sen. Thom Tillis,2025-06-26,2500.00
"INDEPENDENCE BLUE CROSS, LLC",Independence Blue Cross LLC PAC,Rep. Donald Norcross,2025-06-10,2500.00
"INDEPENDENCE BLUE CROSS, LLC",Independence Blue Cross LLC PAC,Rep. Mike Bost,2025-04-22,2500.00
"INDEPENDENCE BLUE CROSS, LLC",Independence Blue Cross LLC PAC,Rep. Josh Gottheimer,2025-02-27,1000.00
"INDEPENDENCE BLUE CROSS, LLC",Independence Blue Cross LLC PAC,Rep. Lloyd Smucker,2025-03-27,2500.00
"INDEPENDENCE BLUE CROSS, LLC",Independence Blue Cross LLC PAC,Rep. Brett Guthrie,2025-02-18,1500.00
"INDEPENDENCE BLUE CROSS, LLC",Independence Blue Cross LLC PAC,Sen. Lisa Murkowski,2025-05-19,2500.00
"INDEPENDENCE BLUE CROSS, LLC",Independence Blue Cross LLC PAC,Rep. Josh Gottheimer,2025-03-11,1500.00
"INDEPENDENCE BLUE CROSS, LLC",Independence Blue Cross LLC PAC,Rep. Ryan Mackenzie,2025-05-06,2500.00
"INDEPENDENCE BLUE CROSS, LLC",Independence Blue Cross LLC PAC,Rep. Mary Gay Scanlon,2025-04-28,1000.00
"INDEPENDENCE BLUE CROSS, LLC",Independence Blue Cross LLC PAC,Rep. Brian Fitzpatrick,2025-05-19,2500.00
"INDEPENDENCE BLUE CROSS, LLC",Independence Blue Cross LLC PAC,Rep. Erin Houchin,2025-04-17,1000.00
"INDEPENDENCE BLUE CROSS, LLC",Independence Blue Cross LLC PAC,Rep. Cliff Bentz,2025-02-27,1000.00
"INDEPENDENCE BLUE CROSS, LLC",Independence Blue Cross LLC PAC,Rep. Mikie Sherrill,2025-05-19,1000.00
"INDEPENDENCE BLUE CROSS, LLC",Independence Blue Cross LLC PAC,Rep. Kevin Mullin,2025-02-27,1000.00
"INDEPENDENCE BLUE CROSS, LLC",Independence Blue Cross LLC PAC,Sen. Susan Collins,2025-02-20,1000.00
"INDEPENDENCE BLUE CROSS, LLC",Independence Blue Cross LLC PAC,Rep. Dwight Evans,2025-04-01,1000.00
"INDEPENDENCE BLUE CROSS, LLC",Independence Blue Cross LLC PAC,Rep. Brian Fitzpatrick,2025-04-01,1000.00
"INDEPENDENCE BLUE CROSS, LLC",Independence Blue Cross LLC PAC,Rep. John Joyce,2025-04-22,2500.00
"INDEPENDENCE BLUE CROSS, LLC",Independence Blue Cross LLC PAC,Rep. Stephen Horsford,2025-04-22,1000.00
"INDEPENDENCE BLUE CROSS, LLC",Independence Blue Cross LLC PAC,Democratic Congressional Campaign Committee (DCCC),2025-04-22,2500.00
"INDEPENDENCE BLUE CROSS, LLC",Independence Blue Cross LLC PAC,Rep. Rob Menendez,2025-05-19,1000.00
"INDEPENDENCE BLUE CROSS, LLC",Independence Blue Cross LLC PAC,Rep. Mike Kennedy,2025-06-10,1000.00
"INDEPENDENCE BLUE CROSS, LLC",Independence Blue Cross LLC PAC,Sen. Dave McCormick,2025-06-10,4000.00
"INDEPENDENCE BLUE CROSS, LLC",Independence Blue Cross LLC PAC,Rep. Tom Suozzi,2025-03-27,2500.00
"INDEPENDENCE BLUE CROSS, LLC",Independence Blue Cross LLC PAC,Rep. Kim Schrier,2025-04-10,1500.00
"INDEPENDENCE BLUE CROSS, LLC",Independence Blue Cross LLC PAC,Rep. Tom Emmer,2025-02-13,1000.00
"INDEPENDENCE BLUE CROSS, LLC",Independence Blue Cross LLC PAC,Rep. Guy Reschenthaler,2025-04-17,1000.00
"INDEPENDENCE BLUE CROSS, LLC",Independence Blue Cross LLC PAC,Rep. Chrissy Houlahan,2025-04-17,1000.00
"INDEPENDENCE BLUE CROSS, LLC",Independence Blue Cross LLC PAC,VOTEVETS,2025-03-06,2500.00
"INDEPENDENCE BLUE CROSS, LLC",Independence Blue Cross LLC PAC,Sen. John Thune,2025-02-27,1000.00
"INDEPENDENCE BLUE CROSS, LLC",Independence Blue Cross LLC PAC,Sen. Thom Tillis,2025-02-17,2500.00
"INDEPENDENCE BLUE CROSS, LLC",Independence Blue Cross LLC PAC,Rep. Madeline Dean,2025-05-06,1000.00
"INDEPENDENCE BLUE CROSS, LLC",Independence Blue Cross LLC PAC,Rep. Rob Bresnahan,2025-05-08,2500.00
"INDEPENDENCE BLUE CROSS, LLC",Independence Blue Cross LLC PAC,Rep. Jay Obernottle,2025-01-23,1000.00
"INDEPENDENCE BLUE CROSS, LLC",Independence Blue Cross LLC PAC,Rep. Herb Conaway,2025-06-30,1000.00
"INDEPENDENCE BLUE CROSS, LLC",Independence Blue Cross LLC PAC,Sen. Thom Tillis,2025-06-26,2500.00
"INDEPENDENCE BLUE CROSS, LLC",Independence Blue Cross LLC PAC,Rep. Donald Norcross,2025-06-10,2500.00
"INDEPENDENCE BLUE CROSS, LLC",Independence Blue Cross LLC PAC,Rep. Mike Bost,2025-04-22,2500.00
"INDEPENDENCE BLUE CROSS, LLC",Independence Blue Cross LLC PAC,Rep. Josh Gottheimer,2025-02-27,1000.00
"INDEPENDENCE BLUE CROSS, LLC",Independence Blue Cross LLC PAC,Rep. Lloyd Smucker,2025-03-27,2500.00
"INDEPENDENCE BLUE CROSS, LLC",Independence Blue Cross LLC PAC,Rep. Brett Guthrie,2025-02-18,1500.00
"INDEPENDENCE BLUE CROSS, LLC",Independence Blue Cross LLC PAC,Sen. Lisa Murkowski,2025-05-19,2500.00
"INDEPENDENCE BLUE CROSS, LLC",Independence Blue Cross LLC PAC,Rep. Josh Gottheimer,2025-03-11,1500.00
"INDEPENDENCE BLUE CROSS, LLC",Independence Blue Cross LLC PAC,Rep. Ryan Mackenzie,2025-05-06,2500.00
"INDEPENDENCE BLUE CROSS, LLC",Independence Blue Cross LLC PAC,Rep. Mary Gay Scanlon,2025-04-28,1000.00
"INDEPENDENCE BLUE CROSS, LLC",Independence Blue Cross LLC PAC,Rep. Brian Fitzpatrick,2025-05-19,2500.00
"INDEPENDENCE BLUE CROSS, LLC",Independence Blue Cross LLC PAC,Rep. Erin Houchin,2025-04-17,1000.00
"INDEPENDENCE BLUE CROSS, LLC",Independence Blue Cross LLC PAC,Rep. Cliff Bentz,2025-02-27,1000.00
"INDEPENDENCE BLUE CROSS, LLC",Independence Blue Cross LLC PAC,Rep. Mikie Sherrill,2025-05-19,1000.00
"INDEPENDENCE BLUE CROSS, LLC",Independence Blue Cross LLC PAC,Rep. Kevin Mullin,2025-02-27,1000.00
"INDEPENDENCE BLUE CROSS, LLC",Independence Blue Cross LLC PAC,Sen. Susan Collins,2025-02-20,1000.00
"INDEPENDENCE BLUE CROSS, LLC",Independence Blue Cross LLC PAC,Rep. Dwight Evans,2025-04-01,1000.00
"INDEPENDENCE BLUE CROSS, LLC",Independence Blue Cross LLC PAC,Rep. Brian Fitzpatrick,2025-04-01,1000.00
"INDEPENDENCE BLUE CROSS, LLC",Independence Blue Cross LLC PAC,Rep. John Joyce,2025-04-22,2500.00
"INDEPENDENCE BLUE CROSS, LLC",Independence Blue Cross LLC PAC,Rep. Stephen Horsford,2025-04-22,1000.00
"INDEPENDENCE BLUE CROSS, LLC",Independence Blue Cross LLC PAC,Democratic Congressional Campaign Committee (DCCC),2025-04-22,2500.00
"INDEPENDENCE BLUE CROSS, LLC",Independence Blue Cross LLC PAC,Rep. Rob Menendez,2025-05-19,1000.00
"INDEPENDENCE BLUE CROSS, LLC",Independence Blue Cross LLC PAC,Rep. Mike Kennedy,2025-06-10,1000.00
"INDEPENDENCE BLUE CROSS, LLC",Independence Blue Cross LLC PAC,Sen. Dave McCormick,2025-06-10,4000.00
"INDEPENDENCE BLUE CROSS, LLC",Independence Blue Cross LLC PAC,Rep. Tom Suozzi,2025-03-27,2500.00
"INDEPENDENCE BLUE CROSS, LLC",Independence Blue Cross LLC PAC,Rep. Kim Schrier,2025-04-10,1500.00
"INDEPENDENCE BLUE CROSS, LLC",Independence Blue Cross LLC PAC,Rep. Tom Emmer,2025-02-13,1000.00
"INDEPENDENCE BLUE CROSS, LLC",Independence Blue Cross LLC PAC,Rep. Guy Reschenthaler,2025-04-17,1000.00
"INDEPENDENCE BLUE CROSS, LLC",Independence Blue Cross LLC PAC,Rep. Chrissy Houlahan,2025-04-17,1000.00
"INDEPENDENCE BLUE CROSS, LLC",Independence Blue Cross LLC PAC,VOTEVETS,2025-03-06,2500.00
"INDEPENDENCE BLUE CROSS, LLC",Independence Blue Cross LLC PAC,Sen. John Thune,2025-02-27,1000.00
"INDEPENDENCE BLUE CROSS, LLC",Independence Blue Cross LLC PAC,Sen. Thom Tillis,2025-02-17,2500.00
"INDEPENDENCE BLUE CROSS, LLC",Independence Blue Cross LLC PAC,Rep. Madeline Dean,2025-05-06,1000.00
"INDEPENDENCE BLUE CROSS, LLC",Independence Blue Cross LLC PAC,Rep. Rob Bresnahan,2025-05-08,2500.00
"INDEPENDENCE BLUE CROSS, LLC",Independence Blue Cross LLC PAC,Rep. Jay Obernottle,2025-01-23,1000.00
"INDEPENDENCE BLUE CROSS, LLC",Independence Blue Cross LLC PAC,Rep. Herb Conaway,2025-06-30,1000.00
"INDEPENDENCE BLUE CROSS, LLC",Independence Blue Cross LLC PAC,Sen. Thom Tillis,2025-06-26,2500.00
"INDEPENDENCE BLUE CROSS, LLC",Independence Blue Cross LLC PAC,Rep. Donald Norcross,2025-06-10,2500.00
"INDEPENDENCE BLUE CROSS, LLC",Independence Blue Cross LLC PAC,Rep. Mike Bost,2025-04-22,2500.00
"INDEPENDENCE BLUE CROSS, LLC",Independence Blue Cross LLC PAC,Rep. Josh Gottheimer,2025-02-27,1000.00
"INDEPENDENCE BLUE CROSS, LLC",Independence Blue Cross LLC PAC,Rep. Lloyd Smucker,2025-03-27,2500.00
"INDEPENDENCE BLUE CROSS, LLC",Independence Blue Cross LLC PAC,Rep. Brett Guthrie,2025-02-18,1500.00
"INDEPENDENCE BLUE CROSS, LLC",Independence Blue Cross LLC PAC,Sen. Lisa Murkowski,2025-05-19,2500.00
"INDEPENDENCE BLUE CROSS, LLC",Independence Blue Cross LLC PAC,Rep. Josh Gottheimer,2025-03-11,1500.00
"INDEPENDENCE BLUE CROSS, LLC",Independence Blue Cross LLC PAC,Rep. Ryan Mackenzie,2025-05-06,2500.00
"INDEPENDENCE BLUE CROSS, LLC",Independence Blue Cross LLC PAC,Rep. Mary Gay Scanlon,2025-04-28,1000.00
"INDEPENDENCE BLUE CROSS, LLC",Independence Blue Cross LLC PAC,Rep. Brian Fitzpatrick,2025-05-19,2500.00
"INDEPENDENCE BLUE CROSS, LLC",Independence Blue Cross LLC PAC,Rep. Erin Houchin,2025-04-17,1000.00
"INDEPENDENCE BLUE CROSS, LLC",Independence Blue Cross LLC PAC,Rep. Cliff Bentz,2025-02-27,1000.00
"INDEPENDENCE BLUE CROSS, LLC",Independence Blue Cross LLC PAC,Rep. Mikie Sherrill,2025-05-19,1000.00
"INDEPENDENCE BLUE CROSS, LLC",Independence Blue Cross LLC PAC,Rep. Kevin Mullin,2025-02-27,1000.00
"INDEPENDENCE BLUE CROSS, LLC",Independence Blue Cross LLC PAC,Sen. Susan Collins,2025-02-20,1000.00
"INDEPENDENCE BLUE CROSS, LLC",Independence Blue Cross LLC PAC,Rep. Dwight Evans,2025-04-01,1000.00
"INDEPENDENCE BLUE CROSS, LLC",Independence Blue Cross LLC PAC,Rep. Brian Fitzpatrick,2025-04-01,1000.00
"INDEPENDENCE BLUE CROSS, LLC",Independence Blue Cross LLC PAC,Rep. John Joyce,2025-04-22,2500.00
"INDEPENDENCE BLUE CROSS, LLC",Independence Blue Cross LLC PAC,Rep. Stephen Horsford,2025-04-22,1000.00
"INDEPENDENCE BLUE CROSS, LLC",Independence Blue Cross LLC PAC,Democratic Congressional Campaign Committee (DCCC),2025-04-22,2500.00
"INDEPENDENCE BLUE CROSS, LLC",Independence Blue Cross LLC PAC,Rep. Rob Menendez,2025-05-19,1000.00
"INDEPENDENCE BLUE CROSS, LLC",Independence Blue Cross LLC PAC,Rep. Mike Kennedy,2025-06-10,1000.00
"INDEPENDENCE BLUE CROSS, LLC",Independence Blue Cross LLC PAC,Sen. Dave McCormick,2025-06-10,4000.00
"INDEPENDENCE BLUE CROSS, LLC",Independence Blue Cross LLC PAC,Rep. Tom Suozzi,2025-03-27,2500.00
"INDEPENDENCE BLUE CROSS, LLC",Independence Blue Cross LLC PAC,Rep. Kim Schrier,2025-04-10,1500.00
"INDEPENDENCE BLUE CROSS, LLC",Independence Blue Cross LLC PAC,Rep. Tom Emmer,2025-02-13,1000.00
"INDEPENDENCE BLUE CROSS, LLC",Independence Blue Cross LLC PAC,Rep. Guy Reschenthaler,2025-04-17,1000.00
"INDEPENDENCE BLUE CROSS, LLC",Independence Blue Cross LLC PAC,Rep. Chrissy Houlahan,2025-04-17,1000.00
"INDEPENDENCE BLUE CROSS, LLC",Independence Blue Cross LLC PAC,VOTEVETS,2025-03-06,2500.00
"INDEPENDENCE BLUE CROSS, LLC",Independence Blue Cross LLC PAC,Sen. John Thune,2025-02-27,1000.00
"INDEPENDENCE BLUE CROSS, LLC",Independence Blue Cross LLC PAC,Sen. Thom Tillis,2025-02-17,2500.00
"INDEPENDENCE BLUE CROSS, LLC",Independence Blue Cross LLC PAC,Rep. Madeline Dean,2025-05-06,1000.00
"INDEPENDENCE BLUE CROSS, LLC",Independence Blue Cross LLC PAC,Rep. Rob Bresnahan,2025-05-08,2500.00
"INDEPENDENCE BLUE CROSS, LLC",Independence Blue Cross LLC PAC,Rep. Jay Obernottle,2025-01-23,1000.00
"INDEPENDENCE BLUE CROSS, LLC",Independence Blue Cross LLC PAC,Rep. Herb Conaway,2025-06-30,1000.00
"INDEPENDENCE BLUE CROSS, LLC",Independence Blue Cross LLC PAC,Sen. Thom Tillis,2025-06-26,2500.00
"INDEPENDENCE BLUE CROSS, LLC",Independence Blue Cross LLC PAC,Rep. Donald Norcross,2025-06-10,2500.00
"INDEPENDENCE BLUE CROSS, LLC",Independence Blue Cross LLC PAC,Rep. Mike Bost,2025-04-22,2500.00
"INDEPENDENCE BLUE CROSS, LLC",Independence Blue Cross LLC PAC,Rep. Josh Gottheimer,2025-02-27,1000.00
"INDEPENDENCE BLUE CROSS, LLC",Independence Blue Cross LLC PAC,Rep. Lloyd Smucker,2025-03-27,2500.00
"INDEPENDENCE BLUE CROSS, LLC",Independence Blue Cross LLC PAC,Rep. Brett Guthrie,2025-02-18,1500.00
"INDEPENDENCE BLUE CROSS, LLC",Independence Blue Cross LLC PAC,Sen. Lisa Murkowski,2025-05-19,2500.00
"INDEPENDENCE BLUE CROSS, LLC",Independence Blue Cross LLC PAC,Rep. Josh Gottheimer,2025-03-11,1500.00
"INDEPENDENCE BLUE CROSS, LLC",Independence Blue Cross LLC PAC,Rep. Ryan Mackenzie,2025-05-06,2500.00
"INDEPENDENCE BLUE CROSS, LLC",Independence Blue Cross LLC PAC,Rep. Mary Gay Scanlon,2025-04-28,1000.00
"INDEPENDENCE BLUE CROSS, LLC",Independence Blue Cross LLC PAC,Rep. Brian Fitzpatrick,2025-05-19,2500.00
"INDEPENDENCE BLUE CROSS, LLC",Independence Blue Cross LLC PAC,Rep. Erin Houchin,2025-04-17,1000.00
"INDEPENDENCE BLUE CROSS, LLC",Independence Blue Cross LLC PAC,Rep. Cliff Bentz,2025-02-27,1000.00
"INDEPENDENCE BLUE CROSS, LLC",Independence Blue Cross LLC PAC,Rep. Mikie Sherrill,2025-05-19,1000.00
"INDEPENDENCE BLUE CROSS, LLC",Independence Blue Cross LLC PAC,Rep. Kevin Mullin,2025-02-27,1000.00
"INDEPENDENCE BLUE CROSS, LLC",Independence Blue Cross LLC PAC,Sen. Susan Collins,2025-02-20,1000.00
"INDEPENDENCE BLUE CROSS, LLC",Independence Blue Cross LLC PAC,Rep. Dwight Evans,2025-04-01,1000.00
"INDEPENDENCE BLUE CROSS, LLC",Independence Blue Cross LLC PAC,Rep. Brian Fitzpatrick,2025-04-01,1000.00
"INDEPENDENCE BLUE CROSS, LLC",Independence Blue Cross LLC PAC,Rep. John Joyce,2025-04-22,2500.00
"INDEPENDENCE BLUE CROSS, LLC",Independence Blue Cross LLC PAC,Rep. Stephen Horsford,2025-04-22,1000.00
"INDEPENDENCE BLUE CROSS, LLC",Independence Blue Cross LLC PAC,Democratic Congressional Campaign Committee (DCCC),2025-04-22,2500.00
"INDEPENDENCE BLUE CROSS, LLC",Independence Blue Cross LLC PAC,Rep. Rob Menendez,2025-05-19,1000.00
"INDEPENDENCE BLUE CROSS, LLC",Independence Blue Cross LLC PAC,Rep. Mike Kennedy,2025-06-10,1000.00
"INDEPENDENCE BLUE CROSS, LLC",Independence Blue Cross LLC PAC,Sen. Dave McCormick,2025-06-10,4000.00
"INDEPENDENCE BLUE CROSS, LLC",Independence Blue Cross LLC PAC,Rep. Tom Suozzi,2025-03-27,2500.00
"INDEPENDENCE BLUE CROSS, LLC",Independence Blue Cross LLC PAC,Rep. Kim Schrier,2025-04-10,1500.00
"INDEPENDENCE BLUE CROSS, LLC",Independence Blue Cross LLC PAC,Rep. Tom Emmer,2025-02-13,1000.00
"INDEPENDENCE BLUE CROSS, LLC",Independence Blue Cross LLC PAC,Rep. Guy Reschenthaler,2025-04-17,1000.00
"INDEPENDENCE BLUE CROSS, LLC",Independence Blue Cross LLC PAC,Rep. Chrissy Houlahan,2025-04-17,1000.00
"INDEPENDENCE BLUE CROSS, LLC",Independence Blue Cross LLC PAC,VOTEVETS,2025-03-06,2500.00
"INDEPENDENCE BLUE CROSS, LLC",Independence Blue Cross LLC PAC,Sen. John Thune,2025-02-27,1000.00
"INDEPENDENCE BLUE CROSS, LLC",Independence Blue Cross LLC PAC,Sen. Thom Tillis,2025-02-17,2500.00
"INDEPENDENCE BLUE CROSS, LLC",Independence Blue Cross LLC PAC,Rep. Madeline Dean,2025-05-06,1000.00
"INDEPENDENCE BLUE CROSS, LLC",Independence Blue Cross LLC PAC,Rep. Rob Bresnahan,2025-05-08,2500.00
"INDEPENDENCE BLUE CROSS, LLC",Independence Blue Cross LLC PAC,Rep. Jay Obernottle,2025-01-23,1000.00
"INDEPENDENCE BLUE CROSS, LLC",Independence Blue Cross LLC PAC,Rep. Herb Conaway,2025-06-30,1000.00
"INDEPENDENCE BLUE CROSS, LLC",Independence Blue Cross LLC PAC,Sen. Thom Tillis,2025-06-26,2500.00
"INDEPENDENCE BLUE CROSS, LLC",Independence Blue Cross LLC PAC,Rep. Donald Norcross,2025-06-10,2500.00
"INDEPENDENCE BLUE CROSS, LLC",Independence Blue Cross LLC PAC,Rep. Mike Bost,2025-04-22,2500.00
"INDEPENDENCE BLUE CROSS, LLC",Independence Blue Cross LLC PAC,Rep. Josh Gottheimer,2025-02-27,1000.00
"INDEPENDENCE BLUE CROSS, LLC",Independence Blue Cross LLC PAC,Rep. Lloyd Smucker,2025-03-27,2500.00
"INDEPENDENCE BLUE CROSS, LLC",Independence Blue Cross LLC PAC,Rep. Brett Guthrie,2025-02-18,1500.00
"INDEPENDENCE BLUE CROSS, LLC",Independence Blue Cross LLC PAC,Sen. Lisa Murkowski,2025-05-19,2500.00
"INDEPENDENCE BLUE CROSS, LLC",Independence Blue Cross LLC PAC,Rep. Josh Gottheimer,2025-03-11,1500.00
"INDEPENDENCE BLUE CROSS, LLC",Independence Blue Cross LLC PAC,Rep. Ryan Mackenzie,2025-05-06,2500.00
"INDEPENDENCE BLUE CROSS, LLC",Independence Blue Cross LLC PAC,Rep. Mary Gay Scanlon,2025-04-28,1000.00
"INDEPENDENCE BLUE CROSS, LLC",Independence Blue Cross LLC PAC,Rep. Brian Fitzpatrick,2025-05-19,2500.00
"INDEPENDENCE BLUE CROSS, LLC",Independence Blue Cross LLC PAC,Rep. Erin Houchin,2025-04-17,1000.00
"INDEPENDENCE BLUE CROSS, LLC",Independence Blue Cross LLC PAC,Rep. Cliff Bentz,2025-02-27,1000.00
"INDEPENDENCE BLUE CROSS, LLC",Independence Blue Cross LLC PAC,Rep. Mikie Sherrill,2025-05-19,1000.00
"INDEPENDENCE BLUE CROSS, LLC",Independence Blue Cross LLC PAC,Rep. Kevin Mullin,2025-02-27,1000.00
"INDEPENDENCE BLUE CROSS, LLC",Independence Blue Cross LLC PAC,Sen. Susan Collins,2025-02-20,1000.00
"INDEPENDENCE BLUE CROSS, LLC",Independence Blue Cross LLC PAC,Rep. Dwight Evans,2025-04-01,1000.00
"INDEPENDENCE BLUE CROSS, LLC",Independence Blue Cross LLC PAC,Rep. Brian Fitzpatrick,2025-04-01,1000.00
"INDEPENDENCE BLUE CROSS, LLC",Independence Blue Cross LLC PAC,Rep. John Joyce,2025-04-22,2500.00
"INDEPENDENCE BLUE CROSS, LLC",Independence Blue Cross LLC PAC,Rep. Stephen Horsford,2025-04-22,1000.00
"INDEPENDENCE BLUE CROSS, LLC",Independence Blue Cross LLC PAC,Democratic Congressional Campaign Committee (DCCC),2025-04-22,2500.00
"INDEPENDENCE BLUE CROSS, LLC",Independence Blue Cross LLC PAC,Rep. Rob Menendez,2025-05-19,1000.00
"INDEPENDENCE BLUE CROSS, LLC",Independence Blue Cross LLC PAC,Rep. Mike Kennedy,2025-06-10,1000.00
"INDEPENDENCE BLUE CROSS, LLC",Independence Blue Cross LLC PAC,Sen. Dave McCormick,2025-06-10,4000.00
"INDEPENDENCE BLUE CROSS, LLC",Independence Blue Cross LLC PAC,Rep. Tom Suozzi,2025-03-27,2500.00
"INDEPENDENCE BLUE CROSS, LLC",Independence Blue Cross LLC PAC,Rep. Kim Schrier,2025-04-10,1500.00
"INDEPENDENCE BLUE CROSS, LLC",Independence Blue Cross LLC PAC,Rep. Tom Emmer,2025-02-13,1000.00
"INDEPENDENCE BLUE CROSS, LLC",Independence Blue Cross LLC PAC,Rep. Guy Reschenthaler,2025-04-17,1000.00
"INDEPENDENCE BLUE CROSS, LLC",Independence Blue Cross LLC PAC,Rep. Chrissy Houlahan,2025-04-17,1000.00
"INDEPENDENCE BLUE CROSS, LLC",Independence Blue Cross LLC PAC,VOTEVETS,2025-03-06,2500.00
"INDEPENDENCE BLUE CROSS, LLC",Independence Blue Cross LLC PAC,Sen. John Thune,2025-02-27,1000.00
"INDEPENDENCE BLUE CROSS, LLC",Independence Blue Cross LLC PAC,Sen. Thom Tillis,2025-02-17,2500.00
"INDEPENDENCE BLUE CROSS, LLC",Independence Blue Cross LLC PAC,Rep. Madeline Dean,2025-05-06,1000.00
"INDEPENDENCE BLUE CROSS, LLC",Independence Blue Cross LLC PAC,Rep. Rob Bresnahan,2025-05-08,2500.00
"INDEPENDENCE BLUE CROSS, LLC",Independence Blue Cross LLC PAC,Rep. Jay Obernottle,2025-01-23,1000.00
"INDEPENDENCE BLUE CROSS, LLC",Independence Blue Cross LLC PAC,Rep. Herb Conaway,2025-06-30,1000.00
"INDEPENDENCE BLUE CROSS, LLC",Independence Blue Cross LLC PAC,Sen. Thom Tillis,2025-06-26,2500.00
"INDEPENDENCE BLUE CROSS, LLC",Independence Blue Cross LLC PAC,Rep. Donald Norcross,2025-06-10,2500.00
"INDEPENDENCE BLUE CROSS, LLC",Independence Blue Cross LLC PAC,Rep. Mike Bost,2025-04-22,2500.00
"INDEPENDENCE BLUE CROSS, LLC",Independence Blue Cross LLC PAC,Rep. Josh Gottheimer,2025-02-27,1000.00
"INDEPENDENCE BLUE CROSS, LLC",Independence Blue Cross LLC PAC,Rep. Lloyd Smucker,2025-03-27,2500.00
"INDEPENDENCE BLUE CROSS, LLC",Independence Blue Cross LLC PAC,Rep. Brett Guthrie,2025-02-18,1500.00
"INDEPENDENCE BLUE CROSS, LLC",Independence Blue Cross LLC PAC,Sen. Lisa Murkowski,2025-05-19,2500.00
"INDEPENDENCE BLUE CROSS, LLC",Independence Blue Cross LLC PAC,Rep. Josh Gottheimer,2025-03-11,1500.00
"INDEPENDENCE BLUE CROSS, LLC",Independence Blue Cross LLC PAC,Rep. Ryan Mackenzie,2025-05-06,2500.00
"INDEPENDENCE BLUE CROSS, LLC",Independence Blue Cross LLC PAC,Rep. Mary Gay Scanlon,2025-04-28,1000.00
"INDEPENDENCE BLUE CROSS, LLC",Independence Blue Cross LLC PAC,Rep. Brian Fitzpatrick,2025-05-19,2500.00
"INDEPENDENCE BLUE CROSS, LLC",Independence Blue Cross LLC PAC,Rep. Erin Houchin,2025-04-17,1000.00
"INDEPENDENCE BLUE CROSS, LLC",Independence Blue Cross LLC PAC,Rep. Cliff Bentz,2025-02-27,1000.00
"INDEPENDENCE BLUE CROSS, LLC",Independence Blue Cross LLC PAC,Rep. Mikie Sherrill,2025-05-19,1000.00
"INDEPENDENCE BLUE CROSS, LLC",Independence Blue Cross LLC PAC,Rep. Kevin Mullin,2025-02-27,1000.00
"INDEPENDENCE BLUE CROSS, LLC",Independence Blue Cross LLC PAC,Sen. Susan Collins,2025-02-20,1000.00
"INDEPENDENCE BLUE CROSS, LLC",Independence Blue Cross LLC PAC,Rep. Dwight Evans,2025-04-01,1000.00
"INDEPENDENCE BLUE CROSS, LLC",Independence Blue Cross LLC PAC,Rep. Brian Fitzpatrick,2025-04-01,1000.00
"INDEPENDENCE BLUE CROSS, LLC",Independence Blue Cross LLC PAC,Rep. John Joyce,2025-04-22,2500.00
"INDEPENDENCE BLUE CROSS, LLC",Independence Blue Cross LLC PAC,Rep. Stephen Horsford,2025-04-22,1000.00
"INDEPENDENCE BLUE CROSS, LLC",Independence Blue Cross LLC PAC,Democratic Congressional Campaign Committee (DCCC),2025-04-22,2500.00
"INDEPENDENCE BLUE CROSS, LLC",Independence Blue Cross LLC PAC,Rep. Rob Menendez,2025-05-19,1000.00
"INDEPENDENCE BLUE CROSS, LLC",Independence Blue Cross LLC PAC,Rep. Mike Kennedy,2025-06-10,1000.00
"INDEPENDENCE BLUE CROSS, LLC",Independence Blue Cross LLC PAC,Sen. Dave McCormick,2025-06-10,4000.00
"INDEPENDENCE BLUE CROSS, LLC",Independence Blue Cross LLC PAC,Rep. Tom Suozzi,2025-03-27,2500.00
"INDEPENDENCE BLUE CROSS, LLC",Independence Blue Cross LLC PAC,Rep. Kim Schrier,2025-04-10,1500.00
"INDEPENDENCE BLUE CROSS, LLC",Independence Blue Cross LLC PAC,Rep. Tom Emmer,2025-02-13,1000.00
"INDEPENDENCE BLUE CROSS, LLC",Independence Blue Cross LLC PAC,Rep. Guy Reschenthaler,2025-04-17,1000.00
"INDEPENDENCE BLUE CROSS, LLC",Independence Blue Cross LLC PAC,Rep. Chrissy Houlahan,2025-04-17,1000.00
"INDEPENDENCE BLUE CROSS, LLC",Independence Blue Cross LLC PAC,VOTEVETS,2025-03-06,2500.00
"INDEPENDENCE BLUE CROSS, LLC",Independence Blue Cross LLC PAC,Sen. John Thune,2025-02-27,1000.00
"INDEPENDENCE BLUE CROSS, LLC",Independence Blue Cross LLC PAC,Sen. Thom Tillis,2025-02-17,2500.00
"INDEPENDENCE BLUE CROSS, LLC",Independence Blue Cross LLC PAC,Rep. Madeline Dean,2025-05-06,1000.00
"INDEPENDENCE BLUE CROSS, LLC",Independence Blue Cross LLC PAC,Rep. Rob Bresnahan,2025-05-08,2500.00
"INDEPENDENCE BLUE CROSS, LLC",Independence Blue Cross LLC PAC,Rep. Jay Obernottle,2025-01-23,1000.00
"INDEPENDENCE BLUE CROSS, LLC",Independence Blue Cross LLC PAC,Rep. Herb Conaway,2025-06-30,1000.00
"INDEPENDENCE BLUE CROSS, LLC",Independence Blue Cross LLC PAC,Sen. Thom Tillis,2025-06-26,2500.00
"INDEPENDENCE BLUE CROSS, LLC",Independence Blue Cross LLC PAC,Rep. Donald Norcross,2025-06-10,2500.00
"INDEPENDENCE BLUE CROSS, LLC",Independence Blue Cross LLC PAC,Rep. Mike Bost,2025-04-22,2500.00
"INDEPENDENCE BLUE CROSS, LLC",Independence Blue Cross LLC PAC,Rep. Josh Gottheimer,2025-02-27,1000.00
"INDEPENDENCE BLUE CROSS, LLC",Independence Blue Cross LLC PAC,Rep. Lloyd Smucker,2025-03-27,2500.00
"INDEPENDENCE BLUE CROSS, LLC",Independence Blue Cross LLC PAC,Rep. Brett Guthrie,2025-02-18,1500.00
"INDEPENDENCE BLUE CROSS, LLC",Independence Blue Cross LLC PAC,Sen. Lisa Murkowski,2025-05-19,2500.00
"INDEPENDENCE BLUE CROSS, LLC",Independence Blue Cross LLC PAC,Rep. Josh Gottheimer,2025-03-11,1500.00
"INDEPENDENCE BLUE CROSS, LLC",Independence Blue Cross LLC PAC,Rep. Ryan Mackenzie,2025-05-06,2500.00
"INDEPENDENCE BLUE CROSS, LLC",Independence Blue Cross LLC PAC,Rep. Mary Gay Scanlon,2025-04-28,1000.00
"INDEPENDENCE BLUE CROSS, LLC",Independence Blue Cross LLC PAC,Rep. Brian Fitzpatrick,2025-05-19,2500.00
"INDEPENDENCE BLUE CROSS, LLC",Independence Blue Cross LLC PAC,Rep. Erin Houchin,2025-04-17,1000.00
"INDEPENDENCE BLUE CROSS, LLC",Independence Blue Cross LLC PAC,Rep. Cliff Bentz,2025-02-27,1000.00
"INDEPENDENCE BLUE CROSS, LLC",Independence Blue Cross LLC PAC,Rep. Mikie Sherrill,2025-05-19,1000.00
"INDEPENDENCE BLUE CROSS, LLC",Independence Blue Cross LLC PAC,Rep. Kevin Mullin,2025-02-27,1000.00
"INDEPENDENCE BLUE CROSS, LLC",Independence Blue Cross LLC PAC,Sen. Susan Collins,2025-02-20,1000.00
"INDEPENDENCE BLUE CROSS, LLC",Independence Blue Cross LLC PAC,Rep. Dwight Evans,2025-04-01,1000.00
"INDEPENDENCE BLUE CROSS, LLC",Independence Blue Cross LLC PAC,Rep. Brian Fitzpatrick,2025-04-01,1000.00
"INDEPENDENCE BLUE CROSS, LLC",Independence Blue Cross LLC PAC,Rep. John Joyce,2025-04-22,2500.00
"INDEPENDENCE BLUE CROSS, LLC",Independence Blue Cross LLC PAC,Rep. Stephen Horsford,2025-04-22,1000.00
"INDEPENDENCE BLUE CROSS, LLC",Independence Blue Cross LLC PAC,Democratic Congressional Campaign Committee (DCCC),2025-04-22,2500.00
"INDEPENDENCE BLUE CROSS, LLC",Independence Blue Cross LLC PAC,Rep. Rob Menendez,2025-05-19,1000.00
"INDEPENDENCE BLUE CROSS, LLC",Independence Blue Cross LLC PAC,Rep. Mike Kennedy,2025-06-10,1000.00
"INDEPENDENCE BLUE CROSS, LLC",Independence Blue Cross LLC PAC,Sen. Dave McCormick,2025-06-10,4000.00
"INDEPENDENCE BLUE CROSS, LLC",Independence Blue Cross LLC PAC,Rep. Tom Suozzi,2025-03-27,2500.00
"INDEPENDENCE BLUE CROSS, LLC",Independence Blue Cross LLC PAC,Rep. Kim Schrier,2025-04-10,1500.00
"INDEPENDENCE BLUE CROSS, LLC",Independence Blue Cross LLC PAC,Rep. Tom Emmer,2025-02-13,1000.00
"INDEPENDENCE BLUE CROSS, LLC",Independence Blue Cross LLC PAC,Rep. Guy Reschenthaler,2025-04-17,1000.00
"INDEPENDENCE BLUE CROSS, LLC",Independence Blue Cross LLC PAC,Rep. Chrissy Houlahan,2025-04-17,1000.00
"INDEPENDENCE BLUE CROSS, LLC",Independence Blue Cross LLC PAC,VOTEVETS,2025-03-06,2500.00
"INDEPENDENCE BLUE CROSS, LLC",Independence Blue Cross LLC PAC,Sen. John Thune,2025-02-27,1000.00
"INDEPENDENCE BLUE CROSS, LLC",Independence Blue Cross LLC PAC,Sen. Thom Tillis,2025-02-17,2500.00
"INDEPENDENCE BLUE CROSS, LLC",Independence Blue Cross LLC PAC,Rep. Madeline Dean,2025-05-06,1000.00
"INDEPENDENCE BLUE CROSS, LLC",Independence Blue Cross LLC PAC,Rep. Rob Bresnahan,2025-05-08,2500.00
"INDEPENDENCE BLUE CROSS, LLC",Independence Blue Cross LLC PAC,Rep. Jay Obernottle,2025-01-23,1000.00
"INDEPENDENCE BLUE CROSS, LLC",Independence Blue Cross LLC PAC,Rep. Herb Conaway,2025-06-30,1000.00
"INDEPENDENCE BLUE CROSS, LLC",Independence Blue Cross LLC PAC,Sen. Thom Tillis,2025-06-26,2500.00
"INDEPENDENCE BLUE CROSS, LLC",Independence Blue Cross LLC PAC,Rep. Donald Norcross,2025-06-10,2500.00
"INDEPENDENCE BLUE CROSS, LLC",Independence Blue Cross LLC PAC,Rep. Mike Bost,2025-04-22,2500.00
"INDEPENDENCE BLUE CROSS, LLC",Independence Blue Cross LLC PAC,Rep. Josh Gottheimer,2025-02-27,1000.00
"INDEPENDENCE BLUE CROSS, LLC",Independence Blue Cross LLC PAC,Rep. Lloyd Smucker,2025-03-27,2500.00
"INDEPENDENCE BLUE CROSS, LLC",Independence Blue Cross LLC PAC,Rep. Brett Guthrie,2025-02-18,1500.00
"INDEPENDENCE BLUE CROSS, LLC",Independence Blue Cross LLC PAC,Sen. Lisa Murkowski,2025-05-19,2500.00
"INDEPENDENCE BLUE CROSS, LLC",Independence Blue Cross LLC PAC,Rep. Josh Gottheimer,2025-03-11,1500.00
"INDEPENDENCE BLUE CROSS, LLC",Independence Blue Cross LLC PAC,Rep. Ryan Mackenzie,2025-05-06,2500.00
"INDEPENDENCE BLUE CROSS, LLC",Independence Blue Cross LLC PAC,Rep. Mary Gay Scanlon,2025-04-28,1000.00
"INDEPENDENCE BLUE CROSS, LLC",Independence Blue Cross LLC PAC,Rep. Brian Fitzpatrick,2025-05-19,2500.00
"INDEPENDENCE BLUE CROSS, LLC",Independence Blue Cross LLC PAC,Rep. Erin Houchin,2025-04-17,1000.00
"INDEPENDENCE BLUE CROSS, LLC",Independence Blue Cross LLC PAC,Rep. Cliff Bentz,2025-02-27,1000.00
"INDEPENDENCE BLUE CROSS, LLC",Independence Blue Cross LLC PAC,Rep. Mikie Sherrill,2025-05-19,1000.00
"INDEPENDENCE BLUE CROSS, LLC",Independence Blue Cross LLC PAC,Rep. Kevin Mullin,2025-02-27,1000.00
"INDEPENDENCE BLUE CROSS, LLC",Independence Blue Cross LLC PAC,Sen. Susan Collins,2025-02-20,1000.00
"INDEPENDENCE BLUE CROSS, LLC",Independence Blue Cross LLC PAC,Rep. Dwight Evans,2025-04-01,1000.00
"INDEPENDENCE BLUE CROSS, LLC",Independence Blue Cross LLC PAC,Rep. Brian Fitzpatrick,2025-04-01,1000.00
"INDEPENDENCE BLUE CROSS, LLC",Independence Blue Cross LLC PAC,Rep. John Joyce,2025-04-22,2500.00
"INDEPENDENCE BLUE CROSS, LLC",Independence Blue Cross LLC PAC,Rep. Stephen Horsford,2025-04-22,1000.00
"INDEPENDENCE BLUE CROSS, LLC",Independence Blue Cross LLC PAC,Democratic Congressional Campaign Committee (DCCC),2025-04-22,2500.00
"INDEPENDENCE BLUE CROSS, LLC",Independence Blue Cross LLC PAC,Rep. Rob Menendez,2025-05-19,1000.00
"INDEPENDENCE BLUE CROSS, LLC",Independence Blue Cross LLC PAC,Rep. Mike Kennedy,2025-06-10,1000.00
"INDEPENDENCE BLUE CROSS, LLC",Independence Blue Cross LLC PAC,Sen. Dave McCormick,2025-06-10,4000.00
"INDEPENDENCE BLUE CROSS, LLC",Independence Blue Cross LLC PAC,Rep. Tom Suozzi,2025-03-27,2500.00
"INDEPENDENCE BLUE CROSS, LLC",Independence Blue Cross LLC PAC,Rep. Kim Schrier,2025-04-10,1500.00
"INDEPENDENCE BLUE CROSS, LLC",Independence Blue Cross LLC PAC,Rep. Tom Emmer,2025-02-13,1000.00
"INDEPENDENCE BLUE CROSS, LLC",Independence Blue Cross LLC PAC,Rep. Guy Reschenthaler,2025-04-17,1000.00
"INDEPENDENCE BLUE CROSS, LLC",Independence Blue Cross LLC PAC,Rep. Chrissy Houlahan,2025-04-17,1000.00
"INDEPENDENCE BLUE CROSS, LLC",Independence Blue Cross LLC PAC,VOTEVETS,2025-03-06,2500.00
"INDEPENDENCE BLUE CROSS, LLC",Independence Blue Cross LLC PAC,Sen. John Thune,2025-02-27,1000.00
"INDEPENDENCE BLUE CROSS, LLC",Independence Blue Cross LLC PAC,Sen. Thom Tillis,2025-02-17,2500.00
"INDEPENDENCE BLUE CROSS, LLC",Independence Blue Cross LLC PAC,Rep. Madeline Dean,2025-05-06,1000.00
"INDEPENDENCE BLUE CROSS, LLC",Independence Blue Cross LLC PAC,Rep. Rob Bresnahan,2025-05-08,2500.00
"INDEPENDENCE BLUE CROSS, LLC",Independence Blue Cross LLC PAC,Rep. Jay Obernottle,2025-01-23,1000.00
"INDEPENDENCE BLUE CROSS, LLC",Independence Blue Cross LLC PAC,Rep. Herb Conaway,2025-06-30,1000.00
"INDEPENDENCE BLUE CROSS, LLC",Independence Blue Cross LLC PAC,Sen. Thom Tillis,2025-06-26,2500.00
"INDEPENDENCE BLUE CROSS, LLC",Independence Blue Cross LLC PAC,Rep. Donald Norcross,2025-06-10,2500.00
"INDEPENDENCE BLUE CROSS, LLC",Independence Blue Cross LLC PAC,Rep. Mike Bost,2025-04-22,2500.00
"INDEPENDENCE BLUE CROSS, LLC",Independence Blue Cross LLC PAC,Rep. Josh Gottheimer,2025-02-27,1000.00
"INDEPENDENCE BLUE CROSS, LLC",Independence Blue Cross LLC PAC,Rep. Lloyd Smucker,2025-03-27,2500.00
"INDEPENDENCE BLUE CROSS, LLC",Independence Blue Cross LLC PAC,Rep. Brett Guthrie,2025-02-18,1500.00
"INDEPENDENCE BLUE CROSS, LLC",Independence Blue Cross LLC PAC,Sen. Lisa Murkowski,2025-05-19,2500.00
"INDEPENDENCE BLUE CROSS, LLC",Independence Blue Cross LLC PAC,Rep. Josh Gottheimer,2025-03-11,1500.00
"INDEPENDENCE BLUE CROSS, LLC",Independence Blue Cross LLC PAC,Rep. Ryan Mackenzie,2025-05-06,2500.00
"INDEPENDENCE BLUE CROSS, LLC",Independence Blue Cross LLC PAC,Rep. Mary Gay Scanlon,2025-04-28,1000.00
"INDEPENDENCE BLUE CROSS, LLC",Independence Blue Cross LLC PAC,Rep. Brian Fitzpatrick,2025-05-19,2500.00
"INDEPENDENCE BLUE CROSS, LLC",Independence Blue Cross LLC PAC,Rep. Erin Houchin,2025-04-17,1000.00
"INDEPENDENCE BLUE CROSS, LLC",Independence Blue Cross LLC PAC,Rep. Cliff Bentz,2025-02-27,1000.00
"INDEPENDENCE BLUE CROSS, LLC",Independence Blue Cross LLC PAC,Rep. Mikie Sherrill,2025-05-19,1000.00
"INDEPENDENCE BLUE CROSS, LLC",Independence Blue Cross LLC PAC,Rep. Kevin Mullin,2025-02-27,1000.00
"INDEPENDENCE BLUE CROSS, LLC",Independence Blue Cross LLC PAC,Sen. Susan Collins,2025-02-20,1000.00
"INDEPENDENCE BLUE CROSS, LLC",Independence Blue Cross LLC PAC,Rep. Dwight Evans,2025-04-01,1000.00
"INDEPENDENCE BLUE CROSS, LLC",Independence Blue Cross LLC PAC,Rep. Brian Fitzpatrick,2025-04-01,1000.00
"INDEPENDENCE BLUE CROSS, LLC",Independence Blue Cross LLC PAC,Rep. John Joyce,2025-04-22,2500.00
"INDEPENDENCE BLUE CROSS, LLC",Independence Blue Cross LLC PAC,Rep. Stephen Horsford,2025-04-22,1000.00
"INDEPENDENCE BLUE CROSS, LLC",Independence Blue Cross LLC PAC,Democratic Congressional Campaign Committee (DCCC),2025-04-22,2500.00
"INDEPENDENCE BLUE CROSS, LLC",Independence Blue Cross LLC PAC,Rep. Rob Menendez,2025-05-19,1000.00
"INDEPENDENCE BLUE CROSS, LLC",Independence Blue Cross LLC PAC,Rep. Mike Kennedy,2025-06-10,1000.00
"INDEPENDENCE BLUE CROSS, LLC",Independence Blue Cross LLC PAC,Sen. Dave McCormick,2025-06-10,4000.00
"INDEPENDENCE BLUE CROSS, LLC",Independence Blue Cross LLC PAC,Rep. Tom Suozzi,2025-03-27,2500.00
"INDEPENDENCE BLUE CROSS, LLC",Independence Blue Cross LLC PAC,Rep. Kim Schrier,2025-04-10,1500.00
"INDEPENDENCE BLUE CROSS, LLC",Independence Blue Cross LLC PAC,Rep. Tom Emmer,2025-02-13,1000.00
"INDEPENDENCE BLUE CROSS, LLC",Independence Blue Cross LLC PAC,Rep. Guy Reschenthaler,2025-04-17,1000.00
"INDEPENDENCE BLUE CROSS, LLC",Independence Blue Cross LLC PAC,Rep. Chrissy Houlahan,2025-04-17,1000.00
"INDEPENDENCE BLUE CROSS, LLC",Independence Blue Cross LLC PAC,VOTEVETS,2025-03-06,2500.00
"INDEPENDENCE BLUE CROSS, LLC",Independence Blue Cross LLC PAC,Sen. John Thune,2025-02-27,1000.00
"INDEPENDENCE BLUE CROSS, LLC",Independence Blue Cross LLC PAC,Sen. Thom Tillis,2025-02-17,2500.00
"INDEPENDENCE BLUE CROSS, LLC",Independence Blue Cross LLC PAC,Rep. Madeline Dean,2025-05-06,1000.00
"INDEPENDENCE BLUE CROSS, LLC",Independence Blue Cross LLC PAC,Rep. Rob Bresnahan,2025-05-08,2500.00
"INDEPENDENCE BLUE CROSS, LLC",Independence Blue Cross LLC PAC,Rep. Jay Obernottle,2025-01-23,1000.00
"INDEPENDENCE BLUE CROSS, LLC",Independence Blue Cross LLC PAC,Rep. Herb Conaway,2025-06-30,1000.00
"INDEPENDENCE BLUE CROSS, LLC",Independence Blue Cross LLC PAC,Sen. Thom Tillis,2025-06-26,2500.00
"INDEPENDENCE BLUE CROSS, LLC",Independence Blue Cross LLC PAC,Rep. Donald Norcross,2025-06-10,2500.00
"INDEPENDENCE BLUE CROSS, LLC",Independence Blue Cross LLC PAC,Rep. Mike Bost,2025-04-22,2500.00
"INDEPENDENCE BLUE CROSS, LLC",Independence Blue Cross LLC PAC,Rep. Josh Gottheimer,2025-02-27,1000.00
"INDEPENDENCE BLUE CROSS, LLC",Independence Blue Cross LLC PAC,Rep. Lloyd Smucker,2025-03-27,2500.00
"INDEPENDENCE BLUE CROSS, LLC",Independence Blue Cross LLC PAC,Rep. Brett Guthrie,2025-02-18,1500.00
"INDEPENDENCE BLUE CROSS, LLC",Independence Blue Cross LLC PAC,Sen. Lisa Murkowski,2025-05-19,2500.00
"INDEPENDENCE BLUE CROSS, LLC",Independence Blue Cross LLC PAC,Rep. Josh Gottheimer,2025-03-11,1500.00
"INDEPENDENCE BLUE CROSS, LLC",Independence Blue Cross LLC PAC,Rep. Ryan Mackenzie,2025-05-06,2500.00
"INDEPENDENCE BLUE CROSS, LLC",Independence Blue Cross LLC PAC,Rep. Mary Gay Scanlon,2025-04-28,1000.00
"INDEPENDENCE BLUE CROSS, LLC",Independence Blue Cross LLC PAC,Rep. Brian Fitzpatrick,2025-05-19,2500.00
"INDEPENDENCE BLUE CROSS, LLC",Independence Blue Cross LLC PAC,Rep. Erin Houchin,2025-04-17,1000.00
"INDEPENDENCE BLUE CROSS, LLC",Independence Blue Cross LLC PAC,Rep. Cliff Bentz,2025-02-27,1000.00
"INDEPENDENCE BLUE CROSS, LLC",Independence Blue Cross LLC PAC,Rep. Mikie Sherrill,2025-05-19,1000.00
"INDEPENDENCE BLUE CROSS, LLC",Independence Blue Cross LLC PAC,Rep. Kevin Mullin,2025-02-27,1000.00
"INDEPENDENCE BLUE CROSS, LLC",Independence Blue Cross LLC PAC,Sen. Susan Collins,2025-02-20,1000.00
"INDEPENDENCE BLUE CROSS, LLC",Independence Blue Cross LLC PAC,Rep. Dwight Evans,2025-04-01,1000.00
"INDEPENDENCE BLUE CROSS, LLC",Independence Blue Cross LLC PAC,Rep. Brian Fitzpatrick,2025-04-01,1000.00
"INDEPENDENCE BLUE CROSS, LLC",Independence Blue Cross LLC PAC,Rep. John Joyce,2025-04-22,2500.00
"INDEPENDENCE BLUE CROSS, LLC",Independence Blue Cross LLC PAC,Rep. Stephen Horsford,2025-04-22,1000.00
"INDEPENDENCE BLUE CROSS, LLC",Independence Blue Cross LLC PAC,Democratic Congressional Campaign Committee (DCCC),2025-04-22,2500.00
"INDEPENDENCE BLUE CROSS, LLC",Independence Blue Cross LLC PAC,Rep. Rob Menendez,2025-05-19,1000.00
"INDEPENDENCE BLUE CROSS, LLC",Independence Blue Cross LLC PAC,Rep. Mike Kennedy,2025-06-10,1000.00
"INDEPENDENCE BLUE CROSS, LLC",Independence Blue Cross LLC PAC,Sen. Dave McCormick,2025-06-10,4000.00
"INDEPENDENCE BLUE CROSS, LLC",Independence Blue Cross LLC PAC,Rep. Tom Suozzi,2025-03-27,2500.00
"INDEPENDENCE BLUE CROSS, LLC",Independence Blue Cross LLC PAC,Rep. Kim Schrier,2025-04-10,1500.00
"INDEPENDENCE BLUE CROSS, LLC",Independence Blue Cross LLC PAC,Rep. Tom Emmer,2025-02-13,1000.00
"INDEPENDENCE BLUE CROSS, LLC",Independence Blue Cross LLC PAC,Rep. Guy Reschenthaler,2025-04-17,1000.00
"INDEPENDENCE BLUE CROSS, LLC",Independence Blue Cross LLC PAC,Rep. Chrissy Houlahan,2025-04-17,1000.00
"INDEPENDENCE BLUE CROSS, LLC",Independence Blue Cross LLC PAC,VOTEVETS,2025-03-06,2500.00
"INDEPENDENCE BLUE CROSS, LLC",Independence Blue Cross LLC PAC,Sen. John Thune,2025-02-27,1000.00
"INDEPENDENCE BLUE CROSS, LLC",Independence Blue Cross LLC PAC,Sen. Thom Tillis,2025-02-17,2500.00
"INDEPENDENCE BLUE CROSS, LLC",Independence Blue Cross LLC PAC,Rep. Madeline Dean,2025-05-06,1000.00
"INDEPENDENCE BLUE CROSS, LLC",Independence Blue Cross LLC PAC,Rep. Rob Bresnahan,2025-05-08,2500.00
"INDEPENDENCE BLUE CROSS, LLC",Independence Blue Cross LLC PAC,Rep. Jay Obernottle,2025-01-23,1000.00
"INDEPENDENCE BLUE CROSS, LLC",Independence Blue Cross LLC PAC,Rep. Herb Conaway,2025-06-30,1000.00
"INDEPENDENCE BLUE CROSS, LLC",Independence Blue Cross LLC PAC,Sen. Thom Tillis,2025-06-26,2500.00
"INDEPENDENCE BLUE CROSS, LLC",Independence Blue Cross LLC PAC,Rep. Donald Norcross,2025-06-10,2500.00
"INDEPENDENCE BLUE CROSS, LLC",Independence Blue Cross LLC PAC,Rep. Mike Bost,2025-04-22,2500.00
"INDEPENDENCE BLUE CROSS, LLC",Independence Blue Cross LLC PAC,Rep. Josh Gottheimer,2025-02-27,1000.00
"INDEPENDENCE BLUE CROSS, LLC",Independence Blue Cross LLC PAC,Rep. Lloyd Smucker,2025-03-27,2500.00
"INDEPENDENCE BLUE CROSS, LLC",Independence Blue Cross LLC PAC,Rep. Brett Guthrie,2025-02-18,1500.00
"INDEPENDENCE BLUE CROSS, LLC",Independence Blue Cross LLC PAC,Sen. Lisa Murkowski,2025-05-19,2500.00
"INDEPENDENCE BLUE CROSS, LLC",Independence Blue Cross LLC PAC,Rep. Josh Gottheimer,2025-03-11,1500.00
"INDEPENDENCE BLUE CROSS, LLC",Independence Blue Cross LLC PAC,Rep. Ryan Mackenzie,2025-05-06,2500.00
"INDEPENDENCE BLUE CROSS, LLC",Independence Blue Cross LLC PAC,Rep. Mary Gay Scanlon,2025-04-28,1000.00
"INDEPENDENCE BLUE CROSS, LLC",Independence Blue Cross LLC PAC,Rep. Brian Fitzpatrick,2025-05-19,2500.00
"INDEPENDENCE BLUE CROSS, LLC",Independence Blue Cross LLC PAC,Rep. Erin Houchin,2025-04-17,1000.00
"INDEPENDENCE BLUE CROSS, LLC",Independence Blue Cross LLC PAC,Rep. Cliff Bentz,2025-02-27,1000.00
"INDEPENDENCE BLUE CROSS, LLC",Independence Blue Cross LLC PAC,Rep. Mikie Sherrill,2025-05-19,1000.00
"INDEPENDENCE BLUE CROSS, LLC",Independence Blue Cross LLC PAC,Rep. Kevin Mullin,2025-02-27,1000.00
"INDEPENDENCE BLUE CROSS, LLC",Independence Blue Cross LLC PAC,Sen. Susan Collins,2025-02-20,1000.00
"INDEPENDENCE BLUE CROSS, LLC",Independence Blue Cross LLC PAC,Rep. Dwight Evans,2025-04-01,1000.00
"INDEPENDENCE BLUE CROSS, LLC",Independence Blue Cross LLC PAC,Rep. Brian Fitzpatrick,2025-04-01,1000.00
"INDEPENDENCE BLUE CROSS, LLC",Independence Blue Cross LLC PAC,Rep. John Joyce,2025-04-22,2500.00
"INDEPENDENCE BLUE CROSS, LLC",Independence Blue Cross LLC PAC,Rep. Stephen Horsford,2025-04-22,1000.00
"INDEPENDENCE BLUE CROSS, LLC",Independence Blue Cross LLC PAC,Democratic Congressional Campaign Committee (DCCC),2025-04-22,2500.00
"INDEPENDENCE BLUE CROSS, LLC",Independence Blue Cross LLC PAC,Rep. Rob Menendez,2025-05-19,1000.00
"INDEPENDENCE BLUE CROSS, LLC",Independence Blue Cross LLC PAC,Rep. Mike Kennedy,2025-06-10,1000.00
"INDEPENDENCE BLUE CROSS, LLC",Independence Blue Cross LLC PAC,Sen. Dave McCormick,2025-06-10,4000.00
"INDEPENDENCE BLUE CROSS, LLC",Independence Blue Cross LLC PAC,Rep. Tom Suozzi,2025-03-27,2500.00
"INDEPENDENCE BLUE CROSS, LLC",Independence Blue Cross LLC PAC,Rep. Kim Schrier,2025-04-10,1500.00
"INDEPENDENCE BLUE CROSS, LLC",Independence Blue Cross LLC PAC,Rep. Tom Emmer,2025-02-13,1000.00
"INDEPENDENCE BLUE CROSS, LLC",Independence Blue Cross LLC PAC,Rep. Guy Reschenthaler,2025-04-17,1000.00
"INDEPENDENCE BLUE CROSS, LLC",Independence Blue Cross LLC PAC,Rep. Chrissy Houlahan,2025-04-17,1000.00
"INDEPENDENCE BLUE CROSS, LLC",Independence Blue Cross LLC PAC,VOTEVETS,2025-03-06,2500.00
"INDEPENDENCE BLUE CROSS, LLC",Independence Blue Cross LLC PAC,Sen. John Thune,2025-02-27,1000.00
"INDEPENDENCE BLUE CROSS, LLC",Independence Blue Cross LLC PAC,Sen. Thom Tillis,2025-02-17,2500.00
"INDEPENDENCE BLUE CROSS, LLC",Independence Blue Cross LLC PAC,Rep. Madeline Dean,2025-05-06,1000.00
"INDEPENDENCE BLUE CROSS, LLC",Independence Blue Cross LLC PAC,Rep. Rob Bresnahan,2025-05-08,2500.00
"INDEPENDENCE BLUE CROSS, LLC",Independence Blue Cross LLC PAC,Rep. Jay Obernottle,2025-01-23,1000.00
"INDEPENDENCE BLUE CROSS, LLC",Independence Blue Cross LLC PAC,Rep. Herb Conaway,2025-06-30,1000.00
"INDEPENDENCE BLUE CROSS, LLC",Independence Blue Cross LLC PAC,Sen. Thom Tillis,2025-06-26,2500.00
"INDEPENDENCE BLUE CROSS, LLC",Independence Blue Cross LLC PAC,Rep. Donald Norcross,2025-06-10,2500.00
"INDEPENDENCE BLUE CROSS, LLC",Independence Blue Cross LLC PAC,Rep. Mike Bost,2025-04-22,2500.00
"INDEPENDENCE BLUE CROSS, LLC",Independence Blue Cross LLC PAC,Rep. Josh Gottheimer,2025-02-27,1000.00
"INDEPENDENCE BLUE CROSS, LLC",Independence Blue Cross LLC PAC,Rep. Lloyd Smucker,2025-03-27,2500.00
"INDEPENDENCE BLUE CROSS, LLC",Independence Blue Cross LLC PAC,Rep. Brett Guthrie,2025-02-18,1500.00
"INDEPENDENCE BLUE CROSS, LLC",Independence Blue Cross LLC PAC,Sen. Lisa Murkowski,2025-05-19,2500.00
"INDEPENDENCE BLUE CROSS, LLC",Independence Blue Cross LLC PAC,Rep. Josh Gottheimer,2025-03-11,1500.00
"INDEPENDENCE BLUE CROSS, LLC",Independence Blue Cross LLC PAC,Rep. Ryan Mackenzie,2025-05-06,2500.00
"INDEPENDENCE BLUE CROSS, LLC",Independence Blue Cross LLC PAC,Rep. Mary Gay Scanlon,2025-04-28,1000.00
"INDEPENDENCE BLUE CROSS, LLC",Independence Blue Cross LLC PAC,Rep. Brian Fitzpatrick,2025-05-19,2500.00
"INDEPENDENCE BLUE CROSS, LLC",Independence Blue Cross LLC PAC,Rep. Erin Houchin,2025-04-17,1000.00
"INDEPENDENCE BLUE CROSS, LLC",Independence Blue Cross LLC PAC,Rep. Cliff Bentz,2025-02-27,1000.00
"INDEPENDENCE BLUE CROSS, LLC",Independence Blue Cross LLC PAC,Rep. Mikie Sherrill,2025-05-19,1000.00
"INDEPENDENCE BLUE CROSS, LLC",Independence Blue Cross LLC PAC,Rep. Kevin Mullin,2025-02-27,1000.00
"INDEPENDENCE BLUE CROSS, LLC",Independence Blue Cross LLC PAC,Sen. Susan Collins,2025-02-20,1000.00
"INDEPENDENCE BLUE CROSS, LLC",Independence Blue Cross LLC PAC,Rep. Dwight Evans,2025-04-01,1000.00
"INDEPENDENCE BLUE CROSS, LLC",Independence Blue Cross LLC PAC,Rep. Brian Fitzpatrick,2025-04-01,1000.00
"INDEPENDENCE BLUE CROSS, LLC",Independence Blue Cross LLC PAC,Rep. John Joyce,2025-04-22,2500.00
"INDEPENDENCE BLUE CROSS, LLC",Independence Blue Cross LLC PAC,Rep. Stephen Horsford,2025-04-22,1000.00
"INDEPENDENCE BLUE CROSS, LLC",Independence Blue Cross LLC PAC,Democratic Congressional Campaign Committee (DCCC),2025-04-22,2500.00
"INDEPENDENCE BLUE CROSS, LLC",Independence Blue Cross LLC PAC,Rep. Rob Menendez,2025-05-19,1000.00
"INDEPENDENCE BLUE CROSS, LLC",Independence Blue Cross LLC PAC,Rep. Mike Kennedy,2025-06-10,1000.00
"INDEPENDENCE BLUE CROSS, LLC",Independence Blue Cross LLC PAC,Sen. Dave McCormick,2025-06-10,4000.00
"INDEPENDENCE BLUE CROSS, LLC",Independence Blue Cross LLC PAC,Rep. Tom Suozzi,2025-03-27,2500.00
"INDEPENDENCE BLUE CROSS, LLC",Independence Blue Cross LLC PAC,Rep. Kim Schrier,2025-04-10,1500.00
"INDEPENDENCE BLUE CROSS, LLC",Independence Blue Cross LLC PAC,Rep. Tom Emmer,2025-02-13,1000.00
"INDEPENDENCE BLUE CROSS, LLC",Independence Blue Cross LLC PAC,Rep. Guy Reschenthaler,2025-04-17,1000.00
"INDEPENDENCE BLUE CROSS, LLC",Independence Blue Cross LLC PAC,Rep. Chrissy Houlahan,2025-04-17,1000.00
"INDEPENDENCE BLUE CROSS, LLC",Independence Blue Cross LLC PAC,VOTEVETS,2025-03-06,2500.00
"INDEPENDENCE BLUE CROSS, LLC",Independence Blue Cross LLC PAC,Sen. John Thune,2025-02-27,1000.00
"INDEPENDENCE BLUE CROSS, LLC",Independence Blue Cross LLC PAC,Sen. Thom Tillis,2025-02-17,2500.00
"INDEPENDENCE BLUE CROSS, LLC",Independence Blue Cross LLC PAC,Rep. Madeline Dean,2025-05-06,1000.00
"INDEPENDENCE BLUE CROSS, LLC",Independence Blue Cross LLC PAC,Rep. Rob Bresnahan,2025-05-08,2500.00
"INDEPENDENCE BLUE CROSS, LLC",Independence Blue Cross LLC PAC,Rep. Jay Obernottle,2025-01-23,1000.00
"INDEPENDENCE BLUE CROSS, LLC",Independence Blue Cross LLC PAC,Rep. Herb Conaway,2025-06-30,1000.00
"INDEPENDENCE BLUE CROSS, LLC",Independence Blue Cross LLC PAC,Sen. Thom Tillis,2025-06-26,2500.00
"INDEPENDENCE BLUE CROSS, LLC",Independence Blue Cross LLC PAC,Rep. Donald Norcross,2025-06-10,2500.00
"INDEPENDENCE BLUE CROSS, LLC",Independence Blue Cross LLC PAC,Rep. Mike Bost,2025-04-22,2500.00
"INDEPENDENCE BLUE CROSS, LLC",Independence Blue Cross LLC PAC,Rep. Josh Gottheimer,2025-02-27,1000.00
"INDEPENDENCE BLUE CROSS, LLC",Independence Blue Cross LLC PAC,Rep. Lloyd Smucker,2025-03-27,2500.00
"INDEPENDENCE BLUE CROSS, LLC",Independence Blue Cross LLC PAC,Rep. Brett Guthrie,2025-02-18,1500.00
"INDEPENDENCE BLUE CROSS, LLC",Independence Blue Cross LLC PAC,Sen. Lisa Murkowski,2025-05-19,2500.00
"INDEPENDENCE BLUE CROSS, LLC",Independence Blue Cross LLC PAC,Rep. Josh Gottheimer,2025-03-11,1500.00
"INDEPENDENCE BLUE CROSS, LLC",Independence Blue Cross LLC PAC,Rep. Ryan Mackenzie,2025-05-06,2500.00
"INDEPENDENCE BLUE CROSS, LLC",Independence Blue Cross LLC PAC,Rep. Mary Gay Scanlon,2025-04-28,1000.00
"INDEPENDENCE BLUE CROSS, LLC",Independence Blue Cross LLC PAC,Rep. Brian Fitzpatrick,2025-05-19,2500.00
"INDEPENDENCE BLUE CROSS, LLC",Independence Blue Cross LLC PAC,Rep. Erin Houchin,2025-04-17,1000.00
"INDEPENDENCE BLUE CROSS, LLC",Independence Blue Cross LLC PAC,Rep. Cliff Bentz,2025-02-27,1000.00
"INDEPENDENCE BLUE CROSS, LLC",Independence Blue Cross LLC PAC,Rep. Mikie Sherrill,2025-05-19,1000.00
"INDEPENDENCE BLUE CROSS, LLC",Independence Blue Cross LLC PAC,Rep. Kevin Mullin,2025-02-27,1000.00
"INDEPENDENCE BLUE CROSS, LLC",Independence Blue Cross LLC PAC,Sen. Susan Collins,2025-02-20,1000.00
"INDEPENDENCE BLUE CROSS, LLC",Independence Blue Cross LLC PAC,Rep. Dwight Evans,2025-04-01,1000.00
"INDEPENDENCE BLUE CROSS, LLC",Independence Blue Cross LLC PAC,Rep. Brian Fitzpatrick,2025-04-01,1000.00
"INDEPENDENCE BLUE CROSS, LLC",Independence Blue Cross LLC PAC,Rep. John Joyce,2025-04-22,2500.00
"INDEPENDENCE BLUE CROSS, LLC",Independence Blue Cross LLC PAC,Rep. Stephen Horsford,2025-04-22,1000.00
"INDEPENDENCE BLUE CROSS, LLC",Independence Blue Cross LLC PAC,Democratic Congressional Campaign Committee (DCCC),2025-04-22,2500.00
"INDEPENDENCE BLUE CROSS, LLC",Independence Blue Cross LLC PAC,Rep. Rob Menendez,2025-05-19,1000.00
"INDEPENDENCE BLUE CROSS, LLC",Independence Blue Cross LLC PAC,Rep. Mike Kennedy,2025-06-10,1000.00
"INDEPENDENCE BLUE CROSS, LLC",Independence Blue Cross LLC PAC,Sen. Dave McCormick,2025-06-10,4000.00
"INDEPENDENCE BLUE CROSS, LLC",Independence Blue Cross LLC PAC,Rep. Tom Suozzi,2025-03-27,2500.00
"INDEPENDENCE BLUE CROSS, LLC",Independence Blue Cross LLC PAC,Rep. Kim Schrier,2025-04-10,1500.00
"INDEPENDENCE BLUE CROSS, LLC",Independence Blue Cross LLC PAC,Rep. Tom Emmer,2025-02-13,1000.00
"INDEPENDENCE BLUE CROSS, LLC",Independence Blue Cross LLC PAC,Rep. Guy Reschenthaler,2025-04-17,1000.00
"INDEPENDENCE BLUE CROSS, LLC",Independence Blue Cross LLC PAC,Rep. Chrissy Houlahan,2025-04-17,1000.00
"INDEPENDENCE BLUE CROSS, LLC",Independence Blue Cross LLC PAC,VOTEVETS,2025-03-06,2500.00
"INDEPENDENCE BLUE CROSS, LLC",Independence Blue Cross LLC PAC,Sen. John Thune,2025-02-27,1000.00
"INDEPENDENCE BLUE CROSS, LLC",Independence Blue Cross LLC PAC,Sen. Thom Tillis,2025-02-17,2500.00
"INDEPENDENCE BLUE CROSS, LLC",Independence Blue Cross LLC PAC,Rep. Madeline Dean,2025-05-06,1000.00
"INDEPENDENCE BLUE CROSS, LLC",Independence Blue Cross LLC PAC,Rep. Rob Bresnahan,2025-05-08,2500.00
"INDEPENDENCE BLUE CROSS, LLC",Independence Blue Cross LLC PAC,Rep. Jay Obernottle,2025-01-23,1000.00
"INDEPENDENCE BLUE CROSS, LLC",Independence Blue Cross LLC PAC,Rep. Herb Conaway,2025-06-30,1000.00
"INDEPENDENCE BLUE CROSS, LLC",Independence Blue Cross LLC PAC,Sen. Thom Tillis,2025-06-26,2500.00
"INDEPENDENCE BLUE CROSS, LLC",Independence Blue Cross LLC PAC,Rep. Donald Norcross,2025-06-10,2500.00
"INDEPENDENCE BLUE CROSS, LLC",Independence Blue Cross LLC PAC,Rep. Mike Bost,2025-04-22,2500.00
"INDEPENDENCE BLUE CROSS, LLC",Independence Blue Cross LLC PAC,Rep. Josh Gottheimer,2025-02-27,1000.00
"INDEPENDENCE BLUE CROSS, LLC",Independence Blue Cross LLC PAC,Rep. Lloyd Smucker,2025-03-27,2500.00
"INDEPENDENCE BLUE CROSS, LLC",Independence Blue Cross LLC PAC,Rep. Brett Guthrie,2025-02-18,1500.00
"INDEPENDENCE BLUE CROSS, LLC",Independence Blue Cross LLC PAC,Sen. Lisa Murkowski,2025-05-19,2500.00
"INDEPENDENCE BLUE CROSS, LLC",Independence Blue Cross LLC PAC,Rep. Josh Gottheimer,2025-03-11,1500.00
"INDEPENDENCE BLUE CROSS, LLC",Independence Blue Cross LLC PAC,Rep. Ryan Mackenzie,2025-05-06,2500.00
"INDEPENDENCE BLUE CROSS, LLC",Independence Blue Cross LLC PAC,Rep. Mary Gay Scanlon,2025-04-28,1000.00
"INDEPENDENCE BLUE CROSS, LLC",Independence Blue Cross LLC PAC,Rep. Brian Fitzpatrick,2025-05-19,2500.00
"INDEPENDENCE BLUE CROSS, LLC",Independence Blue Cross LLC PAC,Rep. Erin Houchin,2025-04-17,1000.00
"INDEPENDENCE BLUE CROSS, LLC",Independence Blue Cross LLC PAC,Rep. Cliff Bentz,2025-02-27,1000.00
"INDEPENDENCE BLUE CROSS, LLC",Independence Blue Cross LLC PAC,Rep. Mikie Sherrill,2025-05-19,1000.00
"INDEPENDENCE BLUE CROSS, LLC",Independence Blue Cross LLC PAC,Rep. Kevin Mullin,2025-02-27,1000.00
"INDEPENDENCE BLUE CROSS, LLC",Independence Blue Cross LLC PAC,Sen. Susan Collins,2025-02-20,1000.00
"INDEPENDENCE BLUE CROSS, LLC",Independence Blue Cross LLC PAC,Rep. Dwight Evans,2025-04-01,1000.00
"INDEPENDENCE BLUE CROSS, LLC",Independence Blue Cross LLC PAC,Rep. Brian Fitzpatrick,2025-04-01,1000.00
"INDEPENDENCE BLUE CROSS, LLC",Independence Blue Cross LLC PAC,Rep. John Joyce,2025-04-22,2500.00
"INDEPENDENCE BLUE CROSS, LLC",Independence Blue Cross LLC PAC,Rep. Stephen Horsford,2025-04-22,1000.00
"INDEPENDENCE BLUE CROSS, LLC",Independence Blue Cross LLC PAC,Democratic Congressional Campaign Committee (DCCC),2025-04-22,2500.00
"INDEPENDENCE BLUE CROSS, LLC",Independence Blue Cross LLC PAC,Rep. Rob Menendez,2025-05-19,1000.00
"INDEPENDENCE BLUE CROSS, LLC",Independence Blue Cross LLC PAC,Rep. Mike Kennedy,2025-06-10,1000.00
"INDEPENDENCE BLUE CROSS, LLC",Independence Blue Cross LLC PAC,Sen. Dave McCormick,2025-06-10,4000.00
"INDEPENDENCE BLUE CROSS, LLC",Independence Blue Cross LLC PAC,Rep. Tom Suozzi,2025-03-27,2500.00
"INDEPENDENCE BLUE CROSS, LLC",Independence Blue Cross LLC PAC,Rep. Kim Schrier,2025-04-10,1500.00
"INDEPENDENCE BLUE CROSS, LLC",Independence Blue Cross LLC PAC,Rep. Tom Emmer,2025-02-13,1000.00
"INDEPENDENCE BLUE CROSS, LLC",Independence Blue Cross LLC PAC,Rep. Guy Reschenthaler,2025-04-17,1000.00
"INDEPENDENCE BLUE CROSS, LLC",Independence Blue Cross LLC PAC,Rep. Chrissy Houlahan,2025-04-17,1000.00
"INDEPENDENCE BLUE CROSS, LLC",Independence Blue Cross LLC PAC,VOTEVETS,2025-03-06,2500.00
"INDEPENDENCE BLUE CROSS, LLC",Independence Blue Cross LLC PAC,Sen. John Thune,2025-02-27,1000.00
"INDEPENDENCE BLUE CROSS, LLC",Independence Blue Cross LLC PAC,Sen. Thom Tillis,2025-02-17,2500.00
"INDEPENDENCE BLUE CROSS, LLC",Independence Blue Cross LLC PAC,Rep. Madeline Dean,2025-05-06,1000.00
"INDEPENDENCE BLUE CROSS, LLC",Independence Blue Cross LLC PAC,Rep. Rob Bresnahan,2025-05-08,2500.00
"INDEPENDENCE BLUE CROSS, LLC",Independence Blue Cross LLC PAC,Rep. Jay Obernottle,2025-01-23,1000.00
"INDEPENDENCE BLUE CROSS, LLC",Independence Blue Cross LLC PAC,Rep. Herb Conaway,2025-06-30,1000.00
"INDEPENDENCE BLUE CROSS, LLC",Independence Blue Cross LLC PAC,Sen. Thom Tillis,2025-06-26,2500.00
"INDEPENDENCE BLUE CROSS, LLC",Independence Blue Cross LLC PAC,Rep. Donald Norcross,2025-06-10,2500.00
"INDEPENDENCE BLUE CROSS, LLC",Independence Blue Cross LLC PAC,Rep. Mike Bost,2025-04-22,2500.00
"INDEPENDENCE BLUE CROSS, LLC",Independence Blue Cross LLC PAC,Rep. Josh Gottheimer,2025-02-27,1000.00
"INDEPENDENCE BLUE CROSS, LLC",Independence Blue Cross LLC PAC,Rep. Lloyd Smucker,2025-03-27,2500.00
"INDEPENDENCE BLUE CROSS, LLC",Independence Blue Cross LLC PAC,Rep. Brett Guthrie,2025-02-18,1500.00
"INDEPENDENCE BLUE CROSS, LLC",Independence Blue Cross LLC PAC,Sen. Lisa Murkowski,2025-05-19,2500.00
"INDEPENDENCE BLUE CROSS, LLC",Independence Blue Cross LLC PAC,Rep. Josh Gottheimer,2025-03-11,1500.00
"INDEPENDENCE BLUE CROSS, LLC",Independence Blue Cross LLC PAC,Rep. Ryan Mackenzie,2025-05-06,2500.00
"INDEPENDENCE BLUE CROSS, LLC",Independence Blue Cross LLC PAC,Rep. Mary Gay Scanlon,2025-04-28,1000.00
"INDEPENDENCE BLUE CROSS, LLC",Independence Blue Cross LLC PAC,Rep. Brian Fitzpatrick,2025-05-19,2500.00
"INDEPENDENCE BLUE CROSS, LLC",Independence Blue Cross LLC PAC,Rep. Erin Houchin,2025-04-17,1000.00
"INDEPENDENCE BLUE CROSS, LLC",Independence Blue Cross LLC PAC,Rep. Cliff Bentz,2025-02-27,1000.00
"INDEPENDENCE BLUE CROSS, LLC",Independence Blue Cross LLC PAC,Rep. Mikie Sherrill,2025-05-19,1000.00
"INDEPENDENCE BLUE CROSS, LLC",Independence Blue Cross LLC PAC,Rep. Kevin Mullin,2025-02-27,1000.00
"INDEPENDENCE BLUE CROSS, LLC",Independence Blue Cross LLC PAC,Sen. Susan Collins,2025-02-20,1000.00
"INDEPENDENCE BLUE CROSS, LLC",Independence Blue Cross LLC PAC,Rep. Dwight Evans,2025-04-01,1000.00
"INDEPENDENCE BLUE CROSS, LLC",Independence Blue Cross LLC PAC,Rep. Brian Fitzpatrick,2025-04-01,1000.00
"INDEPENDENCE BLUE CROSS, LLC",Independence Blue Cross LLC PAC,Rep. John Joyce,2025-04-22,2500.00
"INDEPENDENCE BLUE CROSS, LLC",Independence Blue Cross LLC PAC,Rep. Stephen Horsford,2025-04-22,1000.00
"INDEPENDENCE BLUE CROSS, LLC",Independence Blue Cross LLC PAC,Democratic Congressional Campaign Committee (DCCC),2025-04-22,2500.00
"INDEPENDENCE BLUE CROSS, LLC",Independence Blue Cross LLC PAC,Rep. Rob Menendez,2025-05-19,1000.00
"INDEPENDENCE BLUE CROSS, LLC",Independence Blue Cross LLC PAC,Rep. Mike Kennedy,2025-06-10,1000.00
"INDEPENDENCE BLUE CROSS, LLC",Independence Blue Cross LLC PAC,Sen. Dave McCormick,2025-06-10,4000.00
"INDEPENDENCE BLUE CROSS, LLC",Independence Blue Cross LLC PAC,Rep. Tom Suozzi,2025-03-27,2500.00
"INDEPENDENCE BLUE CROSS, LLC",Independence Blue Cross LLC PAC,Rep. Kim Schrier,2025-04-10,1500.00
"INDEPENDENCE BLUE CROSS, LLC",Independence Blue Cross LLC PAC,Rep. Tom Emmer,2025-02-13,1000.00
"INDEPENDENCE BLUE CROSS, LLC",Independence Blue Cross LLC PAC,Rep. Guy Reschenthaler,2025-04-17,1000.00
"INDEPENDENCE BLUE CROSS, LLC",Independence Blue Cross LLC PAC,Rep. Chrissy Houlahan,2025-04-17,1000.00
"INDEPENDENCE BLUE CROSS, LLC",Independence Blue Cross LLC PAC,VOTEVETS,2025-03-06,2500.00
"INDEPENDENCE BLUE CROSS, LLC",Independence Blue Cross LLC PAC,Sen. John Thune,2025-02-27,1000.00
"INDEPENDENCE BLUE CROSS, LLC",Independence Blue Cross LLC PAC,Sen. Thom Tillis,2025-02-17,2500.00
"INDEPENDENCE BLUE CROSS, LLC",Independence Blue Cross LLC PAC,Rep. Madeline Dean,2025-05-06,1000.00
"INDEPENDENCE BLUE CROSS, LLC",Independence Blue Cross LLC PAC,Rep. Rob Bresnahan,2025-05-08,2500.00
"INDEPENDENCE BLUE CROSS, LLC",Independence Blue Cross LLC PAC,Rep. Jay Obernottle,2025-01-23,1000.00
"INDEPENDENCE BLUE CROSS, LLC",Independence Blue Cross LLC PAC,Rep. Herb Conaway,2025-06-30,1000.00
"INDEPENDENCE BLUE CROSS, LLC",Independence Blue Cross LLC PAC,Sen. Thom Tillis,2025-06-26,2500.00
"INDEPENDENCE BLUE CROSS, LLC",Independence Blue Cross LLC PAC,Rep. Donald Norcross,2025-06-10,2500.00
"INDEPENDENCE BLUE CROSS, LLC",Independence Blue Cross LLC PAC,Rep. Mike Bost,2025-04-22,2500.00
"INDEPENDENCE BLUE CROSS, LLC",Independence Blue Cross LLC PAC,Rep. Josh Gottheimer,2025-02-27,1000.00
"INDEPENDENCE BLUE CROSS, LLC",Independence Blue Cross LLC PAC,Rep. Lloyd Smucker,2025-03-27,2500.00
"INDEPENDENCE BLUE CROSS, LLC",Independence Blue Cross LLC PAC,Rep. Brett Guthrie,2025-02-18,1500.00
"INDEPENDENCE BLUE CROSS, LLC",Independence Blue Cross LLC PAC,Sen. Lisa Murkowski,2025-05-19,2500.00
"INDEPENDENCE BLUE CROSS, LLC",Independence Blue Cross LLC PAC,Rep. Josh Gottheimer,2025-03-11,1500.00
"INDEPENDENCE BLUE CROSS, LLC",Independence Blue Cross LLC PAC,Rep. Ryan Mackenzie,2025-05-06,2500.00
"INDEPENDENCE BLUE CROSS, LLC",Independence Blue Cross LLC PAC,Rep. Mary Gay Scanlon,2025-04-28,1000.00
"INDEPENDENCE BLUE CROSS, LLC",Independence Blue Cross LLC PAC,Rep. Brian Fitzpatrick,2025-05-19,2500.00
"INDEPENDENCE BLUE CROSS, LLC",Independence Blue Cross LLC PAC,Rep. Erin Houchin,2025-04-17,1000.00
"INDEPENDENCE BLUE CROSS, LLC",Independence Blue Cross LLC PAC,Rep. Cliff Bentz,2025-02-27,1000.00
"INDEPENDENCE BLUE CROSS, LLC",Independence Blue Cross LLC PAC,Rep. Mikie Sherrill,2025-05-19,1000.00
"INDEPENDENCE BLUE CROSS, LLC",Independence Blue Cross LLC PAC,Rep. Kevin Mullin,2025-02-27,1000.00
"INDEPENDENCE BLUE CROSS, LLC",Independence Blue Cross LLC PAC,Sen. Susan Collins,2025-02-20,1000.00
"INDEPENDENCE BLUE CROSS, LLC",Independence Blue Cross LLC PAC,Rep. Dwight Evans,2025-04-01,1000.00
"INDEPENDENCE BLUE CROSS, LLC",Independence Blue Cross LLC PAC,Rep. Brian Fitzpatrick,2025-04-01,1000.00
"INDEPENDENCE BLUE CROSS, LLC",Independence Blue Cross LLC PAC,Rep. John Joyce,2025-04-22,2500.00
"INDEPENDENCE BLUE CROSS, LLC",Independence Blue Cross LLC PAC,Rep. Stephen Horsford,2025-04-22,1000.00
"INDEPENDENCE BLUE CROSS, LLC",Independence Blue Cross LLC PAC,Democratic Congressional Campaign Committee (DCCC),2025-04-22,2500.00
"INDEPENDENCE BLUE CROSS, LLC",Independence Blue Cross LLC PAC,Rep. Rob Menendez,2025-05-19,1000.00
"INDEPENDENCE BLUE CROSS, LLC",Independence Blue Cross LLC PAC,Rep. Mike Kennedy,2025-06-10,1000.00
"INDEPENDENCE BLUE CROSS, LLC",Independence Blue Cross LLC PAC,Sen. Dave McCormick,2025-06-10,4000.00
"INDEPENDENCE BLUE CROSS, LLC",Independence Blue Cross LLC PAC,Rep. Tom Suozzi,2025-03-27,2500.00
"INDEPENDENCE BLUE CROSS, LLC",Independence Blue Cross LLC PAC,Rep. Kim Schrier,2025-04-10,1500.00
"INDEPENDENCE BLUE CROSS, LLC",Independence Blue Cross LLC PAC,Rep. Tom Emmer,2025-02-13,1000.00
"INDEPENDENCE BLUE CROSS, LLC",Independence Blue Cross LLC PAC,Rep. Guy Reschenthaler,2025-04-17,1000.00
"INDEPENDENCE BLUE CROSS, LLC",Independence Blue Cross LLC PAC,Rep. Chrissy Houlahan,2025-04-17,1000.00
"INDEPENDENCE BLUE CROSS, LLC",Independence Blue Cross LLC PAC,VOTEVETS,2025-03-06,2500.00
"INDEPENDENCE BLUE CROSS, LLC",Independence Blue Cross LLC PAC,Sen. John Thune,2025-02-27,1000.00
"INDEPENDENCE BLUE CROSS, LLC",Independence Blue Cross LLC PAC,Sen. Thom Tillis,2025-02-17,2500.00
"INDEPENDENCE BLUE CROSS, LLC",Independence Blue Cross LLC PAC,Rep. Madeline Dean,2025-05-06,1000.00
"INDEPENDENCE BLUE CROSS, LLC",Independence Blue Cross LLC PAC,Rep. Rob Bresnahan,2025-05-08,2500.00
"INDEPENDENCE BLUE CROSS, LLC",Independence Blue Cross LLC PAC,Rep. Jay Obernottle,2025-01-23,1000.00
"INDEPENDENCE BLUE CROSS, LLC",Independence Blue Cross LLC PAC,Rep. Herb Conaway,2025-06-30,1000.00
"INDEPENDENCE BLUE CROSS, LLC",Independence Blue Cross LLC PAC,Sen. Thom Tillis,2025-06-26,2500.00
"INDEPENDENCE BLUE CROSS, LLC",Independence Blue Cross LLC PAC,Rep. Donald Norcross,2025-06-10,2500.00
"INDEPENDENCE BLUE CROSS, LLC",Independence Blue Cross LLC PAC,Rep. Mike Bost,2025-04-22,2500.00
"INDEPENDENCE BLUE CROSS, LLC",Independence Blue Cross LLC PAC,Rep. Josh Gottheimer,2025-02-27,1000.00
"INDEPENDENCE BLUE CROSS, LLC",Independence Blue Cross LLC PAC,Rep. Lloyd Smucker,2025-03-27,2500.00
"INDEPENDENCE BLUE CROSS, LLC",Independence Blue Cross LLC PAC,Rep. Brett Guthrie,2025-02-18,1500.00
"INDEPENDENCE BLUE CROSS, LLC",Independence Blue Cross LLC PAC,Sen. Lisa Murkowski,2025-05-19,2500.00
"INDEPENDENCE BLUE CROSS, LLC",Independence Blue Cross LLC PAC,Rep. Josh Gottheimer,2025-03-11,1500.00
"INDEPENDENCE BLUE CROSS, LLC",Independence Blue Cross LLC PAC,Rep. Ryan Mackenzie,2025-05-06,2500.00
"INDEPENDENCE BLUE CROSS, LLC",Independence Blue Cross LLC PAC,Rep. Mary Gay Scanlon,2025-04-28,1000.00
"INDEPENDENCE BLUE CROSS, LLC",Independence Blue Cross LLC PAC,Rep. Brian Fitzpatrick,2025-05-19,2500.00
"INDEPENDENCE BLUE CROSS, LLC",Independence Blue Cross LLC PAC,Rep. Erin Houchin,2025-04-17,1000.00
"INDEPENDENCE BLUE CROSS, LLC",Independence Blue Cross LLC PAC,Rep. Cliff Bentz,2025-02-27,1000.00
"INDEPENDENCE BLUE CROSS, LLC",Independence Blue Cross LLC PAC,Rep. Mikie Sherrill,2025-05-19,1000.00
"INDEPENDENCE BLUE CROSS, LLC",Independence Blue Cross LLC PAC,Rep. Kevin Mullin,2025-02-27,1000.00
"INDEPENDENCE BLUE CROSS, LLC",Independence Blue Cross LLC PAC,Sen. Susan Collins,2025-02-20,1000.00
"INDEPENDENCE BLUE CROSS, LLC",Independence Blue Cross LLC PAC,Rep. Dwight Evans,2025-04-01,1000.00
"INDEPENDENCE BLUE CROSS, LLC",Independence Blue Cross LLC PAC,Rep. Brian Fitzpatrick,2025-04-01,1000.00
"INDEPENDENCE BLUE CROSS, LLC",Independence Blue Cross LLC PAC,Rep. John Joyce,2025-04-22,2500.00
"INDEPENDENCE BLUE CROSS, LLC",Independence Blue Cross LLC PAC,Rep. Stephen Horsford,2025-04-22,1000.00
"INDEPENDENCE BLUE CROSS, LLC",Independence Blue Cross LLC PAC,Democratic Congressional Campaign Committee (DCCC),2025-04-22,2500.00
"INDEPENDENCE BLUE CROSS, LLC",Independence Blue Cross LLC PAC,Rep. Rob Menendez,2025-05-19,1000.00
"INDEPENDENCE BLUE CROSS, LLC",Independence Blue Cross LLC PAC,Rep. Mike Kennedy,2025-06-10,1000.00
"INDEPENDENCE BLUE CROSS, LLC",Independence Blue Cross LLC PAC,Sen. Dave McCormick,2025-06-10,4000.00
"INDEPENDENCE BLUE CROSS, LLC",Independence Blue Cross LLC PAC,Rep. Tom Suozzi,2025-03-27,2500.00
"INDEPENDENCE BLUE CROSS, LLC",Independence Blue Cross LLC PAC,Rep. Kim Schrier,2025-04-10,1500.00
"INDEPENDENCE BLUE CROSS, LLC",Independence Blue Cross LLC PAC,Rep. Tom Emmer,2025-02-13,1000.00
"INDEPENDENCE BLUE CROSS, LLC",Independence Blue Cross LLC PAC,Rep. Guy Reschenthaler,2025-04-17,1000.00
"INDEPENDENCE BLUE CROSS, LLC",Independence Blue Cross LLC PAC,Rep. Chrissy Houlahan,2025-04-17,1000.00
"INDEPENDENCE BLUE CROSS, LLC",Independence Blue Cross LLC PAC,VOTEVETS,2025-03-06,2500.00
"INDEPENDENCE BLUE CROSS, LLC",Independence Blue Cross LLC PAC,Sen. John Thune,2025-02-27,1000.00
"INDEPENDENCE BLUE CROSS, LLC",Independence Blue Cross LLC PAC,Sen. Thom Tillis,2025-02-17,2500.00
"INDEPENDENCE BLUE CROSS, LLC",Independence Blue Cross LLC PAC,Rep. Madeline Dean,2025-05-06,1000.00
"INDEPENDENCE BLUE CROSS, LLC",Independence Blue Cross LLC PAC,Rep. Rob Bresnahan,2025-05-08,2500.00
"INDEPENDENCE BLUE CROSS, LLC",Independence Blue Cross LLC PAC,Rep. Jay Obernottle,2025-01-23,1000.00
"INDEPENDENCE BLUE CROSS, LLC",Independence Blue Cross LLC PAC,Rep. Herb Conaway,2025-06-30,1000.00
"INDEPENDENCE BLUE CROSS, LLC",Independence Blue Cross LLC PAC,Sen. Thom Tillis,2025-06-26,2500.00
"INDEPENDENCE BLUE CROSS, LLC",Independence Blue Cross LLC PAC,Rep. Donald Norcross,2025-06-10,2500.00
"INDEPENDENCE BLUE CROSS, LLC",Independence Blue Cross LLC PAC,Rep. Mike Bost,2025-04-22,2500.00
"INDEPENDENCE BLUE CROSS, LLC",Independence Blue Cross LLC PAC,Rep. Josh Gottheimer,2025-02-27,1000.00
"INDEPENDENCE BLUE CROSS, LLC",Independence Blue Cross LLC PAC,Rep. Lloyd Smucker,2025-03-27,2500.00
"INDEPENDENCE BLUE CROSS, LLC",Independence Blue Cross LLC PAC,Rep. Brett Guthrie,2025-02-18,1500.00
"INDEPENDENCE BLUE CROSS, LLC",Independence Blue Cross LLC PAC,Sen. Lisa Murkowski,2025-05-19,2500.00
"INDEPENDENCE BLUE CROSS, LLC",Independence Blue Cross LLC PAC,Rep. Josh Gottheimer,2025-03-11,1500.00
"INDEPENDENCE BLUE CROSS, LLC",Independence Blue Cross LLC PAC,Rep. Ryan Mackenzie,2025-05-06,2500.00
"INDEPENDENCE BLUE CROSS, LLC",Independence Blue Cross LLC PAC,Rep. Mary Gay Scanlon,2025-04-28,1000.00
"INDEPENDENCE BLUE CROSS, LLC",Independence Blue Cross LLC PAC,Rep. Brian Fitzpatrick,2025-05-19,2500.00
"INDEPENDENCE BLUE CROSS, LLC",Independence Blue Cross LLC PAC,Rep. Erin Houchin,2025-04-17,1000.00
"INDEPENDENCE BLUE CROSS, LLC",Independence Blue Cross LLC PAC,Rep. Cliff Bentz,2025-02-27,1000.00
"INDEPENDENCE BLUE CROSS, LLC",Independence Blue Cross LLC PAC,Rep. Mikie Sherrill,2025-05-19,1000.00
"INDEPENDENCE BLUE CROSS, LLC",Independence Blue Cross LLC PAC,Rep. Kevin Mullin,2025-02-27,1000.00
"INDEPENDENCE BLUE CROSS, LLC",Independence Blue Cross LLC PAC,Sen. Susan Collins,2025-02-20,1000.00
"INDEPENDENCE BLUE CROSS, LLC",Independence Blue Cross LLC PAC,Rep. Dwight Evans,2025-04-01,1000.00
"INDEPENDENCE BLUE CROSS, LLC",Independence Blue Cross LLC PAC,Rep. Brian Fitzpatrick,2025-04-01,1000.00
"INDEPENDENCE BLUE CROSS, LLC",Independence Blue Cross LLC PAC,Rep. John Joyce,2025-04-22,2500.00
"INDEPENDENCE BLUE CROSS, LLC",Independence Blue Cross LLC PAC,Rep. Stephen Horsford,2025-04-22,1000.00
"INDEPENDENCE BLUE CROSS, LLC",Independence Blue Cross LLC PAC,Democratic Congressional Campaign Committee (DCCC),2025-04-22,2500.00
"INDEPENDENCE BLUE CROSS, LLC",Independence Blue Cross LLC PAC,Rep. Rob Menendez,2025-05-19,1000.00
"INDEPENDENCE BLUE CROSS, LLC",Independence Blue Cross LLC PAC,Rep. Mike Kennedy,2025-06-10,1000.00
"INDEPENDENCE BLUE CROSS, LLC",Independence Blue Cross LLC PAC,Sen. Dave McCormick,2025-06-10,4000.00
"INDEPENDENCE BLUE CROSS, LLC",Independence Blue Cross LLC PAC,Rep. Tom Suozzi,2025-03-27,2500.00
"INDEPENDENCE BLUE CROSS, LLC",Independence Blue Cross LLC PAC,Rep. Kim Schrier,2025-04-10,1500.00
"INDEPENDENCE BLUE CROSS, LLC",Independence Blue Cross LLC PAC,Rep. Tom Emmer,2025-02-13,1000.00
"INDEPENDENCE BLUE CROSS, LLC",Independence Blue Cross LLC PAC,Rep. Guy Reschenthaler,2025-04-17,1000.00
"INDEPENDENCE BLUE CROSS, LLC",Independence Blue Cross LLC PAC,Rep. Chrissy Houlahan,2025-04-17,1000.00
"INDEPENDENCE BLUE CROSS, LLC",Independence Blue Cross LLC PAC,VOTEVETS,2025-03-06,2500.00
"INDEPENDENCE BLUE CROSS, LLC",Independence Blue Cross LLC PAC,Sen. John Thune,2025-02-27,1000.00
"INDEPENDENCE BLUE CROSS, LLC",Independence Blue Cross LLC PAC,Sen. Thom Tillis,2025-02-17,2500.00
"THE RUSSELL GROUP, INC.",,Growth Energy PAC,2025-04-02,2000.00
"THE RUSSELL GROUP, INC.",,Rep. Adrian Smith,2025-01-14,2500.00
"THE RUSSELL GROUP, INC.",,Rep. Angie Craig,2025-01-21,2500.00
"THE RUSSELL GROUP, INC.",,Senator John Boozman,2025-01-28,5000.00
"THE RUSSELL GROUP, INC.",,Rep. GT Thompson,2025-01-30,1700.00
"THE RUSSELL GROUP, INC.",,Rep. GT Thompson,2025-01-30,3300.00
"THE RUSSELL GROUP, INC.",,Rep. Doug LaMalfa,2025-02-11,1000.00
"THE RUSSELL GROUP, INC.",,Senator John Thune,2025-02-18,3000.00
"THE RUSSELL GROUP, INC.",,Senator John Thune,2025-04-02,2000.00
"THE RUSSELL GROUP, INC.",,Rep. Mike Johnson,2025-02-25,5000.00
"THE RUSSELL GROUP, INC.",,Rep. Mike Simpson,2025-03-03,1000.00
"THE RUSSELL GROUP, INC.",,Rep. Jim Costa,2025-03-06,2000.00
"THE RUSSELL GROUP, INC.",,Rep. Tracey Mann,2025-03-10,2000.00
"THE RUSSELL GROUP, INC.",,Rep. Don Davis,2025-03-26,1000.00
"THE RUSSELL GROUP, INC.",,Rep. David Rouzer,2025-04-09,1000.00
"THE RUSSELL GROUP, INC.",,Rep. David Rouzer,2025-06-10,1000.00
"THE RUSSELL GROUP, INC.",,Rep. Dan Newhouse,2025-04-09,2500.00
"THE RUSSELL GROUP, INC.",,Senator Lindsey Graham,2025-04-15,1000.00
"THE RUSSELL GROUP, INC.",,Senator Jerry Moran,2025-04-21,1000.00
"THE RUSSELL GROUP, INC.",,Rep. Brad Finstad,2025-04-21,1000.00
"THE RUSSELL GROUP, INC.",,Rep. Brad Finstad,2025-06-10,1000.00
"THE RUSSELL GROUP, INC.",,Senator Tim Scott,2025-05-05,2500.00
"THE RUSSELL GROUP, INC.",,Rep. Frank Lucas,2025-05-07,3500.00
"THE RUSSELL GROUP, INC.",,Rep. Monica de la Cruz,2025-06-10,1000.00
"THE RUSSELL GROUP, INC.",,Rep. Zach Nunn,2025-06-10,1000.00
"THE RUSSELL GROUP, INC.",,Rep. Derrick Van Orden,2025-06-10,1000.00
"THE RUSSELL GROUP, INC.",,Rep. Jimmy Panetta,2025-06-15,1000.00
"THE RUSSELL GROUP, INC.",,Rep. Ronny Jackson,2025-06-15,1500.00
"THE RUSSELL GROUP, INC.",,Growth Energy PAC,2025-04-02,2000.00
"THE RUSSELL GROUP, INC.",,Rep. Adrian Smith,2025-01-14,2500.00
"THE RUSSELL GROUP, INC.",,Rep. Angie Craig,2025-01-21,2500.00
"THE RUSSELL GROUP, INC.",,Senator John Boozman,2025-01-28,5000.00
"THE RUSSELL GROUP, INC.",,Rep. GT Thompson,2025-01-30,1700.00
"THE RUSSELL GROUP, INC.",,Rep. GT Thompson,2025-01-30,3300.00
"THE RUSSELL GROUP, INC.",,Rep. Doug LaMalfa,2025-02-11,1000.00
"THE RUSSELL GROUP, INC.",,Senator John Thune,2025-02-18,3000.00
"THE RUSSELL GROUP, INC.",,Senator John Thune,2025-04-02,2000.00
"THE RUSSELL GROUP, INC.",,Rep. Mike Johnson,2025-02-25,5000.00
"THE RUSSELL GROUP, INC.",,Rep. Mike Simpson,2025-03-03,1000.00
"THE RUSSELL GROUP, INC.",,Rep. Jim Costa,2025-03-06,2000.00
"THE RUSSELL GROUP, INC.",,Rep. Tracey Mann,2025-03-10,2000.00
"THE RUSSELL GROUP, INC.",,Rep. Don Davis,2025-03-26,1000.00
"THE RUSSELL GROUP, INC.",,Rep. David Rouzer,2025-04-09,1000.00
"THE RUSSELL GROUP, INC.",,Rep. David Rouzer,2025-06-10,1000.00
"THE RUSSELL GROUP, INC.",,Rep. Dan Newhouse,2025-04-09,2500.00
"THE RUSSELL GROUP, INC.",,Senator Lindsey Graham,2025-04-15,1000.00
"THE RUSSELL GROUP, INC.",,Senator Jerry Moran,2025-04-21,1000.00
"THE RUSSELL GROUP, INC.",,Rep. Brad Finstad,2025-04-21,1000.00
"THE RUSSELL GROUP, INC.",,Rep. Brad Finstad,2025-06-10,1000.00
"THE RUSSELL GROUP, INC.",,Senator Tim Scott,2025-05-05,2500.00
"THE RUSSELL GROUP, INC.",,Rep. Frank Lucas,2025-05-07,3500.00
"THE RUSSELL GROUP, INC.",,Rep. Monica de la Cruz,2025-06-10,1000.00
"THE RUSSELL GROUP, INC.",,Rep. Zach Nunn,2025-06-10,1000.00
"THE RUSSELL GROUP, INC.",,Rep. Derrick Van Orden,2025-06-10,1000.00
"THE RUSSELL GROUP, INC.",,Rep. Jimmy Panetta,2025-06-15,1000.00
"THE RUSSELL GROUP, INC.",,Rep. Ronny Jackson,2025-06-15,1500.00
"THE RUSSELL GROUP, INC.",,Growth Energy PAC,2025-04-02,2000.00
"THE RUSSELL GROUP, INC.",,Rep. Adrian Smith,2025-01-14,2500.00
"THE RUSSELL GROUP, INC.",,Rep. Angie Craig,2025-01-21,2500.00
"THE RUSSELL GROUP, INC.",,Senator John Boozman,2025-01-28,5000.00
"THE RUSSELL GROUP, INC.",,Rep. GT Thompson,2025-01-30,1700.00
"THE RUSSELL GROUP, INC.",,Rep. GT Thompson,2025-01-30,3300.00
"THE RUSSELL GROUP, INC.",,Rep. Doug LaMalfa,2025-02-11,1000.00
"THE RUSSELL GROUP, INC.",,Senator John Thune,2025-02-18,3000.00
"THE RUSSELL GROUP, INC.",,Senator John Thune,2025-04-02,2000.00
"THE RUSSELL GROUP, INC.",,Rep. Mike Johnson,2025-02-25,5000.00
"THE RUSSELL GROUP, INC.",,Rep. Mike Simpson,2025-03-03,1000.00
"THE RUSSELL GROUP, INC.",,Rep. Jim Costa,2025-03-06,2000.00
"THE RUSSELL GROUP, INC.",,Rep. Tracey Mann,2025-03-10,2000.00
"THE RUSSELL GROUP, INC.",,Rep. Don Davis,2025-03-26,1000.00
"THE RUSSELL GROUP, INC.",,Rep. David Rouzer,2025-04-09,1000.00
"THE RUSSELL GROUP, INC.",,Rep. David Rouzer,2025-06-10,1000.00
"THE RUSSELL GROUP, INC.",,Rep. Dan Newhouse,2025-04-09,2500.00
"THE RUSSELL GROUP, INC.",,Senator Lindsey Graham,2025-04-15,1000.00
"THE RUSSELL GROUP, INC.",,Senator Jerry Moran,2025-04-21,1000.00
"THE RUSSELL GROUP, INC.",,Rep. Brad Finstad,2025-04-21,1000.00
"THE RUSSELL GROUP, INC.",,Rep. Brad Finstad,2025-06-10,1000.00
"THE RUSSELL GROUP, INC.",,Senator Tim Scott,2025-05-05,2500.00
"THE RUSSELL GROUP, INC.",,Rep. Frank Lucas,2025-05-07,3500.00
"THE RUSSELL GROUP, INC.",,Rep. Monica de la Cruz,2025-06-10,1000.00
"THE RUSSELL GROUP, INC.",,Rep. Zach Nunn,2025-06-10,1000.00
"THE RUSSELL GROUP, INC.",,Rep. Derrick Van Orden,2025-06-10,1000.00
"THE RUSSELL GROUP, INC.",,Rep. Jimmy Panetta,2025-06-15,1000.00
"THE RUSSELL GROUP, INC.",,Rep. Ronny Jackson,2025-06-15,1500.00
"THE RUSSELL GROUP, INC.",,Growth Energy PAC,2025-04-02,2000.00
"THE RUSSELL GROUP, INC.",,Rep. Adrian Smith,2025-01-14,2500.00
"THE RUSSELL GROUP, INC.",,Rep. Angie Craig,2025-01-21,2500.00
"THE RUSSELL GROUP, INC.",,Senator John Boozman,2025-01-28,5000.00
"THE RUSSELL GROUP, INC.",,Rep. GT Thompson,2025-01-30,1700.00
"THE RUSSELL GROUP, INC.",,Rep. GT Thompson,2025-01-30,3300.00
"THE RUSSELL GROUP, INC.",,Rep. Doug LaMalfa,2025-02-11,1000.00
"THE RUSSELL GROUP, INC.",,Senator John Thune,2025-02-18,3000.00
"THE RUSSELL GROUP, INC.",,Senator John Thune,2025-04-02,2000.00
"THE RUSSELL GROUP, INC.",,Rep. Mike Johnson,2025-02-25,5000.00
"THE RUSSELL GROUP, INC.",,Rep. Mike Simpson,2025-03-03,1000.00
"THE RUSSELL GROUP, INC.",,Rep. Jim Costa,2025-03-06,2000.00
"THE RUSSELL GROUP, INC.",,Rep. Tracey Mann,2025-03-10,2000.00
"THE RUSSELL GROUP, INC.",,Rep. Don Davis,2025-03-26,1000.00
"THE RUSSELL GROUP, INC.",,Rep. David Rouzer,2025-04-09,1000.00
"THE RUSSELL GROUP, INC.",,Rep. David Rouzer,2025-06-10,1000.00
"THE RUSSELL GROUP, INC.",,Rep. Dan Newhouse,2025-04-09,2500.00
"THE RUSSELL GROUP, INC.",,Senator Lindsey Graham,2025-04-15,1000.00
"THE RUSSELL GROUP, INC.",,Senator Jerry Moran,2025-04-21,1000.00
"THE RUSSELL GROUP, INC.",,Rep. Brad Finstad,2025-04-21,1000.00
"THE RUSSELL GROUP, INC.",,Rep. Brad Finstad,2025-06-10,1000.00
"THE RUSSELL GROUP, INC.",,Senator Tim Scott,2025-05-05,2500.00
"THE RUSSELL GROUP, INC.",,Rep. Frank Lucas,2025-05-07,3500.00
"THE RUSSELL GROUP, INC.",,Rep. Monica de la Cruz,2025-06-10,1000.00
"THE RUSSELL GROUP, INC.",,Rep. Zach Nunn,2025-06-10,1000.00
"THE RUSSELL GROUP, INC.",,Rep. Derrick Van Orden,2025-06-10,1000.00
"THE RUSSELL GROUP, INC.",,Rep. Jimmy Panetta,2025-06-15,1000.00
"THE RUSSELL GROUP, INC.",,Rep. Ronny Jackson,2025-06-15,1500.00
"THE RUSSELL GROUP, INC.",,Growth Energy PAC,2025-04-02,2000.00
"THE RUSSELL GROUP, INC.",,Rep. Adrian Smith,2025-01-14,2500.00
"THE RUSSELL GROUP, INC.",,Rep. Angie Craig,2025-01-21,2500.00
"THE RUSSELL GROUP, INC.",,Senator John Boozman,2025-01-28,5000.00
"THE RUSSELL GROUP, INC.",,Rep. GT Thompson,2025-01-30,1700.00
"THE RUSSELL GROUP, INC.",,Rep. GT Thompson,2025-01-30,3300.00
"THE RUSSELL GROUP, INC.",,Rep. Doug LaMalfa,2025-02-11,1000.00
"THE RUSSELL GROUP, INC.",,Senator John Thune,2025-02-18,3000.00
"THE RUSSELL GROUP, INC.",,Senator John Thune,2025-04-02,2000.00
"THE RUSSELL GROUP, INC.",,Rep. Mike Johnson,2025-02-25,5000.00
"THE RUSSELL GROUP, INC.",,Rep. Mike Simpson,2025-03-03,1000.00
"THE RUSSELL GROUP, INC.",,Rep. Jim Costa,2025-03-06,2000.00
"THE RUSSELL GROUP, INC.",,Rep. Tracey Mann,2025-03-10,2000.00
"THE RUSSELL GROUP, INC.",,Rep. Don Davis,2025-03-26,1000.00
"THE RUSSELL GROUP, INC.",,Rep. David Rouzer,2025-04-09,1000.00
"THE RUSSELL GROUP, INC.",,Rep. David Rouzer,2025-06-10,1000.00
"THE RUSSELL GROUP, INC.",,Rep. Dan Newhouse,2025-04-09,2500.00
"THE RUSSELL GROUP, INC.",,Senator Lindsey Graham,2025-04-15,1000.00
"THE RUSSELL GROUP, INC.",,Senator Jerry Moran,2025-04-21,1000.00
"THE RUSSELL GROUP, INC.",,Rep. Brad Finstad,2025-04-21,1000.00
"THE RUSSELL GROUP, INC.",,Rep. Brad Finstad,2025-06-10,1000.00
"THE RUSSELL GROUP, INC.",,Senator Tim Scott,2025-05-05,2500.00
"THE RUSSELL GROUP, INC.",,Rep. Frank Lucas,2025-05-07,3500.00
"THE RUSSELL GROUP, INC.",,Rep. Monica de la Cruz,2025-06-10,1000.00
"THE RUSSELL GROUP, INC.",,Rep. Zach Nunn,2025-06-10,1000.00
"THE RUSSELL GROUP, INC.",,Rep. Derrick Van Orden,2025-06-10,1000.00
"THE RUSSELL GROUP, INC.",,Rep. Jimmy Panetta,2025-06-15,1000.00
"THE RUSSELL GROUP, INC.",,Rep. Ronny Jackson,2025-06-15,1500.00
"THE RUSSELL GROUP, INC.",,Growth Energy PAC,2025-04-02,2000.00
"THE RUSSELL GROUP, INC.",,Rep. Adrian Smith,2025-01-14,2500.00
"THE RUSSELL GROUP, INC.",,Rep. Angie Craig,2025-01-21,2500.00
"THE RUSSELL GROUP, INC.",,Senator John Boozman,2025-01-28,5000.00
"THE RUSSELL GROUP, INC.",,Rep. GT Thompson,2025-01-30,1700.00
"THE RUSSELL GROUP, INC.",,Rep. GT Thompson,2025-01-30,3300.00
"THE RUSSELL GROUP, INC.",,Rep. Doug LaMalfa,2025-02-11,1000.00
"THE RUSSELL GROUP, INC.",,Senator John Thune,2025-02-18,3000.00
"THE RUSSELL GROUP, INC.",,Senator John Thune,2025-04-02,2000.00
"THE RUSSELL GROUP, INC.",,Rep. Mike Johnson,2025-02-25,5000.00
"THE RUSSELL GROUP, INC.",,Rep. Mike Simpson,2025-03-03,1000.00
"THE RUSSELL GROUP, INC.",,Rep. Jim Costa,2025-03-06,2000.00
"THE RUSSELL GROUP, INC.",,Rep. Tracey Mann,2025-03-10,2000.00
"THE RUSSELL GROUP, INC.",,Rep. Don Davis,2025-03-26,1000.00
"THE RUSSELL GROUP, INC.",,Rep. David Rouzer,2025-04-09,1000.00
"THE RUSSELL GROUP, INC.",,Rep. David Rouzer,2025-06-10,1000.00
"THE RUSSELL GROUP, INC.",,Rep. Dan Newhouse,2025-04-09,2500.00
"THE RUSSELL GROUP, INC.",,Senator Lindsey Graham,2025-04-15,1000.00
"THE RUSSELL GROUP, INC.",,Senator Jerry Moran,2025-04-21,1000.00
"THE RUSSELL GROUP, INC.",,Rep. Brad Finstad,2025-04-21,1000.00
"THE RUSSELL GROUP, INC.",,Rep. Brad Finstad,2025-06-10,1000.00
"THE RUSSELL GROUP, INC.",,Senator Tim Scott,2025-05-05,2500.00
"THE RUSSELL GROUP, INC.",,Rep. Frank Lucas,2025-05-07,3500.00
"THE RUSSELL GROUP, INC.",,Rep. Monica de la Cruz,2025-06-10,1000.00
"THE RUSSELL GROUP, INC.",,Rep. Zach Nunn,2025-06-10,1000.00
"THE RUSSELL GROUP, INC.",,Rep. Derrick Van Orden,2025-06-10,1000.00
"THE RUSSELL GROUP, INC.",,Rep. Jimmy Panetta,2025-06-15,1000.00
"THE RUSSELL GROUP, INC.",,Rep. Ronny Jackson,2025-06-15,1500.00
"THE RUSSELL GROUP, INC.",,Growth Energy PAC,2025-04-02,2000.00
"THE RUSSELL GROUP, INC.",,Rep. Adrian Smith,2025-01-14,2500.00
"THE RUSSELL GROUP, INC.",,Rep. Angie Craig,2025-01-21,2500.00
"THE RUSSELL GROUP, INC.",,Senator John Boozman,2025-01-28,5000.00
"THE RUSSELL GROUP, INC.",,Rep. GT Thompson,2025-01-30,1700.00
"THE RUSSELL GROUP, INC.",,Rep. GT Thompson,2025-01-30,3300.00
"THE RUSSELL GROUP, INC.",,Rep. Doug LaMalfa,2025-02-11,1000.00
"THE RUSSELL GROUP, INC.",,Senator John Thune,2025-02-18,3000.00
"THE RUSSELL GROUP, INC.",,Senator John Thune,2025-04-02,2000.00
"THE RUSSELL GROUP, INC.",,Rep. Mike Johnson,2025-02-25,5000.00
"THE RUSSELL GROUP, INC.",,Rep. Mike Simpson,2025-03-03,1000.00
"THE RUSSELL GROUP, INC.",,Rep. Jim Costa,2025-03-06,2000.00
"THE RUSSELL GROUP, INC.",,Rep. Tracey Mann,2025-03-10,2000.00
"THE RUSSELL GROUP, INC.",,Rep. Don Davis,2025-03-26,1000.00
"THE RUSSELL GROUP, INC.",,Rep. David Rouzer,2025-04-09,1000.00
"THE RUSSELL GROUP, INC.",,Rep. David Rouzer,2025-06-10,1000.00
"THE RUSSELL GROUP, INC.",,Rep. Dan Newhouse,2025-04-09,2500.00
"THE RUSSELL GROUP, INC.",,Senator Lindsey Graham,2025-04-15,1000.00
"THE RUSSELL GROUP, INC.",,Senator Jerry Moran,2025-04-21,1000.00
"THE RUSSELL GROUP, INC.",,Rep. Brad Finstad,2025-04-21,1000.00
"THE RUSSELL GROUP, INC.",,Rep. Brad Finstad,2025-06-10,1000.00
"THE RUSSELL GROUP, INC.",,Senator Tim Scott,2025-05-05,2500.00
"THE RUSSELL GROUP, INC.",,Rep. Frank Lucas,2025-05-07,3500.00
"THE RUSSELL GROUP, INC.",,Rep. Monica de la Cruz,2025-06-10,1000.00
"THE RUSSELL GROUP, INC.",,Rep. Zach Nunn,2025-06-10,1000.00
"THE RUSSELL GROUP, INC.",,Rep. Derrick Van Orden,2025-06-10,1000.00
"THE RUSSELL GROUP, INC.",,Rep. Jimmy Panetta,2025-06-15,1000.00
"THE RUSSELL GROUP, INC.",,Rep. Ronny Jackson,2025-06-15,1500.00
"THE RUSSELL GROUP, INC.",,Growth Energy PAC,2025-04-02,2000.00
"THE RUSSELL GROUP, INC.",,Rep. Adrian Smith,2025-01-14,2500.00
"THE RUSSELL GROUP, INC.",,Rep. Angie Craig,2025-01-21,2500.00
"THE RUSSELL GROUP, INC.",,Senator John Boozman,2025-01-28,5000.00
"THE RUSSELL GROUP, INC.",,Rep. GT Thompson,2025-01-30,1700.00
"THE RUSSELL GROUP, INC.",,Rep. GT Thompson,2025-01-30,3300.00
"THE RUSSELL GROUP, INC.",,Rep. Doug LaMalfa,2025-02-11,1000.00
"THE RUSSELL GROUP, INC.",,Senator John Thune,2025-02-18,3000.00
"THE RUSSELL GROUP, INC.",,Senator John Thune,2025-04-02,2000.00
"THE RUSSELL GROUP, INC.",,Rep. Mike Johnson,2025-02-25,5000.00
"THE RUSSELL GROUP, INC.",,Rep. Mike Simpson,2025-03-03,1000.00
"THE RUSSELL GROUP, INC.",,Rep. Jim Costa,2025-03-06,2000.00
"THE RUSSELL GROUP, INC.",,Rep. Tracey Mann,2025-03-10,2000.00
"THE RUSSELL GROUP, INC.",,Rep. Don Davis,2025-03-26,1000.00
"THE RUSSELL GROUP, INC.",,Rep. David Rouzer,2025-04-09,1000.00
"THE RUSSELL GROUP, INC.",,Rep. David Rouzer,2025-06-10,1000.00
"THE RUSSELL GROUP, INC.",,Rep. Dan Newhouse,2025-04-09,2500.00
"THE RUSSELL GROUP, INC.",,Senator Lindsey Graham,2025-04-15,1000.00
"THE RUSSELL GROUP, INC.",,Senator Jerry Moran,2025-04-21,1000.00
"THE RUSSELL GROUP, INC.",,Rep. Brad Finstad,2025-04-21,1000.00
"THE RUSSELL GROUP, INC.",,Rep. Brad Finstad,2025-06-10,1000.00
"THE RUSSELL GROUP, INC.",,Senator Tim Scott,2025-05-05,2500.00
"THE RUSSELL GROUP, INC.",,Rep. Frank Lucas,2025-05-07,3500.00
"THE RUSSELL GROUP, INC.",,Rep. Monica de la Cruz,2025-06-10,1000.00
"THE RUSSELL GROUP, INC.",,Rep. Zach Nunn,2025-06-10,1000.00
"THE RUSSELL GROUP, INC.",,Rep. Derrick Van Orden,2025-06-10,1000.00
"THE RUSSELL GROUP, INC.",,Rep. Jimmy Panetta,2025-06-15,1000.00
"THE RUSSELL GROUP, INC.",,Rep. Ronny Jackson,2025-06-15,1500.00
"THE RUSSELL GROUP, INC.",,Growth Energy PAC,2025-04-02,2000.00
"THE RUSSELL GROUP, INC.",,Rep. Adrian Smith,2025-01-14,2500.00
"THE RUSSELL GROUP, INC.",,Rep. Angie Craig,2025-01-21,2500.00
"THE RUSSELL GROUP, INC.",,Senator John Boozman,2025-01-28,5000.00
"THE RUSSELL GROUP, INC.",,Rep. GT Thompson,2025-01-30,1700.00
"THE RUSSELL GROUP, INC.",,Rep. GT Thompson,2025-01-30,3300.00
"THE RUSSELL GROUP, INC.",,Rep. Doug LaMalfa,2025-02-11,1000.00
"THE RUSSELL GROUP, INC.",,Senator John Thune,2025-02-18,3000.00
"THE RUSSELL GROUP, INC.",,Senator John Thune,2025-04-02,2000.00
"THE RUSSELL GROUP, INC.",,Rep. Mike Johnson,2025-02-25,5000.00
"THE RUSSELL GROUP, INC.",,Rep. Mike Simpson,2025-03-03,1000.00
"THE RUSSELL GROUP, INC.",,Rep. Jim Costa,2025-03-06,2000.00
"THE RUSSELL GROUP, INC.",,Rep. Tracey Mann,2025-03-10,2000.00
"THE RUSSELL GROUP, INC.",,Rep. Don Davis,2025-03-26,1000.00
"THE RUSSELL GROUP, INC.",,Rep. David Rouzer,2025-04-09,1000.00
"THE RUSSELL GROUP, INC.",,Rep. David Rouzer,2025-06-10,1000.00
"THE RUSSELL GROUP, INC.",,Rep. Dan Newhouse,2025-04-09,2500.00
"THE RUSSELL GROUP, INC.",,Senator Lindsey Graham,2025-04-15,1000.00
"THE RUSSELL GROUP, INC.",,Senator Jerry Moran,2025-04-21,1000.00
"THE RUSSELL GROUP, INC.",,Rep. Brad Finstad,2025-04-21,1000.00
"THE RUSSELL GROUP, INC.",,Rep. Brad Finstad,2025-06-10,1000.00
"THE RUSSELL GROUP, INC.",,Senator Tim Scott,2025-05-05,2500.00
"THE RUSSELL GROUP, INC.",,Rep. Frank Lucas,2025-05-07,3500.00
"THE RUSSELL GROUP, INC.",,Rep. Monica de la Cruz,2025-06-10,1000.00
"THE RUSSELL GROUP, INC.",,Rep. Zach Nunn,2025-06-10,1000.00
"THE RUSSELL GROUP, INC.",,Rep. Derrick Van Orden,2025-06-10,1000.00
"THE RUSSELL GROUP, INC.",,Rep. Jimmy Panetta,2025-06-15,1000.00
"THE RUSSELL GROUP, INC.",,Rep. Ronny Jackson,2025-06-15,1500.00
"THE RUSSELL GROUP, INC.",,Growth Energy PAC,2025-04-02,2000.00
"THE RUSSELL GROUP, INC.",,Rep. Adrian Smith,2025-01-14,2500.00
"THE RUSSELL GROUP, INC.",,Rep. Angie Craig,2025-01-21,2500.00
"THE RUSSELL GROUP, INC.",,Senator John Boozman,2025-01-28,5000.00
"THE RUSSELL GROUP, INC.",,Rep. GT Thompson,2025-01-30,1700.00
"THE RUSSELL GROUP, INC.",,Rep. GT Thompson,2025-01-30,3300.00
"THE RUSSELL GROUP, INC.",,Rep. Doug LaMalfa,2025-02-11,1000.00
"THE RUSSELL GROUP, INC.",,Senator John Thune,2025-02-18,3000.00
"THE RUSSELL GROUP, INC.",,Senator John Thune,2025-04-02,2000.00
"THE RUSSELL GROUP, INC.",,Rep. Mike Johnson,2025-02-25,5000.00
"THE RUSSELL GROUP, INC.",,Rep. Mike Simpson,2025-03-03,1000.00
"THE RUSSELL GROUP, INC.",,Rep. Jim Costa,2025-03-06,2000.00
"THE RUSSELL GROUP, INC.",,Rep. Tracey Mann,2025-03-10,2000.00
"THE RUSSELL GROUP, INC.",,Rep. Don Davis,2025-03-26,1000.00
"THE RUSSELL GROUP, INC.",,Rep. David Rouzer,2025-04-09,1000.00
"THE RUSSELL GROUP, INC.",,Rep. David Rouzer,2025-06-10,1000.00
"THE RUSSELL GROUP, INC.",,Rep. Dan Newhouse,2025-04-09,2500.00
"THE RUSSELL GROUP, INC.",,Senator Lindsey Graham,2025-04-15,1000.00
"THE RUSSELL GROUP, INC.",,Senator Jerry Moran,2025-04-21,1000.00
"THE RUSSELL GROUP, INC.",,Rep. Brad Finstad,2025-04-21,1000.00
"THE RUSSELL GROUP, INC.",,Rep. Brad Finstad,2025-06-10,1000.00
"THE RUSSELL GROUP, INC.",,Senator Tim Scott,2025-05-05,2500.00
"THE RUSSELL GROUP, INC.",,Rep. Frank Lucas,2025-05-07,3500.00
"THE RUSSELL GROUP, INC.",,Rep. Monica de la Cruz,2025-06-10,1000.00
"THE RUSSELL GROUP, INC.",,Rep. Zach Nunn,2025-06-10,1000.00
"THE RUSSELL GROUP, INC.",,Rep. Derrick Van Orden,2025-06-10,1000.00
"THE RUSSELL GROUP, INC.",,Rep. Jimmy Panetta,2025-06-15,1000.00
"THE RUSSELL GROUP, INC.",,Rep. Ronny Jackson,2025-06-15,1500.00
"THE RUSSELL GROUP, INC.",,Growth Energy PAC,2025-04-02,2000.00
"THE RUSSELL GROUP, INC.",,Rep. Adrian Smith,2025-01-14,2500.00
"THE RUSSELL GROUP, INC.",,Rep. Angie Craig,2025-01-21,2500.00
"THE RUSSELL GROUP, INC.",,Senator John Boozman,2025-01-28,5000.00
"THE RUSSELL GROUP, INC.",,Rep. GT Thompson,2025-01-30,1700.00
"THE RUSSELL GROUP, INC.",,Rep. GT Thompson,2025-01-30,3300.00
"THE RUSSELL GROUP, INC.",,Rep. Doug LaMalfa,2025-02-11,1000.00
"THE RUSSELL GROUP, INC.",,Senator John Thune,2025-02-18,3000.00
"THE RUSSELL GROUP, INC.",,Senator John Thune,2025-04-02,2000.00
"THE RUSSELL GROUP, INC.",,Rep. Mike Johnson,2025-02-25,5000.00
"THE RUSSELL GROUP, INC.",,Rep. Mike Simpson,2025-03-03,1000.00
"THE RUSSELL GROUP, INC.",,Rep. Jim Costa,2025-03-06,2000.00
"THE RUSSELL GROUP, INC.",,Rep. Tracey Mann,2025-03-10,2000.00
"THE RUSSELL GROUP, INC.",,Rep. Don Davis,2025-03-26,1000.00
"THE RUSSELL GROUP, INC.",,Rep. David Rouzer,2025-04-09,1000.00
"THE RUSSELL GROUP, INC.",,Rep. David Rouzer,2025-06-10,1000.00
"THE RUSSELL GROUP, INC.",,Rep. Dan Newhouse,2025-04-09,2500.00
"THE RUSSELL GROUP, INC.",,Senator Lindsey Graham,2025-04-15,1000.00
"THE RUSSELL GROUP, INC.",,Senator Jerry Moran,2025-04-21,1000.00
"THE RUSSELL GROUP, INC.",,Rep. Brad Finstad,2025-04-21,1000.00
"THE RUSSELL GROUP, INC.",,Rep. Brad Finstad,2025-06-10,1000.00
"THE RUSSELL GROUP, INC.",,Senator Tim Scott,2025-05-05,2500.00
"THE RUSSELL GROUP, INC.",,Rep. Frank Lucas,2025-05-07,3500.00
"THE RUSSELL GROUP, INC.",,Rep. Monica de la Cruz,2025-06-10,1000.00
"THE RUSSELL GROUP, INC.",,Rep. Zach Nunn,2025-06-10,1000.00
"THE RUSSELL GROUP, INC.",,Rep. Derrick Van Orden,2025-06-10,1000.00
"THE RUSSELL GROUP, INC.",,Rep. Jimmy Panetta,2025-06-15,1000.00
"THE RUSSELL GROUP, INC.",,Rep. Ronny Jackson,2025-06-15,1500.00
"THE RUSSELL GROUP, INC.",,Growth Energy PAC,2025-04-02,2000.00
"THE RUSSELL GROUP, INC.",,Rep. Adrian Smith,2025-01-14,2500.00
"THE RUSSELL GROUP, INC.",,Rep. Angie Craig,2025-01-21,2500.00
"THE RUSSELL GROUP, INC.",,Senator John Boozman,2025-01-28,5000.00
"THE RUSSELL GROUP, INC.",,Rep. GT Thompson,2025-01-30,1700.00
"THE RUSSELL GROUP, INC.",,Rep. GT Thompson,2025-01-30,3300.00
"THE RUSSELL GROUP, INC.",,Rep. Doug LaMalfa,2025-02-11,1000.00
"THE RUSSELL GROUP, INC.",,Senator John Thune,2025-02-18,3000.00
"THE RUSSELL GROUP, INC.",,Senator John Thune,2025-04-02,2000.00
"THE RUSSELL GROUP, INC.",,Rep. Mike Johnson,2025-02-25,5000.00
"THE RUSSELL GROUP, INC.",,Rep. Mike Simpson,2025-03-03,1000.00
"THE RUSSELL GROUP, INC.",,Rep. Jim Costa,2025-03-06,2000.00
"THE RUSSELL GROUP, INC.",,Rep. Tracey Mann,2025-03-10,2000.00
"THE RUSSELL GROUP, INC.",,Rep. Don Davis,2025-03-26,1000.00
"THE RUSSELL GROUP, INC.",,Rep. David Rouzer,2025-04-09,1000.00
"THE RUSSELL GROUP, INC.",,Rep. David Rouzer,2025-06-10,1000.00
"THE RUSSELL GROUP, INC.",,Rep. Dan Newhouse,2025-04-09,2500.00
"THE RUSSELL GROUP, INC.",,Senator Lindsey Graham,2025-04-15,1000.00
"THE RUSSELL GROUP, INC.",,Senator Jerry Moran,2025-04-21,1000.00
"THE RUSSELL GROUP, INC.",,Rep. Brad Finstad,2025-04-21,1000.00
"THE RUSSELL GROUP, INC.",,Rep. Brad Finstad,2025-06-10,1000.00
"THE RUSSELL GROUP, INC.",,Senator Tim Scott,2025-05-05,2500.00
"THE RUSSELL GROUP, INC.",,Rep. Frank Lucas,2025-05-07,3500.00
"THE RUSSELL GROUP, INC.",,Rep. Monica de la Cruz,2025-06-10,1000.00
"THE RUSSELL GROUP, INC.",,Rep. Zach Nunn,2025-06-10,1000.00
"THE RUSSELL GROUP, INC.",,Rep. Derrick Van Orden,2025-06-10,1000.00
"THE RUSSELL GROUP, INC.",,Rep. Jimmy Panetta,2025-06-15,1000.00
"THE RUSSELL GROUP, INC.",,Rep. Ronny Jackson,2025-06-15,1500.00
"THE RUSSELL GROUP, INC.",,Growth Energy PAC,2025-04-02,2000.00
"THE RUSSELL GROUP, INC.",,Rep. Adrian Smith,2025-01-14,2500.00
"THE RUSSELL GROUP, INC.",,Rep. Angie Craig,2025-01-21,2500.00
"THE RUSSELL GROUP, INC.",,Senator John Boozman,2025-01-28,5000.00
"THE RUSSELL GROUP, INC.",,Rep. GT Thompson,2025-01-30,1700.00
"THE RUSSELL GROUP, INC.",,Rep. GT Thompson,2025-01-30,3300.00
"THE RUSSELL GROUP, INC.",,Rep. Doug LaMalfa,2025-02-11,1000.00
"THE RUSSELL GROUP, INC.",,Senator John Thune,2025-02-18,3000.00
"THE RUSSELL GROUP, INC.",,Senator John Thune,2025-04-02,2000.00
"THE RUSSELL GROUP, INC.",,Rep. Mike Johnson,2025-02-25,5000.00
"THE RUSSELL GROUP, INC.",,Rep. Mike Simpson,2025-03-03,1000.00
"THE RUSSELL GROUP, INC.",,Rep. Jim Costa,2025-03-06,2000.00
"THE RUSSELL GROUP, INC.",,Rep. Tracey Mann,2025-03-10,2000.00
"THE RUSSELL GROUP, INC.",,Rep. Don Davis,2025-03-26,1000.00
"THE RUSSELL GROUP, INC.",,Rep. David Rouzer,2025-04-09,1000.00
"THE RUSSELL GROUP, INC.",,Rep. David Rouzer,2025-06-10,1000.00
"THE RUSSELL GROUP, INC.",,Rep. Dan Newhouse,2025-04-09,2500.00
"THE RUSSELL GROUP, INC.",,Senator Lindsey Graham,2025-04-15,1000.00
"THE RUSSELL GROUP, INC.",,Senator Jerry Moran,2025-04-21,1000.00
"THE RUSSELL GROUP, INC.",,Rep. Brad Finstad,2025-04-21,1000.00
"THE RUSSELL GROUP, INC.",,Rep. Brad Finstad,2025-06-10,1000.00
"THE RUSSELL GROUP, INC.",,Senator Tim Scott,2025-05-05,2500.00
"THE RUSSELL GROUP, INC.",,Rep. Frank Lucas,2025-05-07,3500.00
"THE RUSSELL GROUP, INC.",,Rep. Monica de la Cruz,2025-06-10,1000.00
"THE RUSSELL GROUP, INC.",,Rep. Zach Nunn,2025-06-10,1000.00
"THE RUSSELL GROUP, INC.",,Rep. Derrick Van Orden,2025-06-10,1000.00
"THE RUSSELL GROUP, INC.",,Rep. Jimmy Panetta,2025-06-15,1000.00
"THE RUSSELL GROUP, INC.",,Rep. Ronny Jackson,2025-06-15,1500.00
"THE RUSSELL GROUP, INC.",,Growth Energy PAC,2025-04-02,2000.00
"THE RUSSELL GROUP, INC.",,Rep. Adrian Smith,2025-01-14,2500.00
"THE RUSSELL GROUP, INC.",,Rep. Angie Craig,2025-01-21,2500.00
"THE RUSSELL GROUP, INC.",,Senator John Boozman,2025-01-28,5000.00
"THE RUSSELL GROUP, INC.",,Rep. GT Thompson,2025-01-30,1700.00
"THE RUSSELL GROUP, INC.",,Rep. GT Thompson,2025-01-30,3300.00
"THE RUSSELL GROUP, INC.",,Rep. Doug LaMalfa,2025-02-11,1000.00
"THE RUSSELL GROUP, INC.",,Senator John Thune,2025-02-18,3000.00
"THE RUSSELL GROUP, INC.",,Senator John Thune,2025-04-02,2000.00
"THE RUSSELL GROUP, INC.",,Rep. Mike Johnson,2025-02-25,5000.00
"THE RUSSELL GROUP, INC.",,Rep. Mike Simpson,2025-03-03,1000.00
"THE RUSSELL GROUP, INC.",,Rep. Jim Costa,2025-03-06,2000.00
"THE RUSSELL GROUP, INC.",,Rep. Tracey Mann,2025-03-10,2000.00
"THE RUSSELL GROUP, INC.",,Rep. Don Davis,2025-03-26,1000.00
"THE RUSSELL GROUP, INC.",,Rep. David Rouzer,2025-04-09,1000.00
"THE RUSSELL GROUP, INC.",,Rep. David Rouzer,2025-06-10,1000.00
"THE RUSSELL GROUP, INC.",,Rep. Dan Newhouse,2025-04-09,2500.00
"THE RUSSELL GROUP, INC.",,Senator Lindsey Graham,2025-04-15,1000.00
"THE RUSSELL GROUP, INC.",,Senator Jerry Moran,2025-04-21,1000.00
"THE RUSSELL GROUP, INC.",,Rep. Brad Finstad,2025-04-21,1000.00
"THE RUSSELL GROUP, INC.",,Rep. Brad Finstad,2025-06-10,1000.00
"THE RUSSELL GROUP, INC.",,Senator Tim Scott,2025-05-05,2500.00
"THE RUSSELL GROUP, INC.",,Rep. Frank Lucas,2025-05-07,3500.00
"THE RUSSELL GROUP, INC.",,Rep. Monica de la Cruz,2025-06-10,1000.00
"THE RUSSELL GROUP, INC.",,Rep. Zach Nunn,2025-06-10,1000.00
"THE RUSSELL GROUP, INC.",,Rep. Derrick Van Orden,2025-06-10,1000.00
"THE RUSSELL GROUP, INC.",,Rep. Jimmy Panetta,2025-06-15,1000.00
"THE RUSSELL GROUP, INC.",,Rep. Ronny Jackson,2025-06-15,1500.00
"THE RUSSELL GROUP, INC.",,Growth Energy PAC,2025-04-02,2000.00
"THE RUSSELL GROUP, INC.",,Rep. Adrian Smith,2025-01-14,2500.00
"THE RUSSELL GROUP, INC.",,Rep. Angie Craig,2025-01-21,2500.00
"THE RUSSELL GROUP, INC.",,Senator John Boozman,2025-01-28,5000.00
"THE RUSSELL GROUP, INC.",,Rep. GT Thompson,2025-01-30,1700.00
"THE RUSSELL GROUP, INC.",,Rep. GT Thompson,2025-01-30,3300.00
"THE RUSSELL GROUP, INC.",,Rep. Doug LaMalfa,2025-02-11,1000.00
"THE RUSSELL GROUP, INC.",,Senator John Thune,2025-02-18,3000.00
"THE RUSSELL GROUP, INC.",,Senator John Thune,2025-04-02,2000.00
"THE RUSSELL GROUP, INC.",,Rep. Mike Johnson,2025-02-25,5000.00
"THE RUSSELL GROUP, INC.",,Rep. Mike Simpson,2025-03-03,1000.00
"THE RUSSELL GROUP, INC.",,Rep. Jim Costa,2025-03-06,2000.00
"THE RUSSELL GROUP, INC.",,Rep. Tracey Mann,2025-03-10,2000.00
"THE RUSSELL GROUP, INC.",,Rep. Don Davis,2025-03-26,1000.00
"THE RUSSELL GROUP, INC.",,Rep. David Rouzer,2025-04-09,1000.00
"THE RUSSELL GROUP, INC.",,Rep. David Rouzer,2025-06-10,1000.00
"THE RUSSELL GROUP, INC.",,Rep. Dan Newhouse,2025-04-09,2500.00
"THE RUSSELL GROUP, INC.",,Senator Lindsey Graham,2025-04-15,1000.00
"THE RUSSELL GROUP, INC.",,Senator Jerry Moran,2025-04-21,1000.00
"THE RUSSELL GROUP, INC.",,Rep. Brad Finstad,2025-04-21,1000.00
"THE RUSSELL GROUP, INC.",,Rep. Brad Finstad,2025-06-10,1000.00
"THE RUSSELL GROUP, INC.",,Senator Tim Scott,2025-05-05,2500.00
"THE RUSSELL GROUP, INC.",,Rep. Frank Lucas,2025-05-07,3500.00
"THE RUSSELL GROUP, INC.",,Rep. Monica de la Cruz,2025-06-10,1000.00
"THE RUSSELL GROUP, INC.",,Rep. Zach Nunn,2025-06-10,1000.00
"THE RUSSELL GROUP, INC.",,Rep. Derrick Van Orden,2025-06-10,1000.00
"THE RUSSELL GROUP, INC.",,Rep. Jimmy Panetta,2025-06-15,1000.00
"THE RUSSELL GROUP, INC.",,Rep. Ronny Jackson,2025-06-15,1500.00
OGR,,Rep. Frank Pallone Jr.,2025-01-25,3300.00
OGR,,New Jersey Democratic State Committee-Victory Federal 2026,2025-03-30,2500.00
OGR,,Rep. Herb Conaway,2025-03-30,500.00
OGR,,Sen. Mark Kelly,2025-03-30,2500.00
OGR,,Elect Democratic Women,2025-04-14,76.00
OGR,,Norma Torres,2025-06-10,500.00
OGR,,Sen. Andy Kim,2025-06-10,500.00
OGR,,Adelita Grijalva,2025-06-10,1000.00
OGR,,"Rep. Frank Pallone, Jr.",2025-06-10,3500.00
OGR,,Rep. Katherine Clark,2025-06-10,5000.00
OGR,,Rep. Lori Trahan,2025-06-10,2500.00
OGR,,Ruben Gallego,2025-06-26,1000.00
OGR,,Scott Peters,2025-06-26,500.00
OGR,,Rep. Frank Pallone Jr.,2025-01-25,3300.00
OGR,,New Jersey Democratic State Committee-Victory Federal 2026,2025-03-30,2500.00
OGR,,Rep. Herb Conaway,2025-03-30,500.00
OGR,,Sen. Mark Kelly,2025-03-30,2500.00
OGR,,Elect Democratic Women,2025-04-14,76.00
OGR,,Norma Torres,2025-06-10,500.00
OGR,,Sen. Andy Kim,2025-06-10,500.00
OGR,,Adelita Grijalva,2025-06-10,1000.00
OGR,,"Rep. Frank Pallone, Jr.",2025-06-10,3500.00
OGR,,Rep. Katherine Clark,2025-06-10,5000.00
OGR,,Rep. Lori Trahan,2025-06-10,2500.00
OGR,,Ruben Gallego,2025-06-26,1000.00
OGR,,Scott Peters,2025-06-26,500.00
RICH FEUER ANDERSON,,Ruben Gallego,2025-05-13,500.00
RICH FEUER ANDERSON,,Jim Himes,2025-03-25,500.00
RICH FEUER ANDERSON,,Mark Warner,2025-04-09,1000.00
RICH FEUER ANDERSON,,Brittany Pettersen,2025-06-11,1000.00
RICH FEUER ANDERSON,,Ruben Gallego,2025-05-13,500.00
RICH FEUER ANDERSON,,Jim Himes,2025-03-25,500.00
RICH FEUER ANDERSON,,Mark Warner,2025-04-09,1000.00
RICH FEUER ANDERSON,,Brittany Pettersen,2025-06-11,1000.00
CARNEGIE MELLON UNIVERSITY,,Chrissy Houlihan,2025-05-15,1000.00
"CITIGROUP WASHINGTON, INC.",,Senator Barrasso (R-WY),2025-05-01,1000.00
"CITIGROUP WASHINGTON, INC.",,Senator Dan Sullivan (R-AK),2025-05-07,3500.00
SYNCHRONY FINANCIAL,Synchrony Financial Employees Political Action Committee,Rep. Andy Barr,2025-03-25,5000.00
SYNCHRONY FINANCIAL,Synchrony Financial Employees Political Action Committee,Rep. Blake Moore,2025-03-25,5000.00
SYNCHRONY FINANCIAL,Synchrony Financial Employees Political Action Committee,Rep. French Hill,2025-03-25,5000.00
SYNCHRONY FINANCIAL,Synchrony Financial Employees Political Action Committee,Rep. Gwen Moore,2025-03-25,5000.00
SYNCHRONY FINANCIAL,Synchrony Financial Employees Political Action Committee,Rep. Zach Nunn,2025-03-25,5000.00
SYNCHRONY FINANCIAL,Synchrony Financial Employees Political Action Committee,Members of the Congressional LGBTQ Equality Caucus,2025-03-25,5000.00
SYNCHRONY FINANCIAL,Synchrony Financial Employees Political Action Committee,Rep. Ann Wagner,2025-03-25,2500.00
SYNCHRONY FINANCIAL,Synchrony Financial Employees Political Action Committee,Rep. Bryan Steil,2025-03-25,2500.00
SYNCHRONY FINANCIAL,Synchrony Financial Employees Political Action Committee,Rep. Jim Himes,2025-03-25,2500.00
SYNCHRONY FINANCIAL,Synchrony Financial Employees Political Action Committee,Rep. Lisa McClain,2025-03-25,2500.00
SYNCHRONY FINANCIAL,Synchrony Financial Employees Political Action Committee,Rep. Bill Foster,2025-03-25,1000.00
SYNCHRONY FINANCIAL,Synchrony Financial Employees Political Action Committee,Rep. Brad Schneider,2025-03-25,1000.00
SYNCHRONY FINANCIAL,Synchrony Financial Employees Political Action Committee,Rep. Brittany Pettersen,2025-03-25,1000.00
SYNCHRONY FINANCIAL,Synchrony Financial Employees Political Action Committee,Rep. Joe Neguse,2025-03-25,1000.00
SYNCHRONY FINANCIAL,Synchrony Financial Employees Political Action Committee,Rep. Terri Sewell,2025-03-25,1000.00
SYNCHRONY FINANCIAL,Synchrony Financial Employees Political Action Committee,Rep. Emilia Sykes,2025-03-31,5000.00
SYNCHRONY FINANCIAL,Synchrony Financial Employees Political Action Committee,Rep. Young Kim,2025-03-31,5000.00
SYNCHRONY FINANCIAL,Synchrony Financial Employees Political Action Committee,Members of the Congressional Black Caucus,2025-03-31,5000.00
SYNCHRONY FINANCIAL,Synchrony Financial Employees Political Action Committee,Rep. Young Kim,2025-03-31,2500.00
SYNCHRONY FINANCIAL,Synchrony Financial Employees Political Action Committee,Rep. Rich McCormick,2025-04-30,2500.00
SYNCHRONY FINANCIAL,Synchrony Financial Employees Political Action Committee,Rep. Mike Carey,2025-05-06,5000.00
SYNCHRONY FINANCIAL,Synchrony Financial Employees Political Action Committee,Rep. Mike Carey,2025-05-06,5000.00
SYNCHRONY FINANCIAL,Synchrony Financial Employees Political Action Committee,DSCC,2025-06-20,15000.00
SYNCHRONY FINANCIAL,Synchrony Financial Employees Political Action Committee,Rep. Bill Huizenga,2025-06-20,5000.00
SYNCHRONY FINANCIAL,Synchrony Financial Employees Political Action Committee,Rep. Gwen Moore,2025-06-20,5000.00
SYNCHRONY FINANCIAL,Synchrony Financial Employees Political Action Committee,Rep. Tom Emmer,2025-06-20,5000.00
SYNCHRONY FINANCIAL,Synchrony Financial Employees Political Action Committee,Sen. Thom Tillis,2025-06-20,5000.00
SYNCHRONY FINANCIAL,Synchrony Financial Employees Political Action Committee,Rep. Brittany Pettersen,2025-06-20,4000.00
SYNCHRONY FINANCIAL,Synchrony Financial Employees Political Action Committee,Rep. Mike Flood,2025-06-20,2500.00
SYNCHRONY FINANCIAL,Synchrony Financial Employees Political Action Committee,Sen. Steve Daines,2025-06-20,2500.00
SYNCHRONY FINANCIAL,Synchrony Financial Employees Political Action Committee,Sen. Katie Britt,2025-06-20,2000.00
SYNCHRONY FINANCIAL,Synchrony Financial Employees Political Action Committee,Rep. Brittany Pettersen,2025-06-20,1000.00
SYNCHRONY FINANCIAL,Synchrony Financial Employees Political Action Committee,Rep. Emilia Sykes,2025-06-30,2500.00
SYNCHRONY FINANCIAL,Synchrony Financial Employees Political Action Committee,Rep. Jim Himes,2025-06-30,2500.00
SYNCHRONY FINANCIAL,Synchrony Financial Employees Political Action Committee,Sen. Bernie Moreno,2025-06-30,2500.00
SYNCHRONY FINANCIAL,Synchrony Financial Employees Political Action Committee,Rep. Young Kim,2025-06-30,1000.00
SYNCHRONY FINANCIAL,Synchrony Financial Employees Political Action Committee,Rep. Andy Barr,2025-03-25,5000.00
SYNCHRONY FINANCIAL,Synchrony Financial Employees Political Action Committee,Rep. Blake Moore,2025-03-25,5000.00
SYNCHRONY FINANCIAL,Synchrony Financial Employees Political Action Committee,Rep. French Hill,2025-03-25,5000.00
SYNCHRONY FINANCIAL,Synchrony Financial Employees Political Action Committee,Rep. Gwen Moore,2025-03-25,5000.00
SYNCHRONY FINANCIAL,Synchrony Financial Employees Political Action Committee,Rep. Zach Nunn,2025-03-25,5000.00
SYNCHRONY FINANCIAL,Synchrony Financial Employees Political Action Committee,Members of the Congressional LGBTQ Equality Caucus,2025-03-25,5000.00
SYNCHRONY FINANCIAL,Synchrony Financial Employees Political Action Committee,Rep. Ann Wagner,2025-03-25,2500.00
SYNCHRONY FINANCIAL,Synchrony Financial Employees Political Action Committee,Rep. Bryan Steil,2025-03-25,2500.00
SYNCHRONY FINANCIAL,Synchrony Financial Employees Political Action Committee,Rep. Jim Himes,2025-03-25,2500.00
SYNCHRONY FINANCIAL,Synchrony Financial Employees Political Action Committee,Rep. Lisa McClain,2025-03-25,2500.00
SYNCHRONY FINANCIAL,Synchrony Financial Employees Political Action Committee,Rep. Bill Foster,2025-03-25,1000.00
SYNCHRONY FINANCIAL,Synchrony Financial Employees Political Action Committee,Rep. Brad Schneider,2025-03-25,1000.00
SYNCHRONY FINANCIAL,Synchrony Financial Employees Political Action Committee,Rep. Brittany Pettersen,2025-03-25,1000.00
SYNCHRONY FINANCIAL,Synchrony Financial Employees Political Action Committee,Rep. Joe Neguse,2025-03-25,1000.00
SYNCHRONY FINANCIAL,Synchrony Financial Employees Political Action Committee,Rep. Terri Sewell,2025-03-25,1000.00
SYNCHRONY FINANCIAL,Synchrony Financial Employees Political Action Committee,Rep. Emilia Sykes,2025-03-31,5000.00
SYNCHRONY FINANCIAL,Synchrony Financial Employees Political Action Committee,Rep. Young Kim,2025-03-31,5000.00
SYNCHRONY FINANCIAL,Synchrony Financial Employees Political Action Committee,Members of the Congressional Black Caucus,2025-03-31,5000.00
SYNCHRONY FINANCIAL,Synchrony Financial Employees Political Action Committee,Rep. Young Kim,2025-03-31,2500.00
SYNCHRONY FINANCIAL,Synchrony Financial Employees Political Action Committee,Rep. Rich McCormick,2025-04-30,2500.00
SYNCHRONY FINANCIAL,Synchrony Financial Employees Political Action Committee,Rep. Mike Carey,2025-05-06,5000.00
SYNCHRONY FINANCIAL,Synchrony Financial Employees Political Action Committee,Rep. Mike Carey,2025-05-06,5000.00
SYNCHRONY FINANCIAL,Synchrony Financial Employees Political Action Committee,DSCC,2025-06-20,15000.00
SYNCHRONY FINANCIAL,Synchrony Financial Employees Political Action Committee,Rep. Bill Huizenga,2025-06-20,5000.00
SYNCHRONY FINANCIAL,Synchrony Financial Employees Political Action Committee,Rep. Gwen Moore,2025-06-20,5000.00
SYNCHRONY FINANCIAL,Synchrony Financial Employees Political Action Committee,Rep. Tom Emmer,2025-06-20,5000.00
SYNCHRONY FINANCIAL,Synchrony Financial Employees Political Action Committee,Sen. Thom Tillis,2025-06-20,5000.00
SYNCHRONY FINANCIAL,Synchrony Financial Employees Political Action Committee,Rep. Brittany Pettersen,2025-06-20,4000.00
SYNCHRONY FINANCIAL,Synchrony Financial Employees Political Action Committee,Rep. Mike Flood,2025-06-20,2500.00
SYNCHRONY FINANCIAL,Synchrony Financial Employees Political Action Committee,Sen. Steve Daines,2025-06-20,2500.00
SYNCHRONY FINANCIAL,Synchrony Financial Employees Political Action Committee,Sen. Katie Britt,2025-06-20,2000.00
SYNCHRONY FINANCIAL,Synchrony Financial Employees Political Action Committee,Rep. Brittany Pettersen,2025-06-20,1000.00
SYNCHRONY FINANCIAL,Synchrony Financial Employees Political Action Committee,Rep. Emilia Sykes,2025-06-30,2500.00
SYNCHRONY FINANCIAL,Synchrony Financial Employees Political Action Committee,Rep. Jim Himes,2025-06-30,2500.00
SYNCHRONY FINANCIAL,Synchrony Financial Employees Political Action Committee,Sen. Bernie Moreno,2025-06-30,2500.00
SYNCHRONY FINANCIAL,Synchrony Financial Employees Political Action Committee,Rep. Young Kim,2025-06-30,1000.00
SYNCHRONY FINANCIAL,Synchrony Financial Employees Political Action Committee,Rep. Andy Barr,2025-03-25,5000.00
SYNCHRONY FINANCIAL,Synchrony Financial Employees Political Action Committee,Rep. Blake Moore,2025-03-25,5000.00
SYNCHRONY FINANCIAL,Synchrony Financial Employees Political Action Committee,Rep. French Hill,2025-03-25,5000.00
SYNCHRONY FINANCIAL,Synchrony Financial Employees Political Action Committee,Rep. Gwen Moore,2025-03-25,5000.00
SYNCHRONY FINANCIAL,Synchrony Financial Employees Political Action Committee,Rep. Zach Nunn,2025-03-25,5000.00
SYNCHRONY FINANCIAL,Synchrony Financial Employees Political Action Committee,Members of the Congressional LGBTQ Equality Caucus,2025-03-25,5000.00
SYNCHRONY FINANCIAL,Synchrony Financial Employees Political Action Committee,Rep. Ann Wagner,2025-03-25,2500.00
SYNCHRONY FINANCIAL,Synchrony Financial Employees Political Action Committee,Rep. Bryan Steil,2025-03-25,2500.00
SYNCHRONY FINANCIAL,Synchrony Financial Employees Political Action Committee,Rep. Jim Himes,2025-03-25,2500.00
SYNCHRONY FINANCIAL,Synchrony Financial Employees Political Action Committee,Rep. Lisa McClain,2025-03-25,2500.00
SYNCHRONY FINANCIAL,Synchrony Financial Employees Political Action Committee,Rep. Bill Foster,2025-03-25,1000.00
SYNCHRONY FINANCIAL,Synchrony Financial Employees Political Action Committee,Rep. Brad Schneider,2025-03-25,1000.00
SYNCHRONY FINANCIAL,Synchrony Financial Employees Political Action Committee,Rep. Brittany Pettersen,2025-03-25,1000.00
SYNCHRONY FINANCIAL,Synchrony Financial Employees Political Action Committee,Rep. Joe Neguse,2025-03-25,1000.00
SYNCHRONY FINANCIAL,Synchrony Financial Employees Political Action Committee,Rep. Terri Sewell,2025-03-25,1000.00
SYNCHRONY FINANCIAL,Synchrony Financial Employees Political Action Committee,Rep. Emilia Sykes,2025-03-31,5000.00
SYNCHRONY FINANCIAL,Synchrony Financial Employees Political Action Committee,Rep. Young Kim,2025-03-31,5000.00
SYNCHRONY FINANCIAL,Synchrony Financial Employees Political Action Committee,Members of the Congressional Black Caucus,2025-03-31,5000.00
SYNCHRONY FINANCIAL,Synchrony Financial Employees Political Action Committee,Rep. Young Kim,2025-03-31,2500.00
SYNCHRONY FINANCIAL,Synchrony Financial Employees Political Action Committee,Rep. Rich McCormick,2025-04-30,2500.00
SYNCHRONY FINANCIAL,Synchrony Financial Employees Political Action Committee,Rep. Mike Carey,2025-05-06,5000.00
SYNCHRONY FINANCIAL,Synchrony Financial Employees Political Action Committee,Rep. Mike Carey,2025-05-06,5000.00
SYNCHRONY FINANCIAL,Synchrony Financial Employees Political Action Committee,DSCC,2025-06-20,15000.00
SYNCHRONY FINANCIAL,Synchrony Financial Employees Political Action Committee,Rep. Bill Huizenga,2025-06-20,5000.00
SYNCHRONY FINANCIAL,Synchrony Financial Employees Political Action Committee,Rep. Gwen Moore,2025-06-20,5000.00
SYNCHRONY FINANCIAL,Synchrony Financial Employees Political Action Committee,Rep. Tom Emmer,2025-06-20,5000.00
SYNCHRONY FINANCIAL,Synchrony Financial Employees Political Action Committee,Sen. Thom Tillis,2025-06-20,5000.00
SYNCHRONY FINANCIAL,Synchrony Financial Employees Political Action Committee,Rep. Brittany Pettersen,2025-06-20,4000.00
SYNCHRONY FINANCIAL,Synchrony Financial Employees Political Action Committee,Rep. Mike Flood,2025-06-20,2500.00
SYNCHRONY FINANCIAL,Synchrony Financial Employees Political Action Committee,Sen. Steve Daines,2025-06-20,2500.00
SYNCHRONY FINANCIAL,Synchrony Financial Employees Political Action Committee,Sen. Katie Britt,2025-06-20,2000.00
SYNCHRONY FINANCIAL,Synchrony Financial Employees Political Action Committee,Rep. Brittany Pettersen,2025-06-20,1000.00
SYNCHRONY FINANCIAL,Synchrony Financial Employees Political Action Committee,Rep. Emilia Sykes,2025-06-30,2500.00
SYNCHRONY FINANCIAL,Synchrony Financial Employees Political Action Committee,Rep. Jim Himes,2025-06-30,2500.00
SYNCHRONY FINANCIAL,Synchrony Financial Employees Political Action Committee,Sen. Bernie Moreno,2025-06-30,2500.00
SYNCHRONY FINANCIAL,Synchrony Financial Employees Political Action Committee,Rep. Young Kim,2025-06-30,1000.00
SYNCHRONY FINANCIAL,Synchrony Financial Employees Political Action Committee,Rep. Andy Barr,2025-03-25,5000.00
SYNCHRONY FINANCIAL,Synchrony Financial Employees Political Action Committee,Rep. Blake Moore,2025-03-25,5000.00
SYNCHRONY FINANCIAL,Synchrony Financial Employees Political Action Committee,Rep. French Hill,2025-03-25,5000.00
SYNCHRONY FINANCIAL,Synchrony Financial Employees Political Action Committee,Rep. Gwen Moore,2025-03-25,5000.00
SYNCHRONY FINANCIAL,Synchrony Financial Employees Political Action Committee,Rep. Zach Nunn,2025-03-25,5000.00
SYNCHRONY FINANCIAL,Synchrony Financial Employees Political Action Committee,Members of the Congressional LGBTQ Equality Caucus,2025-03-25,5000.00
SYNCHRONY FINANCIAL,Synchrony Financial Employees Political Action Committee,Rep. Ann Wagner,2025-03-25,2500.00
SYNCHRONY FINANCIAL,Synchrony Financial Employees Political Action Committee,Rep. Bryan Steil,2025-03-25,2500.00
SYNCHRONY FINANCIAL,Synchrony Financial Employees Political Action Committee,Rep. Jim Himes,2025-03-25,2500.00
SYNCHRONY FINANCIAL,Synchrony Financial Employees Political Action Committee,Rep. Lisa McClain,2025-03-25,2500.00
SYNCHRONY FINANCIAL,Synchrony Financial Employees Political Action Committee,Rep. Bill Foster,2025-03-25,1000.00
SYNCHRONY FINANCIAL,Synchrony Financial Employees Political Action Committee,Rep. Brad Schneider,2025-03-25,1000.00
SYNCHRONY FINANCIAL,Synchrony Financial Employees Political Action Committee,Rep. Brittany Pettersen,2025-03-25,1000.00
SYNCHRONY FINANCIAL,Synchrony Financial Employees Political Action Committee,Rep. Joe Neguse,2025-03-25,1000.00
SYNCHRONY FINANCIAL,Synchrony Financial Employees Political Action Committee,Rep. Terri Sewell,2025-03-25,1000.00
SYNCHRONY FINANCIAL,Synchrony Financial Employees Political Action Committee,Rep. Emilia Sykes,2025-03-31,5000.00
SYNCHRONY FINANCIAL,Synchrony Financial Employees Political Action Committee,Rep. Young Kim,2025-03-31,5000.00
SYNCHRONY FINANCIAL,Synchrony Financial Employees Political Action Committee,Members of the Congressional Black Caucus,2025-03-31,5000.00
SYNCHRONY FINANCIAL,Synchrony Financial Employees Political Action Committee,Rep. Young Kim,2025-03-31,2500.00
SYNCHRONY FINANCIAL,Synchrony Financial Employees Political Action Committee,Rep. Rich McCormick,2025-04-30,2500.00
SYNCHRONY FINANCIAL,Synchrony Financial Employees Political Action Committee,Rep. Mike Carey,2025-05-06,5000.00
SYNCHRONY FINANCIAL,Synchrony Financial Employees Political Action Committee,Rep. Mike Carey,2025-05-06,5000.00
SYNCHRONY FINANCIAL,Synchrony Financial Employees Political Action Committee,DSCC,2025-06-20,15000.00
SYNCHRONY FINANCIAL,Synchrony Financial Employees Political Action Committee,Rep. Bill Huizenga,2025-06-20,5000.00
SYNCHRONY FINANCIAL,Synchrony Financial Employees Political Action Committee,Rep. Gwen Moore,2025-06-20,5000.00
SYNCHRONY FINANCIAL,Synchrony Financial Employees Political Action Committee,Rep. Tom Emmer,2025-06-20,5000.00
SYNCHRONY FINANCIAL,Synchrony Financial Employees Political Action Committee,Sen. Thom Tillis,2025-06-20,5000.00
SYNCHRONY FINANCIAL,Synchrony Financial Employees Political Action Committee,Rep. Brittany Pettersen,2025-06-20,4000.00
SYNCHRONY FINANCIAL,Synchrony Financial Employees Political Action Committee,Rep. Mike Flood,2025-06-20,2500.00
SYNCHRONY FINANCIAL,Synchrony Financial Employees Political Action Committee,Sen. Steve Daines,2025-06-20,2500.00
SYNCHRONY FINANCIAL,Synchrony Financial Employees Political Action Committee,Sen. Katie Britt,2025-06-20,2000.00
SYNCHRONY FINANCIAL,Synchrony Financial Employees Political Action Committee,Rep. Brittany Pettersen,2025-06-20,1000.00
SYNCHRONY FINANCIAL,Synchrony Financial Employees Political Action Committee,Rep. Emilia Sykes,2025-06-30,2500.00
SYNCHRONY FINANCIAL,Synchrony Financial Employees Political Action Committee,Rep. Jim Himes,2025-06-30,2500.00
SYNCHRONY FINANCIAL,Synchrony Financial Employees Political Action Committee,Sen. Bernie Moreno,2025-06-30,2500.00
SYNCHRONY FINANCIAL,Synchrony Financial Employees Political Action Committee,Rep. Young Kim,2025-06-30,1000.00
SYNCHRONY FINANCIAL,Synchrony Financial Employees Political Action Committee,Rep. Andy Barr,2025-03-25,5000.00
SYNCHRONY FINANCIAL,Synchrony Financial Employees Political Action Committee,Rep. Blake Moore,2025-03-25,5000.00
SYNCHRONY FINANCIAL,Synchrony Financial Employees Political Action Committee,Rep. French Hill,2025-03-25,5000.00
SYNCHRONY FINANCIAL,Synchrony Financial Employees Political Action Committee,Rep. Gwen Moore,2025-03-25,5000.00
SYNCHRONY FINANCIAL,Synchrony Financial Employees Political Action Committee,Rep. Zach Nunn,2025-03-25,5000.00
SYNCHRONY FINANCIAL,Synchrony Financial Employees Political Action Committee,Members of the Congressional LGBTQ Equality Caucus,2025-03-25,5000.00
SYNCHRONY FINANCIAL,Synchrony Financial Employees Political Action Committee,Rep. Ann Wagner,2025-03-25,2500.00
SYNCHRONY FINANCIAL,Synchrony Financial Employees Political Action Committee,Rep. Bryan Steil,2025-03-25,2500.00
SYNCHRONY FINANCIAL,Synchrony Financial Employees Political Action Committee,Rep. Jim Himes,2025-03-25,2500.00
SYNCHRONY FINANCIAL,Synchrony Financial Employees Political Action Committee,Rep. Lisa McClain,2025-03-25,2500.00
SYNCHRONY FINANCIAL,Synchrony Financial Employees Political Action Committee,Rep. Bill Foster,2025-03-25,1000.00
SYNCHRONY FINANCIAL,Synchrony Financial Employees Political Action Committee,Rep. Brad Schneider,2025-03-25,1000.00
SYNCHRONY FINANCIAL,Synchrony Financial Employees Political Action Committee,Rep. Brittany Pettersen,2025-03-25,1000.00
SYNCHRONY FINANCIAL,Synchrony Financial Employees Political Action Committee,Rep. Joe Neguse,2025-03-25,1000.00
SYNCHRONY FINANCIAL,Synchrony Financial Employees Political Action Committee,Rep. Terri Sewell,2025-03-25,1000.00
SYNCHRONY FINANCIAL,Synchrony Financial Employees Political Action Committee,Rep. Emilia Sykes,2025-03-31,5000.00
SYNCHRONY FINANCIAL,Synchrony Financial Employees Political Action Committee,Rep. Young Kim,2025-03-31,5000.00
SYNCHRONY FINANCIAL,Synchrony Financial Employees Political Action Committee,Members of the Congressional Black Caucus,2025-03-31,5000.00
SYNCHRONY FINANCIAL,Synchrony Financial Employees Political Action Committee,Rep. Young Kim,2025-03-31,2500.00
SYNCHRONY FINANCIAL,Synchrony Financial Employees Political Action Committee,Rep. Rich McCormick,2025-04-30,2500.00
SYNCHRONY FINANCIAL,Synchrony Financial Employees Political Action Committee,Rep. Mike Carey,2025-05-06,5000.00
SYNCHRONY FINANCIAL,Synchrony Financial Employees Political Action Committee,Rep. Mike Carey,2025-05-06,5000.00
SYNCHRONY FINANCIAL,Synchrony Financial Employees Political Action Committee,DSCC,2025-06-20,15000.00
SYNCHRONY FINANCIAL,Synchrony Financial Employees Political Action Committee,Rep. Bill Huizenga,2025-06-20,5000.00
SYNCHRONY FINANCIAL,Synchrony Financial Employees Political Action Committee,Rep. Gwen Moore,2025-06-20,5000.00
SYNCHRONY FINANCIAL,Synchrony Financial Employees Political Action Committee,Rep. Tom Emmer,2025-06-20,5000.00
SYNCHRONY FINANCIAL,Synchrony Financial Employees Political Action Committee,Sen. Thom Tillis,2025-06-20,5000.00
SYNCHRONY FINANCIAL,Synchrony Financial Employees Political Action Committee,Rep. Brittany Pettersen,2025-06-20,4000.00
SYNCHRONY FINANCIAL,Synchrony Financial Employees Political Action Committee,Rep. Mike Flood,2025-06-20,2500.00
SYNCHRONY FINANCIAL,Synchrony Financial Employees Political Action Committee,Sen. Steve Daines,2025-06-20,2500.00
SYNCHRONY FINANCIAL,Synchrony Financial Employees Political Action Committee,Sen. Katie Britt,2025-06-20,2000.00
SYNCHRONY FINANCIAL,Synchrony Financial Employees Political Action Committee,Rep. Brittany Pettersen,2025-06-20,1000.00
SYNCHRONY FINANCIAL,Synchrony Financial Employees Political Action Committee,Rep. Emilia Sykes,2025-06-30,2500.00
SYNCHRONY FINANCIAL,Synchrony Financial Employees Political Action Committee,Rep. Jim Himes,2025-06-30,2500.00
SYNCHRONY FINANCIAL,Synchrony Financial Employees Political Action Committee,Sen. Bernie Moreno,2025-06-30,2500.00
SYNCHRONY FINANCIAL,Synchrony Financial Employees Political Action Committee,Rep. Young Kim,2025-06-30,1000.00
SYNCHRONY FINANCIAL,Synchrony Financial Employees Political Action Committee,Rep. Andy Barr,2025-03-25,5000.00
SYNCHRONY FINANCIAL,Synchrony Financial Employees Political Action Committee,Rep. Blake Moore,2025-03-25,5000.00
SYNCHRONY FINANCIAL,Synchrony Financial Employees Political Action Committee,Rep. French Hill,2025-03-25,5000.00
SYNCHRONY FINANCIAL,Synchrony Financial Employees Political Action Committee,Rep. Gwen Moore,2025-03-25,5000.00
SYNCHRONY FINANCIAL,Synchrony Financial Employees Political Action Committee,Rep. Zach Nunn,2025-03-25,5000.00
SYNCHRONY FINANCIAL,Synchrony Financial Employees Political Action Committee,Members of the Congressional LGBTQ Equality Caucus,2025-03-25,5000.00
SYNCHRONY FINANCIAL,Synchrony Financial Employees Political Action Committee,Rep. Ann Wagner,2025-03-25,2500.00
SYNCHRONY FINANCIAL,Synchrony Financial Employees Political Action Committee,Rep. Bryan Steil,2025-03-25,2500.00
SYNCHRONY FINANCIAL,Synchrony Financial Employees Political Action Committee,Rep. Jim Himes,2025-03-25,2500.00
SYNCHRONY FINANCIAL,Synchrony Financial Employees Political Action Committee,Rep. Lisa McClain,2025-03-25,2500.00
SYNCHRONY FINANCIAL,Synchrony Financial Employees Political Action Committee,Rep. Bill Foster,2025-03-25,1000.00
SYNCHRONY FINANCIAL,Synchrony Financial Employees Political Action Committee,Rep. Brad Schneider,2025-03-25,1000.00
SYNCHRONY FINANCIAL,Synchrony Financial Employees Political Action Committee,Rep. Brittany Pettersen,2025-03-25,1000.00
SYNCHRONY FINANCIAL,Synchrony Financial Employees Political Action Committee,Rep. Joe Neguse,2025-03-25,1000.00
SYNCHRONY FINANCIAL,Synchrony Financial Employees Political Action Committee,Rep. Terri Sewell,2025-03-25,1000.00
SYNCHRONY FINANCIAL,Synchrony Financial Employees Political Action Committee,Rep. Emilia Sykes,2025-03-31,5000.00
SYNCHRONY FINANCIAL,Synchrony Financial Employees Political Action Committee,Rep. Young Kim,2025-03-31,5000.00
SYNCHRONY FINANCIAL,Synchrony Financial Employees Political Action Committee,Members of the Congressional Black Caucus,2025-03-31,5000.00
SYNCHRONY FINANCIAL,Synchrony Financial Employees Political Action Committee,Rep. Young Kim,2025-03-31,2500.00
SYNCHRONY FINANCIAL,Synchrony Financial Employees Political Action Committee,Rep. Rich McCormick,2025-04-30,2500.00
SYNCHRONY FINANCIAL,Synchrony Financial Employees Political Action Committee,Rep. Mike Carey,2025-05-06,5000.00
SYNCHRONY FINANCIAL,Synchrony Financial Employees Political Action Committee,Rep. Mike Carey,2025-05-06,5000.00
SYNCHRONY FINANCIAL,Synchrony Financial Employees Political Action Committee,DSCC,2025-06-20,15000.00
SYNCHRONY FINANCIAL,Synchrony Financial Employees Political Action Committee,Rep. Bill Huizenga,2025-06-20,5000.00
SYNCHRONY FINANCIAL,Synchrony Financial Employees Political Action Committee,Rep. Gwen Moore,2025-06-20,5000.00
SYNCHRONY FINANCIAL,Synchrony Financial Employees Political Action Committee,Rep. Tom Emmer,2025-06-20,5000.00
SYNCHRONY FINANCIAL,Synchrony Financial Employees Political Action Committee,Sen. Thom Tillis,2025-06-20,5000.00
SYNCHRONY FINANCIAL,Synchrony Financial Employees Political Action Committee,Rep. Brittany Pettersen,2025-06-20,4000.00
SYNCHRONY FINANCIAL,Synchrony Financial Employees Political Action Committee,Rep. Mike Flood,2025-06-20,2500.00
SYNCHRONY FINANCIAL,Synchrony Financial Employees Political Action Committee,Sen. Steve Daines,2025-06-20,2500.00
SYNCHRONY FINANCIAL,Synchrony Financial Employees Political Action Committee,Sen. Katie Britt,2025-06-20,2000.00
SYNCHRONY FINANCIAL,Synchrony Financial Employees Political Action Committee,Rep. Brittany Pettersen,2025-06-20,1000.00
SYNCHRONY FINANCIAL,Synchrony Financial Employees Political Action Committee,Rep. Emilia Sykes,2025-06-30,2500.00
SYNCHRONY FINANCIAL,Synchrony Financial Employees Political Action Committee,Rep. Jim Himes,2025-06-30,2500.00
SYNCHRONY FINANCIAL,Synchrony Financial Employees Political Action Committee,Sen. Bernie Moreno,2025-06-30,2500.00
SYNCHRONY FINANCIAL,Synchrony Financial Employees Political Action Committee,Rep. Young Kim,2025-06-30,1000.00
SYNCHRONY FINANCIAL,Synchrony Financial Employees Political Action Committee,Rep. Andy Barr,2025-03-25,5000.00
SYNCHRONY FINANCIAL,Synchrony Financial Employees Political Action Committee,Rep. Blake Moore,2025-03-25,5000.00
SYNCHRONY FINANCIAL,Synchrony Financial Employees Political Action Committee,Rep. French Hill,2025-03-25,5000.00
SYNCHRONY FINANCIAL,Synchrony Financial Employees Political Action Committee,Rep. Gwen Moore,2025-03-25,5000.00
SYNCHRONY FINANCIAL,Synchrony Financial Employees Political Action Committee,Rep. Zach Nunn,2025-03-25,5000.00
SYNCHRONY FINANCIAL,Synchrony Financial Employees Political Action Committee,Members of the Congressional LGBTQ Equality Caucus,2025-03-25,5000.00
SYNCHRONY FINANCIAL,Synchrony Financial Employees Political Action Committee,Rep. Ann Wagner,2025-03-25,2500.00
SYNCHRONY FINANCIAL,Synchrony Financial Employees Political Action Committee,Rep. Bryan Steil,2025-03-25,2500.00
SYNCHRONY FINANCIAL,Synchrony Financial Employees Political Action Committee,Rep. Jim Himes,2025-03-25,2500.00
SYNCHRONY FINANCIAL,Synchrony Financial Employees Political Action Committee,Rep. Lisa McClain,2025-03-25,2500.00
SYNCHRONY FINANCIAL,Synchrony Financial Employees Political Action Committee,Rep. Bill Foster,2025-03-25,1000.00
SYNCHRONY FINANCIAL,Synchrony Financial Employees Political Action Committee,Rep. Brad Schneider,2025-03-25,1000.00
SYNCHRONY FINANCIAL,Synchrony Financial Employees Political Action Committee,Rep. Brittany Pettersen,2025-03-25,1000.00
SYNCHRONY FINANCIAL,Synchrony Financial Employees Political Action Committee,Rep. Joe Neguse,2025-03-25,1000.00
SYNCHRONY FINANCIAL,Synchrony Financial Employees Political Action Committee,Rep. Terri Sewell,2025-03-25,1000.00
SYNCHRONY FINANCIAL,Synchrony Financial Employees Political Action Committee,Rep. Emilia Sykes,2025-03-31,5000.00
SYNCHRONY FINANCIAL,Synchrony Financial Employees Political Action Committee,Rep. Young Kim,2025-03-31,5000.00
SYNCHRONY FINANCIAL,Synchrony Financial Employees Political Action Committee,Members of the Congressional Black Caucus,2025-03-31,5000.00
SYNCHRONY FINANCIAL,Synchrony Financial Employees Political Action Committee,Rep. Young Kim,2025-03-31,2500.00
SYNCHRONY FINANCIAL,Synchrony Financial Employees Political Action Committee,Rep. Rich McCormick,2025-04-30,2500.00
SYNCHRONY FINANCIAL,Synchrony Financial Employees Political Action Committee,Rep. Mike Carey,2025-05-06,5000.00
SYNCHRONY FINANCIAL,Synchrony Financial Employees Political Action Committee,Rep. Mike Carey,2025-05-06,5000.00
SYNCHRONY FINANCIAL,Synchrony Financial Employees Political Action Committee,DSCC,2025-06-20,15000.00
SYNCHRONY FINANCIAL,Synchrony Financial Employees Political Action Committee,Rep. Bill Huizenga,2025-06-20,5000.00
SYNCHRONY FINANCIAL,Synchrony Financial Employees Political Action Committee,Rep. Gwen Moore,2025-06-20,5000.00
SYNCHRONY FINANCIAL,Synchrony Financial Employees Political Action Committee,Rep. Tom Emmer,2025-06-20,5000.00
SYNCHRONY FINANCIAL,Synchrony Financial Employees Political Action Committee,Sen. Thom Tillis,2025-06-20,5000.00
SYNCHRONY FINANCIAL,Synchrony Financial Employees Political Action Committee,Rep. Brittany Pettersen,2025-06-20,4000.00
SYNCHRONY FINANCIAL,Synchrony Financial Employees Political Action Committee,Rep. Mike Flood,2025-06-20,2500.00
SYNCHRONY FINANCIAL,Synchrony Financial Employees Political Action Committee,Sen. Steve Daines,2025-06-20,2500.00
SYNCHRONY FINANCIAL,Synchrony Financial Employees Political Action Committee,Sen. Katie Britt,2025-06-20,2000.00
SYNCHRONY FINANCIAL,Synchrony Financial Employees Political Action Committee,Rep. Brittany Pettersen,2025-06-20,1000.00
SYNCHRONY FINANCIAL,Synchrony Financial Employees Political Action Committee,Rep. Emilia Sykes,2025-06-30,2500.00
SYNCHRONY FINANCIAL,Synchrony Financial Employees Political Action Committee,Rep. Jim Himes,2025-06-30,2500.00
SYNCHRONY FINANCIAL,Synchrony Financial Employees Political Action Committee,Sen. Bernie Moreno,2025-06-30,2500.00
SYNCHRONY FINANCIAL,Synchrony Financial Employees Political Action Committee,Rep. Young Kim,2025-06-30,1000.00
SYNCHRONY FINANCIAL,Synchrony Financial Employees Political Action Committee,Rep. Andy Barr,2025-03-25,5000.00
SYNCHRONY FINANCIAL,Synchrony Financial Employees Political Action Committee,Rep. Blake Moore,2025-03-25,5000.00
SYNCHRONY FINANCIAL,Synchrony Financial Employees Political Action Committee,Rep. French Hill,2025-03-25,5000.00
SYNCHRONY FINANCIAL,Synchrony Financial Employees Political Action Committee,Rep. Gwen Moore,2025-03-25,5000.00
SYNCHRONY FINANCIAL,Synchrony Financial Employees Political Action Committee,Rep. Zach Nunn,2025-03-25,5000.00
SYNCHRONY FINANCIAL,Synchrony Financial Employees Political Action Committee,Members of the Congressional LGBTQ Equality Caucus,2025-03-25,5000.00
SYNCHRONY FINANCIAL,Synchrony Financial Employees Political Action Committee,Rep. Ann Wagner,2025-03-25,2500.00
SYNCHRONY FINANCIAL,Synchrony Financial Employees Political Action Committee,Rep. Bryan Steil,2025-03-25,2500.00
SYNCHRONY FINANCIAL,Synchrony Financial Employees Political Action Committee,Rep. Jim Himes,2025-03-25,2500.00
SYNCHRONY FINANCIAL,Synchrony Financial Employees Political Action Committee,Rep. Lisa McClain,2025-03-25,2500.00
SYNCHRONY FINANCIAL,Synchrony Financial Employees Political Action Committee,Rep. Bill Foster,2025-03-25,1000.00
SYNCHRONY FINANCIAL,Synchrony Financial Employees Political Action Committee,Rep. Brad Schneider,2025-03-25,1000.00
SYNCHRONY FINANCIAL,Synchrony Financial Employees Political Action Committee,Rep. Brittany Pettersen,2025-03-25,1000.00
SYNCHRONY FINANCIAL,Synchrony Financial Employees Political Action Committee,Rep. Joe Neguse,2025-03-25,1000.00
SYNCHRONY FINANCIAL,Synchrony Financial Employees Political Action Committee,Rep. Terri Sewell,2025-03-25,1000.00
SYNCHRONY FINANCIAL,Synchrony Financial Employees Political Action Committee,Rep. Emilia Sykes,2025-03-31,5000.00
SYNCHRONY FINANCIAL,Synchrony Financial Employees Political Action Committee,Rep. Young Kim,2025-03-31,5000.00
SYNCHRONY FINANCIAL,Synchrony Financial Employees Political Action Committee,Members of the Congressional Black Caucus,2025-03-31,5000.00
SYNCHRONY FINANCIAL,Synchrony Financial Employees Political Action Committee,Rep. Young Kim,2025-03-31,2500.00
SYNCHRONY FINANCIAL,Synchrony Financial Employees Political Action Committee,Rep. Rich McCormick,2025-04-30,2500.00
SYNCHRONY FINANCIAL,Synchrony Financial Employees Political Action Committee,Rep. Mike Carey,2025-05-06,5000.00
SYNCHRONY FINANCIAL,Synchrony Financial Employees Political Action Committee,Rep. Mike Carey,2025-05-06,5000.00
SYNCHRONY FINANCIAL,Synchrony Financial Employees Political Action Committee,DSCC,2025-06-20,15000.00
SYNCHRONY FINANCIAL,Synchrony Financial Employees Political Action Committee,Rep. Bill Huizenga,2025-06-20,5000.00
SYNCHRONY FINANCIAL,Synchrony Financial Employees Political Action Committee,Rep. Gwen Moore,2025-06-20,5000.00
SYNCHRONY FINANCIAL,Synchrony Financial Employees Political Action Committee,Rep. Tom Emmer,2025-06-20,5000.00
SYNCHRONY FINANCIAL,Synchrony Financial Employees Political Action Committee,Sen. Thom Tillis,2025-06-20,5000.00
SYNCHRONY FINANCIAL,Synchrony Financial Employees Political Action Committee,Rep. Brittany Pettersen,2025-06-20,4000.00
SYNCHRONY FINANCIAL,Synchrony Financial Employees Political Action Committee,Rep. Mike Flood,2025-06-20,2500.00
SYNCHRONY FINANCIAL,Synchrony Financial Employees Political Action Committee,Sen. Steve Daines,2025-06-20,2500.00
SYNCHRONY FINANCIAL,Synchrony Financial Employees Political Action Committee,Sen. Katie Britt,2025-06-20,2000.00
SYNCHRONY FINANCIAL,Synchrony Financial Employees Political Action Committee,Rep. Brittany Pettersen,2025-06-20,1000.00
SYNCHRONY FINANCIAL,Synchrony Financial Employees Political Action Committee,Rep. Emilia Sykes,2025-06-30,2500.00
SYNCHRONY FINANCIAL,Synchrony Financial Employees Political Action Committee,Rep. Jim Himes,2025-06-30,2500.00
SYNCHRONY FINANCIAL,Synchrony Financial Employees Political Action Committee,Sen. Bernie Moreno,2025-06-30,2500.00
SYNCHRONY FINANCIAL,Synchrony Financial Employees Political Action Committee,Rep. Young Kim,2025-06-30,1000.00
POTOMAC PARTNERS DC,,Rep. Derrick Van Orden,2025-02-26,500.00
POTOMAC PARTNERS DC,,Rep. Bruce Westerman,2025-03-05,500.00
POTOMAC PARTNERS DC,,Rep. Mike Simpson,2025-03-05,500.00
POTOMAC PARTNERS DC,,Rep. Steve Womack,2025-03-05,500.00
POTOMAC PARTNERS DC,,Rep. Michael McCaul,2025-03-05,500.00
POTOMAC PARTNERS DC,,Rep. Ken Calvert,2025-03-27,500.00
POTOMAC PARTNERS DC,,Sen. Jim Risch,2025-05-14,500.00
POTOMAC PARTNERS DC,,Rep. Young Kim,2025-05-19,1000.00
POTOMAC PARTNERS DC,,Rep. Chuck Fleischmann,2025-05-19,500.00
POTOMAC PARTNERS DC,,Rep. Pete Aguilar,2025-06-05,500.00
POTOMAC PARTNERS DC,,Rep. Ken Calvert,2025-06-26,500.00
POTOMAC PARTNERS DC,,Rep. Randy Weber,2025-06-26,500.00
CAPITOL COUNSEL LLC,,Rep. Frank Pallone (NJ-06),2025-01-12,250.00
CAPITOL COUNSEL LLC,,Rep. Frank Pallone (NJ-06),2025-01-12,250.00
CAPITOL COUNSEL LLC,,Senator Lisa Blunt Rochester (Del),2025-02-08,1250.00
CAPITOL COUNSEL LLC,,Rep. Frank Pallone (NJ-06),2025-02-12,250.00
CAPITOL COUNSEL LLC,,Rep. Frank Pallone (NJ-06),2025-02-12,300.00
CAPITOL COUNSEL LLC,,Rep. Frank Pallone (NJ-06),2025-03-12,250.00
CAPITOL COUNSEL LLC,,Rep. Frank Pallone (NJ-06),2025-03-12,300.00
CAPITOL COUNSEL LLC,,Rep. Marc Veasey (TX-33),2025-03-24,1500.00
CAPITOL COUNSEL LLC,,Rep. Frank Pallone (NJ-06),2025-04-12,300.00
CAPITOL COUNSEL LLC,,Rep. Frank Pallone (NJ-06),2025-04-12,250.00
CAPITOL COUNSEL LLC,,Rep. Lizzie Fletcher (TX-07),2025-04-30,550.00
CAPITOL COUNSEL LLC,,Rep. Frank Pallone (NJ-06),2025-05-12,300.00
CAPITOL COUNSEL LLC,,Rep. Frank Pallone (NJ-06),2025-05-12,250.00
CAPITOL COUNSEL LLC,,Rep. Richard Neal (MA-01),2025-05-13,500.00
CAPITOL COUNSEL LLC,,Rep. Andrea Salinas (OR-06),2025-05-28,500.00
CAPITOL COUNSEL LLC,,Rep. Rob Menendez (NJ-08),2025-05-28,500.00
CAPITOL COUNSEL LLC,,Rep. Nellie Pou (NJ-09),2025-06-09,500.00
CAPITOL COUNSEL LLC,,Senator Andy Kim (NJ),2025-06-11,500.00
CAPITOL COUNSEL LLC,,Rep. Doris Matsui (CA-07),2025-06-11,500.00
CAPITOL COUNSEL LLC,,Rep. Frank Pallone (NJ-06),2025-06-12,300.00
CAPITOL COUNSEL LLC,,Rep. Frank Pallone (NJ-06),2025-06-12,250.00
CAPITOL COUNSEL LLC,,Rep. Sam Liccardo (CA-16),2025-06-30,250.00
CAPITOL COUNSEL LLC,,Rep. Scott Peters (CA-50),2025-06-30,500.00
CAPITOL COUNSEL LLC,,Rep. Frank Pallone (NJ-06),2025-01-12,250.00
CAPITOL COUNSEL LLC,,Rep. Frank Pallone (NJ-06),2025-01-12,250.00
CAPITOL COUNSEL LLC,,Senator Lisa Blunt Rochester (Del),2025-02-08,1250.00
CAPITOL COUNSEL LLC,,Rep. Frank Pallone (NJ-06),2025-02-12,250.00
CAPITOL COUNSEL LLC,,Rep. Frank Pallone (NJ-06),2025-02-12,300.00
CAPITOL COUNSEL LLC,,Rep. Frank Pallone (NJ-06),2025-03-12,250.00
CAPITOL COUNSEL LLC,,Rep. Frank Pallone (NJ-06),2025-03-12,300.00
CAPITOL COUNSEL LLC,,Rep. Marc Veasey (TX-33),2025-03-24,1500.00
CAPITOL COUNSEL LLC,,Rep. Frank Pallone (NJ-06),2025-04-12,300.00
CAPITOL COUNSEL LLC,,Rep. Frank Pallone (NJ-06),2025-04-12,250.00
CAPITOL COUNSEL LLC,,Rep. Lizzie Fletcher (TX-07),2025-04-30,550.00
CAPITOL COUNSEL LLC,,Rep. Frank Pallone (NJ-06),2025-05-12,300.00
CAPITOL COUNSEL LLC,,Rep. Frank Pallone (NJ-06),2025-05-12,250.00
CAPITOL COUNSEL LLC,,Rep. Richard Neal (MA-01),2025-05-13,500.00
CAPITOL COUNSEL LLC,,Rep. Andrea Salinas (OR-06),2025-05-28,500.00
CAPITOL COUNSEL LLC,,Rep. Rob Menendez (NJ-08),2025-05-28,500.00
CAPITOL COUNSEL LLC,,Rep. Nellie Pou (NJ-09),2025-06-09,500.00
CAPITOL COUNSEL LLC,,Senator Andy Kim (NJ),2025-06-11,500.00
CAPITOL COUNSEL LLC,,Rep. Doris Matsui (CA-07),2025-06-11,500.00
CAPITOL COUNSEL LLC,,Rep. Frank Pallone (NJ-06),2025-06-12,300.00
CAPITOL COUNSEL LLC,,Rep. Frank Pallone (NJ-06),2025-06-12,250.00
CAPITOL COUNSEL LLC,,Rep. Sam Liccardo (CA-16),2025-06-30,250.00
CAPITOL COUNSEL LLC,,Rep. Scott Peters (CA-50),2025-06-30,500.00
"MARSHALL & POPP, LLC",,Various Republican Senatorial Candidates,2025-01-23,3750.00
"MARSHALL & POPP, LLC",,U.S. Senator Thom Tillis,2025-01-23,700.00
"MARSHALL & POPP, LLC",,U.S. Representative Chip Roy,2025-03-24,1000.00
"MARSHALL & POPP, LLC",,U.S. Senator Joni Ernst,2025-03-24,500.00
"MARSHALL & POPP, LLC",,Various Republican Congressional Candidates,2025-03-24,4500.00
"MARSHALL & POPP, LLC",,U.S. Senator Katie Britt,2025-03-24,1500.00
"MARSHALL & POPP, LLC",,U.S. Senator John Cornyn,2025-03-25,5000.00
"MARSHALL & POPP, LLC",,John Curtis for Utah,2025-03-25,1000.00
"MARSHALL & POPP, LLC",,U.S. Senator Thom Tillis,2025-03-25,1000.00
"MARSHALL & POPP, LLC",,U.S. Senator John Curtis,2025-03-28,1000.00
"MARSHALL & POPP, LLC",,U.S. Senator Ashley Moody,2025-03-31,1000.00
"MARSHALL & POPP, LLC",,U.S. Representative Nick Langworthy,2025-03-31,250.00
"MARSHALL & POPP, LLC",,U.S. Representative Steve Scalise,2025-03-31,2500.00
"MARSHALL & POPP, LLC",,U.S. Representative Mike Johnson,2025-03-31,5000.00
"MARSHALL & POPP, LLC",,U.S. Representative Brett Guthrie,2025-03-31,2500.00
"MARSHALL & POPP, LLC",,Various Republican Senatorial Candidates,2025-04-23,3750.00
"MARSHALL & POPP, LLC",,U.S. Senator Bill Hagerty,2025-06-17,1000.00
"MARSHALL & POPP, LLC",,U.S. Senator Bill Hagerty,2025-06-17,500.00
"MARSHALL & POPP, LLC",,U.S. Senator Mike Lee,2025-06-19,1000.00
"MARSHALL & POPP, LLC",,U.S. Senator Dave McCormick,2025-06-19,2500.00
"MARSHALL & POPP, LLC",,U.S. Senator Susan Collins,2025-06-19,3500.00
"MARSHALL & POPP, LLC",,U.S. Senator Jon Husted,2025-06-22,1500.00
"MARSHALL & POPP, LLC",,U.S. Senator Katie Britt,2025-06-22,1000.00
"MARSHALL & POPP, LLC",,U.S. Senator Tom Cotton,2025-06-22,5000.00
"MARSHALL & POPP, LLC",,U.S. Senator John Barrasso,2025-06-22,500.00
"MARSHALL & POPP, LLC",,U.S. Senator Bernie Moreno,2025-06-23,1000.00
"MARSHALL & POPP, LLC",,U.S. Senator Buddy Carter,2025-06-23,1000.00
"MARSHALL & POPP, LLC",,U.S. Senator James Lankford,2025-06-30,1000.00
"MARSHALL & POPP, LLC",,Various Republican Senatorial Candidates,2025-01-23,3750.00
"MARSHALL & POPP, LLC",,U.S. Senator Thom Tillis,2025-01-23,700.00
"MARSHALL & POPP, LLC",,U.S. Representative Chip Roy,2025-03-24,1000.00
"MARSHALL & POPP, LLC",,U.S. Senator Joni Ernst,2025-03-24,500.00
"MARSHALL & POPP, LLC",,Various Republican Congressional Candidates,2025-03-24,4500.00
"MARSHALL & POPP, LLC",,U.S. Senator Katie Britt,2025-03-24,1500.00
"MARSHALL & POPP, LLC",,U.S. Senator John Cornyn,2025-03-25,5000.00
"MARSHALL & POPP, LLC",,John Curtis for Utah,2025-03-25,1000.00
"MARSHALL & POPP, LLC",,U.S. Senator Thom Tillis,2025-03-25,1000.00
"MARSHALL & POPP, LLC",,U.S. Senator John Curtis,2025-03-28,1000.00
"MARSHALL & POPP, LLC",,U.S. Senator Ashley Moody,2025-03-31,1000.00
"MARSHALL & POPP, LLC",,U.S. Representative Nick Langworthy,2025-03-31,250.00
"MARSHALL & POPP, LLC",,U.S. Representative Steve Scalise,2025-03-31,2500.00
"MARSHALL & POPP, LLC",,U.S. Representative Mike Johnson,2025-03-31,5000.00
"MARSHALL & POPP, LLC",,U.S. Representative Brett Guthrie,2025-03-31,2500.00
"MARSHALL & POPP, LLC",,Various Republican Senatorial Candidates,2025-04-23,3750.00
"MARSHALL & POPP, LLC",,U.S. Senator Bill Hagerty,2025-06-17,1000.00
"MARSHALL & POPP, LLC",,U.S. Senator Bill Hagerty,2025-06-17,500.00
"MARSHALL & POPP, LLC",,U.S. Senator Mike Lee,2025-06-19,1000.00
"MARSHALL & POPP, LLC",,U.S. Senator Dave McCormick,2025-06-19,2500.00
"MARSHALL & POPP, LLC",,U.S. Senator Susan Collins,2025-06-19,3500.00
"MARSHALL & POPP, LLC",,U.S. Senator Jon Husted,2025-06-22,1500.00
"MARSHALL & POPP, LLC",,U.S. Senator Katie Britt,2025-06-22,1000.00
"MARSHALL & POPP, LLC",,U.S. Senator Tom Cotton,2025-06-22,5000.00
"MARSHALL & POPP, LLC",,U.S. Senator John Barrasso,2025-06-22,500.00
"MARSHALL & POPP, LLC",,U.S. Senator Bernie Moreno,2025-06-23,1000.00
"MARSHALL & POPP, LLC",,U.S. Senator Buddy Carter,2025-06-23,1000.00
"MARSHALL & POPP, LLC",,U.S. Senator James Lankford,2025-06-30,1000.00
"MARSHALL & POPP, LLC",,Various Republican Senatorial Candidates,2025-01-23,3750.00
"MARSHALL & POPP, LLC",,U.S. Senator Thom Tillis,2025-01-23,700.00
"MARSHALL & POPP, LLC",,U.S. Representative Chip Roy,2025-03-24,1000.00
"MARSHALL & POPP, LLC",,U.S. Senator Joni Ernst,2025-03-24,500.00
"MARSHALL & POPP, LLC",,Various Republican Congressional Candidates,2025-03-24,4500.00
"MARSHALL & POPP, LLC",,U.S. Senator Katie Britt,2025-03-24,1500.00
"MARSHALL & POPP, LLC",,U.S. Senator John Cornyn,2025-03-25,5000.00
"MARSHALL & POPP, LLC",,John Curtis for Utah,2025-03-25,1000.00
"MARSHALL & POPP, LLC",,U.S. Senator Thom Tillis,2025-03-25,1000.00
"MARSHALL & POPP, LLC",,U.S. Senator John Curtis,2025-03-28,1000.00
"MARSHALL & POPP, LLC",,U.S. Senator Ashley Moody,2025-03-31,1000.00
"MARSHALL & POPP, LLC",,U.S. Representative Nick Langworthy,2025-03-31,250.00
"MARSHALL & POPP, LLC",,U.S. Representative Steve Scalise,2025-03-31,2500.00
"MARSHALL & POPP, LLC",,U.S. Representative Mike Johnson,2025-03-31,5000.00
"MARSHALL & POPP, LLC",,U.S. Representative Brett Guthrie,2025-03-31,2500.00
"MARSHALL & POPP, LLC",,Various Republican Senatorial Candidates,2025-04-23,3750.00
"MARSHALL & POPP, LLC",,U.S. Senator Bill Hagerty,2025-06-17,1000.00
"MARSHALL & POPP, LLC",,U.S. Senator Bill Hagerty,2025-06-17,500.00
"MARSHALL & POPP, LLC",,U.S. Senator Mike Lee,2025-06-19,1000.00
"MARSHALL & POPP, LLC",,U.S. Senator Dave McCormick,2025-06-19,2500.00
"MARSHALL & POPP, LLC",,U.S. Senator Susan Collins,2025-06-19,3500.00
"MARSHALL & POPP, LLC",,U.S. Senator Jon Husted,2025-06-22,1500.00
"MARSHALL & POPP, LLC",,U.S. Senator Katie Britt,2025-06-22,1000.00
"MARSHALL & POPP, LLC",,U.S. Senator Tom Cotton,2025-06-22,5000.00
"MARSHALL & POPP, LLC",,U.S. Senator John Barrasso,2025-06-22,500.00
"MARSHALL & POPP, LLC",,U.S. Senator Bernie Moreno,2025-06-23,1000.00
"MARSHALL & POPP, LLC",,U.S. Senator Buddy Carter,2025-06-23,1000.00
"MARSHALL & POPP, LLC",,U.S. Senator James Lankford,2025-06-30,1000.00
"MARSHALL & POPP, LLC",,Various Republican Senatorial Candidates,2025-01-23,3750.00
"MARSHALL & POPP, LLC",,U.S. Senator Thom Tillis,2025-01-23,700.00
"MARSHALL & POPP, LLC",,U.S. Representative Chip Roy,2025-03-24,1000.00
"MARSHALL & POPP, LLC",,U.S. Senator Joni Ernst,2025-03-24,500.00
"MARSHALL & POPP, LLC",,Various Republican Congressional Candidates,2025-03-24,4500.00
"MARSHALL & POPP, LLC",,U.S. Senator Katie Britt,2025-03-24,1500.00
"MARSHALL & POPP, LLC",,U.S. Senator John Cornyn,2025-03-25,5000.00
"MARSHALL & POPP, LLC",,John Curtis for Utah,2025-03-25,1000.00
"MARSHALL & POPP, LLC",,U.S. Senator Thom Tillis,2025-03-25,1000.00
"MARSHALL & POPP, LLC",,U.S. Senator John Curtis,2025-03-28,1000.00
"MARSHALL & POPP, LLC",,U.S. Senator Ashley Moody,2025-03-31,1000.00
"MARSHALL & POPP, LLC",,U.S. Representative Nick Langworthy,2025-03-31,250.00
"MARSHALL & POPP, LLC",,U.S. Representative Steve Scalise,2025-03-31,2500.00
"MARSHALL & POPP, LLC",,U.S. Representative Mike Johnson,2025-03-31,5000.00
"MARSHALL & POPP, LLC",,U.S. Representative Brett Guthrie,2025-03-31,2500.00
"MARSHALL & POPP, LLC",,Various Republican Senatorial Candidates,2025-04-23,3750.00
"MARSHALL & POPP, LLC",,U.S. Senator Bill Hagerty,2025-06-17,1000.00
"MARSHALL & POPP, LLC",,U.S. Senator Bill Hagerty,2025-06-17,500.00
"MARSHALL & POPP, LLC",,U.S. Senator Mike Lee,2025-06-19,1000.00
"MARSHALL & POPP, LLC",,U.S. Senator Dave McCormick,2025-06-19,2500.00
"MARSHALL & POPP, LLC",,U.S. Senator Susan Collins,2025-06-19,3500.00
"MARSHALL & POPP, LLC",,U.S. Senator Jon Husted,2025-06-22,1500.00
"MARSHALL & POPP, LLC",,U.S. Senator Katie Britt,2025-06-22,1000.00
"MARSHALL & POPP, LLC",,U.S. Senator Tom Cotton,2025-06-22,5000.00
"MARSHALL & POPP, LLC",,U.S. Senator John Barrasso,2025-06-22,500.00
"MARSHALL & POPP, LLC",,U.S. Senator Bernie Moreno,2025-06-23,1000.00
"MARSHALL & POPP, LLC",,U.S. Senator Buddy Carter,2025-06-23,1000.00
"MARSHALL & POPP, LLC",,U.S. Senator James Lankford,2025-06-30,1000.00
"MARSHALL & POPP, LLC",,Various Republican Senatorial Candidates,2025-01-23,3750.00
"MARSHALL & POPP, LLC",,U.S. Senator Thom Tillis,2025-01-23,700.00
"MARSHALL & POPP, LLC",,U.S. Representative Chip Roy,2025-03-24,1000.00
"MARSHALL & POPP, LLC",,U.S. Senator Joni Ernst,2025-03-24,500.00
"MARSHALL & POPP, LLC",,Various Republican Congressional Candidates,2025-03-24,4500.00
"MARSHALL & POPP, LLC",,U.S. Senator Katie Britt,2025-03-24,1500.00
"MARSHALL & POPP, LLC",,U.S. Senator John Cornyn,2025-03-25,5000.00
"MARSHALL & POPP, LLC",,John Curtis for Utah,2025-03-25,1000.00
"MARSHALL & POPP, LLC",,U.S. Senator Thom Tillis,2025-03-25,1000.00
"MARSHALL & POPP, LLC",,U.S. Senator John Curtis,2025-03-28,1000.00
"MARSHALL & POPP, LLC",,U.S. Senator Ashley Moody,2025-03-31,1000.00
"MARSHALL & POPP, LLC",,U.S. Representative Nick Langworthy,2025-03-31,250.00
"MARSHALL & POPP, LLC",,U.S. Representative Steve Scalise,2025-03-31,2500.00
"MARSHALL & POPP, LLC",,U.S. Representative Mike Johnson,2025-03-31,5000.00
"MARSHALL & POPP, LLC",,U.S. Representative Brett Guthrie,2025-03-31,2500.00
"MARSHALL & POPP, LLC",,Various Republican Senatorial Candidates,2025-04-23,3750.00
"MARSHALL & POPP, LLC",,U.S. Senator Bill Hagerty,2025-06-17,1000.00
"MARSHALL & POPP, LLC",,U.S. Senator Bill Hagerty,2025-06-17,500.00
"MARSHALL & POPP, LLC",,U.S. Senator Mike Lee,2025-06-19,1000.00
"MARSHALL & POPP, LLC",,U.S. Senator Dave McCormick,2025-06-19,2500.00
"MARSHALL & POPP, LLC",,U.S. Senator Susan Collins,2025-06-19,3500.00
"MARSHALL & POPP, LLC",,U.S. Senator Jon Husted,2025-06-22,1500.00
"MARSHALL & POPP, LLC",,U.S. Senator Katie Britt,2025-06-22,1000.00
"MARSHALL & POPP, LLC",,U.S. Senator Tom Cotton,2025-06-22,5000.00
"MARSHALL & POPP, LLC",,U.S. Senator John Barrasso,2025-06-22,500.00
"MARSHALL & POPP, LLC",,U.S. Senator Bernie Moreno,2025-06-23,1000.00
"MARSHALL & POPP, LLC",,U.S. Senator Buddy Carter,2025-06-23,1000.00
"MARSHALL & POPP, LLC",,U.S. Senator James Lankford,2025-06-30,1000.00
"MARSHALL & POPP, LLC",,Various Republican Senatorial Candidates,2025-01-23,3750.00
"MARSHALL & POPP, LLC",,U.S. Senator Thom Tillis,2025-01-23,700.00
"MARSHALL & POPP, LLC",,U.S. Representative Chip Roy,2025-03-24,1000.00
"MARSHALL & POPP, LLC",,U.S. Senator Joni Ernst,2025-03-24,500.00
"MARSHALL & POPP, LLC",,Various Republican Congressional Candidates,2025-03-24,4500.00
"MARSHALL & POPP, LLC",,U.S. Senator Katie Britt,2025-03-24,1500.00
"MARSHALL & POPP, LLC",,U.S. Senator John Cornyn,2025-03-25,5000.00
"MARSHALL & POPP, LLC",,John Curtis for Utah,2025-03-25,1000.00
"MARSHALL & POPP, LLC",,U.S. Senator Thom Tillis,2025-03-25,1000.00
"MARSHALL & POPP, LLC",,U.S. Senator John Curtis,2025-03-28,1000.00
"MARSHALL & POPP, LLC",,U.S. Senator Ashley Moody,2025-03-31,1000.00
"MARSHALL & POPP, LLC",,U.S. Representative Nick Langworthy,2025-03-31,250.00
"MARSHALL & POPP, LLC",,U.S. Representative Steve Scalise,2025-03-31,2500.00
"MARSHALL & POPP, LLC",,U.S. Representative Mike Johnson,2025-03-31,5000.00
"MARSHALL & POPP, LLC",,U.S. Representative Brett Guthrie,2025-03-31,2500.00
"MARSHALL & POPP, LLC",,Various Republican Senatorial Candidates,2025-04-23,3750.00
"MARSHALL & POPP, LLC",,U.S. Senator Bill Hagerty,2025-06-17,1000.00
"MARSHALL & POPP, LLC",,U.S. Senator Bill Hagerty,2025-06-17,500.00
"MARSHALL & POPP, LLC",,U.S. Senator Mike Lee,2025-06-19,1000.00
"MARSHALL & POPP, LLC",,U.S. Senator Dave McCormick,2025-06-19,2500.00
"MARSHALL & POPP, LLC",,U.S. Senator Susan Collins,2025-06-19,3500.00
"MARSHALL & POPP, LLC",,U.S. Senator Jon Husted,2025-06-22,1500.00
"MARSHALL & POPP, LLC",,U.S. Senator Katie Britt,2025-06-22,1000.00
"MARSHALL & POPP, LLC",,U.S. Senator Tom Cotton,2025-06-22,5000.00
"MARSHALL & POPP, LLC",,U.S. Senator John Barrasso,2025-06-22,500.00
"MARSHALL & POPP, LLC",,U.S. Senator Bernie Moreno,2025-06-23,1000.00
"MARSHALL & POPP, LLC",,U.S. Senator Buddy Carter,2025-06-23,1000.00
"MARSHALL & POPP, LLC",,U.S. Senator James Lankford,2025-06-30,1000.00
"MARSHALL & POPP, LLC",,Various Republican Senatorial Candidates,2025-01-23,3750.00
"MARSHALL & POPP, LLC",,U.S. Senator Thom Tillis,2025-01-23,700.00
"MARSHALL & POPP, LLC",,U.S. Representative Chip Roy,2025-03-24,1000.00
"MARSHALL & POPP, LLC",,U.S. Senator Joni Ernst,2025-03-24,500.00
"MARSHALL & POPP, LLC",,Various Republican Congressional Candidates,2025-03-24,4500.00
"MARSHALL & POPP, LLC",,U.S. Senator Katie Britt,2025-03-24,1500.00
"MARSHALL & POPP, LLC",,U.S. Senator John Cornyn,2025-03-25,5000.00
"MARSHALL & POPP, LLC",,John Curtis for Utah,2025-03-25,1000.00
"MARSHALL & POPP, LLC",,U.S. Senator Thom Tillis,2025-03-25,1000.00
"MARSHALL & POPP, LLC",,U.S. Senator John Curtis,2025-03-28,1000.00
"MARSHALL & POPP, LLC",,U.S. Senator Ashley Moody,2025-03-31,1000.00
"MARSHALL & POPP, LLC",,U.S. Representative Nick Langworthy,2025-03-31,250.00
"MARSHALL & POPP, LLC",,U.S. Representative Steve Scalise,2025-03-31,2500.00
"MARSHALL & POPP, LLC",,U.S. Representative Mike Johnson,2025-03-31,5000.00
"MARSHALL & POPP, LLC",,U.S. Representative Brett Guthrie,2025-03-31,2500.00
"MARSHALL & POPP, LLC",,Various Republican Senatorial Candidates,2025-04-23,3750.00
"MARSHALL & POPP, LLC",,U.S. Senator Bill Hagerty,2025-06-17,1000.00
"MARSHALL & POPP, LLC",,U.S. Senator Bill Hagerty,2025-06-17,500.00
"MARSHALL & POPP, LLC",,U.S. Senator Mike Lee,2025-06-19,1000.00
"MARSHALL & POPP, LLC",,U.S. Senator Dave McCormick,2025-06-19,2500.00
"MARSHALL & POPP, LLC",,U.S. Senator Susan Collins,2025-06-19,3500.00
"MARSHALL & POPP, LLC",,U.S. Senator Jon Husted,2025-06-22,1500.00
"MARSHALL & POPP, LLC",,U.S. Senator Katie Britt,2025-06-22,1000.00
"MARSHALL & POPP, LLC",,U.S. Senator Tom Cotton,2025-06-22,5000.00
"MARSHALL & POPP, LLC",,U.S. Senator John Barrasso,2025-06-22,500.00
"MARSHALL & POPP, LLC",,U.S. Senator Bernie Moreno,2025-06-23,1000.00
"MARSHALL & POPP, LLC",,U.S. Senator Buddy Carter,2025-06-23,1000.00
"MARSHALL & POPP, LLC",,U.S. Senator James Lankford,2025-06-30,1000.00
"MARSHALL & POPP, LLC",,Various Republican Senatorial Candidates,2025-01-23,3750.00
"MARSHALL & POPP, LLC",,U.S. Senator Thom Tillis,2025-01-23,700.00
"MARSHALL & POPP, LLC",,U.S. Representative Chip Roy,2025-03-24,1000.00
"MARSHALL & POPP, LLC",,U.S. Senator Joni Ernst,2025-03-24,500.00
"MARSHALL & POPP, LLC",,Various Republican Congressional Candidates,2025-03-24,4500.00
"MARSHALL & POPP, LLC",,U.S. Senator Katie Britt,2025-03-24,1500.00
"MARSHALL & POPP, LLC",,U.S. Senator John Cornyn,2025-03-25,5000.00
"MARSHALL & POPP, LLC",,John Curtis for Utah,2025-03-25,1000.00
"MARSHALL & POPP, LLC",,U.S. Senator Thom Tillis,2025-03-25,1000.00
"MARSHALL & POPP, LLC",,U.S. Senator John Curtis,2025-03-28,1000.00
"MARSHALL & POPP, LLC",,U.S. Senator Ashley Moody,2025-03-31,1000.00
"MARSHALL & POPP, LLC",,U.S. Representative Nick Langworthy,2025-03-31,250.00
"MARSHALL & POPP, LLC",,U.S. Representative Steve Scalise,2025-03-31,2500.00
"MARSHALL & POPP, LLC",,U.S. Representative Mike Johnson,2025-03-31,5000.00
"MARSHALL & POPP, LLC",,U.S. Representative Brett Guthrie,2025-03-31,2500.00
"MARSHALL & POPP, LLC",,Various Republican Senatorial Candidates,2025-04-23,3750.00
"MARSHALL & POPP, LLC",,U.S. Senator Bill Hagerty,2025-06-17,1000.00
"MARSHALL & POPP, LLC",,U.S. Senator Bill Hagerty,2025-06-17,500.00
"MARSHALL & POPP, LLC",,U.S. Senator Mike Lee,2025-06-19,1000.00
"MARSHALL & POPP, LLC",,U.S. Senator Dave McCormick,2025-06-19,2500.00
"MARSHALL & POPP, LLC",,U.S. Senator Susan Collins,2025-06-19,3500.00
"MARSHALL & POPP, LLC",,U.S. Senator Jon Husted,2025-06-22,1500.00
"MARSHALL & POPP, LLC",,U.S. Senator Katie Britt,2025-06-22,1000.00
"MARSHALL & POPP, LLC",,U.S. Senator Tom Cotton,2025-06-22,5000.00
"MARSHALL & POPP, LLC",,U.S. Senator John Barrasso,2025-06-22,500.00
"MARSHALL & POPP, LLC",,U.S. Senator Bernie Moreno,2025-06-23,1000.00
"MARSHALL & POPP, LLC",,U.S. Senator Buddy Carter,2025-06-23,1000.00
"MARSHALL & POPP, LLC",,U.S. Senator James Lankford,2025-06-30,1000.00
"MARSHALL & POPP, LLC",,Various Republican Senatorial Candidates,2025-01-23,3750.00
"MARSHALL & POPP, LLC",,U.S. Senator Thom Tillis,2025-01-23,700.00
"MARSHALL & POPP, LLC",,U.S. Representative Chip Roy,2025-03-24,1000.00
"MARSHALL & POPP, LLC",,U.S. Senator Joni Ernst,2025-03-24,500.00
"MARSHALL & POPP, LLC",,Various Republican Congressional Candidates,2025-03-24,4500.00
"MARSHALL & POPP, LLC",,U.S. Senator Katie Britt,2025-03-24,1500.00
"MARSHALL & POPP, LLC",,U.S. Senator John Cornyn,2025-03-25,5000.00
"MARSHALL & POPP, LLC",,John Curtis for Utah,2025-03-25,1000.00
"MARSHALL & POPP, LLC",,U.S. Senator Thom Tillis,2025-03-25,1000.00
"MARSHALL & POPP, LLC",,U.S. Senator John Curtis,2025-03-28,1000.00
"MARSHALL & POPP, LLC",,U.S. Senator Ashley Moody,2025-03-31,1000.00
"MARSHALL & POPP, LLC",,U.S. Representative Nick Langworthy,2025-03-31,250.00
"MARSHALL & POPP, LLC",,U.S. Representative Steve Scalise,2025-03-31,2500.00
"MARSHALL & POPP, LLC",,U.S. Representative Mike Johnson,2025-03-31,5000.00
"MARSHALL & POPP, LLC",,U.S. Representative Brett Guthrie,2025-03-31,2500.00
"MARSHALL & POPP, LLC",,Various Republican Senatorial Candidates,2025-04-23,3750.00
"MARSHALL & POPP, LLC",,U.S. Senator Bill Hagerty,2025-06-17,1000.00
"MARSHALL & POPP, LLC",,U.S. Senator Bill Hagerty,2025-06-17,500.00
"MARSHALL & POPP, LLC",,U.S. Senator Mike Lee,2025-06-19,1000.00
"MARSHALL & POPP, LLC",,U.S. Senator Dave McCormick,2025-06-19,2500.00
"MARSHALL & POPP, LLC",,U.S. Senator Susan Collins,2025-06-19,3500.00
"MARSHALL & POPP, LLC",,U.S. Senator Jon Husted,2025-06-22,1500.00
"MARSHALL & POPP, LLC",,U.S. Senator Katie Britt,2025-06-22,1000.00
"MARSHALL & POPP, LLC",,U.S. Senator Tom Cotton,2025-06-22,5000.00
"MARSHALL & POPP, LLC",,U.S. Senator John Barrasso,2025-06-22,500.00
"MARSHALL & POPP, LLC",,U.S. Senator Bernie Moreno,2025-06-23,1000.00
"MARSHALL & POPP, LLC",,U.S. Senator Buddy Carter,2025-06-23,1000.00
"MARSHALL & POPP, LLC",,U.S. Senator James Lankford,2025-06-30,1000.00
"MARSHALL & POPP, LLC",,Various Republican Senatorial Candidates,2025-01-23,3750.00
"MARSHALL & POPP, LLC",,U.S. Senator Thom Tillis,2025-01-23,700.00
"MARSHALL & POPP, LLC",,U.S. Representative Chip Roy,2025-03-24,1000.00
"MARSHALL & POPP, LLC",,U.S. Senator Joni Ernst,2025-03-24,500.00
"MARSHALL & POPP, LLC",,Various Republican Congressional Candidates,2025-03-24,4500.00
"MARSHALL & POPP, LLC",,U.S. Senator Katie Britt,2025-03-24,1500.00
"MARSHALL & POPP, LLC",,U.S. Senator John Cornyn,2025-03-25,5000.00
"MARSHALL & POPP, LLC",,John Curtis for Utah,2025-03-25,1000.00
"MARSHALL & POPP, LLC",,U.S. Senator Thom Tillis,2025-03-25,1000.00
"MARSHALL & POPP, LLC",,U.S. Senator John Curtis,2025-03-28,1000.00
"MARSHALL & POPP, LLC",,U.S. Senator Ashley Moody,2025-03-31,1000.00
"MARSHALL & POPP, LLC",,U.S. Representative Nick Langworthy,2025-03-31,250.00
"MARSHALL & POPP, LLC",,U.S. Representative Steve Scalise,2025-03-31,2500.00
"MARSHALL & POPP, LLC",,U.S. Representative Mike Johnson,2025-03-31,5000.00
"MARSHALL & POPP, LLC",,U.S. Representative Brett Guthrie,2025-03-31,2500.00
"MARSHALL & POPP, LLC",,Various Republican Senatorial Candidates,2025-04-23,3750.00
"MARSHALL & POPP, LLC",,U.S. Senator Bill Hagerty,2025-06-17,1000.00
"MARSHALL & POPP, LLC",,U.S. Senator Bill Hagerty,2025-06-17,500.00
"MARSHALL & POPP, LLC",,U.S. Senator Mike Lee,2025-06-19,1000.00
"MARSHALL & POPP, LLC",,U.S. Senator Dave McCormick,2025-06-19,2500.00
"MARSHALL & POPP, LLC",,U.S. Senator Susan Collins,2025-06-19,3500.00
"MARSHALL & POPP, LLC",,U.S. Senator Jon Husted,2025-06-22,1500.00
"MARSHALL & POPP, LLC",,U.S. Senator Katie Britt,2025-06-22,1000.00
"MARSHALL & POPP, LLC",,U.S. Senator Tom Cotton,2025-06-22,5000.00
"MARSHALL & POPP, LLC",,U.S. Senator John Barrasso,2025-06-22,500.00
"MARSHALL & POPP, LLC",,U.S. Senator Bernie Moreno,2025-06-23,1000.00
"MARSHALL & POPP, LLC",,U.S. Senator Buddy Carter,2025-06-23,1000.00
"MARSHALL & POPP, LLC",,U.S. Senator James Lankford,2025-06-30,1000.00
"MARSHALL & POPP, LLC",,Various Republican Senatorial Candidates,2025-01-23,3750.00
"MARSHALL & POPP, LLC",,U.S. Senator Thom Tillis,2025-01-23,700.00
"MARSHALL & POPP, LLC",,U.S. Representative Chip Roy,2025-03-24,1000.00
"MARSHALL & POPP, LLC",,U.S. Senator Joni Ernst,2025-03-24,500.00
"MARSHALL & POPP, LLC",,Various Republican Congressional Candidates,2025-03-24,4500.00
"MARSHALL & POPP, LLC",,U.S. Senator Katie Britt,2025-03-24,1500.00
"MARSHALL & POPP, LLC",,U.S. Senator John Cornyn,2025-03-25,5000.00
"MARSHALL & POPP, LLC",,John Curtis for Utah,2025-03-25,1000.00
"MARSHALL & POPP, LLC",,U.S. Senator Thom Tillis,2025-03-25,1000.00
"MARSHALL & POPP, LLC",,U.S. Senator John Curtis,2025-03-28,1000.00
"MARSHALL & POPP, LLC",,U.S. Senator Ashley Moody,2025-03-31,1000.00
"MARSHALL & POPP, LLC",,U.S. Representative Nick Langworthy,2025-03-31,250.00
"MARSHALL & POPP, LLC",,U.S. Representative Steve Scalise,2025-03-31,2500.00
"MARSHALL & POPP, LLC",,U.S. Representative Mike Johnson,2025-03-31,5000.00
"MARSHALL & POPP, LLC",,U.S. Representative Brett Guthrie,2025-03-31,2500.00
"MARSHALL & POPP, LLC",,Various Republican Senatorial Candidates,2025-04-23,3750.00
"MARSHALL & POPP, LLC",,U.S. Senator Bill Hagerty,2025-06-17,1000.00
"MARSHALL & POPP, LLC",,U.S. Senator Bill Hagerty,2025-06-17,500.00
"MARSHALL & POPP, LLC",,U.S. Senator Mike Lee,2025-06-19,1000.00
"MARSHALL & POPP, LLC",,U.S. Senator Dave McCormick,2025-06-19,2500.00
"MARSHALL & POPP, LLC",,U.S. Senator Susan Collins,2025-06-19,3500.00
"MARSHALL & POPP, LLC",,U.S. Senator Jon Husted,2025-06-22,1500.00
"MARSHALL & POPP, LLC",,U.S. Senator Katie Britt,2025-06-22,1000.00
"MARSHALL & POPP, LLC",,U.S. Senator Tom Cotton,2025-06-22,5000.00
"MARSHALL & POPP, LLC",,U.S. Senator John Barrasso,2025-06-22,500.00
"MARSHALL & POPP, LLC",,U.S. Senator Bernie Moreno,2025-06-23,1000.00
"MARSHALL & POPP, LLC",,U.S. Senator Buddy Carter,2025-06-23,1000.00
"MARSHALL & POPP, LLC",,U.S. Senator James Lankford,2025-06-30,1000.00
"MARSHALL & POPP, LLC",,Various Republican Senatorial Candidates,2025-01-23,3750.00
"MARSHALL & POPP, LLC",,U.S. Senator Thom Tillis,2025-01-23,700.00
"MARSHALL & POPP, LLC",,U.S. Representative Chip Roy,2025-03-24,1000.00
"MARSHALL & POPP, LLC",,U.S. Senator Joni Ernst,2025-03-24,500.00
"MARSHALL & POPP, LLC",,Various Republican Congressional Candidates,2025-03-24,4500.00
"MARSHALL & POPP, LLC",,U.S. Senator Katie Britt,2025-03-24,1500.00
"MARSHALL & POPP, LLC",,U.S. Senator John Cornyn,2025-03-25,5000.00
"MARSHALL & POPP, LLC",,John Curtis for Utah,2025-03-25,1000.00
"MARSHALL & POPP, LLC",,U.S. Senator Thom Tillis,2025-03-25,1000.00
"MARSHALL & POPP, LLC",,U.S. Senator John Curtis,2025-03-28,1000.00
"MARSHALL & POPP, LLC",,U.S. Senator Ashley Moody,2025-03-31,1000.00
"MARSHALL & POPP, LLC",,U.S. Representative Nick Langworthy,2025-03-31,250.00
"MARSHALL & POPP, LLC",,U.S. Representative Steve Scalise,2025-03-31,2500.00
"MARSHALL & POPP, LLC",,U.S. Representative Mike Johnson,2025-03-31,5000.00
"MARSHALL & POPP, LLC",,U.S. Representative Brett Guthrie,2025-03-31,2500.00
"MARSHALL & POPP, LLC",,Various Republican Senatorial Candidates,2025-04-23,3750.00
"MARSHALL & POPP, LLC",,U.S. Senator Bill Hagerty,2025-06-17,1000.00
"MARSHALL & POPP, LLC",,U.S. Senator Bill Hagerty,2025-06-17,500.00
"MARSHALL & POPP, LLC",,U.S. Senator Mike Lee,2025-06-19,1000.00
"MARSHALL & POPP, LLC",,U.S. Senator Dave McCormick,2025-06-19,2500.00
"MARSHALL & POPP, LLC",,U.S. Senator Susan Collins,2025-06-19,3500.00
"MARSHALL & POPP, LLC",,U.S. Senator Jon Husted,2025-06-22,1500.00
"MARSHALL & POPP, LLC",,U.S. Senator Katie Britt,2025-06-22,1000.00
"MARSHALL & POPP, LLC",,U.S. Senator Tom Cotton,2025-06-22,5000.00
"MARSHALL & POPP, LLC",,U.S. Senator John Barrasso,2025-06-22,500.00
"MARSHALL & POPP, LLC",,U.S. Senator Bernie Moreno,2025-06-23,1000.00
"MARSHALL & POPP, LLC",,U.S. Senator Buddy Carter,2025-06-23,1000.00
"MARSHALL & POPP, LLC",,U.S. Senator James Lankford,2025-06-30,1000.00
"MARSHALL & POPP, LLC",,Various Republican Senatorial Candidates,2025-01-23,3750.00
"MARSHALL & POPP, LLC",,U.S. Senator Thom Tillis,2025-01-23,700.00
"MARSHALL & POPP, LLC",,U.S. Representative Chip Roy,2025-03-24,1000.00
"MARSHALL & POPP, LLC",,U.S. Senator Joni Ernst,2025-03-24,500.00
"MARSHALL & POPP, LLC",,Various Republican Congressional Candidates,2025-03-24,4500.00
"MARSHALL & POPP, LLC",,U.S. Senator Katie Britt,2025-03-24,1500.00
"MARSHALL & POPP, LLC",,U.S. Senator John Cornyn,2025-03-25,5000.00
"MARSHALL & POPP, LLC",,John Curtis for Utah,2025-03-25,1000.00
"MARSHALL & POPP, LLC",,U.S. Senator Thom Tillis,2025-03-25,1000.00
"MARSHALL & POPP, LLC",,U.S. Senator John Curtis,2025-03-28,1000.00
"MARSHALL & POPP, LLC",,U.S. Senator Ashley Moody,2025-03-31,1000.00
"MARSHALL & POPP, LLC",,U.S. Representative Nick Langworthy,2025-03-31,250.00
"MARSHALL & POPP, LLC",,U.S. Representative Steve Scalise,2025-03-31,2500.00
"MARSHALL & POPP, LLC",,U.S. Representative Mike Johnson,2025-03-31,5000.00
"MARSHALL & POPP, LLC",,U.S. Representative Brett Guthrie,2025-03-31,2500.00
"MARSHALL & POPP, LLC",,Various Republican Senatorial Candidates,2025-04-23,3750.00
"MARSHALL & POPP, LLC",,U.S. Senator Bill Hagerty,2025-06-17,1000.00
"MARSHALL & POPP, LLC",,U.S. Senator Bill Hagerty,2025-06-17,500.00
"MARSHALL & POPP, LLC",,U.S. Senator Mike Lee,2025-06-19,1000.00
"MARSHALL & POPP, LLC",,U.S. Senator Dave McCormick,2025-06-19,2500.00
"MARSHALL & POPP, LLC",,U.S. Senator Susan Collins,2025-06-19,3500.00
"MARSHALL & POPP, LLC",,U.S. Senator Jon Husted,2025-06-22,1500.00
"MARSHALL & POPP, LLC",,U.S. Senator Katie Britt,2025-06-22,1000.00
"MARSHALL & POPP, LLC",,U.S. Senator Tom Cotton,2025-06-22,5000.00
"MARSHALL & POPP, LLC",,U.S. Senator John Barrasso,2025-06-22,500.00
"MARSHALL & POPP, LLC",,U.S. Senator Bernie Moreno,2025-06-23,1000.00
"MARSHALL & POPP, LLC",,U.S. Senator Buddy Carter,2025-06-23,1000.00
"MARSHALL & POPP, LLC",,U.S. Senator James Lankford,2025-06-30,1000.00
"FRIENDS OF THE EARTH (ACTION), INC.",Friends of the Earth Action Political Action Committee,Summer Lee,2025-06-16,1500.00
"GENWORTH FINANCIAL, INC.","Enact Holdings, Inc. Political Action Committee (Enact PAC); Genworth Financial, Inc. Political Action Committee (Genworth PAC)",Across the Aisle PAC,2025-01-24,5000.00
"GENWORTH FINANCIAL, INC.","Enact Holdings, Inc. Political Action Committee (Enact PAC); Genworth Financial, Inc. Political Action Committee (Genworth PAC)",Building Bridges PAC,2025-01-24,5000.00
"GENWORTH FINANCIAL, INC.","Enact Holdings, Inc. Political Action Committee (Enact PAC); Genworth Financial, Inc. Political Action Committee (Genworth PAC)",CHC Bold PAC,2025-01-24,2500.00
"GENWORTH FINANCIAL, INC.","Enact Holdings, Inc. Political Action Committee (Enact PAC); Genworth Financial, Inc. Political Action Committee (Genworth PAC)",Congressional Black Caucus PAC,2025-01-24,2500.00
"GENWORTH FINANCIAL, INC.","Enact Holdings, Inc. Political Action Committee (Enact PAC); Genworth Financial, Inc. Political Action Committee (Genworth PAC)",Tom Suozzi,2025-03-05,2500.00
"GENWORTH FINANCIAL, INC.","Enact Holdings, Inc. Political Action Committee (Enact PAC); Genworth Financial, Inc. Political Action Committee (Genworth PAC)",Andy Barr,2025-03-05,2500.00
"GENWORTH FINANCIAL, INC.","Enact Holdings, Inc. Political Action Committee (Enact PAC); Genworth Financial, Inc. Political Action Committee (Genworth PAC)",Brian Fitzpatrick,2025-03-05,2500.00
"GENWORTH FINANCIAL, INC.","Enact Holdings, Inc. Political Action Committee (Enact PAC); Genworth Financial, Inc. Political Action Committee (Genworth PAC)",Tim Kaine,2025-03-05,5000.00
"GENWORTH FINANCIAL, INC.","Enact Holdings, Inc. Political Action Committee (Enact PAC); Genworth Financial, Inc. Political Action Committee (Genworth PAC)",Jennifer McClellan,2025-03-19,1000.00
"GENWORTH FINANCIAL, INC.","Enact Holdings, Inc. Political Action Committee (Enact PAC); Genworth Financial, Inc. Political Action Committee (Genworth PAC)",Don Davis,2025-03-19,1000.00
"GENWORTH FINANCIAL, INC.","Enact Holdings, Inc. Political Action Committee (Enact PAC); Genworth Financial, Inc. Political Action Committee (Genworth PAC)",David Valadao,2025-03-19,2500.00
"GENWORTH FINANCIAL, INC.","Enact Holdings, Inc. Political Action Committee (Enact PAC); Genworth Financial, Inc. Political Action Committee (Genworth PAC)",Susie Lee,2025-03-19,1000.00
"GENWORTH FINANCIAL, INC.","Enact Holdings, Inc. Political Action Committee (Enact PAC); Genworth Financial, Inc. Political Action Committee (Genworth PAC)",Tom Suozzi,2025-03-26,2500.00
"GENWORTH FINANCIAL, INC.","Enact Holdings, Inc. Political Action Committee (Enact PAC); Genworth Financial, Inc. Political Action Committee (Genworth PAC)",Bill Hagerty,2025-03-28,2500.00
"GENWORTH FINANCIAL, INC.","Enact Holdings, Inc. Political Action Committee (Enact PAC); Genworth Financial, Inc. Political Action Committee (Genworth PAC)",Mike Flood,2025-03-28,5000.00
"GENWORTH FINANCIAL, INC.","Enact Holdings, Inc. Political Action Committee (Enact PAC); Genworth Financial, Inc. Political Action Committee (Genworth PAC)",Bill Huizenga,2025-03-28,2000.00
"GENWORTH FINANCIAL, INC.","Enact Holdings, Inc. Political Action Committee (Enact PAC); Genworth Financial, Inc. Political Action Committee (Genworth PAC)",Maria Elvira Salazar,2025-03-28,2000.00
"GENWORTH FINANCIAL, INC.","Enact Holdings, Inc. Political Action Committee (Enact PAC); Genworth Financial, Inc. Political Action Committee (Genworth PAC)",Jason Smith,2025-03-28,3000.00
"GENWORTH FINANCIAL, INC.","Enact Holdings, Inc. Political Action Committee (Enact PAC); Genworth Financial, Inc. Political Action Committee (Genworth PAC)",Bryan Steil,2025-03-28,2000.00
"GENWORTH FINANCIAL, INC.","Enact Holdings, Inc. Political Action Committee (Enact PAC); Genworth Financial, Inc. Political Action Committee (Genworth PAC)",Thom Tillis,2025-03-28,5000.00
"GENWORTH FINANCIAL, INC.","Enact Holdings, Inc. Political Action Committee (Enact PAC); Genworth Financial, Inc. Political Action Committee (Genworth PAC)",French Hill,2025-03-28,1000.00
"GENWORTH FINANCIAL, INC.","Enact Holdings, Inc. Political Action Committee (Enact PAC); Genworth Financial, Inc. Political Action Committee (Genworth PAC)",Bill Hagerty,2025-03-28,2000.00
"GENWORTH FINANCIAL, INC.","Enact Holdings, Inc. Political Action Committee (Enact PAC); Genworth Financial, Inc. Political Action Committee (Genworth PAC)",Mike Johnson,2025-04-16,5000.00
"GENWORTH FINANCIAL, INC.","Enact Holdings, Inc. Political Action Committee (Enact PAC); Genworth Financial, Inc. Political Action Committee (Genworth PAC)",Nick LaLota,2025-05-02,1000.00
"GENWORTH FINANCIAL, INC.","Enact Holdings, Inc. Political Action Committee (Enact PAC); Genworth Financial, Inc. Political Action Committee (Genworth PAC)",Young Kim,2025-05-02,1000.00
"GENWORTH FINANCIAL, INC.","Enact Holdings, Inc. Political Action Committee (Enact PAC); Genworth Financial, Inc. Political Action Committee (Genworth PAC)",David Valadao,2025-05-02,1000.00
"GENWORTH FINANCIAL, INC.","Enact Holdings, Inc. Political Action Committee (Enact PAC); Genworth Financial, Inc. Political Action Committee (Genworth PAC)",John Moolenaar,2025-05-02,2500.00
"GENWORTH FINANCIAL, INC.","Enact Holdings, Inc. Political Action Committee (Enact PAC); Genworth Financial, Inc. Political Action Committee (Genworth PAC)",George Whitesides,2025-05-02,1000.00
"GENWORTH FINANCIAL, INC.","Enact Holdings, Inc. Political Action Committee (Enact PAC); Genworth Financial, Inc. Political Action Committee (Genworth PAC)",Katie Britt,2025-05-02,2000.00
"GENWORTH FINANCIAL, INC.","Enact Holdings, Inc. Political Action Committee (Enact PAC); Genworth Financial, Inc. Political Action Committee (Genworth PAC)",Blake Moore,2025-05-02,2500.00
"GENWORTH FINANCIAL, INC.","Enact Holdings, Inc. Political Action Committee (Enact PAC); Genworth Financial, Inc. Political Action Committee (Genworth PAC)",August Pfluger,2025-05-02,1000.00
"GENWORTH FINANCIAL, INC.","Enact Holdings, Inc. Political Action Committee (Enact PAC); Genworth Financial, Inc. Political Action Committee (Genworth PAC)",Andrew Garbarino,2025-05-02,2500.00
"GENWORTH FINANCIAL, INC.","Enact Holdings, Inc. Political Action Committee (Enact PAC); Genworth Financial, Inc. Political Action Committee (Genworth PAC)",Brett Guthrie,2025-05-02,2500.00
"GENWORTH FINANCIAL, INC.","Enact Holdings, Inc. Political Action Committee (Enact PAC); Genworth Financial, Inc. Political Action Committee (Genworth PAC)",Monica De La Cruz,2025-05-07,1000.00
"GENWORTH FINANCIAL, INC.","Enact Holdings, Inc. Political Action Committee (Enact PAC); Genworth Financial, Inc. Political Action Committee (Genworth PAC)",Julia Letlow,2025-05-07,2000.00
"GENWORTH FINANCIAL, INC.","Enact Holdings, Inc. Political Action Committee (Enact PAC); Genworth Financial, Inc. Political Action Committee (Genworth PAC)",Mark Warner,2025-05-07,2500.00
"GENWORTH FINANCIAL, INC.","Enact Holdings, Inc. Political Action Committee (Enact PAC); Genworth Financial, Inc. Political Action Committee (Genworth PAC)",Congressional Black Caucus PAC,2025-05-07,2500.00
"GENWORTH FINANCIAL, INC.","Enact Holdings, Inc. Political Action Committee (Enact PAC); Genworth Financial, Inc. Political Action Committee (Genworth PAC)",USMI-PAC,2025-05-07,5000.00
"GENWORTH FINANCIAL, INC.","Enact Holdings, Inc. Political Action Committee (Enact PAC); Genworth Financial, Inc. Political Action Committee (Genworth PAC)",CHC Bold PAC,2025-05-07,2500.00
"GENWORTH FINANCIAL, INC.","Enact Holdings, Inc. Political Action Committee (Enact PAC); Genworth Financial, Inc. Political Action Committee (Genworth PAC)",Mike Haridopolos,2025-05-07,2000.00
"GENWORTH FINANCIAL, INC.","Enact Holdings, Inc. Political Action Committee (Enact PAC); Genworth Financial, Inc. Political Action Committee (Genworth PAC)",Lisa McClain,2025-05-07,2000.00
"GENWORTH FINANCIAL, INC.","Enact Holdings, Inc. Political Action Committee (Enact PAC); Genworth Financial, Inc. Political Action Committee (Genworth PAC)",Maggie Hassan,2025-05-07,2500.00
"GENWORTH FINANCIAL, INC.","Enact Holdings, Inc. Political Action Committee (Enact PAC); Genworth Financial, Inc. Political Action Committee (Genworth PAC)",Tim Scott,2025-05-07,2500.00
"GENWORTH FINANCIAL, INC.","Enact Holdings, Inc. Political Action Committee (Enact PAC); Genworth Financial, Inc. Political Action Committee (Genworth PAC)",Claudia Tenney,2025-05-30,1000.00
"GENWORTH FINANCIAL, INC.","Enact Holdings, Inc. Political Action Committee (Enact PAC); Genworth Financial, Inc. Political Action Committee (Genworth PAC)",Jon Husted,2025-05-30,1500.00
"GENWORTH FINANCIAL, INC.","Enact Holdings, Inc. Political Action Committee (Enact PAC); Genworth Financial, Inc. Political Action Committee (Genworth PAC)",Katherine Clark,2025-06-11,1000.00
"GENWORTH FINANCIAL, INC.","Enact Holdings, Inc. Political Action Committee (Enact PAC); Genworth Financial, Inc. Political Action Committee (Genworth PAC)",Jennifer Kiggans,2025-06-11,1000.00
"GENWORTH FINANCIAL, INC.","Enact Holdings, Inc. Political Action Committee (Enact PAC); Genworth Financial, Inc. Political Action Committee (Genworth PAC)",Brian Jack,2025-06-25,2000.00
"GENWORTH FINANCIAL, INC.","Enact Holdings, Inc. Political Action Committee (Enact PAC); Genworth Financial, Inc. Political Action Committee (Genworth PAC)",Brittany Pettersen,2025-06-25,2500.00
"GENWORTH FINANCIAL, INC.","Enact Holdings, Inc. Political Action Committee (Enact PAC); Genworth Financial, Inc. Political Action Committee (Genworth PAC)",Marlin Stutzman,2025-06-25,2000.00
"GENWORTH FINANCIAL, INC.","Enact Holdings, Inc. Political Action Committee (Enact PAC); Genworth Financial, Inc. Political Action Committee (Genworth PAC)",Scott Fitzgerald,2025-06-25,1000.00
"GENWORTH FINANCIAL, INC.","Enact Holdings, Inc. Political Action Committee (Enact PAC); Genworth Financial, Inc. Political Action Committee (Genworth PAC)",Across the Aisle PAC,2025-01-24,5000.00
"GENWORTH FINANCIAL, INC.","Enact Holdings, Inc. Political Action Committee (Enact PAC); Genworth Financial, Inc. Political Action Committee (Genworth PAC)",Building Bridges PAC,2025-01-24,5000.00
"GENWORTH FINANCIAL, INC.","Enact Holdings, Inc. Political Action Committee (Enact PAC); Genworth Financial, Inc. Political Action Committee (Genworth PAC)",CHC Bold PAC,2025-01-24,2500.00
"GENWORTH FINANCIAL, INC.","Enact Holdings, Inc. Political Action Committee (Enact PAC); Genworth Financial, Inc. Political Action Committee (Genworth PAC)",Congressional Black Caucus PAC,2025-01-24,2500.00
"GENWORTH FINANCIAL, INC.","Enact Holdings, Inc. Political Action Committee (Enact PAC); Genworth Financial, Inc. Political Action Committee (Genworth PAC)",Tom Suozzi,2025-03-05,2500.00
"GENWORTH FINANCIAL, INC.","Enact Holdings, Inc. Political Action Committee (Enact PAC); Genworth Financial, Inc. Political Action Committee (Genworth PAC)",Andy Barr,2025-03-05,2500.00
"GENWORTH FINANCIAL, INC.","Enact Holdings, Inc. Political Action Committee (Enact PAC); Genworth Financial, Inc. Political Action Committee (Genworth PAC)",Brian Fitzpatrick,2025-03-05,2500.00
"GENWORTH FINANCIAL, INC.","Enact Holdings, Inc. Political Action Committee (Enact PAC); Genworth Financial, Inc. Political Action Committee (Genworth PAC)",Tim Kaine,2025-03-05,5000.00
"GENWORTH FINANCIAL, INC.","Enact Holdings, Inc. Political Action Committee (Enact PAC); Genworth Financial, Inc. Political Action Committee (Genworth PAC)",Jennifer McClellan,2025-03-19,1000.00
"GENWORTH FINANCIAL, INC.","Enact Holdings, Inc. Political Action Committee (Enact PAC); Genworth Financial, Inc. Political Action Committee (Genworth PAC)",Don Davis,2025-03-19,1000.00
"GENWORTH FINANCIAL, INC.","Enact Holdings, Inc. Political Action Committee (Enact PAC); Genworth Financial, Inc. Political Action Committee (Genworth PAC)",David Valadao,2025-03-19,2500.00
"GENWORTH FINANCIAL, INC.","Enact Holdings, Inc. Political Action Committee (Enact PAC); Genworth Financial, Inc. Political Action Committee (Genworth PAC)",Susie Lee,2025-03-19,1000.00
"GENWORTH FINANCIAL, INC.","Enact Holdings, Inc. Political Action Committee (Enact PAC); Genworth Financial, Inc. Political Action Committee (Genworth PAC)",Tom Suozzi,2025-03-26,2500.00
"GENWORTH FINANCIAL, INC.","Enact Holdings, Inc. Political Action Committee (Enact PAC); Genworth Financial, Inc. Political Action Committee (Genworth PAC)",Bill Hagerty,2025-03-28,2500.00
"GENWORTH FINANCIAL, INC.","Enact Holdings, Inc. Political Action Committee (Enact PAC); Genworth Financial, Inc. Political Action Committee (Genworth PAC)",Mike Flood,2025-03-28,5000.00
"GENWORTH FINANCIAL, INC.","Enact Holdings, Inc. Political Action Committee (Enact PAC); Genworth Financial, Inc. Political Action Committee (Genworth PAC)",Bill Huizenga,2025-03-28,2000.00
"GENWORTH FINANCIAL, INC.","Enact Holdings, Inc. Political Action Committee (Enact PAC); Genworth Financial, Inc. Political Action Committee (Genworth PAC)",Maria Elvira Salazar,2025-03-28,2000.00
"GENWORTH FINANCIAL, INC.","Enact Holdings, Inc. Political Action Committee (Enact PAC); Genworth Financial, Inc. Political Action Committee (Genworth PAC)",Jason Smith,2025-03-28,3000.00
"GENWORTH FINANCIAL, INC.","Enact Holdings, Inc. Political Action Committee (Enact PAC); Genworth Financial, Inc. Political Action Committee (Genworth PAC)",Bryan Steil,2025-03-28,2000.00
"GENWORTH FINANCIAL, INC.","Enact Holdings, Inc. Political Action Committee (Enact PAC); Genworth Financial, Inc. Political Action Committee (Genworth PAC)",Thom Tillis,2025-03-28,5000.00
"GENWORTH FINANCIAL, INC.","Enact Holdings, Inc. Political Action Committee (Enact PAC); Genworth Financial, Inc. Political Action Committee (Genworth PAC)",French Hill,2025-03-28,1000.00
"GENWORTH FINANCIAL, INC.","Enact Holdings, Inc. Political Action Committee (Enact PAC); Genworth Financial, Inc. Political Action Committee (Genworth PAC)",Bill Hagerty,2025-03-28,2000.00
"GENWORTH FINANCIAL, INC.","Enact Holdings, Inc. Political Action Committee (Enact PAC); Genworth Financial, Inc. Political Action Committee (Genworth PAC)",Mike Johnson,2025-04-16,5000.00
"GENWORTH FINANCIAL, INC.","Enact Holdings, Inc. Political Action Committee (Enact PAC); Genworth Financial, Inc. Political Action Committee (Genworth PAC)",Nick LaLota,2025-05-02,1000.00
"GENWORTH FINANCIAL, INC.","Enact Holdings, Inc. Political Action Committee (Enact PAC); Genworth Financial, Inc. Political Action Committee (Genworth PAC)",Young Kim,2025-05-02,1000.00
"GENWORTH FINANCIAL, INC.","Enact Holdings, Inc. Political Action Committee (Enact PAC); Genworth Financial, Inc. Political Action Committee (Genworth PAC)",David Valadao,2025-05-02,1000.00
"GENWORTH FINANCIAL, INC.","Enact Holdings, Inc. Political Action Committee (Enact PAC); Genworth Financial, Inc. Political Action Committee (Genworth PAC)",John Moolenaar,2025-05-02,2500.00
"GENWORTH FINANCIAL, INC.","Enact Holdings, Inc. Political Action Committee (Enact PAC); Genworth Financial, Inc. Political Action Committee (Genworth PAC)",George Whitesides,2025-05-02,1000.00
"GENWORTH FINANCIAL, INC.","Enact Holdings, Inc. Political Action Committee (Enact PAC); Genworth Financial, Inc. Political Action Committee (Genworth PAC)",Katie Britt,2025-05-02,2000.00
"GENWORTH FINANCIAL, INC.","Enact Holdings, Inc. Political Action Committee (Enact PAC); Genworth Financial, Inc. Political Action Committee (Genworth PAC)",Blake Moore,2025-05-02,2500.00
"GENWORTH FINANCIAL, INC.","Enact Holdings, Inc. Political Action Committee (Enact PAC); Genworth Financial, Inc. Political Action Committee (Genworth PAC)",August Pfluger,2025-05-02,1000.00
"GENWORTH FINANCIAL, INC.","Enact Holdings, Inc. Political Action Committee (Enact PAC); Genworth Financial, Inc. Political Action Committee (Genworth PAC)",Andrew Garbarino,2025-05-02,2500.00
"GENWORTH FINANCIAL, INC.","Enact Holdings, Inc. Political Action Committee (Enact PAC); Genworth Financial, Inc. Political Action Committee (Genworth PAC)",Brett Guthrie,2025-05-02,2500.00
"GENWORTH FINANCIAL, INC.","Enact Holdings, Inc. Political Action Committee (Enact PAC); Genworth Financial, Inc. Political Action Committee (Genworth PAC)",Monica De La Cruz,2025-05-07,1000.00
"GENWORTH FINANCIAL, INC.","Enact Holdings, Inc. Political Action Committee (Enact PAC); Genworth Financial, Inc. Political Action Committee (Genworth PAC)",Julia Letlow,2025-05-07,2000.00
"GENWORTH FINANCIAL, INC.","Enact Holdings, Inc. Political Action Committee (Enact PAC); Genworth Financial, Inc. Political Action Committee (Genworth PAC)",Mark Warner,2025-05-07,2500.00
"GENWORTH FINANCIAL, INC.","Enact Holdings, Inc. Political Action Committee (Enact PAC); Genworth Financial, Inc. Political Action Committee (Genworth PAC)",Congressional Black Caucus PAC,2025-05-07,2500.00
"GENWORTH FINANCIAL, INC.","Enact Holdings, Inc. Political Action Committee (Enact PAC); Genworth Financial, Inc. Political Action Committee (Genworth PAC)",USMI-PAC,2025-05-07,5000.00
"GENWORTH FINANCIAL, INC.","Enact Holdings, Inc. Political Action Committee (Enact PAC); Genworth Financial, Inc. Political Action Committee (Genworth PAC)",CHC Bold PAC,2025-05-07,2500.00
"GENWORTH FINANCIAL, INC.","Enact Holdings, Inc. Political Action Committee (Enact PAC); Genworth Financial, Inc. Political Action Committee (Genworth PAC)",Mike Haridopolos,2025-05-07,2000.00
"GENWORTH FINANCIAL, INC.","Enact Holdings, Inc. Political Action Committee (Enact PAC); Genworth Financial, Inc. Political Action Committee (Genworth PAC)",Lisa McClain,2025-05-07,2000.00
"GENWORTH FINANCIAL, INC.","Enact Holdings, Inc. Political Action Committee (Enact PAC); Genworth Financial, Inc. Political Action Committee (Genworth PAC)",Maggie Hassan,2025-05-07,2500.00
"GENWORTH FINANCIAL, INC.","Enact Holdings, Inc. Political Action Committee (Enact PAC); Genworth Financial, Inc. Political Action Committee (Genworth PAC)",Tim Scott,2025-05-07,2500.00
"GENWORTH FINANCIAL, INC.","Enact Holdings, Inc. Political Action Committee (Enact PAC); Genworth Financial, Inc. Political Action Committee (Genworth PAC)",Claudia Tenney,2025-05-30,1000.00
"GENWORTH FINANCIAL, INC.","Enact Holdings, Inc. Political Action Committee (Enact PAC); Genworth Financial, Inc. Political Action Committee (Genworth PAC)",Jon Husted,2025-05-30,1500.00
"GENWORTH FINANCIAL, INC.","Enact Holdings, Inc. Political Action Committee (Enact PAC); Genworth Financial, Inc. Political Action Committee (Genworth PAC)",Katherine Clark,2025-06-11,1000.00
"GENWORTH FINANCIAL, INC.","Enact Holdings, Inc. Political Action Committee (Enact PAC); Genworth Financial, Inc. Political Action Committee (Genworth PAC)",Jennifer Kiggans,2025-06-11,1000.00
"GENWORTH FINANCIAL, INC.","Enact Holdings, Inc. Political Action Committee (Enact PAC); Genworth Financial, Inc. Political Action Committee (Genworth PAC)",Brian Jack,2025-06-25,2000.00
"GENWORTH FINANCIAL, INC.","Enact Holdings, Inc. Political Action Committee (Enact PAC); Genworth Financial, Inc. Political Action Committee (Genworth PAC)",Brittany Pettersen,2025-06-25,2500.00
"GENWORTH FINANCIAL, INC.","Enact Holdings, Inc. Political Action Committee (Enact PAC); Genworth Financial, Inc. Political Action Committee (Genworth PAC)",Marlin Stutzman,2025-06-25,2000.00
"GENWORTH FINANCIAL, INC.","Enact Holdings, Inc. Political Action Committee (Enact PAC); Genworth Financial, Inc. Political Action Committee (Genworth PAC)",Scott Fitzgerald,2025-06-25,1000.00
"GENWORTH FINANCIAL, INC.","Enact Holdings, Inc. Political Action Committee (Enact PAC); Genworth Financial, Inc. Political Action Committee (Genworth PAC)",Across the Aisle PAC,2025-01-24,5000.00
"GENWORTH FINANCIAL, INC.","Enact Holdings, Inc. Political Action Committee (Enact PAC); Genworth Financial, Inc. Political Action Committee (Genworth PAC)",Building Bridges PAC,2025-01-24,5000.00
"GENWORTH FINANCIAL, INC.","Enact Holdings, Inc. Political Action Committee (Enact PAC); Genworth Financial, Inc. Political Action Committee (Genworth PAC)",CHC Bold PAC,2025-01-24,2500.00
"GENWORTH FINANCIAL, INC.","Enact Holdings, Inc. Political Action Committee (Enact PAC); Genworth Financial, Inc. Political Action Committee (Genworth PAC)",Congressional Black Caucus PAC,2025-01-24,2500.00
"GENWORTH FINANCIAL, INC.","Enact Holdings, Inc. Political Action Committee (Enact PAC); Genworth Financial, Inc. Political Action Committee (Genworth PAC)",Tom Suozzi,2025-03-05,2500.00
"GENWORTH FINANCIAL, INC.","Enact Holdings, Inc. Political Action Committee (Enact PAC); Genworth Financial, Inc. Political Action Committee (Genworth PAC)",Andy Barr,2025-03-05,2500.00
"GENWORTH FINANCIAL, INC.","Enact Holdings, Inc. Political Action Committee (Enact PAC); Genworth Financial, Inc. Political Action Committee (Genworth PAC)",Brian Fitzpatrick,2025-03-05,2500.00
"GENWORTH FINANCIAL, INC.","Enact Holdings, Inc. Political Action Committee (Enact PAC); Genworth Financial, Inc. Political Action Committee (Genworth PAC)",Tim Kaine,2025-03-05,5000.00
"GENWORTH FINANCIAL, INC.","Enact Holdings, Inc. Political Action Committee (Enact PAC); Genworth Financial, Inc. Political Action Committee (Genworth PAC)",Jennifer McClellan,2025-03-19,1000.00
"GENWORTH FINANCIAL, INC.","Enact Holdings, Inc. Political Action Committee (Enact PAC); Genworth Financial, Inc. Political Action Committee (Genworth PAC)",Don Davis,2025-03-19,1000.00
"GENWORTH FINANCIAL, INC.","Enact Holdings, Inc. Political Action Committee (Enact PAC); Genworth Financial, Inc. Political Action Committee (Genworth PAC)",David Valadao,2025-03-19,2500.00
"GENWORTH FINANCIAL, INC.","Enact Holdings, Inc. Political Action Committee (Enact PAC); Genworth Financial, Inc. Political Action Committee (Genworth PAC)",Susie Lee,2025-03-19,1000.00
"GENWORTH FINANCIAL, INC.","Enact Holdings, Inc. Political Action Committee (Enact PAC); Genworth Financial, Inc. Political Action Committee (Genworth PAC)",Tom Suozzi,2025-03-26,2500.00
"GENWORTH FINANCIAL, INC.","Enact Holdings, Inc. Political Action Committee (Enact PAC); Genworth Financial, Inc. Political Action Committee (Genworth PAC)",Bill Hagerty,2025-03-28,2500.00
"GENWORTH FINANCIAL, INC.","Enact Holdings, Inc. Political Action Committee (Enact PAC); Genworth Financial, Inc. Political Action Committee (Genworth PAC)",Mike Flood,2025-03-28,5000.00
"GENWORTH FINANCIAL, INC.","Enact Holdings, Inc. Political Action Committee (Enact PAC); Genworth Financial, Inc. Political Action Committee (Genworth PAC)",Bill Huizenga,2025-03-28,2000.00
"GENWORTH FINANCIAL, INC.","Enact Holdings, Inc. Political Action Committee (Enact PAC); Genworth Financial, Inc. Political Action Committee (Genworth PAC)",Maria Elvira Salazar,2025-03-28,2000.00
"GENWORTH FINANCIAL, INC.","Enact Holdings, Inc. Political Action Committee (Enact PAC); Genworth Financial, Inc. Political Action Committee (Genworth PAC)",Jason Smith,2025-03-28,3000.00
"GENWORTH FINANCIAL, INC.","Enact Holdings, Inc. Political Action Committee (Enact PAC); Genworth Financial, Inc. Political Action Committee (Genworth PAC)",Bryan Steil,2025-03-28,2000.00
"GENWORTH FINANCIAL, INC.","Enact Holdings, Inc. Political Action Committee (Enact PAC); Genworth Financial, Inc. Political Action Committee (Genworth PAC)",Thom Tillis,2025-03-28,5000.00
"GENWORTH FINANCIAL, INC.","Enact Holdings, Inc. Political Action Committee (Enact PAC); Genworth Financial, Inc. Political Action Committee (Genworth PAC)",French Hill,2025-03-28,1000.00
"GENWORTH FINANCIAL, INC.","Enact Holdings, Inc. Political Action Committee (Enact PAC); Genworth Financial, Inc. Political Action Committee (Genworth PAC)",Bill Hagerty,2025-03-28,2000.00
"GENWORTH FINANCIAL, INC.","Enact Holdings, Inc. Political Action Committee (Enact PAC); Genworth Financial, Inc. Political Action Committee (Genworth PAC)",Mike Johnson,2025-04-16,5000.00
"GENWORTH FINANCIAL, INC.","Enact Holdings, Inc. Political Action Committee (Enact PAC); Genworth Financial, Inc. Political Action Committee (Genworth PAC)",Nick LaLota,2025-05-02,1000.00
"GENWORTH FINANCIAL, INC.","Enact Holdings, Inc. Political Action Committee (Enact PAC); Genworth Financial, Inc. Political Action Committee (Genworth PAC)",Young Kim,2025-05-02,1000.00
"GENWORTH FINANCIAL, INC.","Enact Holdings, Inc. Political Action Committee (Enact PAC); Genworth Financial, Inc. Political Action Committee (Genworth PAC)",David Valadao,2025-05-02,1000.00
"GENWORTH FINANCIAL, INC.","Enact Holdings, Inc. Political Action Committee (Enact PAC); Genworth Financial, Inc. Political Action Committee (Genworth PAC)",John Moolenaar,2025-05-02,2500.00
"GENWORTH FINANCIAL, INC.","Enact Holdings, Inc. Political Action Committee (Enact PAC); Genworth Financial, Inc. Political Action Committee (Genworth PAC)",George Whitesides,2025-05-02,1000.00
"GENWORTH FINANCIAL, INC.","Enact Holdings, Inc. Political Action Committee (Enact PAC); Genworth Financial, Inc. Political Action Committee (Genworth PAC)",Katie Britt,2025-05-02,2000.00
"GENWORTH FINANCIAL, INC.","Enact Holdings, Inc. Political Action Committee (Enact PAC); Genworth Financial, Inc. Political Action Committee (Genworth PAC)",Blake Moore,2025-05-02,2500.00
"GENWORTH FINANCIAL, INC.","Enact Holdings, Inc. Political Action Committee (Enact PAC); Genworth Financial, Inc. Political Action Committee (Genworth PAC)",August Pfluger,2025-05-02,1000.00
"GENWORTH FINANCIAL, INC.","Enact Holdings, Inc. Political Action Committee (Enact PAC); Genworth Financial, Inc. Political Action Committee (Genworth PAC)",Andrew Garbarino,2025-05-02,2500.00
"GENWORTH FINANCIAL, INC.","Enact Holdings, Inc. Political Action Committee (Enact PAC); Genworth Financial, Inc. Political Action Committee (Genworth PAC)",Brett Guthrie,2025-05-02,2500.00
"GENWORTH FINANCIAL, INC.","Enact Holdings, Inc. Political Action Committee (Enact PAC); Genworth Financial, Inc. Political Action Committee (Genworth PAC)",Monica De La Cruz,2025-05-07,1000.00
"GENWORTH FINANCIAL, INC.","Enact Holdings, Inc. Political Action Committee (Enact PAC); Genworth Financial, Inc. Political Action Committee (Genworth PAC)",Julia Letlow,2025-05-07,2000.00
"GENWORTH FINANCIAL, INC.","Enact Holdings, Inc. Political Action Committee (Enact PAC); Genworth Financial, Inc. Political Action Committee (Genworth PAC)",Mark Warner,2025-05-07,2500.00
"GENWORTH FINANCIAL, INC.","Enact Holdings, Inc. Political Action Committee (Enact PAC); Genworth Financial, Inc. Political Action Committee (Genworth PAC)",Congressional Black Caucus PAC,2025-05-07,2500.00
"GENWORTH FINANCIAL, INC.","Enact Holdings, Inc. Political Action Committee (Enact PAC); Genworth Financial, Inc. Political Action Committee (Genworth PAC)",USMI-PAC,2025-05-07,5000.00
"GENWORTH FINANCIAL, INC.","Enact Holdings, Inc. Political Action Committee (Enact PAC); Genworth Financial, Inc. Political Action Committee (Genworth PAC)",CHC Bold PAC,2025-05-07,2500.00
"GENWORTH FINANCIAL, INC.","Enact Holdings, Inc. Political Action Committee (Enact PAC); Genworth Financial, Inc. Political Action Committee (Genworth PAC)",Mike Haridopolos,2025-05-07,2000.00
"GENWORTH FINANCIAL, INC.","Enact Holdings, Inc. Political Action Committee (Enact PAC); Genworth Financial, Inc. Political Action Committee (Genworth PAC)",Lisa McClain,2025-05-07,2000.00
"GENWORTH FINANCIAL, INC.","Enact Holdings, Inc. Political Action Committee (Enact PAC); Genworth Financial, Inc. Political Action Committee (Genworth PAC)",Maggie Hassan,2025-05-07,2500.00
"GENWORTH FINANCIAL, INC.","Enact Holdings, Inc. Political Action Committee (Enact PAC); Genworth Financial, Inc. Political Action Committee (Genworth PAC)",Tim Scott,2025-05-07,2500.00
"GENWORTH FINANCIAL, INC.","Enact Holdings, Inc. Political Action Committee (Enact PAC); Genworth Financial, Inc. Political Action Committee (Genworth PAC)",Claudia Tenney,2025-05-30,1000.00
"GENWORTH FINANCIAL, INC.","Enact Holdings, Inc. Political Action Committee (Enact PAC); Genworth Financial, Inc. Political Action Committee (Genworth PAC)",Jon Husted,2025-05-30,1500.00
"GENWORTH FINANCIAL, INC.","Enact Holdings, Inc. Political Action Committee (Enact PAC); Genworth Financial, Inc. Political Action Committee (Genworth PAC)",Katherine Clark,2025-06-11,1000.00
"GENWORTH FINANCIAL, INC.","Enact Holdings, Inc. Political Action Committee (Enact PAC); Genworth Financial, Inc. Political Action Committee (Genworth PAC)",Jennifer Kiggans,2025-06-11,1000.00
"GENWORTH FINANCIAL, INC.","Enact Holdings, Inc. Political Action Committee (Enact PAC); Genworth Financial, Inc. Political Action Committee (Genworth PAC)",Brian Jack,2025-06-25,2000.00
"GENWORTH FINANCIAL, INC.","Enact Holdings, Inc. Political Action Committee (Enact PAC); Genworth Financial, Inc. Political Action Committee (Genworth PAC)",Brittany Pettersen,2025-06-25,2500.00
"GENWORTH FINANCIAL, INC.","Enact Holdings, Inc. Political Action Committee (Enact PAC); Genworth Financial, Inc. Political Action Committee (Genworth PAC)",Marlin Stutzman,2025-06-25,2000.00
"GENWORTH FINANCIAL, INC.","Enact Holdings, Inc. Political Action Committee (Enact PAC); Genworth Financial, Inc. Political Action Committee (Genworth PAC)",Scott Fitzgerald,2025-06-25,1000.00
"GENWORTH FINANCIAL, INC.","Enact Holdings, Inc. Political Action Committee (Enact PAC); Genworth Financial, Inc. Political Action Committee (Genworth PAC)",Across the Aisle PAC,2025-01-24,5000.00
"GENWORTH FINANCIAL, INC.","Enact Holdings, Inc. Political Action Committee (Enact PAC); Genworth Financial, Inc. Political Action Committee (Genworth PAC)",Building Bridges PAC,2025-01-24,5000.00
"GENWORTH FINANCIAL, INC.","Enact Holdings, Inc. Political Action Committee (Enact PAC); Genworth Financial, Inc. Political Action Committee (Genworth PAC)",CHC Bold PAC,2025-01-24,2500.00
"GENWORTH FINANCIAL, INC.","Enact Holdings, Inc. Political Action Committee (Enact PAC); Genworth Financial, Inc. Political Action Committee (Genworth PAC)",Congressional Black Caucus PAC,2025-01-24,2500.00
"GENWORTH FINANCIAL, INC.","Enact Holdings, Inc. Political Action Committee (Enact PAC); Genworth Financial, Inc. Political Action Committee (Genworth PAC)",Tom Suozzi,2025-03-05,2500.00
"GENWORTH FINANCIAL, INC.","Enact Holdings, Inc. Political Action Committee (Enact PAC); Genworth Financial, Inc. Political Action Committee (Genworth PAC)",Andy Barr,2025-03-05,2500.00
"GENWORTH FINANCIAL, INC.","Enact Holdings, Inc. Political Action Committee (Enact PAC); Genworth Financial, Inc. Political Action Committee (Genworth PAC)",Brian Fitzpatrick,2025-03-05,2500.00
"GENWORTH FINANCIAL, INC.","Enact Holdings, Inc. Political Action Committee (Enact PAC); Genworth Financial, Inc. Political Action Committee (Genworth PAC)",Tim Kaine,2025-03-05,5000.00
"GENWORTH FINANCIAL, INC.","Enact Holdings, Inc. Political Action Committee (Enact PAC); Genworth Financial, Inc. Political Action Committee (Genworth PAC)",Jennifer McClellan,2025-03-19,1000.00
"GENWORTH FINANCIAL, INC.","Enact Holdings, Inc. Political Action Committee (Enact PAC); Genworth Financial, Inc. Political Action Committee (Genworth PAC)",Don Davis,2025-03-19,1000.00
"GENWORTH FINANCIAL, INC.","Enact Holdings, Inc. Political Action Committee (Enact PAC); Genworth Financial, Inc. Political Action Committee (Genworth PAC)",David Valadao,2025-03-19,2500.00
"GENWORTH FINANCIAL, INC.","Enact Holdings, Inc. Political Action Committee (Enact PAC); Genworth Financial, Inc. Political Action Committee (Genworth PAC)",Susie Lee,2025-03-19,1000.00
"GENWORTH FINANCIAL, INC.","Enact Holdings, Inc. Political Action Committee (Enact PAC); Genworth Financial, Inc. Political Action Committee (Genworth PAC)",Tom Suozzi,2025-03-26,2500.00
"GENWORTH FINANCIAL, INC.","Enact Holdings, Inc. Political Action Committee (Enact PAC); Genworth Financial, Inc. Political Action Committee (Genworth PAC)",Bill Hagerty,2025-03-28,2500.00
"GENWORTH FINANCIAL, INC.","Enact Holdings, Inc. Political Action Committee (Enact PAC); Genworth Financial, Inc. Political Action Committee (Genworth PAC)",Mike Flood,2025-03-28,5000.00
"GENWORTH FINANCIAL, INC.","Enact Holdings, Inc. Political Action Committee (Enact PAC); Genworth Financial, Inc. Political Action Committee (Genworth PAC)",Bill Huizenga,2025-03-28,2000.00
"GENWORTH FINANCIAL, INC.","Enact Holdings, Inc. Political Action Committee (Enact PAC); Genworth Financial, Inc. Political Action Committee (Genworth PAC)",Maria Elvira Salazar,2025-03-28,2000.00
"GENWORTH FINANCIAL, INC.","Enact Holdings, Inc. Political Action Committee (Enact PAC); Genworth Financial, Inc. Political Action Committee (Genworth PAC)",Jason Smith,2025-03-28,3000.00
"GENWORTH FINANCIAL, INC.","Enact Holdings, Inc. Political Action Committee (Enact PAC); Genworth Financial, Inc. Political Action Committee (Genworth PAC)",Bryan Steil,2025-03-28,2000.00
"GENWORTH FINANCIAL, INC.","Enact Holdings, Inc. Political Action Committee (Enact PAC); Genworth Financial, Inc. Political Action Committee (Genworth PAC)",Thom Tillis,2025-03-28,5000.00
"GENWORTH FINANCIAL, INC.","Enact Holdings, Inc. Political Action Committee (Enact PAC); Genworth Financial, Inc. Political Action Committee (Genworth PAC)",French Hill,2025-03-28,1000.00
"GENWORTH FINANCIAL, INC.","Enact Holdings, Inc. Political Action Committee (Enact PAC); Genworth Financial, Inc. Political Action Committee (Genworth PAC)",Bill Hagerty,2025-03-28,2000.00
"GENWORTH FINANCIAL, INC.","Enact Holdings, Inc. Political Action Committee (Enact PAC); Genworth Financial, Inc. Political Action Committee (Genworth PAC)",Mike Johnson,2025-04-16,5000.00
"GENWORTH FINANCIAL, INC.","Enact Holdings, Inc. Political Action Committee (Enact PAC); Genworth Financial, Inc. Political Action Committee (Genworth PAC)",Nick LaLota,2025-05-02,1000.00
"GENWORTH FINANCIAL, INC.","Enact Holdings, Inc. Political Action Committee (Enact PAC); Genworth Financial, Inc. Political Action Committee (Genworth PAC)",Young Kim,2025-05-02,1000.00
"GENWORTH FINANCIAL, INC.","Enact Holdings, Inc. Political Action Committee (Enact PAC); Genworth Financial, Inc. Political Action Committee (Genworth PAC)",David Valadao,2025-05-02,1000.00
"GENWORTH FINANCIAL, INC.","Enact Holdings, Inc. Political Action Committee (Enact PAC); Genworth Financial, Inc. Political Action Committee (Genworth PAC)",John Moolenaar,2025-05-02,2500.00
"GENWORTH FINANCIAL, INC.","Enact Holdings, Inc. Political Action Committee (Enact PAC); Genworth Financial, Inc. Political Action Committee (Genworth PAC)",George Whitesides,2025-05-02,1000.00
"GENWORTH FINANCIAL, INC.","Enact Holdings, Inc. Political Action Committee (Enact PAC); Genworth Financial, Inc. Political Action Committee (Genworth PAC)",Katie Britt,2025-05-02,2000.00
"GENWORTH FINANCIAL, INC.","Enact Holdings, Inc. Political Action Committee (Enact PAC); Genworth Financial, Inc. Political Action Committee (Genworth PAC)",Blake Moore,2025-05-02,2500.00
"GENWORTH FINANCIAL, INC.","Enact Holdings, Inc. Political Action Committee (Enact PAC); Genworth Financial, Inc. Political Action Committee (Genworth PAC)",August Pfluger,2025-05-02,1000.00
"GENWORTH FINANCIAL, INC.","Enact Holdings, Inc. Political Action Committee (Enact PAC); Genworth Financial, Inc. Political Action Committee (Genworth PAC)",Andrew Garbarino,2025-05-02,2500.00
"GENWORTH FINANCIAL, INC.","Enact Holdings, Inc. Political Action Committee (Enact PAC); Genworth Financial, Inc. Political Action Committee (Genworth PAC)",Brett Guthrie,2025-05-02,2500.00
"GENWORTH FINANCIAL, INC.","Enact Holdings, Inc. Political Action Committee (Enact PAC); Genworth Financial, Inc. Political Action Committee (Genworth PAC)",Monica De La Cruz,2025-05-07,1000.00
"GENWORTH FINANCIAL, INC.","Enact Holdings, Inc. Political Action Committee (Enact PAC); Genworth Financial, Inc. Political Action Committee (Genworth PAC)",Julia Letlow,2025-05-07,2000.00
"GENWORTH FINANCIAL, INC.","Enact Holdings, Inc. Political Action Committee (Enact PAC); Genworth Financial, Inc. Political Action Committee (Genworth PAC)",Mark Warner,2025-05-07,2500.00
"GENWORTH FINANCIAL, INC.","Enact Holdings, Inc. Political Action Committee (Enact PAC); Genworth Financial, Inc. Political Action Committee (Genworth PAC)",Congressional Black Caucus PAC,2025-05-07,2500.00
"GENWORTH FINANCIAL, INC.","Enact Holdings, Inc. Political Action Committee (Enact PAC); Genworth Financial, Inc. Political Action Committee (Genworth PAC)",USMI-PAC,2025-05-07,5000.00
"GENWORTH FINANCIAL, INC.","Enact Holdings, Inc. Political Action Committee (Enact PAC); Genworth Financial, Inc. Political Action Committee (Genworth PAC)",CHC Bold PAC,2025-05-07,2500.00
"GENWORTH FINANCIAL, INC.","Enact Holdings, Inc. Political Action Committee (Enact PAC); Genworth Financial, Inc. Political Action Committee (Genworth PAC)",Mike Haridopolos,2025-05-07,2000.00
"GENWORTH FINANCIAL, INC.","Enact Holdings, Inc. Political Action Committee (Enact PAC); Genworth Financial, Inc. Political Action Committee (Genworth PAC)",Lisa McClain,2025-05-07,2000.00
"GENWORTH FINANCIAL, INC.","Enact Holdings, Inc. Political Action Committee (Enact PAC); Genworth Financial, Inc. Political Action Committee (Genworth PAC)",Maggie Hassan,2025-05-07,2500.00
"GENWORTH FINANCIAL, INC.","Enact Holdings, Inc. Political Action Committee (Enact PAC); Genworth Financial, Inc. Political Action Committee (Genworth PAC)",Tim Scott,2025-05-07,2500.00
"GENWORTH FINANCIAL, INC.","Enact Holdings, Inc. Political Action Committee (Enact PAC); Genworth Financial, Inc. Political Action Committee (Genworth PAC)",Claudia Tenney,2025-05-30,1000.00
"GENWORTH FINANCIAL, INC.","Enact Holdings, Inc. Political Action Committee (Enact PAC); Genworth Financial, Inc. Political Action Committee (Genworth PAC)",Jon Husted,2025-05-30,1500.00
"GENWORTH FINANCIAL, INC.","Enact Holdings, Inc. Political Action Committee (Enact PAC); Genworth Financial, Inc. Political Action Committee (Genworth PAC)",Katherine Clark,2025-06-11,1000.00
"GENWORTH FINANCIAL, INC.","Enact Holdings, Inc. Political Action Committee (Enact PAC); Genworth Financial, Inc. Political Action Committee (Genworth PAC)",Jennifer Kiggans,2025-06-11,1000.00
"GENWORTH FINANCIAL, INC.","Enact Holdings, Inc. Political Action Committee (Enact PAC); Genworth Financial, Inc. Political Action Committee (Genworth PAC)",Brian Jack,2025-06-25,2000.00
"GENWORTH FINANCIAL, INC.","Enact Holdings, Inc. Political Action Committee (Enact PAC); Genworth Financial, Inc. Political Action Committee (Genworth PAC)",Brittany Pettersen,2025-06-25,2500.00
"GENWORTH FINANCIAL, INC.","Enact Holdings, Inc. Political Action Committee (Enact PAC); Genworth Financial, Inc. Political Action Committee (Genworth PAC)",Marlin Stutzman,2025-06-25,2000.00
"GENWORTH FINANCIAL, INC.","Enact Holdings, Inc. Political Action Committee (Enact PAC); Genworth Financial, Inc. Political Action Committee (Genworth PAC)",Scott Fitzgerald,2025-06-25,1000.00
"GENWORTH FINANCIAL, INC.","Enact Holdings, Inc. Political Action Committee (Enact PAC); Genworth Financial, Inc. Political Action Committee (Genworth PAC)",Across the Aisle PAC,2025-01-24,5000.00
"GENWORTH FINANCIAL, INC.","Enact Holdings, Inc. Political Action Committee (Enact PAC); Genworth Financial, Inc. Political Action Committee (Genworth PAC)",Building Bridges PAC,2025-01-24,5000.00
"GENWORTH FINANCIAL, INC.","Enact Holdings, Inc. Political Action Committee (Enact PAC); Genworth Financial, Inc. Political Action Committee (Genworth PAC)",CHC Bold PAC,2025-01-24,2500.00
"GENWORTH FINANCIAL, INC.","Enact Holdings, Inc. Political Action Committee (Enact PAC); Genworth Financial, Inc. Political Action Committee (Genworth PAC)",Congressional Black Caucus PAC,2025-01-24,2500.00
"GENWORTH FINANCIAL, INC.","Enact Holdings, Inc. Political Action Committee (Enact PAC); Genworth Financial, Inc. Political Action Committee (Genworth PAC)",Tom Suozzi,2025-03-05,2500.00
"GENWORTH FINANCIAL, INC.","Enact Holdings, Inc. Political Action Committee (Enact PAC); Genworth Financial, Inc. Political Action Committee (Genworth PAC)",Andy Barr,2025-03-05,2500.00
"GENWORTH FINANCIAL, INC.","Enact Holdings, Inc. Political Action Committee (Enact PAC); Genworth Financial, Inc. Political Action Committee (Genworth PAC)",Brian Fitzpatrick,2025-03-05,2500.00
"GENWORTH FINANCIAL, INC.","Enact Holdings, Inc. Political Action Committee (Enact PAC); Genworth Financial, Inc. Political Action Committee (Genworth PAC)",Tim Kaine,2025-03-05,5000.00
"GENWORTH FINANCIAL, INC.","Enact Holdings, Inc. Political Action Committee (Enact PAC); Genworth Financial, Inc. Political Action Committee (Genworth PAC)",Jennifer McClellan,2025-03-19,1000.00
"GENWORTH FINANCIAL, INC.","Enact Holdings, Inc. Political Action Committee (Enact PAC); Genworth Financial, Inc. Political Action Committee (Genworth PAC)",Don Davis,2025-03-19,1000.00
"GENWORTH FINANCIAL, INC.","Enact Holdings, Inc. Political Action Committee (Enact PAC); Genworth Financial, Inc. Political Action Committee (Genworth PAC)",David Valadao,2025-03-19,2500.00
"GENWORTH FINANCIAL, INC.","Enact Holdings, Inc. Political Action Committee (Enact PAC); Genworth Financial, Inc. Political Action Committee (Genworth PAC)",Susie Lee,2025-03-19,1000.00
"GENWORTH FINANCIAL, INC.","Enact Holdings, Inc. Political Action Committee (Enact PAC); Genworth Financial, Inc. Political Action Committee (Genworth PAC)",Tom Suozzi,2025-03-26,2500.00
"GENWORTH FINANCIAL, INC.","Enact Holdings, Inc. Political Action Committee (Enact PAC); Genworth Financial, Inc. Political Action Committee (Genworth PAC)",Bill Hagerty,2025-03-28,2500.00
"GENWORTH FINANCIAL, INC.","Enact Holdings, Inc. Political Action Committee (Enact PAC); Genworth Financial, Inc. Political Action Committee (Genworth PAC)",Mike Flood,2025-03-28,5000.00
"GENWORTH FINANCIAL, INC.","Enact Holdings, Inc. Political Action Committee (Enact PAC); Genworth Financial, Inc. Political Action Committee (Genworth PAC)",Bill Huizenga,2025-03-28,2000.00
"GENWORTH FINANCIAL, INC.","Enact Holdings, Inc. Political Action Committee (Enact PAC); Genworth Financial, Inc. Political Action Committee (Genworth PAC)",Maria Elvira Salazar,2025-03-28,2000.00
"GENWORTH FINANCIAL, INC.","Enact Holdings, Inc. Political Action Committee (Enact PAC); Genworth Financial, Inc. Political Action Committee (Genworth PAC)",Jason Smith,2025-03-28,3000.00
"GENWORTH FINANCIAL, INC.","Enact Holdings, Inc. Political Action Committee (Enact PAC); Genworth Financial, Inc. Political Action Committee (Genworth PAC)",Bryan Steil,2025-03-28,2000.00
"GENWORTH FINANCIAL, INC.","Enact Holdings, Inc. Political Action Committee (Enact PAC); Genworth Financial, Inc. Political Action Committee (Genworth PAC)",Thom Tillis,2025-03-28,5000.00
"GENWORTH FINANCIAL, INC.","Enact Holdings, Inc. Political Action Committee (Enact PAC); Genworth Financial, Inc. Political Action Committee (Genworth PAC)",French Hill,2025-03-28,1000.00
"GENWORTH FINANCIAL, INC.","Enact Holdings, Inc. Political Action Committee (Enact PAC); Genworth Financial, Inc. Political Action Committee (Genworth PAC)",Bill Hagerty,2025-03-28,2000.00
"GENWORTH FINANCIAL, INC.","Enact Holdings, Inc. Political Action Committee (Enact PAC); Genworth Financial, Inc. Political Action Committee (Genworth PAC)",Mike Johnson,2025-04-16,5000.00
"GENWORTH FINANCIAL, INC.","Enact Holdings, Inc. Political Action Committee (Enact PAC); Genworth Financial, Inc. Political Action Committee (Genworth PAC)",Nick LaLota,2025-05-02,1000.00
"GENWORTH FINANCIAL, INC.","Enact Holdings, Inc. Political Action Committee (Enact PAC); Genworth Financial, Inc. Political Action Committee (Genworth PAC)",Young Kim,2025-05-02,1000.00
"GENWORTH FINANCIAL, INC.","Enact Holdings, Inc. Political Action Committee (Enact PAC); Genworth Financial, Inc. Political Action Committee (Genworth PAC)",David Valadao,2025-05-02,1000.00
"GENWORTH FINANCIAL, INC.","Enact Holdings, Inc. Political Action Committee (Enact PAC); Genworth Financial, Inc. Political Action Committee (Genworth PAC)",John Moolenaar,2025-05-02,2500.00
"GENWORTH FINANCIAL, INC.","Enact Holdings, Inc. Political Action Committee (Enact PAC); Genworth Financial, Inc. Political Action Committee (Genworth PAC)",George Whitesides,2025-05-02,1000.00
"GENWORTH FINANCIAL, INC.","Enact Holdings, Inc. Political Action Committee (Enact PAC); Genworth Financial, Inc. Political Action Committee (Genworth PAC)",Katie Britt,2025-05-02,2000.00
"GENWORTH FINANCIAL, INC.","Enact Holdings, Inc. Political Action Committee (Enact PAC); Genworth Financial, Inc. Political Action Committee (Genworth PAC)",Blake Moore,2025-05-02,2500.00
"GENWORTH FINANCIAL, INC.","Enact Holdings, Inc. Political Action Committee (Enact PAC); Genworth Financial, Inc. Political Action Committee (Genworth PAC)",August Pfluger,2025-05-02,1000.00
"GENWORTH FINANCIAL, INC.","Enact Holdings, Inc. Political Action Committee (Enact PAC); Genworth Financial, Inc. Political Action Committee (Genworth PAC)",Andrew Garbarino,2025-05-02,2500.00
"GENWORTH FINANCIAL, INC.","Enact Holdings, Inc. Political Action Committee (Enact PAC); Genworth Financial, Inc. Political Action Committee (Genworth PAC)",Brett Guthrie,2025-05-02,2500.00
"GENWORTH FINANCIAL, INC.","Enact Holdings, Inc. Political Action Committee (Enact PAC); Genworth Financial, Inc. Political Action Committee (Genworth PAC)",Monica De La Cruz,2025-05-07,1000.00
"GENWORTH FINANCIAL, INC.","Enact Holdings, Inc. Political Action Committee (Enact PAC); Genworth Financial, Inc. Political Action Committee (Genworth PAC)",Julia Letlow,2025-05-07,2000.00
"GENWORTH FINANCIAL, INC.","Enact Holdings, Inc. Political Action Committee (Enact PAC); Genworth Financial, Inc. Political Action Committee (Genworth PAC)",Mark Warner,2025-05-07,2500.00
"GENWORTH FINANCIAL, INC.","Enact Holdings, Inc. Political Action Committee (Enact PAC); Genworth Financial, Inc. Political Action Committee (Genworth PAC)",Congressional Black Caucus PAC,2025-05-07,2500.00
"GENWORTH FINANCIAL, INC.","Enact Holdings, Inc. Political Action Committee (Enact PAC); Genworth Financial, Inc. Political Action Committee (Genworth PAC)",USMI-PAC,2025-05-07,5000.00
"GENWORTH FINANCIAL, INC.","Enact Holdings, Inc. Political Action Committee (Enact PAC); Genworth Financial, Inc. Political Action Committee (Genworth PAC)",CHC Bold PAC,2025-05-07,2500.00
"GENWORTH FINANCIAL, INC.","Enact Holdings, Inc. Political Action Committee (Enact PAC); Genworth Financial, Inc. Political Action Committee (Genworth PAC)",Mike Haridopolos,2025-05-07,2000.00
"GENWORTH FINANCIAL, INC.","Enact Holdings, Inc. Political Action Committee (Enact PAC); Genworth Financial, Inc. Political Action Committee (Genworth PAC)",Lisa McClain,2025-05-07,2000.00
"GENWORTH FINANCIAL, INC.","Enact Holdings, Inc. Political Action Committee (Enact PAC); Genworth Financial, Inc. Political Action Committee (Genworth PAC)",Maggie Hassan,2025-05-07,2500.00
"GENWORTH FINANCIAL, INC.","Enact Holdings, Inc. Political Action Committee (Enact PAC); Genworth Financial, Inc. Political Action Committee (Genworth PAC)",Tim Scott,2025-05-07,2500.00
"GENWORTH FINANCIAL, INC.","Enact Holdings, Inc. Political Action Committee (Enact PAC); Genworth Financial, Inc. Political Action Committee (Genworth PAC)",Claudia Tenney,2025-05-30,1000.00
"GENWORTH FINANCIAL, INC.","Enact Holdings, Inc. Political Action Committee (Enact PAC); Genworth Financial, Inc. Political Action Committee (Genworth PAC)",Jon Husted,2025-05-30,1500.00
"GENWORTH FINANCIAL, INC.","Enact Holdings, Inc. Political Action Committee (Enact PAC); Genworth Financial, Inc. Political Action Committee (Genworth PAC)",Katherine Clark,2025-06-11,1000.00
"GENWORTH FINANCIAL, INC.","Enact Holdings, Inc. Political Action Committee (Enact PAC); Genworth Financial, Inc. Political Action Committee (Genworth PAC)",Jennifer Kiggans,2025-06-11,1000.00
"GENWORTH FINANCIAL, INC.","Enact Holdings, Inc. Political Action Committee (Enact PAC); Genworth Financial, Inc. Political Action Committee (Genworth PAC)",Brian Jack,2025-06-25,2000.00
"GENWORTH FINANCIAL, INC.","Enact Holdings, Inc. Political Action Committee (Enact PAC); Genworth Financial, Inc. Political Action Committee (Genworth PAC)",Brittany Pettersen,2025-06-25,2500.00
"GENWORTH FINANCIAL, INC.","Enact Holdings, Inc. Political Action Committee (Enact PAC); Genworth Financial, Inc. Political Action Committee (Genworth PAC)",Marlin Stutzman,2025-06-25,2000.00
"GENWORTH FINANCIAL, INC.","Enact Holdings, Inc. Political Action Committee (Enact PAC); Genworth Financial, Inc. Political Action Committee (Genworth PAC)",Scott Fitzgerald,2025-06-25,1000.00
"GENWORTH FINANCIAL, INC.","Enact Holdings, Inc. Political Action Committee (Enact PAC); Genworth Financial, Inc. Political Action Committee (Genworth PAC)",Across the Aisle PAC,2025-01-24,5000.00
"GENWORTH FINANCIAL, INC.","Enact Holdings, Inc. Political Action Committee (Enact PAC); Genworth Financial, Inc. Political Action Committee (Genworth PAC)",Building Bridges PAC,2025-01-24,5000.00
"GENWORTH FINANCIAL, INC.","Enact Holdings, Inc. Political Action Committee (Enact PAC); Genworth Financial, Inc. Political Action Committee (Genworth PAC)",CHC Bold PAC,2025-01-24,2500.00
"GENWORTH FINANCIAL, INC.","Enact Holdings, Inc. Political Action Committee (Enact PAC); Genworth Financial, Inc. Political Action Committee (Genworth PAC)",Congressional Black Caucus PAC,2025-01-24,2500.00
"GENWORTH FINANCIAL, INC.","Enact Holdings, Inc. Political Action Committee (Enact PAC); Genworth Financial, Inc. Political Action Committee (Genworth PAC)",Tom Suozzi,2025-03-05,2500.00
"GENWORTH FINANCIAL, INC.","Enact Holdings, Inc. Political Action Committee (Enact PAC); Genworth Financial, Inc. Political Action Committee (Genworth PAC)",Andy Barr,2025-03-05,2500.00
"GENWORTH FINANCIAL, INC.","Enact Holdings, Inc. Political Action Committee (Enact PAC); Genworth Financial, Inc. Political Action Committee (Genworth PAC)",Brian Fitzpatrick,2025-03-05,2500.00
"GENWORTH FINANCIAL, INC.","Enact Holdings, Inc. Political Action Committee (Enact PAC); Genworth Financial, Inc. Political Action Committee (Genworth PAC)",Tim Kaine,2025-03-05,5000.00
"GENWORTH FINANCIAL, INC.","Enact Holdings, Inc. Political Action Committee (Enact PAC); Genworth Financial, Inc. Political Action Committee (Genworth PAC)",Jennifer McClellan,2025-03-19,1000.00
"GENWORTH FINANCIAL, INC.","Enact Holdings, Inc. Political Action Committee (Enact PAC); Genworth Financial, Inc. Political Action Committee (Genworth PAC)",Don Davis,2025-03-19,1000.00
"GENWORTH FINANCIAL, INC.","Enact Holdings, Inc. Political Action Committee (Enact PAC); Genworth Financial, Inc. Political Action Committee (Genworth PAC)",David Valadao,2025-03-19,2500.00
"GENWORTH FINANCIAL, INC.","Enact Holdings, Inc. Political Action Committee (Enact PAC); Genworth Financial, Inc. Political Action Committee (Genworth PAC)",Susie Lee,2025-03-19,1000.00
"GENWORTH FINANCIAL, INC.","Enact Holdings, Inc. Political Action Committee (Enact PAC); Genworth Financial, Inc. Political Action Committee (Genworth PAC)",Tom Suozzi,2025-03-26,2500.00
"GENWORTH FINANCIAL, INC.","Enact Holdings, Inc. Political Action Committee (Enact PAC); Genworth Financial, Inc. Political Action Committee (Genworth PAC)",Bill Hagerty,2025-03-28,2500.00
"GENWORTH FINANCIAL, INC.","Enact Holdings, Inc. Political Action Committee (Enact PAC); Genworth Financial, Inc. Political Action Committee (Genworth PAC)",Mike Flood,2025-03-28,5000.00
"GENWORTH FINANCIAL, INC.","Enact Holdings, Inc. Political Action Committee (Enact PAC); Genworth Financial, Inc. Political Action Committee (Genworth PAC)",Bill Huizenga,2025-03-28,2000.00
"GENWORTH FINANCIAL, INC.","Enact Holdings, Inc. Political Action Committee (Enact PAC); Genworth Financial, Inc. Political Action Committee (Genworth PAC)",Maria Elvira Salazar,2025-03-28,2000.00
"GENWORTH FINANCIAL, INC.","Enact Holdings, Inc. Political Action Committee (Enact PAC); Genworth Financial, Inc. Political Action Committee (Genworth PAC)",Jason Smith,2025-03-28,3000.00
"GENWORTH FINANCIAL, INC.","Enact Holdings, Inc. Political Action Committee (Enact PAC); Genworth Financial, Inc. Political Action Committee (Genworth PAC)",Bryan Steil,2025-03-28,2000.00
"GENWORTH FINANCIAL, INC.","Enact Holdings, Inc. Political Action Committee (Enact PAC); Genworth Financial, Inc. Political Action Committee (Genworth PAC)",Thom Tillis,2025-03-28,5000.00
"GENWORTH FINANCIAL, INC.","Enact Holdings, Inc. Political Action Committee (Enact PAC); Genworth Financial, Inc. Political Action Committee (Genworth PAC)",French Hill,2025-03-28,1000.00
"GENWORTH FINANCIAL, INC.","Enact Holdings, Inc. Political Action Committee (Enact PAC); Genworth Financial, Inc. Political Action Committee (Genworth PAC)",Bill Hagerty,2025-03-28,2000.00
"GENWORTH FINANCIAL, INC.","Enact Holdings, Inc. Political Action Committee (Enact PAC); Genworth Financial, Inc. Political Action Committee (Genworth PAC)",Mike Johnson,2025-04-16,5000.00
"GENWORTH FINANCIAL, INC.","Enact Holdings, Inc. Political Action Committee (Enact PAC); Genworth Financial, Inc. Political Action Committee (Genworth PAC)",Nick LaLota,2025-05-02,1000.00
"GENWORTH FINANCIAL, INC.","Enact Holdings, Inc. Political Action Committee (Enact PAC); Genworth Financial, Inc. Political Action Committee (Genworth PAC)",Young Kim,2025-05-02,1000.00
"GENWORTH FINANCIAL, INC.","Enact Holdings, Inc. Political Action Committee (Enact PAC); Genworth Financial, Inc. Political Action Committee (Genworth PAC)",David Valadao,2025-05-02,1000.00
"GENWORTH FINANCIAL, INC.","Enact Holdings, Inc. Political Action Committee (Enact PAC); Genworth Financial, Inc. Political Action Committee (Genworth PAC)",John Moolenaar,2025-05-02,2500.00
"GENWORTH FINANCIAL, INC.","Enact Holdings, Inc. Political Action Committee (Enact PAC); Genworth Financial, Inc. Political Action Committee (Genworth PAC)",George Whitesides,2025-05-02,1000.00
"GENWORTH FINANCIAL, INC.","Enact Holdings, Inc. Political Action Committee (Enact PAC); Genworth Financial, Inc. Political Action Committee (Genworth PAC)",Katie Britt,2025-05-02,2000.00
"GENWORTH FINANCIAL, INC.","Enact Holdings, Inc. Political Action Committee (Enact PAC); Genworth Financial, Inc. Political Action Committee (Genworth PAC)",Blake Moore,2025-05-02,2500.00
"GENWORTH FINANCIAL, INC.","Enact Holdings, Inc. Political Action Committee (Enact PAC); Genworth Financial, Inc. Political Action Committee (Genworth PAC)",August Pfluger,2025-05-02,1000.00
"GENWORTH FINANCIAL, INC.","Enact Holdings, Inc. Political Action Committee (Enact PAC); Genworth Financial, Inc. Political Action Committee (Genworth PAC)",Andrew Garbarino,2025-05-02,2500.00
"GENWORTH FINANCIAL, INC.","Enact Holdings, Inc. Political Action Committee (Enact PAC); Genworth Financial, Inc. Political Action Committee (Genworth PAC)",Brett Guthrie,2025-05-02,2500.00
"GENWORTH FINANCIAL, INC.","Enact Holdings, Inc. Political Action Committee (Enact PAC); Genworth Financial, Inc. Political Action Committee (Genworth PAC)",Monica De La Cruz,2025-05-07,1000.00
"GENWORTH FINANCIAL, INC.","Enact Holdings, Inc. Political Action Committee (Enact PAC); Genworth Financial, Inc. Political Action Committee (Genworth PAC)",Julia Letlow,2025-05-07,2000.00
"GENWORTH FINANCIAL, INC.","Enact Holdings, Inc. Political Action Committee (Enact PAC); Genworth Financial, Inc. Political Action Committee (Genworth PAC)",Mark Warner,2025-05-07,2500.00
"GENWORTH FINANCIAL, INC.","Enact Holdings, Inc. Political Action Committee (Enact PAC); Genworth Financial, Inc. Political Action Committee (Genworth PAC)",Congressional Black Caucus PAC,2025-05-07,2500.00
"GENWORTH FINANCIAL, INC.","Enact Holdings, Inc. Political Action Committee (Enact PAC); Genworth Financial, Inc. Political Action Committee (Genworth PAC)",USMI-PAC,2025-05-07,5000.00
"GENWORTH FINANCIAL, INC.","Enact Holdings, Inc. Political Action Committee (Enact PAC); Genworth Financial, Inc. Political Action Committee (Genworth PAC)",CHC Bold PAC,2025-05-07,2500.00
"GENWORTH FINANCIAL, INC.","Enact Holdings, Inc. Political Action Committee (Enact PAC); Genworth Financial, Inc. Political Action Committee (Genworth PAC)",Mike Haridopolos,2025-05-07,2000.00
"GENWORTH FINANCIAL, INC.","Enact Holdings, Inc. Political Action Committee (Enact PAC); Genworth Financial, Inc. Political Action Committee (Genworth PAC)",Lisa McClain,2025-05-07,2000.00
"GENWORTH FINANCIAL, INC.","Enact Holdings, Inc. Political Action Committee (Enact PAC); Genworth Financial, Inc. Political Action Committee (Genworth PAC)",Maggie Hassan,2025-05-07,2500.00
"GENWORTH FINANCIAL, INC.","Enact Holdings, Inc. Political Action Committee (Enact PAC); Genworth Financial, Inc. Political Action Committee (Genworth PAC)",Tim Scott,2025-05-07,2500.00
"GENWORTH FINANCIAL, INC.","Enact Holdings, Inc. Political Action Committee (Enact PAC); Genworth Financial, Inc. Political Action Committee (Genworth PAC)",Claudia Tenney,2025-05-30,1000.00
"GENWORTH FINANCIAL, INC.","Enact Holdings, Inc. Political Action Committee (Enact PAC); Genworth Financial, Inc. Political Action Committee (Genworth PAC)",Jon Husted,2025-05-30,1500.00
"GENWORTH FINANCIAL, INC.","Enact Holdings, Inc. Political Action Committee (Enact PAC); Genworth Financial, Inc. Political Action Committee (Genworth PAC)",Katherine Clark,2025-06-11,1000.00
"GENWORTH FINANCIAL, INC.","Enact Holdings, Inc. Political Action Committee (Enact PAC); Genworth Financial, Inc. Political Action Committee (Genworth PAC)",Jennifer Kiggans,2025-06-11,1000.00
"GENWORTH FINANCIAL, INC.","Enact Holdings, Inc. Political Action Committee (Enact PAC); Genworth Financial, Inc. Political Action Committee (Genworth PAC)",Brian Jack,2025-06-25,2000.00
"GENWORTH FINANCIAL, INC.","Enact Holdings, Inc. Political Action Committee (Enact PAC); Genworth Financial, Inc. Political Action Committee (Genworth PAC)",Brittany Pettersen,2025-06-25,2500.00
"GENWORTH FINANCIAL, INC.","Enact Holdings, Inc. Political Action Committee (Enact PAC); Genworth Financial, Inc. Political Action Committee (Genworth PAC)",Marlin Stutzman,2025-06-25,2000.00
"GENWORTH FINANCIAL, INC.","Enact Holdings, Inc. Political Action Committee (Enact PAC); Genworth Financial, Inc. Political Action Committee (Genworth PAC)",Scott Fitzgerald,2025-06-25,1000.00
"GENWORTH FINANCIAL, INC.","Enact Holdings, Inc. Political Action Committee (Enact PAC); Genworth Financial, Inc. Political Action Committee (Genworth PAC)",Across the Aisle PAC,2025-01-24,5000.00
"GENWORTH FINANCIAL, INC.","Enact Holdings, Inc. Political Action Committee (Enact PAC); Genworth Financial, Inc. Political Action Committee (Genworth PAC)",Building Bridges PAC,2025-01-24,5000.00
"GENWORTH FINANCIAL, INC.","Enact Holdings, Inc. Political Action Committee (Enact PAC); Genworth Financial, Inc. Political Action Committee (Genworth PAC)",CHC Bold PAC,2025-01-24,2500.00
"GENWORTH FINANCIAL, INC.","Enact Holdings, Inc. Political Action Committee (Enact PAC); Genworth Financial, Inc. Political Action Committee (Genworth PAC)",Congressional Black Caucus PAC,2025-01-24,2500.00
"GENWORTH FINANCIAL, INC.","Enact Holdings, Inc. Political Action Committee (Enact PAC); Genworth Financial, Inc. Political Action Committee (Genworth PAC)",Tom Suozzi,2025-03-05,2500.00
"GENWORTH FINANCIAL, INC.","Enact Holdings, Inc. Political Action Committee (Enact PAC); Genworth Financial, Inc. Political Action Committee (Genworth PAC)",Andy Barr,2025-03-05,2500.00
"GENWORTH FINANCIAL, INC.","Enact Holdings, Inc. Political Action Committee (Enact PAC); Genworth Financial, Inc. Political Action Committee (Genworth PAC)",Brian Fitzpatrick,2025-03-05,2500.00
"GENWORTH FINANCIAL, INC.","Enact Holdings, Inc. Political Action Committee (Enact PAC); Genworth Financial, Inc. Political Action Committee (Genworth PAC)",Tim Kaine,2025-03-05,5000.00
"GENWORTH FINANCIAL, INC.","Enact Holdings, Inc. Political Action Committee (Enact PAC); Genworth Financial, Inc. Political Action Committee (Genworth PAC)",Jennifer McClellan,2025-03-19,1000.00
"GENWORTH FINANCIAL, INC.","Enact Holdings, Inc. Political Action Committee (Enact PAC); Genworth Financial, Inc. Political Action Committee (Genworth PAC)",Don Davis,2025-03-19,1000.00
"GENWORTH FINANCIAL, INC.","Enact Holdings, Inc. Political Action Committee (Enact PAC); Genworth Financial, Inc. Political Action Committee (Genworth PAC)",David Valadao,2025-03-19,2500.00
"GENWORTH FINANCIAL, INC.","Enact Holdings, Inc. Political Action Committee (Enact PAC); Genworth Financial, Inc. Political Action Committee (Genworth PAC)",Susie Lee,2025-03-19,1000.00
"GENWORTH FINANCIAL, INC.","Enact Holdings, Inc. Political Action Committee (Enact PAC); Genworth Financial, Inc. Political Action Committee (Genworth PAC)",Tom Suozzi,2025-03-26,2500.00
"GENWORTH FINANCIAL, INC.","Enact Holdings, Inc. Political Action Committee (Enact PAC); Genworth Financial, Inc. Political Action Committee (Genworth PAC)",Bill Hagerty,2025-03-28,2500.00
"GENWORTH FINANCIAL, INC.","Enact Holdings, Inc. Political Action Committee (Enact PAC); Genworth Financial, Inc. Political Action Committee (Genworth PAC)",Mike Flood,2025-03-28,5000.00
"GENWORTH FINANCIAL, INC.","Enact Holdings, Inc. Political Action Committee (Enact PAC); Genworth Financial, Inc. Political Action Committee (Genworth PAC)",Bill Huizenga,2025-03-28,2000.00
"GENWORTH FINANCIAL, INC.","Enact Holdings, Inc. Political Action Committee (Enact PAC); Genworth Financial, Inc. Political Action Committee (Genworth PAC)",Maria Elvira Salazar,2025-03-28,2000.00
"GENWORTH FINANCIAL, INC.","Enact Holdings, Inc. Political Action Committee (Enact PAC); Genworth Financial, Inc. Political Action Committee (Genworth PAC)",Jason Smith,2025-03-28,3000.00
"GENWORTH FINANCIAL, INC.","Enact Holdings, Inc. Political Action Committee (Enact PAC); Genworth Financial, Inc. Political Action Committee (Genworth PAC)",Bryan Steil,2025-03-28,2000.00
"GENWORTH FINANCIAL, INC.","Enact Holdings, Inc. Political Action Committee (Enact PAC); Genworth Financial, Inc. Political Action Committee (Genworth PAC)",Thom Tillis,2025-03-28,5000.00
"GENWORTH FINANCIAL, INC.","Enact Holdings, Inc. Political Action Committee (Enact PAC); Genworth Financial, Inc. Political Action Committee (Genworth PAC)",French Hill,2025-03-28,1000.00
"GENWORTH FINANCIAL, INC.","Enact Holdings, Inc. Political Action Committee (Enact PAC); Genworth Financial, Inc. Political Action Committee (Genworth PAC)",Bill Hagerty,2025-03-28,2000.00
"GENWORTH FINANCIAL, INC.","Enact Holdings, Inc. Political Action Committee (Enact PAC); Genworth Financial, Inc. Political Action Committee (Genworth PAC)",Mike Johnson,2025-04-16,5000.00
"GENWORTH FINANCIAL, INC.","Enact Holdings, Inc. Political Action Committee (Enact PAC); Genworth Financial, Inc. Political Action Committee (Genworth PAC)",Nick LaLota,2025-05-02,1000.00
"GENWORTH FINANCIAL, INC.","Enact Holdings, Inc. Political Action Committee (Enact PAC); Genworth Financial, Inc. Political Action Committee (Genworth PAC)",Young Kim,2025-05-02,1000.00
"GENWORTH FINANCIAL, INC.","Enact Holdings, Inc. Political Action Committee (Enact PAC); Genworth Financial, Inc. Political Action Committee (Genworth PAC)",David Valadao,2025-05-02,1000.00
"GENWORTH FINANCIAL, INC.","Enact Holdings, Inc. Political Action Committee (Enact PAC); Genworth Financial, Inc. Political Action Committee (Genworth PAC)",John Moolenaar,2025-05-02,2500.00
"GENWORTH FINANCIAL, INC.","Enact Holdings, Inc. Political Action Committee (Enact PAC); Genworth Financial, Inc. Political Action Committee (Genworth PAC)",George Whitesides,2025-05-02,1000.00
"GENWORTH FINANCIAL, INC.","Enact Holdings, Inc. Political Action Committee (Enact PAC); Genworth Financial, Inc. Political Action Committee (Genworth PAC)",Katie Britt,2025-05-02,2000.00
"GENWORTH FINANCIAL, INC.","Enact Holdings, Inc. Political Action Committee (Enact PAC); Genworth Financial, Inc. Political Action Committee (Genworth PAC)",Blake Moore,2025-05-02,2500.00
"GENWORTH FINANCIAL, INC.","Enact Holdings, Inc. Political Action Committee (Enact PAC); Genworth Financial, Inc. Political Action Committee (Genworth PAC)",August Pfluger,2025-05-02,1000.00
"GENWORTH FINANCIAL, INC.","Enact Holdings, Inc. Political Action Committee (Enact PAC); Genworth Financial, Inc. Political Action Committee (Genworth PAC)",Andrew Garbarino,2025-05-02,2500.00
"GENWORTH FINANCIAL, INC.","Enact Holdings, Inc. Political Action Committee (Enact PAC); Genworth Financial, Inc. Political Action Committee (Genworth PAC)",Brett Guthrie,2025-05-02,2500.00
"GENWORTH FINANCIAL, INC.","Enact Holdings, Inc. Political Action Committee (Enact PAC); Genworth Financial, Inc. Political Action Committee (Genworth PAC)",Monica De La Cruz,2025-05-07,1000.00
"GENWORTH FINANCIAL, INC.","Enact Holdings, Inc. Political Action Committee (Enact PAC); Genworth Financial, Inc. Political Action Committee (Genworth PAC)",Julia Letlow,2025-05-07,2000.00
"GENWORTH FINANCIAL, INC.","Enact Holdings, Inc. Political Action Committee (Enact PAC); Genworth Financial, Inc. Political Action Committee (Genworth PAC)",Mark Warner,2025-05-07,2500.00
"GENWORTH FINANCIAL, INC.","Enact Holdings, Inc. Political Action Committee (Enact PAC); Genworth Financial, Inc. Political Action Committee (Genworth PAC)",Congressional Black Caucus PAC,2025-05-07,2500.00
"GENWORTH FINANCIAL, INC.","Enact Holdings, Inc. Political Action Committee (Enact PAC); Genworth Financial, Inc. Political Action Committee (Genworth PAC)",USMI-PAC,2025-05-07,5000.00
"GENWORTH FINANCIAL, INC.","Enact Holdings, Inc. Political Action Committee (Enact PAC); Genworth Financial, Inc. Political Action Committee (Genworth PAC)",CHC Bold PAC,2025-05-07,2500.00
"GENWORTH FINANCIAL, INC.","Enact Holdings, Inc. Political Action Committee (Enact PAC); Genworth Financial, Inc. Political Action Committee (Genworth PAC)",Mike Haridopolos,2025-05-07,2000.00
"GENWORTH FINANCIAL, INC.","Enact Holdings, Inc. Political Action Committee (Enact PAC); Genworth Financial, Inc. Political Action Committee (Genworth PAC)",Lisa McClain,2025-05-07,2000.00
"GENWORTH FINANCIAL, INC.","Enact Holdings, Inc. Political Action Committee (Enact PAC); Genworth Financial, Inc. Political Action Committee (Genworth PAC)",Maggie Hassan,2025-05-07,2500.00
"GENWORTH FINANCIAL, INC.","Enact Holdings, Inc. Political Action Committee (Enact PAC); Genworth Financial, Inc. Political Action Committee (Genworth PAC)",Tim Scott,2025-05-07,2500.00
"GENWORTH FINANCIAL, INC.","Enact Holdings, Inc. Political Action Committee (Enact PAC); Genworth Financial, Inc. Political Action Committee (Genworth PAC)",Claudia Tenney,2025-05-30,1000.00
"GENWORTH FINANCIAL, INC.","Enact Holdings, Inc. Political Action Committee (Enact PAC); Genworth Financial, Inc. Political Action Committee (Genworth PAC)",Jon Husted,2025-05-30,1500.00
"GENWORTH FINANCIAL, INC.","Enact Holdings, Inc. Political Action Committee (Enact PAC); Genworth Financial, Inc. Political Action Committee (Genworth PAC)",Katherine Clark,2025-06-11,1000.00
"GENWORTH FINANCIAL, INC.","Enact Holdings, Inc. Political Action Committee (Enact PAC); Genworth Financial, Inc. Political Action Committee (Genworth PAC)",Jennifer Kiggans,2025-06-11,1000.00
"GENWORTH FINANCIAL, INC.","Enact Holdings, Inc. Political Action Committee (Enact PAC); Genworth Financial, Inc. Political Action Committee (Genworth PAC)",Brian Jack,2025-06-25,2000.00
"GENWORTH FINANCIAL, INC.","Enact Holdings, Inc. Political Action Committee (Enact PAC); Genworth Financial, Inc. Political Action Committee (Genworth PAC)",Brittany Pettersen,2025-06-25,2500.00
"GENWORTH FINANCIAL, INC.","Enact Holdings, Inc. Political Action Committee (Enact PAC); Genworth Financial, Inc. Political Action Committee (Genworth PAC)",Marlin Stutzman,2025-06-25,2000.00
"GENWORTH FINANCIAL, INC.","Enact Holdings, Inc. Political Action Committee (Enact PAC); Genworth Financial, Inc. Political Action Committee (Genworth PAC)",Scott Fitzgerald,2025-06-25,1000.00
"GENWORTH FINANCIAL, INC.","Enact Holdings, Inc. Political Action Committee (Enact PAC); Genworth Financial, Inc. Political Action Committee (Genworth PAC)",Across the Aisle PAC,2025-01-24,5000.00
"GENWORTH FINANCIAL, INC.","Enact Holdings, Inc. Political Action Committee (Enact PAC); Genworth Financial, Inc. Political Action Committee (Genworth PAC)",Building Bridges PAC,2025-01-24,5000.00
"GENWORTH FINANCIAL, INC.","Enact Holdings, Inc. Political Action Committee (Enact PAC); Genworth Financial, Inc. Political Action Committee (Genworth PAC)",CHC Bold PAC,2025-01-24,2500.00
"GENWORTH FINANCIAL, INC.","Enact Holdings, Inc. Political Action Committee (Enact PAC); Genworth Financial, Inc. Political Action Committee (Genworth PAC)",Congressional Black Caucus PAC,2025-01-24,2500.00
"GENWORTH FINANCIAL, INC.","Enact Holdings, Inc. Political Action Committee (Enact PAC); Genworth Financial, Inc. Political Action Committee (Genworth PAC)",Tom Suozzi,2025-03-05,2500.00
"GENWORTH FINANCIAL, INC.","Enact Holdings, Inc. Political Action Committee (Enact PAC); Genworth Financial, Inc. Political Action Committee (Genworth PAC)",Andy Barr,2025-03-05,2500.00
"GENWORTH FINANCIAL, INC.","Enact Holdings, Inc. Political Action Committee (Enact PAC); Genworth Financial, Inc. Political Action Committee (Genworth PAC)",Brian Fitzpatrick,2025-03-05,2500.00
"GENWORTH FINANCIAL, INC.","Enact Holdings, Inc. Political Action Committee (Enact PAC); Genworth Financial, Inc. Political Action Committee (Genworth PAC)",Tim Kaine,2025-03-05,5000.00
"GENWORTH FINANCIAL, INC.","Enact Holdings, Inc. Political Action Committee (Enact PAC); Genworth Financial, Inc. Political Action Committee (Genworth PAC)",Jennifer McClellan,2025-03-19,1000.00
"GENWORTH FINANCIAL, INC.","Enact Holdings, Inc. Political Action Committee (Enact PAC); Genworth Financial, Inc. Political Action Committee (Genworth PAC)",Don Davis,2025-03-19,1000.00
"GENWORTH FINANCIAL, INC.","Enact Holdings, Inc. Political Action Committee (Enact PAC); Genworth Financial, Inc. Political Action Committee (Genworth PAC)",David Valadao,2025-03-19,2500.00
"GENWORTH FINANCIAL, INC.","Enact Holdings, Inc. Political Action Committee (Enact PAC); Genworth Financial, Inc. Political Action Committee (Genworth PAC)",Susie Lee,2025-03-19,1000.00
"GENWORTH FINANCIAL, INC.","Enact Holdings, Inc. Political Action Committee (Enact PAC); Genworth Financial, Inc. Political Action Committee (Genworth PAC)",Tom Suozzi,2025-03-26,2500.00
"GENWORTH FINANCIAL, INC.","Enact Holdings, Inc. Political Action Committee (Enact PAC); Genworth Financial, Inc. Political Action Committee (Genworth PAC)",Bill Hagerty,2025-03-28,2500.00
"GENWORTH FINANCIAL, INC.","Enact Holdings, Inc. Political Action Committee (Enact PAC); Genworth Financial, Inc. Political Action Committee (Genworth PAC)",Mike Flood,2025-03-28,5000.00
"GENWORTH FINANCIAL, INC.","Enact Holdings, Inc. Political Action Committee (Enact PAC); Genworth Financial, Inc. Political Action Committee (Genworth PAC)",Bill Huizenga,2025-03-28,2000.00
"GENWORTH FINANCIAL, INC.","Enact Holdings, Inc. Political Action Committee (Enact PAC); Genworth Financial, Inc. Political Action Committee (Genworth PAC)",Maria Elvira Salazar,2025-03-28,2000.00
"GENWORTH FINANCIAL, INC.","Enact Holdings, Inc. Political Action Committee (Enact PAC); Genworth Financial, Inc. Political Action Committee (Genworth PAC)",Jason Smith,2025-03-28,3000.00
"GENWORTH FINANCIAL, INC.","Enact Holdings, Inc. Political Action Committee (Enact PAC); Genworth Financial, Inc. Political Action Committee (Genworth PAC)",Bryan Steil,2025-03-28,2000.00
"GENWORTH FINANCIAL, INC.","Enact Holdings, Inc. Political Action Committee (Enact PAC); Genworth Financial, Inc. Political Action Committee (Genworth PAC)",Thom Tillis,2025-03-28,5000.00
"GENWORTH FINANCIAL, INC.","Enact Holdings, Inc. Political Action Committee (Enact PAC); Genworth Financial, Inc. Political Action Committee (Genworth PAC)",French Hill,2025-03-28,1000.00
"GENWORTH FINANCIAL, INC.","Enact Holdings, Inc. Political Action Committee (Enact PAC); Genworth Financial, Inc. Political Action Committee (Genworth PAC)",Bill Hagerty,2025-03-28,2000.00
"GENWORTH FINANCIAL, INC.","Enact Holdings, Inc. Political Action Committee (Enact PAC); Genworth Financial, Inc. Political Action Committee (Genworth PAC)",Mike Johnson,2025-04-16,5000.00
"GENWORTH FINANCIAL, INC.","Enact Holdings, Inc. Political Action Committee (Enact PAC); Genworth Financial, Inc. Political Action Committee (Genworth PAC)",Nick LaLota,2025-05-02,1000.00
"GENWORTH FINANCIAL, INC.","Enact Holdings, Inc. Political Action Committee (Enact PAC); Genworth Financial, Inc. Political Action Committee (Genworth PAC)",Young Kim,2025-05-02,1000.00
"GENWORTH FINANCIAL, INC.","Enact Holdings, Inc. Political Action Committee (Enact PAC); Genworth Financial, Inc. Political Action Committee (Genworth PAC)",David Valadao,2025-05-02,1000.00
"GENWORTH FINANCIAL, INC.","Enact Holdings, Inc. Political Action Committee (Enact PAC); Genworth Financial, Inc. Political Action Committee (Genworth PAC)",John Moolenaar,2025-05-02,2500.00
"GENWORTH FINANCIAL, INC.","Enact Holdings, Inc. Political Action Committee (Enact PAC); Genworth Financial, Inc. Political Action Committee (Genworth PAC)",George Whitesides,2025-05-02,1000.00
"GENWORTH FINANCIAL, INC.","Enact Holdings, Inc. Political Action Committee (Enact PAC); Genworth Financial, Inc. Political Action Committee (Genworth PAC)",Katie Britt,2025-05-02,2000.00
"GENWORTH FINANCIAL, INC.","Enact Holdings, Inc. Political Action Committee (Enact PAC); Genworth Financial, Inc. Political Action Committee (Genworth PAC)",Blake Moore,2025-05-02,2500.00
"GENWORTH FINANCIAL, INC.","Enact Holdings, Inc. Political Action Committee (Enact PAC); Genworth Financial, Inc. Political Action Committee (Genworth PAC)",August Pfluger,2025-05-02,1000.00
"GENWORTH FINANCIAL, INC.","Enact Holdings, Inc. Political Action Committee (Enact PAC); Genworth Financial, Inc. Political Action Committee (Genworth PAC)",Andrew Garbarino,2025-05-02,2500.00
"GENWORTH FINANCIAL, INC.","Enact Holdings, Inc. Political Action Committee (Enact PAC); Genworth Financial, Inc. Political Action Committee (Genworth PAC)",Brett Guthrie,2025-05-02,2500.00
"GENWORTH FINANCIAL, INC.","Enact Holdings, Inc. Political Action Committee (Enact PAC); Genworth Financial, Inc. Political Action Committee (Genworth PAC)",Monica De La Cruz,2025-05-07,1000.00
"GENWORTH FINANCIAL, INC.","Enact Holdings, Inc. Political Action Committee (Enact PAC); Genworth Financial, Inc. Political Action Committee (Genworth PAC)",Julia Letlow,2025-05-07,2000.00
"GENWORTH FINANCIAL, INC.","Enact Holdings, Inc. Political Action Committee (Enact PAC); Genworth Financial, Inc. Political Action Committee (Genworth PAC)",Mark Warner,2025-05-07,2500.00
"GENWORTH FINANCIAL, INC.","Enact Holdings, Inc. Political Action Committee (Enact PAC); Genworth Financial, Inc. Political Action Committee (Genworth PAC)",Congressional Black Caucus PAC,2025-05-07,2500.00
"GENWORTH FINANCIAL, INC.","Enact Holdings, Inc. Political Action Committee (Enact PAC); Genworth Financial, Inc. Political Action Committee (Genworth PAC)",USMI-PAC,2025-05-07,5000.00
"GENWORTH FINANCIAL, INC.","Enact Holdings, Inc. Political Action Committee (Enact PAC); Genworth Financial, Inc. Political Action Committee (Genworth PAC)",CHC Bold PAC,2025-05-07,2500.00
"GENWORTH FINANCIAL, INC.","Enact Holdings, Inc. Political Action Committee (Enact PAC); Genworth Financial, Inc. Political Action Committee (Genworth PAC)",Mike Haridopolos,2025-05-07,2000.00
"GENWORTH FINANCIAL, INC.","Enact Holdings, Inc. Political Action Committee (Enact PAC); Genworth Financial, Inc. Political Action Committee (Genworth PAC)",Lisa McClain,2025-05-07,2000.00
"GENWORTH FINANCIAL, INC.","Enact Holdings, Inc. Political Action Committee (Enact PAC); Genworth Financial, Inc. Political Action Committee (Genworth PAC)",Maggie Hassan,2025-05-07,2500.00
"GENWORTH FINANCIAL, INC.","Enact Holdings, Inc. Political Action Committee (Enact PAC); Genworth Financial, Inc. Political Action Committee (Genworth PAC)",Tim Scott,2025-05-07,2500.00
"GENWORTH FINANCIAL, INC.","Enact Holdings, Inc. Political Action Committee (Enact PAC); Genworth Financial, Inc. Political Action Committee (Genworth PAC)",Claudia Tenney,2025-05-30,1000.00
"GENWORTH FINANCIAL, INC.","Enact Holdings, Inc. Political Action Committee (Enact PAC); Genworth Financial, Inc. Political Action Committee (Genworth PAC)",Jon Husted,2025-05-30,1500.00
"GENWORTH FINANCIAL, INC.","Enact Holdings, Inc. Political Action Committee (Enact PAC); Genworth Financial, Inc. Political Action Committee (Genworth PAC)",Katherine Clark,2025-06-11,1000.00
"GENWORTH FINANCIAL, INC.","Enact Holdings, Inc. Political Action Committee (Enact PAC); Genworth Financial, Inc. Political Action Committee (Genworth PAC)",Jennifer Kiggans,2025-06-11,1000.00
"GENWORTH FINANCIAL, INC.","Enact Holdings, Inc. Political Action Committee (Enact PAC); Genworth Financial, Inc. Political Action Committee (Genworth PAC)",Brian Jack,2025-06-25,2000.00
"GENWORTH FINANCIAL, INC.","Enact Holdings, Inc. Political Action Committee (Enact PAC); Genworth Financial, Inc. Political Action Committee (Genworth PAC)",Brittany Pettersen,2025-06-25,2500.00
"GENWORTH FINANCIAL, INC.","Enact Holdings, Inc. Political Action Committee (Enact PAC); Genworth Financial, Inc. Political Action Committee (Genworth PAC)",Marlin Stutzman,2025-06-25,2000.00
"GENWORTH FINANCIAL, INC.","Enact Holdings, Inc. Political Action Committee (Enact PAC); Genworth Financial, Inc. Political Action Committee (Genworth PAC)",Scott Fitzgerald,2025-06-25,1000.00
"GENWORTH FINANCIAL, INC.","Enact Holdings, Inc. Political Action Committee (Enact PAC); Genworth Financial, Inc. Political Action Committee (Genworth PAC)",Across the Aisle PAC,2025-01-24,5000.00
"GENWORTH FINANCIAL, INC.","Enact Holdings, Inc. Political Action Committee (Enact PAC); Genworth Financial, Inc. Political Action Committee (Genworth PAC)",Building Bridges PAC,2025-01-24,5000.00
"GENWORTH FINANCIAL, INC.","Enact Holdings, Inc. Political Action Committee (Enact PAC); Genworth Financial, Inc. Political Action Committee (Genworth PAC)",CHC Bold PAC,2025-01-24,2500.00
"GENWORTH FINANCIAL, INC.","Enact Holdings, Inc. Political Action Committee (Enact PAC); Genworth Financial, Inc. Political Action Committee (Genworth PAC)",Congressional Black Caucus PAC,2025-01-24,2500.00
"GENWORTH FINANCIAL, INC.","Enact Holdings, Inc. Political Action Committee (Enact PAC); Genworth Financial, Inc. Political Action Committee (Genworth PAC)",Tom Suozzi,2025-03-05,2500.00
"GENWORTH FINANCIAL, INC.","Enact Holdings, Inc. Political Action Committee (Enact PAC); Genworth Financial, Inc. Political Action Committee (Genworth PAC)",Andy Barr,2025-03-05,2500.00
"GENWORTH FINANCIAL, INC.","Enact Holdings, Inc. Political Action Committee (Enact PAC); Genworth Financial, Inc. Political Action Committee (Genworth PAC)",Brian Fitzpatrick,2025-03-05,2500.00
"GENWORTH FINANCIAL, INC.","Enact Holdings, Inc. Political Action Committee (Enact PAC); Genworth Financial, Inc. Political Action Committee (Genworth PAC)",Tim Kaine,2025-03-05,5000.00
"GENWORTH FINANCIAL, INC.","Enact Holdings, Inc. Political Action Committee (Enact PAC); Genworth Financial, Inc. Political Action Committee (Genworth PAC)",Jennifer McClellan,2025-03-19,1000.00
"GENWORTH FINANCIAL, INC.","Enact Holdings, Inc. Political Action Committee (Enact PAC); Genworth Financial, Inc. Political Action Committee (Genworth PAC)",Don Davis,2025-03-19,1000.00
"GENWORTH FINANCIAL, INC.","Enact Holdings, Inc. Political Action Committee (Enact PAC); Genworth Financial, Inc. Political Action Committee (Genworth PAC)",David Valadao,2025-03-19,2500.00
"GENWORTH FINANCIAL, INC.","Enact Holdings, Inc. Political Action Committee (Enact PAC); Genworth Financial, Inc. Political Action Committee (Genworth PAC)",Susie Lee,2025-03-19,1000.00
"GENWORTH FINANCIAL, INC.","Enact Holdings, Inc. Political Action Committee (Enact PAC); Genworth Financial, Inc. Political Action Committee (Genworth PAC)",Tom Suozzi,2025-03-26,2500.00
"GENWORTH FINANCIAL, INC.","Enact Holdings, Inc. Political Action Committee (Enact PAC); Genworth Financial, Inc. Political Action Committee (Genworth PAC)",Bill Hagerty,2025-03-28,2500.00
"GENWORTH FINANCIAL, INC.","Enact Holdings, Inc. Political Action Committee (Enact PAC); Genworth Financial, Inc. Political Action Committee (Genworth PAC)",Mike Flood,2025-03-28,5000.00
"GENWORTH FINANCIAL, INC.","Enact Holdings, Inc. Political Action Committee (Enact PAC); Genworth Financial, Inc. Political Action Committee (Genworth PAC)",Bill Huizenga,2025-03-28,2000.00
"GENWORTH FINANCIAL, INC.","Enact Holdings, Inc. Political Action Committee (Enact PAC); Genworth Financial, Inc. Political Action Committee (Genworth PAC)",Maria Elvira Salazar,2025-03-28,2000.00
"GENWORTH FINANCIAL, INC.","Enact Holdings, Inc. Political Action Committee (Enact PAC); Genworth Financial, Inc. Political Action Committee (Genworth PAC)",Jason Smith,2025-03-28,3000.00
"GENWORTH FINANCIAL, INC.","Enact Holdings, Inc. Political Action Committee (Enact PAC); Genworth Financial, Inc. Political Action Committee (Genworth PAC)",Bryan Steil,2025-03-28,2000.00
"GENWORTH FINANCIAL, INC.","Enact Holdings, Inc. Political Action Committee (Enact PAC); Genworth Financial, Inc. Political Action Committee (Genworth PAC)",Thom Tillis,2025-03-28,5000.00
"GENWORTH FINANCIAL, INC.","Enact Holdings, Inc. Political Action Committee (Enact PAC); Genworth Financial, Inc. Political Action Committee (Genworth PAC)",French Hill,2025-03-28,1000.00
"GENWORTH FINANCIAL, INC.","Enact Holdings, Inc. Political Action Committee (Enact PAC); Genworth Financial, Inc. Political Action Committee (Genworth PAC)",Bill Hagerty,2025-03-28,2000.00
"GENWORTH FINANCIAL, INC.","Enact Holdings, Inc. Political Action Committee (Enact PAC); Genworth Financial, Inc. Political Action Committee (Genworth PAC)",Mike Johnson,2025-04-16,5000.00
"GENWORTH FINANCIAL, INC.","Enact Holdings, Inc. Political Action Committee (Enact PAC); Genworth Financial, Inc. Political Action Committee (Genworth PAC)",Nick LaLota,2025-05-02,1000.00
"GENWORTH FINANCIAL, INC.","Enact Holdings, Inc. Political Action Committee (Enact PAC); Genworth Financial, Inc. Political Action Committee (Genworth PAC)",Young Kim,2025-05-02,1000.00
"GENWORTH FINANCIAL, INC.","Enact Holdings, Inc. Political Action Committee (Enact PAC); Genworth Financial, Inc. Political Action Committee (Genworth PAC)",David Valadao,2025-05-02,1000.00
"GENWORTH FINANCIAL, INC.","Enact Holdings, Inc. Political Action Committee (Enact PAC); Genworth Financial, Inc. Political Action Committee (Genworth PAC)",John Moolenaar,2025-05-02,2500.00
"GENWORTH FINANCIAL, INC.","Enact Holdings, Inc. Political Action Committee (Enact PAC); Genworth Financial, Inc. Political Action Committee (Genworth PAC)",George Whitesides,2025-05-02,1000.00
"GENWORTH FINANCIAL, INC.","Enact Holdings, Inc. Political Action Committee (Enact PAC); Genworth Financial, Inc. Political Action Committee (Genworth PAC)",Katie Britt,2025-05-02,2000.00
"GENWORTH FINANCIAL, INC.","Enact Holdings, Inc. Political Action Committee (Enact PAC); Genworth Financial, Inc. Political Action Committee (Genworth PAC)",Blake Moore,2025-05-02,2500.00
"GENWORTH FINANCIAL, INC.","Enact Holdings, Inc. Political Action Committee (Enact PAC); Genworth Financial, Inc. Political Action Committee (Genworth PAC)",August Pfluger,2025-05-02,1000.00
"GENWORTH FINANCIAL, INC.","Enact Holdings, Inc. Political Action Committee (Enact PAC); Genworth Financial, Inc. Political Action Committee (Genworth PAC)",Andrew Garbarino,2025-05-02,2500.00
"GENWORTH FINANCIAL, INC.","Enact Holdings, Inc. Political Action Committee (Enact PAC); Genworth Financial, Inc. Political Action Committee (Genworth PAC)",Brett Guthrie,2025-05-02,2500.00
"GENWORTH FINANCIAL, INC.","Enact Holdings, Inc. Political Action Committee (Enact PAC); Genworth Financial, Inc. Political Action Committee (Genworth PAC)",Monica De La Cruz,2025-05-07,1000.00
"GENWORTH FINANCIAL, INC.","Enact Holdings, Inc. Political Action Committee (Enact PAC); Genworth Financial, Inc. Political Action Committee (Genworth PAC)",Julia Letlow,2025-05-07,2000.00
"GENWORTH FINANCIAL, INC.","Enact Holdings, Inc. Political Action Committee (Enact PAC); Genworth Financial, Inc. Political Action Committee (Genworth PAC)",Mark Warner,2025-05-07,2500.00
"GENWORTH FINANCIAL, INC.","Enact Holdings, Inc. Political Action Committee (Enact PAC); Genworth Financial, Inc. Political Action Committee (Genworth PAC)",Congressional Black Caucus PAC,2025-05-07,2500.00
"GENWORTH FINANCIAL, INC.","Enact Holdings, Inc. Political Action Committee (Enact PAC); Genworth Financial, Inc. Political Action Committee (Genworth PAC)",USMI-PAC,2025-05-07,5000.00
"GENWORTH FINANCIAL, INC.","Enact Holdings, Inc. Political Action Committee (Enact PAC); Genworth Financial, Inc. Political Action Committee (Genworth PAC)",CHC Bold PAC,2025-05-07,2500.00
"GENWORTH FINANCIAL, INC.","Enact Holdings, Inc. Political Action Committee (Enact PAC); Genworth Financial, Inc. Political Action Committee (Genworth PAC)",Mike Haridopolos,2025-05-07,2000.00
"GENWORTH FINANCIAL, INC.","Enact Holdings, Inc. Political Action Committee (Enact PAC); Genworth Financial, Inc. Political Action Committee (Genworth PAC)",Lisa McClain,2025-05-07,2000.00
"GENWORTH FINANCIAL, INC.","Enact Holdings, Inc. Political Action Committee (Enact PAC); Genworth Financial, Inc. Political Action Committee (Genworth PAC)",Maggie Hassan,2025-05-07,2500.00
"GENWORTH FINANCIAL, INC.","Enact Holdings, Inc. Political Action Committee (Enact PAC); Genworth Financial, Inc. Political Action Committee (Genworth PAC)",Tim Scott,2025-05-07,2500.00
"GENWORTH FINANCIAL, INC.","Enact Holdings, Inc. Political Action Committee (Enact PAC); Genworth Financial, Inc. Political Action Committee (Genworth PAC)",Claudia Tenney,2025-05-30,1000.00
"GENWORTH FINANCIAL, INC.","Enact Holdings, Inc. Political Action Committee (Enact PAC); Genworth Financial, Inc. Political Action Committee (Genworth PAC)",Jon Husted,2025-05-30,1500.00
"GENWORTH FINANCIAL, INC.","Enact Holdings, Inc. Political Action Committee (Enact PAC); Genworth Financial, Inc. Political Action Committee (Genworth PAC)",Katherine Clark,2025-06-11,1000.00
"GENWORTH FINANCIAL, INC.","Enact Holdings, Inc. Political Action Committee (Enact PAC); Genworth Financial, Inc. Political Action Committee (Genworth PAC)",Jennifer Kiggans,2025-06-11,1000.00
"GENWORTH FINANCIAL, INC.","Enact Holdings, Inc. Political Action Committee (Enact PAC); Genworth Financial, Inc. Political Action Committee (Genworth PAC)",Brian Jack,2025-06-25,2000.00
"GENWORTH FINANCIAL, INC.","Enact Holdings, Inc. Political Action Committee (Enact PAC); Genworth Financial, Inc. Political Action Committee (Genworth PAC)",Brittany Pettersen,2025-06-25,2500.00
"GENWORTH FINANCIAL, INC.","Enact Holdings, Inc. Political Action Committee (Enact PAC); Genworth Financial, Inc. Political Action Committee (Genworth PAC)",Marlin Stutzman,2025-06-25,2000.00
"GENWORTH FINANCIAL, INC.","Enact Holdings, Inc. Political Action Committee (Enact PAC); Genworth Financial, Inc. Political Action Committee (Genworth PAC)",Scott Fitzgerald,2025-06-25,1000.00
"GENWORTH FINANCIAL, INC.","Enact Holdings, Inc. Political Action Committee (Enact PAC); Genworth Financial, Inc. Political Action Committee (Genworth PAC)",Across the Aisle PAC,2025-01-24,5000.00
"GENWORTH FINANCIAL, INC.","Enact Holdings, Inc. Political Action Committee (Enact PAC); Genworth Financial, Inc. Political Action Committee (Genworth PAC)",Building Bridges PAC,2025-01-24,5000.00
"GENWORTH FINANCIAL, INC.","Enact Holdings, Inc. Political Action Committee (Enact PAC); Genworth Financial, Inc. Political Action Committee (Genworth PAC)",CHC Bold PAC,2025-01-24,2500.00
"GENWORTH FINANCIAL, INC.","Enact Holdings, Inc. Political Action Committee (Enact PAC); Genworth Financial, Inc. Political Action Committee (Genworth PAC)",Congressional Black Caucus PAC,2025-01-24,2500.00
"GENWORTH FINANCIAL, INC.","Enact Holdings, Inc. Political Action Committee (Enact PAC); Genworth Financial, Inc. Political Action Committee (Genworth PAC)",Tom Suozzi,2025-03-05,2500.00
"GENWORTH FINANCIAL, INC.","Enact Holdings, Inc. Political Action Committee (Enact PAC); Genworth Financial, Inc. Political Action Committee (Genworth PAC)",Andy Barr,2025-03-05,2500.00
"GENWORTH FINANCIAL, INC.","Enact Holdings, Inc. Political Action Committee (Enact PAC); Genworth Financial, Inc. Political Action Committee (Genworth PAC)",Brian Fitzpatrick,2025-03-05,2500.00
"GENWORTH FINANCIAL, INC.","Enact Holdings, Inc. Political Action Committee (Enact PAC); Genworth Financial, Inc. Political Action Committee (Genworth PAC)",Tim Kaine,2025-03-05,5000.00
"GENWORTH FINANCIAL, INC.","Enact Holdings, Inc. Political Action Committee (Enact PAC); Genworth Financial, Inc. Political Action Committee (Genworth PAC)",Jennifer McClellan,2025-03-19,1000.00
"GENWORTH FINANCIAL, INC.","Enact Holdings, Inc. Political Action Committee (Enact PAC); Genworth Financial, Inc. Political Action Committee (Genworth PAC)",Don Davis,2025-03-19,1000.00
"GENWORTH FINANCIAL, INC.","Enact Holdings, Inc. Political Action Committee (Enact PAC); Genworth Financial, Inc. Political Action Committee (Genworth PAC)",David Valadao,2025-03-19,2500.00
"GENWORTH FINANCIAL, INC.","Enact Holdings, Inc. Political Action Committee (Enact PAC); Genworth Financial, Inc. Political Action Committee (Genworth PAC)",Susie Lee,2025-03-19,1000.00
"GENWORTH FINANCIAL, INC.","Enact Holdings, Inc. Political Action Committee (Enact PAC); Genworth Financial, Inc. Political Action Committee (Genworth PAC)",Tom Suozzi,2025-03-26,2500.00
"GENWORTH FINANCIAL, INC.","Enact Holdings, Inc. Political Action Committee (Enact PAC); Genworth Financial, Inc. Political Action Committee (Genworth PAC)",Bill Hagerty,2025-03-28,2500.00
"GENWORTH FINANCIAL, INC.","Enact Holdings, Inc. Political Action Committee (Enact PAC); Genworth Financial, Inc. Political Action Committee (Genworth PAC)",Mike Flood,2025-03-28,5000.00
"GENWORTH FINANCIAL, INC.","Enact Holdings, Inc. Political Action Committee (Enact PAC); Genworth Financial, Inc. Political Action Committee (Genworth PAC)",Bill Huizenga,2025-03-28,2000.00
"GENWORTH FINANCIAL, INC.","Enact Holdings, Inc. Political Action Committee (Enact PAC); Genworth Financial, Inc. Political Action Committee (Genworth PAC)",Maria Elvira Salazar,2025-03-28,2000.00
"GENWORTH FINANCIAL, INC.","Enact Holdings, Inc. Political Action Committee (Enact PAC); Genworth Financial, Inc. Political Action Committee (Genworth PAC)",Jason Smith,2025-03-28,3000.00
"GENWORTH FINANCIAL, INC.","Enact Holdings, Inc. Political Action Committee (Enact PAC); Genworth Financial, Inc. Political Action Committee (Genworth PAC)",Bryan Steil,2025-03-28,2000.00
"GENWORTH FINANCIAL, INC.","Enact Holdings, Inc. Political Action Committee (Enact PAC); Genworth Financial, Inc. Political Action Committee (Genworth PAC)",Thom Tillis,2025-03-28,5000.00
"GENWORTH FINANCIAL, INC.","Enact Holdings, Inc. Political Action Committee (Enact PAC); Genworth Financial, Inc. Political Action Committee (Genworth PAC)",French Hill,2025-03-28,1000.00
"GENWORTH FINANCIAL, INC.","Enact Holdings, Inc. Political Action Committee (Enact PAC); Genworth Financial, Inc. Political Action Committee (Genworth PAC)",Bill Hagerty,2025-03-28,2000.00
"GENWORTH FINANCIAL, INC.","Enact Holdings, Inc. Political Action Committee (Enact PAC); Genworth Financial, Inc. Political Action Committee (Genworth PAC)",Mike Johnson,2025-04-16,5000.00
"GENWORTH FINANCIAL, INC.","Enact Holdings, Inc. Political Action Committee (Enact PAC); Genworth Financial, Inc. Political Action Committee (Genworth PAC)",Nick LaLota,2025-05-02,1000.00
"GENWORTH FINANCIAL, INC.","Enact Holdings, Inc. Political Action Committee (Enact PAC); Genworth Financial, Inc. Political Action Committee (Genworth PAC)",Young Kim,2025-05-02,1000.00
"GENWORTH FINANCIAL, INC.","Enact Holdings, Inc. Political Action Committee (Enact PAC); Genworth Financial, Inc. Political Action Committee (Genworth PAC)",David Valadao,2025-05-02,1000.00
"GENWORTH FINANCIAL, INC.","Enact Holdings, Inc. Political Action Committee (Enact PAC); Genworth Financial, Inc. Political Action Committee (Genworth PAC)",John Moolenaar,2025-05-02,2500.00
"GENWORTH FINANCIAL, INC.","Enact Holdings, Inc. Political Action Committee (Enact PAC); Genworth Financial, Inc. Political Action Committee (Genworth PAC)",George Whitesides,2025-05-02,1000.00
"GENWORTH FINANCIAL, INC.","Enact Holdings, Inc. Political Action Committee (Enact PAC); Genworth Financial, Inc. Political Action Committee (Genworth PAC)",Katie Britt,2025-05-02,2000.00
"GENWORTH FINANCIAL, INC.","Enact Holdings, Inc. Political Action Committee (Enact PAC); Genworth Financial, Inc. Political Action Committee (Genworth PAC)",Blake Moore,2025-05-02,2500.00
"GENWORTH FINANCIAL, INC.","Enact Holdings, Inc. Political Action Committee (Enact PAC); Genworth Financial, Inc. Political Action Committee (Genworth PAC)",August Pfluger,2025-05-02,1000.00
"GENWORTH FINANCIAL, INC.","Enact Holdings, Inc. Political Action Committee (Enact PAC); Genworth Financial, Inc. Political Action Committee (Genworth PAC)",Andrew Garbarino,2025-05-02,2500.00
"GENWORTH FINANCIAL, INC.","Enact Holdings, Inc. Political Action Committee (Enact PAC); Genworth Financial, Inc. Political Action Committee (Genworth PAC)",Brett Guthrie,2025-05-02,2500.00
"GENWORTH FINANCIAL, INC.","Enact Holdings, Inc. Political Action Committee (Enact PAC); Genworth Financial, Inc. Political Action Committee (Genworth PAC)",Monica De La Cruz,2025-05-07,1000.00
"GENWORTH FINANCIAL, INC.","Enact Holdings, Inc. Political Action Committee (Enact PAC); Genworth Financial, Inc. Political Action Committee (Genworth PAC)",Julia Letlow,2025-05-07,2000.00
"GENWORTH FINANCIAL, INC.","Enact Holdings, Inc. Political Action Committee (Enact PAC); Genworth Financial, Inc. Political Action Committee (Genworth PAC)",Mark Warner,2025-05-07,2500.00
"GENWORTH FINANCIAL, INC.","Enact Holdings, Inc. Political Action Committee (Enact PAC); Genworth Financial, Inc. Political Action Committee (Genworth PAC)",Congressional Black Caucus PAC,2025-05-07,2500.00
"GENWORTH FINANCIAL, INC.","Enact Holdings, Inc. Political Action Committee (Enact PAC); Genworth Financial, Inc. Political Action Committee (Genworth PAC)",USMI-PAC,2025-05-07,5000.00
"GENWORTH FINANCIAL, INC.","Enact Holdings, Inc. Political Action Committee (Enact PAC); Genworth Financial, Inc. Political Action Committee (Genworth PAC)",CHC Bold PAC,2025-05-07,2500.00
"GENWORTH FINANCIAL, INC.","Enact Holdings, Inc. Political Action Committee (Enact PAC); Genworth Financial, Inc. Political Action Committee (Genworth PAC)",Mike Haridopolos,2025-05-07,2000.00
"GENWORTH FINANCIAL, INC.","Enact Holdings, Inc. Political Action Committee (Enact PAC); Genworth Financial, Inc. Political Action Committee (Genworth PAC)",Lisa McClain,2025-05-07,2000.00
"GENWORTH FINANCIAL, INC.","Enact Holdings, Inc. Political Action Committee (Enact PAC); Genworth Financial, Inc. Political Action Committee (Genworth PAC)",Maggie Hassan,2025-05-07,2500.00
"GENWORTH FINANCIAL, INC.","Enact Holdings, Inc. Political Action Committee (Enact PAC); Genworth Financial, Inc. Political Action Committee (Genworth PAC)",Tim Scott,2025-05-07,2500.00
"GENWORTH FINANCIAL, INC.","Enact Holdings, Inc. Political Action Committee (Enact PAC); Genworth Financial, Inc. Political Action Committee (Genworth PAC)",Claudia Tenney,2025-05-30,1000.00
"GENWORTH FINANCIAL, INC.","Enact Holdings, Inc. Political Action Committee (Enact PAC); Genworth Financial, Inc. Political Action Committee (Genworth PAC)",Jon Husted,2025-05-30,1500.00
"GENWORTH FINANCIAL, INC.","Enact Holdings, Inc. Political Action Committee (Enact PAC); Genworth Financial, Inc. Political Action Committee (Genworth PAC)",Katherine Clark,2025-06-11,1000.00
"GENWORTH FINANCIAL, INC.","Enact Holdings, Inc. Political Action Committee (Enact PAC); Genworth Financial, Inc. Political Action Committee (Genworth PAC)",Jennifer Kiggans,2025-06-11,1000.00
"GENWORTH FINANCIAL, INC.","Enact Holdings, Inc. Political Action Committee (Enact PAC); Genworth Financial, Inc. Political Action Committee (Genworth PAC)",Brian Jack,2025-06-25,2000.00
"GENWORTH FINANCIAL, INC.","Enact Holdings, Inc. Political Action Committee (Enact PAC); Genworth Financial, Inc. Political Action Committee (Genworth PAC)",Brittany Pettersen,2025-06-25,2500.00
"GENWORTH FINANCIAL, INC.","Enact Holdings, Inc. Political Action Committee (Enact PAC); Genworth Financial, Inc. Political Action Committee (Genworth PAC)",Marlin Stutzman,2025-06-25,2000.00
"GENWORTH FINANCIAL, INC.","Enact Holdings, Inc. Political Action Committee (Enact PAC); Genworth Financial, Inc. Political Action Committee (Genworth PAC)",Scott Fitzgerald,2025-06-25,1000.00
"GENWORTH FINANCIAL, INC.","Enact Holdings, Inc. Political Action Committee (Enact PAC); Genworth Financial, Inc. Political Action Committee (Genworth PAC)",Across the Aisle PAC,2025-01-24,5000.00
"GENWORTH FINANCIAL, INC.","Enact Holdings, Inc. Political Action Committee (Enact PAC); Genworth Financial, Inc. Political Action Committee (Genworth PAC)",Building Bridges PAC,2025-01-24,5000.00
"GENWORTH FINANCIAL, INC.","Enact Holdings, Inc. Political Action Committee (Enact PAC); Genworth Financial, Inc. Political Action Committee (Genworth PAC)",CHC Bold PAC,2025-01-24,2500.00
"GENWORTH FINANCIAL, INC.","Enact Holdings, Inc. Political Action Committee (Enact PAC); Genworth Financial, Inc. Political Action Committee (Genworth PAC)",Congressional Black Caucus PAC,2025-01-24,2500.00
"GENWORTH FINANCIAL, INC.","Enact Holdings, Inc. Political Action Committee (Enact PAC); Genworth Financial, Inc. Political Action Committee (Genworth PAC)",Tom Suozzi,2025-03-05,2500.00
"GENWORTH FINANCIAL, INC.","Enact Holdings, Inc. Political Action Committee (Enact PAC); Genworth Financial, Inc. Political Action Committee (Genworth PAC)",Andy Barr,2025-03-05,2500.00
"GENWORTH FINANCIAL, INC.","Enact Holdings, Inc. Political Action Committee (Enact PAC); Genworth Financial, Inc. Political Action Committee (Genworth PAC)",Brian Fitzpatrick,2025-03-05,2500.00
"GENWORTH FINANCIAL, INC.","Enact Holdings, Inc. Political Action Committee (Enact PAC); Genworth Financial, Inc. Political Action Committee (Genworth PAC)",Tim Kaine,2025-03-05,5000.00
"GENWORTH FINANCIAL, INC.","Enact Holdings, Inc. Political Action Committee (Enact PAC); Genworth Financial, Inc. Political Action Committee (Genworth PAC)",Jennifer McClellan,2025-03-19,1000.00
"GENWORTH FINANCIAL, INC.","Enact Holdings, Inc. Political Action Committee (Enact PAC); Genworth Financial, Inc. Political Action Committee (Genworth PAC)",Don Davis,2025-03-19,1000.00
"GENWORTH FINANCIAL, INC.","Enact Holdings, Inc. Political Action Committee (Enact PAC); Genworth Financial, Inc. Political Action Committee (Genworth PAC)",David Valadao,2025-03-19,2500.00
"GENWORTH FINANCIAL, INC.","Enact Holdings, Inc. Political Action Committee (Enact PAC); Genworth Financial, Inc. Political Action Committee (Genworth PAC)",Susie Lee,2025-03-19,1000.00
"GENWORTH FINANCIAL, INC.","Enact Holdings, Inc. Political Action Committee (Enact PAC); Genworth Financial, Inc. Political Action Committee (Genworth PAC)",Tom Suozzi,2025-03-26,2500.00
"GENWORTH FINANCIAL, INC.","Enact Holdings, Inc. Political Action Committee (Enact PAC); Genworth Financial, Inc. Political Action Committee (Genworth PAC)",Bill Hagerty,2025-03-28,2500.00
"GENWORTH FINANCIAL, INC.","Enact Holdings, Inc. Political Action Committee (Enact PAC); Genworth Financial, Inc. Political Action Committee (Genworth PAC)",Mike Flood,2025-03-28,5000.00
"GENWORTH FINANCIAL, INC.","Enact Holdings, Inc. Political Action Committee (Enact PAC); Genworth Financial, Inc. Political Action Committee (Genworth PAC)",Bill Huizenga,2025-03-28,2000.00
"GENWORTH FINANCIAL, INC.","Enact Holdings, Inc. Political Action Committee (Enact PAC); Genworth Financial, Inc. Political Action Committee (Genworth PAC)",Maria Elvira Salazar,2025-03-28,2000.00
"GENWORTH FINANCIAL, INC.","Enact Holdings, Inc. Political Action Committee (Enact PAC); Genworth Financial, Inc. Political Action Committee (Genworth PAC)",Jason Smith,2025-03-28,3000.00
"GENWORTH FINANCIAL, INC.","Enact Holdings, Inc. Political Action Committee (Enact PAC); Genworth Financial, Inc. Political Action Committee (Genworth PAC)",Bryan Steil,2025-03-28,2000.00
"GENWORTH FINANCIAL, INC.","Enact Holdings, Inc. Political Action Committee (Enact PAC); Genworth Financial, Inc. Political Action Committee (Genworth PAC)",Thom Tillis,2025-03-28,5000.00
"GENWORTH FINANCIAL, INC.","Enact Holdings, Inc. Political Action Committee (Enact PAC); Genworth Financial, Inc. Political Action Committee (Genworth PAC)",French Hill,2025-03-28,1000.00
"GENWORTH FINANCIAL, INC.","Enact Holdings, Inc. Political Action Committee (Enact PAC); Genworth Financial, Inc. Political Action Committee (Genworth PAC)",Bill Hagerty,2025-03-28,2000.00
"GENWORTH FINANCIAL, INC.","Enact Holdings, Inc. Political Action Committee (Enact PAC); Genworth Financial, Inc. Political Action Committee (Genworth PAC)",Mike Johnson,2025-04-16,5000.00
"GENWORTH FINANCIAL, INC.","Enact Holdings, Inc. Political Action Committee (Enact PAC); Genworth Financial, Inc. Political Action Committee (Genworth PAC)",Nick LaLota,2025-05-02,1000.00
"GENWORTH FINANCIAL, INC.","Enact Holdings, Inc. Political Action Committee (Enact PAC); Genworth Financial, Inc. Political Action Committee (Genworth PAC)",Young Kim,2025-05-02,1000.00
"GENWORTH FINANCIAL, INC.","Enact Holdings, Inc. Political Action Committee (Enact PAC); Genworth Financial, Inc. Political Action Committee (Genworth PAC)",David Valadao,2025-05-02,1000.00
"GENWORTH FINANCIAL, INC.","Enact Holdings, Inc. Political Action Committee (Enact PAC); Genworth Financial, Inc. Political Action Committee (Genworth PAC)",John Moolenaar,2025-05-02,2500.00
"GENWORTH FINANCIAL, INC.","Enact Holdings, Inc. Political Action Committee (Enact PAC); Genworth Financial, Inc. Political Action Committee (Genworth PAC)",George Whitesides,2025-05-02,1000.00
"GENWORTH FINANCIAL, INC.","Enact Holdings, Inc. Political Action Committee (Enact PAC); Genworth Financial, Inc. Political Action Committee (Genworth PAC)",Katie Britt,2025-05-02,2000.00
"GENWORTH FINANCIAL, INC.","Enact Holdings, Inc. Political Action Committee (Enact PAC); Genworth Financial, Inc. Political Action Committee (Genworth PAC)",Blake Moore,2025-05-02,2500.00
"GENWORTH FINANCIAL, INC.","Enact Holdings, Inc. Political Action Committee (Enact PAC); Genworth Financial, Inc. Political Action Committee (Genworth PAC)",August Pfluger,2025-05-02,1000.00
"GENWORTH FINANCIAL, INC.","Enact Holdings, Inc. Political Action Committee (Enact PAC); Genworth Financial, Inc. Political Action Committee (Genworth PAC)",Andrew Garbarino,2025-05-02,2500.00
"GENWORTH FINANCIAL, INC.","Enact Holdings, Inc. Political Action Committee (Enact PAC); Genworth Financial, Inc. Political Action Committee (Genworth PAC)",Brett Guthrie,2025-05-02,2500.00
"GENWORTH FINANCIAL, INC.","Enact Holdings, Inc. Political Action Committee (Enact PAC); Genworth Financial, Inc. Political Action Committee (Genworth PAC)",Monica De La Cruz,2025-05-07,1000.00
"GENWORTH FINANCIAL, INC.","Enact Holdings, Inc. Political Action Committee (Enact PAC); Genworth Financial, Inc. Political Action Committee (Genworth PAC)",Julia Letlow,2025-05-07,2000.00
"GENWORTH FINANCIAL, INC.","Enact Holdings, Inc. Political Action Committee (Enact PAC); Genworth Financial, Inc. Political Action Committee (Genworth PAC)",Mark Warner,2025-05-07,2500.00
"GENWORTH FINANCIAL, INC.","Enact Holdings, Inc. Political Action Committee (Enact PAC); Genworth Financial, Inc. Political Action Committee (Genworth PAC)",Congressional Black Caucus PAC,2025-05-07,2500.00
"GENWORTH FINANCIAL, INC.","Enact Holdings, Inc. Political Action Committee (Enact PAC); Genworth Financial, Inc. Political Action Committee (Genworth PAC)",USMI-PAC,2025-05-07,5000.00
"GENWORTH FINANCIAL, INC.","Enact Holdings, Inc. Political Action Committee (Enact PAC); Genworth Financial, Inc. Political Action Committee (Genworth PAC)",CHC Bold PAC,2025-05-07,2500.00
"GENWORTH FINANCIAL, INC.","Enact Holdings, Inc. Political Action Committee (Enact PAC); Genworth Financial, Inc. Political Action Committee (Genworth PAC)",Mike Haridopolos,2025-05-07,2000.00
"GENWORTH FINANCIAL, INC.","Enact Holdings, Inc. Political Action Committee (Enact PAC); Genworth Financial, Inc. Political Action Committee (Genworth PAC)",Lisa McClain,2025-05-07,2000.00
"GENWORTH FINANCIAL, INC.","Enact Holdings, Inc. Political Action Committee (Enact PAC); Genworth Financial, Inc. Political Action Committee (Genworth PAC)",Maggie Hassan,2025-05-07,2500.00
"GENWORTH FINANCIAL, INC.","Enact Holdings, Inc. Political Action Committee (Enact PAC); Genworth Financial, Inc. Political Action Committee (Genworth PAC)",Tim Scott,2025-05-07,2500.00
"GENWORTH FINANCIAL, INC.","Enact Holdings, Inc. Political Action Committee (Enact PAC); Genworth Financial, Inc. Political Action Committee (Genworth PAC)",Claudia Tenney,2025-05-30,1000.00
"GENWORTH FINANCIAL, INC.","Enact Holdings, Inc. Political Action Committee (Enact PAC); Genworth Financial, Inc. Political Action Committee (Genworth PAC)",Jon Husted,2025-05-30,1500.00
"GENWORTH FINANCIAL, INC.","Enact Holdings, Inc. Political Action Committee (Enact PAC); Genworth Financial, Inc. Political Action Committee (Genworth PAC)",Katherine Clark,2025-06-11,1000.00
"GENWORTH FINANCIAL, INC.","Enact Holdings, Inc. Political Action Committee (Enact PAC); Genworth Financial, Inc. Political Action Committee (Genworth PAC)",Jennifer Kiggans,2025-06-11,1000.00
"GENWORTH FINANCIAL, INC.","Enact Holdings, Inc. Political Action Committee (Enact PAC); Genworth Financial, Inc. Political Action Committee (Genworth PAC)",Brian Jack,2025-06-25,2000.00
"GENWORTH FINANCIAL, INC.","Enact Holdings, Inc. Political Action Committee (Enact PAC); Genworth Financial, Inc. Political Action Committee (Genworth PAC)",Brittany Pettersen,2025-06-25,2500.00
"GENWORTH FINANCIAL, INC.","Enact Holdings, Inc. Political Action Committee (Enact PAC); Genworth Financial, Inc. Political Action Committee (Genworth PAC)",Marlin Stutzman,2025-06-25,2000.00
"GENWORTH FINANCIAL, INC.","Enact Holdings, Inc. Political Action Committee (Enact PAC); Genworth Financial, Inc. Political Action Committee (Genworth PAC)",Scott Fitzgerald,2025-06-25,1000.00
"GENWORTH FINANCIAL, INC.","Enact Holdings, Inc. Political Action Committee (Enact PAC); Genworth Financial, Inc. Political Action Committee (Genworth PAC)",Across the Aisle PAC,2025-01-24,5000.00
"GENWORTH FINANCIAL, INC.","Enact Holdings, Inc. Political Action Committee (Enact PAC); Genworth Financial, Inc. Political Action Committee (Genworth PAC)",Building Bridges PAC,2025-01-24,5000.00
"GENWORTH FINANCIAL, INC.","Enact Holdings, Inc. Political Action Committee (Enact PAC); Genworth Financial, Inc. Political Action Committee (Genworth PAC)",CHC Bold PAC,2025-01-24,2500.00
"GENWORTH FINANCIAL, INC.","Enact Holdings, Inc. Political Action Committee (Enact PAC); Genworth Financial, Inc. Political Action Committee (Genworth PAC)",Congressional Black Caucus PAC,2025-01-24,2500.00
"GENWORTH FINANCIAL, INC.","Enact Holdings, Inc. Political Action Committee (Enact PAC); Genworth Financial, Inc. Political Action Committee (Genworth PAC)",Tom Suozzi,2025-03-05,2500.00
"GENWORTH FINANCIAL, INC.","Enact Holdings, Inc. Political Action Committee (Enact PAC); Genworth Financial, Inc. Political Action Committee (Genworth PAC)",Andy Barr,2025-03-05,2500.00
"GENWORTH FINANCIAL, INC.","Enact Holdings, Inc. Political Action Committee (Enact PAC); Genworth Financial, Inc. Political Action Committee (Genworth PAC)",Brian Fitzpatrick,2025-03-05,2500.00
"GENWORTH FINANCIAL, INC.","Enact Holdings, Inc. Political Action Committee (Enact PAC); Genworth Financial, Inc. Political Action Committee (Genworth PAC)",Tim Kaine,2025-03-05,5000.00
"GENWORTH FINANCIAL, INC.","Enact Holdings, Inc. Political Action Committee (Enact PAC); Genworth Financial, Inc. Political Action Committee (Genworth PAC)",Jennifer McClellan,2025-03-19,1000.00
"GENWORTH FINANCIAL, INC.","Enact Holdings, Inc. Political Action Committee (Enact PAC); Genworth Financial, Inc. Political Action Committee (Genworth PAC)",Don Davis,2025-03-19,1000.00
"GENWORTH FINANCIAL, INC.","Enact Holdings, Inc. Political Action Committee (Enact PAC); Genworth Financial, Inc. Political Action Committee (Genworth PAC)",David Valadao,2025-03-19,2500.00
"GENWORTH FINANCIAL, INC.","Enact Holdings, Inc. Political Action Committee (Enact PAC); Genworth Financial, Inc. Political Action Committee (Genworth PAC)",Susie Lee,2025-03-19,1000.00
"GENWORTH FINANCIAL, INC.","Enact Holdings, Inc. Political Action Committee (Enact PAC); Genworth Financial, Inc. Political Action Committee (Genworth PAC)",Tom Suozzi,2025-03-26,2500.00
"GENWORTH FINANCIAL, INC.","Enact Holdings, Inc. Political Action Committee (Enact PAC); Genworth Financial, Inc. Political Action Committee (Genworth PAC)",Bill Hagerty,2025-03-28,2500.00
"GENWORTH FINANCIAL, INC.","Enact Holdings, Inc. Political Action Committee (Enact PAC); Genworth Financial, Inc. Political Action Committee (Genworth PAC)",Mike Flood,2025-03-28,5000.00
"GENWORTH FINANCIAL, INC.","Enact Holdings, Inc. Political Action Committee (Enact PAC); Genworth Financial, Inc. Political Action Committee (Genworth PAC)",Bill Huizenga,2025-03-28,2000.00
"GENWORTH FINANCIAL, INC.","Enact Holdings, Inc. Political Action Committee (Enact PAC); Genworth Financial, Inc. Political Action Committee (Genworth PAC)",Maria Elvira Salazar,2025-03-28,2000.00
"GENWORTH FINANCIAL, INC.","Enact Holdings, Inc. Political Action Committee (Enact PAC); Genworth Financial, Inc. Political Action Committee (Genworth PAC)",Jason Smith,2025-03-28,3000.00
"GENWORTH FINANCIAL, INC.","Enact Holdings, Inc. Political Action Committee (Enact PAC); Genworth Financial, Inc. Political Action Committee (Genworth PAC)",Bryan Steil,2025-03-28,2000.00
"GENWORTH FINANCIAL, INC.","Enact Holdings, Inc. Political Action Committee (Enact PAC); Genworth Financial, Inc. Political Action Committee (Genworth PAC)",Thom Tillis,2025-03-28,5000.00
"GENWORTH FINANCIAL, INC.","Enact Holdings, Inc. Political Action Committee (Enact PAC); Genworth Financial, Inc. Political Action Committee (Genworth PAC)",French Hill,2025-03-28,1000.00
"GENWORTH FINANCIAL, INC.","Enact Holdings, Inc. Political Action Committee (Enact PAC); Genworth Financial, Inc. Political Action Committee (Genworth PAC)",Bill Hagerty,2025-03-28,2000.00
"GENWORTH FINANCIAL, INC.","Enact Holdings, Inc. Political Action Committee (Enact PAC); Genworth Financial, Inc. Political Action Committee (Genworth PAC)",Mike Johnson,2025-04-16,5000.00
"GENWORTH FINANCIAL, INC.","Enact Holdings, Inc. Political Action Committee (Enact PAC); Genworth Financial, Inc. Political Action Committee (Genworth PAC)",Nick LaLota,2025-05-02,1000.00
"GENWORTH FINANCIAL, INC.","Enact Holdings, Inc. Political Action Committee (Enact PAC); Genworth Financial, Inc. Political Action Committee (Genworth PAC)",Young Kim,2025-05-02,1000.00
"GENWORTH FINANCIAL, INC.","Enact Holdings, Inc. Political Action Committee (Enact PAC); Genworth Financial, Inc. Political Action Committee (Genworth PAC)",David Valadao,2025-05-02,1000.00
"GENWORTH FINANCIAL, INC.","Enact Holdings, Inc. Political Action Committee (Enact PAC); Genworth Financial, Inc. Political Action Committee (Genworth PAC)",John Moolenaar,2025-05-02,2500.00
"GENWORTH FINANCIAL, INC.","Enact Holdings, Inc. Political Action Committee (Enact PAC); Genworth Financial, Inc. Political Action Committee (Genworth PAC)",George Whitesides,2025-05-02,1000.00
"GENWORTH FINANCIAL, INC.","Enact Holdings, Inc. Political Action Committee (Enact PAC); Genworth Financial, Inc. Political Action Committee (Genworth PAC)",Katie Britt,2025-05-02,2000.00
"GENWORTH FINANCIAL, INC.","Enact Holdings, Inc. Political Action Committee (Enact PAC); Genworth Financial, Inc. Political Action Committee (Genworth PAC)",Blake Moore,2025-05-02,2500.00
"GENWORTH FINANCIAL, INC.","Enact Holdings, Inc. Political Action Committee (Enact PAC); Genworth Financial, Inc. Political Action Committee (Genworth PAC)",August Pfluger,2025-05-02,1000.00
"GENWORTH FINANCIAL, INC.","Enact Holdings, Inc. Political Action Committee (Enact PAC); Genworth Financial, Inc. Political Action Committee (Genworth PAC)",Andrew Garbarino,2025-05-02,2500.00
"GENWORTH FINANCIAL, INC.","Enact Holdings, Inc. Political Action Committee (Enact PAC); Genworth Financial, Inc. Political Action Committee (Genworth PAC)",Brett Guthrie,2025-05-02,2500.00
"GENWORTH FINANCIAL, INC.","Enact Holdings, Inc. Political Action Committee (Enact PAC); Genworth Financial, Inc. Political Action Committee (Genworth PAC)",Monica De La Cruz,2025-05-07,1000.00
"GENWORTH FINANCIAL, INC.","Enact Holdings, Inc. Political Action Committee (Enact PAC); Genworth Financial, Inc. Political Action Committee (Genworth PAC)",Julia Letlow,2025-05-07,2000.00
"GENWORTH FINANCIAL, INC.","Enact Holdings, Inc. Political Action Committee (Enact PAC); Genworth Financial, Inc. Political Action Committee (Genworth PAC)",Mark Warner,2025-05-07,2500.00
"GENWORTH FINANCIAL, INC.","Enact Holdings, Inc. Political Action Committee (Enact PAC); Genworth Financial, Inc. Political Action Committee (Genworth PAC)",Congressional Black Caucus PAC,2025-05-07,2500.00
"GENWORTH FINANCIAL, INC.","Enact Holdings, Inc. Political Action Committee (Enact PAC); Genworth Financial, Inc. Political Action Committee (Genworth PAC)",USMI-PAC,2025-05-07,5000.00
"GENWORTH FINANCIAL, INC.","Enact Holdings, Inc. Political Action Committee (Enact PAC); Genworth Financial, Inc. Political Action Committee (Genworth PAC)",CHC Bold PAC,2025-05-07,2500.00
"GENWORTH FINANCIAL, INC.","Enact Holdings, Inc. Political Action Committee (Enact PAC); Genworth Financial, Inc. Political Action Committee (Genworth PAC)",Mike Haridopolos,2025-05-07,2000.00
"GENWORTH FINANCIAL, INC.","Enact Holdings, Inc. Political Action Committee (Enact PAC); Genworth Financial, Inc. Political Action Committee (Genworth PAC)",Lisa McClain,2025-05-07,2000.00
"GENWORTH FINANCIAL, INC.","Enact Holdings, Inc. Political Action Committee (Enact PAC); Genworth Financial, Inc. Political Action Committee (Genworth PAC)",Maggie Hassan,2025-05-07,2500.00
"GENWORTH FINANCIAL, INC.","Enact Holdings, Inc. Political Action Committee (Enact PAC); Genworth Financial, Inc. Political Action Committee (Genworth PAC)",Tim Scott,2025-05-07,2500.00
"GENWORTH FINANCIAL, INC.","Enact Holdings, Inc. Political Action Committee (Enact PAC); Genworth Financial, Inc. Political Action Committee (Genworth PAC)",Claudia Tenney,2025-05-30,1000.00
"GENWORTH FINANCIAL, INC.","Enact Holdings, Inc. Political Action Committee (Enact PAC); Genworth Financial, Inc. Political Action Committee (Genworth PAC)",Jon Husted,2025-05-30,1500.00
"GENWORTH FINANCIAL, INC.","Enact Holdings, Inc. Political Action Committee (Enact PAC); Genworth Financial, Inc. Political Action Committee (Genworth PAC)",Katherine Clark,2025-06-11,1000.00
"GENWORTH FINANCIAL, INC.","Enact Holdings, Inc. Political Action Committee (Enact PAC); Genworth Financial, Inc. Political Action Committee (Genworth PAC)",Jennifer Kiggans,2025-06-11,1000.00
"GENWORTH FINANCIAL, INC.","Enact Holdings, Inc. Political Action Committee (Enact PAC); Genworth Financial, Inc. Political Action Committee (Genworth PAC)",Brian Jack,2025-06-25,2000.00
"GENWORTH FINANCIAL, INC.","Enact Holdings, Inc. Political Action Committee (Enact PAC); Genworth Financial, Inc. Political Action Committee (Genworth PAC)",Brittany Pettersen,2025-06-25,2500.00
"GENWORTH FINANCIAL, INC.","Enact Holdings, Inc. Political Action Committee (Enact PAC); Genworth Financial, Inc. Political Action Committee (Genworth PAC)",Marlin Stutzman,2025-06-25,2000.00
"GENWORTH FINANCIAL, INC.","Enact Holdings, Inc. Political Action Committee (Enact PAC); Genworth Financial, Inc. Political Action Committee (Genworth PAC)",Scott Fitzgerald,2025-06-25,1000.00
"GENWORTH FINANCIAL, INC.","Enact Holdings, Inc. Political Action Committee (Enact PAC); Genworth Financial, Inc. Political Action Committee (Genworth PAC)",Across the Aisle PAC,2025-01-24,5000.00
"GENWORTH FINANCIAL, INC.","Enact Holdings, Inc. Political Action Committee (Enact PAC); Genworth Financial, Inc. Political Action Committee (Genworth PAC)",Building Bridges PAC,2025-01-24,5000.00
"GENWORTH FINANCIAL, INC.","Enact Holdings, Inc. Political Action Committee (Enact PAC); Genworth Financial, Inc. Political Action Committee (Genworth PAC)",CHC Bold PAC,2025-01-24,2500.00
"GENWORTH FINANCIAL, INC.","Enact Holdings, Inc. Political Action Committee (Enact PAC); Genworth Financial, Inc. Political Action Committee (Genworth PAC)",Congressional Black Caucus PAC,2025-01-24,2500.00
"GENWORTH FINANCIAL, INC.","Enact Holdings, Inc. Political Action Committee (Enact PAC); Genworth Financial, Inc. Political Action Committee (Genworth PAC)",Tom Suozzi,2025-03-05,2500.00
"GENWORTH FINANCIAL, INC.","Enact Holdings, Inc. Political Action Committee (Enact PAC); Genworth Financial, Inc. Political Action Committee (Genworth PAC)",Andy Barr,2025-03-05,2500.00
"GENWORTH FINANCIAL, INC.","Enact Holdings, Inc. Political Action Committee (Enact PAC); Genworth Financial, Inc. Political Action Committee (Genworth PAC)",Brian Fitzpatrick,2025-03-05,2500.00
"GENWORTH FINANCIAL, INC.","Enact Holdings, Inc. Political Action Committee (Enact PAC); Genworth Financial, Inc. Political Action Committee (Genworth PAC)",Tim Kaine,2025-03-05,5000.00
"GENWORTH FINANCIAL, INC.","Enact Holdings, Inc. Political Action Committee (Enact PAC); Genworth Financial, Inc. Political Action Committee (Genworth PAC)",Jennifer McClellan,2025-03-19,1000.00
"GENWORTH FINANCIAL, INC.","Enact Holdings, Inc. Political Action Committee (Enact PAC); Genworth Financial, Inc. Political Action Committee (Genworth PAC)",Don Davis,2025-03-19,1000.00
"GENWORTH FINANCIAL, INC.","Enact Holdings, Inc. Political Action Committee (Enact PAC); Genworth Financial, Inc. Political Action Committee (Genworth PAC)",David Valadao,2025-03-19,2500.00
"GENWORTH FINANCIAL, INC.","Enact Holdings, Inc. Political Action Committee (Enact PAC); Genworth Financial, Inc. Political Action Committee (Genworth PAC)",Susie Lee,2025-03-19,1000.00
"GENWORTH FINANCIAL, INC.","Enact Holdings, Inc. Political Action Committee (Enact PAC); Genworth Financial, Inc. Political Action Committee (Genworth PAC)",Tom Suozzi,2025-03-26,2500.00
"GENWORTH FINANCIAL, INC.","Enact Holdings, Inc. Political Action Committee (Enact PAC); Genworth Financial, Inc. Political Action Committee (Genworth PAC)",Bill Hagerty,2025-03-28,2500.00
"GENWORTH FINANCIAL, INC.","Enact Holdings, Inc. Political Action Committee (Enact PAC); Genworth Financial, Inc. Political Action Committee (Genworth PAC)",Mike Flood,2025-03-28,5000.00
"GENWORTH FINANCIAL, INC.","Enact Holdings, Inc. Political Action Committee (Enact PAC); Genworth Financial, Inc. Political Action Committee (Genworth PAC)",Bill Huizenga,2025-03-28,2000.00
"GENWORTH FINANCIAL, INC.","Enact Holdings, Inc. Political Action Committee (Enact PAC); Genworth Financial, Inc. Political Action Committee (Genworth PAC)",Maria Elvira Salazar,2025-03-28,2000.00
"GENWORTH FINANCIAL, INC.","Enact Holdings, Inc. Political Action Committee (Enact PAC); Genworth Financial, Inc. Political Action Committee (Genworth PAC)",Jason Smith,2025-03-28,3000.00
"GENWORTH FINANCIAL, INC.","Enact Holdings, Inc. Political Action Committee (Enact PAC); Genworth Financial, Inc. Political Action Committee (Genworth PAC)",Bryan Steil,2025-03-28,2000.00
"GENWORTH FINANCIAL, INC.","Enact Holdings, Inc. Political Action Committee (Enact PAC); Genworth Financial, Inc. Political Action Committee (Genworth PAC)",Thom Tillis,2025-03-28,5000.00
"GENWORTH FINANCIAL, INC.","Enact Holdings, Inc. Political Action Committee (Enact PAC); Genworth Financial, Inc. Political Action Committee (Genworth PAC)",French Hill,2025-03-28,1000.00
"GENWORTH FINANCIAL, INC.","Enact Holdings, Inc. Political Action Committee (Enact PAC); Genworth Financial, Inc. Political Action Committee (Genworth PAC)",Bill Hagerty,2025-03-28,2000.00
"GENWORTH FINANCIAL, INC.","Enact Holdings, Inc. Political Action Committee (Enact PAC); Genworth Financial, Inc. Political Action Committee (Genworth PAC)",Mike Johnson,2025-04-16,5000.00
"GENWORTH FINANCIAL, INC.","Enact Holdings, Inc. Political Action Committee (Enact PAC); Genworth Financial, Inc. Political Action Committee (Genworth PAC)",Nick LaLota,2025-05-02,1000.00
"GENWORTH FINANCIAL, INC.","Enact Holdings, Inc. Political Action Committee (Enact PAC); Genworth Financial, Inc. Political Action Committee (Genworth PAC)",Young Kim,2025-05-02,1000.00
"GENWORTH FINANCIAL, INC.","Enact Holdings, Inc. Political Action Committee (Enact PAC); Genworth Financial, Inc. Political Action Committee (Genworth PAC)",David Valadao,2025-05-02,1000.00
"GENWORTH FINANCIAL, INC.","Enact Holdings, Inc. Political Action Committee (Enact PAC); Genworth Financial, Inc. Political Action Committee (Genworth PAC)",John Moolenaar,2025-05-02,2500.00
"GENWORTH FINANCIAL, INC.","Enact Holdings, Inc. Political Action Committee (Enact PAC); Genworth Financial, Inc. Political Action Committee (Genworth PAC)",George Whitesides,2025-05-02,1000.00
"GENWORTH FINANCIAL, INC.","Enact Holdings, Inc. Political Action Committee (Enact PAC); Genworth Financial, Inc. Political Action Committee (Genworth PAC)",Katie Britt,2025-05-02,2000.00
"GENWORTH FINANCIAL, INC.","Enact Holdings, Inc. Political Action Committee (Enact PAC); Genworth Financial, Inc. Political Action Committee (Genworth PAC)",Blake Moore,2025-05-02,2500.00
"GENWORTH FINANCIAL, INC.","Enact Holdings, Inc. Political Action Committee (Enact PAC); Genworth Financial, Inc. Political Action Committee (Genworth PAC)",August Pfluger,2025-05-02,1000.00
"GENWORTH FINANCIAL, INC.","Enact Holdings, Inc. Political Action Committee (Enact PAC); Genworth Financial, Inc. Political Action Committee (Genworth PAC)",Andrew Garbarino,2025-05-02,2500.00
"GENWORTH FINANCIAL, INC.","Enact Holdings, Inc. Political Action Committee (Enact PAC); Genworth Financial, Inc. Political Action Committee (Genworth PAC)",Brett Guthrie,2025-05-02,2500.00
"GENWORTH FINANCIAL, INC.","Enact Holdings, Inc. Political Action Committee (Enact PAC); Genworth Financial, Inc. Political Action Committee (Genworth PAC)",Monica De La Cruz,2025-05-07,1000.00
"GENWORTH FINANCIAL, INC.","Enact Holdings, Inc. Political Action Committee (Enact PAC); Genworth Financial, Inc. Political Action Committee (Genworth PAC)",Julia Letlow,2025-05-07,2000.00
"GENWORTH FINANCIAL, INC.","Enact Holdings, Inc. Political Action Committee (Enact PAC); Genworth Financial, Inc. Political Action Committee (Genworth PAC)",Mark Warner,2025-05-07,2500.00
"GENWORTH FINANCIAL, INC.","Enact Holdings, Inc. Political Action Committee (Enact PAC); Genworth Financial, Inc. Political Action Committee (Genworth PAC)",Congressional Black Caucus PAC,2025-05-07,2500.00
"GENWORTH FINANCIAL, INC.","Enact Holdings, Inc. Political Action Committee (Enact PAC); Genworth Financial, Inc. Political Action Committee (Genworth PAC)",USMI-PAC,2025-05-07,5000.00
"GENWORTH FINANCIAL, INC.","Enact Holdings, Inc. Political Action Committee (Enact PAC); Genworth Financial, Inc. Political Action Committee (Genworth PAC)",CHC Bold PAC,2025-05-07,2500.00
"GENWORTH FINANCIAL, INC.","Enact Holdings, Inc. Political Action Committee (Enact PAC); Genworth Financial, Inc. Political Action Committee (Genworth PAC)",Mike Haridopolos,2025-05-07,2000.00
"GENWORTH FINANCIAL, INC.","Enact Holdings, Inc. Political Action Committee (Enact PAC); Genworth Financial, Inc. Political Action Committee (Genworth PAC)",Lisa McClain,2025-05-07,2000.00
"GENWORTH FINANCIAL, INC.","Enact Holdings, Inc. Political Action Committee (Enact PAC); Genworth Financial, Inc. Political Action Committee (Genworth PAC)",Maggie Hassan,2025-05-07,2500.00
"GENWORTH FINANCIAL, INC.","Enact Holdings, Inc. Political Action Committee (Enact PAC); Genworth Financial, Inc. Political Action Committee (Genworth PAC)",Tim Scott,2025-05-07,2500.00
"GENWORTH FINANCIAL, INC.","Enact Holdings, Inc. Political Action Committee (Enact PAC); Genworth Financial, Inc. Political Action Committee (Genworth PAC)",Claudia Tenney,2025-05-30,1000.00
"GENWORTH FINANCIAL, INC.","Enact Holdings, Inc. Political Action Committee (Enact PAC); Genworth Financial, Inc. Political Action Committee (Genworth PAC)",Jon Husted,2025-05-30,1500.00
"GENWORTH FINANCIAL, INC.","Enact Holdings, Inc. Political Action Committee (Enact PAC); Genworth Financial, Inc. Political Action Committee (Genworth PAC)",Katherine Clark,2025-06-11,1000.00
"GENWORTH FINANCIAL, INC.","Enact Holdings, Inc. Political Action Committee (Enact PAC); Genworth Financial, Inc. Political Action Committee (Genworth PAC)",Jennifer Kiggans,2025-06-11,1000.00
"GENWORTH FINANCIAL, INC.","Enact Holdings, Inc. Political Action Committee (Enact PAC); Genworth Financial, Inc. Political Action Committee (Genworth PAC)",Brian Jack,2025-06-25,2000.00
"GENWORTH FINANCIAL, INC.","Enact Holdings, Inc. Political Action Committee (Enact PAC); Genworth Financial, Inc. Political Action Committee (Genworth PAC)",Brittany Pettersen,2025-06-25,2500.00
"GENWORTH FINANCIAL, INC.","Enact Holdings, Inc. Political Action Committee (Enact PAC); Genworth Financial, Inc. Political Action Committee (Genworth PAC)",Marlin Stutzman,2025-06-25,2000.00
"GENWORTH FINANCIAL, INC.","Enact Holdings, Inc. Political Action Committee (Enact PAC); Genworth Financial, Inc. Political Action Committee (Genworth PAC)",Scott Fitzgerald,2025-06-25,1000.00
"GENWORTH FINANCIAL, INC.","Enact Holdings, Inc. Political Action Committee (Enact PAC); Genworth Financial, Inc. Political Action Committee (Genworth PAC)",Across the Aisle PAC,2025-01-24,5000.00
"GENWORTH FINANCIAL, INC.","Enact Holdings, Inc. Political Action Committee (Enact PAC); Genworth Financial, Inc. Political Action Committee (Genworth PAC)",Building Bridges PAC,2025-01-24,5000.00
"GENWORTH FINANCIAL, INC.","Enact Holdings, Inc. Political Action Committee (Enact PAC); Genworth Financial, Inc. Political Action Committee (Genworth PAC)",CHC Bold PAC,2025-01-24,2500.00
"GENWORTH FINANCIAL, INC.","Enact Holdings, Inc. Political Action Committee (Enact PAC); Genworth Financial, Inc. Political Action Committee (Genworth PAC)",Congressional Black Caucus PAC,2025-01-24,2500.00
"GENWORTH FINANCIAL, INC.","Enact Holdings, Inc. Political Action Committee (Enact PAC); Genworth Financial, Inc. Political Action Committee (Genworth PAC)",Tom Suozzi,2025-03-05,2500.00
"GENWORTH FINANCIAL, INC.","Enact Holdings, Inc. Political Action Committee (Enact PAC); Genworth Financial, Inc. Political Action Committee (Genworth PAC)",Andy Barr,2025-03-05,2500.00
"GENWORTH FINANCIAL, INC.","Enact Holdings, Inc. Political Action Committee (Enact PAC); Genworth Financial, Inc. Political Action Committee (Genworth PAC)",Brian Fitzpatrick,2025-03-05,2500.00
"GENWORTH FINANCIAL, INC.","Enact Holdings, Inc. Political Action Committee (Enact PAC); Genworth Financial, Inc. Political Action Committee (Genworth PAC)",Tim Kaine,2025-03-05,5000.00
"GENWORTH FINANCIAL, INC.","Enact Holdings, Inc. Political Action Committee (Enact PAC); Genworth Financial, Inc. Political Action Committee (Genworth PAC)",Jennifer McClellan,2025-03-19,1000.00
"GENWORTH FINANCIAL, INC.","Enact Holdings, Inc. Political Action Committee (Enact PAC); Genworth Financial, Inc. Political Action Committee (Genworth PAC)",Don Davis,2025-03-19,1000.00
"GENWORTH FINANCIAL, INC.","Enact Holdings, Inc. Political Action Committee (Enact PAC); Genworth Financial, Inc. Political Action Committee (Genworth PAC)",David Valadao,2025-03-19,2500.00
"GENWORTH FINANCIAL, INC.","Enact Holdings, Inc. Political Action Committee (Enact PAC); Genworth Financial, Inc. Political Action Committee (Genworth PAC)",Susie Lee,2025-03-19,1000.00
"GENWORTH FINANCIAL, INC.","Enact Holdings, Inc. Political Action Committee (Enact PAC); Genworth Financial, Inc. Political Action Committee (Genworth PAC)",Tom Suozzi,2025-03-26,2500.00
"GENWORTH FINANCIAL, INC.","Enact Holdings, Inc. Political Action Committee (Enact PAC); Genworth Financial, Inc. Political Action Committee (Genworth PAC)",Bill Hagerty,2025-03-28,2500.00
"GENWORTH FINANCIAL, INC.","Enact Holdings, Inc. Political Action Committee (Enact PAC); Genworth Financial, Inc. Political Action Committee (Genworth PAC)",Mike Flood,2025-03-28,5000.00
"GENWORTH FINANCIAL, INC.","Enact Holdings, Inc. Political Action Committee (Enact PAC); Genworth Financial, Inc. Political Action Committee (Genworth PAC)",Bill Huizenga,2025-03-28,2000.00
"GENWORTH FINANCIAL, INC.","Enact Holdings, Inc. Political Action Committee (Enact PAC); Genworth Financial, Inc. Political Action Committee (Genworth PAC)",Maria Elvira Salazar,2025-03-28,2000.00
"GENWORTH FINANCIAL, INC.","Enact Holdings, Inc. Political Action Committee (Enact PAC); Genworth Financial, Inc. Political Action Committee (Genworth PAC)",Jason Smith,2025-03-28,3000.00
"GENWORTH FINANCIAL, INC.","Enact Holdings, Inc. Political Action Committee (Enact PAC); Genworth Financial, Inc. Political Action Committee (Genworth PAC)",Bryan Steil,2025-03-28,2000.00
"GENWORTH FINANCIAL, INC.","Enact Holdings, Inc. Political Action Committee (Enact PAC); Genworth Financial, Inc. Political Action Committee (Genworth PAC)",Thom Tillis,2025-03-28,5000.00
"GENWORTH FINANCIAL, INC.","Enact Holdings, Inc. Political Action Committee (Enact PAC); Genworth Financial, Inc. Political Action Committee (Genworth PAC)",French Hill,2025-03-28,1000.00
"GENWORTH FINANCIAL, INC.","Enact Holdings, Inc. Political Action Committee (Enact PAC); Genworth Financial, Inc. Political Action Committee (Genworth PAC)",Bill Hagerty,2025-03-28,2000.00
"GENWORTH FINANCIAL, INC.","Enact Holdings, Inc. Political Action Committee (Enact PAC); Genworth Financial, Inc. Political Action Committee (Genworth PAC)",Mike Johnson,2025-04-16,5000.00
"GENWORTH FINANCIAL, INC.","Enact Holdings, Inc. Political Action Committee (Enact PAC); Genworth Financial, Inc. Political Action Committee (Genworth PAC)",Nick LaLota,2025-05-02,1000.00
"GENWORTH FINANCIAL, INC.","Enact Holdings, Inc. Political Action Committee (Enact PAC); Genworth Financial, Inc. Political Action Committee (Genworth PAC)",Young Kim,2025-05-02,1000.00
"GENWORTH FINANCIAL, INC.","Enact Holdings, Inc. Political Action Committee (Enact PAC); Genworth Financial, Inc. Political Action Committee (Genworth PAC)",David Valadao,2025-05-02,1000.00
"GENWORTH FINANCIAL, INC.","Enact Holdings, Inc. Political Action Committee (Enact PAC); Genworth Financial, Inc. Political Action Committee (Genworth PAC)",John Moolenaar,2025-05-02,2500.00
"GENWORTH FINANCIAL, INC.","Enact Holdings, Inc. Political Action Committee (Enact PAC); Genworth Financial, Inc. Political Action Committee (Genworth PAC)",George Whitesides,2025-05-02,1000.00
"GENWORTH FINANCIAL, INC.","Enact Holdings, Inc. Political Action Committee (Enact PAC); Genworth Financial, Inc. Political Action Committee (Genworth PAC)",Katie Britt,2025-05-02,2000.00
"GENWORTH FINANCIAL, INC.","Enact Holdings, Inc. Political Action Committee (Enact PAC); Genworth Financial, Inc. Political Action Committee (Genworth PAC)",Blake Moore,2025-05-02,2500.00
"GENWORTH FINANCIAL, INC.","Enact Holdings, Inc. Political Action Committee (Enact PAC); Genworth Financial, Inc. Political Action Committee (Genworth PAC)",August Pfluger,2025-05-02,1000.00
"GENWORTH FINANCIAL, INC.","Enact Holdings, Inc. Political Action Committee (Enact PAC); Genworth Financial, Inc. Political Action Committee (Genworth PAC)",Andrew Garbarino,2025-05-02,2500.00
"GENWORTH FINANCIAL, INC.","Enact Holdings, Inc. Political Action Committee (Enact PAC); Genworth Financial, Inc. Political Action Committee (Genworth PAC)",Brett Guthrie,2025-05-02,2500.00
"GENWORTH FINANCIAL, INC.","Enact Holdings, Inc. Political Action Committee (Enact PAC); Genworth Financial, Inc. Political Action Committee (Genworth PAC)",Monica De La Cruz,2025-05-07,1000.00
"GENWORTH FINANCIAL, INC.","Enact Holdings, Inc. Political Action Committee (Enact PAC); Genworth Financial, Inc. Political Action Committee (Genworth PAC)",Julia Letlow,2025-05-07,2000.00
"GENWORTH FINANCIAL, INC.","Enact Holdings, Inc. Political Action Committee (Enact PAC); Genworth Financial, Inc. Political Action Committee (Genworth PAC)",Mark Warner,2025-05-07,2500.00
"GENWORTH FINANCIAL, INC.","Enact Holdings, Inc. Political Action Committee (Enact PAC); Genworth Financial, Inc. Political Action Committee (Genworth PAC)",Congressional Black Caucus PAC,2025-05-07,2500.00
"GENWORTH FINANCIAL, INC.","Enact Holdings, Inc. Political Action Committee (Enact PAC); Genworth Financial, Inc. Political Action Committee (Genworth PAC)",USMI-PAC,2025-05-07,5000.00
"GENWORTH FINANCIAL, INC.","Enact Holdings, Inc. Political Action Committee (Enact PAC); Genworth Financial, Inc. Political Action Committee (Genworth PAC)",CHC Bold PAC,2025-05-07,2500.00
"GENWORTH FINANCIAL, INC.","Enact Holdings, Inc. Political Action Committee (Enact PAC); Genworth Financial, Inc. Political Action Committee (Genworth PAC)",Mike Haridopolos,2025-05-07,2000.00
"GENWORTH FINANCIAL, INC.","Enact Holdings, Inc. Political Action Committee (Enact PAC); Genworth Financial, Inc. Political Action Committee (Genworth PAC)",Lisa McClain,2025-05-07,2000.00
"GENWORTH FINANCIAL, INC.","Enact Holdings, Inc. Political Action Committee (Enact PAC); Genworth Financial, Inc. Political Action Committee (Genworth PAC)",Maggie Hassan,2025-05-07,2500.00
"GENWORTH FINANCIAL, INC.","Enact Holdings, Inc. Political Action Committee (Enact PAC); Genworth Financial, Inc. Political Action Committee (Genworth PAC)",Tim Scott,2025-05-07,2500.00
"GENWORTH FINANCIAL, INC.","Enact Holdings, Inc. Political Action Committee (Enact PAC); Genworth Financial, Inc. Political Action Committee (Genworth PAC)",Claudia Tenney,2025-05-30,1000.00
"GENWORTH FINANCIAL, INC.","Enact Holdings, Inc. Political Action Committee (Enact PAC); Genworth Financial, Inc. Political Action Committee (Genworth PAC)",Jon Husted,2025-05-30,1500.00
"GENWORTH FINANCIAL, INC.","Enact Holdings, Inc. Political Action Committee (Enact PAC); Genworth Financial, Inc. Political Action Committee (Genworth PAC)",Katherine Clark,2025-06-11,1000.00
"GENWORTH FINANCIAL, INC.","Enact Holdings, Inc. Political Action Committee (Enact PAC); Genworth Financial, Inc. Political Action Committee (Genworth PAC)",Jennifer Kiggans,2025-06-11,1000.00
"GENWORTH FINANCIAL, INC.","Enact Holdings, Inc. Political Action Committee (Enact PAC); Genworth Financial, Inc. Political Action Committee (Genworth PAC)",Brian Jack,2025-06-25,2000.00
"GENWORTH FINANCIAL, INC.","Enact Holdings, Inc. Political Action Committee (Enact PAC); Genworth Financial, Inc. Political Action Committee (Genworth PAC)",Brittany Pettersen,2025-06-25,2500.00
"GENWORTH FINANCIAL, INC.","Enact Holdings, Inc. Political Action Committee (Enact PAC); Genworth Financial, Inc. Political Action Committee (Genworth PAC)",Marlin Stutzman,2025-06-25,2000.00
"GENWORTH FINANCIAL, INC.","Enact Holdings, Inc. Political Action Committee (Enact PAC); Genworth Financial, Inc. Political Action Committee (Genworth PAC)",Scott Fitzgerald,2025-06-25,1000.00
"GENWORTH FINANCIAL, INC.","Enact Holdings, Inc. Political Action Committee (Enact PAC); Genworth Financial, Inc. Political Action Committee (Genworth PAC)",Across the Aisle PAC,2025-01-24,5000.00
"GENWORTH FINANCIAL, INC.","Enact Holdings, Inc. Political Action Committee (Enact PAC); Genworth Financial, Inc. Political Action Committee (Genworth PAC)",Building Bridges PAC,2025-01-24,5000.00
"GENWORTH FINANCIAL, INC.","Enact Holdings, Inc. Political Action Committee (Enact PAC); Genworth Financial, Inc. Political Action Committee (Genworth PAC)",CHC Bold PAC,2025-01-24,2500.00
"GENWORTH FINANCIAL, INC.","Enact Holdings, Inc. Political Action Committee (Enact PAC); Genworth Financial, Inc. Political Action Committee (Genworth PAC)",Congressional Black Caucus PAC,2025-01-24,2500.00
"GENWORTH FINANCIAL, INC.","Enact Holdings, Inc. Political Action Committee (Enact PAC); Genworth Financial, Inc. Political Action Committee (Genworth PAC)",Tom Suozzi,2025-03-05,2500.00
"GENWORTH FINANCIAL, INC.","Enact Holdings, Inc. Political Action Committee (Enact PAC); Genworth Financial, Inc. Political Action Committee (Genworth PAC)",Andy Barr,2025-03-05,2500.00
"GENWORTH FINANCIAL, INC.","Enact Holdings, Inc. Political Action Committee (Enact PAC); Genworth Financial, Inc. Political Action Committee (Genworth PAC)",Brian Fitzpatrick,2025-03-05,2500.00
"GENWORTH FINANCIAL, INC.","Enact Holdings, Inc. Political Action Committee (Enact PAC); Genworth Financial, Inc. Political Action Committee (Genworth PAC)",Tim Kaine,2025-03-05,5000.00
"GENWORTH FINANCIAL, INC.","Enact Holdings, Inc. Political Action Committee (Enact PAC); Genworth Financial, Inc. Political Action Committee (Genworth PAC)",Jennifer McClellan,2025-03-19,1000.00
"GENWORTH FINANCIAL, INC.","Enact Holdings, Inc. Political Action Committee (Enact PAC); Genworth Financial, Inc. Political Action Committee (Genworth PAC)",Don Davis,2025-03-19,1000.00
"GENWORTH FINANCIAL, INC.","Enact Holdings, Inc. Political Action Committee (Enact PAC); Genworth Financial, Inc. Political Action Committee (Genworth PAC)",David Valadao,2025-03-19,2500.00
"GENWORTH FINANCIAL, INC.","Enact Holdings, Inc. Political Action Committee (Enact PAC); Genworth Financial, Inc. Political Action Committee (Genworth PAC)",Susie Lee,2025-03-19,1000.00
"GENWORTH FINANCIAL, INC.","Enact Holdings, Inc. Political Action Committee (Enact PAC); Genworth Financial, Inc. Political Action Committee (Genworth PAC)",Tom Suozzi,2025-03-26,2500.00
"GENWORTH FINANCIAL, INC.","Enact Holdings, Inc. Political Action Committee (Enact PAC); Genworth Financial, Inc. Political Action Committee (Genworth PAC)",Bill Hagerty,2025-03-28,2500.00
"GENWORTH FINANCIAL, INC.","Enact Holdings, Inc. Political Action Committee (Enact PAC); Genworth Financial, Inc. Political Action Committee (Genworth PAC)",Mike Flood,2025-03-28,5000.00
"GENWORTH FINANCIAL, INC.","Enact Holdings, Inc. Political Action Committee (Enact PAC); Genworth Financial, Inc. Political Action Committee (Genworth PAC)",Bill Huizenga,2025-03-28,2000.00
"GENWORTH FINANCIAL, INC.","Enact Holdings, Inc. Political Action Committee (Enact PAC); Genworth Financial, Inc. Political Action Committee (Genworth PAC)",Maria Elvira Salazar,2025-03-28,2000.00
"GENWORTH FINANCIAL, INC.","Enact Holdings, Inc. Political Action Committee (Enact PAC); Genworth Financial, Inc. Political Action Committee (Genworth PAC)",Jason Smith,2025-03-28,3000.00
"GENWORTH FINANCIAL, INC.","Enact Holdings, Inc. Political Action Committee (Enact PAC); Genworth Financial, Inc. Political Action Committee (Genworth PAC)",Bryan Steil,2025-03-28,2000.00
"GENWORTH FINANCIAL, INC.","Enact Holdings, Inc. Political Action Committee (Enact PAC); Genworth Financial, Inc. Political Action Committee (Genworth PAC)",Thom Tillis,2025-03-28,5000.00
"GENWORTH FINANCIAL, INC.","Enact Holdings, Inc. Political Action Committee (Enact PAC); Genworth Financial, Inc. Political Action Committee (Genworth PAC)",French Hill,2025-03-28,1000.00
"GENWORTH FINANCIAL, INC.","Enact Holdings, Inc. Political Action Committee (Enact PAC); Genworth Financial, Inc. Political Action Committee (Genworth PAC)",Bill Hagerty,2025-03-28,2000.00
"GENWORTH FINANCIAL, INC.","Enact Holdings, Inc. Political Action Committee (Enact PAC); Genworth Financial, Inc. Political Action Committee (Genworth PAC)",Mike Johnson,2025-04-16,5000.00
"GENWORTH FINANCIAL, INC.","Enact Holdings, Inc. Political Action Committee (Enact PAC); Genworth Financial, Inc. Political Action Committee (Genworth PAC)",Nick LaLota,2025-05-02,1000.00
"GENWORTH FINANCIAL, INC.","Enact Holdings, Inc. Political Action Committee (Enact PAC); Genworth Financial, Inc. Political Action Committee (Genworth PAC)",Young Kim,2025-05-02,1000.00
"GENWORTH FINANCIAL, INC.","Enact Holdings, Inc. Political Action Committee (Enact PAC); Genworth Financial, Inc. Political Action Committee (Genworth PAC)",David Valadao,2025-05-02,1000.00
"GENWORTH FINANCIAL, INC.","Enact Holdings, Inc. Political Action Committee (Enact PAC); Genworth Financial, Inc. Political Action Committee (Genworth PAC)",John Moolenaar,2025-05-02,2500.00
"GENWORTH FINANCIAL, INC.","Enact Holdings, Inc. Political Action Committee (Enact PAC); Genworth Financial, Inc. Political Action Committee (Genworth PAC)",George Whitesides,2025-05-02,1000.00
"GENWORTH FINANCIAL, INC.","Enact Holdings, Inc. Political Action Committee (Enact PAC); Genworth Financial, Inc. Political Action Committee (Genworth PAC)",Katie Britt,2025-05-02,2000.00
"GENWORTH FINANCIAL, INC.","Enact Holdings, Inc. Political Action Committee (Enact PAC); Genworth Financial, Inc. Political Action Committee (Genworth PAC)",Blake Moore,2025-05-02,2500.00
"GENWORTH FINANCIAL, INC.","Enact Holdings, Inc. Political Action Committee (Enact PAC); Genworth Financial, Inc. Political Action Committee (Genworth PAC)",August Pfluger,2025-05-02,1000.00
"GENWORTH FINANCIAL, INC.","Enact Holdings, Inc. Political Action Committee (Enact PAC); Genworth Financial, Inc. Political Action Committee (Genworth PAC)",Andrew Garbarino,2025-05-02,2500.00
"GENWORTH FINANCIAL, INC.","Enact Holdings, Inc. Political Action Committee (Enact PAC); Genworth Financial, Inc. Political Action Committee (Genworth PAC)",Brett Guthrie,2025-05-02,2500.00
"GENWORTH FINANCIAL, INC.","Enact Holdings, Inc. Political Action Committee (Enact PAC); Genworth Financial, Inc. Political Action Committee (Genworth PAC)",Monica De La Cruz,2025-05-07,1000.00
"GENWORTH FINANCIAL, INC.","Enact Holdings, Inc. Political Action Committee (Enact PAC); Genworth Financial, Inc. Political Action Committee (Genworth PAC)",Julia Letlow,2025-05-07,2000.00
"GENWORTH FINANCIAL, INC.","Enact Holdings, Inc. Political Action Committee (Enact PAC); Genworth Financial, Inc. Political Action Committee (Genworth PAC)",Mark Warner,2025-05-07,2500.00
"GENWORTH FINANCIAL, INC.","Enact Holdings, Inc. Political Action Committee (Enact PAC); Genworth Financial, Inc. Political Action Committee (Genworth PAC)",Congressional Black Caucus PAC,2025-05-07,2500.00
"GENWORTH FINANCIAL, INC.","Enact Holdings, Inc. Political Action Committee (Enact PAC); Genworth Financial, Inc. Political Action Committee (Genworth PAC)",USMI-PAC,2025-05-07,5000.00
"GENWORTH FINANCIAL, INC.","Enact Holdings, Inc. Political Action Committee (Enact PAC); Genworth Financial, Inc. Political Action Committee (Genworth PAC)",CHC Bold PAC,2025-05-07,2500.00
"GENWORTH FINANCIAL, INC.","Enact Holdings, Inc. Political Action Committee (Enact PAC); Genworth Financial, Inc. Political Action Committee (Genworth PAC)",Mike Haridopolos,2025-05-07,2000.00
"GENWORTH FINANCIAL, INC.","Enact Holdings, Inc. Political Action Committee (Enact PAC); Genworth Financial, Inc. Political Action Committee (Genworth PAC)",Lisa McClain,2025-05-07,2000.00
"GENWORTH FINANCIAL, INC.","Enact Holdings, Inc. Political Action Committee (Enact PAC); Genworth Financial, Inc. Political Action Committee (Genworth PAC)",Maggie Hassan,2025-05-07,2500.00
"GENWORTH FINANCIAL, INC.","Enact Holdings, Inc. Political Action Committee (Enact PAC); Genworth Financial, Inc. Political Action Committee (Genworth PAC)",Tim Scott,2025-05-07,2500.00
"GENWORTH FINANCIAL, INC.","Enact Holdings, Inc. Political Action Committee (Enact PAC); Genworth Financial, Inc. Political Action Committee (Genworth PAC)",Claudia Tenney,2025-05-30,1000.00
"GENWORTH FINANCIAL, INC.","Enact Holdings, Inc. Political Action Committee (Enact PAC); Genworth Financial, Inc. Political Action Committee (Genworth PAC)",Jon Husted,2025-05-30,1500.00
"GENWORTH FINANCIAL, INC.","Enact Holdings, Inc. Political Action Committee (Enact PAC); Genworth Financial, Inc. Political Action Committee (Genworth PAC)",Katherine Clark,2025-06-11,1000.00
"GENWORTH FINANCIAL, INC.","Enact Holdings, Inc. Political Action Committee (Enact PAC); Genworth Financial, Inc. Political Action Committee (Genworth PAC)",Jennifer Kiggans,2025-06-11,1000.00
"GENWORTH FINANCIAL, INC.","Enact Holdings, Inc. Political Action Committee (Enact PAC); Genworth Financial, Inc. Political Action Committee (Genworth PAC)",Brian Jack,2025-06-25,2000.00
"GENWORTH FINANCIAL, INC.","Enact Holdings, Inc. Political Action Committee (Enact PAC); Genworth Financial, Inc. Political Action Committee (Genworth PAC)",Brittany Pettersen,2025-06-25,2500.00
"GENWORTH FINANCIAL, INC.","Enact Holdings, Inc. Political Action Committee (Enact PAC); Genworth Financial, Inc. Political Action Committee (Genworth PAC)",Marlin Stutzman,2025-06-25,2000.00
"GENWORTH FINANCIAL, INC.","Enact Holdings, Inc. Political Action Committee (Enact PAC); Genworth Financial, Inc. Political Action Committee (Genworth PAC)",Scott Fitzgerald,2025-06-25,1000.00
UNITED STATES STEEL CORPORATION,United States Steel Corporation Political Action Committee,Brian Fitzpatrick,2025-03-26,1000.00
UNITED STATES STEEL CORPORATION,United States Steel Corporation Political Action Committee,Thomas Cotton,2025-03-26,5000.00
UNITED STATES STEEL CORPORATION,United States Steel Corporation Political Action Committee,Pete Stauber,2025-03-26,2000.00
UNITED STATES STEEL CORPORATION,United States Steel Corporation Political Action Committee,Guy Reschenthaler,2025-03-26,5000.00
UNITED STATES STEEL CORPORATION,United States Steel Corporation Political Action Committee,Dan Meuser,2025-03-26,5000.00
UNITED STATES STEEL CORPORATION,United States Steel Corporation Political Action Committee,Eric Alan Rick Crawford,2025-03-26,2000.00
UNITED STATES STEEL CORPORATION,United States Steel Corporation Political Action Committee,Jim Himes,2025-03-26,1000.00
UNITED STATES STEEL CORPORATION,United States Steel Corporation Political Action Committee,Terri Sewell,2025-03-26,2000.00
UNITED STATES STEEL CORPORATION,United States Steel Corporation Political Action Committee,Mike Bost,2025-03-26,1000.00
UNITED STATES STEEL CORPORATION,United States Steel Corporation Political Action Committee,Guy Reschenthaler,2025-03-26,5000.00
UNITED STATES STEEL CORPORATION,United States Steel Corporation Political Action Committee,Dave McCormick,2025-04-23,5000.00
UNITED STATES STEEL CORPORATION,United States Steel Corporation Political Action Committee,Katie Britt,2025-06-04,2000.00
UNITED STATES STEEL CORPORATION,United States Steel Corporation Political Action Committee,Mike Bost,2025-06-04,1000.00
UNITED STATES STEEL CORPORATION,United States Steel Corporation Political Action Committee,Shelley Moore Capito,2025-06-04,1000.00
UNITED STATES STEEL CORPORATION,United States Steel Corporation Political Action Committee,Bruce Westerman,2025-06-04,2500.00
UNITED STATES STEEL CORPORATION,United States Steel Corporation Political Action Committee,Brian Fitzpatrick,2025-03-26,1000.00
UNITED STATES STEEL CORPORATION,United States Steel Corporation Political Action Committee,Thomas Cotton,2025-03-26,5000.00
UNITED STATES STEEL CORPORATION,United States Steel Corporation Political Action Committee,Pete Stauber,2025-03-26,2000.00
UNITED STATES STEEL CORPORATION,United States Steel Corporation Political Action Committee,Guy Reschenthaler,2025-03-26,5000.00
UNITED STATES STEEL CORPORATION,United States Steel Corporation Political Action Committee,Dan Meuser,2025-03-26,5000.00
UNITED STATES STEEL CORPORATION,United States Steel Corporation Political Action Committee,Eric Alan Rick Crawford,2025-03-26,2000.00
UNITED STATES STEEL CORPORATION,United States Steel Corporation Political Action Committee,Jim Himes,2025-03-26,1000.00
UNITED STATES STEEL CORPORATION,United States Steel Corporation Political Action Committee,Terri Sewell,2025-03-26,2000.00
UNITED STATES STEEL CORPORATION,United States Steel Corporation Political Action Committee,Mike Bost,2025-03-26,1000.00
UNITED STATES STEEL CORPORATION,United States Steel Corporation Political Action Committee,Guy Reschenthaler,2025-03-26,5000.00
UNITED STATES STEEL CORPORATION,United States Steel Corporation Political Action Committee,Dave McCormick,2025-04-23,5000.00
UNITED STATES STEEL CORPORATION,United States Steel Corporation Political Action Committee,Katie Britt,2025-06-04,2000.00
UNITED STATES STEEL CORPORATION,United States Steel Corporation Political Action Committee,Mike Bost,2025-06-04,1000.00
UNITED STATES STEEL CORPORATION,United States Steel Corporation Political Action Committee,Shelley Moore Capito,2025-06-04,1000.00
UNITED STATES STEEL CORPORATION,United States Steel Corporation Political Action Committee,Bruce Westerman,2025-06-04,2500.00
UNITED STATES STEEL CORPORATION,United States Steel Corporation Political Action Committee,Brian Fitzpatrick,2025-03-26,1000.00
UNITED STATES STEEL CORPORATION,United States Steel Corporation Political Action Committee,Thomas Cotton,2025-03-26,5000.00
UNITED STATES STEEL CORPORATION,United States Steel Corporation Political Action Committee,Pete Stauber,2025-03-26,2000.00
UNITED STATES STEEL CORPORATION,United States Steel Corporation Political Action Committee,Guy Reschenthaler,2025-03-26,5000.00
UNITED STATES STEEL CORPORATION,United States Steel Corporation Political Action Committee,Dan Meuser,2025-03-26,5000.00
UNITED STATES STEEL CORPORATION,United States Steel Corporation Political Action Committee,Eric Alan Rick Crawford,2025-03-26,2000.00
UNITED STATES STEEL CORPORATION,United States Steel Corporation Political Action Committee,Jim Himes,2025-03-26,1000.00
UNITED STATES STEEL CORPORATION,United States Steel Corporation Political Action Committee,Terri Sewell,2025-03-26,2000.00
UNITED STATES STEEL CORPORATION,United States Steel Corporation Political Action Committee,Mike Bost,2025-03-26,1000.00
UNITED STATES STEEL CORPORATION,United States Steel Corporation Political Action Committee,Guy Reschenthaler,2025-03-26,5000.00
UNITED STATES STEEL CORPORATION,United States Steel Corporation Political Action Committee,Dave McCormick,2025-04-23,5000.00
UNITED STATES STEEL CORPORATION,United States Steel Corporation Political Action Committee,Katie Britt,2025-06-04,2000.00
UNITED STATES STEEL CORPORATION,United States Steel Corporation Political Action Committee,Mike Bost,2025-06-04,1000.00
UNITED STATES STEEL CORPORATION,United States Steel Corporation Political Action Committee,Shelley Moore Capito,2025-06-04,1000.00
UNITED STATES STEEL CORPORATION,United States Steel Corporation Political Action Committee,Bruce Westerman,2025-06-04,2500.00
UNITED STATES STEEL CORPORATION,United States Steel Corporation Political Action Committee,Brian Fitzpatrick,2025-03-26,1000.00
UNITED STATES STEEL CORPORATION,United States Steel Corporation Political Action Committee,Thomas Cotton,2025-03-26,5000.00
UNITED STATES STEEL CORPORATION,United States Steel Corporation Political Action Committee,Pete Stauber,2025-03-26,2000.00
UNITED STATES STEEL CORPORATION,United States Steel Corporation Political Action Committee,Guy Reschenthaler,2025-03-26,5000.00
UNITED STATES STEEL CORPORATION,United States Steel Corporation Political Action Committee,Dan Meuser,2025-03-26,5000.00
UNITED STATES STEEL CORPORATION,United States Steel Corporation Political Action Committee,Eric Alan Rick Crawford,2025-03-26,2000.00
UNITED STATES STEEL CORPORATION,United States Steel Corporation Political Action Committee,Jim Himes,2025-03-26,1000.00
UNITED STATES STEEL CORPORATION,United States Steel Corporation Political Action Committee,Terri Sewell,2025-03-26,2000.00
UNITED STATES STEEL CORPORATION,United States Steel Corporation Political Action Committee,Mike Bost,2025-03-26,1000.00
UNITED STATES STEEL CORPORATION,United States Steel Corporation Political Action Committee,Guy Reschenthaler,2025-03-26,5000.00
UNITED STATES STEEL CORPORATION,United States Steel Corporation Political Action Committee,Dave McCormick,2025-04-23,5000.00
UNITED STATES STEEL CORPORATION,United States Steel Corporation Political Action Committee,Katie Britt,2025-06-04,2000.00
UNITED STATES STEEL CORPORATION,United States Steel Corporation Political Action Committee,Mike Bost,2025-06-04,1000.00
UNITED STATES STEEL CORPORATION,United States Steel Corporation Political Action Committee,Shelley Moore Capito,2025-06-04,1000.00
UNITED STATES STEEL CORPORATION,United States Steel Corporation Political Action Committee,Bruce Westerman,2025-06-04,2500.00
UNITED STATES STEEL CORPORATION,United States Steel Corporation Political Action Committee,Brian Fitzpatrick,2025-03-26,1000.00
UNITED STATES STEEL CORPORATION,United States Steel Corporation Political Action Committee,Thomas Cotton,2025-03-26,5000.00
UNITED STATES STEEL CORPORATION,United States Steel Corporation Political Action Committee,Pete Stauber,2025-03-26,2000.00
UNITED STATES STEEL CORPORATION,United States Steel Corporation Political Action Committee,Guy Reschenthaler,2025-03-26,5000.00
UNITED STATES STEEL CORPORATION,United States Steel Corporation Political Action Committee,Dan Meuser,2025-03-26,5000.00
UNITED STATES STEEL CORPORATION,United States Steel Corporation Political Action Committee,Eric Alan Rick Crawford,2025-03-26,2000.00
UNITED STATES STEEL CORPORATION,United States Steel Corporation Political Action Committee,Jim Himes,2025-03-26,1000.00
UNITED STATES STEEL CORPORATION,United States Steel Corporation Political Action Committee,Terri Sewell,2025-03-26,2000.00
UNITED STATES STEEL CORPORATION,United States Steel Corporation Political Action Committee,Mike Bost,2025-03-26,1000.00
UNITED STATES STEEL CORPORATION,United States Steel Corporation Political Action Committee,Guy Reschenthaler,2025-03-26,5000.00
UNITED STATES STEEL CORPORATION,United States Steel Corporation Political Action Committee,Dave McCormick,2025-04-23,5000.00
UNITED STATES STEEL CORPORATION,United States Steel Corporation Political Action Committee,Katie Britt,2025-06-04,2000.00
UNITED STATES STEEL CORPORATION,United States Steel Corporation Political Action Committee,Mike Bost,2025-06-04,1000.00
UNITED STATES STEEL CORPORATION,United States Steel Corporation Political Action Committee,Shelley Moore Capito,2025-06-04,1000.00
UNITED STATES STEEL CORPORATION,United States Steel Corporation Political Action Committee,Bruce Westerman,2025-06-04,2500.00
"SAREPTA THERAPEUTICS, INC.","Sarepta Therapeutics, Inc. PAC",Rep. Buddy Carter,2025-03-14,1000.00
"SAREPTA THERAPEUTICS, INC.","Sarepta Therapeutics, Inc. PAC",Rep. Kim Schrier,2025-03-14,1000.00
"SAREPTA THERAPEUTICS, INC.","Sarepta Therapeutics, Inc. PAC",Rep. Doris Matsui,2025-03-14,1000.00
"SAREPTA THERAPEUTICS, INC.","Sarepta Therapeutics, Inc. PAC",Sen. Ron Wyden,2025-03-14,1000.00
"SAREPTA THERAPEUTICS, INC.","Sarepta Therapeutics, Inc. PAC",Sen. Susan Collins,2025-03-28,1500.00
"SAREPTA THERAPEUTICS, INC.","Sarepta Therapeutics, Inc. PAC",Rep. Don Bacon,2025-04-28,1000.00
"SAREPTA THERAPEUTICS, INC.","Sarepta Therapeutics, Inc. PAC",Rep. Brett Guthrie,2025-04-28,3000.00
"SAREPTA THERAPEUTICS, INC.","Sarepta Therapeutics, Inc. PAC",Sen. Todd Young,2025-04-28,5000.00
"SAREPTA THERAPEUTICS, INC.","Sarepta Therapeutics, Inc. PAC",Rep. Yvette Clarke,2025-06-18,1000.00
"SAREPTA THERAPEUTICS, INC.","Sarepta Therapeutics, Inc. PAC",Rep. Diana DeGette,2025-06-18,1000.00
"SAREPTA THERAPEUTICS, INC.","Sarepta Therapeutics, Inc. PAC",Rep. Don Davis,2025-06-18,1000.00
"SAREPTA THERAPEUTICS, INC.","Sarepta Therapeutics, Inc. PAC",Rep. Seth Moulton,2025-06-18,1000.00
"SAREPTA THERAPEUTICS, INC.","Sarepta Therapeutics, Inc. PAC",Sen. MarkWayne Mullin,2025-06-18,2500.00
"SAREPTA THERAPEUTICS, INC.","Sarepta Therapeutics, Inc. PAC",Rep. Buddy Carter,2025-03-14,1000.00
"SAREPTA THERAPEUTICS, INC.","Sarepta Therapeutics, Inc. PAC",Rep. Kim Schrier,2025-03-14,1000.00
"SAREPTA THERAPEUTICS, INC.","Sarepta Therapeutics, Inc. PAC",Rep. Doris Matsui,2025-03-14,1000.00
"SAREPTA THERAPEUTICS, INC.","Sarepta Therapeutics, Inc. PAC",Sen. Ron Wyden,2025-03-14,1000.00
"SAREPTA THERAPEUTICS, INC.","Sarepta Therapeutics, Inc. PAC",Sen. Susan Collins,2025-03-28,1500.00
"SAREPTA THERAPEUTICS, INC.","Sarepta Therapeutics, Inc. PAC",Rep. Don Bacon,2025-04-28,1000.00
"SAREPTA THERAPEUTICS, INC.","Sarepta Therapeutics, Inc. PAC",Rep. Brett Guthrie,2025-04-28,3000.00
"SAREPTA THERAPEUTICS, INC.","Sarepta Therapeutics, Inc. PAC",Sen. Todd Young,2025-04-28,5000.00
"SAREPTA THERAPEUTICS, INC.","Sarepta Therapeutics, Inc. PAC",Rep. Yvette Clarke,2025-06-18,1000.00
"SAREPTA THERAPEUTICS, INC.","Sarepta Therapeutics, Inc. PAC",Rep. Diana DeGette,2025-06-18,1000.00
"SAREPTA THERAPEUTICS, INC.","Sarepta Therapeutics, Inc. PAC",Rep. Don Davis,2025-06-18,1000.00
"SAREPTA THERAPEUTICS, INC.","Sarepta Therapeutics, Inc. PAC",Rep. Seth Moulton,2025-06-18,1000.00
"SAREPTA THERAPEUTICS, INC.","Sarepta Therapeutics, Inc. PAC",Sen. MarkWayne Mullin,2025-06-18,2500.00
"SAREPTA THERAPEUTICS, INC.","Sarepta Therapeutics, Inc. PAC",Rep. Buddy Carter,2025-03-14,1000.00
"SAREPTA THERAPEUTICS, INC.","Sarepta Therapeutics, Inc. PAC",Rep. Kim Schrier,2025-03-14,1000.00
"SAREPTA THERAPEUTICS, INC.","Sarepta Therapeutics, Inc. PAC",Rep. Doris Matsui,2025-03-14,1000.00
"SAREPTA THERAPEUTICS, INC.","Sarepta Therapeutics, Inc. PAC",Sen. Ron Wyden,2025-03-14,1000.00
"SAREPTA THERAPEUTICS, INC.","Sarepta Therapeutics, Inc. PAC",Sen. Susan Collins,2025-03-28,1500.00
"SAREPTA THERAPEUTICS, INC.","Sarepta Therapeutics, Inc. PAC",Rep. Don Bacon,2025-04-28,1000.00
"SAREPTA THERAPEUTICS, INC.","Sarepta Therapeutics, Inc. PAC",Rep. Brett Guthrie,2025-04-28,3000.00
"SAREPTA THERAPEUTICS, INC.","Sarepta Therapeutics, Inc. PAC",Sen. Todd Young,2025-04-28,5000.00
"SAREPTA THERAPEUTICS, INC.","Sarepta Therapeutics, Inc. PAC",Rep. Yvette Clarke,2025-06-18,1000.00
"SAREPTA THERAPEUTICS, INC.","Sarepta Therapeutics, Inc. PAC",Rep. Diana DeGette,2025-06-18,1000.00
"SAREPTA THERAPEUTICS, INC.","Sarepta Therapeutics, Inc. PAC",Rep. Don Davis,2025-06-18,1000.00
"SAREPTA THERAPEUTICS, INC.","Sarepta Therapeutics, Inc. PAC",Rep. Seth Moulton,2025-06-18,1000.00
"SAREPTA THERAPEUTICS, INC.","Sarepta Therapeutics, Inc. PAC",Sen. MarkWayne Mullin,2025-06-18,2500.00
"SAREPTA THERAPEUTICS, INC.","Sarepta Therapeutics, Inc. PAC",Rep. Buddy Carter,2025-03-14,1000.00
"SAREPTA THERAPEUTICS, INC.","Sarepta Therapeutics, Inc. PAC",Rep. Kim Schrier,2025-03-14,1000.00
"SAREPTA THERAPEUTICS, INC.","Sarepta Therapeutics, Inc. PAC",Rep. Doris Matsui,2025-03-14,1000.00
"SAREPTA THERAPEUTICS, INC.","Sarepta Therapeutics, Inc. PAC",Sen. Ron Wyden,2025-03-14,1000.00
"SAREPTA THERAPEUTICS, INC.","Sarepta Therapeutics, Inc. PAC",Sen. Susan Collins,2025-03-28,1500.00
"SAREPTA THERAPEUTICS, INC.","Sarepta Therapeutics, Inc. PAC",Rep. Don Bacon,2025-04-28,1000.00
"SAREPTA THERAPEUTICS, INC.","Sarepta Therapeutics, Inc. PAC",Rep. Brett Guthrie,2025-04-28,3000.00
"SAREPTA THERAPEUTICS, INC.","Sarepta Therapeutics, Inc. PAC",Sen. Todd Young,2025-04-28,5000.00
"SAREPTA THERAPEUTICS, INC.","Sarepta Therapeutics, Inc. PAC",Rep. Yvette Clarke,2025-06-18,1000.00
"SAREPTA THERAPEUTICS, INC.","Sarepta Therapeutics, Inc. PAC",Rep. Diana DeGette,2025-06-18,1000.00
"SAREPTA THERAPEUTICS, INC.","Sarepta Therapeutics, Inc. PAC",Rep. Don Davis,2025-06-18,1000.00
"SAREPTA THERAPEUTICS, INC.","Sarepta Therapeutics, Inc. PAC",Rep. Seth Moulton,2025-06-18,1000.00
"SAREPTA THERAPEUTICS, INC.","Sarepta Therapeutics, Inc. PAC",Sen. MarkWayne Mullin,2025-06-18,2500.00
"SAREPTA THERAPEUTICS, INC.","Sarepta Therapeutics, Inc. PAC",Rep. Buddy Carter,2025-03-14,1000.00
"SAREPTA THERAPEUTICS, INC.","Sarepta Therapeutics, Inc. PAC",Rep. Kim Schrier,2025-03-14,1000.00
"SAREPTA THERAPEUTICS, INC.","Sarepta Therapeutics, Inc. PAC",Rep. Doris Matsui,2025-03-14,1000.00
"SAREPTA THERAPEUTICS, INC.","Sarepta Therapeutics, Inc. PAC",Sen. Ron Wyden,2025-03-14,1000.00
"SAREPTA THERAPEUTICS, INC.","Sarepta Therapeutics, Inc. PAC",Sen. Susan Collins,2025-03-28,1500.00
"SAREPTA THERAPEUTICS, INC.","Sarepta Therapeutics, Inc. PAC",Rep. Don Bacon,2025-04-28,1000.00
"SAREPTA THERAPEUTICS, INC.","Sarepta Therapeutics, Inc. PAC",Rep. Brett Guthrie,2025-04-28,3000.00
"SAREPTA THERAPEUTICS, INC.","Sarepta Therapeutics, Inc. PAC",Sen. Todd Young,2025-04-28,5000.00
"SAREPTA THERAPEUTICS, INC.","Sarepta Therapeutics, Inc. PAC",Rep. Yvette Clarke,2025-06-18,1000.00
"SAREPTA THERAPEUTICS, INC.","Sarepta Therapeutics, Inc. PAC",Rep. Diana DeGette,2025-06-18,1000.00
"SAREPTA THERAPEUTICS, INC.","Sarepta Therapeutics, Inc. PAC",Rep. Don Davis,2025-06-18,1000.00
"SAREPTA THERAPEUTICS, INC.","Sarepta Therapeutics, Inc. PAC",Rep. Seth Moulton,2025-06-18,1000.00
"SAREPTA THERAPEUTICS, INC.","Sarepta Therapeutics, Inc. PAC",Sen. MarkWayne Mullin,2025-06-18,2500.00
"SAREPTA THERAPEUTICS, INC.","Sarepta Therapeutics, Inc. PAC",Rep. Buddy Carter,2025-03-14,1000.00
"SAREPTA THERAPEUTICS, INC.","Sarepta Therapeutics, Inc. PAC",Rep. Kim Schrier,2025-03-14,1000.00
"SAREPTA THERAPEUTICS, INC.","Sarepta Therapeutics, Inc. PAC",Rep. Doris Matsui,2025-03-14,1000.00
"SAREPTA THERAPEUTICS, INC.","Sarepta Therapeutics, Inc. PAC",Sen. Ron Wyden,2025-03-14,1000.00
"SAREPTA THERAPEUTICS, INC.","Sarepta Therapeutics, Inc. PAC",Sen. Susan Collins,2025-03-28,1500.00
"SAREPTA THERAPEUTICS, INC.","Sarepta Therapeutics, Inc. PAC",Rep. Don Bacon,2025-04-28,1000.00
"SAREPTA THERAPEUTICS, INC.","Sarepta Therapeutics, Inc. PAC",Rep. Brett Guthrie,2025-04-28,3000.00
"SAREPTA THERAPEUTICS, INC.","Sarepta Therapeutics, Inc. PAC",Sen. Todd Young,2025-04-28,5000.00
"SAREPTA THERAPEUTICS, INC.","Sarepta Therapeutics, Inc. PAC",Rep. Yvette Clarke,2025-06-18,1000.00
"SAREPTA THERAPEUTICS, INC.","Sarepta Therapeutics, Inc. PAC",Rep. Diana DeGette,2025-06-18,1000.00
"SAREPTA THERAPEUTICS, INC.","Sarepta Therapeutics, Inc. PAC",Rep. Don Davis,2025-06-18,1000.00
"SAREPTA THERAPEUTICS, INC.","Sarepta Therapeutics, Inc. PAC",Rep. Seth Moulton,2025-06-18,1000.00
"SAREPTA THERAPEUTICS, INC.","Sarepta Therapeutics, Inc. PAC",Sen. MarkWayne Mullin,2025-06-18,2500.00
"SAREPTA THERAPEUTICS, INC.","Sarepta Therapeutics, Inc. PAC",Rep. Buddy Carter,2025-03-14,1000.00
"SAREPTA THERAPEUTICS, INC.","Sarepta Therapeutics, Inc. PAC",Rep. Kim Schrier,2025-03-14,1000.00
"SAREPTA THERAPEUTICS, INC.","Sarepta Therapeutics, Inc. PAC",Rep. Doris Matsui,2025-03-14,1000.00
"SAREPTA THERAPEUTICS, INC.","Sarepta Therapeutics, Inc. PAC",Sen. Ron Wyden,2025-03-14,1000.00
"SAREPTA THERAPEUTICS, INC.","Sarepta Therapeutics, Inc. PAC",Sen. Susan Collins,2025-03-28,1500.00
"SAREPTA THERAPEUTICS, INC.","Sarepta Therapeutics, Inc. PAC",Rep. Don Bacon,2025-04-28,1000.00
"SAREPTA THERAPEUTICS, INC.","Sarepta Therapeutics, Inc. PAC",Rep. Brett Guthrie,2025-04-28,3000.00
"SAREPTA THERAPEUTICS, INC.","Sarepta Therapeutics, Inc. PAC",Sen. Todd Young,2025-04-28,5000.00
"SAREPTA THERAPEUTICS, INC.","Sarepta Therapeutics, Inc. PAC",Rep. Yvette Clarke,2025-06-18,1000.00
"SAREPTA THERAPEUTICS, INC.","Sarepta Therapeutics, Inc. PAC",Rep. Diana DeGette,2025-06-18,1000.00
"SAREPTA THERAPEUTICS, INC.","Sarepta Therapeutics, Inc. PAC",Rep. Don Davis,2025-06-18,1000.00
"SAREPTA THERAPEUTICS, INC.","Sarepta Therapeutics, Inc. PAC",Rep. Seth Moulton,2025-06-18,1000.00
"SAREPTA THERAPEUTICS, INC.","Sarepta Therapeutics, Inc. PAC",Sen. MarkWayne Mullin,2025-06-18,2500.00
"SAREPTA THERAPEUTICS, INC.","Sarepta Therapeutics, Inc. PAC",Rep. Buddy Carter,2025-03-14,1000.00
"SAREPTA THERAPEUTICS, INC.","Sarepta Therapeutics, Inc. PAC",Rep. Kim Schrier,2025-03-14,1000.00
"SAREPTA THERAPEUTICS, INC.","Sarepta Therapeutics, Inc. PAC",Rep. Doris Matsui,2025-03-14,1000.00
"SAREPTA THERAPEUTICS, INC.","Sarepta Therapeutics, Inc. PAC",Sen. Ron Wyden,2025-03-14,1000.00
"SAREPTA THERAPEUTICS, INC.","Sarepta Therapeutics, Inc. PAC",Sen. Susan Collins,2025-03-28,1500.00
"SAREPTA THERAPEUTICS, INC.","Sarepta Therapeutics, Inc. PAC",Rep. Don Bacon,2025-04-28,1000.00
"SAREPTA THERAPEUTICS, INC.","Sarepta Therapeutics, Inc. PAC",Rep. Brett Guthrie,2025-04-28,3000.00
"SAREPTA THERAPEUTICS, INC.","Sarepta Therapeutics, Inc. PAC",Sen. Todd Young,2025-04-28,5000.00
"SAREPTA THERAPEUTICS, INC.","Sarepta Therapeutics, Inc. PAC",Rep. Yvette Clarke,2025-06-18,1000.00
"SAREPTA THERAPEUTICS, INC.","Sarepta Therapeutics, Inc. PAC",Rep. Diana DeGette,2025-06-18,1000.00
"SAREPTA THERAPEUTICS, INC.","Sarepta Therapeutics, Inc. PAC",Rep. Don Davis,2025-06-18,1000.00
"SAREPTA THERAPEUTICS, INC.","Sarepta Therapeutics, Inc. PAC",Rep. Seth Moulton,2025-06-18,1000.00
"SAREPTA THERAPEUTICS, INC.","Sarepta Therapeutics, Inc. PAC",Sen. MarkWayne Mullin,2025-06-18,2500.00
"SAREPTA THERAPEUTICS, INC.","Sarepta Therapeutics, Inc. PAC",Rep. Buddy Carter,2025-03-14,1000.00
"SAREPTA THERAPEUTICS, INC.","Sarepta Therapeutics, Inc. PAC",Rep. Kim Schrier,2025-03-14,1000.00
"SAREPTA THERAPEUTICS, INC.","Sarepta Therapeutics, Inc. PAC",Rep. Doris Matsui,2025-03-14,1000.00
"SAREPTA THERAPEUTICS, INC.","Sarepta Therapeutics, Inc. PAC",Sen. Ron Wyden,2025-03-14,1000.00
"SAREPTA THERAPEUTICS, INC.","Sarepta Therapeutics, Inc. PAC",Sen. Susan Collins,2025-03-28,1500.00
"SAREPTA THERAPEUTICS, INC.","Sarepta Therapeutics, Inc. PAC",Rep. Don Bacon,2025-04-28,1000.00
"SAREPTA THERAPEUTICS, INC.","Sarepta Therapeutics, Inc. PAC",Rep. Brett Guthrie,2025-04-28,3000.00
"SAREPTA THERAPEUTICS, INC.","Sarepta Therapeutics, Inc. PAC",Sen. Todd Young,2025-04-28,5000.00
"SAREPTA THERAPEUTICS, INC.","Sarepta Therapeutics, Inc. PAC",Rep. Yvette Clarke,2025-06-18,1000.00
"SAREPTA THERAPEUTICS, INC.","Sarepta Therapeutics, Inc. PAC",Rep. Diana DeGette,2025-06-18,1000.00
"SAREPTA THERAPEUTICS, INC.","Sarepta Therapeutics, Inc. PAC",Rep. Don Davis,2025-06-18,1000.00
"SAREPTA THERAPEUTICS, INC.","Sarepta Therapeutics, Inc. PAC",Rep. Seth Moulton,2025-06-18,1000.00
"SAREPTA THERAPEUTICS, INC.","Sarepta Therapeutics, Inc. PAC",Sen. MarkWayne Mullin,2025-06-18,2500.00
"SAREPTA THERAPEUTICS, INC.","Sarepta Therapeutics, Inc. PAC",Rep. Buddy Carter,2025-03-14,1000.00
"SAREPTA THERAPEUTICS, INC.","Sarepta Therapeutics, Inc. PAC",Rep. Kim Schrier,2025-03-14,1000.00
"SAREPTA THERAPEUTICS, INC.","Sarepta Therapeutics, Inc. PAC",Rep. Doris Matsui,2025-03-14,1000.00
"SAREPTA THERAPEUTICS, INC.","Sarepta Therapeutics, Inc. PAC",Sen. Ron Wyden,2025-03-14,1000.00
"SAREPTA THERAPEUTICS, INC.","Sarepta Therapeutics, Inc. PAC",Sen. Susan Collins,2025-03-28,1500.00
"SAREPTA THERAPEUTICS, INC.","Sarepta Therapeutics, Inc. PAC",Rep. Don Bacon,2025-04-28,1000.00
"SAREPTA THERAPEUTICS, INC.","Sarepta Therapeutics, Inc. PAC",Rep. Brett Guthrie,2025-04-28,3000.00
"SAREPTA THERAPEUTICS, INC.","Sarepta Therapeutics, Inc. PAC",Sen. Todd Young,2025-04-28,5000.00
"SAREPTA THERAPEUTICS, INC.","Sarepta Therapeutics, Inc. PAC",Rep. Yvette Clarke,2025-06-18,1000.00
"SAREPTA THERAPEUTICS, INC.","Sarepta Therapeutics, Inc. PAC",Rep. Diana DeGette,2025-06-18,1000.00
"SAREPTA THERAPEUTICS, INC.","Sarepta Therapeutics, Inc. PAC",Rep. Don Davis,2025-06-18,1000.00
"SAREPTA THERAPEUTICS, INC.","Sarepta Therapeutics, Inc. PAC",Rep. Seth Moulton,2025-06-18,1000.00
"SAREPTA THERAPEUTICS, INC.","Sarepta Therapeutics, Inc. PAC",Sen. MarkWayne Mullin,2025-06-18,2500.00
FMC CORPORATION,FMC Corporation Good Government Program,Glenn Thompson,2025-03-19,1000.00
FMC CORPORATION,FMC Corporation Good Government Program,Dave McCormick,2025-03-21,5000.00
CROWLEY MARITIME CORPORATION,CROWLEY MARITIME CORPORATION FEDERAL PAC,Rep. Seth Moulton,2025-06-27,3000.00
CROWLEY MARITIME CORPORATION,CROWLEY MARITIME CORPORATION FEDERAL PAC,Rep. Daniel Webster,2025-06-27,1000.00
CROWLEY MARITIME CORPORATION,CROWLEY MARITIME CORPORATION FEDERAL PAC,Rep. Vernon Buchanan,2025-05-09,5000.00
CROWLEY MARITIME CORPORATION,CROWLEY MARITIME CORPORATION FEDERAL PAC,Rep. Rick Larsen,2025-05-09,1000.00
CROWLEY MARITIME CORPORATION,CROWLEY MARITIME CORPORATION FEDERAL PAC,NRSC,2025-03-28,15000.00
CROWLEY MARITIME CORPORATION,CROWLEY MARITIME CORPORATION FEDERAL PAC,Rep. Julia Letlow,2025-03-28,1000.00
CROWLEY MARITIME CORPORATION,CROWLEY MARITIME CORPORATION FEDERAL PAC,DSCC,2025-03-28,15000.00
CROWLEY MARITIME CORPORATION,CROWLEY MARITIME CORPORATION FEDERAL PAC,Rep. John Rutherford,2025-03-25,5000.00
CROWLEY MARITIME CORPORATION,CROWLEY MARITIME CORPORATION FEDERAL PAC,Rep. John Bergman,2025-03-25,500.00
CROWLEY MARITIME CORPORATION,CROWLEY MARITIME CORPORATION FEDERAL PAC,Rep. Nicholas Begich,2025-03-25,1000.00
CROWLEY MARITIME CORPORATION,CROWLEY MARITIME CORPORATION FEDERAL PAC,Sen. Dan Sullivan,2025-03-25,5000.00
CROWLEY MARITIME CORPORATION,CROWLEY MARITIME CORPORATION FEDERAL PAC,Rep. Aaron Bean,2025-03-25,1000.00
CROWLEY MARITIME CORPORATION,CROWLEY MARITIME CORPORATION FEDERAL PAC,Sen. Lisa Murkowski,2025-03-06,3000.00
CROWLEY MARITIME CORPORATION,CROWLEY MARITIME CORPORATION FEDERAL PAC,Rep. Robert Wittman,2025-02-28,2500.00
CROWLEY MARITIME CORPORATION,CROWLEY MARITIME CORPORATION FEDERAL PAC,Rep. Samuel Graves,2025-01-15,1500.00
CROWLEY MARITIME CORPORATION,CROWLEY MARITIME CORPORATION FEDERAL PAC,Rep. Seth Moulton,2025-06-27,3000.00
CROWLEY MARITIME CORPORATION,CROWLEY MARITIME CORPORATION FEDERAL PAC,Rep. Daniel Webster,2025-06-27,1000.00
CROWLEY MARITIME CORPORATION,CROWLEY MARITIME CORPORATION FEDERAL PAC,Rep. Vernon Buchanan,2025-05-09,5000.00
CROWLEY MARITIME CORPORATION,CROWLEY MARITIME CORPORATION FEDERAL PAC,Rep. Rick Larsen,2025-05-09,1000.00
CROWLEY MARITIME CORPORATION,CROWLEY MARITIME CORPORATION FEDERAL PAC,NRSC,2025-03-28,15000.00
CROWLEY MARITIME CORPORATION,CROWLEY MARITIME CORPORATION FEDERAL PAC,Rep. Julia Letlow,2025-03-28,1000.00
CROWLEY MARITIME CORPORATION,CROWLEY MARITIME CORPORATION FEDERAL PAC,DSCC,2025-03-28,15000.00
CROWLEY MARITIME CORPORATION,CROWLEY MARITIME CORPORATION FEDERAL PAC,Rep. John Rutherford,2025-03-25,5000.00
CROWLEY MARITIME CORPORATION,CROWLEY MARITIME CORPORATION FEDERAL PAC,Rep. John Bergman,2025-03-25,500.00
CROWLEY MARITIME CORPORATION,CROWLEY MARITIME CORPORATION FEDERAL PAC,Rep. Nicholas Begich,2025-03-25,1000.00
CROWLEY MARITIME CORPORATION,CROWLEY MARITIME CORPORATION FEDERAL PAC,Sen. Dan Sullivan,2025-03-25,5000.00
CROWLEY MARITIME CORPORATION,CROWLEY MARITIME CORPORATION FEDERAL PAC,Rep. Aaron Bean,2025-03-25,1000.00
CROWLEY MARITIME CORPORATION,CROWLEY MARITIME CORPORATION FEDERAL PAC,Sen. Lisa Murkowski,2025-03-06,3000.00
CROWLEY MARITIME CORPORATION,CROWLEY MARITIME CORPORATION FEDERAL PAC,Rep. Robert Wittman,2025-02-28,2500.00
CROWLEY MARITIME CORPORATION,CROWLEY MARITIME CORPORATION FEDERAL PAC,Rep. Samuel Graves,2025-01-15,1500.00
CROWLEY MARITIME CORPORATION,CROWLEY MARITIME CORPORATION FEDERAL PAC,Rep. Seth Moulton,2025-06-27,3000.00
CROWLEY MARITIME CORPORATION,CROWLEY MARITIME CORPORATION FEDERAL PAC,Rep. Daniel Webster,2025-06-27,1000.00
CROWLEY MARITIME CORPORATION,CROWLEY MARITIME CORPORATION FEDERAL PAC,Rep. Vernon Buchanan,2025-05-09,5000.00
CROWLEY MARITIME CORPORATION,CROWLEY MARITIME CORPORATION FEDERAL PAC,Rep. Rick Larsen,2025-05-09,1000.00
CROWLEY MARITIME CORPORATION,CROWLEY MARITIME CORPORATION FEDERAL PAC,NRSC,2025-03-28,15000.00
CROWLEY MARITIME CORPORATION,CROWLEY MARITIME CORPORATION FEDERAL PAC,Rep. Julia Letlow,2025-03-28,1000.00
CROWLEY MARITIME CORPORATION,CROWLEY MARITIME CORPORATION FEDERAL PAC,DSCC,2025-03-28,15000.00
CROWLEY MARITIME CORPORATION,CROWLEY MARITIME CORPORATION FEDERAL PAC,Rep. John Rutherford,2025-03-25,5000.00
CROWLEY MARITIME CORPORATION,CROWLEY MARITIME CORPORATION FEDERAL PAC,Rep. John Bergman,2025-03-25,500.00
CROWLEY MARITIME CORPORATION,CROWLEY MARITIME CORPORATION FEDERAL PAC,Rep. Nicholas Begich,2025-03-25,1000.00
CROWLEY MARITIME CORPORATION,CROWLEY MARITIME CORPORATION FEDERAL PAC,Sen. Dan Sullivan,2025-03-25,5000.00
CROWLEY MARITIME CORPORATION,CROWLEY MARITIME CORPORATION FEDERAL PAC,Rep. Aaron Bean,2025-03-25,1000.00
CROWLEY MARITIME CORPORATION,CROWLEY MARITIME CORPORATION FEDERAL PAC,Sen. Lisa Murkowski,2025-03-06,3000.00
CROWLEY MARITIME CORPORATION,CROWLEY MARITIME CORPORATION FEDERAL PAC,Rep. Robert Wittman,2025-02-28,2500.00
CROWLEY MARITIME CORPORATION,CROWLEY MARITIME CORPORATION FEDERAL PAC,Rep. Samuel Graves,2025-01-15,1500.00
CROWLEY MARITIME CORPORATION,CROWLEY MARITIME CORPORATION FEDERAL PAC,Rep. Seth Moulton,2025-06-27,3000.00
CROWLEY MARITIME CORPORATION,CROWLEY MARITIME CORPORATION FEDERAL PAC,Rep. Daniel Webster,2025-06-27,1000.00
CROWLEY MARITIME CORPORATION,CROWLEY MARITIME CORPORATION FEDERAL PAC,Rep. Vernon Buchanan,2025-05-09,5000.00
CROWLEY MARITIME CORPORATION,CROWLEY MARITIME CORPORATION FEDERAL PAC,Rep. Rick Larsen,2025-05-09,1000.00
CROWLEY MARITIME CORPORATION,CROWLEY MARITIME CORPORATION FEDERAL PAC,NRSC,2025-03-28,15000.00
CROWLEY MARITIME CORPORATION,CROWLEY MARITIME CORPORATION FEDERAL PAC,Rep. Julia Letlow,2025-03-28,1000.00
CROWLEY MARITIME CORPORATION,CROWLEY MARITIME CORPORATION FEDERAL PAC,DSCC,2025-03-28,15000.00
CROWLEY MARITIME CORPORATION,CROWLEY MARITIME CORPORATION FEDERAL PAC,Rep. John Rutherford,2025-03-25,5000.00
CROWLEY MARITIME CORPORATION,CROWLEY MARITIME CORPORATION FEDERAL PAC,Rep. John Bergman,2025-03-25,500.00
CROWLEY MARITIME CORPORATION,CROWLEY MARITIME CORPORATION FEDERAL PAC,Rep. Nicholas Begich,2025-03-25,1000.00
CROWLEY MARITIME CORPORATION,CROWLEY MARITIME CORPORATION FEDERAL PAC,Sen. Dan Sullivan,2025-03-25,5000.00
CROWLEY MARITIME CORPORATION,CROWLEY MARITIME CORPORATION FEDERAL PAC,Rep. Aaron Bean,2025-03-25,1000.00
CROWLEY MARITIME CORPORATION,CROWLEY MARITIME CORPORATION FEDERAL PAC,Sen. Lisa Murkowski,2025-03-06,3000.00
CROWLEY MARITIME CORPORATION,CROWLEY MARITIME CORPORATION FEDERAL PAC,Rep. Robert Wittman,2025-02-28,2500.00
CROWLEY MARITIME CORPORATION,CROWLEY MARITIME CORPORATION FEDERAL PAC,Rep. Samuel Graves,2025-01-15,1500.00
CROWLEY MARITIME CORPORATION,CROWLEY MARITIME CORPORATION FEDERAL PAC,Rep. Seth Moulton,2025-06-27,3000.00
CROWLEY MARITIME CORPORATION,CROWLEY MARITIME CORPORATION FEDERAL PAC,Rep. Daniel Webster,2025-06-27,1000.00
CROWLEY MARITIME CORPORATION,CROWLEY MARITIME CORPORATION FEDERAL PAC,Rep. Vernon Buchanan,2025-05-09,5000.00
CROWLEY MARITIME CORPORATION,CROWLEY MARITIME CORPORATION FEDERAL PAC,Rep. Rick Larsen,2025-05-09,1000.00
CROWLEY MARITIME CORPORATION,CROWLEY MARITIME CORPORATION FEDERAL PAC,NRSC,2025-03-28,15000.00
CROWLEY MARITIME CORPORATION,CROWLEY MARITIME CORPORATION FEDERAL PAC,Rep. Julia Letlow,2025-03-28,1000.00
CROWLEY MARITIME CORPORATION,CROWLEY MARITIME CORPORATION FEDERAL PAC,DSCC,2025-03-28,15000.00
CROWLEY MARITIME CORPORATION,CROWLEY MARITIME CORPORATION FEDERAL PAC,Rep. John Rutherford,2025-03-25,5000.00
CROWLEY MARITIME CORPORATION,CROWLEY MARITIME CORPORATION FEDERAL PAC,Rep. John Bergman,2025-03-25,500.00
CROWLEY MARITIME CORPORATION,CROWLEY MARITIME CORPORATION FEDERAL PAC,Rep. Nicholas Begich,2025-03-25,1000.00
CROWLEY MARITIME CORPORATION,CROWLEY MARITIME CORPORATION FEDERAL PAC,Sen. Dan Sullivan,2025-03-25,5000.00
CROWLEY MARITIME CORPORATION,CROWLEY MARITIME CORPORATION FEDERAL PAC,Rep. Aaron Bean,2025-03-25,1000.00
CROWLEY MARITIME CORPORATION,CROWLEY MARITIME CORPORATION FEDERAL PAC,Sen. Lisa Murkowski,2025-03-06,3000.00
CROWLEY MARITIME CORPORATION,CROWLEY MARITIME CORPORATION FEDERAL PAC,Rep. Robert Wittman,2025-02-28,2500.00
CROWLEY MARITIME CORPORATION,CROWLEY MARITIME CORPORATION FEDERAL PAC,Rep. Samuel Graves,2025-01-15,1500.00
CROWLEY MARITIME CORPORATION,CROWLEY MARITIME CORPORATION FEDERAL PAC,Rep. Seth Moulton,2025-06-27,3000.00
CROWLEY MARITIME CORPORATION,CROWLEY MARITIME CORPORATION FEDERAL PAC,Rep. Daniel Webster,2025-06-27,1000.00
CROWLEY MARITIME CORPORATION,CROWLEY MARITIME CORPORATION FEDERAL PAC,Rep. Vernon Buchanan,2025-05-09,5000.00
CROWLEY MARITIME CORPORATION,CROWLEY MARITIME CORPORATION FEDERAL PAC,Rep. Rick Larsen,2025-05-09,1000.00
CROWLEY MARITIME CORPORATION,CROWLEY MARITIME CORPORATION FEDERAL PAC,NRSC,2025-03-28,15000.00
CROWLEY MARITIME CORPORATION,CROWLEY MARITIME CORPORATION FEDERAL PAC,Rep. Julia Letlow,2025-03-28,1000.00
CROWLEY MARITIME CORPORATION,CROWLEY MARITIME CORPORATION FEDERAL PAC,DSCC,2025-03-28,15000.00
CROWLEY MARITIME CORPORATION,CROWLEY MARITIME CORPORATION FEDERAL PAC,Rep. John Rutherford,2025-03-25,5000.00
CROWLEY MARITIME CORPORATION,CROWLEY MARITIME CORPORATION FEDERAL PAC,Rep. John Bergman,2025-03-25,500.00
CROWLEY MARITIME CORPORATION,CROWLEY MARITIME CORPORATION FEDERAL PAC,Rep. Nicholas Begich,2025-03-25,1000.00
CROWLEY MARITIME CORPORATION,CROWLEY MARITIME CORPORATION FEDERAL PAC,Sen. Dan Sullivan,2025-03-25,5000.00
CROWLEY MARITIME CORPORATION,CROWLEY MARITIME CORPORATION FEDERAL PAC,Rep. Aaron Bean,2025-03-25,1000.00
CROWLEY MARITIME CORPORATION,CROWLEY MARITIME CORPORATION FEDERAL PAC,Sen. Lisa Murkowski,2025-03-06,3000.00
CROWLEY MARITIME CORPORATION,CROWLEY MARITIME CORPORATION FEDERAL PAC,Rep. Robert Wittman,2025-02-28,2500.00
CROWLEY MARITIME CORPORATION,CROWLEY MARITIME CORPORATION FEDERAL PAC,Rep. Samuel Graves,2025-01-15,1500.00
CROWLEY MARITIME CORPORATION,CROWLEY MARITIME CORPORATION FEDERAL PAC,Rep. Seth Moulton,2025-06-27,3000.00
CROWLEY MARITIME CORPORATION,CROWLEY MARITIME CORPORATION FEDERAL PAC,Rep. Daniel Webster,2025-06-27,1000.00
CROWLEY MARITIME CORPORATION,CROWLEY MARITIME CORPORATION FEDERAL PAC,Rep. Vernon Buchanan,2025-05-09,5000.00
CROWLEY MARITIME CORPORATION,CROWLEY MARITIME CORPORATION FEDERAL PAC,Rep. Rick Larsen,2025-05-09,1000.00
CROWLEY MARITIME CORPORATION,CROWLEY MARITIME CORPORATION FEDERAL PAC,NRSC,2025-03-28,15000.00
CROWLEY MARITIME CORPORATION,CROWLEY MARITIME CORPORATION FEDERAL PAC,Rep. Julia Letlow,2025-03-28,1000.00
CROWLEY MARITIME CORPORATION,CROWLEY MARITIME CORPORATION FEDERAL PAC,DSCC,2025-03-28,15000.00
CROWLEY MARITIME CORPORATION,CROWLEY MARITIME CORPORATION FEDERAL PAC,Rep. John Rutherford,2025-03-25,5000.00
CROWLEY MARITIME CORPORATION,CROWLEY MARITIME CORPORATION FEDERAL PAC,Rep. John Bergman,2025-03-25,500.00
CROWLEY MARITIME CORPORATION,CROWLEY MARITIME CORPORATION FEDERAL PAC,Rep. Nicholas Begich,2025-03-25,1000.00
CROWLEY MARITIME CORPORATION,CROWLEY MARITIME CORPORATION FEDERAL PAC,Sen. Dan Sullivan,2025-03-25,5000.00
CROWLEY MARITIME CORPORATION,CROWLEY MARITIME CORPORATION FEDERAL PAC,Rep. Aaron Bean,2025-03-25,1000.00
CROWLEY MARITIME CORPORATION,CROWLEY MARITIME CORPORATION FEDERAL PAC,Sen. Lisa Murkowski,2025-03-06,3000.00
CROWLEY MARITIME CORPORATION,CROWLEY MARITIME CORPORATION FEDERAL PAC,Rep. Robert Wittman,2025-02-28,2500.00
CROWLEY MARITIME CORPORATION,CROWLEY MARITIME CORPORATION FEDERAL PAC,Rep. Samuel Graves,2025-01-15,1500.00
CROWLEY MARITIME CORPORATION,CROWLEY MARITIME CORPORATION FEDERAL PAC,Rep. Seth Moulton,2025-06-27,3000.00
CROWLEY MARITIME CORPORATION,CROWLEY MARITIME CORPORATION FEDERAL PAC,Rep. Daniel Webster,2025-06-27,1000.00
CROWLEY MARITIME CORPORATION,CROWLEY MARITIME CORPORATION FEDERAL PAC,Rep. Vernon Buchanan,2025-05-09,5000.00
CROWLEY MARITIME CORPORATION,CROWLEY MARITIME CORPORATION FEDERAL PAC,Rep. Rick Larsen,2025-05-09,1000.00
CROWLEY MARITIME CORPORATION,CROWLEY MARITIME CORPORATION FEDERAL PAC,NRSC,2025-03-28,15000.00
CROWLEY MARITIME CORPORATION,CROWLEY MARITIME CORPORATION FEDERAL PAC,Rep. Julia Letlow,2025-03-28,1000.00
CROWLEY MARITIME CORPORATION,CROWLEY MARITIME CORPORATION FEDERAL PAC,DSCC,2025-03-28,15000.00
CROWLEY MARITIME CORPORATION,CROWLEY MARITIME CORPORATION FEDERAL PAC,Rep. John Rutherford,2025-03-25,5000.00
CROWLEY MARITIME CORPORATION,CROWLEY MARITIME CORPORATION FEDERAL PAC,Rep. John Bergman,2025-03-25,500.00
CROWLEY MARITIME CORPORATION,CROWLEY MARITIME CORPORATION FEDERAL PAC,Rep. Nicholas Begich,2025-03-25,1000.00
CROWLEY MARITIME CORPORATION,CROWLEY MARITIME CORPORATION FEDERAL PAC,Sen. Dan Sullivan,2025-03-25,5000.00
CROWLEY MARITIME CORPORATION,CROWLEY MARITIME CORPORATION FEDERAL PAC,Rep. Aaron Bean,2025-03-25,1000.00
CROWLEY MARITIME CORPORATION,CROWLEY MARITIME CORPORATION FEDERAL PAC,Sen. Lisa Murkowski,2025-03-06,3000.00
CROWLEY MARITIME CORPORATION,CROWLEY MARITIME CORPORATION FEDERAL PAC,Rep. Robert Wittman,2025-02-28,2500.00
CROWLEY MARITIME CORPORATION,CROWLEY MARITIME CORPORATION FEDERAL PAC,Rep. Samuel Graves,2025-01-15,1500.00
NATIONAL RIFLE ASSOCIATION OF AMERICA,National Rifle Association of America Political Victory Fund,N/A,2025-01-07,30000.00
NATIONAL RIFLE ASSOCIATION OF AMERICA,National Rifle Association of America Political Victory Fund,N/A,2025-01-10,15000.00
NATIONAL RIFLE ASSOCIATION OF AMERICA,National Rifle Association of America Political Victory Fund,N/A,2025-01-10,45000.00
NATIONAL RIFLE ASSOCIATION OF AMERICA,National Rifle Association of America Political Victory Fund,N/A,2025-01-10,40000.00
NATIONAL RIFLE ASSOCIATION OF AMERICA,National Rifle Association of America Political Victory Fund,N/A,2025-01-20,30000.00
NATIONAL RIFLE ASSOCIATION OF AMERICA,National Rifle Association of America Political Victory Fund,"Johnson, Mike",2025-02-03,4950.00
NATIONAL RIFLE ASSOCIATION OF AMERICA,National Rifle Association of America Political Victory Fund,"Johnson, Mike",2025-02-03,4950.00
NATIONAL RIFLE ASSOCIATION OF AMERICA,National Rifle Association of America Political Victory Fund,"Johnson, Mike",2025-02-03,4950.00
NATIONAL RIFLE ASSOCIATION OF AMERICA,National Rifle Association of America Political Victory Fund,"Patronis, Jimmy",2025-02-03,1000.00
NATIONAL RIFLE ASSOCIATION OF AMERICA,National Rifle Association of America Political Victory Fund,"Fine, Randy",2025-02-03,1000.00
NATIONAL RIFLE ASSOCIATION OF AMERICA,National Rifle Association of America Political Victory Fund,"Emmer, Thomas, Jr.",2025-04-01,4950.00
NATIONAL RIFLE ASSOCIATION OF AMERICA,National Rifle Association of America Political Victory Fund,"Cole, Tom",2025-04-01,4950.00
NATIONAL RIFLE ASSOCIATION OF AMERICA,National Rifle Association of America Political Victory Fund,"Jordon, Jim",2025-04-01,4950.00
NATIONAL RIFLE ASSOCIATION OF AMERICA,National Rifle Association of America Political Victory Fund,"Ellzey, Jake",2025-04-24,1000.00
NATIONAL RIFLE ASSOCIATION OF AMERICA,National Rifle Association of America Political Victory Fund,"Scalise, Steve",2025-04-24,4950.00
NATIONAL RIFLE ASSOCIATION OF AMERICA,National Rifle Association of America Political Victory Fund,"Hudson, Richard, Jr.",2025-04-24,4950.00
NATIONAL RIFLE ASSOCIATION OF AMERICA,National Rifle Association of America Political Victory Fund,"Thune, John",2025-05-05,5000.00
NATIONAL RIFLE ASSOCIATION OF AMERICA,National Rifle Association of America Political Victory Fund,"Thune, John",2025-05-05,5000.00
NATIONAL RIFLE ASSOCIATION OF AMERICA,National Rifle Association of America Political Victory Fund,"Hamadeh, Abraham",2025-05-16,1000.00
NATIONAL RIFLE ASSOCIATION OF AMERICA,National Rifle Association of America Political Victory Fund,"Pfluger, August",2025-05-16,1000.00
NATIONAL RIFLE ASSOCIATION OF AMERICA,National Rifle Association of America Political Victory Fund,"Babin, Brian",2025-05-16,1000.00
NATIONAL RIFLE ASSOCIATION OF AMERICA,National Rifle Association of America Political Victory Fund,"Huizenga, William",2025-05-16,1000.00
NATIONAL RIFLE ASSOCIATION OF AMERICA,National Rifle Association of America Political Victory Fund,"Miller, Carol Devine",2025-05-16,1000.00
NATIONAL RIFLE ASSOCIATION OF AMERICA,National Rifle Association of America Political Victory Fund,"Maloy, Celeste",2025-05-16,1000.00
NATIONAL RIFLE ASSOCIATION OF AMERICA,National Rifle Association of America Political Victory Fund,"Hyde-Smith, Cindy",2025-05-16,1000.00
NATIONAL RIFLE ASSOCIATION OF AMERICA,National Rifle Association of America Political Victory Fund,"Mills, Cory",2025-05-16,1000.00
NATIONAL RIFLE ASSOCIATION OF AMERICA,National Rifle Association of America Political Victory Fund,"Lummis, Cynthia",2025-05-16,1000.00
NATIONAL RIFLE ASSOCIATION OF AMERICA,National Rifle Association of America Political Victory Fund,"Newhouse, Dan",2025-05-16,1000.00
NATIONAL RIFLE ASSOCIATION OF AMERICA,National Rifle Association of America Political Victory Fund,"Sullivan, Dan",2025-05-16,1000.00
NATIONAL RIFLE ASSOCIATION OF AMERICA,National Rifle Association of America Political Victory Fund,"Risch, Jim",2025-05-16,1000.00
NATIONAL RIFLE ASSOCIATION OF AMERICA,National Rifle Association of America Political Victory Fund,"Husted, Jon",2025-05-16,1000.00
NATIONAL RIFLE ASSOCIATION OF AMERICA,National Rifle Association of America Political Victory Fund,"Stutzman, Marlin",2025-05-16,1000.00
NATIONAL RIFLE ASSOCIATION OF AMERICA,National Rifle Association of America Political Victory Fund,"Miller, Mary",2025-05-16,1000.00
NATIONAL RIFLE ASSOCIATION OF AMERICA,National Rifle Association of America Political Victory Fund,"Kennedy, Mike",2025-05-16,1000.00
NATIONAL RIFLE ASSOCIATION OF AMERICA,National Rifle Association of America Political Victory Fund,"Rounds, Mike",2025-05-16,1000.00
NATIONAL RIFLE ASSOCIATION OF AMERICA,National Rifle Association of America Political Victory Fund,"Ricketts, Pete",2025-05-16,1000.00
NATIONAL RIFLE ASSOCIATION OF AMERICA,National Rifle Association of America Political Victory Fund,"Marshall, Roger",2025-05-16,1000.00
NATIONAL RIFLE ASSOCIATION OF AMERICA,National Rifle Association of America Political Victory Fund,"Mullin, Markwayne",2025-05-16,1000.00
NATIONAL RIFLE ASSOCIATION OF AMERICA,National Rifle Association of America Political Victory Fund,"Walberg, Timothy",2025-05-16,1000.00
NATIONAL RIFLE ASSOCIATION OF AMERICA,National Rifle Association of America Political Victory Fund,"Barrett, Tom",2025-05-16,1000.00
NATIONAL RIFLE ASSOCIATION OF AMERICA,National Rifle Association of America Political Victory Fund,"Meuser, Daniel",2025-06-24,1000.00
NATIONAL RIFLE ASSOCIATION OF AMERICA,National Rifle Association of America Political Victory Fund,"Cammack, Kat",2025-06-23,1000.00
NATIONAL RIFLE ASSOCIATION OF AMERICA,National Rifle Association of America Political Victory Fund,"Letlow, Julia",2025-06-23,1000.00
NATIONAL RIFLE ASSOCIATION OF AMERICA,National Rifle Association of America Political Victory Fund,"Norman, Ralph",2025-06-23,1000.00
NATIONAL RIFLE ASSOCIATION OF AMERICA,National Rifle Association of America Political Victory Fund,"Hurd, Jeff",2025-06-23,1000.00
NATIONAL RIFLE ASSOCIATION OF AMERICA,National Rifle Association of America Political Victory Fund,"Grothman, Glenn",2025-06-23,1000.00
NATIONAL RIFLE ASSOCIATION OF AMERICA,National Rifle Association of America Political Victory Fund,"Moore, Tim",2025-06-23,1000.00
NATIONAL RIFLE ASSOCIATION OF AMERICA,National Rifle Association of America Political Victory Fund,N/A,2025-01-07,30000.00
NATIONAL RIFLE ASSOCIATION OF AMERICA,National Rifle Association of America Political Victory Fund,N/A,2025-01-10,15000.00
NATIONAL RIFLE ASSOCIATION OF AMERICA,National Rifle Association of America Political Victory Fund,N/A,2025-01-10,45000.00
NATIONAL RIFLE ASSOCIATION OF AMERICA,National Rifle Association of America Political Victory Fund,N/A,2025-01-10,40000.00
NATIONAL RIFLE ASSOCIATION OF AMERICA,National Rifle Association of America Political Victory Fund,N/A,2025-01-20,30000.00
NATIONAL RIFLE ASSOCIATION OF AMERICA,National Rifle Association of America Political Victory Fund,"Johnson, Mike",2025-02-03,4950.00
NATIONAL RIFLE ASSOCIATION OF AMERICA,National Rifle Association of America Political Victory Fund,"Johnson, Mike",2025-02-03,4950.00
NATIONAL RIFLE ASSOCIATION OF AMERICA,National Rifle Association of America Political Victory Fund,"Johnson, Mike",2025-02-03,4950.00
NATIONAL RIFLE ASSOCIATION OF AMERICA,National Rifle Association of America Political Victory Fund,"Patronis, Jimmy",2025-02-03,1000.00
NATIONAL RIFLE ASSOCIATION OF AMERICA,National Rifle Association of America Political Victory Fund,"Fine, Randy",2025-02-03,1000.00
NATIONAL RIFLE ASSOCIATION OF AMERICA,National Rifle Association of America Political Victory Fund,"Emmer, Thomas, Jr.",2025-04-01,4950.00
NATIONAL RIFLE ASSOCIATION OF AMERICA,National Rifle Association of America Political Victory Fund,"Cole, Tom",2025-04-01,4950.00
NATIONAL RIFLE ASSOCIATION OF AMERICA,National Rifle Association of America Political Victory Fund,"Jordon, Jim",2025-04-01,4950.00
NATIONAL RIFLE ASSOCIATION OF AMERICA,National Rifle Association of America Political Victory Fund,"Ellzey, Jake",2025-04-24,1000.00
NATIONAL RIFLE ASSOCIATION OF AMERICA,National Rifle Association of America Political Victory Fund,"Scalise, Steve",2025-04-24,4950.00
NATIONAL RIFLE ASSOCIATION OF AMERICA,National Rifle Association of America Political Victory Fund,"Hudson, Richard, Jr.",2025-04-24,4950.00
NATIONAL RIFLE ASSOCIATION OF AMERICA,National Rifle Association of America Political Victory Fund,"Thune, John",2025-05-05,5000.00
NATIONAL RIFLE ASSOCIATION OF AMERICA,National Rifle Association of America Political Victory Fund,"Thune, John",2025-05-05,5000.00
NATIONAL RIFLE ASSOCIATION OF AMERICA,National Rifle Association of America Political Victory Fund,"Hamadeh, Abraham",2025-05-16,1000.00
NATIONAL RIFLE ASSOCIATION OF AMERICA,National Rifle Association of America Political Victory Fund,"Pfluger, August",2025-05-16,1000.00
NATIONAL RIFLE ASSOCIATION OF AMERICA,National Rifle Association of America Political Victory Fund,"Babin, Brian",2025-05-16,1000.00
NATIONAL RIFLE ASSOCIATION OF AMERICA,National Rifle Association of America Political Victory Fund,"Huizenga, William",2025-05-16,1000.00
NATIONAL RIFLE ASSOCIATION OF AMERICA,National Rifle Association of America Political Victory Fund,"Miller, Carol Devine",2025-05-16,1000.00
NATIONAL RIFLE ASSOCIATION OF AMERICA,National Rifle Association of America Political Victory Fund,"Maloy, Celeste",2025-05-16,1000.00
NATIONAL RIFLE ASSOCIATION OF AMERICA,National Rifle Association of America Political Victory Fund,"Hyde-Smith, Cindy",2025-05-16,1000.00
NATIONAL RIFLE ASSOCIATION OF AMERICA,National Rifle Association of America Political Victory Fund,"Mills, Cory",2025-05-16,1000.00
NATIONAL RIFLE ASSOCIATION OF AMERICA,National Rifle Association of America Political Victory Fund,"Lummis, Cynthia",2025-05-16,1000.00
NATIONAL RIFLE ASSOCIATION OF AMERICA,National Rifle Association of America Political Victory Fund,"Newhouse, Dan",2025-05-16,1000.00
NATIONAL RIFLE ASSOCIATION OF AMERICA,National Rifle Association of America Political Victory Fund,"Sullivan, Dan",2025-05-16,1000.00
NATIONAL RIFLE ASSOCIATION OF AMERICA,National Rifle Association of America Political Victory Fund,"Risch, Jim",2025-05-16,1000.00
NATIONAL RIFLE ASSOCIATION OF AMERICA,National Rifle Association of America Political Victory Fund,"Husted, Jon",2025-05-16,1000.00
NATIONAL RIFLE ASSOCIATION OF AMERICA,National Rifle Association of America Political Victory Fund,"Stutzman, Marlin",2025-05-16,1000.00
NATIONAL RIFLE ASSOCIATION OF AMERICA,National Rifle Association of America Political Victory Fund,"Miller, Mary",2025-05-16,1000.00
NATIONAL RIFLE ASSOCIATION OF AMERICA,National Rifle Association of America Political Victory Fund,"Kennedy, Mike",2025-05-16,1000.00
NATIONAL RIFLE ASSOCIATION OF AMERICA,National Rifle Association of America Political Victory Fund,"Rounds, Mike",2025-05-16,1000.00
NATIONAL RIFLE ASSOCIATION OF AMERICA,National Rifle Association of America Political Victory Fund,"Ricketts, Pete",2025-05-16,1000.00
NATIONAL RIFLE ASSOCIATION OF AMERICA,National Rifle Association of America Political Victory Fund,"Marshall, Roger",2025-05-16,1000.00
NATIONAL RIFLE ASSOCIATION OF AMERICA,National Rifle Association of America Political Victory Fund,"Mullin, Markwayne",2025-05-16,1000.00
NATIONAL RIFLE ASSOCIATION OF AMERICA,National Rifle Association of America Political Victory Fund,"Walberg, Timothy",2025-05-16,1000.00
NATIONAL RIFLE ASSOCIATION OF AMERICA,National Rifle Association of America Political Victory Fund,"Barrett, Tom",2025-05-16,1000.00
NATIONAL RIFLE ASSOCIATION OF AMERICA,National Rifle Association of America Political Victory Fund,"Meuser, Daniel",2025-06-24,1000.00
NATIONAL RIFLE ASSOCIATION OF AMERICA,National Rifle Association of America Political Victory Fund,"Cammack, Kat",2025-06-23,1000.00
NATIONAL RIFLE ASSOCIATION OF AMERICA,National Rifle Association of America Political Victory Fund,"Letlow, Julia",2025-06-23,1000.00
NATIONAL RIFLE ASSOCIATION OF AMERICA,National Rifle Association of America Political Victory Fund,"Norman, Ralph",2025-06-23,1000.00
NATIONAL RIFLE ASSOCIATION OF AMERICA,National Rifle Association of America Political Victory Fund,"Hurd, Jeff",2025-06-23,1000.00
NATIONAL RIFLE ASSOCIATION OF AMERICA,National Rifle Association of America Political Victory Fund,"Grothman, Glenn",2025-06-23,1000.00
NATIONAL RIFLE ASSOCIATION OF AMERICA,National Rifle Association of America Political Victory Fund,"Moore, Tim",2025-06-23,1000.00
NATIONAL RIFLE ASSOCIATION OF AMERICA,National Rifle Association of America Political Victory Fund,N/A,2025-01-07,30000.00
NATIONAL RIFLE ASSOCIATION OF AMERICA,National Rifle Association of America Political Victory Fund,N/A,2025-01-10,15000.00
NATIONAL RIFLE ASSOCIATION OF AMERICA,National Rifle Association of America Political Victory Fund,N/A,2025-01-10,45000.00
NATIONAL RIFLE ASSOCIATION OF AMERICA,National Rifle Association of America Political Victory Fund,N/A,2025-01-10,40000.00
NATIONAL RIFLE ASSOCIATION OF AMERICA,National Rifle Association of America Political Victory Fund,N/A,2025-01-20,30000.00
NATIONAL RIFLE ASSOCIATION OF AMERICA,National Rifle Association of America Political Victory Fund,"Johnson, Mike",2025-02-03,4950.00
NATIONAL RIFLE ASSOCIATION OF AMERICA,National Rifle Association of America Political Victory Fund,"Johnson, Mike",2025-02-03,4950.00
NATIONAL RIFLE ASSOCIATION OF AMERICA,National Rifle Association of America Political Victory Fund,"Johnson, Mike",2025-02-03,4950.00
NATIONAL RIFLE ASSOCIATION OF AMERICA,National Rifle Association of America Political Victory Fund,"Patronis, Jimmy",2025-02-03,1000.00
NATIONAL RIFLE ASSOCIATION OF AMERICA,National Rifle Association of America Political Victory Fund,"Fine, Randy",2025-02-03,1000.00
NATIONAL RIFLE ASSOCIATION OF AMERICA,National Rifle Association of America Political Victory Fund,"Emmer, Thomas, Jr.",2025-04-01,4950.00
NATIONAL RIFLE ASSOCIATION OF AMERICA,National Rifle Association of America Political Victory Fund,"Cole, Tom",2025-04-01,4950.00
NATIONAL RIFLE ASSOCIATION OF AMERICA,National Rifle Association of America Political Victory Fund,"Jordon, Jim",2025-04-01,4950.00
NATIONAL RIFLE ASSOCIATION OF AMERICA,National Rifle Association of America Political Victory Fund,"Ellzey, Jake",2025-04-24,1000.00
NATIONAL RIFLE ASSOCIATION OF AMERICA,National Rifle Association of America Political Victory Fund,"Scalise, Steve",2025-04-24,4950.00
NATIONAL RIFLE ASSOCIATION OF AMERICA,National Rifle Association of America Political Victory Fund,"Hudson, Richard, Jr.",2025-04-24,4950.00
NATIONAL RIFLE ASSOCIATION OF AMERICA,National Rifle Association of America Political Victory Fund,"Thune, John",2025-05-05,5000.00
NATIONAL RIFLE ASSOCIATION OF AMERICA,National Rifle Association of America Political Victory Fund,"Thune, John",2025-05-05,5000.00
NATIONAL RIFLE ASSOCIATION OF AMERICA,National Rifle Association of America Political Victory Fund,"Hamadeh, Abraham",2025-05-16,1000.00
NATIONAL RIFLE ASSOCIATION OF AMERICA,National Rifle Association of America Political Victory Fund,"Pfluger, August",2025-05-16,1000.00
NATIONAL RIFLE ASSOCIATION OF AMERICA,National Rifle Association of America Political Victory Fund,"Babin, Brian",2025-05-16,1000.00
NATIONAL RIFLE ASSOCIATION OF AMERICA,National Rifle Association of America Political Victory Fund,"Huizenga, William",2025-05-16,1000.00
NATIONAL RIFLE ASSOCIATION OF AMERICA,National Rifle Association of America Political Victory Fund,"Miller, Carol Devine",2025-05-16,1000.00
NATIONAL RIFLE ASSOCIATION OF AMERICA,National Rifle Association of America Political Victory Fund,"Maloy, Celeste",2025-05-16,1000.00
NATIONAL RIFLE ASSOCIATION OF AMERICA,National Rifle Association of America Political Victory Fund,"Hyde-Smith, Cindy",2025-05-16,1000.00
NATIONAL RIFLE ASSOCIATION OF AMERICA,National Rifle Association of America Political Victory Fund,"Mills, Cory",2025-05-16,1000.00
NATIONAL RIFLE ASSOCIATION OF AMERICA,National Rifle Association of America Political Victory Fund,"Lummis, Cynthia",2025-05-16,1000.00
NATIONAL RIFLE ASSOCIATION OF AMERICA,National Rifle Association of America Political Victory Fund,"Newhouse, Dan",2025-05-16,1000.00
NATIONAL RIFLE ASSOCIATION OF AMERICA,National Rifle Association of America Political Victory Fund,"Sullivan, Dan",2025-05-16,1000.00
NATIONAL RIFLE ASSOCIATION OF AMERICA,National Rifle Association of America Political Victory Fund,"Risch, Jim",2025-05-16,1000.00
NATIONAL RIFLE ASSOCIATION OF AMERICA,National Rifle Association of America Political Victory Fund,"Husted, Jon",2025-05-16,1000.00
NATIONAL RIFLE ASSOCIATION OF AMERICA,National Rifle Association of America Political Victory Fund,"Stutzman, Marlin",2025-05-16,1000.00
NATIONAL RIFLE ASSOCIATION OF AMERICA,National Rifle Association of America Political Victory Fund,"Miller, Mary",2025-05-16,1000.00
NATIONAL RIFLE ASSOCIATION OF AMERICA,National Rifle Association of America Political Victory Fund,"Kennedy, Mike",2025-05-16,1000.00
NATIONAL RIFLE ASSOCIATION OF AMERICA,National Rifle Association of America Political Victory Fund,"Rounds, Mike",2025-05-16,1000.00
NATIONAL RIFLE ASSOCIATION OF AMERICA,National Rifle Association of America Political Victory Fund,"Ricketts, Pete",2025-05-16,1000.00
NATIONAL RIFLE ASSOCIATION OF AMERICA,National Rifle Association of America Political Victory Fund,"Marshall, Roger",2025-05-16,1000.00
NATIONAL RIFLE ASSOCIATION OF AMERICA,National Rifle Association of America Political Victory Fund,"Mullin, Markwayne",2025-05-16,1000.00
NATIONAL RIFLE ASSOCIATION OF AMERICA,National Rifle Association of America Political Victory Fund,"Walberg, Timothy",2025-05-16,1000.00
NATIONAL RIFLE ASSOCIATION OF AMERICA,National Rifle Association of America Political Victory Fund,"Barrett, Tom",2025-05-16,1000.00
NATIONAL RIFLE ASSOCIATION OF AMERICA,National Rifle Association of America Political Victory Fund,"Meuser, Daniel",2025-06-24,1000.00
NATIONAL RIFLE ASSOCIATION OF AMERICA,National Rifle Association of America Political Victory Fund,"Cammack, Kat",2025-06-23,1000.00
NATIONAL RIFLE ASSOCIATION OF AMERICA,National Rifle Association of America Political Victory Fund,"Letlow, Julia",2025-06-23,1000.00
NATIONAL RIFLE ASSOCIATION OF AMERICA,National Rifle Association of America Political Victory Fund,"Norman, Ralph",2025-06-23,1000.00
NATIONAL RIFLE ASSOCIATION OF AMERICA,National Rifle Association of America Political Victory Fund,"Hurd, Jeff",2025-06-23,1000.00
NATIONAL RIFLE ASSOCIATION OF AMERICA,National Rifle Association of America Political Victory Fund,"Grothman, Glenn",2025-06-23,1000.00
NATIONAL RIFLE ASSOCIATION OF AMERICA,National Rifle Association of America Political Victory Fund,"Moore, Tim",2025-06-23,1000.00
NATIONAL RIFLE ASSOCIATION OF AMERICA,National Rifle Association of America Political Victory Fund,N/A,2025-01-07,30000.00
NATIONAL RIFLE ASSOCIATION OF AMERICA,National Rifle Association of America Political Victory Fund,N/A,2025-01-10,15000.00
NATIONAL RIFLE ASSOCIATION OF AMERICA,National Rifle Association of America Political Victory Fund,N/A,2025-01-10,45000.00
NATIONAL RIFLE ASSOCIATION OF AMERICA,National Rifle Association of America Political Victory Fund,N/A,2025-01-10,40000.00
NATIONAL RIFLE ASSOCIATION OF AMERICA,National Rifle Association of America Political Victory Fund,N/A,2025-01-20,30000.00
NATIONAL RIFLE ASSOCIATION OF AMERICA,National Rifle Association of America Political Victory Fund,"Johnson, Mike",2025-02-03,4950.00
NATIONAL RIFLE ASSOCIATION OF AMERICA,National Rifle Association of America Political Victory Fund,"Johnson, Mike",2025-02-03,4950.00
NATIONAL RIFLE ASSOCIATION OF AMERICA,National Rifle Association of America Political Victory Fund,"Johnson, Mike",2025-02-03,4950.00
NATIONAL RIFLE ASSOCIATION OF AMERICA,National Rifle Association of America Political Victory Fund,"Patronis, Jimmy",2025-02-03,1000.00
NATIONAL RIFLE ASSOCIATION OF AMERICA,National Rifle Association of America Political Victory Fund,"Fine, Randy",2025-02-03,1000.00
NATIONAL RIFLE ASSOCIATION OF AMERICA,National Rifle Association of America Political Victory Fund,"Emmer, Thomas, Jr.",2025-04-01,4950.00
NATIONAL RIFLE ASSOCIATION OF AMERICA,National Rifle Association of America Political Victory Fund,"Cole, Tom",2025-04-01,4950.00
NATIONAL RIFLE ASSOCIATION OF AMERICA,National Rifle Association of America Political Victory Fund,"Jordon, Jim",2025-04-01,4950.00
NATIONAL RIFLE ASSOCIATION OF AMERICA,National Rifle Association of America Political Victory Fund,"Ellzey, Jake",2025-04-24,1000.00
NATIONAL RIFLE ASSOCIATION OF AMERICA,National Rifle Association of America Political Victory Fund,"Scalise, Steve",2025-04-24,4950.00
NATIONAL RIFLE ASSOCIATION OF AMERICA,National Rifle Association of America Political Victory Fund,"Hudson, Richard, Jr.",2025-04-24,4950.00
NATIONAL RIFLE ASSOCIATION OF AMERICA,National Rifle Association of America Political Victory Fund,"Thune, John",2025-05-05,5000.00
NATIONAL RIFLE ASSOCIATION OF AMERICA,National Rifle Association of America Political Victory Fund,"Thune, John",2025-05-05,5000.00
NATIONAL RIFLE ASSOCIATION OF AMERICA,National Rifle Association of America Political Victory Fund,"Hamadeh, Abraham",2025-05-16,1000.00
NATIONAL RIFLE ASSOCIATION OF AMERICA,National Rifle Association of America Political Victory Fund,"Pfluger, August",2025-05-16,1000.00
NATIONAL RIFLE ASSOCIATION OF AMERICA,National Rifle Association of America Political Victory Fund,"Babin, Brian",2025-05-16,1000.00
NATIONAL RIFLE ASSOCIATION OF AMERICA,National Rifle Association of America Political Victory Fund,"Huizenga, William",2025-05-16,1000.00
NATIONAL RIFLE ASSOCIATION OF AMERICA,National Rifle Association of America Political Victory Fund,"Miller, Carol Devine",2025-05-16,1000.00
NATIONAL RIFLE ASSOCIATION OF AMERICA,National Rifle Association of America Political Victory Fund,"Maloy, Celeste",2025-05-16,1000.00
NATIONAL RIFLE ASSOCIATION OF AMERICA,National Rifle Association of America Political Victory Fund,"Hyde-Smith, Cindy",2025-05-16,1000.00
NATIONAL RIFLE ASSOCIATION OF AMERICA,National Rifle Association of America Political Victory Fund,"Mills, Cory",2025-05-16,1000.00
NATIONAL RIFLE ASSOCIATION OF AMERICA,National Rifle Association of America Political Victory Fund,"Lummis, Cynthia",2025-05-16,1000.00
NATIONAL RIFLE ASSOCIATION OF AMERICA,National Rifle Association of America Political Victory Fund,"Newhouse, Dan",2025-05-16,1000.00
NATIONAL RIFLE ASSOCIATION OF AMERICA,National Rifle Association of America Political Victory Fund,"Sullivan, Dan",2025-05-16,1000.00
NATIONAL RIFLE ASSOCIATION OF AMERICA,National Rifle Association of America Political Victory Fund,"Risch, Jim",2025-05-16,1000.00
NATIONAL RIFLE ASSOCIATION OF AMERICA,National Rifle Association of America Political Victory Fund,"Husted, Jon",2025-05-16,1000.00
NATIONAL RIFLE ASSOCIATION OF AMERICA,National Rifle Association of America Political Victory Fund,"Stutzman, Marlin",2025-05-16,1000.00
NATIONAL RIFLE ASSOCIATION OF AMERICA,National Rifle Association of America Political Victory Fund,"Miller, Mary",2025-05-16,1000.00
NATIONAL RIFLE ASSOCIATION OF AMERICA,National Rifle Association of America Political Victory Fund,"Kennedy, Mike",2025-05-16,1000.00
NATIONAL RIFLE ASSOCIATION OF AMERICA,National Rifle Association of America Political Victory Fund,"Rounds, Mike",2025-05-16,1000.00
NATIONAL RIFLE ASSOCIATION OF AMERICA,National Rifle Association of America Political Victory Fund,"Ricketts, Pete",2025-05-16,1000.00
NATIONAL RIFLE ASSOCIATION OF AMERICA,National Rifle Association of America Political Victory Fund,"Marshall, Roger",2025-05-16,1000.00
NATIONAL RIFLE ASSOCIATION OF AMERICA,National Rifle Association of America Political Victory Fund,"Mullin, Markwayne",2025-05-16,1000.00
NATIONAL RIFLE ASSOCIATION OF AMERICA,National Rifle Association of America Political Victory Fund,"Walberg, Timothy",2025-05-16,1000.00
NATIONAL RIFLE ASSOCIATION OF AMERICA,National Rifle Association of America Political Victory Fund,"Barrett, Tom",2025-05-16,1000.00
NATIONAL RIFLE ASSOCIATION OF AMERICA,National Rifle Association of America Political Victory Fund,"Meuser, Daniel",2025-06-24,1000.00
NATIONAL RIFLE ASSOCIATION OF AMERICA,National Rifle Association of America Political Victory Fund,"Cammack, Kat",2025-06-23,1000.00
NATIONAL RIFLE ASSOCIATION OF AMERICA,National Rifle Association of America Political Victory Fund,"Letlow, Julia",2025-06-23,1000.00
NATIONAL RIFLE ASSOCIATION OF AMERICA,National Rifle Association of America Political Victory Fund,"Norman, Ralph",2025-06-23,1000.00
NATIONAL RIFLE ASSOCIATION OF AMERICA,National Rifle Association of America Political Victory Fund,"Hurd, Jeff",2025-06-23,1000.00
NATIONAL RIFLE ASSOCIATION OF AMERICA,National Rifle Association of America Political Victory Fund,"Grothman, Glenn",2025-06-23,1000.00
NATIONAL RIFLE ASSOCIATION OF AMERICA,National Rifle Association of America Political Victory Fund,"Moore, Tim",2025-06-23,1000.00
NATIONAL RIFLE ASSOCIATION OF AMERICA,National Rifle Association of America Political Victory Fund,N/A,2025-01-07,30000.00
NATIONAL RIFLE ASSOCIATION OF AMERICA,National Rifle Association of America Political Victory Fund,N/A,2025-01-10,15000.00
NATIONAL RIFLE ASSOCIATION OF AMERICA,National Rifle Association of America Political Victory Fund,N/A,2025-01-10,45000.00
NATIONAL RIFLE ASSOCIATION OF AMERICA,National Rifle Association of America Political Victory Fund,N/A,2025-01-10,40000.00
NATIONAL RIFLE ASSOCIATION OF AMERICA,National Rifle Association of America Political Victory Fund,N/A,2025-01-20,30000.00
NATIONAL RIFLE ASSOCIATION OF AMERICA,National Rifle Association of America Political Victory Fund,"Johnson, Mike",2025-02-03,4950.00
NATIONAL RIFLE ASSOCIATION OF AMERICA,National Rifle Association of America Political Victory Fund,"Johnson, Mike",2025-02-03,4950.00
NATIONAL RIFLE ASSOCIATION OF AMERICA,National Rifle Association of America Political Victory Fund,"Johnson, Mike",2025-02-03,4950.00
NATIONAL RIFLE ASSOCIATION OF AMERICA,National Rifle Association of America Political Victory Fund,"Patronis, Jimmy",2025-02-03,1000.00
NATIONAL RIFLE ASSOCIATION OF AMERICA,National Rifle Association of America Political Victory Fund,"Fine, Randy",2025-02-03,1000.00
NATIONAL RIFLE ASSOCIATION OF AMERICA,National Rifle Association of America Political Victory Fund,"Emmer, Thomas, Jr.",2025-04-01,4950.00
NATIONAL RIFLE ASSOCIATION OF AMERICA,National Rifle Association of America Political Victory Fund,"Cole, Tom",2025-04-01,4950.00
NATIONAL RIFLE ASSOCIATION OF AMERICA,National Rifle Association of America Political Victory Fund,"Jordon, Jim",2025-04-01,4950.00
NATIONAL RIFLE ASSOCIATION OF AMERICA,National Rifle Association of America Political Victory Fund,"Ellzey, Jake",2025-04-24,1000.00
NATIONAL RIFLE ASSOCIATION OF AMERICA,National Rifle Association of America Political Victory Fund,"Scalise, Steve",2025-04-24,4950.00
NATIONAL RIFLE ASSOCIATION OF AMERICA,National Rifle Association of America Political Victory Fund,"Hudson, Richard, Jr.",2025-04-24,4950.00
NATIONAL RIFLE ASSOCIATION OF AMERICA,National Rifle Association of America Political Victory Fund,"Thune, John",2025-05-05,5000.00
NATIONAL RIFLE ASSOCIATION OF AMERICA,National Rifle Association of America Political Victory Fund,"Thune, John",2025-05-05,5000.00
NATIONAL RIFLE ASSOCIATION OF AMERICA,National Rifle Association of America Political Victory Fund,"Hamadeh, Abraham",2025-05-16,1000.00
NATIONAL RIFLE ASSOCIATION OF AMERICA,National Rifle Association of America Political Victory Fund,"Pfluger, August",2025-05-16,1000.00
NATIONAL RIFLE ASSOCIATION OF AMERICA,National Rifle Association of America Political Victory Fund,"Babin, Brian",2025-05-16,1000.00
NATIONAL RIFLE ASSOCIATION OF AMERICA,National Rifle Association of America Political Victory Fund,"Huizenga, William",2025-05-16,1000.00
NATIONAL RIFLE ASSOCIATION OF AMERICA,National Rifle Association of America Political Victory Fund,"Miller, Carol Devine",2025-05-16,1000.00
NATIONAL RIFLE ASSOCIATION OF AMERICA,National Rifle Association of America Political Victory Fund,"Maloy, Celeste",2025-05-16,1000.00
NATIONAL RIFLE ASSOCIATION OF AMERICA,National Rifle Association of America Political Victory Fund,"Hyde-Smith, Cindy",2025-05-16,1000.00
NATIONAL RIFLE ASSOCIATION OF AMERICA,National Rifle Association of America Political Victory Fund,"Mills, Cory",2025-05-16,1000.00
NATIONAL RIFLE ASSOCIATION OF AMERICA,National Rifle Association of America Political Victory Fund,"Lummis, Cynthia",2025-05-16,1000.00
NATIONAL RIFLE ASSOCIATION OF AMERICA,National Rifle Association of America Political Victory Fund,"Newhouse, Dan",2025-05-16,1000.00
NATIONAL RIFLE ASSOCIATION OF AMERICA,National Rifle Association of America Political Victory Fund,"Sullivan, Dan",2025-05-16,1000.00
NATIONAL RIFLE ASSOCIATION OF AMERICA,National Rifle Association of America Political Victory Fund,"Risch, Jim",2025-05-16,1000.00
NATIONAL RIFLE ASSOCIATION OF AMERICA,National Rifle Association of America Political Victory Fund,"Husted, Jon",2025-05-16,1000.00
NATIONAL RIFLE ASSOCIATION OF AMERICA,National Rifle Association of America Political Victory Fund,"Stutzman, Marlin",2025-05-16,1000.00
NATIONAL RIFLE ASSOCIATION OF AMERICA,National Rifle Association of America Political Victory Fund,"Miller, Mary",2025-05-16,1000.00
NATIONAL RIFLE ASSOCIATION OF AMERICA,National Rifle Association of America Political Victory Fund,"Kennedy, Mike",2025-05-16,1000.00
NATIONAL RIFLE ASSOCIATION OF AMERICA,National Rifle Association of America Political Victory Fund,"Rounds, Mike",2025-05-16,1000.00
NATIONAL RIFLE ASSOCIATION OF AMERICA,National Rifle Association of America Political Victory Fund,"Ricketts, Pete",2025-05-16,1000.00
NATIONAL RIFLE ASSOCIATION OF AMERICA,National Rifle Association of America Political Victory Fund,"Marshall, Roger",2025-05-16,1000.00
NATIONAL RIFLE ASSOCIATION OF AMERICA,National Rifle Association of America Political Victory Fund,"Mullin, Markwayne",2025-05-16,1000.00
NATIONAL RIFLE ASSOCIATION OF AMERICA,National Rifle Association of America Political Victory Fund,"Walberg, Timothy",2025-05-16,1000.00
NATIONAL RIFLE ASSOCIATION OF AMERICA,National Rifle Association of America Political Victory Fund,"Barrett, Tom",2025-05-16,1000.00
NATIONAL RIFLE ASSOCIATION OF AMERICA,National Rifle Association of America Political Victory Fund,"Meuser, Daniel",2025-06-24,1000.00
NATIONAL RIFLE ASSOCIATION OF AMERICA,National Rifle Association of America Political Victory Fund,"Cammack, Kat",2025-06-23,1000.00
NATIONAL RIFLE ASSOCIATION OF AMERICA,National Rifle Association of America Political Victory Fund,"Letlow, Julia",2025-06-23,1000.00
NATIONAL RIFLE ASSOCIATION OF AMERICA,National Rifle Association of America Political Victory Fund,"Norman, Ralph",2025-06-23,1000.00
NATIONAL RIFLE ASSOCIATION OF AMERICA,National Rifle Association of America Political Victory Fund,"Hurd, Jeff",2025-06-23,1000.00
NATIONAL RIFLE ASSOCIATION OF AMERICA,National Rifle Association of America Political Victory Fund,"Grothman, Glenn",2025-06-23,1000.00
NATIONAL RIFLE ASSOCIATION OF AMERICA,National Rifle Association of America Political Victory Fund,"Moore, Tim",2025-06-23,1000.00
NATIONAL RIFLE ASSOCIATION OF AMERICA,National Rifle Association of America Political Victory Fund,N/A,2025-01-07,30000.00
NATIONAL RIFLE ASSOCIATION OF AMERICA,National Rifle Association of America Political Victory Fund,N/A,2025-01-10,15000.00
NATIONAL RIFLE ASSOCIATION OF AMERICA,National Rifle Association of America Political Victory Fund,N/A,2025-01-10,45000.00
NATIONAL RIFLE ASSOCIATION OF AMERICA,National Rifle Association of America Political Victory Fund,N/A,2025-01-10,40000.00
NATIONAL RIFLE ASSOCIATION OF AMERICA,National Rifle Association of America Political Victory Fund,N/A,2025-01-20,30000.00
NATIONAL RIFLE ASSOCIATION OF AMERICA,National Rifle Association of America Political Victory Fund,"Johnson, Mike",2025-02-03,4950.00
NATIONAL RIFLE ASSOCIATION OF AMERICA,National Rifle Association of America Political Victory Fund,"Johnson, Mike",2025-02-03,4950.00
NATIONAL RIFLE ASSOCIATION OF AMERICA,National Rifle Association of America Political Victory Fund,"Johnson, Mike",2025-02-03,4950.00
NATIONAL RIFLE ASSOCIATION OF AMERICA,National Rifle Association of America Political Victory Fund,"Patronis, Jimmy",2025-02-03,1000.00
NATIONAL RIFLE ASSOCIATION OF AMERICA,National Rifle Association of America Political Victory Fund,"Fine, Randy",2025-02-03,1000.00
NATIONAL RIFLE ASSOCIATION OF AMERICA,National Rifle Association of America Political Victory Fund,"Emmer, Thomas, Jr.",2025-04-01,4950.00
NATIONAL RIFLE ASSOCIATION OF AMERICA,National Rifle Association of America Political Victory Fund,"Cole, Tom",2025-04-01,4950.00
NATIONAL RIFLE ASSOCIATION OF AMERICA,National Rifle Association of America Political Victory Fund,"Jordon, Jim",2025-04-01,4950.00
NATIONAL RIFLE ASSOCIATION OF AMERICA,National Rifle Association of America Political Victory Fund,"Ellzey, Jake",2025-04-24,1000.00
NATIONAL RIFLE ASSOCIATION OF AMERICA,National Rifle Association of America Political Victory Fund,"Scalise, Steve",2025-04-24,4950.00
NATIONAL RIFLE ASSOCIATION OF AMERICA,National Rifle Association of America Political Victory Fund,"Hudson, Richard, Jr.",2025-04-24,4950.00
NATIONAL RIFLE ASSOCIATION OF AMERICA,National Rifle Association of America Political Victory Fund,"Thune, John",2025-05-05,5000.00
NATIONAL RIFLE ASSOCIATION OF AMERICA,National Rifle Association of America Political Victory Fund,"Thune, John",2025-05-05,5000.00
NATIONAL RIFLE ASSOCIATION OF AMERICA,National Rifle Association of America Political Victory Fund,"Hamadeh, Abraham",2025-05-16,1000.00
NATIONAL RIFLE ASSOCIATION OF AMERICA,National Rifle Association of America Political Victory Fund,"Pfluger, August",2025-05-16,1000.00
NATIONAL RIFLE ASSOCIATION OF AMERICA,National Rifle Association of America Political Victory Fund,"Babin, Brian",2025-05-16,1000.00
NATIONAL RIFLE ASSOCIATION OF AMERICA,National Rifle Association of America Political Victory Fund,"Huizenga, William",2025-05-16,1000.00
NATIONAL RIFLE ASSOCIATION OF AMERICA,National Rifle Association of America Political Victory Fund,"Miller, Carol Devine",2025-05-16,1000.00
NATIONAL RIFLE ASSOCIATION OF AMERICA,National Rifle Association of America Political Victory Fund,"Maloy, Celeste",2025-05-16,1000.00
NATIONAL RIFLE ASSOCIATION OF AMERICA,National Rifle Association of America Political Victory Fund,"Hyde-Smith, Cindy",2025-05-16,1000.00
NATIONAL RIFLE ASSOCIATION OF AMERICA,National Rifle Association of America Political Victory Fund,"Mills, Cory",2025-05-16,1000.00
NATIONAL RIFLE ASSOCIATION OF AMERICA,National Rifle Association of America Political Victory Fund,"Lummis, Cynthia",2025-05-16,1000.00
NATIONAL RIFLE ASSOCIATION OF AMERICA,National Rifle Association of America Political Victory Fund,"Newhouse, Dan",2025-05-16,1000.00
NATIONAL RIFLE ASSOCIATION OF AMERICA,National Rifle Association of America Political Victory Fund,"Sullivan, Dan",2025-05-16,1000.00
NATIONAL RIFLE ASSOCIATION OF AMERICA,National Rifle Association of America Political Victory Fund,"Risch, Jim",2025-05-16,1000.00
NATIONAL RIFLE ASSOCIATION OF AMERICA,National Rifle Association of America Political Victory Fund,"Husted, Jon",2025-05-16,1000.00
NATIONAL RIFLE ASSOCIATION OF AMERICA,National Rifle Association of America Political Victory Fund,"Stutzman, Marlin",2025-05-16,1000.00
NATIONAL RIFLE ASSOCIATION OF AMERICA,National Rifle Association of America Political Victory Fund,"Miller, Mary",2025-05-16,1000.00
NATIONAL RIFLE ASSOCIATION OF AMERICA,National Rifle Association of America Political Victory Fund,"Kennedy, Mike",2025-05-16,1000.00
NATIONAL RIFLE ASSOCIATION OF AMERICA,National Rifle Association of America Political Victory Fund,"Rounds, Mike",2025-05-16,1000.00
NATIONAL RIFLE ASSOCIATION OF AMERICA,National Rifle Association of America Political Victory Fund,"Ricketts, Pete",2025-05-16,1000.00
NATIONAL RIFLE ASSOCIATION OF AMERICA,National Rifle Association of America Political Victory Fund,"Marshall, Roger",2025-05-16,1000.00
NATIONAL RIFLE ASSOCIATION OF AMERICA,National Rifle Association of America Political Victory Fund,"Mullin, Markwayne",2025-05-16,1000.00
NATIONAL RIFLE ASSOCIATION OF AMERICA,National Rifle Association of America Political Victory Fund,"Walberg, Timothy",2025-05-16,1000.00
NATIONAL RIFLE ASSOCIATION OF AMERICA,National Rifle Association of America Political Victory Fund,"Barrett, Tom",2025-05-16,1000.00
NATIONAL RIFLE ASSOCIATION OF AMERICA,National Rifle Association of America Political Victory Fund,"Meuser, Daniel",2025-06-24,1000.00
NATIONAL RIFLE ASSOCIATION OF AMERICA,National Rifle Association of America Political Victory Fund,"Cammack, Kat",2025-06-23,1000.00
NATIONAL RIFLE ASSOCIATION OF AMERICA,National Rifle Association of America Political Victory Fund,"Letlow, Julia",2025-06-23,1000.00
NATIONAL RIFLE ASSOCIATION OF AMERICA,National Rifle Association of America Political Victory Fund,"Norman, Ralph",2025-06-23,1000.00
NATIONAL RIFLE ASSOCIATION OF AMERICA,National Rifle Association of America Political Victory Fund,"Hurd, Jeff",2025-06-23,1000.00
NATIONAL RIFLE ASSOCIATION OF AMERICA,National Rifle Association of America Political Victory Fund,"Grothman, Glenn",2025-06-23,1000.00
NATIONAL RIFLE ASSOCIATION OF AMERICA,National Rifle Association of America Political Victory Fund,"Moore, Tim",2025-06-23,1000.00
NATIONAL RIFLE ASSOCIATION OF AMERICA,National Rifle Association of America Political Victory Fund,N/A,2025-01-07,30000.00
NATIONAL RIFLE ASSOCIATION OF AMERICA,National Rifle Association of America Political Victory Fund,N/A,2025-01-10,15000.00
NATIONAL RIFLE ASSOCIATION OF AMERICA,National Rifle Association of America Political Victory Fund,N/A,2025-01-10,45000.00
NATIONAL RIFLE ASSOCIATION OF AMERICA,National Rifle Association of America Political Victory Fund,N/A,2025-01-10,40000.00
NATIONAL RIFLE ASSOCIATION OF AMERICA,National Rifle Association of America Political Victory Fund,N/A,2025-01-20,30000.00
NATIONAL RIFLE ASSOCIATION OF AMERICA,National Rifle Association of America Political Victory Fund,"Johnson, Mike",2025-02-03,4950.00
NATIONAL RIFLE ASSOCIATION OF AMERICA,National Rifle Association of America Political Victory Fund,"Johnson, Mike",2025-02-03,4950.00
NATIONAL RIFLE ASSOCIATION OF AMERICA,National Rifle Association of America Political Victory Fund,"Johnson, Mike",2025-02-03,4950.00
NATIONAL RIFLE ASSOCIATION OF AMERICA,National Rifle Association of America Political Victory Fund,"Patronis, Jimmy",2025-02-03,1000.00
NATIONAL RIFLE ASSOCIATION OF AMERICA,National Rifle Association of America Political Victory Fund,"Fine, Randy",2025-02-03,1000.00
NATIONAL RIFLE ASSOCIATION OF AMERICA,National Rifle Association of America Political Victory Fund,"Emmer, Thomas, Jr.",2025-04-01,4950.00
NATIONAL RIFLE ASSOCIATION OF AMERICA,National Rifle Association of America Political Victory Fund,"Cole, Tom",2025-04-01,4950.00
NATIONAL RIFLE ASSOCIATION OF AMERICA,National Rifle Association of America Political Victory Fund,"Jordon, Jim",2025-04-01,4950.00
NATIONAL RIFLE ASSOCIATION OF AMERICA,National Rifle Association of America Political Victory Fund,"Ellzey, Jake",2025-04-24,1000.00
NATIONAL RIFLE ASSOCIATION OF AMERICA,National Rifle Association of America Political Victory Fund,"Scalise, Steve",2025-04-24,4950.00
NATIONAL RIFLE ASSOCIATION OF AMERICA,National Rifle Association of America Political Victory Fund,"Hudson, Richard, Jr.",2025-04-24,4950.00
NATIONAL RIFLE ASSOCIATION OF AMERICA,National Rifle Association of America Political Victory Fund,"Thune, John",2025-05-05,5000.00
NATIONAL RIFLE ASSOCIATION OF AMERICA,National Rifle Association of America Political Victory Fund,"Thune, John",2025-05-05,5000.00
NATIONAL RIFLE ASSOCIATION OF AMERICA,National Rifle Association of America Political Victory Fund,"Hamadeh, Abraham",2025-05-16,1000.00
NATIONAL RIFLE ASSOCIATION OF AMERICA,National Rifle Association of America Political Victory Fund,"Pfluger, August",2025-05-16,1000.00
NATIONAL RIFLE ASSOCIATION OF AMERICA,National Rifle Association of America Political Victory Fund,"Babin, Brian",2025-05-16,1000.00
NATIONAL RIFLE ASSOCIATION OF AMERICA,National Rifle Association of America Political Victory Fund,"Huizenga, William",2025-05-16,1000.00
NATIONAL RIFLE ASSOCIATION OF AMERICA,National Rifle Association of America Political Victory Fund,"Miller, Carol Devine",2025-05-16,1000.00
NATIONAL RIFLE ASSOCIATION OF AMERICA,National Rifle Association of America Political Victory Fund,"Maloy, Celeste",2025-05-16,1000.00
NATIONAL RIFLE ASSOCIATION OF AMERICA,National Rifle Association of America Political Victory Fund,"Hyde-Smith, Cindy",2025-05-16,1000.00
NATIONAL RIFLE ASSOCIATION OF AMERICA,National Rifle Association of America Political Victory Fund,"Mills, Cory",2025-05-16,1000.00
NATIONAL RIFLE ASSOCIATION OF AMERICA,National Rifle Association of America Political Victory Fund,"Lummis, Cynthia",2025-05-16,1000.00
NATIONAL RIFLE ASSOCIATION OF AMERICA,National Rifle Association of America Political Victory Fund,"Newhouse, Dan",2025-05-16,1000.00
NATIONAL RIFLE ASSOCIATION OF AMERICA,National Rifle Association of America Political Victory Fund,"Sullivan, Dan",2025-05-16,1000.00
NATIONAL RIFLE ASSOCIATION OF AMERICA,National Rifle Association of America Political Victory Fund,"Risch, Jim",2025-05-16,1000.00
NATIONAL RIFLE ASSOCIATION OF AMERICA,National Rifle Association of America Political Victory Fund,"Husted, Jon",2025-05-16,1000.00
NATIONAL RIFLE ASSOCIATION OF AMERICA,National Rifle Association of America Political Victory Fund,"Stutzman, Marlin",2025-05-16,1000.00
NATIONAL RIFLE ASSOCIATION OF AMERICA,National Rifle Association of America Political Victory Fund,"Miller, Mary",2025-05-16,1000.00
NATIONAL RIFLE ASSOCIATION OF AMERICA,National Rifle Association of America Political Victory Fund,"Kennedy, Mike",2025-05-16,1000.00
NATIONAL RIFLE ASSOCIATION OF AMERICA,National Rifle Association of America Political Victory Fund,"Rounds, Mike",2025-05-16,1000.00
NATIONAL RIFLE ASSOCIATION OF AMERICA,National Rifle Association of America Political Victory Fund,"Ricketts, Pete",2025-05-16,1000.00
NATIONAL RIFLE ASSOCIATION OF AMERICA,National Rifle Association of America Political Victory Fund,"Marshall, Roger",2025-05-16,1000.00
NATIONAL RIFLE ASSOCIATION OF AMERICA,National Rifle Association of America Political Victory Fund,"Mullin, Markwayne",2025-05-16,1000.00
NATIONAL RIFLE ASSOCIATION OF AMERICA,National Rifle Association of America Political Victory Fund,"Walberg, Timothy",2025-05-16,1000.00
NATIONAL RIFLE ASSOCIATION OF AMERICA,National Rifle Association of America Political Victory Fund,"Barrett, Tom",2025-05-16,1000.00
NATIONAL RIFLE ASSOCIATION OF AMERICA,National Rifle Association of America Political Victory Fund,"Meuser, Daniel",2025-06-24,1000.00
NATIONAL RIFLE ASSOCIATION OF AMERICA,National Rifle Association of America Political Victory Fund,"Cammack, Kat",2025-06-23,1000.00
NATIONAL RIFLE ASSOCIATION OF AMERICA,National Rifle Association of America Political Victory Fund,"Letlow, Julia",2025-06-23,1000.00
NATIONAL RIFLE ASSOCIATION OF AMERICA,National Rifle Association of America Political Victory Fund,"Norman, Ralph",2025-06-23,1000.00
NATIONAL RIFLE ASSOCIATION OF AMERICA,National Rifle Association of America Political Victory Fund,"Hurd, Jeff",2025-06-23,1000.00
NATIONAL RIFLE ASSOCIATION OF AMERICA,National Rifle Association of America Political Victory Fund,"Grothman, Glenn",2025-06-23,1000.00
NATIONAL RIFLE ASSOCIATION OF AMERICA,National Rifle Association of America Political Victory Fund,"Moore, Tim",2025-06-23,1000.00
NATIONAL RIFLE ASSOCIATION OF AMERICA,National Rifle Association of America Political Victory Fund,N/A,2025-01-07,30000.00
NATIONAL RIFLE ASSOCIATION OF AMERICA,National Rifle Association of America Political Victory Fund,N/A,2025-01-10,15000.00
NATIONAL RIFLE ASSOCIATION OF AMERICA,National Rifle Association of America Political Victory Fund,N/A,2025-01-10,45000.00
NATIONAL RIFLE ASSOCIATION OF AMERICA,National Rifle Association of America Political Victory Fund,N/A,2025-01-10,40000.00
NATIONAL RIFLE ASSOCIATION OF AMERICA,National Rifle Association of America Political Victory Fund,N/A,2025-01-20,30000.00
NATIONAL RIFLE ASSOCIATION OF AMERICA,National Rifle Association of America Political Victory Fund,"Johnson, Mike",2025-02-03,4950.00
NATIONAL RIFLE ASSOCIATION OF AMERICA,National Rifle Association of America Political Victory Fund,"Johnson, Mike",2025-02-03,4950.00
NATIONAL RIFLE ASSOCIATION OF AMERICA,National Rifle Association of America Political Victory Fund,"Johnson, Mike",2025-02-03,4950.00
NATIONAL RIFLE ASSOCIATION OF AMERICA,National Rifle Association of America Political Victory Fund,"Patronis, Jimmy",2025-02-03,1000.00
NATIONAL RIFLE ASSOCIATION OF AMERICA,National Rifle Association of America Political Victory Fund,"Fine, Randy",2025-02-03,1000.00
NATIONAL RIFLE ASSOCIATION OF AMERICA,National Rifle Association of America Political Victory Fund,"Emmer, Thomas, Jr.",2025-04-01,4950.00
NATIONAL RIFLE ASSOCIATION OF AMERICA,National Rifle Association of America Political Victory Fund,"Cole, Tom",2025-04-01,4950.00
NATIONAL RIFLE ASSOCIATION OF AMERICA,National Rifle Association of America Political Victory Fund,"Jordon, Jim",2025-04-01,4950.00
NATIONAL RIFLE ASSOCIATION OF AMERICA,National Rifle Association of America Political Victory Fund,"Ellzey, Jake",2025-04-24,1000.00
NATIONAL RIFLE ASSOCIATION OF AMERICA,National Rifle Association of America Political Victory Fund,"Scalise, Steve",2025-04-24,4950.00
NATIONAL RIFLE ASSOCIATION OF AMERICA,National Rifle Association of America Political Victory Fund,"Hudson, Richard, Jr.",2025-04-24,4950.00
NATIONAL RIFLE ASSOCIATION OF AMERICA,National Rifle Association of America Political Victory Fund,"Thune, John",2025-05-05,5000.00
NATIONAL RIFLE ASSOCIATION OF AMERICA,National Rifle Association of America Political Victory Fund,"Thune, John",2025-05-05,5000.00
NATIONAL RIFLE ASSOCIATION OF AMERICA,National Rifle Association of America Political Victory Fund,"Hamadeh, Abraham",2025-05-16,1000.00
NATIONAL RIFLE ASSOCIATION OF AMERICA,National Rifle Association of America Political Victory Fund,"Pfluger, August",2025-05-16,1000.00
NATIONAL RIFLE ASSOCIATION OF AMERICA,National Rifle Association of America Political Victory Fund,"Babin, Brian",2025-05-16,1000.00
NATIONAL RIFLE ASSOCIATION OF AMERICA,National Rifle Association of America Political Victory Fund,"Huizenga, William",2025-05-16,1000.00
NATIONAL RIFLE ASSOCIATION OF AMERICA,National Rifle Association of America Political Victory Fund,"Miller, Carol Devine",2025-05-16,1000.00
NATIONAL RIFLE ASSOCIATION OF AMERICA,National Rifle Association of America Political Victory Fund,"Maloy, Celeste",2025-05-16,1000.00
NATIONAL RIFLE ASSOCIATION OF AMERICA,National Rifle Association of America Political Victory Fund,"Hyde-Smith, Cindy",2025-05-16,1000.00
NATIONAL RIFLE ASSOCIATION OF AMERICA,National Rifle Association of America Political Victory Fund,"Mills, Cory",2025-05-16,1000.00
NATIONAL RIFLE ASSOCIATION OF AMERICA,National Rifle Association of America Political Victory Fund,"Lummis, Cynthia",2025-05-16,1000.00
NATIONAL RIFLE ASSOCIATION OF AMERICA,National Rifle Association of America Political Victory Fund,"Newhouse, Dan",2025-05-16,1000.00
NATIONAL RIFLE ASSOCIATION OF AMERICA,National Rifle Association of America Political Victory Fund,"Sullivan, Dan",2025-05-16,1000.00
NATIONAL RIFLE ASSOCIATION OF AMERICA,National Rifle Association of America Political Victory Fund,"Risch, Jim",2025-05-16,1000.00
NATIONAL RIFLE ASSOCIATION OF AMERICA,National Rifle Association of America Political Victory Fund,"Husted, Jon",2025-05-16,1000.00
NATIONAL RIFLE ASSOCIATION OF AMERICA,National Rifle Association of America Political Victory Fund,"Stutzman, Marlin",2025-05-16,1000.00
NATIONAL RIFLE ASSOCIATION OF AMERICA,National Rifle Association of America Political Victory Fund,"Miller, Mary",2025-05-16,1000.00
NATIONAL RIFLE ASSOCIATION OF AMERICA,National Rifle Association of America Political Victory Fund,"Kennedy, Mike",2025-05-16,1000.00
NATIONAL RIFLE ASSOCIATION OF AMERICA,National Rifle Association of America Political Victory Fund,"Rounds, Mike",2025-05-16,1000.00
NATIONAL RIFLE ASSOCIATION OF AMERICA,National Rifle Association of America Political Victory Fund,"Ricketts, Pete",2025-05-16,1000.00
NATIONAL RIFLE ASSOCIATION OF AMERICA,National Rifle Association of America Political Victory Fund,"Marshall, Roger",2025-05-16,1000.00
NATIONAL RIFLE ASSOCIATION OF AMERICA,National Rifle Association of America Political Victory Fund,"Mullin, Markwayne",2025-05-16,1000.00
NATIONAL RIFLE ASSOCIATION OF AMERICA,National Rifle Association of America Political Victory Fund,"Walberg, Timothy",2025-05-16,1000.00
NATIONAL RIFLE ASSOCIATION OF AMERICA,National Rifle Association of America Political Victory Fund,"Barrett, Tom",2025-05-16,1000.00
NATIONAL RIFLE ASSOCIATION OF AMERICA,National Rifle Association of America Political Victory Fund,"Meuser, Daniel",2025-06-24,1000.00
NATIONAL RIFLE ASSOCIATION OF AMERICA,National Rifle Association of America Political Victory Fund,"Cammack, Kat",2025-06-23,1000.00
NATIONAL RIFLE ASSOCIATION OF AMERICA,National Rifle Association of America Political Victory Fund,"Letlow, Julia",2025-06-23,1000.00
NATIONAL RIFLE ASSOCIATION OF AMERICA,National Rifle Association of America Political Victory Fund,"Norman, Ralph",2025-06-23,1000.00
NATIONAL RIFLE ASSOCIATION OF AMERICA,National Rifle Association of America Political Victory Fund,"Hurd, Jeff",2025-06-23,1000.00
NATIONAL RIFLE ASSOCIATION OF AMERICA,National Rifle Association of America Political Victory Fund,"Grothman, Glenn",2025-06-23,1000.00
NATIONAL RIFLE ASSOCIATION OF AMERICA,National Rifle Association of America Political Victory Fund,"Moore, Tim",2025-06-23,1000.00
NATIONAL RIFLE ASSOCIATION OF AMERICA,National Rifle Association of America Political Victory Fund,N/A,2025-01-07,30000.00
NATIONAL RIFLE ASSOCIATION OF AMERICA,National Rifle Association of America Political Victory Fund,N/A,2025-01-10,15000.00
NATIONAL RIFLE ASSOCIATION OF AMERICA,National Rifle Association of America Political Victory Fund,N/A,2025-01-10,45000.00
NATIONAL RIFLE ASSOCIATION OF AMERICA,National Rifle Association of America Political Victory Fund,N/A,2025-01-10,40000.00
NATIONAL RIFLE ASSOCIATION OF AMERICA,National Rifle Association of America Political Victory Fund,N/A,2025-01-20,30000.00
NATIONAL RIFLE ASSOCIATION OF AMERICA,National Rifle Association of America Political Victory Fund,"Johnson, Mike",2025-02-03,4950.00
NATIONAL RIFLE ASSOCIATION OF AMERICA,National Rifle Association of America Political Victory Fund,"Johnson, Mike",2025-02-03,4950.00
NATIONAL RIFLE ASSOCIATION OF AMERICA,National Rifle Association of America Political Victory Fund,"Johnson, Mike",2025-02-03,4950.00
NATIONAL RIFLE ASSOCIATION OF AMERICA,National Rifle Association of America Political Victory Fund,"Patronis, Jimmy",2025-02-03,1000.00
NATIONAL RIFLE ASSOCIATION OF AMERICA,National Rifle Association of America Political Victory Fund,"Fine, Randy",2025-02-03,1000.00
NATIONAL RIFLE ASSOCIATION OF AMERICA,National Rifle Association of America Political Victory Fund,"Emmer, Thomas, Jr.",2025-04-01,4950.00
NATIONAL RIFLE ASSOCIATION OF AMERICA,National Rifle Association of America Political Victory Fund,"Cole, Tom",2025-04-01,4950.00
NATIONAL RIFLE ASSOCIATION OF AMERICA,National Rifle Association of America Political Victory Fund,"Jordon, Jim",2025-04-01,4950.00
NATIONAL RIFLE ASSOCIATION OF AMERICA,National Rifle Association of America Political Victory Fund,"Ellzey, Jake",2025-04-24,1000.00
NATIONAL RIFLE ASSOCIATION OF AMERICA,National Rifle Association of America Political Victory Fund,"Scalise, Steve",2025-04-24,4950.00
NATIONAL RIFLE ASSOCIATION OF AMERICA,National Rifle Association of America Political Victory Fund,"Hudson, Richard, Jr.",2025-04-24,4950.00
NATIONAL RIFLE ASSOCIATION OF AMERICA,National Rifle Association of America Political Victory Fund,"Thune, John",2025-05-05,5000.00
NATIONAL RIFLE ASSOCIATION OF AMERICA,National Rifle Association of America Political Victory Fund,"Thune, John",2025-05-05,5000.00
NATIONAL RIFLE ASSOCIATION OF AMERICA,National Rifle Association of America Political Victory Fund,"Hamadeh, Abraham",2025-05-16,1000.00
NATIONAL RIFLE ASSOCIATION OF AMERICA,National Rifle Association of America Political Victory Fund,"Pfluger, August",2025-05-16,1000.00
NATIONAL RIFLE ASSOCIATION OF AMERICA,National Rifle Association of America Political Victory Fund,"Babin, Brian",2025-05-16,1000.00
NATIONAL RIFLE ASSOCIATION OF AMERICA,National Rifle Association of America Political Victory Fund,"Huizenga, William",2025-05-16,1000.00
NATIONAL RIFLE ASSOCIATION OF AMERICA,National Rifle Association of America Political Victory Fund,"Miller, Carol Devine",2025-05-16,1000.00
NATIONAL RIFLE ASSOCIATION OF AMERICA,National Rifle Association of America Political Victory Fund,"Maloy, Celeste",2025-05-16,1000.00
NATIONAL RIFLE ASSOCIATION OF AMERICA,National Rifle Association of America Political Victory Fund,"Hyde-Smith, Cindy",2025-05-16,1000.00
NATIONAL RIFLE ASSOCIATION OF AMERICA,National Rifle Association of America Political Victory Fund,"Mills, Cory",2025-05-16,1000.00
NATIONAL RIFLE ASSOCIATION OF AMERICA,National Rifle Association of America Political Victory Fund,"Lummis, Cynthia",2025-05-16,1000.00
NATIONAL RIFLE ASSOCIATION OF AMERICA,National Rifle Association of America Political Victory Fund,"Newhouse, Dan",2025-05-16,1000.00
NATIONAL RIFLE ASSOCIATION OF AMERICA,National Rifle Association of America Political Victory Fund,"Sullivan, Dan",2025-05-16,1000.00
NATIONAL RIFLE ASSOCIATION OF AMERICA,National Rifle Association of America Political Victory Fund,"Risch, Jim",2025-05-16,1000.00
NATIONAL RIFLE ASSOCIATION OF AMERICA,National Rifle Association of America Political Victory Fund,"Husted, Jon",2025-05-16,1000.00
NATIONAL RIFLE ASSOCIATION OF AMERICA,National Rifle Association of America Political Victory Fund,"Stutzman, Marlin",2025-05-16,1000.00
NATIONAL RIFLE ASSOCIATION OF AMERICA,National Rifle Association of America Political Victory Fund,"Miller, Mary",2025-05-16,1000.00
NATIONAL RIFLE ASSOCIATION OF AMERICA,National Rifle Association of America Political Victory Fund,"Kennedy, Mike",2025-05-16,1000.00
NATIONAL RIFLE ASSOCIATION OF AMERICA,National Rifle Association of America Political Victory Fund,"Rounds, Mike",2025-05-16,1000.00
NATIONAL RIFLE ASSOCIATION OF AMERICA,National Rifle Association of America Political Victory Fund,"Ricketts, Pete",2025-05-16,1000.00
NATIONAL RIFLE ASSOCIATION OF AMERICA,National Rifle Association of America Political Victory Fund,"Marshall, Roger",2025-05-16,1000.00
NATIONAL RIFLE ASSOCIATION OF AMERICA,National Rifle Association of America Political Victory Fund,"Mullin, Markwayne",2025-05-16,1000.00
NATIONAL RIFLE ASSOCIATION OF AMERICA,National Rifle Association of America Political Victory Fund,"Walberg, Timothy",2025-05-16,1000.00
NATIONAL RIFLE ASSOCIATION OF AMERICA,National Rifle Association of America Political Victory Fund,"Barrett, Tom",2025-05-16,1000.00
NATIONAL RIFLE ASSOCIATION OF AMERICA,National Rifle Association of America Political Victory Fund,"Meuser, Daniel",2025-06-24,1000.00
NATIONAL RIFLE ASSOCIATION OF AMERICA,National Rifle Association of America Political Victory Fund,"Cammack, Kat",2025-06-23,1000.00
NATIONAL RIFLE ASSOCIATION OF AMERICA,National Rifle Association of America Political Victory Fund,"Letlow, Julia",2025-06-23,1000.00
NATIONAL RIFLE ASSOCIATION OF AMERICA,National Rifle Association of America Political Victory Fund,"Norman, Ralph",2025-06-23,1000.00
NATIONAL RIFLE ASSOCIATION OF AMERICA,National Rifle Association of America Political Victory Fund,"Hurd, Jeff",2025-06-23,1000.00
NATIONAL RIFLE ASSOCIATION OF AMERICA,National Rifle Association of America Political Victory Fund,"Grothman, Glenn",2025-06-23,1000.00
NATIONAL RIFLE ASSOCIATION OF AMERICA,National Rifle Association of America Political Victory Fund,"Moore, Tim",2025-06-23,1000.00
NATIONAL RIFLE ASSOCIATION OF AMERICA,National Rifle Association of America Political Victory Fund,N/A,2025-01-07,30000.00
NATIONAL RIFLE ASSOCIATION OF AMERICA,National Rifle Association of America Political Victory Fund,N/A,2025-01-10,15000.00
NATIONAL RIFLE ASSOCIATION OF AMERICA,National Rifle Association of America Political Victory Fund,N/A,2025-01-10,45000.00
NATIONAL RIFLE ASSOCIATION OF AMERICA,National Rifle Association of America Political Victory Fund,N/A,2025-01-10,40000.00
NATIONAL RIFLE ASSOCIATION OF AMERICA,National Rifle Association of America Political Victory Fund,N/A,2025-01-20,30000.00
NATIONAL RIFLE ASSOCIATION OF AMERICA,National Rifle Association of America Political Victory Fund,"Johnson, Mike",2025-02-03,4950.00
NATIONAL RIFLE ASSOCIATION OF AMERICA,National Rifle Association of America Political Victory Fund,"Johnson, Mike",2025-02-03,4950.00
NATIONAL RIFLE ASSOCIATION OF AMERICA,National Rifle Association of America Political Victory Fund,"Johnson, Mike",2025-02-03,4950.00
NATIONAL RIFLE ASSOCIATION OF AMERICA,National Rifle Association of America Political Victory Fund,"Patronis, Jimmy",2025-02-03,1000.00
NATIONAL RIFLE ASSOCIATION OF AMERICA,National Rifle Association of America Political Victory Fund,"Fine, Randy",2025-02-03,1000.00
NATIONAL RIFLE ASSOCIATION OF AMERICA,National Rifle Association of America Political Victory Fund,"Emmer, Thomas, Jr.",2025-04-01,4950.00
NATIONAL RIFLE ASSOCIATION OF AMERICA,National Rifle Association of America Political Victory Fund,"Cole, Tom",2025-04-01,4950.00
NATIONAL RIFLE ASSOCIATION OF AMERICA,National Rifle Association of America Political Victory Fund,"Jordon, Jim",2025-04-01,4950.00
NATIONAL RIFLE ASSOCIATION OF AMERICA,National Rifle Association of America Political Victory Fund,"Ellzey, Jake",2025-04-24,1000.00
NATIONAL RIFLE ASSOCIATION OF AMERICA,National Rifle Association of America Political Victory Fund,"Scalise, Steve",2025-04-24,4950.00
NATIONAL RIFLE ASSOCIATION OF AMERICA,National Rifle Association of America Political Victory Fund,"Hudson, Richard, Jr.",2025-04-24,4950.00
NATIONAL RIFLE ASSOCIATION OF AMERICA,National Rifle Association of America Political Victory Fund,"Thune, John",2025-05-05,5000.00
NATIONAL RIFLE ASSOCIATION OF AMERICA,National Rifle Association of America Political Victory Fund,"Thune, John",2025-05-05,5000.00
NATIONAL RIFLE ASSOCIATION OF AMERICA,National Rifle Association of America Political Victory Fund,"Hamadeh, Abraham",2025-05-16,1000.00
NATIONAL RIFLE ASSOCIATION OF AMERICA,National Rifle Association of America Political Victory Fund,"Pfluger, August",2025-05-16,1000.00
NATIONAL RIFLE ASSOCIATION OF AMERICA,National Rifle Association of America Political Victory Fund,"Babin, Brian",2025-05-16,1000.00
NATIONAL RIFLE ASSOCIATION OF AMERICA,National Rifle Association of America Political Victory Fund,"Huizenga, William",2025-05-16,1000.00
NATIONAL RIFLE ASSOCIATION OF AMERICA,National Rifle Association of America Political Victory Fund,"Miller, Carol Devine",2025-05-16,1000.00
NATIONAL RIFLE ASSOCIATION OF AMERICA,National Rifle Association of America Political Victory Fund,"Maloy, Celeste",2025-05-16,1000.00
NATIONAL RIFLE ASSOCIATION OF AMERICA,National Rifle Association of America Political Victory Fund,"Hyde-Smith, Cindy",2025-05-16,1000.00
NATIONAL RIFLE ASSOCIATION OF AMERICA,National Rifle Association of America Political Victory Fund,"Mills, Cory",2025-05-16,1000.00
NATIONAL RIFLE ASSOCIATION OF AMERICA,National Rifle Association of America Political Victory Fund,"Lummis, Cynthia",2025-05-16,1000.00
NATIONAL RIFLE ASSOCIATION OF AMERICA,National Rifle Association of America Political Victory Fund,"Newhouse, Dan",2025-05-16,1000.00
NATIONAL RIFLE ASSOCIATION OF AMERICA,National Rifle Association of America Political Victory Fund,"Sullivan, Dan",2025-05-16,1000.00
NATIONAL RIFLE ASSOCIATION OF AMERICA,National Rifle Association of America Political Victory Fund,"Risch, Jim",2025-05-16,1000.00
NATIONAL RIFLE ASSOCIATION OF AMERICA,National Rifle Association of America Political Victory Fund,"Husted, Jon",2025-05-16,1000.00
NATIONAL RIFLE ASSOCIATION OF AMERICA,National Rifle Association of America Political Victory Fund,"Stutzman, Marlin",2025-05-16,1000.00
NATIONAL RIFLE ASSOCIATION OF AMERICA,National Rifle Association of America Political Victory Fund,"Miller, Mary",2025-05-16,1000.00
NATIONAL RIFLE ASSOCIATION OF AMERICA,National Rifle Association of America Political Victory Fund,"Kennedy, Mike",2025-05-16,1000.00
NATIONAL RIFLE ASSOCIATION OF AMERICA,National Rifle Association of America Political Victory Fund,"Rounds, Mike",2025-05-16,1000.00
NATIONAL RIFLE ASSOCIATION OF AMERICA,National Rifle Association of America Political Victory Fund,"Ricketts, Pete",2025-05-16,1000.00
NATIONAL RIFLE ASSOCIATION OF AMERICA,National Rifle Association of America Political Victory Fund,"Marshall, Roger",2025-05-16,1000.00
NATIONAL RIFLE ASSOCIATION OF AMERICA,National Rifle Association of America Political Victory Fund,"Mullin, Markwayne",2025-05-16,1000.00
NATIONAL RIFLE ASSOCIATION OF AMERICA,National Rifle Association of America Political Victory Fund,"Walberg, Timothy",2025-05-16,1000.00
NATIONAL RIFLE ASSOCIATION OF AMERICA,National Rifle Association of America Political Victory Fund,"Barrett, Tom",2025-05-16,1000.00
NATIONAL RIFLE ASSOCIATION OF AMERICA,National Rifle Association of America Political Victory Fund,"Meuser, Daniel",2025-06-24,1000.00
NATIONAL RIFLE ASSOCIATION OF AMERICA,National Rifle Association of America Political Victory Fund,"Cammack, Kat",2025-06-23,1000.00
NATIONAL RIFLE ASSOCIATION OF AMERICA,National Rifle Association of America Political Victory Fund,"Letlow, Julia",2025-06-23,1000.00
NATIONAL RIFLE ASSOCIATION OF AMERICA,National Rifle Association of America Political Victory Fund,"Norman, Ralph",2025-06-23,1000.00
NATIONAL RIFLE ASSOCIATION OF AMERICA,National Rifle Association of America Political Victory Fund,"Hurd, Jeff",2025-06-23,1000.00
NATIONAL RIFLE ASSOCIATION OF AMERICA,National Rifle Association of America Political Victory Fund,"Grothman, Glenn",2025-06-23,1000.00
NATIONAL RIFLE ASSOCIATION OF AMERICA,National Rifle Association of America Political Victory Fund,"Moore, Tim",2025-06-23,1000.00
NATIONAL RIFLE ASSOCIATION OF AMERICA,National Rifle Association of America Political Victory Fund,N/A,2025-01-07,30000.00
NATIONAL RIFLE ASSOCIATION OF AMERICA,National Rifle Association of America Political Victory Fund,N/A,2025-01-10,15000.00
NATIONAL RIFLE ASSOCIATION OF AMERICA,National Rifle Association of America Political Victory Fund,N/A,2025-01-10,45000.00
NATIONAL RIFLE ASSOCIATION OF AMERICA,National Rifle Association of America Political Victory Fund,N/A,2025-01-10,40000.00
NATIONAL RIFLE ASSOCIATION OF AMERICA,National Rifle Association of America Political Victory Fund,N/A,2025-01-20,30000.00
NATIONAL RIFLE ASSOCIATION OF AMERICA,National Rifle Association of America Political Victory Fund,"Johnson, Mike",2025-02-03,4950.00
NATIONAL RIFLE ASSOCIATION OF AMERICA,National Rifle Association of America Political Victory Fund,"Johnson, Mike",2025-02-03,4950.00
NATIONAL RIFLE ASSOCIATION OF AMERICA,National Rifle Association of America Political Victory Fund,"Johnson, Mike",2025-02-03,4950.00
NATIONAL RIFLE ASSOCIATION OF AMERICA,National Rifle Association of America Political Victory Fund,"Patronis, Jimmy",2025-02-03,1000.00
NATIONAL RIFLE ASSOCIATION OF AMERICA,National Rifle Association of America Political Victory Fund,"Fine, Randy",2025-02-03,1000.00
NATIONAL RIFLE ASSOCIATION OF AMERICA,National Rifle Association of America Political Victory Fund,"Emmer, Thomas, Jr.",2025-04-01,4950.00
NATIONAL RIFLE ASSOCIATION OF AMERICA,National Rifle Association of America Political Victory Fund,"Cole, Tom",2025-04-01,4950.00
NATIONAL RIFLE ASSOCIATION OF AMERICA,National Rifle Association of America Political Victory Fund,"Jordon, Jim",2025-04-01,4950.00
NATIONAL RIFLE ASSOCIATION OF AMERICA,National Rifle Association of America Political Victory Fund,"Ellzey, Jake",2025-04-24,1000.00
NATIONAL RIFLE ASSOCIATION OF AMERICA,National Rifle Association of America Political Victory Fund,"Scalise, Steve",2025-04-24,4950.00
NATIONAL RIFLE ASSOCIATION OF AMERICA,National Rifle Association of America Political Victory Fund,"Hudson, Richard, Jr.",2025-04-24,4950.00
NATIONAL RIFLE ASSOCIATION OF AMERICA,National Rifle Association of America Political Victory Fund,"Thune, John",2025-05-05,5000.00
NATIONAL RIFLE ASSOCIATION OF AMERICA,National Rifle Association of America Political Victory Fund,"Thune, John",2025-05-05,5000.00
NATIONAL RIFLE ASSOCIATION OF AMERICA,National Rifle Association of America Political Victory Fund,"Hamadeh, Abraham",2025-05-16,1000.00
NATIONAL RIFLE ASSOCIATION OF AMERICA,National Rifle Association of America Political Victory Fund,"Pfluger, August",2025-05-16,1000.00
NATIONAL RIFLE ASSOCIATION OF AMERICA,National Rifle Association of America Political Victory Fund,"Babin, Brian",2025-05-16,1000.00
NATIONAL RIFLE ASSOCIATION OF AMERICA,National Rifle Association of America Political Victory Fund,"Huizenga, William",2025-05-16,1000.00
NATIONAL RIFLE ASSOCIATION OF AMERICA,National Rifle Association of America Political Victory Fund,"Miller, Carol Devine",2025-05-16,1000.00
NATIONAL RIFLE ASSOCIATION OF AMERICA,National Rifle Association of America Political Victory Fund,"Maloy, Celeste",2025-05-16,1000.00
NATIONAL RIFLE ASSOCIATION OF AMERICA,National Rifle Association of America Political Victory Fund,"Hyde-Smith, Cindy",2025-05-16,1000.00
NATIONAL RIFLE ASSOCIATION OF AMERICA,National Rifle Association of America Political Victory Fund,"Mills, Cory",2025-05-16,1000.00
NATIONAL RIFLE ASSOCIATION OF AMERICA,National Rifle Association of America Political Victory Fund,"Lummis, Cynthia",2025-05-16,1000.00
NATIONAL RIFLE ASSOCIATION OF AMERICA,National Rifle Association of America Political Victory Fund,"Newhouse, Dan",2025-05-16,1000.00
NATIONAL RIFLE ASSOCIATION OF AMERICA,National Rifle Association of America Political Victory Fund,"Sullivan, Dan",2025-05-16,1000.00
NATIONAL RIFLE ASSOCIATION OF AMERICA,National Rifle Association of America Political Victory Fund,"Risch, Jim",2025-05-16,1000.00
NATIONAL RIFLE ASSOCIATION OF AMERICA,National Rifle Association of America Political Victory Fund,"Husted, Jon",2025-05-16,1000.00
NATIONAL RIFLE ASSOCIATION OF AMERICA,National Rifle Association of America Political Victory Fund,"Stutzman, Marlin",2025-05-16,1000.00
NATIONAL RIFLE ASSOCIATION OF AMERICA,National Rifle Association of America Political Victory Fund,"Miller, Mary",2025-05-16,1000.00
NATIONAL RIFLE ASSOCIATION OF AMERICA,National Rifle Association of America Political Victory Fund,"Kennedy, Mike",2025-05-16,1000.00
NATIONAL RIFLE ASSOCIATION OF AMERICA,National Rifle Association of America Political Victory Fund,"Rounds, Mike",2025-05-16,1000.00
NATIONAL RIFLE ASSOCIATION OF AMERICA,National Rifle Association of America Political Victory Fund,"Ricketts, Pete",2025-05-16,1000.00
NATIONAL RIFLE ASSOCIATION OF AMERICA,National Rifle Association of America Political Victory Fund,"Marshall, Roger",2025-05-16,1000.00
NATIONAL RIFLE ASSOCIATION OF AMERICA,National Rifle Association of America Political Victory Fund,"Mullin, Markwayne",2025-05-16,1000.00
NATIONAL RIFLE ASSOCIATION OF AMERICA,National Rifle Association of America Political Victory Fund,"Walberg, Timothy",2025-05-16,1000.00
NATIONAL RIFLE ASSOCIATION OF AMERICA,National Rifle Association of America Political Victory Fund,"Barrett, Tom",2025-05-16,1000.00
NATIONAL RIFLE ASSOCIATION OF AMERICA,National Rifle Association of America Political Victory Fund,"Meuser, Daniel",2025-06-24,1000.00
NATIONAL RIFLE ASSOCIATION OF AMERICA,National Rifle Association of America Political Victory Fund,"Cammack, Kat",2025-06-23,1000.00
NATIONAL RIFLE ASSOCIATION OF AMERICA,National Rifle Association of America Political Victory Fund,"Letlow, Julia",2025-06-23,1000.00
NATIONAL RIFLE ASSOCIATION OF AMERICA,National Rifle Association of America Political Victory Fund,"Norman, Ralph",2025-06-23,1000.00
NATIONAL RIFLE ASSOCIATION OF AMERICA,National Rifle Association of America Political Victory Fund,"Hurd, Jeff",2025-06-23,1000.00
NATIONAL RIFLE ASSOCIATION OF AMERICA,National Rifle Association of America Political Victory Fund,"Grothman, Glenn",2025-06-23,1000.00
NATIONAL RIFLE ASSOCIATION OF AMERICA,National Rifle Association of America Political Victory Fund,"Moore, Tim",2025-06-23,1000.00
NATIONAL RIFLE ASSOCIATION OF AMERICA,National Rifle Association of America Political Victory Fund,N/A,2025-01-07,30000.00
NATIONAL RIFLE ASSOCIATION OF AMERICA,National Rifle Association of America Political Victory Fund,N/A,2025-01-10,15000.00
NATIONAL RIFLE ASSOCIATION OF AMERICA,National Rifle Association of America Political Victory Fund,N/A,2025-01-10,45000.00
NATIONAL RIFLE ASSOCIATION OF AMERICA,National Rifle Association of America Political Victory Fund,N/A,2025-01-10,40000.00
NATIONAL RIFLE ASSOCIATION OF AMERICA,National Rifle Association of America Political Victory Fund,N/A,2025-01-20,30000.00
NATIONAL RIFLE ASSOCIATION OF AMERICA,National Rifle Association of America Political Victory Fund,"Johnson, Mike",2025-02-03,4950.00
NATIONAL RIFLE ASSOCIATION OF AMERICA,National Rifle Association of America Political Victory Fund,"Johnson, Mike",2025-02-03,4950.00
NATIONAL RIFLE ASSOCIATION OF AMERICA,National Rifle Association of America Political Victory Fund,"Johnson, Mike",2025-02-03,4950.00
NATIONAL RIFLE ASSOCIATION OF AMERICA,National Rifle Association of America Political Victory Fund,"Patronis, Jimmy",2025-02-03,1000.00
NATIONAL RIFLE ASSOCIATION OF AMERICA,National Rifle Association of America Political Victory Fund,"Fine, Randy",2025-02-03,1000.00
NATIONAL RIFLE ASSOCIATION OF AMERICA,National Rifle Association of America Political Victory Fund,"Emmer, Thomas, Jr.",2025-04-01,4950.00
NATIONAL RIFLE ASSOCIATION OF AMERICA,National Rifle Association of America Political Victory Fund,"Cole, Tom",2025-04-01,4950.00
NATIONAL RIFLE ASSOCIATION OF AMERICA,National Rifle Association of America Political Victory Fund,"Jordon, Jim",2025-04-01,4950.00
NATIONAL RIFLE ASSOCIATION OF AMERICA,National Rifle Association of America Political Victory Fund,"Ellzey, Jake",2025-04-24,1000.00
NATIONAL RIFLE ASSOCIATION OF AMERICA,National Rifle Association of America Political Victory Fund,"Scalise, Steve",2025-04-24,4950.00
NATIONAL RIFLE ASSOCIATION OF AMERICA,National Rifle Association of America Political Victory Fund,"Hudson, Richard, Jr.",2025-04-24,4950.00
NATIONAL RIFLE ASSOCIATION OF AMERICA,National Rifle Association of America Political Victory Fund,"Thune, John",2025-05-05,5000.00
NATIONAL RIFLE ASSOCIATION OF AMERICA,National Rifle Association of America Political Victory Fund,"Thune, John",2025-05-05,5000.00
NATIONAL RIFLE ASSOCIATION OF AMERICA,National Rifle Association of America Political Victory Fund,"Hamadeh, Abraham",2025-05-16,1000.00
NATIONAL RIFLE ASSOCIATION OF AMERICA,National Rifle Association of America Political Victory Fund,"Pfluger, August",2025-05-16,1000.00
NATIONAL RIFLE ASSOCIATION OF AMERICA,National Rifle Association of America Political Victory Fund,"Babin, Brian",2025-05-16,1000.00
NATIONAL RIFLE ASSOCIATION OF AMERICA,National Rifle Association of America Political Victory Fund,"Huizenga, William",2025-05-16,1000.00
NATIONAL RIFLE ASSOCIATION OF AMERICA,National Rifle Association of America Political Victory Fund,"Miller, Carol Devine",2025-05-16,1000.00
NATIONAL RIFLE ASSOCIATION OF AMERICA,National Rifle Association of America Political Victory Fund,"Maloy, Celeste",2025-05-16,1000.00
NATIONAL RIFLE ASSOCIATION OF AMERICA,National Rifle Association of America Political Victory Fund,"Hyde-Smith, Cindy",2025-05-16,1000.00
NATIONAL RIFLE ASSOCIATION OF AMERICA,National Rifle Association of America Political Victory Fund,"Mills, Cory",2025-05-16,1000.00
NATIONAL RIFLE ASSOCIATION OF AMERICA,National Rifle Association of America Political Victory Fund,"Lummis, Cynthia",2025-05-16,1000.00
NATIONAL RIFLE ASSOCIATION OF AMERICA,National Rifle Association of America Political Victory Fund,"Newhouse, Dan",2025-05-16,1000.00
NATIONAL RIFLE ASSOCIATION OF AMERICA,National Rifle Association of America Political Victory Fund,"Sullivan, Dan",2025-05-16,1000.00
NATIONAL RIFLE ASSOCIATION OF AMERICA,National Rifle Association of America Political Victory Fund,"Risch, Jim",2025-05-16,1000.00
NATIONAL RIFLE ASSOCIATION OF AMERICA,National Rifle Association of America Political Victory Fund,"Husted, Jon",2025-05-16,1000.00
NATIONAL RIFLE ASSOCIATION OF AMERICA,National Rifle Association of America Political Victory Fund,"Stutzman, Marlin",2025-05-16,1000.00
NATIONAL RIFLE ASSOCIATION OF AMERICA,National Rifle Association of America Political Victory Fund,"Miller, Mary",2025-05-16,1000.00
NATIONAL RIFLE ASSOCIATION OF AMERICA,National Rifle Association of America Political Victory Fund,"Kennedy, Mike",2025-05-16,1000.00
NATIONAL RIFLE ASSOCIATION OF AMERICA,National Rifle Association of America Political Victory Fund,"Rounds, Mike",2025-05-16,1000.00
NATIONAL RIFLE ASSOCIATION OF AMERICA,National Rifle Association of America Political Victory Fund,"Ricketts, Pete",2025-05-16,1000.00
NATIONAL RIFLE ASSOCIATION OF AMERICA,National Rifle Association of America Political Victory Fund,"Marshall, Roger",2025-05-16,1000.00
NATIONAL RIFLE ASSOCIATION OF AMERICA,National Rifle Association of America Political Victory Fund,"Mullin, Markwayne",2025-05-16,1000.00
NATIONAL RIFLE ASSOCIATION OF AMERICA,National Rifle Association of America Political Victory Fund,"Walberg, Timothy",2025-05-16,1000.00
NATIONAL RIFLE ASSOCIATION OF AMERICA,National Rifle Association of America Political Victory Fund,"Barrett, Tom",2025-05-16,1000.00
NATIONAL RIFLE ASSOCIATION OF AMERICA,National Rifle Association of America Political Victory Fund,"Meuser, Daniel",2025-06-24,1000.00
NATIONAL RIFLE ASSOCIATION OF AMERICA,National Rifle Association of America Political Victory Fund,"Cammack, Kat",2025-06-23,1000.00
NATIONAL RIFLE ASSOCIATION OF AMERICA,National Rifle Association of America Political Victory Fund,"Letlow, Julia",2025-06-23,1000.00
NATIONAL RIFLE ASSOCIATION OF AMERICA,National Rifle Association of America Political Victory Fund,"Norman, Ralph",2025-06-23,1000.00
NATIONAL RIFLE ASSOCIATION OF AMERICA,National Rifle Association of America Political Victory Fund,"Hurd, Jeff",2025-06-23,1000.00
NATIONAL RIFLE ASSOCIATION OF AMERICA,National Rifle Association of America Political Victory Fund,"Grothman, Glenn",2025-06-23,1000.00
NATIONAL RIFLE ASSOCIATION OF AMERICA,National Rifle Association of America Political Victory Fund,"Moore, Tim",2025-06-23,1000.00
NATIONAL RIFLE ASSOCIATION OF AMERICA,National Rifle Association of America Political Victory Fund,N/A,2025-01-07,30000.00
NATIONAL RIFLE ASSOCIATION OF AMERICA,National Rifle Association of America Political Victory Fund,N/A,2025-01-10,15000.00
NATIONAL RIFLE ASSOCIATION OF AMERICA,National Rifle Association of America Political Victory Fund,N/A,2025-01-10,45000.00
NATIONAL RIFLE ASSOCIATION OF AMERICA,National Rifle Association of America Political Victory Fund,N/A,2025-01-10,40000.00
NATIONAL RIFLE ASSOCIATION OF AMERICA,National Rifle Association of America Political Victory Fund,N/A,2025-01-20,30000.00
NATIONAL RIFLE ASSOCIATION OF AMERICA,National Rifle Association of America Political Victory Fund,"Johnson, Mike",2025-02-03,4950.00
NATIONAL RIFLE ASSOCIATION OF AMERICA,National Rifle Association of America Political Victory Fund,"Johnson, Mike",2025-02-03,4950.00
NATIONAL RIFLE ASSOCIATION OF AMERICA,National Rifle Association of America Political Victory Fund,"Johnson, Mike",2025-02-03,4950.00
NATIONAL RIFLE ASSOCIATION OF AMERICA,National Rifle Association of America Political Victory Fund,"Patronis, Jimmy",2025-02-03,1000.00
NATIONAL RIFLE ASSOCIATION OF AMERICA,National Rifle Association of America Political Victory Fund,"Fine, Randy",2025-02-03,1000.00
NATIONAL RIFLE ASSOCIATION OF AMERICA,National Rifle Association of America Political Victory Fund,"Emmer, Thomas, Jr.",2025-04-01,4950.00
NATIONAL RIFLE ASSOCIATION OF AMERICA,National Rifle Association of America Political Victory Fund,"Cole, Tom",2025-04-01,4950.00
NATIONAL RIFLE ASSOCIATION OF AMERICA,National Rifle Association of America Political Victory Fund,"Jordon, Jim",2025-04-01,4950.00
NATIONAL RIFLE ASSOCIATION OF AMERICA,National Rifle Association of America Political Victory Fund,"Ellzey, Jake",2025-04-24,1000.00
NATIONAL RIFLE ASSOCIATION OF AMERICA,National Rifle Association of America Political Victory Fund,"Scalise, Steve",2025-04-24,4950.00
NATIONAL RIFLE ASSOCIATION OF AMERICA,National Rifle Association of America Political Victory Fund,"Hudson, Richard, Jr.",2025-04-24,4950.00
NATIONAL RIFLE ASSOCIATION OF AMERICA,National Rifle Association of America Political Victory Fund,"Thune, John",2025-05-05,5000.00
NATIONAL RIFLE ASSOCIATION OF AMERICA,National Rifle Association of America Political Victory Fund,"Thune, John",2025-05-05,5000.00
NATIONAL RIFLE ASSOCIATION OF AMERICA,National Rifle Association of America Political Victory Fund,"Hamadeh, Abraham",2025-05-16,1000.00
NATIONAL RIFLE ASSOCIATION OF AMERICA,National Rifle Association of America Political Victory Fund,"Pfluger, August",2025-05-16,1000.00
NATIONAL RIFLE ASSOCIATION OF AMERICA,National Rifle Association of America Political Victory Fund,"Babin, Brian",2025-05-16,1000.00
NATIONAL RIFLE ASSOCIATION OF AMERICA,National Rifle Association of America Political Victory Fund,"Huizenga, William",2025-05-16,1000.00
NATIONAL RIFLE ASSOCIATION OF AMERICA,National Rifle Association of America Political Victory Fund,"Miller, Carol Devine",2025-05-16,1000.00
NATIONAL RIFLE ASSOCIATION OF AMERICA,National Rifle Association of America Political Victory Fund,"Maloy, Celeste",2025-05-16,1000.00
NATIONAL RIFLE ASSOCIATION OF AMERICA,National Rifle Association of America Political Victory Fund,"Hyde-Smith, Cindy",2025-05-16,1000.00
NATIONAL RIFLE ASSOCIATION OF AMERICA,National Rifle Association of America Political Victory Fund,"Mills, Cory",2025-05-16,1000.00
NATIONAL RIFLE ASSOCIATION OF AMERICA,National Rifle Association of America Political Victory Fund,"Lummis, Cynthia",2025-05-16,1000.00
NATIONAL RIFLE ASSOCIATION OF AMERICA,National Rifle Association of America Political Victory Fund,"Newhouse, Dan",2025-05-16,1000.00
NATIONAL RIFLE ASSOCIATION OF AMERICA,National Rifle Association of America Political Victory Fund,"Sullivan, Dan",2025-05-16,1000.00
NATIONAL RIFLE ASSOCIATION OF AMERICA,National Rifle Association of America Political Victory Fund,"Risch, Jim",2025-05-16,1000.00
NATIONAL RIFLE ASSOCIATION OF AMERICA,National Rifle Association of America Political Victory Fund,"Husted, Jon",2025-05-16,1000.00
NATIONAL RIFLE ASSOCIATION OF AMERICA,National Rifle Association of America Political Victory Fund,"Stutzman, Marlin",2025-05-16,1000.00
NATIONAL RIFLE ASSOCIATION OF AMERICA,National Rifle Association of America Political Victory Fund,"Miller, Mary",2025-05-16,1000.00
NATIONAL RIFLE ASSOCIATION OF AMERICA,National Rifle Association of America Political Victory Fund,"Kennedy, Mike",2025-05-16,1000.00
NATIONAL RIFLE ASSOCIATION OF AMERICA,National Rifle Association of America Political Victory Fund,"Rounds, Mike",2025-05-16,1000.00
NATIONAL RIFLE ASSOCIATION OF AMERICA,National Rifle Association of America Political Victory Fund,"Ricketts, Pete",2025-05-16,1000.00
NATIONAL RIFLE ASSOCIATION OF AMERICA,National Rifle Association of America Political Victory Fund,"Marshall, Roger",2025-05-16,1000.00
NATIONAL RIFLE ASSOCIATION OF AMERICA,National Rifle Association of America Political Victory Fund,"Mullin, Markwayne",2025-05-16,1000.00
NATIONAL RIFLE ASSOCIATION OF AMERICA,National Rifle Association of America Political Victory Fund,"Walberg, Timothy",2025-05-16,1000.00
NATIONAL RIFLE ASSOCIATION OF AMERICA,National Rifle Association of America Political Victory Fund,"Barrett, Tom",2025-05-16,1000.00
NATIONAL RIFLE ASSOCIATION OF AMERICA,National Rifle Association of America Political Victory Fund,"Meuser, Daniel",2025-06-24,1000.00
NATIONAL RIFLE ASSOCIATION OF AMERICA,National Rifle Association of America Political Victory Fund,"Cammack, Kat",2025-06-23,1000.00
NATIONAL RIFLE ASSOCIATION OF AMERICA,National Rifle Association of America Political Victory Fund,"Letlow, Julia",2025-06-23,1000.00
NATIONAL RIFLE ASSOCIATION OF AMERICA,National Rifle Association of America Political Victory Fund,"Norman, Ralph",2025-06-23,1000.00
NATIONAL RIFLE ASSOCIATION OF AMERICA,National Rifle Association of America Political Victory Fund,"Hurd, Jeff",2025-06-23,1000.00
NATIONAL RIFLE ASSOCIATION OF AMERICA,National Rifle Association of America Political Victory Fund,"Grothman, Glenn",2025-06-23,1000.00
NATIONAL RIFLE ASSOCIATION OF AMERICA,National Rifle Association of America Political Victory Fund,"Moore, Tim",2025-06-23,1000.00
NATIONAL RIFLE ASSOCIATION OF AMERICA,National Rifle Association of America Political Victory Fund,N/A,2025-01-07,30000.00
NATIONAL RIFLE ASSOCIATION OF AMERICA,National Rifle Association of America Political Victory Fund,N/A,2025-01-10,15000.00
NATIONAL RIFLE ASSOCIATION OF AMERICA,National Rifle Association of America Political Victory Fund,N/A,2025-01-10,45000.00
NATIONAL RIFLE ASSOCIATION OF AMERICA,National Rifle Association of America Political Victory Fund,N/A,2025-01-10,40000.00
NATIONAL RIFLE ASSOCIATION OF AMERICA,National Rifle Association of America Political Victory Fund,N/A,2025-01-20,30000.00
NATIONAL RIFLE ASSOCIATION OF AMERICA,National Rifle Association of America Political Victory Fund,"Johnson, Mike",2025-02-03,4950.00
NATIONAL RIFLE ASSOCIATION OF AMERICA,National Rifle Association of America Political Victory Fund,"Johnson, Mike",2025-02-03,4950.00
NATIONAL RIFLE ASSOCIATION OF AMERICA,National Rifle Association of America Political Victory Fund,"Johnson, Mike",2025-02-03,4950.00
NATIONAL RIFLE ASSOCIATION OF AMERICA,National Rifle Association of America Political Victory Fund,"Patronis, Jimmy",2025-02-03,1000.00
NATIONAL RIFLE ASSOCIATION OF AMERICA,National Rifle Association of America Political Victory Fund,"Fine, Randy",2025-02-03,1000.00
NATIONAL RIFLE ASSOCIATION OF AMERICA,National Rifle Association of America Political Victory Fund,"Emmer, Thomas, Jr.",2025-04-01,4950.00
NATIONAL RIFLE ASSOCIATION OF AMERICA,National Rifle Association of America Political Victory Fund,"Cole, Tom",2025-04-01,4950.00
NATIONAL RIFLE ASSOCIATION OF AMERICA,National Rifle Association of America Political Victory Fund,"Jordon, Jim",2025-04-01,4950.00
NATIONAL RIFLE ASSOCIATION OF AMERICA,National Rifle Association of America Political Victory Fund,"Ellzey, Jake",2025-04-24,1000.00
NATIONAL RIFLE ASSOCIATION OF AMERICA,National Rifle Association of America Political Victory Fund,"Scalise, Steve",2025-04-24,4950.00
NATIONAL RIFLE ASSOCIATION OF AMERICA,National Rifle Association of America Political Victory Fund,"Hudson, Richard, Jr.",2025-04-24,4950.00
NATIONAL RIFLE ASSOCIATION OF AMERICA,National Rifle Association of America Political Victory Fund,"Thune, John",2025-05-05,5000.00
NATIONAL RIFLE ASSOCIATION OF AMERICA,National Rifle Association of America Political Victory Fund,"Thune, John",2025-05-05,5000.00
NATIONAL RIFLE ASSOCIATION OF AMERICA,National Rifle Association of America Political Victory Fund,"Hamadeh, Abraham",2025-05-16,1000.00
NATIONAL RIFLE ASSOCIATION OF AMERICA,National Rifle Association of America Political Victory Fund,"Pfluger, August",2025-05-16,1000.00
NATIONAL RIFLE ASSOCIATION OF AMERICA,National Rifle Association of America Political Victory Fund,"Babin, Brian",2025-05-16,1000.00
