organization,pacs,honoree,date,amount_usd
"TRANSPORT WORKERS UNION OF AMERICA, AFL-CIO",Transport Workers Union of America Political Contributions Committee,Nicole Malliotakis,2025-03-18,2500.00
"TRANSPORT WORKERS UNION OF AMERICA, AFL-CIO",Transport Workers Union of America Political Contributions Committee,Maxwell Alejandro Frost,2025-03-18,2500.00
"TRANSPORT WORKERS UNION OF AMERICA, AFL-CIO",Transport Workers Union of America Political Contributions Committee,Yvette Clarke,2025-03-18,5000.00
"TRANSPORT WORKERS UNION OF AMERICA, AFL-CIO",Transport Workers Union of America Political Contributions Committee,Dem Sen Camp Cmte(DSCC)-Federal Acct,2025-03-18,45000.00
"TRANSPORT WORKERS UNION OF AMERICA, AFL-CIO",Transport Workers Union of America Political Contributions Committee,Dina Titus,2025-03-18,5000.00
"TRANSPORT WORKERS UNION OF AMERICA, AFL-CIO",Transport Workers Union of America Political Contributions Committee,Andrea Salinas,2025-03-18,1000.00
"TRANSPORT WORKERS UNION OF AMERICA, AFL-CIO",Transport Workers Union of America Political Contributions Committee,Chris Pappas,2025-03-18,5000.00
"TRANSPORT WORKERS UNION OF AMERICA, AFL-CIO",Transport Workers Union of America Political Contributions Committee,Rick Larsen,2025-03-18,5000.00
"TRANSPORT WORKERS UNION OF AMERICA, AFL-CIO",Transport Workers Union of America Political Contributions Committee,Shomari Figures,2025-03-18,1000.00
"TRANSPORT WORKERS UNION OF AMERICA, AFL-CIO",Transport Workers Union of America Political Contributions Committee,Andre Carson,2025-03-18,1000.00
"TRANSPORT WORKERS UNION OF AMERICA, AFL-CIO",Transport Workers Union of America Political Contributions Committee,Christopher Deluzio,2025-03-18,5000.00
"TRANSPORT WORKERS UNION OF AMERICA, AFL-CIO",Transport Workers Union of America Political Contributions Committee,Dem Cong Camp Cmte(DCCC)-Federal Acct,2025-03-18,45000.00
"TRANSPORT WORKERS UNION OF AMERICA, AFL-CIO",Transport Workers Union of America Political Contributions Committee,Dem Cong Camp Cmte(DCCC)-Federal Acct,2025-03-18,15000.00
"TRANSPORT WORKERS UNION OF AMERICA, AFL-CIO",Transport Workers Union of America Political Contributions Committee,Republican Italian American Committee,2025-03-18,1000.00
"TRANSPORT WORKERS UNION OF AMERICA, AFL-CIO",Transport Workers Union of America Political Contributions Committee,Dem Sen Camp Cmte(DSCC)-Federal Acct,2025-03-18,15000.00
"TRANSPORT WORKERS UNION OF AMERICA, AFL-CIO",Transport Workers Union of America Political Contributions Committee,Marc Veasey,2025-04-22,1000.00
"TRANSPORT WORKERS UNION OF AMERICA, AFL-CIO",Transport Workers Union of America Political Contributions Committee,Madeleine Dean,2025-04-22,1500.00
"TRANSPORT WORKERS UNION OF AMERICA, AFL-CIO",Transport Workers Union of America Political Contributions Committee,Kristen McDonald Rivet,2025-04-22,1500.00
"TRANSPORT WORKERS UNION OF AMERICA, AFL-CIO",Transport Workers Union of America Political Contributions Committee,Andre Carson,2025-04-22,1500.00
"TRANSPORT WORKERS UNION OF AMERICA, AFL-CIO",Transport Workers Union of America Political Contributions Committee,David Rouzer,2025-04-22,2500.00
"TRANSPORT WORKERS UNION OF AMERICA, AFL-CIO",Transport Workers Union of America Political Contributions Committee,Sharice Davids,2025-04-22,1500.00
"TRANSPORT WORKERS UNION OF AMERICA, AFL-CIO",Transport Workers Union of America Political Contributions Committee,Dwight Evans,2025-04-22,5000.00
"TRANSPORT WORKERS UNION OF AMERICA, AFL-CIO",Transport Workers Union of America Political Contributions Committee,Eleanor Holmes Norton,2025-04-22,1500.00
"TRANSPORT WORKERS UNION OF AMERICA, AFL-CIO",Transport Workers Union of America Political Contributions Committee,Rob Bresnahan,2025-04-22,2500.00
"TRANSPORT WORKERS UNION OF AMERICA, AFL-CIO",Transport Workers Union of America Political Contributions Committee,Brian Fitzpatrick,2025-04-22,5000.00
"TRANSPORT WORKERS UNION OF AMERICA, AFL-CIO",Transport Workers Union of America Political Contributions Committee,Brian Fitzpatrick,2025-04-22,5000.00
"TRANSPORT WORKERS UNION OF AMERICA, AFL-CIO",Transport Workers Union of America Political Contributions Committee,Frederica Wilson,2025-04-22,2000.00
"TRANSPORT WORKERS UNION OF AMERICA, AFL-CIO",Transport Workers Union of America Political Contributions Committee,Rosa DeLauro,2025-04-22,5000.00
"TRANSPORT WORKERS UNION OF AMERICA, AFL-CIO",Transport Workers Union of America Political Contributions Committee,Nicole Malliotakis,2025-04-22,2500.00
"TRANSPORT WORKERS UNION OF AMERICA, AFL-CIO",Transport Workers Union of America Political Contributions Committee,Rick Larsen,2025-05-29,5000.00
"TRANSPORT WORKERS UNION OF AMERICA, AFL-CIO",Transport Workers Union of America Political Contributions Committee,Brendan Boyle,2025-06-29,5000.00
"TRANSPORT WORKERS UNION OF AMERICA, AFL-CIO",Transport Workers Union of America Political Contributions Committee,Christopher Smith,2025-06-29,2500.00
"TRANSPORT WORKERS UNION OF AMERICA, AFL-CIO",Transport Workers Union of America Political Contributions Committee,Valerie Foushee,2025-06-29,1500.00
"TRANSPORT WORKERS UNION OF AMERICA, AFL-CIO",Transport Workers Union of America Political Contributions Committee,Donald Norcross,2025-06-29,5000.00
"TRANSPORT WORKERS UNION OF AMERICA, AFL-CIO",Transport Workers Union of America Political Contributions Committee,Tom Suozzi,2025-06-29,5000.00
"TRANSPORT WORKERS UNION OF AMERICA, AFL-CIO",Transport Workers Union of America Political Contributions Committee,Ted Lieu,2025-06-29,1000.00
"TRANSPORT WORKERS UNION OF AMERICA, AFL-CIO",Transport Workers Union of America Political Contributions Committee,Debbie Dingell,2025-06-29,5000.00
"TRANSPORT WORKERS UNION OF AMERICA, AFL-CIO",Transport Workers Union of America Political Contributions Committee,Sheila Cherfilus McCormick,2025-06-29,1000.00
"TRANSPORT WORKERS UNION OF AMERICA, AFL-CIO",Transport Workers Union of America Political Contributions Committee,Charles Schumer,2025-06-29,5000.00
"TRANSPORT WORKERS UNION OF AMERICA, AFL-CIO",Transport Workers Union of America Political Contributions Committee,Jill Tokuda,2025-06-29,1000.00
"TRANSPORT WORKERS UNION OF AMERICA, AFL-CIO",Transport Workers Union of America Political Contributions Committee,Maxwell Alejandro Frost,2025-06-29,2500.00
"TRANSPORT WORKERS UNION OF AMERICA, AFL-CIO",Transport Workers Union of America Political Contributions Committee,Daniel Hernandez,2025-06-29,2500.00
"TRANSPORT WORKERS UNION OF AMERICA, AFL-CIO",Transport Workers Union of America Political Contributions Committee,Nicole Malliotakis,2025-06-29,5000.00
"TRANSPORT WORKERS UNION OF AMERICA, AFL-CIO",Transport Workers Union of America Political Contributions Committee,Brad Schneider,2025-06-29,2500.00
"TRANSPORT WORKERS UNION OF AMERICA, AFL-CIO",Transport Workers Union of America Political Contributions Committee,George Latimer,2025-06-29,2500.00
"TRANSPORT WORKERS UNION OF AMERICA, AFL-CIO",Transport Workers Union of America Political Contributions Committee,Mark DeSaulnier,2025-06-29,2500.00
"TRANSPORT WORKERS UNION OF AMERICA, AFL-CIO",Transport Workers Union of America Political Contributions Committee,Andre Carson,2025-06-29,2500.00
"TRANSPORT WORKERS UNION OF AMERICA, AFL-CIO",Transport Workers Union of America Political Contributions Committee,Nikema Williams,2025-06-29,1000.00
"TRANSPORT WORKERS UNION OF AMERICA, AFL-CIO",Transport Workers Union of America Political Contributions Committee,Marcy Kaptur,2025-06-29,1500.00
"TRANSPORT WORKERS UNION OF AMERICA, AFL-CIO",Transport Workers Union of America Political Contributions Committee,Eric Sorensen,2025-06-29,2500.00
"TRANSPORT WORKERS UNION OF AMERICA, AFL-CIO",Transport Workers Union of America Political Contributions Committee,Mark Pocan,2025-06-29,5000.00
"TRANSPORT WORKERS UNION OF AMERICA, AFL-CIO",Transport Workers Union of America Political Contributions Committee,Pete Aguilar,2025-06-29,5000.00
"TRANSPORT WORKERS UNION OF AMERICA, AFL-CIO",Transport Workers Union of America Political Contributions Committee,John Mannion,2025-06-29,2500.00
"TRANSPORT WORKERS UNION OF AMERICA, AFL-CIO",Transport Workers Union of America Political Contributions Committee,Laura Friedman,2025-06-29,2500.00
"TRANSPORT WORKERS UNION OF AMERICA, AFL-CIO",Transport Workers Union of America Political Contributions Committee,Katherine Clark,2025-06-29,5000.00
"TRANSPORT WORKERS UNION OF AMERICA, AFL-CIO",Transport Workers Union of America Political Contributions Committee,Rosa DeLauro,2025-06-29,5000.00
"TRANSPORT WORKERS UNION OF AMERICA, AFL-CIO",Transport Workers Union of America Political Contributions Committee,Deborah Ross,2025-06-29,2500.00
"TRANSPORT WORKERS UNION OF AMERICA, AFL-CIO",Transport Workers Union of America Political Contributions Committee,Daniel Goldman,2025-06-29,2500.00
"TRANSPORT WORKERS UNION OF AMERICA, AFL-CIO",Transport Workers Union of America Political Contributions Committee,Chris Deluzio,2025-06-29,2500.00
"TRANSPORT WORKERS UNION OF AMERICA, AFL-CIO",Transport Workers Union of America Political Contributions Committee,Pete Aguilar,2025-06-29,5000.00
"TRANSPORT WORKERS UNION OF AMERICA, AFL-CIO",Transport Workers Union of America Political Contributions Committee,Darren Soto,2025-06-29,2000.00
"TRANSPORT WORKERS UNION OF AMERICA, AFL-CIO",Transport Workers Union of America Political Contributions Committee,Paul Tonko,2025-06-29,1500.00
"TRANSPORT WORKERS UNION OF AMERICA, AFL-CIO",Transport Workers Union of America Political Contributions Committee,Maxwell Alejandro Frost,2025-06-29,2500.00
"TRANSPORT WORKERS UNION OF AMERICA, AFL-CIO",Transport Workers Union of America Political Contributions Committee,Nick Lalota,2025-06-29,2500.00
"TRANSPORT WORKERS UNION OF AMERICA, AFL-CIO",Transport Workers Union of America Political Contributions Committee,Equality PAC,2025-06-29,5000.00
"TRANSPORT WORKERS UNION OF AMERICA, AFL-CIO",Transport Workers Union of America Political Contributions Committee,Brian Schatz,2025-06-29,5000.00
"TRANSPORT WORKERS UNION OF AMERICA, AFL-CIO",Transport Workers Union of America Political Contributions Committee,Katherine Clark,2025-06-29,5000.00
"TRANSPORT WORKERS UNION OF AMERICA, AFL-CIO",Transport Workers Union of America Political Contributions Committee,Joe Morelle,2025-06-29,5000.00
"TRANSPORT WORKERS UNION OF AMERICA, AFL-CIO",Transport Workers Union of America Political Contributions Committee,Laura Gillen,2025-06-29,2500.00
"TRANSPORT WORKERS UNION OF AMERICA, AFL-CIO",Transport Workers Union of America Political Contributions Committee,Angie Craig,2025-06-29,2500.00
"TRANSPORT WORKERS UNION OF AMERICA, AFL-CIO",Transport Workers Union of America Political Contributions Committee,Adriano Espaillat,2025-06-29,5000.00
"TRANSPORT WORKERS UNION OF AMERICA, AFL-CIO",Transport Workers Union of America Political Contributions Committee,TIMOTHY KENNEDY,2025-06-29,5000.00
"TRANSPORT WORKERS UNION OF AMERICA, AFL-CIO",Transport Workers Union of America Political Contributions Committee,Kirsten Gillibrand,2025-06-29,5000.00
"TRANSPORT WORKERS UNION OF AMERICA, AFL-CIO",Transport Workers Union of America Political Contributions Committee,Patrick Ryan,2025-06-29,2500.00
"TRANSPORT WORKERS UNION OF AMERICA, AFL-CIO",Transport Workers Union of America Political Contributions Committee,Steven Horsford,2025-06-29,5000.00
"TRANSPORT WORKERS UNION OF AMERICA, AFL-CIO",Transport Workers Union of America Political Contributions Committee,Timothy Kennedy,2025-06-29,5000.00
"TRANSPORT WORKERS UNION OF AMERICA, AFL-CIO",Transport Workers Union of America Political Contributions Committee,Joyce Beatty,2025-06-29,1000.00
"TRANSPORT WORKERS UNION OF AMERICA, AFL-CIO",Transport Workers Union of America Political Contributions Committee,Nydia Velazquez,2025-06-29,1000.00
"TRANSPORT WORKERS UNION OF AMERICA, AFL-CIO",Transport Workers Union of America Political Contributions Committee,Pramila Jayapal,2025-06-29,1500.00
"TRANSPORT WORKERS UNION OF AMERICA, AFL-CIO",Transport Workers Union of America Political Contributions Committee,Marilyn Strickland,2025-06-29,1500.00
"TRANSPORT WORKERS UNION OF AMERICA, AFL-CIO",Transport Workers Union of America Political Contributions Committee,Nick Lalota,2025-06-29,2500.00
"TRANSPORT WORKERS UNION OF AMERICA, AFL-CIO",Transport Workers Union of America Political Contributions Committee,Eric Schmitt,2025-06-29,2500.00
"TRANSPORT WORKERS UNION OF AMERICA, AFL-CIO",Transport Workers Union of America Political Contributions Committee,Frank MrVan,2025-06-29,1500.00
"TRANSPORT WORKERS UNION OF AMERICA, AFL-CIO",Transport Workers Union of America Political Contributions Committee,Brendan Boyle,2025-06-29,5000.00
"TRANSPORT WORKERS UNION OF AMERICA, AFL-CIO",Transport Workers Union of America Political Contributions Committee,Sustainable Energy and Environment Coalition PAC,2025-06-29,5000.00
"TRANSPORT WORKERS UNION OF AMERICA, AFL-CIO",Transport Workers Union of America Political Contributions Committee,Elect Democratic Women,2025-01-24,5000.00
"TRANSPORT WORKERS UNION OF AMERICA, AFL-CIO",Transport Workers Union of America Political Contributions Committee,Congressional Black Caucus PAC,2025-01-24,5000.00
"TRANSPORT WORKERS UNION OF AMERICA, AFL-CIO",Transport Workers Union of America Political Contributions Committee,Congressional Progressive Caucus PAC,2025-01-24,5000.00
"TRANSPORT WORKERS UNION OF AMERICA, AFL-CIO",Transport Workers Union of America Political Contributions Committee,Transportation Trades Department AFL-CIO (TTD PAC),2025-01-24,5000.00
"TRANSPORT WORKERS UNION OF AMERICA, AFL-CIO",Transport Workers Union of America Political Contributions Committee,Republican Mainstreet Partnership Pac,2025-01-24,5000.00
"TRANSPORT WORKERS UNION OF AMERICA, AFL-CIO",Transport Workers Union of America Political Contributions Committee,Democratic Party Of New Mexico - Federal,2025-01-24,1000.00
"TRANSPORT WORKERS UNION OF AMERICA, AFL-CIO",Transport Workers Union of America Political Contributions Committee,CHC Bold PAC,2025-01-24,5000.00
"TRANSPORT WORKERS UNION OF AMERICA, AFL-CIO",Transport Workers Union of America Political Contributions Committee,ASPIRE PAC,2025-01-24,5000.00
"TRANSPORT WORKERS UNION OF AMERICA, AFL-CIO",Transport Workers Union of America Political Contributions Committee,Republican Governance Group/Tuesday Group PAC,2025-02-21,5000.00
"TRANSPORT WORKERS UNION OF AMERICA, AFL-CIO",Transport Workers Union of America Political Contributions Committee,Luz Rivas,2025-02-21,2500.00
"TRANSPORT WORKERS UNION OF AMERICA, AFL-CIO",Transport Workers Union of America Political Contributions Committee,Hakeem Jeffries,2025-02-21,5000.00
"TRANSPORT WORKERS UNION OF AMERICA, AFL-CIO",Transport Workers Union of America Political Contributions Committee,Nikki Budzinski,2025-02-21,5000.00
"TRANSPORT WORKERS UNION OF AMERICA, AFL-CIO",Transport Workers Union of America Political Contributions Committee,Ritchie Torres,2025-02-21,5000.00
"TRANSPORT WORKERS UNION OF AMERICA, AFL-CIO",Transport Workers Union of America Political Contributions Committee,Michael Lawler,2025-02-21,5000.00
"TRANSPORT WORKERS UNION OF AMERICA, AFL-CIO",Transport Workers Union of America Political Contributions Committee,Hakeem Jeffries,2025-02-21,5000.00
"TRANSPORT WORKERS UNION OF AMERICA, AFL-CIO",Transport Workers Union of America Political Contributions Committee,Yassamin Ansari,2025-02-21,2500.00
"TRANSPORT WORKERS UNION OF AMERICA, AFL-CIO",Transport Workers Union of America Political Contributions Committee,Ritchie Torres,2025-02-21,5000.00
"TRANSPORT WORKERS UNION OF AMERICA, AFL-CIO",Transport Workers Union of America Political Contributions Committee,Michael Lawler,2025-02-21,5000.00
"TRANSPORT WORKERS UNION OF AMERICA, AFL-CIO",Transport Workers Union of America Political Contributions Committee,Valerie Hoyle,2025-02-21,2500.00
"TRANSPORT WORKERS UNION OF AMERICA, AFL-CIO",Transport Workers Union of America Political Contributions Committee,LaMonica McIver,2025-02-21,2500.00
"TRANSPORT WORKERS UNION OF AMERICA, AFL-CIO",Transport Workers Union of America Political Contributions Committee,George Whitesides,2025-02-21,2500.00
"TRANSPORT WORKERS UNION OF AMERICA, AFL-CIO",Transport Workers Union of America Political Contributions Committee,Sarah McBride,2025-02-21,2500.00
"TRANSPORT WORKERS UNION OF AMERICA, AFL-CIO",Transport Workers Union of America Political Contributions Committee,Hakeem Jeffries,2025-02-21,5000.00
"TRANSPORT WORKERS UNION OF AMERICA, AFL-CIO",Transport Workers Union of America Political Contributions Committee,Nikki Budzinski,2025-02-21,5000.00
"TRANSPORT WORKERS UNION OF AMERICA, AFL-CIO",Transport Workers Union of America Political Contributions Committee,Bennie Thompson,2025-02-21,5000.00
"TRANSPORT WORKERS UNION OF AMERICA, AFL-CIO",Transport Workers Union of America Political Contributions Committee,Lateefah Simon,2025-02-21,2500.00
"TRANSPORT WORKERS UNION OF AMERICA, AFL-CIO",Transport Workers Union of America Political Contributions Committee,Julie Johnson,2025-02-21,2500.00
"TRANSPORT WORKERS UNION OF AMERICA, AFL-CIO",Transport Workers Union of America Political Contributions Committee,Angie Craig,2025-02-21,2500.00
"TRANSPORT WORKERS UNION OF AMERICA, AFL-CIO",Transport Workers Union of America Political Contributions Committee,Nikki Budzinski,2025-02-21,5000.00
"TRANSPORT WORKERS UNION OF AMERICA, AFL-CIO",Transport Workers Union of America Political Contributions Committee,Bennie Thompson,2025-02-21,5000.00
"TRANSPORT WORKERS UNION OF AMERICA, AFL-CIO",Transport Workers Union of America Political Contributions Committee,TIMOTHY KENNEDY,2025-02-21,5000.00
"TRANSPORT WORKERS UNION OF AMERICA, AFL-CIO",Transport Workers Union of America Political Contributions Committee,Adam Gray,2025-02-21,2500.00
"TRANSPORT WORKERS UNION OF AMERICA, AFL-CIO",Transport Workers Union of America Political Contributions Committee,Ben Lujan,2025-03-18,2500.00
"TRANSPORT WORKERS UNION OF AMERICA, AFL-CIO",Transport Workers Union of America Political Contributions Committee,Darren Soto,2025-03-18,1000.00
"TRANSPORT WORKERS UNION OF AMERICA, AFL-CIO",Transport Workers Union of America Political Contributions Committee,Mike Quigley,2025-03-18,2500.00
"TRANSPORT WORKERS UNION OF AMERICA, AFL-CIO",Transport Workers Union of America Political Contributions Committee,John Mannion,2025-03-18,2500.00
"TRANSPORT WORKERS UNION OF AMERICA, AFL-CIO",Transport Workers Union of America Political Contributions Committee,Andrew Garbarino,2025-03-18,5000.00
"TRANSPORT WORKERS UNION OF AMERICA, AFL-CIO",Transport Workers Union of America Political Contributions Committee,Chris Deluzio,2025-03-18,2500.00
"TRANSPORT WORKERS UNION OF AMERICA, AFL-CIO",Transport Workers Union of America Political Contributions Committee,Don Bacon,2025-03-18,5000.00
"TRANSPORT WORKERS UNION OF AMERICA, AFL-CIO",Transport Workers Union of America Political Contributions Committee,Edward Markey,2025-03-18,2500.00
"TRANSPORT WORKERS UNION OF AMERICA, AFL-CIO",Transport Workers Union of America Political Contributions Committee,Melanie Stansbury,2025-03-18,2500.00
"TRANSPORT WORKERS UNION OF AMERICA, AFL-CIO",Transport Workers Union of America Political Contributions Committee,Delia Ramirez,2025-03-18,1500.00
"TRANSPORT WORKERS UNION OF AMERICA, AFL-CIO",Transport Workers Union of America Political Contributions Committee,Grace Meng,2025-03-18,2000.00
"TRANSPORT WORKERS UNION OF AMERICA, AFL-CIO",Transport Workers Union of America Political Contributions Committee,Jesus Garcia,2025-03-18,2500.00
"TRANSPORT WORKERS UNION OF AMERICA, AFL-CIO",Transport Workers Union of America Political Contributions Committee,Sarah Elfreth,2025-03-18,1000.00
"TRANSPORT WORKERS UNION OF AMERICA, AFL-CIO",Transport Workers Union of America Political Contributions Committee,Mike Bost,2025-03-18,2500.00
"TRANSPORT WORKERS UNION OF AMERICA, AFL-CIO",Transport Workers Union of America Political Contributions Committee,Julia Brownley,2025-03-18,5000.00
"TRANSPORT WORKERS UNION OF AMERICA, AFL-CIO",Transport Workers Union of America Political Contributions Committee,Emilia Sykes,2025-03-18,1500.00
"TRANSPORT WORKERS UNION OF AMERICA, AFL-CIO",Transport Workers Union of America Political Contributions Committee,Patrick Ryan,2025-03-18,2500.00
"TRANSPORT WORKERS UNION OF AMERICA, AFL-CIO",Transport Workers Union of America Political Contributions Committee,Donald Norcross,2025-03-18,5000.00
"TRANSPORT WORKERS UNION OF AMERICA, AFL-CIO",Transport Workers Union of America Political Contributions Committee,Nick LaLota,2025-03-18,5000.00
"TRANSPORT WORKERS UNION OF AMERICA, AFL-CIO",Transport Workers Union of America Political Contributions Committee,Adriano Espaillat,2025-03-18,5000.00
"TRANSPORT WORKERS UNION OF AMERICA, AFL-CIO",Transport Workers Union of America Political Contributions Committee,Julia Brownley,2025-03-18,5000.00
"TRANSPORT WORKERS UNION OF AMERICA, AFL-CIO",Transport Workers Union of America Political Contributions Committee,Lori Trahan,2025-03-18,5000.00
"TRANSPORT WORKERS UNION OF AMERICA, AFL-CIO",Transport Workers Union of America Political Contributions Committee,Mary Gay Scanlon,2025-03-18,1500.00
"TRANSPORT WORKERS UNION OF AMERICA, AFL-CIO",Transport Workers Union of America Political Contributions Committee,Mark Pocan,2025-03-18,2500.00
"TRANSPORT WORKERS UNION OF AMERICA, AFL-CIO",Transport Workers Union of America Political Contributions Committee,George Latimer,2025-03-18,2500.00
"TRANSPORT WORKERS UNION OF AMERICA, AFL-CIO",Transport Workers Union of America Political Contributions Committee,Laura Friedman,2025-03-18,2500.00
"TRANSPORT WORKERS UNION OF AMERICA, AFL-CIO",Transport Workers Union of America Political Contributions Committee,Greg Casar,2025-03-18,1000.00
"TRANSPORT WORKERS UNION OF AMERICA, AFL-CIO",Transport Workers Union of America Political Contributions Committee,Michael Turner,2025-03-18,1000.00
"TRANSPORT WORKERS UNION OF AMERICA, AFL-CIO",Transport Workers Union of America Political Contributions Committee,Hillary Scholten,2025-03-18,1500.00
"TRANSPORT WORKERS UNION OF AMERICA, AFL-CIO",Transport Workers Union of America Political Contributions Committee,NELIDA POU,2025-03-18,1500.00
"TRANSPORT WORKERS UNION OF AMERICA, AFL-CIO",Transport Workers Union of America Political Contributions Committee,Nicole Malliotakis,2025-03-18,2500.00
"TRANSPORT WORKERS UNION OF AMERICA, AFL-CIO",Transport Workers Union of America Political Contributions Committee,Maxwell Alejandro Frost,2025-03-18,2500.00
"TRANSPORT WORKERS UNION OF AMERICA, AFL-CIO",Transport Workers Union of America Political Contributions Committee,Yvette Clarke,2025-03-18,5000.00
"TRANSPORT WORKERS UNION OF AMERICA, AFL-CIO",Transport Workers Union of America Political Contributions Committee,Dem Sen Camp Cmte(DSCC)-Federal Acct,2025-03-18,45000.00
"TRANSPORT WORKERS UNION OF AMERICA, AFL-CIO",Transport Workers Union of America Political Contributions Committee,Dina Titus,2025-03-18,5000.00
"TRANSPORT WORKERS UNION OF AMERICA, AFL-CIO",Transport Workers Union of America Political Contributions Committee,Andrea Salinas,2025-03-18,1000.00
"TRANSPORT WORKERS UNION OF AMERICA, AFL-CIO",Transport Workers Union of America Political Contributions Committee,Chris Pappas,2025-03-18,5000.00
"TRANSPORT WORKERS UNION OF AMERICA, AFL-CIO",Transport Workers Union of America Political Contributions Committee,Rick Larsen,2025-03-18,5000.00
"TRANSPORT WORKERS UNION OF AMERICA, AFL-CIO",Transport Workers Union of America Political Contributions Committee,Shomari Figures,2025-03-18,1000.00
"TRANSPORT WORKERS UNION OF AMERICA, AFL-CIO",Transport Workers Union of America Political Contributions Committee,Andre Carson,2025-03-18,1000.00
"TRANSPORT WORKERS UNION OF AMERICA, AFL-CIO",Transport Workers Union of America Political Contributions Committee,Christopher Deluzio,2025-03-18,5000.00
"TRANSPORT WORKERS UNION OF AMERICA, AFL-CIO",Transport Workers Union of America Political Contributions Committee,Dem Cong Camp Cmte(DCCC)-Federal Acct,2025-03-18,45000.00
"TRANSPORT WORKERS UNION OF AMERICA, AFL-CIO",Transport Workers Union of America Political Contributions Committee,Dem Cong Camp Cmte(DCCC)-Federal Acct,2025-03-18,15000.00
"TRANSPORT WORKERS UNION OF AMERICA, AFL-CIO",Transport Workers Union of America Political Contributions Committee,Republican Italian American Committee,2025-03-18,1000.00
"TRANSPORT WORKERS UNION OF AMERICA, AFL-CIO",Transport Workers Union of America Political Contributions Committee,Dem Sen Camp Cmte(DSCC)-Federal Acct,2025-03-18,15000.00
"TRANSPORT WORKERS UNION OF AMERICA, AFL-CIO",Transport Workers Union of America Political Contributions Committee,Marc Veasey,2025-04-22,1000.00
"TRANSPORT WORKERS UNION OF AMERICA, AFL-CIO",Transport Workers Union of America Political Contributions Committee,Madeleine Dean,2025-04-22,1500.00
"TRANSPORT WORKERS UNION OF AMERICA, AFL-CIO",Transport Workers Union of America Political Contributions Committee,Kristen McDonald Rivet,2025-04-22,1500.00
"TRANSPORT WORKERS UNION OF AMERICA, AFL-CIO",Transport Workers Union of America Political Contributions Committee,Andre Carson,2025-04-22,1500.00
"TRANSPORT WORKERS UNION OF AMERICA, AFL-CIO",Transport Workers Union of America Political Contributions Committee,David Rouzer,2025-04-22,2500.00
"TRANSPORT WORKERS UNION OF AMERICA, AFL-CIO",Transport Workers Union of America Political Contributions Committee,Sharice Davids,2025-04-22,1500.00
"TRANSPORT WORKERS UNION OF AMERICA, AFL-CIO",Transport Workers Union of America Political Contributions Committee,Dwight Evans,2025-04-22,5000.00
"TRANSPORT WORKERS UNION OF AMERICA, AFL-CIO",Transport Workers Union of America Political Contributions Committee,Eleanor Holmes Norton,2025-04-22,1500.00
"TRANSPORT WORKERS UNION OF AMERICA, AFL-CIO",Transport Workers Union of America Political Contributions Committee,Rob Bresnahan,2025-04-22,2500.00
"TRANSPORT WORKERS UNION OF AMERICA, AFL-CIO",Transport Workers Union of America Political Contributions Committee,Brian Fitzpatrick,2025-04-22,5000.00
"TRANSPORT WORKERS UNION OF AMERICA, AFL-CIO",Transport Workers Union of America Political Contributions Committee,Brian Fitzpatrick,2025-04-22,5000.00
"TRANSPORT WORKERS UNION OF AMERICA, AFL-CIO",Transport Workers Union of America Political Contributions Committee,Frederica Wilson,2025-04-22,2000.00
"TRANSPORT WORKERS UNION OF AMERICA, AFL-CIO",Transport Workers Union of America Political Contributions Committee,Rosa DeLauro,2025-04-22,5000.00
"TRANSPORT WORKERS UNION OF AMERICA, AFL-CIO",Transport Workers Union of America Political Contributions Committee,Nicole Malliotakis,2025-04-22,2500.00
"TRANSPORT WORKERS UNION OF AMERICA, AFL-CIO",Transport Workers Union of America Political Contributions Committee,Rick Larsen,2025-05-29,5000.00
"TRANSPORT WORKERS UNION OF AMERICA, AFL-CIO",Transport Workers Union of America Political Contributions Committee,Brendan Boyle,2025-06-29,5000.00
"TRANSPORT WORKERS UNION OF AMERICA, AFL-CIO",Transport Workers Union of America Political Contributions Committee,Christopher Smith,2025-06-29,2500.00
"TRANSPORT WORKERS UNION OF AMERICA, AFL-CIO",Transport Workers Union of America Political Contributions Committee,Valerie Foushee,2025-06-29,1500.00
"TRANSPORT WORKERS UNION OF AMERICA, AFL-CIO",Transport Workers Union of America Political Contributions Committee,Donald Norcross,2025-06-29,5000.00
"TRANSPORT WORKERS UNION OF AMERICA, AFL-CIO",Transport Workers Union of America Political Contributions Committee,Tom Suozzi,2025-06-29,5000.00
"TRANSPORT WORKERS UNION OF AMERICA, AFL-CIO",Transport Workers Union of America Political Contributions Committee,Ted Lieu,2025-06-29,1000.00
"TRANSPORT WORKERS UNION OF AMERICA, AFL-CIO",Transport Workers Union of America Political Contributions Committee,Debbie Dingell,2025-06-29,5000.00
"TRANSPORT WORKERS UNION OF AMERICA, AFL-CIO",Transport Workers Union of America Political Contributions Committee,Sheila Cherfilus McCormick,2025-06-29,1000.00
"TRANSPORT WORKERS UNION OF AMERICA, AFL-CIO",Transport Workers Union of America Political Contributions Committee,Charles Schumer,2025-06-29,5000.00
"TRANSPORT WORKERS UNION OF AMERICA, AFL-CIO",Transport Workers Union of America Political Contributions Committee,Jill Tokuda,2025-06-29,1000.00
"TRANSPORT WORKERS UNION OF AMERICA, AFL-CIO",Transport Workers Union of America Political Contributions Committee,Maxwell Alejandro Frost,2025-06-29,2500.00
"TRANSPORT WORKERS UNION OF AMERICA, AFL-CIO",Transport Workers Union of America Political Contributions Committee,Daniel Hernandez,2025-06-29,2500.00
"TRANSPORT WORKERS UNION OF AMERICA, AFL-CIO",Transport Workers Union of America Political Contributions Committee,Nicole Malliotakis,2025-06-29,5000.00
"TRANSPORT WORKERS UNION OF AMERICA, AFL-CIO",Transport Workers Union of America Political Contributions Committee,Brad Schneider,2025-06-29,2500.00
"TRANSPORT WORKERS UNION OF AMERICA, AFL-CIO",Transport Workers Union of America Political Contributions Committee,George Latimer,2025-06-29,2500.00
"TRANSPORT WORKERS UNION OF AMERICA, AFL-CIO",Transport Workers Union of America Political Contributions Committee,Mark DeSaulnier,2025-06-29,2500.00
"TRANSPORT WORKERS UNION OF AMERICA, AFL-CIO",Transport Workers Union of America Political Contributions Committee,Andre Carson,2025-06-29,2500.00
"TRANSPORT WORKERS UNION OF AMERICA, AFL-CIO",Transport Workers Union of America Political Contributions Committee,Nikema Williams,2025-06-29,1000.00
"TRANSPORT WORKERS UNION OF AMERICA, AFL-CIO",Transport Workers Union of America Political Contributions Committee,Marcy Kaptur,2025-06-29,1500.00
"TRANSPORT WORKERS UNION OF AMERICA, AFL-CIO",Transport Workers Union of America Political Contributions Committee,Eric Sorensen,2025-06-29,2500.00
"TRANSPORT WORKERS UNION OF AMERICA, AFL-CIO",Transport Workers Union of America Political Contributions Committee,Mark Pocan,2025-06-29,5000.00
"TRANSPORT WORKERS UNION OF AMERICA, AFL-CIO",Transport Workers Union of America Political Contributions Committee,Pete Aguilar,2025-06-29,5000.00
"TRANSPORT WORKERS UNION OF AMERICA, AFL-CIO",Transport Workers Union of America Political Contributions Committee,John Mannion,2025-06-29,2500.00
"TRANSPORT WORKERS UNION OF AMERICA, AFL-CIO",Transport Workers Union of America Political Contributions Committee,Laura Friedman,2025-06-29,2500.00
"TRANSPORT WORKERS UNION OF AMERICA, AFL-CIO",Transport Workers Union of America Political Contributions Committee,Katherine Clark,2025-06-29,5000.00
"TRANSPORT WORKERS UNION OF AMERICA, AFL-CIO",Transport Workers Union of America Political Contributions Committee,Rosa DeLauro,2025-06-29,5000.00
"TRANSPORT WORKERS UNION OF AMERICA, AFL-CIO",Transport Workers Union of America Political Contributions Committee,Deborah Ross,2025-06-29,2500.00
"TRANSPORT WORKERS UNION OF AMERICA, AFL-CIO",Transport Workers Union of America Political Contributions Committee,Daniel Goldman,2025-06-29,2500.00
"TRANSPORT WORKERS UNION OF AMERICA, AFL-CIO",Transport Workers Union of America Political Contributions Committee,Chris Deluzio,2025-06-29,2500.00
"TRANSPORT WORKERS UNION OF AMERICA, AFL-CIO",Transport Workers Union of America Political Contributions Committee,Pete Aguilar,2025-06-29,5000.00
"TRANSPORT WORKERS UNION OF AMERICA, AFL-CIO",Transport Workers Union of America Political Contributions Committee,Darren Soto,2025-06-29,2000.00
"TRANSPORT WORKERS UNION OF AMERICA, AFL-CIO",Transport Workers Union of America Political Contributions Committee,Paul Tonko,2025-06-29,1500.00
"TRANSPORT WORKERS UNION OF AMERICA, AFL-CIO",Transport Workers Union of America Political Contributions Committee,Maxwell Alejandro Frost,2025-06-29,2500.00
"TRANSPORT WORKERS UNION OF AMERICA, AFL-CIO",Transport Workers Union of America Political Contributions Committee,Nick Lalota,2025-06-29,2500.00
"TRANSPORT WORKERS UNION OF AMERICA, AFL-CIO",Transport Workers Union of America Political Contributions Committee,Equality PAC,2025-06-29,5000.00
"TRANSPORT WORKERS UNION OF AMERICA, AFL-CIO",Transport Workers Union of America Political Contributions Committee,Brian Schatz,2025-06-29,5000.00
"TRANSPORT WORKERS UNION OF AMERICA, AFL-CIO",Transport Workers Union of America Political Contributions Committee,Katherine Clark,2025-06-29,5000.00
"TRANSPORT WORKERS UNION OF AMERICA, AFL-CIO",Transport Workers Union of America Political Contributions Committee,Joe Morelle,2025-06-29,5000.00
"TRANSPORT WORKERS UNION OF AMERICA, AFL-CIO",Transport Workers Union of America Political Contributions Committee,Laura Gillen,2025-06-29,2500.00
"TRANSPORT WORKERS UNION OF AMERICA, AFL-CIO",Transport Workers Union of America Political Contributions Committee,Angie Craig,2025-06-29,2500.00
"TRANSPORT WORKERS UNION OF AMERICA, AFL-CIO",Transport Workers Union of America Political Contributions Committee,Adriano Espaillat,2025-06-29,5000.00
"TRANSPORT WORKERS UNION OF AMERICA, AFL-CIO",Transport Workers Union of America Political Contributions Committee,TIMOTHY KENNEDY,2025-06-29,5000.00
"TRANSPORT WORKERS UNION OF AMERICA, AFL-CIO",Transport Workers Union of America Political Contributions Committee,Kirsten Gillibrand,2025-06-29,5000.00
"TRANSPORT WORKERS UNION OF AMERICA, AFL-CIO",Transport Workers Union of America Political Contributions Committee,Patrick Ryan,2025-06-29,2500.00
"TRANSPORT WORKERS UNION OF AMERICA, AFL-CIO",Transport Workers Union of America Political Contributions Committee,Steven Horsford,2025-06-29,5000.00
"TRANSPORT WORKERS UNION OF AMERICA, AFL-CIO",Transport Workers Union of America Political Contributions Committee,Timothy Kennedy,2025-06-29,5000.00
"TRANSPORT WORKERS UNION OF AMERICA, AFL-CIO",Transport Workers Union of America Political Contributions Committee,Joyce Beatty,2025-06-29,1000.00
"TRANSPORT WORKERS UNION OF AMERICA, AFL-CIO",Transport Workers Union of America Political Contributions Committee,Nydia Velazquez,2025-06-29,1000.00
"TRANSPORT WORKERS UNION OF AMERICA, AFL-CIO",Transport Workers Union of America Political Contributions Committee,Pramila Jayapal,2025-06-29,1500.00
"TRANSPORT WORKERS UNION OF AMERICA, AFL-CIO",Transport Workers Union of America Political Contributions Committee,Marilyn Strickland,2025-06-29,1500.00
"TRANSPORT WORKERS UNION OF AMERICA, AFL-CIO",Transport Workers Union of America Political Contributions Committee,Nick Lalota,2025-06-29,2500.00
"TRANSPORT WORKERS UNION OF AMERICA, AFL-CIO",Transport Workers Union of America Political Contributions Committee,Eric Schmitt,2025-06-29,2500.00
"TRANSPORT WORKERS UNION OF AMERICA, AFL-CIO",Transport Workers Union of America Political Contributions Committee,Frank MrVan,2025-06-29,1500.00
"TRANSPORT WORKERS UNION OF AMERICA, AFL-CIO",Transport Workers Union of America Political Contributions Committee,Brendan Boyle,2025-06-29,5000.00
"TRANSPORT WORKERS UNION OF AMERICA, AFL-CIO",Transport Workers Union of America Political Contributions Committee,Sustainable Energy and Environment Coalition PAC,2025-06-29,5000.00
"TRANSPORT WORKERS UNION OF AMERICA, AFL-CIO",Transport Workers Union of America Political Contributions Committee,Elect Democratic Women,2025-01-24,5000.00
"TRANSPORT WORKERS UNION OF AMERICA, AFL-CIO",Transport Workers Union of America Political Contributions Committee,Congressional Black Caucus PAC,2025-01-24,5000.00
"TRANSPORT WORKERS UNION OF AMERICA, AFL-CIO",Transport Workers Union of America Political Contributions Committee,Congressional Progressive Caucus PAC,2025-01-24,5000.00
"TRANSPORT WORKERS UNION OF AMERICA, AFL-CIO",Transport Workers Union of America Political Contributions Committee,Transportation Trades Department AFL-CIO (TTD PAC),2025-01-24,5000.00
"TRANSPORT WORKERS UNION OF AMERICA, AFL-CIO",Transport Workers Union of America Political Contributions Committee,Republican Mainstreet Partnership Pac,2025-01-24,5000.00
"TRANSPORT WORKERS UNION OF AMERICA, AFL-CIO",Transport Workers Union of America Political Contributions Committee,Democratic Party Of New Mexico - Federal,2025-01-24,1000.00
"TRANSPORT WORKERS UNION OF AMERICA, AFL-CIO",Transport Workers Union of America Political Contributions Committee,CHC Bold PAC,2025-01-24,5000.00
"TRANSPORT WORKERS UNION OF AMERICA, AFL-CIO",Transport Workers Union of America Political Contributions Committee,ASPIRE PAC,2025-01-24,5000.00
"TRANSPORT WORKERS UNION OF AMERICA, AFL-CIO",Transport Workers Union of America Political Contributions Committee,Republican Governance Group/Tuesday Group PAC,2025-02-21,5000.00
"TRANSPORT WORKERS UNION OF AMERICA, AFL-CIO",Transport Workers Union of America Political Contributions Committee,Luz Rivas,2025-02-21,2500.00
"TRANSPORT WORKERS UNION OF AMERICA, AFL-CIO",Transport Workers Union of America Political Contributions Committee,Hakeem Jeffries,2025-02-21,5000.00
"TRANSPORT WORKERS UNION OF AMERICA, AFL-CIO",Transport Workers Union of America Political Contributions Committee,Nikki Budzinski,2025-02-21,5000.00
"TRANSPORT WORKERS UNION OF AMERICA, AFL-CIO",Transport Workers Union of America Political Contributions Committee,Ritchie Torres,2025-02-21,5000.00
"TRANSPORT WORKERS UNION OF AMERICA, AFL-CIO",Transport Workers Union of America Political Contributions Committee,Michael Lawler,2025-02-21,5000.00
"TRANSPORT WORKERS UNION OF AMERICA, AFL-CIO",Transport Workers Union of America Political Contributions Committee,Hakeem Jeffries,2025-02-21,5000.00
"TRANSPORT WORKERS UNION OF AMERICA, AFL-CIO",Transport Workers Union of America Political Contributions Committee,Yassamin Ansari,2025-02-21,2500.00
"TRANSPORT WORKERS UNION OF AMERICA, AFL-CIO",Transport Workers Union of America Political Contributions Committee,Ritchie Torres,2025-02-21,5000.00
"TRANSPORT WORKERS UNION OF AMERICA, AFL-CIO",Transport Workers Union of America Political Contributions Committee,Michael Lawler,2025-02-21,5000.00
"TRANSPORT WORKERS UNION OF AMERICA, AFL-CIO",Transport Workers Union of America Political Contributions Committee,Valerie Hoyle,2025-02-21,2500.00
"TRANSPORT WORKERS UNION OF AMERICA, AFL-CIO",Transport Workers Union of America Political Contributions Committee,LaMonica McIver,2025-02-21,2500.00
"TRANSPORT WORKERS UNION OF AMERICA, AFL-CIO",Transport Workers Union of America Political Contributions Committee,George Whitesides,2025-02-21,2500.00
"TRANSPORT WORKERS UNION OF AMERICA, AFL-CIO",Transport Workers Union of America Political Contributions Committee,Sarah McBride,2025-02-21,2500.00
"TRANSPORT WORKERS UNION OF AMERICA, AFL-CIO",Transport Workers Union of America Political Contributions Committee,Hakeem Jeffries,2025-02-21,5000.00
"TRANSPORT WORKERS UNION OF AMERICA, AFL-CIO",Transport Workers Union of America Political Contributions Committee,Nikki Budzinski,2025-02-21,5000.00
"TRANSPORT WORKERS UNION OF AMERICA, AFL-CIO",Transport Workers Union of America Political Contributions Committee,Bennie Thompson,2025-02-21,5000.00
"TRANSPORT WORKERS UNION OF AMERICA, AFL-CIO",Transport Workers Union of America Political Contributions Committee,Lateefah Simon,2025-02-21,2500.00
"TRANSPORT WORKERS UNION OF AMERICA, AFL-CIO",Transport Workers Union of America Political Contributions Committee,Julie Johnson,2025-02-21,2500.00
"TRANSPORT WORKERS UNION OF AMERICA, AFL-CIO",Transport Workers Union of America Political Contributions Committee,Angie Craig,2025-02-21,2500.00
"TRANSPORT WORKERS UNION OF AMERICA, AFL-CIO",Transport Workers Union of America Political Contributions Committee,Nikki Budzinski,2025-02-21,5000.00
"TRANSPORT WORKERS UNION OF AMERICA, AFL-CIO",Transport Workers Union of America Political Contributions Committee,Bennie Thompson,2025-02-21,5000.00
"TRANSPORT WORKERS UNION OF AMERICA, AFL-CIO",Transport Workers Union of America Political Contributions Committee,TIMOTHY KENNEDY,2025-02-21,5000.00
"TRANSPORT WORKERS UNION OF AMERICA, AFL-CIO",Transport Workers Union of America Political Contributions Committee,Adam Gray,2025-02-21,2500.00
"TRANSPORT WORKERS UNION OF AMERICA, AFL-CIO",Transport Workers Union of America Political Contributions Committee,Ben Lujan,2025-03-18,2500.00
"TRANSPORT WORKERS UNION OF AMERICA, AFL-CIO",Transport Workers Union of America Political Contributions Committee,Darren Soto,2025-03-18,1000.00
"TRANSPORT WORKERS UNION OF AMERICA, AFL-CIO",Transport Workers Union of America Political Contributions Committee,Mike Quigley,2025-03-18,2500.00
"TRANSPORT WORKERS UNION OF AMERICA, AFL-CIO",Transport Workers Union of America Political Contributions Committee,John Mannion,2025-03-18,2500.00
"TRANSPORT WORKERS UNION OF AMERICA, AFL-CIO",Transport Workers Union of America Political Contributions Committee,Andrew Garbarino,2025-03-18,5000.00
"TRANSPORT WORKERS UNION OF AMERICA, AFL-CIO",Transport Workers Union of America Political Contributions Committee,Chris Deluzio,2025-03-18,2500.00
"TRANSPORT WORKERS UNION OF AMERICA, AFL-CIO",Transport Workers Union of America Political Contributions Committee,Don Bacon,2025-03-18,5000.00
"TRANSPORT WORKERS UNION OF AMERICA, AFL-CIO",Transport Workers Union of America Political Contributions Committee,Edward Markey,2025-03-18,2500.00
"TRANSPORT WORKERS UNION OF AMERICA, AFL-CIO",Transport Workers Union of America Political Contributions Committee,Melanie Stansbury,2025-03-18,2500.00
"TRANSPORT WORKERS UNION OF AMERICA, AFL-CIO",Transport Workers Union of America Political Contributions Committee,Delia Ramirez,2025-03-18,1500.00
"TRANSPORT WORKERS UNION OF AMERICA, AFL-CIO",Transport Workers Union of America Political Contributions Committee,Grace Meng,2025-03-18,2000.00
"TRANSPORT WORKERS UNION OF AMERICA, AFL-CIO",Transport Workers Union of America Political Contributions Committee,Jesus Garcia,2025-03-18,2500.00
"TRANSPORT WORKERS UNION OF AMERICA, AFL-CIO",Transport Workers Union of America Political Contributions Committee,Sarah Elfreth,2025-03-18,1000.00
"TRANSPORT WORKERS UNION OF AMERICA, AFL-CIO",Transport Workers Union of America Political Contributions Committee,Mike Bost,2025-03-18,2500.00
"TRANSPORT WORKERS UNION OF AMERICA, AFL-CIO",Transport Workers Union of America Political Contributions Committee,Julia Brownley,2025-03-18,5000.00
"TRANSPORT WORKERS UNION OF AMERICA, AFL-CIO",Transport Workers Union of America Political Contributions Committee,Emilia Sykes,2025-03-18,1500.00
"TRANSPORT WORKERS UNION OF AMERICA, AFL-CIO",Transport Workers Union of America Political Contributions Committee,Patrick Ryan,2025-03-18,2500.00
"TRANSPORT WORKERS UNION OF AMERICA, AFL-CIO",Transport Workers Union of America Political Contributions Committee,Donald Norcross,2025-03-18,5000.00
"TRANSPORT WORKERS UNION OF AMERICA, AFL-CIO",Transport Workers Union of America Political Contributions Committee,Nick LaLota,2025-03-18,5000.00
"TRANSPORT WORKERS UNION OF AMERICA, AFL-CIO",Transport Workers Union of America Political Contributions Committee,Adriano Espaillat,2025-03-18,5000.00
"TRANSPORT WORKERS UNION OF AMERICA, AFL-CIO",Transport Workers Union of America Political Contributions Committee,Julia Brownley,2025-03-18,5000.00
"TRANSPORT WORKERS UNION OF AMERICA, AFL-CIO",Transport Workers Union of America Political Contributions Committee,Lori Trahan,2025-03-18,5000.00
"TRANSPORT WORKERS UNION OF AMERICA, AFL-CIO",Transport Workers Union of America Political Contributions Committee,Mary Gay Scanlon,2025-03-18,1500.00
"TRANSPORT WORKERS UNION OF AMERICA, AFL-CIO",Transport Workers Union of America Political Contributions Committee,Mark Pocan,2025-03-18,2500.00
"TRANSPORT WORKERS UNION OF AMERICA, AFL-CIO",Transport Workers Union of America Political Contributions Committee,George Latimer,2025-03-18,2500.00
"TRANSPORT WORKERS UNION OF AMERICA, AFL-CIO",Transport Workers Union of America Political Contributions Committee,Laura Friedman,2025-03-18,2500.00
"TRANSPORT WORKERS UNION OF AMERICA, AFL-CIO",Transport Workers Union of America Political Contributions Committee,Greg Casar,2025-03-18,1000.00
"TRANSPORT WORKERS UNION OF AMERICA, AFL-CIO",Transport Workers Union of America Political Contributions Committee,Michael Turner,2025-03-18,1000.00
"TRANSPORT WORKERS UNION OF AMERICA, AFL-CIO",Transport Workers Union of America Political Contributions Committee,Hillary Scholten,2025-03-18,1500.00
"TRANSPORT WORKERS UNION OF AMERICA, AFL-CIO",Transport Workers Union of America Political Contributions Committee,NELIDA POU,2025-03-18,1500.00
"TRANSPORT WORKERS UNION OF AMERICA, AFL-CIO",Transport Workers Union of America Political Contributions Committee,Nicole Malliotakis,2025-03-18,2500.00
"TRANSPORT WORKERS UNION OF AMERICA, AFL-CIO",Transport Workers Union of America Political Contributions Committee,Maxwell Alejandro Frost,2025-03-18,2500.00
"TRANSPORT WORKERS UNION OF AMERICA, AFL-CIO",Transport Workers Union of America Political Contributions Committee,Yvette Clarke,2025-03-18,5000.00
"TRANSPORT WORKERS UNION OF AMERICA, AFL-CIO",Transport Workers Union of America Political Contributions Committee,Dem Sen Camp Cmte(DSCC)-Federal Acct,2025-03-18,45000.00
"TRANSPORT WORKERS UNION OF AMERICA, AFL-CIO",Transport Workers Union of America Political Contributions Committee,Dina Titus,2025-03-18,5000.00
"TRANSPORT WORKERS UNION OF AMERICA, AFL-CIO",Transport Workers Union of America Political Contributions Committee,Andrea Salinas,2025-03-18,1000.00
"TRANSPORT WORKERS UNION OF AMERICA, AFL-CIO",Transport Workers Union of America Political Contributions Committee,Chris Pappas,2025-03-18,5000.00
"TRANSPORT WORKERS UNION OF AMERICA, AFL-CIO",Transport Workers Union of America Political Contributions Committee,Rick Larsen,2025-03-18,5000.00
"TRANSPORT WORKERS UNION OF AMERICA, AFL-CIO",Transport Workers Union of America Political Contributions Committee,Shomari Figures,2025-03-18,1000.00
"TRANSPORT WORKERS UNION OF AMERICA, AFL-CIO",Transport Workers Union of America Political Contributions Committee,Andre Carson,2025-03-18,1000.00
"TRANSPORT WORKERS UNION OF AMERICA, AFL-CIO",Transport Workers Union of America Political Contributions Committee,Christopher Deluzio,2025-03-18,5000.00
"TRANSPORT WORKERS UNION OF AMERICA, AFL-CIO",Transport Workers Union of America Political Contributions Committee,Dem Cong Camp Cmte(DCCC)-Federal Acct,2025-03-18,45000.00
"TRANSPORT WORKERS UNION OF AMERICA, AFL-CIO",Transport Workers Union of America Political Contributions Committee,Dem Cong Camp Cmte(DCCC)-Federal Acct,2025-03-18,15000.00
"TRANSPORT WORKERS UNION OF AMERICA, AFL-CIO",Transport Workers Union of America Political Contributions Committee,Republican Italian American Committee,2025-03-18,1000.00
"TRANSPORT WORKERS UNION OF AMERICA, AFL-CIO",Transport Workers Union of America Political Contributions Committee,Dem Sen Camp Cmte(DSCC)-Federal Acct,2025-03-18,15000.00
"TRANSPORT WORKERS UNION OF AMERICA, AFL-CIO",Transport Workers Union of America Political Contributions Committee,Marc Veasey,2025-04-22,1000.00
"TRANSPORT WORKERS UNION OF AMERICA, AFL-CIO",Transport Workers Union of America Political Contributions Committee,Madeleine Dean,2025-04-22,1500.00
"TRANSPORT WORKERS UNION OF AMERICA, AFL-CIO",Transport Workers Union of America Political Contributions Committee,Kristen McDonald Rivet,2025-04-22,1500.00
"TRANSPORT WORKERS UNION OF AMERICA, AFL-CIO",Transport Workers Union of America Political Contributions Committee,Andre Carson,2025-04-22,1500.00
"TRANSPORT WORKERS UNION OF AMERICA, AFL-CIO",Transport Workers Union of America Political Contributions Committee,David Rouzer,2025-04-22,2500.00
"TRANSPORT WORKERS UNION OF AMERICA, AFL-CIO",Transport Workers Union of America Political Contributions Committee,Sharice Davids,2025-04-22,1500.00
"TRANSPORT WORKERS UNION OF AMERICA, AFL-CIO",Transport Workers Union of America Political Contributions Committee,Dwight Evans,2025-04-22,5000.00
"TRANSPORT WORKERS UNION OF AMERICA, AFL-CIO",Transport Workers Union of America Political Contributions Committee,Eleanor Holmes Norton,2025-04-22,1500.00
"TRANSPORT WORKERS UNION OF AMERICA, AFL-CIO",Transport Workers Union of America Political Contributions Committee,Rob Bresnahan,2025-04-22,2500.00
"TRANSPORT WORKERS UNION OF AMERICA, AFL-CIO",Transport Workers Union of America Political Contributions Committee,Brian Fitzpatrick,2025-04-22,5000.00
"TRANSPORT WORKERS UNION OF AMERICA, AFL-CIO",Transport Workers Union of America Political Contributions Committee,Brian Fitzpatrick,2025-04-22,5000.00
"TRANSPORT WORKERS UNION OF AMERICA, AFL-CIO",Transport Workers Union of America Political Contributions Committee,Frederica Wilson,2025-04-22,2000.00
"TRANSPORT WORKERS UNION OF AMERICA, AFL-CIO",Transport Workers Union of America Political Contributions Committee,Rosa DeLauro,2025-04-22,5000.00
"TRANSPORT WORKERS UNION OF AMERICA, AFL-CIO",Transport Workers Union of America Political Contributions Committee,Nicole Malliotakis,2025-04-22,2500.00
"TRANSPORT WORKERS UNION OF AMERICA, AFL-CIO",Transport Workers Union of America Political Contributions Committee,Rick Larsen,2025-05-29,5000.00
"TRANSPORT WORKERS UNION OF AMERICA, AFL-CIO",Transport Workers Union of America Political Contributions Committee,Brendan Boyle,2025-06-29,5000.00
"TRANSPORT WORKERS UNION OF AMERICA, AFL-CIO",Transport Workers Union of America Political Contributions Committee,Christopher Smith,2025-06-29,2500.00
"TRANSPORT WORKERS UNION OF AMERICA, AFL-CIO",Transport Workers Union of America Political Contributions Committee,Valerie Foushee,2025-06-29,1500.00
"TRANSPORT WORKERS UNION OF AMERICA, AFL-CIO",Transport Workers Union of America Political Contributions Committee,Donald Norcross,2025-06-29,5000.00
"TRANSPORT WORKERS UNION OF AMERICA, AFL-CIO",Transport Workers Union of America Political Contributions Committee,Tom Suozzi,2025-06-29,5000.00
"TRANSPORT WORKERS UNION OF AMERICA, AFL-CIO",Transport Workers Union of America Political Contributions Committee,Ted Lieu,2025-06-29,1000.00
"TRANSPORT WORKERS UNION OF AMERICA, AFL-CIO",Transport Workers Union of America Political Contributions Committee,Debbie Dingell,2025-06-29,5000.00
"TRANSPORT WORKERS UNION OF AMERICA, AFL-CIO",Transport Workers Union of America Political Contributions Committee,Sheila Cherfilus McCormick,2025-06-29,1000.00
"TRANSPORT WORKERS UNION OF AMERICA, AFL-CIO",Transport Workers Union of America Political Contributions Committee,Charles Schumer,2025-06-29,5000.00
"TRANSPORT WORKERS UNION OF AMERICA, AFL-CIO",Transport Workers Union of America Political Contributions Committee,Jill Tokuda,2025-06-29,1000.00
"TRANSPORT WORKERS UNION OF AMERICA, AFL-CIO",Transport Workers Union of America Political Contributions Committee,Maxwell Alejandro Frost,2025-06-29,2500.00
"TRANSPORT WORKERS UNION OF AMERICA, AFL-CIO",Transport Workers Union of America Political Contributions Committee,Daniel Hernandez,2025-06-29,2500.00
"TRANSPORT WORKERS UNION OF AMERICA, AFL-CIO",Transport Workers Union of America Political Contributions Committee,Nicole Malliotakis,2025-06-29,5000.00
"TRANSPORT WORKERS UNION OF AMERICA, AFL-CIO",Transport Workers Union of America Political Contributions Committee,Brad Schneider,2025-06-29,2500.00
"TRANSPORT WORKERS UNION OF AMERICA, AFL-CIO",Transport Workers Union of America Political Contributions Committee,George Latimer,2025-06-29,2500.00
"TRANSPORT WORKERS UNION OF AMERICA, AFL-CIO",Transport Workers Union of America Political Contributions Committee,Mark DeSaulnier,2025-06-29,2500.00
"TRANSPORT WORKERS UNION OF AMERICA, AFL-CIO",Transport Workers Union of America Political Contributions Committee,Andre Carson,2025-06-29,2500.00
"TRANSPORT WORKERS UNION OF AMERICA, AFL-CIO",Transport Workers Union of America Political Contributions Committee,Nikema Williams,2025-06-29,1000.00
"TRANSPORT WORKERS UNION OF AMERICA, AFL-CIO",Transport Workers Union of America Political Contributions Committee,Marcy Kaptur,2025-06-29,1500.00
"TRANSPORT WORKERS UNION OF AMERICA, AFL-CIO",Transport Workers Union of America Political Contributions Committee,Eric Sorensen,2025-06-29,2500.00
"TRANSPORT WORKERS UNION OF AMERICA, AFL-CIO",Transport Workers Union of America Political Contributions Committee,Mark Pocan,2025-06-29,5000.00
"TRANSPORT WORKERS UNION OF AMERICA, AFL-CIO",Transport Workers Union of America Political Contributions Committee,Pete Aguilar,2025-06-29,5000.00
"TRANSPORT WORKERS UNION OF AMERICA, AFL-CIO",Transport Workers Union of America Political Contributions Committee,John Mannion,2025-06-29,2500.00
"TRANSPORT WORKERS UNION OF AMERICA, AFL-CIO",Transport Workers Union of America Political Contributions Committee,Laura Friedman,2025-06-29,2500.00
"TRANSPORT WORKERS UNION OF AMERICA, AFL-CIO",Transport Workers Union of America Political Contributions Committee,Katherine Clark,2025-06-29,5000.00
"TRANSPORT WORKERS UNION OF AMERICA, AFL-CIO",Transport Workers Union of America Political Contributions Committee,Rosa DeLauro,2025-06-29,5000.00
"TRANSPORT WORKERS UNION OF AMERICA, AFL-CIO",Transport Workers Union of America Political Contributions Committee,Deborah Ross,2025-06-29,2500.00
"TRANSPORT WORKERS UNION OF AMERICA, AFL-CIO",Transport Workers Union of America Political Contributions Committee,Daniel Goldman,2025-06-29,2500.00
"TRANSPORT WORKERS UNION OF AMERICA, AFL-CIO",Transport Workers Union of America Political Contributions Committee,Chris Deluzio,2025-06-29,2500.00
"TRANSPORT WORKERS UNION OF AMERICA, AFL-CIO",Transport Workers Union of America Political Contributions Committee,Pete Aguilar,2025-06-29,5000.00
"TRANSPORT WORKERS UNION OF AMERICA, AFL-CIO",Transport Workers Union of America Political Contributions Committee,Darren Soto,2025-06-29,2000.00
"TRANSPORT WORKERS UNION OF AMERICA, AFL-CIO",Transport Workers Union of America Political Contributions Committee,Paul Tonko,2025-06-29,1500.00
"TRANSPORT WORKERS UNION OF AMERICA, AFL-CIO",Transport Workers Union of America Political Contributions Committee,Maxwell Alejandro Frost,2025-06-29,2500.00
"TRANSPORT WORKERS UNION OF AMERICA, AFL-CIO",Transport Workers Union of America Political Contributions Committee,Nick Lalota,2025-06-29,2500.00
"TRANSPORT WORKERS UNION OF AMERICA, AFL-CIO",Transport Workers Union of America Political Contributions Committee,Equality PAC,2025-06-29,5000.00
"TRANSPORT WORKERS UNION OF AMERICA, AFL-CIO",Transport Workers Union of America Political Contributions Committee,Brian Schatz,2025-06-29,5000.00
"TRANSPORT WORKERS UNION OF AMERICA, AFL-CIO",Transport Workers Union of America Political Contributions Committee,Katherine Clark,2025-06-29,5000.00
"TRANSPORT WORKERS UNION OF AMERICA, AFL-CIO",Transport Workers Union of America Political Contributions Committee,Joe Morelle,2025-06-29,5000.00
"TRANSPORT WORKERS UNION OF AMERICA, AFL-CIO",Transport Workers Union of America Political Contributions Committee,Laura Gillen,2025-06-29,2500.00
"TRANSPORT WORKERS UNION OF AMERICA, AFL-CIO",Transport Workers Union of America Political Contributions Committee,Angie Craig,2025-06-29,2500.00
"TRANSPORT WORKERS UNION OF AMERICA, AFL-CIO",Transport Workers Union of America Political Contributions Committee,Adriano Espaillat,2025-06-29,5000.00
"TRANSPORT WORKERS UNION OF AMERICA, AFL-CIO",Transport Workers Union of America Political Contributions Committee,TIMOTHY KENNEDY,2025-06-29,5000.00
"TRANSPORT WORKERS UNION OF AMERICA, AFL-CIO",Transport Workers Union of America Political Contributions Committee,Kirsten Gillibrand,2025-06-29,5000.00
"TRANSPORT WORKERS UNION OF AMERICA, AFL-CIO",Transport Workers Union of America Political Contributions Committee,Patrick Ryan,2025-06-29,2500.00
"TRANSPORT WORKERS UNION OF AMERICA, AFL-CIO",Transport Workers Union of America Political Contributions Committee,Steven Horsford,2025-06-29,5000.00
"TRANSPORT WORKERS UNION OF AMERICA, AFL-CIO",Transport Workers Union of America Political Contributions Committee,Timothy Kennedy,2025-06-29,5000.00
"TRANSPORT WORKERS UNION OF AMERICA, AFL-CIO",Transport Workers Union of America Political Contributions Committee,Joyce Beatty,2025-06-29,1000.00
"TRANSPORT WORKERS UNION OF AMERICA, AFL-CIO",Transport Workers Union of America Political Contributions Committee,Nydia Velazquez,2025-06-29,1000.00
"TRANSPORT WORKERS UNION OF AMERICA, AFL-CIO",Transport Workers Union of America Political Contributions Committee,Pramila Jayapal,2025-06-29,1500.00
"TRANSPORT WORKERS UNION OF AMERICA, AFL-CIO",Transport Workers Union of America Political Contributions Committee,Marilyn Strickland,2025-06-29,1500.00
"TRANSPORT WORKERS UNION OF AMERICA, AFL-CIO",Transport Workers Union of America Political Contributions Committee,Nick Lalota,2025-06-29,2500.00
"TRANSPORT WORKERS UNION OF AMERICA, AFL-CIO",Transport Workers Union of America Political Contributions Committee,Eric Schmitt,2025-06-29,2500.00
"TRANSPORT WORKERS UNION OF AMERICA, AFL-CIO",Transport Workers Union of America Political Contributions Committee,Frank MrVan,2025-06-29,1500.00
"TRANSPORT WORKERS UNION OF AMERICA, AFL-CIO",Transport Workers Union of America Political Contributions Committee,Brendan Boyle,2025-06-29,5000.00
"TRANSPORT WORKERS UNION OF AMERICA, AFL-CIO",Transport Workers Union of America Political Contributions Committee,Sustainable Energy and Environment Coalition PAC,2025-06-29,5000.00
"TRANSPORT WORKERS UNION OF AMERICA, AFL-CIO",Transport Workers Union of America Political Contributions Committee,Elect Democratic Women,2025-01-24,5000.00
"TRANSPORT WORKERS UNION OF AMERICA, AFL-CIO",Transport Workers Union of America Political Contributions Committee,Congressional Black Caucus PAC,2025-01-24,5000.00
"TRANSPORT WORKERS UNION OF AMERICA, AFL-CIO",Transport Workers Union of America Political Contributions Committee,Congressional Progressive Caucus PAC,2025-01-24,5000.00
"TRANSPORT WORKERS UNION OF AMERICA, AFL-CIO",Transport Workers Union of America Political Contributions Committee,Transportation Trades Department AFL-CIO (TTD PAC),2025-01-24,5000.00
"TRANSPORT WORKERS UNION OF AMERICA, AFL-CIO",Transport Workers Union of America Political Contributions Committee,Republican Mainstreet Partnership Pac,2025-01-24,5000.00
"TRANSPORT WORKERS UNION OF AMERICA, AFL-CIO",Transport Workers Union of America Political Contributions Committee,Democratic Party Of New Mexico - Federal,2025-01-24,1000.00
"TRANSPORT WORKERS UNION OF AMERICA, AFL-CIO",Transport Workers Union of America Political Contributions Committee,CHC Bold PAC,2025-01-24,5000.00
"TRANSPORT WORKERS UNION OF AMERICA, AFL-CIO",Transport Workers Union of America Political Contributions Committee,ASPIRE PAC,2025-01-24,5000.00
"TRANSPORT WORKERS UNION OF AMERICA, AFL-CIO",Transport Workers Union of America Political Contributions Committee,Republican Governance Group/Tuesday Group PAC,2025-02-21,5000.00
"TRANSPORT WORKERS UNION OF AMERICA, AFL-CIO",Transport Workers Union of America Political Contributions Committee,Luz Rivas,2025-02-21,2500.00
"TRANSPORT WORKERS UNION OF AMERICA, AFL-CIO",Transport Workers Union of America Political Contributions Committee,Hakeem Jeffries,2025-02-21,5000.00
"TRANSPORT WORKERS UNION OF AMERICA, AFL-CIO",Transport Workers Union of America Political Contributions Committee,Nikki Budzinski,2025-02-21,5000.00
"TRANSPORT WORKERS UNION OF AMERICA, AFL-CIO",Transport Workers Union of America Political Contributions Committee,Ritchie Torres,2025-02-21,5000.00
"TRANSPORT WORKERS UNION OF AMERICA, AFL-CIO",Transport Workers Union of America Political Contributions Committee,Michael Lawler,2025-02-21,5000.00
"TRANSPORT WORKERS UNION OF AMERICA, AFL-CIO",Transport Workers Union of America Political Contributions Committee,Hakeem Jeffries,2025-02-21,5000.00
"TRANSPORT WORKERS UNION OF AMERICA, AFL-CIO",Transport Workers Union of America Political Contributions Committee,Yassamin Ansari,2025-02-21,2500.00
"TRANSPORT WORKERS UNION OF AMERICA, AFL-CIO",Transport Workers Union of America Political Contributions Committee,Ritchie Torres,2025-02-21,5000.00
"TRANSPORT WORKERS UNION OF AMERICA, AFL-CIO",Transport Workers Union of America Political Contributions Committee,Michael Lawler,2025-02-21,5000.00
"TRANSPORT WORKERS UNION OF AMERICA, AFL-CIO",Transport Workers Union of America Political Contributions Committee,Valerie Hoyle,2025-02-21,2500.00
"TRANSPORT WORKERS UNION OF AMERICA, AFL-CIO",Transport Workers Union of America Political Contributions Committee,LaMonica McIver,2025-02-21,2500.00
"TRANSPORT WORKERS UNION OF AMERICA, AFL-CIO",Transport Workers Union of America Political Contributions Committee,George Whitesides,2025-02-21,2500.00
"TRANSPORT WORKERS UNION OF AMERICA, AFL-CIO",Transport Workers Union of America Political Contributions Committee,Sarah McBride,2025-02-21,2500.00
"TRANSPORT WORKERS UNION OF AMERICA, AFL-CIO",Transport Workers Union of America Political Contributions Committee,Hakeem Jeffries,2025-02-21,5000.00
"TRANSPORT WORKERS UNION OF AMERICA, AFL-CIO",Transport Workers Union of America Political Contributions Committee,Nikki Budzinski,2025-02-21,5000.00
"TRANSPORT WORKERS UNION OF AMERICA, AFL-CIO",Transport Workers Union of America Political Contributions Committee,Bennie Thompson,2025-02-21,5000.00
"TRANSPORT WORKERS UNION OF AMERICA, AFL-CIO",Transport Workers Union of America Political Contributions Committee,Lateefah Simon,2025-02-21,2500.00
"TRANSPORT WORKERS UNION OF AMERICA, AFL-CIO",Transport Workers Union of America Political Contributions Committee,Julie Johnson,2025-02-21,2500.00
"TRANSPORT WORKERS UNION OF AMERICA, AFL-CIO",Transport Workers Union of America Political Contributions Committee,Angie Craig,2025-02-21,2500.00
"TRANSPORT WORKERS UNION OF AMERICA, AFL-CIO",Transport Workers Union of America Political Contributions Committee,Nikki Budzinski,2025-02-21,5000.00
"TRANSPORT WORKERS UNION OF AMERICA, AFL-CIO",Transport Workers Union of America Political Contributions Committee,Bennie Thompson,2025-02-21,5000.00
"TRANSPORT WORKERS UNION OF AMERICA, AFL-CIO",Transport Workers Union of America Political Contributions Committee,TIMOTHY KENNEDY,2025-02-21,5000.00
"TRANSPORT WORKERS UNION OF AMERICA, AFL-CIO",Transport Workers Union of America Political Contributions Committee,Adam Gray,2025-02-21,2500.00
"TRANSPORT WORKERS UNION OF AMERICA, AFL-CIO",Transport Workers Union of America Political Contributions Committee,Ben Lujan,2025-03-18,2500.00
"TRANSPORT WORKERS UNION OF AMERICA, AFL-CIO",Transport Workers Union of America Political Contributions Committee,Darren Soto,2025-03-18,1000.00
"TRANSPORT WORKERS UNION OF AMERICA, AFL-CIO",Transport Workers Union of America Political Contributions Committee,Mike Quigley,2025-03-18,2500.00
"TRANSPORT WORKERS UNION OF AMERICA, AFL-CIO",Transport Workers Union of America Political Contributions Committee,John Mannion,2025-03-18,2500.00
"TRANSPORT WORKERS UNION OF AMERICA, AFL-CIO",Transport Workers Union of America Political Contributions Committee,Andrew Garbarino,2025-03-18,5000.00
"TRANSPORT WORKERS UNION OF AMERICA, AFL-CIO",Transport Workers Union of America Political Contributions Committee,Chris Deluzio,2025-03-18,2500.00
"TRANSPORT WORKERS UNION OF AMERICA, AFL-CIO",Transport Workers Union of America Political Contributions Committee,Don Bacon,2025-03-18,5000.00
"TRANSPORT WORKERS UNION OF AMERICA, AFL-CIO",Transport Workers Union of America Political Contributions Committee,Edward Markey,2025-03-18,2500.00
"TRANSPORT WORKERS UNION OF AMERICA, AFL-CIO",Transport Workers Union of America Political Contributions Committee,Melanie Stansbury,2025-03-18,2500.00
"TRANSPORT WORKERS UNION OF AMERICA, AFL-CIO",Transport Workers Union of America Political Contributions Committee,Delia Ramirez,2025-03-18,1500.00
"TRANSPORT WORKERS UNION OF AMERICA, AFL-CIO",Transport Workers Union of America Political Contributions Committee,Grace Meng,2025-03-18,2000.00
"TRANSPORT WORKERS UNION OF AMERICA, AFL-CIO",Transport Workers Union of America Political Contributions Committee,Jesus Garcia,2025-03-18,2500.00
"TRANSPORT WORKERS UNION OF AMERICA, AFL-CIO",Transport Workers Union of America Political Contributions Committee,Sarah Elfreth,2025-03-18,1000.00
"TRANSPORT WORKERS UNION OF AMERICA, AFL-CIO",Transport Workers Union of America Political Contributions Committee,Mike Bost,2025-03-18,2500.00
"TRANSPORT WORKERS UNION OF AMERICA, AFL-CIO",Transport Workers Union of America Political Contributions Committee,Julia Brownley,2025-03-18,5000.00
"TRANSPORT WORKERS UNION OF AMERICA, AFL-CIO",Transport Workers Union of America Political Contributions Committee,Emilia Sykes,2025-03-18,1500.00
"TRANSPORT WORKERS UNION OF AMERICA, AFL-CIO",Transport Workers Union of America Political Contributions Committee,Patrick Ryan,2025-03-18,2500.00
"TRANSPORT WORKERS UNION OF AMERICA, AFL-CIO",Transport Workers Union of America Political Contributions Committee,Donald Norcross,2025-03-18,5000.00
"TRANSPORT WORKERS UNION OF AMERICA, AFL-CIO",Transport Workers Union of America Political Contributions Committee,Nick LaLota,2025-03-18,5000.00
"TRANSPORT WORKERS UNION OF AMERICA, AFL-CIO",Transport Workers Union of America Political Contributions Committee,Adriano Espaillat,2025-03-18,5000.00
"TRANSPORT WORKERS UNION OF AMERICA, AFL-CIO",Transport Workers Union of America Political Contributions Committee,Julia Brownley,2025-03-18,5000.00
"TRANSPORT WORKERS UNION OF AMERICA, AFL-CIO",Transport Workers Union of America Political Contributions Committee,Lori Trahan,2025-03-18,5000.00
"TRANSPORT WORKERS UNION OF AMERICA, AFL-CIO",Transport Workers Union of America Political Contributions Committee,Mary Gay Scanlon,2025-03-18,1500.00
"TRANSPORT WORKERS UNION OF AMERICA, AFL-CIO",Transport Workers Union of America Political Contributions Committee,Mark Pocan,2025-03-18,2500.00
"TRANSPORT WORKERS UNION OF AMERICA, AFL-CIO",Transport Workers Union of America Political Contributions Committee,George Latimer,2025-03-18,2500.00
"TRANSPORT WORKERS UNION OF AMERICA, AFL-CIO",Transport Workers Union of America Political Contributions Committee,Laura Friedman,2025-03-18,2500.00
"TRANSPORT WORKERS UNION OF AMERICA, AFL-CIO",Transport Workers Union of America Political Contributions Committee,Greg Casar,2025-03-18,1000.00
"TRANSPORT WORKERS UNION OF AMERICA, AFL-CIO",Transport Workers Union of America Political Contributions Committee,Michael Turner,2025-03-18,1000.00
"TRANSPORT WORKERS UNION OF AMERICA, AFL-CIO",Transport Workers Union of America Political Contributions Committee,Hillary Scholten,2025-03-18,1500.00
"TRANSPORT WORKERS UNION OF AMERICA, AFL-CIO",Transport Workers Union of America Political Contributions Committee,NELIDA POU,2025-03-18,1500.00
"TRANSPORT WORKERS UNION OF AMERICA, AFL-CIO",Transport Workers Union of America Political Contributions Committee,Nicole Malliotakis,2025-03-18,2500.00
"TRANSPORT WORKERS UNION OF AMERICA, AFL-CIO",Transport Workers Union of America Political Contributions Committee,Maxwell Alejandro Frost,2025-03-18,2500.00
"TRANSPORT WORKERS UNION OF AMERICA, AFL-CIO",Transport Workers Union of America Political Contributions Committee,Yvette Clarke,2025-03-18,5000.00
"TRANSPORT WORKERS UNION OF AMERICA, AFL-CIO",Transport Workers Union of America Political Contributions Committee,Dem Sen Camp Cmte(DSCC)-Federal Acct,2025-03-18,45000.00
"TRANSPORT WORKERS UNION OF AMERICA, AFL-CIO",Transport Workers Union of America Political Contributions Committee,Dina Titus,2025-03-18,5000.00
"TRANSPORT WORKERS UNION OF AMERICA, AFL-CIO",Transport Workers Union of America Political Contributions Committee,Andrea Salinas,2025-03-18,1000.00
"TRANSPORT WORKERS UNION OF AMERICA, AFL-CIO",Transport Workers Union of America Political Contributions Committee,Chris Pappas,2025-03-18,5000.00
"TRANSPORT WORKERS UNION OF AMERICA, AFL-CIO",Transport Workers Union of America Political Contributions Committee,Rick Larsen,2025-03-18,5000.00
"TRANSPORT WORKERS UNION OF AMERICA, AFL-CIO",Transport Workers Union of America Political Contributions Committee,Shomari Figures,2025-03-18,1000.00
"TRANSPORT WORKERS UNION OF AMERICA, AFL-CIO",Transport Workers Union of America Political Contributions Committee,Andre Carson,2025-03-18,1000.00
"TRANSPORT WORKERS UNION OF AMERICA, AFL-CIO",Transport Workers Union of America Political Contributions Committee,Christopher Deluzio,2025-03-18,5000.00
"TRANSPORT WORKERS UNION OF AMERICA, AFL-CIO",Transport Workers Union of America Political Contributions Committee,Dem Cong Camp Cmte(DCCC)-Federal Acct,2025-03-18,45000.00
"TRANSPORT WORKERS UNION OF AMERICA, AFL-CIO",Transport Workers Union of America Political Contributions Committee,Dem Cong Camp Cmte(DCCC)-Federal Acct,2025-03-18,15000.00
"TRANSPORT WORKERS UNION OF AMERICA, AFL-CIO",Transport Workers Union of America Political Contributions Committee,Republican Italian American Committee,2025-03-18,1000.00
"TRANSPORT WORKERS UNION OF AMERICA, AFL-CIO",Transport Workers Union of America Political Contributions Committee,Dem Sen Camp Cmte(DSCC)-Federal Acct,2025-03-18,15000.00
"TRANSPORT WORKERS UNION OF AMERICA, AFL-CIO",Transport Workers Union of America Political Contributions Committee,Marc Veasey,2025-04-22,1000.00
"TRANSPORT WORKERS UNION OF AMERICA, AFL-CIO",Transport Workers Union of America Political Contributions Committee,Madeleine Dean,2025-04-22,1500.00
"TRANSPORT WORKERS UNION OF AMERICA, AFL-CIO",Transport Workers Union of America Political Contributions Committee,Kristen McDonald Rivet,2025-04-22,1500.00
"TRANSPORT WORKERS UNION OF AMERICA, AFL-CIO",Transport Workers Union of America Political Contributions Committee,Andre Carson,2025-04-22,1500.00
"TRANSPORT WORKERS UNION OF AMERICA, AFL-CIO",Transport Workers Union of America Political Contributions Committee,David Rouzer,2025-04-22,2500.00
"TRANSPORT WORKERS UNION OF AMERICA, AFL-CIO",Transport Workers Union of America Political Contributions Committee,Sharice Davids,2025-04-22,1500.00
"TRANSPORT WORKERS UNION OF AMERICA, AFL-CIO",Transport Workers Union of America Political Contributions Committee,Dwight Evans,2025-04-22,5000.00
"TRANSPORT WORKERS UNION OF AMERICA, AFL-CIO",Transport Workers Union of America Political Contributions Committee,Eleanor Holmes Norton,2025-04-22,1500.00
"TRANSPORT WORKERS UNION OF AMERICA, AFL-CIO",Transport Workers Union of America Political Contributions Committee,Rob Bresnahan,2025-04-22,2500.00
"TRANSPORT WORKERS UNION OF AMERICA, AFL-CIO",Transport Workers Union of America Political Contributions Committee,Brian Fitzpatrick,2025-04-22,5000.00
"TRANSPORT WORKERS UNION OF AMERICA, AFL-CIO",Transport Workers Union of America Political Contributions Committee,Brian Fitzpatrick,2025-04-22,5000.00
"TRANSPORT WORKERS UNION OF AMERICA, AFL-CIO",Transport Workers Union of America Political Contributions Committee,Frederica Wilson,2025-04-22,2000.00
"TRANSPORT WORKERS UNION OF AMERICA, AFL-CIO",Transport Workers Union of America Political Contributions Committee,Rosa DeLauro,2025-04-22,5000.00
"TRANSPORT WORKERS UNION OF AMERICA, AFL-CIO",Transport Workers Union of America Political Contributions Committee,Nicole Malliotakis,2025-04-22,2500.00
"TRANSPORT WORKERS UNION OF AMERICA, AFL-CIO",Transport Workers Union of America Political Contributions Committee,Rick Larsen,2025-05-29,5000.00
"TRANSPORT WORKERS UNION OF AMERICA, AFL-CIO",Transport Workers Union of America Political Contributions Committee,Brendan Boyle,2025-06-29,5000.00
"TRANSPORT WORKERS UNION OF AMERICA, AFL-CIO",Transport Workers Union of America Political Contributions Committee,Christopher Smith,2025-06-29,2500.00
"TRANSPORT WORKERS UNION OF AMERICA, AFL-CIO",Transport Workers Union of America Political Contributions Committee,Valerie Foushee,2025-06-29,1500.00
"TRANSPORT WORKERS UNION OF AMERICA, AFL-CIO",Transport Workers Union of America Political Contributions Committee,Donald Norcross,2025-06-29,5000.00
"TRANSPORT WORKERS UNION OF AMERICA, AFL-CIO",Transport Workers Union of America Political Contributions Committee,Tom Suozzi,2025-06-29,5000.00
"TRANSPORT WORKERS UNION OF AMERICA, AFL-CIO",Transport Workers Union of America Political Contributions Committee,Ted Lieu,2025-06-29,1000.00
"TRANSPORT WORKERS UNION OF AMERICA, AFL-CIO",Transport Workers Union of America Political Contributions Committee,Debbie Dingell,2025-06-29,5000.00
"TRANSPORT WORKERS UNION OF AMERICA, AFL-CIO",Transport Workers Union of America Political Contributions Committee,Sheila Cherfilus McCormick,2025-06-29,1000.00
"TRANSPORT WORKERS UNION OF AMERICA, AFL-CIO",Transport Workers Union of America Political Contributions Committee,Charles Schumer,2025-06-29,5000.00
"TRANSPORT WORKERS UNION OF AMERICA, AFL-CIO",Transport Workers Union of America Political Contributions Committee,Jill Tokuda,2025-06-29,1000.00
"TRANSPORT WORKERS UNION OF AMERICA, AFL-CIO",Transport Workers Union of America Political Contributions Committee,Maxwell Alejandro Frost,2025-06-29,2500.00
"TRANSPORT WORKERS UNION OF AMERICA, AFL-CIO",Transport Workers Union of America Political Contributions Committee,Daniel Hernandez,2025-06-29,2500.00
"TRANSPORT WORKERS UNION OF AMERICA, AFL-CIO",Transport Workers Union of America Political Contributions Committee,Nicole Malliotakis,2025-06-29,5000.00
"TRANSPORT WORKERS UNION OF AMERICA, AFL-CIO",Transport Workers Union of America Political Contributions Committee,Brad Schneider,2025-06-29,2500.00
"TRANSPORT WORKERS UNION OF AMERICA, AFL-CIO",Transport Workers Union of America Political Contributions Committee,George Latimer,2025-06-29,2500.00
"TRANSPORT WORKERS UNION OF AMERICA, AFL-CIO",Transport Workers Union of America Political Contributions Committee,Mark DeSaulnier,2025-06-29,2500.00
"TRANSPORT WORKERS UNION OF AMERICA, AFL-CIO",Transport Workers Union of America Political Contributions Committee,Andre Carson,2025-06-29,2500.00
"TRANSPORT WORKERS UNION OF AMERICA, AFL-CIO",Transport Workers Union of America Political Contributions Committee,Nikema Williams,2025-06-29,1000.00
"TRANSPORT WORKERS UNION OF AMERICA, AFL-CIO",Transport Workers Union of America Political Contributions Committee,Marcy Kaptur,2025-06-29,1500.00
"TRANSPORT WORKERS UNION OF AMERICA, AFL-CIO",Transport Workers Union of America Political Contributions Committee,Eric Sorensen,2025-06-29,2500.00
"TRANSPORT WORKERS UNION OF AMERICA, AFL-CIO",Transport Workers Union of America Political Contributions Committee,Mark Pocan,2025-06-29,5000.00
"TRANSPORT WORKERS UNION OF AMERICA, AFL-CIO",Transport Workers Union of America Political Contributions Committee,Pete Aguilar,2025-06-29,5000.00
"TRANSPORT WORKERS UNION OF AMERICA, AFL-CIO",Transport Workers Union of America Political Contributions Committee,John Mannion,2025-06-29,2500.00
"TRANSPORT WORKERS UNION OF AMERICA, AFL-CIO",Transport Workers Union of America Political Contributions Committee,Laura Friedman,2025-06-29,2500.00
"TRANSPORT WORKERS UNION OF AMERICA, AFL-CIO",Transport Workers Union of America Political Contributions Committee,Katherine Clark,2025-06-29,5000.00
"TRANSPORT WORKERS UNION OF AMERICA, AFL-CIO",Transport Workers Union of America Political Contributions Committee,Rosa DeLauro,2025-06-29,5000.00
"TRANSPORT WORKERS UNION OF AMERICA, AFL-CIO",Transport Workers Union of America Political Contributions Committee,Deborah Ross,2025-06-29,2500.00
"TRANSPORT WORKERS UNION OF AMERICA, AFL-CIO",Transport Workers Union of America Political Contributions Committee,Daniel Goldman,2025-06-29,2500.00
"TRANSPORT WORKERS UNION OF AMERICA, AFL-CIO",Transport Workers Union of America Political Contributions Committee,Chris Deluzio,2025-06-29,2500.00
"TRANSPORT WORKERS UNION OF AMERICA, AFL-CIO",Transport Workers Union of America Political Contributions Committee,Pete Aguilar,2025-06-29,5000.00
"TRANSPORT WORKERS UNION OF AMERICA, AFL-CIO",Transport Workers Union of America Political Contributions Committee,Darren Soto,2025-06-29,2000.00
"TRANSPORT WORKERS UNION OF AMERICA, AFL-CIO",Transport Workers Union of America Political Contributions Committee,Paul Tonko,2025-06-29,1500.00
"TRANSPORT WORKERS UNION OF AMERICA, AFL-CIO",Transport Workers Union of America Political Contributions Committee,Maxwell Alejandro Frost,2025-06-29,2500.00
"TRANSPORT WORKERS UNION OF AMERICA, AFL-CIO",Transport Workers Union of America Political Contributions Committee,Nick Lalota,2025-06-29,2500.00
"TRANSPORT WORKERS UNION OF AMERICA, AFL-CIO",Transport Workers Union of America Political Contributions Committee,Equality PAC,2025-06-29,5000.00
"TRANSPORT WORKERS UNION OF AMERICA, AFL-CIO",Transport Workers Union of America Political Contributions Committee,Brian Schatz,2025-06-29,5000.00
"TRANSPORT WORKERS UNION OF AMERICA, AFL-CIO",Transport Workers Union of America Political Contributions Committee,Katherine Clark,2025-06-29,5000.00
"TRANSPORT WORKERS UNION OF AMERICA, AFL-CIO",Transport Workers Union of America Political Contributions Committee,Joe Morelle,2025-06-29,5000.00
"TRANSPORT WORKERS UNION OF AMERICA, AFL-CIO",Transport Workers Union of America Political Contributions Committee,Laura Gillen,2025-06-29,2500.00
"TRANSPORT WORKERS UNION OF AMERICA, AFL-CIO",Transport Workers Union of America Political Contributions Committee,Angie Craig,2025-06-29,2500.00
"TRANSPORT WORKERS UNION OF AMERICA, AFL-CIO",Transport Workers Union of America Political Contributions Committee,Adriano Espaillat,2025-06-29,5000.00
"TRANSPORT WORKERS UNION OF AMERICA, AFL-CIO",Transport Workers Union of America Political Contributions Committee,TIMOTHY KENNEDY,2025-06-29,5000.00
"TRANSPORT WORKERS UNION OF AMERICA, AFL-CIO",Transport Workers Union of America Political Contributions Committee,Kirsten Gillibrand,2025-06-29,5000.00
"TRANSPORT WORKERS UNION OF AMERICA, AFL-CIO",Transport Workers Union of America Political Contributions Committee,Patrick Ryan,2025-06-29,2500.00
"TRANSPORT WORKERS UNION OF AMERICA, AFL-CIO",Transport Workers Union of America Political Contributions Committee,Steven Horsford,2025-06-29,5000.00
"TRANSPORT WORKERS UNION OF AMERICA, AFL-CIO",Transport Workers Union of America Political Contributions Committee,Timothy Kennedy,2025-06-29,5000.00
"TRANSPORT WORKERS UNION OF AMERICA, AFL-CIO",Transport Workers Union of America Political Contributions Committee,Joyce Beatty,2025-06-29,1000.00
"TRANSPORT WORKERS UNION OF AMERICA, AFL-CIO",Transport Workers Union of America Political Contributions Committee,Nydia Velazquez,2025-06-29,1000.00
"TRANSPORT WORKERS UNION OF AMERICA, AFL-CIO",Transport Workers Union of America Political Contributions Committee,Pramila Jayapal,2025-06-29,1500.00
"TRANSPORT WORKERS UNION OF AMERICA, AFL-CIO",Transport Workers Union of America Political Contributions Committee,Marilyn Strickland,2025-06-29,1500.00
"TRANSPORT WORKERS UNION OF AMERICA, AFL-CIO",Transport Workers Union of America Political Contributions Committee,Nick Lalota,2025-06-29,2500.00
"TRANSPORT WORKERS UNION OF AMERICA, AFL-CIO",Transport Workers Union of America Political Contributions Committee,Eric Schmitt,2025-06-29,2500.00
"TRANSPORT WORKERS UNION OF AMERICA, AFL-CIO",Transport Workers Union of America Political Contributions Committee,Frank MrVan,2025-06-29,1500.00
"TRANSPORT WORKERS UNION OF AMERICA, AFL-CIO",Transport Workers Union of America Political Contributions Committee,Brendan Boyle,2025-06-29,5000.00
"TRANSPORT WORKERS UNION OF AMERICA, AFL-CIO",Transport Workers Union of America Political Contributions Committee,Sustainable Energy and Environment Coalition PAC,2025-06-29,5000.00
"TRANSPORT WORKERS UNION OF AMERICA, AFL-CIO",Transport Workers Union of America Political Contributions Committee,Elect Democratic Women,2025-01-24,5000.00
"TRANSPORT WORKERS UNION OF AMERICA, AFL-CIO",Transport Workers Union of America Political Contributions Committee,Congressional Black Caucus PAC,2025-01-24,5000.00
"TRANSPORT WORKERS UNION OF AMERICA, AFL-CIO",Transport Workers Union of America Political Contributions Committee,Congressional Progressive Caucus PAC,2025-01-24,5000.00
"TRANSPORT WORKERS UNION OF AMERICA, AFL-CIO",Transport Workers Union of America Political Contributions Committee,Transportation Trades Department AFL-CIO (TTD PAC),2025-01-24,5000.00
"TRANSPORT WORKERS UNION OF AMERICA, AFL-CIO",Transport Workers Union of America Political Contributions Committee,Republican Mainstreet Partnership Pac,2025-01-24,5000.00
"TRANSPORT WORKERS UNION OF AMERICA, AFL-CIO",Transport Workers Union of America Political Contributions Committee,Democratic Party Of New Mexico - Federal,2025-01-24,1000.00
"TRANSPORT WORKERS UNION OF AMERICA, AFL-CIO",Transport Workers Union of America Political Contributions Committee,CHC Bold PAC,2025-01-24,5000.00
"TRANSPORT WORKERS UNION OF AMERICA, AFL-CIO",Transport Workers Union of America Political Contributions Committee,ASPIRE PAC,2025-01-24,5000.00
"TRANSPORT WORKERS UNION OF AMERICA, AFL-CIO",Transport Workers Union of America Political Contributions Committee,Republican Governance Group/Tuesday Group PAC,2025-02-21,5000.00
"TRANSPORT WORKERS UNION OF AMERICA, AFL-CIO",Transport Workers Union of America Political Contributions Committee,Luz Rivas,2025-02-21,2500.00
"TRANSPORT WORKERS UNION OF AMERICA, AFL-CIO",Transport Workers Union of America Political Contributions Committee,Hakeem Jeffries,2025-02-21,5000.00
"TRANSPORT WORKERS UNION OF AMERICA, AFL-CIO",Transport Workers Union of America Political Contributions Committee,Nikki Budzinski,2025-02-21,5000.00
"TRANSPORT WORKERS UNION OF AMERICA, AFL-CIO",Transport Workers Union of America Political Contributions Committee,Ritchie Torres,2025-02-21,5000.00
"TRANSPORT WORKERS UNION OF AMERICA, AFL-CIO",Transport Workers Union of America Political Contributions Committee,Michael Lawler,2025-02-21,5000.00
"TRANSPORT WORKERS UNION OF AMERICA, AFL-CIO",Transport Workers Union of America Political Contributions Committee,Hakeem Jeffries,2025-02-21,5000.00
"TRANSPORT WORKERS UNION OF AMERICA, AFL-CIO",Transport Workers Union of America Political Contributions Committee,Yassamin Ansari,2025-02-21,2500.00
"TRANSPORT WORKERS UNION OF AMERICA, AFL-CIO",Transport Workers Union of America Political Contributions Committee,Ritchie Torres,2025-02-21,5000.00
"TRANSPORT WORKERS UNION OF AMERICA, AFL-CIO",Transport Workers Union of America Political Contributions Committee,Michael Lawler,2025-02-21,5000.00
"TRANSPORT WORKERS UNION OF AMERICA, AFL-CIO",Transport Workers Union of America Political Contributions Committee,Valerie Hoyle,2025-02-21,2500.00
"TRANSPORT WORKERS UNION OF AMERICA, AFL-CIO",Transport Workers Union of America Political Contributions Committee,LaMonica McIver,2025-02-21,2500.00
"TRANSPORT WORKERS UNION OF AMERICA, AFL-CIO",Transport Workers Union of America Political Contributions Committee,George Whitesides,2025-02-21,2500.00
"TRANSPORT WORKERS UNION OF AMERICA, AFL-CIO",Transport Workers Union of America Political Contributions Committee,Sarah McBride,2025-02-21,2500.00
"TRANSPORT WORKERS UNION OF AMERICA, AFL-CIO",Transport Workers Union of America Political Contributions Committee,Hakeem Jeffries,2025-02-21,5000.00
"TRANSPORT WORKERS UNION OF AMERICA, AFL-CIO",Transport Workers Union of America Political Contributions Committee,Nikki Budzinski,2025-02-21,5000.00
"TRANSPORT WORKERS UNION OF AMERICA, AFL-CIO",Transport Workers Union of America Political Contributions Committee,Bennie Thompson,2025-02-21,5000.00
"TRANSPORT WORKERS UNION OF AMERICA, AFL-CIO",Transport Workers Union of America Political Contributions Committee,Lateefah Simon,2025-02-21,2500.00
"TRANSPORT WORKERS UNION OF AMERICA, AFL-CIO",Transport Workers Union of America Political Contributions Committee,Julie Johnson,2025-02-21,2500.00
"TRANSPORT WORKERS UNION OF AMERICA, AFL-CIO",Transport Workers Union of America Political Contributions Committee,Angie Craig,2025-02-21,2500.00
"TRANSPORT WORKERS UNION OF AMERICA, AFL-CIO",Transport Workers Union of America Political Contributions Committee,Nikki Budzinski,2025-02-21,5000.00
"TRANSPORT WORKERS UNION OF AMERICA, AFL-CIO",Transport Workers Union of America Political Contributions Committee,Bennie Thompson,2025-02-21,5000.00
"TRANSPORT WORKERS UNION OF AMERICA, AFL-CIO",Transport Workers Union of America Political Contributions Committee,TIMOTHY KENNEDY,2025-02-21,5000.00
"TRANSPORT WORKERS UNION OF AMERICA, AFL-CIO",Transport Workers Union of America Political Contributions Committee,Adam Gray,2025-02-21,2500.00
"TRANSPORT WORKERS UNION OF AMERICA, AFL-CIO",Transport Workers Union of America Political Contributions Committee,Ben Lujan,2025-03-18,2500.00
"TRANSPORT WORKERS UNION OF AMERICA, AFL-CIO",Transport Workers Union of America Political Contributions Committee,Darren Soto,2025-03-18,1000.00
"TRANSPORT WORKERS UNION OF AMERICA, AFL-CIO",Transport Workers Union of America Political Contributions Committee,Mike Quigley,2025-03-18,2500.00
"TRANSPORT WORKERS UNION OF AMERICA, AFL-CIO",Transport Workers Union of America Political Contributions Committee,John Mannion,2025-03-18,2500.00
"TRANSPORT WORKERS UNION OF AMERICA, AFL-CIO",Transport Workers Union of America Political Contributions Committee,Andrew Garbarino,2025-03-18,5000.00
"TRANSPORT WORKERS UNION OF AMERICA, AFL-CIO",Transport Workers Union of America Political Contributions Committee,Chris Deluzio,2025-03-18,2500.00
"TRANSPORT WORKERS UNION OF AMERICA, AFL-CIO",Transport Workers Union of America Political Contributions Committee,Don Bacon,2025-03-18,5000.00
"TRANSPORT WORKERS UNION OF AMERICA, AFL-CIO",Transport Workers Union of America Political Contributions Committee,Edward Markey,2025-03-18,2500.00
"TRANSPORT WORKERS UNION OF AMERICA, AFL-CIO",Transport Workers Union of America Political Contributions Committee,Melanie Stansbury,2025-03-18,2500.00
"TRANSPORT WORKERS UNION OF AMERICA, AFL-CIO",Transport Workers Union of America Political Contributions Committee,Delia Ramirez,2025-03-18,1500.00
"TRANSPORT WORKERS UNION OF AMERICA, AFL-CIO",Transport Workers Union of America Political Contributions Committee,Grace Meng,2025-03-18,2000.00
"TRANSPORT WORKERS UNION OF AMERICA, AFL-CIO",Transport Workers Union of America Political Contributions Committee,Jesus Garcia,2025-03-18,2500.00
"TRANSPORT WORKERS UNION OF AMERICA, AFL-CIO",Transport Workers Union of America Political Contributions Committee,Sarah Elfreth,2025-03-18,1000.00
"TRANSPORT WORKERS UNION OF AMERICA, AFL-CIO",Transport Workers Union of America Political Contributions Committee,Mike Bost,2025-03-18,2500.00
"TRANSPORT WORKERS UNION OF AMERICA, AFL-CIO",Transport Workers Union of America Political Contributions Committee,Julia Brownley,2025-03-18,5000.00
"TRANSPORT WORKERS UNION OF AMERICA, AFL-CIO",Transport Workers Union of America Political Contributions Committee,Emilia Sykes,2025-03-18,1500.00
"TRANSPORT WORKERS UNION OF AMERICA, AFL-CIO",Transport Workers Union of America Political Contributions Committee,Patrick Ryan,2025-03-18,2500.00
"TRANSPORT WORKERS UNION OF AMERICA, AFL-CIO",Transport Workers Union of America Political Contributions Committee,Donald Norcross,2025-03-18,5000.00
"TRANSPORT WORKERS UNION OF AMERICA, AFL-CIO",Transport Workers Union of America Political Contributions Committee,Nick LaLota,2025-03-18,5000.00
"TRANSPORT WORKERS UNION OF AMERICA, AFL-CIO",Transport Workers Union of America Political Contributions Committee,Adriano Espaillat,2025-03-18,5000.00
"TRANSPORT WORKERS UNION OF AMERICA, AFL-CIO",Transport Workers Union of America Political Contributions Committee,Julia Brownley,2025-03-18,5000.00
"TRANSPORT WORKERS UNION OF AMERICA, AFL-CIO",Transport Workers Union of America Political Contributions Committee,Lori Trahan,2025-03-18,5000.00
"TRANSPORT WORKERS UNION OF AMERICA, AFL-CIO",Transport Workers Union of America Political Contributions Committee,Mary Gay Scanlon,2025-03-18,1500.00
"TRANSPORT WORKERS UNION OF AMERICA, AFL-CIO",Transport Workers Union of America Political Contributions Committee,Mark Pocan,2025-03-18,2500.00
"TRANSPORT WORKERS UNION OF AMERICA, AFL-CIO",Transport Workers Union of America Political Contributions Committee,George Latimer,2025-03-18,2500.00
"TRANSPORT WORKERS UNION OF AMERICA, AFL-CIO",Transport Workers Union of America Political Contributions Committee,Laura Friedman,2025-03-18,2500.00
"TRANSPORT WORKERS UNION OF AMERICA, AFL-CIO",Transport Workers Union of America Political Contributions Committee,Greg Casar,2025-03-18,1000.00
"TRANSPORT WORKERS UNION OF AMERICA, AFL-CIO",Transport Workers Union of America Political Contributions Committee,Michael Turner,2025-03-18,1000.00
"TRANSPORT WORKERS UNION OF AMERICA, AFL-CIO",Transport Workers Union of America Political Contributions Committee,Hillary Scholten,2025-03-18,1500.00
"TRANSPORT WORKERS UNION OF AMERICA, AFL-CIO",Transport Workers Union of America Political Contributions Committee,NELIDA POU,2025-03-18,1500.00
"TRANSPORT WORKERS UNION OF AMERICA, AFL-CIO",Transport Workers Union of America Political Contributions Committee,Nicole Malliotakis,2025-03-18,2500.00
"TRANSPORT WORKERS UNION OF AMERICA, AFL-CIO",Transport Workers Union of America Political Contributions Committee,Maxwell Alejandro Frost,2025-03-18,2500.00
"TRANSPORT WORKERS UNION OF AMERICA, AFL-CIO",Transport Workers Union of America Political Contributions Committee,Yvette Clarke,2025-03-18,5000.00
"TRANSPORT WORKERS UNION OF AMERICA, AFL-CIO",Transport Workers Union of America Political Contributions Committee,Dem Sen Camp Cmte(DSCC)-Federal Acct,2025-03-18,45000.00
"TRANSPORT WORKERS UNION OF AMERICA, AFL-CIO",Transport Workers Union of America Political Contributions Committee,Dina Titus,2025-03-18,5000.00
"TRANSPORT WORKERS UNION OF AMERICA, AFL-CIO",Transport Workers Union of America Political Contributions Committee,Andrea Salinas,2025-03-18,1000.00
"TRANSPORT WORKERS UNION OF AMERICA, AFL-CIO",Transport Workers Union of America Political Contributions Committee,Chris Pappas,2025-03-18,5000.00
"TRANSPORT WORKERS UNION OF AMERICA, AFL-CIO",Transport Workers Union of America Political Contributions Committee,Rick Larsen,2025-03-18,5000.00
"TRANSPORT WORKERS UNION OF AMERICA, AFL-CIO",Transport Workers Union of America Political Contributions Committee,Shomari Figures,2025-03-18,1000.00
"TRANSPORT WORKERS UNION OF AMERICA, AFL-CIO",Transport Workers Union of America Political Contributions Committee,Andre Carson,2025-03-18,1000.00
"TRANSPORT WORKERS UNION OF AMERICA, AFL-CIO",Transport Workers Union of America Political Contributions Committee,Christopher Deluzio,2025-03-18,5000.00
"TRANSPORT WORKERS UNION OF AMERICA, AFL-CIO",Transport Workers Union of America Political Contributions Committee,Dem Cong Camp Cmte(DCCC)-Federal Acct,2025-03-18,45000.00
"TRANSPORT WORKERS UNION OF AMERICA, AFL-CIO",Transport Workers Union of America Political Contributions Committee,Dem Cong Camp Cmte(DCCC)-Federal Acct,2025-03-18,15000.00
"TRANSPORT WORKERS UNION OF AMERICA, AFL-CIO",Transport Workers Union of America Political Contributions Committee,Republican Italian American Committee,2025-03-18,1000.00
"TRANSPORT WORKERS UNION OF AMERICA, AFL-CIO",Transport Workers Union of America Political Contributions Committee,Dem Sen Camp Cmte(DSCC)-Federal Acct,2025-03-18,15000.00
"TRANSPORT WORKERS UNION OF AMERICA, AFL-CIO",Transport Workers Union of America Political Contributions Committee,Marc Veasey,2025-04-22,1000.00
"TRANSPORT WORKERS UNION OF AMERICA, AFL-CIO",Transport Workers Union of America Political Contributions Committee,Madeleine Dean,2025-04-22,1500.00
"TRANSPORT WORKERS UNION OF AMERICA, AFL-CIO",Transport Workers Union of America Political Contributions Committee,Kristen McDonald Rivet,2025-04-22,1500.00
"TRANSPORT WORKERS UNION OF AMERICA, AFL-CIO",Transport Workers Union of America Political Contributions Committee,Andre Carson,2025-04-22,1500.00
"TRANSPORT WORKERS UNION OF AMERICA, AFL-CIO",Transport Workers Union of America Political Contributions Committee,David Rouzer,2025-04-22,2500.00
"TRANSPORT WORKERS UNION OF AMERICA, AFL-CIO",Transport Workers Union of America Political Contributions Committee,Sharice Davids,2025-04-22,1500.00
"TRANSPORT WORKERS UNION OF AMERICA, AFL-CIO",Transport Workers Union of America Political Contributions Committee,Dwight Evans,2025-04-22,5000.00
"TRANSPORT WORKERS UNION OF AMERICA, AFL-CIO",Transport Workers Union of America Political Contributions Committee,Eleanor Holmes Norton,2025-04-22,1500.00
"TRANSPORT WORKERS UNION OF AMERICA, AFL-CIO",Transport Workers Union of America Political Contributions Committee,Rob Bresnahan,2025-04-22,2500.00
"TRANSPORT WORKERS UNION OF AMERICA, AFL-CIO",Transport Workers Union of America Political Contributions Committee,Brian Fitzpatrick,2025-04-22,5000.00
"TRANSPORT WORKERS UNION OF AMERICA, AFL-CIO",Transport Workers Union of America Political Contributions Committee,Brian Fitzpatrick,2025-04-22,5000.00
"TRANSPORT WORKERS UNION OF AMERICA, AFL-CIO",Transport Workers Union of America Political Contributions Committee,Frederica Wilson,2025-04-22,2000.00
"TRANSPORT WORKERS UNION OF AMERICA, AFL-CIO",Transport Workers Union of America Political Contributions Committee,Rosa DeLauro,2025-04-22,5000.00
"TRANSPORT WORKERS UNION OF AMERICA, AFL-CIO",Transport Workers Union of America Political Contributions Committee,Nicole Malliotakis,2025-04-22,2500.00
"TRANSPORT WORKERS UNION OF AMERICA, AFL-CIO",Transport Workers Union of America Political Contributions Committee,Rick Larsen,2025-05-29,5000.00
"TRANSPORT WORKERS UNION OF AMERICA, AFL-CIO",Transport Workers Union of America Political Contributions Committee,Brendan Boyle,2025-06-29,5000.00
"TRANSPORT WORKERS UNION OF AMERICA, AFL-CIO",Transport Workers Union of America Political Contributions Committee,Christopher Smith,2025-06-29,2500.00
"TRANSPORT WORKERS UNION OF AMERICA, AFL-CIO",Transport Workers Union of America Political Contributions Committee,Valerie Foushee,2025-06-29,1500.00
"TRANSPORT WORKERS UNION OF AMERICA, AFL-CIO",Transport Workers Union of America Political Contributions Committee,Donald Norcross,2025-06-29,5000.00
"TRANSPORT WORKERS UNION OF AMERICA, AFL-CIO",Transport Workers Union of America Political Contributions Committee,Tom Suozzi,2025-06-29,5000.00
"TRANSPORT WORKERS UNION OF AMERICA, AFL-CIO",Transport Workers Union of America Political Contributions Committee,Ted Lieu,2025-06-29,1000.00
"TRANSPORT WORKERS UNION OF AMERICA, AFL-CIO",Transport Workers Union of America Political Contributions Committee,Debbie Dingell,2025-06-29,5000.00
"TRANSPORT WORKERS UNION OF AMERICA, AFL-CIO",Transport Workers Union of America Political Contributions Committee,Sheila Cherfilus McCormick,2025-06-29,1000.00
"TRANSPORT WORKERS UNION OF AMERICA, AFL-CIO",Transport Workers Union of America Political Contributions Committee,Charles Schumer,2025-06-29,5000.00
"TRANSPORT WORKERS UNION OF AMERICA, AFL-CIO",Transport Workers Union of America Political Contributions Committee,Jill Tokuda,2025-06-29,1000.00
"TRANSPORT WORKERS UNION OF AMERICA, AFL-CIO",Transport Workers Union of America Political Contributions Committee,Maxwell Alejandro Frost,2025-06-29,2500.00
"TRANSPORT WORKERS UNION OF AMERICA, AFL-CIO",Transport Workers Union of America Political Contributions Committee,Daniel Hernandez,2025-06-29,2500.00
"TRANSPORT WORKERS UNION OF AMERICA, AFL-CIO",Transport Workers Union of America Political Contributions Committee,Nicole Malliotakis,2025-06-29,5000.00
"TRANSPORT WORKERS UNION OF AMERICA, AFL-CIO",Transport Workers Union of America Political Contributions Committee,Brad Schneider,2025-06-29,2500.00
"TRANSPORT WORKERS UNION OF AMERICA, AFL-CIO",Transport Workers Union of America Political Contributions Committee,George Latimer,2025-06-29,2500.00
"TRANSPORT WORKERS UNION OF AMERICA, AFL-CIO",Transport Workers Union of America Political Contributions Committee,Mark DeSaulnier,2025-06-29,2500.00
"TRANSPORT WORKERS UNION OF AMERICA, AFL-CIO",Transport Workers Union of America Political Contributions Committee,Andre Carson,2025-06-29,2500.00
"TRANSPORT WORKERS UNION OF AMERICA, AFL-CIO",Transport Workers Union of America Political Contributions Committee,Nikema Williams,2025-06-29,1000.00
"TRANSPORT WORKERS UNION OF AMERICA, AFL-CIO",Transport Workers Union of America Political Contributions Committee,Marcy Kaptur,2025-06-29,1500.00
"TRANSPORT WORKERS UNION OF AMERICA, AFL-CIO",Transport Workers Union of America Political Contributions Committee,Eric Sorensen,2025-06-29,2500.00
"TRANSPORT WORKERS UNION OF AMERICA, AFL-CIO",Transport Workers Union of America Political Contributions Committee,Mark Pocan,2025-06-29,5000.00
"TRANSPORT WORKERS UNION OF AMERICA, AFL-CIO",Transport Workers Union of America Political Contributions Committee,Pete Aguilar,2025-06-29,5000.00
"TRANSPORT WORKERS UNION OF AMERICA, AFL-CIO",Transport Workers Union of America Political Contributions Committee,John Mannion,2025-06-29,2500.00
"TRANSPORT WORKERS UNION OF AMERICA, AFL-CIO",Transport Workers Union of America Political Contributions Committee,Laura Friedman,2025-06-29,2500.00
"TRANSPORT WORKERS UNION OF AMERICA, AFL-CIO",Transport Workers Union of America Political Contributions Committee,Katherine Clark,2025-06-29,5000.00
"TRANSPORT WORKERS UNION OF AMERICA, AFL-CIO",Transport Workers Union of America Political Contributions Committee,Rosa DeLauro,2025-06-29,5000.00
"TRANSPORT WORKERS UNION OF AMERICA, AFL-CIO",Transport Workers Union of America Political Contributions Committee,Deborah Ross,2025-06-29,2500.00
"TRANSPORT WORKERS UNION OF AMERICA, AFL-CIO",Transport Workers Union of America Political Contributions Committee,Daniel Goldman,2025-06-29,2500.00
"TRANSPORT WORKERS UNION OF AMERICA, AFL-CIO",Transport Workers Union of America Political Contributions Committee,Chris Deluzio,2025-06-29,2500.00
"TRANSPORT WORKERS UNION OF AMERICA, AFL-CIO",Transport Workers Union of America Political Contributions Committee,Pete Aguilar,2025-06-29,5000.00
"TRANSPORT WORKERS UNION OF AMERICA, AFL-CIO",Transport Workers Union of America Political Contributions Committee,Darren Soto,2025-06-29,2000.00
"TRANSPORT WORKERS UNION OF AMERICA, AFL-CIO",Transport Workers Union of America Political Contributions Committee,Paul Tonko,2025-06-29,1500.00
"TRANSPORT WORKERS UNION OF AMERICA, AFL-CIO",Transport Workers Union of America Political Contributions Committee,Maxwell Alejandro Frost,2025-06-29,2500.00
"TRANSPORT WORKERS UNION OF AMERICA, AFL-CIO",Transport Workers Union of America Political Contributions Committee,Nick Lalota,2025-06-29,2500.00
"TRANSPORT WORKERS UNION OF AMERICA, AFL-CIO",Transport Workers Union of America Political Contributions Committee,Equality PAC,2025-06-29,5000.00
"TRANSPORT WORKERS UNION OF AMERICA, AFL-CIO",Transport Workers Union of America Political Contributions Committee,Brian Schatz,2025-06-29,5000.00
"TRANSPORT WORKERS UNION OF AMERICA, AFL-CIO",Transport Workers Union of America Political Contributions Committee,Katherine Clark,2025-06-29,5000.00
"TRANSPORT WORKERS UNION OF AMERICA, AFL-CIO",Transport Workers Union of America Political Contributions Committee,Joe Morelle,2025-06-29,5000.00
"TRANSPORT WORKERS UNION OF AMERICA, AFL-CIO",Transport Workers Union of America Political Contributions Committee,Laura Gillen,2025-06-29,2500.00
"TRANSPORT WORKERS UNION OF AMERICA, AFL-CIO",Transport Workers Union of America Political Contributions Committee,Angie Craig,2025-06-29,2500.00
"TRANSPORT WORKERS UNION OF AMERICA, AFL-CIO",Transport Workers Union of America Political Contributions Committee,Adriano Espaillat,2025-06-29,5000.00
"TRANSPORT WORKERS UNION OF AMERICA, AFL-CIO",Transport Workers Union of America Political Contributions Committee,TIMOTHY KENNEDY,2025-06-29,5000.00
"TRANSPORT WORKERS UNION OF AMERICA, AFL-CIO",Transport Workers Union of America Political Contributions Committee,Kirsten Gillibrand,2025-06-29,5000.00
"TRANSPORT WORKERS UNION OF AMERICA, AFL-CIO",Transport Workers Union of America Political Contributions Committee,Patrick Ryan,2025-06-29,2500.00
"TRANSPORT WORKERS UNION OF AMERICA, AFL-CIO",Transport Workers Union of America Political Contributions Committee,Steven Horsford,2025-06-29,5000.00
"TRANSPORT WORKERS UNION OF AMERICA, AFL-CIO",Transport Workers Union of America Political Contributions Committee,Timothy Kennedy,2025-06-29,5000.00
"TRANSPORT WORKERS UNION OF AMERICA, AFL-CIO",Transport Workers Union of America Political Contributions Committee,Joyce Beatty,2025-06-29,1000.00
"TRANSPORT WORKERS UNION OF AMERICA, AFL-CIO",Transport Workers Union of America Political Contributions Committee,Nydia Velazquez,2025-06-29,1000.00
"TRANSPORT WORKERS UNION OF AMERICA, AFL-CIO",Transport Workers Union of America Political Contributions Committee,Pramila Jayapal,2025-06-29,1500.00
"TRANSPORT WORKERS UNION OF AMERICA, AFL-CIO",Transport Workers Union of America Political Contributions Committee,Marilyn Strickland,2025-06-29,1500.00
"TRANSPORT WORKERS UNION OF AMERICA, AFL-CIO",Transport Workers Union of America Political Contributions Committee,Nick Lalota,2025-06-29,2500.00
"TRANSPORT WORKERS UNION OF AMERICA, AFL-CIO",Transport Workers Union of America Political Contributions Committee,Eric Schmitt,2025-06-29,2500.00
"TRANSPORT WORKERS UNION OF AMERICA, AFL-CIO",Transport Workers Union of America Political Contributions Committee,Frank MrVan,2025-06-29,1500.00
"TRANSPORT WORKERS UNION OF AMERICA, AFL-CIO",Transport Workers Union of America Political Contributions Committee,Brendan Boyle,2025-06-29,5000.00
"TRANSPORT WORKERS UNION OF AMERICA, AFL-CIO",Transport Workers Union of America Political Contributions Committee,Sustainable Energy and Environment Coalition PAC,2025-06-29,5000.00
"TRANSPORT WORKERS UNION OF AMERICA, AFL-CIO",Transport Workers Union of America Political Contributions Committee,Elect Democratic Women,2025-01-24,5000.00
"TRANSPORT WORKERS UNION OF AMERICA, AFL-CIO",Transport Workers Union of America Political Contributions Committee,Congressional Black Caucus PAC,2025-01-24,5000.00
"TRANSPORT WORKERS UNION OF AMERICA, AFL-CIO",Transport Workers Union of America Political Contributions Committee,Congressional Progressive Caucus PAC,2025-01-24,5000.00
"TRANSPORT WORKERS UNION OF AMERICA, AFL-CIO",Transport Workers Union of America Political Contributions Committee,Transportation Trades Department AFL-CIO (TTD PAC),2025-01-24,5000.00
"TRANSPORT WORKERS UNION OF AMERICA, AFL-CIO",Transport Workers Union of America Political Contributions Committee,Republican Mainstreet Partnership Pac,2025-01-24,5000.00
"TRANSPORT WORKERS UNION OF AMERICA, AFL-CIO",Transport Workers Union of America Political Contributions Committee,Democratic Party Of New Mexico - Federal,2025-01-24,1000.00
"TRANSPORT WORKERS UNION OF AMERICA, AFL-CIO",Transport Workers Union of America Political Contributions Committee,CHC Bold PAC,2025-01-24,5000.00
"TRANSPORT WORKERS UNION OF AMERICA, AFL-CIO",Transport Workers Union of America Political Contributions Committee,ASPIRE PAC,2025-01-24,5000.00
"TRANSPORT WORKERS UNION OF AMERICA, AFL-CIO",Transport Workers Union of America Political Contributions Committee,Republican Governance Group/Tuesday Group PAC,2025-02-21,5000.00
"TRANSPORT WORKERS UNION OF AMERICA, AFL-CIO",Transport Workers Union of America Political Contributions Committee,Luz Rivas,2025-02-21,2500.00
"TRANSPORT WORKERS UNION OF AMERICA, AFL-CIO",Transport Workers Union of America Political Contributions Committee,Hakeem Jeffries,2025-02-21,5000.00
"TRANSPORT WORKERS UNION OF AMERICA, AFL-CIO",Transport Workers Union of America Political Contributions Committee,Nikki Budzinski,2025-02-21,5000.00
"TRANSPORT WORKERS UNION OF AMERICA, AFL-CIO",Transport Workers Union of America Political Contributions Committee,Ritchie Torres,2025-02-21,5000.00
"TRANSPORT WORKERS UNION OF AMERICA, AFL-CIO",Transport Workers Union of America Political Contributions Committee,Michael Lawler,2025-02-21,5000.00
"TRANSPORT WORKERS UNION OF AMERICA, AFL-CIO",Transport Workers Union of America Political Contributions Committee,Hakeem Jeffries,2025-02-21,5000.00
"TRANSPORT WORKERS UNION OF AMERICA, AFL-CIO",Transport Workers Union of America Political Contributions Committee,Yassamin Ansari,2025-02-21,2500.00
"TRANSPORT WORKERS UNION OF AMERICA, AFL-CIO",Transport Workers Union of America Political Contributions Committee,Ritchie Torres,2025-02-21,5000.00
"TRANSPORT WORKERS UNION OF AMERICA, AFL-CIO",Transport Workers Union of America Political Contributions Committee,Michael Lawler,2025-02-21,5000.00
"TRANSPORT WORKERS UNION OF AMERICA, AFL-CIO",Transport Workers Union of America Political Contributions Committee,Valerie Hoyle,2025-02-21,2500.00
"TRANSPORT WORKERS UNION OF AMERICA, AFL-CIO",Transport Workers Union of America Political Contributions Committee,LaMonica McIver,2025-02-21,2500.00
"TRANSPORT WORKERS UNION OF AMERICA, AFL-CIO",Transport Workers Union of America Political Contributions Committee,George Whitesides,2025-02-21,2500.00
"TRANSPORT WORKERS UNION OF AMERICA, AFL-CIO",Transport Workers Union of America Political Contributions Committee,Sarah McBride,2025-02-21,2500.00
"TRANSPORT WORKERS UNION OF AMERICA, AFL-CIO",Transport Workers Union of America Political Contributions Committee,Hakeem Jeffries,2025-02-21,5000.00
"TRANSPORT WORKERS UNION OF AMERICA, AFL-CIO",Transport Workers Union of America Political Contributions Committee,Nikki Budzinski,2025-02-21,5000.00
"TRANSPORT WORKERS UNION OF AMERICA, AFL-CIO",Transport Workers Union of America Political Contributions Committee,Bennie Thompson,2025-02-21,5000.00
"TRANSPORT WORKERS UNION OF AMERICA, AFL-CIO",Transport Workers Union of America Political Contributions Committee,Lateefah Simon,2025-02-21,2500.00
"TRANSPORT WORKERS UNION OF AMERICA, AFL-CIO",Transport Workers Union of America Political Contributions Committee,Julie Johnson,2025-02-21,2500.00
"TRANSPORT WORKERS UNION OF AMERICA, AFL-CIO",Transport Workers Union of America Political Contributions Committee,Angie Craig,2025-02-21,2500.00
"TRANSPORT WORKERS UNION OF AMERICA, AFL-CIO",Transport Workers Union of America Political Contributions Committee,Nikki Budzinski,2025-02-21,5000.00
"TRANSPORT WORKERS UNION OF AMERICA, AFL-CIO",Transport Workers Union of America Political Contributions Committee,Bennie Thompson,2025-02-21,5000.00
"TRANSPORT WORKERS UNION OF AMERICA, AFL-CIO",Transport Workers Union of America Political Contributions Committee,TIMOTHY KENNEDY,2025-02-21,5000.00
"TRANSPORT WORKERS UNION OF AMERICA, AFL-CIO",Transport Workers Union of America Political Contributions Committee,Adam Gray,2025-02-21,2500.00
"TRANSPORT WORKERS UNION OF AMERICA, AFL-CIO",Transport Workers Union of America Political Contributions Committee,Ben Lujan,2025-03-18,2500.00
"TRANSPORT WORKERS UNION OF AMERICA, AFL-CIO",Transport Workers Union of America Political Contributions Committee,Darren Soto,2025-03-18,1000.00
"TRANSPORT WORKERS UNION OF AMERICA, AFL-CIO",Transport Workers Union of America Political Contributions Committee,Mike Quigley,2025-03-18,2500.00
"TRANSPORT WORKERS UNION OF AMERICA, AFL-CIO",Transport Workers Union of America Political Contributions Committee,John Mannion,2025-03-18,2500.00
"TRANSPORT WORKERS UNION OF AMERICA, AFL-CIO",Transport Workers Union of America Political Contributions Committee,Andrew Garbarino,2025-03-18,5000.00
"TRANSPORT WORKERS UNION OF AMERICA, AFL-CIO",Transport Workers Union of America Political Contributions Committee,Chris Deluzio,2025-03-18,2500.00
"TRANSPORT WORKERS UNION OF AMERICA, AFL-CIO",Transport Workers Union of America Political Contributions Committee,Don Bacon,2025-03-18,5000.00
"TRANSPORT WORKERS UNION OF AMERICA, AFL-CIO",Transport Workers Union of America Political Contributions Committee,Edward Markey,2025-03-18,2500.00
"TRANSPORT WORKERS UNION OF AMERICA, AFL-CIO",Transport Workers Union of America Political Contributions Committee,Melanie Stansbury,2025-03-18,2500.00
"TRANSPORT WORKERS UNION OF AMERICA, AFL-CIO",Transport Workers Union of America Political Contributions Committee,Delia Ramirez,2025-03-18,1500.00
"TRANSPORT WORKERS UNION OF AMERICA, AFL-CIO",Transport Workers Union of America Political Contributions Committee,Grace Meng,2025-03-18,2000.00
"TRANSPORT WORKERS UNION OF AMERICA, AFL-CIO",Transport Workers Union of America Political Contributions Committee,Jesus Garcia,2025-03-18,2500.00
"TRANSPORT WORKERS UNION OF AMERICA, AFL-CIO",Transport Workers Union of America Political Contributions Committee,Sarah Elfreth,2025-03-18,1000.00
"TRANSPORT WORKERS UNION OF AMERICA, AFL-CIO",Transport Workers Union of America Political Contributions Committee,Mike Bost,2025-03-18,2500.00
"TRANSPORT WORKERS UNION OF AMERICA, AFL-CIO",Transport Workers Union of America Political Contributions Committee,Julia Brownley,2025-03-18,5000.00
"TRANSPORT WORKERS UNION OF AMERICA, AFL-CIO",Transport Workers Union of America Political Contributions Committee,Emilia Sykes,2025-03-18,1500.00
"TRANSPORT WORKERS UNION OF AMERICA, AFL-CIO",Transport Workers Union of America Political Contributions Committee,Patrick Ryan,2025-03-18,2500.00
"TRANSPORT WORKERS UNION OF AMERICA, AFL-CIO",Transport Workers Union of America Political Contributions Committee,Donald Norcross,2025-03-18,5000.00
"TRANSPORT WORKERS UNION OF AMERICA, AFL-CIO",Transport Workers Union of America Political Contributions Committee,Nick LaLota,2025-03-18,5000.00
"TRANSPORT WORKERS UNION OF AMERICA, AFL-CIO",Transport Workers Union of America Political Contributions Committee,Adriano Espaillat,2025-03-18,5000.00
"TRANSPORT WORKERS UNION OF AMERICA, AFL-CIO",Transport Workers Union of America Political Contributions Committee,Julia Brownley,2025-03-18,5000.00
"TRANSPORT WORKERS UNION OF AMERICA, AFL-CIO",Transport Workers Union of America Political Contributions Committee,Lori Trahan,2025-03-18,5000.00
"TRANSPORT WORKERS UNION OF AMERICA, AFL-CIO",Transport Workers Union of America Political Contributions Committee,Mary Gay Scanlon,2025-03-18,1500.00
"TRANSPORT WORKERS UNION OF AMERICA, AFL-CIO",Transport Workers Union of America Political Contributions Committee,Mark Pocan,2025-03-18,2500.00
"TRANSPORT WORKERS UNION OF AMERICA, AFL-CIO",Transport Workers Union of America Political Contributions Committee,George Latimer,2025-03-18,2500.00
"TRANSPORT WORKERS UNION OF AMERICA, AFL-CIO",Transport Workers Union of America Political Contributions Committee,Laura Friedman,2025-03-18,2500.00
"TRANSPORT WORKERS UNION OF AMERICA, AFL-CIO",Transport Workers Union of America Political Contributions Committee,Greg Casar,2025-03-18,1000.00
"TRANSPORT WORKERS UNION OF AMERICA, AFL-CIO",Transport Workers Union of America Political Contributions Committee,Michael Turner,2025-03-18,1000.00
"TRANSPORT WORKERS UNION OF AMERICA, AFL-CIO",Transport Workers Union of America Political Contributions Committee,Hillary Scholten,2025-03-18,1500.00
"TRANSPORT WORKERS UNION OF AMERICA, AFL-CIO",Transport Workers Union of America Political Contributions Committee,NELIDA POU,2025-03-18,1500.00
"TRANSPORT WORKERS UNION OF AMERICA, AFL-CIO",Transport Workers Union of America Political Contributions Committee,Nicole Malliotakis,2025-03-18,2500.00
"TRANSPORT WORKERS UNION OF AMERICA, AFL-CIO",Transport Workers Union of America Political Contributions Committee,Maxwell Alejandro Frost,2025-03-18,2500.00
"TRANSPORT WORKERS UNION OF AMERICA, AFL-CIO",Transport Workers Union of America Political Contributions Committee,Yvette Clarke,2025-03-18,5000.00
"TRANSPORT WORKERS UNION OF AMERICA, AFL-CIO",Transport Workers Union of America Political Contributions Committee,Dem Sen Camp Cmte(DSCC)-Federal Acct,2025-03-18,45000.00
"TRANSPORT WORKERS UNION OF AMERICA, AFL-CIO",Transport Workers Union of America Political Contributions Committee,Dina Titus,2025-03-18,5000.00
"TRANSPORT WORKERS UNION OF AMERICA, AFL-CIO",Transport Workers Union of America Political Contributions Committee,Andrea Salinas,2025-03-18,1000.00
"TRANSPORT WORKERS UNION OF AMERICA, AFL-CIO",Transport Workers Union of America Political Contributions Committee,Chris Pappas,2025-03-18,5000.00
"TRANSPORT WORKERS UNION OF AMERICA, AFL-CIO",Transport Workers Union of America Political Contributions Committee,Rick Larsen,2025-03-18,5000.00
"TRANSPORT WORKERS UNION OF AMERICA, AFL-CIO",Transport Workers Union of America Political Contributions Committee,Shomari Figures,2025-03-18,1000.00
"TRANSPORT WORKERS UNION OF AMERICA, AFL-CIO",Transport Workers Union of America Political Contributions Committee,Andre Carson,2025-03-18,1000.00
"TRANSPORT WORKERS UNION OF AMERICA, AFL-CIO",Transport Workers Union of America Political Contributions Committee,Christopher Deluzio,2025-03-18,5000.00
"TRANSPORT WORKERS UNION OF AMERICA, AFL-CIO",Transport Workers Union of America Political Contributions Committee,Dem Cong Camp Cmte(DCCC)-Federal Acct,2025-03-18,45000.00
"TRANSPORT WORKERS UNION OF AMERICA, AFL-CIO",Transport Workers Union of America Political Contributions Committee,Dem Cong Camp Cmte(DCCC)-Federal Acct,2025-03-18,15000.00
"TRANSPORT WORKERS UNION OF AMERICA, AFL-CIO",Transport Workers Union of America Political Contributions Committee,Republican Italian American Committee,2025-03-18,1000.00
"TRANSPORT WORKERS UNION OF AMERICA, AFL-CIO",Transport Workers Union of America Political Contributions Committee,Dem Sen Camp Cmte(DSCC)-Federal Acct,2025-03-18,15000.00
"TRANSPORT WORKERS UNION OF AMERICA, AFL-CIO",Transport Workers Union of America Political Contributions Committee,Marc Veasey,2025-04-22,1000.00
"TRANSPORT WORKERS UNION OF AMERICA, AFL-CIO",Transport Workers Union of America Political Contributions Committee,Madeleine Dean,2025-04-22,1500.00
"TRANSPORT WORKERS UNION OF AMERICA, AFL-CIO",Transport Workers Union of America Political Contributions Committee,Kristen McDonald Rivet,2025-04-22,1500.00
"TRANSPORT WORKERS UNION OF AMERICA, AFL-CIO",Transport Workers Union of America Political Contributions Committee,Andre Carson,2025-04-22,1500.00
"TRANSPORT WORKERS UNION OF AMERICA, AFL-CIO",Transport Workers Union of America Political Contributions Committee,David Rouzer,2025-04-22,2500.00
"TRANSPORT WORKERS UNION OF AMERICA, AFL-CIO",Transport Workers Union of America Political Contributions Committee,Sharice Davids,2025-04-22,1500.00
"TRANSPORT WORKERS UNION OF AMERICA, AFL-CIO",Transport Workers Union of America Political Contributions Committee,Dwight Evans,2025-04-22,5000.00
"TRANSPORT WORKERS UNION OF AMERICA, AFL-CIO",Transport Workers Union of America Political Contributions Committee,Eleanor Holmes Norton,2025-04-22,1500.00
"TRANSPORT WORKERS UNION OF AMERICA, AFL-CIO",Transport Workers Union of America Political Contributions Committee,Rob Bresnahan,2025-04-22,2500.00
"TRANSPORT WORKERS UNION OF AMERICA, AFL-CIO",Transport Workers Union of America Political Contributions Committee,Brian Fitzpatrick,2025-04-22,5000.00
"TRANSPORT WORKERS UNION OF AMERICA, AFL-CIO",Transport Workers Union of America Political Contributions Committee,Brian Fitzpatrick,2025-04-22,5000.00
"TRANSPORT WORKERS UNION OF AMERICA, AFL-CIO",Transport Workers Union of America Political Contributions Committee,Frederica Wilson,2025-04-22,2000.00
"TRANSPORT WORKERS UNION OF AMERICA, AFL-CIO",Transport Workers Union of America Political Contributions Committee,Rosa DeLauro,2025-04-22,5000.00
"TRANSPORT WORKERS UNION OF AMERICA, AFL-CIO",Transport Workers Union of America Political Contributions Committee,Nicole Malliotakis,2025-04-22,2500.00
"TRANSPORT WORKERS UNION OF AMERICA, AFL-CIO",Transport Workers Union of America Political Contributions Committee,Rick Larsen,2025-05-29,5000.00
"TRANSPORT WORKERS UNION OF AMERICA, AFL-CIO",Transport Workers Union of America Political Contributions Committee,Brendan Boyle,2025-06-29,5000.00
"TRANSPORT WORKERS UNION OF AMERICA, AFL-CIO",Transport Workers Union of America Political Contributions Committee,Christopher Smith,2025-06-29,2500.00
"TRANSPORT WORKERS UNION OF AMERICA, AFL-CIO",Transport Workers Union of America Political Contributions Committee,Valerie Foushee,2025-06-29,1500.00
"TRANSPORT WORKERS UNION OF AMERICA, AFL-CIO",Transport Workers Union of America Political Contributions Committee,Donald Norcross,2025-06-29,5000.00
"TRANSPORT WORKERS UNION OF AMERICA, AFL-CIO",Transport Workers Union of America Political Contributions Committee,Tom Suozzi,2025-06-29,5000.00
"TRANSPORT WORKERS UNION OF AMERICA, AFL-CIO",Transport Workers Union of America Political Contributions Committee,Ted Lieu,2025-06-29,1000.00
"TRANSPORT WORKERS UNION OF AMERICA, AFL-CIO",Transport Workers Union of America Political Contributions Committee,Debbie Dingell,2025-06-29,5000.00
"TRANSPORT WORKERS UNION OF AMERICA, AFL-CIO",Transport Workers Union of America Political Contributions Committee,Sheila Cherfilus McCormick,2025-06-29,1000.00
"TRANSPORT WORKERS UNION OF AMERICA, AFL-CIO",Transport Workers Union of America Political Contributions Committee,Charles Schumer,2025-06-29,5000.00
"TRANSPORT WORKERS UNION OF AMERICA, AFL-CIO",Transport Workers Union of America Political Contributions Committee,Jill Tokuda,2025-06-29,1000.00
"TRANSPORT WORKERS UNION OF AMERICA, AFL-CIO",Transport Workers Union of America Political Contributions Committee,Maxwell Alejandro Frost,2025-06-29,2500.00
"TRANSPORT WORKERS UNION OF AMERICA, AFL-CIO",Transport Workers Union of America Political Contributions Committee,Daniel Hernandez,2025-06-29,2500.00
"TRANSPORT WORKERS UNION OF AMERICA, AFL-CIO",Transport Workers Union of America Political Contributions Committee,Nicole Malliotakis,2025-06-29,5000.00
"TRANSPORT WORKERS UNION OF AMERICA, AFL-CIO",Transport Workers Union of America Political Contributions Committee,Brad Schneider,2025-06-29,2500.00
"TRANSPORT WORKERS UNION OF AMERICA, AFL-CIO",Transport Workers Union of America Political Contributions Committee,George Latimer,2025-06-29,2500.00
"TRANSPORT WORKERS UNION OF AMERICA, AFL-CIO",Transport Workers Union of America Political Contributions Committee,Mark DeSaulnier,2025-06-29,2500.00
"TRANSPORT WORKERS UNION OF AMERICA, AFL-CIO",Transport Workers Union of America Political Contributions Committee,Andre Carson,2025-06-29,2500.00
"TRANSPORT WORKERS UNION OF AMERICA, AFL-CIO",Transport Workers Union of America Political Contributions Committee,Nikema Williams,2025-06-29,1000.00
"TRANSPORT WORKERS UNION OF AMERICA, AFL-CIO",Transport Workers Union of America Political Contributions Committee,Marcy Kaptur,2025-06-29,1500.00
"TRANSPORT WORKERS UNION OF AMERICA, AFL-CIO",Transport Workers Union of America Political Contributions Committee,Eric Sorensen,2025-06-29,2500.00
"TRANSPORT WORKERS UNION OF AMERICA, AFL-CIO",Transport Workers Union of America Political Contributions Committee,Mark Pocan,2025-06-29,5000.00
"TRANSPORT WORKERS UNION OF AMERICA, AFL-CIO",Transport Workers Union of America Political Contributions Committee,Pete Aguilar,2025-06-29,5000.00
"TRANSPORT WORKERS UNION OF AMERICA, AFL-CIO",Transport Workers Union of America Political Contributions Committee,John Mannion,2025-06-29,2500.00
"TRANSPORT WORKERS UNION OF AMERICA, AFL-CIO",Transport Workers Union of America Political Contributions Committee,Laura Friedman,2025-06-29,2500.00
"TRANSPORT WORKERS UNION OF AMERICA, AFL-CIO",Transport Workers Union of America Political Contributions Committee,Katherine Clark,2025-06-29,5000.00
"TRANSPORT WORKERS UNION OF AMERICA, AFL-CIO",Transport Workers Union of America Political Contributions Committee,Rosa DeLauro,2025-06-29,5000.00
"TRANSPORT WORKERS UNION OF AMERICA, AFL-CIO",Transport Workers Union of America Political Contributions Committee,Deborah Ross,2025-06-29,2500.00
"TRANSPORT WORKERS UNION OF AMERICA, AFL-CIO",Transport Workers Union of America Political Contributions Committee,Daniel Goldman,2025-06-29,2500.00
"TRANSPORT WORKERS UNION OF AMERICA, AFL-CIO",Transport Workers Union of America Political Contributions Committee,Chris Deluzio,2025-06-29,2500.00
"TRANSPORT WORKERS UNION OF AMERICA, AFL-CIO",Transport Workers Union of America Political Contributions Committee,Pete Aguilar,2025-06-29,5000.00
"TRANSPORT WORKERS UNION OF AMERICA, AFL-CIO",Transport Workers Union of America Political Contributions Committee,Darren Soto,2025-06-29,2000.00
"TRANSPORT WORKERS UNION OF AMERICA, AFL-CIO",Transport Workers Union of America Political Contributions Committee,Paul Tonko,2025-06-29,1500.00
"TRANSPORT WORKERS UNION OF AMERICA, AFL-CIO",Transport Workers Union of America Political Contributions Committee,Maxwell Alejandro Frost,2025-06-29,2500.00
"TRANSPORT WORKERS UNION OF AMERICA, AFL-CIO",Transport Workers Union of America Political Contributions Committee,Nick Lalota,2025-06-29,2500.00
"TRANSPORT WORKERS UNION OF AMERICA, AFL-CIO",Transport Workers Union of America Political Contributions Committee,Equality PAC,2025-06-29,5000.00
"TRANSPORT WORKERS UNION OF AMERICA, AFL-CIO",Transport Workers Union of America Political Contributions Committee,Brian Schatz,2025-06-29,5000.00
"TRANSPORT WORKERS UNION OF AMERICA, AFL-CIO",Transport Workers Union of America Political Contributions Committee,Katherine Clark,2025-06-29,5000.00
"TRANSPORT WORKERS UNION OF AMERICA, AFL-CIO",Transport Workers Union of America Political Contributions Committee,Joe Morelle,2025-06-29,5000.00
"TRANSPORT WORKERS UNION OF AMERICA, AFL-CIO",Transport Workers Union of America Political Contributions Committee,Laura Gillen,2025-06-29,2500.00
"TRANSPORT WORKERS UNION OF AMERICA, AFL-CIO",Transport Workers Union of America Political Contributions Committee,Angie Craig,2025-06-29,2500.00
"TRANSPORT WORKERS UNION OF AMERICA, AFL-CIO",Transport Workers Union of America Political Contributions Committee,Adriano Espaillat,2025-06-29,5000.00
"TRANSPORT WORKERS UNION OF AMERICA, AFL-CIO",Transport Workers Union of America Political Contributions Committee,TIMOTHY KENNEDY,2025-06-29,5000.00
"TRANSPORT WORKERS UNION OF AMERICA, AFL-CIO",Transport Workers Union of America Political Contributions Committee,Kirsten Gillibrand,2025-06-29,5000.00
"TRANSPORT WORKERS UNION OF AMERICA, AFL-CIO",Transport Workers Union of America Political Contributions Committee,Patrick Ryan,2025-06-29,2500.00
"TRANSPORT WORKERS UNION OF AMERICA, AFL-CIO",Transport Workers Union of America Political Contributions Committee,Steven Horsford,2025-06-29,5000.00
"TRANSPORT WORKERS UNION OF AMERICA, AFL-CIO",Transport Workers Union of America Political Contributions Committee,Timothy Kennedy,2025-06-29,5000.00
"TRANSPORT WORKERS UNION OF AMERICA, AFL-CIO",Transport Workers Union of America Political Contributions Committee,Joyce Beatty,2025-06-29,1000.00
"TRANSPORT WORKERS UNION OF AMERICA, AFL-CIO",Transport Workers Union of America Political Contributions Committee,Nydia Velazquez,2025-06-29,1000.00
"TRANSPORT WORKERS UNION OF AMERICA, AFL-CIO",Transport Workers Union of America Political Contributions Committee,Pramila Jayapal,2025-06-29,1500.00
"TRANSPORT WORKERS UNION OF AMERICA, AFL-CIO",Transport Workers Union of America Political Contributions Committee,Marilyn Strickland,2025-06-29,1500.00
"TRANSPORT WORKERS UNION OF AMERICA, AFL-CIO",Transport Workers Union of America Political Contributions Committee,Nick Lalota,2025-06-29,2500.00
"TRANSPORT WORKERS UNION OF AMERICA, AFL-CIO",Transport Workers Union of America Political Contributions Committee,Eric Schmitt,2025-06-29,2500.00
"TRANSPORT WORKERS UNION OF AMERICA, AFL-CIO",Transport Workers Union of America Political Contributions Committee,Frank MrVan,2025-06-29,1500.00
"TRANSPORT WORKERS UNION OF AMERICA, AFL-CIO",Transport Workers Union of America Political Contributions Committee,Brendan Boyle,2025-06-29,5000.00
"TRANSPORT WORKERS UNION OF AMERICA, AFL-CIO",Transport Workers Union of America Political Contributions Committee,Sustainable Energy and Environment Coalition PAC,2025-06-29,5000.00
"TRANSPORT WORKERS UNION OF AMERICA, AFL-CIO",Transport Workers Union of America Political Contributions Committee,Elect Democratic Women,2025-01-24,5000.00
"TRANSPORT WORKERS UNION OF AMERICA, AFL-CIO",Transport Workers Union of America Political Contributions Committee,Congressional Black Caucus PAC,2025-01-24,5000.00
"TRANSPORT WORKERS UNION OF AMERICA, AFL-CIO",Transport Workers Union of America Political Contributions Committee,Congressional Progressive Caucus PAC,2025-01-24,5000.00
"TRANSPORT WORKERS UNION OF AMERICA, AFL-CIO",Transport Workers Union of America Political Contributions Committee,Transportation Trades Department AFL-CIO (TTD PAC),2025-01-24,5000.00
"TRANSPORT WORKERS UNION OF AMERICA, AFL-CIO",Transport Workers Union of America Political Contributions Committee,Republican Mainstreet Partnership Pac,2025-01-24,5000.00
"TRANSPORT WORKERS UNION OF AMERICA, AFL-CIO",Transport Workers Union of America Political Contributions Committee,Democratic Party Of New Mexico - Federal,2025-01-24,1000.00
"TRANSPORT WORKERS UNION OF AMERICA, AFL-CIO",Transport Workers Union of America Political Contributions Committee,CHC Bold PAC,2025-01-24,5000.00
"TRANSPORT WORKERS UNION OF AMERICA, AFL-CIO",Transport Workers Union of America Political Contributions Committee,ASPIRE PAC,2025-01-24,5000.00
"TRANSPORT WORKERS UNION OF AMERICA, AFL-CIO",Transport Workers Union of America Political Contributions Committee,Republican Governance Group/Tuesday Group PAC,2025-02-21,5000.00
"TRANSPORT WORKERS UNION OF AMERICA, AFL-CIO",Transport Workers Union of America Political Contributions Committee,Luz Rivas,2025-02-21,2500.00
"TRANSPORT WORKERS UNION OF AMERICA, AFL-CIO",Transport Workers Union of America Political Contributions Committee,Hakeem Jeffries,2025-02-21,5000.00
"TRANSPORT WORKERS UNION OF AMERICA, AFL-CIO",Transport Workers Union of America Political Contributions Committee,Nikki Budzinski,2025-02-21,5000.00
"TRANSPORT WORKERS UNION OF AMERICA, AFL-CIO",Transport Workers Union of America Political Contributions Committee,Ritchie Torres,2025-02-21,5000.00
"TRANSPORT WORKERS UNION OF AMERICA, AFL-CIO",Transport Workers Union of America Political Contributions Committee,Michael Lawler,2025-02-21,5000.00
"TRANSPORT WORKERS UNION OF AMERICA, AFL-CIO",Transport Workers Union of America Political Contributions Committee,Hakeem Jeffries,2025-02-21,5000.00
"TRANSPORT WORKERS UNION OF AMERICA, AFL-CIO",Transport Workers Union of America Political Contributions Committee,Yassamin Ansari,2025-02-21,2500.00
"TRANSPORT WORKERS UNION OF AMERICA, AFL-CIO",Transport Workers Union of America Political Contributions Committee,Ritchie Torres,2025-02-21,5000.00
"TRANSPORT WORKERS UNION OF AMERICA, AFL-CIO",Transport Workers Union of America Political Contributions Committee,Michael Lawler,2025-02-21,5000.00
"TRANSPORT WORKERS UNION OF AMERICA, AFL-CIO",Transport Workers Union of America Political Contributions Committee,Valerie Hoyle,2025-02-21,2500.00
"TRANSPORT WORKERS UNION OF AMERICA, AFL-CIO",Transport Workers Union of America Political Contributions Committee,LaMonica McIver,2025-02-21,2500.00
"TRANSPORT WORKERS UNION OF AMERICA, AFL-CIO",Transport Workers Union of America Political Contributions Committee,George Whitesides,2025-02-21,2500.00
"TRANSPORT WORKERS UNION OF AMERICA, AFL-CIO",Transport Workers Union of America Political Contributions Committee,Sarah McBride,2025-02-21,2500.00
"TRANSPORT WORKERS UNION OF AMERICA, AFL-CIO",Transport Workers Union of America Political Contributions Committee,Hakeem Jeffries,2025-02-21,5000.00
"TRANSPORT WORKERS UNION OF AMERICA, AFL-CIO",Transport Workers Union of America Political Contributions Committee,Nikki Budzinski,2025-02-21,5000.00
"TRANSPORT WORKERS UNION OF AMERICA, AFL-CIO",Transport Workers Union of America Political Contributions Committee,Bennie Thompson,2025-02-21,5000.00
"TRANSPORT WORKERS UNION OF AMERICA, AFL-CIO",Transport Workers Union of America Political Contributions Committee,Lateefah Simon,2025-02-21,2500.00
"TRANSPORT WORKERS UNION OF AMERICA, AFL-CIO",Transport Workers Union of America Political Contributions Committee,Julie Johnson,2025-02-21,2500.00
"TRANSPORT WORKERS UNION OF AMERICA, AFL-CIO",Transport Workers Union of America Political Contributions Committee,Angie Craig,2025-02-21,2500.00
"TRANSPORT WORKERS UNION OF AMERICA, AFL-CIO",Transport Workers Union of America Political Contributions Committee,Nikki Budzinski,2025-02-21,5000.00
"TRANSPORT WORKERS UNION OF AMERICA, AFL-CIO",Transport Workers Union of America Political Contributions Committee,Bennie Thompson,2025-02-21,5000.00
"TRANSPORT WORKERS UNION OF AMERICA, AFL-CIO",Transport Workers Union of America Political Contributions Committee,TIMOTHY KENNEDY,2025-02-21,5000.00
"TRANSPORT WORKERS UNION OF AMERICA, AFL-CIO",Transport Workers Union of America Political Contributions Committee,Adam Gray,2025-02-21,2500.00
"TRANSPORT WORKERS UNION OF AMERICA, AFL-CIO",Transport Workers Union of America Political Contributions Committee,Ben Lujan,2025-03-18,2500.00
"TRANSPORT WORKERS UNION OF AMERICA, AFL-CIO",Transport Workers Union of America Political Contributions Committee,Darren Soto,2025-03-18,1000.00
"TRANSPORT WORKERS UNION OF AMERICA, AFL-CIO",Transport Workers Union of America Political Contributions Committee,Mike Quigley,2025-03-18,2500.00
"TRANSPORT WORKERS UNION OF AMERICA, AFL-CIO",Transport Workers Union of America Political Contributions Committee,John Mannion,2025-03-18,2500.00
"TRANSPORT WORKERS UNION OF AMERICA, AFL-CIO",Transport Workers Union of America Political Contributions Committee,Andrew Garbarino,2025-03-18,5000.00
"TRANSPORT WORKERS UNION OF AMERICA, AFL-CIO",Transport Workers Union of America Political Contributions Committee,Chris Deluzio,2025-03-18,2500.00
"TRANSPORT WORKERS UNION OF AMERICA, AFL-CIO",Transport Workers Union of America Political Contributions Committee,Don Bacon,2025-03-18,5000.00
"TRANSPORT WORKERS UNION OF AMERICA, AFL-CIO",Transport Workers Union of America Political Contributions Committee,Edward Markey,2025-03-18,2500.00
"TRANSPORT WORKERS UNION OF AMERICA, AFL-CIO",Transport Workers Union of America Political Contributions Committee,Melanie Stansbury,2025-03-18,2500.00
"TRANSPORT WORKERS UNION OF AMERICA, AFL-CIO",Transport Workers Union of America Political Contributions Committee,Delia Ramirez,2025-03-18,1500.00
"TRANSPORT WORKERS UNION OF AMERICA, AFL-CIO",Transport Workers Union of America Political Contributions Committee,Grace Meng,2025-03-18,2000.00
"TRANSPORT WORKERS UNION OF AMERICA, AFL-CIO",Transport Workers Union of America Political Contributions Committee,Jesus Garcia,2025-03-18,2500.00
"TRANSPORT WORKERS UNION OF AMERICA, AFL-CIO",Transport Workers Union of America Political Contributions Committee,Sarah Elfreth,2025-03-18,1000.00
"TRANSPORT WORKERS UNION OF AMERICA, AFL-CIO",Transport Workers Union of America Political Contributions Committee,Mike Bost,2025-03-18,2500.00
"TRANSPORT WORKERS UNION OF AMERICA, AFL-CIO",Transport Workers Union of America Political Contributions Committee,Julia Brownley,2025-03-18,5000.00
"TRANSPORT WORKERS UNION OF AMERICA, AFL-CIO",Transport Workers Union of America Political Contributions Committee,Emilia Sykes,2025-03-18,1500.00
"TRANSPORT WORKERS UNION OF AMERICA, AFL-CIO",Transport Workers Union of America Political Contributions Committee,Patrick Ryan,2025-03-18,2500.00
"TRANSPORT WORKERS UNION OF AMERICA, AFL-CIO",Transport Workers Union of America Political Contributions Committee,Donald Norcross,2025-03-18,5000.00
"TRANSPORT WORKERS UNION OF AMERICA, AFL-CIO",Transport Workers Union of America Political Contributions Committee,Nick LaLota,2025-03-18,5000.00
"TRANSPORT WORKERS UNION OF AMERICA, AFL-CIO",Transport Workers Union of America Political Contributions Committee,Adriano Espaillat,2025-03-18,5000.00
"TRANSPORT WORKERS UNION OF AMERICA, AFL-CIO",Transport Workers Union of America Political Contributions Committee,Julia Brownley,2025-03-18,5000.00
"TRANSPORT WORKERS UNION OF AMERICA, AFL-CIO",Transport Workers Union of America Political Contributions Committee,Lori Trahan,2025-03-18,5000.00
"TRANSPORT WORKERS UNION OF AMERICA, AFL-CIO",Transport Workers Union of America Political Contributions Committee,Mary Gay Scanlon,2025-03-18,1500.00
"TRANSPORT WORKERS UNION OF AMERICA, AFL-CIO",Transport Workers Union of America Political Contributions Committee,Mark Pocan,2025-03-18,2500.00
"TRANSPORT WORKERS UNION OF AMERICA, AFL-CIO",Transport Workers Union of America Political Contributions Committee,George Latimer,2025-03-18,2500.00
"TRANSPORT WORKERS UNION OF AMERICA, AFL-CIO",Transport Workers Union of America Political Contributions Committee,Laura Friedman,2025-03-18,2500.00
"TRANSPORT WORKERS UNION OF AMERICA, AFL-CIO",Transport Workers Union of America Political Contributions Committee,Greg Casar,2025-03-18,1000.00
"TRANSPORT WORKERS UNION OF AMERICA, AFL-CIO",Transport Workers Union of America Political Contributions Committee,Michael Turner,2025-03-18,1000.00
"TRANSPORT WORKERS UNION OF AMERICA, AFL-CIO",Transport Workers Union of America Political Contributions Committee,Hillary Scholten,2025-03-18,1500.00
"TRANSPORT WORKERS UNION OF AMERICA, AFL-CIO",Transport Workers Union of America Political Contributions Committee,NELIDA POU,2025-03-18,1500.00
"TRANSPORT WORKERS UNION OF AMERICA, AFL-CIO",Transport Workers Union of America Political Contributions Committee,Nicole Malliotakis,2025-03-18,2500.00
"TRANSPORT WORKERS UNION OF AMERICA, AFL-CIO",Transport Workers Union of America Political Contributions Committee,Maxwell Alejandro Frost,2025-03-18,2500.00
"TRANSPORT WORKERS UNION OF AMERICA, AFL-CIO",Transport Workers Union of America Political Contributions Committee,Yvette Clarke,2025-03-18,5000.00
"TRANSPORT WORKERS UNION OF AMERICA, AFL-CIO",Transport Workers Union of America Political Contributions Committee,Dem Sen Camp Cmte(DSCC)-Federal Acct,2025-03-18,45000.00
"TRANSPORT WORKERS UNION OF AMERICA, AFL-CIO",Transport Workers Union of America Political Contributions Committee,Dina Titus,2025-03-18,5000.00
"TRANSPORT WORKERS UNION OF AMERICA, AFL-CIO",Transport Workers Union of America Political Contributions Committee,Andrea Salinas,2025-03-18,1000.00
"TRANSPORT WORKERS UNION OF AMERICA, AFL-CIO",Transport Workers Union of America Political Contributions Committee,Chris Pappas,2025-03-18,5000.00
"TRANSPORT WORKERS UNION OF AMERICA, AFL-CIO",Transport Workers Union of America Political Contributions Committee,Rick Larsen,2025-03-18,5000.00
"TRANSPORT WORKERS UNION OF AMERICA, AFL-CIO",Transport Workers Union of America Political Contributions Committee,Shomari Figures,2025-03-18,1000.00
"TRANSPORT WORKERS UNION OF AMERICA, AFL-CIO",Transport Workers Union of America Political Contributions Committee,Andre Carson,2025-03-18,1000.00
"TRANSPORT WORKERS UNION OF AMERICA, AFL-CIO",Transport Workers Union of America Political Contributions Committee,Christopher Deluzio,2025-03-18,5000.00
"TRANSPORT WORKERS UNION OF AMERICA, AFL-CIO",Transport Workers Union of America Political Contributions Committee,Dem Cong Camp Cmte(DCCC)-Federal Acct,2025-03-18,45000.00
"TRANSPORT WORKERS UNION OF AMERICA, AFL-CIO",Transport Workers Union of America Political Contributions Committee,Dem Cong Camp Cmte(DCCC)-Federal Acct,2025-03-18,15000.00
"TRANSPORT WORKERS UNION OF AMERICA, AFL-CIO",Transport Workers Union of America Political Contributions Committee,Republican Italian American Committee,2025-03-18,1000.00
"TRANSPORT WORKERS UNION OF AMERICA, AFL-CIO",Transport Workers Union of America Political Contributions Committee,Dem Sen Camp Cmte(DSCC)-Federal Acct,2025-03-18,15000.00
"TRANSPORT WORKERS UNION OF AMERICA, AFL-CIO",Transport Workers Union of America Political Contributions Committee,Marc Veasey,2025-04-22,1000.00
"TRANSPORT WORKERS UNION OF AMERICA, AFL-CIO",Transport Workers Union of America Political Contributions Committee,Madeleine Dean,2025-04-22,1500.00
"TRANSPORT WORKERS UNION OF AMERICA, AFL-CIO",Transport Workers Union of America Political Contributions Committee,Kristen McDonald Rivet,2025-04-22,1500.00
"TRANSPORT WORKERS UNION OF AMERICA, AFL-CIO",Transport Workers Union of America Political Contributions Committee,Andre Carson,2025-04-22,1500.00
"TRANSPORT WORKERS UNION OF AMERICA, AFL-CIO",Transport Workers Union of America Political Contributions Committee,David Rouzer,2025-04-22,2500.00
"TRANSPORT WORKERS UNION OF AMERICA, AFL-CIO",Transport Workers Union of America Political Contributions Committee,Sharice Davids,2025-04-22,1500.00
"TRANSPORT WORKERS UNION OF AMERICA, AFL-CIO",Transport Workers Union of America Political Contributions Committee,Dwight Evans,2025-04-22,5000.00
"TRANSPORT WORKERS UNION OF AMERICA, AFL-CIO",Transport Workers Union of America Political Contributions Committee,Eleanor Holmes Norton,2025-04-22,1500.00
"TRANSPORT WORKERS UNION OF AMERICA, AFL-CIO",Transport Workers Union of America Political Contributions Committee,Rob Bresnahan,2025-04-22,2500.00
"TRANSPORT WORKERS UNION OF AMERICA, AFL-CIO",Transport Workers Union of America Political Contributions Committee,Brian Fitzpatrick,2025-04-22,5000.00
"TRANSPORT WORKERS UNION OF AMERICA, AFL-CIO",Transport Workers Union of America Political Contributions Committee,Brian Fitzpatrick,2025-04-22,5000.00
"TRANSPORT WORKERS UNION OF AMERICA, AFL-CIO",Transport Workers Union of America Political Contributions Committee,Frederica Wilson,2025-04-22,2000.00
"TRANSPORT WORKERS UNION OF AMERICA, AFL-CIO",Transport Workers Union of America Political Contributions Committee,Rosa DeLauro,2025-04-22,5000.00
"TRANSPORT WORKERS UNION OF AMERICA, AFL-CIO",Transport Workers Union of America Political Contributions Committee,Nicole Malliotakis,2025-04-22,2500.00
"TRANSPORT WORKERS UNION OF AMERICA, AFL-CIO",Transport Workers Union of America Political Contributions Committee,Rick Larsen,2025-05-29,5000.00
"TRANSPORT WORKERS UNION OF AMERICA, AFL-CIO",Transport Workers Union of America Political Contributions Committee,Brendan Boyle,2025-06-29,5000.00
"TRANSPORT WORKERS UNION OF AMERICA, AFL-CIO",Transport Workers Union of America Political Contributions Committee,Christopher Smith,2025-06-29,2500.00
"TRANSPORT WORKERS UNION OF AMERICA, AFL-CIO",Transport Workers Union of America Political Contributions Committee,Valerie Foushee,2025-06-29,1500.00
"TRANSPORT WORKERS UNION OF AMERICA, AFL-CIO",Transport Workers Union of America Political Contributions Committee,Donald Norcross,2025-06-29,5000.00
"TRANSPORT WORKERS UNION OF AMERICA, AFL-CIO",Transport Workers Union of America Political Contributions Committee,Tom Suozzi,2025-06-29,5000.00
"TRANSPORT WORKERS UNION OF AMERICA, AFL-CIO",Transport Workers Union of America Political Contributions Committee,Ted Lieu,2025-06-29,1000.00
"TRANSPORT WORKERS UNION OF AMERICA, AFL-CIO",Transport Workers Union of America Political Contributions Committee,Debbie Dingell,2025-06-29,5000.00
"TRANSPORT WORKERS UNION OF AMERICA, AFL-CIO",Transport Workers Union of America Political Contributions Committee,Sheila Cherfilus McCormick,2025-06-29,1000.00
"TRANSPORT WORKERS UNION OF AMERICA, AFL-CIO",Transport Workers Union of America Political Contributions Committee,Charles Schumer,2025-06-29,5000.00
"TRANSPORT WORKERS UNION OF AMERICA, AFL-CIO",Transport Workers Union of America Political Contributions Committee,Jill Tokuda,2025-06-29,1000.00
"TRANSPORT WORKERS UNION OF AMERICA, AFL-CIO",Transport Workers Union of America Political Contributions Committee,Maxwell Alejandro Frost,2025-06-29,2500.00
"TRANSPORT WORKERS UNION OF AMERICA, AFL-CIO",Transport Workers Union of America Political Contributions Committee,Daniel Hernandez,2025-06-29,2500.00
"TRANSPORT WORKERS UNION OF AMERICA, AFL-CIO",Transport Workers Union of America Political Contributions Committee,Nicole Malliotakis,2025-06-29,5000.00
"TRANSPORT WORKERS UNION OF AMERICA, AFL-CIO",Transport Workers Union of America Political Contributions Committee,Brad Schneider,2025-06-29,2500.00
"TRANSPORT WORKERS UNION OF AMERICA, AFL-CIO",Transport Workers Union of America Political Contributions Committee,George Latimer,2025-06-29,2500.00
"TRANSPORT WORKERS UNION OF AMERICA, AFL-CIO",Transport Workers Union of America Political Contributions Committee,Mark DeSaulnier,2025-06-29,2500.00
"TRANSPORT WORKERS UNION OF AMERICA, AFL-CIO",Transport Workers Union of America Political Contributions Committee,Andre Carson,2025-06-29,2500.00
"TRANSPORT WORKERS UNION OF AMERICA, AFL-CIO",Transport Workers Union of America Political Contributions Committee,Nikema Williams,2025-06-29,1000.00
"TRANSPORT WORKERS UNION OF AMERICA, AFL-CIO",Transport Workers Union of America Political Contributions Committee,Marcy Kaptur,2025-06-29,1500.00
"TRANSPORT WORKERS UNION OF AMERICA, AFL-CIO",Transport Workers Union of America Political Contributions Committee,Eric Sorensen,2025-06-29,2500.00
"TRANSPORT WORKERS UNION OF AMERICA, AFL-CIO",Transport Workers Union of America Political Contributions Committee,Mark Pocan,2025-06-29,5000.00
"TRANSPORT WORKERS UNION OF AMERICA, AFL-CIO",Transport Workers Union of America Political Contributions Committee,Pete Aguilar,2025-06-29,5000.00
"TRANSPORT WORKERS UNION OF AMERICA, AFL-CIO",Transport Workers Union of America Political Contributions Committee,John Mannion,2025-06-29,2500.00
"TRANSPORT WORKERS UNION OF AMERICA, AFL-CIO",Transport Workers Union of America Political Contributions Committee,Laura Friedman,2025-06-29,2500.00
"TRANSPORT WORKERS UNION OF AMERICA, AFL-CIO",Transport Workers Union of America Political Contributions Committee,Katherine Clark,2025-06-29,5000.00
"TRANSPORT WORKERS UNION OF AMERICA, AFL-CIO",Transport Workers Union of America Political Contributions Committee,Rosa DeLauro,2025-06-29,5000.00
"TRANSPORT WORKERS UNION OF AMERICA, AFL-CIO",Transport Workers Union of America Political Contributions Committee,Deborah Ross,2025-06-29,2500.00
"TRANSPORT WORKERS UNION OF AMERICA, AFL-CIO",Transport Workers Union of America Political Contributions Committee,Daniel Goldman,2025-06-29,2500.00
"TRANSPORT WORKERS UNION OF AMERICA, AFL-CIO",Transport Workers Union of America Political Contributions Committee,Chris Deluzio,2025-06-29,2500.00
"TRANSPORT WORKERS UNION OF AMERICA, AFL-CIO",Transport Workers Union of America Political Contributions Committee,Pete Aguilar,2025-06-29,5000.00
"TRANSPORT WORKERS UNION OF AMERICA, AFL-CIO",Transport Workers Union of America Political Contributions Committee,Darren Soto,2025-06-29,2000.00
"TRANSPORT WORKERS UNION OF AMERICA, AFL-CIO",Transport Workers Union of America Political Contributions Committee,Paul Tonko,2025-06-29,1500.00
"TRANSPORT WORKERS UNION OF AMERICA, AFL-CIO",Transport Workers Union of America Political Contributions Committee,Maxwell Alejandro Frost,2025-06-29,2500.00
"TRANSPORT WORKERS UNION OF AMERICA, AFL-CIO",Transport Workers Union of America Political Contributions Committee,Nick Lalota,2025-06-29,2500.00
"TRANSPORT WORKERS UNION OF AMERICA, AFL-CIO",Transport Workers Union of America Political Contributions Committee,Equality PAC,2025-06-29,5000.00
"TRANSPORT WORKERS UNION OF AMERICA, AFL-CIO",Transport Workers Union of America Political Contributions Committee,Brian Schatz,2025-06-29,5000.00
"TRANSPORT WORKERS UNION OF AMERICA, AFL-CIO",Transport Workers Union of America Political Contributions Committee,Katherine Clark,2025-06-29,5000.00
"TRANSPORT WORKERS UNION OF AMERICA, AFL-CIO",Transport Workers Union of America Political Contributions Committee,Joe Morelle,2025-06-29,5000.00
"TRANSPORT WORKERS UNION OF AMERICA, AFL-CIO",Transport Workers Union of America Political Contributions Committee,Laura Gillen,2025-06-29,2500.00
"TRANSPORT WORKERS UNION OF AMERICA, AFL-CIO",Transport Workers Union of America Political Contributions Committee,Angie Craig,2025-06-29,2500.00
"TRANSPORT WORKERS UNION OF AMERICA, AFL-CIO",Transport Workers Union of America Political Contributions Committee,Adriano Espaillat,2025-06-29,5000.00
"TRANSPORT WORKERS UNION OF AMERICA, AFL-CIO",Transport Workers Union of America Political Contributions Committee,TIMOTHY KENNEDY,2025-06-29,5000.00
"TRANSPORT WORKERS UNION OF AMERICA, AFL-CIO",Transport Workers Union of America Political Contributions Committee,Kirsten Gillibrand,2025-06-29,5000.00
"TRANSPORT WORKERS UNION OF AMERICA, AFL-CIO",Transport Workers Union of America Political Contributions Committee,Patrick Ryan,2025-06-29,2500.00
"TRANSPORT WORKERS UNION OF AMERICA, AFL-CIO",Transport Workers Union of America Political Contributions Committee,Steven Horsford,2025-06-29,5000.00
"TRANSPORT WORKERS UNION OF AMERICA, AFL-CIO",Transport Workers Union of America Political Contributions Committee,Timothy Kennedy,2025-06-29,5000.00
"TRANSPORT WORKERS UNION OF AMERICA, AFL-CIO",Transport Workers Union of America Political Contributions Committee,Joyce Beatty,2025-06-29,1000.00
"TRANSPORT WORKERS UNION OF AMERICA, AFL-CIO",Transport Workers Union of America Political Contributions Committee,Nydia Velazquez,2025-06-29,1000.00
"TRANSPORT WORKERS UNION OF AMERICA, AFL-CIO",Transport Workers Union of America Political Contributions Committee,Pramila Jayapal,2025-06-29,1500.00
"TRANSPORT WORKERS UNION OF AMERICA, AFL-CIO",Transport Workers Union of America Political Contributions Committee,Marilyn Strickland,2025-06-29,1500.00
"TRANSPORT WORKERS UNION OF AMERICA, AFL-CIO",Transport Workers Union of America Political Contributions Committee,Nick Lalota,2025-06-29,2500.00
"TRANSPORT WORKERS UNION OF AMERICA, AFL-CIO",Transport Workers Union of America Political Contributions Committee,Eric Schmitt,2025-06-29,2500.00
"TRANSPORT WORKERS UNION OF AMERICA, AFL-CIO",Transport Workers Union of America Political Contributions Committee,Frank MrVan,2025-06-29,1500.00
"TRANSPORT WORKERS UNION OF AMERICA, AFL-CIO",Transport Workers Union of America Political Contributions Committee,Brendan Boyle,2025-06-29,5000.00
"TRANSPORT WORKERS UNION OF AMERICA, AFL-CIO",Transport Workers Union of America Political Contributions Committee,Sustainable Energy and Environment Coalition PAC,2025-06-29,5000.00
"TRANSPORT WORKERS UNION OF AMERICA, AFL-CIO",Transport Workers Union of America Political Contributions Committee,Elect Democratic Women,2025-01-24,5000.00
"TRANSPORT WORKERS UNION OF AMERICA, AFL-CIO",Transport Workers Union of America Political Contributions Committee,Congressional Black Caucus PAC,2025-01-24,5000.00
"TRANSPORT WORKERS UNION OF AMERICA, AFL-CIO",Transport Workers Union of America Political Contributions Committee,Congressional Progressive Caucus PAC,2025-01-24,5000.00
"TRANSPORT WORKERS UNION OF AMERICA, AFL-CIO",Transport Workers Union of America Political Contributions Committee,Transportation Trades Department AFL-CIO (TTD PAC),2025-01-24,5000.00
"TRANSPORT WORKERS UNION OF AMERICA, AFL-CIO",Transport Workers Union of America Political Contributions Committee,Republican Mainstreet Partnership Pac,2025-01-24,5000.00
"TRANSPORT WORKERS UNION OF AMERICA, AFL-CIO",Transport Workers Union of America Political Contributions Committee,Democratic Party Of New Mexico - Federal,2025-01-24,1000.00
"TRANSPORT WORKERS UNION OF AMERICA, AFL-CIO",Transport Workers Union of America Political Contributions Committee,CHC Bold PAC,2025-01-24,5000.00
"TRANSPORT WORKERS UNION OF AMERICA, AFL-CIO",Transport Workers Union of America Political Contributions Committee,ASPIRE PAC,2025-01-24,5000.00
"TRANSPORT WORKERS UNION OF AMERICA, AFL-CIO",Transport Workers Union of America Political Contributions Committee,Republican Governance Group/Tuesday Group PAC,2025-02-21,5000.00
"TRANSPORT WORKERS UNION OF AMERICA, AFL-CIO",Transport Workers Union of America Political Contributions Committee,Luz Rivas,2025-02-21,2500.00
"TRANSPORT WORKERS UNION OF AMERICA, AFL-CIO",Transport Workers Union of America Political Contributions Committee,Hakeem Jeffries,2025-02-21,5000.00
"TRANSPORT WORKERS UNION OF AMERICA, AFL-CIO",Transport Workers Union of America Political Contributions Committee,Nikki Budzinski,2025-02-21,5000.00
"TRANSPORT WORKERS UNION OF AMERICA, AFL-CIO",Transport Workers Union of America Political Contributions Committee,Ritchie Torres,2025-02-21,5000.00
"TRANSPORT WORKERS UNION OF AMERICA, AFL-CIO",Transport Workers Union of America Political Contributions Committee,Michael Lawler,2025-02-21,5000.00
"TRANSPORT WORKERS UNION OF AMERICA, AFL-CIO",Transport Workers Union of America Political Contributions Committee,Hakeem Jeffries,2025-02-21,5000.00
"TRANSPORT WORKERS UNION OF AMERICA, AFL-CIO",Transport Workers Union of America Political Contributions Committee,Yassamin Ansari,2025-02-21,2500.00
"TRANSPORT WORKERS UNION OF AMERICA, AFL-CIO",Transport Workers Union of America Political Contributions Committee,Ritchie Torres,2025-02-21,5000.00
"TRANSPORT WORKERS UNION OF AMERICA, AFL-CIO",Transport Workers Union of America Political Contributions Committee,Michael Lawler,2025-02-21,5000.00
"TRANSPORT WORKERS UNION OF AMERICA, AFL-CIO",Transport Workers Union of America Political Contributions Committee,Valerie Hoyle,2025-02-21,2500.00
"TRANSPORT WORKERS UNION OF AMERICA, AFL-CIO",Transport Workers Union of America Political Contributions Committee,LaMonica McIver,2025-02-21,2500.00
"TRANSPORT WORKERS UNION OF AMERICA, AFL-CIO",Transport Workers Union of America Political Contributions Committee,George Whitesides,2025-02-21,2500.00
"TRANSPORT WORKERS UNION OF AMERICA, AFL-CIO",Transport Workers Union of America Political Contributions Committee,Sarah McBride,2025-02-21,2500.00
"TRANSPORT WORKERS UNION OF AMERICA, AFL-CIO",Transport Workers Union of America Political Contributions Committee,Hakeem Jeffries,2025-02-21,5000.00
"TRANSPORT WORKERS UNION OF AMERICA, AFL-CIO",Transport Workers Union of America Political Contributions Committee,Nikki Budzinski,2025-02-21,5000.00
"TRANSPORT WORKERS UNION OF AMERICA, AFL-CIO",Transport Workers Union of America Political Contributions Committee,Bennie Thompson,2025-02-21,5000.00
"TRANSPORT WORKERS UNION OF AMERICA, AFL-CIO",Transport Workers Union of America Political Contributions Committee,Lateefah Simon,2025-02-21,2500.00
"TRANSPORT WORKERS UNION OF AMERICA, AFL-CIO",Transport Workers Union of America Political Contributions Committee,Julie Johnson,2025-02-21,2500.00
"TRANSPORT WORKERS UNION OF AMERICA, AFL-CIO",Transport Workers Union of America Political Contributions Committee,Angie Craig,2025-02-21,2500.00
"TRANSPORT WORKERS UNION OF AMERICA, AFL-CIO",Transport Workers Union of America Political Contributions Committee,Nikki Budzinski,2025-02-21,5000.00
"TRANSPORT WORKERS UNION OF AMERICA, AFL-CIO",Transport Workers Union of America Political Contributions Committee,Bennie Thompson,2025-02-21,5000.00
"TRANSPORT WORKERS UNION OF AMERICA, AFL-CIO",Transport Workers Union of America Political Contributions Committee,TIMOTHY KENNEDY,2025-02-21,5000.00
"TRANSPORT WORKERS UNION OF AMERICA, AFL-CIO",Transport Workers Union of America Political Contributions Committee,Adam Gray,2025-02-21,2500.00
"TRANSPORT WORKERS UNION OF AMERICA, AFL-CIO",Transport Workers Union of America Political Contributions Committee,Ben Lujan,2025-03-18,2500.00
"TRANSPORT WORKERS UNION OF AMERICA, AFL-CIO",Transport Workers Union of America Political Contributions Committee,Darren Soto,2025-03-18,1000.00
"TRANSPORT WORKERS UNION OF AMERICA, AFL-CIO",Transport Workers Union of America Political Contributions Committee,Mike Quigley,2025-03-18,2500.00
"TRANSPORT WORKERS UNION OF AMERICA, AFL-CIO",Transport Workers Union of America Political Contributions Committee,John Mannion,2025-03-18,2500.00
"TRANSPORT WORKERS UNION OF AMERICA, AFL-CIO",Transport Workers Union of America Political Contributions Committee,Andrew Garbarino,2025-03-18,5000.00
"TRANSPORT WORKERS UNION OF AMERICA, AFL-CIO",Transport Workers Union of America Political Contributions Committee,Chris Deluzio,2025-03-18,2500.00
"TRANSPORT WORKERS UNION OF AMERICA, AFL-CIO",Transport Workers Union of America Political Contributions Committee,Don Bacon,2025-03-18,5000.00
"TRANSPORT WORKERS UNION OF AMERICA, AFL-CIO",Transport Workers Union of America Political Contributions Committee,Edward Markey,2025-03-18,2500.00
"TRANSPORT WORKERS UNION OF AMERICA, AFL-CIO",Transport Workers Union of America Political Contributions Committee,Melanie Stansbury,2025-03-18,2500.00
"TRANSPORT WORKERS UNION OF AMERICA, AFL-CIO",Transport Workers Union of America Political Contributions Committee,Delia Ramirez,2025-03-18,1500.00
"TRANSPORT WORKERS UNION OF AMERICA, AFL-CIO",Transport Workers Union of America Political Contributions Committee,Grace Meng,2025-03-18,2000.00
"TRANSPORT WORKERS UNION OF AMERICA, AFL-CIO",Transport Workers Union of America Political Contributions Committee,Jesus Garcia,2025-03-18,2500.00
"TRANSPORT WORKERS UNION OF AMERICA, AFL-CIO",Transport Workers Union of America Political Contributions Committee,Sarah Elfreth,2025-03-18,1000.00
"TRANSPORT WORKERS UNION OF AMERICA, AFL-CIO",Transport Workers Union of America Political Contributions Committee,Mike Bost,2025-03-18,2500.00
"TRANSPORT WORKERS UNION OF AMERICA, AFL-CIO",Transport Workers Union of America Political Contributions Committee,Julia Brownley,2025-03-18,5000.00
"TRANSPORT WORKERS UNION OF AMERICA, AFL-CIO",Transport Workers Union of America Political Contributions Committee,Emilia Sykes,2025-03-18,1500.00
"TRANSPORT WORKERS UNION OF AMERICA, AFL-CIO",Transport Workers Union of America Political Contributions Committee,Patrick Ryan,2025-03-18,2500.00
"TRANSPORT WORKERS UNION OF AMERICA, AFL-CIO",Transport Workers Union of America Political Contributions Committee,Donald Norcross,2025-03-18,5000.00
"TRANSPORT WORKERS UNION OF AMERICA, AFL-CIO",Transport Workers Union of America Political Contributions Committee,Nick LaLota,2025-03-18,5000.00
"TRANSPORT WORKERS UNION OF AMERICA, AFL-CIO",Transport Workers Union of America Political Contributions Committee,Adriano Espaillat,2025-03-18,5000.00
"TRANSPORT WORKERS UNION OF AMERICA, AFL-CIO",Transport Workers Union of America Political Contributions Committee,Julia Brownley,2025-03-18,5000.00
"TRANSPORT WORKERS UNION OF AMERICA, AFL-CIO",Transport Workers Union of America Political Contributions Committee,Lori Trahan,2025-03-18,5000.00
"TRANSPORT WORKERS UNION OF AMERICA, AFL-CIO",Transport Workers Union of America Political Contributions Committee,Mary Gay Scanlon,2025-03-18,1500.00
"TRANSPORT WORKERS UNION OF AMERICA, AFL-CIO",Transport Workers Union of America Political Contributions Committee,Mark Pocan,2025-03-18,2500.00
"TRANSPORT WORKERS UNION OF AMERICA, AFL-CIO",Transport Workers Union of America Political Contributions Committee,George Latimer,2025-03-18,2500.00
"TRANSPORT WORKERS UNION OF AMERICA, AFL-CIO",Transport Workers Union of America Political Contributions Committee,Laura Friedman,2025-03-18,2500.00
"TRANSPORT WORKERS UNION OF AMERICA, AFL-CIO",Transport Workers Union of America Political Contributions Committee,Greg Casar,2025-03-18,1000.00
"TRANSPORT WORKERS UNION OF AMERICA, AFL-CIO",Transport Workers Union of America Political Contributions Committee,Michael Turner,2025-03-18,1000.00
"TRANSPORT WORKERS UNION OF AMERICA, AFL-CIO",Transport Workers Union of America Political Contributions Committee,Hillary Scholten,2025-03-18,1500.00
"TRANSPORT WORKERS UNION OF AMERICA, AFL-CIO",Transport Workers Union of America Political Contributions Committee,NELIDA POU,2025-03-18,1500.00
"TRANSPORT WORKERS UNION OF AMERICA, AFL-CIO",Transport Workers Union of America Political Contributions Committee,Nicole Malliotakis,2025-03-18,2500.00
"TRANSPORT WORKERS UNION OF AMERICA, AFL-CIO",Transport Workers Union of America Political Contributions Committee,Maxwell Alejandro Frost,2025-03-18,2500.00
"TRANSPORT WORKERS UNION OF AMERICA, AFL-CIO",Transport Workers Union of America Political Contributions Committee,Yvette Clarke,2025-03-18,5000.00
"TRANSPORT WORKERS UNION OF AMERICA, AFL-CIO",Transport Workers Union of America Political Contributions Committee,Dem Sen Camp Cmte(DSCC)-Federal Acct,2025-03-18,45000.00
"TRANSPORT WORKERS UNION OF AMERICA, AFL-CIO",Transport Workers Union of America Political Contributions Committee,Dina Titus,2025-03-18,5000.00
"TRANSPORT WORKERS UNION OF AMERICA, AFL-CIO",Transport Workers Union of America Political Contributions Committee,Andrea Salinas,2025-03-18,1000.00
"TRANSPORT WORKERS UNION OF AMERICA, AFL-CIO",Transport Workers Union of America Political Contributions Committee,Chris Pappas,2025-03-18,5000.00
"TRANSPORT WORKERS UNION OF AMERICA, AFL-CIO",Transport Workers Union of America Political Contributions Committee,Rick Larsen,2025-03-18,5000.00
"TRANSPORT WORKERS UNION OF AMERICA, AFL-CIO",Transport Workers Union of America Political Contributions Committee,Shomari Figures,2025-03-18,1000.00
"TRANSPORT WORKERS UNION OF AMERICA, AFL-CIO",Transport Workers Union of America Political Contributions Committee,Andre Carson,2025-03-18,1000.00
"TRANSPORT WORKERS UNION OF AMERICA, AFL-CIO",Transport Workers Union of America Political Contributions Committee,Christopher Deluzio,2025-03-18,5000.00
"TRANSPORT WORKERS UNION OF AMERICA, AFL-CIO",Transport Workers Union of America Political Contributions Committee,Dem Cong Camp Cmte(DCCC)-Federal Acct,2025-03-18,45000.00
"TRANSPORT WORKERS UNION OF AMERICA, AFL-CIO",Transport Workers Union of America Political Contributions Committee,Dem Cong Camp Cmte(DCCC)-Federal Acct,2025-03-18,15000.00
"TRANSPORT WORKERS UNION OF AMERICA, AFL-CIO",Transport Workers Union of America Political Contributions Committee,Republican Italian American Committee,2025-03-18,1000.00
"TRANSPORT WORKERS UNION OF AMERICA, AFL-CIO",Transport Workers Union of America Political Contributions Committee,Dem Sen Camp Cmte(DSCC)-Federal Acct,2025-03-18,15000.00
"TRANSPORT WORKERS UNION OF AMERICA, AFL-CIO",Transport Workers Union of America Political Contributions Committee,Marc Veasey,2025-04-22,1000.00
"TRANSPORT WORKERS UNION OF AMERICA, AFL-CIO",Transport Workers Union of America Political Contributions Committee,Madeleine Dean,2025-04-22,1500.00
"TRANSPORT WORKERS UNION OF AMERICA, AFL-CIO",Transport Workers Union of America Political Contributions Committee,Kristen McDonald Rivet,2025-04-22,1500.00
"TRANSPORT WORKERS UNION OF AMERICA, AFL-CIO",Transport Workers Union of America Political Contributions Committee,Andre Carson,2025-04-22,1500.00
"TRANSPORT WORKERS UNION OF AMERICA, AFL-CIO",Transport Workers Union of America Political Contributions Committee,David Rouzer,2025-04-22,2500.00
"TRANSPORT WORKERS UNION OF AMERICA, AFL-CIO",Transport Workers Union of America Political Contributions Committee,Sharice Davids,2025-04-22,1500.00
"TRANSPORT WORKERS UNION OF AMERICA, AFL-CIO",Transport Workers Union of America Political Contributions Committee,Dwight Evans,2025-04-22,5000.00
"TRANSPORT WORKERS UNION OF AMERICA, AFL-CIO",Transport Workers Union of America Political Contributions Committee,Eleanor Holmes Norton,2025-04-22,1500.00
"TRANSPORT WORKERS UNION OF AMERICA, AFL-CIO",Transport Workers Union of America Political Contributions Committee,Rob Bresnahan,2025-04-22,2500.00
"TRANSPORT WORKERS UNION OF AMERICA, AFL-CIO",Transport Workers Union of America Political Contributions Committee,Brian Fitzpatrick,2025-04-22,5000.00
"TRANSPORT WORKERS UNION OF AMERICA, AFL-CIO",Transport Workers Union of America Political Contributions Committee,Brian Fitzpatrick,2025-04-22,5000.00
"TRANSPORT WORKERS UNION OF AMERICA, AFL-CIO",Transport Workers Union of America Political Contributions Committee,Frederica Wilson,2025-04-22,2000.00
"TRANSPORT WORKERS UNION OF AMERICA, AFL-CIO",Transport Workers Union of America Political Contributions Committee,Rosa DeLauro,2025-04-22,5000.00
"TRANSPORT WORKERS UNION OF AMERICA, AFL-CIO",Transport Workers Union of America Political Contributions Committee,Nicole Malliotakis,2025-04-22,2500.00
"TRANSPORT WORKERS UNION OF AMERICA, AFL-CIO",Transport Workers Union of America Political Contributions Committee,Rick Larsen,2025-05-29,5000.00
"TRANSPORT WORKERS UNION OF AMERICA, AFL-CIO",Transport Workers Union of America Political Contributions Committee,Brendan Boyle,2025-06-29,5000.00
"TRANSPORT WORKERS UNION OF AMERICA, AFL-CIO",Transport Workers Union of America Political Contributions Committee,Christopher Smith,2025-06-29,2500.00
"TRANSPORT WORKERS UNION OF AMERICA, AFL-CIO",Transport Workers Union of America Political Contributions Committee,Valerie Foushee,2025-06-29,1500.00
"TRANSPORT WORKERS UNION OF AMERICA, AFL-CIO",Transport Workers Union of America Political Contributions Committee,Donald Norcross,2025-06-29,5000.00
"TRANSPORT WORKERS UNION OF AMERICA, AFL-CIO",Transport Workers Union of America Political Contributions Committee,Tom Suozzi,2025-06-29,5000.00
"TRANSPORT WORKERS UNION OF AMERICA, AFL-CIO",Transport Workers Union of America Political Contributions Committee,Ted Lieu,2025-06-29,1000.00
"TRANSPORT WORKERS UNION OF AMERICA, AFL-CIO",Transport Workers Union of America Political Contributions Committee,Debbie Dingell,2025-06-29,5000.00
"TRANSPORT WORKERS UNION OF AMERICA, AFL-CIO",Transport Workers Union of America Political Contributions Committee,Sheila Cherfilus McCormick,2025-06-29,1000.00
"TRANSPORT WORKERS UNION OF AMERICA, AFL-CIO",Transport Workers Union of America Political Contributions Committee,Charles Schumer,2025-06-29,5000.00
"TRANSPORT WORKERS UNION OF AMERICA, AFL-CIO",Transport Workers Union of America Political Contributions Committee,Jill Tokuda,2025-06-29,1000.00
"TRANSPORT WORKERS UNION OF AMERICA, AFL-CIO",Transport Workers Union of America Political Contributions Committee,Maxwell Alejandro Frost,2025-06-29,2500.00
"TRANSPORT WORKERS UNION OF AMERICA, AFL-CIO",Transport Workers Union of America Political Contributions Committee,Daniel Hernandez,2025-06-29,2500.00
"TRANSPORT WORKERS UNION OF AMERICA, AFL-CIO",Transport Workers Union of America Political Contributions Committee,Nicole Malliotakis,2025-06-29,5000.00
"TRANSPORT WORKERS UNION OF AMERICA, AFL-CIO",Transport Workers Union of America Political Contributions Committee,Brad Schneider,2025-06-29,2500.00
"TRANSPORT WORKERS UNION OF AMERICA, AFL-CIO",Transport Workers Union of America Political Contributions Committee,George Latimer,2025-06-29,2500.00
"TRANSPORT WORKERS UNION OF AMERICA, AFL-CIO",Transport Workers Union of America Political Contributions Committee,Mark DeSaulnier,2025-06-29,2500.00
"TRANSPORT WORKERS UNION OF AMERICA, AFL-CIO",Transport Workers Union of America Political Contributions Committee,Andre Carson,2025-06-29,2500.00
"TRANSPORT WORKERS UNION OF AMERICA, AFL-CIO",Transport Workers Union of America Political Contributions Committee,Nikema Williams,2025-06-29,1000.00
"TRANSPORT WORKERS UNION OF AMERICA, AFL-CIO",Transport Workers Union of America Political Contributions Committee,Marcy Kaptur,2025-06-29,1500.00
"TRANSPORT WORKERS UNION OF AMERICA, AFL-CIO",Transport Workers Union of America Political Contributions Committee,Eric Sorensen,2025-06-29,2500.00
"TRANSPORT WORKERS UNION OF AMERICA, AFL-CIO",Transport Workers Union of America Political Contributions Committee,Mark Pocan,2025-06-29,5000.00
"TRANSPORT WORKERS UNION OF AMERICA, AFL-CIO",Transport Workers Union of America Political Contributions Committee,Pete Aguilar,2025-06-29,5000.00
"TRANSPORT WORKERS UNION OF AMERICA, AFL-CIO",Transport Workers Union of America Political Contributions Committee,John Mannion,2025-06-29,2500.00
"TRANSPORT WORKERS UNION OF AMERICA, AFL-CIO",Transport Workers Union of America Political Contributions Committee,Laura Friedman,2025-06-29,2500.00
"TRANSPORT WORKERS UNION OF AMERICA, AFL-CIO",Transport Workers Union of America Political Contributions Committee,Katherine Clark,2025-06-29,5000.00
"TRANSPORT WORKERS UNION OF AMERICA, AFL-CIO",Transport Workers Union of America Political Contributions Committee,Rosa DeLauro,2025-06-29,5000.00
"TRANSPORT WORKERS UNION OF AMERICA, AFL-CIO",Transport Workers Union of America Political Contributions Committee,Deborah Ross,2025-06-29,2500.00
"TRANSPORT WORKERS UNION OF AMERICA, AFL-CIO",Transport Workers Union of America Political Contributions Committee,Daniel Goldman,2025-06-29,2500.00
"TRANSPORT WORKERS UNION OF AMERICA, AFL-CIO",Transport Workers Union of America Political Contributions Committee,Chris Deluzio,2025-06-29,2500.00
"TRANSPORT WORKERS UNION OF AMERICA, AFL-CIO",Transport Workers Union of America Political Contributions Committee,Pete Aguilar,2025-06-29,5000.00
"TRANSPORT WORKERS UNION OF AMERICA, AFL-CIO",Transport Workers Union of America Political Contributions Committee,Darren Soto,2025-06-29,2000.00
"TRANSPORT WORKERS UNION OF AMERICA, AFL-CIO",Transport Workers Union of America Political Contributions Committee,Paul Tonko,2025-06-29,1500.00
"TRANSPORT WORKERS UNION OF AMERICA, AFL-CIO",Transport Workers Union of America Political Contributions Committee,Maxwell Alejandro Frost,2025-06-29,2500.00
"TRANSPORT WORKERS UNION OF AMERICA, AFL-CIO",Transport Workers Union of America Political Contributions Committee,Nick Lalota,2025-06-29,2500.00
"TRANSPORT WORKERS UNION OF AMERICA, AFL-CIO",Transport Workers Union of America Political Contributions Committee,Equality PAC,2025-06-29,5000.00
"TRANSPORT WORKERS UNION OF AMERICA, AFL-CIO",Transport Workers Union of America Political Contributions Committee,Brian Schatz,2025-06-29,5000.00
"TRANSPORT WORKERS UNION OF AMERICA, AFL-CIO",Transport Workers Union of America Political Contributions Committee,Katherine Clark,2025-06-29,5000.00
"TRANSPORT WORKERS UNION OF AMERICA, AFL-CIO",Transport Workers Union of America Political Contributions Committee,Joe Morelle,2025-06-29,5000.00
"TRANSPORT WORKERS UNION OF AMERICA, AFL-CIO",Transport Workers Union of America Political Contributions Committee,Laura Gillen,2025-06-29,2500.00
"TRANSPORT WORKERS UNION OF AMERICA, AFL-CIO",Transport Workers Union of America Political Contributions Committee,Angie Craig,2025-06-29,2500.00
"TRANSPORT WORKERS UNION OF AMERICA, AFL-CIO",Transport Workers Union of America Political Contributions Committee,Adriano Espaillat,2025-06-29,5000.00
"TRANSPORT WORKERS UNION OF AMERICA, AFL-CIO",Transport Workers Union of America Political Contributions Committee,TIMOTHY KENNEDY,2025-06-29,5000.00
"TRANSPORT WORKERS UNION OF AMERICA, AFL-CIO",Transport Workers Union of America Political Contributions Committee,Kirsten Gillibrand,2025-06-29,5000.00
"TRANSPORT WORKERS UNION OF AMERICA, AFL-CIO",Transport Workers Union of America Political Contributions Committee,Patrick Ryan,2025-06-29,2500.00
"TRANSPORT WORKERS UNION OF AMERICA, AFL-CIO",Transport Workers Union of America Political Contributions Committee,Steven Horsford,2025-06-29,5000.00
"TRANSPORT WORKERS UNION OF AMERICA, AFL-CIO",Transport Workers Union of America Political Contributions Committee,Timothy Kennedy,2025-06-29,5000.00
"TRANSPORT WORKERS UNION OF AMERICA, AFL-CIO",Transport Workers Union of America Political Contributions Committee,Joyce Beatty,2025-06-29,1000.00
"TRANSPORT WORKERS UNION OF AMERICA, AFL-CIO",Transport Workers Union of America Political Contributions Committee,Nydia Velazquez,2025-06-29,1000.00
"TRANSPORT WORKERS UNION OF AMERICA, AFL-CIO",Transport Workers Union of America Political Contributions Committee,Pramila Jayapal,2025-06-29,1500.00
"TRANSPORT WORKERS UNION OF AMERICA, AFL-CIO",Transport Workers Union of America Political Contributions Committee,Marilyn Strickland,2025-06-29,1500.00
"TRANSPORT WORKERS UNION OF AMERICA, AFL-CIO",Transport Workers Union of America Political Contributions Committee,Nick Lalota,2025-06-29,2500.00
"TRANSPORT WORKERS UNION OF AMERICA, AFL-CIO",Transport Workers Union of America Political Contributions Committee,Eric Schmitt,2025-06-29,2500.00
"TRANSPORT WORKERS UNION OF AMERICA, AFL-CIO",Transport Workers Union of America Political Contributions Committee,Frank MrVan,2025-06-29,1500.00
"TRANSPORT WORKERS UNION OF AMERICA, AFL-CIO",Transport Workers Union of America Political Contributions Committee,Brendan Boyle,2025-06-29,5000.00
"TRANSPORT WORKERS UNION OF AMERICA, AFL-CIO",Transport Workers Union of America Political Contributions Committee,Sustainable Energy and Environment Coalition PAC,2025-06-29,5000.00
"TRANSPORT WORKERS UNION OF AMERICA, AFL-CIO",Transport Workers Union of America Political Contributions Committee,Elect Democratic Women,2025-01-24,5000.00
"TRANSPORT WORKERS UNION OF AMERICA, AFL-CIO",Transport Workers Union of America Political Contributions Committee,Congressional Black Caucus PAC,2025-01-24,5000.00
"TRANSPORT WORKERS UNION OF AMERICA, AFL-CIO",Transport Workers Union of America Political Contributions Committee,Congressional Progressive Caucus PAC,2025-01-24,5000.00
"TRANSPORT WORKERS UNION OF AMERICA, AFL-CIO",Transport Workers Union of America Political Contributions Committee,Transportation Trades Department AFL-CIO (TTD PAC),2025-01-24,5000.00
"TRANSPORT WORKERS UNION OF AMERICA, AFL-CIO",Transport Workers Union of America Political Contributions Committee,Republican Mainstreet Partnership Pac,2025-01-24,5000.00
"TRANSPORT WORKERS UNION OF AMERICA, AFL-CIO",Transport Workers Union of America Political Contributions Committee,Democratic Party Of New Mexico - Federal,2025-01-24,1000.00
"TRANSPORT WORKERS UNION OF AMERICA, AFL-CIO",Transport Workers Union of America Political Contributions Committee,CHC Bold PAC,2025-01-24,5000.00
"TRANSPORT WORKERS UNION OF AMERICA, AFL-CIO",Transport Workers Union of America Political Contributions Committee,ASPIRE PAC,2025-01-24,5000.00
"TRANSPORT WORKERS UNION OF AMERICA, AFL-CIO",Transport Workers Union of America Political Contributions Committee,Republican Governance Group/Tuesday Group PAC,2025-02-21,5000.00
"TRANSPORT WORKERS UNION OF AMERICA, AFL-CIO",Transport Workers Union of America Political Contributions Committee,Luz Rivas,2025-02-21,2500.00
"TRANSPORT WORKERS UNION OF AMERICA, AFL-CIO",Transport Workers Union of America Political Contributions Committee,Hakeem Jeffries,2025-02-21,5000.00
"TRANSPORT WORKERS UNION OF AMERICA, AFL-CIO",Transport Workers Union of America Political Contributions Committee,Nikki Budzinski,2025-02-21,5000.00
"TRANSPORT WORKERS UNION OF AMERICA, AFL-CIO",Transport Workers Union of America Political Contributions Committee,Ritchie Torres,2025-02-21,5000.00
"TRANSPORT WORKERS UNION OF AMERICA, AFL-CIO",Transport Workers Union of America Political Contributions Committee,Michael Lawler,2025-02-21,5000.00
"TRANSPORT WORKERS UNION OF AMERICA, AFL-CIO",Transport Workers Union of America Political Contributions Committee,Hakeem Jeffries,2025-02-21,5000.00
"TRANSPORT WORKERS UNION OF AMERICA, AFL-CIO",Transport Workers Union of America Political Contributions Committee,Yassamin Ansari,2025-02-21,2500.00
"TRANSPORT WORKERS UNION OF AMERICA, AFL-CIO",Transport Workers Union of America Political Contributions Committee,Ritchie Torres,2025-02-21,5000.00
"TRANSPORT WORKERS UNION OF AMERICA, AFL-CIO",Transport Workers Union of America Political Contributions Committee,Michael Lawler,2025-02-21,5000.00
"TRANSPORT WORKERS UNION OF AMERICA, AFL-CIO",Transport Workers Union of America Political Contributions Committee,Valerie Hoyle,2025-02-21,2500.00
"TRANSPORT WORKERS UNION OF AMERICA, AFL-CIO",Transport Workers Union of America Political Contributions Committee,LaMonica McIver,2025-02-21,2500.00
"TRANSPORT WORKERS UNION OF AMERICA, AFL-CIO",Transport Workers Union of America Political Contributions Committee,George Whitesides,2025-02-21,2500.00
"TRANSPORT WORKERS UNION OF AMERICA, AFL-CIO",Transport Workers Union of America Political Contributions Committee,Sarah McBride,2025-02-21,2500.00
"TRANSPORT WORKERS UNION OF AMERICA, AFL-CIO",Transport Workers Union of America Political Contributions Committee,Hakeem Jeffries,2025-02-21,5000.00
"TRANSPORT WORKERS UNION OF AMERICA, AFL-CIO",Transport Workers Union of America Political Contributions Committee,Nikki Budzinski,2025-02-21,5000.00
"TRANSPORT WORKERS UNION OF AMERICA, AFL-CIO",Transport Workers Union of America Political Contributions Committee,Bennie Thompson,2025-02-21,5000.00
"TRANSPORT WORKERS UNION OF AMERICA, AFL-CIO",Transport Workers Union of America Political Contributions Committee,Lateefah Simon,2025-02-21,2500.00
"TRANSPORT WORKERS UNION OF AMERICA, AFL-CIO",Transport Workers Union of America Political Contributions Committee,Julie Johnson,2025-02-21,2500.00
"TRANSPORT WORKERS UNION OF AMERICA, AFL-CIO",Transport Workers Union of America Political Contributions Committee,Angie Craig,2025-02-21,2500.00
"TRANSPORT WORKERS UNION OF AMERICA, AFL-CIO",Transport Workers Union of America Political Contributions Committee,Nikki Budzinski,2025-02-21,5000.00
"TRANSPORT WORKERS UNION OF AMERICA, AFL-CIO",Transport Workers Union of America Political Contributions Committee,Bennie Thompson,2025-02-21,5000.00
"TRANSPORT WORKERS UNION OF AMERICA, AFL-CIO",Transport Workers Union of America Political Contributions Committee,TIMOTHY KENNEDY,2025-02-21,5000.00
"TRANSPORT WORKERS UNION OF AMERICA, AFL-CIO",Transport Workers Union of America Political Contributions Committee,Adam Gray,2025-02-21,2500.00
"TRANSPORT WORKERS UNION OF AMERICA, AFL-CIO",Transport Workers Union of America Political Contributions Committee,Ben Lujan,2025-03-18,2500.00
"TRANSPORT WORKERS UNION OF AMERICA, AFL-CIO",Transport Workers Union of America Political Contributions Committee,Darren Soto,2025-03-18,1000.00
"TRANSPORT WORKERS UNION OF AMERICA, AFL-CIO",Transport Workers Union of America Political Contributions Committee,Mike Quigley,2025-03-18,2500.00
"TRANSPORT WORKERS UNION OF AMERICA, AFL-CIO",Transport Workers Union of America Political Contributions Committee,John Mannion,2025-03-18,2500.00
"TRANSPORT WORKERS UNION OF AMERICA, AFL-CIO",Transport Workers Union of America Political Contributions Committee,Andrew Garbarino,2025-03-18,5000.00
"TRANSPORT WORKERS UNION OF AMERICA, AFL-CIO",Transport Workers Union of America Political Contributions Committee,Chris Deluzio,2025-03-18,2500.00
"TRANSPORT WORKERS UNION OF AMERICA, AFL-CIO",Transport Workers Union of America Political Contributions Committee,Don Bacon,2025-03-18,5000.00
"TRANSPORT WORKERS UNION OF AMERICA, AFL-CIO",Transport Workers Union of America Political Contributions Committee,Edward Markey,2025-03-18,2500.00
"TRANSPORT WORKERS UNION OF AMERICA, AFL-CIO",Transport Workers Union of America Political Contributions Committee,Melanie Stansbury,2025-03-18,2500.00
"TRANSPORT WORKERS UNION OF AMERICA, AFL-CIO",Transport Workers Union of America Political Contributions Committee,Delia Ramirez,2025-03-18,1500.00
"TRANSPORT WORKERS UNION OF AMERICA, AFL-CIO",Transport Workers Union of America Political Contributions Committee,Grace Meng,2025-03-18,2000.00
"TRANSPORT WORKERS UNION OF AMERICA, AFL-CIO",Transport Workers Union of America Political Contributions Committee,Jesus Garcia,2025-03-18,2500.00
"TRANSPORT WORKERS UNION OF AMERICA, AFL-CIO",Transport Workers Union of America Political Contributions Committee,Sarah Elfreth,2025-03-18,1000.00
"TRANSPORT WORKERS UNION OF AMERICA, AFL-CIO",Transport Workers Union of America Political Contributions Committee,Mike Bost,2025-03-18,2500.00
"TRANSPORT WORKERS UNION OF AMERICA, AFL-CIO",Transport Workers Union of America Political Contributions Committee,Julia Brownley,2025-03-18,5000.00
"TRANSPORT WORKERS UNION OF AMERICA, AFL-CIO",Transport Workers Union of America Political Contributions Committee,Emilia Sykes,2025-03-18,1500.00
"TRANSPORT WORKERS UNION OF AMERICA, AFL-CIO",Transport Workers Union of America Political Contributions Committee,Patrick Ryan,2025-03-18,2500.00
"TRANSPORT WORKERS UNION OF AMERICA, AFL-CIO",Transport Workers Union of America Political Contributions Committee,Donald Norcross,2025-03-18,5000.00
"TRANSPORT WORKERS UNION OF AMERICA, AFL-CIO",Transport Workers Union of America Political Contributions Committee,Nick LaLota,2025-03-18,5000.00
"TRANSPORT WORKERS UNION OF AMERICA, AFL-CIO",Transport Workers Union of America Political Contributions Committee,Adriano Espaillat,2025-03-18,5000.00
"TRANSPORT WORKERS UNION OF AMERICA, AFL-CIO",Transport Workers Union of America Political Contributions Committee,Julia Brownley,2025-03-18,5000.00
"TRANSPORT WORKERS UNION OF AMERICA, AFL-CIO",Transport Workers Union of America Political Contributions Committee,Lori Trahan,2025-03-18,5000.00
"TRANSPORT WORKERS UNION OF AMERICA, AFL-CIO",Transport Workers Union of America Political Contributions Committee,Mary Gay Scanlon,2025-03-18,1500.00
"TRANSPORT WORKERS UNION OF AMERICA, AFL-CIO",Transport Workers Union of America Political Contributions Committee,Mark Pocan,2025-03-18,2500.00
"TRANSPORT WORKERS UNION OF AMERICA, AFL-CIO",Transport Workers Union of America Political Contributions Committee,George Latimer,2025-03-18,2500.00
"TRANSPORT WORKERS UNION OF AMERICA, AFL-CIO",Transport Workers Union of America Political Contributions Committee,Laura Friedman,2025-03-18,2500.00
"TRANSPORT WORKERS UNION OF AMERICA, AFL-CIO",Transport Workers Union of America Political Contributions Committee,Greg Casar,2025-03-18,1000.00
"TRANSPORT WORKERS UNION OF AMERICA, AFL-CIO",Transport Workers Union of America Political Contributions Committee,Michael Turner,2025-03-18,1000.00
"TRANSPORT WORKERS UNION OF AMERICA, AFL-CIO",Transport Workers Union of America Political Contributions Committee,Hillary Scholten,2025-03-18,1500.00
"TRANSPORT WORKERS UNION OF AMERICA, AFL-CIO",Transport Workers Union of America Political Contributions Committee,NELIDA POU,2025-03-18,1500.00
"TRANSPORT WORKERS UNION OF AMERICA, AFL-CIO",Transport Workers Union of America Political Contributions Committee,Nicole Malliotakis,2025-03-18,2500.00
"TRANSPORT WORKERS UNION OF AMERICA, AFL-CIO",Transport Workers Union of America Political Contributions Committee,Maxwell Alejandro Frost,2025-03-18,2500.00
"TRANSPORT WORKERS UNION OF AMERICA, AFL-CIO",Transport Workers Union of America Political Contributions Committee,Yvette Clarke,2025-03-18,5000.00
"TRANSPORT WORKERS UNION OF AMERICA, AFL-CIO",Transport Workers Union of America Political Contributions Committee,Dem Sen Camp Cmte(DSCC)-Federal Acct,2025-03-18,45000.00
"TRANSPORT WORKERS UNION OF AMERICA, AFL-CIO",Transport Workers Union of America Political Contributions Committee,Dina Titus,2025-03-18,5000.00
"TRANSPORT WORKERS UNION OF AMERICA, AFL-CIO",Transport Workers Union of America Political Contributions Committee,Andrea Salinas,2025-03-18,1000.00
"TRANSPORT WORKERS UNION OF AMERICA, AFL-CIO",Transport Workers Union of America Political Contributions Committee,Chris Pappas,2025-03-18,5000.00
"TRANSPORT WORKERS UNION OF AMERICA, AFL-CIO",Transport Workers Union of America Political Contributions Committee,Rick Larsen,2025-03-18,5000.00
"TRANSPORT WORKERS UNION OF AMERICA, AFL-CIO",Transport Workers Union of America Political Contributions Committee,Shomari Figures,2025-03-18,1000.00
"TRANSPORT WORKERS UNION OF AMERICA, AFL-CIO",Transport Workers Union of America Political Contributions Committee,Andre Carson,2025-03-18,1000.00
"TRANSPORT WORKERS UNION OF AMERICA, AFL-CIO",Transport Workers Union of America Political Contributions Committee,Christopher Deluzio,2025-03-18,5000.00
"TRANSPORT WORKERS UNION OF AMERICA, AFL-CIO",Transport Workers Union of America Political Contributions Committee,Dem Cong Camp Cmte(DCCC)-Federal Acct,2025-03-18,45000.00
"TRANSPORT WORKERS UNION OF AMERICA, AFL-CIO",Transport Workers Union of America Political Contributions Committee,Dem Cong Camp Cmte(DCCC)-Federal Acct,2025-03-18,15000.00
"TRANSPORT WORKERS UNION OF AMERICA, AFL-CIO",Transport Workers Union of America Political Contributions Committee,Republican Italian American Committee,2025-03-18,1000.00
"TRANSPORT WORKERS UNION OF AMERICA, AFL-CIO",Transport Workers Union of America Political Contributions Committee,Dem Sen Camp Cmte(DSCC)-Federal Acct,2025-03-18,15000.00
"TRANSPORT WORKERS UNION OF AMERICA, AFL-CIO",Transport Workers Union of America Political Contributions Committee,Marc Veasey,2025-04-22,1000.00
"TRANSPORT WORKERS UNION OF AMERICA, AFL-CIO",Transport Workers Union of America Political Contributions Committee,Madeleine Dean,2025-04-22,1500.00
"TRANSPORT WORKERS UNION OF AMERICA, AFL-CIO",Transport Workers Union of America Political Contributions Committee,Kristen McDonald Rivet,2025-04-22,1500.00
"TRANSPORT WORKERS UNION OF AMERICA, AFL-CIO",Transport Workers Union of America Political Contributions Committee,Andre Carson,2025-04-22,1500.00
"TRANSPORT WORKERS UNION OF AMERICA, AFL-CIO",Transport Workers Union of America Political Contributions Committee,David Rouzer,2025-04-22,2500.00
"TRANSPORT WORKERS UNION OF AMERICA, AFL-CIO",Transport Workers Union of America Political Contributions Committee,Sharice Davids,2025-04-22,1500.00
"TRANSPORT WORKERS UNION OF AMERICA, AFL-CIO",Transport Workers Union of America Political Contributions Committee,Dwight Evans,2025-04-22,5000.00
"TRANSPORT WORKERS UNION OF AMERICA, AFL-CIO",Transport Workers Union of America Political Contributions Committee,Eleanor Holmes Norton,2025-04-22,1500.00
"TRANSPORT WORKERS UNION OF AMERICA, AFL-CIO",Transport Workers Union of America Political Contributions Committee,Rob Bresnahan,2025-04-22,2500.00
"TRANSPORT WORKERS UNION OF AMERICA, AFL-CIO",Transport Workers Union of America Political Contributions Committee,Brian Fitzpatrick,2025-04-22,5000.00
"TRANSPORT WORKERS UNION OF AMERICA, AFL-CIO",Transport Workers Union of America Political Contributions Committee,Brian Fitzpatrick,2025-04-22,5000.00
"TRANSPORT WORKERS UNION OF AMERICA, AFL-CIO",Transport Workers Union of America Political Contributions Committee,Frederica Wilson,2025-04-22,2000.00
"TRANSPORT WORKERS UNION OF AMERICA, AFL-CIO",Transport Workers Union of America Political Contributions Committee,Rosa DeLauro,2025-04-22,5000.00
"TRANSPORT WORKERS UNION OF AMERICA, AFL-CIO",Transport Workers Union of America Political Contributions Committee,Nicole Malliotakis,2025-04-22,2500.00
"TRANSPORT WORKERS UNION OF AMERICA, AFL-CIO",Transport Workers Union of America Political Contributions Committee,Rick Larsen,2025-05-29,5000.00
"TRANSPORT WORKERS UNION OF AMERICA, AFL-CIO",Transport Workers Union of America Political Contributions Committee,Brendan Boyle,2025-06-29,5000.00
"TRANSPORT WORKERS UNION OF AMERICA, AFL-CIO",Transport Workers Union of America Political Contributions Committee,Christopher Smith,2025-06-29,2500.00
"TRANSPORT WORKERS UNION OF AMERICA, AFL-CIO",Transport Workers Union of America Political Contributions Committee,Valerie Foushee,2025-06-29,1500.00
"TRANSPORT WORKERS UNION OF AMERICA, AFL-CIO",Transport Workers Union of America Political Contributions Committee,Donald Norcross,2025-06-29,5000.00
"TRANSPORT WORKERS UNION OF AMERICA, AFL-CIO",Transport Workers Union of America Political Contributions Committee,Tom Suozzi,2025-06-29,5000.00
"TRANSPORT WORKERS UNION OF AMERICA, AFL-CIO",Transport Workers Union of America Political Contributions Committee,Ted Lieu,2025-06-29,1000.00
"TRANSPORT WORKERS UNION OF AMERICA, AFL-CIO",Transport Workers Union of America Political Contributions Committee,Debbie Dingell,2025-06-29,5000.00
"TRANSPORT WORKERS UNION OF AMERICA, AFL-CIO",Transport Workers Union of America Political Contributions Committee,Sheila Cherfilus McCormick,2025-06-29,1000.00
"TRANSPORT WORKERS UNION OF AMERICA, AFL-CIO",Transport Workers Union of America Political Contributions Committee,Charles Schumer,2025-06-29,5000.00
"TRANSPORT WORKERS UNION OF AMERICA, AFL-CIO",Transport Workers Union of America Political Contributions Committee,Jill Tokuda,2025-06-29,1000.00
"TRANSPORT WORKERS UNION OF AMERICA, AFL-CIO",Transport Workers Union of America Political Contributions Committee,Maxwell Alejandro Frost,2025-06-29,2500.00
"TRANSPORT WORKERS UNION OF AMERICA, AFL-CIO",Transport Workers Union of America Political Contributions Committee,Daniel Hernandez,2025-06-29,2500.00
"TRANSPORT WORKERS UNION OF AMERICA, AFL-CIO",Transport Workers Union of America Political Contributions Committee,Nicole Malliotakis,2025-06-29,5000.00
"TRANSPORT WORKERS UNION OF AMERICA, AFL-CIO",Transport Workers Union of America Political Contributions Committee,Brad Schneider,2025-06-29,2500.00
"TRANSPORT WORKERS UNION OF AMERICA, AFL-CIO",Transport Workers Union of America Political Contributions Committee,George Latimer,2025-06-29,2500.00
"TRANSPORT WORKERS UNION OF AMERICA, AFL-CIO",Transport Workers Union of America Political Contributions Committee,Mark DeSaulnier,2025-06-29,2500.00
"TRANSPORT WORKERS UNION OF AMERICA, AFL-CIO",Transport Workers Union of America Political Contributions Committee,Andre Carson,2025-06-29,2500.00
"TRANSPORT WORKERS UNION OF AMERICA, AFL-CIO",Transport Workers Union of America Political Contributions Committee,Nikema Williams,2025-06-29,1000.00
"TRANSPORT WORKERS UNION OF AMERICA, AFL-CIO",Transport Workers Union of America Political Contributions Committee,Marcy Kaptur,2025-06-29,1500.00
"TRANSPORT WORKERS UNION OF AMERICA, AFL-CIO",Transport Workers Union of America Political Contributions Committee,Eric Sorensen,2025-06-29,2500.00
"TRANSPORT WORKERS UNION OF AMERICA, AFL-CIO",Transport Workers Union of America Political Contributions Committee,Mark Pocan,2025-06-29,5000.00
"TRANSPORT WORKERS UNION OF AMERICA, AFL-CIO",Transport Workers Union of America Political Contributions Committee,Pete Aguilar,2025-06-29,5000.00
"TRANSPORT WORKERS UNION OF AMERICA, AFL-CIO",Transport Workers Union of America Political Contributions Committee,John Mannion,2025-06-29,2500.00
"TRANSPORT WORKERS UNION OF AMERICA, AFL-CIO",Transport Workers Union of America Political Contributions Committee,Laura Friedman,2025-06-29,2500.00
"TRANSPORT WORKERS UNION OF AMERICA, AFL-CIO",Transport Workers Union of America Political Contributions Committee,Katherine Clark,2025-06-29,5000.00
"TRANSPORT WORKERS UNION OF AMERICA, AFL-CIO",Transport Workers Union of America Political Contributions Committee,Rosa DeLauro,2025-06-29,5000.00
"TRANSPORT WORKERS UNION OF AMERICA, AFL-CIO",Transport Workers Union of America Political Contributions Committee,Deborah Ross,2025-06-29,2500.00
"TRANSPORT WORKERS UNION OF AMERICA, AFL-CIO",Transport Workers Union of America Political Contributions Committee,Daniel Goldman,2025-06-29,2500.00
"TRANSPORT WORKERS UNION OF AMERICA, AFL-CIO",Transport Workers Union of America Political Contributions Committee,Chris Deluzio,2025-06-29,2500.00
"TRANSPORT WORKERS UNION OF AMERICA, AFL-CIO",Transport Workers Union of America Political Contributions Committee,Pete Aguilar,2025-06-29,5000.00
"TRANSPORT WORKERS UNION OF AMERICA, AFL-CIO",Transport Workers Union of America Political Contributions Committee,Darren Soto,2025-06-29,2000.00
"TRANSPORT WORKERS UNION OF AMERICA, AFL-CIO",Transport Workers Union of America Political Contributions Committee,Paul Tonko,2025-06-29,1500.00
"TRANSPORT WORKERS UNION OF AMERICA, AFL-CIO",Transport Workers Union of America Political Contributions Committee,Maxwell Alejandro Frost,2025-06-29,2500.00
"TRANSPORT WORKERS UNION OF AMERICA, AFL-CIO",Transport Workers Union of America Political Contributions Committee,Nick Lalota,2025-06-29,2500.00
"TRANSPORT WORKERS UNION OF AMERICA, AFL-CIO",Transport Workers Union of America Political Contributions Committee,Equality PAC,2025-06-29,5000.00
"TRANSPORT WORKERS UNION OF AMERICA, AFL-CIO",Transport Workers Union of America Political Contributions Committee,Brian Schatz,2025-06-29,5000.00
"TRANSPORT WORKERS UNION OF AMERICA, AFL-CIO",Transport Workers Union of America Political Contributions Committee,Katherine Clark,2025-06-29,5000.00
"TRANSPORT WORKERS UNION OF AMERICA, AFL-CIO",Transport Workers Union of America Political Contributions Committee,Joe Morelle,2025-06-29,5000.00
"TRANSPORT WORKERS UNION OF AMERICA, AFL-CIO",Transport Workers Union of America Political Contributions Committee,Laura Gillen,2025-06-29,2500.00
"TRANSPORT WORKERS UNION OF AMERICA, AFL-CIO",Transport Workers Union of America Political Contributions Committee,Angie Craig,2025-06-29,2500.00
"TRANSPORT WORKERS UNION OF AMERICA, AFL-CIO",Transport Workers Union of America Political Contributions Committee,Adriano Espaillat,2025-06-29,5000.00
"TRANSPORT WORKERS UNION OF AMERICA, AFL-CIO",Transport Workers Union of America Political Contributions Committee,TIMOTHY KENNEDY,2025-06-29,5000.00
"TRANSPORT WORKERS UNION OF AMERICA, AFL-CIO",Transport Workers Union of America Political Contributions Committee,Kirsten Gillibrand,2025-06-29,5000.00
"TRANSPORT WORKERS UNION OF AMERICA, AFL-CIO",Transport Workers Union of America Political Contributions Committee,Patrick Ryan,2025-06-29,2500.00
"TRANSPORT WORKERS UNION OF AMERICA, AFL-CIO",Transport Workers Union of America Political Contributions Committee,Steven Horsford,2025-06-29,5000.00
"TRANSPORT WORKERS UNION OF AMERICA, AFL-CIO",Transport Workers Union of America Political Contributions Committee,Timothy Kennedy,2025-06-29,5000.00
"TRANSPORT WORKERS UNION OF AMERICA, AFL-CIO",Transport Workers Union of America Political Contributions Committee,Joyce Beatty,2025-06-29,1000.00
"TRANSPORT WORKERS UNION OF AMERICA, AFL-CIO",Transport Workers Union of America Political Contributions Committee,Nydia Velazquez,2025-06-29,1000.00
"TRANSPORT WORKERS UNION OF AMERICA, AFL-CIO",Transport Workers Union of America Political Contributions Committee,Pramila Jayapal,2025-06-29,1500.00
"TRANSPORT WORKERS UNION OF AMERICA, AFL-CIO",Transport Workers Union of America Political Contributions Committee,Marilyn Strickland,2025-06-29,1500.00
"TRANSPORT WORKERS UNION OF AMERICA, AFL-CIO",Transport Workers Union of America Political Contributions Committee,Nick Lalota,2025-06-29,2500.00
"TRANSPORT WORKERS UNION OF AMERICA, AFL-CIO",Transport Workers Union of America Political Contributions Committee,Eric Schmitt,2025-06-29,2500.00
"TRANSPORT WORKERS UNION OF AMERICA, AFL-CIO",Transport Workers Union of America Political Contributions Committee,Frank MrVan,2025-06-29,1500.00
"TRANSPORT WORKERS UNION OF AMERICA, AFL-CIO",Transport Workers Union of America Political Contributions Committee,Brendan Boyle,2025-06-29,5000.00
"TRANSPORT WORKERS UNION OF AMERICA, AFL-CIO",Transport Workers Union of America Political Contributions Committee,Sustainable Energy and Environment Coalition PAC,2025-06-29,5000.00
"TRANSPORT WORKERS UNION OF AMERICA, AFL-CIO",Transport Workers Union of America Political Contributions Committee,Elect Democratic Women,2025-01-24,5000.00
"TRANSPORT WORKERS UNION OF AMERICA, AFL-CIO",Transport Workers Union of America Political Contributions Committee,Congressional Black Caucus PAC,2025-01-24,5000.00
"TRANSPORT WORKERS UNION OF AMERICA, AFL-CIO",Transport Workers Union of America Political Contributions Committee,Congressional Progressive Caucus PAC,2025-01-24,5000.00
"TRANSPORT WORKERS UNION OF AMERICA, AFL-CIO",Transport Workers Union of America Political Contributions Committee,Transportation Trades Department AFL-CIO (TTD PAC),2025-01-24,5000.00
"TRANSPORT WORKERS UNION OF AMERICA, AFL-CIO",Transport Workers Union of America Political Contributions Committee,Republican Mainstreet Partnership Pac,2025-01-24,5000.00
"TRANSPORT WORKERS UNION OF AMERICA, AFL-CIO",Transport Workers Union of America Political Contributions Committee,Democratic Party Of New Mexico - Federal,2025-01-24,1000.00
"TRANSPORT WORKERS UNION OF AMERICA, AFL-CIO",Transport Workers Union of America Political Contributions Committee,CHC Bold PAC,2025-01-24,5000.00
"TRANSPORT WORKERS UNION OF AMERICA, AFL-CIO",Transport Workers Union of America Political Contributions Committee,ASPIRE PAC,2025-01-24,5000.00
"TRANSPORT WORKERS UNION OF AMERICA, AFL-CIO",Transport Workers Union of America Political Contributions Committee,Republican Governance Group/Tuesday Group PAC,2025-02-21,5000.00
"TRANSPORT WORKERS UNION OF AMERICA, AFL-CIO",Transport Workers Union of America Political Contributions Committee,Luz Rivas,2025-02-21,2500.00
"TRANSPORT WORKERS UNION OF AMERICA, AFL-CIO",Transport Workers Union of America Political Contributions Committee,Hakeem Jeffries,2025-02-21,5000.00
"TRANSPORT WORKERS UNION OF AMERICA, AFL-CIO",Transport Workers Union of America Political Contributions Committee,Nikki Budzinski,2025-02-21,5000.00
"TRANSPORT WORKERS UNION OF AMERICA, AFL-CIO",Transport Workers Union of America Political Contributions Committee,Ritchie Torres,2025-02-21,5000.00
"TRANSPORT WORKERS UNION OF AMERICA, AFL-CIO",Transport Workers Union of America Political Contributions Committee,Michael Lawler,2025-02-21,5000.00
"TRANSPORT WORKERS UNION OF AMERICA, AFL-CIO",Transport Workers Union of America Political Contributions Committee,Hakeem Jeffries,2025-02-21,5000.00
"TRANSPORT WORKERS UNION OF AMERICA, AFL-CIO",Transport Workers Union of America Political Contributions Committee,Yassamin Ansari,2025-02-21,2500.00
"TRANSPORT WORKERS UNION OF AMERICA, AFL-CIO",Transport Workers Union of America Political Contributions Committee,Ritchie Torres,2025-02-21,5000.00
"TRANSPORT WORKERS UNION OF AMERICA, AFL-CIO",Transport Workers Union of America Political Contributions Committee,Michael Lawler,2025-02-21,5000.00
"TRANSPORT WORKERS UNION OF AMERICA, AFL-CIO",Transport Workers Union of America Political Contributions Committee,Valerie Hoyle,2025-02-21,2500.00
"TRANSPORT WORKERS UNION OF AMERICA, AFL-CIO",Transport Workers Union of America Political Contributions Committee,LaMonica McIver,2025-02-21,2500.00
"TRANSPORT WORKERS UNION OF AMERICA, AFL-CIO",Transport Workers Union of America Political Contributions Committee,George Whitesides,2025-02-21,2500.00
"TRANSPORT WORKERS UNION OF AMERICA, AFL-CIO",Transport Workers Union of America Political Contributions Committee,Sarah McBride,2025-02-21,2500.00
"TRANSPORT WORKERS UNION OF AMERICA, AFL-CIO",Transport Workers Union of America Political Contributions Committee,Hakeem Jeffries,2025-02-21,5000.00
"TRANSPORT WORKERS UNION OF AMERICA, AFL-CIO",Transport Workers Union of America Political Contributions Committee,Nikki Budzinski,2025-02-21,5000.00
"TRANSPORT WORKERS UNION OF AMERICA, AFL-CIO",Transport Workers Union of America Political Contributions Committee,Bennie Thompson,2025-02-21,5000.00
"TRANSPORT WORKERS UNION OF AMERICA, AFL-CIO",Transport Workers Union of America Political Contributions Committee,Lateefah Simon,2025-02-21,2500.00
"TRANSPORT WORKERS UNION OF AMERICA, AFL-CIO",Transport Workers Union of America Political Contributions Committee,Julie Johnson,2025-02-21,2500.00
"TRANSPORT WORKERS UNION OF AMERICA, AFL-CIO",Transport Workers Union of America Political Contributions Committee,Angie Craig,2025-02-21,2500.00
"TRANSPORT WORKERS UNION OF AMERICA, AFL-CIO",Transport Workers Union of America Political Contributions Committee,Nikki Budzinski,2025-02-21,5000.00
"TRANSPORT WORKERS UNION OF AMERICA, AFL-CIO",Transport Workers Union of America Political Contributions Committee,Bennie Thompson,2025-02-21,5000.00
"TRANSPORT WORKERS UNION OF AMERICA, AFL-CIO",Transport Workers Union of America Political Contributions Committee,TIMOTHY KENNEDY,2025-02-21,5000.00
"TRANSPORT WORKERS UNION OF AMERICA, AFL-CIO",Transport Workers Union of America Political Contributions Committee,Adam Gray,2025-02-21,2500.00
"TRANSPORT WORKERS UNION OF AMERICA, AFL-CIO",Transport Workers Union of America Political Contributions Committee,Ben Lujan,2025-03-18,2500.00
"TRANSPORT WORKERS UNION OF AMERICA, AFL-CIO",Transport Workers Union of America Political Contributions Committee,Darren Soto,2025-03-18,1000.00
"TRANSPORT WORKERS UNION OF AMERICA, AFL-CIO",Transport Workers Union of America Political Contributions Committee,Mike Quigley,2025-03-18,2500.00
"TRANSPORT WORKERS UNION OF AMERICA, AFL-CIO",Transport Workers Union of America Political Contributions Committee,John Mannion,2025-03-18,2500.00
"TRANSPORT WORKERS UNION OF AMERICA, AFL-CIO",Transport Workers Union of America Political Contributions Committee,Andrew Garbarino,2025-03-18,5000.00
"TRANSPORT WORKERS UNION OF AMERICA, AFL-CIO",Transport Workers Union of America Political Contributions Committee,Chris Deluzio,2025-03-18,2500.00
"TRANSPORT WORKERS UNION OF AMERICA, AFL-CIO",Transport Workers Union of America Political Contributions Committee,Don Bacon,2025-03-18,5000.00
"TRANSPORT WORKERS UNION OF AMERICA, AFL-CIO",Transport Workers Union of America Political Contributions Committee,Edward Markey,2025-03-18,2500.00
"TRANSPORT WORKERS UNION OF AMERICA, AFL-CIO",Transport Workers Union of America Political Contributions Committee,Melanie Stansbury,2025-03-18,2500.00
"TRANSPORT WORKERS UNION OF AMERICA, AFL-CIO",Transport Workers Union of America Political Contributions Committee,Delia Ramirez,2025-03-18,1500.00
"TRANSPORT WORKERS UNION OF AMERICA, AFL-CIO",Transport Workers Union of America Political Contributions Committee,Grace Meng,2025-03-18,2000.00
"TRANSPORT WORKERS UNION OF AMERICA, AFL-CIO",Transport Workers Union of America Political Contributions Committee,Jesus Garcia,2025-03-18,2500.00
"TRANSPORT WORKERS UNION OF AMERICA, AFL-CIO",Transport Workers Union of America Political Contributions Committee,Sarah Elfreth,2025-03-18,1000.00
"TRANSPORT WORKERS UNION OF AMERICA, AFL-CIO",Transport Workers Union of America Political Contributions Committee,Mike Bost,2025-03-18,2500.00
"TRANSPORT WORKERS UNION OF AMERICA, AFL-CIO",Transport Workers Union of America Political Contributions Committee,Julia Brownley,2025-03-18,5000.00
"TRANSPORT WORKERS UNION OF AMERICA, AFL-CIO",Transport Workers Union of America Political Contributions Committee,Emilia Sykes,2025-03-18,1500.00
"TRANSPORT WORKERS UNION OF AMERICA, AFL-CIO",Transport Workers Union of America Political Contributions Committee,Patrick Ryan,2025-03-18,2500.00
"TRANSPORT WORKERS UNION OF AMERICA, AFL-CIO",Transport Workers Union of America Political Contributions Committee,Donald Norcross,2025-03-18,5000.00
"TRANSPORT WORKERS UNION OF AMERICA, AFL-CIO",Transport Workers Union of America Political Contributions Committee,Nick LaLota,2025-03-18,5000.00
"TRANSPORT WORKERS UNION OF AMERICA, AFL-CIO",Transport Workers Union of America Political Contributions Committee,Adriano Espaillat,2025-03-18,5000.00
"TRANSPORT WORKERS UNION OF AMERICA, AFL-CIO",Transport Workers Union of America Political Contributions Committee,Julia Brownley,2025-03-18,5000.00
"TRANSPORT WORKERS UNION OF AMERICA, AFL-CIO",Transport Workers Union of America Political Contributions Committee,Lori Trahan,2025-03-18,5000.00
"TRANSPORT WORKERS UNION OF AMERICA, AFL-CIO",Transport Workers Union of America Political Contributions Committee,Mary Gay Scanlon,2025-03-18,1500.00
"TRANSPORT WORKERS UNION OF AMERICA, AFL-CIO",Transport Workers Union of America Political Contributions Committee,Mark Pocan,2025-03-18,2500.00
"TRANSPORT WORKERS UNION OF AMERICA, AFL-CIO",Transport Workers Union of America Political Contributions Committee,George Latimer,2025-03-18,2500.00
"TRANSPORT WORKERS UNION OF AMERICA, AFL-CIO",Transport Workers Union of America Political Contributions Committee,Laura Friedman,2025-03-18,2500.00
"TRANSPORT WORKERS UNION OF AMERICA, AFL-CIO",Transport Workers Union of America Political Contributions Committee,Greg Casar,2025-03-18,1000.00
"TRANSPORT WORKERS UNION OF AMERICA, AFL-CIO",Transport Workers Union of America Political Contributions Committee,Michael Turner,2025-03-18,1000.00
"TRANSPORT WORKERS UNION OF AMERICA, AFL-CIO",Transport Workers Union of America Political Contributions Committee,Hillary Scholten,2025-03-18,1500.00
"TRANSPORT WORKERS UNION OF AMERICA, AFL-CIO",Transport Workers Union of America Political Contributions Committee,NELIDA POU,2025-03-18,1500.00
"TRANSPORT WORKERS UNION OF AMERICA, AFL-CIO",Transport Workers Union of America Political Contributions Committee,Nicole Malliotakis,2025-03-18,2500.00
"TRANSPORT WORKERS UNION OF AMERICA, AFL-CIO",Transport Workers Union of America Political Contributions Committee,Maxwell Alejandro Frost,2025-03-18,2500.00
"TRANSPORT WORKERS UNION OF AMERICA, AFL-CIO",Transport Workers Union of America Political Contributions Committee,Yvette Clarke,2025-03-18,5000.00
"TRANSPORT WORKERS UNION OF AMERICA, AFL-CIO",Transport Workers Union of America Political Contributions Committee,Dem Sen Camp Cmte(DSCC)-Federal Acct,2025-03-18,45000.00
"TRANSPORT WORKERS UNION OF AMERICA, AFL-CIO",Transport Workers Union of America Political Contributions Committee,Dina Titus,2025-03-18,5000.00
"TRANSPORT WORKERS UNION OF AMERICA, AFL-CIO",Transport Workers Union of America Political Contributions Committee,Andrea Salinas,2025-03-18,1000.00
"TRANSPORT WORKERS UNION OF AMERICA, AFL-CIO",Transport Workers Union of America Political Contributions Committee,Chris Pappas,2025-03-18,5000.00
"TRANSPORT WORKERS UNION OF AMERICA, AFL-CIO",Transport Workers Union of America Political Contributions Committee,Rick Larsen,2025-03-18,5000.00
"TRANSPORT WORKERS UNION OF AMERICA, AFL-CIO",Transport Workers Union of America Political Contributions Committee,Shomari Figures,2025-03-18,1000.00
"TRANSPORT WORKERS UNION OF AMERICA, AFL-CIO",Transport Workers Union of America Political Contributions Committee,Andre Carson,2025-03-18,1000.00
"TRANSPORT WORKERS UNION OF AMERICA, AFL-CIO",Transport Workers Union of America Political Contributions Committee,Christopher Deluzio,2025-03-18,5000.00
"TRANSPORT WORKERS UNION OF AMERICA, AFL-CIO",Transport Workers Union of America Political Contributions Committee,Dem Cong Camp Cmte(DCCC)-Federal Acct,2025-03-18,45000.00
"TRANSPORT WORKERS UNION OF AMERICA, AFL-CIO",Transport Workers Union of America Political Contributions Committee,Dem Cong Camp Cmte(DCCC)-Federal Acct,2025-03-18,15000.00
"TRANSPORT WORKERS UNION OF AMERICA, AFL-CIO",Transport Workers Union of America Political Contributions Committee,Republican Italian American Committee,2025-03-18,1000.00
"TRANSPORT WORKERS UNION OF AMERICA, AFL-CIO",Transport Workers Union of America Political Contributions Committee,Dem Sen Camp Cmte(DSCC)-Federal Acct,2025-03-18,15000.00
"TRANSPORT WORKERS UNION OF AMERICA, AFL-CIO",Transport Workers Union of America Political Contributions Committee,Marc Veasey,2025-04-22,1000.00
"TRANSPORT WORKERS UNION OF AMERICA, AFL-CIO",Transport Workers Union of America Political Contributions Committee,Madeleine Dean,2025-04-22,1500.00
"TRANSPORT WORKERS UNION OF AMERICA, AFL-CIO",Transport Workers Union of America Political Contributions Committee,Kristen McDonald Rivet,2025-04-22,1500.00
"TRANSPORT WORKERS UNION OF AMERICA, AFL-CIO",Transport Workers Union of America Political Contributions Committee,Andre Carson,2025-04-22,1500.00
"TRANSPORT WORKERS UNION OF AMERICA, AFL-CIO",Transport Workers Union of America Political Contributions Committee,David Rouzer,2025-04-22,2500.00
"TRANSPORT WORKERS UNION OF AMERICA, AFL-CIO",Transport Workers Union of America Political Contributions Committee,Sharice Davids,2025-04-22,1500.00
"TRANSPORT WORKERS UNION OF AMERICA, AFL-CIO",Transport Workers Union of America Political Contributions Committee,Dwight Evans,2025-04-22,5000.00
"TRANSPORT WORKERS UNION OF AMERICA, AFL-CIO",Transport Workers Union of America Political Contributions Committee,Eleanor Holmes Norton,2025-04-22,1500.00
"TRANSPORT WORKERS UNION OF AMERICA, AFL-CIO",Transport Workers Union of America Political Contributions Committee,Rob Bresnahan,2025-04-22,2500.00
"TRANSPORT WORKERS UNION OF AMERICA, AFL-CIO",Transport Workers Union of America Political Contributions Committee,Brian Fitzpatrick,2025-04-22,5000.00
"TRANSPORT WORKERS UNION OF AMERICA, AFL-CIO",Transport Workers Union of America Political Contributions Committee,Brian Fitzpatrick,2025-04-22,5000.00
"TRANSPORT WORKERS UNION OF AMERICA, AFL-CIO",Transport Workers Union of America Political Contributions Committee,Frederica Wilson,2025-04-22,2000.00
"TRANSPORT WORKERS UNION OF AMERICA, AFL-CIO",Transport Workers Union of America Political Contributions Committee,Rosa DeLauro,2025-04-22,5000.00
"TRANSPORT WORKERS UNION OF AMERICA, AFL-CIO",Transport Workers Union of America Political Contributions Committee,Nicole Malliotakis,2025-04-22,2500.00
"TRANSPORT WORKERS UNION OF AMERICA, AFL-CIO",Transport Workers Union of America Political Contributions Committee,Rick Larsen,2025-05-29,5000.00
"TRANSPORT WORKERS UNION OF AMERICA, AFL-CIO",Transport Workers Union of America Political Contributions Committee,Brendan Boyle,2025-06-29,5000.00
"TRANSPORT WORKERS UNION OF AMERICA, AFL-CIO",Transport Workers Union of America Political Contributions Committee,Christopher Smith,2025-06-29,2500.00
"TRANSPORT WORKERS UNION OF AMERICA, AFL-CIO",Transport Workers Union of America Political Contributions Committee,Valerie Foushee,2025-06-29,1500.00
"TRANSPORT WORKERS UNION OF AMERICA, AFL-CIO",Transport Workers Union of America Political Contributions Committee,Donald Norcross,2025-06-29,5000.00
"TRANSPORT WORKERS UNION OF AMERICA, AFL-CIO",Transport Workers Union of America Political Contributions Committee,Tom Suozzi,2025-06-29,5000.00
"TRANSPORT WORKERS UNION OF AMERICA, AFL-CIO",Transport Workers Union of America Political Contributions Committee,Ted Lieu,2025-06-29,1000.00
"TRANSPORT WORKERS UNION OF AMERICA, AFL-CIO",Transport Workers Union of America Political Contributions Committee,Debbie Dingell,2025-06-29,5000.00
"TRANSPORT WORKERS UNION OF AMERICA, AFL-CIO",Transport Workers Union of America Political Contributions Committee,Sheila Cherfilus McCormick,2025-06-29,1000.00
"TRANSPORT WORKERS UNION OF AMERICA, AFL-CIO",Transport Workers Union of America Political Contributions Committee,Charles Schumer,2025-06-29,5000.00
"TRANSPORT WORKERS UNION OF AMERICA, AFL-CIO",Transport Workers Union of America Political Contributions Committee,Jill Tokuda,2025-06-29,1000.00
"TRANSPORT WORKERS UNION OF AMERICA, AFL-CIO",Transport Workers Union of America Political Contributions Committee,Maxwell Alejandro Frost,2025-06-29,2500.00
"TRANSPORT WORKERS UNION OF AMERICA, AFL-CIO",Transport Workers Union of America Political Contributions Committee,Daniel Hernandez,2025-06-29,2500.00
"TRANSPORT WORKERS UNION OF AMERICA, AFL-CIO",Transport Workers Union of America Political Contributions Committee,Nicole Malliotakis,2025-06-29,5000.00
"TRANSPORT WORKERS UNION OF AMERICA, AFL-CIO",Transport Workers Union of America Political Contributions Committee,Brad Schneider,2025-06-29,2500.00
"TRANSPORT WORKERS UNION OF AMERICA, AFL-CIO",Transport Workers Union of America Political Contributions Committee,George Latimer,2025-06-29,2500.00
"TRANSPORT WORKERS UNION OF AMERICA, AFL-CIO",Transport Workers Union of America Political Contributions Committee,Mark DeSaulnier,2025-06-29,2500.00
"TRANSPORT WORKERS UNION OF AMERICA, AFL-CIO",Transport Workers Union of America Political Contributions Committee,Andre Carson,2025-06-29,2500.00
"TRANSPORT WORKERS UNION OF AMERICA, AFL-CIO",Transport Workers Union of America Political Contributions Committee,Nikema Williams,2025-06-29,1000.00
"TRANSPORT WORKERS UNION OF AMERICA, AFL-CIO",Transport Workers Union of America Political Contributions Committee,Marcy Kaptur,2025-06-29,1500.00
"TRANSPORT WORKERS UNION OF AMERICA, AFL-CIO",Transport Workers Union of America Political Contributions Committee,Eric Sorensen,2025-06-29,2500.00
"TRANSPORT WORKERS UNION OF AMERICA, AFL-CIO",Transport Workers Union of America Political Contributions Committee,Mark Pocan,2025-06-29,5000.00
"TRANSPORT WORKERS UNION OF AMERICA, AFL-CIO",Transport Workers Union of America Political Contributions Committee,Pete Aguilar,2025-06-29,5000.00
"TRANSPORT WORKERS UNION OF AMERICA, AFL-CIO",Transport Workers Union of America Political Contributions Committee,John Mannion,2025-06-29,2500.00
"TRANSPORT WORKERS UNION OF AMERICA, AFL-CIO",Transport Workers Union of America Political Contributions Committee,Laura Friedman,2025-06-29,2500.00
"TRANSPORT WORKERS UNION OF AMERICA, AFL-CIO",Transport Workers Union of America Political Contributions Committee,Katherine Clark,2025-06-29,5000.00
"TRANSPORT WORKERS UNION OF AMERICA, AFL-CIO",Transport Workers Union of America Political Contributions Committee,Rosa DeLauro,2025-06-29,5000.00
"TRANSPORT WORKERS UNION OF AMERICA, AFL-CIO",Transport Workers Union of America Political Contributions Committee,Deborah Ross,2025-06-29,2500.00
"TRANSPORT WORKERS UNION OF AMERICA, AFL-CIO",Transport Workers Union of America Political Contributions Committee,Daniel Goldman,2025-06-29,2500.00
"TRANSPORT WORKERS UNION OF AMERICA, AFL-CIO",Transport Workers Union of America Political Contributions Committee,Chris Deluzio,2025-06-29,2500.00
"TRANSPORT WORKERS UNION OF AMERICA, AFL-CIO",Transport Workers Union of America Political Contributions Committee,Pete Aguilar,2025-06-29,5000.00
"TRANSPORT WORKERS UNION OF AMERICA, AFL-CIO",Transport Workers Union of America Political Contributions Committee,Darren Soto,2025-06-29,2000.00
"TRANSPORT WORKERS UNION OF AMERICA, AFL-CIO",Transport Workers Union of America Political Contributions Committee,Paul Tonko,2025-06-29,1500.00
"TRANSPORT WORKERS UNION OF AMERICA, AFL-CIO",Transport Workers Union of America Political Contributions Committee,Maxwell Alejandro Frost,2025-06-29,2500.00
"TRANSPORT WORKERS UNION OF AMERICA, AFL-CIO",Transport Workers Union of America Political Contributions Committee,Nick Lalota,2025-06-29,2500.00
"TRANSPORT WORKERS UNION OF AMERICA, AFL-CIO",Transport Workers Union of America Political Contributions Committee,Equality PAC,2025-06-29,5000.00
"TRANSPORT WORKERS UNION OF AMERICA, AFL-CIO",Transport Workers Union of America Political Contributions Committee,Brian Schatz,2025-06-29,5000.00
"TRANSPORT WORKERS UNION OF AMERICA, AFL-CIO",Transport Workers Union of America Political Contributions Committee,Katherine Clark,2025-06-29,5000.00
"TRANSPORT WORKERS UNION OF AMERICA, AFL-CIO",Transport Workers Union of America Political Contributions Committee,Joe Morelle,2025-06-29,5000.00
"TRANSPORT WORKERS UNION OF AMERICA, AFL-CIO",Transport Workers Union of America Political Contributions Committee,Laura Gillen,2025-06-29,2500.00
"TRANSPORT WORKERS UNION OF AMERICA, AFL-CIO",Transport Workers Union of America Political Contributions Committee,Angie Craig,2025-06-29,2500.00
"TRANSPORT WORKERS UNION OF AMERICA, AFL-CIO",Transport Workers Union of America Political Contributions Committee,Adriano Espaillat,2025-06-29,5000.00
"TRANSPORT WORKERS UNION OF AMERICA, AFL-CIO",Transport Workers Union of America Political Contributions Committee,TIMOTHY KENNEDY,2025-06-29,5000.00
"TRANSPORT WORKERS UNION OF AMERICA, AFL-CIO",Transport Workers Union of America Political Contributions Committee,Kirsten Gillibrand,2025-06-29,5000.00
"TRANSPORT WORKERS UNION OF AMERICA, AFL-CIO",Transport Workers Union of America Political Contributions Committee,Patrick Ryan,2025-06-29,2500.00
"TRANSPORT WORKERS UNION OF AMERICA, AFL-CIO",Transport Workers Union of America Political Contributions Committee,Steven Horsford,2025-06-29,5000.00
"TRANSPORT WORKERS UNION OF AMERICA, AFL-CIO",Transport Workers Union of America Political Contributions Committee,Timothy Kennedy,2025-06-29,5000.00
"TRANSPORT WORKERS UNION OF AMERICA, AFL-CIO",Transport Workers Union of America Political Contributions Committee,Joyce Beatty,2025-06-29,1000.00
"TRANSPORT WORKERS UNION OF AMERICA, AFL-CIO",Transport Workers Union of America Political Contributions Committee,Nydia Velazquez,2025-06-29,1000.00
"TRANSPORT WORKERS UNION OF AMERICA, AFL-CIO",Transport Workers Union of America Political Contributions Committee,Pramila Jayapal,2025-06-29,1500.00
"TRANSPORT WORKERS UNION OF AMERICA, AFL-CIO",Transport Workers Union of America Political Contributions Committee,Marilyn Strickland,2025-06-29,1500.00
"TRANSPORT WORKERS UNION OF AMERICA, AFL-CIO",Transport Workers Union of America Political Contributions Committee,Nick Lalota,2025-06-29,2500.00
"TRANSPORT WORKERS UNION OF AMERICA, AFL-CIO",Transport Workers Union of America Political Contributions Committee,Eric Schmitt,2025-06-29,2500.00
"TRANSPORT WORKERS UNION OF AMERICA, AFL-CIO",Transport Workers Union of America Political Contributions Committee,Frank MrVan,2025-06-29,1500.00
"TRANSPORT WORKERS UNION OF AMERICA, AFL-CIO",Transport Workers Union of America Political Contributions Committee,Brendan Boyle,2025-06-29,5000.00
"TRANSPORT WORKERS UNION OF AMERICA, AFL-CIO",Transport Workers Union of America Political Contributions Committee,Sustainable Energy and Environment Coalition PAC,2025-06-29,5000.00
"TRANSPORT WORKERS UNION OF AMERICA, AFL-CIO",Transport Workers Union of America Political Contributions Committee,Elect Democratic Women,2025-01-24,5000.00
"TRANSPORT WORKERS UNION OF AMERICA, AFL-CIO",Transport Workers Union of America Political Contributions Committee,Congressional Black Caucus PAC,2025-01-24,5000.00
"TRANSPORT WORKERS UNION OF AMERICA, AFL-CIO",Transport Workers Union of America Political Contributions Committee,Congressional Progressive Caucus PAC,2025-01-24,5000.00
"TRANSPORT WORKERS UNION OF AMERICA, AFL-CIO",Transport Workers Union of America Political Contributions Committee,Transportation Trades Department AFL-CIO (TTD PAC),2025-01-24,5000.00
"TRANSPORT WORKERS UNION OF AMERICA, AFL-CIO",Transport Workers Union of America Political Contributions Committee,Republican Mainstreet Partnership Pac,2025-01-24,5000.00
"TRANSPORT WORKERS UNION OF AMERICA, AFL-CIO",Transport Workers Union of America Political Contributions Committee,Democratic Party Of New Mexico - Federal,2025-01-24,1000.00
"TRANSPORT WORKERS UNION OF AMERICA, AFL-CIO",Transport Workers Union of America Political Contributions Committee,CHC Bold PAC,2025-01-24,5000.00
"TRANSPORT WORKERS UNION OF AMERICA, AFL-CIO",Transport Workers Union of America Political Contributions Committee,ASPIRE PAC,2025-01-24,5000.00
"TRANSPORT WORKERS UNION OF AMERICA, AFL-CIO",Transport Workers Union of America Political Contributions Committee,Republican Governance Group/Tuesday Group PAC,2025-02-21,5000.00
"TRANSPORT WORKERS UNION OF AMERICA, AFL-CIO",Transport Workers Union of America Political Contributions Committee,Luz Rivas,2025-02-21,2500.00
"TRANSPORT WORKERS UNION OF AMERICA, AFL-CIO",Transport Workers Union of America Political Contributions Committee,Hakeem Jeffries,2025-02-21,5000.00
"TRANSPORT WORKERS UNION OF AMERICA, AFL-CIO",Transport Workers Union of America Political Contributions Committee,Nikki Budzinski,2025-02-21,5000.00
"TRANSPORT WORKERS UNION OF AMERICA, AFL-CIO",Transport Workers Union of America Political Contributions Committee,Ritchie Torres,2025-02-21,5000.00
"TRANSPORT WORKERS UNION OF AMERICA, AFL-CIO",Transport Workers Union of America Political Contributions Committee,Michael Lawler,2025-02-21,5000.00
"TRANSPORT WORKERS UNION OF AMERICA, AFL-CIO",Transport Workers Union of America Political Contributions Committee,Hakeem Jeffries,2025-02-21,5000.00
"TRANSPORT WORKERS UNION OF AMERICA, AFL-CIO",Transport Workers Union of America Political Contributions Committee,Yassamin Ansari,2025-02-21,2500.00
"TRANSPORT WORKERS UNION OF AMERICA, AFL-CIO",Transport Workers Union of America Political Contributions Committee,Ritchie Torres,2025-02-21,5000.00
"TRANSPORT WORKERS UNION OF AMERICA, AFL-CIO",Transport Workers Union of America Political Contributions Committee,Michael Lawler,2025-02-21,5000.00
"TRANSPORT WORKERS UNION OF AMERICA, AFL-CIO",Transport Workers Union of America Political Contributions Committee,Valerie Hoyle,2025-02-21,2500.00
"TRANSPORT WORKERS UNION OF AMERICA, AFL-CIO",Transport Workers Union of America Political Contributions Committee,LaMonica McIver,2025-02-21,2500.00
"TRANSPORT WORKERS UNION OF AMERICA, AFL-CIO",Transport Workers Union of America Political Contributions Committee,George Whitesides,2025-02-21,2500.00
"TRANSPORT WORKERS UNION OF AMERICA, AFL-CIO",Transport Workers Union of America Political Contributions Committee,Sarah McBride,2025-02-21,2500.00
"TRANSPORT WORKERS UNION OF AMERICA, AFL-CIO",Transport Workers Union of America Political Contributions Committee,Hakeem Jeffries,2025-02-21,5000.00
"TRANSPORT WORKERS UNION OF AMERICA, AFL-CIO",Transport Workers Union of America Political Contributions Committee,Nikki Budzinski,2025-02-21,5000.00
"TRANSPORT WORKERS UNION OF AMERICA, AFL-CIO",Transport Workers Union of America Political Contributions Committee,Bennie Thompson,2025-02-21,5000.00
"TRANSPORT WORKERS UNION OF AMERICA, AFL-CIO",Transport Workers Union of America Political Contributions Committee,Lateefah Simon,2025-02-21,2500.00
"TRANSPORT WORKERS UNION OF AMERICA, AFL-CIO",Transport Workers Union of America Political Contributions Committee,Julie Johnson,2025-02-21,2500.00
"TRANSPORT WORKERS UNION OF AMERICA, AFL-CIO",Transport Workers Union of America Political Contributions Committee,Angie Craig,2025-02-21,2500.00
"TRANSPORT WORKERS UNION OF AMERICA, AFL-CIO",Transport Workers Union of America Political Contributions Committee,Nikki Budzinski,2025-02-21,5000.00
"TRANSPORT WORKERS UNION OF AMERICA, AFL-CIO",Transport Workers Union of America Political Contributions Committee,Bennie Thompson,2025-02-21,5000.00
"TRANSPORT WORKERS UNION OF AMERICA, AFL-CIO",Transport Workers Union of America Political Contributions Committee,TIMOTHY KENNEDY,2025-02-21,5000.00
"TRANSPORT WORKERS UNION OF AMERICA, AFL-CIO",Transport Workers Union of America Political Contributions Committee,Adam Gray,2025-02-21,2500.00
"TRANSPORT WORKERS UNION OF AMERICA, AFL-CIO",Transport Workers Union of America Political Contributions Committee,Ben Lujan,2025-03-18,2500.00
"TRANSPORT WORKERS UNION OF AMERICA, AFL-CIO",Transport Workers Union of America Political Contributions Committee,Darren Soto,2025-03-18,1000.00
"TRANSPORT WORKERS UNION OF AMERICA, AFL-CIO",Transport Workers Union of America Political Contributions Committee,Mike Quigley,2025-03-18,2500.00
"TRANSPORT WORKERS UNION OF AMERICA, AFL-CIO",Transport Workers Union of America Political Contributions Committee,John Mannion,2025-03-18,2500.00
"TRANSPORT WORKERS UNION OF AMERICA, AFL-CIO",Transport Workers Union of America Political Contributions Committee,Andrew Garbarino,2025-03-18,5000.00
"TRANSPORT WORKERS UNION OF AMERICA, AFL-CIO",Transport Workers Union of America Political Contributions Committee,Chris Deluzio,2025-03-18,2500.00
"TRANSPORT WORKERS UNION OF AMERICA, AFL-CIO",Transport Workers Union of America Political Contributions Committee,Don Bacon,2025-03-18,5000.00
"TRANSPORT WORKERS UNION OF AMERICA, AFL-CIO",Transport Workers Union of America Political Contributions Committee,Edward Markey,2025-03-18,2500.00
"TRANSPORT WORKERS UNION OF AMERICA, AFL-CIO",Transport Workers Union of America Political Contributions Committee,Melanie Stansbury,2025-03-18,2500.00
"TRANSPORT WORKERS UNION OF AMERICA, AFL-CIO",Transport Workers Union of America Political Contributions Committee,Delia Ramirez,2025-03-18,1500.00
"TRANSPORT WORKERS UNION OF AMERICA, AFL-CIO",Transport Workers Union of America Political Contributions Committee,Grace Meng,2025-03-18,2000.00
"TRANSPORT WORKERS UNION OF AMERICA, AFL-CIO",Transport Workers Union of America Political Contributions Committee,Jesus Garcia,2025-03-18,2500.00
"TRANSPORT WORKERS UNION OF AMERICA, AFL-CIO",Transport Workers Union of America Political Contributions Committee,Sarah Elfreth,2025-03-18,1000.00
"TRANSPORT WORKERS UNION OF AMERICA, AFL-CIO",Transport Workers Union of America Political Contributions Committee,Mike Bost,2025-03-18,2500.00
"TRANSPORT WORKERS UNION OF AMERICA, AFL-CIO",Transport Workers Union of America Political Contributions Committee,Julia Brownley,2025-03-18,5000.00
"TRANSPORT WORKERS UNION OF AMERICA, AFL-CIO",Transport Workers Union of America Political Contributions Committee,Emilia Sykes,2025-03-18,1500.00
"TRANSPORT WORKERS UNION OF AMERICA, AFL-CIO",Transport Workers Union of America Political Contributions Committee,Patrick Ryan,2025-03-18,2500.00
"TRANSPORT WORKERS UNION OF AMERICA, AFL-CIO",Transport Workers Union of America Political Contributions Committee,Donald Norcross,2025-03-18,5000.00
"TRANSPORT WORKERS UNION OF AMERICA, AFL-CIO",Transport Workers Union of America Political Contributions Committee,Nick LaLota,2025-03-18,5000.00
"TRANSPORT WORKERS UNION OF AMERICA, AFL-CIO",Transport Workers Union of America Political Contributions Committee,Adriano Espaillat,2025-03-18,5000.00
"TRANSPORT WORKERS UNION OF AMERICA, AFL-CIO",Transport Workers Union of America Political Contributions Committee,Julia Brownley,2025-03-18,5000.00
"TRANSPORT WORKERS UNION OF AMERICA, AFL-CIO",Transport Workers Union of America Political Contributions Committee,Lori Trahan,2025-03-18,5000.00
"TRANSPORT WORKERS UNION OF AMERICA, AFL-CIO",Transport Workers Union of America Political Contributions Committee,Mary Gay Scanlon,2025-03-18,1500.00
"TRANSPORT WORKERS UNION OF AMERICA, AFL-CIO",Transport Workers Union of America Political Contributions Committee,Mark Pocan,2025-03-18,2500.00
"TRANSPORT WORKERS UNION OF AMERICA, AFL-CIO",Transport Workers Union of America Political Contributions Committee,George Latimer,2025-03-18,2500.00
"TRANSPORT WORKERS UNION OF AMERICA, AFL-CIO",Transport Workers Union of America Political Contributions Committee,Laura Friedman,2025-03-18,2500.00
"TRANSPORT WORKERS UNION OF AMERICA, AFL-CIO",Transport Workers Union of America Political Contributions Committee,Greg Casar,2025-03-18,1000.00
"TRANSPORT WORKERS UNION OF AMERICA, AFL-CIO",Transport Workers Union of America Political Contributions Committee,Michael Turner,2025-03-18,1000.00
"TRANSPORT WORKERS UNION OF AMERICA, AFL-CIO",Transport Workers Union of America Political Contributions Committee,Hillary Scholten,2025-03-18,1500.00
"TRANSPORT WORKERS UNION OF AMERICA, AFL-CIO",Transport Workers Union of America Political Contributions Committee,NELIDA POU,2025-03-18,1500.00
"TRANSPORT WORKERS UNION OF AMERICA, AFL-CIO",Transport Workers Union of America Political Contributions Committee,Nicole Malliotakis,2025-03-18,2500.00
"TRANSPORT WORKERS UNION OF AMERICA, AFL-CIO",Transport Workers Union of America Political Contributions Committee,Maxwell Alejandro Frost,2025-03-18,2500.00
"TRANSPORT WORKERS UNION OF AMERICA, AFL-CIO",Transport Workers Union of America Political Contributions Committee,Yvette Clarke,2025-03-18,5000.00
"TRANSPORT WORKERS UNION OF AMERICA, AFL-CIO",Transport Workers Union of America Political Contributions Committee,Dem Sen Camp Cmte(DSCC)-Federal Acct,2025-03-18,45000.00
"TRANSPORT WORKERS UNION OF AMERICA, AFL-CIO",Transport Workers Union of America Political Contributions Committee,Dina Titus,2025-03-18,5000.00
"TRANSPORT WORKERS UNION OF AMERICA, AFL-CIO",Transport Workers Union of America Political Contributions Committee,Andrea Salinas,2025-03-18,1000.00
"TRANSPORT WORKERS UNION OF AMERICA, AFL-CIO",Transport Workers Union of America Political Contributions Committee,Chris Pappas,2025-03-18,5000.00
"TRANSPORT WORKERS UNION OF AMERICA, AFL-CIO",Transport Workers Union of America Political Contributions Committee,Rick Larsen,2025-03-18,5000.00
"TRANSPORT WORKERS UNION OF AMERICA, AFL-CIO",Transport Workers Union of America Political Contributions Committee,Shomari Figures,2025-03-18,1000.00
"TRANSPORT WORKERS UNION OF AMERICA, AFL-CIO",Transport Workers Union of America Political Contributions Committee,Andre Carson,2025-03-18,1000.00
"TRANSPORT WORKERS UNION OF AMERICA, AFL-CIO",Transport Workers Union of America Political Contributions Committee,Christopher Deluzio,2025-03-18,5000.00
"TRANSPORT WORKERS UNION OF AMERICA, AFL-CIO",Transport Workers Union of America Political Contributions Committee,Dem Cong Camp Cmte(DCCC)-Federal Acct,2025-03-18,45000.00
"TRANSPORT WORKERS UNION OF AMERICA, AFL-CIO",Transport Workers Union of America Political Contributions Committee,Dem Cong Camp Cmte(DCCC)-Federal Acct,2025-03-18,15000.00
"TRANSPORT WORKERS UNION OF AMERICA, AFL-CIO",Transport Workers Union of America Political Contributions Committee,Republican Italian American Committee,2025-03-18,1000.00
"TRANSPORT WORKERS UNION OF AMERICA, AFL-CIO",Transport Workers Union of America Political Contributions Committee,Dem Sen Camp Cmte(DSCC)-Federal Acct,2025-03-18,15000.00
"TRANSPORT WORKERS UNION OF AMERICA, AFL-CIO",Transport Workers Union of America Political Contributions Committee,Marc Veasey,2025-04-22,1000.00
"TRANSPORT WORKERS UNION OF AMERICA, AFL-CIO",Transport Workers Union of America Political Contributions Committee,Madeleine Dean,2025-04-22,1500.00
"TRANSPORT WORKERS UNION OF AMERICA, AFL-CIO",Transport Workers Union of America Political Contributions Committee,Kristen McDonald Rivet,2025-04-22,1500.00
"TRANSPORT WORKERS UNION OF AMERICA, AFL-CIO",Transport Workers Union of America Political Contributions Committee,Andre Carson,2025-04-22,1500.00
"TRANSPORT WORKERS UNION OF AMERICA, AFL-CIO",Transport Workers Union of America Political Contributions Committee,David Rouzer,2025-04-22,2500.00
"TRANSPORT WORKERS UNION OF AMERICA, AFL-CIO",Transport Workers Union of America Political Contributions Committee,Sharice Davids,2025-04-22,1500.00
"TRANSPORT WORKERS UNION OF AMERICA, AFL-CIO",Transport Workers Union of America Political Contributions Committee,Dwight Evans,2025-04-22,5000.00
"TRANSPORT WORKERS UNION OF AMERICA, AFL-CIO",Transport Workers Union of America Political Contributions Committee,Eleanor Holmes Norton,2025-04-22,1500.00
"TRANSPORT WORKERS UNION OF AMERICA, AFL-CIO",Transport Workers Union of America Political Contributions Committee,Rob Bresnahan,2025-04-22,2500.00
"TRANSPORT WORKERS UNION OF AMERICA, AFL-CIO",Transport Workers Union of America Political Contributions Committee,Brian Fitzpatrick,2025-04-22,5000.00
"TRANSPORT WORKERS UNION OF AMERICA, AFL-CIO",Transport Workers Union of America Political Contributions Committee,Brian Fitzpatrick,2025-04-22,5000.00
"TRANSPORT WORKERS UNION OF AMERICA, AFL-CIO",Transport Workers Union of America Political Contributions Committee,Frederica Wilson,2025-04-22,2000.00
"TRANSPORT WORKERS UNION OF AMERICA, AFL-CIO",Transport Workers Union of America Political Contributions Committee,Rosa DeLauro,2025-04-22,5000.00
"TRANSPORT WORKERS UNION OF AMERICA, AFL-CIO",Transport Workers Union of America Political Contributions Committee,Nicole Malliotakis,2025-04-22,2500.00
"TRANSPORT WORKERS UNION OF AMERICA, AFL-CIO",Transport Workers Union of America Political Contributions Committee,Rick Larsen,2025-05-29,5000.00
"TRANSPORT WORKERS UNION OF AMERICA, AFL-CIO",Transport Workers Union of America Political Contributions Committee,Brendan Boyle,2025-06-29,5000.00
"TRANSPORT WORKERS UNION OF AMERICA, AFL-CIO",Transport Workers Union of America Political Contributions Committee,Christopher Smith,2025-06-29,2500.00
"TRANSPORT WORKERS UNION OF AMERICA, AFL-CIO",Transport Workers Union of America Political Contributions Committee,Valerie Foushee,2025-06-29,1500.00
"TRANSPORT WORKERS UNION OF AMERICA, AFL-CIO",Transport Workers Union of America Political Contributions Committee,Donald Norcross,2025-06-29,5000.00
"TRANSPORT WORKERS UNION OF AMERICA, AFL-CIO",Transport Workers Union of America Political Contributions Committee,Tom Suozzi,2025-06-29,5000.00
"TRANSPORT WORKERS UNION OF AMERICA, AFL-CIO",Transport Workers Union of America Political Contributions Committee,Ted Lieu,2025-06-29,1000.00
"TRANSPORT WORKERS UNION OF AMERICA, AFL-CIO",Transport Workers Union of America Political Contributions Committee,Debbie Dingell,2025-06-29,5000.00
"TRANSPORT WORKERS UNION OF AMERICA, AFL-CIO",Transport Workers Union of America Political Contributions Committee,Sheila Cherfilus McCormick,2025-06-29,1000.00
"TRANSPORT WORKERS UNION OF AMERICA, AFL-CIO",Transport Workers Union of America Political Contributions Committee,Charles Schumer,2025-06-29,5000.00
"TRANSPORT WORKERS UNION OF AMERICA, AFL-CIO",Transport Workers Union of America Political Contributions Committee,Jill Tokuda,2025-06-29,1000.00
"TRANSPORT WORKERS UNION OF AMERICA, AFL-CIO",Transport Workers Union of America Political Contributions Committee,Maxwell Alejandro Frost,2025-06-29,2500.00
"TRANSPORT WORKERS UNION OF AMERICA, AFL-CIO",Transport Workers Union of America Political Contributions Committee,Daniel Hernandez,2025-06-29,2500.00
"TRANSPORT WORKERS UNION OF AMERICA, AFL-CIO",Transport Workers Union of America Political Contributions Committee,Nicole Malliotakis,2025-06-29,5000.00
"TRANSPORT WORKERS UNION OF AMERICA, AFL-CIO",Transport Workers Union of America Political Contributions Committee,Brad Schneider,2025-06-29,2500.00
"TRANSPORT WORKERS UNION OF AMERICA, AFL-CIO",Transport Workers Union of America Political Contributions Committee,George Latimer,2025-06-29,2500.00
"TRANSPORT WORKERS UNION OF AMERICA, AFL-CIO",Transport Workers Union of America Political Contributions Committee,Mark DeSaulnier,2025-06-29,2500.00
"TRANSPORT WORKERS UNION OF AMERICA, AFL-CIO",Transport Workers Union of America Political Contributions Committee,Andre Carson,2025-06-29,2500.00
"TRANSPORT WORKERS UNION OF AMERICA, AFL-CIO",Transport Workers Union of America Political Contributions Committee,Nikema Williams,2025-06-29,1000.00
"TRANSPORT WORKERS UNION OF AMERICA, AFL-CIO",Transport Workers Union of America Political Contributions Committee,Marcy Kaptur,2025-06-29,1500.00
"TRANSPORT WORKERS UNION OF AMERICA, AFL-CIO",Transport Workers Union of America Political Contributions Committee,Eric Sorensen,2025-06-29,2500.00
"TRANSPORT WORKERS UNION OF AMERICA, AFL-CIO",Transport Workers Union of America Political Contributions Committee,Mark Pocan,2025-06-29,5000.00
"TRANSPORT WORKERS UNION OF AMERICA, AFL-CIO",Transport Workers Union of America Political Contributions Committee,Pete Aguilar,2025-06-29,5000.00
"TRANSPORT WORKERS UNION OF AMERICA, AFL-CIO",Transport Workers Union of America Political Contributions Committee,John Mannion,2025-06-29,2500.00
"TRANSPORT WORKERS UNION OF AMERICA, AFL-CIO",Transport Workers Union of America Political Contributions Committee,Laura Friedman,2025-06-29,2500.00
"TRANSPORT WORKERS UNION OF AMERICA, AFL-CIO",Transport Workers Union of America Political Contributions Committee,Katherine Clark,2025-06-29,5000.00
"TRANSPORT WORKERS UNION OF AMERICA, AFL-CIO",Transport Workers Union of America Political Contributions Committee,Rosa DeLauro,2025-06-29,5000.00
"TRANSPORT WORKERS UNION OF AMERICA, AFL-CIO",Transport Workers Union of America Political Contributions Committee,Deborah Ross,2025-06-29,2500.00
"TRANSPORT WORKERS UNION OF AMERICA, AFL-CIO",Transport Workers Union of America Political Contributions Committee,Daniel Goldman,2025-06-29,2500.00
"TRANSPORT WORKERS UNION OF AMERICA, AFL-CIO",Transport Workers Union of America Political Contributions Committee,Chris Deluzio,2025-06-29,2500.00
"TRANSPORT WORKERS UNION OF AMERICA, AFL-CIO",Transport Workers Union of America Political Contributions Committee,Pete Aguilar,2025-06-29,5000.00
"TRANSPORT WORKERS UNION OF AMERICA, AFL-CIO",Transport Workers Union of America Political Contributions Committee,Darren Soto,2025-06-29,2000.00
"TRANSPORT WORKERS UNION OF AMERICA, AFL-CIO",Transport Workers Union of America Political Contributions Committee,Paul Tonko,2025-06-29,1500.00
"TRANSPORT WORKERS UNION OF AMERICA, AFL-CIO",Transport Workers Union of America Political Contributions Committee,Maxwell Alejandro Frost,2025-06-29,2500.00
"TRANSPORT WORKERS UNION OF AMERICA, AFL-CIO",Transport Workers Union of America Political Contributions Committee,Nick Lalota,2025-06-29,2500.00
"TRANSPORT WORKERS UNION OF AMERICA, AFL-CIO",Transport Workers Union of America Political Contributions Committee,Equality PAC,2025-06-29,5000.00
"TRANSPORT WORKERS UNION OF AMERICA, AFL-CIO",Transport Workers Union of America Political Contributions Committee,Brian Schatz,2025-06-29,5000.00
"TRANSPORT WORKERS UNION OF AMERICA, AFL-CIO",Transport Workers Union of America Political Contributions Committee,Katherine Clark,2025-06-29,5000.00
"TRANSPORT WORKERS UNION OF AMERICA, AFL-CIO",Transport Workers Union of America Political Contributions Committee,Joe Morelle,2025-06-29,5000.00
"TRANSPORT WORKERS UNION OF AMERICA, AFL-CIO",Transport Workers Union of America Political Contributions Committee,Laura Gillen,2025-06-29,2500.00
"TRANSPORT WORKERS UNION OF AMERICA, AFL-CIO",Transport Workers Union of America Political Contributions Committee,Angie Craig,2025-06-29,2500.00
"TRANSPORT WORKERS UNION OF AMERICA, AFL-CIO",Transport Workers Union of America Political Contributions Committee,Adriano Espaillat,2025-06-29,5000.00
"TRANSPORT WORKERS UNION OF AMERICA, AFL-CIO",Transport Workers Union of America Political Contributions Committee,TIMOTHY KENNEDY,2025-06-29,5000.00
"TRANSPORT WORKERS UNION OF AMERICA, AFL-CIO",Transport Workers Union of America Political Contributions Committee,Kirsten Gillibrand,2025-06-29,5000.00
"TRANSPORT WORKERS UNION OF AMERICA, AFL-CIO",Transport Workers Union of America Political Contributions Committee,Patrick Ryan,2025-06-29,2500.00
"TRANSPORT WORKERS UNION OF AMERICA, AFL-CIO",Transport Workers Union of America Political Contributions Committee,Steven Horsford,2025-06-29,5000.00
"TRANSPORT WORKERS UNION OF AMERICA, AFL-CIO",Transport Workers Union of America Political Contributions Committee,Timothy Kennedy,2025-06-29,5000.00
"TRANSPORT WORKERS UNION OF AMERICA, AFL-CIO",Transport Workers Union of America Political Contributions Committee,Joyce Beatty,2025-06-29,1000.00
"TRANSPORT WORKERS UNION OF AMERICA, AFL-CIO",Transport Workers Union of America Political Contributions Committee,Nydia Velazquez,2025-06-29,1000.00
"TRANSPORT WORKERS UNION OF AMERICA, AFL-CIO",Transport Workers Union of America Political Contributions Committee,Pramila Jayapal,2025-06-29,1500.00
"TRANSPORT WORKERS UNION OF AMERICA, AFL-CIO",Transport Workers Union of America Political Contributions Committee,Marilyn Strickland,2025-06-29,1500.00
"TRANSPORT WORKERS UNION OF AMERICA, AFL-CIO",Transport Workers Union of America Political Contributions Committee,Nick Lalota,2025-06-29,2500.00
"TRANSPORT WORKERS UNION OF AMERICA, AFL-CIO",Transport Workers Union of America Political Contributions Committee,Eric Schmitt,2025-06-29,2500.00
"TRANSPORT WORKERS UNION OF AMERICA, AFL-CIO",Transport Workers Union of America Political Contributions Committee,Frank MrVan,2025-06-29,1500.00
"TRANSPORT WORKERS UNION OF AMERICA, AFL-CIO",Transport Workers Union of America Political Contributions Committee,Brendan Boyle,2025-06-29,5000.00
"TRANSPORT WORKERS UNION OF AMERICA, AFL-CIO",Transport Workers Union of America Political Contributions Committee,Sustainable Energy and Environment Coalition PAC,2025-06-29,5000.00
"TRANSPORT WORKERS UNION OF AMERICA, AFL-CIO",Transport Workers Union of America Political Contributions Committee,Elect Democratic Women,2025-01-24,5000.00
"TRANSPORT WORKERS UNION OF AMERICA, AFL-CIO",Transport Workers Union of America Political Contributions Committee,Congressional Black Caucus PAC,2025-01-24,5000.00
"TRANSPORT WORKERS UNION OF AMERICA, AFL-CIO",Transport Workers Union of America Political Contributions Committee,Congressional Progressive Caucus PAC,2025-01-24,5000.00
"TRANSPORT WORKERS UNION OF AMERICA, AFL-CIO",Transport Workers Union of America Political Contributions Committee,Transportation Trades Department AFL-CIO (TTD PAC),2025-01-24,5000.00
"TRANSPORT WORKERS UNION OF AMERICA, AFL-CIO",Transport Workers Union of America Political Contributions Committee,Republican Mainstreet Partnership Pac,2025-01-24,5000.00
"TRANSPORT WORKERS UNION OF AMERICA, AFL-CIO",Transport Workers Union of America Political Contributions Committee,Democratic Party Of New Mexico - Federal,2025-01-24,1000.00
"TRANSPORT WORKERS UNION OF AMERICA, AFL-CIO",Transport Workers Union of America Political Contributions Committee,CHC Bold PAC,2025-01-24,5000.00
"TRANSPORT WORKERS UNION OF AMERICA, AFL-CIO",Transport Workers Union of America Political Contributions Committee,ASPIRE PAC,2025-01-24,5000.00
"TRANSPORT WORKERS UNION OF AMERICA, AFL-CIO",Transport Workers Union of America Political Contributions Committee,Republican Governance Group/Tuesday Group PAC,2025-02-21,5000.00
"TRANSPORT WORKERS UNION OF AMERICA, AFL-CIO",Transport Workers Union of America Political Contributions Committee,Luz Rivas,2025-02-21,2500.00
"TRANSPORT WORKERS UNION OF AMERICA, AFL-CIO",Transport Workers Union of America Political Contributions Committee,Hakeem Jeffries,2025-02-21,5000.00
"TRANSPORT WORKERS UNION OF AMERICA, AFL-CIO",Transport Workers Union of America Political Contributions Committee,Nikki Budzinski,2025-02-21,5000.00
"TRANSPORT WORKERS UNION OF AMERICA, AFL-CIO",Transport Workers Union of America Political Contributions Committee,Ritchie Torres,2025-02-21,5000.00
"TRANSPORT WORKERS UNION OF AMERICA, AFL-CIO",Transport Workers Union of America Political Contributions Committee,Michael Lawler,2025-02-21,5000.00
"TRANSPORT WORKERS UNION OF AMERICA, AFL-CIO",Transport Workers Union of America Political Contributions Committee,Hakeem Jeffries,2025-02-21,5000.00
"TRANSPORT WORKERS UNION OF AMERICA, AFL-CIO",Transport Workers Union of America Political Contributions Committee,Yassamin Ansari,2025-02-21,2500.00
"TRANSPORT WORKERS UNION OF AMERICA, AFL-CIO",Transport Workers Union of America Political Contributions Committee,Ritchie Torres,2025-02-21,5000.00
"TRANSPORT WORKERS UNION OF AMERICA, AFL-CIO",Transport Workers Union of America Political Contributions Committee,Michael Lawler,2025-02-21,5000.00
"TRANSPORT WORKERS UNION OF AMERICA, AFL-CIO",Transport Workers Union of America Political Contributions Committee,Valerie Hoyle,2025-02-21,2500.00
"TRANSPORT WORKERS UNION OF AMERICA, AFL-CIO",Transport Workers Union of America Political Contributions Committee,LaMonica McIver,2025-02-21,2500.00
"TRANSPORT WORKERS UNION OF AMERICA, AFL-CIO",Transport Workers Union of America Political Contributions Committee,George Whitesides,2025-02-21,2500.00
"TRANSPORT WORKERS UNION OF AMERICA, AFL-CIO",Transport Workers Union of America Political Contributions Committee,Sarah McBride,2025-02-21,2500.00
"TRANSPORT WORKERS UNION OF AMERICA, AFL-CIO",Transport Workers Union of America Political Contributions Committee,Hakeem Jeffries,2025-02-21,5000.00
"TRANSPORT WORKERS UNION OF AMERICA, AFL-CIO",Transport Workers Union of America Political Contributions Committee,Nikki Budzinski,2025-02-21,5000.00
"TRANSPORT WORKERS UNION OF AMERICA, AFL-CIO",Transport Workers Union of America Political Contributions Committee,Bennie Thompson,2025-02-21,5000.00
"TRANSPORT WORKERS UNION OF AMERICA, AFL-CIO",Transport Workers Union of America Political Contributions Committee,Lateefah Simon,2025-02-21,2500.00
"TRANSPORT WORKERS UNION OF AMERICA, AFL-CIO",Transport Workers Union of America Political Contributions Committee,Julie Johnson,2025-02-21,2500.00
"TRANSPORT WORKERS UNION OF AMERICA, AFL-CIO",Transport Workers Union of America Political Contributions Committee,Angie Craig,2025-02-21,2500.00
"TRANSPORT WORKERS UNION OF AMERICA, AFL-CIO",Transport Workers Union of America Political Contributions Committee,Nikki Budzinski,2025-02-21,5000.00
"TRANSPORT WORKERS UNION OF AMERICA, AFL-CIO",Transport Workers Union of America Political Contributions Committee,Bennie Thompson,2025-02-21,5000.00
"TRANSPORT WORKERS UNION OF AMERICA, AFL-CIO",Transport Workers Union of America Political Contributions Committee,TIMOTHY KENNEDY,2025-02-21,5000.00
"TRANSPORT WORKERS UNION OF AMERICA, AFL-CIO",Transport Workers Union of America Political Contributions Committee,Adam Gray,2025-02-21,2500.00
"TRANSPORT WORKERS UNION OF AMERICA, AFL-CIO",Transport Workers Union of America Political Contributions Committee,Ben Lujan,2025-03-18,2500.00
"TRANSPORT WORKERS UNION OF AMERICA, AFL-CIO",Transport Workers Union of America Political Contributions Committee,Darren Soto,2025-03-18,1000.00
"TRANSPORT WORKERS UNION OF AMERICA, AFL-CIO",Transport Workers Union of America Political Contributions Committee,Mike Quigley,2025-03-18,2500.00
"TRANSPORT WORKERS UNION OF AMERICA, AFL-CIO",Transport Workers Union of America Political Contributions Committee,John Mannion,2025-03-18,2500.00
"TRANSPORT WORKERS UNION OF AMERICA, AFL-CIO",Transport Workers Union of America Political Contributions Committee,Andrew Garbarino,2025-03-18,5000.00
"TRANSPORT WORKERS UNION OF AMERICA, AFL-CIO",Transport Workers Union of America Political Contributions Committee,Chris Deluzio,2025-03-18,2500.00
"TRANSPORT WORKERS UNION OF AMERICA, AFL-CIO",Transport Workers Union of America Political Contributions Committee,Don Bacon,2025-03-18,5000.00
"TRANSPORT WORKERS UNION OF AMERICA, AFL-CIO",Transport Workers Union of America Political Contributions Committee,Edward Markey,2025-03-18,2500.00
"TRANSPORT WORKERS UNION OF AMERICA, AFL-CIO",Transport Workers Union of America Political Contributions Committee,Melanie Stansbury,2025-03-18,2500.00
"TRANSPORT WORKERS UNION OF AMERICA, AFL-CIO",Transport Workers Union of America Political Contributions Committee,Delia Ramirez,2025-03-18,1500.00
"TRANSPORT WORKERS UNION OF AMERICA, AFL-CIO",Transport Workers Union of America Political Contributions Committee,Grace Meng,2025-03-18,2000.00
"TRANSPORT WORKERS UNION OF AMERICA, AFL-CIO",Transport Workers Union of America Political Contributions Committee,Jesus Garcia,2025-03-18,2500.00
"TRANSPORT WORKERS UNION OF AMERICA, AFL-CIO",Transport Workers Union of America Political Contributions Committee,Sarah Elfreth,2025-03-18,1000.00
"TRANSPORT WORKERS UNION OF AMERICA, AFL-CIO",Transport Workers Union of America Political Contributions Committee,Mike Bost,2025-03-18,2500.00
"TRANSPORT WORKERS UNION OF AMERICA, AFL-CIO",Transport Workers Union of America Political Contributions Committee,Julia Brownley,2025-03-18,5000.00
"TRANSPORT WORKERS UNION OF AMERICA, AFL-CIO",Transport Workers Union of America Political Contributions Committee,Emilia Sykes,2025-03-18,1500.00
"TRANSPORT WORKERS UNION OF AMERICA, AFL-CIO",Transport Workers Union of America Political Contributions Committee,Patrick Ryan,2025-03-18,2500.00
"TRANSPORT WORKERS UNION OF AMERICA, AFL-CIO",Transport Workers Union of America Political Contributions Committee,Donald Norcross,2025-03-18,5000.00
"TRANSPORT WORKERS UNION OF AMERICA, AFL-CIO",Transport Workers Union of America Political Contributions Committee,Nick LaLota,2025-03-18,5000.00
"TRANSPORT WORKERS UNION OF AMERICA, AFL-CIO",Transport Workers Union of America Political Contributions Committee,Adriano Espaillat,2025-03-18,5000.00
"TRANSPORT WORKERS UNION OF AMERICA, AFL-CIO",Transport Workers Union of America Political Contributions Committee,Julia Brownley,2025-03-18,5000.00
"TRANSPORT WORKERS UNION OF AMERICA, AFL-CIO",Transport Workers Union of America Political Contributions Committee,Lori Trahan,2025-03-18,5000.00
"TRANSPORT WORKERS UNION OF AMERICA, AFL-CIO",Transport Workers Union of America Political Contributions Committee,Mary Gay Scanlon,2025-03-18,1500.00
"TRANSPORT WORKERS UNION OF AMERICA, AFL-CIO",Transport Workers Union of America Political Contributions Committee,Mark Pocan,2025-03-18,2500.00
"TRANSPORT WORKERS UNION OF AMERICA, AFL-CIO",Transport Workers Union of America Political Contributions Committee,George Latimer,2025-03-18,2500.00
"TRANSPORT WORKERS UNION OF AMERICA, AFL-CIO",Transport Workers Union of America Political Contributions Committee,Laura Friedman,2025-03-18,2500.00
"TRANSPORT WORKERS UNION OF AMERICA, AFL-CIO",Transport Workers Union of America Political Contributions Committee,Greg Casar,2025-03-18,1000.00
"TRANSPORT WORKERS UNION OF AMERICA, AFL-CIO",Transport Workers Union of America Political Contributions Committee,Michael Turner,2025-03-18,1000.00
"TRANSPORT WORKERS UNION OF AMERICA, AFL-CIO",Transport Workers Union of America Political Contributions Committee,Hillary Scholten,2025-03-18,1500.00
"TRANSPORT WORKERS UNION OF AMERICA, AFL-CIO",Transport Workers Union of America Political Contributions Committee,NELIDA POU,2025-03-18,1500.00
"TRANSPORT WORKERS UNION OF AMERICA, AFL-CIO",Transport Workers Union of America Political Contributions Committee,Nicole Malliotakis,2025-03-18,2500.00
"TRANSPORT WORKERS UNION OF AMERICA, AFL-CIO",Transport Workers Union of America Political Contributions Committee,Maxwell Alejandro Frost,2025-03-18,2500.00
"TRANSPORT WORKERS UNION OF AMERICA, AFL-CIO",Transport Workers Union of America Political Contributions Committee,Yvette Clarke,2025-03-18,5000.00
"TRANSPORT WORKERS UNION OF AMERICA, AFL-CIO",Transport Workers Union of America Political Contributions Committee,Dem Sen Camp Cmte(DSCC)-Federal Acct,2025-03-18,45000.00
"TRANSPORT WORKERS UNION OF AMERICA, AFL-CIO",Transport Workers Union of America Political Contributions Committee,Dina Titus,2025-03-18,5000.00
"TRANSPORT WORKERS UNION OF AMERICA, AFL-CIO",Transport Workers Union of America Political Contributions Committee,Andrea Salinas,2025-03-18,1000.00
"TRANSPORT WORKERS UNION OF AMERICA, AFL-CIO",Transport Workers Union of America Political Contributions Committee,Chris Pappas,2025-03-18,5000.00
"TRANSPORT WORKERS UNION OF AMERICA, AFL-CIO",Transport Workers Union of America Political Contributions Committee,Rick Larsen,2025-03-18,5000.00
"TRANSPORT WORKERS UNION OF AMERICA, AFL-CIO",Transport Workers Union of America Political Contributions Committee,Shomari Figures,2025-03-18,1000.00
"TRANSPORT WORKERS UNION OF AMERICA, AFL-CIO",Transport Workers Union of America Political Contributions Committee,Andre Carson,2025-03-18,1000.00
"TRANSPORT WORKERS UNION OF AMERICA, AFL-CIO",Transport Workers Union of America Political Contributions Committee,Christopher Deluzio,2025-03-18,5000.00
"TRANSPORT WORKERS UNION OF AMERICA, AFL-CIO",Transport Workers Union of America Political Contributions Committee,Dem Cong Camp Cmte(DCCC)-Federal Acct,2025-03-18,45000.00
"TRANSPORT WORKERS UNION OF AMERICA, AFL-CIO",Transport Workers Union of America Political Contributions Committee,Dem Cong Camp Cmte(DCCC)-Federal Acct,2025-03-18,15000.00
"TRANSPORT WORKERS UNION OF AMERICA, AFL-CIO",Transport Workers Union of America Political Contributions Committee,Republican Italian American Committee,2025-03-18,1000.00
"TRANSPORT WORKERS UNION OF AMERICA, AFL-CIO",Transport Workers Union of America Political Contributions Committee,Dem Sen Camp Cmte(DSCC)-Federal Acct,2025-03-18,15000.00
"TRANSPORT WORKERS UNION OF AMERICA, AFL-CIO",Transport Workers Union of America Political Contributions Committee,Marc Veasey,2025-04-22,1000.00
"TRANSPORT WORKERS UNION OF AMERICA, AFL-CIO",Transport Workers Union of America Political Contributions Committee,Madeleine Dean,2025-04-22,1500.00
"TRANSPORT WORKERS UNION OF AMERICA, AFL-CIO",Transport Workers Union of America Political Contributions Committee,Kristen McDonald Rivet,2025-04-22,1500.00
"TRANSPORT WORKERS UNION OF AMERICA, AFL-CIO",Transport Workers Union of America Political Contributions Committee,Andre Carson,2025-04-22,1500.00
"TRANSPORT WORKERS UNION OF AMERICA, AFL-CIO",Transport Workers Union of America Political Contributions Committee,David Rouzer,2025-04-22,2500.00
"TRANSPORT WORKERS UNION OF AMERICA, AFL-CIO",Transport Workers Union of America Political Contributions Committee,Sharice Davids,2025-04-22,1500.00
"TRANSPORT WORKERS UNION OF AMERICA, AFL-CIO",Transport Workers Union of America Political Contributions Committee,Dwight Evans,2025-04-22,5000.00
"TRANSPORT WORKERS UNION OF AMERICA, AFL-CIO",Transport Workers Union of America Political Contributions Committee,Eleanor Holmes Norton,2025-04-22,1500.00
"TRANSPORT WORKERS UNION OF AMERICA, AFL-CIO",Transport Workers Union of America Political Contributions Committee,Rob Bresnahan,2025-04-22,2500.00
"TRANSPORT WORKERS UNION OF AMERICA, AFL-CIO",Transport Workers Union of America Political Contributions Committee,Brian Fitzpatrick,2025-04-22,5000.00
"TRANSPORT WORKERS UNION OF AMERICA, AFL-CIO",Transport Workers Union of America Political Contributions Committee,Brian Fitzpatrick,2025-04-22,5000.00
"TRANSPORT WORKERS UNION OF AMERICA, AFL-CIO",Transport Workers Union of America Political Contributions Committee,Frederica Wilson,2025-04-22,2000.00
"TRANSPORT WORKERS UNION OF AMERICA, AFL-CIO",Transport Workers Union of America Political Contributions Committee,Rosa DeLauro,2025-04-22,5000.00
"TRANSPORT WORKERS UNION OF AMERICA, AFL-CIO",Transport Workers Union of America Political Contributions Committee,Nicole Malliotakis,2025-04-22,2500.00
"TRANSPORT WORKERS UNION OF AMERICA, AFL-CIO",Transport Workers Union of America Political Contributions Committee,Rick Larsen,2025-05-29,5000.00
"TRANSPORT WORKERS UNION OF AMERICA, AFL-CIO",Transport Workers Union of America Political Contributions Committee,Brendan Boyle,2025-06-29,5000.00
"TRANSPORT WORKERS UNION OF AMERICA, AFL-CIO",Transport Workers Union of America Political Contributions Committee,Christopher Smith,2025-06-29,2500.00
"TRANSPORT WORKERS UNION OF AMERICA, AFL-CIO",Transport Workers Union of America Political Contributions Committee,Valerie Foushee,2025-06-29,1500.00
"TRANSPORT WORKERS UNION OF AMERICA, AFL-CIO",Transport Workers Union of America Political Contributions Committee,Donald Norcross,2025-06-29,5000.00
"TRANSPORT WORKERS UNION OF AMERICA, AFL-CIO",Transport Workers Union of America Political Contributions Committee,Tom Suozzi,2025-06-29,5000.00
"TRANSPORT WORKERS UNION OF AMERICA, AFL-CIO",Transport Workers Union of America Political Contributions Committee,Ted Lieu,2025-06-29,1000.00
"TRANSPORT WORKERS UNION OF AMERICA, AFL-CIO",Transport Workers Union of America Political Contributions Committee,Debbie Dingell,2025-06-29,5000.00
"TRANSPORT WORKERS UNION OF AMERICA, AFL-CIO",Transport Workers Union of America Political Contributions Committee,Sheila Cherfilus McCormick,2025-06-29,1000.00
"TRANSPORT WORKERS UNION OF AMERICA, AFL-CIO",Transport Workers Union of America Political Contributions Committee,Charles Schumer,2025-06-29,5000.00
"TRANSPORT WORKERS UNION OF AMERICA, AFL-CIO",Transport Workers Union of America Political Contributions Committee,Jill Tokuda,2025-06-29,1000.00
"TRANSPORT WORKERS UNION OF AMERICA, AFL-CIO",Transport Workers Union of America Political Contributions Committee,Maxwell Alejandro Frost,2025-06-29,2500.00
"TRANSPORT WORKERS UNION OF AMERICA, AFL-CIO",Transport Workers Union of America Political Contributions Committee,Daniel Hernandez,2025-06-29,2500.00
"TRANSPORT WORKERS UNION OF AMERICA, AFL-CIO",Transport Workers Union of America Political Contributions Committee,Nicole Malliotakis,2025-06-29,5000.00
"TRANSPORT WORKERS UNION OF AMERICA, AFL-CIO",Transport Workers Union of America Political Contributions Committee,Brad Schneider,2025-06-29,2500.00
"TRANSPORT WORKERS UNION OF AMERICA, AFL-CIO",Transport Workers Union of America Political Contributions Committee,George Latimer,2025-06-29,2500.00
"TRANSPORT WORKERS UNION OF AMERICA, AFL-CIO",Transport Workers Union of America Political Contributions Committee,Mark DeSaulnier,2025-06-29,2500.00
"TRANSPORT WORKERS UNION OF AMERICA, AFL-CIO",Transport Workers Union of America Political Contributions Committee,Andre Carson,2025-06-29,2500.00
"TRANSPORT WORKERS UNION OF AMERICA, AFL-CIO",Transport Workers Union of America Political Contributions Committee,Nikema Williams,2025-06-29,1000.00
"TRANSPORT WORKERS UNION OF AMERICA, AFL-CIO",Transport Workers Union of America Political Contributions Committee,Marcy Kaptur,2025-06-29,1500.00
"TRANSPORT WORKERS UNION OF AMERICA, AFL-CIO",Transport Workers Union of America Political Contributions Committee,Eric Sorensen,2025-06-29,2500.00
"TRANSPORT WORKERS UNION OF AMERICA, AFL-CIO",Transport Workers Union of America Political Contributions Committee,Mark Pocan,2025-06-29,5000.00
"TRANSPORT WORKERS UNION OF AMERICA, AFL-CIO",Transport Workers Union of America Political Contributions Committee,Pete Aguilar,2025-06-29,5000.00
"TRANSPORT WORKERS UNION OF AMERICA, AFL-CIO",Transport Workers Union of America Political Contributions Committee,John Mannion,2025-06-29,2500.00
"TRANSPORT WORKERS UNION OF AMERICA, AFL-CIO",Transport Workers Union of America Political Contributions Committee,Laura Friedman,2025-06-29,2500.00
"TRANSPORT WORKERS UNION OF AMERICA, AFL-CIO",Transport Workers Union of America Political Contributions Committee,Katherine Clark,2025-06-29,5000.00
"TRANSPORT WORKERS UNION OF AMERICA, AFL-CIO",Transport Workers Union of America Political Contributions Committee,Rosa DeLauro,2025-06-29,5000.00
"TRANSPORT WORKERS UNION OF AMERICA, AFL-CIO",Transport Workers Union of America Political Contributions Committee,Deborah Ross,2025-06-29,2500.00
"TRANSPORT WORKERS UNION OF AMERICA, AFL-CIO",Transport Workers Union of America Political Contributions Committee,Daniel Goldman,2025-06-29,2500.00
"TRANSPORT WORKERS UNION OF AMERICA, AFL-CIO",Transport Workers Union of America Political Contributions Committee,Chris Deluzio,2025-06-29,2500.00
"TRANSPORT WORKERS UNION OF AMERICA, AFL-CIO",Transport Workers Union of America Political Contributions Committee,Pete Aguilar,2025-06-29,5000.00
"TRANSPORT WORKERS UNION OF AMERICA, AFL-CIO",Transport Workers Union of America Political Contributions Committee,Darren Soto,2025-06-29,2000.00
"TRANSPORT WORKERS UNION OF AMERICA, AFL-CIO",Transport Workers Union of America Political Contributions Committee,Paul Tonko,2025-06-29,1500.00
"TRANSPORT WORKERS UNION OF AMERICA, AFL-CIO",Transport Workers Union of America Political Contributions Committee,Maxwell Alejandro Frost,2025-06-29,2500.00
"TRANSPORT WORKERS UNION OF AMERICA, AFL-CIO",Transport Workers Union of America Political Contributions Committee,Nick Lalota,2025-06-29,2500.00
"TRANSPORT WORKERS UNION OF AMERICA, AFL-CIO",Transport Workers Union of America Political Contributions Committee,Equality PAC,2025-06-29,5000.00
"TRANSPORT WORKERS UNION OF AMERICA, AFL-CIO",Transport Workers Union of America Political Contributions Committee,Brian Schatz,2025-06-29,5000.00
"TRANSPORT WORKERS UNION OF AMERICA, AFL-CIO",Transport Workers Union of America Political Contributions Committee,Katherine Clark,2025-06-29,5000.00
"TRANSPORT WORKERS UNION OF AMERICA, AFL-CIO",Transport Workers Union of America Political Contributions Committee,Joe Morelle,2025-06-29,5000.00
"TRANSPORT WORKERS UNION OF AMERICA, AFL-CIO",Transport Workers Union of America Political Contributions Committee,Laura Gillen,2025-06-29,2500.00
"TRANSPORT WORKERS UNION OF AMERICA, AFL-CIO",Transport Workers Union of America Political Contributions Committee,Angie Craig,2025-06-29,2500.00
"TRANSPORT WORKERS UNION OF AMERICA, AFL-CIO",Transport Workers Union of America Political Contributions Committee,Adriano Espaillat,2025-06-29,5000.00
"TRANSPORT WORKERS UNION OF AMERICA, AFL-CIO",Transport Workers Union of America Political Contributions Committee,TIMOTHY KENNEDY,2025-06-29,5000.00
"TRANSPORT WORKERS UNION OF AMERICA, AFL-CIO",Transport Workers Union of America Political Contributions Committee,Kirsten Gillibrand,2025-06-29,5000.00
"TRANSPORT WORKERS UNION OF AMERICA, AFL-CIO",Transport Workers Union of America Political Contributions Committee,Patrick Ryan,2025-06-29,2500.00
"TRANSPORT WORKERS UNION OF AMERICA, AFL-CIO",Transport Workers Union of America Political Contributions Committee,Steven Horsford,2025-06-29,5000.00
"TRANSPORT WORKERS UNION OF AMERICA, AFL-CIO",Transport Workers Union of America Political Contributions Committee,Timothy Kennedy,2025-06-29,5000.00
"TRANSPORT WORKERS UNION OF AMERICA, AFL-CIO",Transport Workers Union of America Political Contributions Committee,Joyce Beatty,2025-06-29,1000.00
"TRANSPORT WORKERS UNION OF AMERICA, AFL-CIO",Transport Workers Union of America Political Contributions Committee,Nydia Velazquez,2025-06-29,1000.00
"TRANSPORT WORKERS UNION OF AMERICA, AFL-CIO",Transport Workers Union of America Political Contributions Committee,Pramila Jayapal,2025-06-29,1500.00
"TRANSPORT WORKERS UNION OF AMERICA, AFL-CIO",Transport Workers Union of America Political Contributions Committee,Marilyn Strickland,2025-06-29,1500.00
"TRANSPORT WORKERS UNION OF AMERICA, AFL-CIO",Transport Workers Union of America Political Contributions Committee,Nick Lalota,2025-06-29,2500.00
"TRANSPORT WORKERS UNION OF AMERICA, AFL-CIO",Transport Workers Union of America Political Contributions Committee,Eric Schmitt,2025-06-29,2500.00
"TRANSPORT WORKERS UNION OF AMERICA, AFL-CIO",Transport Workers Union of America Political Contributions Committee,Frank MrVan,2025-06-29,1500.00
"TRANSPORT WORKERS UNION OF AMERICA, AFL-CIO",Transport Workers Union of America Political Contributions Committee,Brendan Boyle,2025-06-29,5000.00
"TRANSPORT WORKERS UNION OF AMERICA, AFL-CIO",Transport Workers Union of America Political Contributions Committee,Sustainable Energy and Environment Coalition PAC,2025-06-29,5000.00
"TRANSPORT WORKERS UNION OF AMERICA, AFL-CIO",Transport Workers Union of America Political Contributions Committee,Elect Democratic Women,2025-01-24,5000.00
"TRANSPORT WORKERS UNION OF AMERICA, AFL-CIO",Transport Workers Union of America Political Contributions Committee,Congressional Black Caucus PAC,2025-01-24,5000.00
"TRANSPORT WORKERS UNION OF AMERICA, AFL-CIO",Transport Workers Union of America Political Contributions Committee,Congressional Progressive Caucus PAC,2025-01-24,5000.00
"TRANSPORT WORKERS UNION OF AMERICA, AFL-CIO",Transport Workers Union of America Political Contributions Committee,Transportation Trades Department AFL-CIO (TTD PAC),2025-01-24,5000.00
"TRANSPORT WORKERS UNION OF AMERICA, AFL-CIO",Transport Workers Union of America Political Contributions Committee,Republican Mainstreet Partnership Pac,2025-01-24,5000.00
"TRANSPORT WORKERS UNION OF AMERICA, AFL-CIO",Transport Workers Union of America Political Contributions Committee,Democratic Party Of New Mexico - Federal,2025-01-24,1000.00
"TRANSPORT WORKERS UNION OF AMERICA, AFL-CIO",Transport Workers Union of America Political Contributions Committee,CHC Bold PAC,2025-01-24,5000.00
"TRANSPORT WORKERS UNION OF AMERICA, AFL-CIO",Transport Workers Union of America Political Contributions Committee,ASPIRE PAC,2025-01-24,5000.00
"TRANSPORT WORKERS UNION OF AMERICA, AFL-CIO",Transport Workers Union of America Political Contributions Committee,Republican Governance Group/Tuesday Group PAC,2025-02-21,5000.00
"TRANSPORT WORKERS UNION OF AMERICA, AFL-CIO",Transport Workers Union of America Political Contributions Committee,Luz Rivas,2025-02-21,2500.00
"TRANSPORT WORKERS UNION OF AMERICA, AFL-CIO",Transport Workers Union of America Political Contributions Committee,Hakeem Jeffries,2025-02-21,5000.00
"TRANSPORT WORKERS UNION OF AMERICA, AFL-CIO",Transport Workers Union of America Political Contributions Committee,Nikki Budzinski,2025-02-21,5000.00
"TRANSPORT WORKERS UNION OF AMERICA, AFL-CIO",Transport Workers Union of America Political Contributions Committee,Ritchie Torres,2025-02-21,5000.00
"TRANSPORT WORKERS UNION OF AMERICA, AFL-CIO",Transport Workers Union of America Political Contributions Committee,Michael Lawler,2025-02-21,5000.00
"TRANSPORT WORKERS UNION OF AMERICA, AFL-CIO",Transport Workers Union of America Political Contributions Committee,Hakeem Jeffries,2025-02-21,5000.00
"TRANSPORT WORKERS UNION OF AMERICA, AFL-CIO",Transport Workers Union of America Political Contributions Committee,Yassamin Ansari,2025-02-21,2500.00
"TRANSPORT WORKERS UNION OF AMERICA, AFL-CIO",Transport Workers Union of America Political Contributions Committee,Ritchie Torres,2025-02-21,5000.00
"TRANSPORT WORKERS UNION OF AMERICA, AFL-CIO",Transport Workers Union of America Political Contributions Committee,Michael Lawler,2025-02-21,5000.00
"TRANSPORT WORKERS UNION OF AMERICA, AFL-CIO",Transport Workers Union of America Political Contributions Committee,Valerie Hoyle,2025-02-21,2500.00
"TRANSPORT WORKERS UNION OF AMERICA, AFL-CIO",Transport Workers Union of America Political Contributions Committee,LaMonica McIver,2025-02-21,2500.00
"TRANSPORT WORKERS UNION OF AMERICA, AFL-CIO",Transport Workers Union of America Political Contributions Committee,George Whitesides,2025-02-21,2500.00
"TRANSPORT WORKERS UNION OF AMERICA, AFL-CIO",Transport Workers Union of America Political Contributions Committee,Sarah McBride,2025-02-21,2500.00
"TRANSPORT WORKERS UNION OF AMERICA, AFL-CIO",Transport Workers Union of America Political Contributions Committee,Hakeem Jeffries,2025-02-21,5000.00
"TRANSPORT WORKERS UNION OF AMERICA, AFL-CIO",Transport Workers Union of America Political Contributions Committee,Nikki Budzinski,2025-02-21,5000.00
"TRANSPORT WORKERS UNION OF AMERICA, AFL-CIO",Transport Workers Union of America Political Contributions Committee,Bennie Thompson,2025-02-21,5000.00
"TRANSPORT WORKERS UNION OF AMERICA, AFL-CIO",Transport Workers Union of America Political Contributions Committee,Lateefah Simon,2025-02-21,2500.00
"TRANSPORT WORKERS UNION OF AMERICA, AFL-CIO",Transport Workers Union of America Political Contributions Committee,Julie Johnson,2025-02-21,2500.00
"TRANSPORT WORKERS UNION OF AMERICA, AFL-CIO",Transport Workers Union of America Political Contributions Committee,Angie Craig,2025-02-21,2500.00
"TRANSPORT WORKERS UNION OF AMERICA, AFL-CIO",Transport Workers Union of America Political Contributions Committee,Nikki Budzinski,2025-02-21,5000.00
"TRANSPORT WORKERS UNION OF AMERICA, AFL-CIO",Transport Workers Union of America Political Contributions Committee,Bennie Thompson,2025-02-21,5000.00
"TRANSPORT WORKERS UNION OF AMERICA, AFL-CIO",Transport Workers Union of America Political Contributions Committee,TIMOTHY KENNEDY,2025-02-21,5000.00
"TRANSPORT WORKERS UNION OF AMERICA, AFL-CIO",Transport Workers Union of America Political Contributions Committee,Adam Gray,2025-02-21,2500.00
"TRANSPORT WORKERS UNION OF AMERICA, AFL-CIO",Transport Workers Union of America Political Contributions Committee,Ben Lujan,2025-03-18,2500.00
"TRANSPORT WORKERS UNION OF AMERICA, AFL-CIO",Transport Workers Union of America Political Contributions Committee,Darren Soto,2025-03-18,1000.00
"TRANSPORT WORKERS UNION OF AMERICA, AFL-CIO",Transport Workers Union of America Political Contributions Committee,Mike Quigley,2025-03-18,2500.00
"TRANSPORT WORKERS UNION OF AMERICA, AFL-CIO",Transport Workers Union of America Political Contributions Committee,John Mannion,2025-03-18,2500.00
"TRANSPORT WORKERS UNION OF AMERICA, AFL-CIO",Transport Workers Union of America Political Contributions Committee,Andrew Garbarino,2025-03-18,5000.00
"TRANSPORT WORKERS UNION OF AMERICA, AFL-CIO",Transport Workers Union of America Political Contributions Committee,Chris Deluzio,2025-03-18,2500.00
"TRANSPORT WORKERS UNION OF AMERICA, AFL-CIO",Transport Workers Union of America Political Contributions Committee,Don Bacon,2025-03-18,5000.00
"TRANSPORT WORKERS UNION OF AMERICA, AFL-CIO",Transport Workers Union of America Political Contributions Committee,Edward Markey,2025-03-18,2500.00
"TRANSPORT WORKERS UNION OF AMERICA, AFL-CIO",Transport Workers Union of America Political Contributions Committee,Melanie Stansbury,2025-03-18,2500.00
"TRANSPORT WORKERS UNION OF AMERICA, AFL-CIO",Transport Workers Union of America Political Contributions Committee,Delia Ramirez,2025-03-18,1500.00
"TRANSPORT WORKERS UNION OF AMERICA, AFL-CIO",Transport Workers Union of America Political Contributions Committee,Grace Meng,2025-03-18,2000.00
"TRANSPORT WORKERS UNION OF AMERICA, AFL-CIO",Transport Workers Union of America Political Contributions Committee,Jesus Garcia,2025-03-18,2500.00
"TRANSPORT WORKERS UNION OF AMERICA, AFL-CIO",Transport Workers Union of America Political Contributions Committee,Sarah Elfreth,2025-03-18,1000.00
"TRANSPORT WORKERS UNION OF AMERICA, AFL-CIO",Transport Workers Union of America Political Contributions Committee,Mike Bost,2025-03-18,2500.00
"TRANSPORT WORKERS UNION OF AMERICA, AFL-CIO",Transport Workers Union of America Political Contributions Committee,Julia Brownley,2025-03-18,5000.00
"TRANSPORT WORKERS UNION OF AMERICA, AFL-CIO",Transport Workers Union of America Political Contributions Committee,Emilia Sykes,2025-03-18,1500.00
"TRANSPORT WORKERS UNION OF AMERICA, AFL-CIO",Transport Workers Union of America Political Contributions Committee,Patrick Ryan,2025-03-18,2500.00
"TRANSPORT WORKERS UNION OF AMERICA, AFL-CIO",Transport Workers Union of America Political Contributions Committee,Donald Norcross,2025-03-18,5000.00
"TRANSPORT WORKERS UNION OF AMERICA, AFL-CIO",Transport Workers Union of America Political Contributions Committee,Nick LaLota,2025-03-18,5000.00
"TRANSPORT WORKERS UNION OF AMERICA, AFL-CIO",Transport Workers Union of America Political Contributions Committee,Adriano Espaillat,2025-03-18,5000.00
"TRANSPORT WORKERS UNION OF AMERICA, AFL-CIO",Transport Workers Union of America Political Contributions Committee,Julia Brownley,2025-03-18,5000.00
"TRANSPORT WORKERS UNION OF AMERICA, AFL-CIO",Transport Workers Union of America Political Contributions Committee,Lori Trahan,2025-03-18,5000.00
"TRANSPORT WORKERS UNION OF AMERICA, AFL-CIO",Transport Workers Union of America Political Contributions Committee,Mary Gay Scanlon,2025-03-18,1500.00
"TRANSPORT WORKERS UNION OF AMERICA, AFL-CIO",Transport Workers Union of America Political Contributions Committee,Mark Pocan,2025-03-18,2500.00
"TRANSPORT WORKERS UNION OF AMERICA, AFL-CIO",Transport Workers Union of America Political Contributions Committee,George Latimer,2025-03-18,2500.00
"TRANSPORT WORKERS UNION OF AMERICA, AFL-CIO",Transport Workers Union of America Political Contributions Committee,Laura Friedman,2025-03-18,2500.00
"TRANSPORT WORKERS UNION OF AMERICA, AFL-CIO",Transport Workers Union of America Political Contributions Committee,Greg Casar,2025-03-18,1000.00
"TRANSPORT WORKERS UNION OF AMERICA, AFL-CIO",Transport Workers Union of America Political Contributions Committee,Michael Turner,2025-03-18,1000.00
"TRANSPORT WORKERS UNION OF AMERICA, AFL-CIO",Transport Workers Union of America Political Contributions Committee,Hillary Scholten,2025-03-18,1500.00
"TRANSPORT WORKERS UNION OF AMERICA, AFL-CIO",Transport Workers Union of America Political Contributions Committee,NELIDA POU,2025-03-18,1500.00
"TRANSPORT WORKERS UNION OF AMERICA, AFL-CIO",Transport Workers Union of America Political Contributions Committee,Nicole Malliotakis,2025-03-18,2500.00
"TRANSPORT WORKERS UNION OF AMERICA, AFL-CIO",Transport Workers Union of America Political Contributions Committee,Maxwell Alejandro Frost,2025-03-18,2500.00
"TRANSPORT WORKERS UNION OF AMERICA, AFL-CIO",Transport Workers Union of America Political Contributions Committee,Yvette Clarke,2025-03-18,5000.00
"TRANSPORT WORKERS UNION OF AMERICA, AFL-CIO",Transport Workers Union of America Political Contributions Committee,Dem Sen Camp Cmte(DSCC)-Federal Acct,2025-03-18,45000.00
"TRANSPORT WORKERS UNION OF AMERICA, AFL-CIO",Transport Workers Union of America Political Contributions Committee,Dina Titus,2025-03-18,5000.00
"TRANSPORT WORKERS UNION OF AMERICA, AFL-CIO",Transport Workers Union of America Political Contributions Committee,Andrea Salinas,2025-03-18,1000.00
"TRANSPORT WORKERS UNION OF AMERICA, AFL-CIO",Transport Workers Union of America Political Contributions Committee,Chris Pappas,2025-03-18,5000.00
"TRANSPORT WORKERS UNION OF AMERICA, AFL-CIO",Transport Workers Union of America Political Contributions Committee,Rick Larsen,2025-03-18,5000.00
"TRANSPORT WORKERS UNION OF AMERICA, AFL-CIO",Transport Workers Union of America Political Contributions Committee,Shomari Figures,2025-03-18,1000.00
"TRANSPORT WORKERS UNION OF AMERICA, AFL-CIO",Transport Workers Union of America Political Contributions Committee,Andre Carson,2025-03-18,1000.00
"TRANSPORT WORKERS UNION OF AMERICA, AFL-CIO",Transport Workers Union of America Political Contributions Committee,Christopher Deluzio,2025-03-18,5000.00
"TRANSPORT WORKERS UNION OF AMERICA, AFL-CIO",Transport Workers Union of America Political Contributions Committee,Dem Cong Camp Cmte(DCCC)-Federal Acct,2025-03-18,45000.00
"TRANSPORT WORKERS UNION OF AMERICA, AFL-CIO",Transport Workers Union of America Political Contributions Committee,Dem Cong Camp Cmte(DCCC)-Federal Acct,2025-03-18,15000.00
"TRANSPORT WORKERS UNION OF AMERICA, AFL-CIO",Transport Workers Union of America Political Contributions Committee,Republican Italian American Committee,2025-03-18,1000.00
"TRANSPORT WORKERS UNION OF AMERICA, AFL-CIO",Transport Workers Union of America Political Contributions Committee,Dem Sen Camp Cmte(DSCC)-Federal Acct,2025-03-18,15000.00
"TRANSPORT WORKERS UNION OF AMERICA, AFL-CIO",Transport Workers Union of America Political Contributions Committee,Marc Veasey,2025-04-22,1000.00
"TRANSPORT WORKERS UNION OF AMERICA, AFL-CIO",Transport Workers Union of America Political Contributions Committee,Madeleine Dean,2025-04-22,1500.00
"TRANSPORT WORKERS UNION OF AMERICA, AFL-CIO",Transport Workers Union of America Political Contributions Committee,Kristen McDonald Rivet,2025-04-22,1500.00
"TRANSPORT WORKERS UNION OF AMERICA, AFL-CIO",Transport Workers Union of America Political Contributions Committee,Andre Carson,2025-04-22,1500.00
"TRANSPORT WORKERS UNION OF AMERICA, AFL-CIO",Transport Workers Union of America Political Contributions Committee,David Rouzer,2025-04-22,2500.00
"TRANSPORT WORKERS UNION OF AMERICA, AFL-CIO",Transport Workers Union of America Political Contributions Committee,Sharice Davids,2025-04-22,1500.00
"TRANSPORT WORKERS UNION OF AMERICA, AFL-CIO",Transport Workers Union of America Political Contributions Committee,Dwight Evans,2025-04-22,5000.00
"TRANSPORT WORKERS UNION OF AMERICA, AFL-CIO",Transport Workers Union of America Political Contributions Committee,Eleanor Holmes Norton,2025-04-22,1500.00
"TRANSPORT WORKERS UNION OF AMERICA, AFL-CIO",Transport Workers Union of America Political Contributions Committee,Rob Bresnahan,2025-04-22,2500.00
"TRANSPORT WORKERS UNION OF AMERICA, AFL-CIO",Transport Workers Union of America Political Contributions Committee,Brian Fitzpatrick,2025-04-22,5000.00
"TRANSPORT WORKERS UNION OF AMERICA, AFL-CIO",Transport Workers Union of America Political Contributions Committee,Brian Fitzpatrick,2025-04-22,5000.00
"TRANSPORT WORKERS UNION OF AMERICA, AFL-CIO",Transport Workers Union of America Political Contributions Committee,Frederica Wilson,2025-04-22,2000.00
"TRANSPORT WORKERS UNION OF AMERICA, AFL-CIO",Transport Workers Union of America Political Contributions Committee,Rosa DeLauro,2025-04-22,5000.00
"TRANSPORT WORKERS UNION OF AMERICA, AFL-CIO",Transport Workers Union of America Political Contributions Committee,Nicole Malliotakis,2025-04-22,2500.00
"TRANSPORT WORKERS UNION OF AMERICA, AFL-CIO",Transport Workers Union of America Political Contributions Committee,Rick Larsen,2025-05-29,5000.00
"TRANSPORT WORKERS UNION OF AMERICA, AFL-CIO",Transport Workers Union of America Political Contributions Committee,Brendan Boyle,2025-06-29,5000.00
"TRANSPORT WORKERS UNION OF AMERICA, AFL-CIO",Transport Workers Union of America Political Contributions Committee,Christopher Smith,2025-06-29,2500.00
"TRANSPORT WORKERS UNION OF AMERICA, AFL-CIO",Transport Workers Union of America Political Contributions Committee,Valerie Foushee,2025-06-29,1500.00
"TRANSPORT WORKERS UNION OF AMERICA, AFL-CIO",Transport Workers Union of America Political Contributions Committee,Donald Norcross,2025-06-29,5000.00
"TRANSPORT WORKERS UNION OF AMERICA, AFL-CIO",Transport Workers Union of America Political Contributions Committee,Tom Suozzi,2025-06-29,5000.00
"TRANSPORT WORKERS UNION OF AMERICA, AFL-CIO",Transport Workers Union of America Political Contributions Committee,Ted Lieu,2025-06-29,1000.00
"TRANSPORT WORKERS UNION OF AMERICA, AFL-CIO",Transport Workers Union of America Political Contributions Committee,Debbie Dingell,2025-06-29,5000.00
"TRANSPORT WORKERS UNION OF AMERICA, AFL-CIO",Transport Workers Union of America Political Contributions Committee,Sheila Cherfilus McCormick,2025-06-29,1000.00
"TRANSPORT WORKERS UNION OF AMERICA, AFL-CIO",Transport Workers Union of America Political Contributions Committee,Charles Schumer,2025-06-29,5000.00
"TRANSPORT WORKERS UNION OF AMERICA, AFL-CIO",Transport Workers Union of America Political Contributions Committee,Jill Tokuda,2025-06-29,1000.00
"TRANSPORT WORKERS UNION OF AMERICA, AFL-CIO",Transport Workers Union of America Political Contributions Committee,Maxwell Alejandro Frost,2025-06-29,2500.00
"TRANSPORT WORKERS UNION OF AMERICA, AFL-CIO",Transport Workers Union of America Political Contributions Committee,Daniel Hernandez,2025-06-29,2500.00
"TRANSPORT WORKERS UNION OF AMERICA, AFL-CIO",Transport Workers Union of America Political Contributions Committee,Nicole Malliotakis,2025-06-29,5000.00
"TRANSPORT WORKERS UNION OF AMERICA, AFL-CIO",Transport Workers Union of America Political Contributions Committee,Brad Schneider,2025-06-29,2500.00
"TRANSPORT WORKERS UNION OF AMERICA, AFL-CIO",Transport Workers Union of America Political Contributions Committee,George Latimer,2025-06-29,2500.00
"TRANSPORT WORKERS UNION OF AMERICA, AFL-CIO",Transport Workers Union of America Political Contributions Committee,Mark DeSaulnier,2025-06-29,2500.00
"TRANSPORT WORKERS UNION OF AMERICA, AFL-CIO",Transport Workers Union of America Political Contributions Committee,Andre Carson,2025-06-29,2500.00
"TRANSPORT WORKERS UNION OF AMERICA, AFL-CIO",Transport Workers Union of America Political Contributions Committee,Nikema Williams,2025-06-29,1000.00
"TRANSPORT WORKERS UNION OF AMERICA, AFL-CIO",Transport Workers Union of America Political Contributions Committee,Marcy Kaptur,2025-06-29,1500.00
"TRANSPORT WORKERS UNION OF AMERICA, AFL-CIO",Transport Workers Union of America Political Contributions Committee,Eric Sorensen,2025-06-29,2500.00
"TRANSPORT WORKERS UNION OF AMERICA, AFL-CIO",Transport Workers Union of America Political Contributions Committee,Mark Pocan,2025-06-29,5000.00
"TRANSPORT WORKERS UNION OF AMERICA, AFL-CIO",Transport Workers Union of America Political Contributions Committee,Pete Aguilar,2025-06-29,5000.00
"TRANSPORT WORKERS UNION OF AMERICA, AFL-CIO",Transport Workers Union of America Political Contributions Committee,John Mannion,2025-06-29,2500.00
"TRANSPORT WORKERS UNION OF AMERICA, AFL-CIO",Transport Workers Union of America Political Contributions Committee,Laura Friedman,2025-06-29,2500.00
"TRANSPORT WORKERS UNION OF AMERICA, AFL-CIO",Transport Workers Union of America Political Contributions Committee,Katherine Clark,2025-06-29,5000.00
"TRANSPORT WORKERS UNION OF AMERICA, AFL-CIO",Transport Workers Union of America Political Contributions Committee,Rosa DeLauro,2025-06-29,5000.00
"TRANSPORT WORKERS UNION OF AMERICA, AFL-CIO",Transport Workers Union of America Political Contributions Committee,Deborah Ross,2025-06-29,2500.00
"TRANSPORT WORKERS UNION OF AMERICA, AFL-CIO",Transport Workers Union of America Political Contributions Committee,Daniel Goldman,2025-06-29,2500.00
"TRANSPORT WORKERS UNION OF AMERICA, AFL-CIO",Transport Workers Union of America Political Contributions Committee,Chris Deluzio,2025-06-29,2500.00
"TRANSPORT WORKERS UNION OF AMERICA, AFL-CIO",Transport Workers Union of America Political Contributions Committee,Pete Aguilar,2025-06-29,5000.00
"TRANSPORT WORKERS UNION OF AMERICA, AFL-CIO",Transport Workers Union of America Political Contributions Committee,Darren Soto,2025-06-29,2000.00
"TRANSPORT WORKERS UNION OF AMERICA, AFL-CIO",Transport Workers Union of America Political Contributions Committee,Paul Tonko,2025-06-29,1500.00
"TRANSPORT WORKERS UNION OF AMERICA, AFL-CIO",Transport Workers Union of America Political Contributions Committee,Maxwell Alejandro Frost,2025-06-29,2500.00
"TRANSPORT WORKERS UNION OF AMERICA, AFL-CIO",Transport Workers Union of America Political Contributions Committee,Nick Lalota,2025-06-29,2500.00
"TRANSPORT WORKERS UNION OF AMERICA, AFL-CIO",Transport Workers Union of America Political Contributions Committee,Equality PAC,2025-06-29,5000.00
"TRANSPORT WORKERS UNION OF AMERICA, AFL-CIO",Transport Workers Union of America Political Contributions Committee,Brian Schatz,2025-06-29,5000.00
"TRANSPORT WORKERS UNION OF AMERICA, AFL-CIO",Transport Workers Union of America Political Contributions Committee,Katherine Clark,2025-06-29,5000.00
"TRANSPORT WORKERS UNION OF AMERICA, AFL-CIO",Transport Workers Union of America Political Contributions Committee,Joe Morelle,2025-06-29,5000.00
"TRANSPORT WORKERS UNION OF AMERICA, AFL-CIO",Transport Workers Union of America Political Contributions Committee,Laura Gillen,2025-06-29,2500.00
"TRANSPORT WORKERS UNION OF AMERICA, AFL-CIO",Transport Workers Union of America Political Contributions Committee,Angie Craig,2025-06-29,2500.00
"TRANSPORT WORKERS UNION OF AMERICA, AFL-CIO",Transport Workers Union of America Political Contributions Committee,Adriano Espaillat,2025-06-29,5000.00
"TRANSPORT WORKERS UNION OF AMERICA, AFL-CIO",Transport Workers Union of America Political Contributions Committee,TIMOTHY KENNEDY,2025-06-29,5000.00
"TRANSPORT WORKERS UNION OF AMERICA, AFL-CIO",Transport Workers Union of America Political Contributions Committee,Kirsten Gillibrand,2025-06-29,5000.00
"TRANSPORT WORKERS UNION OF AMERICA, AFL-CIO",Transport Workers Union of America Political Contributions Committee,Patrick Ryan,2025-06-29,2500.00
"TRANSPORT WORKERS UNION OF AMERICA, AFL-CIO",Transport Workers Union of America Political Contributions Committee,Steven Horsford,2025-06-29,5000.00
"TRANSPORT WORKERS UNION OF AMERICA, AFL-CIO",Transport Workers Union of America Political Contributions Committee,Timothy Kennedy,2025-06-29,5000.00
"TRANSPORT WORKERS UNION OF AMERICA, AFL-CIO",Transport Workers Union of America Political Contributions Committee,Joyce Beatty,2025-06-29,1000.00
"TRANSPORT WORKERS UNION OF AMERICA, AFL-CIO",Transport Workers Union of America Political Contributions Committee,Nydia Velazquez,2025-06-29,1000.00
"TRANSPORT WORKERS UNION OF AMERICA, AFL-CIO",Transport Workers Union of America Political Contributions Committee,Pramila Jayapal,2025-06-29,1500.00
"TRANSPORT WORKERS UNION OF AMERICA, AFL-CIO",Transport Workers Union of America Political Contributions Committee,Marilyn Strickland,2025-06-29,1500.00
"TRANSPORT WORKERS UNION OF AMERICA, AFL-CIO",Transport Workers Union of America Political Contributions Committee,Nick Lalota,2025-06-29,2500.00
"TRANSPORT WORKERS UNION OF AMERICA, AFL-CIO",Transport Workers Union of America Political Contributions Committee,Eric Schmitt,2025-06-29,2500.00
"TRANSPORT WORKERS UNION OF AMERICA, AFL-CIO",Transport Workers Union of America Political Contributions Committee,Frank MrVan,2025-06-29,1500.00
"TRANSPORT WORKERS UNION OF AMERICA, AFL-CIO",Transport Workers Union of America Political Contributions Committee,Brendan Boyle,2025-06-29,5000.00
"TRANSPORT WORKERS UNION OF AMERICA, AFL-CIO",Transport Workers Union of America Political Contributions Committee,Sustainable Energy and Environment Coalition PAC,2025-06-29,5000.00
"TRANSPORT WORKERS UNION OF AMERICA, AFL-CIO",Transport Workers Union of America Political Contributions Committee,Elect Democratic Women,2025-01-24,5000.00
"TRANSPORT WORKERS UNION OF AMERICA, AFL-CIO",Transport Workers Union of America Political Contributions Committee,Congressional Black Caucus PAC,2025-01-24,5000.00
"TRANSPORT WORKERS UNION OF AMERICA, AFL-CIO",Transport Workers Union of America Political Contributions Committee,Congressional Progressive Caucus PAC,2025-01-24,5000.00
"TRANSPORT WORKERS UNION OF AMERICA, AFL-CIO",Transport Workers Union of America Political Contributions Committee,Transportation Trades Department AFL-CIO (TTD PAC),2025-01-24,5000.00
"TRANSPORT WORKERS UNION OF AMERICA, AFL-CIO",Transport Workers Union of America Political Contributions Committee,Republican Mainstreet Partnership Pac,2025-01-24,5000.00
"TRANSPORT WORKERS UNION OF AMERICA, AFL-CIO",Transport Workers Union of America Political Contributions Committee,Democratic Party Of New Mexico - Federal,2025-01-24,1000.00
"TRANSPORT WORKERS UNION OF AMERICA, AFL-CIO",Transport Workers Union of America Political Contributions Committee,CHC Bold PAC,2025-01-24,5000.00
"TRANSPORT WORKERS UNION OF AMERICA, AFL-CIO",Transport Workers Union of America Political Contributions Committee,ASPIRE PAC,2025-01-24,5000.00
"TRANSPORT WORKERS UNION OF AMERICA, AFL-CIO",Transport Workers Union of America Political Contributions Committee,Republican Governance Group/Tuesday Group PAC,2025-02-21,5000.00
"TRANSPORT WORKERS UNION OF AMERICA, AFL-CIO",Transport Workers Union of America Political Contributions Committee,Luz Rivas,2025-02-21,2500.00
"TRANSPORT WORKERS UNION OF AMERICA, AFL-CIO",Transport Workers Union of America Political Contributions Committee,Hakeem Jeffries,2025-02-21,5000.00
"TRANSPORT WORKERS UNION OF AMERICA, AFL-CIO",Transport Workers Union of America Political Contributions Committee,Nikki Budzinski,2025-02-21,5000.00
"TRANSPORT WORKERS UNION OF AMERICA, AFL-CIO",Transport Workers Union of America Political Contributions Committee,Ritchie Torres,2025-02-21,5000.00
"TRANSPORT WORKERS UNION OF AMERICA, AFL-CIO",Transport Workers Union of America Political Contributions Committee,Michael Lawler,2025-02-21,5000.00
"TRANSPORT WORKERS UNION OF AMERICA, AFL-CIO",Transport Workers Union of America Political Contributions Committee,Hakeem Jeffries,2025-02-21,5000.00
"TRANSPORT WORKERS UNION OF AMERICA, AFL-CIO",Transport Workers Union of America Political Contributions Committee,Yassamin Ansari,2025-02-21,2500.00
"TRANSPORT WORKERS UNION OF AMERICA, AFL-CIO",Transport Workers Union of America Political Contributions Committee,Ritchie Torres,2025-02-21,5000.00
"TRANSPORT WORKERS UNION OF AMERICA, AFL-CIO",Transport Workers Union of America Political Contributions Committee,Michael Lawler,2025-02-21,5000.00
"TRANSPORT WORKERS UNION OF AMERICA, AFL-CIO",Transport Workers Union of America Political Contributions Committee,Valerie Hoyle,2025-02-21,2500.00
"TRANSPORT WORKERS UNION OF AMERICA, AFL-CIO",Transport Workers Union of America Political Contributions Committee,LaMonica McIver,2025-02-21,2500.00
"TRANSPORT WORKERS UNION OF AMERICA, AFL-CIO",Transport Workers Union of America Political Contributions Committee,George Whitesides,2025-02-21,2500.00
"TRANSPORT WORKERS UNION OF AMERICA, AFL-CIO",Transport Workers Union of America Political Contributions Committee,Sarah McBride,2025-02-21,2500.00
"TRANSPORT WORKERS UNION OF AMERICA, AFL-CIO",Transport Workers Union of America Political Contributions Committee,Hakeem Jeffries,2025-02-21,5000.00
"TRANSPORT WORKERS UNION OF AMERICA, AFL-CIO",Transport Workers Union of America Political Contributions Committee,Nikki Budzinski,2025-02-21,5000.00
"TRANSPORT WORKERS UNION OF AMERICA, AFL-CIO",Transport Workers Union of America Political Contributions Committee,Bennie Thompson,2025-02-21,5000.00
"TRANSPORT WORKERS UNION OF AMERICA, AFL-CIO",Transport Workers Union of America Political Contributions Committee,Lateefah Simon,2025-02-21,2500.00
"TRANSPORT WORKERS UNION OF AMERICA, AFL-CIO",Transport Workers Union of America Political Contributions Committee,Julie Johnson,2025-02-21,2500.00
"TRANSPORT WORKERS UNION OF AMERICA, AFL-CIO",Transport Workers Union of America Political Contributions Committee,Angie Craig,2025-02-21,2500.00
"TRANSPORT WORKERS UNION OF AMERICA, AFL-CIO",Transport Workers Union of America Political Contributions Committee,Nikki Budzinski,2025-02-21,5000.00
"TRANSPORT WORKERS UNION OF AMERICA, AFL-CIO",Transport Workers Union of America Political Contributions Committee,Bennie Thompson,2025-02-21,5000.00
"TRANSPORT WORKERS UNION OF AMERICA, AFL-CIO",Transport Workers Union of America Political Contributions Committee,TIMOTHY KENNEDY,2025-02-21,5000.00
"TRANSPORT WORKERS UNION OF AMERICA, AFL-CIO",Transport Workers Union of America Political Contributions Committee,Adam Gray,2025-02-21,2500.00
"TRANSPORT WORKERS UNION OF AMERICA, AFL-CIO",Transport Workers Union of America Political Contributions Committee,Ben Lujan,2025-03-18,2500.00
"TRANSPORT WORKERS UNION OF AMERICA, AFL-CIO",Transport Workers Union of America Political Contributions Committee,Darren Soto,2025-03-18,1000.00
"TRANSPORT WORKERS UNION OF AMERICA, AFL-CIO",Transport Workers Union of America Political Contributions Committee,Mike Quigley,2025-03-18,2500.00
"TRANSPORT WORKERS UNION OF AMERICA, AFL-CIO",Transport Workers Union of America Political Contributions Committee,John Mannion,2025-03-18,2500.00
"TRANSPORT WORKERS UNION OF AMERICA, AFL-CIO",Transport Workers Union of America Political Contributions Committee,Andrew Garbarino,2025-03-18,5000.00
"TRANSPORT WORKERS UNION OF AMERICA, AFL-CIO",Transport Workers Union of America Political Contributions Committee,Chris Deluzio,2025-03-18,2500.00
"TRANSPORT WORKERS UNION OF AMERICA, AFL-CIO",Transport Workers Union of America Political Contributions Committee,Don Bacon,2025-03-18,5000.00
"TRANSPORT WORKERS UNION OF AMERICA, AFL-CIO",Transport Workers Union of America Political Contributions Committee,Edward Markey,2025-03-18,2500.00
"TRANSPORT WORKERS UNION OF AMERICA, AFL-CIO",Transport Workers Union of America Political Contributions Committee,Melanie Stansbury,2025-03-18,2500.00
"TRANSPORT WORKERS UNION OF AMERICA, AFL-CIO",Transport Workers Union of America Political Contributions Committee,Delia Ramirez,2025-03-18,1500.00
"TRANSPORT WORKERS UNION OF AMERICA, AFL-CIO",Transport Workers Union of America Political Contributions Committee,Grace Meng,2025-03-18,2000.00
"TRANSPORT WORKERS UNION OF AMERICA, AFL-CIO",Transport Workers Union of America Political Contributions Committee,Jesus Garcia,2025-03-18,2500.00
"TRANSPORT WORKERS UNION OF AMERICA, AFL-CIO",Transport Workers Union of America Political Contributions Committee,Sarah Elfreth,2025-03-18,1000.00
"TRANSPORT WORKERS UNION OF AMERICA, AFL-CIO",Transport Workers Union of America Political Contributions Committee,Mike Bost,2025-03-18,2500.00
"TRANSPORT WORKERS UNION OF AMERICA, AFL-CIO",Transport Workers Union of America Political Contributions Committee,Julia Brownley,2025-03-18,5000.00
"TRANSPORT WORKERS UNION OF AMERICA, AFL-CIO",Transport Workers Union of America Political Contributions Committee,Emilia Sykes,2025-03-18,1500.00
"TRANSPORT WORKERS UNION OF AMERICA, AFL-CIO",Transport Workers Union of America Political Contributions Committee,Patrick Ryan,2025-03-18,2500.00
"TRANSPORT WORKERS UNION OF AMERICA, AFL-CIO",Transport Workers Union of America Political Contributions Committee,Donald Norcross,2025-03-18,5000.00
"TRANSPORT WORKERS UNION OF AMERICA, AFL-CIO",Transport Workers Union of America Political Contributions Committee,Nick LaLota,2025-03-18,5000.00
"TRANSPORT WORKERS UNION OF AMERICA, AFL-CIO",Transport Workers Union of America Political Contributions Committee,Adriano Espaillat,2025-03-18,5000.00
"TRANSPORT WORKERS UNION OF AMERICA, AFL-CIO",Transport Workers Union of America Political Contributions Committee,Julia Brownley,2025-03-18,5000.00
"TRANSPORT WORKERS UNION OF AMERICA, AFL-CIO",Transport Workers Union of America Political Contributions Committee,Lori Trahan,2025-03-18,5000.00
"TRANSPORT WORKERS UNION OF AMERICA, AFL-CIO",Transport Workers Union of America Political Contributions Committee,Mary Gay Scanlon,2025-03-18,1500.00
"TRANSPORT WORKERS UNION OF AMERICA, AFL-CIO",Transport Workers Union of America Political Contributions Committee,Mark Pocan,2025-03-18,2500.00
"TRANSPORT WORKERS UNION OF AMERICA, AFL-CIO",Transport Workers Union of America Political Contributions Committee,George Latimer,2025-03-18,2500.00
"TRANSPORT WORKERS UNION OF AMERICA, AFL-CIO",Transport Workers Union of America Political Contributions Committee,Laura Friedman,2025-03-18,2500.00
"TRANSPORT WORKERS UNION OF AMERICA, AFL-CIO",Transport Workers Union of America Political Contributions Committee,Greg Casar,2025-03-18,1000.00
"TRANSPORT WORKERS UNION OF AMERICA, AFL-CIO",Transport Workers Union of America Political Contributions Committee,Michael Turner,2025-03-18,1000.00
"TRANSPORT WORKERS UNION OF AMERICA, AFL-CIO",Transport Workers Union of America Political Contributions Committee,Hillary Scholten,2025-03-18,1500.00
"TRANSPORT WORKERS UNION OF AMERICA, AFL-CIO",Transport Workers Union of America Political Contributions Committee,NELIDA POU,2025-03-18,1500.00
"TRANSPORT WORKERS UNION OF AMERICA, AFL-CIO",Transport Workers Union of America Political Contributions Committee,Nicole Malliotakis,2025-03-18,2500.00
"TRANSPORT WORKERS UNION OF AMERICA, AFL-CIO",Transport Workers Union of America Political Contributions Committee,Maxwell Alejandro Frost,2025-03-18,2500.00
"TRANSPORT WORKERS UNION OF AMERICA, AFL-CIO",Transport Workers Union of America Political Contributions Committee,Yvette Clarke,2025-03-18,5000.00
"TRANSPORT WORKERS UNION OF AMERICA, AFL-CIO",Transport Workers Union of America Political Contributions Committee,Dem Sen Camp Cmte(DSCC)-Federal Acct,2025-03-18,45000.00
"TRANSPORT WORKERS UNION OF AMERICA, AFL-CIO",Transport Workers Union of America Political Contributions Committee,Dina Titus,2025-03-18,5000.00
"TRANSPORT WORKERS UNION OF AMERICA, AFL-CIO",Transport Workers Union of America Political Contributions Committee,Andrea Salinas,2025-03-18,1000.00
"TRANSPORT WORKERS UNION OF AMERICA, AFL-CIO",Transport Workers Union of America Political Contributions Committee,Chris Pappas,2025-03-18,5000.00
"TRANSPORT WORKERS UNION OF AMERICA, AFL-CIO",Transport Workers Union of America Political Contributions Committee,Rick Larsen,2025-03-18,5000.00
"TRANSPORT WORKERS UNION OF AMERICA, AFL-CIO",Transport Workers Union of America Political Contributions Committee,Shomari Figures,2025-03-18,1000.00
"TRANSPORT WORKERS UNION OF AMERICA, AFL-CIO",Transport Workers Union of America Political Contributions Committee,Andre Carson,2025-03-18,1000.00
"TRANSPORT WORKERS UNION OF AMERICA, AFL-CIO",Transport Workers Union of America Political Contributions Committee,Christopher Deluzio,2025-03-18,5000.00
"TRANSPORT WORKERS UNION OF AMERICA, AFL-CIO",Transport Workers Union of America Political Contributions Committee,Dem Cong Camp Cmte(DCCC)-Federal Acct,2025-03-18,45000.00
"TRANSPORT WORKERS UNION OF AMERICA, AFL-CIO",Transport Workers Union of America Political Contributions Committee,Dem Cong Camp Cmte(DCCC)-Federal Acct,2025-03-18,15000.00
"TRANSPORT WORKERS UNION OF AMERICA, AFL-CIO",Transport Workers Union of America Political Contributions Committee,Republican Italian American Committee,2025-03-18,1000.00
"TRANSPORT WORKERS UNION OF AMERICA, AFL-CIO",Transport Workers Union of America Political Contributions Committee,Dem Sen Camp Cmte(DSCC)-Federal Acct,2025-03-18,15000.00
"TRANSPORT WORKERS UNION OF AMERICA, AFL-CIO",Transport Workers Union of America Political Contributions Committee,Marc Veasey,2025-04-22,1000.00
"TRANSPORT WORKERS UNION OF AMERICA, AFL-CIO",Transport Workers Union of America Political Contributions Committee,Madeleine Dean,2025-04-22,1500.00
"TRANSPORT WORKERS UNION OF AMERICA, AFL-CIO",Transport Workers Union of America Political Contributions Committee,Kristen McDonald Rivet,2025-04-22,1500.00
"TRANSPORT WORKERS UNION OF AMERICA, AFL-CIO",Transport Workers Union of America Political Contributions Committee,Andre Carson,2025-04-22,1500.00
"TRANSPORT WORKERS UNION OF AMERICA, AFL-CIO",Transport Workers Union of America Political Contributions Committee,David Rouzer,2025-04-22,2500.00
"TRANSPORT WORKERS UNION OF AMERICA, AFL-CIO",Transport Workers Union of America Political Contributions Committee,Sharice Davids,2025-04-22,1500.00
"TRANSPORT WORKERS UNION OF AMERICA, AFL-CIO",Transport Workers Union of America Political Contributions Committee,Dwight Evans,2025-04-22,5000.00
"TRANSPORT WORKERS UNION OF AMERICA, AFL-CIO",Transport Workers Union of America Political Contributions Committee,Eleanor Holmes Norton,2025-04-22,1500.00
"TRANSPORT WORKERS UNION OF AMERICA, AFL-CIO",Transport Workers Union of America Political Contributions Committee,Rob Bresnahan,2025-04-22,2500.00
"TRANSPORT WORKERS UNION OF AMERICA, AFL-CIO",Transport Workers Union of America Political Contributions Committee,Brian Fitzpatrick,2025-04-22,5000.00
"TRANSPORT WORKERS UNION OF AMERICA, AFL-CIO",Transport Workers Union of America Political Contributions Committee,Brian Fitzpatrick,2025-04-22,5000.00
"TRANSPORT WORKERS UNION OF AMERICA, AFL-CIO",Transport Workers Union of America Political Contributions Committee,Frederica Wilson,2025-04-22,2000.00
"TRANSPORT WORKERS UNION OF AMERICA, AFL-CIO",Transport Workers Union of America Political Contributions Committee,Rosa DeLauro,2025-04-22,5000.00
"TRANSPORT WORKERS UNION OF AMERICA, AFL-CIO",Transport Workers Union of America Political Contributions Committee,Nicole Malliotakis,2025-04-22,2500.00
"TRANSPORT WORKERS UNION OF AMERICA, AFL-CIO",Transport Workers Union of America Political Contributions Committee,Rick Larsen,2025-05-29,5000.00
"TRANSPORT WORKERS UNION OF AMERICA, AFL-CIO",Transport Workers Union of America Political Contributions Committee,Brendan Boyle,2025-06-29,5000.00
"TRANSPORT WORKERS UNION OF AMERICA, AFL-CIO",Transport Workers Union of America Political Contributions Committee,Christopher Smith,2025-06-29,2500.00
"TRANSPORT WORKERS UNION OF AMERICA, AFL-CIO",Transport Workers Union of America Political Contributions Committee,Valerie Foushee,2025-06-29,1500.00
"TRANSPORT WORKERS UNION OF AMERICA, AFL-CIO",Transport Workers Union of America Political Contributions Committee,Donald Norcross,2025-06-29,5000.00
"TRANSPORT WORKERS UNION OF AMERICA, AFL-CIO",Transport Workers Union of America Political Contributions Committee,Tom Suozzi,2025-06-29,5000.00
"TRANSPORT WORKERS UNION OF AMERICA, AFL-CIO",Transport Workers Union of America Political Contributions Committee,Ted Lieu,2025-06-29,1000.00
"TRANSPORT WORKERS UNION OF AMERICA, AFL-CIO",Transport Workers Union of America Political Contributions Committee,Debbie Dingell,2025-06-29,5000.00
"TRANSPORT WORKERS UNION OF AMERICA, AFL-CIO",Transport Workers Union of America Political Contributions Committee,Sheila Cherfilus McCormick,2025-06-29,1000.00
"TRANSPORT WORKERS UNION OF AMERICA, AFL-CIO",Transport Workers Union of America Political Contributions Committee,Charles Schumer,2025-06-29,5000.00
"TRANSPORT WORKERS UNION OF AMERICA, AFL-CIO",Transport Workers Union of America Political Contributions Committee,Jill Tokuda,2025-06-29,1000.00
"TRANSPORT WORKERS UNION OF AMERICA, AFL-CIO",Transport Workers Union of America Political Contributions Committee,Maxwell Alejandro Frost,2025-06-29,2500.00
"TRANSPORT WORKERS UNION OF AMERICA, AFL-CIO",Transport Workers Union of America Political Contributions Committee,Daniel Hernandez,2025-06-29,2500.00
"TRANSPORT WORKERS UNION OF AMERICA, AFL-CIO",Transport Workers Union of America Political Contributions Committee,Nicole Malliotakis,2025-06-29,5000.00
"TRANSPORT WORKERS UNION OF AMERICA, AFL-CIO",Transport Workers Union of America Political Contributions Committee,Brad Schneider,2025-06-29,2500.00
"TRANSPORT WORKERS UNION OF AMERICA, AFL-CIO",Transport Workers Union of America Political Contributions Committee,George Latimer,2025-06-29,2500.00
"TRANSPORT WORKERS UNION OF AMERICA, AFL-CIO",Transport Workers Union of America Political Contributions Committee,Mark DeSaulnier,2025-06-29,2500.00
"TRANSPORT WORKERS UNION OF AMERICA, AFL-CIO",Transport Workers Union of America Political Contributions Committee,Andre Carson,2025-06-29,2500.00
"TRANSPORT WORKERS UNION OF AMERICA, AFL-CIO",Transport Workers Union of America Political Contributions Committee,Nikema Williams,2025-06-29,1000.00
"TRANSPORT WORKERS UNION OF AMERICA, AFL-CIO",Transport Workers Union of America Political Contributions Committee,Marcy Kaptur,2025-06-29,1500.00
"TRANSPORT WORKERS UNION OF AMERICA, AFL-CIO",Transport Workers Union of America Political Contributions Committee,Eric Sorensen,2025-06-29,2500.00
"TRANSPORT WORKERS UNION OF AMERICA, AFL-CIO",Transport Workers Union of America Political Contributions Committee,Mark Pocan,2025-06-29,5000.00
"TRANSPORT WORKERS UNION OF AMERICA, AFL-CIO",Transport Workers Union of America Political Contributions Committee,Pete Aguilar,2025-06-29,5000.00
"TRANSPORT WORKERS UNION OF AMERICA, AFL-CIO",Transport Workers Union of America Political Contributions Committee,John Mannion,2025-06-29,2500.00
"TRANSPORT WORKERS UNION OF AMERICA, AFL-CIO",Transport Workers Union of America Political Contributions Committee,Laura Friedman,2025-06-29,2500.00
"TRANSPORT WORKERS UNION OF AMERICA, AFL-CIO",Transport Workers Union of America Political Contributions Committee,Katherine Clark,2025-06-29,5000.00
"TRANSPORT WORKERS UNION OF AMERICA, AFL-CIO",Transport Workers Union of America Political Contributions Committee,Rosa DeLauro,2025-06-29,5000.00
"TRANSPORT WORKERS UNION OF AMERICA, AFL-CIO",Transport Workers Union of America Political Contributions Committee,Deborah Ross,2025-06-29,2500.00
"TRANSPORT WORKERS UNION OF AMERICA, AFL-CIO",Transport Workers Union of America Political Contributions Committee,Daniel Goldman,2025-06-29,2500.00
"TRANSPORT WORKERS UNION OF AMERICA, AFL-CIO",Transport Workers Union of America Political Contributions Committee,Chris Deluzio,2025-06-29,2500.00
"TRANSPORT WORKERS UNION OF AMERICA, AFL-CIO",Transport Workers Union of America Political Contributions Committee,Pete Aguilar,2025-06-29,5000.00
"TRANSPORT WORKERS UNION OF AMERICA, AFL-CIO",Transport Workers Union of America Political Contributions Committee,Darren Soto,2025-06-29,2000.00
"TRANSPORT WORKERS UNION OF AMERICA, AFL-CIO",Transport Workers Union of America Political Contributions Committee,Paul Tonko,2025-06-29,1500.00
"TRANSPORT WORKERS UNION OF AMERICA, AFL-CIO",Transport Workers Union of America Political Contributions Committee,Maxwell Alejandro Frost,2025-06-29,2500.00
"TRANSPORT WORKERS UNION OF AMERICA, AFL-CIO",Transport Workers Union of America Political Contributions Committee,Nick Lalota,2025-06-29,2500.00
"TRANSPORT WORKERS UNION OF AMERICA, AFL-CIO",Transport Workers Union of America Political Contributions Committee,Equality PAC,2025-06-29,5000.00
"TRANSPORT WORKERS UNION OF AMERICA, AFL-CIO",Transport Workers Union of America Political Contributions Committee,Brian Schatz,2025-06-29,5000.00
"TRANSPORT WORKERS UNION OF AMERICA, AFL-CIO",Transport Workers Union of America Political Contributions Committee,Katherine Clark,2025-06-29,5000.00
"TRANSPORT WORKERS UNION OF AMERICA, AFL-CIO",Transport Workers Union of America Political Contributions Committee,Joe Morelle,2025-06-29,5000.00
"TRANSPORT WORKERS UNION OF AMERICA, AFL-CIO",Transport Workers Union of America Political Contributions Committee,Laura Gillen,2025-06-29,2500.00
"TRANSPORT WORKERS UNION OF AMERICA, AFL-CIO",Transport Workers Union of America Political Contributions Committee,Angie Craig,2025-06-29,2500.00
"TRANSPORT WORKERS UNION OF AMERICA, AFL-CIO",Transport Workers Union of America Political Contributions Committee,Adriano Espaillat,2025-06-29,5000.00
"TRANSPORT WORKERS UNION OF AMERICA, AFL-CIO",Transport Workers Union of America Political Contributions Committee,TIMOTHY KENNEDY,2025-06-29,5000.00
"TRANSPORT WORKERS UNION OF AMERICA, AFL-CIO",Transport Workers Union of America Political Contributions Committee,Kirsten Gillibrand,2025-06-29,5000.00
"TRANSPORT WORKERS UNION OF AMERICA, AFL-CIO",Transport Workers Union of America Political Contributions Committee,Patrick Ryan,2025-06-29,2500.00
"TRANSPORT WORKERS UNION OF AMERICA, AFL-CIO",Transport Workers Union of America Political Contributions Committee,Steven Horsford,2025-06-29,5000.00
"TRANSPORT WORKERS UNION OF AMERICA, AFL-CIO",Transport Workers Union of America Political Contributions Committee,Timothy Kennedy,2025-06-29,5000.00
"TRANSPORT WORKERS UNION OF AMERICA, AFL-CIO",Transport Workers Union of America Political Contributions Committee,Joyce Beatty,2025-06-29,1000.00
"TRANSPORT WORKERS UNION OF AMERICA, AFL-CIO",Transport Workers Union of America Political Contributions Committee,Nydia Velazquez,2025-06-29,1000.00
"TRANSPORT WORKERS UNION OF AMERICA, AFL-CIO",Transport Workers Union of America Political Contributions Committee,Pramila Jayapal,2025-06-29,1500.00
"TRANSPORT WORKERS UNION OF AMERICA, AFL-CIO",Transport Workers Union of America Political Contributions Committee,Marilyn Strickland,2025-06-29,1500.00
"TRANSPORT WORKERS UNION OF AMERICA, AFL-CIO",Transport Workers Union of America Political Contributions Committee,Nick Lalota,2025-06-29,2500.00
"TRANSPORT WORKERS UNION OF AMERICA, AFL-CIO",Transport Workers Union of America Political Contributions Committee,Eric Schmitt,2025-06-29,2500.00
"TRANSPORT WORKERS UNION OF AMERICA, AFL-CIO",Transport Workers Union of America Political Contributions Committee,Frank MrVan,2025-06-29,1500.00
"TRANSPORT WORKERS UNION OF AMERICA, AFL-CIO",Transport Workers Union of America Political Contributions Committee,Brendan Boyle,2025-06-29,5000.00
"TRANSPORT WORKERS UNION OF AMERICA, AFL-CIO",Transport Workers Union of America Political Contributions Committee,Sustainable Energy and Environment Coalition PAC,2025-06-29,5000.00
"TRANSPORT WORKERS UNION OF AMERICA, AFL-CIO",Transport Workers Union of America Political Contributions Committee,Elect Democratic Women,2025-01-24,5000.00
"TRANSPORT WORKERS UNION OF AMERICA, AFL-CIO",Transport Workers Union of America Political Contributions Committee,Congressional Black Caucus PAC,2025-01-24,5000.00
"TRANSPORT WORKERS UNION OF AMERICA, AFL-CIO",Transport Workers Union of America Political Contributions Committee,Congressional Progressive Caucus PAC,2025-01-24,5000.00
"TRANSPORT WORKERS UNION OF AMERICA, AFL-CIO",Transport Workers Union of America Political Contributions Committee,Transportation Trades Department AFL-CIO (TTD PAC),2025-01-24,5000.00
"TRANSPORT WORKERS UNION OF AMERICA, AFL-CIO",Transport Workers Union of America Political Contributions Committee,Republican Mainstreet Partnership Pac,2025-01-24,5000.00
"TRANSPORT WORKERS UNION OF AMERICA, AFL-CIO",Transport Workers Union of America Political Contributions Committee,Democratic Party Of New Mexico - Federal,2025-01-24,1000.00
"TRANSPORT WORKERS UNION OF AMERICA, AFL-CIO",Transport Workers Union of America Political Contributions Committee,CHC Bold PAC,2025-01-24,5000.00
"TRANSPORT WORKERS UNION OF AMERICA, AFL-CIO",Transport Workers Union of America Political Contributions Committee,ASPIRE PAC,2025-01-24,5000.00
"TRANSPORT WORKERS UNION OF AMERICA, AFL-CIO",Transport Workers Union of America Political Contributions Committee,Republican Governance Group/Tuesday Group PAC,2025-02-21,5000.00
"TRANSPORT WORKERS UNION OF AMERICA, AFL-CIO",Transport Workers Union of America Political Contributions Committee,Luz Rivas,2025-02-21,2500.00
"TRANSPORT WORKERS UNION OF AMERICA, AFL-CIO",Transport Workers Union of America Political Contributions Committee,Hakeem Jeffries,2025-02-21,5000.00
"TRANSPORT WORKERS UNION OF AMERICA, AFL-CIO",Transport Workers Union of America Political Contributions Committee,Nikki Budzinski,2025-02-21,5000.00
"TRANSPORT WORKERS UNION OF AMERICA, AFL-CIO",Transport Workers Union of America Political Contributions Committee,Ritchie Torres,2025-02-21,5000.00
"TRANSPORT WORKERS UNION OF AMERICA, AFL-CIO",Transport Workers Union of America Political Contributions Committee,Michael Lawler,2025-02-21,5000.00
"TRANSPORT WORKERS UNION OF AMERICA, AFL-CIO",Transport Workers Union of America Political Contributions Committee,Hakeem Jeffries,2025-02-21,5000.00
"TRANSPORT WORKERS UNION OF AMERICA, AFL-CIO",Transport Workers Union of America Political Contributions Committee,Yassamin Ansari,2025-02-21,2500.00
"TRANSPORT WORKERS UNION OF AMERICA, AFL-CIO",Transport Workers Union of America Political Contributions Committee,Ritchie Torres,2025-02-21,5000.00
"TRANSPORT WORKERS UNION OF AMERICA, AFL-CIO",Transport Workers Union of America Political Contributions Committee,Michael Lawler,2025-02-21,5000.00
"TRANSPORT WORKERS UNION OF AMERICA, AFL-CIO",Transport Workers Union of America Political Contributions Committee,Valerie Hoyle,2025-02-21,2500.00
"TRANSPORT WORKERS UNION OF AMERICA, AFL-CIO",Transport Workers Union of America Political Contributions Committee,LaMonica McIver,2025-02-21,2500.00
"TRANSPORT WORKERS UNION OF AMERICA, AFL-CIO",Transport Workers Union of America Political Contributions Committee,George Whitesides,2025-02-21,2500.00
"TRANSPORT WORKERS UNION OF AMERICA, AFL-CIO",Transport Workers Union of America Political Contributions Committee,Sarah McBride,2025-02-21,2500.00
"TRANSPORT WORKERS UNION OF AMERICA, AFL-CIO",Transport Workers Union of America Political Contributions Committee,Hakeem Jeffries,2025-02-21,5000.00
"TRANSPORT WORKERS UNION OF AMERICA, AFL-CIO",Transport Workers Union of America Political Contributions Committee,Nikki Budzinski,2025-02-21,5000.00
"TRANSPORT WORKERS UNION OF AMERICA, AFL-CIO",Transport Workers Union of America Political Contributions Committee,Bennie Thompson,2025-02-21,5000.00
"TRANSPORT WORKERS UNION OF AMERICA, AFL-CIO",Transport Workers Union of America Political Contributions Committee,Lateefah Simon,2025-02-21,2500.00
"TRANSPORT WORKERS UNION OF AMERICA, AFL-CIO",Transport Workers Union of America Political Contributions Committee,Julie Johnson,2025-02-21,2500.00
"TRANSPORT WORKERS UNION OF AMERICA, AFL-CIO",Transport Workers Union of America Political Contributions Committee,Angie Craig,2025-02-21,2500.00
"TRANSPORT WORKERS UNION OF AMERICA, AFL-CIO",Transport Workers Union of America Political Contributions Committee,Nikki Budzinski,2025-02-21,5000.00
"TRANSPORT WORKERS UNION OF AMERICA, AFL-CIO",Transport Workers Union of America Political Contributions Committee,Bennie Thompson,2025-02-21,5000.00
"TRANSPORT WORKERS UNION OF AMERICA, AFL-CIO",Transport Workers Union of America Political Contributions Committee,TIMOTHY KENNEDY,2025-02-21,5000.00
"TRANSPORT WORKERS UNION OF AMERICA, AFL-CIO",Transport Workers Union of America Political Contributions Committee,Adam Gray,2025-02-21,2500.00
"TRANSPORT WORKERS UNION OF AMERICA, AFL-CIO",Transport Workers Union of America Political Contributions Committee,Ben Lujan,2025-03-18,2500.00
"TRANSPORT WORKERS UNION OF AMERICA, AFL-CIO",Transport Workers Union of America Political Contributions Committee,Darren Soto,2025-03-18,1000.00
"TRANSPORT WORKERS UNION OF AMERICA, AFL-CIO",Transport Workers Union of America Political Contributions Committee,Mike Quigley,2025-03-18,2500.00
"TRANSPORT WORKERS UNION OF AMERICA, AFL-CIO",Transport Workers Union of America Political Contributions Committee,John Mannion,2025-03-18,2500.00
"TRANSPORT WORKERS UNION OF AMERICA, AFL-CIO",Transport Workers Union of America Political Contributions Committee,Andrew Garbarino,2025-03-18,5000.00
"TRANSPORT WORKERS UNION OF AMERICA, AFL-CIO",Transport Workers Union of America Political Contributions Committee,Chris Deluzio,2025-03-18,2500.00
"TRANSPORT WORKERS UNION OF AMERICA, AFL-CIO",Transport Workers Union of America Political Contributions Committee,Don Bacon,2025-03-18,5000.00
"TRANSPORT WORKERS UNION OF AMERICA, AFL-CIO",Transport Workers Union of America Political Contributions Committee,Edward Markey,2025-03-18,2500.00
"TRANSPORT WORKERS UNION OF AMERICA, AFL-CIO",Transport Workers Union of America Political Contributions Committee,Melanie Stansbury,2025-03-18,2500.00
"TRANSPORT WORKERS UNION OF AMERICA, AFL-CIO",Transport Workers Union of America Political Contributions Committee,Delia Ramirez,2025-03-18,1500.00
"TRANSPORT WORKERS UNION OF AMERICA, AFL-CIO",Transport Workers Union of America Political Contributions Committee,Grace Meng,2025-03-18,2000.00
"TRANSPORT WORKERS UNION OF AMERICA, AFL-CIO",Transport Workers Union of America Political Contributions Committee,Jesus Garcia,2025-03-18,2500.00
"TRANSPORT WORKERS UNION OF AMERICA, AFL-CIO",Transport Workers Union of America Political Contributions Committee,Sarah Elfreth,2025-03-18,1000.00
"TRANSPORT WORKERS UNION OF AMERICA, AFL-CIO",Transport Workers Union of America Political Contributions Committee,Mike Bost,2025-03-18,2500.00
"TRANSPORT WORKERS UNION OF AMERICA, AFL-CIO",Transport Workers Union of America Political Contributions Committee,Julia Brownley,2025-03-18,5000.00
"TRANSPORT WORKERS UNION OF AMERICA, AFL-CIO",Transport Workers Union of America Political Contributions Committee,Emilia Sykes,2025-03-18,1500.00
"TRANSPORT WORKERS UNION OF AMERICA, AFL-CIO",Transport Workers Union of America Political Contributions Committee,Patrick Ryan,2025-03-18,2500.00
"TRANSPORT WORKERS UNION OF AMERICA, AFL-CIO",Transport Workers Union of America Political Contributions Committee,Donald Norcross,2025-03-18,5000.00
"TRANSPORT WORKERS UNION OF AMERICA, AFL-CIO",Transport Workers Union of America Political Contributions Committee,Nick LaLota,2025-03-18,5000.00
"TRANSPORT WORKERS UNION OF AMERICA, AFL-CIO",Transport Workers Union of America Political Contributions Committee,Adriano Espaillat,2025-03-18,5000.00
"TRANSPORT WORKERS UNION OF AMERICA, AFL-CIO",Transport Workers Union of America Political Contributions Committee,Julia Brownley,2025-03-18,5000.00
"TRANSPORT WORKERS UNION OF AMERICA, AFL-CIO",Transport Workers Union of America Political Contributions Committee,Lori Trahan,2025-03-18,5000.00
"TRANSPORT WORKERS UNION OF AMERICA, AFL-CIO",Transport Workers Union of America Political Contributions Committee,Mary Gay Scanlon,2025-03-18,1500.00
"TRANSPORT WORKERS UNION OF AMERICA, AFL-CIO",Transport Workers Union of America Political Contributions Committee,Mark Pocan,2025-03-18,2500.00
"TRANSPORT WORKERS UNION OF AMERICA, AFL-CIO",Transport Workers Union of America Political Contributions Committee,George Latimer,2025-03-18,2500.00
"TRANSPORT WORKERS UNION OF AMERICA, AFL-CIO",Transport Workers Union of America Political Contributions Committee,Laura Friedman,2025-03-18,2500.00
"TRANSPORT WORKERS UNION OF AMERICA, AFL-CIO",Transport Workers Union of America Political Contributions Committee,Greg Casar,2025-03-18,1000.00
"TRANSPORT WORKERS UNION OF AMERICA, AFL-CIO",Transport Workers Union of America Political Contributions Committee,Michael Turner,2025-03-18,1000.00
"TRANSPORT WORKERS UNION OF AMERICA, AFL-CIO",Transport Workers Union of America Political Contributions Committee,Hillary Scholten,2025-03-18,1500.00
"TRANSPORT WORKERS UNION OF AMERICA, AFL-CIO",Transport Workers Union of America Political Contributions Committee,NELIDA POU,2025-03-18,1500.00
"TRANSPORT WORKERS UNION OF AMERICA, AFL-CIO",Transport Workers Union of America Political Contributions Committee,Nicole Malliotakis,2025-03-18,2500.00
"TRANSPORT WORKERS UNION OF AMERICA, AFL-CIO",Transport Workers Union of America Political Contributions Committee,Maxwell Alejandro Frost,2025-03-18,2500.00
"TRANSPORT WORKERS UNION OF AMERICA, AFL-CIO",Transport Workers Union of America Political Contributions Committee,Yvette Clarke,2025-03-18,5000.00
"TRANSPORT WORKERS UNION OF AMERICA, AFL-CIO",Transport Workers Union of America Political Contributions Committee,Dem Sen Camp Cmte(DSCC)-Federal Acct,2025-03-18,45000.00
"TRANSPORT WORKERS UNION OF AMERICA, AFL-CIO",Transport Workers Union of America Political Contributions Committee,Dina Titus,2025-03-18,5000.00
"TRANSPORT WORKERS UNION OF AMERICA, AFL-CIO",Transport Workers Union of America Political Contributions Committee,Andrea Salinas,2025-03-18,1000.00
"TRANSPORT WORKERS UNION OF AMERICA, AFL-CIO",Transport Workers Union of America Political Contributions Committee,Chris Pappas,2025-03-18,5000.00
"TRANSPORT WORKERS UNION OF AMERICA, AFL-CIO",Transport Workers Union of America Political Contributions Committee,Rick Larsen,2025-03-18,5000.00
"TRANSPORT WORKERS UNION OF AMERICA, AFL-CIO",Transport Workers Union of America Political Contributions Committee,Shomari Figures,2025-03-18,1000.00
"TRANSPORT WORKERS UNION OF AMERICA, AFL-CIO",Transport Workers Union of America Political Contributions Committee,Andre Carson,2025-03-18,1000.00
"TRANSPORT WORKERS UNION OF AMERICA, AFL-CIO",Transport Workers Union of America Political Contributions Committee,Christopher Deluzio,2025-03-18,5000.00
"TRANSPORT WORKERS UNION OF AMERICA, AFL-CIO",Transport Workers Union of America Political Contributions Committee,Dem Cong Camp Cmte(DCCC)-Federal Acct,2025-03-18,45000.00
"TRANSPORT WORKERS UNION OF AMERICA, AFL-CIO",Transport Workers Union of America Political Contributions Committee,Dem Cong Camp Cmte(DCCC)-Federal Acct,2025-03-18,15000.00
"TRANSPORT WORKERS UNION OF AMERICA, AFL-CIO",Transport Workers Union of America Political Contributions Committee,Republican Italian American Committee,2025-03-18,1000.00
"TRANSPORT WORKERS UNION OF AMERICA, AFL-CIO",Transport Workers Union of America Political Contributions Committee,Dem Sen Camp Cmte(DSCC)-Federal Acct,2025-03-18,15000.00
"TRANSPORT WORKERS UNION OF AMERICA, AFL-CIO",Transport Workers Union of America Political Contributions Committee,Marc Veasey,2025-04-22,1000.00
"TRANSPORT WORKERS UNION OF AMERICA, AFL-CIO",Transport Workers Union of America Political Contributions Committee,Madeleine Dean,2025-04-22,1500.00
"TRANSPORT WORKERS UNION OF AMERICA, AFL-CIO",Transport Workers Union of America Political Contributions Committee,Kristen McDonald Rivet,2025-04-22,1500.00
"TRANSPORT WORKERS UNION OF AMERICA, AFL-CIO",Transport Workers Union of America Political Contributions Committee,Andre Carson,2025-04-22,1500.00
"TRANSPORT WORKERS UNION OF AMERICA, AFL-CIO",Transport Workers Union of America Political Contributions Committee,David Rouzer,2025-04-22,2500.00
"TRANSPORT WORKERS UNION OF AMERICA, AFL-CIO",Transport Workers Union of America Political Contributions Committee,Sharice Davids,2025-04-22,1500.00
"TRANSPORT WORKERS UNION OF AMERICA, AFL-CIO",Transport Workers Union of America Political Contributions Committee,Dwight Evans,2025-04-22,5000.00
"TRANSPORT WORKERS UNION OF AMERICA, AFL-CIO",Transport Workers Union of America Political Contributions Committee,Eleanor Holmes Norton,2025-04-22,1500.00
"TRANSPORT WORKERS UNION OF AMERICA, AFL-CIO",Transport Workers Union of America Political Contributions Committee,Rob Bresnahan,2025-04-22,2500.00
"TRANSPORT WORKERS UNION OF AMERICA, AFL-CIO",Transport Workers Union of America Political Contributions Committee,Brian Fitzpatrick,2025-04-22,5000.00
"TRANSPORT WORKERS UNION OF AMERICA, AFL-CIO",Transport Workers Union of America Political Contributions Committee,Brian Fitzpatrick,2025-04-22,5000.00
"TRANSPORT WORKERS UNION OF AMERICA, AFL-CIO",Transport Workers Union of America Political Contributions Committee,Frederica Wilson,2025-04-22,2000.00
"TRANSPORT WORKERS UNION OF AMERICA, AFL-CIO",Transport Workers Union of America Political Contributions Committee,Rosa DeLauro,2025-04-22,5000.00
"TRANSPORT WORKERS UNION OF AMERICA, AFL-CIO",Transport Workers Union of America Political Contributions Committee,Nicole Malliotakis,2025-04-22,2500.00
"TRANSPORT WORKERS UNION OF AMERICA, AFL-CIO",Transport Workers Union of America Political Contributions Committee,Rick Larsen,2025-05-29,5000.00
"TRANSPORT WORKERS UNION OF AMERICA, AFL-CIO",Transport Workers Union of America Political Contributions Committee,Brendan Boyle,2025-06-29,5000.00
"TRANSPORT WORKERS UNION OF AMERICA, AFL-CIO",Transport Workers Union of America Political Contributions Committee,Christopher Smith,2025-06-29,2500.00
"TRANSPORT WORKERS UNION OF AMERICA, AFL-CIO",Transport Workers Union of America Political Contributions Committee,Valerie Foushee,2025-06-29,1500.00
"TRANSPORT WORKERS UNION OF AMERICA, AFL-CIO",Transport Workers Union of America Political Contributions Committee,Donald Norcross,2025-06-29,5000.00
"TRANSPORT WORKERS UNION OF AMERICA, AFL-CIO",Transport Workers Union of America Political Contributions Committee,Tom Suozzi,2025-06-29,5000.00
"TRANSPORT WORKERS UNION OF AMERICA, AFL-CIO",Transport Workers Union of America Political Contributions Committee,Ted Lieu,2025-06-29,1000.00
"TRANSPORT WORKERS UNION OF AMERICA, AFL-CIO",Transport Workers Union of America Political Contributions Committee,Debbie Dingell,2025-06-29,5000.00
"TRANSPORT WORKERS UNION OF AMERICA, AFL-CIO",Transport Workers Union of America Political Contributions Committee,Sheila Cherfilus McCormick,2025-06-29,1000.00
"TRANSPORT WORKERS UNION OF AMERICA, AFL-CIO",Transport Workers Union of America Political Contributions Committee,Charles Schumer,2025-06-29,5000.00
"TRANSPORT WORKERS UNION OF AMERICA, AFL-CIO",Transport Workers Union of America Political Contributions Committee,Jill Tokuda,2025-06-29,1000.00
"TRANSPORT WORKERS UNION OF AMERICA, AFL-CIO",Transport Workers Union of America Political Contributions Committee,Maxwell Alejandro Frost,2025-06-29,2500.00
"TRANSPORT WORKERS UNION OF AMERICA, AFL-CIO",Transport Workers Union of America Political Contributions Committee,Daniel Hernandez,2025-06-29,2500.00
"TRANSPORT WORKERS UNION OF AMERICA, AFL-CIO",Transport Workers Union of America Political Contributions Committee,Nicole Malliotakis,2025-06-29,5000.00
"TRANSPORT WORKERS UNION OF AMERICA, AFL-CIO",Transport Workers Union of America Political Contributions Committee,Brad Schneider,2025-06-29,2500.00
"TRANSPORT WORKERS UNION OF AMERICA, AFL-CIO",Transport Workers Union of America Political Contributions Committee,George Latimer,2025-06-29,2500.00
"TRANSPORT WORKERS UNION OF AMERICA, AFL-CIO",Transport Workers Union of America Political Contributions Committee,Mark DeSaulnier,2025-06-29,2500.00
"TRANSPORT WORKERS UNION OF AMERICA, AFL-CIO",Transport Workers Union of America Political Contributions Committee,Andre Carson,2025-06-29,2500.00
"TRANSPORT WORKERS UNION OF AMERICA, AFL-CIO",Transport Workers Union of America Political Contributions Committee,Nikema Williams,2025-06-29,1000.00
"TRANSPORT WORKERS UNION OF AMERICA, AFL-CIO",Transport Workers Union of America Political Contributions Committee,Marcy Kaptur,2025-06-29,1500.00
"TRANSPORT WORKERS UNION OF AMERICA, AFL-CIO",Transport Workers Union of America Political Contributions Committee,Eric Sorensen,2025-06-29,2500.00
"TRANSPORT WORKERS UNION OF AMERICA, AFL-CIO",Transport Workers Union of America Political Contributions Committee,Mark Pocan,2025-06-29,5000.00
"TRANSPORT WORKERS UNION OF AMERICA, AFL-CIO",Transport Workers Union of America Political Contributions Committee,Pete Aguilar,2025-06-29,5000.00
"TRANSPORT WORKERS UNION OF AMERICA, AFL-CIO",Transport Workers Union of America Political Contributions Committee,John Mannion,2025-06-29,2500.00
"TRANSPORT WORKERS UNION OF AMERICA, AFL-CIO",Transport Workers Union of America Political Contributions Committee,Laura Friedman,2025-06-29,2500.00
"TRANSPORT WORKERS UNION OF AMERICA, AFL-CIO",Transport Workers Union of America Political Contributions Committee,Katherine Clark,2025-06-29,5000.00
"TRANSPORT WORKERS UNION OF AMERICA, AFL-CIO",Transport Workers Union of America Political Contributions Committee,Rosa DeLauro,2025-06-29,5000.00
"TRANSPORT WORKERS UNION OF AMERICA, AFL-CIO",Transport Workers Union of America Political Contributions Committee,Deborah Ross,2025-06-29,2500.00
"TRANSPORT WORKERS UNION OF AMERICA, AFL-CIO",Transport Workers Union of America Political Contributions Committee,Daniel Goldman,2025-06-29,2500.00
"TRANSPORT WORKERS UNION OF AMERICA, AFL-CIO",Transport Workers Union of America Political Contributions Committee,Chris Deluzio,2025-06-29,2500.00
"TRANSPORT WORKERS UNION OF AMERICA, AFL-CIO",Transport Workers Union of America Political Contributions Committee,Pete Aguilar,2025-06-29,5000.00
"TRANSPORT WORKERS UNION OF AMERICA, AFL-CIO",Transport Workers Union of America Political Contributions Committee,Darren Soto,2025-06-29,2000.00
"TRANSPORT WORKERS UNION OF AMERICA, AFL-CIO",Transport Workers Union of America Political Contributions Committee,Paul Tonko,2025-06-29,1500.00
"TRANSPORT WORKERS UNION OF AMERICA, AFL-CIO",Transport Workers Union of America Political Contributions Committee,Maxwell Alejandro Frost,2025-06-29,2500.00
"TRANSPORT WORKERS UNION OF AMERICA, AFL-CIO",Transport Workers Union of America Political Contributions Committee,Nick Lalota,2025-06-29,2500.00
"TRANSPORT WORKERS UNION OF AMERICA, AFL-CIO",Transport Workers Union of America Political Contributions Committee,Equality PAC,2025-06-29,5000.00
"TRANSPORT WORKERS UNION OF AMERICA, AFL-CIO",Transport Workers Union of America Political Contributions Committee,Brian Schatz,2025-06-29,5000.00
"TRANSPORT WORKERS UNION OF AMERICA, AFL-CIO",Transport Workers Union of America Political Contributions Committee,Katherine Clark,2025-06-29,5000.00
"TRANSPORT WORKERS UNION OF AMERICA, AFL-CIO",Transport Workers Union of America Political Contributions Committee,Joe Morelle,2025-06-29,5000.00
"TRANSPORT WORKERS UNION OF AMERICA, AFL-CIO",Transport Workers Union of America Political Contributions Committee,Laura Gillen,2025-06-29,2500.00
"TRANSPORT WORKERS UNION OF AMERICA, AFL-CIO",Transport Workers Union of America Political Contributions Committee,Angie Craig,2025-06-29,2500.00
"TRANSPORT WORKERS UNION OF AMERICA, AFL-CIO",Transport Workers Union of America Political Contributions Committee,Adriano Espaillat,2025-06-29,5000.00
"TRANSPORT WORKERS UNION OF AMERICA, AFL-CIO",Transport Workers Union of America Political Contributions Committee,TIMOTHY KENNEDY,2025-06-29,5000.00
"TRANSPORT WORKERS UNION OF AMERICA, AFL-CIO",Transport Workers Union of America Political Contributions Committee,Kirsten Gillibrand,2025-06-29,5000.00
"TRANSPORT WORKERS UNION OF AMERICA, AFL-CIO",Transport Workers Union of America Political Contributions Committee,Patrick Ryan,2025-06-29,2500.00
"TRANSPORT WORKERS UNION OF AMERICA, AFL-CIO",Transport Workers Union of America Political Contributions Committee,Steven Horsford,2025-06-29,5000.00
"TRANSPORT WORKERS UNION OF AMERICA, AFL-CIO",Transport Workers Union of America Political Contributions Committee,Timothy Kennedy,2025-06-29,5000.00
"TRANSPORT WORKERS UNION OF AMERICA, AFL-CIO",Transport Workers Union of America Political Contributions Committee,Joyce Beatty,2025-06-29,1000.00
"TRANSPORT WORKERS UNION OF AMERICA, AFL-CIO",Transport Workers Union of America Political Contributions Committee,Nydia Velazquez,2025-06-29,1000.00
"TRANSPORT WORKERS UNION OF AMERICA, AFL-CIO",Transport Workers Union of America Political Contributions Committee,Pramila Jayapal,2025-06-29,1500.00
"TRANSPORT WORKERS UNION OF AMERICA, AFL-CIO",Transport Workers Union of America Political Contributions Committee,Marilyn Strickland,2025-06-29,1500.00
"TRANSPORT WORKERS UNION OF AMERICA, AFL-CIO",Transport Workers Union of America Political Contributions Committee,Nick Lalota,2025-06-29,2500.00
"TRANSPORT WORKERS UNION OF AMERICA, AFL-CIO",Transport Workers Union of America Political Contributions Committee,Eric Schmitt,2025-06-29,2500.00
"TRANSPORT WORKERS UNION OF AMERICA, AFL-CIO",Transport Workers Union of America Political Contributions Committee,Frank MrVan,2025-06-29,1500.00
"TRANSPORT WORKERS UNION OF AMERICA, AFL-CIO",Transport Workers Union of America Political Contributions Committee,Brendan Boyle,2025-06-29,5000.00
"TRANSPORT WORKERS UNION OF AMERICA, AFL-CIO",Transport Workers Union of America Political Contributions Committee,Sustainable Energy and Environment Coalition PAC,2025-06-29,5000.00
"TRANSPORT WORKERS UNION OF AMERICA, AFL-CIO",Transport Workers Union of America Political Contributions Committee,Elect Democratic Women,2025-01-24,5000.00
"TRANSPORT WORKERS UNION OF AMERICA, AFL-CIO",Transport Workers Union of America Political Contributions Committee,Congressional Black Caucus PAC,2025-01-24,5000.00
"TRANSPORT WORKERS UNION OF AMERICA, AFL-CIO",Transport Workers Union of America Political Contributions Committee,Congressional Progressive Caucus PAC,2025-01-24,5000.00
"TRANSPORT WORKERS UNION OF AMERICA, AFL-CIO",Transport Workers Union of America Political Contributions Committee,Transportation Trades Department AFL-CIO (TTD PAC),2025-01-24,5000.00
"TRANSPORT WORKERS UNION OF AMERICA, AFL-CIO",Transport Workers Union of America Political Contributions Committee,Republican Mainstreet Partnership Pac,2025-01-24,5000.00
"TRANSPORT WORKERS UNION OF AMERICA, AFL-CIO",Transport Workers Union of America Political Contributions Committee,Democratic Party Of New Mexico - Federal,2025-01-24,1000.00
"TRANSPORT WORKERS UNION OF AMERICA, AFL-CIO",Transport Workers Union of America Political Contributions Committee,CHC Bold PAC,2025-01-24,5000.00
"TRANSPORT WORKERS UNION OF AMERICA, AFL-CIO",Transport Workers Union of America Political Contributions Committee,ASPIRE PAC,2025-01-24,5000.00
"TRANSPORT WORKERS UNION OF AMERICA, AFL-CIO",Transport Workers Union of America Political Contributions Committee,Republican Governance Group/Tuesday Group PAC,2025-02-21,5000.00
"TRANSPORT WORKERS UNION OF AMERICA, AFL-CIO",Transport Workers Union of America Political Contributions Committee,Luz Rivas,2025-02-21,2500.00
"TRANSPORT WORKERS UNION OF AMERICA, AFL-CIO",Transport Workers Union of America Political Contributions Committee,Hakeem Jeffries,2025-02-21,5000.00
"TRANSPORT WORKERS UNION OF AMERICA, AFL-CIO",Transport Workers Union of America Political Contributions Committee,Nikki Budzinski,2025-02-21,5000.00
"TRANSPORT WORKERS UNION OF AMERICA, AFL-CIO",Transport Workers Union of America Political Contributions Committee,Ritchie Torres,2025-02-21,5000.00
"TRANSPORT WORKERS UNION OF AMERICA, AFL-CIO",Transport Workers Union of America Political Contributions Committee,Michael Lawler,2025-02-21,5000.00
"TRANSPORT WORKERS UNION OF AMERICA, AFL-CIO",Transport Workers Union of America Political Contributions Committee,Hakeem Jeffries,2025-02-21,5000.00
"TRANSPORT WORKERS UNION OF AMERICA, AFL-CIO",Transport Workers Union of America Political Contributions Committee,Yassamin Ansari,2025-02-21,2500.00
"TRANSPORT WORKERS UNION OF AMERICA, AFL-CIO",Transport Workers Union of America Political Contributions Committee,Ritchie Torres,2025-02-21,5000.00
"TRANSPORT WORKERS UNION OF AMERICA, AFL-CIO",Transport Workers Union of America Political Contributions Committee,Michael Lawler,2025-02-21,5000.00
"TRANSPORT WORKERS UNION OF AMERICA, AFL-CIO",Transport Workers Union of America Political Contributions Committee,Valerie Hoyle,2025-02-21,2500.00
"TRANSPORT WORKERS UNION OF AMERICA, AFL-CIO",Transport Workers Union of America Political Contributions Committee,LaMonica McIver,2025-02-21,2500.00
"TRANSPORT WORKERS UNION OF AMERICA, AFL-CIO",Transport Workers Union of America Political Contributions Committee,George Whitesides,2025-02-21,2500.00
"TRANSPORT WORKERS UNION OF AMERICA, AFL-CIO",Transport Workers Union of America Political Contributions Committee,Sarah McBride,2025-02-21,2500.00
"TRANSPORT WORKERS UNION OF AMERICA, AFL-CIO",Transport Workers Union of America Political Contributions Committee,Hakeem Jeffries,2025-02-21,5000.00
"TRANSPORT WORKERS UNION OF AMERICA, AFL-CIO",Transport Workers Union of America Political Contributions Committee,Nikki Budzinski,2025-02-21,5000.00
"TRANSPORT WORKERS UNION OF AMERICA, AFL-CIO",Transport Workers Union of America Political Contributions Committee,Bennie Thompson,2025-02-21,5000.00
"TRANSPORT WORKERS UNION OF AMERICA, AFL-CIO",Transport Workers Union of America Political Contributions Committee,Lateefah Simon,2025-02-21,2500.00
"TRANSPORT WORKERS UNION OF AMERICA, AFL-CIO",Transport Workers Union of America Political Contributions Committee,Julie Johnson,2025-02-21,2500.00
"TRANSPORT WORKERS UNION OF AMERICA, AFL-CIO",Transport Workers Union of America Political Contributions Committee,Angie Craig,2025-02-21,2500.00
"TRANSPORT WORKERS UNION OF AMERICA, AFL-CIO",Transport Workers Union of America Political Contributions Committee,Nikki Budzinski,2025-02-21,5000.00
"TRANSPORT WORKERS UNION OF AMERICA, AFL-CIO",Transport Workers Union of America Political Contributions Committee,Bennie Thompson,2025-02-21,5000.00
"TRANSPORT WORKERS UNION OF AMERICA, AFL-CIO",Transport Workers Union of America Political Contributions Committee,TIMOTHY KENNEDY,2025-02-21,5000.00
"TRANSPORT WORKERS UNION OF AMERICA, AFL-CIO",Transport Workers Union of America Political Contributions Committee,Adam Gray,2025-02-21,2500.00
"TRANSPORT WORKERS UNION OF AMERICA, AFL-CIO",Transport Workers Union of America Political Contributions Committee,Ben Lujan,2025-03-18,2500.00
"TRANSPORT WORKERS UNION OF AMERICA, AFL-CIO",Transport Workers Union of America Political Contributions Committee,Darren Soto,2025-03-18,1000.00
"TRANSPORT WORKERS UNION OF AMERICA, AFL-CIO",Transport Workers Union of America Political Contributions Committee,Mike Quigley,2025-03-18,2500.00
"TRANSPORT WORKERS UNION OF AMERICA, AFL-CIO",Transport Workers Union of America Political Contributions Committee,John Mannion,2025-03-18,2500.00
"TRANSPORT WORKERS UNION OF AMERICA, AFL-CIO",Transport Workers Union of America Political Contributions Committee,Andrew Garbarino,2025-03-18,5000.00
"TRANSPORT WORKERS UNION OF AMERICA, AFL-CIO",Transport Workers Union of America Political Contributions Committee,Chris Deluzio,2025-03-18,2500.00
"TRANSPORT WORKERS UNION OF AMERICA, AFL-CIO",Transport Workers Union of America Political Contributions Committee,Don Bacon,2025-03-18,5000.00
"TRANSPORT WORKERS UNION OF AMERICA, AFL-CIO",Transport Workers Union of America Political Contributions Committee,Edward Markey,2025-03-18,2500.00
"TRANSPORT WORKERS UNION OF AMERICA, AFL-CIO",Transport Workers Union of America Political Contributions Committee,Melanie Stansbury,2025-03-18,2500.00
"TRANSPORT WORKERS UNION OF AMERICA, AFL-CIO",Transport Workers Union of America Political Contributions Committee,Delia Ramirez,2025-03-18,1500.00
"TRANSPORT WORKERS UNION OF AMERICA, AFL-CIO",Transport Workers Union of America Political Contributions Committee,Grace Meng,2025-03-18,2000.00
"TRANSPORT WORKERS UNION OF AMERICA, AFL-CIO",Transport Workers Union of America Political Contributions Committee,Jesus Garcia,2025-03-18,2500.00
"TRANSPORT WORKERS UNION OF AMERICA, AFL-CIO",Transport Workers Union of America Political Contributions Committee,Sarah Elfreth,2025-03-18,1000.00
"TRANSPORT WORKERS UNION OF AMERICA, AFL-CIO",Transport Workers Union of America Political Contributions Committee,Mike Bost,2025-03-18,2500.00
"TRANSPORT WORKERS UNION OF AMERICA, AFL-CIO",Transport Workers Union of America Political Contributions Committee,Julia Brownley,2025-03-18,5000.00
"TRANSPORT WORKERS UNION OF AMERICA, AFL-CIO",Transport Workers Union of America Political Contributions Committee,Emilia Sykes,2025-03-18,1500.00
"TRANSPORT WORKERS UNION OF AMERICA, AFL-CIO",Transport Workers Union of America Political Contributions Committee,Patrick Ryan,2025-03-18,2500.00
"TRANSPORT WORKERS UNION OF AMERICA, AFL-CIO",Transport Workers Union of America Political Contributions Committee,Donald Norcross,2025-03-18,5000.00
"TRANSPORT WORKERS UNION OF AMERICA, AFL-CIO",Transport Workers Union of America Political Contributions Committee,Nick LaLota,2025-03-18,5000.00
"TRANSPORT WORKERS UNION OF AMERICA, AFL-CIO",Transport Workers Union of America Political Contributions Committee,Adriano Espaillat,2025-03-18,5000.00
"TRANSPORT WORKERS UNION OF AMERICA, AFL-CIO",Transport Workers Union of America Political Contributions Committee,Julia Brownley,2025-03-18,5000.00
"TRANSPORT WORKERS UNION OF AMERICA, AFL-CIO",Transport Workers Union of America Political Contributions Committee,Lori Trahan,2025-03-18,5000.00
"TRANSPORT WORKERS UNION OF AMERICA, AFL-CIO",Transport Workers Union of America Political Contributions Committee,Mary Gay Scanlon,2025-03-18,1500.00
"TRANSPORT WORKERS UNION OF AMERICA, AFL-CIO",Transport Workers Union of America Political Contributions Committee,Mark Pocan,2025-03-18,2500.00
"TRANSPORT WORKERS UNION OF AMERICA, AFL-CIO",Transport Workers Union of America Political Contributions Committee,George Latimer,2025-03-18,2500.00
"TRANSPORT WORKERS UNION OF AMERICA, AFL-CIO",Transport Workers Union of America Political Contributions Committee,Laura Friedman,2025-03-18,2500.00
"TRANSPORT WORKERS UNION OF AMERICA, AFL-CIO",Transport Workers Union of America Political Contributions Committee,Greg Casar,2025-03-18,1000.00
"TRANSPORT WORKERS UNION OF AMERICA, AFL-CIO",Transport Workers Union of America Political Contributions Committee,Michael Turner,2025-03-18,1000.00
"TRANSPORT WORKERS UNION OF AMERICA, AFL-CIO",Transport Workers Union of America Political Contributions Committee,Hillary Scholten,2025-03-18,1500.00
"TRANSPORT WORKERS UNION OF AMERICA, AFL-CIO",Transport Workers Union of America Political Contributions Committee,NELIDA POU,2025-03-18,1500.00
"TRANSPORT WORKERS UNION OF AMERICA, AFL-CIO",Transport Workers Union of America Political Contributions Committee,Nicole Malliotakis,2025-03-18,2500.00
"TRANSPORT WORKERS UNION OF AMERICA, AFL-CIO",Transport Workers Union of America Political Contributions Committee,Maxwell Alejandro Frost,2025-03-18,2500.00
"TRANSPORT WORKERS UNION OF AMERICA, AFL-CIO",Transport Workers Union of America Political Contributions Committee,Yvette Clarke,2025-03-18,5000.00
"TRANSPORT WORKERS UNION OF AMERICA, AFL-CIO",Transport Workers Union of America Political Contributions Committee,Dem Sen Camp Cmte(DSCC)-Federal Acct,2025-03-18,45000.00
"TRANSPORT WORKERS UNION OF AMERICA, AFL-CIO",Transport Workers Union of America Political Contributions Committee,Dina Titus,2025-03-18,5000.00
"TRANSPORT WORKERS UNION OF AMERICA, AFL-CIO",Transport Workers Union of America Political Contributions Committee,Andrea Salinas,2025-03-18,1000.00
"TRANSPORT WORKERS UNION OF AMERICA, AFL-CIO",Transport Workers Union of America Political Contributions Committee,Chris Pappas,2025-03-18,5000.00
"TRANSPORT WORKERS UNION OF AMERICA, AFL-CIO",Transport Workers Union of America Political Contributions Committee,Rick Larsen,2025-03-18,5000.00
"TRANSPORT WORKERS UNION OF AMERICA, AFL-CIO",Transport Workers Union of America Political Contributions Committee,Shomari Figures,2025-03-18,1000.00
"TRANSPORT WORKERS UNION OF AMERICA, AFL-CIO",Transport Workers Union of America Political Contributions Committee,Andre Carson,2025-03-18,1000.00
"TRANSPORT WORKERS UNION OF AMERICA, AFL-CIO",Transport Workers Union of America Political Contributions Committee,Christopher Deluzio,2025-03-18,5000.00
"TRANSPORT WORKERS UNION OF AMERICA, AFL-CIO",Transport Workers Union of America Political Contributions Committee,Dem Cong Camp Cmte(DCCC)-Federal Acct,2025-03-18,45000.00
"TRANSPORT WORKERS UNION OF AMERICA, AFL-CIO",Transport Workers Union of America Political Contributions Committee,Dem Cong Camp Cmte(DCCC)-Federal Acct,2025-03-18,15000.00
"TRANSPORT WORKERS UNION OF AMERICA, AFL-CIO",Transport Workers Union of America Political Contributions Committee,Republican Italian American Committee,2025-03-18,1000.00
"TRANSPORT WORKERS UNION OF AMERICA, AFL-CIO",Transport Workers Union of America Political Contributions Committee,Dem Sen Camp Cmte(DSCC)-Federal Acct,2025-03-18,15000.00
"TRANSPORT WORKERS UNION OF AMERICA, AFL-CIO",Transport Workers Union of America Political Contributions Committee,Marc Veasey,2025-04-22,1000.00
"TRANSPORT WORKERS UNION OF AMERICA, AFL-CIO",Transport Workers Union of America Political Contributions Committee,Madeleine Dean,2025-04-22,1500.00
"TRANSPORT WORKERS UNION OF AMERICA, AFL-CIO",Transport Workers Union of America Political Contributions Committee,Kristen McDonald Rivet,2025-04-22,1500.00
"TRANSPORT WORKERS UNION OF AMERICA, AFL-CIO",Transport Workers Union of America Political Contributions Committee,Andre Carson,2025-04-22,1500.00
"TRANSPORT WORKERS UNION OF AMERICA, AFL-CIO",Transport Workers Union of America Political Contributions Committee,David Rouzer,2025-04-22,2500.00
"TRANSPORT WORKERS UNION OF AMERICA, AFL-CIO",Transport Workers Union of America Political Contributions Committee,Sharice Davids,2025-04-22,1500.00
"TRANSPORT WORKERS UNION OF AMERICA, AFL-CIO",Transport Workers Union of America Political Contributions Committee,Dwight Evans,2025-04-22,5000.00
"TRANSPORT WORKERS UNION OF AMERICA, AFL-CIO",Transport Workers Union of America Political Contributions Committee,Eleanor Holmes Norton,2025-04-22,1500.00
"TRANSPORT WORKERS UNION OF AMERICA, AFL-CIO",Transport Workers Union of America Political Contributions Committee,Rob Bresnahan,2025-04-22,2500.00
"TRANSPORT WORKERS UNION OF AMERICA, AFL-CIO",Transport Workers Union of America Political Contributions Committee,Brian Fitzpatrick,2025-04-22,5000.00
"TRANSPORT WORKERS UNION OF AMERICA, AFL-CIO",Transport Workers Union of America Political Contributions Committee,Brian Fitzpatrick,2025-04-22,5000.00
"TRANSPORT WORKERS UNION OF AMERICA, AFL-CIO",Transport Workers Union of America Political Contributions Committee,Frederica Wilson,2025-04-22,2000.00
"TRANSPORT WORKERS UNION OF AMERICA, AFL-CIO",Transport Workers Union of America Political Contributions Committee,Rosa DeLauro,2025-04-22,5000.00
"TRANSPORT WORKERS UNION OF AMERICA, AFL-CIO",Transport Workers Union of America Political Contributions Committee,Nicole Malliotakis,2025-04-22,2500.00
"TRANSPORT WORKERS UNION OF AMERICA, AFL-CIO",Transport Workers Union of America Political Contributions Committee,Rick Larsen,2025-05-29,5000.00
"TRANSPORT WORKERS UNION OF AMERICA, AFL-CIO",Transport Workers Union of America Political Contributions Committee,Brendan Boyle,2025-06-29,5000.00
"TRANSPORT WORKERS UNION OF AMERICA, AFL-CIO",Transport Workers Union of America Political Contributions Committee,Christopher Smith,2025-06-29,2500.00
"TRANSPORT WORKERS UNION OF AMERICA, AFL-CIO",Transport Workers Union of America Political Contributions Committee,Valerie Foushee,2025-06-29,1500.00
"TRANSPORT WORKERS UNION OF AMERICA, AFL-CIO",Transport Workers Union of America Political Contributions Committee,Donald Norcross,2025-06-29,5000.00
"TRANSPORT WORKERS UNION OF AMERICA, AFL-CIO",Transport Workers Union of America Political Contributions Committee,Tom Suozzi,2025-06-29,5000.00
"TRANSPORT WORKERS UNION OF AMERICA, AFL-CIO",Transport Workers Union of America Political Contributions Committee,Ted Lieu,2025-06-29,1000.00
"TRANSPORT WORKERS UNION OF AMERICA, AFL-CIO",Transport Workers Union of America Political Contributions Committee,Debbie Dingell,2025-06-29,5000.00
"TRANSPORT WORKERS UNION OF AMERICA, AFL-CIO",Transport Workers Union of America Political Contributions Committee,Sheila Cherfilus McCormick,2025-06-29,1000.00
"TRANSPORT WORKERS UNION OF AMERICA, AFL-CIO",Transport Workers Union of America Political Contributions Committee,Charles Schumer,2025-06-29,5000.00
"TRANSPORT WORKERS UNION OF AMERICA, AFL-CIO",Transport Workers Union of America Political Contributions Committee,Jill Tokuda,2025-06-29,1000.00
"TRANSPORT WORKERS UNION OF AMERICA, AFL-CIO",Transport Workers Union of America Political Contributions Committee,Maxwell Alejandro Frost,2025-06-29,2500.00
"TRANSPORT WORKERS UNION OF AMERICA, AFL-CIO",Transport Workers Union of America Political Contributions Committee,Daniel Hernandez,2025-06-29,2500.00
"TRANSPORT WORKERS UNION OF AMERICA, AFL-CIO",Transport Workers Union of America Political Contributions Committee,Nicole Malliotakis,2025-06-29,5000.00
"TRANSPORT WORKERS UNION OF AMERICA, AFL-CIO",Transport Workers Union of America Political Contributions Committee,Brad Schneider,2025-06-29,2500.00
"TRANSPORT WORKERS UNION OF AMERICA, AFL-CIO",Transport Workers Union of America Political Contributions Committee,George Latimer,2025-06-29,2500.00
"TRANSPORT WORKERS UNION OF AMERICA, AFL-CIO",Transport Workers Union of America Political Contributions Committee,Mark DeSaulnier,2025-06-29,2500.00
"TRANSPORT WORKERS UNION OF AMERICA, AFL-CIO",Transport Workers Union of America Political Contributions Committee,Andre Carson,2025-06-29,2500.00
"TRANSPORT WORKERS UNION OF AMERICA, AFL-CIO",Transport Workers Union of America Political Contributions Committee,Nikema Williams,2025-06-29,1000.00
"TRANSPORT WORKERS UNION OF AMERICA, AFL-CIO",Transport Workers Union of America Political Contributions Committee,Marcy Kaptur,2025-06-29,1500.00
"TRANSPORT WORKERS UNION OF AMERICA, AFL-CIO",Transport Workers Union of America Political Contributions Committee,Eric Sorensen,2025-06-29,2500.00
"TRANSPORT WORKERS UNION OF AMERICA, AFL-CIO",Transport Workers Union of America Political Contributions Committee,Mark Pocan,2025-06-29,5000.00
"TRANSPORT WORKERS UNION OF AMERICA, AFL-CIO",Transport Workers Union of America Political Contributions Committee,Pete Aguilar,2025-06-29,5000.00
"TRANSPORT WORKERS UNION OF AMERICA, AFL-CIO",Transport Workers Union of America Political Contributions Committee,John Mannion,2025-06-29,2500.00
"TRANSPORT WORKERS UNION OF AMERICA, AFL-CIO",Transport Workers Union of America Political Contributions Committee,Laura Friedman,2025-06-29,2500.00
"TRANSPORT WORKERS UNION OF AMERICA, AFL-CIO",Transport Workers Union of America Political Contributions Committee,Katherine Clark,2025-06-29,5000.00
"TRANSPORT WORKERS UNION OF AMERICA, AFL-CIO",Transport Workers Union of America Political Contributions Committee,Rosa DeLauro,2025-06-29,5000.00
"TRANSPORT WORKERS UNION OF AMERICA, AFL-CIO",Transport Workers Union of America Political Contributions Committee,Deborah Ross,2025-06-29,2500.00
"TRANSPORT WORKERS UNION OF AMERICA, AFL-CIO",Transport Workers Union of America Political Contributions Committee,Daniel Goldman,2025-06-29,2500.00
"TRANSPORT WORKERS UNION OF AMERICA, AFL-CIO",Transport Workers Union of America Political Contributions Committee,Chris Deluzio,2025-06-29,2500.00
"TRANSPORT WORKERS UNION OF AMERICA, AFL-CIO",Transport Workers Union of America Political Contributions Committee,Pete Aguilar,2025-06-29,5000.00
"TRANSPORT WORKERS UNION OF AMERICA, AFL-CIO",Transport Workers Union of America Political Contributions Committee,Darren Soto,2025-06-29,2000.00
"TRANSPORT WORKERS UNION OF AMERICA, AFL-CIO",Transport Workers Union of America Political Contributions Committee,Paul Tonko,2025-06-29,1500.00
"TRANSPORT WORKERS UNION OF AMERICA, AFL-CIO",Transport Workers Union of America Political Contributions Committee,Maxwell Alejandro Frost,2025-06-29,2500.00
"TRANSPORT WORKERS UNION OF AMERICA, AFL-CIO",Transport Workers Union of America Political Contributions Committee,Nick Lalota,2025-06-29,2500.00
"TRANSPORT WORKERS UNION OF AMERICA, AFL-CIO",Transport Workers Union of America Political Contributions Committee,Equality PAC,2025-06-29,5000.00
"TRANSPORT WORKERS UNION OF AMERICA, AFL-CIO",Transport Workers Union of America Political Contributions Committee,Brian Schatz,2025-06-29,5000.00
"TRANSPORT WORKERS UNION OF AMERICA, AFL-CIO",Transport Workers Union of America Political Contributions Committee,Katherine Clark,2025-06-29,5000.00
"TRANSPORT WORKERS UNION OF AMERICA, AFL-CIO",Transport Workers Union of America Political Contributions Committee,Joe Morelle,2025-06-29,5000.00
"TRANSPORT WORKERS UNION OF AMERICA, AFL-CIO",Transport Workers Union of America Political Contributions Committee,Laura Gillen,2025-06-29,2500.00
"TRANSPORT WORKERS UNION OF AMERICA, AFL-CIO",Transport Workers Union of America Political Contributions Committee,Angie Craig,2025-06-29,2500.00
"TRANSPORT WORKERS UNION OF AMERICA, AFL-CIO",Transport Workers Union of America Political Contributions Committee,Adriano Espaillat,2025-06-29,5000.00
"TRANSPORT WORKERS UNION OF AMERICA, AFL-CIO",Transport Workers Union of America Political Contributions Committee,TIMOTHY KENNEDY,2025-06-29,5000.00
"TRANSPORT WORKERS UNION OF AMERICA, AFL-CIO",Transport Workers Union of America Political Contributions Committee,Kirsten Gillibrand,2025-06-29,5000.00
"TRANSPORT WORKERS UNION OF AMERICA, AFL-CIO",Transport Workers Union of America Political Contributions Committee,Patrick Ryan,2025-06-29,2500.00
"TRANSPORT WORKERS UNION OF AMERICA, AFL-CIO",Transport Workers Union of America Political Contributions Committee,Steven Horsford,2025-06-29,5000.00
"TRANSPORT WORKERS UNION OF AMERICA, AFL-CIO",Transport Workers Union of America Political Contributions Committee,Timothy Kennedy,2025-06-29,5000.00
"TRANSPORT WORKERS UNION OF AMERICA, AFL-CIO",Transport Workers Union of America Political Contributions Committee,Joyce Beatty,2025-06-29,1000.00
"TRANSPORT WORKERS UNION OF AMERICA, AFL-CIO",Transport Workers Union of America Political Contributions Committee,Nydia Velazquez,2025-06-29,1000.00
"TRANSPORT WORKERS UNION OF AMERICA, AFL-CIO",Transport Workers Union of America Political Contributions Committee,Pramila Jayapal,2025-06-29,1500.00
"TRANSPORT WORKERS UNION OF AMERICA, AFL-CIO",Transport Workers Union of America Political Contributions Committee,Marilyn Strickland,2025-06-29,1500.00
"TRANSPORT WORKERS UNION OF AMERICA, AFL-CIO",Transport Workers Union of America Political Contributions Committee,Nick Lalota,2025-06-29,2500.00
"TRANSPORT WORKERS UNION OF AMERICA, AFL-CIO",Transport Workers Union of America Political Contributions Committee,Eric Schmitt,2025-06-29,2500.00
"TRANSPORT WORKERS UNION OF AMERICA, AFL-CIO",Transport Workers Union of America Political Contributions Committee,Frank MrVan,2025-06-29,1500.00
"TRANSPORT WORKERS UNION OF AMERICA, AFL-CIO",Transport Workers Union of America Political Contributions Committee,Brendan Boyle,2025-06-29,5000.00
"TRANSPORT WORKERS UNION OF AMERICA, AFL-CIO",Transport Workers Union of America Political Contributions Committee,Sustainable Energy and Environment Coalition PAC,2025-06-29,5000.00
"TRANSPORT WORKERS UNION OF AMERICA, AFL-CIO",Transport Workers Union of America Political Contributions Committee,Elect Democratic Women,2025-01-24,5000.00
"TRANSPORT WORKERS UNION OF AMERICA, AFL-CIO",Transport Workers Union of America Political Contributions Committee,Congressional Black Caucus PAC,2025-01-24,5000.00
"TRANSPORT WORKERS UNION OF AMERICA, AFL-CIO",Transport Workers Union of America Political Contributions Committee,Congressional Progressive Caucus PAC,2025-01-24,5000.00
"TRANSPORT WORKERS UNION OF AMERICA, AFL-CIO",Transport Workers Union of America Political Contributions Committee,Transportation Trades Department AFL-CIO (TTD PAC),2025-01-24,5000.00
"TRANSPORT WORKERS UNION OF AMERICA, AFL-CIO",Transport Workers Union of America Political Contributions Committee,Republican Mainstreet Partnership Pac,2025-01-24,5000.00
"TRANSPORT WORKERS UNION OF AMERICA, AFL-CIO",Transport Workers Union of America Political Contributions Committee,Democratic Party Of New Mexico - Federal,2025-01-24,1000.00
"TRANSPORT WORKERS UNION OF AMERICA, AFL-CIO",Transport Workers Union of America Political Contributions Committee,CHC Bold PAC,2025-01-24,5000.00
"TRANSPORT WORKERS UNION OF AMERICA, AFL-CIO",Transport Workers Union of America Political Contributions Committee,ASPIRE PAC,2025-01-24,5000.00
"TRANSPORT WORKERS UNION OF AMERICA, AFL-CIO",Transport Workers Union of America Political Contributions Committee,Republican Governance Group/Tuesday Group PAC,2025-02-21,5000.00
"TRANSPORT WORKERS UNION OF AMERICA, AFL-CIO",Transport Workers Union of America Political Contributions Committee,Luz Rivas,2025-02-21,2500.00
"TRANSPORT WORKERS UNION OF AMERICA, AFL-CIO",Transport Workers Union of America Political Contributions Committee,Hakeem Jeffries,2025-02-21,5000.00
"TRANSPORT WORKERS UNION OF AMERICA, AFL-CIO",Transport Workers Union of America Political Contributions Committee,Nikki Budzinski,2025-02-21,5000.00
"TRANSPORT WORKERS UNION OF AMERICA, AFL-CIO",Transport Workers Union of America Political Contributions Committee,Ritchie Torres,2025-02-21,5000.00
"TRANSPORT WORKERS UNION OF AMERICA, AFL-CIO",Transport Workers Union of America Political Contributions Committee,Michael Lawler,2025-02-21,5000.00
"TRANSPORT WORKERS UNION OF AMERICA, AFL-CIO",Transport Workers Union of America Political Contributions Committee,Hakeem Jeffries,2025-02-21,5000.00
"TRANSPORT WORKERS UNION OF AMERICA, AFL-CIO",Transport Workers Union of America Political Contributions Committee,Yassamin Ansari,2025-02-21,2500.00
"TRANSPORT WORKERS UNION OF AMERICA, AFL-CIO",Transport Workers Union of America Political Contributions Committee,Ritchie Torres,2025-02-21,5000.00
"TRANSPORT WORKERS UNION OF AMERICA, AFL-CIO",Transport Workers Union of America Political Contributions Committee,Michael Lawler,2025-02-21,5000.00
"TRANSPORT WORKERS UNION OF AMERICA, AFL-CIO",Transport Workers Union of America Political Contributions Committee,Valerie Hoyle,2025-02-21,2500.00
"TRANSPORT WORKERS UNION OF AMERICA, AFL-CIO",Transport Workers Union of America Political Contributions Committee,LaMonica McIver,2025-02-21,2500.00
"TRANSPORT WORKERS UNION OF AMERICA, AFL-CIO",Transport Workers Union of America Political Contributions Committee,George Whitesides,2025-02-21,2500.00
"TRANSPORT WORKERS UNION OF AMERICA, AFL-CIO",Transport Workers Union of America Political Contributions Committee,Sarah McBride,2025-02-21,2500.00
"TRANSPORT WORKERS UNION OF AMERICA, AFL-CIO",Transport Workers Union of America Political Contributions Committee,Hakeem Jeffries,2025-02-21,5000.00
"TRANSPORT WORKERS UNION OF AMERICA, AFL-CIO",Transport Workers Union of America Political Contributions Committee,Nikki Budzinski,2025-02-21,5000.00
"TRANSPORT WORKERS UNION OF AMERICA, AFL-CIO",Transport Workers Union of America Political Contributions Committee,Bennie Thompson,2025-02-21,5000.00
"TRANSPORT WORKERS UNION OF AMERICA, AFL-CIO",Transport Workers Union of America Political Contributions Committee,Lateefah Simon,2025-02-21,2500.00
"TRANSPORT WORKERS UNION OF AMERICA, AFL-CIO",Transport Workers Union of America Political Contributions Committee,Julie Johnson,2025-02-21,2500.00
"TRANSPORT WORKERS UNION OF AMERICA, AFL-CIO",Transport Workers Union of America Political Contributions Committee,Angie Craig,2025-02-21,2500.00
"TRANSPORT WORKERS UNION OF AMERICA, AFL-CIO",Transport Workers Union of America Political Contributions Committee,Nikki Budzinski,2025-02-21,5000.00
"TRANSPORT WORKERS UNION OF AMERICA, AFL-CIO",Transport Workers Union of America Political Contributions Committee,Bennie Thompson,2025-02-21,5000.00
"TRANSPORT WORKERS UNION OF AMERICA, AFL-CIO",Transport Workers Union of America Political Contributions Committee,TIMOTHY KENNEDY,2025-02-21,5000.00
"TRANSPORT WORKERS UNION OF AMERICA, AFL-CIO",Transport Workers Union of America Political Contributions Committee,Adam Gray,2025-02-21,2500.00
"TRANSPORT WORKERS UNION OF AMERICA, AFL-CIO",Transport Workers Union of America Political Contributions Committee,Ben Lujan,2025-03-18,2500.00
"TRANSPORT WORKERS UNION OF AMERICA, AFL-CIO",Transport Workers Union of America Political Contributions Committee,Darren Soto,2025-03-18,1000.00
"TRANSPORT WORKERS UNION OF AMERICA, AFL-CIO",Transport Workers Union of America Political Contributions Committee,Mike Quigley,2025-03-18,2500.00
"TRANSPORT WORKERS UNION OF AMERICA, AFL-CIO",Transport Workers Union of America Political Contributions Committee,John Mannion,2025-03-18,2500.00
"TRANSPORT WORKERS UNION OF AMERICA, AFL-CIO",Transport Workers Union of America Political Contributions Committee,Andrew Garbarino,2025-03-18,5000.00
"TRANSPORT WORKERS UNION OF AMERICA, AFL-CIO",Transport Workers Union of America Political Contributions Committee,Chris Deluzio,2025-03-18,2500.00
"TRANSPORT WORKERS UNION OF AMERICA, AFL-CIO",Transport Workers Union of America Political Contributions Committee,Don Bacon,2025-03-18,5000.00
"TRANSPORT WORKERS UNION OF AMERICA, AFL-CIO",Transport Workers Union of America Political Contributions Committee,Edward Markey,2025-03-18,2500.00
"TRANSPORT WORKERS UNION OF AMERICA, AFL-CIO",Transport Workers Union of America Political Contributions Committee,Melanie Stansbury,2025-03-18,2500.00
"TRANSPORT WORKERS UNION OF AMERICA, AFL-CIO",Transport Workers Union of America Political Contributions Committee,Delia Ramirez,2025-03-18,1500.00
"TRANSPORT WORKERS UNION OF AMERICA, AFL-CIO",Transport Workers Union of America Political Contributions Committee,Grace Meng,2025-03-18,2000.00
"TRANSPORT WORKERS UNION OF AMERICA, AFL-CIO",Transport Workers Union of America Political Contributions Committee,Jesus Garcia,2025-03-18,2500.00
"TRANSPORT WORKERS UNION OF AMERICA, AFL-CIO",Transport Workers Union of America Political Contributions Committee,Sarah Elfreth,2025-03-18,1000.00
"TRANSPORT WORKERS UNION OF AMERICA, AFL-CIO",Transport Workers Union of America Political Contributions Committee,Mike Bost,2025-03-18,2500.00
"TRANSPORT WORKERS UNION OF AMERICA, AFL-CIO",Transport Workers Union of America Political Contributions Committee,Julia Brownley,2025-03-18,5000.00
"TRANSPORT WORKERS UNION OF AMERICA, AFL-CIO",Transport Workers Union of America Political Contributions Committee,Emilia Sykes,2025-03-18,1500.00
"TRANSPORT WORKERS UNION OF AMERICA, AFL-CIO",Transport Workers Union of America Political Contributions Committee,Patrick Ryan,2025-03-18,2500.00
"TRANSPORT WORKERS UNION OF AMERICA, AFL-CIO",Transport Workers Union of America Political Contributions Committee,Donald Norcross,2025-03-18,5000.00
"TRANSPORT WORKERS UNION OF AMERICA, AFL-CIO",Transport Workers Union of America Political Contributions Committee,Nick LaLota,2025-03-18,5000.00
"TRANSPORT WORKERS UNION OF AMERICA, AFL-CIO",Transport Workers Union of America Political Contributions Committee,Adriano Espaillat,2025-03-18,5000.00
"TRANSPORT WORKERS UNION OF AMERICA, AFL-CIO",Transport Workers Union of America Political Contributions Committee,Julia Brownley,2025-03-18,5000.00
"TRANSPORT WORKERS UNION OF AMERICA, AFL-CIO",Transport Workers Union of America Political Contributions Committee,Lori Trahan,2025-03-18,5000.00
"TRANSPORT WORKERS UNION OF AMERICA, AFL-CIO",Transport Workers Union of America Political Contributions Committee,Mary Gay Scanlon,2025-03-18,1500.00
"TRANSPORT WORKERS UNION OF AMERICA, AFL-CIO",Transport Workers Union of America Political Contributions Committee,Mark Pocan,2025-03-18,2500.00
"TRANSPORT WORKERS UNION OF AMERICA, AFL-CIO",Transport Workers Union of America Political Contributions Committee,George Latimer,2025-03-18,2500.00
"TRANSPORT WORKERS UNION OF AMERICA, AFL-CIO",Transport Workers Union of America Political Contributions Committee,Laura Friedman,2025-03-18,2500.00
"TRANSPORT WORKERS UNION OF AMERICA, AFL-CIO",Transport Workers Union of America Political Contributions Committee,Greg Casar,2025-03-18,1000.00
"TRANSPORT WORKERS UNION OF AMERICA, AFL-CIO",Transport Workers Union of America Political Contributions Committee,Michael Turner,2025-03-18,1000.00
"TRANSPORT WORKERS UNION OF AMERICA, AFL-CIO",Transport Workers Union of America Political Contributions Committee,Hillary Scholten,2025-03-18,1500.00
"TRANSPORT WORKERS UNION OF AMERICA, AFL-CIO",Transport Workers Union of America Political Contributions Committee,NELIDA POU,2025-03-18,1500.00
"TRANSPORT WORKERS UNION OF AMERICA, AFL-CIO",Transport Workers Union of America Political Contributions Committee,Nicole Malliotakis,2025-03-18,2500.00
"TRANSPORT WORKERS UNION OF AMERICA, AFL-CIO",Transport Workers Union of America Political Contributions Committee,Maxwell Alejandro Frost,2025-03-18,2500.00
"TRANSPORT WORKERS UNION OF AMERICA, AFL-CIO",Transport Workers Union of America Political Contributions Committee,Yvette Clarke,2025-03-18,5000.00
"TRANSPORT WORKERS UNION OF AMERICA, AFL-CIO",Transport Workers Union of America Political Contributions Committee,Dem Sen Camp Cmte(DSCC)-Federal Acct,2025-03-18,45000.00
"TRANSPORT WORKERS UNION OF AMERICA, AFL-CIO",Transport Workers Union of America Political Contributions Committee,Dina Titus,2025-03-18,5000.00
"TRANSPORT WORKERS UNION OF AMERICA, AFL-CIO",Transport Workers Union of America Political Contributions Committee,Andrea Salinas,2025-03-18,1000.00
"TRANSPORT WORKERS UNION OF AMERICA, AFL-CIO",Transport Workers Union of America Political Contributions Committee,Chris Pappas,2025-03-18,5000.00
"TRANSPORT WORKERS UNION OF AMERICA, AFL-CIO",Transport Workers Union of America Political Contributions Committee,Rick Larsen,2025-03-18,5000.00
"TRANSPORT WORKERS UNION OF AMERICA, AFL-CIO",Transport Workers Union of America Political Contributions Committee,Shomari Figures,2025-03-18,1000.00
"TRANSPORT WORKERS UNION OF AMERICA, AFL-CIO",Transport Workers Union of America Political Contributions Committee,Andre Carson,2025-03-18,1000.00
"TRANSPORT WORKERS UNION OF AMERICA, AFL-CIO",Transport Workers Union of America Political Contributions Committee,Christopher Deluzio,2025-03-18,5000.00
"TRANSPORT WORKERS UNION OF AMERICA, AFL-CIO",Transport Workers Union of America Political Contributions Committee,Dem Cong Camp Cmte(DCCC)-Federal Acct,2025-03-18,45000.00
"TRANSPORT WORKERS UNION OF AMERICA, AFL-CIO",Transport Workers Union of America Political Contributions Committee,Dem Cong Camp Cmte(DCCC)-Federal Acct,2025-03-18,15000.00
"TRANSPORT WORKERS UNION OF AMERICA, AFL-CIO",Transport Workers Union of America Political Contributions Committee,Republican Italian American Committee,2025-03-18,1000.00
"TRANSPORT WORKERS UNION OF AMERICA, AFL-CIO",Transport Workers Union of America Political Contributions Committee,Dem Sen Camp Cmte(DSCC)-Federal Acct,2025-03-18,15000.00
"TRANSPORT WORKERS UNION OF AMERICA, AFL-CIO",Transport Workers Union of America Political Contributions Committee,Marc Veasey,2025-04-22,1000.00
"TRANSPORT WORKERS UNION OF AMERICA, AFL-CIO",Transport Workers Union of America Political Contributions Committee,Madeleine Dean,2025-04-22,1500.00
"TRANSPORT WORKERS UNION OF AMERICA, AFL-CIO",Transport Workers Union of America Political Contributions Committee,Kristen McDonald Rivet,2025-04-22,1500.00
"TRANSPORT WORKERS UNION OF AMERICA, AFL-CIO",Transport Workers Union of America Political Contributions Committee,Andre Carson,2025-04-22,1500.00
"TRANSPORT WORKERS UNION OF AMERICA, AFL-CIO",Transport Workers Union of America Political Contributions Committee,David Rouzer,2025-04-22,2500.00
"TRANSPORT WORKERS UNION OF AMERICA, AFL-CIO",Transport Workers Union of America Political Contributions Committee,Sharice Davids,2025-04-22,1500.00
"TRANSPORT WORKERS UNION OF AMERICA, AFL-CIO",Transport Workers Union of America Political Contributions Committee,Dwight Evans,2025-04-22,5000.00
"TRANSPORT WORKERS UNION OF AMERICA, AFL-CIO",Transport Workers Union of America Political Contributions Committee,Eleanor Holmes Norton,2025-04-22,1500.00
"TRANSPORT WORKERS UNION OF AMERICA, AFL-CIO",Transport Workers Union of America Political Contributions Committee,Rob Bresnahan,2025-04-22,2500.00
"TRANSPORT WORKERS UNION OF AMERICA, AFL-CIO",Transport Workers Union of America Political Contributions Committee,Brian Fitzpatrick,2025-04-22,5000.00
"TRANSPORT WORKERS UNION OF AMERICA, AFL-CIO",Transport Workers Union of America Political Contributions Committee,Brian Fitzpatrick,2025-04-22,5000.00
"TRANSPORT WORKERS UNION OF AMERICA, AFL-CIO",Transport Workers Union of America Political Contributions Committee,Frederica Wilson,2025-04-22,2000.00
"TRANSPORT WORKERS UNION OF AMERICA, AFL-CIO",Transport Workers Union of America Political Contributions Committee,Rosa DeLauro,2025-04-22,5000.00
"TRANSPORT WORKERS UNION OF AMERICA, AFL-CIO",Transport Workers Union of America Political Contributions Committee,Nicole Malliotakis,2025-04-22,2500.00
"TRANSPORT WORKERS UNION OF AMERICA, AFL-CIO",Transport Workers Union of America Political Contributions Committee,Rick Larsen,2025-05-29,5000.00
"TRANSPORT WORKERS UNION OF AMERICA, AFL-CIO",Transport Workers Union of America Political Contributions Committee,Brendan Boyle,2025-06-29,5000.00
"TRANSPORT WORKERS UNION OF AMERICA, AFL-CIO",Transport Workers Union of America Political Contributions Committee,Christopher Smith,2025-06-29,2500.00
"TRANSPORT WORKERS UNION OF AMERICA, AFL-CIO",Transport Workers Union of America Political Contributions Committee,Valerie Foushee,2025-06-29,1500.00
"TRANSPORT WORKERS UNION OF AMERICA, AFL-CIO",Transport Workers Union of America Political Contributions Committee,Donald Norcross,2025-06-29,5000.00
"TRANSPORT WORKERS UNION OF AMERICA, AFL-CIO",Transport Workers Union of America Political Contributions Committee,Tom Suozzi,2025-06-29,5000.00
"TRANSPORT WORKERS UNION OF AMERICA, AFL-CIO",Transport Workers Union of America Political Contributions Committee,Ted Lieu,2025-06-29,1000.00
"TRANSPORT WORKERS UNION OF AMERICA, AFL-CIO",Transport Workers Union of America Political Contributions Committee,Debbie Dingell,2025-06-29,5000.00
"TRANSPORT WORKERS UNION OF AMERICA, AFL-CIO",Transport Workers Union of America Political Contributions Committee,Sheila Cherfilus McCormick,2025-06-29,1000.00
"TRANSPORT WORKERS UNION OF AMERICA, AFL-CIO",Transport Workers Union of America Political Contributions Committee,Charles Schumer,2025-06-29,5000.00
"TRANSPORT WORKERS UNION OF AMERICA, AFL-CIO",Transport Workers Union of America Political Contributions Committee,Jill Tokuda,2025-06-29,1000.00
"TRANSPORT WORKERS UNION OF AMERICA, AFL-CIO",Transport Workers Union of America Political Contributions Committee,Maxwell Alejandro Frost,2025-06-29,2500.00
"TRANSPORT WORKERS UNION OF AMERICA, AFL-CIO",Transport Workers Union of America Political Contributions Committee,Daniel Hernandez,2025-06-29,2500.00
"TRANSPORT WORKERS UNION OF AMERICA, AFL-CIO",Transport Workers Union of America Political Contributions Committee,Nicole Malliotakis,2025-06-29,5000.00
"TRANSPORT WORKERS UNION OF AMERICA, AFL-CIO",Transport Workers Union of America Political Contributions Committee,Brad Schneider,2025-06-29,2500.00
"TRANSPORT WORKERS UNION OF AMERICA, AFL-CIO",Transport Workers Union of America Political Contributions Committee,George Latimer,2025-06-29,2500.00
"TRANSPORT WORKERS UNION OF AMERICA, AFL-CIO",Transport Workers Union of America Political Contributions Committee,Mark DeSaulnier,2025-06-29,2500.00
"TRANSPORT WORKERS UNION OF AMERICA, AFL-CIO",Transport Workers Union of America Political Contributions Committee,Andre Carson,2025-06-29,2500.00
"TRANSPORT WORKERS UNION OF AMERICA, AFL-CIO",Transport Workers Union of America Political Contributions Committee,Nikema Williams,2025-06-29,1000.00
"TRANSPORT WORKERS UNION OF AMERICA, AFL-CIO",Transport Workers Union of America Political Contributions Committee,Marcy Kaptur,2025-06-29,1500.00
"TRANSPORT WORKERS UNION OF AMERICA, AFL-CIO",Transport Workers Union of America Political Contributions Committee,Eric Sorensen,2025-06-29,2500.00
"TRANSPORT WORKERS UNION OF AMERICA, AFL-CIO",Transport Workers Union of America Political Contributions Committee,Mark Pocan,2025-06-29,5000.00
"TRANSPORT WORKERS UNION OF AMERICA, AFL-CIO",Transport Workers Union of America Political Contributions Committee,Pete Aguilar,2025-06-29,5000.00
"TRANSPORT WORKERS UNION OF AMERICA, AFL-CIO",Transport Workers Union of America Political Contributions Committee,John Mannion,2025-06-29,2500.00
"TRANSPORT WORKERS UNION OF AMERICA, AFL-CIO",Transport Workers Union of America Political Contributions Committee,Laura Friedman,2025-06-29,2500.00
"TRANSPORT WORKERS UNION OF AMERICA, AFL-CIO",Transport Workers Union of America Political Contributions Committee,Katherine Clark,2025-06-29,5000.00
"TRANSPORT WORKERS UNION OF AMERICA, AFL-CIO",Transport Workers Union of America Political Contributions Committee,Rosa DeLauro,2025-06-29,5000.00
"TRANSPORT WORKERS UNION OF AMERICA, AFL-CIO",Transport Workers Union of America Political Contributions Committee,Deborah Ross,2025-06-29,2500.00
"TRANSPORT WORKERS UNION OF AMERICA, AFL-CIO",Transport Workers Union of America Political Contributions Committee,Daniel Goldman,2025-06-29,2500.00
"TRANSPORT WORKERS UNION OF AMERICA, AFL-CIO",Transport Workers Union of America Political Contributions Committee,Chris Deluzio,2025-06-29,2500.00
"TRANSPORT WORKERS UNION OF AMERICA, AFL-CIO",Transport Workers Union of America Political Contributions Committee,Pete Aguilar,2025-06-29,5000.00
"TRANSPORT WORKERS UNION OF AMERICA, AFL-CIO",Transport Workers Union of America Political Contributions Committee,Darren Soto,2025-06-29,2000.00
"TRANSPORT WORKERS UNION OF AMERICA, AFL-CIO",Transport Workers Union of America Political Contributions Committee,Paul Tonko,2025-06-29,1500.00
"TRANSPORT WORKERS UNION OF AMERICA, AFL-CIO",Transport Workers Union of America Political Contributions Committee,Maxwell Alejandro Frost,2025-06-29,2500.00
"TRANSPORT WORKERS UNION OF AMERICA, AFL-CIO",Transport Workers Union of America Political Contributions Committee,Nick Lalota,2025-06-29,2500.00
"TRANSPORT WORKERS UNION OF AMERICA, AFL-CIO",Transport Workers Union of America Political Contributions Committee,Equality PAC,2025-06-29,5000.00
"TRANSPORT WORKERS UNION OF AMERICA, AFL-CIO",Transport Workers Union of America Political Contributions Committee,Brian Schatz,2025-06-29,5000.00
"TRANSPORT WORKERS UNION OF AMERICA, AFL-CIO",Transport Workers Union of America Political Contributions Committee,Katherine Clark,2025-06-29,5000.00
"TRANSPORT WORKERS UNION OF AMERICA, AFL-CIO",Transport Workers Union of America Political Contributions Committee,Joe Morelle,2025-06-29,5000.00
"TRANSPORT WORKERS UNION OF AMERICA, AFL-CIO",Transport Workers Union of America Political Contributions Committee,Laura Gillen,2025-06-29,2500.00
"TRANSPORT WORKERS UNION OF AMERICA, AFL-CIO",Transport Workers Union of America Political Contributions Committee,Angie Craig,2025-06-29,2500.00
"TRANSPORT WORKERS UNION OF AMERICA, AFL-CIO",Transport Workers Union of America Political Contributions Committee,Adriano Espaillat,2025-06-29,5000.00
"TRANSPORT WORKERS UNION OF AMERICA, AFL-CIO",Transport Workers Union of America Political Contributions Committee,TIMOTHY KENNEDY,2025-06-29,5000.00
"TRANSPORT WORKERS UNION OF AMERICA, AFL-CIO",Transport Workers Union of America Political Contributions Committee,Kirsten Gillibrand,2025-06-29,5000.00
"TRANSPORT WORKERS UNION OF AMERICA, AFL-CIO",Transport Workers Union of America Political Contributions Committee,Patrick Ryan,2025-06-29,2500.00
"TRANSPORT WORKERS UNION OF AMERICA, AFL-CIO",Transport Workers Union of America Political Contributions Committee,Steven Horsford,2025-06-29,5000.00
"TRANSPORT WORKERS UNION OF AMERICA, AFL-CIO",Transport Workers Union of America Political Contributions Committee,Timothy Kennedy,2025-06-29,5000.00
"TRANSPORT WORKERS UNION OF AMERICA, AFL-CIO",Transport Workers Union of America Political Contributions Committee,Joyce Beatty,2025-06-29,1000.00
"TRANSPORT WORKERS UNION OF AMERICA, AFL-CIO",Transport Workers Union of America Political Contributions Committee,Nydia Velazquez,2025-06-29,1000.00
"TRANSPORT WORKERS UNION OF AMERICA, AFL-CIO",Transport Workers Union of America Political Contributions Committee,Pramila Jayapal,2025-06-29,1500.00
"TRANSPORT WORKERS UNION OF AMERICA, AFL-CIO",Transport Workers Union of America Political Contributions Committee,Marilyn Strickland,2025-06-29,1500.00
"TRANSPORT WORKERS UNION OF AMERICA, AFL-CIO",Transport Workers Union of America Political Contributions Committee,Nick Lalota,2025-06-29,2500.00
"TRANSPORT WORKERS UNION OF AMERICA, AFL-CIO",Transport Workers Union of America Political Contributions Committee,Eric Schmitt,2025-06-29,2500.00
"TRANSPORT WORKERS UNION OF AMERICA, AFL-CIO",Transport Workers Union of America Political Contributions Committee,Frank MrVan,2025-06-29,1500.00
"TRANSPORT WORKERS UNION OF AMERICA, AFL-CIO",Transport Workers Union of America Political Contributions Committee,Brendan Boyle,2025-06-29,5000.00
"TRANSPORT WORKERS UNION OF AMERICA, AFL-CIO",Transport Workers Union of America Political Contributions Committee,Sustainable Energy and Environment Coalition PAC,2025-06-29,5000.00
"TRANSPORT WORKERS UNION OF AMERICA, AFL-CIO",Transport Workers Union of America Political Contributions Committee,Elect Democratic Women,2025-01-24,5000.00
"TRANSPORT WORKERS UNION OF AMERICA, AFL-CIO",Transport Workers Union of America Political Contributions Committee,Congressional Black Caucus PAC,2025-01-24,5000.00
"TRANSPORT WORKERS UNION OF AMERICA, AFL-CIO",Transport Workers Union of America Political Contributions Committee,Congressional Progressive Caucus PAC,2025-01-24,5000.00
"TRANSPORT WORKERS UNION OF AMERICA, AFL-CIO",Transport Workers Union of America Political Contributions Committee,Transportation Trades Department AFL-CIO (TTD PAC),2025-01-24,5000.00
"TRANSPORT WORKERS UNION OF AMERICA, AFL-CIO",Transport Workers Union of America Political Contributions Committee,Republican Mainstreet Partnership Pac,2025-01-24,5000.00
"TRANSPORT WORKERS UNION OF AMERICA, AFL-CIO",Transport Workers Union of America Political Contributions Committee,Democratic Party Of New Mexico - Federal,2025-01-24,1000.00
"TRANSPORT WORKERS UNION OF AMERICA, AFL-CIO",Transport Workers Union of America Political Contributions Committee,CHC Bold PAC,2025-01-24,5000.00
"TRANSPORT WORKERS UNION OF AMERICA, AFL-CIO",Transport Workers Union of America Political Contributions Committee,ASPIRE PAC,2025-01-24,5000.00
"TRANSPORT WORKERS UNION OF AMERICA, AFL-CIO",Transport Workers Union of America Political Contributions Committee,Republican Governance Group/Tuesday Group PAC,2025-02-21,5000.00
"TRANSPORT WORKERS UNION OF AMERICA, AFL-CIO",Transport Workers Union of America Political Contributions Committee,Luz Rivas,2025-02-21,2500.00
"TRANSPORT WORKERS UNION OF AMERICA, AFL-CIO",Transport Workers Union of America Political Contributions Committee,Hakeem Jeffries,2025-02-21,5000.00
"TRANSPORT WORKERS UNION OF AMERICA, AFL-CIO",Transport Workers Union of America Political Contributions Committee,Nikki Budzinski,2025-02-21,5000.00
"TRANSPORT WORKERS UNION OF AMERICA, AFL-CIO",Transport Workers Union of America Political Contributions Committee,Ritchie Torres,2025-02-21,5000.00
"TRANSPORT WORKERS UNION OF AMERICA, AFL-CIO",Transport Workers Union of America Political Contributions Committee,Michael Lawler,2025-02-21,5000.00
"TRANSPORT WORKERS UNION OF AMERICA, AFL-CIO",Transport Workers Union of America Political Contributions Committee,Hakeem Jeffries,2025-02-21,5000.00
"TRANSPORT WORKERS UNION OF AMERICA, AFL-CIO",Transport Workers Union of America Political Contributions Committee,Yassamin Ansari,2025-02-21,2500.00
"TRANSPORT WORKERS UNION OF AMERICA, AFL-CIO",Transport Workers Union of America Political Contributions Committee,Ritchie Torres,2025-02-21,5000.00
"TRANSPORT WORKERS UNION OF AMERICA, AFL-CIO",Transport Workers Union of America Political Contributions Committee,Michael Lawler,2025-02-21,5000.00
"TRANSPORT WORKERS UNION OF AMERICA, AFL-CIO",Transport Workers Union of America Political Contributions Committee,Valerie Hoyle,2025-02-21,2500.00
"TRANSPORT WORKERS UNION OF AMERICA, AFL-CIO",Transport Workers Union of America Political Contributions Committee,LaMonica McIver,2025-02-21,2500.00
"TRANSPORT WORKERS UNION OF AMERICA, AFL-CIO",Transport Workers Union of America Political Contributions Committee,George Whitesides,2025-02-21,2500.00
"TRANSPORT WORKERS UNION OF AMERICA, AFL-CIO",Transport Workers Union of America Political Contributions Committee,Sarah McBride,2025-02-21,2500.00
"TRANSPORT WORKERS UNION OF AMERICA, AFL-CIO",Transport Workers Union of America Political Contributions Committee,Hakeem Jeffries,2025-02-21,5000.00
"TRANSPORT WORKERS UNION OF AMERICA, AFL-CIO",Transport Workers Union of America Political Contributions Committee,Nikki Budzinski,2025-02-21,5000.00
"TRANSPORT WORKERS UNION OF AMERICA, AFL-CIO",Transport Workers Union of America Political Contributions Committee,Bennie Thompson,2025-02-21,5000.00
"TRANSPORT WORKERS UNION OF AMERICA, AFL-CIO",Transport Workers Union of America Political Contributions Committee,Lateefah Simon,2025-02-21,2500.00
"TRANSPORT WORKERS UNION OF AMERICA, AFL-CIO",Transport Workers Union of America Political Contributions Committee,Julie Johnson,2025-02-21,2500.00
"TRANSPORT WORKERS UNION OF AMERICA, AFL-CIO",Transport Workers Union of America Political Contributions Committee,Angie Craig,2025-02-21,2500.00
"TRANSPORT WORKERS UNION OF AMERICA, AFL-CIO",Transport Workers Union of America Political Contributions Committee,Nikki Budzinski,2025-02-21,5000.00
"TRANSPORT WORKERS UNION OF AMERICA, AFL-CIO",Transport Workers Union of America Political Contributions Committee,Bennie Thompson,2025-02-21,5000.00
"TRANSPORT WORKERS UNION OF AMERICA, AFL-CIO",Transport Workers Union of America Political Contributions Committee,TIMOTHY KENNEDY,2025-02-21,5000.00
"TRANSPORT WORKERS UNION OF AMERICA, AFL-CIO",Transport Workers Union of America Political Contributions Committee,Adam Gray,2025-02-21,2500.00
"TRANSPORT WORKERS UNION OF AMERICA, AFL-CIO",Transport Workers Union of America Political Contributions Committee,Ben Lujan,2025-03-18,2500.00
"TRANSPORT WORKERS UNION OF AMERICA, AFL-CIO",Transport Workers Union of America Political Contributions Committee,Darren Soto,2025-03-18,1000.00
"TRANSPORT WORKERS UNION OF AMERICA, AFL-CIO",Transport Workers Union of America Political Contributions Committee,Mike Quigley,2025-03-18,2500.00
"TRANSPORT WORKERS UNION OF AMERICA, AFL-CIO",Transport Workers Union of America Political Contributions Committee,John Mannion,2025-03-18,2500.00
"TRANSPORT WORKERS UNION OF AMERICA, AFL-CIO",Transport Workers Union of America Political Contributions Committee,Andrew Garbarino,2025-03-18,5000.00
"TRANSPORT WORKERS UNION OF AMERICA, AFL-CIO",Transport Workers Union of America Political Contributions Committee,Chris Deluzio,2025-03-18,2500.00
"TRANSPORT WORKERS UNION OF AMERICA, AFL-CIO",Transport Workers Union of America Political Contributions Committee,Don Bacon,2025-03-18,5000.00
"TRANSPORT WORKERS UNION OF AMERICA, AFL-CIO",Transport Workers Union of America Political Contributions Committee,Edward Markey,2025-03-18,2500.00
"TRANSPORT WORKERS UNION OF AMERICA, AFL-CIO",Transport Workers Union of America Political Contributions Committee,Melanie Stansbury,2025-03-18,2500.00
"TRANSPORT WORKERS UNION OF AMERICA, AFL-CIO",Transport Workers Union of America Political Contributions Committee,Delia Ramirez,2025-03-18,1500.00
"TRANSPORT WORKERS UNION OF AMERICA, AFL-CIO",Transport Workers Union of America Political Contributions Committee,Grace Meng,2025-03-18,2000.00
"TRANSPORT WORKERS UNION OF AMERICA, AFL-CIO",Transport Workers Union of America Political Contributions Committee,Jesus Garcia,2025-03-18,2500.00
"TRANSPORT WORKERS UNION OF AMERICA, AFL-CIO",Transport Workers Union of America Political Contributions Committee,Sarah Elfreth,2025-03-18,1000.00
"TRANSPORT WORKERS UNION OF AMERICA, AFL-CIO",Transport Workers Union of America Political Contributions Committee,Mike Bost,2025-03-18,2500.00
"TRANSPORT WORKERS UNION OF AMERICA, AFL-CIO",Transport Workers Union of America Political Contributions Committee,Julia Brownley,2025-03-18,5000.00
"TRANSPORT WORKERS UNION OF AMERICA, AFL-CIO",Transport Workers Union of America Political Contributions Committee,Emilia Sykes,2025-03-18,1500.00
"TRANSPORT WORKERS UNION OF AMERICA, AFL-CIO",Transport Workers Union of America Political Contributions Committee,Patrick Ryan,2025-03-18,2500.00
"TRANSPORT WORKERS UNION OF AMERICA, AFL-CIO",Transport Workers Union of America Political Contributions Committee,Donald Norcross,2025-03-18,5000.00
"TRANSPORT WORKERS UNION OF AMERICA, AFL-CIO",Transport Workers Union of America Political Contributions Committee,Nick LaLota,2025-03-18,5000.00
"TRANSPORT WORKERS UNION OF AMERICA, AFL-CIO",Transport Workers Union of America Political Contributions Committee,Adriano Espaillat,2025-03-18,5000.00
"TRANSPORT WORKERS UNION OF AMERICA, AFL-CIO",Transport Workers Union of America Political Contributions Committee,Julia Brownley,2025-03-18,5000.00
"TRANSPORT WORKERS UNION OF AMERICA, AFL-CIO",Transport Workers Union of America Political Contributions Committee,Lori Trahan,2025-03-18,5000.00
"TRANSPORT WORKERS UNION OF AMERICA, AFL-CIO",Transport Workers Union of America Political Contributions Committee,Mary Gay Scanlon,2025-03-18,1500.00
"TRANSPORT WORKERS UNION OF AMERICA, AFL-CIO",Transport Workers Union of America Political Contributions Committee,Mark Pocan,2025-03-18,2500.00
"TRANSPORT WORKERS UNION OF AMERICA, AFL-CIO",Transport Workers Union of America Political Contributions Committee,George Latimer,2025-03-18,2500.00
"TRANSPORT WORKERS UNION OF AMERICA, AFL-CIO",Transport Workers Union of America Political Contributions Committee,Laura Friedman,2025-03-18,2500.00
"TRANSPORT WORKERS UNION OF AMERICA, AFL-CIO",Transport Workers Union of America Political Contributions Committee,Greg Casar,2025-03-18,1000.00
"TRANSPORT WORKERS UNION OF AMERICA, AFL-CIO",Transport Workers Union of America Political Contributions Committee,Michael Turner,2025-03-18,1000.00
"TRANSPORT WORKERS UNION OF AMERICA, AFL-CIO",Transport Workers Union of America Political Contributions Committee,Hillary Scholten,2025-03-18,1500.00
"TRANSPORT WORKERS UNION OF AMERICA, AFL-CIO",Transport Workers Union of America Political Contributions Committee,NELIDA POU,2025-03-18,1500.00
"TRANSPORT WORKERS UNION OF AMERICA, AFL-CIO",Transport Workers Union of America Political Contributions Committee,Nicole Malliotakis,2025-03-18,2500.00
"TRANSPORT WORKERS UNION OF AMERICA, AFL-CIO",Transport Workers Union of America Political Contributions Committee,Maxwell Alejandro Frost,2025-03-18,2500.00
"TRANSPORT WORKERS UNION OF AMERICA, AFL-CIO",Transport Workers Union of America Political Contributions Committee,Yvette Clarke,2025-03-18,5000.00
"TRANSPORT WORKERS UNION OF AMERICA, AFL-CIO",Transport Workers Union of America Political Contributions Committee,Dem Sen Camp Cmte(DSCC)-Federal Acct,2025-03-18,45000.00
"TRANSPORT WORKERS UNION OF AMERICA, AFL-CIO",Transport Workers Union of America Political Contributions Committee,Dina Titus,2025-03-18,5000.00
"TRANSPORT WORKERS UNION OF AMERICA, AFL-CIO",Transport Workers Union of America Political Contributions Committee,Andrea Salinas,2025-03-18,1000.00
"TRANSPORT WORKERS UNION OF AMERICA, AFL-CIO",Transport Workers Union of America Political Contributions Committee,Chris Pappas,2025-03-18,5000.00
"TRANSPORT WORKERS UNION OF AMERICA, AFL-CIO",Transport Workers Union of America Political Contributions Committee,Rick Larsen,2025-03-18,5000.00
"TRANSPORT WORKERS UNION OF AMERICA, AFL-CIO",Transport Workers Union of America Political Contributions Committee,Shomari Figures,2025-03-18,1000.00
"TRANSPORT WORKERS UNION OF AMERICA, AFL-CIO",Transport Workers Union of America Political Contributions Committee,Andre Carson,2025-03-18,1000.00
"TRANSPORT WORKERS UNION OF AMERICA, AFL-CIO",Transport Workers Union of America Political Contributions Committee,Christopher Deluzio,2025-03-18,5000.00
"TRANSPORT WORKERS UNION OF AMERICA, AFL-CIO",Transport Workers Union of America Political Contributions Committee,Dem Cong Camp Cmte(DCCC)-Federal Acct,2025-03-18,45000.00
"TRANSPORT WORKERS UNION OF AMERICA, AFL-CIO",Transport Workers Union of America Political Contributions Committee,Dem Cong Camp Cmte(DCCC)-Federal Acct,2025-03-18,15000.00
"TRANSPORT WORKERS UNION OF AMERICA, AFL-CIO",Transport Workers Union of America Political Contributions Committee,Republican Italian American Committee,2025-03-18,1000.00
"TRANSPORT WORKERS UNION OF AMERICA, AFL-CIO",Transport Workers Union of America Political Contributions Committee,Dem Sen Camp Cmte(DSCC)-Federal Acct,2025-03-18,15000.00
"TRANSPORT WORKERS UNION OF AMERICA, AFL-CIO",Transport Workers Union of America Political Contributions Committee,Marc Veasey,2025-04-22,1000.00
"TRANSPORT WORKERS UNION OF AMERICA, AFL-CIO",Transport Workers Union of America Political Contributions Committee,Madeleine Dean,2025-04-22,1500.00
"TRANSPORT WORKERS UNION OF AMERICA, AFL-CIO",Transport Workers Union of America Political Contributions Committee,Kristen McDonald Rivet,2025-04-22,1500.00
"TRANSPORT WORKERS UNION OF AMERICA, AFL-CIO",Transport Workers Union of America Political Contributions Committee,Andre Carson,2025-04-22,1500.00
"TRANSPORT WORKERS UNION OF AMERICA, AFL-CIO",Transport Workers Union of America Political Contributions Committee,David Rouzer,2025-04-22,2500.00
"TRANSPORT WORKERS UNION OF AMERICA, AFL-CIO",Transport Workers Union of America Political Contributions Committee,Sharice Davids,2025-04-22,1500.00
"TRANSPORT WORKERS UNION OF AMERICA, AFL-CIO",Transport Workers Union of America Political Contributions Committee,Dwight Evans,2025-04-22,5000.00
"TRANSPORT WORKERS UNION OF AMERICA, AFL-CIO",Transport Workers Union of America Political Contributions Committee,Eleanor Holmes Norton,2025-04-22,1500.00
"TRANSPORT WORKERS UNION OF AMERICA, AFL-CIO",Transport Workers Union of America Political Contributions Committee,Rob Bresnahan,2025-04-22,2500.00
"TRANSPORT WORKERS UNION OF AMERICA, AFL-CIO",Transport Workers Union of America Political Contributions Committee,Brian Fitzpatrick,2025-04-22,5000.00
"TRANSPORT WORKERS UNION OF AMERICA, AFL-CIO",Transport Workers Union of America Political Contributions Committee,Brian Fitzpatrick,2025-04-22,5000.00
"TRANSPORT WORKERS UNION OF AMERICA, AFL-CIO",Transport Workers Union of America Political Contributions Committee,Frederica Wilson,2025-04-22,2000.00
"TRANSPORT WORKERS UNION OF AMERICA, AFL-CIO",Transport Workers Union of America Political Contributions Committee,Rosa DeLauro,2025-04-22,5000.00
"TRANSPORT WORKERS UNION OF AMERICA, AFL-CIO",Transport Workers Union of America Political Contributions Committee,Nicole Malliotakis,2025-04-22,2500.00
"TRANSPORT WORKERS UNION OF AMERICA, AFL-CIO",Transport Workers Union of America Political Contributions Committee,Rick Larsen,2025-05-29,5000.00
"TRANSPORT WORKERS UNION OF AMERICA, AFL-CIO",Transport Workers Union of America Political Contributions Committee,Brendan Boyle,2025-06-29,5000.00
"TRANSPORT WORKERS UNION OF AMERICA, AFL-CIO",Transport Workers Union of America Political Contributions Committee,Christopher Smith,2025-06-29,2500.00
"TRANSPORT WORKERS UNION OF AMERICA, AFL-CIO",Transport Workers Union of America Political Contributions Committee,Valerie Foushee,2025-06-29,1500.00
"TRANSPORT WORKERS UNION OF AMERICA, AFL-CIO",Transport Workers Union of America Political Contributions Committee,Donald Norcross,2025-06-29,5000.00
"TRANSPORT WORKERS UNION OF AMERICA, AFL-CIO",Transport Workers Union of America Political Contributions Committee,Tom Suozzi,2025-06-29,5000.00
"TRANSPORT WORKERS UNION OF AMERICA, AFL-CIO",Transport Workers Union of America Political Contributions Committee,Ted Lieu,2025-06-29,1000.00
"TRANSPORT WORKERS UNION OF AMERICA, AFL-CIO",Transport Workers Union of America Political Contributions Committee,Debbie Dingell,2025-06-29,5000.00
"TRANSPORT WORKERS UNION OF AMERICA, AFL-CIO",Transport Workers Union of America Political Contributions Committee,Sheila Cherfilus McCormick,2025-06-29,1000.00
"TRANSPORT WORKERS UNION OF AMERICA, AFL-CIO",Transport Workers Union of America Political Contributions Committee,Charles Schumer,2025-06-29,5000.00
"TRANSPORT WORKERS UNION OF AMERICA, AFL-CIO",Transport Workers Union of America Political Contributions Committee,Jill Tokuda,2025-06-29,1000.00
"TRANSPORT WORKERS UNION OF AMERICA, AFL-CIO",Transport Workers Union of America Political Contributions Committee,Maxwell Alejandro Frost,2025-06-29,2500.00
"TRANSPORT WORKERS UNION OF AMERICA, AFL-CIO",Transport Workers Union of America Political Contributions Committee,Daniel Hernandez,2025-06-29,2500.00
"TRANSPORT WORKERS UNION OF AMERICA, AFL-CIO",Transport Workers Union of America Political Contributions Committee,Nicole Malliotakis,2025-06-29,5000.00
"TRANSPORT WORKERS UNION OF AMERICA, AFL-CIO",Transport Workers Union of America Political Contributions Committee,Brad Schneider,2025-06-29,2500.00
"TRANSPORT WORKERS UNION OF AMERICA, AFL-CIO",Transport Workers Union of America Political Contributions Committee,George Latimer,2025-06-29,2500.00
"TRANSPORT WORKERS UNION OF AMERICA, AFL-CIO",Transport Workers Union of America Political Contributions Committee,Mark DeSaulnier,2025-06-29,2500.00
"TRANSPORT WORKERS UNION OF AMERICA, AFL-CIO",Transport Workers Union of America Political Contributions Committee,Andre Carson,2025-06-29,2500.00
"TRANSPORT WORKERS UNION OF AMERICA, AFL-CIO",Transport Workers Union of America Political Contributions Committee,Nikema Williams,2025-06-29,1000.00
"TRANSPORT WORKERS UNION OF AMERICA, AFL-CIO",Transport Workers Union of America Political Contributions Committee,Marcy Kaptur,2025-06-29,1500.00
"TRANSPORT WORKERS UNION OF AMERICA, AFL-CIO",Transport Workers Union of America Political Contributions Committee,Eric Sorensen,2025-06-29,2500.00
"TRANSPORT WORKERS UNION OF AMERICA, AFL-CIO",Transport Workers Union of America Political Contributions Committee,Mark Pocan,2025-06-29,5000.00
"TRANSPORT WORKERS UNION OF AMERICA, AFL-CIO",Transport Workers Union of America Political Contributions Committee,Pete Aguilar,2025-06-29,5000.00
"TRANSPORT WORKERS UNION OF AMERICA, AFL-CIO",Transport Workers Union of America Political Contributions Committee,John Mannion,2025-06-29,2500.00
"TRANSPORT WORKERS UNION OF AMERICA, AFL-CIO",Transport Workers Union of America Political Contributions Committee,Laura Friedman,2025-06-29,2500.00
"TRANSPORT WORKERS UNION OF AMERICA, AFL-CIO",Transport Workers Union of America Political Contributions Committee,Katherine Clark,2025-06-29,5000.00
"TRANSPORT WORKERS UNION OF AMERICA, AFL-CIO",Transport Workers Union of America Political Contributions Committee,Rosa DeLauro,2025-06-29,5000.00
"TRANSPORT WORKERS UNION OF AMERICA, AFL-CIO",Transport Workers Union of America Political Contributions Committee,Deborah Ross,2025-06-29,2500.00
"TRANSPORT WORKERS UNION OF AMERICA, AFL-CIO",Transport Workers Union of America Political Contributions Committee,Daniel Goldman,2025-06-29,2500.00
"TRANSPORT WORKERS UNION OF AMERICA, AFL-CIO",Transport Workers Union of America Political Contributions Committee,Chris Deluzio,2025-06-29,2500.00
"TRANSPORT WORKERS UNION OF AMERICA, AFL-CIO",Transport Workers Union of America Political Contributions Committee,Pete Aguilar,2025-06-29,5000.00
"TRANSPORT WORKERS UNION OF AMERICA, AFL-CIO",Transport Workers Union of America Political Contributions Committee,Darren Soto,2025-06-29,2000.00
"TRANSPORT WORKERS UNION OF AMERICA, AFL-CIO",Transport Workers Union of America Political Contributions Committee,Paul Tonko,2025-06-29,1500.00
"TRANSPORT WORKERS UNION OF AMERICA, AFL-CIO",Transport Workers Union of America Political Contributions Committee,Maxwell Alejandro Frost,2025-06-29,2500.00
"TRANSPORT WORKERS UNION OF AMERICA, AFL-CIO",Transport Workers Union of America Political Contributions Committee,Nick Lalota,2025-06-29,2500.00
"TRANSPORT WORKERS UNION OF AMERICA, AFL-CIO",Transport Workers Union of America Political Contributions Committee,Equality PAC,2025-06-29,5000.00
"TRANSPORT WORKERS UNION OF AMERICA, AFL-CIO",Transport Workers Union of America Political Contributions Committee,Brian Schatz,2025-06-29,5000.00
"TRANSPORT WORKERS UNION OF AMERICA, AFL-CIO",Transport Workers Union of America Political Contributions Committee,Katherine Clark,2025-06-29,5000.00
"TRANSPORT WORKERS UNION OF AMERICA, AFL-CIO",Transport Workers Union of America Political Contributions Committee,Joe Morelle,2025-06-29,5000.00
"TRANSPORT WORKERS UNION OF AMERICA, AFL-CIO",Transport Workers Union of America Political Contributions Committee,Laura Gillen,2025-06-29,2500.00
"TRANSPORT WORKERS UNION OF AMERICA, AFL-CIO",Transport Workers Union of America Political Contributions Committee,Angie Craig,2025-06-29,2500.00
"TRANSPORT WORKERS UNION OF AMERICA, AFL-CIO",Transport Workers Union of America Political Contributions Committee,Adriano Espaillat,2025-06-29,5000.00
"TRANSPORT WORKERS UNION OF AMERICA, AFL-CIO",Transport Workers Union of America Political Contributions Committee,TIMOTHY KENNEDY,2025-06-29,5000.00
"TRANSPORT WORKERS UNION OF AMERICA, AFL-CIO",Transport Workers Union of America Political Contributions Committee,Kirsten Gillibrand,2025-06-29,5000.00
"TRANSPORT WORKERS UNION OF AMERICA, AFL-CIO",Transport Workers Union of America Political Contributions Committee,Patrick Ryan,2025-06-29,2500.00
"TRANSPORT WORKERS UNION OF AMERICA, AFL-CIO",Transport Workers Union of America Political Contributions Committee,Steven Horsford,2025-06-29,5000.00
"TRANSPORT WORKERS UNION OF AMERICA, AFL-CIO",Transport Workers Union of America Political Contributions Committee,Timothy Kennedy,2025-06-29,5000.00
"TRANSPORT WORKERS UNION OF AMERICA, AFL-CIO",Transport Workers Union of America Political Contributions Committee,Joyce Beatty,2025-06-29,1000.00
"TRANSPORT WORKERS UNION OF AMERICA, AFL-CIO",Transport Workers Union of America Political Contributions Committee,Nydia Velazquez,2025-06-29,1000.00
"TRANSPORT WORKERS UNION OF AMERICA, AFL-CIO",Transport Workers Union of America Political Contributions Committee,Pramila Jayapal,2025-06-29,1500.00
"TRANSPORT WORKERS UNION OF AMERICA, AFL-CIO",Transport Workers Union of America Political Contributions Committee,Marilyn Strickland,2025-06-29,1500.00
"TRANSPORT WORKERS UNION OF AMERICA, AFL-CIO",Transport Workers Union of America Political Contributions Committee,Nick Lalota,2025-06-29,2500.00
"TRANSPORT WORKERS UNION OF AMERICA, AFL-CIO",Transport Workers Union of America Political Contributions Committee,Eric Schmitt,2025-06-29,2500.00
"TRANSPORT WORKERS UNION OF AMERICA, AFL-CIO",Transport Workers Union of America Political Contributions Committee,Frank MrVan,2025-06-29,1500.00
"TRANSPORT WORKERS UNION OF AMERICA, AFL-CIO",Transport Workers Union of America Political Contributions Committee,Brendan Boyle,2025-06-29,5000.00
"TRANSPORT WORKERS UNION OF AMERICA, AFL-CIO",Transport Workers Union of America Political Contributions Committee,Sustainable Energy and Environment Coalition PAC,2025-06-29,5000.00
"TRANSPORT WORKERS UNION OF AMERICA, AFL-CIO",Transport Workers Union of America Political Contributions Committee,Elect Democratic Women,2025-01-24,5000.00
"TRANSPORT WORKERS UNION OF AMERICA, AFL-CIO",Transport Workers Union of America Political Contributions Committee,Congressional Black Caucus PAC,2025-01-24,5000.00
"TRANSPORT WORKERS UNION OF AMERICA, AFL-CIO",Transport Workers Union of America Political Contributions Committee,Congressional Progressive Caucus PAC,2025-01-24,5000.00
"TRANSPORT WORKERS UNION OF AMERICA, AFL-CIO",Transport Workers Union of America Political Contributions Committee,Transportation Trades Department AFL-CIO (TTD PAC),2025-01-24,5000.00
"TRANSPORT WORKERS UNION OF AMERICA, AFL-CIO",Transport Workers Union of America Political Contributions Committee,Republican Mainstreet Partnership Pac,2025-01-24,5000.00
"TRANSPORT WORKERS UNION OF AMERICA, AFL-CIO",Transport Workers Union of America Political Contributions Committee,Democratic Party Of New Mexico - Federal,2025-01-24,1000.00
"TRANSPORT WORKERS UNION OF AMERICA, AFL-CIO",Transport Workers Union of America Political Contributions Committee,CHC Bold PAC,2025-01-24,5000.00
"TRANSPORT WORKERS UNION OF AMERICA, AFL-CIO",Transport Workers Union of America Political Contributions Committee,ASPIRE PAC,2025-01-24,5000.00
"TRANSPORT WORKERS UNION OF AMERICA, AFL-CIO",Transport Workers Union of America Political Contributions Committee,Republican Governance Group/Tuesday Group PAC,2025-02-21,5000.00
"TRANSPORT WORKERS UNION OF AMERICA, AFL-CIO",Transport Workers Union of America Political Contributions Committee,Luz Rivas,2025-02-21,2500.00
"TRANSPORT WORKERS UNION OF AMERICA, AFL-CIO",Transport Workers Union of America Political Contributions Committee,Hakeem Jeffries,2025-02-21,5000.00
"TRANSPORT WORKERS UNION OF AMERICA, AFL-CIO",Transport Workers Union of America Political Contributions Committee,Nikki Budzinski,2025-02-21,5000.00
"TRANSPORT WORKERS UNION OF AMERICA, AFL-CIO",Transport Workers Union of America Political Contributions Committee,Ritchie Torres,2025-02-21,5000.00
"TRANSPORT WORKERS UNION OF AMERICA, AFL-CIO",Transport Workers Union of America Political Contributions Committee,Michael Lawler,2025-02-21,5000.00
"TRANSPORT WORKERS UNION OF AMERICA, AFL-CIO",Transport Workers Union of America Political Contributions Committee,Hakeem Jeffries,2025-02-21,5000.00
"TRANSPORT WORKERS UNION OF AMERICA, AFL-CIO",Transport Workers Union of America Political Contributions Committee,Yassamin Ansari,2025-02-21,2500.00
"TRANSPORT WORKERS UNION OF AMERICA, AFL-CIO",Transport Workers Union of America Political Contributions Committee,Ritchie Torres,2025-02-21,5000.00
"TRANSPORT WORKERS UNION OF AMERICA, AFL-CIO",Transport Workers Union of America Political Contributions Committee,Michael Lawler,2025-02-21,5000.00
"TRANSPORT WORKERS UNION OF AMERICA, AFL-CIO",Transport Workers Union of America Political Contributions Committee,Valerie Hoyle,2025-02-21,2500.00
"TRANSPORT WORKERS UNION OF AMERICA, AFL-CIO",Transport Workers Union of America Political Contributions Committee,LaMonica McIver,2025-02-21,2500.00
"TRANSPORT WORKERS UNION OF AMERICA, AFL-CIO",Transport Workers Union of America Political Contributions Committee,George Whitesides,2025-02-21,2500.00
"TRANSPORT WORKERS UNION OF AMERICA, AFL-CIO",Transport Workers Union of America Political Contributions Committee,Sarah McBride,2025-02-21,2500.00
"TRANSPORT WORKERS UNION OF AMERICA, AFL-CIO",Transport Workers Union of America Political Contributions Committee,Hakeem Jeffries,2025-02-21,5000.00
"TRANSPORT WORKERS UNION OF AMERICA, AFL-CIO",Transport Workers Union of America Political Contributions Committee,Nikki Budzinski,2025-02-21,5000.00
"TRANSPORT WORKERS UNION OF AMERICA, AFL-CIO",Transport Workers Union of America Political Contributions Committee,Bennie Thompson,2025-02-21,5000.00
"TRANSPORT WORKERS UNION OF AMERICA, AFL-CIO",Transport Workers Union of America Political Contributions Committee,Lateefah Simon,2025-02-21,2500.00
"TRANSPORT WORKERS UNION OF AMERICA, AFL-CIO",Transport Workers Union of America Political Contributions Committee,Julie Johnson,2025-02-21,2500.00
"TRANSPORT WORKERS UNION OF AMERICA, AFL-CIO",Transport Workers Union of America Political Contributions Committee,Angie Craig,2025-02-21,2500.00
"TRANSPORT WORKERS UNION OF AMERICA, AFL-CIO",Transport Workers Union of America Political Contributions Committee,Nikki Budzinski,2025-02-21,5000.00
"TRANSPORT WORKERS UNION OF AMERICA, AFL-CIO",Transport Workers Union of America Political Contributions Committee,Bennie Thompson,2025-02-21,5000.00
"TRANSPORT WORKERS UNION OF AMERICA, AFL-CIO",Transport Workers Union of America Political Contributions Committee,TIMOTHY KENNEDY,2025-02-21,5000.00
"TRANSPORT WORKERS UNION OF AMERICA, AFL-CIO",Transport Workers Union of America Political Contributions Committee,Adam Gray,2025-02-21,2500.00
"TRANSPORT WORKERS UNION OF AMERICA, AFL-CIO",Transport Workers Union of America Political Contributions Committee,Ben Lujan,2025-03-18,2500.00
"TRANSPORT WORKERS UNION OF AMERICA, AFL-CIO",Transport Workers Union of America Political Contributions Committee,Darren Soto,2025-03-18,1000.00
"TRANSPORT WORKERS UNION OF AMERICA, AFL-CIO",Transport Workers Union of America Political Contributions Committee,Mike Quigley,2025-03-18,2500.00
"TRANSPORT WORKERS UNION OF AMERICA, AFL-CIO",Transport Workers Union of America Political Contributions Committee,John Mannion,2025-03-18,2500.00
"TRANSPORT WORKERS UNION OF AMERICA, AFL-CIO",Transport Workers Union of America Political Contributions Committee,Andrew Garbarino,2025-03-18,5000.00
"TRANSPORT WORKERS UNION OF AMERICA, AFL-CIO",Transport Workers Union of America Political Contributions Committee,Chris Deluzio,2025-03-18,2500.00
"TRANSPORT WORKERS UNION OF AMERICA, AFL-CIO",Transport Workers Union of America Political Contributions Committee,Don Bacon,2025-03-18,5000.00
"TRANSPORT WORKERS UNION OF AMERICA, AFL-CIO",Transport Workers Union of America Political Contributions Committee,Edward Markey,2025-03-18,2500.00
"TRANSPORT WORKERS UNION OF AMERICA, AFL-CIO",Transport Workers Union of America Political Contributions Committee,Melanie Stansbury,2025-03-18,2500.00
"TRANSPORT WORKERS UNION OF AMERICA, AFL-CIO",Transport Workers Union of America Political Contributions Committee,Delia Ramirez,2025-03-18,1500.00
"TRANSPORT WORKERS UNION OF AMERICA, AFL-CIO",Transport Workers Union of America Political Contributions Committee,Grace Meng,2025-03-18,2000.00
"TRANSPORT WORKERS UNION OF AMERICA, AFL-CIO",Transport Workers Union of America Political Contributions Committee,Jesus Garcia,2025-03-18,2500.00
"TRANSPORT WORKERS UNION OF AMERICA, AFL-CIO",Transport Workers Union of America Political Contributions Committee,Sarah Elfreth,2025-03-18,1000.00
"TRANSPORT WORKERS UNION OF AMERICA, AFL-CIO",Transport Workers Union of America Political Contributions Committee,Mike Bost,2025-03-18,2500.00
"TRANSPORT WORKERS UNION OF AMERICA, AFL-CIO",Transport Workers Union of America Political Contributions Committee,Julia Brownley,2025-03-18,5000.00
"TRANSPORT WORKERS UNION OF AMERICA, AFL-CIO",Transport Workers Union of America Political Contributions Committee,Emilia Sykes,2025-03-18,1500.00
"TRANSPORT WORKERS UNION OF AMERICA, AFL-CIO",Transport Workers Union of America Political Contributions Committee,Patrick Ryan,2025-03-18,2500.00
"TRANSPORT WORKERS UNION OF AMERICA, AFL-CIO",Transport Workers Union of America Political Contributions Committee,Donald Norcross,2025-03-18,5000.00
"TRANSPORT WORKERS UNION OF AMERICA, AFL-CIO",Transport Workers Union of America Political Contributions Committee,Nick LaLota,2025-03-18,5000.00
"TRANSPORT WORKERS UNION OF AMERICA, AFL-CIO",Transport Workers Union of America Political Contributions Committee,Adriano Espaillat,2025-03-18,5000.00
"TRANSPORT WORKERS UNION OF AMERICA, AFL-CIO",Transport Workers Union of America Political Contributions Committee,Julia Brownley,2025-03-18,5000.00
"TRANSPORT WORKERS UNION OF AMERICA, AFL-CIO",Transport Workers Union of America Political Contributions Committee,Lori Trahan,2025-03-18,5000.00
"TRANSPORT WORKERS UNION OF AMERICA, AFL-CIO",Transport Workers Union of America Political Contributions Committee,Mary Gay Scanlon,2025-03-18,1500.00
"TRANSPORT WORKERS UNION OF AMERICA, AFL-CIO",Transport Workers Union of America Political Contributions Committee,Mark Pocan,2025-03-18,2500.00
"TRANSPORT WORKERS UNION OF AMERICA, AFL-CIO",Transport Workers Union of America Political Contributions Committee,George Latimer,2025-03-18,2500.00
"TRANSPORT WORKERS UNION OF AMERICA, AFL-CIO",Transport Workers Union of America Political Contributions Committee,Laura Friedman,2025-03-18,2500.00
"TRANSPORT WORKERS UNION OF AMERICA, AFL-CIO",Transport Workers Union of America Political Contributions Committee,Greg Casar,2025-03-18,1000.00
"TRANSPORT WORKERS UNION OF AMERICA, AFL-CIO",Transport Workers Union of America Political Contributions Committee,Michael Turner,2025-03-18,1000.00
"TRANSPORT WORKERS UNION OF AMERICA, AFL-CIO",Transport Workers Union of America Political Contributions Committee,Hillary Scholten,2025-03-18,1500.00
"TRANSPORT WORKERS UNION OF AMERICA, AFL-CIO",Transport Workers Union of America Political Contributions Committee,NELIDA POU,2025-03-18,1500.00
"TRANSPORT WORKERS UNION OF AMERICA, AFL-CIO",Transport Workers Union of America Political Contributions Committee,Nicole Malliotakis,2025-03-18,2500.00
"TRANSPORT WORKERS UNION OF AMERICA, AFL-CIO",Transport Workers Union of America Political Contributions Committee,Maxwell Alejandro Frost,2025-03-18,2500.00
"TRANSPORT WORKERS UNION OF AMERICA, AFL-CIO",Transport Workers Union of America Political Contributions Committee,Yvette Clarke,2025-03-18,5000.00
"TRANSPORT WORKERS UNION OF AMERICA, AFL-CIO",Transport Workers Union of America Political Contributions Committee,Dem Sen Camp Cmte(DSCC)-Federal Acct,2025-03-18,45000.00
"TRANSPORT WORKERS UNION OF AMERICA, AFL-CIO",Transport Workers Union of America Political Contributions Committee,Dina Titus,2025-03-18,5000.00
"TRANSPORT WORKERS UNION OF AMERICA, AFL-CIO",Transport Workers Union of America Political Contributions Committee,Andrea Salinas,2025-03-18,1000.00
"TRANSPORT WORKERS UNION OF AMERICA, AFL-CIO",Transport Workers Union of America Political Contributions Committee,Chris Pappas,2025-03-18,5000.00
"TRANSPORT WORKERS UNION OF AMERICA, AFL-CIO",Transport Workers Union of America Political Contributions Committee,Rick Larsen,2025-03-18,5000.00
"TRANSPORT WORKERS UNION OF AMERICA, AFL-CIO",Transport Workers Union of America Political Contributions Committee,Shomari Figures,2025-03-18,1000.00
"TRANSPORT WORKERS UNION OF AMERICA, AFL-CIO",Transport Workers Union of America Political Contributions Committee,Andre Carson,2025-03-18,1000.00
"TRANSPORT WORKERS UNION OF AMERICA, AFL-CIO",Transport Workers Union of America Political Contributions Committee,Christopher Deluzio,2025-03-18,5000.00
"TRANSPORT WORKERS UNION OF AMERICA, AFL-CIO",Transport Workers Union of America Political Contributions Committee,Dem Cong Camp Cmte(DCCC)-Federal Acct,2025-03-18,45000.00
"TRANSPORT WORKERS UNION OF AMERICA, AFL-CIO",Transport Workers Union of America Political Contributions Committee,Dem Cong Camp Cmte(DCCC)-Federal Acct,2025-03-18,15000.00
"TRANSPORT WORKERS UNION OF AMERICA, AFL-CIO",Transport Workers Union of America Political Contributions Committee,Republican Italian American Committee,2025-03-18,1000.00
"TRANSPORT WORKERS UNION OF AMERICA, AFL-CIO",Transport Workers Union of America Political Contributions Committee,Dem Sen Camp Cmte(DSCC)-Federal Acct,2025-03-18,15000.00
"TRANSPORT WORKERS UNION OF AMERICA, AFL-CIO",Transport Workers Union of America Political Contributions Committee,Marc Veasey,2025-04-22,1000.00
"TRANSPORT WORKERS UNION OF AMERICA, AFL-CIO",Transport Workers Union of America Political Contributions Committee,Madeleine Dean,2025-04-22,1500.00
"TRANSPORT WORKERS UNION OF AMERICA, AFL-CIO",Transport Workers Union of America Political Contributions Committee,Kristen McDonald Rivet,2025-04-22,1500.00
"TRANSPORT WORKERS UNION OF AMERICA, AFL-CIO",Transport Workers Union of America Political Contributions Committee,Andre Carson,2025-04-22,1500.00
"TRANSPORT WORKERS UNION OF AMERICA, AFL-CIO",Transport Workers Union of America Political Contributions Committee,David Rouzer,2025-04-22,2500.00
"TRANSPORT WORKERS UNION OF AMERICA, AFL-CIO",Transport Workers Union of America Political Contributions Committee,Sharice Davids,2025-04-22,1500.00
"TRANSPORT WORKERS UNION OF AMERICA, AFL-CIO",Transport Workers Union of America Political Contributions Committee,Dwight Evans,2025-04-22,5000.00
"TRANSPORT WORKERS UNION OF AMERICA, AFL-CIO",Transport Workers Union of America Political Contributions Committee,Eleanor Holmes Norton,2025-04-22,1500.00
"TRANSPORT WORKERS UNION OF AMERICA, AFL-CIO",Transport Workers Union of America Political Contributions Committee,Rob Bresnahan,2025-04-22,2500.00
"TRANSPORT WORKERS UNION OF AMERICA, AFL-CIO",Transport Workers Union of America Political Contributions Committee,Brian Fitzpatrick,2025-04-22,5000.00
"TRANSPORT WORKERS UNION OF AMERICA, AFL-CIO",Transport Workers Union of America Political Contributions Committee,Brian Fitzpatrick,2025-04-22,5000.00
"TRANSPORT WORKERS UNION OF AMERICA, AFL-CIO",Transport Workers Union of America Political Contributions Committee,Frederica Wilson,2025-04-22,2000.00
"TRANSPORT WORKERS UNION OF AMERICA, AFL-CIO",Transport Workers Union of America Political Contributions Committee,Rosa DeLauro,2025-04-22,5000.00
"TRANSPORT WORKERS UNION OF AMERICA, AFL-CIO",Transport Workers Union of America Political Contributions Committee,Nicole Malliotakis,2025-04-22,2500.00
"TRANSPORT WORKERS UNION OF AMERICA, AFL-CIO",Transport Workers Union of America Political Contributions Committee,Rick Larsen,2025-05-29,5000.00
"TRANSPORT WORKERS UNION OF AMERICA, AFL-CIO",Transport Workers Union of America Political Contributions Committee,Brendan Boyle,2025-06-29,5000.00
"TRANSPORT WORKERS UNION OF AMERICA, AFL-CIO",Transport Workers Union of America Political Contributions Committee,Christopher Smith,2025-06-29,2500.00
"TRANSPORT WORKERS UNION OF AMERICA, AFL-CIO",Transport Workers Union of America Political Contributions Committee,Valerie Foushee,2025-06-29,1500.00
"TRANSPORT WORKERS UNION OF AMERICA, AFL-CIO",Transport Workers Union of America Political Contributions Committee,Donald Norcross,2025-06-29,5000.00
"TRANSPORT WORKERS UNION OF AMERICA, AFL-CIO",Transport Workers Union of America Political Contributions Committee,Tom Suozzi,2025-06-29,5000.00
"TRANSPORT WORKERS UNION OF AMERICA, AFL-CIO",Transport Workers Union of America Political Contributions Committee,Ted Lieu,2025-06-29,1000.00
"TRANSPORT WORKERS UNION OF AMERICA, AFL-CIO",Transport Workers Union of America Political Contributions Committee,Debbie Dingell,2025-06-29,5000.00
"TRANSPORT WORKERS UNION OF AMERICA, AFL-CIO",Transport Workers Union of America Political Contributions Committee,Sheila Cherfilus McCormick,2025-06-29,1000.00
"TRANSPORT WORKERS UNION OF AMERICA, AFL-CIO",Transport Workers Union of America Political Contributions Committee,Charles Schumer,2025-06-29,5000.00
"TRANSPORT WORKERS UNION OF AMERICA, AFL-CIO",Transport Workers Union of America Political Contributions Committee,Jill Tokuda,2025-06-29,1000.00
"TRANSPORT WORKERS UNION OF AMERICA, AFL-CIO",Transport Workers Union of America Political Contributions Committee,Maxwell Alejandro Frost,2025-06-29,2500.00
"TRANSPORT WORKERS UNION OF AMERICA, AFL-CIO",Transport Workers Union of America Political Contributions Committee,Daniel Hernandez,2025-06-29,2500.00
"TRANSPORT WORKERS UNION OF AMERICA, AFL-CIO",Transport Workers Union of America Political Contributions Committee,Nicole Malliotakis,2025-06-29,5000.00
"TRANSPORT WORKERS UNION OF AMERICA, AFL-CIO",Transport Workers Union of America Political Contributions Committee,Brad Schneider,2025-06-29,2500.00
"TRANSPORT WORKERS UNION OF AMERICA, AFL-CIO",Transport Workers Union of America Political Contributions Committee,George Latimer,2025-06-29,2500.00
"TRANSPORT WORKERS UNION OF AMERICA, AFL-CIO",Transport Workers Union of America Political Contributions Committee,Mark DeSaulnier,2025-06-29,2500.00
"TRANSPORT WORKERS UNION OF AMERICA, AFL-CIO",Transport Workers Union of America Political Contributions Committee,Andre Carson,2025-06-29,2500.00
"TRANSPORT WORKERS UNION OF AMERICA, AFL-CIO",Transport Workers Union of America Political Contributions Committee,Nikema Williams,2025-06-29,1000.00
"TRANSPORT WORKERS UNION OF AMERICA, AFL-CIO",Transport Workers Union of America Political Contributions Committee,Marcy Kaptur,2025-06-29,1500.00
"TRANSPORT WORKERS UNION OF AMERICA, AFL-CIO",Transport Workers Union of America Political Contributions Committee,Eric Sorensen,2025-06-29,2500.00
"TRANSPORT WORKERS UNION OF AMERICA, AFL-CIO",Transport Workers Union of America Political Contributions Committee,Mark Pocan,2025-06-29,5000.00
"TRANSPORT WORKERS UNION OF AMERICA, AFL-CIO",Transport Workers Union of America Political Contributions Committee,Pete Aguilar,2025-06-29,5000.00
"TRANSPORT WORKERS UNION OF AMERICA, AFL-CIO",Transport Workers Union of America Political Contributions Committee,John Mannion,2025-06-29,2500.00
"TRANSPORT WORKERS UNION OF AMERICA, AFL-CIO",Transport Workers Union of America Political Contributions Committee,Laura Friedman,2025-06-29,2500.00
"TRANSPORT WORKERS UNION OF AMERICA, AFL-CIO",Transport Workers Union of America Political Contributions Committee,Katherine Clark,2025-06-29,5000.00
"TRANSPORT WORKERS UNION OF AMERICA, AFL-CIO",Transport Workers Union of America Political Contributions Committee,Rosa DeLauro,2025-06-29,5000.00
"TRANSPORT WORKERS UNION OF AMERICA, AFL-CIO",Transport Workers Union of America Political Contributions Committee,Deborah Ross,2025-06-29,2500.00
"TRANSPORT WORKERS UNION OF AMERICA, AFL-CIO",Transport Workers Union of America Political Contributions Committee,Daniel Goldman,2025-06-29,2500.00
"TRANSPORT WORKERS UNION OF AMERICA, AFL-CIO",Transport Workers Union of America Political Contributions Committee,Chris Deluzio,2025-06-29,2500.00
"TRANSPORT WORKERS UNION OF AMERICA, AFL-CIO",Transport Workers Union of America Political Contributions Committee,Pete Aguilar,2025-06-29,5000.00
"TRANSPORT WORKERS UNION OF AMERICA, AFL-CIO",Transport Workers Union of America Political Contributions Committee,Darren Soto,2025-06-29,2000.00
"TRANSPORT WORKERS UNION OF AMERICA, AFL-CIO",Transport Workers Union of America Political Contributions Committee,Paul Tonko,2025-06-29,1500.00
"TRANSPORT WORKERS UNION OF AMERICA, AFL-CIO",Transport Workers Union of America Political Contributions Committee,Maxwell Alejandro Frost,2025-06-29,2500.00
"TRANSPORT WORKERS UNION OF AMERICA, AFL-CIO",Transport Workers Union of America Political Contributions Committee,Nick Lalota,2025-06-29,2500.00
"TRANSPORT WORKERS UNION OF AMERICA, AFL-CIO",Transport Workers Union of America Political Contributions Committee,Equality PAC,2025-06-29,5000.00
"TRANSPORT WORKERS UNION OF AMERICA, AFL-CIO",Transport Workers Union of America Political Contributions Committee,Brian Schatz,2025-06-29,5000.00
"TRANSPORT WORKERS UNION OF AMERICA, AFL-CIO",Transport Workers Union of America Political Contributions Committee,Katherine Clark,2025-06-29,5000.00
"TRANSPORT WORKERS UNION OF AMERICA, AFL-CIO",Transport Workers Union of America Political Contributions Committee,Joe Morelle,2025-06-29,5000.00
"TRANSPORT WORKERS UNION OF AMERICA, AFL-CIO",Transport Workers Union of America Political Contributions Committee,Laura Gillen,2025-06-29,2500.00
"TRANSPORT WORKERS UNION OF AMERICA, AFL-CIO",Transport Workers Union of America Political Contributions Committee,Angie Craig,2025-06-29,2500.00
"TRANSPORT WORKERS UNION OF AMERICA, AFL-CIO",Transport Workers Union of America Political Contributions Committee,Adriano Espaillat,2025-06-29,5000.00
"TRANSPORT WORKERS UNION OF AMERICA, AFL-CIO",Transport Workers Union of America Political Contributions Committee,TIMOTHY KENNEDY,2025-06-29,5000.00
"TRANSPORT WORKERS UNION OF AMERICA, AFL-CIO",Transport Workers Union of America Political Contributions Committee,Kirsten Gillibrand,2025-06-29,5000.00
"TRANSPORT WORKERS UNION OF AMERICA, AFL-CIO",Transport Workers Union of America Political Contributions Committee,Patrick Ryan,2025-06-29,2500.00
"TRANSPORT WORKERS UNION OF AMERICA, AFL-CIO",Transport Workers Union of America Political Contributions Committee,Steven Horsford,2025-06-29,5000.00
"TRANSPORT WORKERS UNION OF AMERICA, AFL-CIO",Transport Workers Union of America Political Contributions Committee,Timothy Kennedy,2025-06-29,5000.00
"TRANSPORT WORKERS UNION OF AMERICA, AFL-CIO",Transport Workers Union of America Political Contributions Committee,Joyce Beatty,2025-06-29,1000.00
"TRANSPORT WORKERS UNION OF AMERICA, AFL-CIO",Transport Workers Union of America Political Contributions Committee,Nydia Velazquez,2025-06-29,1000.00
"TRANSPORT WORKERS UNION OF AMERICA, AFL-CIO",Transport Workers Union of America Political Contributions Committee,Pramila Jayapal,2025-06-29,1500.00
"TRANSPORT WORKERS UNION OF AMERICA, AFL-CIO",Transport Workers Union of America Political Contributions Committee,Marilyn Strickland,2025-06-29,1500.00
"TRANSPORT WORKERS UNION OF AMERICA, AFL-CIO",Transport Workers Union of America Political Contributions Committee,Nick Lalota,2025-06-29,2500.00
"TRANSPORT WORKERS UNION OF AMERICA, AFL-CIO",Transport Workers Union of America Political Contributions Committee,Eric Schmitt,2025-06-29,2500.00
"TRANSPORT WORKERS UNION OF AMERICA, AFL-CIO",Transport Workers Union of America Political Contributions Committee,Frank MrVan,2025-06-29,1500.00
"TRANSPORT WORKERS UNION OF AMERICA, AFL-CIO",Transport Workers Union of America Political Contributions Committee,Brendan Boyle,2025-06-29,5000.00
"TRANSPORT WORKERS UNION OF AMERICA, AFL-CIO",Transport Workers Union of America Political Contributions Committee,Sustainable Energy and Environment Coalition PAC,2025-06-29,5000.00
"TRANSPORT WORKERS UNION OF AMERICA, AFL-CIO",Transport Workers Union of America Political Contributions Committee,Elect Democratic Women,2025-01-24,5000.00
"TRANSPORT WORKERS UNION OF AMERICA, AFL-CIO",Transport Workers Union of America Political Contributions Committee,Congressional Black Caucus PAC,2025-01-24,5000.00
"TRANSPORT WORKERS UNION OF AMERICA, AFL-CIO",Transport Workers Union of America Political Contributions Committee,Congressional Progressive Caucus PAC,2025-01-24,5000.00
"TRANSPORT WORKERS UNION OF AMERICA, AFL-CIO",Transport Workers Union of America Political Contributions Committee,Transportation Trades Department AFL-CIO (TTD PAC),2025-01-24,5000.00
"TRANSPORT WORKERS UNION OF AMERICA, AFL-CIO",Transport Workers Union of America Political Contributions Committee,Republican Mainstreet Partnership Pac,2025-01-24,5000.00
"TRANSPORT WORKERS UNION OF AMERICA, AFL-CIO",Transport Workers Union of America Political Contributions Committee,Democratic Party Of New Mexico - Federal,2025-01-24,1000.00
"TRANSPORT WORKERS UNION OF AMERICA, AFL-CIO",Transport Workers Union of America Political Contributions Committee,CHC Bold PAC,2025-01-24,5000.00
"TRANSPORT WORKERS UNION OF AMERICA, AFL-CIO",Transport Workers Union of America Political Contributions Committee,ASPIRE PAC,2025-01-24,5000.00
"TRANSPORT WORKERS UNION OF AMERICA, AFL-CIO",Transport Workers Union of America Political Contributions Committee,Republican Governance Group/Tuesday Group PAC,2025-02-21,5000.00
"TRANSPORT WORKERS UNION OF AMERICA, AFL-CIO",Transport Workers Union of America Political Contributions Committee,Luz Rivas,2025-02-21,2500.00
"TRANSPORT WORKERS UNION OF AMERICA, AFL-CIO",Transport Workers Union of America Political Contributions Committee,Hakeem Jeffries,2025-02-21,5000.00
"TRANSPORT WORKERS UNION OF AMERICA, AFL-CIO",Transport Workers Union of America Political Contributions Committee,Nikki Budzinski,2025-02-21,5000.00
"TRANSPORT WORKERS UNION OF AMERICA, AFL-CIO",Transport Workers Union of America Political Contributions Committee,Ritchie Torres,2025-02-21,5000.00
"TRANSPORT WORKERS UNION OF AMERICA, AFL-CIO",Transport Workers Union of America Political Contributions Committee,Michael Lawler,2025-02-21,5000.00
"TRANSPORT WORKERS UNION OF AMERICA, AFL-CIO",Transport Workers Union of America Political Contributions Committee,Hakeem Jeffries,2025-02-21,5000.00
"TRANSPORT WORKERS UNION OF AMERICA, AFL-CIO",Transport Workers Union of America Political Contributions Committee,Yassamin Ansari,2025-02-21,2500.00
"TRANSPORT WORKERS UNION OF AMERICA, AFL-CIO",Transport Workers Union of America Political Contributions Committee,Ritchie Torres,2025-02-21,5000.00
"TRANSPORT WORKERS UNION OF AMERICA, AFL-CIO",Transport Workers Union of America Political Contributions Committee,Michael Lawler,2025-02-21,5000.00
"TRANSPORT WORKERS UNION OF AMERICA, AFL-CIO",Transport Workers Union of America Political Contributions Committee,Valerie Hoyle,2025-02-21,2500.00
"TRANSPORT WORKERS UNION OF AMERICA, AFL-CIO",Transport Workers Union of America Political Contributions Committee,LaMonica McIver,2025-02-21,2500.00
"TRANSPORT WORKERS UNION OF AMERICA, AFL-CIO",Transport Workers Union of America Political Contributions Committee,George Whitesides,2025-02-21,2500.00
"TRANSPORT WORKERS UNION OF AMERICA, AFL-CIO",Transport Workers Union of America Political Contributions Committee,Sarah McBride,2025-02-21,2500.00
"TRANSPORT WORKERS UNION OF AMERICA, AFL-CIO",Transport Workers Union of America Political Contributions Committee,Hakeem Jeffries,2025-02-21,5000.00
"TRANSPORT WORKERS UNION OF AMERICA, AFL-CIO",Transport Workers Union of America Political Contributions Committee,Nikki Budzinski,2025-02-21,5000.00
"TRANSPORT WORKERS UNION OF AMERICA, AFL-CIO",Transport Workers Union of America Political Contributions Committee,Bennie Thompson,2025-02-21,5000.00
"TRANSPORT WORKERS UNION OF AMERICA, AFL-CIO",Transport Workers Union of America Political Contributions Committee,Lateefah Simon,2025-02-21,2500.00
"TRANSPORT WORKERS UNION OF AMERICA, AFL-CIO",Transport Workers Union of America Political Contributions Committee,Julie Johnson,2025-02-21,2500.00
"TRANSPORT WORKERS UNION OF AMERICA, AFL-CIO",Transport Workers Union of America Political Contributions Committee,Angie Craig,2025-02-21,2500.00
"TRANSPORT WORKERS UNION OF AMERICA, AFL-CIO",Transport Workers Union of America Political Contributions Committee,Nikki Budzinski,2025-02-21,5000.00
"TRANSPORT WORKERS UNION OF AMERICA, AFL-CIO",Transport Workers Union of America Political Contributions Committee,Bennie Thompson,2025-02-21,5000.00
"TRANSPORT WORKERS UNION OF AMERICA, AFL-CIO",Transport Workers Union of America Political Contributions Committee,TIMOTHY KENNEDY,2025-02-21,5000.00
"TRANSPORT WORKERS UNION OF AMERICA, AFL-CIO",Transport Workers Union of America Political Contributions Committee,Adam Gray,2025-02-21,2500.00
"TRANSPORT WORKERS UNION OF AMERICA, AFL-CIO",Transport Workers Union of America Political Contributions Committee,Ben Lujan,2025-03-18,2500.00
"TRANSPORT WORKERS UNION OF AMERICA, AFL-CIO",Transport Workers Union of America Political Contributions Committee,Darren Soto,2025-03-18,1000.00
"TRANSPORT WORKERS UNION OF AMERICA, AFL-CIO",Transport Workers Union of America Political Contributions Committee,Mike Quigley,2025-03-18,2500.00
"TRANSPORT WORKERS UNION OF AMERICA, AFL-CIO",Transport Workers Union of America Political Contributions Committee,John Mannion,2025-03-18,2500.00
"TRANSPORT WORKERS UNION OF AMERICA, AFL-CIO",Transport Workers Union of America Political Contributions Committee,Andrew Garbarino,2025-03-18,5000.00
"TRANSPORT WORKERS UNION OF AMERICA, AFL-CIO",Transport Workers Union of America Political Contributions Committee,Chris Deluzio,2025-03-18,2500.00
"TRANSPORT WORKERS UNION OF AMERICA, AFL-CIO",Transport Workers Union of America Political Contributions Committee,Don Bacon,2025-03-18,5000.00
"TRANSPORT WORKERS UNION OF AMERICA, AFL-CIO",Transport Workers Union of America Political Contributions Committee,Edward Markey,2025-03-18,2500.00
"TRANSPORT WORKERS UNION OF AMERICA, AFL-CIO",Transport Workers Union of America Political Contributions Committee,Melanie Stansbury,2025-03-18,2500.00
"TRANSPORT WORKERS UNION OF AMERICA, AFL-CIO",Transport Workers Union of America Political Contributions Committee,Delia Ramirez,2025-03-18,1500.00
"TRANSPORT WORKERS UNION OF AMERICA, AFL-CIO",Transport Workers Union of America Political Contributions Committee,Grace Meng,2025-03-18,2000.00
"TRANSPORT WORKERS UNION OF AMERICA, AFL-CIO",Transport Workers Union of America Political Contributions Committee,Jesus Garcia,2025-03-18,2500.00
"TRANSPORT WORKERS UNION OF AMERICA, AFL-CIO",Transport Workers Union of America Political Contributions Committee,Sarah Elfreth,2025-03-18,1000.00
"TRANSPORT WORKERS UNION OF AMERICA, AFL-CIO",Transport Workers Union of America Political Contributions Committee,Mike Bost,2025-03-18,2500.00
"TRANSPORT WORKERS UNION OF AMERICA, AFL-CIO",Transport Workers Union of America Political Contributions Committee,Julia Brownley,2025-03-18,5000.00
"TRANSPORT WORKERS UNION OF AMERICA, AFL-CIO",Transport Workers Union of America Political Contributions Committee,Emilia Sykes,2025-03-18,1500.00
"TRANSPORT WORKERS UNION OF AMERICA, AFL-CIO",Transport Workers Union of America Political Contributions Committee,Patrick Ryan,2025-03-18,2500.00
"TRANSPORT WORKERS UNION OF AMERICA, AFL-CIO",Transport Workers Union of America Political Contributions Committee,Donald Norcross,2025-03-18,5000.00
"TRANSPORT WORKERS UNION OF AMERICA, AFL-CIO",Transport Workers Union of America Political Contributions Committee,Nick LaLota,2025-03-18,5000.00
"TRANSPORT WORKERS UNION OF AMERICA, AFL-CIO",Transport Workers Union of America Political Contributions Committee,Adriano Espaillat,2025-03-18,5000.00
"TRANSPORT WORKERS UNION OF AMERICA, AFL-CIO",Transport Workers Union of America Political Contributions Committee,Julia Brownley,2025-03-18,5000.00
"TRANSPORT WORKERS UNION OF AMERICA, AFL-CIO",Transport Workers Union of America Political Contributions Committee,Lori Trahan,2025-03-18,5000.00
"TRANSPORT WORKERS UNION OF AMERICA, AFL-CIO",Transport Workers Union of America Political Contributions Committee,Mary Gay Scanlon,2025-03-18,1500.00
"TRANSPORT WORKERS UNION OF AMERICA, AFL-CIO",Transport Workers Union of America Political Contributions Committee,Mark Pocan,2025-03-18,2500.00
"TRANSPORT WORKERS UNION OF AMERICA, AFL-CIO",Transport Workers Union of America Political Contributions Committee,George Latimer,2025-03-18,2500.00
"TRANSPORT WORKERS UNION OF AMERICA, AFL-CIO",Transport Workers Union of America Political Contributions Committee,Laura Friedman,2025-03-18,2500.00
"TRANSPORT WORKERS UNION OF AMERICA, AFL-CIO",Transport Workers Union of America Political Contributions Committee,Greg Casar,2025-03-18,1000.00
"TRANSPORT WORKERS UNION OF AMERICA, AFL-CIO",Transport Workers Union of America Political Contributions Committee,Michael Turner,2025-03-18,1000.00
"TRANSPORT WORKERS UNION OF AMERICA, AFL-CIO",Transport Workers Union of America Political Contributions Committee,Hillary Scholten,2025-03-18,1500.00
"TRANSPORT WORKERS UNION OF AMERICA, AFL-CIO",Transport Workers Union of America Political Contributions Committee,NELIDA POU,2025-03-18,1500.00
"TRANSPORT WORKERS UNION OF AMERICA, AFL-CIO",Transport Workers Union of America Political Contributions Committee,Nicole Malliotakis,2025-03-18,2500.00
"TRANSPORT WORKERS UNION OF AMERICA, AFL-CIO",Transport Workers Union of America Political Contributions Committee,Maxwell Alejandro Frost,2025-03-18,2500.00
"TRANSPORT WORKERS UNION OF AMERICA, AFL-CIO",Transport Workers Union of America Political Contributions Committee,Yvette Clarke,2025-03-18,5000.00
"TRANSPORT WORKERS UNION OF AMERICA, AFL-CIO",Transport Workers Union of America Political Contributions Committee,Dem Sen Camp Cmte(DSCC)-Federal Acct,2025-03-18,45000.00
"TRANSPORT WORKERS UNION OF AMERICA, AFL-CIO",Transport Workers Union of America Political Contributions Committee,Dina Titus,2025-03-18,5000.00
"TRANSPORT WORKERS UNION OF AMERICA, AFL-CIO",Transport Workers Union of America Political Contributions Committee,Andrea Salinas,2025-03-18,1000.00
"TRANSPORT WORKERS UNION OF AMERICA, AFL-CIO",Transport Workers Union of America Political Contributions Committee,Chris Pappas,2025-03-18,5000.00
"TRANSPORT WORKERS UNION OF AMERICA, AFL-CIO",Transport Workers Union of America Political Contributions Committee,Rick Larsen,2025-03-18,5000.00
"TRANSPORT WORKERS UNION OF AMERICA, AFL-CIO",Transport Workers Union of America Political Contributions Committee,Shomari Figures,2025-03-18,1000.00
"TRANSPORT WORKERS UNION OF AMERICA, AFL-CIO",Transport Workers Union of America Political Contributions Committee,Andre Carson,2025-03-18,1000.00
"TRANSPORT WORKERS UNION OF AMERICA, AFL-CIO",Transport Workers Union of America Political Contributions Committee,Christopher Deluzio,2025-03-18,5000.00
"TRANSPORT WORKERS UNION OF AMERICA, AFL-CIO",Transport Workers Union of America Political Contributions Committee,Dem Cong Camp Cmte(DCCC)-Federal Acct,2025-03-18,45000.00
"TRANSPORT WORKERS UNION OF AMERICA, AFL-CIO",Transport Workers Union of America Political Contributions Committee,Dem Cong Camp Cmte(DCCC)-Federal Acct,2025-03-18,15000.00
"TRANSPORT WORKERS UNION OF AMERICA, AFL-CIO",Transport Workers Union of America Political Contributions Committee,Republican Italian American Committee,2025-03-18,1000.00
"TRANSPORT WORKERS UNION OF AMERICA, AFL-CIO",Transport Workers Union of America Political Contributions Committee,Dem Sen Camp Cmte(DSCC)-Federal Acct,2025-03-18,15000.00
"TRANSPORT WORKERS UNION OF AMERICA, AFL-CIO",Transport Workers Union of America Political Contributions Committee,Marc Veasey,2025-04-22,1000.00
"TRANSPORT WORKERS UNION OF AMERICA, AFL-CIO",Transport Workers Union of America Political Contributions Committee,Madeleine Dean,2025-04-22,1500.00
"TRANSPORT WORKERS UNION OF AMERICA, AFL-CIO",Transport Workers Union of America Political Contributions Committee,Kristen McDonald Rivet,2025-04-22,1500.00
"TRANSPORT WORKERS UNION OF AMERICA, AFL-CIO",Transport Workers Union of America Political Contributions Committee,Andre Carson,2025-04-22,1500.00
"TRANSPORT WORKERS UNION OF AMERICA, AFL-CIO",Transport Workers Union of America Political Contributions Committee,David Rouzer,2025-04-22,2500.00
"TRANSPORT WORKERS UNION OF AMERICA, AFL-CIO",Transport Workers Union of America Political Contributions Committee,Sharice Davids,2025-04-22,1500.00
"TRANSPORT WORKERS UNION OF AMERICA, AFL-CIO",Transport Workers Union of America Political Contributions Committee,Dwight Evans,2025-04-22,5000.00
"TRANSPORT WORKERS UNION OF AMERICA, AFL-CIO",Transport Workers Union of America Political Contributions Committee,Eleanor Holmes Norton,2025-04-22,1500.00
"TRANSPORT WORKERS UNION OF AMERICA, AFL-CIO",Transport Workers Union of America Political Contributions Committee,Rob Bresnahan,2025-04-22,2500.00
"TRANSPORT WORKERS UNION OF AMERICA, AFL-CIO",Transport Workers Union of America Political Contributions Committee,Brian Fitzpatrick,2025-04-22,5000.00
"TRANSPORT WORKERS UNION OF AMERICA, AFL-CIO",Transport Workers Union of America Political Contributions Committee,Brian Fitzpatrick,2025-04-22,5000.00
"TRANSPORT WORKERS UNION OF AMERICA, AFL-CIO",Transport Workers Union of America Political Contributions Committee,Frederica Wilson,2025-04-22,2000.00
"TRANSPORT WORKERS UNION OF AMERICA, AFL-CIO",Transport Workers Union of America Political Contributions Committee,Rosa DeLauro,2025-04-22,5000.00
"TRANSPORT WORKERS UNION OF AMERICA, AFL-CIO",Transport Workers Union of America Political Contributions Committee,Nicole Malliotakis,2025-04-22,2500.00
"TRANSPORT WORKERS UNION OF AMERICA, AFL-CIO",Transport Workers Union of America Political Contributions Committee,Rick Larsen,2025-05-29,5000.00
"TRANSPORT WORKERS UNION OF AMERICA, AFL-CIO",Transport Workers Union of America Political Contributions Committee,Brendan Boyle,2025-06-29,5000.00
"TRANSPORT WORKERS UNION OF AMERICA, AFL-CIO",Transport Workers Union of America Political Contributions Committee,Christopher Smith,2025-06-29,2500.00
"TRANSPORT WORKERS UNION OF AMERICA, AFL-CIO",Transport Workers Union of America Political Contributions Committee,Valerie Foushee,2025-06-29,1500.00
"TRANSPORT WORKERS UNION OF AMERICA, AFL-CIO",Transport Workers Union of America Political Contributions Committee,Donald Norcross,2025-06-29,5000.00
"TRANSPORT WORKERS UNION OF AMERICA, AFL-CIO",Transport Workers Union of America Political Contributions Committee,Tom Suozzi,2025-06-29,5000.00
"TRANSPORT WORKERS UNION OF AMERICA, AFL-CIO",Transport Workers Union of America Political Contributions Committee,Ted Lieu,2025-06-29,1000.00
"TRANSPORT WORKERS UNION OF AMERICA, AFL-CIO",Transport Workers Union of America Political Contributions Committee,Debbie Dingell,2025-06-29,5000.00
"TRANSPORT WORKERS UNION OF AMERICA, AFL-CIO",Transport Workers Union of America Political Contributions Committee,Sheila Cherfilus McCormick,2025-06-29,1000.00
"TRANSPORT WORKERS UNION OF AMERICA, AFL-CIO",Transport Workers Union of America Political Contributions Committee,Charles Schumer,2025-06-29,5000.00
"TRANSPORT WORKERS UNION OF AMERICA, AFL-CIO",Transport Workers Union of America Political Contributions Committee,Jill Tokuda,2025-06-29,1000.00
"TRANSPORT WORKERS UNION OF AMERICA, AFL-CIO",Transport Workers Union of America Political Contributions Committee,Maxwell Alejandro Frost,2025-06-29,2500.00
"TRANSPORT WORKERS UNION OF AMERICA, AFL-CIO",Transport Workers Union of America Political Contributions Committee,Daniel Hernandez,2025-06-29,2500.00
"TRANSPORT WORKERS UNION OF AMERICA, AFL-CIO",Transport Workers Union of America Political Contributions Committee,Nicole Malliotakis,2025-06-29,5000.00
"TRANSPORT WORKERS UNION OF AMERICA, AFL-CIO",Transport Workers Union of America Political Contributions Committee,Brad Schneider,2025-06-29,2500.00
"TRANSPORT WORKERS UNION OF AMERICA, AFL-CIO",Transport Workers Union of America Political Contributions Committee,George Latimer,2025-06-29,2500.00
"TRANSPORT WORKERS UNION OF AMERICA, AFL-CIO",Transport Workers Union of America Political Contributions Committee,Mark DeSaulnier,2025-06-29,2500.00
"TRANSPORT WORKERS UNION OF AMERICA, AFL-CIO",Transport Workers Union of America Political Contributions Committee,Andre Carson,2025-06-29,2500.00
"TRANSPORT WORKERS UNION OF AMERICA, AFL-CIO",Transport Workers Union of America Political Contributions Committee,Nikema Williams,2025-06-29,1000.00
"TRANSPORT WORKERS UNION OF AMERICA, AFL-CIO",Transport Workers Union of America Political Contributions Committee,Marcy Kaptur,2025-06-29,1500.00
"TRANSPORT WORKERS UNION OF AMERICA, AFL-CIO",Transport Workers Union of America Political Contributions Committee,Eric Sorensen,2025-06-29,2500.00
"TRANSPORT WORKERS UNION OF AMERICA, AFL-CIO",Transport Workers Union of America Political Contributions Committee,Mark Pocan,2025-06-29,5000.00
"TRANSPORT WORKERS UNION OF AMERICA, AFL-CIO",Transport Workers Union of America Political Contributions Committee,Pete Aguilar,2025-06-29,5000.00
"TRANSPORT WORKERS UNION OF AMERICA, AFL-CIO",Transport Workers Union of America Political Contributions Committee,John Mannion,2025-06-29,2500.00
"TRANSPORT WORKERS UNION OF AMERICA, AFL-CIO",Transport Workers Union of America Political Contributions Committee,Laura Friedman,2025-06-29,2500.00
"TRANSPORT WORKERS UNION OF AMERICA, AFL-CIO",Transport Workers Union of America Political Contributions Committee,Katherine Clark,2025-06-29,5000.00
"TRANSPORT WORKERS UNION OF AMERICA, AFL-CIO",Transport Workers Union of America Political Contributions Committee,Rosa DeLauro,2025-06-29,5000.00
"TRANSPORT WORKERS UNION OF AMERICA, AFL-CIO",Transport Workers Union of America Political Contributions Committee,Deborah Ross,2025-06-29,2500.00
"TRANSPORT WORKERS UNION OF AMERICA, AFL-CIO",Transport Workers Union of America Political Contributions Committee,Daniel Goldman,2025-06-29,2500.00
"TRANSPORT WORKERS UNION OF AMERICA, AFL-CIO",Transport Workers Union of America Political Contributions Committee,Chris Deluzio,2025-06-29,2500.00
"TRANSPORT WORKERS UNION OF AMERICA, AFL-CIO",Transport Workers Union of America Political Contributions Committee,Pete Aguilar,2025-06-29,5000.00
"TRANSPORT WORKERS UNION OF AMERICA, AFL-CIO",Transport Workers Union of America Political Contributions Committee,Darren Soto,2025-06-29,2000.00
"TRANSPORT WORKERS UNION OF AMERICA, AFL-CIO",Transport Workers Union of America Political Contributions Committee,Paul Tonko,2025-06-29,1500.00
"TRANSPORT WORKERS UNION OF AMERICA, AFL-CIO",Transport Workers Union of America Political Contributions Committee,Maxwell Alejandro Frost,2025-06-29,2500.00
"TRANSPORT WORKERS UNION OF AMERICA, AFL-CIO",Transport Workers Union of America Political Contributions Committee,Nick Lalota,2025-06-29,2500.00
"TRANSPORT WORKERS UNION OF AMERICA, AFL-CIO",Transport Workers Union of America Political Contributions Committee,Equality PAC,2025-06-29,5000.00
"TRANSPORT WORKERS UNION OF AMERICA, AFL-CIO",Transport Workers Union of America Political Contributions Committee,Brian Schatz,2025-06-29,5000.00
"TRANSPORT WORKERS UNION OF AMERICA, AFL-CIO",Transport Workers Union of America Political Contributions Committee,Katherine Clark,2025-06-29,5000.00
"TRANSPORT WORKERS UNION OF AMERICA, AFL-CIO",Transport Workers Union of America Political Contributions Committee,Joe Morelle,2025-06-29,5000.00
"TRANSPORT WORKERS UNION OF AMERICA, AFL-CIO",Transport Workers Union of America Political Contributions Committee,Laura Gillen,2025-06-29,2500.00
"TRANSPORT WORKERS UNION OF AMERICA, AFL-CIO",Transport Workers Union of America Political Contributions Committee,Angie Craig,2025-06-29,2500.00
"TRANSPORT WORKERS UNION OF AMERICA, AFL-CIO",Transport Workers Union of America Political Contributions Committee,Adriano Espaillat,2025-06-29,5000.00
"TRANSPORT WORKERS UNION OF AMERICA, AFL-CIO",Transport Workers Union of America Political Contributions Committee,TIMOTHY KENNEDY,2025-06-29,5000.00
"TRANSPORT WORKERS UNION OF AMERICA, AFL-CIO",Transport Workers Union of America Political Contributions Committee,Kirsten Gillibrand,2025-06-29,5000.00
"TRANSPORT WORKERS UNION OF AMERICA, AFL-CIO",Transport Workers Union of America Political Contributions Committee,Patrick Ryan,2025-06-29,2500.00
"TRANSPORT WORKERS UNION OF AMERICA, AFL-CIO",Transport Workers Union of America Political Contributions Committee,Steven Horsford,2025-06-29,5000.00
"TRANSPORT WORKERS UNION OF AMERICA, AFL-CIO",Transport Workers Union of America Political Contributions Committee,Timothy Kennedy,2025-06-29,5000.00
"TRANSPORT WORKERS UNION OF AMERICA, AFL-CIO",Transport Workers Union of America Political Contributions Committee,Joyce Beatty,2025-06-29,1000.00
"TRANSPORT WORKERS UNION OF AMERICA, AFL-CIO",Transport Workers Union of America Political Contributions Committee,Nydia Velazquez,2025-06-29,1000.00
"TRANSPORT WORKERS UNION OF AMERICA, AFL-CIO",Transport Workers Union of America Political Contributions Committee,Pramila Jayapal,2025-06-29,1500.00
"TRANSPORT WORKERS UNION OF AMERICA, AFL-CIO",Transport Workers Union of America Political Contributions Committee,Marilyn Strickland,2025-06-29,1500.00
"TRANSPORT WORKERS UNION OF AMERICA, AFL-CIO",Transport Workers Union of America Political Contributions Committee,Nick Lalota,2025-06-29,2500.00
"TRANSPORT WORKERS UNION OF AMERICA, AFL-CIO",Transport Workers Union of America Political Contributions Committee,Eric Schmitt,2025-06-29,2500.00
"TRANSPORT WORKERS UNION OF AMERICA, AFL-CIO",Transport Workers Union of America Political Contributions Committee,Frank MrVan,2025-06-29,1500.00
"TRANSPORT WORKERS UNION OF AMERICA, AFL-CIO",Transport Workers Union of America Political Contributions Committee,Brendan Boyle,2025-06-29,5000.00
"TRANSPORT WORKERS UNION OF AMERICA, AFL-CIO",Transport Workers Union of America Political Contributions Committee,Sustainable Energy and Environment Coalition PAC,2025-06-29,5000.00
"TRANSPORT WORKERS UNION OF AMERICA, AFL-CIO",Transport Workers Union of America Political Contributions Committee,Elect Democratic Women,2025-01-24,5000.00
"TRANSPORT WORKERS UNION OF AMERICA, AFL-CIO",Transport Workers Union of America Political Contributions Committee,Congressional Black Caucus PAC,2025-01-24,5000.00
"TRANSPORT WORKERS UNION OF AMERICA, AFL-CIO",Transport Workers Union of America Political Contributions Committee,Congressional Progressive Caucus PAC,2025-01-24,5000.00
"TRANSPORT WORKERS UNION OF AMERICA, AFL-CIO",Transport Workers Union of America Political Contributions Committee,Transportation Trades Department AFL-CIO (TTD PAC),2025-01-24,5000.00
"TRANSPORT WORKERS UNION OF AMERICA, AFL-CIO",Transport Workers Union of America Political Contributions Committee,Republican Mainstreet Partnership Pac,2025-01-24,5000.00
"TRANSPORT WORKERS UNION OF AMERICA, AFL-CIO",Transport Workers Union of America Political Contributions Committee,Democratic Party Of New Mexico - Federal,2025-01-24,1000.00
"TRANSPORT WORKERS UNION OF AMERICA, AFL-CIO",Transport Workers Union of America Political Contributions Committee,CHC Bold PAC,2025-01-24,5000.00
"TRANSPORT WORKERS UNION OF AMERICA, AFL-CIO",Transport Workers Union of America Political Contributions Committee,ASPIRE PAC,2025-01-24,5000.00
"TRANSPORT WORKERS UNION OF AMERICA, AFL-CIO",Transport Workers Union of America Political Contributions Committee,Republican Governance Group/Tuesday Group PAC,2025-02-21,5000.00
"TRANSPORT WORKERS UNION OF AMERICA, AFL-CIO",Transport Workers Union of America Political Contributions Committee,Luz Rivas,2025-02-21,2500.00
"TRANSPORT WORKERS UNION OF AMERICA, AFL-CIO",Transport Workers Union of America Political Contributions Committee,Hakeem Jeffries,2025-02-21,5000.00
"TRANSPORT WORKERS UNION OF AMERICA, AFL-CIO",Transport Workers Union of America Political Contributions Committee,Nikki Budzinski,2025-02-21,5000.00
"TRANSPORT WORKERS UNION OF AMERICA, AFL-CIO",Transport Workers Union of America Political Contributions Committee,Ritchie Torres,2025-02-21,5000.00
"TRANSPORT WORKERS UNION OF AMERICA, AFL-CIO",Transport Workers Union of America Political Contributions Committee,Michael Lawler,2025-02-21,5000.00
"TRANSPORT WORKERS UNION OF AMERICA, AFL-CIO",Transport Workers Union of America Political Contributions Committee,Hakeem Jeffries,2025-02-21,5000.00
"TRANSPORT WORKERS UNION OF AMERICA, AFL-CIO",Transport Workers Union of America Political Contributions Committee,Yassamin Ansari,2025-02-21,2500.00
"TRANSPORT WORKERS UNION OF AMERICA, AFL-CIO",Transport Workers Union of America Political Contributions Committee,Ritchie Torres,2025-02-21,5000.00
"TRANSPORT WORKERS UNION OF AMERICA, AFL-CIO",Transport Workers Union of America Political Contributions Committee,Michael Lawler,2025-02-21,5000.00
"TRANSPORT WORKERS UNION OF AMERICA, AFL-CIO",Transport Workers Union of America Political Contributions Committee,Valerie Hoyle,2025-02-21,2500.00
"TRANSPORT WORKERS UNION OF AMERICA, AFL-CIO",Transport Workers Union of America Political Contributions Committee,LaMonica McIver,2025-02-21,2500.00
"TRANSPORT WORKERS UNION OF AMERICA, AFL-CIO",Transport Workers Union of America Political Contributions Committee,George Whitesides,2025-02-21,2500.00
"TRANSPORT WORKERS UNION OF AMERICA, AFL-CIO",Transport Workers Union of America Political Contributions Committee,Sarah McBride,2025-02-21,2500.00
"TRANSPORT WORKERS UNION OF AMERICA, AFL-CIO",Transport Workers Union of America Political Contributions Committee,Hakeem Jeffries,2025-02-21,5000.00
"TRANSPORT WORKERS UNION OF AMERICA, AFL-CIO",Transport Workers Union of America Political Contributions Committee,Nikki Budzinski,2025-02-21,5000.00
"TRANSPORT WORKERS UNION OF AMERICA, AFL-CIO",Transport Workers Union of America Political Contributions Committee,Bennie Thompson,2025-02-21,5000.00
"TRANSPORT WORKERS UNION OF AMERICA, AFL-CIO",Transport Workers Union of America Political Contributions Committee,Lateefah Simon,2025-02-21,2500.00
"TRANSPORT WORKERS UNION OF AMERICA, AFL-CIO",Transport Workers Union of America Political Contributions Committee,Julie Johnson,2025-02-21,2500.00
"TRANSPORT WORKERS UNION OF AMERICA, AFL-CIO",Transport Workers Union of America Political Contributions Committee,Angie Craig,2025-02-21,2500.00
"TRANSPORT WORKERS UNION OF AMERICA, AFL-CIO",Transport Workers Union of America Political Contributions Committee,Nikki Budzinski,2025-02-21,5000.00
"TRANSPORT WORKERS UNION OF AMERICA, AFL-CIO",Transport Workers Union of America Political Contributions Committee,Bennie Thompson,2025-02-21,5000.00
"TRANSPORT WORKERS UNION OF AMERICA, AFL-CIO",Transport Workers Union of America Political Contributions Committee,TIMOTHY KENNEDY,2025-02-21,5000.00
"TRANSPORT WORKERS UNION OF AMERICA, AFL-CIO",Transport Workers Union of America Political Contributions Committee,Adam Gray,2025-02-21,2500.00
"TRANSPORT WORKERS UNION OF AMERICA, AFL-CIO",Transport Workers Union of America Political Contributions Committee,Ben Lujan,2025-03-18,2500.00
"TRANSPORT WORKERS UNION OF AMERICA, AFL-CIO",Transport Workers Union of America Political Contributions Committee,Darren Soto,2025-03-18,1000.00
"TRANSPORT WORKERS UNION OF AMERICA, AFL-CIO",Transport Workers Union of America Political Contributions Committee,Mike Quigley,2025-03-18,2500.00
"TRANSPORT WORKERS UNION OF AMERICA, AFL-CIO",Transport Workers Union of America Political Contributions Committee,John Mannion,2025-03-18,2500.00
"TRANSPORT WORKERS UNION OF AMERICA, AFL-CIO",Transport Workers Union of America Political Contributions Committee,Andrew Garbarino,2025-03-18,5000.00
"TRANSPORT WORKERS UNION OF AMERICA, AFL-CIO",Transport Workers Union of America Political Contributions Committee,Chris Deluzio,2025-03-18,2500.00
"TRANSPORT WORKERS UNION OF AMERICA, AFL-CIO",Transport Workers Union of America Political Contributions Committee,Don Bacon,2025-03-18,5000.00
"TRANSPORT WORKERS UNION OF AMERICA, AFL-CIO",Transport Workers Union of America Political Contributions Committee,Edward Markey,2025-03-18,2500.00
"TRANSPORT WORKERS UNION OF AMERICA, AFL-CIO",Transport Workers Union of America Political Contributions Committee,Melanie Stansbury,2025-03-18,2500.00
"TRANSPORT WORKERS UNION OF AMERICA, AFL-CIO",Transport Workers Union of America Political Contributions Committee,Delia Ramirez,2025-03-18,1500.00
"TRANSPORT WORKERS UNION OF AMERICA, AFL-CIO",Transport Workers Union of America Political Contributions Committee,Grace Meng,2025-03-18,2000.00
"TRANSPORT WORKERS UNION OF AMERICA, AFL-CIO",Transport Workers Union of America Political Contributions Committee,Jesus Garcia,2025-03-18,2500.00
"TRANSPORT WORKERS UNION OF AMERICA, AFL-CIO",Transport Workers Union of America Political Contributions Committee,Sarah Elfreth,2025-03-18,1000.00
"TRANSPORT WORKERS UNION OF AMERICA, AFL-CIO",Transport Workers Union of America Political Contributions Committee,Mike Bost,2025-03-18,2500.00
"TRANSPORT WORKERS UNION OF AMERICA, AFL-CIO",Transport Workers Union of America Political Contributions Committee,Julia Brownley,2025-03-18,5000.00
"TRANSPORT WORKERS UNION OF AMERICA, AFL-CIO",Transport Workers Union of America Political Contributions Committee,Emilia Sykes,2025-03-18,1500.00
"TRANSPORT WORKERS UNION OF AMERICA, AFL-CIO",Transport Workers Union of America Political Contributions Committee,Patrick Ryan,2025-03-18,2500.00
"TRANSPORT WORKERS UNION OF AMERICA, AFL-CIO",Transport Workers Union of America Political Contributions Committee,Donald Norcross,2025-03-18,5000.00
"TRANSPORT WORKERS UNION OF AMERICA, AFL-CIO",Transport Workers Union of America Political Contributions Committee,Nick LaLota,2025-03-18,5000.00
"TRANSPORT WORKERS UNION OF AMERICA, AFL-CIO",Transport Workers Union of America Political Contributions Committee,Adriano Espaillat,2025-03-18,5000.00
"TRANSPORT WORKERS UNION OF AMERICA, AFL-CIO",Transport Workers Union of America Political Contributions Committee,Julia Brownley,2025-03-18,5000.00
"TRANSPORT WORKERS UNION OF AMERICA, AFL-CIO",Transport Workers Union of America Political Contributions Committee,Lori Trahan,2025-03-18,5000.00
"TRANSPORT WORKERS UNION OF AMERICA, AFL-CIO",Transport Workers Union of America Political Contributions Committee,Mary Gay Scanlon,2025-03-18,1500.00
"TRANSPORT WORKERS UNION OF AMERICA, AFL-CIO",Transport Workers Union of America Political Contributions Committee,Mark Pocan,2025-03-18,2500.00
"TRANSPORT WORKERS UNION OF AMERICA, AFL-CIO",Transport Workers Union of America Political Contributions Committee,George Latimer,2025-03-18,2500.00
"TRANSPORT WORKERS UNION OF AMERICA, AFL-CIO",Transport Workers Union of America Political Contributions Committee,Laura Friedman,2025-03-18,2500.00
"TRANSPORT WORKERS UNION OF AMERICA, AFL-CIO",Transport Workers Union of America Political Contributions Committee,Greg Casar,2025-03-18,1000.00
"TRANSPORT WORKERS UNION OF AMERICA, AFL-CIO",Transport Workers Union of America Political Contributions Committee,Michael Turner,2025-03-18,1000.00
"TRANSPORT WORKERS UNION OF AMERICA, AFL-CIO",Transport Workers Union of America Political Contributions Committee,Hillary Scholten,2025-03-18,1500.00
"TRANSPORT WORKERS UNION OF AMERICA, AFL-CIO",Transport Workers Union of America Political Contributions Committee,NELIDA POU,2025-03-18,1500.00
"TRANSPORT WORKERS UNION OF AMERICA, AFL-CIO",Transport Workers Union of America Political Contributions Committee,Nicole Malliotakis,2025-03-18,2500.00
"TRANSPORT WORKERS UNION OF AMERICA, AFL-CIO",Transport Workers Union of America Political Contributions Committee,Maxwell Alejandro Frost,2025-03-18,2500.00
"TRANSPORT WORKERS UNION OF AMERICA, AFL-CIO",Transport Workers Union of America Political Contributions Committee,Yvette Clarke,2025-03-18,5000.00
"TRANSPORT WORKERS UNION OF AMERICA, AFL-CIO",Transport Workers Union of America Political Contributions Committee,Dem Sen Camp Cmte(DSCC)-Federal Acct,2025-03-18,45000.00
"TRANSPORT WORKERS UNION OF AMERICA, AFL-CIO",Transport Workers Union of America Political Contributions Committee,Dina Titus,2025-03-18,5000.00
"TRANSPORT WORKERS UNION OF AMERICA, AFL-CIO",Transport Workers Union of America Political Contributions Committee,Andrea Salinas,2025-03-18,1000.00
"TRANSPORT WORKERS UNION OF AMERICA, AFL-CIO",Transport Workers Union of America Political Contributions Committee,Chris Pappas,2025-03-18,5000.00
"TRANSPORT WORKERS UNION OF AMERICA, AFL-CIO",Transport Workers Union of America Political Contributions Committee,Rick Larsen,2025-03-18,5000.00
"TRANSPORT WORKERS UNION OF AMERICA, AFL-CIO",Transport Workers Union of America Political Contributions Committee,Shomari Figures,2025-03-18,1000.00
"TRANSPORT WORKERS UNION OF AMERICA, AFL-CIO",Transport Workers Union of America Political Contributions Committee,Andre Carson,2025-03-18,1000.00
"TRANSPORT WORKERS UNION OF AMERICA, AFL-CIO",Transport Workers Union of America Political Contributions Committee,Christopher Deluzio,2025-03-18,5000.00
"TRANSPORT WORKERS UNION OF AMERICA, AFL-CIO",Transport Workers Union of America Political Contributions Committee,Dem Cong Camp Cmte(DCCC)-Federal Acct,2025-03-18,45000.00
"TRANSPORT WORKERS UNION OF AMERICA, AFL-CIO",Transport Workers Union of America Political Contributions Committee,Dem Cong Camp Cmte(DCCC)-Federal Acct,2025-03-18,15000.00
"TRANSPORT WORKERS UNION OF AMERICA, AFL-CIO",Transport Workers Union of America Political Contributions Committee,Republican Italian American Committee,2025-03-18,1000.00
"TRANSPORT WORKERS UNION OF AMERICA, AFL-CIO",Transport Workers Union of America Political Contributions Committee,Dem Sen Camp Cmte(DSCC)-Federal Acct,2025-03-18,15000.00
"TRANSPORT WORKERS UNION OF AMERICA, AFL-CIO",Transport Workers Union of America Political Contributions Committee,Marc Veasey,2025-04-22,1000.00
"TRANSPORT WORKERS UNION OF AMERICA, AFL-CIO",Transport Workers Union of America Political Contributions Committee,Madeleine Dean,2025-04-22,1500.00
"TRANSPORT WORKERS UNION OF AMERICA, AFL-CIO",Transport Workers Union of America Political Contributions Committee,Kristen McDonald Rivet,2025-04-22,1500.00
"TRANSPORT WORKERS UNION OF AMERICA, AFL-CIO",Transport Workers Union of America Political Contributions Committee,Andre Carson,2025-04-22,1500.00
"TRANSPORT WORKERS UNION OF AMERICA, AFL-CIO",Transport Workers Union of America Political Contributions Committee,David Rouzer,2025-04-22,2500.00
"TRANSPORT WORKERS UNION OF AMERICA, AFL-CIO",Transport Workers Union of America Political Contributions Committee,Sharice Davids,2025-04-22,1500.00
"TRANSPORT WORKERS UNION OF AMERICA, AFL-CIO",Transport Workers Union of America Political Contributions Committee,Dwight Evans,2025-04-22,5000.00
"TRANSPORT WORKERS UNION OF AMERICA, AFL-CIO",Transport Workers Union of America Political Contributions Committee,Eleanor Holmes Norton,2025-04-22,1500.00
"TRANSPORT WORKERS UNION OF AMERICA, AFL-CIO",Transport Workers Union of America Political Contributions Committee,Rob Bresnahan,2025-04-22,2500.00
"TRANSPORT WORKERS UNION OF AMERICA, AFL-CIO",Transport Workers Union of America Political Contributions Committee,Brian Fitzpatrick,2025-04-22,5000.00
"TRANSPORT WORKERS UNION OF AMERICA, AFL-CIO",Transport Workers Union of America Political Contributions Committee,Brian Fitzpatrick,2025-04-22,5000.00
"TRANSPORT WORKERS UNION OF AMERICA, AFL-CIO",Transport Workers Union of America Political Contributions Committee,Frederica Wilson,2025-04-22,2000.00
"TRANSPORT WORKERS UNION OF AMERICA, AFL-CIO",Transport Workers Union of America Political Contributions Committee,Rosa DeLauro,2025-04-22,5000.00
"TRANSPORT WORKERS UNION OF AMERICA, AFL-CIO",Transport Workers Union of America Political Contributions Committee,Nicole Malliotakis,2025-04-22,2500.00
"TRANSPORT WORKERS UNION OF AMERICA, AFL-CIO",Transport Workers Union of America Political Contributions Committee,Rick Larsen,2025-05-29,5000.00
"TRANSPORT WORKERS UNION OF AMERICA, AFL-CIO",Transport Workers Union of America Political Contributions Committee,Brendan Boyle,2025-06-29,5000.00
"TRANSPORT WORKERS UNION OF AMERICA, AFL-CIO",Transport Workers Union of America Political Contributions Committee,Christopher Smith,2025-06-29,2500.00
"TRANSPORT WORKERS UNION OF AMERICA, AFL-CIO",Transport Workers Union of America Political Contributions Committee,Valerie Foushee,2025-06-29,1500.00
"TRANSPORT WORKERS UNION OF AMERICA, AFL-CIO",Transport Workers Union of America Political Contributions Committee,Donald Norcross,2025-06-29,5000.00
"TRANSPORT WORKERS UNION OF AMERICA, AFL-CIO",Transport Workers Union of America Political Contributions Committee,Tom Suozzi,2025-06-29,5000.00
"TRANSPORT WORKERS UNION OF AMERICA, AFL-CIO",Transport Workers Union of America Political Contributions Committee,Ted Lieu,2025-06-29,1000.00
"TRANSPORT WORKERS UNION OF AMERICA, AFL-CIO",Transport Workers Union of America Political Contributions Committee,Debbie Dingell,2025-06-29,5000.00
"TRANSPORT WORKERS UNION OF AMERICA, AFL-CIO",Transport Workers Union of America Political Contributions Committee,Sheila Cherfilus McCormick,2025-06-29,1000.00
"TRANSPORT WORKERS UNION OF AMERICA, AFL-CIO",Transport Workers Union of America Political Contributions Committee,Charles Schumer,2025-06-29,5000.00
"TRANSPORT WORKERS UNION OF AMERICA, AFL-CIO",Transport Workers Union of America Political Contributions Committee,Jill Tokuda,2025-06-29,1000.00
"TRANSPORT WORKERS UNION OF AMERICA, AFL-CIO",Transport Workers Union of America Political Contributions Committee,Maxwell Alejandro Frost,2025-06-29,2500.00
"TRANSPORT WORKERS UNION OF AMERICA, AFL-CIO",Transport Workers Union of America Political Contributions Committee,Daniel Hernandez,2025-06-29,2500.00
"TRANSPORT WORKERS UNION OF AMERICA, AFL-CIO",Transport Workers Union of America Political Contributions Committee,Nicole Malliotakis,2025-06-29,5000.00
"TRANSPORT WORKERS UNION OF AMERICA, AFL-CIO",Transport Workers Union of America Political Contributions Committee,Brad Schneider,2025-06-29,2500.00
"TRANSPORT WORKERS UNION OF AMERICA, AFL-CIO",Transport Workers Union of America Political Contributions Committee,George Latimer,2025-06-29,2500.00
"TRANSPORT WORKERS UNION OF AMERICA, AFL-CIO",Transport Workers Union of America Political Contributions Committee,Mark DeSaulnier,2025-06-29,2500.00
"TRANSPORT WORKERS UNION OF AMERICA, AFL-CIO",Transport Workers Union of America Political Contributions Committee,Andre Carson,2025-06-29,2500.00
"TRANSPORT WORKERS UNION OF AMERICA, AFL-CIO",Transport Workers Union of America Political Contributions Committee,Nikema Williams,2025-06-29,1000.00
"TRANSPORT WORKERS UNION OF AMERICA, AFL-CIO",Transport Workers Union of America Political Contributions Committee,Marcy Kaptur,2025-06-29,1500.00
"TRANSPORT WORKERS UNION OF AMERICA, AFL-CIO",Transport Workers Union of America Political Contributions Committee,Eric Sorensen,2025-06-29,2500.00
"TRANSPORT WORKERS UNION OF AMERICA, AFL-CIO",Transport Workers Union of America Political Contributions Committee,Mark Pocan,2025-06-29,5000.00
"TRANSPORT WORKERS UNION OF AMERICA, AFL-CIO",Transport Workers Union of America Political Contributions Committee,Pete Aguilar,2025-06-29,5000.00
"TRANSPORT WORKERS UNION OF AMERICA, AFL-CIO",Transport Workers Union of America Political Contributions Committee,John Mannion,2025-06-29,2500.00
"TRANSPORT WORKERS UNION OF AMERICA, AFL-CIO",Transport Workers Union of America Political Contributions Committee,Laura Friedman,2025-06-29,2500.00
"TRANSPORT WORKERS UNION OF AMERICA, AFL-CIO",Transport Workers Union of America Political Contributions Committee,Katherine Clark,2025-06-29,5000.00
"TRANSPORT WORKERS UNION OF AMERICA, AFL-CIO",Transport Workers Union of America Political Contributions Committee,Rosa DeLauro,2025-06-29,5000.00
"TRANSPORT WORKERS UNION OF AMERICA, AFL-CIO",Transport Workers Union of America Political Contributions Committee,Deborah Ross,2025-06-29,2500.00
"TRANSPORT WORKERS UNION OF AMERICA, AFL-CIO",Transport Workers Union of America Political Contributions Committee,Daniel Goldman,2025-06-29,2500.00
"TRANSPORT WORKERS UNION OF AMERICA, AFL-CIO",Transport Workers Union of America Political Contributions Committee,Chris Deluzio,2025-06-29,2500.00
"TRANSPORT WORKERS UNION OF AMERICA, AFL-CIO",Transport Workers Union of America Political Contributions Committee,Pete Aguilar,2025-06-29,5000.00
"TRANSPORT WORKERS UNION OF AMERICA, AFL-CIO",Transport Workers Union of America Political Contributions Committee,Darren Soto,2025-06-29,2000.00
"TRANSPORT WORKERS UNION OF AMERICA, AFL-CIO",Transport Workers Union of America Political Contributions Committee,Paul Tonko,2025-06-29,1500.00
"TRANSPORT WORKERS UNION OF AMERICA, AFL-CIO",Transport Workers Union of America Political Contributions Committee,Maxwell Alejandro Frost,2025-06-29,2500.00
"TRANSPORT WORKERS UNION OF AMERICA, AFL-CIO",Transport Workers Union of America Political Contributions Committee,Nick Lalota,2025-06-29,2500.00
"TRANSPORT WORKERS UNION OF AMERICA, AFL-CIO",Transport Workers Union of America Political Contributions Committee,Equality PAC,2025-06-29,5000.00
"TRANSPORT WORKERS UNION OF AMERICA, AFL-CIO",Transport Workers Union of America Political Contributions Committee,Brian Schatz,2025-06-29,5000.00
"TRANSPORT WORKERS UNION OF AMERICA, AFL-CIO",Transport Workers Union of America Political Contributions Committee,Katherine Clark,2025-06-29,5000.00
"TRANSPORT WORKERS UNION OF AMERICA, AFL-CIO",Transport Workers Union of America Political Contributions Committee,Joe Morelle,2025-06-29,5000.00
"TRANSPORT WORKERS UNION OF AMERICA, AFL-CIO",Transport Workers Union of America Political Contributions Committee,Laura Gillen,2025-06-29,2500.00
"TRANSPORT WORKERS UNION OF AMERICA, AFL-CIO",Transport Workers Union of America Political Contributions Committee,Angie Craig,2025-06-29,2500.00
"TRANSPORT WORKERS UNION OF AMERICA, AFL-CIO",Transport Workers Union of America Political Contributions Committee,Adriano Espaillat,2025-06-29,5000.00
"TRANSPORT WORKERS UNION OF AMERICA, AFL-CIO",Transport Workers Union of America Political Contributions Committee,TIMOTHY KENNEDY,2025-06-29,5000.00
"TRANSPORT WORKERS UNION OF AMERICA, AFL-CIO",Transport Workers Union of America Political Contributions Committee,Kirsten Gillibrand,2025-06-29,5000.00
"TRANSPORT WORKERS UNION OF AMERICA, AFL-CIO",Transport Workers Union of America Political Contributions Committee,Patrick Ryan,2025-06-29,2500.00
"TRANSPORT WORKERS UNION OF AMERICA, AFL-CIO",Transport Workers Union of America Political Contributions Committee,Steven Horsford,2025-06-29,5000.00
"TRANSPORT WORKERS UNION OF AMERICA, AFL-CIO",Transport Workers Union of America Political Contributions Committee,Timothy Kennedy,2025-06-29,5000.00
"TRANSPORT WORKERS UNION OF AMERICA, AFL-CIO",Transport Workers Union of America Political Contributions Committee,Joyce Beatty,2025-06-29,1000.00
"TRANSPORT WORKERS UNION OF AMERICA, AFL-CIO",Transport Workers Union of America Political Contributions Committee,Nydia Velazquez,2025-06-29,1000.00
"TRANSPORT WORKERS UNION OF AMERICA, AFL-CIO",Transport Workers Union of America Political Contributions Committee,Pramila Jayapal,2025-06-29,1500.00
"TRANSPORT WORKERS UNION OF AMERICA, AFL-CIO",Transport Workers Union of America Political Contributions Committee,Marilyn Strickland,2025-06-29,1500.00
"TRANSPORT WORKERS UNION OF AMERICA, AFL-CIO",Transport Workers Union of America Political Contributions Committee,Nick Lalota,2025-06-29,2500.00
"TRANSPORT WORKERS UNION OF AMERICA, AFL-CIO",Transport Workers Union of America Political Contributions Committee,Eric Schmitt,2025-06-29,2500.00
"TRANSPORT WORKERS UNION OF AMERICA, AFL-CIO",Transport Workers Union of America Political Contributions Committee,Frank MrVan,2025-06-29,1500.00
"TRANSPORT WORKERS UNION OF AMERICA, AFL-CIO",Transport Workers Union of America Political Contributions Committee,Brendan Boyle,2025-06-29,5000.00
"TRANSPORT WORKERS UNION OF AMERICA, AFL-CIO",Transport Workers Union of America Political Contributions Committee,Sustainable Energy and Environment Coalition PAC,2025-06-29,5000.00
"TRANSPORT WORKERS UNION OF AMERICA, AFL-CIO",Transport Workers Union of America Political Contributions Committee,Elect Democratic Women,2025-01-24,5000.00
"TRANSPORT WORKERS UNION OF AMERICA, AFL-CIO",Transport Workers Union of America Political Contributions Committee,Congressional Black Caucus PAC,2025-01-24,5000.00
"TRANSPORT WORKERS UNION OF AMERICA, AFL-CIO",Transport Workers Union of America Political Contributions Committee,Congressional Progressive Caucus PAC,2025-01-24,5000.00
"TRANSPORT WORKERS UNION OF AMERICA, AFL-CIO",Transport Workers Union of America Political Contributions Committee,Transportation Trades Department AFL-CIO (TTD PAC),2025-01-24,5000.00
"TRANSPORT WORKERS UNION OF AMERICA, AFL-CIO",Transport Workers Union of America Political Contributions Committee,Republican Mainstreet Partnership Pac,2025-01-24,5000.00
"TRANSPORT WORKERS UNION OF AMERICA, AFL-CIO",Transport Workers Union of America Political Contributions Committee,Democratic Party Of New Mexico - Federal,2025-01-24,1000.00
"TRANSPORT WORKERS UNION OF AMERICA, AFL-CIO",Transport Workers Union of America Political Contributions Committee,CHC Bold PAC,2025-01-24,5000.00
"TRANSPORT WORKERS UNION OF AMERICA, AFL-CIO",Transport Workers Union of America Political Contributions Committee,ASPIRE PAC,2025-01-24,5000.00
"TRANSPORT WORKERS UNION OF AMERICA, AFL-CIO",Transport Workers Union of America Political Contributions Committee,Republican Governance Group/Tuesday Group PAC,2025-02-21,5000.00
"TRANSPORT WORKERS UNION OF AMERICA, AFL-CIO",Transport Workers Union of America Political Contributions Committee,Luz Rivas,2025-02-21,2500.00
"TRANSPORT WORKERS UNION OF AMERICA, AFL-CIO",Transport Workers Union of America Political Contributions Committee,Hakeem Jeffries,2025-02-21,5000.00
"TRANSPORT WORKERS UNION OF AMERICA, AFL-CIO",Transport Workers Union of America Political Contributions Committee,Nikki Budzinski,2025-02-21,5000.00
"TRANSPORT WORKERS UNION OF AMERICA, AFL-CIO",Transport Workers Union of America Political Contributions Committee,Ritchie Torres,2025-02-21,5000.00
"TRANSPORT WORKERS UNION OF AMERICA, AFL-CIO",Transport Workers Union of America Political Contributions Committee,Michael Lawler,2025-02-21,5000.00
"TRANSPORT WORKERS UNION OF AMERICA, AFL-CIO",Transport Workers Union of America Political Contributions Committee,Hakeem Jeffries,2025-02-21,5000.00
"TRANSPORT WORKERS UNION OF AMERICA, AFL-CIO",Transport Workers Union of America Political Contributions Committee,Yassamin Ansari,2025-02-21,2500.00
"TRANSPORT WORKERS UNION OF AMERICA, AFL-CIO",Transport Workers Union of America Political Contributions Committee,Ritchie Torres,2025-02-21,5000.00
"TRANSPORT WORKERS UNION OF AMERICA, AFL-CIO",Transport Workers Union of America Political Contributions Committee,Michael Lawler,2025-02-21,5000.00
"TRANSPORT WORKERS UNION OF AMERICA, AFL-CIO",Transport Workers Union of America Political Contributions Committee,Valerie Hoyle,2025-02-21,2500.00
"TRANSPORT WORKERS UNION OF AMERICA, AFL-CIO",Transport Workers Union of America Political Contributions Committee,LaMonica McIver,2025-02-21,2500.00
"TRANSPORT WORKERS UNION OF AMERICA, AFL-CIO",Transport Workers Union of America Political Contributions Committee,George Whitesides,2025-02-21,2500.00
"TRANSPORT WORKERS UNION OF AMERICA, AFL-CIO",Transport Workers Union of America Political Contributions Committee,Sarah McBride,2025-02-21,2500.00
"TRANSPORT WORKERS UNION OF AMERICA, AFL-CIO",Transport Workers Union of America Political Contributions Committee,Hakeem Jeffries,2025-02-21,5000.00
"TRANSPORT WORKERS UNION OF AMERICA, AFL-CIO",Transport Workers Union of America Political Contributions Committee,Nikki Budzinski,2025-02-21,5000.00
"TRANSPORT WORKERS UNION OF AMERICA, AFL-CIO",Transport Workers Union of America Political Contributions Committee,Bennie Thompson,2025-02-21,5000.00
"TRANSPORT WORKERS UNION OF AMERICA, AFL-CIO",Transport Workers Union of America Political Contributions Committee,Lateefah Simon,2025-02-21,2500.00
"TRANSPORT WORKERS UNION OF AMERICA, AFL-CIO",Transport Workers Union of America Political Contributions Committee,Julie Johnson,2025-02-21,2500.00
"TRANSPORT WORKERS UNION OF AMERICA, AFL-CIO",Transport Workers Union of America Political Contributions Committee,Angie Craig,2025-02-21,2500.00
"TRANSPORT WORKERS UNION OF AMERICA, AFL-CIO",Transport Workers Union of America Political Contributions Committee,Nikki Budzinski,2025-02-21,5000.00
"TRANSPORT WORKERS UNION OF AMERICA, AFL-CIO",Transport Workers Union of America Political Contributions Committee,Bennie Thompson,2025-02-21,5000.00
"TRANSPORT WORKERS UNION OF AMERICA, AFL-CIO",Transport Workers Union of America Political Contributions Committee,TIMOTHY KENNEDY,2025-02-21,5000.00
"TRANSPORT WORKERS UNION OF AMERICA, AFL-CIO",Transport Workers Union of America Political Contributions Committee,Adam Gray,2025-02-21,2500.00
"TRANSPORT WORKERS UNION OF AMERICA, AFL-CIO",Transport Workers Union of America Political Contributions Committee,Ben Lujan,2025-03-18,2500.00
"TRANSPORT WORKERS UNION OF AMERICA, AFL-CIO",Transport Workers Union of America Political Contributions Committee,Darren Soto,2025-03-18,1000.00
"TRANSPORT WORKERS UNION OF AMERICA, AFL-CIO",Transport Workers Union of America Political Contributions Committee,Mike Quigley,2025-03-18,2500.00
"TRANSPORT WORKERS UNION OF AMERICA, AFL-CIO",Transport Workers Union of America Political Contributions Committee,John Mannion,2025-03-18,2500.00
"TRANSPORT WORKERS UNION OF AMERICA, AFL-CIO",Transport Workers Union of America Political Contributions Committee,Andrew Garbarino,2025-03-18,5000.00
"TRANSPORT WORKERS UNION OF AMERICA, AFL-CIO",Transport Workers Union of America Political Contributions Committee,Chris Deluzio,2025-03-18,2500.00
"TRANSPORT WORKERS UNION OF AMERICA, AFL-CIO",Transport Workers Union of America Political Contributions Committee,Don Bacon,2025-03-18,5000.00
"TRANSPORT WORKERS UNION OF AMERICA, AFL-CIO",Transport Workers Union of America Political Contributions Committee,Edward Markey,2025-03-18,2500.00
"TRANSPORT WORKERS UNION OF AMERICA, AFL-CIO",Transport Workers Union of America Political Contributions Committee,Melanie Stansbury,2025-03-18,2500.00
"TRANSPORT WORKERS UNION OF AMERICA, AFL-CIO",Transport Workers Union of America Political Contributions Committee,Delia Ramirez,2025-03-18,1500.00
"TRANSPORT WORKERS UNION OF AMERICA, AFL-CIO",Transport Workers Union of America Political Contributions Committee,Grace Meng,2025-03-18,2000.00
"TRANSPORT WORKERS UNION OF AMERICA, AFL-CIO",Transport Workers Union of America Political Contributions Committee,Jesus Garcia,2025-03-18,2500.00
"TRANSPORT WORKERS UNION OF AMERICA, AFL-CIO",Transport Workers Union of America Political Contributions Committee,Sarah Elfreth,2025-03-18,1000.00
"TRANSPORT WORKERS UNION OF AMERICA, AFL-CIO",Transport Workers Union of America Political Contributions Committee,Mike Bost,2025-03-18,2500.00
"TRANSPORT WORKERS UNION OF AMERICA, AFL-CIO",Transport Workers Union of America Political Contributions Committee,Julia Brownley,2025-03-18,5000.00
"TRANSPORT WORKERS UNION OF AMERICA, AFL-CIO",Transport Workers Union of America Political Contributions Committee,Emilia Sykes,2025-03-18,1500.00
"TRANSPORT WORKERS UNION OF AMERICA, AFL-CIO",Transport Workers Union of America Political Contributions Committee,Patrick Ryan,2025-03-18,2500.00
"TRANSPORT WORKERS UNION OF AMERICA, AFL-CIO",Transport Workers Union of America Political Contributions Committee,Donald Norcross,2025-03-18,5000.00
"TRANSPORT WORKERS UNION OF AMERICA, AFL-CIO",Transport Workers Union of America Political Contributions Committee,Nick LaLota,2025-03-18,5000.00
"TRANSPORT WORKERS UNION OF AMERICA, AFL-CIO",Transport Workers Union of America Political Contributions Committee,Adriano Espaillat,2025-03-18,5000.00
"TRANSPORT WORKERS UNION OF AMERICA, AFL-CIO",Transport Workers Union of America Political Contributions Committee,Julia Brownley,2025-03-18,5000.00
"TRANSPORT WORKERS UNION OF AMERICA, AFL-CIO",Transport Workers Union of America Political Contributions Committee,Lori Trahan,2025-03-18,5000.00
"TRANSPORT WORKERS UNION OF AMERICA, AFL-CIO",Transport Workers Union of America Political Contributions Committee,Mary Gay Scanlon,2025-03-18,1500.00
"TRANSPORT WORKERS UNION OF AMERICA, AFL-CIO",Transport Workers Union of America Political Contributions Committee,Mark Pocan,2025-03-18,2500.00
"TRANSPORT WORKERS UNION OF AMERICA, AFL-CIO",Transport Workers Union of America Political Contributions Committee,George Latimer,2025-03-18,2500.00
"TRANSPORT WORKERS UNION OF AMERICA, AFL-CIO",Transport Workers Union of America Political Contributions Committee,Laura Friedman,2025-03-18,2500.00
"TRANSPORT WORKERS UNION OF AMERICA, AFL-CIO",Transport Workers Union of America Political Contributions Committee,Greg Casar,2025-03-18,1000.00
"TRANSPORT WORKERS UNION OF AMERICA, AFL-CIO",Transport Workers Union of America Political Contributions Committee,Michael Turner,2025-03-18,1000.00
"TRANSPORT WORKERS UNION OF AMERICA, AFL-CIO",Transport Workers Union of America Political Contributions Committee,Hillary Scholten,2025-03-18,1500.00
"TRANSPORT WORKERS UNION OF AMERICA, AFL-CIO",Transport Workers Union of America Political Contributions Committee,NELIDA POU,2025-03-18,1500.00
"TRANSPORT WORKERS UNION OF AMERICA, AFL-CIO",Transport Workers Union of America Political Contributions Committee,Nicole Malliotakis,2025-03-18,2500.00
"TRANSPORT WORKERS UNION OF AMERICA, AFL-CIO",Transport Workers Union of America Political Contributions Committee,Maxwell Alejandro Frost,2025-03-18,2500.00
"TRANSPORT WORKERS UNION OF AMERICA, AFL-CIO",Transport Workers Union of America Political Contributions Committee,Yvette Clarke,2025-03-18,5000.00
"TRANSPORT WORKERS UNION OF AMERICA, AFL-CIO",Transport Workers Union of America Political Contributions Committee,Dem Sen Camp Cmte(DSCC)-Federal Acct,2025-03-18,45000.00
"TRANSPORT WORKERS UNION OF AMERICA, AFL-CIO",Transport Workers Union of America Political Contributions Committee,Dina Titus,2025-03-18,5000.00
"TRANSPORT WORKERS UNION OF AMERICA, AFL-CIO",Transport Workers Union of America Political Contributions Committee,Andrea Salinas,2025-03-18,1000.00
"TRANSPORT WORKERS UNION OF AMERICA, AFL-CIO",Transport Workers Union of America Political Contributions Committee,Chris Pappas,2025-03-18,5000.00
"TRANSPORT WORKERS UNION OF AMERICA, AFL-CIO",Transport Workers Union of America Political Contributions Committee,Rick Larsen,2025-03-18,5000.00
"TRANSPORT WORKERS UNION OF AMERICA, AFL-CIO",Transport Workers Union of America Political Contributions Committee,Shomari Figures,2025-03-18,1000.00
"TRANSPORT WORKERS UNION OF AMERICA, AFL-CIO",Transport Workers Union of America Political Contributions Committee,Andre Carson,2025-03-18,1000.00
"TRANSPORT WORKERS UNION OF AMERICA, AFL-CIO",Transport Workers Union of America Political Contributions Committee,Christopher Deluzio,2025-03-18,5000.00
"TRANSPORT WORKERS UNION OF AMERICA, AFL-CIO",Transport Workers Union of America Political Contributions Committee,Dem Cong Camp Cmte(DCCC)-Federal Acct,2025-03-18,45000.00
"TRANSPORT WORKERS UNION OF AMERICA, AFL-CIO",Transport Workers Union of America Political Contributions Committee,Dem Cong Camp Cmte(DCCC)-Federal Acct,2025-03-18,15000.00
"TRANSPORT WORKERS UNION OF AMERICA, AFL-CIO",Transport Workers Union of America Political Contributions Committee,Republican Italian American Committee,2025-03-18,1000.00
"TRANSPORT WORKERS UNION OF AMERICA, AFL-CIO",Transport Workers Union of America Political Contributions Committee,Dem Sen Camp Cmte(DSCC)-Federal Acct,2025-03-18,15000.00
"TRANSPORT WORKERS UNION OF AMERICA, AFL-CIO",Transport Workers Union of America Political Contributions Committee,Marc Veasey,2025-04-22,1000.00
"TRANSPORT WORKERS UNION OF AMERICA, AFL-CIO",Transport Workers Union of America Political Contributions Committee,Madeleine Dean,2025-04-22,1500.00
"TRANSPORT WORKERS UNION OF AMERICA, AFL-CIO",Transport Workers Union of America Political Contributions Committee,Kristen McDonald Rivet,2025-04-22,1500.00
"TRANSPORT WORKERS UNION OF AMERICA, AFL-CIO",Transport Workers Union of America Political Contributions Committee,Andre Carson,2025-04-22,1500.00
"TRANSPORT WORKERS UNION OF AMERICA, AFL-CIO",Transport Workers Union of America Political Contributions Committee,David Rouzer,2025-04-22,2500.00
"TRANSPORT WORKERS UNION OF AMERICA, AFL-CIO",Transport Workers Union of America Political Contributions Committee,Sharice Davids,2025-04-22,1500.00
"TRANSPORT WORKERS UNION OF AMERICA, AFL-CIO",Transport Workers Union of America Political Contributions Committee,Dwight Evans,2025-04-22,5000.00
"TRANSPORT WORKERS UNION OF AMERICA, AFL-CIO",Transport Workers Union of America Political Contributions Committee,Eleanor Holmes Norton,2025-04-22,1500.00
"TRANSPORT WORKERS UNION OF AMERICA, AFL-CIO",Transport Workers Union of America Political Contributions Committee,Rob Bresnahan,2025-04-22,2500.00
"TRANSPORT WORKERS UNION OF AMERICA, AFL-CIO",Transport Workers Union of America Political Contributions Committee,Brian Fitzpatrick,2025-04-22,5000.00
"TRANSPORT WORKERS UNION OF AMERICA, AFL-CIO",Transport Workers Union of America Political Contributions Committee,Brian Fitzpatrick,2025-04-22,5000.00
"TRANSPORT WORKERS UNION OF AMERICA, AFL-CIO",Transport Workers Union of America Political Contributions Committee,Frederica Wilson,2025-04-22,2000.00
"TRANSPORT WORKERS UNION OF AMERICA, AFL-CIO",Transport Workers Union of America Political Contributions Committee,Rosa DeLauro,2025-04-22,5000.00
"TRANSPORT WORKERS UNION OF AMERICA, AFL-CIO",Transport Workers Union of America Political Contributions Committee,Nicole Malliotakis,2025-04-22,2500.00
"TRANSPORT WORKERS UNION OF AMERICA, AFL-CIO",Transport Workers Union of America Political Contributions Committee,Rick Larsen,2025-05-29,5000.00
"TRANSPORT WORKERS UNION OF AMERICA, AFL-CIO",Transport Workers Union of America Political Contributions Committee,Brendan Boyle,2025-06-29,5000.00
"TRANSPORT WORKERS UNION OF AMERICA, AFL-CIO",Transport Workers Union of America Political Contributions Committee,Christopher Smith,2025-06-29,2500.00
"TRANSPORT WORKERS UNION OF AMERICA, AFL-CIO",Transport Workers Union of America Political Contributions Committee,Valerie Foushee,2025-06-29,1500.00
"TRANSPORT WORKERS UNION OF AMERICA, AFL-CIO",Transport Workers Union of America Political Contributions Committee,Donald Norcross,2025-06-29,5000.00
"TRANSPORT WORKERS UNION OF AMERICA, AFL-CIO",Transport Workers Union of America Political Contributions Committee,Tom Suozzi,2025-06-29,5000.00
"TRANSPORT WORKERS UNION OF AMERICA, AFL-CIO",Transport Workers Union of America Political Contributions Committee,Ted Lieu,2025-06-29,1000.00
"TRANSPORT WORKERS UNION OF AMERICA, AFL-CIO",Transport Workers Union of America Political Contributions Committee,Debbie Dingell,2025-06-29,5000.00
"TRANSPORT WORKERS UNION OF AMERICA, AFL-CIO",Transport Workers Union of America Political Contributions Committee,Sheila Cherfilus McCormick,2025-06-29,1000.00
"TRANSPORT WORKERS UNION OF AMERICA, AFL-CIO",Transport Workers Union of America Political Contributions Committee,Charles Schumer,2025-06-29,5000.00
"TRANSPORT WORKERS UNION OF AMERICA, AFL-CIO",Transport Workers Union of America Political Contributions Committee,Jill Tokuda,2025-06-29,1000.00
"TRANSPORT WORKERS UNION OF AMERICA, AFL-CIO",Transport Workers Union of America Political Contributions Committee,Maxwell Alejandro Frost,2025-06-29,2500.00
"TRANSPORT WORKERS UNION OF AMERICA, AFL-CIO",Transport Workers Union of America Political Contributions Committee,Daniel Hernandez,2025-06-29,2500.00
"TRANSPORT WORKERS UNION OF AMERICA, AFL-CIO",Transport Workers Union of America Political Contributions Committee,Nicole Malliotakis,2025-06-29,5000.00
"TRANSPORT WORKERS UNION OF AMERICA, AFL-CIO",Transport Workers Union of America Political Contributions Committee,Brad Schneider,2025-06-29,2500.00
"TRANSPORT WORKERS UNION OF AMERICA, AFL-CIO",Transport Workers Union of America Political Contributions Committee,George Latimer,2025-06-29,2500.00
"TRANSPORT WORKERS UNION OF AMERICA, AFL-CIO",Transport Workers Union of America Political Contributions Committee,Mark DeSaulnier,2025-06-29,2500.00
"TRANSPORT WORKERS UNION OF AMERICA, AFL-CIO",Transport Workers Union of America Political Contributions Committee,Andre Carson,2025-06-29,2500.00
"TRANSPORT WORKERS UNION OF AMERICA, AFL-CIO",Transport Workers Union of America Political Contributions Committee,Nikema Williams,2025-06-29,1000.00
"TRANSPORT WORKERS UNION OF AMERICA, AFL-CIO",Transport Workers Union of America Political Contributions Committee,Marcy Kaptur,2025-06-29,1500.00
"TRANSPORT WORKERS UNION OF AMERICA, AFL-CIO",Transport Workers Union of America Political Contributions Committee,Eric Sorensen,2025-06-29,2500.00
"TRANSPORT WORKERS UNION OF AMERICA, AFL-CIO",Transport Workers Union of America Political Contributions Committee,Mark Pocan,2025-06-29,5000.00
"TRANSPORT WORKERS UNION OF AMERICA, AFL-CIO",Transport Workers Union of America Political Contributions Committee,Pete Aguilar,2025-06-29,5000.00
"TRANSPORT WORKERS UNION OF AMERICA, AFL-CIO",Transport Workers Union of America Political Contributions Committee,John Mannion,2025-06-29,2500.00
"TRANSPORT WORKERS UNION OF AMERICA, AFL-CIO",Transport Workers Union of America Political Contributions Committee,Laura Friedman,2025-06-29,2500.00
"TRANSPORT WORKERS UNION OF AMERICA, AFL-CIO",Transport Workers Union of America Political Contributions Committee,Katherine Clark,2025-06-29,5000.00
"TRANSPORT WORKERS UNION OF AMERICA, AFL-CIO",Transport Workers Union of America Political Contributions Committee,Rosa DeLauro,2025-06-29,5000.00
"TRANSPORT WORKERS UNION OF AMERICA, AFL-CIO",Transport Workers Union of America Political Contributions Committee,Deborah Ross,2025-06-29,2500.00
"TRANSPORT WORKERS UNION OF AMERICA, AFL-CIO",Transport Workers Union of America Political Contributions Committee,Daniel Goldman,2025-06-29,2500.00
"TRANSPORT WORKERS UNION OF AMERICA, AFL-CIO",Transport Workers Union of America Political Contributions Committee,Chris Deluzio,2025-06-29,2500.00
"TRANSPORT WORKERS UNION OF AMERICA, AFL-CIO",Transport Workers Union of America Political Contributions Committee,Pete Aguilar,2025-06-29,5000.00
"TRANSPORT WORKERS UNION OF AMERICA, AFL-CIO",Transport Workers Union of America Political Contributions Committee,Darren Soto,2025-06-29,2000.00
"TRANSPORT WORKERS UNION OF AMERICA, AFL-CIO",Transport Workers Union of America Political Contributions Committee,Paul Tonko,2025-06-29,1500.00
"TRANSPORT WORKERS UNION OF AMERICA, AFL-CIO",Transport Workers Union of America Political Contributions Committee,Maxwell Alejandro Frost,2025-06-29,2500.00
"TRANSPORT WORKERS UNION OF AMERICA, AFL-CIO",Transport Workers Union of America Political Contributions Committee,Nick Lalota,2025-06-29,2500.00
"TRANSPORT WORKERS UNION OF AMERICA, AFL-CIO",Transport Workers Union of America Political Contributions Committee,Equality PAC,2025-06-29,5000.00
"TRANSPORT WORKERS UNION OF AMERICA, AFL-CIO",Transport Workers Union of America Political Contributions Committee,Brian Schatz,2025-06-29,5000.00
"TRANSPORT WORKERS UNION OF AMERICA, AFL-CIO",Transport Workers Union of America Political Contributions Committee,Katherine Clark,2025-06-29,5000.00
"TRANSPORT WORKERS UNION OF AMERICA, AFL-CIO",Transport Workers Union of America Political Contributions Committee,Joe Morelle,2025-06-29,5000.00
"TRANSPORT WORKERS UNION OF AMERICA, AFL-CIO",Transport Workers Union of America Political Contributions Committee,Laura Gillen,2025-06-29,2500.00
"TRANSPORT WORKERS UNION OF AMERICA, AFL-CIO",Transport Workers Union of America Political Contributions Committee,Angie Craig,2025-06-29,2500.00
"TRANSPORT WORKERS UNION OF AMERICA, AFL-CIO",Transport Workers Union of America Political Contributions Committee,Adriano Espaillat,2025-06-29,5000.00
"TRANSPORT WORKERS UNION OF AMERICA, AFL-CIO",Transport Workers Union of America Political Contributions Committee,TIMOTHY KENNEDY,2025-06-29,5000.00
"TRANSPORT WORKERS UNION OF AMERICA, AFL-CIO",Transport Workers Union of America Political Contributions Committee,Kirsten Gillibrand,2025-06-29,5000.00
"TRANSPORT WORKERS UNION OF AMERICA, AFL-CIO",Transport Workers Union of America Political Contributions Committee,Patrick Ryan,2025-06-29,2500.00
"TRANSPORT WORKERS UNION OF AMERICA, AFL-CIO",Transport Workers Union of America Political Contributions Committee,Steven Horsford,2025-06-29,5000.00
"TRANSPORT WORKERS UNION OF AMERICA, AFL-CIO",Transport Workers Union of America Political Contributions Committee,Timothy Kennedy,2025-06-29,5000.00
"TRANSPORT WORKERS UNION OF AMERICA, AFL-CIO",Transport Workers Union of America Political Contributions Committee,Joyce Beatty,2025-06-29,1000.00
"TRANSPORT WORKERS UNION OF AMERICA, AFL-CIO",Transport Workers Union of America Political Contributions Committee,Nydia Velazquez,2025-06-29,1000.00
"TRANSPORT WORKERS UNION OF AMERICA, AFL-CIO",Transport Workers Union of America Political Contributions Committee,Pramila Jayapal,2025-06-29,1500.00
"TRANSPORT WORKERS UNION OF AMERICA, AFL-CIO",Transport Workers Union of America Political Contributions Committee,Marilyn Strickland,2025-06-29,1500.00
"TRANSPORT WORKERS UNION OF AMERICA, AFL-CIO",Transport Workers Union of America Political Contributions Committee,Nick Lalota,2025-06-29,2500.00
"TRANSPORT WORKERS UNION OF AMERICA, AFL-CIO",Transport Workers Union of America Political Contributions Committee,Eric Schmitt,2025-06-29,2500.00
"TRANSPORT WORKERS UNION OF AMERICA, AFL-CIO",Transport Workers Union of America Political Contributions Committee,Frank MrVan,2025-06-29,1500.00
"TRANSPORT WORKERS UNION OF AMERICA, AFL-CIO",Transport Workers Union of America Political Contributions Committee,Brendan Boyle,2025-06-29,5000.00
"TRANSPORT WORKERS UNION OF AMERICA, AFL-CIO",Transport Workers Union of America Political Contributions Committee,Sustainable Energy and Environment Coalition PAC,2025-06-29,5000.00
"TRANSPORT WORKERS UNION OF AMERICA, AFL-CIO",Transport Workers Union of America Political Contributions Committee,Elect Democratic Women,2025-01-24,5000.00
"TRANSPORT WORKERS UNION OF AMERICA, AFL-CIO",Transport Workers Union of America Political Contributions Committee,Congressional Black Caucus PAC,2025-01-24,5000.00
"TRANSPORT WORKERS UNION OF AMERICA, AFL-CIO",Transport Workers Union of America Political Contributions Committee,Congressional Progressive Caucus PAC,2025-01-24,5000.00
"TRANSPORT WORKERS UNION OF AMERICA, AFL-CIO",Transport Workers Union of America Political Contributions Committee,Transportation Trades Department AFL-CIO (TTD PAC),2025-01-24,5000.00
"TRANSPORT WORKERS UNION OF AMERICA, AFL-CIO",Transport Workers Union of America Political Contributions Committee,Republican Mainstreet Partnership Pac,2025-01-24,5000.00
"TRANSPORT WORKERS UNION OF AMERICA, AFL-CIO",Transport Workers Union of America Political Contributions Committee,Democratic Party Of New Mexico - Federal,2025-01-24,1000.00
"TRANSPORT WORKERS UNION OF AMERICA, AFL-CIO",Transport Workers Union of America Political Contributions Committee,CHC Bold PAC,2025-01-24,5000.00
"TRANSPORT WORKERS UNION OF AMERICA, AFL-CIO",Transport Workers Union of America Political Contributions Committee,ASPIRE PAC,2025-01-24,5000.00
"TRANSPORT WORKERS UNION OF AMERICA, AFL-CIO",Transport Workers Union of America Political Contributions Committee,Republican Governance Group/Tuesday Group PAC,2025-02-21,5000.00
"TRANSPORT WORKERS UNION OF AMERICA, AFL-CIO",Transport Workers Union of America Political Contributions Committee,Luz Rivas,2025-02-21,2500.00
"TRANSPORT WORKERS UNION OF AMERICA, AFL-CIO",Transport Workers Union of America Political Contributions Committee,Hakeem Jeffries,2025-02-21,5000.00
"TRANSPORT WORKERS UNION OF AMERICA, AFL-CIO",Transport Workers Union of America Political Contributions Committee,Nikki Budzinski,2025-02-21,5000.00
"TRANSPORT WORKERS UNION OF AMERICA, AFL-CIO",Transport Workers Union of America Political Contributions Committee,Ritchie Torres,2025-02-21,5000.00
"TRANSPORT WORKERS UNION OF AMERICA, AFL-CIO",Transport Workers Union of America Political Contributions Committee,Michael Lawler,2025-02-21,5000.00
"TRANSPORT WORKERS UNION OF AMERICA, AFL-CIO",Transport Workers Union of America Political Contributions Committee,Hakeem Jeffries,2025-02-21,5000.00
"TRANSPORT WORKERS UNION OF AMERICA, AFL-CIO",Transport Workers Union of America Political Contributions Committee,Yassamin Ansari,2025-02-21,2500.00
"TRANSPORT WORKERS UNION OF AMERICA, AFL-CIO",Transport Workers Union of America Political Contributions Committee,Ritchie Torres,2025-02-21,5000.00
"TRANSPORT WORKERS UNION OF AMERICA, AFL-CIO",Transport Workers Union of America Political Contributions Committee,Michael Lawler,2025-02-21,5000.00
"TRANSPORT WORKERS UNION OF AMERICA, AFL-CIO",Transport Workers Union of America Political Contributions Committee,Valerie Hoyle,2025-02-21,2500.00
"TRANSPORT WORKERS UNION OF AMERICA, AFL-CIO",Transport Workers Union of America Political Contributions Committee,LaMonica McIver,2025-02-21,2500.00
"TRANSPORT WORKERS UNION OF AMERICA, AFL-CIO",Transport Workers Union of America Political Contributions Committee,George Whitesides,2025-02-21,2500.00
"TRANSPORT WORKERS UNION OF AMERICA, AFL-CIO",Transport Workers Union of America Political Contributions Committee,Sarah McBride,2025-02-21,2500.00
"TRANSPORT WORKERS UNION OF AMERICA, AFL-CIO",Transport Workers Union of America Political Contributions Committee,Hakeem Jeffries,2025-02-21,5000.00
"TRANSPORT WORKERS UNION OF AMERICA, AFL-CIO",Transport Workers Union of America Political Contributions Committee,Nikki Budzinski,2025-02-21,5000.00
"TRANSPORT WORKERS UNION OF AMERICA, AFL-CIO",Transport Workers Union of America Political Contributions Committee,Bennie Thompson,2025-02-21,5000.00
"TRANSPORT WORKERS UNION OF AMERICA, AFL-CIO",Transport Workers Union of America Political Contributions Committee,Lateefah Simon,2025-02-21,2500.00
"TRANSPORT WORKERS UNION OF AMERICA, AFL-CIO",Transport Workers Union of America Political Contributions Committee,Julie Johnson,2025-02-21,2500.00
"TRANSPORT WORKERS UNION OF AMERICA, AFL-CIO",Transport Workers Union of America Political Contributions Committee,Angie Craig,2025-02-21,2500.00
"TRANSPORT WORKERS UNION OF AMERICA, AFL-CIO",Transport Workers Union of America Political Contributions Committee,Nikki Budzinski,2025-02-21,5000.00
"TRANSPORT WORKERS UNION OF AMERICA, AFL-CIO",Transport Workers Union of America Political Contributions Committee,Bennie Thompson,2025-02-21,5000.00
"TRANSPORT WORKERS UNION OF AMERICA, AFL-CIO",Transport Workers Union of America Political Contributions Committee,TIMOTHY KENNEDY,2025-02-21,5000.00
"TRANSPORT WORKERS UNION OF AMERICA, AFL-CIO",Transport Workers Union of America Political Contributions Committee,Adam Gray,2025-02-21,2500.00
"TRANSPORT WORKERS UNION OF AMERICA, AFL-CIO",Transport Workers Union of America Political Contributions Committee,Ben Lujan,2025-03-18,2500.00
"TRANSPORT WORKERS UNION OF AMERICA, AFL-CIO",Transport Workers Union of America Political Contributions Committee,Darren Soto,2025-03-18,1000.00
"TRANSPORT WORKERS UNION OF AMERICA, AFL-CIO",Transport Workers Union of America Political Contributions Committee,Mike Quigley,2025-03-18,2500.00
"TRANSPORT WORKERS UNION OF AMERICA, AFL-CIO",Transport Workers Union of America Political Contributions Committee,John Mannion,2025-03-18,2500.00
"TRANSPORT WORKERS UNION OF AMERICA, AFL-CIO",Transport Workers Union of America Political Contributions Committee,Andrew Garbarino,2025-03-18,5000.00
"TRANSPORT WORKERS UNION OF AMERICA, AFL-CIO",Transport Workers Union of America Political Contributions Committee,Chris Deluzio,2025-03-18,2500.00
"TRANSPORT WORKERS UNION OF AMERICA, AFL-CIO",Transport Workers Union of America Political Contributions Committee,Don Bacon,2025-03-18,5000.00
"TRANSPORT WORKERS UNION OF AMERICA, AFL-CIO",Transport Workers Union of America Political Contributions Committee,Edward Markey,2025-03-18,2500.00
"TRANSPORT WORKERS UNION OF AMERICA, AFL-CIO",Transport Workers Union of America Political Contributions Committee,Melanie Stansbury,2025-03-18,2500.00
"TRANSPORT WORKERS UNION OF AMERICA, AFL-CIO",Transport Workers Union of America Political Contributions Committee,Delia Ramirez,2025-03-18,1500.00
"TRANSPORT WORKERS UNION OF AMERICA, AFL-CIO",Transport Workers Union of America Political Contributions Committee,Grace Meng,2025-03-18,2000.00
"TRANSPORT WORKERS UNION OF AMERICA, AFL-CIO",Transport Workers Union of America Political Contributions Committee,Jesus Garcia,2025-03-18,2500.00
"TRANSPORT WORKERS UNION OF AMERICA, AFL-CIO",Transport Workers Union of America Political Contributions Committee,Sarah Elfreth,2025-03-18,1000.00
"TRANSPORT WORKERS UNION OF AMERICA, AFL-CIO",Transport Workers Union of America Political Contributions Committee,Mike Bost,2025-03-18,2500.00
"TRANSPORT WORKERS UNION OF AMERICA, AFL-CIO",Transport Workers Union of America Political Contributions Committee,Julia Brownley,2025-03-18,5000.00
"TRANSPORT WORKERS UNION OF AMERICA, AFL-CIO",Transport Workers Union of America Political Contributions Committee,Emilia Sykes,2025-03-18,1500.00
"TRANSPORT WORKERS UNION OF AMERICA, AFL-CIO",Transport Workers Union of America Political Contributions Committee,Patrick Ryan,2025-03-18,2500.00
"TRANSPORT WORKERS UNION OF AMERICA, AFL-CIO",Transport Workers Union of America Political Contributions Committee,Donald Norcross,2025-03-18,5000.00
"TRANSPORT WORKERS UNION OF AMERICA, AFL-CIO",Transport Workers Union of America Political Contributions Committee,Nick LaLota,2025-03-18,5000.00
"TRANSPORT WORKERS UNION OF AMERICA, AFL-CIO",Transport Workers Union of America Political Contributions Committee,Adriano Espaillat,2025-03-18,5000.00
"TRANSPORT WORKERS UNION OF AMERICA, AFL-CIO",Transport Workers Union of America Political Contributions Committee,Julia Brownley,2025-03-18,5000.00
"TRANSPORT WORKERS UNION OF AMERICA, AFL-CIO",Transport Workers Union of America Political Contributions Committee,Lori Trahan,2025-03-18,5000.00
"TRANSPORT WORKERS UNION OF AMERICA, AFL-CIO",Transport Workers Union of America Political Contributions Committee,Mary Gay Scanlon,2025-03-18,1500.00
"TRANSPORT WORKERS UNION OF AMERICA, AFL-CIO",Transport Workers Union of America Political Contributions Committee,Mark Pocan,2025-03-18,2500.00
"TRANSPORT WORKERS UNION OF AMERICA, AFL-CIO",Transport Workers Union of America Political Contributions Committee,George Latimer,2025-03-18,2500.00
"TRANSPORT WORKERS UNION OF AMERICA, AFL-CIO",Transport Workers Union of America Political Contributions Committee,Laura Friedman,2025-03-18,2500.00
"TRANSPORT WORKERS UNION OF AMERICA, AFL-CIO",Transport Workers Union of America Political Contributions Committee,Greg Casar,2025-03-18,1000.00
"TRANSPORT WORKERS UNION OF AMERICA, AFL-CIO",Transport Workers Union of America Political Contributions Committee,Michael Turner,2025-03-18,1000.00
"TRANSPORT WORKERS UNION OF AMERICA, AFL-CIO",Transport Workers Union of America Political Contributions Committee,Hillary Scholten,2025-03-18,1500.00
"TRANSPORT WORKERS UNION OF AMERICA, AFL-CIO",Transport Workers Union of America Political Contributions Committee,NELIDA POU,2025-03-18,1500.00
"TRANSPORT WORKERS UNION OF AMERICA, AFL-CIO",Transport Workers Union of America Political Contributions Committee,Nicole Malliotakis,2025-03-18,2500.00
"TRANSPORT WORKERS UNION OF AMERICA, AFL-CIO",Transport Workers Union of America Political Contributions Committee,Maxwell Alejandro Frost,2025-03-18,2500.00
"TRANSPORT WORKERS UNION OF AMERICA, AFL-CIO",Transport Workers Union of America Political Contributions Committee,Yvette Clarke,2025-03-18,5000.00
"TRANSPORT WORKERS UNION OF AMERICA, AFL-CIO",Transport Workers Union of America Political Contributions Committee,Dem Sen Camp Cmte(DSCC)-Federal Acct,2025-03-18,45000.00
"TRANSPORT WORKERS UNION OF AMERICA, AFL-CIO",Transport Workers Union of America Political Contributions Committee,Dina Titus,2025-03-18,5000.00
"TRANSPORT WORKERS UNION OF AMERICA, AFL-CIO",Transport Workers Union of America Political Contributions Committee,Andrea Salinas,2025-03-18,1000.00
"TRANSPORT WORKERS UNION OF AMERICA, AFL-CIO",Transport Workers Union of America Political Contributions Committee,Chris Pappas,2025-03-18,5000.00
"TRANSPORT WORKERS UNION OF AMERICA, AFL-CIO",Transport Workers Union of America Political Contributions Committee,Rick Larsen,2025-03-18,5000.00
"TRANSPORT WORKERS UNION OF AMERICA, AFL-CIO",Transport Workers Union of America Political Contributions Committee,Shomari Figures,2025-03-18,1000.00
"TRANSPORT WORKERS UNION OF AMERICA, AFL-CIO",Transport Workers Union of America Political Contributions Committee,Andre Carson,2025-03-18,1000.00
"TRANSPORT WORKERS UNION OF AMERICA, AFL-CIO",Transport Workers Union of America Political Contributions Committee,Christopher Deluzio,2025-03-18,5000.00
"TRANSPORT WORKERS UNION OF AMERICA, AFL-CIO",Transport Workers Union of America Political Contributions Committee,Dem Cong Camp Cmte(DCCC)-Federal Acct,2025-03-18,45000.00
"TRANSPORT WORKERS UNION OF AMERICA, AFL-CIO",Transport Workers Union of America Political Contributions Committee,Dem Cong Camp Cmte(DCCC)-Federal Acct,2025-03-18,15000.00
"TRANSPORT WORKERS UNION OF AMERICA, AFL-CIO",Transport Workers Union of America Political Contributions Committee,Republican Italian American Committee,2025-03-18,1000.00
"TRANSPORT WORKERS UNION OF AMERICA, AFL-CIO",Transport Workers Union of America Political Contributions Committee,Dem Sen Camp Cmte(DSCC)-Federal Acct,2025-03-18,15000.00
"TRANSPORT WORKERS UNION OF AMERICA, AFL-CIO",Transport Workers Union of America Political Contributions Committee,Marc Veasey,2025-04-22,1000.00
"TRANSPORT WORKERS UNION OF AMERICA, AFL-CIO",Transport Workers Union of America Political Contributions Committee,Madeleine Dean,2025-04-22,1500.00
"TRANSPORT WORKERS UNION OF AMERICA, AFL-CIO",Transport Workers Union of America Political Contributions Committee,Kristen McDonald Rivet,2025-04-22,1500.00
"TRANSPORT WORKERS UNION OF AMERICA, AFL-CIO",Transport Workers Union of America Political Contributions Committee,Andre Carson,2025-04-22,1500.00
"TRANSPORT WORKERS UNION OF AMERICA, AFL-CIO",Transport Workers Union of America Political Contributions Committee,David Rouzer,2025-04-22,2500.00
"TRANSPORT WORKERS UNION OF AMERICA, AFL-CIO",Transport Workers Union of America Political Contributions Committee,Sharice Davids,2025-04-22,1500.00
"TRANSPORT WORKERS UNION OF AMERICA, AFL-CIO",Transport Workers Union of America Political Contributions Committee,Dwight Evans,2025-04-22,5000.00
"TRANSPORT WORKERS UNION OF AMERICA, AFL-CIO",Transport Workers Union of America Political Contributions Committee,Eleanor Holmes Norton,2025-04-22,1500.00
"TRANSPORT WORKERS UNION OF AMERICA, AFL-CIO",Transport Workers Union of America Political Contributions Committee,Rob Bresnahan,2025-04-22,2500.00
"TRANSPORT WORKERS UNION OF AMERICA, AFL-CIO",Transport Workers Union of America Political Contributions Committee,Brian Fitzpatrick,2025-04-22,5000.00
"TRANSPORT WORKERS UNION OF AMERICA, AFL-CIO",Transport Workers Union of America Political Contributions Committee,Brian Fitzpatrick,2025-04-22,5000.00
"TRANSPORT WORKERS UNION OF AMERICA, AFL-CIO",Transport Workers Union of America Political Contributions Committee,Frederica Wilson,2025-04-22,2000.00
"TRANSPORT WORKERS UNION OF AMERICA, AFL-CIO",Transport Workers Union of America Political Contributions Committee,Rosa DeLauro,2025-04-22,5000.00
"TRANSPORT WORKERS UNION OF AMERICA, AFL-CIO",Transport Workers Union of America Political Contributions Committee,Nicole Malliotakis,2025-04-22,2500.00
"TRANSPORT WORKERS UNION OF AMERICA, AFL-CIO",Transport Workers Union of America Political Contributions Committee,Rick Larsen,2025-05-29,5000.00
"TRANSPORT WORKERS UNION OF AMERICA, AFL-CIO",Transport Workers Union of America Political Contributions Committee,Brendan Boyle,2025-06-29,5000.00
"TRANSPORT WORKERS UNION OF AMERICA, AFL-CIO",Transport Workers Union of America Political Contributions Committee,Christopher Smith,2025-06-29,2500.00
"TRANSPORT WORKERS UNION OF AMERICA, AFL-CIO",Transport Workers Union of America Political Contributions Committee,Valerie Foushee,2025-06-29,1500.00
"TRANSPORT WORKERS UNION OF AMERICA, AFL-CIO",Transport Workers Union of America Political Contributions Committee,Donald Norcross,2025-06-29,5000.00
"TRANSPORT WORKERS UNION OF AMERICA, AFL-CIO",Transport Workers Union of America Political Contributions Committee,Tom Suozzi,2025-06-29,5000.00
"TRANSPORT WORKERS UNION OF AMERICA, AFL-CIO",Transport Workers Union of America Political Contributions Committee,Ted Lieu,2025-06-29,1000.00
"TRANSPORT WORKERS UNION OF AMERICA, AFL-CIO",Transport Workers Union of America Political Contributions Committee,Debbie Dingell,2025-06-29,5000.00
"TRANSPORT WORKERS UNION OF AMERICA, AFL-CIO",Transport Workers Union of America Political Contributions Committee,Sheila Cherfilus McCormick,2025-06-29,1000.00
"TRANSPORT WORKERS UNION OF AMERICA, AFL-CIO",Transport Workers Union of America Political Contributions Committee,Charles Schumer,2025-06-29,5000.00
"TRANSPORT WORKERS UNION OF AMERICA, AFL-CIO",Transport Workers Union of America Political Contributions Committee,Jill Tokuda,2025-06-29,1000.00
"TRANSPORT WORKERS UNION OF AMERICA, AFL-CIO",Transport Workers Union of America Political Contributions Committee,Maxwell Alejandro Frost,2025-06-29,2500.00
"TRANSPORT WORKERS UNION OF AMERICA, AFL-CIO",Transport Workers Union of America Political Contributions Committee,Daniel Hernandez,2025-06-29,2500.00
"TRANSPORT WORKERS UNION OF AMERICA, AFL-CIO",Transport Workers Union of America Political Contributions Committee,Nicole Malliotakis,2025-06-29,5000.00
"TRANSPORT WORKERS UNION OF AMERICA, AFL-CIO",Transport Workers Union of America Political Contributions Committee,Brad Schneider,2025-06-29,2500.00
"TRANSPORT WORKERS UNION OF AMERICA, AFL-CIO",Transport Workers Union of America Political Contributions Committee,George Latimer,2025-06-29,2500.00
"TRANSPORT WORKERS UNION OF AMERICA, AFL-CIO",Transport Workers Union of America Political Contributions Committee,Mark DeSaulnier,2025-06-29,2500.00
"TRANSPORT WORKERS UNION OF AMERICA, AFL-CIO",Transport Workers Union of America Political Contributions Committee,Andre Carson,2025-06-29,2500.00
"TRANSPORT WORKERS UNION OF AMERICA, AFL-CIO",Transport Workers Union of America Political Contributions Committee,Nikema Williams,2025-06-29,1000.00
"TRANSPORT WORKERS UNION OF AMERICA, AFL-CIO",Transport Workers Union of America Political Contributions Committee,Marcy Kaptur,2025-06-29,1500.00
"TRANSPORT WORKERS UNION OF AMERICA, AFL-CIO",Transport Workers Union of America Political Contributions Committee,Eric Sorensen,2025-06-29,2500.00
"TRANSPORT WORKERS UNION OF AMERICA, AFL-CIO",Transport Workers Union of America Political Contributions Committee,Mark Pocan,2025-06-29,5000.00
"TRANSPORT WORKERS UNION OF AMERICA, AFL-CIO",Transport Workers Union of America Political Contributions Committee,Pete Aguilar,2025-06-29,5000.00
"TRANSPORT WORKERS UNION OF AMERICA, AFL-CIO",Transport Workers Union of America Political Contributions Committee,John Mannion,2025-06-29,2500.00
"TRANSPORT WORKERS UNION OF AMERICA, AFL-CIO",Transport Workers Union of America Political Contributions Committee,Laura Friedman,2025-06-29,2500.00
"TRANSPORT WORKERS UNION OF AMERICA, AFL-CIO",Transport Workers Union of America Political Contributions Committee,Katherine Clark,2025-06-29,5000.00
"TRANSPORT WORKERS UNION OF AMERICA, AFL-CIO",Transport Workers Union of America Political Contributions Committee,Rosa DeLauro,2025-06-29,5000.00
"TRANSPORT WORKERS UNION OF AMERICA, AFL-CIO",Transport Workers Union of America Political Contributions Committee,Deborah Ross,2025-06-29,2500.00
"TRANSPORT WORKERS UNION OF AMERICA, AFL-CIO",Transport Workers Union of America Political Contributions Committee,Daniel Goldman,2025-06-29,2500.00
"TRANSPORT WORKERS UNION OF AMERICA, AFL-CIO",Transport Workers Union of America Political Contributions Committee,Chris Deluzio,2025-06-29,2500.00
"TRANSPORT WORKERS UNION OF AMERICA, AFL-CIO",Transport Workers Union of America Political Contributions Committee,Pete Aguilar,2025-06-29,5000.00
"TRANSPORT WORKERS UNION OF AMERICA, AFL-CIO",Transport Workers Union of America Political Contributions Committee,Darren Soto,2025-06-29,2000.00
"TRANSPORT WORKERS UNION OF AMERICA, AFL-CIO",Transport Workers Union of America Political Contributions Committee,Paul Tonko,2025-06-29,1500.00
"TRANSPORT WORKERS UNION OF AMERICA, AFL-CIO",Transport Workers Union of America Political Contributions Committee,Maxwell Alejandro Frost,2025-06-29,2500.00
"TRANSPORT WORKERS UNION OF AMERICA, AFL-CIO",Transport Workers Union of America Political Contributions Committee,Nick Lalota,2025-06-29,2500.00
"TRANSPORT WORKERS UNION OF AMERICA, AFL-CIO",Transport Workers Union of America Political Contributions Committee,Equality PAC,2025-06-29,5000.00
"TRANSPORT WORKERS UNION OF AMERICA, AFL-CIO",Transport Workers Union of America Political Contributions Committee,Brian Schatz,2025-06-29,5000.00
"TRANSPORT WORKERS UNION OF AMERICA, AFL-CIO",Transport Workers Union of America Political Contributions Committee,Katherine Clark,2025-06-29,5000.00
"TRANSPORT WORKERS UNION OF AMERICA, AFL-CIO",Transport Workers Union of America Political Contributions Committee,Joe Morelle,2025-06-29,5000.00
"TRANSPORT WORKERS UNION OF AMERICA, AFL-CIO",Transport Workers Union of America Political Contributions Committee,Laura Gillen,2025-06-29,2500.00
"TRANSPORT WORKERS UNION OF AMERICA, AFL-CIO",Transport Workers Union of America Political Contributions Committee,Angie Craig,2025-06-29,2500.00
"TRANSPORT WORKERS UNION OF AMERICA, AFL-CIO",Transport Workers Union of America Political Contributions Committee,Adriano Espaillat,2025-06-29,5000.00
"TRANSPORT WORKERS UNION OF AMERICA, AFL-CIO",Transport Workers Union of America Political Contributions Committee,TIMOTHY KENNEDY,2025-06-29,5000.00
"TRANSPORT WORKERS UNION OF AMERICA, AFL-CIO",Transport Workers Union of America Political Contributions Committee,Kirsten Gillibrand,2025-06-29,5000.00
"TRANSPORT WORKERS UNION OF AMERICA, AFL-CIO",Transport Workers Union of America Political Contributions Committee,Patrick Ryan,2025-06-29,2500.00
"TRANSPORT WORKERS UNION OF AMERICA, AFL-CIO",Transport Workers Union of America Political Contributions Committee,Steven Horsford,2025-06-29,5000.00
"TRANSPORT WORKERS UNION OF AMERICA, AFL-CIO",Transport Workers Union of America Political Contributions Committee,Timothy Kennedy,2025-06-29,5000.00
"TRANSPORT WORKERS UNION OF AMERICA, AFL-CIO",Transport Workers Union of America Political Contributions Committee,Joyce Beatty,2025-06-29,1000.00
"TRANSPORT WORKERS UNION OF AMERICA, AFL-CIO",Transport Workers Union of America Political Contributions Committee,Nydia Velazquez,2025-06-29,1000.00
"TRANSPORT WORKERS UNION OF AMERICA, AFL-CIO",Transport Workers Union of America Political Contributions Committee,Pramila Jayapal,2025-06-29,1500.00
"TRANSPORT WORKERS UNION OF AMERICA, AFL-CIO",Transport Workers Union of America Political Contributions Committee,Marilyn Strickland,2025-06-29,1500.00
"TRANSPORT WORKERS UNION OF AMERICA, AFL-CIO",Transport Workers Union of America Political Contributions Committee,Nick Lalota,2025-06-29,2500.00
"TRANSPORT WORKERS UNION OF AMERICA, AFL-CIO",Transport Workers Union of America Political Contributions Committee,Eric Schmitt,2025-06-29,2500.00
"TRANSPORT WORKERS UNION OF AMERICA, AFL-CIO",Transport Workers Union of America Political Contributions Committee,Frank MrVan,2025-06-29,1500.00
"TRANSPORT WORKERS UNION OF AMERICA, AFL-CIO",Transport Workers Union of America Political Contributions Committee,Brendan Boyle,2025-06-29,5000.00
"TRANSPORT WORKERS UNION OF AMERICA, AFL-CIO",Transport Workers Union of America Political Contributions Committee,Sustainable Energy and Environment Coalition PAC,2025-06-29,5000.00
"TRANSPORT WORKERS UNION OF AMERICA, AFL-CIO",Transport Workers Union of America Political Contributions Committee,Elect Democratic Women,2025-01-24,5000.00
"TRANSPORT WORKERS UNION OF AMERICA, AFL-CIO",Transport Workers Union of America Political Contributions Committee,Congressional Black Caucus PAC,2025-01-24,5000.00
"TRANSPORT WORKERS UNION OF AMERICA, AFL-CIO",Transport Workers Union of America Political Contributions Committee,Congressional Progressive Caucus PAC,2025-01-24,5000.00
"TRANSPORT WORKERS UNION OF AMERICA, AFL-CIO",Transport Workers Union of America Political Contributions Committee,Transportation Trades Department AFL-CIO (TTD PAC),2025-01-24,5000.00
"TRANSPORT WORKERS UNION OF AMERICA, AFL-CIO",Transport Workers Union of America Political Contributions Committee,Republican Mainstreet Partnership Pac,2025-01-24,5000.00
"TRANSPORT WORKERS UNION OF AMERICA, AFL-CIO",Transport Workers Union of America Political Contributions Committee,Democratic Party Of New Mexico - Federal,2025-01-24,1000.00
"TRANSPORT WORKERS UNION OF AMERICA, AFL-CIO",Transport Workers Union of America Political Contributions Committee,CHC Bold PAC,2025-01-24,5000.00
"TRANSPORT WORKERS UNION OF AMERICA, AFL-CIO",Transport Workers Union of America Political Contributions Committee,ASPIRE PAC,2025-01-24,5000.00
"TRANSPORT WORKERS UNION OF AMERICA, AFL-CIO",Transport Workers Union of America Political Contributions Committee,Republican Governance Group/Tuesday Group PAC,2025-02-21,5000.00
"TRANSPORT WORKERS UNION OF AMERICA, AFL-CIO",Transport Workers Union of America Political Contributions Committee,Luz Rivas,2025-02-21,2500.00
"TRANSPORT WORKERS UNION OF AMERICA, AFL-CIO",Transport Workers Union of America Political Contributions Committee,Hakeem Jeffries,2025-02-21,5000.00
"TRANSPORT WORKERS UNION OF AMERICA, AFL-CIO",Transport Workers Union of America Political Contributions Committee,Nikki Budzinski,2025-02-21,5000.00
"TRANSPORT WORKERS UNION OF AMERICA, AFL-CIO",Transport Workers Union of America Political Contributions Committee,Ritchie Torres,2025-02-21,5000.00
"TRANSPORT WORKERS UNION OF AMERICA, AFL-CIO",Transport Workers Union of America Political Contributions Committee,Michael Lawler,2025-02-21,5000.00
"TRANSPORT WORKERS UNION OF AMERICA, AFL-CIO",Transport Workers Union of America Political Contributions Committee,Hakeem Jeffries,2025-02-21,5000.00
"TRANSPORT WORKERS UNION OF AMERICA, AFL-CIO",Transport Workers Union of America Political Contributions Committee,Yassamin Ansari,2025-02-21,2500.00
"TRANSPORT WORKERS UNION OF AMERICA, AFL-CIO",Transport Workers Union of America Political Contributions Committee,Ritchie Torres,2025-02-21,5000.00
"TRANSPORT WORKERS UNION OF AMERICA, AFL-CIO",Transport Workers Union of America Political Contributions Committee,Michael Lawler,2025-02-21,5000.00
"TRANSPORT WORKERS UNION OF AMERICA, AFL-CIO",Transport Workers Union of America Political Contributions Committee,Valerie Hoyle,2025-02-21,2500.00
"TRANSPORT WORKERS UNION OF AMERICA, AFL-CIO",Transport Workers Union of America Political Contributions Committee,LaMonica McIver,2025-02-21,2500.00
"TRANSPORT WORKERS UNION OF AMERICA, AFL-CIO",Transport Workers Union of America Political Contributions Committee,George Whitesides,2025-02-21,2500.00
"TRANSPORT WORKERS UNION OF AMERICA, AFL-CIO",Transport Workers Union of America Political Contributions Committee,Sarah McBride,2025-02-21,2500.00
"TRANSPORT WORKERS UNION OF AMERICA, AFL-CIO",Transport Workers Union of America Political Contributions Committee,Hakeem Jeffries,2025-02-21,5000.00
"TRANSPORT WORKERS UNION OF AMERICA, AFL-CIO",Transport Workers Union of America Political Contributions Committee,Nikki Budzinski,2025-02-21,5000.00
"TRANSPORT WORKERS UNION OF AMERICA, AFL-CIO",Transport Workers Union of America Political Contributions Committee,Bennie Thompson,2025-02-21,5000.00
"TRANSPORT WORKERS UNION OF AMERICA, AFL-CIO",Transport Workers Union of America Political Contributions Committee,Lateefah Simon,2025-02-21,2500.00
"TRANSPORT WORKERS UNION OF AMERICA, AFL-CIO",Transport Workers Union of America Political Contributions Committee,Julie Johnson,2025-02-21,2500.00
"TRANSPORT WORKERS UNION OF AMERICA, AFL-CIO",Transport Workers Union of America Political Contributions Committee,Angie Craig,2025-02-21,2500.00
"TRANSPORT WORKERS UNION OF AMERICA, AFL-CIO",Transport Workers Union of America Political Contributions Committee,Nikki Budzinski,2025-02-21,5000.00
"TRANSPORT WORKERS UNION OF AMERICA, AFL-CIO",Transport Workers Union of America Political Contributions Committee,Bennie Thompson,2025-02-21,5000.00
"TRANSPORT WORKERS UNION OF AMERICA, AFL-CIO",Transport Workers Union of America Political Contributions Committee,TIMOTHY KENNEDY,2025-02-21,5000.00
"TRANSPORT WORKERS UNION OF AMERICA, AFL-CIO",Transport Workers Union of America Political Contributions Committee,Adam Gray,2025-02-21,2500.00
"TRANSPORT WORKERS UNION OF AMERICA, AFL-CIO",Transport Workers Union of America Political Contributions Committee,Ben Lujan,2025-03-18,2500.00
"TRANSPORT WORKERS UNION OF AMERICA, AFL-CIO",Transport Workers Union of America Political Contributions Committee,Darren Soto,2025-03-18,1000.00
"TRANSPORT WORKERS UNION OF AMERICA, AFL-CIO",Transport Workers Union of America Political Contributions Committee,Mike Quigley,2025-03-18,2500.00
"TRANSPORT WORKERS UNION OF AMERICA, AFL-CIO",Transport Workers Union of America Political Contributions Committee,John Mannion,2025-03-18,2500.00
"TRANSPORT WORKERS UNION OF AMERICA, AFL-CIO",Transport Workers Union of America Political Contributions Committee,Andrew Garbarino,2025-03-18,5000.00
"TRANSPORT WORKERS UNION OF AMERICA, AFL-CIO",Transport Workers Union of America Political Contributions Committee,Chris Deluzio,2025-03-18,2500.00
"TRANSPORT WORKERS UNION OF AMERICA, AFL-CIO",Transport Workers Union of America Political Contributions Committee,Don Bacon,2025-03-18,5000.00
"TRANSPORT WORKERS UNION OF AMERICA, AFL-CIO",Transport Workers Union of America Political Contributions Committee,Edward Markey,2025-03-18,2500.00
"TRANSPORT WORKERS UNION OF AMERICA, AFL-CIO",Transport Workers Union of America Political Contributions Committee,Melanie Stansbury,2025-03-18,2500.00
"TRANSPORT WORKERS UNION OF AMERICA, AFL-CIO",Transport Workers Union of America Political Contributions Committee,Delia Ramirez,2025-03-18,1500.00
"TRANSPORT WORKERS UNION OF AMERICA, AFL-CIO",Transport Workers Union of America Political Contributions Committee,Grace Meng,2025-03-18,2000.00
"TRANSPORT WORKERS UNION OF AMERICA, AFL-CIO",Transport Workers Union of America Political Contributions Committee,Jesus Garcia,2025-03-18,2500.00
"TRANSPORT WORKERS UNION OF AMERICA, AFL-CIO",Transport Workers Union of America Political Contributions Committee,Sarah Elfreth,2025-03-18,1000.00
"TRANSPORT WORKERS UNION OF AMERICA, AFL-CIO",Transport Workers Union of America Political Contributions Committee,Mike Bost,2025-03-18,2500.00
"TRANSPORT WORKERS UNION OF AMERICA, AFL-CIO",Transport Workers Union of America Political Contributions Committee,Julia Brownley,2025-03-18,5000.00
"TRANSPORT WORKERS UNION OF AMERICA, AFL-CIO",Transport Workers Union of America Political Contributions Committee,Emilia Sykes,2025-03-18,1500.00
"TRANSPORT WORKERS UNION OF AMERICA, AFL-CIO",Transport Workers Union of America Political Contributions Committee,Patrick Ryan,2025-03-18,2500.00
"TRANSPORT WORKERS UNION OF AMERICA, AFL-CIO",Transport Workers Union of America Political Contributions Committee,Donald Norcross,2025-03-18,5000.00
"TRANSPORT WORKERS UNION OF AMERICA, AFL-CIO",Transport Workers Union of America Political Contributions Committee,Nick LaLota,2025-03-18,5000.00
"TRANSPORT WORKERS UNION OF AMERICA, AFL-CIO",Transport Workers Union of America Political Contributions Committee,Adriano Espaillat,2025-03-18,5000.00
"TRANSPORT WORKERS UNION OF AMERICA, AFL-CIO",Transport Workers Union of America Political Contributions Committee,Julia Brownley,2025-03-18,5000.00
"TRANSPORT WORKERS UNION OF AMERICA, AFL-CIO",Transport Workers Union of America Political Contributions Committee,Lori Trahan,2025-03-18,5000.00
"TRANSPORT WORKERS UNION OF AMERICA, AFL-CIO",Transport Workers Union of America Political Contributions Committee,Mary Gay Scanlon,2025-03-18,1500.00
"TRANSPORT WORKERS UNION OF AMERICA, AFL-CIO",Transport Workers Union of America Political Contributions Committee,Mark Pocan,2025-03-18,2500.00
"TRANSPORT WORKERS UNION OF AMERICA, AFL-CIO",Transport Workers Union of America Political Contributions Committee,George Latimer,2025-03-18,2500.00
"TRANSPORT WORKERS UNION OF AMERICA, AFL-CIO",Transport Workers Union of America Political Contributions Committee,Laura Friedman,2025-03-18,2500.00
"TRANSPORT WORKERS UNION OF AMERICA, AFL-CIO",Transport Workers Union of America Political Contributions Committee,Greg Casar,2025-03-18,1000.00
"TRANSPORT WORKERS UNION OF AMERICA, AFL-CIO",Transport Workers Union of America Political Contributions Committee,Michael Turner,2025-03-18,1000.00
"TRANSPORT WORKERS UNION OF AMERICA, AFL-CIO",Transport Workers Union of America Political Contributions Committee,Hillary Scholten,2025-03-18,1500.00
"TRANSPORT WORKERS UNION OF AMERICA, AFL-CIO",Transport Workers Union of America Political Contributions Committee,NELIDA POU,2025-03-18,1500.00
"TRANSPORT WORKERS UNION OF AMERICA, AFL-CIO",Transport Workers Union of America Political Contributions Committee,Nicole Malliotakis,2025-03-18,2500.00
"TRANSPORT WORKERS UNION OF AMERICA, AFL-CIO",Transport Workers Union of America Political Contributions Committee,Maxwell Alejandro Frost,2025-03-18,2500.00
"TRANSPORT WORKERS UNION OF AMERICA, AFL-CIO",Transport Workers Union of America Political Contributions Committee,Yvette Clarke,2025-03-18,5000.00
"TRANSPORT WORKERS UNION OF AMERICA, AFL-CIO",Transport Workers Union of America Political Contributions Committee,Dem Sen Camp Cmte(DSCC)-Federal Acct,2025-03-18,45000.00
"TRANSPORT WORKERS UNION OF AMERICA, AFL-CIO",Transport Workers Union of America Political Contributions Committee,Dina Titus,2025-03-18,5000.00
"TRANSPORT WORKERS UNION OF AMERICA, AFL-CIO",Transport Workers Union of America Political Contributions Committee,Andrea Salinas,2025-03-18,1000.00
"TRANSPORT WORKERS UNION OF AMERICA, AFL-CIO",Transport Workers Union of America Political Contributions Committee,Chris Pappas,2025-03-18,5000.00
"TRANSPORT WORKERS UNION OF AMERICA, AFL-CIO",Transport Workers Union of America Political Contributions Committee,Rick Larsen,2025-03-18,5000.00
"TRANSPORT WORKERS UNION OF AMERICA, AFL-CIO",Transport Workers Union of America Political Contributions Committee,Shomari Figures,2025-03-18,1000.00
"TRANSPORT WORKERS UNION OF AMERICA, AFL-CIO",Transport Workers Union of America Political Contributions Committee,Andre Carson,2025-03-18,1000.00
"TRANSPORT WORKERS UNION OF AMERICA, AFL-CIO",Transport Workers Union of America Political Contributions Committee,Christopher Deluzio,2025-03-18,5000.00
"TRANSPORT WORKERS UNION OF AMERICA, AFL-CIO",Transport Workers Union of America Political Contributions Committee,Dem Cong Camp Cmte(DCCC)-Federal Acct,2025-03-18,45000.00
"TRANSPORT WORKERS UNION OF AMERICA, AFL-CIO",Transport Workers Union of America Political Contributions Committee,Dem Cong Camp Cmte(DCCC)-Federal Acct,2025-03-18,15000.00
"TRANSPORT WORKERS UNION OF AMERICA, AFL-CIO",Transport Workers Union of America Political Contributions Committee,Republican Italian American Committee,2025-03-18,1000.00
"TRANSPORT WORKERS UNION OF AMERICA, AFL-CIO",Transport Workers Union of America Political Contributions Committee,Dem Sen Camp Cmte(DSCC)-Federal Acct,2025-03-18,15000.00
"TRANSPORT WORKERS UNION OF AMERICA, AFL-CIO",Transport Workers Union of America Political Contributions Committee,Marc Veasey,2025-04-22,1000.00
"TRANSPORT WORKERS UNION OF AMERICA, AFL-CIO",Transport Workers Union of America Political Contributions Committee,Madeleine Dean,2025-04-22,1500.00
"TRANSPORT WORKERS UNION OF AMERICA, AFL-CIO",Transport Workers Union of America Political Contributions Committee,Kristen McDonald Rivet,2025-04-22,1500.00
"TRANSPORT WORKERS UNION OF AMERICA, AFL-CIO",Transport Workers Union of America Political Contributions Committee,Andre Carson,2025-04-22,1500.00
"TRANSPORT WORKERS UNION OF AMERICA, AFL-CIO",Transport Workers Union of America Political Contributions Committee,David Rouzer,2025-04-22,2500.00
"TRANSPORT WORKERS UNION OF AMERICA, AFL-CIO",Transport Workers Union of America Political Contributions Committee,Sharice Davids,2025-04-22,1500.00
"TRANSPORT WORKERS UNION OF AMERICA, AFL-CIO",Transport Workers Union of America Political Contributions Committee,Dwight Evans,2025-04-22,5000.00
"TRANSPORT WORKERS UNION OF AMERICA, AFL-CIO",Transport Workers Union of America Political Contributions Committee,Eleanor Holmes Norton,2025-04-22,1500.00
"TRANSPORT WORKERS UNION OF AMERICA, AFL-CIO",Transport Workers Union of America Political Contributions Committee,Rob Bresnahan,2025-04-22,2500.00
"TRANSPORT WORKERS UNION OF AMERICA, AFL-CIO",Transport Workers Union of America Political Contributions Committee,Brian Fitzpatrick,2025-04-22,5000.00
"TRANSPORT WORKERS UNION OF AMERICA, AFL-CIO",Transport Workers Union of America Political Contributions Committee,Brian Fitzpatrick,2025-04-22,5000.00
"TRANSPORT WORKERS UNION OF AMERICA, AFL-CIO",Transport Workers Union of America Political Contributions Committee,Frederica Wilson,2025-04-22,2000.00
"TRANSPORT WORKERS UNION OF AMERICA, AFL-CIO",Transport Workers Union of America Political Contributions Committee,Rosa DeLauro,2025-04-22,5000.00
"TRANSPORT WORKERS UNION OF AMERICA, AFL-CIO",Transport Workers Union of America Political Contributions Committee,Nicole Malliotakis,2025-04-22,2500.00
"TRANSPORT WORKERS UNION OF AMERICA, AFL-CIO",Transport Workers Union of America Political Contributions Committee,Rick Larsen,2025-05-29,5000.00
"TRANSPORT WORKERS UNION OF AMERICA, AFL-CIO",Transport Workers Union of America Political Contributions Committee,Brendan Boyle,2025-06-29,5000.00
"TRANSPORT WORKERS UNION OF AMERICA, AFL-CIO",Transport Workers Union of America Political Contributions Committee,Christopher Smith,2025-06-29,2500.00
"TRANSPORT WORKERS UNION OF AMERICA, AFL-CIO",Transport Workers Union of America Political Contributions Committee,Valerie Foushee,2025-06-29,1500.00
"TRANSPORT WORKERS UNION OF AMERICA, AFL-CIO",Transport Workers Union of America Political Contributions Committee,Donald Norcross,2025-06-29,5000.00
"TRANSPORT WORKERS UNION OF AMERICA, AFL-CIO",Transport Workers Union of America Political Contributions Committee,Tom Suozzi,2025-06-29,5000.00
"TRANSPORT WORKERS UNION OF AMERICA, AFL-CIO",Transport Workers Union of America Political Contributions Committee,Ted Lieu,2025-06-29,1000.00
"TRANSPORT WORKERS UNION OF AMERICA, AFL-CIO",Transport Workers Union of America Political Contributions Committee,Debbie Dingell,2025-06-29,5000.00
"TRANSPORT WORKERS UNION OF AMERICA, AFL-CIO",Transport Workers Union of America Political Contributions Committee,Sheila Cherfilus McCormick,2025-06-29,1000.00
"TRANSPORT WORKERS UNION OF AMERICA, AFL-CIO",Transport Workers Union of America Political Contributions Committee,Charles Schumer,2025-06-29,5000.00
"TRANSPORT WORKERS UNION OF AMERICA, AFL-CIO",Transport Workers Union of America Political Contributions Committee,Jill Tokuda,2025-06-29,1000.00
"TRANSPORT WORKERS UNION OF AMERICA, AFL-CIO",Transport Workers Union of America Political Contributions Committee,Maxwell Alejandro Frost,2025-06-29,2500.00
"TRANSPORT WORKERS UNION OF AMERICA, AFL-CIO",Transport Workers Union of America Political Contributions Committee,Daniel Hernandez,2025-06-29,2500.00
"TRANSPORT WORKERS UNION OF AMERICA, AFL-CIO",Transport Workers Union of America Political Contributions Committee,Nicole Malliotakis,2025-06-29,5000.00
"TRANSPORT WORKERS UNION OF AMERICA, AFL-CIO",Transport Workers Union of America Political Contributions Committee,Brad Schneider,2025-06-29,2500.00
"TRANSPORT WORKERS UNION OF AMERICA, AFL-CIO",Transport Workers Union of America Political Contributions Committee,George Latimer,2025-06-29,2500.00
"TRANSPORT WORKERS UNION OF AMERICA, AFL-CIO",Transport Workers Union of America Political Contributions Committee,Mark DeSaulnier,2025-06-29,2500.00
"TRANSPORT WORKERS UNION OF AMERICA, AFL-CIO",Transport Workers Union of America Political Contributions Committee,Andre Carson,2025-06-29,2500.00
"TRANSPORT WORKERS UNION OF AMERICA, AFL-CIO",Transport Workers Union of America Political Contributions Committee,Nikema Williams,2025-06-29,1000.00
"TRANSPORT WORKERS UNION OF AMERICA, AFL-CIO",Transport Workers Union of America Political Contributions Committee,Marcy Kaptur,2025-06-29,1500.00
"TRANSPORT WORKERS UNION OF AMERICA, AFL-CIO",Transport Workers Union of America Political Contributions Committee,Eric Sorensen,2025-06-29,2500.00
"TRANSPORT WORKERS UNION OF AMERICA, AFL-CIO",Transport Workers Union of America Political Contributions Committee,Mark Pocan,2025-06-29,5000.00
"TRANSPORT WORKERS UNION OF AMERICA, AFL-CIO",Transport Workers Union of America Political Contributions Committee,Pete Aguilar,2025-06-29,5000.00
"TRANSPORT WORKERS UNION OF AMERICA, AFL-CIO",Transport Workers Union of America Political Contributions Committee,John Mannion,2025-06-29,2500.00
"TRANSPORT WORKERS UNION OF AMERICA, AFL-CIO",Transport Workers Union of America Political Contributions Committee,Laura Friedman,2025-06-29,2500.00
"TRANSPORT WORKERS UNION OF AMERICA, AFL-CIO",Transport Workers Union of America Political Contributions Committee,Katherine Clark,2025-06-29,5000.00
"TRANSPORT WORKERS UNION OF AMERICA, AFL-CIO",Transport Workers Union of America Political Contributions Committee,Rosa DeLauro,2025-06-29,5000.00
"TRANSPORT WORKERS UNION OF AMERICA, AFL-CIO",Transport Workers Union of America Political Contributions Committee,Deborah Ross,2025-06-29,2500.00
"TRANSPORT WORKERS UNION OF AMERICA, AFL-CIO",Transport Workers Union of America Political Contributions Committee,Daniel Goldman,2025-06-29,2500.00
"TRANSPORT WORKERS UNION OF AMERICA, AFL-CIO",Transport Workers Union of America Political Contributions Committee,Chris Deluzio,2025-06-29,2500.00
"TRANSPORT WORKERS UNION OF AMERICA, AFL-CIO",Transport Workers Union of America Political Contributions Committee,Pete Aguilar,2025-06-29,5000.00
"TRANSPORT WORKERS UNION OF AMERICA, AFL-CIO",Transport Workers Union of America Political Contributions Committee,Darren Soto,2025-06-29,2000.00
"TRANSPORT WORKERS UNION OF AMERICA, AFL-CIO",Transport Workers Union of America Political Contributions Committee,Paul Tonko,2025-06-29,1500.00
"TRANSPORT WORKERS UNION OF AMERICA, AFL-CIO",Transport Workers Union of America Political Contributions Committee,Maxwell Alejandro Frost,2025-06-29,2500.00
"TRANSPORT WORKERS UNION OF AMERICA, AFL-CIO",Transport Workers Union of America Political Contributions Committee,Nick Lalota,2025-06-29,2500.00
"TRANSPORT WORKERS UNION OF AMERICA, AFL-CIO",Transport Workers Union of America Political Contributions Committee,Equality PAC,2025-06-29,5000.00
"TRANSPORT WORKERS UNION OF AMERICA, AFL-CIO",Transport Workers Union of America Political Contributions Committee,Brian Schatz,2025-06-29,5000.00
"TRANSPORT WORKERS UNION OF AMERICA, AFL-CIO",Transport Workers Union of America Political Contributions Committee,Katherine Clark,2025-06-29,5000.00
"TRANSPORT WORKERS UNION OF AMERICA, AFL-CIO",Transport Workers Union of America Political Contributions Committee,Joe Morelle,2025-06-29,5000.00
"TRANSPORT WORKERS UNION OF AMERICA, AFL-CIO",Transport Workers Union of America Political Contributions Committee,Laura Gillen,2025-06-29,2500.00
"TRANSPORT WORKERS UNION OF AMERICA, AFL-CIO",Transport Workers Union of America Political Contributions Committee,Angie Craig,2025-06-29,2500.00
"TRANSPORT WORKERS UNION OF AMERICA, AFL-CIO",Transport Workers Union of America Political Contributions Committee,Adriano Espaillat,2025-06-29,5000.00
"TRANSPORT WORKERS UNION OF AMERICA, AFL-CIO",Transport Workers Union of America Political Contributions Committee,TIMOTHY KENNEDY,2025-06-29,5000.00
"TRANSPORT WORKERS UNION OF AMERICA, AFL-CIO",Transport Workers Union of America Political Contributions Committee,Kirsten Gillibrand,2025-06-29,5000.00
"TRANSPORT WORKERS UNION OF AMERICA, AFL-CIO",Transport Workers Union of America Political Contributions Committee,Patrick Ryan,2025-06-29,2500.00
"TRANSPORT WORKERS UNION OF AMERICA, AFL-CIO",Transport Workers Union of America Political Contributions Committee,Steven Horsford,2025-06-29,5000.00
"TRANSPORT WORKERS UNION OF AMERICA, AFL-CIO",Transport Workers Union of America Political Contributions Committee,Timothy Kennedy,2025-06-29,5000.00
"TRANSPORT WORKERS UNION OF AMERICA, AFL-CIO",Transport Workers Union of America Political Contributions Committee,Joyce Beatty,2025-06-29,1000.00
"TRANSPORT WORKERS UNION OF AMERICA, AFL-CIO",Transport Workers Union of America Political Contributions Committee,Nydia Velazquez,2025-06-29,1000.00
"TRANSPORT WORKERS UNION OF AMERICA, AFL-CIO",Transport Workers Union of America Political Contributions Committee,Pramila Jayapal,2025-06-29,1500.00
"TRANSPORT WORKERS UNION OF AMERICA, AFL-CIO",Transport Workers Union of America Political Contributions Committee,Marilyn Strickland,2025-06-29,1500.00
"TRANSPORT WORKERS UNION OF AMERICA, AFL-CIO",Transport Workers Union of America Political Contributions Committee,Nick Lalota,2025-06-29,2500.00
"TRANSPORT WORKERS UNION OF AMERICA, AFL-CIO",Transport Workers Union of America Political Contributions Committee,Eric Schmitt,2025-06-29,2500.00
"TRANSPORT WORKERS UNION OF AMERICA, AFL-CIO",Transport Workers Union of America Political Contributions Committee,Frank MrVan,2025-06-29,1500.00
"TRANSPORT WORKERS UNION OF AMERICA, AFL-CIO",Transport Workers Union of America Political Contributions Committee,Brendan Boyle,2025-06-29,5000.00
"TRANSPORT WORKERS UNION OF AMERICA, AFL-CIO",Transport Workers Union of America Political Contributions Committee,Sustainable Energy and Environment Coalition PAC,2025-06-29,5000.00
COGNIZANT TECHNOLOGY SOLUTIONS U.S. CORPORATION,Cognizant Technology Solutions Corporation Political Action Committee (Cognizant PAC),Members of the NRSC,2025-02-03,5000.00
COGNIZANT TECHNOLOGY SOLUTIONS U.S. CORPORATION,Cognizant Technology Solutions Corporation Political Action Committee (Cognizant PAC),Tom Emmer,2025-02-11,5000.00
COGNIZANT TECHNOLOGY SOLUTIONS U.S. CORPORATION,Cognizant Technology Solutions Corporation Political Action Committee (Cognizant PAC),Katherine Clark,2025-02-11,2500.00
COGNIZANT TECHNOLOGY SOLUTIONS U.S. CORPORATION,Cognizant Technology Solutions Corporation Political Action Committee (Cognizant PAC),Darin LaHood,2025-02-19,2500.00
COGNIZANT TECHNOLOGY SOLUTIONS U.S. CORPORATION,Cognizant Technology Solutions Corporation Political Action Committee (Cognizant PAC),Mark Warner,2025-03-11,2000.00
COGNIZANT TECHNOLOGY SOLUTIONS U.S. CORPORATION,Cognizant Technology Solutions Corporation Political Action Committee (Cognizant PAC),Doris Matsui,2025-03-19,1000.00
COGNIZANT TECHNOLOGY SOLUTIONS U.S. CORPORATION,Cognizant Technology Solutions Corporation Political Action Committee (Cognizant PAC),Zoe Lofgren,2025-03-19,1500.00
COGNIZANT TECHNOLOGY SOLUTIONS U.S. CORPORATION,Cognizant Technology Solutions Corporation Political Action Committee (Cognizant PAC),Beth Van Duyne,2025-03-19,5000.00
COGNIZANT TECHNOLOGY SOLUTIONS U.S. CORPORATION,Cognizant Technology Solutions Corporation Political Action Committee (Cognizant PAC),Jay Obernolte,2025-03-31,2500.00
COGNIZANT TECHNOLOGY SOLUTIONS U.S. CORPORATION,Cognizant Technology Solutions Corporation Political Action Committee (Cognizant PAC),Alex Padilla,2025-06-16,1000.00
COGNIZANT TECHNOLOGY SOLUTIONS U.S. CORPORATION,Cognizant Technology Solutions Corporation Political Action Committee (Cognizant PAC),Mark Warner,2025-06-23,1000.00
COGNIZANT TECHNOLOGY SOLUTIONS U.S. CORPORATION,Cognizant Technology Solutions Corporation Political Action Committee (Cognizant PAC),Trump Vance Inaugural Committee,2025-01-22,50000.00
COGNIZANT TECHNOLOGY SOLUTIONS U.S. CORPORATION,Cognizant Technology Solutions Corporation Political Action Committee (Cognizant PAC),Members of the NRSC,2025-02-03,5000.00
COGNIZANT TECHNOLOGY SOLUTIONS U.S. CORPORATION,Cognizant Technology Solutions Corporation Political Action Committee (Cognizant PAC),Tom Emmer,2025-02-11,5000.00
COGNIZANT TECHNOLOGY SOLUTIONS U.S. CORPORATION,Cognizant Technology Solutions Corporation Political Action Committee (Cognizant PAC),Katherine Clark,2025-02-11,2500.00
COGNIZANT TECHNOLOGY SOLUTIONS U.S. CORPORATION,Cognizant Technology Solutions Corporation Political Action Committee (Cognizant PAC),Darin LaHood,2025-02-19,2500.00
COGNIZANT TECHNOLOGY SOLUTIONS U.S. CORPORATION,Cognizant Technology Solutions Corporation Political Action Committee (Cognizant PAC),Mark Warner,2025-03-11,2000.00
COGNIZANT TECHNOLOGY SOLUTIONS U.S. CORPORATION,Cognizant Technology Solutions Corporation Political Action Committee (Cognizant PAC),Doris Matsui,2025-03-19,1000.00
COGNIZANT TECHNOLOGY SOLUTIONS U.S. CORPORATION,Cognizant Technology Solutions Corporation Political Action Committee (Cognizant PAC),Zoe Lofgren,2025-03-19,1500.00
COGNIZANT TECHNOLOGY SOLUTIONS U.S. CORPORATION,Cognizant Technology Solutions Corporation Political Action Committee (Cognizant PAC),Beth Van Duyne,2025-03-19,5000.00
COGNIZANT TECHNOLOGY SOLUTIONS U.S. CORPORATION,Cognizant Technology Solutions Corporation Political Action Committee (Cognizant PAC),Jay Obernolte,2025-03-31,2500.00
COGNIZANT TECHNOLOGY SOLUTIONS U.S. CORPORATION,Cognizant Technology Solutions Corporation Political Action Committee (Cognizant PAC),Alex Padilla,2025-06-16,1000.00
COGNIZANT TECHNOLOGY SOLUTIONS U.S. CORPORATION,Cognizant Technology Solutions Corporation Political Action Committee (Cognizant PAC),Mark Warner,2025-06-23,1000.00
COGNIZANT TECHNOLOGY SOLUTIONS U.S. CORPORATION,Cognizant Technology Solutions Corporation Political Action Committee (Cognizant PAC),Trump Vance Inaugural Committee,2025-01-22,50000.00
COGNIZANT TECHNOLOGY SOLUTIONS U.S. CORPORATION,Cognizant Technology Solutions Corporation Political Action Committee (Cognizant PAC),Members of the NRSC,2025-02-03,5000.00
COGNIZANT TECHNOLOGY SOLUTIONS U.S. CORPORATION,Cognizant Technology Solutions Corporation Political Action Committee (Cognizant PAC),Tom Emmer,2025-02-11,5000.00
COGNIZANT TECHNOLOGY SOLUTIONS U.S. CORPORATION,Cognizant Technology Solutions Corporation Political Action Committee (Cognizant PAC),Katherine Clark,2025-02-11,2500.00
COGNIZANT TECHNOLOGY SOLUTIONS U.S. CORPORATION,Cognizant Technology Solutions Corporation Political Action Committee (Cognizant PAC),Darin LaHood,2025-02-19,2500.00
COGNIZANT TECHNOLOGY SOLUTIONS U.S. CORPORATION,Cognizant Technology Solutions Corporation Political Action Committee (Cognizant PAC),Mark Warner,2025-03-11,2000.00
COGNIZANT TECHNOLOGY SOLUTIONS U.S. CORPORATION,Cognizant Technology Solutions Corporation Political Action Committee (Cognizant PAC),Doris Matsui,2025-03-19,1000.00
COGNIZANT TECHNOLOGY SOLUTIONS U.S. CORPORATION,Cognizant Technology Solutions Corporation Political Action Committee (Cognizant PAC),Zoe Lofgren,2025-03-19,1500.00
COGNIZANT TECHNOLOGY SOLUTIONS U.S. CORPORATION,Cognizant Technology Solutions Corporation Political Action Committee (Cognizant PAC),Beth Van Duyne,2025-03-19,5000.00
COGNIZANT TECHNOLOGY SOLUTIONS U.S. CORPORATION,Cognizant Technology Solutions Corporation Political Action Committee (Cognizant PAC),Jay Obernolte,2025-03-31,2500.00
COGNIZANT TECHNOLOGY SOLUTIONS U.S. CORPORATION,Cognizant Technology Solutions Corporation Political Action Committee (Cognizant PAC),Alex Padilla,2025-06-16,1000.00
COGNIZANT TECHNOLOGY SOLUTIONS U.S. CORPORATION,Cognizant Technology Solutions Corporation Political Action Committee (Cognizant PAC),Mark Warner,2025-06-23,1000.00
COGNIZANT TECHNOLOGY SOLUTIONS U.S. CORPORATION,Cognizant Technology Solutions Corporation Political Action Committee (Cognizant PAC),Trump Vance Inaugural Committee,2025-01-22,50000.00
COGNIZANT TECHNOLOGY SOLUTIONS U.S. CORPORATION,Cognizant Technology Solutions Corporation Political Action Committee (Cognizant PAC),Members of the NRSC,2025-02-03,5000.00
COGNIZANT TECHNOLOGY SOLUTIONS U.S. CORPORATION,Cognizant Technology Solutions Corporation Political Action Committee (Cognizant PAC),Tom Emmer,2025-02-11,5000.00
COGNIZANT TECHNOLOGY SOLUTIONS U.S. CORPORATION,Cognizant Technology Solutions Corporation Political Action Committee (Cognizant PAC),Katherine Clark,2025-02-11,2500.00
COGNIZANT TECHNOLOGY SOLUTIONS U.S. CORPORATION,Cognizant Technology Solutions Corporation Political Action Committee (Cognizant PAC),Darin LaHood,2025-02-19,2500.00
COGNIZANT TECHNOLOGY SOLUTIONS U.S. CORPORATION,Cognizant Technology Solutions Corporation Political Action Committee (Cognizant PAC),Mark Warner,2025-03-11,2000.00
COGNIZANT TECHNOLOGY SOLUTIONS U.S. CORPORATION,Cognizant Technology Solutions Corporation Political Action Committee (Cognizant PAC),Doris Matsui,2025-03-19,1000.00
COGNIZANT TECHNOLOGY SOLUTIONS U.S. CORPORATION,Cognizant Technology Solutions Corporation Political Action Committee (Cognizant PAC),Zoe Lofgren,2025-03-19,1500.00
COGNIZANT TECHNOLOGY SOLUTIONS U.S. CORPORATION,Cognizant Technology Solutions Corporation Political Action Committee (Cognizant PAC),Beth Van Duyne,2025-03-19,5000.00
COGNIZANT TECHNOLOGY SOLUTIONS U.S. CORPORATION,Cognizant Technology Solutions Corporation Political Action Committee (Cognizant PAC),Jay Obernolte,2025-03-31,2500.00
COGNIZANT TECHNOLOGY SOLUTIONS U.S. CORPORATION,Cognizant Technology Solutions Corporation Political Action Committee (Cognizant PAC),Alex Padilla,2025-06-16,1000.00
COGNIZANT TECHNOLOGY SOLUTIONS U.S. CORPORATION,Cognizant Technology Solutions Corporation Political Action Committee (Cognizant PAC),Mark Warner,2025-06-23,1000.00
COGNIZANT TECHNOLOGY SOLUTIONS U.S. CORPORATION,Cognizant Technology Solutions Corporation Political Action Committee (Cognizant PAC),Trump Vance Inaugural Committee,2025-01-22,50000.00
"LEIDOS, INC.",Leidos Inc. Political Action Committee,Rep. Andrew Garbarino,2025-02-18,2500.00
"LEIDOS, INC.",Leidos Inc. Political Action Committee,Rep. Sam Graves,2025-02-18,2500.00
"LEIDOS, INC.",Leidos Inc. Political Action Committee,Rep. Michael Guest,2025-02-18,1000.00
"LEIDOS, INC.",Leidos Inc. Political Action Committee,Rep. Ashley Hinson,2025-02-18,3000.00
"LEIDOS, INC.",Leidos Inc. Political Action Committee,Rep. Trent Kelly,2025-02-18,1000.00
"LEIDOS, INC.",Leidos Inc. Political Action Committee,Rep. David Kustoff,2025-02-18,3000.00
"LEIDOS, INC.",Leidos Inc. Political Action Committee,Democratic Senatorial Campaign Committee,2025-01-29,15000.00
"LEIDOS, INC.",Leidos Inc. Political Action Committee,National Republican Senatorial Committee,2025-01-29,15000.00
"LEIDOS, INC.",Leidos Inc. Political Action Committee,Democratic Senatorial Campaign Committee,2025-01-30,15000.00
"LEIDOS, INC.",Leidos Inc. Political Action Committee,National Republican Senatorial Committee,2025-01-30,15000.00
"LEIDOS, INC.",Leidos Inc. Political Action Committee,Rep. Wesley Bell,2025-02-18,1000.00
"LEIDOS, INC.",Leidos Inc. Political Action Committee,Rep. Juan Ciscomani,2025-02-18,1000.00
"LEIDOS, INC.",Leidos Inc. Political Action Committee,Rep. Steve Cohen,2025-02-18,1000.00
"LEIDOS, INC.",Leidos Inc. Political Action Committee,Rep. Tom Cole,2025-02-18,2500.00
"LEIDOS, INC.",Leidos Inc. Political Action Committee,Rep. Herb Conaway,2025-02-18,1000.00
"LEIDOS, INC.",Leidos Inc. Political Action Committee,Rep. Julia Letlow,2025-02-18,1000.00
"LEIDOS, INC.",Leidos Inc. Political Action Committee,Rep. Seth Magaziner,2025-02-18,1000.00
"LEIDOS, INC.",Leidos Inc. Political Action Committee,Rep. Jennifer McClellan,2025-02-18,1000.00
"LEIDOS, INC.",Leidos Inc. Political Action Committee,Rep. Carol Miller,2025-02-18,3000.00
"LEIDOS, INC.",Leidos Inc. Political Action Committee,Rep. Dan Newhouse,2025-02-18,1000.00
"LEIDOS, INC.",Leidos Inc. Political Action Committee,Rep. David Rouzer,2025-02-18,1000.00
"LEIDOS, INC.",Leidos Inc. Political Action Committee,Rep. Dale Strong,2025-02-18,1000.00
"LEIDOS, INC.",Leidos Inc. Political Action Committee,Rep. Norma Torres,2025-02-18,1000.00
"LEIDOS, INC.",Leidos Inc. Political Action Committee,Rep. David Valadao,2025-02-18,2500.00
"LEIDOS, INC.",Leidos Inc. Political Action Committee,Rep. Rob Wittman,2025-02-18,5000.00
"LEIDOS, INC.",Leidos Inc. Political Action Committee,Rep. Jim Clyburn,2025-02-18,2500.00
"LEIDOS, INC.",Leidos Inc. Political Action Committee,Sen. Lisa Murkowski,2025-02-18,1000.00
"LEIDOS, INC.",Leidos Inc. Political Action Committee,Sen. Brian Shatz,2025-02-18,1000.00
"LEIDOS, INC.",Leidos Inc. Political Action Committee,Sen. Roger Wicker,2025-02-18,5000.00
"LEIDOS, INC.",Leidos Inc. Political Action Committee,Rep. Robert Aderholt,2025-03-10,1000.00
"LEIDOS, INC.",Leidos Inc. Political Action Committee,Rep. Jack Bergman,2025-03-10,1500.00
"LEIDOS, INC.",Leidos Inc. Political Action Committee,Rep. Stephanie Bice,2025-03-10,1000.00
"LEIDOS, INC.",Leidos Inc. Political Action Committee,Rep. Mike Bost,2025-03-10,1000.00
"LEIDOS, INC.",Leidos Inc. Political Action Committee,Rep. Mike Carey,2025-03-10,1000.00
"LEIDOS, INC.",Leidos Inc. Political Action Committee,Rep. Joe Courtney,2025-03-10,1000.00
"LEIDOS, INC.",Leidos Inc. Political Action Committee,Rep. Jeff Crank,2025-03-10,2500.00
"LEIDOS, INC.",Leidos Inc. Political Action Committee,Rep. Rosa DeLauro,2025-03-10,2500.00
"LEIDOS, INC.",Leidos Inc. Political Action Committee,Rep. Sarah Elfreth,2025-03-10,1000.00
"LEIDOS, INC.",Leidos Inc. Political Action Committee,Rep. Chuck Fleischmann,2025-03-10,1000.00
"LEIDOS, INC.",Leidos Inc. Political Action Committee,Rep. David Joyce,2025-03-10,1000.00
"LEIDOS, INC.",Leidos Inc. Political Action Committee,Rep. Marcy Kaptur,2025-03-10,1000.00
"LEIDOS, INC.",Leidos Inc. Political Action Committee,Rep. Susie Lee,2025-03-10,4000.00
"LEIDOS, INC.",Leidos Inc. Political Action Committee,Rep. Julia Letlow,2025-03-10,3500.00
"LEIDOS, INC.",Leidos Inc. Political Action Committee,Sen. David McCormick,2025-03-10,1500.00
"LEIDOS, INC.",Leidos Inc. Political Action Committee,Rep. Troy Nehls,2025-03-10,1000.00
"LEIDOS, INC.",Leidos Inc. Political Action Committee,Rep. Jimmy Panetta,2025-03-10,1000.00
"LEIDOS, INC.",Leidos Inc. Political Action Committee,Rep. John Rutherford,2025-03-10,5000.00
"LEIDOS, INC.",Leidos Inc. Political Action Committee,Rep. Dale Strong,2025-03-10,1000.00
"LEIDOS, INC.",Leidos Inc. Political Action Committee,Rep. Beth Van Duyne,2025-03-10,1000.00
"LEIDOS, INC.",Leidos Inc. Political Action Committee,Sen. Bill Cassidy,2025-03-10,1000.00
"LEIDOS, INC.",Leidos Inc. Political Action Committee,Sen. Tim Kaine,2025-03-10,2500.00
"LEIDOS, INC.",Leidos Inc. Political Action Committee,Rep. John Rutherford,2025-03-10,5000.00
"LEIDOS, INC.",Leidos Inc. Political Action Committee,Democratic Congressional Campaign Committee,2025-03-10,15000.00
"LEIDOS, INC.",Leidos Inc. Political Action Committee,National Republican Congressional Committee,2025-03-10,15000.00
"LEIDOS, INC.",Leidos Inc. Political Action Committee,Rep. John McGuire,2025-03-14,1000.00
"LEIDOS, INC.",Leidos Inc. Political Action Committee,Rep. Steve Womack,2025-03-14,1000.00
"LEIDOS, INC.",Leidos Inc. Political Action Committee,Rep. John Boozman,2025-03-24,1000.00
"LEIDOS, INC.",Leidos Inc. Political Action Committee,Rep. Gabe Amo,2025-03-24,1000.00
"LEIDOS, INC.",Leidos Inc. Political Action Committee,Rep. Nicholas Begich,2025-03-24,1000.00
"LEIDOS, INC.",Leidos Inc. Political Action Committee,Rep. Don Beyer,2025-03-24,1000.00
"LEIDOS, INC.",Leidos Inc. Political Action Committee,Rep. Ken Calvert,2025-03-24,2500.00
"LEIDOS, INC.",Leidos Inc. Political Action Committee,Sen. Shelley Moore Capito,2025-03-24,1000.00
"LEIDOS, INC.",Leidos Inc. Political Action Committee,Rep. Ben Cline,2025-03-24,1000.00
"LEIDOS, INC.",Leidos Inc. Political Action Committee,Rep. Madeleine Dean,2025-03-24,1000.00
"LEIDOS, INC.",Leidos Inc. Political Action Committee,Rep. Jake Ellzey,2025-03-24,1000.00
"LEIDOS, INC.",Leidos Inc. Political Action Committee,Rep. Mike Ezell,2025-03-24,1000.00
"LEIDOS, INC.",Leidos Inc. Political Action Committee,Sen. Cindy Hyde-Smith,2025-03-24,2500.00
"LEIDOS, INC.",Leidos Inc. Political Action Committee,Rep. Glenn F. Ivey,2025-03-24,1000.00
"LEIDOS, INC.",Leidos Inc. Political Action Committee,Rep. Chellie Pingree,2025-03-24,1000.00
"LEIDOS, INC.",Leidos Inc. Political Action Committee,Rep. Mike Simpson,2025-03-24,1000.00
"LEIDOS, INC.",Leidos Inc. Political Action Committee,Rep. Marilyn Strickland,2025-03-24,1000.00
"LEIDOS, INC.",Leidos Inc. Political Action Committee,Rep. Dale Strong,2025-03-24,1000.00
"LEIDOS, INC.",Leidos Inc. Political Action Committee,Rep. Eugene Vindman,2025-03-24,1000.00
"LEIDOS, INC.",Leidos Inc. Political Action Committee,Rep. Debbie Wasserman Schultz,2025-03-24,1000.00
"LEIDOS, INC.",Leidos Inc. Political Action Committee,Rep. Julia Brownley,2025-03-25,1000.00
"LEIDOS, INC.",Leidos Inc. Political Action Committee,Rep. Nikki Budzinski,2025-03-25,1000.00
"LEIDOS, INC.",Leidos Inc. Political Action Committee,Rep. Gilbert Cisneros,2025-03-25,1000.00
"LEIDOS, INC.",Leidos Inc. Political Action Committee,Rep. Jim Clyburn,2025-03-25,1000.00
"LEIDOS, INC.",Leidos Inc. Political Action Committee,Rep. Rich McCormick,2025-03-25,1500.00
"LEIDOS, INC.",Leidos Inc. Political Action Committee,Sen. David McCormick,2025-04-01,-1500.00
"LEIDOS, INC.",Leidos Inc. Political Action Committee,Rep. Mark Amodei,2025-05-13,1000.00
"LEIDOS, INC.",Leidos Inc. Political Action Committee,Sen. Shelley Moore Capito,2025-05-13,4000.00
"LEIDOS, INC.",Leidos Inc. Political Action Committee,Rep. Mike Carey,2025-05-13,1000.00
"LEIDOS, INC.",Leidos Inc. Political Action Committee,Rep. Buddy Carter,2025-05-13,2000.00
"LEIDOS, INC.",Leidos Inc. Political Action Committee,Rep. Rosa DeLauro,2025-05-13,1500.00
"LEIDOS, INC.",Leidos Inc. Political Action Committee,Sen. Cindy Hyde-Smith,2025-05-13,1000.00
"LEIDOS, INC.",Leidos Inc. Political Action Committee,Rep. Steve Womack,2025-05-14,5000.00
"LEIDOS, INC.",Leidos Inc. Political Action Committee,Rep. Nicole Malliotakis,2025-05-13,1000.00
"LEIDOS, INC.",Leidos Inc. Political Action Committee,Rep. Joe Morelle,2025-05-13,1000.00
"LEIDOS, INC.",Leidos Inc. Political Action Committee,Rep. Dan Newhouse,2025-05-13,2500.00
"LEIDOS, INC.",Leidos Inc. Political Action Committee,Rep. Bob Onder,2025-05-13,1000.00
"LEIDOS, INC.",Leidos Inc. Political Action Committee,Rep. Chellie Pingree,2025-05-13,1000.00
"LEIDOS, INC.",Leidos Inc. Political Action Committee,Rep. Guy Reschenthaler,2025-05-13,1000.00
"LEIDOS, INC.",Leidos Inc. Political Action Committee,Rep. Dale Strong,2025-05-13,1000.00
"LEIDOS, INC.",Leidos Inc. Political Action Committee,Rep. David Valadao,2025-05-13,2500.00
"LEIDOS, INC.",Leidos Inc. Political Action Committee,Sen. Mark Warner,2025-05-13,5000.00
"LEIDOS, INC.",Leidos Inc. Political Action Committee,Rep. Rudy Yakym,2025-05-13,1000.00
"LEIDOS, INC.",Leidos Inc. Political Action Committee,Sen. Shelley Moore Capito,2025-05-13,5000.00
"LEIDOS, INC.",Leidos Inc. Political Action Committee,Sen. Bill Cassidy,2025-05-13,1000.00
"LEIDOS, INC.",Leidos Inc. Political Action Committee,Sen. Ted Cruz,2025-05-13,2500.00
"LEIDOS, INC.",Leidos Inc. Political Action Committee,Rep. Brian Babin,2025-05-14,1000.00
"LEIDOS, INC.",Leidos Inc. Political Action Committee,Rep. Don Davis,2025-05-14,1000.00
"LEIDOS, INC.",Leidos Inc. Political Action Committee,Rep. Sarah Elfreth,2025-05-14,2500.00
"LEIDOS, INC.",Leidos Inc. Political Action Committee,Rep. Morgan McGarvey,2025-05-14,1000.00
"LEIDOS, INC.",Leidos Inc. Political Action Committee,Rep. Troy Nehls,2025-05-14,1000.00
"LEIDOS, INC.",Leidos Inc. Political Action Committee,Rep. Hal Rogers,2025-05-14,2500.00
"LEIDOS, INC.",Leidos Inc. Political Action Committee,Rep. Emilia Sykes,2025-05-14,1000.00
"LEIDOS, INC.",Leidos Inc. Political Action Committee,Rep. Mark Takano,2025-05-14,2500.00
"LEIDOS, INC.",Leidos Inc. Political Action Committee,Rep. Steve Womack,2025-05-14,4000.00
"LEIDOS, INC.",Leidos Inc. Political Action Committee,Rep. Jim Clyburn,2025-05-14,2500.00
"LEIDOS, INC.",Leidos Inc. Political Action Committee,Sen. Tim Kaine,2025-05-14,2500.00
"LEIDOS, INC.",Leidos Inc. Political Action Committee,Rep. Rosa DeLauro,2025-06-23,500.00
"LEIDOS, INC.",Leidos Inc. Political Action Committee,Rep. David Valadao,2025-06-23,1000.00
"LEIDOS, INC.",Leidos Inc. Political Action Committee,Rep. Robert Aderholt,2025-06-23,1000.00
"LEIDOS, INC.",Leidos Inc. Political Action Committee,Rep. Pete Aguilar,2025-06-23,1000.00
"LEIDOS, INC.",Leidos Inc. Political Action Committee,Rep. Pete Aguilar,2025-06-23,1000.00
"LEIDOS, INC.",Leidos Inc. Political Action Committee,Rep. Wesley Bell,2025-06-23,1000.00
"LEIDOS, INC.",Leidos Inc. Political Action Committee,Rep. Stephanie Bice,2025-06-23,1000.00
"LEIDOS, INC.",Leidos Inc. Political Action Committee,Rep. Troy Carter,2025-06-23,1000.00
"LEIDOS, INC.",Leidos Inc. Political Action Committee,Rep. Ed Case,2025-06-23,1000.00
"LEIDOS, INC.",Leidos Inc. Political Action Committee,Rep. Ed Case,2025-06-23,1000.00
"LEIDOS, INC.",Leidos Inc. Political Action Committee,Rep. Jim Clyburn,2025-06-23,1000.00
"LEIDOS, INC.",Leidos Inc. Political Action Committee,Rep. Steve Cohen,2025-06-23,1500.00
"LEIDOS, INC.",Leidos Inc. Political Action Committee,Rep. Tom Cole,2025-06-23,1000.00
"LEIDOS, INC.",Leidos Inc. Political Action Committee,Sen. Chris Coons,2025-06-23,1000.00
"LEIDOS, INC.",Leidos Inc. Political Action Committee,Rep. Rosa DeLauro,2025-06-23,1000.00
"LEIDOS, INC.",Leidos Inc. Political Action Committee,Rep. Ron Estes,2025-06-23,1000.00
"LEIDOS, INC.",Leidos Inc. Political Action Committee,Rep. Ashley Hinson,2025-06-23,2000.00
"LEIDOS, INC.",Leidos Inc. Political Action Committee,Rep. Chrissy Houlahan,2025-06-23,1000.00
"LEIDOS, INC.",Leidos Inc. Political Action Committee,Rep. Marcy Kaptur,2025-06-23,2500.00
"LEIDOS, INC.",Leidos Inc. Political Action Committee,Rep. Trent Kelly,2025-06-23,2500.00
"LEIDOS, INC.",Leidos Inc. Political Action Committee,Rep. Jen Kiggans,2025-06-23,1000.00
"LEIDOS, INC.",Leidos Inc. Political Action Committee,Rep. Jennifer McClellan,2025-06-23,2500.00
"LEIDOS, INC.",Leidos Inc. Political Action Committee,Rep. Kristen McDonald Rivet,2025-06-23,1000.00
"LEIDOS, INC.",Leidos Inc. Political Action Committee,Rep. John Moolenaar,2025-06-23,1000.00
"LEIDOS, INC.",Leidos Inc. Political Action Committee,Rep. Riley Moore,2025-06-23,1000.00
"LEIDOS, INC.",Leidos Inc. Political Action Committee,Rep. Troy Nehls,2025-06-23,3000.00
"LEIDOS, INC.",Leidos Inc. Political Action Committee,Rep. Nellie Pou,2025-06-23,1000.00
"LEIDOS, INC.",Leidos Inc. Political Action Committee,Rep. Mike Quigley,2025-06-23,2500.00
"LEIDOS, INC.",Leidos Inc. Political Action Committee,Sen. Jack Reed,2025-06-23,1000.00
"LEIDOS, INC.",Leidos Inc. Political Action Committee,Sen. Mike Rounds,2025-06-23,2000.00
"LEIDOS, INC.",Leidos Inc. Political Action Committee,Rep. Dina Titus,2025-06-23,1000.00
"LEIDOS, INC.",Leidos Inc. Political Action Committee,Rep. Mike Turner,2025-06-23,1000.00
"LEIDOS, INC.",Leidos Inc. Political Action Committee,Rep. Ken Calvert,2025-06-23,5000.00
"LEIDOS, INC.",Leidos Inc. Political Action Committee,Rep. Buddy Carter,2025-06-23,2000.00
"LEIDOS, INC.",Leidos Inc. Political Action Committee,Rep. Rick Larson,2025-06-23,2500.00
"LEIDOS, INC.",Leidos Inc. Political Action Committee,Rep. Troy Nehls,2025-06-23,1000.00
"LEIDOS, INC.",Leidos Inc. Political Action Committee,Rep. Ashley Hinson,2025-06-24,1500.00
"LEIDOS, INC.",Leidos Inc. Political Action Committee,Rep. Mark Amodei,2025-06-24,1000.00
"LEIDOS, INC.",Leidos Inc. Political Action Committee,Rep. Don Beyer,2025-06-24,1000.00
"LEIDOS, INC.",Leidos Inc. Political Action Committee,Rep. Stephanie Bice,2025-06-24,1000.00
"LEIDOS, INC.",Leidos Inc. Political Action Committee,Rep. Mike Bost,2025-06-24,1000.00
"LEIDOS, INC.",Leidos Inc. Political Action Committee,Rep. Mike Carey,2025-06-24,1000.00
"LEIDOS, INC.",Leidos Inc. Political Action Committee,Rep. Joe Courtney,2025-06-24,1000.00
"LEIDOS, INC.",Leidos Inc. Political Action Committee,Rep. Jeff Crank,2025-06-24,1000.00
"LEIDOS, INC.",Leidos Inc. Political Action Committee,Rep. Rick Crawford,2025-06-24,1000.00
"LEIDOS, INC.",Leidos Inc. Political Action Committee,Rep. Suzan DelBene,2025-06-24,1500.00
"LEIDOS, INC.",Leidos Inc. Political Action Committee,Rep. Sarah Elfreth,2025-06-24,1000.00
"LEIDOS, INC.",Leidos Inc. Political Action Committee,Rep. Veronica Escobar,2025-06-24,1000.00
"LEIDOS, INC.",Leidos Inc. Political Action Committee,Rep. Sam Graves,2025-06-24,2500.00
"LEIDOS, INC.",Leidos Inc. Political Action Committee,Rep. Michael Guest,2025-06-24,2500.00
"LEIDOS, INC.",Leidos Inc. Political Action Committee,Rep. Brett Guthrie,2025-06-24,1000.00
"LEIDOS, INC.",Leidos Inc. Political Action Committee,Rep. Abraham Hamadeh,2025-06-24,1000.00
"LEIDOS, INC.",Leidos Inc. Political Action Committee,Rep. Chrissy Houlahan,2025-06-24,1000.00
"LEIDOS, INC.",Leidos Inc. Political Action Committee,Sen. Cindy Hyde-Smith,2025-06-24,1500.00
"LEIDOS, INC.",Leidos Inc. Political Action Committee,Rep. David Joyce,2025-06-24,1000.00
"LEIDOS, INC.",Leidos Inc. Political Action Committee,Rep. Trent Kelly,2025-06-24,1500.00
"LEIDOS, INC.",Leidos Inc. Political Action Committee,Rep. Nick LaLota,2025-06-24,1000.00
"LEIDOS, INC.",Leidos Inc. Political Action Committee,Rep. Kristen McDonald Rivet,2025-06-24,1000.00
"LEIDOS, INC.",Leidos Inc. Political Action Committee,Rep. Gregory Meeks,2025-06-24,1000.00
"LEIDOS, INC.",Leidos Inc. Political Action Committee,Rep. Grace Meng,2025-06-24,1000.00
"LEIDOS, INC.",Leidos Inc. Political Action Committee,Rep. Carol Miller,2025-06-24,1000.00
"LEIDOS, INC.",Leidos Inc. Political Action Committee,Rep. Joe Morelle,2025-06-24,1000.00
"LEIDOS, INC.",Leidos Inc. Political Action Committee,Rep. Seth Moulton,2025-06-24,1500.00
"LEIDOS, INC.",Leidos Inc. Political Action Committee,Rep. Donald Norcross,2025-06-24,1000.00
"LEIDOS, INC.",Leidos Inc. Political Action Committee,Rep. Derek Schmidt,2025-06-24,1000.00
"LEIDOS, INC.",Leidos Inc. Political Action Committee,Rep. Bennie Thompson,2025-06-24,1500.00
"LEIDOS, INC.",Leidos Inc. Political Action Committee,Rep. Dina Titus,2025-06-24,1000.00
"LEIDOS, INC.",Leidos Inc. Political Action Committee,Rep. Joe Wilson,2025-06-24,1000.00
"LEIDOS, INC.",Leidos Inc. Political Action Committee,Rep. Rudy Yakym,2025-06-24,1000.00
"LEIDOS, INC.",Leidos Inc. Political Action Committee,Sen. Chris Coons,2025-06-24,5000.00
"LEIDOS, INC.",Leidos Inc. Political Action Committee,Rep. Mario Diaz-Balart,2025-06-24,5000.00
"LEIDOS, INC.",Leidos Inc. Political Action Committee,Rep. Troy Nehls,2025-06-24,1000.00
"LEIDOS, INC.",Leidos Inc. Political Action Committee,Rep. Andrew Garbarino,2025-02-18,2500.00
"LEIDOS, INC.",Leidos Inc. Political Action Committee,Rep. Sam Graves,2025-02-18,2500.00
"LEIDOS, INC.",Leidos Inc. Political Action Committee,Rep. Michael Guest,2025-02-18,1000.00
"LEIDOS, INC.",Leidos Inc. Political Action Committee,Rep. Ashley Hinson,2025-02-18,3000.00
"LEIDOS, INC.",Leidos Inc. Political Action Committee,Rep. Trent Kelly,2025-02-18,1000.00
"LEIDOS, INC.",Leidos Inc. Political Action Committee,Rep. David Kustoff,2025-02-18,3000.00
"LEIDOS, INC.",Leidos Inc. Political Action Committee,Democratic Senatorial Campaign Committee,2025-01-29,15000.00
"LEIDOS, INC.",Leidos Inc. Political Action Committee,National Republican Senatorial Committee,2025-01-29,15000.00
"LEIDOS, INC.",Leidos Inc. Political Action Committee,Democratic Senatorial Campaign Committee,2025-01-30,15000.00
"LEIDOS, INC.",Leidos Inc. Political Action Committee,National Republican Senatorial Committee,2025-01-30,15000.00
"LEIDOS, INC.",Leidos Inc. Political Action Committee,Rep. Wesley Bell,2025-02-18,1000.00
"LEIDOS, INC.",Leidos Inc. Political Action Committee,Rep. Juan Ciscomani,2025-02-18,1000.00
"LEIDOS, INC.",Leidos Inc. Political Action Committee,Rep. Steve Cohen,2025-02-18,1000.00
"LEIDOS, INC.",Leidos Inc. Political Action Committee,Rep. Tom Cole,2025-02-18,2500.00
"LEIDOS, INC.",Leidos Inc. Political Action Committee,Rep. Herb Conaway,2025-02-18,1000.00
"LEIDOS, INC.",Leidos Inc. Political Action Committee,Rep. Julia Letlow,2025-02-18,1000.00
"LEIDOS, INC.",Leidos Inc. Political Action Committee,Rep. Seth Magaziner,2025-02-18,1000.00
"LEIDOS, INC.",Leidos Inc. Political Action Committee,Rep. Jennifer McClellan,2025-02-18,1000.00
"LEIDOS, INC.",Leidos Inc. Political Action Committee,Rep. Carol Miller,2025-02-18,3000.00
"LEIDOS, INC.",Leidos Inc. Political Action Committee,Rep. Dan Newhouse,2025-02-18,1000.00
"LEIDOS, INC.",Leidos Inc. Political Action Committee,Rep. David Rouzer,2025-02-18,1000.00
"LEIDOS, INC.",Leidos Inc. Political Action Committee,Rep. Dale Strong,2025-02-18,1000.00
"LEIDOS, INC.",Leidos Inc. Political Action Committee,Rep. Norma Torres,2025-02-18,1000.00
"LEIDOS, INC.",Leidos Inc. Political Action Committee,Rep. David Valadao,2025-02-18,2500.00
"LEIDOS, INC.",Leidos Inc. Political Action Committee,Rep. Rob Wittman,2025-02-18,5000.00
"LEIDOS, INC.",Leidos Inc. Political Action Committee,Rep. Jim Clyburn,2025-02-18,2500.00
"LEIDOS, INC.",Leidos Inc. Political Action Committee,Sen. Lisa Murkowski,2025-02-18,1000.00
"LEIDOS, INC.",Leidos Inc. Political Action Committee,Sen. Brian Shatz,2025-02-18,1000.00
"LEIDOS, INC.",Leidos Inc. Political Action Committee,Sen. Roger Wicker,2025-02-18,5000.00
"LEIDOS, INC.",Leidos Inc. Political Action Committee,Rep. Robert Aderholt,2025-03-10,1000.00
"LEIDOS, INC.",Leidos Inc. Political Action Committee,Rep. Jack Bergman,2025-03-10,1500.00
"LEIDOS, INC.",Leidos Inc. Political Action Committee,Rep. Stephanie Bice,2025-03-10,1000.00
"LEIDOS, INC.",Leidos Inc. Political Action Committee,Rep. Mike Bost,2025-03-10,1000.00
"LEIDOS, INC.",Leidos Inc. Political Action Committee,Rep. Mike Carey,2025-03-10,1000.00
"LEIDOS, INC.",Leidos Inc. Political Action Committee,Rep. Joe Courtney,2025-03-10,1000.00
"LEIDOS, INC.",Leidos Inc. Political Action Committee,Rep. Jeff Crank,2025-03-10,2500.00
"LEIDOS, INC.",Leidos Inc. Political Action Committee,Rep. Rosa DeLauro,2025-03-10,2500.00
"LEIDOS, INC.",Leidos Inc. Political Action Committee,Rep. Sarah Elfreth,2025-03-10,1000.00
"LEIDOS, INC.",Leidos Inc. Political Action Committee,Rep. Chuck Fleischmann,2025-03-10,1000.00
"LEIDOS, INC.",Leidos Inc. Political Action Committee,Rep. David Joyce,2025-03-10,1000.00
"LEIDOS, INC.",Leidos Inc. Political Action Committee,Rep. Marcy Kaptur,2025-03-10,1000.00
"LEIDOS, INC.",Leidos Inc. Political Action Committee,Rep. Susie Lee,2025-03-10,4000.00
"LEIDOS, INC.",Leidos Inc. Political Action Committee,Rep. Julia Letlow,2025-03-10,3500.00
"LEIDOS, INC.",Leidos Inc. Political Action Committee,Sen. David McCormick,2025-03-10,1500.00
"LEIDOS, INC.",Leidos Inc. Political Action Committee,Rep. Troy Nehls,2025-03-10,1000.00
"LEIDOS, INC.",Leidos Inc. Political Action Committee,Rep. Jimmy Panetta,2025-03-10,1000.00
"LEIDOS, INC.",Leidos Inc. Political Action Committee,Rep. John Rutherford,2025-03-10,5000.00
"LEIDOS, INC.",Leidos Inc. Political Action Committee,Rep. Dale Strong,2025-03-10,1000.00
"LEIDOS, INC.",Leidos Inc. Political Action Committee,Rep. Beth Van Duyne,2025-03-10,1000.00
"LEIDOS, INC.",Leidos Inc. Political Action Committee,Sen. Bill Cassidy,2025-03-10,1000.00
"LEIDOS, INC.",Leidos Inc. Political Action Committee,Sen. Tim Kaine,2025-03-10,2500.00
"LEIDOS, INC.",Leidos Inc. Political Action Committee,Rep. John Rutherford,2025-03-10,5000.00
"LEIDOS, INC.",Leidos Inc. Political Action Committee,Democratic Congressional Campaign Committee,2025-03-10,15000.00
"LEIDOS, INC.",Leidos Inc. Political Action Committee,National Republican Congressional Committee,2025-03-10,15000.00
"LEIDOS, INC.",Leidos Inc. Political Action Committee,Rep. John McGuire,2025-03-14,1000.00
"LEIDOS, INC.",Leidos Inc. Political Action Committee,Rep. Steve Womack,2025-03-14,1000.00
"LEIDOS, INC.",Leidos Inc. Political Action Committee,Rep. John Boozman,2025-03-24,1000.00
"LEIDOS, INC.",Leidos Inc. Political Action Committee,Rep. Gabe Amo,2025-03-24,1000.00
"LEIDOS, INC.",Leidos Inc. Political Action Committee,Rep. Nicholas Begich,2025-03-24,1000.00
"LEIDOS, INC.",Leidos Inc. Political Action Committee,Rep. Don Beyer,2025-03-24,1000.00
"LEIDOS, INC.",Leidos Inc. Political Action Committee,Rep. Ken Calvert,2025-03-24,2500.00
"LEIDOS, INC.",Leidos Inc. Political Action Committee,Sen. Shelley Moore Capito,2025-03-24,1000.00
"LEIDOS, INC.",Leidos Inc. Political Action Committee,Rep. Ben Cline,2025-03-24,1000.00
"LEIDOS, INC.",Leidos Inc. Political Action Committee,Rep. Madeleine Dean,2025-03-24,1000.00
"LEIDOS, INC.",Leidos Inc. Political Action Committee,Rep. Jake Ellzey,2025-03-24,1000.00
"LEIDOS, INC.",Leidos Inc. Political Action Committee,Rep. Mike Ezell,2025-03-24,1000.00
"LEIDOS, INC.",Leidos Inc. Political Action Committee,Sen. Cindy Hyde-Smith,2025-03-24,2500.00
"LEIDOS, INC.",Leidos Inc. Political Action Committee,Rep. Glenn F. Ivey,2025-03-24,1000.00
"LEIDOS, INC.",Leidos Inc. Political Action Committee,Rep. Chellie Pingree,2025-03-24,1000.00
"LEIDOS, INC.",Leidos Inc. Political Action Committee,Rep. Mike Simpson,2025-03-24,1000.00
"LEIDOS, INC.",Leidos Inc. Political Action Committee,Rep. Marilyn Strickland,2025-03-24,1000.00
"LEIDOS, INC.",Leidos Inc. Political Action Committee,Rep. Dale Strong,2025-03-24,1000.00
"LEIDOS, INC.",Leidos Inc. Political Action Committee,Rep. Eugene Vindman,2025-03-24,1000.00
"LEIDOS, INC.",Leidos Inc. Political Action Committee,Rep. Debbie Wasserman Schultz,2025-03-24,1000.00
"LEIDOS, INC.",Leidos Inc. Political Action Committee,Rep. Julia Brownley,2025-03-25,1000.00
"LEIDOS, INC.",Leidos Inc. Political Action Committee,Rep. Nikki Budzinski,2025-03-25,1000.00
"LEIDOS, INC.",Leidos Inc. Political Action Committee,Rep. Gilbert Cisneros,2025-03-25,1000.00
"LEIDOS, INC.",Leidos Inc. Political Action Committee,Rep. Jim Clyburn,2025-03-25,1000.00
"LEIDOS, INC.",Leidos Inc. Political Action Committee,Rep. Rich McCormick,2025-03-25,1500.00
"LEIDOS, INC.",Leidos Inc. Political Action Committee,Sen. David McCormick,2025-04-01,-1500.00
"LEIDOS, INC.",Leidos Inc. Political Action Committee,Rep. Mark Amodei,2025-05-13,1000.00
"LEIDOS, INC.",Leidos Inc. Political Action Committee,Sen. Shelley Moore Capito,2025-05-13,4000.00
"LEIDOS, INC.",Leidos Inc. Political Action Committee,Rep. Mike Carey,2025-05-13,1000.00
"LEIDOS, INC.",Leidos Inc. Political Action Committee,Rep. Buddy Carter,2025-05-13,2000.00
"LEIDOS, INC.",Leidos Inc. Political Action Committee,Rep. Rosa DeLauro,2025-05-13,1500.00
"LEIDOS, INC.",Leidos Inc. Political Action Committee,Sen. Cindy Hyde-Smith,2025-05-13,1000.00
"LEIDOS, INC.",Leidos Inc. Political Action Committee,Rep. Steve Womack,2025-05-14,5000.00
"LEIDOS, INC.",Leidos Inc. Political Action Committee,Rep. Nicole Malliotakis,2025-05-13,1000.00
"LEIDOS, INC.",Leidos Inc. Political Action Committee,Rep. Joe Morelle,2025-05-13,1000.00
"LEIDOS, INC.",Leidos Inc. Political Action Committee,Rep. Dan Newhouse,2025-05-13,2500.00
"LEIDOS, INC.",Leidos Inc. Political Action Committee,Rep. Bob Onder,2025-05-13,1000.00
"LEIDOS, INC.",Leidos Inc. Political Action Committee,Rep. Chellie Pingree,2025-05-13,1000.00
"LEIDOS, INC.",Leidos Inc. Political Action Committee,Rep. Guy Reschenthaler,2025-05-13,1000.00
"LEIDOS, INC.",Leidos Inc. Political Action Committee,Rep. Dale Strong,2025-05-13,1000.00
"LEIDOS, INC.",Leidos Inc. Political Action Committee,Rep. David Valadao,2025-05-13,2500.00
"LEIDOS, INC.",Leidos Inc. Political Action Committee,Sen. Mark Warner,2025-05-13,5000.00
"LEIDOS, INC.",Leidos Inc. Political Action Committee,Rep. Rudy Yakym,2025-05-13,1000.00
"LEIDOS, INC.",Leidos Inc. Political Action Committee,Sen. Shelley Moore Capito,2025-05-13,5000.00
"LEIDOS, INC.",Leidos Inc. Political Action Committee,Sen. Bill Cassidy,2025-05-13,1000.00
"LEIDOS, INC.",Leidos Inc. Political Action Committee,Sen. Ted Cruz,2025-05-13,2500.00
"LEIDOS, INC.",Leidos Inc. Political Action Committee,Rep. Brian Babin,2025-05-14,1000.00
"LEIDOS, INC.",Leidos Inc. Political Action Committee,Rep. Don Davis,2025-05-14,1000.00
"LEIDOS, INC.",Leidos Inc. Political Action Committee,Rep. Sarah Elfreth,2025-05-14,2500.00
"LEIDOS, INC.",Leidos Inc. Political Action Committee,Rep. Morgan McGarvey,2025-05-14,1000.00
"LEIDOS, INC.",Leidos Inc. Political Action Committee,Rep. Troy Nehls,2025-05-14,1000.00
"LEIDOS, INC.",Leidos Inc. Political Action Committee,Rep. Hal Rogers,2025-05-14,2500.00
"LEIDOS, INC.",Leidos Inc. Political Action Committee,Rep. Emilia Sykes,2025-05-14,1000.00
"LEIDOS, INC.",Leidos Inc. Political Action Committee,Rep. Mark Takano,2025-05-14,2500.00
"LEIDOS, INC.",Leidos Inc. Political Action Committee,Rep. Steve Womack,2025-05-14,4000.00
"LEIDOS, INC.",Leidos Inc. Political Action Committee,Rep. Jim Clyburn,2025-05-14,2500.00
"LEIDOS, INC.",Leidos Inc. Political Action Committee,Sen. Tim Kaine,2025-05-14,2500.00
"LEIDOS, INC.",Leidos Inc. Political Action Committee,Rep. Rosa DeLauro,2025-06-23,500.00
"LEIDOS, INC.",Leidos Inc. Political Action Committee,Rep. David Valadao,2025-06-23,1000.00
"LEIDOS, INC.",Leidos Inc. Political Action Committee,Rep. Robert Aderholt,2025-06-23,1000.00
"LEIDOS, INC.",Leidos Inc. Political Action Committee,Rep. Pete Aguilar,2025-06-23,1000.00
"LEIDOS, INC.",Leidos Inc. Political Action Committee,Rep. Pete Aguilar,2025-06-23,1000.00
"LEIDOS, INC.",Leidos Inc. Political Action Committee,Rep. Wesley Bell,2025-06-23,1000.00
"LEIDOS, INC.",Leidos Inc. Political Action Committee,Rep. Stephanie Bice,2025-06-23,1000.00
"LEIDOS, INC.",Leidos Inc. Political Action Committee,Rep. Troy Carter,2025-06-23,1000.00
"LEIDOS, INC.",Leidos Inc. Political Action Committee,Rep. Ed Case,2025-06-23,1000.00
"LEIDOS, INC.",Leidos Inc. Political Action Committee,Rep. Ed Case,2025-06-23,1000.00
"LEIDOS, INC.",Leidos Inc. Political Action Committee,Rep. Jim Clyburn,2025-06-23,1000.00
"LEIDOS, INC.",Leidos Inc. Political Action Committee,Rep. Steve Cohen,2025-06-23,1500.00
"LEIDOS, INC.",Leidos Inc. Political Action Committee,Rep. Tom Cole,2025-06-23,1000.00
"LEIDOS, INC.",Leidos Inc. Political Action Committee,Sen. Chris Coons,2025-06-23,1000.00
"LEIDOS, INC.",Leidos Inc. Political Action Committee,Rep. Rosa DeLauro,2025-06-23,1000.00
"LEIDOS, INC.",Leidos Inc. Political Action Committee,Rep. Ron Estes,2025-06-23,1000.00
"LEIDOS, INC.",Leidos Inc. Political Action Committee,Rep. Ashley Hinson,2025-06-23,2000.00
"LEIDOS, INC.",Leidos Inc. Political Action Committee,Rep. Chrissy Houlahan,2025-06-23,1000.00
"LEIDOS, INC.",Leidos Inc. Political Action Committee,Rep. Marcy Kaptur,2025-06-23,2500.00
"LEIDOS, INC.",Leidos Inc. Political Action Committee,Rep. Trent Kelly,2025-06-23,2500.00
"LEIDOS, INC.",Leidos Inc. Political Action Committee,Rep. Jen Kiggans,2025-06-23,1000.00
"LEIDOS, INC.",Leidos Inc. Political Action Committee,Rep. Jennifer McClellan,2025-06-23,2500.00
"LEIDOS, INC.",Leidos Inc. Political Action Committee,Rep. Kristen McDonald Rivet,2025-06-23,1000.00
"LEIDOS, INC.",Leidos Inc. Political Action Committee,Rep. John Moolenaar,2025-06-23,1000.00
"LEIDOS, INC.",Leidos Inc. Political Action Committee,Rep. Riley Moore,2025-06-23,1000.00
"LEIDOS, INC.",Leidos Inc. Political Action Committee,Rep. Troy Nehls,2025-06-23,3000.00
"LEIDOS, INC.",Leidos Inc. Political Action Committee,Rep. Nellie Pou,2025-06-23,1000.00
"LEIDOS, INC.",Leidos Inc. Political Action Committee,Rep. Mike Quigley,2025-06-23,2500.00
"LEIDOS, INC.",Leidos Inc. Political Action Committee,Sen. Jack Reed,2025-06-23,1000.00
"LEIDOS, INC.",Leidos Inc. Political Action Committee,Sen. Mike Rounds,2025-06-23,2000.00
"LEIDOS, INC.",Leidos Inc. Political Action Committee,Rep. Dina Titus,2025-06-23,1000.00
"LEIDOS, INC.",Leidos Inc. Political Action Committee,Rep. Mike Turner,2025-06-23,1000.00
"LEIDOS, INC.",Leidos Inc. Political Action Committee,Rep. Ken Calvert,2025-06-23,5000.00
"LEIDOS, INC.",Leidos Inc. Political Action Committee,Rep. Buddy Carter,2025-06-23,2000.00
"LEIDOS, INC.",Leidos Inc. Political Action Committee,Rep. Rick Larson,2025-06-23,2500.00
"LEIDOS, INC.",Leidos Inc. Political Action Committee,Rep. Troy Nehls,2025-06-23,1000.00
"LEIDOS, INC.",Leidos Inc. Political Action Committee,Rep. Ashley Hinson,2025-06-24,1500.00
"LEIDOS, INC.",Leidos Inc. Political Action Committee,Rep. Mark Amodei,2025-06-24,1000.00
"LEIDOS, INC.",Leidos Inc. Political Action Committee,Rep. Don Beyer,2025-06-24,1000.00
"LEIDOS, INC.",Leidos Inc. Political Action Committee,Rep. Stephanie Bice,2025-06-24,1000.00
"LEIDOS, INC.",Leidos Inc. Political Action Committee,Rep. Mike Bost,2025-06-24,1000.00
"LEIDOS, INC.",Leidos Inc. Political Action Committee,Rep. Mike Carey,2025-06-24,1000.00
"LEIDOS, INC.",Leidos Inc. Political Action Committee,Rep. Joe Courtney,2025-06-24,1000.00
"LEIDOS, INC.",Leidos Inc. Political Action Committee,Rep. Jeff Crank,2025-06-24,1000.00
"LEIDOS, INC.",Leidos Inc. Political Action Committee,Rep. Rick Crawford,2025-06-24,1000.00
"LEIDOS, INC.",Leidos Inc. Political Action Committee,Rep. Suzan DelBene,2025-06-24,1500.00
"LEIDOS, INC.",Leidos Inc. Political Action Committee,Rep. Sarah Elfreth,2025-06-24,1000.00
"LEIDOS, INC.",Leidos Inc. Political Action Committee,Rep. Veronica Escobar,2025-06-24,1000.00
"LEIDOS, INC.",Leidos Inc. Political Action Committee,Rep. Sam Graves,2025-06-24,2500.00
"LEIDOS, INC.",Leidos Inc. Political Action Committee,Rep. Michael Guest,2025-06-24,2500.00
"LEIDOS, INC.",Leidos Inc. Political Action Committee,Rep. Brett Guthrie,2025-06-24,1000.00
"LEIDOS, INC.",Leidos Inc. Political Action Committee,Rep. Abraham Hamadeh,2025-06-24,1000.00
"LEIDOS, INC.",Leidos Inc. Political Action Committee,Rep. Chrissy Houlahan,2025-06-24,1000.00
"LEIDOS, INC.",Leidos Inc. Political Action Committee,Sen. Cindy Hyde-Smith,2025-06-24,1500.00
"LEIDOS, INC.",Leidos Inc. Political Action Committee,Rep. David Joyce,2025-06-24,1000.00
"LEIDOS, INC.",Leidos Inc. Political Action Committee,Rep. Trent Kelly,2025-06-24,1500.00
"LEIDOS, INC.",Leidos Inc. Political Action Committee,Rep. Nick LaLota,2025-06-24,1000.00
"LEIDOS, INC.",Leidos Inc. Political Action Committee,Rep. Kristen McDonald Rivet,2025-06-24,1000.00
"LEIDOS, INC.",Leidos Inc. Political Action Committee,Rep. Gregory Meeks,2025-06-24,1000.00
"LEIDOS, INC.",Leidos Inc. Political Action Committee,Rep. Grace Meng,2025-06-24,1000.00
"LEIDOS, INC.",Leidos Inc. Political Action Committee,Rep. Carol Miller,2025-06-24,1000.00
"LEIDOS, INC.",Leidos Inc. Political Action Committee,Rep. Joe Morelle,2025-06-24,1000.00
"LEIDOS, INC.",Leidos Inc. Political Action Committee,Rep. Seth Moulton,2025-06-24,1500.00
"LEIDOS, INC.",Leidos Inc. Political Action Committee,Rep. Donald Norcross,2025-06-24,1000.00
"LEIDOS, INC.",Leidos Inc. Political Action Committee,Rep. Derek Schmidt,2025-06-24,1000.00
"LEIDOS, INC.",Leidos Inc. Political Action Committee,Rep. Bennie Thompson,2025-06-24,1500.00
"LEIDOS, INC.",Leidos Inc. Political Action Committee,Rep. Dina Titus,2025-06-24,1000.00
"LEIDOS, INC.",Leidos Inc. Political Action Committee,Rep. Joe Wilson,2025-06-24,1000.00
"LEIDOS, INC.",Leidos Inc. Political Action Committee,Rep. Rudy Yakym,2025-06-24,1000.00
"LEIDOS, INC.",Leidos Inc. Political Action Committee,Sen. Chris Coons,2025-06-24,5000.00
"LEIDOS, INC.",Leidos Inc. Political Action Committee,Rep. Mario Diaz-Balart,2025-06-24,5000.00
"LEIDOS, INC.",Leidos Inc. Political Action Committee,Rep. Troy Nehls,2025-06-24,1000.00
"LEIDOS, INC.",Leidos Inc. Political Action Committee,Rep. Andrew Garbarino,2025-02-18,2500.00
"LEIDOS, INC.",Leidos Inc. Political Action Committee,Rep. Sam Graves,2025-02-18,2500.00
"LEIDOS, INC.",Leidos Inc. Political Action Committee,Rep. Michael Guest,2025-02-18,1000.00
"LEIDOS, INC.",Leidos Inc. Political Action Committee,Rep. Ashley Hinson,2025-02-18,3000.00
"LEIDOS, INC.",Leidos Inc. Political Action Committee,Rep. Trent Kelly,2025-02-18,1000.00
"LEIDOS, INC.",Leidos Inc. Political Action Committee,Rep. David Kustoff,2025-02-18,3000.00
"LEIDOS, INC.",Leidos Inc. Political Action Committee,Democratic Senatorial Campaign Committee,2025-01-29,15000.00
"LEIDOS, INC.",Leidos Inc. Political Action Committee,National Republican Senatorial Committee,2025-01-29,15000.00
"LEIDOS, INC.",Leidos Inc. Political Action Committee,Democratic Senatorial Campaign Committee,2025-01-30,15000.00
"LEIDOS, INC.",Leidos Inc. Political Action Committee,National Republican Senatorial Committee,2025-01-30,15000.00
"LEIDOS, INC.",Leidos Inc. Political Action Committee,Rep. Wesley Bell,2025-02-18,1000.00
"LEIDOS, INC.",Leidos Inc. Political Action Committee,Rep. Juan Ciscomani,2025-02-18,1000.00
"LEIDOS, INC.",Leidos Inc. Political Action Committee,Rep. Steve Cohen,2025-02-18,1000.00
"LEIDOS, INC.",Leidos Inc. Political Action Committee,Rep. Tom Cole,2025-02-18,2500.00
"LEIDOS, INC.",Leidos Inc. Political Action Committee,Rep. Herb Conaway,2025-02-18,1000.00
"LEIDOS, INC.",Leidos Inc. Political Action Committee,Rep. Julia Letlow,2025-02-18,1000.00
"LEIDOS, INC.",Leidos Inc. Political Action Committee,Rep. Seth Magaziner,2025-02-18,1000.00
"LEIDOS, INC.",Leidos Inc. Political Action Committee,Rep. Jennifer McClellan,2025-02-18,1000.00
"LEIDOS, INC.",Leidos Inc. Political Action Committee,Rep. Carol Miller,2025-02-18,3000.00
"LEIDOS, INC.",Leidos Inc. Political Action Committee,Rep. Dan Newhouse,2025-02-18,1000.00
"LEIDOS, INC.",Leidos Inc. Political Action Committee,Rep. David Rouzer,2025-02-18,1000.00
"LEIDOS, INC.",Leidos Inc. Political Action Committee,Rep. Dale Strong,2025-02-18,1000.00
"LEIDOS, INC.",Leidos Inc. Political Action Committee,Rep. Norma Torres,2025-02-18,1000.00
"LEIDOS, INC.",Leidos Inc. Political Action Committee,Rep. David Valadao,2025-02-18,2500.00
"LEIDOS, INC.",Leidos Inc. Political Action Committee,Rep. Rob Wittman,2025-02-18,5000.00
"LEIDOS, INC.",Leidos Inc. Political Action Committee,Rep. Jim Clyburn,2025-02-18,2500.00
"LEIDOS, INC.",Leidos Inc. Political Action Committee,Sen. Lisa Murkowski,2025-02-18,1000.00
"LEIDOS, INC.",Leidos Inc. Political Action Committee,Sen. Brian Shatz,2025-02-18,1000.00
"LEIDOS, INC.",Leidos Inc. Political Action Committee,Sen. Roger Wicker,2025-02-18,5000.00
"LEIDOS, INC.",Leidos Inc. Political Action Committee,Rep. Robert Aderholt,2025-03-10,1000.00
"LEIDOS, INC.",Leidos Inc. Political Action Committee,Rep. Jack Bergman,2025-03-10,1500.00
"LEIDOS, INC.",Leidos Inc. Political Action Committee,Rep. Stephanie Bice,2025-03-10,1000.00
"LEIDOS, INC.",Leidos Inc. Political Action Committee,Rep. Mike Bost,2025-03-10,1000.00
"LEIDOS, INC.",Leidos Inc. Political Action Committee,Rep. Mike Carey,2025-03-10,1000.00
"LEIDOS, INC.",Leidos Inc. Political Action Committee,Rep. Joe Courtney,2025-03-10,1000.00
"LEIDOS, INC.",Leidos Inc. Political Action Committee,Rep. Jeff Crank,2025-03-10,2500.00
"LEIDOS, INC.",Leidos Inc. Political Action Committee,Rep. Rosa DeLauro,2025-03-10,2500.00
"LEIDOS, INC.",Leidos Inc. Political Action Committee,Rep. Sarah Elfreth,2025-03-10,1000.00
"LEIDOS, INC.",Leidos Inc. Political Action Committee,Rep. Chuck Fleischmann,2025-03-10,1000.00
"LEIDOS, INC.",Leidos Inc. Political Action Committee,Rep. David Joyce,2025-03-10,1000.00
"LEIDOS, INC.",Leidos Inc. Political Action Committee,Rep. Marcy Kaptur,2025-03-10,1000.00
"LEIDOS, INC.",Leidos Inc. Political Action Committee,Rep. Susie Lee,2025-03-10,4000.00
"LEIDOS, INC.",Leidos Inc. Political Action Committee,Rep. Julia Letlow,2025-03-10,3500.00
"LEIDOS, INC.",Leidos Inc. Political Action Committee,Sen. David McCormick,2025-03-10,1500.00
"LEIDOS, INC.",Leidos Inc. Political Action Committee,Rep. Troy Nehls,2025-03-10,1000.00
"LEIDOS, INC.",Leidos Inc. Political Action Committee,Rep. Jimmy Panetta,2025-03-10,1000.00
"LEIDOS, INC.",Leidos Inc. Political Action Committee,Rep. John Rutherford,2025-03-10,5000.00
"LEIDOS, INC.",Leidos Inc. Political Action Committee,Rep. Dale Strong,2025-03-10,1000.00
"LEIDOS, INC.",Leidos Inc. Political Action Committee,Rep. Beth Van Duyne,2025-03-10,1000.00
"LEIDOS, INC.",Leidos Inc. Political Action Committee,Sen. Bill Cassidy,2025-03-10,1000.00
"LEIDOS, INC.",Leidos Inc. Political Action Committee,Sen. Tim Kaine,2025-03-10,2500.00
"LEIDOS, INC.",Leidos Inc. Political Action Committee,Rep. John Rutherford,2025-03-10,5000.00
"LEIDOS, INC.",Leidos Inc. Political Action Committee,Democratic Congressional Campaign Committee,2025-03-10,15000.00
"LEIDOS, INC.",Leidos Inc. Political Action Committee,National Republican Congressional Committee,2025-03-10,15000.00
"LEIDOS, INC.",Leidos Inc. Political Action Committee,Rep. John McGuire,2025-03-14,1000.00
"LEIDOS, INC.",Leidos Inc. Political Action Committee,Rep. Steve Womack,2025-03-14,1000.00
"LEIDOS, INC.",Leidos Inc. Political Action Committee,Rep. John Boozman,2025-03-24,1000.00
"LEIDOS, INC.",Leidos Inc. Political Action Committee,Rep. Gabe Amo,2025-03-24,1000.00
"LEIDOS, INC.",Leidos Inc. Political Action Committee,Rep. Nicholas Begich,2025-03-24,1000.00
"LEIDOS, INC.",Leidos Inc. Political Action Committee,Rep. Don Beyer,2025-03-24,1000.00
"LEIDOS, INC.",Leidos Inc. Political Action Committee,Rep. Ken Calvert,2025-03-24,2500.00
"LEIDOS, INC.",Leidos Inc. Political Action Committee,Sen. Shelley Moore Capito,2025-03-24,1000.00
"LEIDOS, INC.",Leidos Inc. Political Action Committee,Rep. Ben Cline,2025-03-24,1000.00
"LEIDOS, INC.",Leidos Inc. Political Action Committee,Rep. Madeleine Dean,2025-03-24,1000.00
"LEIDOS, INC.",Leidos Inc. Political Action Committee,Rep. Jake Ellzey,2025-03-24,1000.00
"LEIDOS, INC.",Leidos Inc. Political Action Committee,Rep. Mike Ezell,2025-03-24,1000.00
"LEIDOS, INC.",Leidos Inc. Political Action Committee,Sen. Cindy Hyde-Smith,2025-03-24,2500.00
"LEIDOS, INC.",Leidos Inc. Political Action Committee,Rep. Glenn F. Ivey,2025-03-24,1000.00
"LEIDOS, INC.",Leidos Inc. Political Action Committee,Rep. Chellie Pingree,2025-03-24,1000.00
"LEIDOS, INC.",Leidos Inc. Political Action Committee,Rep. Mike Simpson,2025-03-24,1000.00
"LEIDOS, INC.",Leidos Inc. Political Action Committee,Rep. Marilyn Strickland,2025-03-24,1000.00
"LEIDOS, INC.",Leidos Inc. Political Action Committee,Rep. Dale Strong,2025-03-24,1000.00
"LEIDOS, INC.",Leidos Inc. Political Action Committee,Rep. Eugene Vindman,2025-03-24,1000.00
"LEIDOS, INC.",Leidos Inc. Political Action Committee,Rep. Debbie Wasserman Schultz,2025-03-24,1000.00
"LEIDOS, INC.",Leidos Inc. Political Action Committee,Rep. Julia Brownley,2025-03-25,1000.00
"LEIDOS, INC.",Leidos Inc. Political Action Committee,Rep. Nikki Budzinski,2025-03-25,1000.00
"LEIDOS, INC.",Leidos Inc. Political Action Committee,Rep. Gilbert Cisneros,2025-03-25,1000.00
"LEIDOS, INC.",Leidos Inc. Political Action Committee,Rep. Jim Clyburn,2025-03-25,1000.00
"LEIDOS, INC.",Leidos Inc. Political Action Committee,Rep. Rich McCormick,2025-03-25,1500.00
"LEIDOS, INC.",Leidos Inc. Political Action Committee,Sen. David McCormick,2025-04-01,-1500.00
"LEIDOS, INC.",Leidos Inc. Political Action Committee,Rep. Mark Amodei,2025-05-13,1000.00
"LEIDOS, INC.",Leidos Inc. Political Action Committee,Sen. Shelley Moore Capito,2025-05-13,4000.00
"LEIDOS, INC.",Leidos Inc. Political Action Committee,Rep. Mike Carey,2025-05-13,1000.00
"LEIDOS, INC.",Leidos Inc. Political Action Committee,Rep. Buddy Carter,2025-05-13,2000.00
"LEIDOS, INC.",Leidos Inc. Political Action Committee,Rep. Rosa DeLauro,2025-05-13,1500.00
"LEIDOS, INC.",Leidos Inc. Political Action Committee,Sen. Cindy Hyde-Smith,2025-05-13,1000.00
"LEIDOS, INC.",Leidos Inc. Political Action Committee,Rep. Steve Womack,2025-05-14,5000.00
"LEIDOS, INC.",Leidos Inc. Political Action Committee,Rep. Nicole Malliotakis,2025-05-13,1000.00
"LEIDOS, INC.",Leidos Inc. Political Action Committee,Rep. Joe Morelle,2025-05-13,1000.00
"LEIDOS, INC.",Leidos Inc. Political Action Committee,Rep. Dan Newhouse,2025-05-13,2500.00
"LEIDOS, INC.",Leidos Inc. Political Action Committee,Rep. Bob Onder,2025-05-13,1000.00
"LEIDOS, INC.",Leidos Inc. Political Action Committee,Rep. Chellie Pingree,2025-05-13,1000.00
"LEIDOS, INC.",Leidos Inc. Political Action Committee,Rep. Guy Reschenthaler,2025-05-13,1000.00
"LEIDOS, INC.",Leidos Inc. Political Action Committee,Rep. Dale Strong,2025-05-13,1000.00
"LEIDOS, INC.",Leidos Inc. Political Action Committee,Rep. David Valadao,2025-05-13,2500.00
"LEIDOS, INC.",Leidos Inc. Political Action Committee,Sen. Mark Warner,2025-05-13,5000.00
"LEIDOS, INC.",Leidos Inc. Political Action Committee,Rep. Rudy Yakym,2025-05-13,1000.00
"LEIDOS, INC.",Leidos Inc. Political Action Committee,Sen. Shelley Moore Capito,2025-05-13,5000.00
"LEIDOS, INC.",Leidos Inc. Political Action Committee,Sen. Bill Cassidy,2025-05-13,1000.00
"LEIDOS, INC.",Leidos Inc. Political Action Committee,Sen. Ted Cruz,2025-05-13,2500.00
"LEIDOS, INC.",Leidos Inc. Political Action Committee,Rep. Brian Babin,2025-05-14,1000.00
"LEIDOS, INC.",Leidos Inc. Political Action Committee,Rep. Don Davis,2025-05-14,1000.00
"LEIDOS, INC.",Leidos Inc. Political Action Committee,Rep. Sarah Elfreth,2025-05-14,2500.00
"LEIDOS, INC.",Leidos Inc. Political Action Committee,Rep. Morgan McGarvey,2025-05-14,1000.00
"LEIDOS, INC.",Leidos Inc. Political Action Committee,Rep. Troy Nehls,2025-05-14,1000.00
"LEIDOS, INC.",Leidos Inc. Political Action Committee,Rep. Hal Rogers,2025-05-14,2500.00
"LEIDOS, INC.",Leidos Inc. Political Action Committee,Rep. Emilia Sykes,2025-05-14,1000.00
"LEIDOS, INC.",Leidos Inc. Political Action Committee,Rep. Mark Takano,2025-05-14,2500.00
"LEIDOS, INC.",Leidos Inc. Political Action Committee,Rep. Steve Womack,2025-05-14,4000.00
"LEIDOS, INC.",Leidos Inc. Political Action Committee,Rep. Jim Clyburn,2025-05-14,2500.00
"LEIDOS, INC.",Leidos Inc. Political Action Committee,Sen. Tim Kaine,2025-05-14,2500.00
"LEIDOS, INC.",Leidos Inc. Political Action Committee,Rep. Rosa DeLauro,2025-06-23,500.00
"LEIDOS, INC.",Leidos Inc. Political Action Committee,Rep. David Valadao,2025-06-23,1000.00
"LEIDOS, INC.",Leidos Inc. Political Action Committee,Rep. Robert Aderholt,2025-06-23,1000.00
"LEIDOS, INC.",Leidos Inc. Political Action Committee,Rep. Pete Aguilar,2025-06-23,1000.00
"LEIDOS, INC.",Leidos Inc. Political Action Committee,Rep. Pete Aguilar,2025-06-23,1000.00
"LEIDOS, INC.",Leidos Inc. Political Action Committee,Rep. Wesley Bell,2025-06-23,1000.00
"LEIDOS, INC.",Leidos Inc. Political Action Committee,Rep. Stephanie Bice,2025-06-23,1000.00
"LEIDOS, INC.",Leidos Inc. Political Action Committee,Rep. Troy Carter,2025-06-23,1000.00
"LEIDOS, INC.",Leidos Inc. Political Action Committee,Rep. Ed Case,2025-06-23,1000.00
"LEIDOS, INC.",Leidos Inc. Political Action Committee,Rep. Ed Case,2025-06-23,1000.00
"LEIDOS, INC.",Leidos Inc. Political Action Committee,Rep. Jim Clyburn,2025-06-23,1000.00
"LEIDOS, INC.",Leidos Inc. Political Action Committee,Rep. Steve Cohen,2025-06-23,1500.00
"LEIDOS, INC.",Leidos Inc. Political Action Committee,Rep. Tom Cole,2025-06-23,1000.00
"LEIDOS, INC.",Leidos Inc. Political Action Committee,Sen. Chris Coons,2025-06-23,1000.00
"LEIDOS, INC.",Leidos Inc. Political Action Committee,Rep. Rosa DeLauro,2025-06-23,1000.00
"LEIDOS, INC.",Leidos Inc. Political Action Committee,Rep. Ron Estes,2025-06-23,1000.00
"LEIDOS, INC.",Leidos Inc. Political Action Committee,Rep. Ashley Hinson,2025-06-23,2000.00
"LEIDOS, INC.",Leidos Inc. Political Action Committee,Rep. Chrissy Houlahan,2025-06-23,1000.00
"LEIDOS, INC.",Leidos Inc. Political Action Committee,Rep. Marcy Kaptur,2025-06-23,2500.00
"LEIDOS, INC.",Leidos Inc. Political Action Committee,Rep. Trent Kelly,2025-06-23,2500.00
"LEIDOS, INC.",Leidos Inc. Political Action Committee,Rep. Jen Kiggans,2025-06-23,1000.00
"LEIDOS, INC.",Leidos Inc. Political Action Committee,Rep. Jennifer McClellan,2025-06-23,2500.00
"LEIDOS, INC.",Leidos Inc. Political Action Committee,Rep. Kristen McDonald Rivet,2025-06-23,1000.00
"LEIDOS, INC.",Leidos Inc. Political Action Committee,Rep. John Moolenaar,2025-06-23,1000.00
"LEIDOS, INC.",Leidos Inc. Political Action Committee,Rep. Riley Moore,2025-06-23,1000.00
"LEIDOS, INC.",Leidos Inc. Political Action Committee,Rep. Troy Nehls,2025-06-23,3000.00
"LEIDOS, INC.",Leidos Inc. Political Action Committee,Rep. Nellie Pou,2025-06-23,1000.00
"LEIDOS, INC.",Leidos Inc. Political Action Committee,Rep. Mike Quigley,2025-06-23,2500.00
"LEIDOS, INC.",Leidos Inc. Political Action Committee,Sen. Jack Reed,2025-06-23,1000.00
"LEIDOS, INC.",Leidos Inc. Political Action Committee,Sen. Mike Rounds,2025-06-23,2000.00
"LEIDOS, INC.",Leidos Inc. Political Action Committee,Rep. Dina Titus,2025-06-23,1000.00
"LEIDOS, INC.",Leidos Inc. Political Action Committee,Rep. Mike Turner,2025-06-23,1000.00
"LEIDOS, INC.",Leidos Inc. Political Action Committee,Rep. Ken Calvert,2025-06-23,5000.00
"LEIDOS, INC.",Leidos Inc. Political Action Committee,Rep. Buddy Carter,2025-06-23,2000.00
"LEIDOS, INC.",Leidos Inc. Political Action Committee,Rep. Rick Larson,2025-06-23,2500.00
"LEIDOS, INC.",Leidos Inc. Political Action Committee,Rep. Troy Nehls,2025-06-23,1000.00
"LEIDOS, INC.",Leidos Inc. Political Action Committee,Rep. Ashley Hinson,2025-06-24,1500.00
"LEIDOS, INC.",Leidos Inc. Political Action Committee,Rep. Mark Amodei,2025-06-24,1000.00
"LEIDOS, INC.",Leidos Inc. Political Action Committee,Rep. Don Beyer,2025-06-24,1000.00
"LEIDOS, INC.",Leidos Inc. Political Action Committee,Rep. Stephanie Bice,2025-06-24,1000.00
"LEIDOS, INC.",Leidos Inc. Political Action Committee,Rep. Mike Bost,2025-06-24,1000.00
"LEIDOS, INC.",Leidos Inc. Political Action Committee,Rep. Mike Carey,2025-06-24,1000.00
"LEIDOS, INC.",Leidos Inc. Political Action Committee,Rep. Joe Courtney,2025-06-24,1000.00
"LEIDOS, INC.",Leidos Inc. Political Action Committee,Rep. Jeff Crank,2025-06-24,1000.00
"LEIDOS, INC.",Leidos Inc. Political Action Committee,Rep. Rick Crawford,2025-06-24,1000.00
"LEIDOS, INC.",Leidos Inc. Political Action Committee,Rep. Suzan DelBene,2025-06-24,1500.00
"LEIDOS, INC.",Leidos Inc. Political Action Committee,Rep. Sarah Elfreth,2025-06-24,1000.00
"LEIDOS, INC.",Leidos Inc. Political Action Committee,Rep. Veronica Escobar,2025-06-24,1000.00
"LEIDOS, INC.",Leidos Inc. Political Action Committee,Rep. Sam Graves,2025-06-24,2500.00
"LEIDOS, INC.",Leidos Inc. Political Action Committee,Rep. Michael Guest,2025-06-24,2500.00
"LEIDOS, INC.",Leidos Inc. Political Action Committee,Rep. Brett Guthrie,2025-06-24,1000.00
"LEIDOS, INC.",Leidos Inc. Political Action Committee,Rep. Abraham Hamadeh,2025-06-24,1000.00
"LEIDOS, INC.",Leidos Inc. Political Action Committee,Rep. Chrissy Houlahan,2025-06-24,1000.00
"LEIDOS, INC.",Leidos Inc. Political Action Committee,Sen. Cindy Hyde-Smith,2025-06-24,1500.00
"LEIDOS, INC.",Leidos Inc. Political Action Committee,Rep. David Joyce,2025-06-24,1000.00
"LEIDOS, INC.",Leidos Inc. Political Action Committee,Rep. Trent Kelly,2025-06-24,1500.00
"LEIDOS, INC.",Leidos Inc. Political Action Committee,Rep. Nick LaLota,2025-06-24,1000.00
"LEIDOS, INC.",Leidos Inc. Political Action Committee,Rep. Kristen McDonald Rivet,2025-06-24,1000.00
"LEIDOS, INC.",Leidos Inc. Political Action Committee,Rep. Gregory Meeks,2025-06-24,1000.00
"LEIDOS, INC.",Leidos Inc. Political Action Committee,Rep. Grace Meng,2025-06-24,1000.00
"LEIDOS, INC.",Leidos Inc. Political Action Committee,Rep. Carol Miller,2025-06-24,1000.00
"LEIDOS, INC.",Leidos Inc. Political Action Committee,Rep. Joe Morelle,2025-06-24,1000.00
"LEIDOS, INC.",Leidos Inc. Political Action Committee,Rep. Seth Moulton,2025-06-24,1500.00
"LEIDOS, INC.",Leidos Inc. Political Action Committee,Rep. Donald Norcross,2025-06-24,1000.00
"LEIDOS, INC.",Leidos Inc. Political Action Committee,Rep. Derek Schmidt,2025-06-24,1000.00
"LEIDOS, INC.",Leidos Inc. Political Action Committee,Rep. Bennie Thompson,2025-06-24,1500.00
"LEIDOS, INC.",Leidos Inc. Political Action Committee,Rep. Dina Titus,2025-06-24,1000.00
"LEIDOS, INC.",Leidos Inc. Political Action Committee,Rep. Joe Wilson,2025-06-24,1000.00
"LEIDOS, INC.",Leidos Inc. Political Action Committee,Rep. Rudy Yakym,2025-06-24,1000.00
"LEIDOS, INC.",Leidos Inc. Political Action Committee,Sen. Chris Coons,2025-06-24,5000.00
"LEIDOS, INC.",Leidos Inc. Political Action Committee,Rep. Mario Diaz-Balart,2025-06-24,5000.00
"LEIDOS, INC.",Leidos Inc. Political Action Committee,Rep. Troy Nehls,2025-06-24,1000.00
"LEIDOS, INC.",Leidos Inc. Political Action Committee,Rep. Andrew Garbarino,2025-02-18,2500.00
"LEIDOS, INC.",Leidos Inc. Political Action Committee,Rep. Sam Graves,2025-02-18,2500.00
"LEIDOS, INC.",Leidos Inc. Political Action Committee,Rep. Michael Guest,2025-02-18,1000.00
"LEIDOS, INC.",Leidos Inc. Political Action Committee,Rep. Ashley Hinson,2025-02-18,3000.00
"LEIDOS, INC.",Leidos Inc. Political Action Committee,Rep. Trent Kelly,2025-02-18,1000.00
"LEIDOS, INC.",Leidos Inc. Political Action Committee,Rep. David Kustoff,2025-02-18,3000.00
"LEIDOS, INC.",Leidos Inc. Political Action Committee,Democratic Senatorial Campaign Committee,2025-01-29,15000.00
"LEIDOS, INC.",Leidos Inc. Political Action Committee,National Republican Senatorial Committee,2025-01-29,15000.00
"LEIDOS, INC.",Leidos Inc. Political Action Committee,Democratic Senatorial Campaign Committee,2025-01-30,15000.00
"LEIDOS, INC.",Leidos Inc. Political Action Committee,National Republican Senatorial Committee,2025-01-30,15000.00
"LEIDOS, INC.",Leidos Inc. Political Action Committee,Rep. Wesley Bell,2025-02-18,1000.00
"LEIDOS, INC.",Leidos Inc. Political Action Committee,Rep. Juan Ciscomani,2025-02-18,1000.00
"LEIDOS, INC.",Leidos Inc. Political Action Committee,Rep. Steve Cohen,2025-02-18,1000.00
"LEIDOS, INC.",Leidos Inc. Political Action Committee,Rep. Tom Cole,2025-02-18,2500.00
"LEIDOS, INC.",Leidos Inc. Political Action Committee,Rep. Herb Conaway,2025-02-18,1000.00
"LEIDOS, INC.",Leidos Inc. Political Action Committee,Rep. Julia Letlow,2025-02-18,1000.00
"LEIDOS, INC.",Leidos Inc. Political Action Committee,Rep. Seth Magaziner,2025-02-18,1000.00
"LEIDOS, INC.",Leidos Inc. Political Action Committee,Rep. Jennifer McClellan,2025-02-18,1000.00
"LEIDOS, INC.",Leidos Inc. Political Action Committee,Rep. Carol Miller,2025-02-18,3000.00
"LEIDOS, INC.",Leidos Inc. Political Action Committee,Rep. Dan Newhouse,2025-02-18,1000.00
"LEIDOS, INC.",Leidos Inc. Political Action Committee,Rep. David Rouzer,2025-02-18,1000.00
"LEIDOS, INC.",Leidos Inc. Political Action Committee,Rep. Dale Strong,2025-02-18,1000.00
"LEIDOS, INC.",Leidos Inc. Political Action Committee,Rep. Norma Torres,2025-02-18,1000.00
"LEIDOS, INC.",Leidos Inc. Political Action Committee,Rep. David Valadao,2025-02-18,2500.00
"LEIDOS, INC.",Leidos Inc. Political Action Committee,Rep. Rob Wittman,2025-02-18,5000.00
"LEIDOS, INC.",Leidos Inc. Political Action Committee,Rep. Jim Clyburn,2025-02-18,2500.00
"LEIDOS, INC.",Leidos Inc. Political Action Committee,Sen. Lisa Murkowski,2025-02-18,1000.00
"LEIDOS, INC.",Leidos Inc. Political Action Committee,Sen. Brian Shatz,2025-02-18,1000.00
"LEIDOS, INC.",Leidos Inc. Political Action Committee,Sen. Roger Wicker,2025-02-18,5000.00
"LEIDOS, INC.",Leidos Inc. Political Action Committee,Rep. Robert Aderholt,2025-03-10,1000.00
"LEIDOS, INC.",Leidos Inc. Political Action Committee,Rep. Jack Bergman,2025-03-10,1500.00
"LEIDOS, INC.",Leidos Inc. Political Action Committee,Rep. Stephanie Bice,2025-03-10,1000.00
"LEIDOS, INC.",Leidos Inc. Political Action Committee,Rep. Mike Bost,2025-03-10,1000.00
"LEIDOS, INC.",Leidos Inc. Political Action Committee,Rep. Mike Carey,2025-03-10,1000.00
"LEIDOS, INC.",Leidos Inc. Political Action Committee,Rep. Joe Courtney,2025-03-10,1000.00
"LEIDOS, INC.",Leidos Inc. Political Action Committee,Rep. Jeff Crank,2025-03-10,2500.00
"LEIDOS, INC.",Leidos Inc. Political Action Committee,Rep. Rosa DeLauro,2025-03-10,2500.00
"LEIDOS, INC.",Leidos Inc. Political Action Committee,Rep. Sarah Elfreth,2025-03-10,1000.00
"LEIDOS, INC.",Leidos Inc. Political Action Committee,Rep. Chuck Fleischmann,2025-03-10,1000.00
"LEIDOS, INC.",Leidos Inc. Political Action Committee,Rep. David Joyce,2025-03-10,1000.00
"LEIDOS, INC.",Leidos Inc. Political Action Committee,Rep. Marcy Kaptur,2025-03-10,1000.00
"LEIDOS, INC.",Leidos Inc. Political Action Committee,Rep. Susie Lee,2025-03-10,4000.00
"LEIDOS, INC.",Leidos Inc. Political Action Committee,Rep. Julia Letlow,2025-03-10,3500.00
"LEIDOS, INC.",Leidos Inc. Political Action Committee,Sen. David McCormick,2025-03-10,1500.00
"LEIDOS, INC.",Leidos Inc. Political Action Committee,Rep. Troy Nehls,2025-03-10,1000.00
"LEIDOS, INC.",Leidos Inc. Political Action Committee,Rep. Jimmy Panetta,2025-03-10,1000.00
"LEIDOS, INC.",Leidos Inc. Political Action Committee,Rep. John Rutherford,2025-03-10,5000.00
"LEIDOS, INC.",Leidos Inc. Political Action Committee,Rep. Dale Strong,2025-03-10,1000.00
"LEIDOS, INC.",Leidos Inc. Political Action Committee,Rep. Beth Van Duyne,2025-03-10,1000.00
"LEIDOS, INC.",Leidos Inc. Political Action Committee,Sen. Bill Cassidy,2025-03-10,1000.00
"LEIDOS, INC.",Leidos Inc. Political Action Committee,Sen. Tim Kaine,2025-03-10,2500.00
"LEIDOS, INC.",Leidos Inc. Political Action Committee,Rep. John Rutherford,2025-03-10,5000.00
"LEIDOS, INC.",Leidos Inc. Political Action Committee,Democratic Congressional Campaign Committee,2025-03-10,15000.00
"LEIDOS, INC.",Leidos Inc. Political Action Committee,National Republican Congressional Committee,2025-03-10,15000.00
"LEIDOS, INC.",Leidos Inc. Political Action Committee,Rep. John McGuire,2025-03-14,1000.00
"LEIDOS, INC.",Leidos Inc. Political Action Committee,Rep. Steve Womack,2025-03-14,1000.00
"LEIDOS, INC.",Leidos Inc. Political Action Committee,Rep. John Boozman,2025-03-24,1000.00
"LEIDOS, INC.",Leidos Inc. Political Action Committee,Rep. Gabe Amo,2025-03-24,1000.00
"LEIDOS, INC.",Leidos Inc. Political Action Committee,Rep. Nicholas Begich,2025-03-24,1000.00
"LEIDOS, INC.",Leidos Inc. Political Action Committee,Rep. Don Beyer,2025-03-24,1000.00
"LEIDOS, INC.",Leidos Inc. Political Action Committee,Rep. Ken Calvert,2025-03-24,2500.00
"LEIDOS, INC.",Leidos Inc. Political Action Committee,Sen. Shelley Moore Capito,2025-03-24,1000.00
"LEIDOS, INC.",Leidos Inc. Political Action Committee,Rep. Ben Cline,2025-03-24,1000.00
"LEIDOS, INC.",Leidos Inc. Political Action Committee,Rep. Madeleine Dean,2025-03-24,1000.00
"LEIDOS, INC.",Leidos Inc. Political Action Committee,Rep. Jake Ellzey,2025-03-24,1000.00
"LEIDOS, INC.",Leidos Inc. Political Action Committee,Rep. Mike Ezell,2025-03-24,1000.00
"LEIDOS, INC.",Leidos Inc. Political Action Committee,Sen. Cindy Hyde-Smith,2025-03-24,2500.00
"LEIDOS, INC.",Leidos Inc. Political Action Committee,Rep. Glenn F. Ivey,2025-03-24,1000.00
"LEIDOS, INC.",Leidos Inc. Political Action Committee,Rep. Chellie Pingree,2025-03-24,1000.00
"LEIDOS, INC.",Leidos Inc. Political Action Committee,Rep. Mike Simpson,2025-03-24,1000.00
"LEIDOS, INC.",Leidos Inc. Political Action Committee,Rep. Marilyn Strickland,2025-03-24,1000.00
"LEIDOS, INC.",Leidos Inc. Political Action Committee,Rep. Dale Strong,2025-03-24,1000.00
"LEIDOS, INC.",Leidos Inc. Political Action Committee,Rep. Eugene Vindman,2025-03-24,1000.00
"LEIDOS, INC.",Leidos Inc. Political Action Committee,Rep. Debbie Wasserman Schultz,2025-03-24,1000.00
"LEIDOS, INC.",Leidos Inc. Political Action Committee,Rep. Julia Brownley,2025-03-25,1000.00
"LEIDOS, INC.",Leidos Inc. Political Action Committee,Rep. Nikki Budzinski,2025-03-25,1000.00
"LEIDOS, INC.",Leidos Inc. Political Action Committee,Rep. Gilbert Cisneros,2025-03-25,1000.00
"LEIDOS, INC.",Leidos Inc. Political Action Committee,Rep. Jim Clyburn,2025-03-25,1000.00
"LEIDOS, INC.",Leidos Inc. Political Action Committee,Rep. Rich McCormick,2025-03-25,1500.00
"LEIDOS, INC.",Leidos Inc. Political Action Committee,Sen. David McCormick,2025-04-01,-1500.00
"LEIDOS, INC.",Leidos Inc. Political Action Committee,Rep. Mark Amodei,2025-05-13,1000.00
"LEIDOS, INC.",Leidos Inc. Political Action Committee,Sen. Shelley Moore Capito,2025-05-13,4000.00
"LEIDOS, INC.",Leidos Inc. Political Action Committee,Rep. Mike Carey,2025-05-13,1000.00
"LEIDOS, INC.",Leidos Inc. Political Action Committee,Rep. Buddy Carter,2025-05-13,2000.00
"LEIDOS, INC.",Leidos Inc. Political Action Committee,Rep. Rosa DeLauro,2025-05-13,1500.00
"LEIDOS, INC.",Leidos Inc. Political Action Committee,Sen. Cindy Hyde-Smith,2025-05-13,1000.00
"LEIDOS, INC.",Leidos Inc. Political Action Committee,Rep. Steve Womack,2025-05-14,5000.00
"LEIDOS, INC.",Leidos Inc. Political Action Committee,Rep. Nicole Malliotakis,2025-05-13,1000.00
"LEIDOS, INC.",Leidos Inc. Political Action Committee,Rep. Joe Morelle,2025-05-13,1000.00
"LEIDOS, INC.",Leidos Inc. Political Action Committee,Rep. Dan Newhouse,2025-05-13,2500.00
"LEIDOS, INC.",Leidos Inc. Political Action Committee,Rep. Bob Onder,2025-05-13,1000.00
"LEIDOS, INC.",Leidos Inc. Political Action Committee,Rep. Chellie Pingree,2025-05-13,1000.00
"LEIDOS, INC.",Leidos Inc. Political Action Committee,Rep. Guy Reschenthaler,2025-05-13,1000.00
"LEIDOS, INC.",Leidos Inc. Political Action Committee,Rep. Dale Strong,2025-05-13,1000.00
"LEIDOS, INC.",Leidos Inc. Political Action Committee,Rep. David Valadao,2025-05-13,2500.00
"LEIDOS, INC.",Leidos Inc. Political Action Committee,Sen. Mark Warner,2025-05-13,5000.00
"LEIDOS, INC.",Leidos Inc. Political Action Committee,Rep. Rudy Yakym,2025-05-13,1000.00
"LEIDOS, INC.",Leidos Inc. Political Action Committee,Sen. Shelley Moore Capito,2025-05-13,5000.00
"LEIDOS, INC.",Leidos Inc. Political Action Committee,Sen. Bill Cassidy,2025-05-13,1000.00
"LEIDOS, INC.",Leidos Inc. Political Action Committee,Sen. Ted Cruz,2025-05-13,2500.00
"LEIDOS, INC.",Leidos Inc. Political Action Committee,Rep. Brian Babin,2025-05-14,1000.00
"LEIDOS, INC.",Leidos Inc. Political Action Committee,Rep. Don Davis,2025-05-14,1000.00
"LEIDOS, INC.",Leidos Inc. Political Action Committee,Rep. Sarah Elfreth,2025-05-14,2500.00
"LEIDOS, INC.",Leidos Inc. Political Action Committee,Rep. Morgan McGarvey,2025-05-14,1000.00
"LEIDOS, INC.",Leidos Inc. Political Action Committee,Rep. Troy Nehls,2025-05-14,1000.00
"LEIDOS, INC.",Leidos Inc. Political Action Committee,Rep. Hal Rogers,2025-05-14,2500.00
"LEIDOS, INC.",Leidos Inc. Political Action Committee,Rep. Emilia Sykes,2025-05-14,1000.00
"LEIDOS, INC.",Leidos Inc. Political Action Committee,Rep. Mark Takano,2025-05-14,2500.00
"LEIDOS, INC.",Leidos Inc. Political Action Committee,Rep. Steve Womack,2025-05-14,4000.00
"LEIDOS, INC.",Leidos Inc. Political Action Committee,Rep. Jim Clyburn,2025-05-14,2500.00
"LEIDOS, INC.",Leidos Inc. Political Action Committee,Sen. Tim Kaine,2025-05-14,2500.00
"LEIDOS, INC.",Leidos Inc. Political Action Committee,Rep. Rosa DeLauro,2025-06-23,500.00
"LEIDOS, INC.",Leidos Inc. Political Action Committee,Rep. David Valadao,2025-06-23,1000.00
"LEIDOS, INC.",Leidos Inc. Political Action Committee,Rep. Robert Aderholt,2025-06-23,1000.00
"LEIDOS, INC.",Leidos Inc. Political Action Committee,Rep. Pete Aguilar,2025-06-23,1000.00
"LEIDOS, INC.",Leidos Inc. Political Action Committee,Rep. Pete Aguilar,2025-06-23,1000.00
"LEIDOS, INC.",Leidos Inc. Political Action Committee,Rep. Wesley Bell,2025-06-23,1000.00
"LEIDOS, INC.",Leidos Inc. Political Action Committee,Rep. Stephanie Bice,2025-06-23,1000.00
"LEIDOS, INC.",Leidos Inc. Political Action Committee,Rep. Troy Carter,2025-06-23,1000.00
"LEIDOS, INC.",Leidos Inc. Political Action Committee,Rep. Ed Case,2025-06-23,1000.00
"LEIDOS, INC.",Leidos Inc. Political Action Committee,Rep. Ed Case,2025-06-23,1000.00
"LEIDOS, INC.",Leidos Inc. Political Action Committee,Rep. Jim Clyburn,2025-06-23,1000.00
"LEIDOS, INC.",Leidos Inc. Political Action Committee,Rep. Steve Cohen,2025-06-23,1500.00
"LEIDOS, INC.",Leidos Inc. Political Action Committee,Rep. Tom Cole,2025-06-23,1000.00
"LEIDOS, INC.",Leidos Inc. Political Action Committee,Sen. Chris Coons,2025-06-23,1000.00
"LEIDOS, INC.",Leidos Inc. Political Action Committee,Rep. Rosa DeLauro,2025-06-23,1000.00
"LEIDOS, INC.",Leidos Inc. Political Action Committee,Rep. Ron Estes,2025-06-23,1000.00
"LEIDOS, INC.",Leidos Inc. Political Action Committee,Rep. Ashley Hinson,2025-06-23,2000.00
"LEIDOS, INC.",Leidos Inc. Political Action Committee,Rep. Chrissy Houlahan,2025-06-23,1000.00
"LEIDOS, INC.",Leidos Inc. Political Action Committee,Rep. Marcy Kaptur,2025-06-23,2500.00
"LEIDOS, INC.",Leidos Inc. Political Action Committee,Rep. Trent Kelly,2025-06-23,2500.00
"LEIDOS, INC.",Leidos Inc. Political Action Committee,Rep. Jen Kiggans,2025-06-23,1000.00
"LEIDOS, INC.",Leidos Inc. Political Action Committee,Rep. Jennifer McClellan,2025-06-23,2500.00
"LEIDOS, INC.",Leidos Inc. Political Action Committee,Rep. Kristen McDonald Rivet,2025-06-23,1000.00
"LEIDOS, INC.",Leidos Inc. Political Action Committee,Rep. John Moolenaar,2025-06-23,1000.00
"LEIDOS, INC.",Leidos Inc. Political Action Committee,Rep. Riley Moore,2025-06-23,1000.00
"LEIDOS, INC.",Leidos Inc. Political Action Committee,Rep. Troy Nehls,2025-06-23,3000.00
"LEIDOS, INC.",Leidos Inc. Political Action Committee,Rep. Nellie Pou,2025-06-23,1000.00
"LEIDOS, INC.",Leidos Inc. Political Action Committee,Rep. Mike Quigley,2025-06-23,2500.00
"LEIDOS, INC.",Leidos Inc. Political Action Committee,Sen. Jack Reed,2025-06-23,1000.00
"LEIDOS, INC.",Leidos Inc. Political Action Committee,Sen. Mike Rounds,2025-06-23,2000.00
"LEIDOS, INC.",Leidos Inc. Political Action Committee,Rep. Dina Titus,2025-06-23,1000.00
"LEIDOS, INC.",Leidos Inc. Political Action Committee,Rep. Mike Turner,2025-06-23,1000.00
"LEIDOS, INC.",Leidos Inc. Political Action Committee,Rep. Ken Calvert,2025-06-23,5000.00
"LEIDOS, INC.",Leidos Inc. Political Action Committee,Rep. Buddy Carter,2025-06-23,2000.00
"LEIDOS, INC.",Leidos Inc. Political Action Committee,Rep. Rick Larson,2025-06-23,2500.00
"LEIDOS, INC.",Leidos Inc. Political Action Committee,Rep. Troy Nehls,2025-06-23,1000.00
"LEIDOS, INC.",Leidos Inc. Political Action Committee,Rep. Ashley Hinson,2025-06-24,1500.00
"LEIDOS, INC.",Leidos Inc. Political Action Committee,Rep. Mark Amodei,2025-06-24,1000.00
"LEIDOS, INC.",Leidos Inc. Political Action Committee,Rep. Don Beyer,2025-06-24,1000.00
"LEIDOS, INC.",Leidos Inc. Political Action Committee,Rep. Stephanie Bice,2025-06-24,1000.00
"LEIDOS, INC.",Leidos Inc. Political Action Committee,Rep. Mike Bost,2025-06-24,1000.00
"LEIDOS, INC.",Leidos Inc. Political Action Committee,Rep. Mike Carey,2025-06-24,1000.00
"LEIDOS, INC.",Leidos Inc. Political Action Committee,Rep. Joe Courtney,2025-06-24,1000.00
"LEIDOS, INC.",Leidos Inc. Political Action Committee,Rep. Jeff Crank,2025-06-24,1000.00
"LEIDOS, INC.",Leidos Inc. Political Action Committee,Rep. Rick Crawford,2025-06-24,1000.00
"LEIDOS, INC.",Leidos Inc. Political Action Committee,Rep. Suzan DelBene,2025-06-24,1500.00
"LEIDOS, INC.",Leidos Inc. Political Action Committee,Rep. Sarah Elfreth,2025-06-24,1000.00
"LEIDOS, INC.",Leidos Inc. Political Action Committee,Rep. Veronica Escobar,2025-06-24,1000.00
"LEIDOS, INC.",Leidos Inc. Political Action Committee,Rep. Sam Graves,2025-06-24,2500.00
"LEIDOS, INC.",Leidos Inc. Political Action Committee,Rep. Michael Guest,2025-06-24,2500.00
"LEIDOS, INC.",Leidos Inc. Political Action Committee,Rep. Brett Guthrie,2025-06-24,1000.00
"LEIDOS, INC.",Leidos Inc. Political Action Committee,Rep. Abraham Hamadeh,2025-06-24,1000.00
"LEIDOS, INC.",Leidos Inc. Political Action Committee,Rep. Chrissy Houlahan,2025-06-24,1000.00
"LEIDOS, INC.",Leidos Inc. Political Action Committee,Sen. Cindy Hyde-Smith,2025-06-24,1500.00
"LEIDOS, INC.",Leidos Inc. Political Action Committee,Rep. David Joyce,2025-06-24,1000.00
"LEIDOS, INC.",Leidos Inc. Political Action Committee,Rep. Trent Kelly,2025-06-24,1500.00
"LEIDOS, INC.",Leidos Inc. Political Action Committee,Rep. Nick LaLota,2025-06-24,1000.00
"LEIDOS, INC.",Leidos Inc. Political Action Committee,Rep. Kristen McDonald Rivet,2025-06-24,1000.00
"LEIDOS, INC.",Leidos Inc. Political Action Committee,Rep. Gregory Meeks,2025-06-24,1000.00
"LEIDOS, INC.",Leidos Inc. Political Action Committee,Rep. Grace Meng,2025-06-24,1000.00
"LEIDOS, INC.",Leidos Inc. Political Action Committee,Rep. Carol Miller,2025-06-24,1000.00
"LEIDOS, INC.",Leidos Inc. Political Action Committee,Rep. Joe Morelle,2025-06-24,1000.00
"LEIDOS, INC.",Leidos Inc. Political Action Committee,Rep. Seth Moulton,2025-06-24,1500.00
"LEIDOS, INC.",Leidos Inc. Political Action Committee,Rep. Donald Norcross,2025-06-24,1000.00
"LEIDOS, INC.",Leidos Inc. Political Action Committee,Rep. Derek Schmidt,2025-06-24,1000.00
"LEIDOS, INC.",Leidos Inc. Political Action Committee,Rep. Bennie Thompson,2025-06-24,1500.00
"LEIDOS, INC.",Leidos Inc. Political Action Committee,Rep. Dina Titus,2025-06-24,1000.00
"LEIDOS, INC.",Leidos Inc. Political Action Committee,Rep. Joe Wilson,2025-06-24,1000.00
"LEIDOS, INC.",Leidos Inc. Political Action Committee,Rep. Rudy Yakym,2025-06-24,1000.00
"LEIDOS, INC.",Leidos Inc. Political Action Committee,Sen. Chris Coons,2025-06-24,5000.00
"LEIDOS, INC.",Leidos Inc. Political Action Committee,Rep. Mario Diaz-Balart,2025-06-24,5000.00
"LEIDOS, INC.",Leidos Inc. Political Action Committee,Rep. Troy Nehls,2025-06-24,1000.00
"LEIDOS, INC.",Leidos Inc. Political Action Committee,Rep. Andrew Garbarino,2025-02-18,2500.00
"LEIDOS, INC.",Leidos Inc. Political Action Committee,Rep. Sam Graves,2025-02-18,2500.00
"LEIDOS, INC.",Leidos Inc. Political Action Committee,Rep. Michael Guest,2025-02-18,1000.00
"LEIDOS, INC.",Leidos Inc. Political Action Committee,Rep. Ashley Hinson,2025-02-18,3000.00
"LEIDOS, INC.",Leidos Inc. Political Action Committee,Rep. Trent Kelly,2025-02-18,1000.00
"LEIDOS, INC.",Leidos Inc. Political Action Committee,Rep. David Kustoff,2025-02-18,3000.00
"LEIDOS, INC.",Leidos Inc. Political Action Committee,Democratic Senatorial Campaign Committee,2025-01-29,15000.00
"LEIDOS, INC.",Leidos Inc. Political Action Committee,National Republican Senatorial Committee,2025-01-29,15000.00
"LEIDOS, INC.",Leidos Inc. Political Action Committee,Democratic Senatorial Campaign Committee,2025-01-30,15000.00
"LEIDOS, INC.",Leidos Inc. Political Action Committee,National Republican Senatorial Committee,2025-01-30,15000.00
"LEIDOS, INC.",Leidos Inc. Political Action Committee,Rep. Wesley Bell,2025-02-18,1000.00
"LEIDOS, INC.",Leidos Inc. Political Action Committee,Rep. Juan Ciscomani,2025-02-18,1000.00
"LEIDOS, INC.",Leidos Inc. Political Action Committee,Rep. Steve Cohen,2025-02-18,1000.00
"LEIDOS, INC.",Leidos Inc. Political Action Committee,Rep. Tom Cole,2025-02-18,2500.00
"LEIDOS, INC.",Leidos Inc. Political Action Committee,Rep. Herb Conaway,2025-02-18,1000.00
"LEIDOS, INC.",Leidos Inc. Political Action Committee,Rep. Julia Letlow,2025-02-18,1000.00
"LEIDOS, INC.",Leidos Inc. Political Action Committee,Rep. Seth Magaziner,2025-02-18,1000.00
"LEIDOS, INC.",Leidos Inc. Political Action Committee,Rep. Jennifer McClellan,2025-02-18,1000.00
"LEIDOS, INC.",Leidos Inc. Political Action Committee,Rep. Carol Miller,2025-02-18,3000.00
"LEIDOS, INC.",Leidos Inc. Political Action Committee,Rep. Dan Newhouse,2025-02-18,1000.00
"LEIDOS, INC.",Leidos Inc. Political Action Committee,Rep. David Rouzer,2025-02-18,1000.00
"LEIDOS, INC.",Leidos Inc. Political Action Committee,Rep. Dale Strong,2025-02-18,1000.00
"LEIDOS, INC.",Leidos Inc. Political Action Committee,Rep. Norma Torres,2025-02-18,1000.00
"LEIDOS, INC.",Leidos Inc. Political Action Committee,Rep. David Valadao,2025-02-18,2500.00
"LEIDOS, INC.",Leidos Inc. Political Action Committee,Rep. Rob Wittman,2025-02-18,5000.00
"LEIDOS, INC.",Leidos Inc. Political Action Committee,Rep. Jim Clyburn,2025-02-18,2500.00
"LEIDOS, INC.",Leidos Inc. Political Action Committee,Sen. Lisa Murkowski,2025-02-18,1000.00
"LEIDOS, INC.",Leidos Inc. Political Action Committee,Sen. Brian Shatz,2025-02-18,1000.00
"LEIDOS, INC.",Leidos Inc. Political Action Committee,Sen. Roger Wicker,2025-02-18,5000.00
"LEIDOS, INC.",Leidos Inc. Political Action Committee,Rep. Robert Aderholt,2025-03-10,1000.00
"LEIDOS, INC.",Leidos Inc. Political Action Committee,Rep. Jack Bergman,2025-03-10,1500.00
"LEIDOS, INC.",Leidos Inc. Political Action Committee,Rep. Stephanie Bice,2025-03-10,1000.00
"LEIDOS, INC.",Leidos Inc. Political Action Committee,Rep. Mike Bost,2025-03-10,1000.00
"LEIDOS, INC.",Leidos Inc. Political Action Committee,Rep. Mike Carey,2025-03-10,1000.00
"LEIDOS, INC.",Leidos Inc. Political Action Committee,Rep. Joe Courtney,2025-03-10,1000.00
"LEIDOS, INC.",Leidos Inc. Political Action Committee,Rep. Jeff Crank,2025-03-10,2500.00
"LEIDOS, INC.",Leidos Inc. Political Action Committee,Rep. Rosa DeLauro,2025-03-10,2500.00
"LEIDOS, INC.",Leidos Inc. Political Action Committee,Rep. Sarah Elfreth,2025-03-10,1000.00
"LEIDOS, INC.",Leidos Inc. Political Action Committee,Rep. Chuck Fleischmann,2025-03-10,1000.00
"LEIDOS, INC.",Leidos Inc. Political Action Committee,Rep. David Joyce,2025-03-10,1000.00
"LEIDOS, INC.",Leidos Inc. Political Action Committee,Rep. Marcy Kaptur,2025-03-10,1000.00
"LEIDOS, INC.",Leidos Inc. Political Action Committee,Rep. Susie Lee,2025-03-10,4000.00
"LEIDOS, INC.",Leidos Inc. Political Action Committee,Rep. Julia Letlow,2025-03-10,3500.00
"LEIDOS, INC.",Leidos Inc. Political Action Committee,Sen. David McCormick,2025-03-10,1500.00
"LEIDOS, INC.",Leidos Inc. Political Action Committee,Rep. Troy Nehls,2025-03-10,1000.00
"LEIDOS, INC.",Leidos Inc. Political Action Committee,Rep. Jimmy Panetta,2025-03-10,1000.00
"LEIDOS, INC.",Leidos Inc. Political Action Committee,Rep. John Rutherford,2025-03-10,5000.00
"LEIDOS, INC.",Leidos Inc. Political Action Committee,Rep. Dale Strong,2025-03-10,1000.00
"LEIDOS, INC.",Leidos Inc. Political Action Committee,Rep. Beth Van Duyne,2025-03-10,1000.00
"LEIDOS, INC.",Leidos Inc. Political Action Committee,Sen. Bill Cassidy,2025-03-10,1000.00
"LEIDOS, INC.",Leidos Inc. Political Action Committee,Sen. Tim Kaine,2025-03-10,2500.00
"LEIDOS, INC.",Leidos Inc. Political Action Committee,Rep. John Rutherford,2025-03-10,5000.00
"LEIDOS, INC.",Leidos Inc. Political Action Committee,Democratic Congressional Campaign Committee,2025-03-10,15000.00
"LEIDOS, INC.",Leidos Inc. Political Action Committee,National Republican Congressional Committee,2025-03-10,15000.00
"LEIDOS, INC.",Leidos Inc. Political Action Committee,Rep. John McGuire,2025-03-14,1000.00
"LEIDOS, INC.",Leidos Inc. Political Action Committee,Rep. Steve Womack,2025-03-14,1000.00
"LEIDOS, INC.",Leidos Inc. Political Action Committee,Rep. John Boozman,2025-03-24,1000.00
"LEIDOS, INC.",Leidos Inc. Political Action Committee,Rep. Gabe Amo,2025-03-24,1000.00
"LEIDOS, INC.",Leidos Inc. Political Action Committee,Rep. Nicholas Begich,2025-03-24,1000.00
"LEIDOS, INC.",Leidos Inc. Political Action Committee,Rep. Don Beyer,2025-03-24,1000.00
"LEIDOS, INC.",Leidos Inc. Political Action Committee,Rep. Ken Calvert,2025-03-24,2500.00
"LEIDOS, INC.",Leidos Inc. Political Action Committee,Sen. Shelley Moore Capito,2025-03-24,1000.00
"LEIDOS, INC.",Leidos Inc. Political Action Committee,Rep. Ben Cline,2025-03-24,1000.00
"LEIDOS, INC.",Leidos Inc. Political Action Committee,Rep. Madeleine Dean,2025-03-24,1000.00
"LEIDOS, INC.",Leidos Inc. Political Action Committee,Rep. Jake Ellzey,2025-03-24,1000.00
"LEIDOS, INC.",Leidos Inc. Political Action Committee,Rep. Mike Ezell,2025-03-24,1000.00
"LEIDOS, INC.",Leidos Inc. Political Action Committee,Sen. Cindy Hyde-Smith,2025-03-24,2500.00
"LEIDOS, INC.",Leidos Inc. Political Action Committee,Rep. Glenn F. Ivey,2025-03-24,1000.00
"LEIDOS, INC.",Leidos Inc. Political Action Committee,Rep. Chellie Pingree,2025-03-24,1000.00
"LEIDOS, INC.",Leidos Inc. Political Action Committee,Rep. Mike Simpson,2025-03-24,1000.00
"LEIDOS, INC.",Leidos Inc. Political Action Committee,Rep. Marilyn Strickland,2025-03-24,1000.00
"LEIDOS, INC.",Leidos Inc. Political Action Committee,Rep. Dale Strong,2025-03-24,1000.00
"LEIDOS, INC.",Leidos Inc. Political Action Committee,Rep. Eugene Vindman,2025-03-24,1000.00
"LEIDOS, INC.",Leidos Inc. Political Action Committee,Rep. Debbie Wasserman Schultz,2025-03-24,1000.00
"LEIDOS, INC.",Leidos Inc. Political Action Committee,Rep. Julia Brownley,2025-03-25,1000.00
"LEIDOS, INC.",Leidos Inc. Political Action Committee,Rep. Nikki Budzinski,2025-03-25,1000.00
"LEIDOS, INC.",Leidos Inc. Political Action Committee,Rep. Gilbert Cisneros,2025-03-25,1000.00
"LEIDOS, INC.",Leidos Inc. Political Action Committee,Rep. Jim Clyburn,2025-03-25,1000.00
"LEIDOS, INC.",Leidos Inc. Political Action Committee,Rep. Rich McCormick,2025-03-25,1500.00
"LEIDOS, INC.",Leidos Inc. Political Action Committee,Sen. David McCormick,2025-04-01,-1500.00
"LEIDOS, INC.",Leidos Inc. Political Action Committee,Rep. Mark Amodei,2025-05-13,1000.00
"LEIDOS, INC.",Leidos Inc. Political Action Committee,Sen. Shelley Moore Capito,2025-05-13,4000.00
"LEIDOS, INC.",Leidos Inc. Political Action Committee,Rep. Mike Carey,2025-05-13,1000.00
"LEIDOS, INC.",Leidos Inc. Political Action Committee,Rep. Buddy Carter,2025-05-13,2000.00
"LEIDOS, INC.",Leidos Inc. Political Action Committee,Rep. Rosa DeLauro,2025-05-13,1500.00
"LEIDOS, INC.",Leidos Inc. Political Action Committee,Sen. Cindy Hyde-Smith,2025-05-13,1000.00
"LEIDOS, INC.",Leidos Inc. Political Action Committee,Rep. Steve Womack,2025-05-14,5000.00
"LEIDOS, INC.",Leidos Inc. Political Action Committee,Rep. Nicole Malliotakis,2025-05-13,1000.00
"LEIDOS, INC.",Leidos Inc. Political Action Committee,Rep. Joe Morelle,2025-05-13,1000.00
"LEIDOS, INC.",Leidos Inc. Political Action Committee,Rep. Dan Newhouse,2025-05-13,2500.00
"LEIDOS, INC.",Leidos Inc. Political Action Committee,Rep. Bob Onder,2025-05-13,1000.00
"LEIDOS, INC.",Leidos Inc. Political Action Committee,Rep. Chellie Pingree,2025-05-13,1000.00
"LEIDOS, INC.",Leidos Inc. Political Action Committee,Rep. Guy Reschenthaler,2025-05-13,1000.00
"LEIDOS, INC.",Leidos Inc. Political Action Committee,Rep. Dale Strong,2025-05-13,1000.00
"LEIDOS, INC.",Leidos Inc. Political Action Committee,Rep. David Valadao,2025-05-13,2500.00
"LEIDOS, INC.",Leidos Inc. Political Action Committee,Sen. Mark Warner,2025-05-13,5000.00
"LEIDOS, INC.",Leidos Inc. Political Action Committee,Rep. Rudy Yakym,2025-05-13,1000.00
"LEIDOS, INC.",Leidos Inc. Political Action Committee,Sen. Shelley Moore Capito,2025-05-13,5000.00
"LEIDOS, INC.",Leidos Inc. Political Action Committee,Sen. Bill Cassidy,2025-05-13,1000.00
"LEIDOS, INC.",Leidos Inc. Political Action Committee,Sen. Ted Cruz,2025-05-13,2500.00
"LEIDOS, INC.",Leidos Inc. Political Action Committee,Rep. Brian Babin,2025-05-14,1000.00
"LEIDOS, INC.",Leidos Inc. Political Action Committee,Rep. Don Davis,2025-05-14,1000.00
"LEIDOS, INC.",Leidos Inc. Political Action Committee,Rep. Sarah Elfreth,2025-05-14,2500.00
"LEIDOS, INC.",Leidos Inc. Political Action Committee,Rep. Morgan McGarvey,2025-05-14,1000.00
"LEIDOS, INC.",Leidos Inc. Political Action Committee,Rep. Troy Nehls,2025-05-14,1000.00
"LEIDOS, INC.",Leidos Inc. Political Action Committee,Rep. Hal Rogers,2025-05-14,2500.00
"LEIDOS, INC.",Leidos Inc. Political Action Committee,Rep. Emilia Sykes,2025-05-14,1000.00
"LEIDOS, INC.",Leidos Inc. Political Action Committee,Rep. Mark Takano,2025-05-14,2500.00
"LEIDOS, INC.",Leidos Inc. Political Action Committee,Rep. Steve Womack,2025-05-14,4000.00
"LEIDOS, INC.",Leidos Inc. Political Action Committee,Rep. Jim Clyburn,2025-05-14,2500.00
"LEIDOS, INC.",Leidos Inc. Political Action Committee,Sen. Tim Kaine,2025-05-14,2500.00
"LEIDOS, INC.",Leidos Inc. Political Action Committee,Rep. Rosa DeLauro,2025-06-23,500.00
"LEIDOS, INC.",Leidos Inc. Political Action Committee,Rep. David Valadao,2025-06-23,1000.00
"LEIDOS, INC.",Leidos Inc. Political Action Committee,Rep. Robert Aderholt,2025-06-23,1000.00
"LEIDOS, INC.",Leidos Inc. Political Action Committee,Rep. Pete Aguilar,2025-06-23,1000.00
"LEIDOS, INC.",Leidos Inc. Political Action Committee,Rep. Pete Aguilar,2025-06-23,1000.00
"LEIDOS, INC.",Leidos Inc. Political Action Committee,Rep. Wesley Bell,2025-06-23,1000.00
"LEIDOS, INC.",Leidos Inc. Political Action Committee,Rep. Stephanie Bice,2025-06-23,1000.00
"LEIDOS, INC.",Leidos Inc. Political Action Committee,Rep. Troy Carter,2025-06-23,1000.00
"LEIDOS, INC.",Leidos Inc. Political Action Committee,Rep. Ed Case,2025-06-23,1000.00
"LEIDOS, INC.",Leidos Inc. Political Action Committee,Rep. Ed Case,2025-06-23,1000.00
"LEIDOS, INC.",Leidos Inc. Political Action Committee,Rep. Jim Clyburn,2025-06-23,1000.00
"LEIDOS, INC.",Leidos Inc. Political Action Committee,Rep. Steve Cohen,2025-06-23,1500.00
"LEIDOS, INC.",Leidos Inc. Political Action Committee,Rep. Tom Cole,2025-06-23,1000.00
"LEIDOS, INC.",Leidos Inc. Political Action Committee,Sen. Chris Coons,2025-06-23,1000.00
"LEIDOS, INC.",Leidos Inc. Political Action Committee,Rep. Rosa DeLauro,2025-06-23,1000.00
"LEIDOS, INC.",Leidos Inc. Political Action Committee,Rep. Ron Estes,2025-06-23,1000.00
"LEIDOS, INC.",Leidos Inc. Political Action Committee,Rep. Ashley Hinson,2025-06-23,2000.00
"LEIDOS, INC.",Leidos Inc. Political Action Committee,Rep. Chrissy Houlahan,2025-06-23,1000.00
"LEIDOS, INC.",Leidos Inc. Political Action Committee,Rep. Marcy Kaptur,2025-06-23,2500.00
"LEIDOS, INC.",Leidos Inc. Political Action Committee,Rep. Trent Kelly,2025-06-23,2500.00
"LEIDOS, INC.",Leidos Inc. Political Action Committee,Rep. Jen Kiggans,2025-06-23,1000.00
"LEIDOS, INC.",Leidos Inc. Political Action Committee,Rep. Jennifer McClellan,2025-06-23,2500.00
"LEIDOS, INC.",Leidos Inc. Political Action Committee,Rep. Kristen McDonald Rivet,2025-06-23,1000.00
"LEIDOS, INC.",Leidos Inc. Political Action Committee,Rep. John Moolenaar,2025-06-23,1000.00
"LEIDOS, INC.",Leidos Inc. Political Action Committee,Rep. Riley Moore,2025-06-23,1000.00
"LEIDOS, INC.",Leidos Inc. Political Action Committee,Rep. Troy Nehls,2025-06-23,3000.00
"LEIDOS, INC.",Leidos Inc. Political Action Committee,Rep. Nellie Pou,2025-06-23,1000.00
"LEIDOS, INC.",Leidos Inc. Political Action Committee,Rep. Mike Quigley,2025-06-23,2500.00
"LEIDOS, INC.",Leidos Inc. Political Action Committee,Sen. Jack Reed,2025-06-23,1000.00
"LEIDOS, INC.",Leidos Inc. Political Action Committee,Sen. Mike Rounds,2025-06-23,2000.00
"LEIDOS, INC.",Leidos Inc. Political Action Committee,Rep. Dina Titus,2025-06-23,1000.00
"LEIDOS, INC.",Leidos Inc. Political Action Committee,Rep. Mike Turner,2025-06-23,1000.00
"LEIDOS, INC.",Leidos Inc. Political Action Committee,Rep. Ken Calvert,2025-06-23,5000.00
"LEIDOS, INC.",Leidos Inc. Political Action Committee,Rep. Buddy Carter,2025-06-23,2000.00
"LEIDOS, INC.",Leidos Inc. Political Action Committee,Rep. Rick Larson,2025-06-23,2500.00
"LEIDOS, INC.",Leidos Inc. Political Action Committee,Rep. Troy Nehls,2025-06-23,1000.00
"LEIDOS, INC.",Leidos Inc. Political Action Committee,Rep. Ashley Hinson,2025-06-24,1500.00
"LEIDOS, INC.",Leidos Inc. Political Action Committee,Rep. Mark Amodei,2025-06-24,1000.00
"LEIDOS, INC.",Leidos Inc. Political Action Committee,Rep. Don Beyer,2025-06-24,1000.00
"LEIDOS, INC.",Leidos Inc. Political Action Committee,Rep. Stephanie Bice,2025-06-24,1000.00
"LEIDOS, INC.",Leidos Inc. Political Action Committee,Rep. Mike Bost,2025-06-24,1000.00
"LEIDOS, INC.",Leidos Inc. Political Action Committee,Rep. Mike Carey,2025-06-24,1000.00
"LEIDOS, INC.",Leidos Inc. Political Action Committee,Rep. Joe Courtney,2025-06-24,1000.00
"LEIDOS, INC.",Leidos Inc. Political Action Committee,Rep. Jeff Crank,2025-06-24,1000.00
"LEIDOS, INC.",Leidos Inc. Political Action Committee,Rep. Rick Crawford,2025-06-24,1000.00
"LEIDOS, INC.",Leidos Inc. Political Action Committee,Rep. Suzan DelBene,2025-06-24,1500.00
"LEIDOS, INC.",Leidos Inc. Political Action Committee,Rep. Sarah Elfreth,2025-06-24,1000.00
"LEIDOS, INC.",Leidos Inc. Political Action Committee,Rep. Veronica Escobar,2025-06-24,1000.00
"LEIDOS, INC.",Leidos Inc. Political Action Committee,Rep. Sam Graves,2025-06-24,2500.00
"LEIDOS, INC.",Leidos Inc. Political Action Committee,Rep. Michael Guest,2025-06-24,2500.00
"LEIDOS, INC.",Leidos Inc. Political Action Committee,Rep. Brett Guthrie,2025-06-24,1000.00
"LEIDOS, INC.",Leidos Inc. Political Action Committee,Rep. Abraham Hamadeh,2025-06-24,1000.00
"LEIDOS, INC.",Leidos Inc. Political Action Committee,Rep. Chrissy Houlahan,2025-06-24,1000.00
"LEIDOS, INC.",Leidos Inc. Political Action Committee,Sen. Cindy Hyde-Smith,2025-06-24,1500.00
"LEIDOS, INC.",Leidos Inc. Political Action Committee,Rep. David Joyce,2025-06-24,1000.00
"LEIDOS, INC.",Leidos Inc. Political Action Committee,Rep. Trent Kelly,2025-06-24,1500.00
"LEIDOS, INC.",Leidos Inc. Political Action Committee,Rep. Nick LaLota,2025-06-24,1000.00
"LEIDOS, INC.",Leidos Inc. Political Action Committee,Rep. Kristen McDonald Rivet,2025-06-24,1000.00
"LEIDOS, INC.",Leidos Inc. Political Action Committee,Rep. Gregory Meeks,2025-06-24,1000.00
"LEIDOS, INC.",Leidos Inc. Political Action Committee,Rep. Grace Meng,2025-06-24,1000.00
"LEIDOS, INC.",Leidos Inc. Political Action Committee,Rep. Carol Miller,2025-06-24,1000.00
"LEIDOS, INC.",Leidos Inc. Political Action Committee,Rep. Joe Morelle,2025-06-24,1000.00
"LEIDOS, INC.",Leidos Inc. Political Action Committee,Rep. Seth Moulton,2025-06-24,1500.00
"LEIDOS, INC.",Leidos Inc. Political Action Committee,Rep. Donald Norcross,2025-06-24,1000.00
"LEIDOS, INC.",Leidos Inc. Political Action Committee,Rep. Derek Schmidt,2025-06-24,1000.00
"LEIDOS, INC.",Leidos Inc. Political Action Committee,Rep. Bennie Thompson,2025-06-24,1500.00
"LEIDOS, INC.",Leidos Inc. Political Action Committee,Rep. Dina Titus,2025-06-24,1000.00
"LEIDOS, INC.",Leidos Inc. Political Action Committee,Rep. Joe Wilson,2025-06-24,1000.00
"LEIDOS, INC.",Leidos Inc. Political Action Committee,Rep. Rudy Yakym,2025-06-24,1000.00
"LEIDOS, INC.",Leidos Inc. Political Action Committee,Sen. Chris Coons,2025-06-24,5000.00
"LEIDOS, INC.",Leidos Inc. Political Action Committee,Rep. Mario Diaz-Balart,2025-06-24,5000.00
"LEIDOS, INC.",Leidos Inc. Political Action Committee,Rep. Troy Nehls,2025-06-24,1000.00
"LEIDOS, INC.",Leidos Inc. Political Action Committee,Rep. Andrew Garbarino,2025-02-18,2500.00
"LEIDOS, INC.",Leidos Inc. Political Action Committee,Rep. Sam Graves,2025-02-18,2500.00
"LEIDOS, INC.",Leidos Inc. Political Action Committee,Rep. Michael Guest,2025-02-18,1000.00
"LEIDOS, INC.",Leidos Inc. Political Action Committee,Rep. Ashley Hinson,2025-02-18,3000.00
"LEIDOS, INC.",Leidos Inc. Political Action Committee,Rep. Trent Kelly,2025-02-18,1000.00
"LEIDOS, INC.",Leidos Inc. Political Action Committee,Rep. David Kustoff,2025-02-18,3000.00
"LEIDOS, INC.",Leidos Inc. Political Action Committee,Democratic Senatorial Campaign Committee,2025-01-29,15000.00
"LEIDOS, INC.",Leidos Inc. Political Action Committee,National Republican Senatorial Committee,2025-01-29,15000.00
"LEIDOS, INC.",Leidos Inc. Political Action Committee,Democratic Senatorial Campaign Committee,2025-01-30,15000.00
"LEIDOS, INC.",Leidos Inc. Political Action Committee,National Republican Senatorial Committee,2025-01-30,15000.00
"LEIDOS, INC.",Leidos Inc. Political Action Committee,Rep. Wesley Bell,2025-02-18,1000.00
"LEIDOS, INC.",Leidos Inc. Political Action Committee,Rep. Juan Ciscomani,2025-02-18,1000.00
"LEIDOS, INC.",Leidos Inc. Political Action Committee,Rep. Steve Cohen,2025-02-18,1000.00
"LEIDOS, INC.",Leidos Inc. Political Action Committee,Rep. Tom Cole,2025-02-18,2500.00
"LEIDOS, INC.",Leidos Inc. Political Action Committee,Rep. Herb Conaway,2025-02-18,1000.00
"LEIDOS, INC.",Leidos Inc. Political Action Committee,Rep. Julia Letlow,2025-02-18,1000.00
"LEIDOS, INC.",Leidos Inc. Political Action Committee,Rep. Seth Magaziner,2025-02-18,1000.00
"LEIDOS, INC.",Leidos Inc. Political Action Committee,Rep. Jennifer McClellan,2025-02-18,1000.00
"LEIDOS, INC.",Leidos Inc. Political Action Committee,Rep. Carol Miller,2025-02-18,3000.00
"LEIDOS, INC.",Leidos Inc. Political Action Committee,Rep. Dan Newhouse,2025-02-18,1000.00
"LEIDOS, INC.",Leidos Inc. Political Action Committee,Rep. David Rouzer,2025-02-18,1000.00
"LEIDOS, INC.",Leidos Inc. Political Action Committee,Rep. Dale Strong,2025-02-18,1000.00
"LEIDOS, INC.",Leidos Inc. Political Action Committee,Rep. Norma Torres,2025-02-18,1000.00
"LEIDOS, INC.",Leidos Inc. Political Action Committee,Rep. David Valadao,2025-02-18,2500.00
"LEIDOS, INC.",Leidos Inc. Political Action Committee,Rep. Rob Wittman,2025-02-18,5000.00
"LEIDOS, INC.",Leidos Inc. Political Action Committee,Rep. Jim Clyburn,2025-02-18,2500.00
"LEIDOS, INC.",Leidos Inc. Political Action Committee,Sen. Lisa Murkowski,2025-02-18,1000.00
"LEIDOS, INC.",Leidos Inc. Political Action Committee,Sen. Brian Shatz,2025-02-18,1000.00
"LEIDOS, INC.",Leidos Inc. Political Action Committee,Sen. Roger Wicker,2025-02-18,5000.00
"LEIDOS, INC.",Leidos Inc. Political Action Committee,Rep. Robert Aderholt,2025-03-10,1000.00
"LEIDOS, INC.",Leidos Inc. Political Action Committee,Rep. Jack Bergman,2025-03-10,1500.00
"LEIDOS, INC.",Leidos Inc. Political Action Committee,Rep. Stephanie Bice,2025-03-10,1000.00
"LEIDOS, INC.",Leidos Inc. Political Action Committee,Rep. Mike Bost,2025-03-10,1000.00
"LEIDOS, INC.",Leidos Inc. Political Action Committee,Rep. Mike Carey,2025-03-10,1000.00
"LEIDOS, INC.",Leidos Inc. Political Action Committee,Rep. Joe Courtney,2025-03-10,1000.00
"LEIDOS, INC.",Leidos Inc. Political Action Committee,Rep. Jeff Crank,2025-03-10,2500.00
"LEIDOS, INC.",Leidos Inc. Political Action Committee,Rep. Rosa DeLauro,2025-03-10,2500.00
"LEIDOS, INC.",Leidos Inc. Political Action Committee,Rep. Sarah Elfreth,2025-03-10,1000.00
"LEIDOS, INC.",Leidos Inc. Political Action Committee,Rep. Chuck Fleischmann,2025-03-10,1000.00
"LEIDOS, INC.",Leidos Inc. Political Action Committee,Rep. David Joyce,2025-03-10,1000.00
"LEIDOS, INC.",Leidos Inc. Political Action Committee,Rep. Marcy Kaptur,2025-03-10,1000.00
"LEIDOS, INC.",Leidos Inc. Political Action Committee,Rep. Susie Lee,2025-03-10,4000.00
"LEIDOS, INC.",Leidos Inc. Political Action Committee,Rep. Julia Letlow,2025-03-10,3500.00
"LEIDOS, INC.",Leidos Inc. Political Action Committee,Sen. David McCormick,2025-03-10,1500.00
"LEIDOS, INC.",Leidos Inc. Political Action Committee,Rep. Troy Nehls,2025-03-10,1000.00
"LEIDOS, INC.",Leidos Inc. Political Action Committee,Rep. Jimmy Panetta,2025-03-10,1000.00
"LEIDOS, INC.",Leidos Inc. Political Action Committee,Rep. John Rutherford,2025-03-10,5000.00
"LEIDOS, INC.",Leidos Inc. Political Action Committee,Rep. Dale Strong,2025-03-10,1000.00
"LEIDOS, INC.",Leidos Inc. Political Action Committee,Rep. Beth Van Duyne,2025-03-10,1000.00
"LEIDOS, INC.",Leidos Inc. Political Action Committee,Sen. Bill Cassidy,2025-03-10,1000.00
"LEIDOS, INC.",Leidos Inc. Political Action Committee,Sen. Tim Kaine,2025-03-10,2500.00
"LEIDOS, INC.",Leidos Inc. Political Action Committee,Rep. John Rutherford,2025-03-10,5000.00
"LEIDOS, INC.",Leidos Inc. Political Action Committee,Democratic Congressional Campaign Committee,2025-03-10,15000.00
"LEIDOS, INC.",Leidos Inc. Political Action Committee,National Republican Congressional Committee,2025-03-10,15000.00
"LEIDOS, INC.",Leidos Inc. Political Action Committee,Rep. John McGuire,2025-03-14,1000.00
"LEIDOS, INC.",Leidos Inc. Political Action Committee,Rep. Steve Womack,2025-03-14,1000.00
"LEIDOS, INC.",Leidos Inc. Political Action Committee,Rep. John Boozman,2025-03-24,1000.00
"LEIDOS, INC.",Leidos Inc. Political Action Committee,Rep. Gabe Amo,2025-03-24,1000.00
"LEIDOS, INC.",Leidos Inc. Political Action Committee,Rep. Nicholas Begich,2025-03-24,1000.00
"LEIDOS, INC.",Leidos Inc. Political Action Committee,Rep. Don Beyer,2025-03-24,1000.00
"LEIDOS, INC.",Leidos Inc. Political Action Committee,Rep. Ken Calvert,2025-03-24,2500.00
"LEIDOS, INC.",Leidos Inc. Political Action Committee,Sen. Shelley Moore Capito,2025-03-24,1000.00
"LEIDOS, INC.",Leidos Inc. Political Action Committee,Rep. Ben Cline,2025-03-24,1000.00
"LEIDOS, INC.",Leidos Inc. Political Action Committee,Rep. Madeleine Dean,2025-03-24,1000.00
"LEIDOS, INC.",Leidos Inc. Political Action Committee,Rep. Jake Ellzey,2025-03-24,1000.00
"LEIDOS, INC.",Leidos Inc. Political Action Committee,Rep. Mike Ezell,2025-03-24,1000.00
"LEIDOS, INC.",Leidos Inc. Political Action Committee,Sen. Cindy Hyde-Smith,2025-03-24,2500.00
"LEIDOS, INC.",Leidos Inc. Political Action Committee,Rep. Glenn F. Ivey,2025-03-24,1000.00
"LEIDOS, INC.",Leidos Inc. Political Action Committee,Rep. Chellie Pingree,2025-03-24,1000.00
"LEIDOS, INC.",Leidos Inc. Political Action Committee,Rep. Mike Simpson,2025-03-24,1000.00
"LEIDOS, INC.",Leidos Inc. Political Action Committee,Rep. Marilyn Strickland,2025-03-24,1000.00
"LEIDOS, INC.",Leidos Inc. Political Action Committee,Rep. Dale Strong,2025-03-24,1000.00
"LEIDOS, INC.",Leidos Inc. Political Action Committee,Rep. Eugene Vindman,2025-03-24,1000.00
"LEIDOS, INC.",Leidos Inc. Political Action Committee,Rep. Debbie Wasserman Schultz,2025-03-24,1000.00
"LEIDOS, INC.",Leidos Inc. Political Action Committee,Rep. Julia Brownley,2025-03-25,1000.00
"LEIDOS, INC.",Leidos Inc. Political Action Committee,Rep. Nikki Budzinski,2025-03-25,1000.00
"LEIDOS, INC.",Leidos Inc. Political Action Committee,Rep. Gilbert Cisneros,2025-03-25,1000.00
"LEIDOS, INC.",Leidos Inc. Political Action Committee,Rep. Jim Clyburn,2025-03-25,1000.00
"LEIDOS, INC.",Leidos Inc. Political Action Committee,Rep. Rich McCormick,2025-03-25,1500.00
"LEIDOS, INC.",Leidos Inc. Political Action Committee,Sen. David McCormick,2025-04-01,-1500.00
"LEIDOS, INC.",Leidos Inc. Political Action Committee,Rep. Mark Amodei,2025-05-13,1000.00
"LEIDOS, INC.",Leidos Inc. Political Action Committee,Sen. Shelley Moore Capito,2025-05-13,4000.00
"LEIDOS, INC.",Leidos Inc. Political Action Committee,Rep. Mike Carey,2025-05-13,1000.00
"LEIDOS, INC.",Leidos Inc. Political Action Committee,Rep. Buddy Carter,2025-05-13,2000.00
"LEIDOS, INC.",Leidos Inc. Political Action Committee,Rep. Rosa DeLauro,2025-05-13,1500.00
"LEIDOS, INC.",Leidos Inc. Political Action Committee,Sen. Cindy Hyde-Smith,2025-05-13,1000.00
"LEIDOS, INC.",Leidos Inc. Political Action Committee,Rep. Steve Womack,2025-05-14,5000.00
"LEIDOS, INC.",Leidos Inc. Political Action Committee,Rep. Nicole Malliotakis,2025-05-13,1000.00
"LEIDOS, INC.",Leidos Inc. Political Action Committee,Rep. Joe Morelle,2025-05-13,1000.00
"LEIDOS, INC.",Leidos Inc. Political Action Committee,Rep. Dan Newhouse,2025-05-13,2500.00
"LEIDOS, INC.",Leidos Inc. Political Action Committee,Rep. Bob Onder,2025-05-13,1000.00
"LEIDOS, INC.",Leidos Inc. Political Action Committee,Rep. Chellie Pingree,2025-05-13,1000.00
"LEIDOS, INC.",Leidos Inc. Political Action Committee,Rep. Guy Reschenthaler,2025-05-13,1000.00
"LEIDOS, INC.",Leidos Inc. Political Action Committee,Rep. Dale Strong,2025-05-13,1000.00
"LEIDOS, INC.",Leidos Inc. Political Action Committee,Rep. David Valadao,2025-05-13,2500.00
"LEIDOS, INC.",Leidos Inc. Political Action Committee,Sen. Mark Warner,2025-05-13,5000.00
"LEIDOS, INC.",Leidos Inc. Political Action Committee,Rep. Rudy Yakym,2025-05-13,1000.00
"LEIDOS, INC.",Leidos Inc. Political Action Committee,Sen. Shelley Moore Capito,2025-05-13,5000.00
"LEIDOS, INC.",Leidos Inc. Political Action Committee,Sen. Bill Cassidy,2025-05-13,1000.00
"LEIDOS, INC.",Leidos Inc. Political Action Committee,Sen. Ted Cruz,2025-05-13,2500.00
"LEIDOS, INC.",Leidos Inc. Political Action Committee,Rep. Brian Babin,2025-05-14,1000.00
"LEIDOS, INC.",Leidos Inc. Political Action Committee,Rep. Don Davis,2025-05-14,1000.00
"LEIDOS, INC.",Leidos Inc. Political Action Committee,Rep. Sarah Elfreth,2025-05-14,2500.00
"LEIDOS, INC.",Leidos Inc. Political Action Committee,Rep. Morgan McGarvey,2025-05-14,1000.00
"LEIDOS, INC.",Leidos Inc. Political Action Committee,Rep. Troy Nehls,2025-05-14,1000.00
"LEIDOS, INC.",Leidos Inc. Political Action Committee,Rep. Hal Rogers,2025-05-14,2500.00
"LEIDOS, INC.",Leidos Inc. Political Action Committee,Rep. Emilia Sykes,2025-05-14,1000.00
"LEIDOS, INC.",Leidos Inc. Political Action Committee,Rep. Mark Takano,2025-05-14,2500.00
"LEIDOS, INC.",Leidos Inc. Political Action Committee,Rep. Steve Womack,2025-05-14,4000.00
"LEIDOS, INC.",Leidos Inc. Political Action Committee,Rep. Jim Clyburn,2025-05-14,2500.00
"LEIDOS, INC.",Leidos Inc. Political Action Committee,Sen. Tim Kaine,2025-05-14,2500.00
"LEIDOS, INC.",Leidos Inc. Political Action Committee,Rep. Rosa DeLauro,2025-06-23,500.00
"LEIDOS, INC.",Leidos Inc. Political Action Committee,Rep. David Valadao,2025-06-23,1000.00
"LEIDOS, INC.",Leidos Inc. Political Action Committee,Rep. Robert Aderholt,2025-06-23,1000.00
"LEIDOS, INC.",Leidos Inc. Political Action Committee,Rep. Pete Aguilar,2025-06-23,1000.00
"LEIDOS, INC.",Leidos Inc. Political Action Committee,Rep. Pete Aguilar,2025-06-23,1000.00
"LEIDOS, INC.",Leidos Inc. Political Action Committee,Rep. Wesley Bell,2025-06-23,1000.00
"LEIDOS, INC.",Leidos Inc. Political Action Committee,Rep. Stephanie Bice,2025-06-23,1000.00
"LEIDOS, INC.",Leidos Inc. Political Action Committee,Rep. Troy Carter,2025-06-23,1000.00
"LEIDOS, INC.",Leidos Inc. Political Action Committee,Rep. Ed Case,2025-06-23,1000.00
"LEIDOS, INC.",Leidos Inc. Political Action Committee,Rep. Ed Case,2025-06-23,1000.00
"LEIDOS, INC.",Leidos Inc. Political Action Committee,Rep. Jim Clyburn,2025-06-23,1000.00
"LEIDOS, INC.",Leidos Inc. Political Action Committee,Rep. Steve Cohen,2025-06-23,1500.00
"LEIDOS, INC.",Leidos Inc. Political Action Committee,Rep. Tom Cole,2025-06-23,1000.00
"LEIDOS, INC.",Leidos Inc. Political Action Committee,Sen. Chris Coons,2025-06-23,1000.00
"LEIDOS, INC.",Leidos Inc. Political Action Committee,Rep. Rosa DeLauro,2025-06-23,1000.00
"LEIDOS, INC.",Leidos Inc. Political Action Committee,Rep. Ron Estes,2025-06-23,1000.00
"LEIDOS, INC.",Leidos Inc. Political Action Committee,Rep. Ashley Hinson,2025-06-23,2000.00
"LEIDOS, INC.",Leidos Inc. Political Action Committee,Rep. Chrissy Houlahan,2025-06-23,1000.00
"LEIDOS, INC.",Leidos Inc. Political Action Committee,Rep. Marcy Kaptur,2025-06-23,2500.00
"LEIDOS, INC.",Leidos Inc. Political Action Committee,Rep. Trent Kelly,2025-06-23,2500.00
"LEIDOS, INC.",Leidos Inc. Political Action Committee,Rep. Jen Kiggans,2025-06-23,1000.00
"LEIDOS, INC.",Leidos Inc. Political Action Committee,Rep. Jennifer McClellan,2025-06-23,2500.00
"LEIDOS, INC.",Leidos Inc. Political Action Committee,Rep. Kristen McDonald Rivet,2025-06-23,1000.00
"LEIDOS, INC.",Leidos Inc. Political Action Committee,Rep. John Moolenaar,2025-06-23,1000.00
"LEIDOS, INC.",Leidos Inc. Political Action Committee,Rep. Riley Moore,2025-06-23,1000.00
"LEIDOS, INC.",Leidos Inc. Political Action Committee,Rep. Troy Nehls,2025-06-23,3000.00
"LEIDOS, INC.",Leidos Inc. Political Action Committee,Rep. Nellie Pou,2025-06-23,1000.00
"LEIDOS, INC.",Leidos Inc. Political Action Committee,Rep. Mike Quigley,2025-06-23,2500.00
"LEIDOS, INC.",Leidos Inc. Political Action Committee,Sen. Jack Reed,2025-06-23,1000.00
"LEIDOS, INC.",Leidos Inc. Political Action Committee,Sen. Mike Rounds,2025-06-23,2000.00
"LEIDOS, INC.",Leidos Inc. Political Action Committee,Rep. Dina Titus,2025-06-23,1000.00
"LEIDOS, INC.",Leidos Inc. Political Action Committee,Rep. Mike Turner,2025-06-23,1000.00
"LEIDOS, INC.",Leidos Inc. Political Action Committee,Rep. Ken Calvert,2025-06-23,5000.00
"LEIDOS, INC.",Leidos Inc. Political Action Committee,Rep. Buddy Carter,2025-06-23,2000.00
"LEIDOS, INC.",Leidos Inc. Political Action Committee,Rep. Rick Larson,2025-06-23,2500.00
"LEIDOS, INC.",Leidos Inc. Political Action Committee,Rep. Troy Nehls,2025-06-23,1000.00
"LEIDOS, INC.",Leidos Inc. Political Action Committee,Rep. Ashley Hinson,2025-06-24,1500.00
"LEIDOS, INC.",Leidos Inc. Political Action Committee,Rep. Mark Amodei,2025-06-24,1000.00
"LEIDOS, INC.",Leidos Inc. Political Action Committee,Rep. Don Beyer,2025-06-24,1000.00
"LEIDOS, INC.",Leidos Inc. Political Action Committee,Rep. Stephanie Bice,2025-06-24,1000.00
"LEIDOS, INC.",Leidos Inc. Political Action Committee,Rep. Mike Bost,2025-06-24,1000.00
"LEIDOS, INC.",Leidos Inc. Political Action Committee,Rep. Mike Carey,2025-06-24,1000.00
"LEIDOS, INC.",Leidos Inc. Political Action Committee,Rep. Joe Courtney,2025-06-24,1000.00
"LEIDOS, INC.",Leidos Inc. Political Action Committee,Rep. Jeff Crank,2025-06-24,1000.00
"LEIDOS, INC.",Leidos Inc. Political Action Committee,Rep. Rick Crawford,2025-06-24,1000.00
"LEIDOS, INC.",Leidos Inc. Political Action Committee,Rep. Suzan DelBene,2025-06-24,1500.00
"LEIDOS, INC.",Leidos Inc. Political Action Committee,Rep. Sarah Elfreth,2025-06-24,1000.00
"LEIDOS, INC.",Leidos Inc. Political Action Committee,Rep. Veronica Escobar,2025-06-24,1000.00
"LEIDOS, INC.",Leidos Inc. Political Action Committee,Rep. Sam Graves,2025-06-24,2500.00
"LEIDOS, INC.",Leidos Inc. Political Action Committee,Rep. Michael Guest,2025-06-24,2500.00
"LEIDOS, INC.",Leidos Inc. Political Action Committee,Rep. Brett Guthrie,2025-06-24,1000.00
"LEIDOS, INC.",Leidos Inc. Political Action Committee,Rep. Abraham Hamadeh,2025-06-24,1000.00
"LEIDOS, INC.",Leidos Inc. Political Action Committee,Rep. Chrissy Houlahan,2025-06-24,1000.00
"LEIDOS, INC.",Leidos Inc. Political Action Committee,Sen. Cindy Hyde-Smith,2025-06-24,1500.00
"LEIDOS, INC.",Leidos Inc. Political Action Committee,Rep. David Joyce,2025-06-24,1000.00
"LEIDOS, INC.",Leidos Inc. Political Action Committee,Rep. Trent Kelly,2025-06-24,1500.00
"LEIDOS, INC.",Leidos Inc. Political Action Committee,Rep. Nick LaLota,2025-06-24,1000.00
"LEIDOS, INC.",Leidos Inc. Political Action Committee,Rep. Kristen McDonald Rivet,2025-06-24,1000.00
"LEIDOS, INC.",Leidos Inc. Political Action Committee,Rep. Gregory Meeks,2025-06-24,1000.00
"LEIDOS, INC.",Leidos Inc. Political Action Committee,Rep. Grace Meng,2025-06-24,1000.00
"LEIDOS, INC.",Leidos Inc. Political Action Committee,Rep. Carol Miller,2025-06-24,1000.00
"LEIDOS, INC.",Leidos Inc. Political Action Committee,Rep. Joe Morelle,2025-06-24,1000.00
"LEIDOS, INC.",Leidos Inc. Political Action Committee,Rep. Seth Moulton,2025-06-24,1500.00
"LEIDOS, INC.",Leidos Inc. Political Action Committee,Rep. Donald Norcross,2025-06-24,1000.00
"LEIDOS, INC.",Leidos Inc. Political Action Committee,Rep. Derek Schmidt,2025-06-24,1000.00
"LEIDOS, INC.",Leidos Inc. Political Action Committee,Rep. Bennie Thompson,2025-06-24,1500.00
"LEIDOS, INC.",Leidos Inc. Political Action Committee,Rep. Dina Titus,2025-06-24,1000.00
"LEIDOS, INC.",Leidos Inc. Political Action Committee,Rep. Joe Wilson,2025-06-24,1000.00
"LEIDOS, INC.",Leidos Inc. Political Action Committee,Rep. Rudy Yakym,2025-06-24,1000.00
"LEIDOS, INC.",Leidos Inc. Political Action Committee,Sen. Chris Coons,2025-06-24,5000.00
"LEIDOS, INC.",Leidos Inc. Political Action Committee,Rep. Mario Diaz-Balart,2025-06-24,5000.00
"LEIDOS, INC.",Leidos Inc. Political Action Committee,Rep. Troy Nehls,2025-06-24,1000.00
"LEIDOS, INC.",Leidos Inc. Political Action Committee,Rep. Andrew Garbarino,2025-02-18,2500.00
"LEIDOS, INC.",Leidos Inc. Political Action Committee,Rep. Sam Graves,2025-02-18,2500.00
"LEIDOS, INC.",Leidos Inc. Political Action Committee,Rep. Michael Guest,2025-02-18,1000.00
"LEIDOS, INC.",Leidos Inc. Political Action Committee,Rep. Ashley Hinson,2025-02-18,3000.00
"LEIDOS, INC.",Leidos Inc. Political Action Committee,Rep. Trent Kelly,2025-02-18,1000.00
"LEIDOS, INC.",Leidos Inc. Political Action Committee,Rep. David Kustoff,2025-02-18,3000.00
"LEIDOS, INC.",Leidos Inc. Political Action Committee,Democratic Senatorial Campaign Committee,2025-01-29,15000.00
"LEIDOS, INC.",Leidos Inc. Political Action Committee,National Republican Senatorial Committee,2025-01-29,15000.00
"LEIDOS, INC.",Leidos Inc. Political Action Committee,Democratic Senatorial Campaign Committee,2025-01-30,15000.00
"LEIDOS, INC.",Leidos Inc. Political Action Committee,National Republican Senatorial Committee,2025-01-30,15000.00
"LEIDOS, INC.",Leidos Inc. Political Action Committee,Rep. Wesley Bell,2025-02-18,1000.00
"LEIDOS, INC.",Leidos Inc. Political Action Committee,Rep. Juan Ciscomani,2025-02-18,1000.00
"LEIDOS, INC.",Leidos Inc. Political Action Committee,Rep. Steve Cohen,2025-02-18,1000.00
"LEIDOS, INC.",Leidos Inc. Political Action Committee,Rep. Tom Cole,2025-02-18,2500.00
"LEIDOS, INC.",Leidos Inc. Political Action Committee,Rep. Herb Conaway,2025-02-18,1000.00
"LEIDOS, INC.",Leidos Inc. Political Action Committee,Rep. Julia Letlow,2025-02-18,1000.00
"LEIDOS, INC.",Leidos Inc. Political Action Committee,Rep. Seth Magaziner,2025-02-18,1000.00
"LEIDOS, INC.",Leidos Inc. Political Action Committee,Rep. Jennifer McClellan,2025-02-18,1000.00
"LEIDOS, INC.",Leidos Inc. Political Action Committee,Rep. Carol Miller,2025-02-18,3000.00
"LEIDOS, INC.",Leidos Inc. Political Action Committee,Rep. Dan Newhouse,2025-02-18,1000.00
"LEIDOS, INC.",Leidos Inc. Political Action Committee,Rep. David Rouzer,2025-02-18,1000.00
"LEIDOS, INC.",Leidos Inc. Political Action Committee,Rep. Dale Strong,2025-02-18,1000.00
"LEIDOS, INC.",Leidos Inc. Political Action Committee,Rep. Norma Torres,2025-02-18,1000.00
"LEIDOS, INC.",Leidos Inc. Political Action Committee,Rep. David Valadao,2025-02-18,2500.00
"LEIDOS, INC.",Leidos Inc. Political Action Committee,Rep. Rob Wittman,2025-02-18,5000.00
"LEIDOS, INC.",Leidos Inc. Political Action Committee,Rep. Jim Clyburn,2025-02-18,2500.00
"LEIDOS, INC.",Leidos Inc. Political Action Committee,Sen. Lisa Murkowski,2025-02-18,1000.00
"LEIDOS, INC.",Leidos Inc. Political Action Committee,Sen. Brian Shatz,2025-02-18,1000.00
"LEIDOS, INC.",Leidos Inc. Political Action Committee,Sen. Roger Wicker,2025-02-18,5000.00
"LEIDOS, INC.",Leidos Inc. Political Action Committee,Rep. Robert Aderholt,2025-03-10,1000.00
"LEIDOS, INC.",Leidos Inc. Political Action Committee,Rep. Jack Bergman,2025-03-10,1500.00
"LEIDOS, INC.",Leidos Inc. Political Action Committee,Rep. Stephanie Bice,2025-03-10,1000.00
"LEIDOS, INC.",Leidos Inc. Political Action Committee,Rep. Mike Bost,2025-03-10,1000.00
"LEIDOS, INC.",Leidos Inc. Political Action Committee,Rep. Mike Carey,2025-03-10,1000.00
"LEIDOS, INC.",Leidos Inc. Political Action Committee,Rep. Joe Courtney,2025-03-10,1000.00
"LEIDOS, INC.",Leidos Inc. Political Action Committee,Rep. Jeff Crank,2025-03-10,2500.00
"LEIDOS, INC.",Leidos Inc. Political Action Committee,Rep. Rosa DeLauro,2025-03-10,2500.00
"LEIDOS, INC.",Leidos Inc. Political Action Committee,Rep. Sarah Elfreth,2025-03-10,1000.00
"LEIDOS, INC.",Leidos Inc. Political Action Committee,Rep. Chuck Fleischmann,2025-03-10,1000.00
"LEIDOS, INC.",Leidos Inc. Political Action Committee,Rep. David Joyce,2025-03-10,1000.00
"LEIDOS, INC.",Leidos Inc. Political Action Committee,Rep. Marcy Kaptur,2025-03-10,1000.00
"LEIDOS, INC.",Leidos Inc. Political Action Committee,Rep. Susie Lee,2025-03-10,4000.00
"LEIDOS, INC.",Leidos Inc. Political Action Committee,Rep. Julia Letlow,2025-03-10,3500.00
"LEIDOS, INC.",Leidos Inc. Political Action Committee,Sen. David McCormick,2025-03-10,1500.00
"LEIDOS, INC.",Leidos Inc. Political Action Committee,Rep. Troy Nehls,2025-03-10,1000.00
"LEIDOS, INC.",Leidos Inc. Political Action Committee,Rep. Jimmy Panetta,2025-03-10,1000.00
"LEIDOS, INC.",Leidos Inc. Political Action Committee,Rep. John Rutherford,2025-03-10,5000.00
"LEIDOS, INC.",Leidos Inc. Political Action Committee,Rep. Dale Strong,2025-03-10,1000.00
"LEIDOS, INC.",Leidos Inc. Political Action Committee,Rep. Beth Van Duyne,2025-03-10,1000.00
"LEIDOS, INC.",Leidos Inc. Political Action Committee,Sen. Bill Cassidy,2025-03-10,1000.00
"LEIDOS, INC.",Leidos Inc. Political Action Committee,Sen. Tim Kaine,2025-03-10,2500.00
"LEIDOS, INC.",Leidos Inc. Political Action Committee,Rep. John Rutherford,2025-03-10,5000.00
"LEIDOS, INC.",Leidos Inc. Political Action Committee,Democratic Congressional Campaign Committee,2025-03-10,15000.00
"LEIDOS, INC.",Leidos Inc. Political Action Committee,National Republican Congressional Committee,2025-03-10,15000.00
"LEIDOS, INC.",Leidos Inc. Political Action Committee,Rep. John McGuire,2025-03-14,1000.00
"LEIDOS, INC.",Leidos Inc. Political Action Committee,Rep. Steve Womack,2025-03-14,1000.00
"LEIDOS, INC.",Leidos Inc. Political Action Committee,Rep. John Boozman,2025-03-24,1000.00
"LEIDOS, INC.",Leidos Inc. Political Action Committee,Rep. Gabe Amo,2025-03-24,1000.00
"LEIDOS, INC.",Leidos Inc. Political Action Committee,Rep. Nicholas Begich,2025-03-24,1000.00
"LEIDOS, INC.",Leidos Inc. Political Action Committee,Rep. Don Beyer,2025-03-24,1000.00
"LEIDOS, INC.",Leidos Inc. Political Action Committee,Rep. Ken Calvert,2025-03-24,2500.00
"LEIDOS, INC.",Leidos Inc. Political Action Committee,Sen. Shelley Moore Capito,2025-03-24,1000.00
"LEIDOS, INC.",Leidos Inc. Political Action Committee,Rep. Ben Cline,2025-03-24,1000.00
"LEIDOS, INC.",Leidos Inc. Political Action Committee,Rep. Madeleine Dean,2025-03-24,1000.00
"LEIDOS, INC.",Leidos Inc. Political Action Committee,Rep. Jake Ellzey,2025-03-24,1000.00
"LEIDOS, INC.",Leidos Inc. Political Action Committee,Rep. Mike Ezell,2025-03-24,1000.00
"LEIDOS, INC.",Leidos Inc. Political Action Committee,Sen. Cindy Hyde-Smith,2025-03-24,2500.00
"LEIDOS, INC.",Leidos Inc. Political Action Committee,Rep. Glenn F. Ivey,2025-03-24,1000.00
"LEIDOS, INC.",Leidos Inc. Political Action Committee,Rep. Chellie Pingree,2025-03-24,1000.00
"LEIDOS, INC.",Leidos Inc. Political Action Committee,Rep. Mike Simpson,2025-03-24,1000.00
"LEIDOS, INC.",Leidos Inc. Political Action Committee,Rep. Marilyn Strickland,2025-03-24,1000.00
"LEIDOS, INC.",Leidos Inc. Political Action Committee,Rep. Dale Strong,2025-03-24,1000.00
"LEIDOS, INC.",Leidos Inc. Political Action Committee,Rep. Eugene Vindman,2025-03-24,1000.00
"LEIDOS, INC.",Leidos Inc. Political Action Committee,Rep. Debbie Wasserman Schultz,2025-03-24,1000.00
"LEIDOS, INC.",Leidos Inc. Political Action Committee,Rep. Julia Brownley,2025-03-25,1000.00
"LEIDOS, INC.",Leidos Inc. Political Action Committee,Rep. Nikki Budzinski,2025-03-25,1000.00
"LEIDOS, INC.",Leidos Inc. Political Action Committee,Rep. Gilbert Cisneros,2025-03-25,1000.00
"LEIDOS, INC.",Leidos Inc. Political Action Committee,Rep. Jim Clyburn,2025-03-25,1000.00
"LEIDOS, INC.",Leidos Inc. Political Action Committee,Rep. Rich McCormick,2025-03-25,1500.00
"LEIDOS, INC.",Leidos Inc. Political Action Committee,Sen. David McCormick,2025-04-01,-1500.00
"LEIDOS, INC.",Leidos Inc. Political Action Committee,Rep. Mark Amodei,2025-05-13,1000.00
"LEIDOS, INC.",Leidos Inc. Political Action Committee,Sen. Shelley Moore Capito,2025-05-13,4000.00
"LEIDOS, INC.",Leidos Inc. Political Action Committee,Rep. Mike Carey,2025-05-13,1000.00
"LEIDOS, INC.",Leidos Inc. Political Action Committee,Rep. Buddy Carter,2025-05-13,2000.00
"LEIDOS, INC.",Leidos Inc. Political Action Committee,Rep. Rosa DeLauro,2025-05-13,1500.00
"LEIDOS, INC.",Leidos Inc. Political Action Committee,Sen. Cindy Hyde-Smith,2025-05-13,1000.00
"LEIDOS, INC.",Leidos Inc. Political Action Committee,Rep. Steve Womack,2025-05-14,5000.00
"LEIDOS, INC.",Leidos Inc. Political Action Committee,Rep. Nicole Malliotakis,2025-05-13,1000.00
"LEIDOS, INC.",Leidos Inc. Political Action Committee,Rep. Joe Morelle,2025-05-13,1000.00
"LEIDOS, INC.",Leidos Inc. Political Action Committee,Rep. Dan Newhouse,2025-05-13,2500.00
"LEIDOS, INC.",Leidos Inc. Political Action Committee,Rep. Bob Onder,2025-05-13,1000.00
"LEIDOS, INC.",Leidos Inc. Political Action Committee,Rep. Chellie Pingree,2025-05-13,1000.00
"LEIDOS, INC.",Leidos Inc. Political Action Committee,Rep. Guy Reschenthaler,2025-05-13,1000.00
"LEIDOS, INC.",Leidos Inc. Political Action Committee,Rep. Dale Strong,2025-05-13,1000.00
"LEIDOS, INC.",Leidos Inc. Political Action Committee,Rep. David Valadao,2025-05-13,2500.00
"LEIDOS, INC.",Leidos Inc. Political Action Committee,Sen. Mark Warner,2025-05-13,5000.00
"LEIDOS, INC.",Leidos Inc. Political Action Committee,Rep. Rudy Yakym,2025-05-13,1000.00
"LEIDOS, INC.",Leidos Inc. Political Action Committee,Sen. Shelley Moore Capito,2025-05-13,5000.00
"LEIDOS, INC.",Leidos Inc. Political Action Committee,Sen. Bill Cassidy,2025-05-13,1000.00
"LEIDOS, INC.",Leidos Inc. Political Action Committee,Sen. Ted Cruz,2025-05-13,2500.00
"LEIDOS, INC.",Leidos Inc. Political Action Committee,Rep. Brian Babin,2025-05-14,1000.00
"LEIDOS, INC.",Leidos Inc. Political Action Committee,Rep. Don Davis,2025-05-14,1000.00
"LEIDOS, INC.",Leidos Inc. Political Action Committee,Rep. Sarah Elfreth,2025-05-14,2500.00
"LEIDOS, INC.",Leidos Inc. Political Action Committee,Rep. Morgan McGarvey,2025-05-14,1000.00
"LEIDOS, INC.",Leidos Inc. Political Action Committee,Rep. Troy Nehls,2025-05-14,1000.00
"LEIDOS, INC.",Leidos Inc. Political Action Committee,Rep. Hal Rogers,2025-05-14,2500.00
"LEIDOS, INC.",Leidos Inc. Political Action Committee,Rep. Emilia Sykes,2025-05-14,1000.00
"LEIDOS, INC.",Leidos Inc. Political Action Committee,Rep. Mark Takano,2025-05-14,2500.00
"LEIDOS, INC.",Leidos Inc. Political Action Committee,Rep. Steve Womack,2025-05-14,4000.00
"LEIDOS, INC.",Leidos Inc. Political Action Committee,Rep. Jim Clyburn,2025-05-14,2500.00
"LEIDOS, INC.",Leidos Inc. Political Action Committee,Sen. Tim Kaine,2025-05-14,2500.00
"LEIDOS, INC.",Leidos Inc. Political Action Committee,Rep. Rosa DeLauro,2025-06-23,500.00
"LEIDOS, INC.",Leidos Inc. Political Action Committee,Rep. David Valadao,2025-06-23,1000.00
"LEIDOS, INC.",Leidos Inc. Political Action Committee,Rep. Robert Aderholt,2025-06-23,1000.00
"LEIDOS, INC.",Leidos Inc. Political Action Committee,Rep. Pete Aguilar,2025-06-23,1000.00
"LEIDOS, INC.",Leidos Inc. Political Action Committee,Rep. Pete Aguilar,2025-06-23,1000.00
"LEIDOS, INC.",Leidos Inc. Political Action Committee,Rep. Wesley Bell,2025-06-23,1000.00
"LEIDOS, INC.",Leidos Inc. Political Action Committee,Rep. Stephanie Bice,2025-06-23,1000.00
"LEIDOS, INC.",Leidos Inc. Political Action Committee,Rep. Troy Carter,2025-06-23,1000.00
"LEIDOS, INC.",Leidos Inc. Political Action Committee,Rep. Ed Case,2025-06-23,1000.00
"LEIDOS, INC.",Leidos Inc. Political Action Committee,Rep. Ed Case,2025-06-23,1000.00
"LEIDOS, INC.",Leidos Inc. Political Action Committee,Rep. Jim Clyburn,2025-06-23,1000.00
"LEIDOS, INC.",Leidos Inc. Political Action Committee,Rep. Steve Cohen,2025-06-23,1500.00
"LEIDOS, INC.",Leidos Inc. Political Action Committee,Rep. Tom Cole,2025-06-23,1000.00
"LEIDOS, INC.",Leidos Inc. Political Action Committee,Sen. Chris Coons,2025-06-23,1000.00
"LEIDOS, INC.",Leidos Inc. Political Action Committee,Rep. Rosa DeLauro,2025-06-23,1000.00
"LEIDOS, INC.",Leidos Inc. Political Action Committee,Rep. Ron Estes,2025-06-23,1000.00
"LEIDOS, INC.",Leidos Inc. Political Action Committee,Rep. Ashley Hinson,2025-06-23,2000.00
"LEIDOS, INC.",Leidos Inc. Political Action Committee,Rep. Chrissy Houlahan,2025-06-23,1000.00
"LEIDOS, INC.",Leidos Inc. Political Action Committee,Rep. Marcy Kaptur,2025-06-23,2500.00
"LEIDOS, INC.",Leidos Inc. Political Action Committee,Rep. Trent Kelly,2025-06-23,2500.00
"LEIDOS, INC.",Leidos Inc. Political Action Committee,Rep. Jen Kiggans,2025-06-23,1000.00
"LEIDOS, INC.",Leidos Inc. Political Action Committee,Rep. Jennifer McClellan,2025-06-23,2500.00
"LEIDOS, INC.",Leidos Inc. Political Action Committee,Rep. Kristen McDonald Rivet,2025-06-23,1000.00
"LEIDOS, INC.",Leidos Inc. Political Action Committee,Rep. John Moolenaar,2025-06-23,1000.00
"LEIDOS, INC.",Leidos Inc. Political Action Committee,Rep. Riley Moore,2025-06-23,1000.00
"LEIDOS, INC.",Leidos Inc. Political Action Committee,Rep. Troy Nehls,2025-06-23,3000.00
"LEIDOS, INC.",Leidos Inc. Political Action Committee,Rep. Nellie Pou,2025-06-23,1000.00
"LEIDOS, INC.",Leidos Inc. Political Action Committee,Rep. Mike Quigley,2025-06-23,2500.00
"LEIDOS, INC.",Leidos Inc. Political Action Committee,Sen. Jack Reed,2025-06-23,1000.00
"LEIDOS, INC.",Leidos Inc. Political Action Committee,Sen. Mike Rounds,2025-06-23,2000.00
"LEIDOS, INC.",Leidos Inc. Political Action Committee,Rep. Dina Titus,2025-06-23,1000.00
"LEIDOS, INC.",Leidos Inc. Political Action Committee,Rep. Mike Turner,2025-06-23,1000.00
"LEIDOS, INC.",Leidos Inc. Political Action Committee,Rep. Ken Calvert,2025-06-23,5000.00
"LEIDOS, INC.",Leidos Inc. Political Action Committee,Rep. Buddy Carter,2025-06-23,2000.00
"LEIDOS, INC.",Leidos Inc. Political Action Committee,Rep. Rick Larson,2025-06-23,2500.00
"LEIDOS, INC.",Leidos Inc. Political Action Committee,Rep. Troy Nehls,2025-06-23,1000.00
"LEIDOS, INC.",Leidos Inc. Political Action Committee,Rep. Ashley Hinson,2025-06-24,1500.00
"LEIDOS, INC.",Leidos Inc. Political Action Committee,Rep. Mark Amodei,2025-06-24,1000.00
"LEIDOS, INC.",Leidos Inc. Political Action Committee,Rep. Don Beyer,2025-06-24,1000.00
"LEIDOS, INC.",Leidos Inc. Political Action Committee,Rep. Stephanie Bice,2025-06-24,1000.00
"LEIDOS, INC.",Leidos Inc. Political Action Committee,Rep. Mike Bost,2025-06-24,1000.00
"LEIDOS, INC.",Leidos Inc. Political Action Committee,Rep. Mike Carey,2025-06-24,1000.00
"LEIDOS, INC.",Leidos Inc. Political Action Committee,Rep. Joe Courtney,2025-06-24,1000.00
"LEIDOS, INC.",Leidos Inc. Political Action Committee,Rep. Jeff Crank,2025-06-24,1000.00
"LEIDOS, INC.",Leidos Inc. Political Action Committee,Rep. Rick Crawford,2025-06-24,1000.00
"LEIDOS, INC.",Leidos Inc. Political Action Committee,Rep. Suzan DelBene,2025-06-24,1500.00
"LEIDOS, INC.",Leidos Inc. Political Action Committee,Rep. Sarah Elfreth,2025-06-24,1000.00
"LEIDOS, INC.",Leidos Inc. Political Action Committee,Rep. Veronica Escobar,2025-06-24,1000.00
"LEIDOS, INC.",Leidos Inc. Political Action Committee,Rep. Sam Graves,2025-06-24,2500.00
"LEIDOS, INC.",Leidos Inc. Political Action Committee,Rep. Michael Guest,2025-06-24,2500.00
"LEIDOS, INC.",Leidos Inc. Political Action Committee,Rep. Brett Guthrie,2025-06-24,1000.00
"LEIDOS, INC.",Leidos Inc. Political Action Committee,Rep. Abraham Hamadeh,2025-06-24,1000.00
"LEIDOS, INC.",Leidos Inc. Political Action Committee,Rep. Chrissy Houlahan,2025-06-24,1000.00
"LEIDOS, INC.",Leidos Inc. Political Action Committee,Sen. Cindy Hyde-Smith,2025-06-24,1500.00
"LEIDOS, INC.",Leidos Inc. Political Action Committee,Rep. David Joyce,2025-06-24,1000.00
"LEIDOS, INC.",Leidos Inc. Political Action Committee,Rep. Trent Kelly,2025-06-24,1500.00
"LEIDOS, INC.",Leidos Inc. Political Action Committee,Rep. Nick LaLota,2025-06-24,1000.00
"LEIDOS, INC.",Leidos Inc. Political Action Committee,Rep. Kristen McDonald Rivet,2025-06-24,1000.00
"LEIDOS, INC.",Leidos Inc. Political Action Committee,Rep. Gregory Meeks,2025-06-24,1000.00
"LEIDOS, INC.",Leidos Inc. Political Action Committee,Rep. Grace Meng,2025-06-24,1000.00
"LEIDOS, INC.",Leidos Inc. Political Action Committee,Rep. Carol Miller,2025-06-24,1000.00
"LEIDOS, INC.",Leidos Inc. Political Action Committee,Rep. Joe Morelle,2025-06-24,1000.00
"LEIDOS, INC.",Leidos Inc. Political Action Committee,Rep. Seth Moulton,2025-06-24,1500.00
"LEIDOS, INC.",Leidos Inc. Political Action Committee,Rep. Donald Norcross,2025-06-24,1000.00
"LEIDOS, INC.",Leidos Inc. Political Action Committee,Rep. Derek Schmidt,2025-06-24,1000.00
"LEIDOS, INC.",Leidos Inc. Political Action Committee,Rep. Bennie Thompson,2025-06-24,1500.00
"LEIDOS, INC.",Leidos Inc. Political Action Committee,Rep. Dina Titus,2025-06-24,1000.00
"LEIDOS, INC.",Leidos Inc. Political Action Committee,Rep. Joe Wilson,2025-06-24,1000.00
"LEIDOS, INC.",Leidos Inc. Political Action Committee,Rep. Rudy Yakym,2025-06-24,1000.00
"LEIDOS, INC.",Leidos Inc. Political Action Committee,Sen. Chris Coons,2025-06-24,5000.00
"LEIDOS, INC.",Leidos Inc. Political Action Committee,Rep. Mario Diaz-Balart,2025-06-24,5000.00
"LEIDOS, INC.",Leidos Inc. Political Action Committee,Rep. Troy Nehls,2025-06-24,1000.00
"LEIDOS, INC.",Leidos Inc. Political Action Committee,Rep. Andrew Garbarino,2025-02-18,2500.00
"LEIDOS, INC.",Leidos Inc. Political Action Committee,Rep. Sam Graves,2025-02-18,2500.00
"LEIDOS, INC.",Leidos Inc. Political Action Committee,Rep. Michael Guest,2025-02-18,1000.00
"LEIDOS, INC.",Leidos Inc. Political Action Committee,Rep. Ashley Hinson,2025-02-18,3000.00
"LEIDOS, INC.",Leidos Inc. Political Action Committee,Rep. Trent Kelly,2025-02-18,1000.00
"LEIDOS, INC.",Leidos Inc. Political Action Committee,Rep. David Kustoff,2025-02-18,3000.00
"LEIDOS, INC.",Leidos Inc. Political Action Committee,Democratic Senatorial Campaign Committee,2025-01-29,15000.00
"LEIDOS, INC.",Leidos Inc. Political Action Committee,National Republican Senatorial Committee,2025-01-29,15000.00
"LEIDOS, INC.",Leidos Inc. Political Action Committee,Democratic Senatorial Campaign Committee,2025-01-30,15000.00
"LEIDOS, INC.",Leidos Inc. Political Action Committee,National Republican Senatorial Committee,2025-01-30,15000.00
"LEIDOS, INC.",Leidos Inc. Political Action Committee,Rep. Wesley Bell,2025-02-18,1000.00
"LEIDOS, INC.",Leidos Inc. Political Action Committee,Rep. Juan Ciscomani,2025-02-18,1000.00
"LEIDOS, INC.",Leidos Inc. Political Action Committee,Rep. Steve Cohen,2025-02-18,1000.00
"LEIDOS, INC.",Leidos Inc. Political Action Committee,Rep. Tom Cole,2025-02-18,2500.00
"LEIDOS, INC.",Leidos Inc. Political Action Committee,Rep. Herb Conaway,2025-02-18,1000.00
"LEIDOS, INC.",Leidos Inc. Political Action Committee,Rep. Julia Letlow,2025-02-18,1000.00
"LEIDOS, INC.",Leidos Inc. Political Action Committee,Rep. Seth Magaziner,2025-02-18,1000.00
"LEIDOS, INC.",Leidos Inc. Political Action Committee,Rep. Jennifer McClellan,2025-02-18,1000.00
"LEIDOS, INC.",Leidos Inc. Political Action Committee,Rep. Carol Miller,2025-02-18,3000.00
"LEIDOS, INC.",Leidos Inc. Political Action Committee,Rep. Dan Newhouse,2025-02-18,1000.00
"LEIDOS, INC.",Leidos Inc. Political Action Committee,Rep. David Rouzer,2025-02-18,1000.00
"LEIDOS, INC.",Leidos Inc. Political Action Committee,Rep. Dale Strong,2025-02-18,1000.00
"LEIDOS, INC.",Leidos Inc. Political Action Committee,Rep. Norma Torres,2025-02-18,1000.00
"LEIDOS, INC.",Leidos Inc. Political Action Committee,Rep. David Valadao,2025-02-18,2500.00
"LEIDOS, INC.",Leidos Inc. Political Action Committee,Rep. Rob Wittman,2025-02-18,5000.00
"LEIDOS, INC.",Leidos Inc. Political Action Committee,Rep. Jim Clyburn,2025-02-18,2500.00
"LEIDOS, INC.",Leidos Inc. Political Action Committee,Sen. Lisa Murkowski,2025-02-18,1000.00
"LEIDOS, INC.",Leidos Inc. Political Action Committee,Sen. Brian Shatz,2025-02-18,1000.00
"LEIDOS, INC.",Leidos Inc. Political Action Committee,Sen. Roger Wicker,2025-02-18,5000.00
"LEIDOS, INC.",Leidos Inc. Political Action Committee,Rep. Robert Aderholt,2025-03-10,1000.00
"LEIDOS, INC.",Leidos Inc. Political Action Committee,Rep. Jack Bergman,2025-03-10,1500.00
"LEIDOS, INC.",Leidos Inc. Political Action Committee,Rep. Stephanie Bice,2025-03-10,1000.00
"LEIDOS, INC.",Leidos Inc. Political Action Committee,Rep. Mike Bost,2025-03-10,1000.00
"LEIDOS, INC.",Leidos Inc. Political Action Committee,Rep. Mike Carey,2025-03-10,1000.00
"LEIDOS, INC.",Leidos Inc. Political Action Committee,Rep. Joe Courtney,2025-03-10,1000.00
"LEIDOS, INC.",Leidos Inc. Political Action Committee,Rep. Jeff Crank,2025-03-10,2500.00
"LEIDOS, INC.",Leidos Inc. Political Action Committee,Rep. Rosa DeLauro,2025-03-10,2500.00
"LEIDOS, INC.",Leidos Inc. Political Action Committee,Rep. Sarah Elfreth,2025-03-10,1000.00
"LEIDOS, INC.",Leidos Inc. Political Action Committee,Rep. Chuck Fleischmann,2025-03-10,1000.00
"LEIDOS, INC.",Leidos Inc. Political Action Committee,Rep. David Joyce,2025-03-10,1000.00
"LEIDOS, INC.",Leidos Inc. Political Action Committee,Rep. Marcy Kaptur,2025-03-10,1000.00
"LEIDOS, INC.",Leidos Inc. Political Action Committee,Rep. Susie Lee,2025-03-10,4000.00
"LEIDOS, INC.",Leidos Inc. Political Action Committee,Rep. Julia Letlow,2025-03-10,3500.00
"LEIDOS, INC.",Leidos Inc. Political Action Committee,Sen. David McCormick,2025-03-10,1500.00
"LEIDOS, INC.",Leidos Inc. Political Action Committee,Rep. Troy Nehls,2025-03-10,1000.00
"LEIDOS, INC.",Leidos Inc. Political Action Committee,Rep. Jimmy Panetta,2025-03-10,1000.00
"LEIDOS, INC.",Leidos Inc. Political Action Committee,Rep. John Rutherford,2025-03-10,5000.00
"LEIDOS, INC.",Leidos Inc. Political Action Committee,Rep. Dale Strong,2025-03-10,1000.00
"LEIDOS, INC.",Leidos Inc. Political Action Committee,Rep. Beth Van Duyne,2025-03-10,1000.00
"LEIDOS, INC.",Leidos Inc. Political Action Committee,Sen. Bill Cassidy,2025-03-10,1000.00
"LEIDOS, INC.",Leidos Inc. Political Action Committee,Sen. Tim Kaine,2025-03-10,2500.00
"LEIDOS, INC.",Leidos Inc. Political Action Committee,Rep. John Rutherford,2025-03-10,5000.00
"LEIDOS, INC.",Leidos Inc. Political Action Committee,Democratic Congressional Campaign Committee,2025-03-10,15000.00
"LEIDOS, INC.",Leidos Inc. Political Action Committee,National Republican Congressional Committee,2025-03-10,15000.00
"LEIDOS, INC.",Leidos Inc. Political Action Committee,Rep. John McGuire,2025-03-14,1000.00
"LEIDOS, INC.",Leidos Inc. Political Action Committee,Rep. Steve Womack,2025-03-14,1000.00
"LEIDOS, INC.",Leidos Inc. Political Action Committee,Rep. John Boozman,2025-03-24,1000.00
"LEIDOS, INC.",Leidos Inc. Political Action Committee,Rep. Gabe Amo,2025-03-24,1000.00
"LEIDOS, INC.",Leidos Inc. Political Action Committee,Rep. Nicholas Begich,2025-03-24,1000.00
"LEIDOS, INC.",Leidos Inc. Political Action Committee,Rep. Don Beyer,2025-03-24,1000.00
"LEIDOS, INC.",Leidos Inc. Political Action Committee,Rep. Ken Calvert,2025-03-24,2500.00
"LEIDOS, INC.",Leidos Inc. Political Action Committee,Sen. Shelley Moore Capito,2025-03-24,1000.00
"LEIDOS, INC.",Leidos Inc. Political Action Committee,Rep. Ben Cline,2025-03-24,1000.00
"LEIDOS, INC.",Leidos Inc. Political Action Committee,Rep. Madeleine Dean,2025-03-24,1000.00
"LEIDOS, INC.",Leidos Inc. Political Action Committee,Rep. Jake Ellzey,2025-03-24,1000.00
"LEIDOS, INC.",Leidos Inc. Political Action Committee,Rep. Mike Ezell,2025-03-24,1000.00
"LEIDOS, INC.",Leidos Inc. Political Action Committee,Sen. Cindy Hyde-Smith,2025-03-24,2500.00
"LEIDOS, INC.",Leidos Inc. Political Action Committee,Rep. Glenn F. Ivey,2025-03-24,1000.00
"LEIDOS, INC.",Leidos Inc. Political Action Committee,Rep. Chellie Pingree,2025-03-24,1000.00
"LEIDOS, INC.",Leidos Inc. Political Action Committee,Rep. Mike Simpson,2025-03-24,1000.00
"LEIDOS, INC.",Leidos Inc. Political Action Committee,Rep. Marilyn Strickland,2025-03-24,1000.00
"LEIDOS, INC.",Leidos Inc. Political Action Committee,Rep. Dale Strong,2025-03-24,1000.00
"LEIDOS, INC.",Leidos Inc. Political Action Committee,Rep. Eugene Vindman,2025-03-24,1000.00
"LEIDOS, INC.",Leidos Inc. Political Action Committee,Rep. Debbie Wasserman Schultz,2025-03-24,1000.00
"LEIDOS, INC.",Leidos Inc. Political Action Committee,Rep. Julia Brownley,2025-03-25,1000.00
"LEIDOS, INC.",Leidos Inc. Political Action Committee,Rep. Nikki Budzinski,2025-03-25,1000.00
"LEIDOS, INC.",Leidos Inc. Political Action Committee,Rep. Gilbert Cisneros,2025-03-25,1000.00
"LEIDOS, INC.",Leidos Inc. Political Action Committee,Rep. Jim Clyburn,2025-03-25,1000.00
"LEIDOS, INC.",Leidos Inc. Political Action Committee,Rep. Rich McCormick,2025-03-25,1500.00
"LEIDOS, INC.",Leidos Inc. Political Action Committee,Sen. David McCormick,2025-04-01,-1500.00
"LEIDOS, INC.",Leidos Inc. Political Action Committee,Rep. Mark Amodei,2025-05-13,1000.00
"LEIDOS, INC.",Leidos Inc. Political Action Committee,Sen. Shelley Moore Capito,2025-05-13,4000.00
"LEIDOS, INC.",Leidos Inc. Political Action Committee,Rep. Mike Carey,2025-05-13,1000.00
"LEIDOS, INC.",Leidos Inc. Political Action Committee,Rep. Buddy Carter,2025-05-13,2000.00
"LEIDOS, INC.",Leidos Inc. Political Action Committee,Rep. Rosa DeLauro,2025-05-13,1500.00
"LEIDOS, INC.",Leidos Inc. Political Action Committee,Sen. Cindy Hyde-Smith,2025-05-13,1000.00
"LEIDOS, INC.",Leidos Inc. Political Action Committee,Rep. Steve Womack,2025-05-14,5000.00
"LEIDOS, INC.",Leidos Inc. Political Action Committee,Rep. Nicole Malliotakis,2025-05-13,1000.00
"LEIDOS, INC.",Leidos Inc. Political Action Committee,Rep. Joe Morelle,2025-05-13,1000.00
"LEIDOS, INC.",Leidos Inc. Political Action Committee,Rep. Dan Newhouse,2025-05-13,2500.00
"LEIDOS, INC.",Leidos Inc. Political Action Committee,Rep. Bob Onder,2025-05-13,1000.00
"LEIDOS, INC.",Leidos Inc. Political Action Committee,Rep. Chellie Pingree,2025-05-13,1000.00
"LEIDOS, INC.",Leidos Inc. Political Action Committee,Rep. Guy Reschenthaler,2025-05-13,1000.00
"LEIDOS, INC.",Leidos Inc. Political Action Committee,Rep. Dale Strong,2025-05-13,1000.00
"LEIDOS, INC.",Leidos Inc. Political Action Committee,Rep. David Valadao,2025-05-13,2500.00
"LEIDOS, INC.",Leidos Inc. Political Action Committee,Sen. Mark Warner,2025-05-13,5000.00
"LEIDOS, INC.",Leidos Inc. Political Action Committee,Rep. Rudy Yakym,2025-05-13,1000.00
"LEIDOS, INC.",Leidos Inc. Political Action Committee,Sen. Shelley Moore Capito,2025-05-13,5000.00
"LEIDOS, INC.",Leidos Inc. Political Action Committee,Sen. Bill Cassidy,2025-05-13,1000.00
"LEIDOS, INC.",Leidos Inc. Political Action Committee,Sen. Ted Cruz,2025-05-13,2500.00
"LEIDOS, INC.",Leidos Inc. Political Action Committee,Rep. Brian Babin,2025-05-14,1000.00
"LEIDOS, INC.",Leidos Inc. Political Action Committee,Rep. Don Davis,2025-05-14,1000.00
"LEIDOS, INC.",Leidos Inc. Political Action Committee,Rep. Sarah Elfreth,2025-05-14,2500.00
"LEIDOS, INC.",Leidos Inc. Political Action Committee,Rep. Morgan McGarvey,2025-05-14,1000.00
"LEIDOS, INC.",Leidos Inc. Political Action Committee,Rep. Troy Nehls,2025-05-14,1000.00
"LEIDOS, INC.",Leidos Inc. Political Action Committee,Rep. Hal Rogers,2025-05-14,2500.00
"LEIDOS, INC.",Leidos Inc. Political Action Committee,Rep. Emilia Sykes,2025-05-14,1000.00
"LEIDOS, INC.",Leidos Inc. Political Action Committee,Rep. Mark Takano,2025-05-14,2500.00
"LEIDOS, INC.",Leidos Inc. Political Action Committee,Rep. Steve Womack,2025-05-14,4000.00
"LEIDOS, INC.",Leidos Inc. Political Action Committee,Rep. Jim Clyburn,2025-05-14,2500.00
"LEIDOS, INC.",Leidos Inc. Political Action Committee,Sen. Tim Kaine,2025-05-14,2500.00
"LEIDOS, INC.",Leidos Inc. Political Action Committee,Rep. Rosa DeLauro,2025-06-23,500.00
"LEIDOS, INC.",Leidos Inc. Political Action Committee,Rep. David Valadao,2025-06-23,1000.00
"LEIDOS, INC.",Leidos Inc. Political Action Committee,Rep. Robert Aderholt,2025-06-23,1000.00
"LEIDOS, INC.",Leidos Inc. Political Action Committee,Rep. Pete Aguilar,2025-06-23,1000.00
"LEIDOS, INC.",Leidos Inc. Political Action Committee,Rep. Pete Aguilar,2025-06-23,1000.00
"LEIDOS, INC.",Leidos Inc. Political Action Committee,Rep. Wesley Bell,2025-06-23,1000.00
"LEIDOS, INC.",Leidos Inc. Political Action Committee,Rep. Stephanie Bice,2025-06-23,1000.00
"LEIDOS, INC.",Leidos Inc. Political Action Committee,Rep. Troy Carter,2025-06-23,1000.00
"LEIDOS, INC.",Leidos Inc. Political Action Committee,Rep. Ed Case,2025-06-23,1000.00
"LEIDOS, INC.",Leidos Inc. Political Action Committee,Rep. Ed Case,2025-06-23,1000.00
"LEIDOS, INC.",Leidos Inc. Political Action Committee,Rep. Jim Clyburn,2025-06-23,1000.00
"LEIDOS, INC.",Leidos Inc. Political Action Committee,Rep. Steve Cohen,2025-06-23,1500.00
"LEIDOS, INC.",Leidos Inc. Political Action Committee,Rep. Tom Cole,2025-06-23,1000.00
"LEIDOS, INC.",Leidos Inc. Political Action Committee,Sen. Chris Coons,2025-06-23,1000.00
"LEIDOS, INC.",Leidos Inc. Political Action Committee,Rep. Rosa DeLauro,2025-06-23,1000.00
"LEIDOS, INC.",Leidos Inc. Political Action Committee,Rep. Ron Estes,2025-06-23,1000.00
"LEIDOS, INC.",Leidos Inc. Political Action Committee,Rep. Ashley Hinson,2025-06-23,2000.00
"LEIDOS, INC.",Leidos Inc. Political Action Committee,Rep. Chrissy Houlahan,2025-06-23,1000.00
"LEIDOS, INC.",Leidos Inc. Political Action Committee,Rep. Marcy Kaptur,2025-06-23,2500.00
"LEIDOS, INC.",Leidos Inc. Political Action Committee,Rep. Trent Kelly,2025-06-23,2500.00
"LEIDOS, INC.",Leidos Inc. Political Action Committee,Rep. Jen Kiggans,2025-06-23,1000.00
"LEIDOS, INC.",Leidos Inc. Political Action Committee,Rep. Jennifer McClellan,2025-06-23,2500.00
"LEIDOS, INC.",Leidos Inc. Political Action Committee,Rep. Kristen McDonald Rivet,2025-06-23,1000.00
"LEIDOS, INC.",Leidos Inc. Political Action Committee,Rep. John Moolenaar,2025-06-23,1000.00
"LEIDOS, INC.",Leidos Inc. Political Action Committee,Rep. Riley Moore,2025-06-23,1000.00
"LEIDOS, INC.",Leidos Inc. Political Action Committee,Rep. Troy Nehls,2025-06-23,3000.00
"LEIDOS, INC.",Leidos Inc. Political Action Committee,Rep. Nellie Pou,2025-06-23,1000.00
"LEIDOS, INC.",Leidos Inc. Political Action Committee,Rep. Mike Quigley,2025-06-23,2500.00
"LEIDOS, INC.",Leidos Inc. Political Action Committee,Sen. Jack Reed,2025-06-23,1000.00
"LEIDOS, INC.",Leidos Inc. Political Action Committee,Sen. Mike Rounds,2025-06-23,2000.00
"LEIDOS, INC.",Leidos Inc. Political Action Committee,Rep. Dina Titus,2025-06-23,1000.00
"LEIDOS, INC.",Leidos Inc. Political Action Committee,Rep. Mike Turner,2025-06-23,1000.00
"LEIDOS, INC.",Leidos Inc. Political Action Committee,Rep. Ken Calvert,2025-06-23,5000.00
"LEIDOS, INC.",Leidos Inc. Political Action Committee,Rep. Buddy Carter,2025-06-23,2000.00
"LEIDOS, INC.",Leidos Inc. Political Action Committee,Rep. Rick Larson,2025-06-23,2500.00
"LEIDOS, INC.",Leidos Inc. Political Action Committee,Rep. Troy Nehls,2025-06-23,1000.00
"LEIDOS, INC.",Leidos Inc. Political Action Committee,Rep. Ashley Hinson,2025-06-24,1500.00
"LEIDOS, INC.",Leidos Inc. Political Action Committee,Rep. Mark Amodei,2025-06-24,1000.00
"LEIDOS, INC.",Leidos Inc. Political Action Committee,Rep. Don Beyer,2025-06-24,1000.00
"LEIDOS, INC.",Leidos Inc. Political Action Committee,Rep. Stephanie Bice,2025-06-24,1000.00
"LEIDOS, INC.",Leidos Inc. Political Action Committee,Rep. Mike Bost,2025-06-24,1000.00
"LEIDOS, INC.",Leidos Inc. Political Action Committee,Rep. Mike Carey,2025-06-24,1000.00
"LEIDOS, INC.",Leidos Inc. Political Action Committee,Rep. Joe Courtney,2025-06-24,1000.00
"LEIDOS, INC.",Leidos Inc. Political Action Committee,Rep. Jeff Crank,2025-06-24,1000.00
"LEIDOS, INC.",Leidos Inc. Political Action Committee,Rep. Rick Crawford,2025-06-24,1000.00
"LEIDOS, INC.",Leidos Inc. Political Action Committee,Rep. Suzan DelBene,2025-06-24,1500.00
"LEIDOS, INC.",Leidos Inc. Political Action Committee,Rep. Sarah Elfreth,2025-06-24,1000.00
"LEIDOS, INC.",Leidos Inc. Political Action Committee,Rep. Veronica Escobar,2025-06-24,1000.00
"LEIDOS, INC.",Leidos Inc. Political Action Committee,Rep. Sam Graves,2025-06-24,2500.00
"LEIDOS, INC.",Leidos Inc. Political Action Committee,Rep. Michael Guest,2025-06-24,2500.00
"LEIDOS, INC.",Leidos Inc. Political Action Committee,Rep. Brett Guthrie,2025-06-24,1000.00
"LEIDOS, INC.",Leidos Inc. Political Action Committee,Rep. Abraham Hamadeh,2025-06-24,1000.00
"LEIDOS, INC.",Leidos Inc. Political Action Committee,Rep. Chrissy Houlahan,2025-06-24,1000.00
"LEIDOS, INC.",Leidos Inc. Political Action Committee,Sen. Cindy Hyde-Smith,2025-06-24,1500.00
"LEIDOS, INC.",Leidos Inc. Political Action Committee,Rep. David Joyce,2025-06-24,1000.00
"LEIDOS, INC.",Leidos Inc. Political Action Committee,Rep. Trent Kelly,2025-06-24,1500.00
"LEIDOS, INC.",Leidos Inc. Political Action Committee,Rep. Nick LaLota,2025-06-24,1000.00
"LEIDOS, INC.",Leidos Inc. Political Action Committee,Rep. Kristen McDonald Rivet,2025-06-24,1000.00
"LEIDOS, INC.",Leidos Inc. Political Action Committee,Rep. Gregory Meeks,2025-06-24,1000.00
"LEIDOS, INC.",Leidos Inc. Political Action Committee,Rep. Grace Meng,2025-06-24,1000.00
"LEIDOS, INC.",Leidos Inc. Political Action Committee,Rep. Carol Miller,2025-06-24,1000.00
"LEIDOS, INC.",Leidos Inc. Political Action Committee,Rep. Joe Morelle,2025-06-24,1000.00
"LEIDOS, INC.",Leidos Inc. Political Action Committee,Rep. Seth Moulton,2025-06-24,1500.00
"LEIDOS, INC.",Leidos Inc. Political Action Committee,Rep. Donald Norcross,2025-06-24,1000.00
"LEIDOS, INC.",Leidos Inc. Political Action Committee,Rep. Derek Schmidt,2025-06-24,1000.00
"LEIDOS, INC.",Leidos Inc. Political Action Committee,Rep. Bennie Thompson,2025-06-24,1500.00
"LEIDOS, INC.",Leidos Inc. Political Action Committee,Rep. Dina Titus,2025-06-24,1000.00
"LEIDOS, INC.",Leidos Inc. Political Action Committee,Rep. Joe Wilson,2025-06-24,1000.00
"LEIDOS, INC.",Leidos Inc. Political Action Committee,Rep. Rudy Yakym,2025-06-24,1000.00
"LEIDOS, INC.",Leidos Inc. Political Action Committee,Sen. Chris Coons,2025-06-24,5000.00
"LEIDOS, INC.",Leidos Inc. Political Action Committee,Rep. Mario Diaz-Balart,2025-06-24,5000.00
"LEIDOS, INC.",Leidos Inc. Political Action Committee,Rep. Troy Nehls,2025-06-24,1000.00
"LEIDOS, INC.",Leidos Inc. Political Action Committee,Rep. Andrew Garbarino,2025-02-18,2500.00
"LEIDOS, INC.",Leidos Inc. Political Action Committee,Rep. Sam Graves,2025-02-18,2500.00
"LEIDOS, INC.",Leidos Inc. Political Action Committee,Rep. Michael Guest,2025-02-18,1000.00
"LEIDOS, INC.",Leidos Inc. Political Action Committee,Rep. Ashley Hinson,2025-02-18,3000.00
"LEIDOS, INC.",Leidos Inc. Political Action Committee,Rep. Trent Kelly,2025-02-18,1000.00
"LEIDOS, INC.",Leidos Inc. Political Action Committee,Rep. David Kustoff,2025-02-18,3000.00
"LEIDOS, INC.",Leidos Inc. Political Action Committee,Democratic Senatorial Campaign Committee,2025-01-29,15000.00
"LEIDOS, INC.",Leidos Inc. Political Action Committee,National Republican Senatorial Committee,2025-01-29,15000.00
"LEIDOS, INC.",Leidos Inc. Political Action Committee,Democratic Senatorial Campaign Committee,2025-01-30,15000.00
"LEIDOS, INC.",Leidos Inc. Political Action Committee,National Republican Senatorial Committee,2025-01-30,15000.00
"LEIDOS, INC.",Leidos Inc. Political Action Committee,Rep. Wesley Bell,2025-02-18,1000.00
"LEIDOS, INC.",Leidos Inc. Political Action Committee,Rep. Juan Ciscomani,2025-02-18,1000.00
"LEIDOS, INC.",Leidos Inc. Political Action Committee,Rep. Steve Cohen,2025-02-18,1000.00
"LEIDOS, INC.",Leidos Inc. Political Action Committee,Rep. Tom Cole,2025-02-18,2500.00
"LEIDOS, INC.",Leidos Inc. Political Action Committee,Rep. Herb Conaway,2025-02-18,1000.00
"LEIDOS, INC.",Leidos Inc. Political Action Committee,Rep. Julia Letlow,2025-02-18,1000.00
"LEIDOS, INC.",Leidos Inc. Political Action Committee,Rep. Seth Magaziner,2025-02-18,1000.00
"LEIDOS, INC.",Leidos Inc. Political Action Committee,Rep. Jennifer McClellan,2025-02-18,1000.00
"LEIDOS, INC.",Leidos Inc. Political Action Committee,Rep. Carol Miller,2025-02-18,3000.00
"LEIDOS, INC.",Leidos Inc. Political Action Committee,Rep. Dan Newhouse,2025-02-18,1000.00
"LEIDOS, INC.",Leidos Inc. Political Action Committee,Rep. David Rouzer,2025-02-18,1000.00
"LEIDOS, INC.",Leidos Inc. Political Action Committee,Rep. Dale Strong,2025-02-18,1000.00
