organization,pacs,honoree,date,amount_usd
ERNST & YOUNG LLP (WASHINGTON COUNCIL ERNST & YOUNG),Ernst & Young Political Action Committee,Congressman Bill Huizengal,2025-03-12,5000.00
ERNST & YOUNG LLP (WASHINGTON COUNCIL ERNST & YOUNG),Ernst & Young Political Action Committee,Congressman Zach Nunn,2025-06-04,5000.00
ERNST & YOUNG LLP (WASHINGTON COUNCIL ERNST & YOUNG),Ernst & Young Political Action Committee,Congresswoman Janelle Bynum,2025-06-04,2500.00
ERNST & YOUNG LLP (WASHINGTON COUNCIL ERNST & YOUNG),Ernst & Young Political Action Committee,Congressman Jason Smith,2025-03-04,3000.00
ERNST & YOUNG LLP (WASHINGTON COUNCIL ERNST & YOUNG),Ernst & Young Political Action Committee,Congressman Hakeem Jeffries,2025-06-04,5000.00
ERNST & YOUNG LLP (WASHINGTON COUNCIL ERNST & YOUNG),Ernst & Young Political Action Committee,Congressman Hakeem Jeffries,2025-06-04,5000.00
ERNST & YOUNG LLP (WASHINGTON COUNCIL ERNST & YOUNG),Ernst & Young Political Action Committee,Congressman Josh Gottheimer,2025-03-04,3500.00
ERNST & YOUNG LLP (WASHINGTON COUNCIL ERNST & YOUNG),Ernst & Young Political Action Committee,Congressman Jim Costa,2025-03-12,2500.00
ERNST & YOUNG LLP (WASHINGTON COUNCIL ERNST & YOUNG),Ernst & Young Political Action Committee,Senator James Risch,2025-06-04,2500.00
ERNST & YOUNG LLP (WASHINGTON COUNCIL ERNST & YOUNG),Ernst & Young Political Action Committee,Congressman Jimmy Panetta,2025-03-04,3500.00
ERNST & YOUNG LLP (WASHINGTON COUNCIL ERNST & YOUNG),Ernst & Young Political Action Committee,Congressman Jimmy Panetta,2025-06-04,2000.00
ERNST & YOUNG LLP (WASHINGTON COUNCIL ERNST & YOUNG),Ernst & Young Political Action Committee,Congressman Jimmy Panetta,2025-06-04,1500.00
ERNST & YOUNG LLP (WASHINGTON COUNCIL ERNST & YOUNG),Ernst & Young Political Action Committee,Congressman Joseph Morelle,2025-05-19,2500.00
ERNST & YOUNG LLP (WASHINGTON COUNCIL ERNST & YOUNG),Ernst & Young Political Action Committee,Congressman Joe Neguse,2025-03-12,2500.00
ERNST & YOUNG LLP (WASHINGTON COUNCIL ERNST & YOUNG),Ernst & Young Political Action Committee,Congressman Joe Neguse,2025-06-04,2500.00
ERNST & YOUNG LLP (WASHINGTON COUNCIL ERNST & YOUNG),Ernst & Young Political Action Committee,Congressman Joe Neguse,2025-06-04,2500.00
ERNST & YOUNG LLP (WASHINGTON COUNCIL ERNST & YOUNG),Ernst & Young Political Action Committee,Congressman John Carter,2025-05-19,2500.00
ERNST & YOUNG LLP (WASHINGTON COUNCIL ERNST & YOUNG),Ernst & Young Political Action Committee,Congressman Johnny Olszewski,2025-06-16,2500.00
ERNST & YOUNG LLP (WASHINGTON COUNCIL ERNST & YOUNG),Ernst & Young Political Action Committee,Senator Joni Ernst,2025-04-11,2500.00
ERNST & YOUNG LLP (WASHINGTON COUNCIL ERNST & YOUNG),Ernst & Young Political Action Committee,Senator Joni Ernst,2025-04-11,2500.00
ERNST & YOUNG LLP (WASHINGTON COUNCIL ERNST & YOUNG),Ernst & Young Political Action Committee,Congresswoman Julia Letlow,2025-05-19,2000.00
ERNST & YOUNG LLP (WASHINGTON COUNCIL ERNST & YOUNG),Ernst & Young Political Action Committee,Senator Ruben Gallego,2025-04-11,5000.00
ERNST & YOUNG LLP (WASHINGTON COUNCIL ERNST & YOUNG),Ernst & Young Political Action Committee,Congresswoman Catherine Clark,2025-05-19,5000.00
ERNST & YOUNG LLP (WASHINGTON COUNCIL ERNST & YOUNG),Ernst & Young Political Action Committee,Congresswoman Catherine Clark,2025-05-19,5000.00
ERNST & YOUNG LLP (WASHINGTON COUNCIL ERNST & YOUNG),Ernst & Young Political Action Committee,Congressman Tom Kean,2025-05-19,2500.00
ERNST & YOUNG LLP (WASHINGTON COUNCIL ERNST & YOUNG),Ernst & Young Political Action Committee,Congresswoman Kristen McDonald Rivet,2025-06-16,2500.00
ERNST & YOUNG LLP (WASHINGTON COUNCIL ERNST & YOUNG),Ernst & Young Political Action Committee,Congressman David Kustoff,2025-03-24,5000.00
ERNST & YOUNG LLP (WASHINGTON COUNCIL ERNST & YOUNG),Ernst & Young Political Action Committee,Congressman Kweisi Mfume,2025-06-04,5000.00
ERNST & YOUNG LLP (WASHINGTON COUNCIL ERNST & YOUNG),Ernst & Young Political Action Committee,Congressman Darin LaHood,2025-04-11,5000.00
ERNST & YOUNG LLP (WASHINGTON COUNCIL ERNST & YOUNG),Ernst & Young Political Action Committee,Congressman Darin LaHood,2025-05-19,2500.00
ERNST & YOUNG LLP (WASHINGTON COUNCIL ERNST & YOUNG),Ernst & Young Political Action Committee,Congressman Nick LaLota,2025-03-04,1000.00
ERNST & YOUNG LLP (WASHINGTON COUNCIL ERNST & YOUNG),Ernst & Young Political Action Committee,Congressman Mike Lawler,2025-03-12,5000.00
ERNST & YOUNG LLP (WASHINGTON COUNCIL ERNST & YOUNG),Ernst & Young Political Action Committee,Congressman Sam Liccardo,2025-03-04,5000.00
ERNST & YOUNG LLP (WASHINGTON COUNCIL ERNST & YOUNG),Ernst & Young Political Action Committee,Congressman Sam Liccardo,2025-05-19,2500.00
ERNST & YOUNG LLP (WASHINGTON COUNCIL ERNST & YOUNG),Ernst & Young Political Action Committee,Congresswoman Lisa McClain,2025-05-19,2000.00
ERNST & YOUNG LLP (WASHINGTON COUNCIL ERNST & YOUNG),Ernst & Young Political Action Committee,Senator Lisa Murkowski,2025-05-19,2500.00
ERNST & YOUNG LLP (WASHINGTON COUNCIL ERNST & YOUNG),Ernst & Young Political Action Committee,Congresswoman Zoe Lofgren,2025-03-12,5000.00
ERNST & YOUNG LLP (WASHINGTON COUNCIL ERNST & YOUNG),Ernst & Young Political Action Committee,Congressman Lou Correa,2025-03-12,2500.00
ERNST & YOUNG LLP (WASHINGTON COUNCIL ERNST & YOUNG),Ernst & Young Political Action Committee,Congressman Barry Loudermilk,2025-03-04,2500.00
ERNST & YOUNG LLP (WASHINGTON COUNCIL ERNST & YOUNG),Ernst & Young Political Action Committee,Congresswoman Madeleine Dean,2025-03-04,2500.00
ERNST & YOUNG LLP (WASHINGTON COUNCIL ERNST & YOUNG),Ernst & Young Political Action Committee,Congressman Richard Neal,2025-06-04,5000.00
ERNST & YOUNG LLP (WASHINGTON COUNCIL ERNST & YOUNG),Ernst & Young Political Action Committee,Senator Angus King,2025-03-12,2500.00
ERNST & YOUNG LLP (WASHINGTON COUNCIL ERNST & YOUNG),Ernst & Young Political Action Committee,Congresswoman Madeleine Dean,2025-06-24,5000.00
ERNST & YOUNG LLP (WASHINGTON COUNCIL ERNST & YOUNG),Ernst & Young Political Action Committee,Congressman Marc Veasey,2025-04-11,2500.00
ERNST & YOUNG LLP (WASHINGTON COUNCIL ERNST & YOUNG),Ernst & Young Political Action Committee,Congressman Mario Diaz-Balart,2025-01-13,-2500.00
ERNST & YOUNG LLP (WASHINGTON COUNCIL ERNST & YOUNG),Ernst & Young Political Action Committee,Congresswoman Sarah McBride,2025-06-04,2500.00
ERNST & YOUNG LLP (WASHINGTON COUNCIL ERNST & YOUNG),Ernst & Young Political Action Committee,Congressman Addison McDowell,2025-03-12,2500.00
ERNST & YOUNG LLP (WASHINGTON COUNCIL ERNST & YOUNG),Ernst & Young Political Action Committee,Congressman Addison McDowell,2025-03-25,2500.00
ERNST & YOUNG LLP (WASHINGTON COUNCIL ERNST & YOUNG),Ernst & Young Political Action Committee,Congressman Addison McDowell,2025-04-09,-2500.00
ERNST & YOUNG LLP (WASHINGTON COUNCIL ERNST & YOUNG),Ernst & Young Political Action Committee,Congressman Addison McDowell,2025-05-19,2500.00
ERNST & YOUNG LLP (WASHINGTON COUNCIL ERNST & YOUNG),Ernst & Young Political Action Committee,Congressman Dan Meuser,2025-03-04,2500.00
ERNST & YOUNG LLP (WASHINGTON COUNCIL ERNST & YOUNG),Ernst & Young Political Action Committee,Congressman Dan Meuser,2025-03-21,2500.00
ERNST & YOUNG LLP (WASHINGTON COUNCIL ERNST & YOUNG),Ernst & Young Political Action Committee,Congressman Dan Meuser,2025-03-21,2500.00
ERNST & YOUNG LLP (WASHINGTON COUNCIL ERNST & YOUNG),Ernst & Young Political Action Committee,Congressman Michael Haridopolos,2025-04-11,5000.00
ERNST & YOUNG LLP (WASHINGTON COUNCIL ERNST & YOUNG),Ernst & Young Political Action Committee,Congressman Mike Johnson,2025-06-04,5000.00
ERNST & YOUNG LLP (WASHINGTON COUNCIL ERNST & YOUNG),Ernst & Young Political Action Committee,Congressman Mike Johnson,2025-06-04,5000.00
ERNST & YOUNG LLP (WASHINGTON COUNCIL ERNST & YOUNG),Ernst & Young Political Action Committee,Congressman Mike Kelly,2025-06-16,2500.00
ERNST & YOUNG LLP (WASHINGTON COUNCIL ERNST & YOUNG),Ernst & Young Political Action Committee,ModSquad,2025-04-11,5000.00
ERNST & YOUNG LLP (WASHINGTON COUNCIL ERNST & YOUNG),Ernst & Young Political Action Committee,Senator Ashley Moody,2025-06-04,3000.00
ERNST & YOUNG LLP (WASHINGTON COUNCIL ERNST & YOUNG),Ernst & Young Political Action Committee,Congressman John Moolenaar,2025-03-21,2500.00
ERNST & YOUNG LLP (WASHINGTON COUNCIL ERNST & YOUNG),Ernst & Young Political Action Committee,Congresswoman Gwen Moore,2025-04-29,2500.00
ERNST & YOUNG LLP (WASHINGTON COUNCIL ERNST & YOUNG),Ernst & Young Political Action Committee,Congressman Nathaniel Moran,2025-06-04,2500.00
ERNST & YOUNG LLP (WASHINGTON COUNCIL ERNST & YOUNG),Ernst & Young Political Action Committee,Congressman Steven Horsford,2025-03-04,2500.00
ERNST & YOUNG LLP (WASHINGTON COUNCIL ERNST & YOUNG),Ernst & Young Political Action Committee,Congressman Steven Horsford,2025-06-04,2500.00
ERNST & YOUNG LLP (WASHINGTON COUNCIL ERNST & YOUNG),Ernst & Young Political Action Committee,Congressman Steven Horsford,2025-06-04,2500.00
ERNST & YOUNG LLP (WASHINGTON COUNCIL ERNST & YOUNG),Ernst & Young Political Action Committee,Congresswoman Nicole Malliotakis,2025-06-04,2500.00
ERNST & YOUNG LLP (WASHINGTON COUNCIL ERNST & YOUNG),Ernst & Young Political Action Committee,Congresswoman Nikema Williams,2025-03-04,2500.00
ERNST & YOUNG LLP (WASHINGTON COUNCIL ERNST & YOUNG),Ernst & Young Political Action Committee,Congressman Pete Aguilar,2025-05-19,5000.00
ERNST & YOUNG LLP (WASHINGTON COUNCIL ERNST & YOUNG),Ernst & Young Political Action Committee,Congressman Pete Sessions,2025-06-16,5000.00
ERNST & YOUNG LLP (WASHINGTON COUNCIL ERNST & YOUNG),Ernst & Young Political Action Committee,Congressman Mike Quigley,2025-06-04,2500.00
ERNST & YOUNG LLP (WASHINGTON COUNCIL ERNST & YOUNG),Ernst & Young Political Action Committee,RG2/Tuesday Group,2025-03-12,5000.00
ERNST & YOUNG LLP (WASHINGTON COUNCIL ERNST & YOUNG),Ernst & Young Political Action Committee,Congressman Richard Neal,2025-03-04,2500.00
ERNST & YOUNG LLP (WASHINGTON COUNCIL ERNST & YOUNG),Ernst & Young Political Action Committee,Congressman Richard Neal,2025-05-19,2500.00
ERNST & YOUNG LLP (WASHINGTON COUNCIL ERNST & YOUNG),Ernst & Young Political Action Committee,Congressman Richard Neal,2025-05-19,2500.00
ERNST & YOUNG LLP (WASHINGTON COUNCIL ERNST & YOUNG),Ernst & Young Political Action Committee,Congressman Rob Wittman,2025-03-21,5000.00
ERNST & YOUNG LLP (WASHINGTON COUNCIL ERNST & YOUNG),Ernst & Young Political Action Committee,Congresswoman Robin Kelly,2025-03-12,1500.00
ERNST & YOUNG LLP (WASHINGTON COUNCIL ERNST & YOUNG),Ernst & Young Political Action Committee,Congresswoman Robin Kelly,2025-04-30,3500.00
ERNST & YOUNG LLP (WASHINGTON COUNCIL ERNST & YOUNG),Ernst & Young Political Action Committee,Congressman Rogers Williams,2025-06-04,3000.00
ERNST & YOUNG LLP (WASHINGTON COUNCIL ERNST & YOUNG),Ernst & Young Political Action Committee,Congressman Rudy Yakym,2025-04-11,2500.00
ERNST & YOUNG LLP (WASHINGTON COUNCIL ERNST & YOUNG),Ernst & Young Political Action Committee,Congressman Rudy Yakym,2025-06-04,2500.00
ERNST & YOUNG LLP (WASHINGTON COUNCIL ERNST & YOUNG),Ernst & Young Political Action Committee,Congressman Michael Rulli,2025-03-12,1000.00
ERNST & YOUNG LLP (WASHINGTON COUNCIL ERNST & YOUNG),Ernst & Young Political Action Committee,Congresswoman Maria Salazar,2025-03-12,2000.00
ERNST & YOUNG LLP (WASHINGTON COUNCIL ERNST & YOUNG),Ernst & Young Political Action Committee,Congresswoman Mary Scanlon,2025-06-04,2500.00
ERNST & YOUNG LLP (WASHINGTON COUNCIL ERNST & YOUNG),Ernst & Young Political Action Committee,Congressman Brad Schneider,2025-03-04,3500.00
ERNST & YOUNG LLP (WASHINGTON COUNCIL ERNST & YOUNG),Ernst & Young Political Action Committee,Congressman Brad Schneider,2025-05-19,1500.00
ERNST & YOUNG LLP (WASHINGTON COUNCIL ERNST & YOUNG),Ernst & Young Political Action Committee,Congressman Brad Schneider,2025-05-19,3500.00
ERNST & YOUNG LLP (WASHINGTON COUNCIL ERNST & YOUNG),Ernst & Young Political Action Committee,Congressman Scott Fitzgerald,2025-03-12,5000.00
ERNST & YOUNG LLP (WASHINGTON COUNCIL ERNST & YOUNG),Ernst & Young Political Action Committee,Congressman Brad Sherman,2025-04-11,2000.00
ERNST & YOUNG LLP (WASHINGTON COUNCIL ERNST & YOUNG),Ernst & Young Political Action Committee,Congressman Brad Sherman,2025-05-19,3000.00
ERNST & YOUNG LLP (WASHINGTON COUNCIL ERNST & YOUNG),Ernst & Young Political Action Committee,Congressman John Curtis,2025-06-27,5000.00
ERNST & YOUNG LLP (WASHINGTON COUNCIL ERNST & YOUNG),Ernst & Young Political Action Committee,Congressman Bryan Steil,2025-03-12,2000.00
ERNST & YOUNG LLP (WASHINGTON COUNCIL ERNST & YOUNG),Ernst & Young Political Action Committee,Congressman Bryan Steil,2025-06-04,3000.00
ERNST & YOUNG LLP (WASHINGTON COUNCIL ERNST & YOUNG),Ernst & Young Political Action Committee,Congressman Bryan Steil,2025-06-04,2000.00
ERNST & YOUNG LLP (WASHINGTON COUNCIL ERNST & YOUNG),Ernst & Young Political Action Committee,Congressman Stephen Lynch,2025-03-04,2500.00
ERNST & YOUNG LLP (WASHINGTON COUNCIL ERNST & YOUNG),Ernst & Young Political Action Committee,Senator Steve Daines,2025-06-16,2500.00
ERNST & YOUNG LLP (WASHINGTON COUNCIL ERNST & YOUNG),Ernst & Young Political Action Committee,Congresswoman Marilyn Strickland,2025-03-12,2500.00
ERNST & YOUNG LLP (WASHINGTON COUNCIL ERNST & YOUNG),Ernst & Young Political Action Committee,Congresswoman Marilyn Strickland,2025-06-04,2500.00
ERNST & YOUNG LLP (WASHINGTON COUNCIL ERNST & YOUNG),Ernst & Young Political Action Committee,Congresswoman Marilyn Strickland,2025-05-19,2500.00
ERNST & YOUNG LLP (WASHINGTON COUNCIL ERNST & YOUNG),Ernst & Young Political Action Committee,Congressman Marlin Stutzman,2025-06-04,2500.00
ERNST & YOUNG LLP (WASHINGTON COUNCIL ERNST & YOUNG),Ernst & Young Political Action Committee,Congressman Thomas Suozzi,2025-03-14,2500.00
ERNST & YOUNG LLP (WASHINGTON COUNCIL ERNST & YOUNG),Ernst & Young Political Action Committee,Congressman Thomas Suozzi,2025-06-04,500.00
ERNST & YOUNG LLP (WASHINGTON COUNCIL ERNST & YOUNG),Ernst & Young Political Action Committee,Congressman Thomas Suozzi,2025-06-04,2500.00
ERNST & YOUNG LLP (WASHINGTON COUNCIL ERNST & YOUNG),Ernst & Young Political Action Committee,Congresswoman Sylvia Garcia,2025-05-19,2500.00
ERNST & YOUNG LLP (WASHINGTON COUNCIL ERNST & YOUNG),Ernst & Young Political Action Committee,Congressman Brian Fitzpatrick,2025-06-16,5000.00
ERNST & YOUNG LLP (WASHINGTON COUNCIL ERNST & YOUNG),Ernst & Young Political Action Committee,Senator Bill Hagerty,2025-03-04,2500.00
ERNST & YOUNG LLP (WASHINGTON COUNCIL ERNST & YOUNG),Ernst & Young Political Action Committee,Senator Bill Hagerty,2025-05-30,-2500.00
ERNST & YOUNG LLP (WASHINGTON COUNCIL ERNST & YOUNG),Ernst & Young Political Action Committee,Senator Bill Hagerty,2025-06-04,1000.00
ERNST & YOUNG LLP (WASHINGTON COUNCIL ERNST & YOUNG),Ernst & Young Political Action Committee,Senator Bill Hagerty,2025-06-04,2500.00
ERNST & YOUNG LLP (WASHINGTON COUNCIL ERNST & YOUNG),Ernst & Young Political Action Committee,Congressman Patrick Harrigan,2025-03-12,1500.00
ERNST & YOUNG LLP (WASHINGTON COUNCIL ERNST & YOUNG),Ernst & Young Political Action Committee,Congressman Patrick Harrigan,2025-06-16,3500.00
ERNST & YOUNG LLP (WASHINGTON COUNCIL ERNST & YOUNG),Ernst & Young Political Action Committee,Senator Jack Reed,2025-03-12,2500.00
ERNST & YOUNG LLP (WASHINGTON COUNCIL ERNST & YOUNG),Ernst & Young Political Action Committee,Senator Thom Tillis,2025-06-04,2500.00
ERNST & YOUNG LLP (WASHINGTON COUNCIL ERNST & YOUNG),Ernst & Young Political Action Committee,Senator Thom Tillis,2025-06-04,5000.00
ERNST & YOUNG LLP (WASHINGTON COUNCIL ERNST & YOUNG),Ernst & Young Political Action Committee,Congressman Ritchie Torres,2025-01-13,-2500.00
ERNST & YOUNG LLP (WASHINGTON COUNCIL ERNST & YOUNG),Ernst & Young Political Action Committee,Congressman Troy Carter,2025-06-16,2500.00
ERNST & YOUNG LLP (WASHINGTON COUNCIL ERNST & YOUNG),Ernst & Young Political Action Committee,Congressman Troy Downing,2025-06-04,3000.00
ERNST & YOUNG LLP (WASHINGTON COUNCIL ERNST & YOUNG),Ernst & Young Political Action Committee,Congressman Troy Downing,2025-06-27,3000.00
ERNST & YOUNG LLP (WASHINGTON COUNCIL ERNST & YOUNG),Ernst & Young Political Action Committee,Congressman Troy Downing,2025-06-27,-3000.00
ERNST & YOUNG LLP (WASHINGTON COUNCIL ERNST & YOUNG),Ernst & Young Political Action Committee,Congressman David Valadao,2025-01-13,-2500.00
ERNST & YOUNG LLP (WASHINGTON COUNCIL ERNST & YOUNG),Ernst & Young Political Action Committee,Congressman Juan Vargas,2025-04-11,2500.00
ERNST & YOUNG LLP (WASHINGTON COUNCIL ERNST & YOUNG),Ernst & Young Political Action Committee,Senator Tina Smith,2025-06-04,5000.00
ERNST & YOUNG LLP (WASHINGTON COUNCIL ERNST & YOUNG),Ernst & Young Political Action Committee,Congressman Vern Buchanan,2025-06-04,5000.00
ERNST & YOUNG LLP (WASHINGTON COUNCIL ERNST & YOUNG),Ernst & Young Political Action Committee,Congressman Vicente Gonzalez,2025-03-12,2500.00
ERNST & YOUNG LLP (WASHINGTON COUNCIL ERNST & YOUNG),Ernst & Young Political Action Committee,ViewPAC,2025-04-29,5000.00
ERNST & YOUNG LLP (WASHINGTON COUNCIL ERNST & YOUNG),Ernst & Young Political Action Committee,Congresswoman Stacey Plaskett,2025-06-04,2500.00
ERNST & YOUNG LLP (WASHINGTON COUNCIL ERNST & YOUNG),Ernst & Young Political Action Committee,Congressman Michael Baumgartner,2025-06-24,1500.00
ERNST & YOUNG LLP (WASHINGTON COUNCIL ERNST & YOUNG),Ernst & Young Political Action Committee,Congressman William Timmons,2025-04-29,2500.00
ERNST & YOUNG LLP (WASHINGTON COUNCIL ERNST & YOUNG),Ernst & Young Political Action Committee,Congressman Steve Womack,2025-03-21,5000.00
ERNST & YOUNG LLP (WASHINGTON COUNCIL ERNST & YOUNG),Ernst & Young Political Action Committee,Wonder Woman PAC,2025-04-29,5000.00
ERNST & YOUNG LLP (WASHINGTON COUNCIL ERNST & YOUNG),Ernst & Young Political Action Committee,Congresswoman Young Kim,2025-06-16,5000.00
ERNST & YOUNG LLP (WASHINGTON COUNCIL ERNST & YOUNG),Ernst & Young Political Action Committee,Congressman Aaron Bean,2025-03-14,2500.00
ERNST & YOUNG LLP (WASHINGTON COUNCIL ERNST & YOUNG),Ernst & Young Political Action Committee,Congressman Aaron Bean,2025-06-24,2500.00
ERNST & YOUNG LLP (WASHINGTON COUNCIL ERNST & YOUNG),Ernst & Young Political Action Committee,Senator Katie Britt,2025-06-16,2500.00
ERNST & YOUNG LLP (WASHINGTON COUNCIL ERNST & YOUNG),Ernst & Young Political Action Committee,Congressman Mike Johnson,2025-06-04,5000.00
ERNST & YOUNG LLP (WASHINGTON COUNCIL ERNST & YOUNG),Ernst & Young Political Action Committee,Congresman Andre Carson,2025-06-04,2500.00
ERNST & YOUNG LLP (WASHINGTON COUNCIL ERNST & YOUNG),Ernst & Young Political Action Committee,Congressman Andy Barr,2025-03-04,2500.00
ERNST & YOUNG LLP (WASHINGTON COUNCIL ERNST & YOUNG),Ernst & Young Political Action Committee,Congressman Andy Barr,2025-03-12,2500.00
ERNST & YOUNG LLP (WASHINGTON COUNCIL ERNST & YOUNG),Ernst & Young Political Action Committee,Congressman Andy Barr,2025-03-12,2500.00
ERNST & YOUNG LLP (WASHINGTON COUNCIL ERNST & YOUNG),Ernst & Young Political Action Committee,Congresswoman April McClain Delaney,2025-06-04,2500.00
ERNST & YOUNG LLP (WASHINGTON COUNCIL ERNST & YOUNG),Ernst & Young Political Action Committee,Congresswoman Ashley Hinson,2025-03-21,5000.00
ERNST & YOUNG LLP (WASHINGTON COUNCIL ERNST & YOUNG),Ernst & Young Political Action Committee,Congressman Austin Scott,2025-06-04,2500.00
ERNST & YOUNG LLP (WASHINGTON COUNCIL ERNST & YOUNG),Ernst & Young Political Action Committee,Congresswoman Joyce Beatty,2025-03-12,2500.00
ERNST & YOUNG LLP (WASHINGTON COUNCIL ERNST & YOUNG),Ernst & Young Political Action Committee,Congressman Jack Bergman,2025-04-11,2500.00
ERNST & YOUNG LLP (WASHINGTON COUNCIL ERNST & YOUNG),Ernst & Young Political Action Committee,Congressman Bill Foster,2025-05-19,3000.00
ERNST & YOUNG LLP (WASHINGTON COUNCIL ERNST & YOUNG),Ernst & Young Political Action Committee,Blue Dog PAC,2025-04-29,5000.00
ERNST & YOUNG LLP (WASHINGTON COUNCIL ERNST & YOUNG),Ernst & Young Political Action Committee,BOLD PAC,2025-04-29,5000.00
ERNST & YOUNG LLP (WASHINGTON COUNCIL ERNST & YOUNG),Ernst & Young Political Action Committee,Congresswoman Suzanne Bonamici,2025-03-12,1000.00
ERNST & YOUNG LLP (WASHINGTON COUNCIL ERNST & YOUNG),Ernst & Young Political Action Committee,Congressman Brian Fitzpatrick,2025-03-12,2500.00
ERNST & YOUNG LLP (WASHINGTON COUNCIL ERNST & YOUNG),Ernst & Young Political Action Committee,Congressman Brian Jack,2025-06-04,2500.00
ERNST & YOUNG LLP (WASHINGTON COUNCIL ERNST & YOUNG),Ernst & Young Political Action Committee,Senator Ted Budd,2025-03-04,5000.00
ERNST & YOUNG LLP (WASHINGTON COUNCIL ERNST & YOUNG),Ernst & Young Political Action Committee,Congressman Mike Carey,2025-03-12,2500.00
ERNST & YOUNG LLP (WASHINGTON COUNCIL ERNST & YOUNG),Ernst & Young Political Action Committee,Congressman Mike Carey,2025-04-11,2500.00
ERNST & YOUNG LLP (WASHINGTON COUNCIL ERNST & YOUNG),Ernst & Young Political Action Committee,Congressman Mike Carey,2025-06-04,2500.00
ERNST & YOUNG LLP (WASHINGTON COUNCIL ERNST & YOUNG),Ernst & Young Political Action Committee,Congressman Carlos Gimenez,2025-06-24,1000.00
ERNST & YOUNG LLP (WASHINGTON COUNCIL ERNST & YOUNG),Ernst & Young Political Action Committee,Congresswoman Carol Miller,2025-05-19,1000.00
ERNST & YOUNG LLP (WASHINGTON COUNCIL ERNST & YOUNG),Ernst & Young Political Action Committee,Congressman Ed Case,2025-05-19,2500.00
ERNST & YOUNG LLP (WASHINGTON COUNCIL ERNST & YOUNG),Ernst & Young Political Action Committee,Congressman Sean Casten,2025-06-16,5000.00
ERNST & YOUNG LLP (WASHINGTON COUNCIL ERNST & YOUNG),Ernst & Young Political Action Committee,Congresswoman Chrissy Houlahan,2025-05-19,1000.00
ERNST & YOUNG LLP (WASHINGTON COUNCIL ERNST & YOUNG),Ernst & Young Political Action Committee,Congressman Gilbert Cisneros,2025-03-12,2500.00
ERNST & YOUNG LLP (WASHINGTON COUNCIL ERNST & YOUNG),Ernst & Young Political Action Committee,Congressman Emanuel Cleaver,2025-06-04,3000.00
ERNST & YOUNG LLP (WASHINGTON COUNCIL ERNST & YOUNG),Ernst & Young Political Action Committee,Congressman Cliff Bentz,2025-03-12,2500.00
ERNST & YOUNG LLP (WASHINGTON COUNCIL ERNST & YOUNG),Ernst & Young Political Action Committee,Congressman Tom Cole,2025-03-12,2500.00
ERNST & YOUNG LLP (WASHINGTON COUNCIL ERNST & YOUNG),Ernst & Young Political Action Committee,Congressman David Schweikert,2025-03-04,2500.00
ERNST & YOUNG LLP (WASHINGTON COUNCIL ERNST & YOUNG),Ernst & Young Political Action Committee,Congressman David Schweikert,2025-05-30,-2500.00
ERNST & YOUNG LLP (WASHINGTON COUNCIL ERNST & YOUNG),Ernst & Young Political Action Committee,Congressman David Schweikert,2025-06-04,2500.00
ERNST & YOUNG LLP (WASHINGTON COUNCIL ERNST & YOUNG),Ernst & Young Political Action Committee,Congressman Warren Davidson,2025-06-24,5000.00
ERNST & YOUNG LLP (WASHINGTON COUNCIL ERNST & YOUNG),Ernst & Young Political Action Committee,Congresswoman Suzann DelBene,2025-05-19,2500.00
ERNST & YOUNG LLP (WASHINGTON COUNCIL ERNST & YOUNG),Ernst & Young Political Action Committee,Congresswoman Suzann DelBene,2025-06-04,2500.00
ERNST & YOUNG LLP (WASHINGTON COUNCIL ERNST & YOUNG),Ernst & Young Political Action Committee,Congresswoman Suzann DelBene,2025-06-04,500.00
ERNST & YOUNG LLP (WASHINGTON COUNCIL ERNST & YOUNG),Ernst & Young Political Action Committee,Congressman Randy Feenstra,2025-06-04,5000.00
ERNST & YOUNG LLP (WASHINGTON COUNCIL ERNST & YOUNG),Ernst & Young Political Action Committee,Congressman Dwight Evans,2025-04-11,2500.00
ERNST & YOUNG LLP (WASHINGTON COUNCIL ERNST & YOUNG),Ernst & Young Political Action Committee,Congresswoman Sarah Elfreth,2025-06-16,2500.00
ERNST & YOUNG LLP (WASHINGTON COUNCIL ERNST & YOUNG),Ernst & Young Political Action Committee,Congresswoman Lizzie Fletcher,2025-04-11,2500.00
ERNST & YOUNG LLP (WASHINGTON COUNCIL ERNST & YOUNG),Ernst & Young Political Action Committee,Equality PAC,2025-04-29,5000.00
ERNST & YOUNG LLP (WASHINGTON COUNCIL ERNST & YOUNG),Ernst & Young Political Action Committee,Congresswoman Young Kim,2025-03-04,5000.00
ERNST & YOUNG LLP (WASHINGTON COUNCIL ERNST & YOUNG),Ernst & Young Political Action Committee,Congressman French Hill,2025-03-12,1500.00
ERNST & YOUNG LLP (WASHINGTON COUNCIL ERNST & YOUNG),Ernst & Young Political Action Committee,Congressman French Hill,2025-05-19,2500.00
ERNST & YOUNG LLP (WASHINGTON COUNCIL ERNST & YOUNG),Ernst & Young Political Action Committee,Congressman French Hill,2025-06-04,1000.00
ERNST & YOUNG LLP (WASHINGTON COUNCIL ERNST & YOUNG),Ernst & Young Political Action Committee,Congressman French Hill,2025-06-04,4000.00
ERNST & YOUNG LLP (WASHINGTON COUNCIL ERNST & YOUNG),Ernst & Young Political Action Committee,Congressman Gregory Meeks,2025-06-04,5000.00
ERNST & YOUNG LLP (WASHINGTON COUNCIL ERNST & YOUNG),Ernst & Young Political Action Committee,Congressman Dave Joyce,2025-06-04,5000.00
ERNST & YOUNG LLP (WASHINGTON COUNCIL ERNST & YOUNG),Ernst & Young Political Action Committee,Congressman Don Beyer,2025-03-12,2500.00
ERNST & YOUNG LLP (WASHINGTON COUNCIL ERNST & YOUNG),Ernst & Young Political Action Committee,Congressman Dusty Johnson,2025-03-12,2500.00
ERNST & YOUNG LLP (WASHINGTON COUNCIL ERNST & YOUNG),Ernst & Young Political Action Committee,Senator Mark Warner,2025-03-04,2500.00
ERNST & YOUNG LLP (WASHINGTON COUNCIL ERNST & YOUNG),Ernst & Young Political Action Committee,Senator Mark Warner,2025-04-11,2500.00
ERNST & YOUNG LLP (WASHINGTON COUNCIL ERNST & YOUNG),Ernst & Young Political Action Committee,Congressman Raja Krishnamoorthi,2025-03-12,2000.00
ERNST & YOUNG LLP (WASHINGTON COUNCIL ERNST & YOUNG),Ernst & Young Political Action Committee,Congressman Tim Moore,2025-04-11,5000.00
ERNST & YOUNG LLP (WASHINGTON COUNCIL ERNST & YOUNG),Ernst & Young Political Action Committee,Congressman Russell Fry,2025-03-12,2500.00
ERNST & YOUNG LLP (WASHINGTON COUNCIL ERNST & YOUNG),Ernst & Young Political Action Committee,Senator Ruben Gallego,2025-05-19,1000.00
ERNST & YOUNG LLP (WASHINGTON COUNCIL ERNST & YOUNG),Ernst & Young Political Action Committee,Congressman Andrew Garbarino,2025-05-19,3000.00
ERNST & YOUNG LLP (WASHINGTON COUNCIL ERNST & YOUNG),Ernst & Young Political Action Committee,Congressman Jimmy Gomez,2025-04-11,2500.00
ERNST & YOUNG LLP (WASHINGTON COUNCIL ERNST & YOUNG),Ernst & Young Political Action Committee,Senator Maggie Hassan,2025-06-04,5000.00
ERNST & YOUNG LLP (WASHINGTON COUNCIL ERNST & YOUNG),Ernst & Young Political Action Committee,Congressman Sam Graves,2025-06-04,2500.00
ERNST & YOUNG LLP (WASHINGTON COUNCIL ERNST & YOUNG),Ernst & Young Political Action Committee,Congressman Brett Guthrie,2025-03-04,2500.00
ERNST & YOUNG LLP (WASHINGTON COUNCIL ERNST & YOUNG),Ernst & Young Political Action Committee,Congressman Brett Guthrie,2025-05-19,2500.00
ERNST & YOUNG LLP (WASHINGTON COUNCIL ERNST & YOUNG),Ernst & Young Political Action Committee,Congressman Guy Reschenthaler,2025-05-19,2500.00
ERNST & YOUNG LLP (WASHINGTON COUNCIL ERNST & YOUNG),Ernst & Young Political Action Committee,Congresswoman Haley Stevens,2025-03-21,5000.00
ERNST & YOUNG LLP (WASHINGTON COUNCIL ERNST & YOUNG),Ernst & Young Political Action Committee,Congresswoman Haley Stevens,2025-03-21,5000.00
ERNST & YOUNG LLP (WASHINGTON COUNCIL ERNST & YOUNG),Ernst & Young Political Action Committee,Congressman Jim Himes,2025-06-04,2500.00
ERNST & YOUNG LLP (WASHINGTON COUNCIL ERNST & YOUNG),Ernst & Young Political Action Committee,Congressman Ron Wyden,2025-03-12,5000.00
ERNST & YOUNG LLP (WASHINGTON COUNCIL ERNST & YOUNG),Ernst & Young Political Action Committee,Congresswoman Erin Houchin,2025-03-21,5000.00
ERNST & YOUNG LLP (WASHINGTON COUNCIL ERNST & YOUNG),Ernst & Young Political Action Committee,Congressman Bill Huizengal,2025-03-12,5000.00
ERNST & YOUNG LLP (WASHINGTON COUNCIL ERNST & YOUNG),Ernst & Young Political Action Committee,Congressman Zach Nunn,2025-06-04,5000.00
ERNST & YOUNG LLP (WASHINGTON COUNCIL ERNST & YOUNG),Ernst & Young Political Action Committee,Congresswoman Janelle Bynum,2025-06-04,2500.00
ERNST & YOUNG LLP (WASHINGTON COUNCIL ERNST & YOUNG),Ernst & Young Political Action Committee,Congressman Jason Smith,2025-03-04,3000.00
ERNST & YOUNG LLP (WASHINGTON COUNCIL ERNST & YOUNG),Ernst & Young Political Action Committee,Congressman Hakeem Jeffries,2025-06-04,5000.00
ERNST & YOUNG LLP (WASHINGTON COUNCIL ERNST & YOUNG),Ernst & Young Political Action Committee,Congressman Hakeem Jeffries,2025-06-04,5000.00
ERNST & YOUNG LLP (WASHINGTON COUNCIL ERNST & YOUNG),Ernst & Young Political Action Committee,Congressman Josh Gottheimer,2025-03-04,3500.00
ERNST & YOUNG LLP (WASHINGTON COUNCIL ERNST & YOUNG),Ernst & Young Political Action Committee,Congressman Jim Costa,2025-03-12,2500.00
ERNST & YOUNG LLP (WASHINGTON COUNCIL ERNST & YOUNG),Ernst & Young Political Action Committee,Senator James Risch,2025-06-04,2500.00
ERNST & YOUNG LLP (WASHINGTON COUNCIL ERNST & YOUNG),Ernst & Young Political Action Committee,Congressman Jimmy Panetta,2025-03-04,3500.00
ERNST & YOUNG LLP (WASHINGTON COUNCIL ERNST & YOUNG),Ernst & Young Political Action Committee,Congressman Jimmy Panetta,2025-06-04,2000.00
ERNST & YOUNG LLP (WASHINGTON COUNCIL ERNST & YOUNG),Ernst & Young Political Action Committee,Congressman Jimmy Panetta,2025-06-04,1500.00
ERNST & YOUNG LLP (WASHINGTON COUNCIL ERNST & YOUNG),Ernst & Young Political Action Committee,Congressman Joseph Morelle,2025-05-19,2500.00
ERNST & YOUNG LLP (WASHINGTON COUNCIL ERNST & YOUNG),Ernst & Young Political Action Committee,Congressman Joe Neguse,2025-03-12,2500.00
ERNST & YOUNG LLP (WASHINGTON COUNCIL ERNST & YOUNG),Ernst & Young Political Action Committee,Congressman Joe Neguse,2025-06-04,2500.00
ERNST & YOUNG LLP (WASHINGTON COUNCIL ERNST & YOUNG),Ernst & Young Political Action Committee,Congressman Joe Neguse,2025-06-04,2500.00
ERNST & YOUNG LLP (WASHINGTON COUNCIL ERNST & YOUNG),Ernst & Young Political Action Committee,Congressman John Carter,2025-05-19,2500.00
ERNST & YOUNG LLP (WASHINGTON COUNCIL ERNST & YOUNG),Ernst & Young Political Action Committee,Congressman Johnny Olszewski,2025-06-16,2500.00
ERNST & YOUNG LLP (WASHINGTON COUNCIL ERNST & YOUNG),Ernst & Young Political Action Committee,Senator Joni Ernst,2025-04-11,2500.00
ERNST & YOUNG LLP (WASHINGTON COUNCIL ERNST & YOUNG),Ernst & Young Political Action Committee,Senator Joni Ernst,2025-04-11,2500.00
ERNST & YOUNG LLP (WASHINGTON COUNCIL ERNST & YOUNG),Ernst & Young Political Action Committee,Congresswoman Julia Letlow,2025-05-19,2000.00
ERNST & YOUNG LLP (WASHINGTON COUNCIL ERNST & YOUNG),Ernst & Young Political Action Committee,Senator Ruben Gallego,2025-04-11,5000.00
ERNST & YOUNG LLP (WASHINGTON COUNCIL ERNST & YOUNG),Ernst & Young Political Action Committee,Congresswoman Catherine Clark,2025-05-19,5000.00
ERNST & YOUNG LLP (WASHINGTON COUNCIL ERNST & YOUNG),Ernst & Young Political Action Committee,Congresswoman Catherine Clark,2025-05-19,5000.00
ERNST & YOUNG LLP (WASHINGTON COUNCIL ERNST & YOUNG),Ernst & Young Political Action Committee,Congressman Tom Kean,2025-05-19,2500.00
ERNST & YOUNG LLP (WASHINGTON COUNCIL ERNST & YOUNG),Ernst & Young Political Action Committee,Congresswoman Kristen McDonald Rivet,2025-06-16,2500.00
ERNST & YOUNG LLP (WASHINGTON COUNCIL ERNST & YOUNG),Ernst & Young Political Action Committee,Congressman David Kustoff,2025-03-24,5000.00
ERNST & YOUNG LLP (WASHINGTON COUNCIL ERNST & YOUNG),Ernst & Young Political Action Committee,Congressman Kweisi Mfume,2025-06-04,5000.00
ERNST & YOUNG LLP (WASHINGTON COUNCIL ERNST & YOUNG),Ernst & Young Political Action Committee,Congressman Darin LaHood,2025-04-11,5000.00
ERNST & YOUNG LLP (WASHINGTON COUNCIL ERNST & YOUNG),Ernst & Young Political Action Committee,Congressman Darin LaHood,2025-05-19,2500.00
ERNST & YOUNG LLP (WASHINGTON COUNCIL ERNST & YOUNG),Ernst & Young Political Action Committee,Congressman Nick LaLota,2025-03-04,1000.00
ERNST & YOUNG LLP (WASHINGTON COUNCIL ERNST & YOUNG),Ernst & Young Political Action Committee,Congressman Mike Lawler,2025-03-12,5000.00
ERNST & YOUNG LLP (WASHINGTON COUNCIL ERNST & YOUNG),Ernst & Young Political Action Committee,Congressman Sam Liccardo,2025-03-04,5000.00
ERNST & YOUNG LLP (WASHINGTON COUNCIL ERNST & YOUNG),Ernst & Young Political Action Committee,Congressman Sam Liccardo,2025-05-19,2500.00
ERNST & YOUNG LLP (WASHINGTON COUNCIL ERNST & YOUNG),Ernst & Young Political Action Committee,Congresswoman Lisa McClain,2025-05-19,2000.00
ERNST & YOUNG LLP (WASHINGTON COUNCIL ERNST & YOUNG),Ernst & Young Political Action Committee,Senator Lisa Murkowski,2025-05-19,2500.00
ERNST & YOUNG LLP (WASHINGTON COUNCIL ERNST & YOUNG),Ernst & Young Political Action Committee,Congresswoman Zoe Lofgren,2025-03-12,5000.00
ERNST & YOUNG LLP (WASHINGTON COUNCIL ERNST & YOUNG),Ernst & Young Political Action Committee,Congressman Lou Correa,2025-03-12,2500.00
ERNST & YOUNG LLP (WASHINGTON COUNCIL ERNST & YOUNG),Ernst & Young Political Action Committee,Congressman Barry Loudermilk,2025-03-04,2500.00
ERNST & YOUNG LLP (WASHINGTON COUNCIL ERNST & YOUNG),Ernst & Young Political Action Committee,Congresswoman Madeleine Dean,2025-03-04,2500.00
ERNST & YOUNG LLP (WASHINGTON COUNCIL ERNST & YOUNG),Ernst & Young Political Action Committee,Congressman Richard Neal,2025-06-04,5000.00
ERNST & YOUNG LLP (WASHINGTON COUNCIL ERNST & YOUNG),Ernst & Young Political Action Committee,Senator Angus King,2025-03-12,2500.00
ERNST & YOUNG LLP (WASHINGTON COUNCIL ERNST & YOUNG),Ernst & Young Political Action Committee,Congresswoman Madeleine Dean,2025-06-24,5000.00
ERNST & YOUNG LLP (WASHINGTON COUNCIL ERNST & YOUNG),Ernst & Young Political Action Committee,Congressman Marc Veasey,2025-04-11,2500.00
ERNST & YOUNG LLP (WASHINGTON COUNCIL ERNST & YOUNG),Ernst & Young Political Action Committee,Congressman Mario Diaz-Balart,2025-01-13,-2500.00
ERNST & YOUNG LLP (WASHINGTON COUNCIL ERNST & YOUNG),Ernst & Young Political Action Committee,Congresswoman Sarah McBride,2025-06-04,2500.00
ERNST & YOUNG LLP (WASHINGTON COUNCIL ERNST & YOUNG),Ernst & Young Political Action Committee,Congressman Addison McDowell,2025-03-12,2500.00
ERNST & YOUNG LLP (WASHINGTON COUNCIL ERNST & YOUNG),Ernst & Young Political Action Committee,Congressman Addison McDowell,2025-03-25,2500.00
ERNST & YOUNG LLP (WASHINGTON COUNCIL ERNST & YOUNG),Ernst & Young Political Action Committee,Congressman Addison McDowell,2025-04-09,-2500.00
ERNST & YOUNG LLP (WASHINGTON COUNCIL ERNST & YOUNG),Ernst & Young Political Action Committee,Congressman Addison McDowell,2025-05-19,2500.00
ERNST & YOUNG LLP (WASHINGTON COUNCIL ERNST & YOUNG),Ernst & Young Political Action Committee,Congressman Dan Meuser,2025-03-04,2500.00
ERNST & YOUNG LLP (WASHINGTON COUNCIL ERNST & YOUNG),Ernst & Young Political Action Committee,Congressman Dan Meuser,2025-03-21,2500.00
ERNST & YOUNG LLP (WASHINGTON COUNCIL ERNST & YOUNG),Ernst & Young Political Action Committee,Congressman Dan Meuser,2025-03-21,2500.00
ERNST & YOUNG LLP (WASHINGTON COUNCIL ERNST & YOUNG),Ernst & Young Political Action Committee,Congressman Michael Haridopolos,2025-04-11,5000.00
ERNST & YOUNG LLP (WASHINGTON COUNCIL ERNST & YOUNG),Ernst & Young Political Action Committee,Congressman Mike Johnson,2025-06-04,5000.00
ERNST & YOUNG LLP (WASHINGTON COUNCIL ERNST & YOUNG),Ernst & Young Political Action Committee,Congressman Mike Johnson,2025-06-04,5000.00
ERNST & YOUNG LLP (WASHINGTON COUNCIL ERNST & YOUNG),Ernst & Young Political Action Committee,Congressman Mike Kelly,2025-06-16,2500.00
ERNST & YOUNG LLP (WASHINGTON COUNCIL ERNST & YOUNG),Ernst & Young Political Action Committee,ModSquad,2025-04-11,5000.00
ERNST & YOUNG LLP (WASHINGTON COUNCIL ERNST & YOUNG),Ernst & Young Political Action Committee,Senator Ashley Moody,2025-06-04,3000.00
ERNST & YOUNG LLP (WASHINGTON COUNCIL ERNST & YOUNG),Ernst & Young Political Action Committee,Congressman John Moolenaar,2025-03-21,2500.00
ERNST & YOUNG LLP (WASHINGTON COUNCIL ERNST & YOUNG),Ernst & Young Political Action Committee,Congresswoman Gwen Moore,2025-04-29,2500.00
ERNST & YOUNG LLP (WASHINGTON COUNCIL ERNST & YOUNG),Ernst & Young Political Action Committee,Congressman Nathaniel Moran,2025-06-04,2500.00
ERNST & YOUNG LLP (WASHINGTON COUNCIL ERNST & YOUNG),Ernst & Young Political Action Committee,Congressman Steven Horsford,2025-03-04,2500.00
ERNST & YOUNG LLP (WASHINGTON COUNCIL ERNST & YOUNG),Ernst & Young Political Action Committee,Congressman Steven Horsford,2025-06-04,2500.00
ERNST & YOUNG LLP (WASHINGTON COUNCIL ERNST & YOUNG),Ernst & Young Political Action Committee,Congressman Steven Horsford,2025-06-04,2500.00
ERNST & YOUNG LLP (WASHINGTON COUNCIL ERNST & YOUNG),Ernst & Young Political Action Committee,Congresswoman Nicole Malliotakis,2025-06-04,2500.00
ERNST & YOUNG LLP (WASHINGTON COUNCIL ERNST & YOUNG),Ernst & Young Political Action Committee,Congresswoman Nikema Williams,2025-03-04,2500.00
ERNST & YOUNG LLP (WASHINGTON COUNCIL ERNST & YOUNG),Ernst & Young Political Action Committee,Congressman Pete Aguilar,2025-05-19,5000.00
ERNST & YOUNG LLP (WASHINGTON COUNCIL ERNST & YOUNG),Ernst & Young Political Action Committee,Congressman Pete Sessions,2025-06-16,5000.00
ERNST & YOUNG LLP (WASHINGTON COUNCIL ERNST & YOUNG),Ernst & Young Political Action Committee,Congressman Mike Quigley,2025-06-04,2500.00
ERNST & YOUNG LLP (WASHINGTON COUNCIL ERNST & YOUNG),Ernst & Young Political Action Committee,RG2/Tuesday Group,2025-03-12,5000.00
ERNST & YOUNG LLP (WASHINGTON COUNCIL ERNST & YOUNG),Ernst & Young Political Action Committee,Congressman Richard Neal,2025-03-04,2500.00
ERNST & YOUNG LLP (WASHINGTON COUNCIL ERNST & YOUNG),Ernst & Young Political Action Committee,Congressman Richard Neal,2025-05-19,2500.00
ERNST & YOUNG LLP (WASHINGTON COUNCIL ERNST & YOUNG),Ernst & Young Political Action Committee,Congressman Richard Neal,2025-05-19,2500.00
ERNST & YOUNG LLP (WASHINGTON COUNCIL ERNST & YOUNG),Ernst & Young Political Action Committee,Congressman Rob Wittman,2025-03-21,5000.00
ERNST & YOUNG LLP (WASHINGTON COUNCIL ERNST & YOUNG),Ernst & Young Political Action Committee,Congresswoman Robin Kelly,2025-03-12,1500.00
ERNST & YOUNG LLP (WASHINGTON COUNCIL ERNST & YOUNG),Ernst & Young Political Action Committee,Congresswoman Robin Kelly,2025-04-30,3500.00
ERNST & YOUNG LLP (WASHINGTON COUNCIL ERNST & YOUNG),Ernst & Young Political Action Committee,Congressman Rogers Williams,2025-06-04,3000.00
ERNST & YOUNG LLP (WASHINGTON COUNCIL ERNST & YOUNG),Ernst & Young Political Action Committee,Congressman Rudy Yakym,2025-04-11,2500.00
ERNST & YOUNG LLP (WASHINGTON COUNCIL ERNST & YOUNG),Ernst & Young Political Action Committee,Congressman Rudy Yakym,2025-06-04,2500.00
ERNST & YOUNG LLP (WASHINGTON COUNCIL ERNST & YOUNG),Ernst & Young Political Action Committee,Congressman Michael Rulli,2025-03-12,1000.00
ERNST & YOUNG LLP (WASHINGTON COUNCIL ERNST & YOUNG),Ernst & Young Political Action Committee,Congresswoman Maria Salazar,2025-03-12,2000.00
ERNST & YOUNG LLP (WASHINGTON COUNCIL ERNST & YOUNG),Ernst & Young Political Action Committee,Congresswoman Mary Scanlon,2025-06-04,2500.00
ERNST & YOUNG LLP (WASHINGTON COUNCIL ERNST & YOUNG),Ernst & Young Political Action Committee,Congressman Brad Schneider,2025-03-04,3500.00
ERNST & YOUNG LLP (WASHINGTON COUNCIL ERNST & YOUNG),Ernst & Young Political Action Committee,Congressman Brad Schneider,2025-05-19,1500.00
ERNST & YOUNG LLP (WASHINGTON COUNCIL ERNST & YOUNG),Ernst & Young Political Action Committee,Congressman Brad Schneider,2025-05-19,3500.00
ERNST & YOUNG LLP (WASHINGTON COUNCIL ERNST & YOUNG),Ernst & Young Political Action Committee,Congressman Scott Fitzgerald,2025-03-12,5000.00
ERNST & YOUNG LLP (WASHINGTON COUNCIL ERNST & YOUNG),Ernst & Young Political Action Committee,Congressman Brad Sherman,2025-04-11,2000.00
ERNST & YOUNG LLP (WASHINGTON COUNCIL ERNST & YOUNG),Ernst & Young Political Action Committee,Congressman Brad Sherman,2025-05-19,3000.00
ERNST & YOUNG LLP (WASHINGTON COUNCIL ERNST & YOUNG),Ernst & Young Political Action Committee,Congressman John Curtis,2025-06-27,5000.00
ERNST & YOUNG LLP (WASHINGTON COUNCIL ERNST & YOUNG),Ernst & Young Political Action Committee,Congressman Bryan Steil,2025-03-12,2000.00
ERNST & YOUNG LLP (WASHINGTON COUNCIL ERNST & YOUNG),Ernst & Young Political Action Committee,Congressman Bryan Steil,2025-06-04,3000.00
ERNST & YOUNG LLP (WASHINGTON COUNCIL ERNST & YOUNG),Ernst & Young Political Action Committee,Congressman Bryan Steil,2025-06-04,2000.00
ERNST & YOUNG LLP (WASHINGTON COUNCIL ERNST & YOUNG),Ernst & Young Political Action Committee,Congressman Stephen Lynch,2025-03-04,2500.00
ERNST & YOUNG LLP (WASHINGTON COUNCIL ERNST & YOUNG),Ernst & Young Political Action Committee,Senator Steve Daines,2025-06-16,2500.00
ERNST & YOUNG LLP (WASHINGTON COUNCIL ERNST & YOUNG),Ernst & Young Political Action Committee,Congresswoman Marilyn Strickland,2025-03-12,2500.00
ERNST & YOUNG LLP (WASHINGTON COUNCIL ERNST & YOUNG),Ernst & Young Political Action Committee,Congresswoman Marilyn Strickland,2025-06-04,2500.00
ERNST & YOUNG LLP (WASHINGTON COUNCIL ERNST & YOUNG),Ernst & Young Political Action Committee,Congresswoman Marilyn Strickland,2025-05-19,2500.00
ERNST & YOUNG LLP (WASHINGTON COUNCIL ERNST & YOUNG),Ernst & Young Political Action Committee,Congressman Marlin Stutzman,2025-06-04,2500.00
ERNST & YOUNG LLP (WASHINGTON COUNCIL ERNST & YOUNG),Ernst & Young Political Action Committee,Congressman Thomas Suozzi,2025-03-14,2500.00
ERNST & YOUNG LLP (WASHINGTON COUNCIL ERNST & YOUNG),Ernst & Young Political Action Committee,Congressman Thomas Suozzi,2025-06-04,500.00
ERNST & YOUNG LLP (WASHINGTON COUNCIL ERNST & YOUNG),Ernst & Young Political Action Committee,Congressman Thomas Suozzi,2025-06-04,2500.00
ERNST & YOUNG LLP (WASHINGTON COUNCIL ERNST & YOUNG),Ernst & Young Political Action Committee,Congresswoman Sylvia Garcia,2025-05-19,2500.00
ERNST & YOUNG LLP (WASHINGTON COUNCIL ERNST & YOUNG),Ernst & Young Political Action Committee,Congressman Brian Fitzpatrick,2025-06-16,5000.00
ERNST & YOUNG LLP (WASHINGTON COUNCIL ERNST & YOUNG),Ernst & Young Political Action Committee,Senator Bill Hagerty,2025-03-04,2500.00
ERNST & YOUNG LLP (WASHINGTON COUNCIL ERNST & YOUNG),Ernst & Young Political Action Committee,Senator Bill Hagerty,2025-05-30,-2500.00
ERNST & YOUNG LLP (WASHINGTON COUNCIL ERNST & YOUNG),Ernst & Young Political Action Committee,Senator Bill Hagerty,2025-06-04,1000.00
ERNST & YOUNG LLP (WASHINGTON COUNCIL ERNST & YOUNG),Ernst & Young Political Action Committee,Senator Bill Hagerty,2025-06-04,2500.00
ERNST & YOUNG LLP (WASHINGTON COUNCIL ERNST & YOUNG),Ernst & Young Political Action Committee,Congressman Patrick Harrigan,2025-03-12,1500.00
ERNST & YOUNG LLP (WASHINGTON COUNCIL ERNST & YOUNG),Ernst & Young Political Action Committee,Congressman Patrick Harrigan,2025-06-16,3500.00
ERNST & YOUNG LLP (WASHINGTON COUNCIL ERNST & YOUNG),Ernst & Young Political Action Committee,Senator Jack Reed,2025-03-12,2500.00
ERNST & YOUNG LLP (WASHINGTON COUNCIL ERNST & YOUNG),Ernst & Young Political Action Committee,Senator Thom Tillis,2025-06-04,2500.00
ERNST & YOUNG LLP (WASHINGTON COUNCIL ERNST & YOUNG),Ernst & Young Political Action Committee,Senator Thom Tillis,2025-06-04,5000.00
ERNST & YOUNG LLP (WASHINGTON COUNCIL ERNST & YOUNG),Ernst & Young Political Action Committee,Congressman Ritchie Torres,2025-01-13,-2500.00
ERNST & YOUNG LLP (WASHINGTON COUNCIL ERNST & YOUNG),Ernst & Young Political Action Committee,Congressman Troy Carter,2025-06-16,2500.00
ERNST & YOUNG LLP (WASHINGTON COUNCIL ERNST & YOUNG),Ernst & Young Political Action Committee,Congressman Troy Downing,2025-06-04,3000.00
ERNST & YOUNG LLP (WASHINGTON COUNCIL ERNST & YOUNG),Ernst & Young Political Action Committee,Congressman Troy Downing,2025-06-27,3000.00
ERNST & YOUNG LLP (WASHINGTON COUNCIL ERNST & YOUNG),Ernst & Young Political Action Committee,Congressman Troy Downing,2025-06-27,-3000.00
ERNST & YOUNG LLP (WASHINGTON COUNCIL ERNST & YOUNG),Ernst & Young Political Action Committee,Congressman David Valadao,2025-01-13,-2500.00
ERNST & YOUNG LLP (WASHINGTON COUNCIL ERNST & YOUNG),Ernst & Young Political Action Committee,Congressman Juan Vargas,2025-04-11,2500.00
ERNST & YOUNG LLP (WASHINGTON COUNCIL ERNST & YOUNG),Ernst & Young Political Action Committee,Senator Tina Smith,2025-06-04,5000.00
ERNST & YOUNG LLP (WASHINGTON COUNCIL ERNST & YOUNG),Ernst & Young Political Action Committee,Congressman Vern Buchanan,2025-06-04,5000.00
ERNST & YOUNG LLP (WASHINGTON COUNCIL ERNST & YOUNG),Ernst & Young Political Action Committee,Congressman Vicente Gonzalez,2025-03-12,2500.00
ERNST & YOUNG LLP (WASHINGTON COUNCIL ERNST & YOUNG),Ernst & Young Political Action Committee,ViewPAC,2025-04-29,5000.00
ERNST & YOUNG LLP (WASHINGTON COUNCIL ERNST & YOUNG),Ernst & Young Political Action Committee,Congresswoman Stacey Plaskett,2025-06-04,2500.00
ERNST & YOUNG LLP (WASHINGTON COUNCIL ERNST & YOUNG),Ernst & Young Political Action Committee,Congressman Michael Baumgartner,2025-06-24,1500.00
ERNST & YOUNG LLP (WASHINGTON COUNCIL ERNST & YOUNG),Ernst & Young Political Action Committee,Congressman William Timmons,2025-04-29,2500.00
ERNST & YOUNG LLP (WASHINGTON COUNCIL ERNST & YOUNG),Ernst & Young Political Action Committee,Congressman Steve Womack,2025-03-21,5000.00
ERNST & YOUNG LLP (WASHINGTON COUNCIL ERNST & YOUNG),Ernst & Young Political Action Committee,Wonder Woman PAC,2025-04-29,5000.00
ERNST & YOUNG LLP (WASHINGTON COUNCIL ERNST & YOUNG),Ernst & Young Political Action Committee,Congresswoman Young Kim,2025-06-16,5000.00
ERNST & YOUNG LLP (WASHINGTON COUNCIL ERNST & YOUNG),Ernst & Young Political Action Committee,Congressman Aaron Bean,2025-03-14,2500.00
ERNST & YOUNG LLP (WASHINGTON COUNCIL ERNST & YOUNG),Ernst & Young Political Action Committee,Congressman Aaron Bean,2025-06-24,2500.00
ERNST & YOUNG LLP (WASHINGTON COUNCIL ERNST & YOUNG),Ernst & Young Political Action Committee,Senator Katie Britt,2025-06-16,2500.00
ERNST & YOUNG LLP (WASHINGTON COUNCIL ERNST & YOUNG),Ernst & Young Political Action Committee,Congressman Mike Johnson,2025-06-04,5000.00
ERNST & YOUNG LLP (WASHINGTON COUNCIL ERNST & YOUNG),Ernst & Young Political Action Committee,Congresman Andre Carson,2025-06-04,2500.00
ERNST & YOUNG LLP (WASHINGTON COUNCIL ERNST & YOUNG),Ernst & Young Political Action Committee,Congressman Andy Barr,2025-03-04,2500.00
ERNST & YOUNG LLP (WASHINGTON COUNCIL ERNST & YOUNG),Ernst & Young Political Action Committee,Congressman Andy Barr,2025-03-12,2500.00
ERNST & YOUNG LLP (WASHINGTON COUNCIL ERNST & YOUNG),Ernst & Young Political Action Committee,Congressman Andy Barr,2025-03-12,2500.00
ERNST & YOUNG LLP (WASHINGTON COUNCIL ERNST & YOUNG),Ernst & Young Political Action Committee,Congresswoman April McClain Delaney,2025-06-04,2500.00
ERNST & YOUNG LLP (WASHINGTON COUNCIL ERNST & YOUNG),Ernst & Young Political Action Committee,Congresswoman Ashley Hinson,2025-03-21,5000.00
ERNST & YOUNG LLP (WASHINGTON COUNCIL ERNST & YOUNG),Ernst & Young Political Action Committee,Congressman Austin Scott,2025-06-04,2500.00
ERNST & YOUNG LLP (WASHINGTON COUNCIL ERNST & YOUNG),Ernst & Young Political Action Committee,Congresswoman Joyce Beatty,2025-03-12,2500.00
ERNST & YOUNG LLP (WASHINGTON COUNCIL ERNST & YOUNG),Ernst & Young Political Action Committee,Congressman Jack Bergman,2025-04-11,2500.00
ERNST & YOUNG LLP (WASHINGTON COUNCIL ERNST & YOUNG),Ernst & Young Political Action Committee,Congressman Bill Foster,2025-05-19,3000.00
ERNST & YOUNG LLP (WASHINGTON COUNCIL ERNST & YOUNG),Ernst & Young Political Action Committee,Blue Dog PAC,2025-04-29,5000.00
ERNST & YOUNG LLP (WASHINGTON COUNCIL ERNST & YOUNG),Ernst & Young Political Action Committee,BOLD PAC,2025-04-29,5000.00
ERNST & YOUNG LLP (WASHINGTON COUNCIL ERNST & YOUNG),Ernst & Young Political Action Committee,Congresswoman Suzanne Bonamici,2025-03-12,1000.00
ERNST & YOUNG LLP (WASHINGTON COUNCIL ERNST & YOUNG),Ernst & Young Political Action Committee,Congressman Brian Fitzpatrick,2025-03-12,2500.00
ERNST & YOUNG LLP (WASHINGTON COUNCIL ERNST & YOUNG),Ernst & Young Political Action Committee,Congressman Brian Jack,2025-06-04,2500.00
ERNST & YOUNG LLP (WASHINGTON COUNCIL ERNST & YOUNG),Ernst & Young Political Action Committee,Senator Ted Budd,2025-03-04,5000.00
ERNST & YOUNG LLP (WASHINGTON COUNCIL ERNST & YOUNG),Ernst & Young Political Action Committee,Congressman Mike Carey,2025-03-12,2500.00
ERNST & YOUNG LLP (WASHINGTON COUNCIL ERNST & YOUNG),Ernst & Young Political Action Committee,Congressman Mike Carey,2025-04-11,2500.00
ERNST & YOUNG LLP (WASHINGTON COUNCIL ERNST & YOUNG),Ernst & Young Political Action Committee,Congressman Mike Carey,2025-06-04,2500.00
ERNST & YOUNG LLP (WASHINGTON COUNCIL ERNST & YOUNG),Ernst & Young Political Action Committee,Congressman Carlos Gimenez,2025-06-24,1000.00
ERNST & YOUNG LLP (WASHINGTON COUNCIL ERNST & YOUNG),Ernst & Young Political Action Committee,Congresswoman Carol Miller,2025-05-19,1000.00
ERNST & YOUNG LLP (WASHINGTON COUNCIL ERNST & YOUNG),Ernst & Young Political Action Committee,Congressman Ed Case,2025-05-19,2500.00
ERNST & YOUNG LLP (WASHINGTON COUNCIL ERNST & YOUNG),Ernst & Young Political Action Committee,Congressman Sean Casten,2025-06-16,5000.00
ERNST & YOUNG LLP (WASHINGTON COUNCIL ERNST & YOUNG),Ernst & Young Political Action Committee,Congresswoman Chrissy Houlahan,2025-05-19,1000.00
ERNST & YOUNG LLP (WASHINGTON COUNCIL ERNST & YOUNG),Ernst & Young Political Action Committee,Congressman Gilbert Cisneros,2025-03-12,2500.00
ERNST & YOUNG LLP (WASHINGTON COUNCIL ERNST & YOUNG),Ernst & Young Political Action Committee,Congressman Emanuel Cleaver,2025-06-04,3000.00
ERNST & YOUNG LLP (WASHINGTON COUNCIL ERNST & YOUNG),Ernst & Young Political Action Committee,Congressman Cliff Bentz,2025-03-12,2500.00
ERNST & YOUNG LLP (WASHINGTON COUNCIL ERNST & YOUNG),Ernst & Young Political Action Committee,Congressman Tom Cole,2025-03-12,2500.00
ERNST & YOUNG LLP (WASHINGTON COUNCIL ERNST & YOUNG),Ernst & Young Political Action Committee,Congressman David Schweikert,2025-03-04,2500.00
ERNST & YOUNG LLP (WASHINGTON COUNCIL ERNST & YOUNG),Ernst & Young Political Action Committee,Congressman David Schweikert,2025-05-30,-2500.00
ERNST & YOUNG LLP (WASHINGTON COUNCIL ERNST & YOUNG),Ernst & Young Political Action Committee,Congressman David Schweikert,2025-06-04,2500.00
ERNST & YOUNG LLP (WASHINGTON COUNCIL ERNST & YOUNG),Ernst & Young Political Action Committee,Congressman Warren Davidson,2025-06-24,5000.00
ERNST & YOUNG LLP (WASHINGTON COUNCIL ERNST & YOUNG),Ernst & Young Political Action Committee,Congresswoman Suzann DelBene,2025-05-19,2500.00
ERNST & YOUNG LLP (WASHINGTON COUNCIL ERNST & YOUNG),Ernst & Young Political Action Committee,Congresswoman Suzann DelBene,2025-06-04,2500.00
ERNST & YOUNG LLP (WASHINGTON COUNCIL ERNST & YOUNG),Ernst & Young Political Action Committee,Congresswoman Suzann DelBene,2025-06-04,500.00
ERNST & YOUNG LLP (WASHINGTON COUNCIL ERNST & YOUNG),Ernst & Young Political Action Committee,Congressman Randy Feenstra,2025-06-04,5000.00
ERNST & YOUNG LLP (WASHINGTON COUNCIL ERNST & YOUNG),Ernst & Young Political Action Committee,Congressman Dwight Evans,2025-04-11,2500.00
ERNST & YOUNG LLP (WASHINGTON COUNCIL ERNST & YOUNG),Ernst & Young Political Action Committee,Congresswoman Sarah Elfreth,2025-06-16,2500.00
ERNST & YOUNG LLP (WASHINGTON COUNCIL ERNST & YOUNG),Ernst & Young Political Action Committee,Congresswoman Lizzie Fletcher,2025-04-11,2500.00
ERNST & YOUNG LLP (WASHINGTON COUNCIL ERNST & YOUNG),Ernst & Young Political Action Committee,Equality PAC,2025-04-29,5000.00
ERNST & YOUNG LLP (WASHINGTON COUNCIL ERNST & YOUNG),Ernst & Young Political Action Committee,Congresswoman Young Kim,2025-03-04,5000.00
ERNST & YOUNG LLP (WASHINGTON COUNCIL ERNST & YOUNG),Ernst & Young Political Action Committee,Congressman French Hill,2025-03-12,1500.00
ERNST & YOUNG LLP (WASHINGTON COUNCIL ERNST & YOUNG),Ernst & Young Political Action Committee,Congressman French Hill,2025-05-19,2500.00
ERNST & YOUNG LLP (WASHINGTON COUNCIL ERNST & YOUNG),Ernst & Young Political Action Committee,Congressman French Hill,2025-06-04,1000.00
ERNST & YOUNG LLP (WASHINGTON COUNCIL ERNST & YOUNG),Ernst & Young Political Action Committee,Congressman French Hill,2025-06-04,4000.00
ERNST & YOUNG LLP (WASHINGTON COUNCIL ERNST & YOUNG),Ernst & Young Political Action Committee,Congressman Gregory Meeks,2025-06-04,5000.00
ERNST & YOUNG LLP (WASHINGTON COUNCIL ERNST & YOUNG),Ernst & Young Political Action Committee,Congressman Dave Joyce,2025-06-04,5000.00
ERNST & YOUNG LLP (WASHINGTON COUNCIL ERNST & YOUNG),Ernst & Young Political Action Committee,Congressman Don Beyer,2025-03-12,2500.00
ERNST & YOUNG LLP (WASHINGTON COUNCIL ERNST & YOUNG),Ernst & Young Political Action Committee,Congressman Dusty Johnson,2025-03-12,2500.00
ERNST & YOUNG LLP (WASHINGTON COUNCIL ERNST & YOUNG),Ernst & Young Political Action Committee,Senator Mark Warner,2025-03-04,2500.00
ERNST & YOUNG LLP (WASHINGTON COUNCIL ERNST & YOUNG),Ernst & Young Political Action Committee,Senator Mark Warner,2025-04-11,2500.00
ERNST & YOUNG LLP (WASHINGTON COUNCIL ERNST & YOUNG),Ernst & Young Political Action Committee,Congressman Raja Krishnamoorthi,2025-03-12,2000.00
ERNST & YOUNG LLP (WASHINGTON COUNCIL ERNST & YOUNG),Ernst & Young Political Action Committee,Congressman Tim Moore,2025-04-11,5000.00
ERNST & YOUNG LLP (WASHINGTON COUNCIL ERNST & YOUNG),Ernst & Young Political Action Committee,Congressman Russell Fry,2025-03-12,2500.00
ERNST & YOUNG LLP (WASHINGTON COUNCIL ERNST & YOUNG),Ernst & Young Political Action Committee,Senator Ruben Gallego,2025-05-19,1000.00
ERNST & YOUNG LLP (WASHINGTON COUNCIL ERNST & YOUNG),Ernst & Young Political Action Committee,Congressman Andrew Garbarino,2025-05-19,3000.00
ERNST & YOUNG LLP (WASHINGTON COUNCIL ERNST & YOUNG),Ernst & Young Political Action Committee,Congressman Jimmy Gomez,2025-04-11,2500.00
ERNST & YOUNG LLP (WASHINGTON COUNCIL ERNST & YOUNG),Ernst & Young Political Action Committee,Senator Maggie Hassan,2025-06-04,5000.00
ERNST & YOUNG LLP (WASHINGTON COUNCIL ERNST & YOUNG),Ernst & Young Political Action Committee,Congressman Sam Graves,2025-06-04,2500.00
ERNST & YOUNG LLP (WASHINGTON COUNCIL ERNST & YOUNG),Ernst & Young Political Action Committee,Congressman Brett Guthrie,2025-03-04,2500.00
ERNST & YOUNG LLP (WASHINGTON COUNCIL ERNST & YOUNG),Ernst & Young Political Action Committee,Congressman Brett Guthrie,2025-05-19,2500.00
ERNST & YOUNG LLP (WASHINGTON COUNCIL ERNST & YOUNG),Ernst & Young Political Action Committee,Congressman Guy Reschenthaler,2025-05-19,2500.00
ERNST & YOUNG LLP (WASHINGTON COUNCIL ERNST & YOUNG),Ernst & Young Political Action Committee,Congresswoman Haley Stevens,2025-03-21,5000.00
ERNST & YOUNG LLP (WASHINGTON COUNCIL ERNST & YOUNG),Ernst & Young Political Action Committee,Congresswoman Haley Stevens,2025-03-21,5000.00
ERNST & YOUNG LLP (WASHINGTON COUNCIL ERNST & YOUNG),Ernst & Young Political Action Committee,Congressman Jim Himes,2025-06-04,2500.00
ERNST & YOUNG LLP (WASHINGTON COUNCIL ERNST & YOUNG),Ernst & Young Political Action Committee,Congressman Ron Wyden,2025-03-12,5000.00
ERNST & YOUNG LLP (WASHINGTON COUNCIL ERNST & YOUNG),Ernst & Young Political Action Committee,Congresswoman Erin Houchin,2025-03-21,5000.00
ERNST & YOUNG LLP (WASHINGTON COUNCIL ERNST & YOUNG),Ernst & Young Political Action Committee,Congressman Bill Huizengal,2025-03-12,5000.00
ERNST & YOUNG LLP (WASHINGTON COUNCIL ERNST & YOUNG),Ernst & Young Political Action Committee,Congressman Zach Nunn,2025-06-04,5000.00
ERNST & YOUNG LLP (WASHINGTON COUNCIL ERNST & YOUNG),Ernst & Young Political Action Committee,Congresswoman Janelle Bynum,2025-06-04,2500.00
ERNST & YOUNG LLP (WASHINGTON COUNCIL ERNST & YOUNG),Ernst & Young Political Action Committee,Congressman Jason Smith,2025-03-04,3000.00
ERNST & YOUNG LLP (WASHINGTON COUNCIL ERNST & YOUNG),Ernst & Young Political Action Committee,Congressman Hakeem Jeffries,2025-06-04,5000.00
ERNST & YOUNG LLP (WASHINGTON COUNCIL ERNST & YOUNG),Ernst & Young Political Action Committee,Congressman Hakeem Jeffries,2025-06-04,5000.00
ERNST & YOUNG LLP (WASHINGTON COUNCIL ERNST & YOUNG),Ernst & Young Political Action Committee,Congressman Josh Gottheimer,2025-03-04,3500.00
ERNST & YOUNG LLP (WASHINGTON COUNCIL ERNST & YOUNG),Ernst & Young Political Action Committee,Congressman Jim Costa,2025-03-12,2500.00
ERNST & YOUNG LLP (WASHINGTON COUNCIL ERNST & YOUNG),Ernst & Young Political Action Committee,Senator James Risch,2025-06-04,2500.00
ERNST & YOUNG LLP (WASHINGTON COUNCIL ERNST & YOUNG),Ernst & Young Political Action Committee,Congressman Jimmy Panetta,2025-03-04,3500.00
ERNST & YOUNG LLP (WASHINGTON COUNCIL ERNST & YOUNG),Ernst & Young Political Action Committee,Congressman Jimmy Panetta,2025-06-04,2000.00
ERNST & YOUNG LLP (WASHINGTON COUNCIL ERNST & YOUNG),Ernst & Young Political Action Committee,Congressman Jimmy Panetta,2025-06-04,1500.00
ERNST & YOUNG LLP (WASHINGTON COUNCIL ERNST & YOUNG),Ernst & Young Political Action Committee,Congressman Joseph Morelle,2025-05-19,2500.00
ERNST & YOUNG LLP (WASHINGTON COUNCIL ERNST & YOUNG),Ernst & Young Political Action Committee,Congressman Joe Neguse,2025-03-12,2500.00
ERNST & YOUNG LLP (WASHINGTON COUNCIL ERNST & YOUNG),Ernst & Young Political Action Committee,Congressman Joe Neguse,2025-06-04,2500.00
ERNST & YOUNG LLP (WASHINGTON COUNCIL ERNST & YOUNG),Ernst & Young Political Action Committee,Congressman Joe Neguse,2025-06-04,2500.00
ERNST & YOUNG LLP (WASHINGTON COUNCIL ERNST & YOUNG),Ernst & Young Political Action Committee,Congressman John Carter,2025-05-19,2500.00
ERNST & YOUNG LLP (WASHINGTON COUNCIL ERNST & YOUNG),Ernst & Young Political Action Committee,Congressman Johnny Olszewski,2025-06-16,2500.00
ERNST & YOUNG LLP (WASHINGTON COUNCIL ERNST & YOUNG),Ernst & Young Political Action Committee,Senator Joni Ernst,2025-04-11,2500.00
ERNST & YOUNG LLP (WASHINGTON COUNCIL ERNST & YOUNG),Ernst & Young Political Action Committee,Senator Joni Ernst,2025-04-11,2500.00
ERNST & YOUNG LLP (WASHINGTON COUNCIL ERNST & YOUNG),Ernst & Young Political Action Committee,Congresswoman Julia Letlow,2025-05-19,2000.00
ERNST & YOUNG LLP (WASHINGTON COUNCIL ERNST & YOUNG),Ernst & Young Political Action Committee,Senator Ruben Gallego,2025-04-11,5000.00
ERNST & YOUNG LLP (WASHINGTON COUNCIL ERNST & YOUNG),Ernst & Young Political Action Committee,Congresswoman Catherine Clark,2025-05-19,5000.00
ERNST & YOUNG LLP (WASHINGTON COUNCIL ERNST & YOUNG),Ernst & Young Political Action Committee,Congresswoman Catherine Clark,2025-05-19,5000.00
ERNST & YOUNG LLP (WASHINGTON COUNCIL ERNST & YOUNG),Ernst & Young Political Action Committee,Congressman Tom Kean,2025-05-19,2500.00
ERNST & YOUNG LLP (WASHINGTON COUNCIL ERNST & YOUNG),Ernst & Young Political Action Committee,Congresswoman Kristen McDonald Rivet,2025-06-16,2500.00
ERNST & YOUNG LLP (WASHINGTON COUNCIL ERNST & YOUNG),Ernst & Young Political Action Committee,Congressman David Kustoff,2025-03-24,5000.00
ERNST & YOUNG LLP (WASHINGTON COUNCIL ERNST & YOUNG),Ernst & Young Political Action Committee,Congressman Kweisi Mfume,2025-06-04,5000.00
ERNST & YOUNG LLP (WASHINGTON COUNCIL ERNST & YOUNG),Ernst & Young Political Action Committee,Congressman Darin LaHood,2025-04-11,5000.00
ERNST & YOUNG LLP (WASHINGTON COUNCIL ERNST & YOUNG),Ernst & Young Political Action Committee,Congressman Darin LaHood,2025-05-19,2500.00
ERNST & YOUNG LLP (WASHINGTON COUNCIL ERNST & YOUNG),Ernst & Young Political Action Committee,Congressman Nick LaLota,2025-03-04,1000.00
ERNST & YOUNG LLP (WASHINGTON COUNCIL ERNST & YOUNG),Ernst & Young Political Action Committee,Congressman Mike Lawler,2025-03-12,5000.00
ERNST & YOUNG LLP (WASHINGTON COUNCIL ERNST & YOUNG),Ernst & Young Political Action Committee,Congressman Sam Liccardo,2025-03-04,5000.00
ERNST & YOUNG LLP (WASHINGTON COUNCIL ERNST & YOUNG),Ernst & Young Political Action Committee,Congressman Sam Liccardo,2025-05-19,2500.00
ERNST & YOUNG LLP (WASHINGTON COUNCIL ERNST & YOUNG),Ernst & Young Political Action Committee,Congresswoman Lisa McClain,2025-05-19,2000.00
ERNST & YOUNG LLP (WASHINGTON COUNCIL ERNST & YOUNG),Ernst & Young Political Action Committee,Senator Lisa Murkowski,2025-05-19,2500.00
ERNST & YOUNG LLP (WASHINGTON COUNCIL ERNST & YOUNG),Ernst & Young Political Action Committee,Congresswoman Zoe Lofgren,2025-03-12,5000.00
ERNST & YOUNG LLP (WASHINGTON COUNCIL ERNST & YOUNG),Ernst & Young Political Action Committee,Congressman Lou Correa,2025-03-12,2500.00
ERNST & YOUNG LLP (WASHINGTON COUNCIL ERNST & YOUNG),Ernst & Young Political Action Committee,Congressman Barry Loudermilk,2025-03-04,2500.00
ERNST & YOUNG LLP (WASHINGTON COUNCIL ERNST & YOUNG),Ernst & Young Political Action Committee,Congresswoman Madeleine Dean,2025-03-04,2500.00
ERNST & YOUNG LLP (WASHINGTON COUNCIL ERNST & YOUNG),Ernst & Young Political Action Committee,Congressman Richard Neal,2025-06-04,5000.00
ERNST & YOUNG LLP (WASHINGTON COUNCIL ERNST & YOUNG),Ernst & Young Political Action Committee,Senator Angus King,2025-03-12,2500.00
ERNST & YOUNG LLP (WASHINGTON COUNCIL ERNST & YOUNG),Ernst & Young Political Action Committee,Congresswoman Madeleine Dean,2025-06-24,5000.00
ERNST & YOUNG LLP (WASHINGTON COUNCIL ERNST & YOUNG),Ernst & Young Political Action Committee,Congressman Marc Veasey,2025-04-11,2500.00
ERNST & YOUNG LLP (WASHINGTON COUNCIL ERNST & YOUNG),Ernst & Young Political Action Committee,Congressman Mario Diaz-Balart,2025-01-13,-2500.00
ERNST & YOUNG LLP (WASHINGTON COUNCIL ERNST & YOUNG),Ernst & Young Political Action Committee,Congresswoman Sarah McBride,2025-06-04,2500.00
ERNST & YOUNG LLP (WASHINGTON COUNCIL ERNST & YOUNG),Ernst & Young Political Action Committee,Congressman Addison McDowell,2025-03-12,2500.00
ERNST & YOUNG LLP (WASHINGTON COUNCIL ERNST & YOUNG),Ernst & Young Political Action Committee,Congressman Addison McDowell,2025-03-25,2500.00
ERNST & YOUNG LLP (WASHINGTON COUNCIL ERNST & YOUNG),Ernst & Young Political Action Committee,Congressman Addison McDowell,2025-04-09,-2500.00
ERNST & YOUNG LLP (WASHINGTON COUNCIL ERNST & YOUNG),Ernst & Young Political Action Committee,Congressman Addison McDowell,2025-05-19,2500.00
ERNST & YOUNG LLP (WASHINGTON COUNCIL ERNST & YOUNG),Ernst & Young Political Action Committee,Congressman Dan Meuser,2025-03-04,2500.00
ERNST & YOUNG LLP (WASHINGTON COUNCIL ERNST & YOUNG),Ernst & Young Political Action Committee,Congressman Dan Meuser,2025-03-21,2500.00
ERNST & YOUNG LLP (WASHINGTON COUNCIL ERNST & YOUNG),Ernst & Young Political Action Committee,Congressman Dan Meuser,2025-03-21,2500.00
ERNST & YOUNG LLP (WASHINGTON COUNCIL ERNST & YOUNG),Ernst & Young Political Action Committee,Congressman Michael Haridopolos,2025-04-11,5000.00
ERNST & YOUNG LLP (WASHINGTON COUNCIL ERNST & YOUNG),Ernst & Young Political Action Committee,Congressman Mike Johnson,2025-06-04,5000.00
ERNST & YOUNG LLP (WASHINGTON COUNCIL ERNST & YOUNG),Ernst & Young Political Action Committee,Congressman Mike Johnson,2025-06-04,5000.00
ERNST & YOUNG LLP (WASHINGTON COUNCIL ERNST & YOUNG),Ernst & Young Political Action Committee,Congressman Mike Kelly,2025-06-16,2500.00
ERNST & YOUNG LLP (WASHINGTON COUNCIL ERNST & YOUNG),Ernst & Young Political Action Committee,ModSquad,2025-04-11,5000.00
ERNST & YOUNG LLP (WASHINGTON COUNCIL ERNST & YOUNG),Ernst & Young Political Action Committee,Senator Ashley Moody,2025-06-04,3000.00
ERNST & YOUNG LLP (WASHINGTON COUNCIL ERNST & YOUNG),Ernst & Young Political Action Committee,Congressman John Moolenaar,2025-03-21,2500.00
ERNST & YOUNG LLP (WASHINGTON COUNCIL ERNST & YOUNG),Ernst & Young Political Action Committee,Congresswoman Gwen Moore,2025-04-29,2500.00
ERNST & YOUNG LLP (WASHINGTON COUNCIL ERNST & YOUNG),Ernst & Young Political Action Committee,Congressman Nathaniel Moran,2025-06-04,2500.00
ERNST & YOUNG LLP (WASHINGTON COUNCIL ERNST & YOUNG),Ernst & Young Political Action Committee,Congressman Steven Horsford,2025-03-04,2500.00
ERNST & YOUNG LLP (WASHINGTON COUNCIL ERNST & YOUNG),Ernst & Young Political Action Committee,Congressman Steven Horsford,2025-06-04,2500.00
ERNST & YOUNG LLP (WASHINGTON COUNCIL ERNST & YOUNG),Ernst & Young Political Action Committee,Congressman Steven Horsford,2025-06-04,2500.00
ERNST & YOUNG LLP (WASHINGTON COUNCIL ERNST & YOUNG),Ernst & Young Political Action Committee,Congresswoman Nicole Malliotakis,2025-06-04,2500.00
ERNST & YOUNG LLP (WASHINGTON COUNCIL ERNST & YOUNG),Ernst & Young Political Action Committee,Congresswoman Nikema Williams,2025-03-04,2500.00
ERNST & YOUNG LLP (WASHINGTON COUNCIL ERNST & YOUNG),Ernst & Young Political Action Committee,Congressman Pete Aguilar,2025-05-19,5000.00
ERNST & YOUNG LLP (WASHINGTON COUNCIL ERNST & YOUNG),Ernst & Young Political Action Committee,Congressman Pete Sessions,2025-06-16,5000.00
ERNST & YOUNG LLP (WASHINGTON COUNCIL ERNST & YOUNG),Ernst & Young Political Action Committee,Congressman Mike Quigley,2025-06-04,2500.00
ERNST & YOUNG LLP (WASHINGTON COUNCIL ERNST & YOUNG),Ernst & Young Political Action Committee,RG2/Tuesday Group,2025-03-12,5000.00
ERNST & YOUNG LLP (WASHINGTON COUNCIL ERNST & YOUNG),Ernst & Young Political Action Committee,Congressman Richard Neal,2025-03-04,2500.00
ERNST & YOUNG LLP (WASHINGTON COUNCIL ERNST & YOUNG),Ernst & Young Political Action Committee,Congressman Richard Neal,2025-05-19,2500.00
ERNST & YOUNG LLP (WASHINGTON COUNCIL ERNST & YOUNG),Ernst & Young Political Action Committee,Congressman Richard Neal,2025-05-19,2500.00
ERNST & YOUNG LLP (WASHINGTON COUNCIL ERNST & YOUNG),Ernst & Young Political Action Committee,Congressman Rob Wittman,2025-03-21,5000.00
ERNST & YOUNG LLP (WASHINGTON COUNCIL ERNST & YOUNG),Ernst & Young Political Action Committee,Congresswoman Robin Kelly,2025-03-12,1500.00
ERNST & YOUNG LLP (WASHINGTON COUNCIL ERNST & YOUNG),Ernst & Young Political Action Committee,Congresswoman Robin Kelly,2025-04-30,3500.00
ERNST & YOUNG LLP (WASHINGTON COUNCIL ERNST & YOUNG),Ernst & Young Political Action Committee,Congressman Rogers Williams,2025-06-04,3000.00
ERNST & YOUNG LLP (WASHINGTON COUNCIL ERNST & YOUNG),Ernst & Young Political Action Committee,Congressman Rudy Yakym,2025-04-11,2500.00
ERNST & YOUNG LLP (WASHINGTON COUNCIL ERNST & YOUNG),Ernst & Young Political Action Committee,Congressman Rudy Yakym,2025-06-04,2500.00
ERNST & YOUNG LLP (WASHINGTON COUNCIL ERNST & YOUNG),Ernst & Young Political Action Committee,Congressman Michael Rulli,2025-03-12,1000.00
ERNST & YOUNG LLP (WASHINGTON COUNCIL ERNST & YOUNG),Ernst & Young Political Action Committee,Congresswoman Maria Salazar,2025-03-12,2000.00
ERNST & YOUNG LLP (WASHINGTON COUNCIL ERNST & YOUNG),Ernst & Young Political Action Committee,Congresswoman Mary Scanlon,2025-06-04,2500.00
ERNST & YOUNG LLP (WASHINGTON COUNCIL ERNST & YOUNG),Ernst & Young Political Action Committee,Congressman Brad Schneider,2025-03-04,3500.00
ERNST & YOUNG LLP (WASHINGTON COUNCIL ERNST & YOUNG),Ernst & Young Political Action Committee,Congressman Brad Schneider,2025-05-19,1500.00
ERNST & YOUNG LLP (WASHINGTON COUNCIL ERNST & YOUNG),Ernst & Young Political Action Committee,Congressman Brad Schneider,2025-05-19,3500.00
ERNST & YOUNG LLP (WASHINGTON COUNCIL ERNST & YOUNG),Ernst & Young Political Action Committee,Congressman Scott Fitzgerald,2025-03-12,5000.00
ERNST & YOUNG LLP (WASHINGTON COUNCIL ERNST & YOUNG),Ernst & Young Political Action Committee,Congressman Brad Sherman,2025-04-11,2000.00
ERNST & YOUNG LLP (WASHINGTON COUNCIL ERNST & YOUNG),Ernst & Young Political Action Committee,Congressman Brad Sherman,2025-05-19,3000.00
ERNST & YOUNG LLP (WASHINGTON COUNCIL ERNST & YOUNG),Ernst & Young Political Action Committee,Congressman John Curtis,2025-06-27,5000.00
ERNST & YOUNG LLP (WASHINGTON COUNCIL ERNST & YOUNG),Ernst & Young Political Action Committee,Congressman Bryan Steil,2025-03-12,2000.00
ERNST & YOUNG LLP (WASHINGTON COUNCIL ERNST & YOUNG),Ernst & Young Political Action Committee,Congressman Bryan Steil,2025-06-04,3000.00
ERNST & YOUNG LLP (WASHINGTON COUNCIL ERNST & YOUNG),Ernst & Young Political Action Committee,Congressman Bryan Steil,2025-06-04,2000.00
ERNST & YOUNG LLP (WASHINGTON COUNCIL ERNST & YOUNG),Ernst & Young Political Action Committee,Congressman Stephen Lynch,2025-03-04,2500.00
ERNST & YOUNG LLP (WASHINGTON COUNCIL ERNST & YOUNG),Ernst & Young Political Action Committee,Senator Steve Daines,2025-06-16,2500.00
ERNST & YOUNG LLP (WASHINGTON COUNCIL ERNST & YOUNG),Ernst & Young Political Action Committee,Congresswoman Marilyn Strickland,2025-03-12,2500.00
ERNST & YOUNG LLP (WASHINGTON COUNCIL ERNST & YOUNG),Ernst & Young Political Action Committee,Congresswoman Marilyn Strickland,2025-06-04,2500.00
ERNST & YOUNG LLP (WASHINGTON COUNCIL ERNST & YOUNG),Ernst & Young Political Action Committee,Congresswoman Marilyn Strickland,2025-05-19,2500.00
ERNST & YOUNG LLP (WASHINGTON COUNCIL ERNST & YOUNG),Ernst & Young Political Action Committee,Congressman Marlin Stutzman,2025-06-04,2500.00
ERNST & YOUNG LLP (WASHINGTON COUNCIL ERNST & YOUNG),Ernst & Young Political Action Committee,Congressman Thomas Suozzi,2025-03-14,2500.00
ERNST & YOUNG LLP (WASHINGTON COUNCIL ERNST & YOUNG),Ernst & Young Political Action Committee,Congressman Thomas Suozzi,2025-06-04,500.00
ERNST & YOUNG LLP (WASHINGTON COUNCIL ERNST & YOUNG),Ernst & Young Political Action Committee,Congressman Thomas Suozzi,2025-06-04,2500.00
ERNST & YOUNG LLP (WASHINGTON COUNCIL ERNST & YOUNG),Ernst & Young Political Action Committee,Congresswoman Sylvia Garcia,2025-05-19,2500.00
ERNST & YOUNG LLP (WASHINGTON COUNCIL ERNST & YOUNG),Ernst & Young Political Action Committee,Congressman Brian Fitzpatrick,2025-06-16,5000.00
ERNST & YOUNG LLP (WASHINGTON COUNCIL ERNST & YOUNG),Ernst & Young Political Action Committee,Senator Bill Hagerty,2025-03-04,2500.00
ERNST & YOUNG LLP (WASHINGTON COUNCIL ERNST & YOUNG),Ernst & Young Political Action Committee,Senator Bill Hagerty,2025-05-30,-2500.00
ERNST & YOUNG LLP (WASHINGTON COUNCIL ERNST & YOUNG),Ernst & Young Political Action Committee,Senator Bill Hagerty,2025-06-04,1000.00
ERNST & YOUNG LLP (WASHINGTON COUNCIL ERNST & YOUNG),Ernst & Young Political Action Committee,Senator Bill Hagerty,2025-06-04,2500.00
ERNST & YOUNG LLP (WASHINGTON COUNCIL ERNST & YOUNG),Ernst & Young Political Action Committee,Congressman Patrick Harrigan,2025-03-12,1500.00
ERNST & YOUNG LLP (WASHINGTON COUNCIL ERNST & YOUNG),Ernst & Young Political Action Committee,Congressman Patrick Harrigan,2025-06-16,3500.00
ERNST & YOUNG LLP (WASHINGTON COUNCIL ERNST & YOUNG),Ernst & Young Political Action Committee,Senator Jack Reed,2025-03-12,2500.00
ERNST & YOUNG LLP (WASHINGTON COUNCIL ERNST & YOUNG),Ernst & Young Political Action Committee,Senator Thom Tillis,2025-06-04,2500.00
ERNST & YOUNG LLP (WASHINGTON COUNCIL ERNST & YOUNG),Ernst & Young Political Action Committee,Senator Thom Tillis,2025-06-04,5000.00
ERNST & YOUNG LLP (WASHINGTON COUNCIL ERNST & YOUNG),Ernst & Young Political Action Committee,Congressman Ritchie Torres,2025-01-13,-2500.00
ERNST & YOUNG LLP (WASHINGTON COUNCIL ERNST & YOUNG),Ernst & Young Political Action Committee,Congressman Troy Carter,2025-06-16,2500.00
ERNST & YOUNG LLP (WASHINGTON COUNCIL ERNST & YOUNG),Ernst & Young Political Action Committee,Congressman Troy Downing,2025-06-04,3000.00
ERNST & YOUNG LLP (WASHINGTON COUNCIL ERNST & YOUNG),Ernst & Young Political Action Committee,Congressman Troy Downing,2025-06-27,3000.00
ERNST & YOUNG LLP (WASHINGTON COUNCIL ERNST & YOUNG),Ernst & Young Political Action Committee,Congressman Troy Downing,2025-06-27,-3000.00
ERNST & YOUNG LLP (WASHINGTON COUNCIL ERNST & YOUNG),Ernst & Young Political Action Committee,Congressman David Valadao,2025-01-13,-2500.00
ERNST & YOUNG LLP (WASHINGTON COUNCIL ERNST & YOUNG),Ernst & Young Political Action Committee,Congressman Juan Vargas,2025-04-11,2500.00
ERNST & YOUNG LLP (WASHINGTON COUNCIL ERNST & YOUNG),Ernst & Young Political Action Committee,Senator Tina Smith,2025-06-04,5000.00
ERNST & YOUNG LLP (WASHINGTON COUNCIL ERNST & YOUNG),Ernst & Young Political Action Committee,Congressman Vern Buchanan,2025-06-04,5000.00
ERNST & YOUNG LLP (WASHINGTON COUNCIL ERNST & YOUNG),Ernst & Young Political Action Committee,Congressman Vicente Gonzalez,2025-03-12,2500.00
ERNST & YOUNG LLP (WASHINGTON COUNCIL ERNST & YOUNG),Ernst & Young Political Action Committee,ViewPAC,2025-04-29,5000.00
ERNST & YOUNG LLP (WASHINGTON COUNCIL ERNST & YOUNG),Ernst & Young Political Action Committee,Congresswoman Stacey Plaskett,2025-06-04,2500.00
ERNST & YOUNG LLP (WASHINGTON COUNCIL ERNST & YOUNG),Ernst & Young Political Action Committee,Congressman Michael Baumgartner,2025-06-24,1500.00
ERNST & YOUNG LLP (WASHINGTON COUNCIL ERNST & YOUNG),Ernst & Young Political Action Committee,Congressman William Timmons,2025-04-29,2500.00
ERNST & YOUNG LLP (WASHINGTON COUNCIL ERNST & YOUNG),Ernst & Young Political Action Committee,Congressman Steve Womack,2025-03-21,5000.00
ERNST & YOUNG LLP (WASHINGTON COUNCIL ERNST & YOUNG),Ernst & Young Political Action Committee,Wonder Woman PAC,2025-04-29,5000.00
ERNST & YOUNG LLP (WASHINGTON COUNCIL ERNST & YOUNG),Ernst & Young Political Action Committee,Congresswoman Young Kim,2025-06-16,5000.00
ERNST & YOUNG LLP (WASHINGTON COUNCIL ERNST & YOUNG),Ernst & Young Political Action Committee,Congressman Aaron Bean,2025-03-14,2500.00
ERNST & YOUNG LLP (WASHINGTON COUNCIL ERNST & YOUNG),Ernst & Young Political Action Committee,Congressman Aaron Bean,2025-06-24,2500.00
ERNST & YOUNG LLP (WASHINGTON COUNCIL ERNST & YOUNG),Ernst & Young Political Action Committee,Senator Katie Britt,2025-06-16,2500.00
ERNST & YOUNG LLP (WASHINGTON COUNCIL ERNST & YOUNG),Ernst & Young Political Action Committee,Congressman Mike Johnson,2025-06-04,5000.00
ERNST & YOUNG LLP (WASHINGTON COUNCIL ERNST & YOUNG),Ernst & Young Political Action Committee,Congresman Andre Carson,2025-06-04,2500.00
ERNST & YOUNG LLP (WASHINGTON COUNCIL ERNST & YOUNG),Ernst & Young Political Action Committee,Congressman Andy Barr,2025-03-04,2500.00
ERNST & YOUNG LLP (WASHINGTON COUNCIL ERNST & YOUNG),Ernst & Young Political Action Committee,Congressman Andy Barr,2025-03-12,2500.00
ERNST & YOUNG LLP (WASHINGTON COUNCIL ERNST & YOUNG),Ernst & Young Political Action Committee,Congressman Andy Barr,2025-03-12,2500.00
ERNST & YOUNG LLP (WASHINGTON COUNCIL ERNST & YOUNG),Ernst & Young Political Action Committee,Congresswoman April McClain Delaney,2025-06-04,2500.00
ERNST & YOUNG LLP (WASHINGTON COUNCIL ERNST & YOUNG),Ernst & Young Political Action Committee,Congresswoman Ashley Hinson,2025-03-21,5000.00
ERNST & YOUNG LLP (WASHINGTON COUNCIL ERNST & YOUNG),Ernst & Young Political Action Committee,Congressman Austin Scott,2025-06-04,2500.00
ERNST & YOUNG LLP (WASHINGTON COUNCIL ERNST & YOUNG),Ernst & Young Political Action Committee,Congresswoman Joyce Beatty,2025-03-12,2500.00
ERNST & YOUNG LLP (WASHINGTON COUNCIL ERNST & YOUNG),Ernst & Young Political Action Committee,Congressman Jack Bergman,2025-04-11,2500.00
ERNST & YOUNG LLP (WASHINGTON COUNCIL ERNST & YOUNG),Ernst & Young Political Action Committee,Congressman Bill Foster,2025-05-19,3000.00
ERNST & YOUNG LLP (WASHINGTON COUNCIL ERNST & YOUNG),Ernst & Young Political Action Committee,Blue Dog PAC,2025-04-29,5000.00
ERNST & YOUNG LLP (WASHINGTON COUNCIL ERNST & YOUNG),Ernst & Young Political Action Committee,BOLD PAC,2025-04-29,5000.00
ERNST & YOUNG LLP (WASHINGTON COUNCIL ERNST & YOUNG),Ernst & Young Political Action Committee,Congresswoman Suzanne Bonamici,2025-03-12,1000.00
ERNST & YOUNG LLP (WASHINGTON COUNCIL ERNST & YOUNG),Ernst & Young Political Action Committee,Congressman Brian Fitzpatrick,2025-03-12,2500.00
ERNST & YOUNG LLP (WASHINGTON COUNCIL ERNST & YOUNG),Ernst & Young Political Action Committee,Congressman Brian Jack,2025-06-04,2500.00
ERNST & YOUNG LLP (WASHINGTON COUNCIL ERNST & YOUNG),Ernst & Young Political Action Committee,Senator Ted Budd,2025-03-04,5000.00
ERNST & YOUNG LLP (WASHINGTON COUNCIL ERNST & YOUNG),Ernst & Young Political Action Committee,Congressman Mike Carey,2025-03-12,2500.00
ERNST & YOUNG LLP (WASHINGTON COUNCIL ERNST & YOUNG),Ernst & Young Political Action Committee,Congressman Mike Carey,2025-04-11,2500.00
ERNST & YOUNG LLP (WASHINGTON COUNCIL ERNST & YOUNG),Ernst & Young Political Action Committee,Congressman Mike Carey,2025-06-04,2500.00
ERNST & YOUNG LLP (WASHINGTON COUNCIL ERNST & YOUNG),Ernst & Young Political Action Committee,Congressman Carlos Gimenez,2025-06-24,1000.00
ERNST & YOUNG LLP (WASHINGTON COUNCIL ERNST & YOUNG),Ernst & Young Political Action Committee,Congresswoman Carol Miller,2025-05-19,1000.00
ERNST & YOUNG LLP (WASHINGTON COUNCIL ERNST & YOUNG),Ernst & Young Political Action Committee,Congressman Ed Case,2025-05-19,2500.00
ERNST & YOUNG LLP (WASHINGTON COUNCIL ERNST & YOUNG),Ernst & Young Political Action Committee,Congressman Sean Casten,2025-06-16,5000.00
ERNST & YOUNG LLP (WASHINGTON COUNCIL ERNST & YOUNG),Ernst & Young Political Action Committee,Congresswoman Chrissy Houlahan,2025-05-19,1000.00
ERNST & YOUNG LLP (WASHINGTON COUNCIL ERNST & YOUNG),Ernst & Young Political Action Committee,Congressman Gilbert Cisneros,2025-03-12,2500.00
ERNST & YOUNG LLP (WASHINGTON COUNCIL ERNST & YOUNG),Ernst & Young Political Action Committee,Congressman Emanuel Cleaver,2025-06-04,3000.00
ERNST & YOUNG LLP (WASHINGTON COUNCIL ERNST & YOUNG),Ernst & Young Political Action Committee,Congressman Cliff Bentz,2025-03-12,2500.00
ERNST & YOUNG LLP (WASHINGTON COUNCIL ERNST & YOUNG),Ernst & Young Political Action Committee,Congressman Tom Cole,2025-03-12,2500.00
ERNST & YOUNG LLP (WASHINGTON COUNCIL ERNST & YOUNG),Ernst & Young Political Action Committee,Congressman David Schweikert,2025-03-04,2500.00
ERNST & YOUNG LLP (WASHINGTON COUNCIL ERNST & YOUNG),Ernst & Young Political Action Committee,Congressman David Schweikert,2025-05-30,-2500.00
ERNST & YOUNG LLP (WASHINGTON COUNCIL ERNST & YOUNG),Ernst & Young Political Action Committee,Congressman David Schweikert,2025-06-04,2500.00
ERNST & YOUNG LLP (WASHINGTON COUNCIL ERNST & YOUNG),Ernst & Young Political Action Committee,Congressman Warren Davidson,2025-06-24,5000.00
ERNST & YOUNG LLP (WASHINGTON COUNCIL ERNST & YOUNG),Ernst & Young Political Action Committee,Congresswoman Suzann DelBene,2025-05-19,2500.00
ERNST & YOUNG LLP (WASHINGTON COUNCIL ERNST & YOUNG),Ernst & Young Political Action Committee,Congresswoman Suzann DelBene,2025-06-04,2500.00
ERNST & YOUNG LLP (WASHINGTON COUNCIL ERNST & YOUNG),Ernst & Young Political Action Committee,Congresswoman Suzann DelBene,2025-06-04,500.00
ERNST & YOUNG LLP (WASHINGTON COUNCIL ERNST & YOUNG),Ernst & Young Political Action Committee,Congressman Randy Feenstra,2025-06-04,5000.00
ERNST & YOUNG LLP (WASHINGTON COUNCIL ERNST & YOUNG),Ernst & Young Political Action Committee,Congressman Dwight Evans,2025-04-11,2500.00
ERNST & YOUNG LLP (WASHINGTON COUNCIL ERNST & YOUNG),Ernst & Young Political Action Committee,Congresswoman Sarah Elfreth,2025-06-16,2500.00
ERNST & YOUNG LLP (WASHINGTON COUNCIL ERNST & YOUNG),Ernst & Young Political Action Committee,Congresswoman Lizzie Fletcher,2025-04-11,2500.00
ERNST & YOUNG LLP (WASHINGTON COUNCIL ERNST & YOUNG),Ernst & Young Political Action Committee,Equality PAC,2025-04-29,5000.00
ERNST & YOUNG LLP (WASHINGTON COUNCIL ERNST & YOUNG),Ernst & Young Political Action Committee,Congresswoman Young Kim,2025-03-04,5000.00
ERNST & YOUNG LLP (WASHINGTON COUNCIL ERNST & YOUNG),Ernst & Young Political Action Committee,Congressman French Hill,2025-03-12,1500.00
ERNST & YOUNG LLP (WASHINGTON COUNCIL ERNST & YOUNG),Ernst & Young Political Action Committee,Congressman French Hill,2025-05-19,2500.00
ERNST & YOUNG LLP (WASHINGTON COUNCIL ERNST & YOUNG),Ernst & Young Political Action Committee,Congressman French Hill,2025-06-04,1000.00
ERNST & YOUNG LLP (WASHINGTON COUNCIL ERNST & YOUNG),Ernst & Young Political Action Committee,Congressman French Hill,2025-06-04,4000.00
ERNST & YOUNG LLP (WASHINGTON COUNCIL ERNST & YOUNG),Ernst & Young Political Action Committee,Congressman Gregory Meeks,2025-06-04,5000.00
ERNST & YOUNG LLP (WASHINGTON COUNCIL ERNST & YOUNG),Ernst & Young Political Action Committee,Congressman Dave Joyce,2025-06-04,5000.00
ERNST & YOUNG LLP (WASHINGTON COUNCIL ERNST & YOUNG),Ernst & Young Political Action Committee,Congressman Don Beyer,2025-03-12,2500.00
ERNST & YOUNG LLP (WASHINGTON COUNCIL ERNST & YOUNG),Ernst & Young Political Action Committee,Congressman Dusty Johnson,2025-03-12,2500.00
ERNST & YOUNG LLP (WASHINGTON COUNCIL ERNST & YOUNG),Ernst & Young Political Action Committee,Senator Mark Warner,2025-03-04,2500.00
ERNST & YOUNG LLP (WASHINGTON COUNCIL ERNST & YOUNG),Ernst & Young Political Action Committee,Senator Mark Warner,2025-04-11,2500.00
ERNST & YOUNG LLP (WASHINGTON COUNCIL ERNST & YOUNG),Ernst & Young Political Action Committee,Congressman Raja Krishnamoorthi,2025-03-12,2000.00
ERNST & YOUNG LLP (WASHINGTON COUNCIL ERNST & YOUNG),Ernst & Young Political Action Committee,Congressman Tim Moore,2025-04-11,5000.00
ERNST & YOUNG LLP (WASHINGTON COUNCIL ERNST & YOUNG),Ernst & Young Political Action Committee,Congressman Russell Fry,2025-03-12,2500.00
ERNST & YOUNG LLP (WASHINGTON COUNCIL ERNST & YOUNG),Ernst & Young Political Action Committee,Senator Ruben Gallego,2025-05-19,1000.00
ERNST & YOUNG LLP (WASHINGTON COUNCIL ERNST & YOUNG),Ernst & Young Political Action Committee,Congressman Andrew Garbarino,2025-05-19,3000.00
ERNST & YOUNG LLP (WASHINGTON COUNCIL ERNST & YOUNG),Ernst & Young Political Action Committee,Congressman Jimmy Gomez,2025-04-11,2500.00
ERNST & YOUNG LLP (WASHINGTON COUNCIL ERNST & YOUNG),Ernst & Young Political Action Committee,Senator Maggie Hassan,2025-06-04,5000.00
ERNST & YOUNG LLP (WASHINGTON COUNCIL ERNST & YOUNG),Ernst & Young Political Action Committee,Congressman Sam Graves,2025-06-04,2500.00
ERNST & YOUNG LLP (WASHINGTON COUNCIL ERNST & YOUNG),Ernst & Young Political Action Committee,Congressman Brett Guthrie,2025-03-04,2500.00
ERNST & YOUNG LLP (WASHINGTON COUNCIL ERNST & YOUNG),Ernst & Young Political Action Committee,Congressman Brett Guthrie,2025-05-19,2500.00
ERNST & YOUNG LLP (WASHINGTON COUNCIL ERNST & YOUNG),Ernst & Young Political Action Committee,Congressman Guy Reschenthaler,2025-05-19,2500.00
ERNST & YOUNG LLP (WASHINGTON COUNCIL ERNST & YOUNG),Ernst & Young Political Action Committee,Congresswoman Haley Stevens,2025-03-21,5000.00
ERNST & YOUNG LLP (WASHINGTON COUNCIL ERNST & YOUNG),Ernst & Young Political Action Committee,Congresswoman Haley Stevens,2025-03-21,5000.00
ERNST & YOUNG LLP (WASHINGTON COUNCIL ERNST & YOUNG),Ernst & Young Political Action Committee,Congressman Jim Himes,2025-06-04,2500.00
ERNST & YOUNG LLP (WASHINGTON COUNCIL ERNST & YOUNG),Ernst & Young Political Action Committee,Congressman Ron Wyden,2025-03-12,5000.00
ERNST & YOUNG LLP (WASHINGTON COUNCIL ERNST & YOUNG),Ernst & Young Political Action Committee,Congresswoman Erin Houchin,2025-03-21,5000.00
ERNST & YOUNG LLP (WASHINGTON COUNCIL ERNST & YOUNG),Ernst & Young Political Action Committee,Congressman Bill Huizengal,2025-03-12,5000.00
ERNST & YOUNG LLP (WASHINGTON COUNCIL ERNST & YOUNG),Ernst & Young Political Action Committee,Congressman Zach Nunn,2025-06-04,5000.00
ERNST & YOUNG LLP (WASHINGTON COUNCIL ERNST & YOUNG),Ernst & Young Political Action Committee,Congresswoman Janelle Bynum,2025-06-04,2500.00
ERNST & YOUNG LLP (WASHINGTON COUNCIL ERNST & YOUNG),Ernst & Young Political Action Committee,Congressman Jason Smith,2025-03-04,3000.00
ERNST & YOUNG LLP (WASHINGTON COUNCIL ERNST & YOUNG),Ernst & Young Political Action Committee,Congressman Hakeem Jeffries,2025-06-04,5000.00
ERNST & YOUNG LLP (WASHINGTON COUNCIL ERNST & YOUNG),Ernst & Young Political Action Committee,Congressman Hakeem Jeffries,2025-06-04,5000.00
ERNST & YOUNG LLP (WASHINGTON COUNCIL ERNST & YOUNG),Ernst & Young Political Action Committee,Congressman Josh Gottheimer,2025-03-04,3500.00
ERNST & YOUNG LLP (WASHINGTON COUNCIL ERNST & YOUNG),Ernst & Young Political Action Committee,Congressman Jim Costa,2025-03-12,2500.00
ERNST & YOUNG LLP (WASHINGTON COUNCIL ERNST & YOUNG),Ernst & Young Political Action Committee,Senator James Risch,2025-06-04,2500.00
ERNST & YOUNG LLP (WASHINGTON COUNCIL ERNST & YOUNG),Ernst & Young Political Action Committee,Congressman Jimmy Panetta,2025-03-04,3500.00
ERNST & YOUNG LLP (WASHINGTON COUNCIL ERNST & YOUNG),Ernst & Young Political Action Committee,Congressman Jimmy Panetta,2025-06-04,2000.00
ERNST & YOUNG LLP (WASHINGTON COUNCIL ERNST & YOUNG),Ernst & Young Political Action Committee,Congressman Jimmy Panetta,2025-06-04,1500.00
ERNST & YOUNG LLP (WASHINGTON COUNCIL ERNST & YOUNG),Ernst & Young Political Action Committee,Congressman Joseph Morelle,2025-05-19,2500.00
ERNST & YOUNG LLP (WASHINGTON COUNCIL ERNST & YOUNG),Ernst & Young Political Action Committee,Congressman Joe Neguse,2025-03-12,2500.00
ERNST & YOUNG LLP (WASHINGTON COUNCIL ERNST & YOUNG),Ernst & Young Political Action Committee,Congressman Joe Neguse,2025-06-04,2500.00
ERNST & YOUNG LLP (WASHINGTON COUNCIL ERNST & YOUNG),Ernst & Young Political Action Committee,Congressman Joe Neguse,2025-06-04,2500.00
ERNST & YOUNG LLP (WASHINGTON COUNCIL ERNST & YOUNG),Ernst & Young Political Action Committee,Congressman John Carter,2025-05-19,2500.00
ERNST & YOUNG LLP (WASHINGTON COUNCIL ERNST & YOUNG),Ernst & Young Political Action Committee,Congressman Johnny Olszewski,2025-06-16,2500.00
ERNST & YOUNG LLP (WASHINGTON COUNCIL ERNST & YOUNG),Ernst & Young Political Action Committee,Senator Joni Ernst,2025-04-11,2500.00
ERNST & YOUNG LLP (WASHINGTON COUNCIL ERNST & YOUNG),Ernst & Young Political Action Committee,Senator Joni Ernst,2025-04-11,2500.00
ERNST & YOUNG LLP (WASHINGTON COUNCIL ERNST & YOUNG),Ernst & Young Political Action Committee,Congresswoman Julia Letlow,2025-05-19,2000.00
ERNST & YOUNG LLP (WASHINGTON COUNCIL ERNST & YOUNG),Ernst & Young Political Action Committee,Senator Ruben Gallego,2025-04-11,5000.00
ERNST & YOUNG LLP (WASHINGTON COUNCIL ERNST & YOUNG),Ernst & Young Political Action Committee,Congresswoman Catherine Clark,2025-05-19,5000.00
ERNST & YOUNG LLP (WASHINGTON COUNCIL ERNST & YOUNG),Ernst & Young Political Action Committee,Congresswoman Catherine Clark,2025-05-19,5000.00
ERNST & YOUNG LLP (WASHINGTON COUNCIL ERNST & YOUNG),Ernst & Young Political Action Committee,Congressman Tom Kean,2025-05-19,2500.00
ERNST & YOUNG LLP (WASHINGTON COUNCIL ERNST & YOUNG),Ernst & Young Political Action Committee,Congresswoman Kristen McDonald Rivet,2025-06-16,2500.00
ERNST & YOUNG LLP (WASHINGTON COUNCIL ERNST & YOUNG),Ernst & Young Political Action Committee,Congressman David Kustoff,2025-03-24,5000.00
ERNST & YOUNG LLP (WASHINGTON COUNCIL ERNST & YOUNG),Ernst & Young Political Action Committee,Congressman Kweisi Mfume,2025-06-04,5000.00
ERNST & YOUNG LLP (WASHINGTON COUNCIL ERNST & YOUNG),Ernst & Young Political Action Committee,Congressman Darin LaHood,2025-04-11,5000.00
ERNST & YOUNG LLP (WASHINGTON COUNCIL ERNST & YOUNG),Ernst & Young Political Action Committee,Congressman Darin LaHood,2025-05-19,2500.00
ERNST & YOUNG LLP (WASHINGTON COUNCIL ERNST & YOUNG),Ernst & Young Political Action Committee,Congressman Nick LaLota,2025-03-04,1000.00
ERNST & YOUNG LLP (WASHINGTON COUNCIL ERNST & YOUNG),Ernst & Young Political Action Committee,Congressman Mike Lawler,2025-03-12,5000.00
ERNST & YOUNG LLP (WASHINGTON COUNCIL ERNST & YOUNG),Ernst & Young Political Action Committee,Congressman Sam Liccardo,2025-03-04,5000.00
ERNST & YOUNG LLP (WASHINGTON COUNCIL ERNST & YOUNG),Ernst & Young Political Action Committee,Congressman Sam Liccardo,2025-05-19,2500.00
ERNST & YOUNG LLP (WASHINGTON COUNCIL ERNST & YOUNG),Ernst & Young Political Action Committee,Congresswoman Lisa McClain,2025-05-19,2000.00
ERNST & YOUNG LLP (WASHINGTON COUNCIL ERNST & YOUNG),Ernst & Young Political Action Committee,Senator Lisa Murkowski,2025-05-19,2500.00
ERNST & YOUNG LLP (WASHINGTON COUNCIL ERNST & YOUNG),Ernst & Young Political Action Committee,Congresswoman Zoe Lofgren,2025-03-12,5000.00
ERNST & YOUNG LLP (WASHINGTON COUNCIL ERNST & YOUNG),Ernst & Young Political Action Committee,Congressman Lou Correa,2025-03-12,2500.00
ERNST & YOUNG LLP (WASHINGTON COUNCIL ERNST & YOUNG),Ernst & Young Political Action Committee,Congressman Barry Loudermilk,2025-03-04,2500.00
ERNST & YOUNG LLP (WASHINGTON COUNCIL ERNST & YOUNG),Ernst & Young Political Action Committee,Congresswoman Madeleine Dean,2025-03-04,2500.00
ERNST & YOUNG LLP (WASHINGTON COUNCIL ERNST & YOUNG),Ernst & Young Political Action Committee,Congressman Richard Neal,2025-06-04,5000.00
ERNST & YOUNG LLP (WASHINGTON COUNCIL ERNST & YOUNG),Ernst & Young Political Action Committee,Senator Angus King,2025-03-12,2500.00
ERNST & YOUNG LLP (WASHINGTON COUNCIL ERNST & YOUNG),Ernst & Young Political Action Committee,Congresswoman Madeleine Dean,2025-06-24,5000.00
ERNST & YOUNG LLP (WASHINGTON COUNCIL ERNST & YOUNG),Ernst & Young Political Action Committee,Congressman Marc Veasey,2025-04-11,2500.00
ERNST & YOUNG LLP (WASHINGTON COUNCIL ERNST & YOUNG),Ernst & Young Political Action Committee,Congressman Mario Diaz-Balart,2025-01-13,-2500.00
ERNST & YOUNG LLP (WASHINGTON COUNCIL ERNST & YOUNG),Ernst & Young Political Action Committee,Congresswoman Sarah McBride,2025-06-04,2500.00
ERNST & YOUNG LLP (WASHINGTON COUNCIL ERNST & YOUNG),Ernst & Young Political Action Committee,Congressman Addison McDowell,2025-03-12,2500.00
ERNST & YOUNG LLP (WASHINGTON COUNCIL ERNST & YOUNG),Ernst & Young Political Action Committee,Congressman Addison McDowell,2025-03-25,2500.00
ERNST & YOUNG LLP (WASHINGTON COUNCIL ERNST & YOUNG),Ernst & Young Political Action Committee,Congressman Addison McDowell,2025-04-09,-2500.00
ERNST & YOUNG LLP (WASHINGTON COUNCIL ERNST & YOUNG),Ernst & Young Political Action Committee,Congressman Addison McDowell,2025-05-19,2500.00
ERNST & YOUNG LLP (WASHINGTON COUNCIL ERNST & YOUNG),Ernst & Young Political Action Committee,Congressman Dan Meuser,2025-03-04,2500.00
ERNST & YOUNG LLP (WASHINGTON COUNCIL ERNST & YOUNG),Ernst & Young Political Action Committee,Congressman Dan Meuser,2025-03-21,2500.00
ERNST & YOUNG LLP (WASHINGTON COUNCIL ERNST & YOUNG),Ernst & Young Political Action Committee,Congressman Dan Meuser,2025-03-21,2500.00
ERNST & YOUNG LLP (WASHINGTON COUNCIL ERNST & YOUNG),Ernst & Young Political Action Committee,Congressman Michael Haridopolos,2025-04-11,5000.00
ERNST & YOUNG LLP (WASHINGTON COUNCIL ERNST & YOUNG),Ernst & Young Political Action Committee,Congressman Mike Johnson,2025-06-04,5000.00
ERNST & YOUNG LLP (WASHINGTON COUNCIL ERNST & YOUNG),Ernst & Young Political Action Committee,Congressman Mike Johnson,2025-06-04,5000.00
ERNST & YOUNG LLP (WASHINGTON COUNCIL ERNST & YOUNG),Ernst & Young Political Action Committee,Congressman Mike Kelly,2025-06-16,2500.00
ERNST & YOUNG LLP (WASHINGTON COUNCIL ERNST & YOUNG),Ernst & Young Political Action Committee,ModSquad,2025-04-11,5000.00
ERNST & YOUNG LLP (WASHINGTON COUNCIL ERNST & YOUNG),Ernst & Young Political Action Committee,Senator Ashley Moody,2025-06-04,3000.00
ERNST & YOUNG LLP (WASHINGTON COUNCIL ERNST & YOUNG),Ernst & Young Political Action Committee,Congressman John Moolenaar,2025-03-21,2500.00
ERNST & YOUNG LLP (WASHINGTON COUNCIL ERNST & YOUNG),Ernst & Young Political Action Committee,Congresswoman Gwen Moore,2025-04-29,2500.00
ERNST & YOUNG LLP (WASHINGTON COUNCIL ERNST & YOUNG),Ernst & Young Political Action Committee,Congressman Nathaniel Moran,2025-06-04,2500.00
ERNST & YOUNG LLP (WASHINGTON COUNCIL ERNST & YOUNG),Ernst & Young Political Action Committee,Congressman Steven Horsford,2025-03-04,2500.00
ERNST & YOUNG LLP (WASHINGTON COUNCIL ERNST & YOUNG),Ernst & Young Political Action Committee,Congressman Steven Horsford,2025-06-04,2500.00
ERNST & YOUNG LLP (WASHINGTON COUNCIL ERNST & YOUNG),Ernst & Young Political Action Committee,Congressman Steven Horsford,2025-06-04,2500.00
ERNST & YOUNG LLP (WASHINGTON COUNCIL ERNST & YOUNG),Ernst & Young Political Action Committee,Congresswoman Nicole Malliotakis,2025-06-04,2500.00
ERNST & YOUNG LLP (WASHINGTON COUNCIL ERNST & YOUNG),Ernst & Young Political Action Committee,Congresswoman Nikema Williams,2025-03-04,2500.00
ERNST & YOUNG LLP (WASHINGTON COUNCIL ERNST & YOUNG),Ernst & Young Political Action Committee,Congressman Pete Aguilar,2025-05-19,5000.00
ERNST & YOUNG LLP (WASHINGTON COUNCIL ERNST & YOUNG),Ernst & Young Political Action Committee,Congressman Pete Sessions,2025-06-16,5000.00
ERNST & YOUNG LLP (WASHINGTON COUNCIL ERNST & YOUNG),Ernst & Young Political Action Committee,Congressman Mike Quigley,2025-06-04,2500.00
ERNST & YOUNG LLP (WASHINGTON COUNCIL ERNST & YOUNG),Ernst & Young Political Action Committee,RG2/Tuesday Group,2025-03-12,5000.00
ERNST & YOUNG LLP (WASHINGTON COUNCIL ERNST & YOUNG),Ernst & Young Political Action Committee,Congressman Richard Neal,2025-03-04,2500.00
ERNST & YOUNG LLP (WASHINGTON COUNCIL ERNST & YOUNG),Ernst & Young Political Action Committee,Congressman Richard Neal,2025-05-19,2500.00
ERNST & YOUNG LLP (WASHINGTON COUNCIL ERNST & YOUNG),Ernst & Young Political Action Committee,Congressman Richard Neal,2025-05-19,2500.00
ERNST & YOUNG LLP (WASHINGTON COUNCIL ERNST & YOUNG),Ernst & Young Political Action Committee,Congressman Rob Wittman,2025-03-21,5000.00
ERNST & YOUNG LLP (WASHINGTON COUNCIL ERNST & YOUNG),Ernst & Young Political Action Committee,Congresswoman Robin Kelly,2025-03-12,1500.00
ERNST & YOUNG LLP (WASHINGTON COUNCIL ERNST & YOUNG),Ernst & Young Political Action Committee,Congresswoman Robin Kelly,2025-04-30,3500.00
ERNST & YOUNG LLP (WASHINGTON COUNCIL ERNST & YOUNG),Ernst & Young Political Action Committee,Congressman Rogers Williams,2025-06-04,3000.00
ERNST & YOUNG LLP (WASHINGTON COUNCIL ERNST & YOUNG),Ernst & Young Political Action Committee,Congressman Rudy Yakym,2025-04-11,2500.00
ERNST & YOUNG LLP (WASHINGTON COUNCIL ERNST & YOUNG),Ernst & Young Political Action Committee,Congressman Rudy Yakym,2025-06-04,2500.00
ERNST & YOUNG LLP (WASHINGTON COUNCIL ERNST & YOUNG),Ernst & Young Political Action Committee,Congressman Michael Rulli,2025-03-12,1000.00
ERNST & YOUNG LLP (WASHINGTON COUNCIL ERNST & YOUNG),Ernst & Young Political Action Committee,Congresswoman Maria Salazar,2025-03-12,2000.00
ERNST & YOUNG LLP (WASHINGTON COUNCIL ERNST & YOUNG),Ernst & Young Political Action Committee,Congresswoman Mary Scanlon,2025-06-04,2500.00
ERNST & YOUNG LLP (WASHINGTON COUNCIL ERNST & YOUNG),Ernst & Young Political Action Committee,Congressman Brad Schneider,2025-03-04,3500.00
ERNST & YOUNG LLP (WASHINGTON COUNCIL ERNST & YOUNG),Ernst & Young Political Action Committee,Congressman Brad Schneider,2025-05-19,1500.00
ERNST & YOUNG LLP (WASHINGTON COUNCIL ERNST & YOUNG),Ernst & Young Political Action Committee,Congressman Brad Schneider,2025-05-19,3500.00
ERNST & YOUNG LLP (WASHINGTON COUNCIL ERNST & YOUNG),Ernst & Young Political Action Committee,Congressman Scott Fitzgerald,2025-03-12,5000.00
ERNST & YOUNG LLP (WASHINGTON COUNCIL ERNST & YOUNG),Ernst & Young Political Action Committee,Congressman Brad Sherman,2025-04-11,2000.00
ERNST & YOUNG LLP (WASHINGTON COUNCIL ERNST & YOUNG),Ernst & Young Political Action Committee,Congressman Brad Sherman,2025-05-19,3000.00
ERNST & YOUNG LLP (WASHINGTON COUNCIL ERNST & YOUNG),Ernst & Young Political Action Committee,Congressman John Curtis,2025-06-27,5000.00
ERNST & YOUNG LLP (WASHINGTON COUNCIL ERNST & YOUNG),Ernst & Young Political Action Committee,Congressman Bryan Steil,2025-03-12,2000.00
ERNST & YOUNG LLP (WASHINGTON COUNCIL ERNST & YOUNG),Ernst & Young Political Action Committee,Congressman Bryan Steil,2025-06-04,3000.00
ERNST & YOUNG LLP (WASHINGTON COUNCIL ERNST & YOUNG),Ernst & Young Political Action Committee,Congressman Bryan Steil,2025-06-04,2000.00
ERNST & YOUNG LLP (WASHINGTON COUNCIL ERNST & YOUNG),Ernst & Young Political Action Committee,Congressman Stephen Lynch,2025-03-04,2500.00
ERNST & YOUNG LLP (WASHINGTON COUNCIL ERNST & YOUNG),Ernst & Young Political Action Committee,Senator Steve Daines,2025-06-16,2500.00
ERNST & YOUNG LLP (WASHINGTON COUNCIL ERNST & YOUNG),Ernst & Young Political Action Committee,Congresswoman Marilyn Strickland,2025-03-12,2500.00
ERNST & YOUNG LLP (WASHINGTON COUNCIL ERNST & YOUNG),Ernst & Young Political Action Committee,Congresswoman Marilyn Strickland,2025-06-04,2500.00
ERNST & YOUNG LLP (WASHINGTON COUNCIL ERNST & YOUNG),Ernst & Young Political Action Committee,Congresswoman Marilyn Strickland,2025-05-19,2500.00
ERNST & YOUNG LLP (WASHINGTON COUNCIL ERNST & YOUNG),Ernst & Young Political Action Committee,Congressman Marlin Stutzman,2025-06-04,2500.00
ERNST & YOUNG LLP (WASHINGTON COUNCIL ERNST & YOUNG),Ernst & Young Political Action Committee,Congressman Thomas Suozzi,2025-03-14,2500.00
ERNST & YOUNG LLP (WASHINGTON COUNCIL ERNST & YOUNG),Ernst & Young Political Action Committee,Congressman Thomas Suozzi,2025-06-04,500.00
ERNST & YOUNG LLP (WASHINGTON COUNCIL ERNST & YOUNG),Ernst & Young Political Action Committee,Congressman Thomas Suozzi,2025-06-04,2500.00
ERNST & YOUNG LLP (WASHINGTON COUNCIL ERNST & YOUNG),Ernst & Young Political Action Committee,Congresswoman Sylvia Garcia,2025-05-19,2500.00
ERNST & YOUNG LLP (WASHINGTON COUNCIL ERNST & YOUNG),Ernst & Young Political Action Committee,Congressman Brian Fitzpatrick,2025-06-16,5000.00
ERNST & YOUNG LLP (WASHINGTON COUNCIL ERNST & YOUNG),Ernst & Young Political Action Committee,Senator Bill Hagerty,2025-03-04,2500.00
ERNST & YOUNG LLP (WASHINGTON COUNCIL ERNST & YOUNG),Ernst & Young Political Action Committee,Senator Bill Hagerty,2025-05-30,-2500.00
ERNST & YOUNG LLP (WASHINGTON COUNCIL ERNST & YOUNG),Ernst & Young Political Action Committee,Senator Bill Hagerty,2025-06-04,1000.00
ERNST & YOUNG LLP (WASHINGTON COUNCIL ERNST & YOUNG),Ernst & Young Political Action Committee,Senator Bill Hagerty,2025-06-04,2500.00
ERNST & YOUNG LLP (WASHINGTON COUNCIL ERNST & YOUNG),Ernst & Young Political Action Committee,Congressman Patrick Harrigan,2025-03-12,1500.00
ERNST & YOUNG LLP (WASHINGTON COUNCIL ERNST & YOUNG),Ernst & Young Political Action Committee,Congressman Patrick Harrigan,2025-06-16,3500.00
ERNST & YOUNG LLP (WASHINGTON COUNCIL ERNST & YOUNG),Ernst & Young Political Action Committee,Senator Jack Reed,2025-03-12,2500.00
ERNST & YOUNG LLP (WASHINGTON COUNCIL ERNST & YOUNG),Ernst & Young Political Action Committee,Senator Thom Tillis,2025-06-04,2500.00
ERNST & YOUNG LLP (WASHINGTON COUNCIL ERNST & YOUNG),Ernst & Young Political Action Committee,Senator Thom Tillis,2025-06-04,5000.00
ERNST & YOUNG LLP (WASHINGTON COUNCIL ERNST & YOUNG),Ernst & Young Political Action Committee,Congressman Ritchie Torres,2025-01-13,-2500.00
ERNST & YOUNG LLP (WASHINGTON COUNCIL ERNST & YOUNG),Ernst & Young Political Action Committee,Congressman Troy Carter,2025-06-16,2500.00
ERNST & YOUNG LLP (WASHINGTON COUNCIL ERNST & YOUNG),Ernst & Young Political Action Committee,Congressman Troy Downing,2025-06-04,3000.00
ERNST & YOUNG LLP (WASHINGTON COUNCIL ERNST & YOUNG),Ernst & Young Political Action Committee,Congressman Troy Downing,2025-06-27,3000.00
ERNST & YOUNG LLP (WASHINGTON COUNCIL ERNST & YOUNG),Ernst & Young Political Action Committee,Congressman Troy Downing,2025-06-27,-3000.00
ERNST & YOUNG LLP (WASHINGTON COUNCIL ERNST & YOUNG),Ernst & Young Political Action Committee,Congressman David Valadao,2025-01-13,-2500.00
ERNST & YOUNG LLP (WASHINGTON COUNCIL ERNST & YOUNG),Ernst & Young Political Action Committee,Congressman Juan Vargas,2025-04-11,2500.00
ERNST & YOUNG LLP (WASHINGTON COUNCIL ERNST & YOUNG),Ernst & Young Political Action Committee,Senator Tina Smith,2025-06-04,5000.00
ERNST & YOUNG LLP (WASHINGTON COUNCIL ERNST & YOUNG),Ernst & Young Political Action Committee,Congressman Vern Buchanan,2025-06-04,5000.00
ERNST & YOUNG LLP (WASHINGTON COUNCIL ERNST & YOUNG),Ernst & Young Political Action Committee,Congressman Vicente Gonzalez,2025-03-12,2500.00
ERNST & YOUNG LLP (WASHINGTON COUNCIL ERNST & YOUNG),Ernst & Young Political Action Committee,ViewPAC,2025-04-29,5000.00
ERNST & YOUNG LLP (WASHINGTON COUNCIL ERNST & YOUNG),Ernst & Young Political Action Committee,Congresswoman Stacey Plaskett,2025-06-04,2500.00
ERNST & YOUNG LLP (WASHINGTON COUNCIL ERNST & YOUNG),Ernst & Young Political Action Committee,Congressman Michael Baumgartner,2025-06-24,1500.00
ERNST & YOUNG LLP (WASHINGTON COUNCIL ERNST & YOUNG),Ernst & Young Political Action Committee,Congressman William Timmons,2025-04-29,2500.00
ERNST & YOUNG LLP (WASHINGTON COUNCIL ERNST & YOUNG),Ernst & Young Political Action Committee,Congressman Steve Womack,2025-03-21,5000.00
ERNST & YOUNG LLP (WASHINGTON COUNCIL ERNST & YOUNG),Ernst & Young Political Action Committee,Wonder Woman PAC,2025-04-29,5000.00
ERNST & YOUNG LLP (WASHINGTON COUNCIL ERNST & YOUNG),Ernst & Young Political Action Committee,Congresswoman Young Kim,2025-06-16,5000.00
ERNST & YOUNG LLP (WASHINGTON COUNCIL ERNST & YOUNG),Ernst & Young Political Action Committee,Congressman Aaron Bean,2025-03-14,2500.00
ERNST & YOUNG LLP (WASHINGTON COUNCIL ERNST & YOUNG),Ernst & Young Political Action Committee,Congressman Aaron Bean,2025-06-24,2500.00
ERNST & YOUNG LLP (WASHINGTON COUNCIL ERNST & YOUNG),Ernst & Young Political Action Committee,Senator Katie Britt,2025-06-16,2500.00
ERNST & YOUNG LLP (WASHINGTON COUNCIL ERNST & YOUNG),Ernst & Young Political Action Committee,Congressman Mike Johnson,2025-06-04,5000.00
ERNST & YOUNG LLP (WASHINGTON COUNCIL ERNST & YOUNG),Ernst & Young Political Action Committee,Congresman Andre Carson,2025-06-04,2500.00
ERNST & YOUNG LLP (WASHINGTON COUNCIL ERNST & YOUNG),Ernst & Young Political Action Committee,Congressman Andy Barr,2025-03-04,2500.00
ERNST & YOUNG LLP (WASHINGTON COUNCIL ERNST & YOUNG),Ernst & Young Political Action Committee,Congressman Andy Barr,2025-03-12,2500.00
ERNST & YOUNG LLP (WASHINGTON COUNCIL ERNST & YOUNG),Ernst & Young Political Action Committee,Congressman Andy Barr,2025-03-12,2500.00
ERNST & YOUNG LLP (WASHINGTON COUNCIL ERNST & YOUNG),Ernst & Young Political Action Committee,Congresswoman April McClain Delaney,2025-06-04,2500.00
ERNST & YOUNG LLP (WASHINGTON COUNCIL ERNST & YOUNG),Ernst & Young Political Action Committee,Congresswoman Ashley Hinson,2025-03-21,5000.00
ERNST & YOUNG LLP (WASHINGTON COUNCIL ERNST & YOUNG),Ernst & Young Political Action Committee,Congressman Austin Scott,2025-06-04,2500.00
ERNST & YOUNG LLP (WASHINGTON COUNCIL ERNST & YOUNG),Ernst & Young Political Action Committee,Congresswoman Joyce Beatty,2025-03-12,2500.00
ERNST & YOUNG LLP (WASHINGTON COUNCIL ERNST & YOUNG),Ernst & Young Political Action Committee,Congressman Jack Bergman,2025-04-11,2500.00
ERNST & YOUNG LLP (WASHINGTON COUNCIL ERNST & YOUNG),Ernst & Young Political Action Committee,Congressman Bill Foster,2025-05-19,3000.00
ERNST & YOUNG LLP (WASHINGTON COUNCIL ERNST & YOUNG),Ernst & Young Political Action Committee,Blue Dog PAC,2025-04-29,5000.00
ERNST & YOUNG LLP (WASHINGTON COUNCIL ERNST & YOUNG),Ernst & Young Political Action Committee,BOLD PAC,2025-04-29,5000.00
ERNST & YOUNG LLP (WASHINGTON COUNCIL ERNST & YOUNG),Ernst & Young Political Action Committee,Congresswoman Suzanne Bonamici,2025-03-12,1000.00
ERNST & YOUNG LLP (WASHINGTON COUNCIL ERNST & YOUNG),Ernst & Young Political Action Committee,Congressman Brian Fitzpatrick,2025-03-12,2500.00
ERNST & YOUNG LLP (WASHINGTON COUNCIL ERNST & YOUNG),Ernst & Young Political Action Committee,Congressman Brian Jack,2025-06-04,2500.00
ERNST & YOUNG LLP (WASHINGTON COUNCIL ERNST & YOUNG),Ernst & Young Political Action Committee,Senator Ted Budd,2025-03-04,5000.00
ERNST & YOUNG LLP (WASHINGTON COUNCIL ERNST & YOUNG),Ernst & Young Political Action Committee,Congressman Mike Carey,2025-03-12,2500.00
ERNST & YOUNG LLP (WASHINGTON COUNCIL ERNST & YOUNG),Ernst & Young Political Action Committee,Congressman Mike Carey,2025-04-11,2500.00
ERNST & YOUNG LLP (WASHINGTON COUNCIL ERNST & YOUNG),Ernst & Young Political Action Committee,Congressman Mike Carey,2025-06-04,2500.00
ERNST & YOUNG LLP (WASHINGTON COUNCIL ERNST & YOUNG),Ernst & Young Political Action Committee,Congressman Carlos Gimenez,2025-06-24,1000.00
ERNST & YOUNG LLP (WASHINGTON COUNCIL ERNST & YOUNG),Ernst & Young Political Action Committee,Congresswoman Carol Miller,2025-05-19,1000.00
ERNST & YOUNG LLP (WASHINGTON COUNCIL ERNST & YOUNG),Ernst & Young Political Action Committee,Congressman Ed Case,2025-05-19,2500.00
ERNST & YOUNG LLP (WASHINGTON COUNCIL ERNST & YOUNG),Ernst & Young Political Action Committee,Congressman Sean Casten,2025-06-16,5000.00
ERNST & YOUNG LLP (WASHINGTON COUNCIL ERNST & YOUNG),Ernst & Young Political Action Committee,Congresswoman Chrissy Houlahan,2025-05-19,1000.00
ERNST & YOUNG LLP (WASHINGTON COUNCIL ERNST & YOUNG),Ernst & Young Political Action Committee,Congressman Gilbert Cisneros,2025-03-12,2500.00
ERNST & YOUNG LLP (WASHINGTON COUNCIL ERNST & YOUNG),Ernst & Young Political Action Committee,Congressman Emanuel Cleaver,2025-06-04,3000.00
ERNST & YOUNG LLP (WASHINGTON COUNCIL ERNST & YOUNG),Ernst & Young Political Action Committee,Congressman Cliff Bentz,2025-03-12,2500.00
ERNST & YOUNG LLP (WASHINGTON COUNCIL ERNST & YOUNG),Ernst & Young Political Action Committee,Congressman Tom Cole,2025-03-12,2500.00
ERNST & YOUNG LLP (WASHINGTON COUNCIL ERNST & YOUNG),Ernst & Young Political Action Committee,Congressman David Schweikert,2025-03-04,2500.00
ERNST & YOUNG LLP (WASHINGTON COUNCIL ERNST & YOUNG),Ernst & Young Political Action Committee,Congressman David Schweikert,2025-05-30,-2500.00
ERNST & YOUNG LLP (WASHINGTON COUNCIL ERNST & YOUNG),Ernst & Young Political Action Committee,Congressman David Schweikert,2025-06-04,2500.00
ERNST & YOUNG LLP (WASHINGTON COUNCIL ERNST & YOUNG),Ernst & Young Political Action Committee,Congressman Warren Davidson,2025-06-24,5000.00
ERNST & YOUNG LLP (WASHINGTON COUNCIL ERNST & YOUNG),Ernst & Young Political Action Committee,Congresswoman Suzann DelBene,2025-05-19,2500.00
ERNST & YOUNG LLP (WASHINGTON COUNCIL ERNST & YOUNG),Ernst & Young Political Action Committee,Congresswoman Suzann DelBene,2025-06-04,2500.00
ERNST & YOUNG LLP (WASHINGTON COUNCIL ERNST & YOUNG),Ernst & Young Political Action Committee,Congresswoman Suzann DelBene,2025-06-04,500.00
ERNST & YOUNG LLP (WASHINGTON COUNCIL ERNST & YOUNG),Ernst & Young Political Action Committee,Congressman Randy Feenstra,2025-06-04,5000.00
ERNST & YOUNG LLP (WASHINGTON COUNCIL ERNST & YOUNG),Ernst & Young Political Action Committee,Congressman Dwight Evans,2025-04-11,2500.00
ERNST & YOUNG LLP (WASHINGTON COUNCIL ERNST & YOUNG),Ernst & Young Political Action Committee,Congresswoman Sarah Elfreth,2025-06-16,2500.00
ERNST & YOUNG LLP (WASHINGTON COUNCIL ERNST & YOUNG),Ernst & Young Political Action Committee,Congresswoman Lizzie Fletcher,2025-04-11,2500.00
ERNST & YOUNG LLP (WASHINGTON COUNCIL ERNST & YOUNG),Ernst & Young Political Action Committee,Equality PAC,2025-04-29,5000.00
ERNST & YOUNG LLP (WASHINGTON COUNCIL ERNST & YOUNG),Ernst & Young Political Action Committee,Congresswoman Young Kim,2025-03-04,5000.00
ERNST & YOUNG LLP (WASHINGTON COUNCIL ERNST & YOUNG),Ernst & Young Political Action Committee,Congressman French Hill,2025-03-12,1500.00
ERNST & YOUNG LLP (WASHINGTON COUNCIL ERNST & YOUNG),Ernst & Young Political Action Committee,Congressman French Hill,2025-05-19,2500.00
ERNST & YOUNG LLP (WASHINGTON COUNCIL ERNST & YOUNG),Ernst & Young Political Action Committee,Congressman French Hill,2025-06-04,1000.00
ERNST & YOUNG LLP (WASHINGTON COUNCIL ERNST & YOUNG),Ernst & Young Political Action Committee,Congressman French Hill,2025-06-04,4000.00
ERNST & YOUNG LLP (WASHINGTON COUNCIL ERNST & YOUNG),Ernst & Young Political Action Committee,Congressman Gregory Meeks,2025-06-04,5000.00
ERNST & YOUNG LLP (WASHINGTON COUNCIL ERNST & YOUNG),Ernst & Young Political Action Committee,Congressman Dave Joyce,2025-06-04,5000.00
ERNST & YOUNG LLP (WASHINGTON COUNCIL ERNST & YOUNG),Ernst & Young Political Action Committee,Congressman Don Beyer,2025-03-12,2500.00
ERNST & YOUNG LLP (WASHINGTON COUNCIL ERNST & YOUNG),Ernst & Young Political Action Committee,Congressman Dusty Johnson,2025-03-12,2500.00
ERNST & YOUNG LLP (WASHINGTON COUNCIL ERNST & YOUNG),Ernst & Young Political Action Committee,Senator Mark Warner,2025-03-04,2500.00
ERNST & YOUNG LLP (WASHINGTON COUNCIL ERNST & YOUNG),Ernst & Young Political Action Committee,Senator Mark Warner,2025-04-11,2500.00
ERNST & YOUNG LLP (WASHINGTON COUNCIL ERNST & YOUNG),Ernst & Young Political Action Committee,Congressman Raja Krishnamoorthi,2025-03-12,2000.00
ERNST & YOUNG LLP (WASHINGTON COUNCIL ERNST & YOUNG),Ernst & Young Political Action Committee,Congressman Tim Moore,2025-04-11,5000.00
ERNST & YOUNG LLP (WASHINGTON COUNCIL ERNST & YOUNG),Ernst & Young Political Action Committee,Congressman Russell Fry,2025-03-12,2500.00
ERNST & YOUNG LLP (WASHINGTON COUNCIL ERNST & YOUNG),Ernst & Young Political Action Committee,Senator Ruben Gallego,2025-05-19,1000.00
ERNST & YOUNG LLP (WASHINGTON COUNCIL ERNST & YOUNG),Ernst & Young Political Action Committee,Congressman Andrew Garbarino,2025-05-19,3000.00
ERNST & YOUNG LLP (WASHINGTON COUNCIL ERNST & YOUNG),Ernst & Young Political Action Committee,Congressman Jimmy Gomez,2025-04-11,2500.00
ERNST & YOUNG LLP (WASHINGTON COUNCIL ERNST & YOUNG),Ernst & Young Political Action Committee,Senator Maggie Hassan,2025-06-04,5000.00
ERNST & YOUNG LLP (WASHINGTON COUNCIL ERNST & YOUNG),Ernst & Young Political Action Committee,Congressman Sam Graves,2025-06-04,2500.00
ERNST & YOUNG LLP (WASHINGTON COUNCIL ERNST & YOUNG),Ernst & Young Political Action Committee,Congressman Brett Guthrie,2025-03-04,2500.00
ERNST & YOUNG LLP (WASHINGTON COUNCIL ERNST & YOUNG),Ernst & Young Political Action Committee,Congressman Brett Guthrie,2025-05-19,2500.00
ERNST & YOUNG LLP (WASHINGTON COUNCIL ERNST & YOUNG),Ernst & Young Political Action Committee,Congressman Guy Reschenthaler,2025-05-19,2500.00
ERNST & YOUNG LLP (WASHINGTON COUNCIL ERNST & YOUNG),Ernst & Young Political Action Committee,Congresswoman Haley Stevens,2025-03-21,5000.00
ERNST & YOUNG LLP (WASHINGTON COUNCIL ERNST & YOUNG),Ernst & Young Political Action Committee,Congresswoman Haley Stevens,2025-03-21,5000.00
ERNST & YOUNG LLP (WASHINGTON COUNCIL ERNST & YOUNG),Ernst & Young Political Action Committee,Congressman Jim Himes,2025-06-04,2500.00
ERNST & YOUNG LLP (WASHINGTON COUNCIL ERNST & YOUNG),Ernst & Young Political Action Committee,Congressman Ron Wyden,2025-03-12,5000.00
ERNST & YOUNG LLP (WASHINGTON COUNCIL ERNST & YOUNG),Ernst & Young Political Action Committee,Congresswoman Erin Houchin,2025-03-21,5000.00
ERNST & YOUNG LLP (WASHINGTON COUNCIL ERNST & YOUNG),Ernst & Young Political Action Committee,Congressman Bill Huizengal,2025-03-12,5000.00
ERNST & YOUNG LLP (WASHINGTON COUNCIL ERNST & YOUNG),Ernst & Young Political Action Committee,Congressman Zach Nunn,2025-06-04,5000.00
ERNST & YOUNG LLP (WASHINGTON COUNCIL ERNST & YOUNG),Ernst & Young Political Action Committee,Congresswoman Janelle Bynum,2025-06-04,2500.00
ERNST & YOUNG LLP (WASHINGTON COUNCIL ERNST & YOUNG),Ernst & Young Political Action Committee,Congressman Jason Smith,2025-03-04,3000.00
ERNST & YOUNG LLP (WASHINGTON COUNCIL ERNST & YOUNG),Ernst & Young Political Action Committee,Congressman Hakeem Jeffries,2025-06-04,5000.00
ERNST & YOUNG LLP (WASHINGTON COUNCIL ERNST & YOUNG),Ernst & Young Political Action Committee,Congressman Hakeem Jeffries,2025-06-04,5000.00
ERNST & YOUNG LLP (WASHINGTON COUNCIL ERNST & YOUNG),Ernst & Young Political Action Committee,Congressman Josh Gottheimer,2025-03-04,3500.00
ERNST & YOUNG LLP (WASHINGTON COUNCIL ERNST & YOUNG),Ernst & Young Political Action Committee,Congressman Jim Costa,2025-03-12,2500.00
ERNST & YOUNG LLP (WASHINGTON COUNCIL ERNST & YOUNG),Ernst & Young Political Action Committee,Senator James Risch,2025-06-04,2500.00
ERNST & YOUNG LLP (WASHINGTON COUNCIL ERNST & YOUNG),Ernst & Young Political Action Committee,Congressman Jimmy Panetta,2025-03-04,3500.00
ERNST & YOUNG LLP (WASHINGTON COUNCIL ERNST & YOUNG),Ernst & Young Political Action Committee,Congressman Jimmy Panetta,2025-06-04,2000.00
ERNST & YOUNG LLP (WASHINGTON COUNCIL ERNST & YOUNG),Ernst & Young Political Action Committee,Congressman Jimmy Panetta,2025-06-04,1500.00
ERNST & YOUNG LLP (WASHINGTON COUNCIL ERNST & YOUNG),Ernst & Young Political Action Committee,Congressman Joseph Morelle,2025-05-19,2500.00
ERNST & YOUNG LLP (WASHINGTON COUNCIL ERNST & YOUNG),Ernst & Young Political Action Committee,Congressman Joe Neguse,2025-03-12,2500.00
ERNST & YOUNG LLP (WASHINGTON COUNCIL ERNST & YOUNG),Ernst & Young Political Action Committee,Congressman Joe Neguse,2025-06-04,2500.00
ERNST & YOUNG LLP (WASHINGTON COUNCIL ERNST & YOUNG),Ernst & Young Political Action Committee,Congressman Joe Neguse,2025-06-04,2500.00
ERNST & YOUNG LLP (WASHINGTON COUNCIL ERNST & YOUNG),Ernst & Young Political Action Committee,Congressman John Carter,2025-05-19,2500.00
ERNST & YOUNG LLP (WASHINGTON COUNCIL ERNST & YOUNG),Ernst & Young Political Action Committee,Congressman Johnny Olszewski,2025-06-16,2500.00
ERNST & YOUNG LLP (WASHINGTON COUNCIL ERNST & YOUNG),Ernst & Young Political Action Committee,Senator Joni Ernst,2025-04-11,2500.00
ERNST & YOUNG LLP (WASHINGTON COUNCIL ERNST & YOUNG),Ernst & Young Political Action Committee,Senator Joni Ernst,2025-04-11,2500.00
ERNST & YOUNG LLP (WASHINGTON COUNCIL ERNST & YOUNG),Ernst & Young Political Action Committee,Congresswoman Julia Letlow,2025-05-19,2000.00
ERNST & YOUNG LLP (WASHINGTON COUNCIL ERNST & YOUNG),Ernst & Young Political Action Committee,Senator Ruben Gallego,2025-04-11,5000.00
ERNST & YOUNG LLP (WASHINGTON COUNCIL ERNST & YOUNG),Ernst & Young Political Action Committee,Congresswoman Catherine Clark,2025-05-19,5000.00
ERNST & YOUNG LLP (WASHINGTON COUNCIL ERNST & YOUNG),Ernst & Young Political Action Committee,Congresswoman Catherine Clark,2025-05-19,5000.00
ERNST & YOUNG LLP (WASHINGTON COUNCIL ERNST & YOUNG),Ernst & Young Political Action Committee,Congressman Tom Kean,2025-05-19,2500.00
ERNST & YOUNG LLP (WASHINGTON COUNCIL ERNST & YOUNG),Ernst & Young Political Action Committee,Congresswoman Kristen McDonald Rivet,2025-06-16,2500.00
ERNST & YOUNG LLP (WASHINGTON COUNCIL ERNST & YOUNG),Ernst & Young Political Action Committee,Congressman David Kustoff,2025-03-24,5000.00
ERNST & YOUNG LLP (WASHINGTON COUNCIL ERNST & YOUNG),Ernst & Young Political Action Committee,Congressman Kweisi Mfume,2025-06-04,5000.00
ERNST & YOUNG LLP (WASHINGTON COUNCIL ERNST & YOUNG),Ernst & Young Political Action Committee,Congressman Darin LaHood,2025-04-11,5000.00
ERNST & YOUNG LLP (WASHINGTON COUNCIL ERNST & YOUNG),Ernst & Young Political Action Committee,Congressman Darin LaHood,2025-05-19,2500.00
ERNST & YOUNG LLP (WASHINGTON COUNCIL ERNST & YOUNG),Ernst & Young Political Action Committee,Congressman Nick LaLota,2025-03-04,1000.00
ERNST & YOUNG LLP (WASHINGTON COUNCIL ERNST & YOUNG),Ernst & Young Political Action Committee,Congressman Mike Lawler,2025-03-12,5000.00
ERNST & YOUNG LLP (WASHINGTON COUNCIL ERNST & YOUNG),Ernst & Young Political Action Committee,Congressman Sam Liccardo,2025-03-04,5000.00
ERNST & YOUNG LLP (WASHINGTON COUNCIL ERNST & YOUNG),Ernst & Young Political Action Committee,Congressman Sam Liccardo,2025-05-19,2500.00
ERNST & YOUNG LLP (WASHINGTON COUNCIL ERNST & YOUNG),Ernst & Young Political Action Committee,Congresswoman Lisa McClain,2025-05-19,2000.00
ERNST & YOUNG LLP (WASHINGTON COUNCIL ERNST & YOUNG),Ernst & Young Political Action Committee,Senator Lisa Murkowski,2025-05-19,2500.00
ERNST & YOUNG LLP (WASHINGTON COUNCIL ERNST & YOUNG),Ernst & Young Political Action Committee,Congresswoman Zoe Lofgren,2025-03-12,5000.00
ERNST & YOUNG LLP (WASHINGTON COUNCIL ERNST & YOUNG),Ernst & Young Political Action Committee,Congressman Lou Correa,2025-03-12,2500.00
ERNST & YOUNG LLP (WASHINGTON COUNCIL ERNST & YOUNG),Ernst & Young Political Action Committee,Congressman Barry Loudermilk,2025-03-04,2500.00
ERNST & YOUNG LLP (WASHINGTON COUNCIL ERNST & YOUNG),Ernst & Young Political Action Committee,Congresswoman Madeleine Dean,2025-03-04,2500.00
ERNST & YOUNG LLP (WASHINGTON COUNCIL ERNST & YOUNG),Ernst & Young Political Action Committee,Congressman Richard Neal,2025-06-04,5000.00
ERNST & YOUNG LLP (WASHINGTON COUNCIL ERNST & YOUNG),Ernst & Young Political Action Committee,Senator Angus King,2025-03-12,2500.00
ERNST & YOUNG LLP (WASHINGTON COUNCIL ERNST & YOUNG),Ernst & Young Political Action Committee,Congresswoman Madeleine Dean,2025-06-24,5000.00
ERNST & YOUNG LLP (WASHINGTON COUNCIL ERNST & YOUNG),Ernst & Young Political Action Committee,Congressman Marc Veasey,2025-04-11,2500.00
ERNST & YOUNG LLP (WASHINGTON COUNCIL ERNST & YOUNG),Ernst & Young Political Action Committee,Congressman Mario Diaz-Balart,2025-01-13,-2500.00
ERNST & YOUNG LLP (WASHINGTON COUNCIL ERNST & YOUNG),Ernst & Young Political Action Committee,Congresswoman Sarah McBride,2025-06-04,2500.00
ERNST & YOUNG LLP (WASHINGTON COUNCIL ERNST & YOUNG),Ernst & Young Political Action Committee,Congressman Addison McDowell,2025-03-12,2500.00
ERNST & YOUNG LLP (WASHINGTON COUNCIL ERNST & YOUNG),Ernst & Young Political Action Committee,Congressman Addison McDowell,2025-03-25,2500.00
ERNST & YOUNG LLP (WASHINGTON COUNCIL ERNST & YOUNG),Ernst & Young Political Action Committee,Congressman Addison McDowell,2025-04-09,-2500.00
ERNST & YOUNG LLP (WASHINGTON COUNCIL ERNST & YOUNG),Ernst & Young Political Action Committee,Congressman Addison McDowell,2025-05-19,2500.00
ERNST & YOUNG LLP (WASHINGTON COUNCIL ERNST & YOUNG),Ernst & Young Political Action Committee,Congressman Dan Meuser,2025-03-04,2500.00
ERNST & YOUNG LLP (WASHINGTON COUNCIL ERNST & YOUNG),Ernst & Young Political Action Committee,Congressman Dan Meuser,2025-03-21,2500.00
ERNST & YOUNG LLP (WASHINGTON COUNCIL ERNST & YOUNG),Ernst & Young Political Action Committee,Congressman Dan Meuser,2025-03-21,2500.00
ERNST & YOUNG LLP (WASHINGTON COUNCIL ERNST & YOUNG),Ernst & Young Political Action Committee,Congressman Michael Haridopolos,2025-04-11,5000.00
ERNST & YOUNG LLP (WASHINGTON COUNCIL ERNST & YOUNG),Ernst & Young Political Action Committee,Congressman Mike Johnson,2025-06-04,5000.00
ERNST & YOUNG LLP (WASHINGTON COUNCIL ERNST & YOUNG),Ernst & Young Political Action Committee,Congressman Mike Johnson,2025-06-04,5000.00
ERNST & YOUNG LLP (WASHINGTON COUNCIL ERNST & YOUNG),Ernst & Young Political Action Committee,Congressman Mike Kelly,2025-06-16,2500.00
ERNST & YOUNG LLP (WASHINGTON COUNCIL ERNST & YOUNG),Ernst & Young Political Action Committee,ModSquad,2025-04-11,5000.00
ERNST & YOUNG LLP (WASHINGTON COUNCIL ERNST & YOUNG),Ernst & Young Political Action Committee,Senator Ashley Moody,2025-06-04,3000.00
ERNST & YOUNG LLP (WASHINGTON COUNCIL ERNST & YOUNG),Ernst & Young Political Action Committee,Congressman John Moolenaar,2025-03-21,2500.00
ERNST & YOUNG LLP (WASHINGTON COUNCIL ERNST & YOUNG),Ernst & Young Political Action Committee,Congresswoman Gwen Moore,2025-04-29,2500.00
ERNST & YOUNG LLP (WASHINGTON COUNCIL ERNST & YOUNG),Ernst & Young Political Action Committee,Congressman Nathaniel Moran,2025-06-04,2500.00
ERNST & YOUNG LLP (WASHINGTON COUNCIL ERNST & YOUNG),Ernst & Young Political Action Committee,Congressman Steven Horsford,2025-03-04,2500.00
ERNST & YOUNG LLP (WASHINGTON COUNCIL ERNST & YOUNG),Ernst & Young Political Action Committee,Congressman Steven Horsford,2025-06-04,2500.00
ERNST & YOUNG LLP (WASHINGTON COUNCIL ERNST & YOUNG),Ernst & Young Political Action Committee,Congressman Steven Horsford,2025-06-04,2500.00
ERNST & YOUNG LLP (WASHINGTON COUNCIL ERNST & YOUNG),Ernst & Young Political Action Committee,Congresswoman Nicole Malliotakis,2025-06-04,2500.00
ERNST & YOUNG LLP (WASHINGTON COUNCIL ERNST & YOUNG),Ernst & Young Political Action Committee,Congresswoman Nikema Williams,2025-03-04,2500.00
ERNST & YOUNG LLP (WASHINGTON COUNCIL ERNST & YOUNG),Ernst & Young Political Action Committee,Congressman Pete Aguilar,2025-05-19,5000.00
ERNST & YOUNG LLP (WASHINGTON COUNCIL ERNST & YOUNG),Ernst & Young Political Action Committee,Congressman Pete Sessions,2025-06-16,5000.00
ERNST & YOUNG LLP (WASHINGTON COUNCIL ERNST & YOUNG),Ernst & Young Political Action Committee,Congressman Mike Quigley,2025-06-04,2500.00
ERNST & YOUNG LLP (WASHINGTON COUNCIL ERNST & YOUNG),Ernst & Young Political Action Committee,RG2/Tuesday Group,2025-03-12,5000.00
ERNST & YOUNG LLP (WASHINGTON COUNCIL ERNST & YOUNG),Ernst & Young Political Action Committee,Congressman Richard Neal,2025-03-04,2500.00
ERNST & YOUNG LLP (WASHINGTON COUNCIL ERNST & YOUNG),Ernst & Young Political Action Committee,Congressman Richard Neal,2025-05-19,2500.00
ERNST & YOUNG LLP (WASHINGTON COUNCIL ERNST & YOUNG),Ernst & Young Political Action Committee,Congressman Richard Neal,2025-05-19,2500.00
ERNST & YOUNG LLP (WASHINGTON COUNCIL ERNST & YOUNG),Ernst & Young Political Action Committee,Congressman Rob Wittman,2025-03-21,5000.00
ERNST & YOUNG LLP (WASHINGTON COUNCIL ERNST & YOUNG),Ernst & Young Political Action Committee,Congresswoman Robin Kelly,2025-03-12,1500.00
ERNST & YOUNG LLP (WASHINGTON COUNCIL ERNST & YOUNG),Ernst & Young Political Action Committee,Congresswoman Robin Kelly,2025-04-30,3500.00
ERNST & YOUNG LLP (WASHINGTON COUNCIL ERNST & YOUNG),Ernst & Young Political Action Committee,Congressman Rogers Williams,2025-06-04,3000.00
ERNST & YOUNG LLP (WASHINGTON COUNCIL ERNST & YOUNG),Ernst & Young Political Action Committee,Congressman Rudy Yakym,2025-04-11,2500.00
ERNST & YOUNG LLP (WASHINGTON COUNCIL ERNST & YOUNG),Ernst & Young Political Action Committee,Congressman Rudy Yakym,2025-06-04,2500.00
ERNST & YOUNG LLP (WASHINGTON COUNCIL ERNST & YOUNG),Ernst & Young Political Action Committee,Congressman Michael Rulli,2025-03-12,1000.00
ERNST & YOUNG LLP (WASHINGTON COUNCIL ERNST & YOUNG),Ernst & Young Political Action Committee,Congresswoman Maria Salazar,2025-03-12,2000.00
ERNST & YOUNG LLP (WASHINGTON COUNCIL ERNST & YOUNG),Ernst & Young Political Action Committee,Congresswoman Mary Scanlon,2025-06-04,2500.00
ERNST & YOUNG LLP (WASHINGTON COUNCIL ERNST & YOUNG),Ernst & Young Political Action Committee,Congressman Brad Schneider,2025-03-04,3500.00
ERNST & YOUNG LLP (WASHINGTON COUNCIL ERNST & YOUNG),Ernst & Young Political Action Committee,Congressman Brad Schneider,2025-05-19,1500.00
ERNST & YOUNG LLP (WASHINGTON COUNCIL ERNST & YOUNG),Ernst & Young Political Action Committee,Congressman Brad Schneider,2025-05-19,3500.00
ERNST & YOUNG LLP (WASHINGTON COUNCIL ERNST & YOUNG),Ernst & Young Political Action Committee,Congressman Scott Fitzgerald,2025-03-12,5000.00
ERNST & YOUNG LLP (WASHINGTON COUNCIL ERNST & YOUNG),Ernst & Young Political Action Committee,Congressman Brad Sherman,2025-04-11,2000.00
ERNST & YOUNG LLP (WASHINGTON COUNCIL ERNST & YOUNG),Ernst & Young Political Action Committee,Congressman Brad Sherman,2025-05-19,3000.00
ERNST & YOUNG LLP (WASHINGTON COUNCIL ERNST & YOUNG),Ernst & Young Political Action Committee,Congressman John Curtis,2025-06-27,5000.00
ERNST & YOUNG LLP (WASHINGTON COUNCIL ERNST & YOUNG),Ernst & Young Political Action Committee,Congressman Bryan Steil,2025-03-12,2000.00
ERNST & YOUNG LLP (WASHINGTON COUNCIL ERNST & YOUNG),Ernst & Young Political Action Committee,Congressman Bryan Steil,2025-06-04,3000.00
ERNST & YOUNG LLP (WASHINGTON COUNCIL ERNST & YOUNG),Ernst & Young Political Action Committee,Congressman Bryan Steil,2025-06-04,2000.00
ERNST & YOUNG LLP (WASHINGTON COUNCIL ERNST & YOUNG),Ernst & Young Political Action Committee,Congressman Stephen Lynch,2025-03-04,2500.00
ERNST & YOUNG LLP (WASHINGTON COUNCIL ERNST & YOUNG),Ernst & Young Political Action Committee,Senator Steve Daines,2025-06-16,2500.00
ERNST & YOUNG LLP (WASHINGTON COUNCIL ERNST & YOUNG),Ernst & Young Political Action Committee,Congresswoman Marilyn Strickland,2025-03-12,2500.00
ERNST & YOUNG LLP (WASHINGTON COUNCIL ERNST & YOUNG),Ernst & Young Political Action Committee,Congresswoman Marilyn Strickland,2025-06-04,2500.00
ERNST & YOUNG LLP (WASHINGTON COUNCIL ERNST & YOUNG),Ernst & Young Political Action Committee,Congresswoman Marilyn Strickland,2025-05-19,2500.00
ERNST & YOUNG LLP (WASHINGTON COUNCIL ERNST & YOUNG),Ernst & Young Political Action Committee,Congressman Marlin Stutzman,2025-06-04,2500.00
ERNST & YOUNG LLP (WASHINGTON COUNCIL ERNST & YOUNG),Ernst & Young Political Action Committee,Congressman Thomas Suozzi,2025-03-14,2500.00
ERNST & YOUNG LLP (WASHINGTON COUNCIL ERNST & YOUNG),Ernst & Young Political Action Committee,Congressman Thomas Suozzi,2025-06-04,500.00
ERNST & YOUNG LLP (WASHINGTON COUNCIL ERNST & YOUNG),Ernst & Young Political Action Committee,Congressman Thomas Suozzi,2025-06-04,2500.00
ERNST & YOUNG LLP (WASHINGTON COUNCIL ERNST & YOUNG),Ernst & Young Political Action Committee,Congresswoman Sylvia Garcia,2025-05-19,2500.00
ERNST & YOUNG LLP (WASHINGTON COUNCIL ERNST & YOUNG),Ernst & Young Political Action Committee,Congressman Brian Fitzpatrick,2025-06-16,5000.00
ERNST & YOUNG LLP (WASHINGTON COUNCIL ERNST & YOUNG),Ernst & Young Political Action Committee,Senator Bill Hagerty,2025-03-04,2500.00
ERNST & YOUNG LLP (WASHINGTON COUNCIL ERNST & YOUNG),Ernst & Young Political Action Committee,Senator Bill Hagerty,2025-05-30,-2500.00
ERNST & YOUNG LLP (WASHINGTON COUNCIL ERNST & YOUNG),Ernst & Young Political Action Committee,Senator Bill Hagerty,2025-06-04,1000.00
ERNST & YOUNG LLP (WASHINGTON COUNCIL ERNST & YOUNG),Ernst & Young Political Action Committee,Senator Bill Hagerty,2025-06-04,2500.00
ERNST & YOUNG LLP (WASHINGTON COUNCIL ERNST & YOUNG),Ernst & Young Political Action Committee,Congressman Patrick Harrigan,2025-03-12,1500.00
ERNST & YOUNG LLP (WASHINGTON COUNCIL ERNST & YOUNG),Ernst & Young Political Action Committee,Congressman Patrick Harrigan,2025-06-16,3500.00
ERNST & YOUNG LLP (WASHINGTON COUNCIL ERNST & YOUNG),Ernst & Young Political Action Committee,Senator Jack Reed,2025-03-12,2500.00
ERNST & YOUNG LLP (WASHINGTON COUNCIL ERNST & YOUNG),Ernst & Young Political Action Committee,Senator Thom Tillis,2025-06-04,2500.00
ERNST & YOUNG LLP (WASHINGTON COUNCIL ERNST & YOUNG),Ernst & Young Political Action Committee,Senator Thom Tillis,2025-06-04,5000.00
ERNST & YOUNG LLP (WASHINGTON COUNCIL ERNST & YOUNG),Ernst & Young Political Action Committee,Congressman Ritchie Torres,2025-01-13,-2500.00
ERNST & YOUNG LLP (WASHINGTON COUNCIL ERNST & YOUNG),Ernst & Young Political Action Committee,Congressman Troy Carter,2025-06-16,2500.00
ERNST & YOUNG LLP (WASHINGTON COUNCIL ERNST & YOUNG),Ernst & Young Political Action Committee,Congressman Troy Downing,2025-06-04,3000.00
ERNST & YOUNG LLP (WASHINGTON COUNCIL ERNST & YOUNG),Ernst & Young Political Action Committee,Congressman Troy Downing,2025-06-27,3000.00
ERNST & YOUNG LLP (WASHINGTON COUNCIL ERNST & YOUNG),Ernst & Young Political Action Committee,Congressman Troy Downing,2025-06-27,-3000.00
ERNST & YOUNG LLP (WASHINGTON COUNCIL ERNST & YOUNG),Ernst & Young Political Action Committee,Congressman David Valadao,2025-01-13,-2500.00
ERNST & YOUNG LLP (WASHINGTON COUNCIL ERNST & YOUNG),Ernst & Young Political Action Committee,Congressman Juan Vargas,2025-04-11,2500.00
ERNST & YOUNG LLP (WASHINGTON COUNCIL ERNST & YOUNG),Ernst & Young Political Action Committee,Senator Tina Smith,2025-06-04,5000.00
ERNST & YOUNG LLP (WASHINGTON COUNCIL ERNST & YOUNG),Ernst & Young Political Action Committee,Congressman Vern Buchanan,2025-06-04,5000.00
ERNST & YOUNG LLP (WASHINGTON COUNCIL ERNST & YOUNG),Ernst & Young Political Action Committee,Congressman Vicente Gonzalez,2025-03-12,2500.00
ERNST & YOUNG LLP (WASHINGTON COUNCIL ERNST & YOUNG),Ernst & Young Political Action Committee,ViewPAC,2025-04-29,5000.00
ERNST & YOUNG LLP (WASHINGTON COUNCIL ERNST & YOUNG),Ernst & Young Political Action Committee,Congresswoman Stacey Plaskett,2025-06-04,2500.00
ERNST & YOUNG LLP (WASHINGTON COUNCIL ERNST & YOUNG),Ernst & Young Political Action Committee,Congressman Michael Baumgartner,2025-06-24,1500.00
ERNST & YOUNG LLP (WASHINGTON COUNCIL ERNST & YOUNG),Ernst & Young Political Action Committee,Congressman William Timmons,2025-04-29,2500.00
ERNST & YOUNG LLP (WASHINGTON COUNCIL ERNST & YOUNG),Ernst & Young Political Action Committee,Congressman Steve Womack,2025-03-21,5000.00
ERNST & YOUNG LLP (WASHINGTON COUNCIL ERNST & YOUNG),Ernst & Young Political Action Committee,Wonder Woman PAC,2025-04-29,5000.00
ERNST & YOUNG LLP (WASHINGTON COUNCIL ERNST & YOUNG),Ernst & Young Political Action Committee,Congresswoman Young Kim,2025-06-16,5000.00
ERNST & YOUNG LLP (WASHINGTON COUNCIL ERNST & YOUNG),Ernst & Young Political Action Committee,Congressman Aaron Bean,2025-03-14,2500.00
ERNST & YOUNG LLP (WASHINGTON COUNCIL ERNST & YOUNG),Ernst & Young Political Action Committee,Congressman Aaron Bean,2025-06-24,2500.00
ERNST & YOUNG LLP (WASHINGTON COUNCIL ERNST & YOUNG),Ernst & Young Political Action Committee,Senator Katie Britt,2025-06-16,2500.00
ERNST & YOUNG LLP (WASHINGTON COUNCIL ERNST & YOUNG),Ernst & Young Political Action Committee,Congressman Mike Johnson,2025-06-04,5000.00
ERNST & YOUNG LLP (WASHINGTON COUNCIL ERNST & YOUNG),Ernst & Young Political Action Committee,Congresman Andre Carson,2025-06-04,2500.00
ERNST & YOUNG LLP (WASHINGTON COUNCIL ERNST & YOUNG),Ernst & Young Political Action Committee,Congressman Andy Barr,2025-03-04,2500.00
ERNST & YOUNG LLP (WASHINGTON COUNCIL ERNST & YOUNG),Ernst & Young Political Action Committee,Congressman Andy Barr,2025-03-12,2500.00
ERNST & YOUNG LLP (WASHINGTON COUNCIL ERNST & YOUNG),Ernst & Young Political Action Committee,Congressman Andy Barr,2025-03-12,2500.00
ERNST & YOUNG LLP (WASHINGTON COUNCIL ERNST & YOUNG),Ernst & Young Political Action Committee,Congresswoman April McClain Delaney,2025-06-04,2500.00
ERNST & YOUNG LLP (WASHINGTON COUNCIL ERNST & YOUNG),Ernst & Young Political Action Committee,Congresswoman Ashley Hinson,2025-03-21,5000.00
ERNST & YOUNG LLP (WASHINGTON COUNCIL ERNST & YOUNG),Ernst & Young Political Action Committee,Congressman Austin Scott,2025-06-04,2500.00
ERNST & YOUNG LLP (WASHINGTON COUNCIL ERNST & YOUNG),Ernst & Young Political Action Committee,Congresswoman Joyce Beatty,2025-03-12,2500.00
ERNST & YOUNG LLP (WASHINGTON COUNCIL ERNST & YOUNG),Ernst & Young Political Action Committee,Congressman Jack Bergman,2025-04-11,2500.00
ERNST & YOUNG LLP (WASHINGTON COUNCIL ERNST & YOUNG),Ernst & Young Political Action Committee,Congressman Bill Foster,2025-05-19,3000.00
ERNST & YOUNG LLP (WASHINGTON COUNCIL ERNST & YOUNG),Ernst & Young Political Action Committee,Blue Dog PAC,2025-04-29,5000.00
ERNST & YOUNG LLP (WASHINGTON COUNCIL ERNST & YOUNG),Ernst & Young Political Action Committee,BOLD PAC,2025-04-29,5000.00
ERNST & YOUNG LLP (WASHINGTON COUNCIL ERNST & YOUNG),Ernst & Young Political Action Committee,Congresswoman Suzanne Bonamici,2025-03-12,1000.00
ERNST & YOUNG LLP (WASHINGTON COUNCIL ERNST & YOUNG),Ernst & Young Political Action Committee,Congressman Brian Fitzpatrick,2025-03-12,2500.00
ERNST & YOUNG LLP (WASHINGTON COUNCIL ERNST & YOUNG),Ernst & Young Political Action Committee,Congressman Brian Jack,2025-06-04,2500.00
ERNST & YOUNG LLP (WASHINGTON COUNCIL ERNST & YOUNG),Ernst & Young Political Action Committee,Senator Ted Budd,2025-03-04,5000.00
ERNST & YOUNG LLP (WASHINGTON COUNCIL ERNST & YOUNG),Ernst & Young Political Action Committee,Congressman Mike Carey,2025-03-12,2500.00
ERNST & YOUNG LLP (WASHINGTON COUNCIL ERNST & YOUNG),Ernst & Young Political Action Committee,Congressman Mike Carey,2025-04-11,2500.00
ERNST & YOUNG LLP (WASHINGTON COUNCIL ERNST & YOUNG),Ernst & Young Political Action Committee,Congressman Mike Carey,2025-06-04,2500.00
ERNST & YOUNG LLP (WASHINGTON COUNCIL ERNST & YOUNG),Ernst & Young Political Action Committee,Congressman Carlos Gimenez,2025-06-24,1000.00
ERNST & YOUNG LLP (WASHINGTON COUNCIL ERNST & YOUNG),Ernst & Young Political Action Committee,Congresswoman Carol Miller,2025-05-19,1000.00
ERNST & YOUNG LLP (WASHINGTON COUNCIL ERNST & YOUNG),Ernst & Young Political Action Committee,Congressman Ed Case,2025-05-19,2500.00
ERNST & YOUNG LLP (WASHINGTON COUNCIL ERNST & YOUNG),Ernst & Young Political Action Committee,Congressman Sean Casten,2025-06-16,5000.00
ERNST & YOUNG LLP (WASHINGTON COUNCIL ERNST & YOUNG),Ernst & Young Political Action Committee,Congresswoman Chrissy Houlahan,2025-05-19,1000.00
ERNST & YOUNG LLP (WASHINGTON COUNCIL ERNST & YOUNG),Ernst & Young Political Action Committee,Congressman Gilbert Cisneros,2025-03-12,2500.00
ERNST & YOUNG LLP (WASHINGTON COUNCIL ERNST & YOUNG),Ernst & Young Political Action Committee,Congressman Emanuel Cleaver,2025-06-04,3000.00
ERNST & YOUNG LLP (WASHINGTON COUNCIL ERNST & YOUNG),Ernst & Young Political Action Committee,Congressman Cliff Bentz,2025-03-12,2500.00
ERNST & YOUNG LLP (WASHINGTON COUNCIL ERNST & YOUNG),Ernst & Young Political Action Committee,Congressman Tom Cole,2025-03-12,2500.00
ERNST & YOUNG LLP (WASHINGTON COUNCIL ERNST & YOUNG),Ernst & Young Political Action Committee,Congressman David Schweikert,2025-03-04,2500.00
ERNST & YOUNG LLP (WASHINGTON COUNCIL ERNST & YOUNG),Ernst & Young Political Action Committee,Congressman David Schweikert,2025-05-30,-2500.00
ERNST & YOUNG LLP (WASHINGTON COUNCIL ERNST & YOUNG),Ernst & Young Political Action Committee,Congressman David Schweikert,2025-06-04,2500.00
ERNST & YOUNG LLP (WASHINGTON COUNCIL ERNST & YOUNG),Ernst & Young Political Action Committee,Congressman Warren Davidson,2025-06-24,5000.00
ERNST & YOUNG LLP (WASHINGTON COUNCIL ERNST & YOUNG),Ernst & Young Political Action Committee,Congresswoman Suzann DelBene,2025-05-19,2500.00
ERNST & YOUNG LLP (WASHINGTON COUNCIL ERNST & YOUNG),Ernst & Young Political Action Committee,Congresswoman Suzann DelBene,2025-06-04,2500.00
ERNST & YOUNG LLP (WASHINGTON COUNCIL ERNST & YOUNG),Ernst & Young Political Action Committee,Congresswoman Suzann DelBene,2025-06-04,500.00
ERNST & YOUNG LLP (WASHINGTON COUNCIL ERNST & YOUNG),Ernst & Young Political Action Committee,Congressman Randy Feenstra,2025-06-04,5000.00
ERNST & YOUNG LLP (WASHINGTON COUNCIL ERNST & YOUNG),Ernst & Young Political Action Committee,Congressman Dwight Evans,2025-04-11,2500.00
ERNST & YOUNG LLP (WASHINGTON COUNCIL ERNST & YOUNG),Ernst & Young Political Action Committee,Congresswoman Sarah Elfreth,2025-06-16,2500.00
ERNST & YOUNG LLP (WASHINGTON COUNCIL ERNST & YOUNG),Ernst & Young Political Action Committee,Congresswoman Lizzie Fletcher,2025-04-11,2500.00
ERNST & YOUNG LLP (WASHINGTON COUNCIL ERNST & YOUNG),Ernst & Young Political Action Committee,Equality PAC,2025-04-29,5000.00
ERNST & YOUNG LLP (WASHINGTON COUNCIL ERNST & YOUNG),Ernst & Young Political Action Committee,Congresswoman Young Kim,2025-03-04,5000.00
ERNST & YOUNG LLP (WASHINGTON COUNCIL ERNST & YOUNG),Ernst & Young Political Action Committee,Congressman French Hill,2025-03-12,1500.00
ERNST & YOUNG LLP (WASHINGTON COUNCIL ERNST & YOUNG),Ernst & Young Political Action Committee,Congressman French Hill,2025-05-19,2500.00
ERNST & YOUNG LLP (WASHINGTON COUNCIL ERNST & YOUNG),Ernst & Young Political Action Committee,Congressman French Hill,2025-06-04,1000.00
ERNST & YOUNG LLP (WASHINGTON COUNCIL ERNST & YOUNG),Ernst & Young Political Action Committee,Congressman French Hill,2025-06-04,4000.00
ERNST & YOUNG LLP (WASHINGTON COUNCIL ERNST & YOUNG),Ernst & Young Political Action Committee,Congressman Gregory Meeks,2025-06-04,5000.00
ERNST & YOUNG LLP (WASHINGTON COUNCIL ERNST & YOUNG),Ernst & Young Political Action Committee,Congressman Dave Joyce,2025-06-04,5000.00
ERNST & YOUNG LLP (WASHINGTON COUNCIL ERNST & YOUNG),Ernst & Young Political Action Committee,Congressman Don Beyer,2025-03-12,2500.00
ERNST & YOUNG LLP (WASHINGTON COUNCIL ERNST & YOUNG),Ernst & Young Political Action Committee,Congressman Dusty Johnson,2025-03-12,2500.00
ERNST & YOUNG LLP (WASHINGTON COUNCIL ERNST & YOUNG),Ernst & Young Political Action Committee,Senator Mark Warner,2025-03-04,2500.00
ERNST & YOUNG LLP (WASHINGTON COUNCIL ERNST & YOUNG),Ernst & Young Political Action Committee,Senator Mark Warner,2025-04-11,2500.00
ERNST & YOUNG LLP (WASHINGTON COUNCIL ERNST & YOUNG),Ernst & Young Political Action Committee,Congressman Raja Krishnamoorthi,2025-03-12,2000.00
ERNST & YOUNG LLP (WASHINGTON COUNCIL ERNST & YOUNG),Ernst & Young Political Action Committee,Congressman Tim Moore,2025-04-11,5000.00
ERNST & YOUNG LLP (WASHINGTON COUNCIL ERNST & YOUNG),Ernst & Young Political Action Committee,Congressman Russell Fry,2025-03-12,2500.00
ERNST & YOUNG LLP (WASHINGTON COUNCIL ERNST & YOUNG),Ernst & Young Political Action Committee,Senator Ruben Gallego,2025-05-19,1000.00
ERNST & YOUNG LLP (WASHINGTON COUNCIL ERNST & YOUNG),Ernst & Young Political Action Committee,Congressman Andrew Garbarino,2025-05-19,3000.00
ERNST & YOUNG LLP (WASHINGTON COUNCIL ERNST & YOUNG),Ernst & Young Political Action Committee,Congressman Jimmy Gomez,2025-04-11,2500.00
ERNST & YOUNG LLP (WASHINGTON COUNCIL ERNST & YOUNG),Ernst & Young Political Action Committee,Senator Maggie Hassan,2025-06-04,5000.00
ERNST & YOUNG LLP (WASHINGTON COUNCIL ERNST & YOUNG),Ernst & Young Political Action Committee,Congressman Sam Graves,2025-06-04,2500.00
ERNST & YOUNG LLP (WASHINGTON COUNCIL ERNST & YOUNG),Ernst & Young Political Action Committee,Congressman Brett Guthrie,2025-03-04,2500.00
ERNST & YOUNG LLP (WASHINGTON COUNCIL ERNST & YOUNG),Ernst & Young Political Action Committee,Congressman Brett Guthrie,2025-05-19,2500.00
ERNST & YOUNG LLP (WASHINGTON COUNCIL ERNST & YOUNG),Ernst & Young Political Action Committee,Congressman Guy Reschenthaler,2025-05-19,2500.00
ERNST & YOUNG LLP (WASHINGTON COUNCIL ERNST & YOUNG),Ernst & Young Political Action Committee,Congresswoman Haley Stevens,2025-03-21,5000.00
ERNST & YOUNG LLP (WASHINGTON COUNCIL ERNST & YOUNG),Ernst & Young Political Action Committee,Congresswoman Haley Stevens,2025-03-21,5000.00
ERNST & YOUNG LLP (WASHINGTON COUNCIL ERNST & YOUNG),Ernst & Young Political Action Committee,Congressman Jim Himes,2025-06-04,2500.00
ERNST & YOUNG LLP (WASHINGTON COUNCIL ERNST & YOUNG),Ernst & Young Political Action Committee,Congressman Ron Wyden,2025-03-12,5000.00
ERNST & YOUNG LLP (WASHINGTON COUNCIL ERNST & YOUNG),Ernst & Young Political Action Committee,Congresswoman Erin Houchin,2025-03-21,5000.00
ERNST & YOUNG LLP (WASHINGTON COUNCIL ERNST & YOUNG),Ernst & Young Political Action Committee,Congressman Bill Huizengal,2025-03-12,5000.00
ERNST & YOUNG LLP (WASHINGTON COUNCIL ERNST & YOUNG),Ernst & Young Political Action Committee,Congressman Zach Nunn,2025-06-04,5000.00
ERNST & YOUNG LLP (WASHINGTON COUNCIL ERNST & YOUNG),Ernst & Young Political Action Committee,Congresswoman Janelle Bynum,2025-06-04,2500.00
ERNST & YOUNG LLP (WASHINGTON COUNCIL ERNST & YOUNG),Ernst & Young Political Action Committee,Congressman Jason Smith,2025-03-04,3000.00
ERNST & YOUNG LLP (WASHINGTON COUNCIL ERNST & YOUNG),Ernst & Young Political Action Committee,Congressman Hakeem Jeffries,2025-06-04,5000.00
ERNST & YOUNG LLP (WASHINGTON COUNCIL ERNST & YOUNG),Ernst & Young Political Action Committee,Congressman Hakeem Jeffries,2025-06-04,5000.00
ERNST & YOUNG LLP (WASHINGTON COUNCIL ERNST & YOUNG),Ernst & Young Political Action Committee,Congressman Josh Gottheimer,2025-03-04,3500.00
ERNST & YOUNG LLP (WASHINGTON COUNCIL ERNST & YOUNG),Ernst & Young Political Action Committee,Congressman Jim Costa,2025-03-12,2500.00
ERNST & YOUNG LLP (WASHINGTON COUNCIL ERNST & YOUNG),Ernst & Young Political Action Committee,Senator James Risch,2025-06-04,2500.00
ERNST & YOUNG LLP (WASHINGTON COUNCIL ERNST & YOUNG),Ernst & Young Political Action Committee,Congressman Jimmy Panetta,2025-03-04,3500.00
ERNST & YOUNG LLP (WASHINGTON COUNCIL ERNST & YOUNG),Ernst & Young Political Action Committee,Congressman Jimmy Panetta,2025-06-04,2000.00
ERNST & YOUNG LLP (WASHINGTON COUNCIL ERNST & YOUNG),Ernst & Young Political Action Committee,Congressman Jimmy Panetta,2025-06-04,1500.00
ERNST & YOUNG LLP (WASHINGTON COUNCIL ERNST & YOUNG),Ernst & Young Political Action Committee,Congressman Joseph Morelle,2025-05-19,2500.00
ERNST & YOUNG LLP (WASHINGTON COUNCIL ERNST & YOUNG),Ernst & Young Political Action Committee,Congressman Joe Neguse,2025-03-12,2500.00
ERNST & YOUNG LLP (WASHINGTON COUNCIL ERNST & YOUNG),Ernst & Young Political Action Committee,Congressman Joe Neguse,2025-06-04,2500.00
ERNST & YOUNG LLP (WASHINGTON COUNCIL ERNST & YOUNG),Ernst & Young Political Action Committee,Congressman Joe Neguse,2025-06-04,2500.00
ERNST & YOUNG LLP (WASHINGTON COUNCIL ERNST & YOUNG),Ernst & Young Political Action Committee,Congressman John Carter,2025-05-19,2500.00
ERNST & YOUNG LLP (WASHINGTON COUNCIL ERNST & YOUNG),Ernst & Young Political Action Committee,Congressman Johnny Olszewski,2025-06-16,2500.00
ERNST & YOUNG LLP (WASHINGTON COUNCIL ERNST & YOUNG),Ernst & Young Political Action Committee,Senator Joni Ernst,2025-04-11,2500.00
ERNST & YOUNG LLP (WASHINGTON COUNCIL ERNST & YOUNG),Ernst & Young Political Action Committee,Senator Joni Ernst,2025-04-11,2500.00
ERNST & YOUNG LLP (WASHINGTON COUNCIL ERNST & YOUNG),Ernst & Young Political Action Committee,Congresswoman Julia Letlow,2025-05-19,2000.00
ERNST & YOUNG LLP (WASHINGTON COUNCIL ERNST & YOUNG),Ernst & Young Political Action Committee,Senator Ruben Gallego,2025-04-11,5000.00
ERNST & YOUNG LLP (WASHINGTON COUNCIL ERNST & YOUNG),Ernst & Young Political Action Committee,Congresswoman Catherine Clark,2025-05-19,5000.00
ERNST & YOUNG LLP (WASHINGTON COUNCIL ERNST & YOUNG),Ernst & Young Political Action Committee,Congresswoman Catherine Clark,2025-05-19,5000.00
ERNST & YOUNG LLP (WASHINGTON COUNCIL ERNST & YOUNG),Ernst & Young Political Action Committee,Congressman Tom Kean,2025-05-19,2500.00
ERNST & YOUNG LLP (WASHINGTON COUNCIL ERNST & YOUNG),Ernst & Young Political Action Committee,Congresswoman Kristen McDonald Rivet,2025-06-16,2500.00
ERNST & YOUNG LLP (WASHINGTON COUNCIL ERNST & YOUNG),Ernst & Young Political Action Committee,Congressman David Kustoff,2025-03-24,5000.00
ERNST & YOUNG LLP (WASHINGTON COUNCIL ERNST & YOUNG),Ernst & Young Political Action Committee,Congressman Kweisi Mfume,2025-06-04,5000.00
ERNST & YOUNG LLP (WASHINGTON COUNCIL ERNST & YOUNG),Ernst & Young Political Action Committee,Congressman Darin LaHood,2025-04-11,5000.00
ERNST & YOUNG LLP (WASHINGTON COUNCIL ERNST & YOUNG),Ernst & Young Political Action Committee,Congressman Darin LaHood,2025-05-19,2500.00
ERNST & YOUNG LLP (WASHINGTON COUNCIL ERNST & YOUNG),Ernst & Young Political Action Committee,Congressman Nick LaLota,2025-03-04,1000.00
ERNST & YOUNG LLP (WASHINGTON COUNCIL ERNST & YOUNG),Ernst & Young Political Action Committee,Congressman Mike Lawler,2025-03-12,5000.00
ERNST & YOUNG LLP (WASHINGTON COUNCIL ERNST & YOUNG),Ernst & Young Political Action Committee,Congressman Sam Liccardo,2025-03-04,5000.00
ERNST & YOUNG LLP (WASHINGTON COUNCIL ERNST & YOUNG),Ernst & Young Political Action Committee,Congressman Sam Liccardo,2025-05-19,2500.00
ERNST & YOUNG LLP (WASHINGTON COUNCIL ERNST & YOUNG),Ernst & Young Political Action Committee,Congresswoman Lisa McClain,2025-05-19,2000.00
ERNST & YOUNG LLP (WASHINGTON COUNCIL ERNST & YOUNG),Ernst & Young Political Action Committee,Senator Lisa Murkowski,2025-05-19,2500.00
ERNST & YOUNG LLP (WASHINGTON COUNCIL ERNST & YOUNG),Ernst & Young Political Action Committee,Congresswoman Zoe Lofgren,2025-03-12,5000.00
ERNST & YOUNG LLP (WASHINGTON COUNCIL ERNST & YOUNG),Ernst & Young Political Action Committee,Congressman Lou Correa,2025-03-12,2500.00
ERNST & YOUNG LLP (WASHINGTON COUNCIL ERNST & YOUNG),Ernst & Young Political Action Committee,Congressman Barry Loudermilk,2025-03-04,2500.00
ERNST & YOUNG LLP (WASHINGTON COUNCIL ERNST & YOUNG),Ernst & Young Political Action Committee,Congresswoman Madeleine Dean,2025-03-04,2500.00
ERNST & YOUNG LLP (WASHINGTON COUNCIL ERNST & YOUNG),Ernst & Young Political Action Committee,Congressman Richard Neal,2025-06-04,5000.00
ERNST & YOUNG LLP (WASHINGTON COUNCIL ERNST & YOUNG),Ernst & Young Political Action Committee,Senator Angus King,2025-03-12,2500.00
ERNST & YOUNG LLP (WASHINGTON COUNCIL ERNST & YOUNG),Ernst & Young Political Action Committee,Congresswoman Madeleine Dean,2025-06-24,5000.00
ERNST & YOUNG LLP (WASHINGTON COUNCIL ERNST & YOUNG),Ernst & Young Political Action Committee,Congressman Marc Veasey,2025-04-11,2500.00
ERNST & YOUNG LLP (WASHINGTON COUNCIL ERNST & YOUNG),Ernst & Young Political Action Committee,Congressman Mario Diaz-Balart,2025-01-13,-2500.00
ERNST & YOUNG LLP (WASHINGTON COUNCIL ERNST & YOUNG),Ernst & Young Political Action Committee,Congresswoman Sarah McBride,2025-06-04,2500.00
ERNST & YOUNG LLP (WASHINGTON COUNCIL ERNST & YOUNG),Ernst & Young Political Action Committee,Congressman Addison McDowell,2025-03-12,2500.00
ERNST & YOUNG LLP (WASHINGTON COUNCIL ERNST & YOUNG),Ernst & Young Political Action Committee,Congressman Addison McDowell,2025-03-25,2500.00
ERNST & YOUNG LLP (WASHINGTON COUNCIL ERNST & YOUNG),Ernst & Young Political Action Committee,Congressman Addison McDowell,2025-04-09,-2500.00
ERNST & YOUNG LLP (WASHINGTON COUNCIL ERNST & YOUNG),Ernst & Young Political Action Committee,Congressman Addison McDowell,2025-05-19,2500.00
ERNST & YOUNG LLP (WASHINGTON COUNCIL ERNST & YOUNG),Ernst & Young Political Action Committee,Congressman Dan Meuser,2025-03-04,2500.00
ERNST & YOUNG LLP (WASHINGTON COUNCIL ERNST & YOUNG),Ernst & Young Political Action Committee,Congressman Dan Meuser,2025-03-21,2500.00
ERNST & YOUNG LLP (WASHINGTON COUNCIL ERNST & YOUNG),Ernst & Young Political Action Committee,Congressman Dan Meuser,2025-03-21,2500.00
ERNST & YOUNG LLP (WASHINGTON COUNCIL ERNST & YOUNG),Ernst & Young Political Action Committee,Congressman Michael Haridopolos,2025-04-11,5000.00
ERNST & YOUNG LLP (WASHINGTON COUNCIL ERNST & YOUNG),Ernst & Young Political Action Committee,Congressman Mike Johnson,2025-06-04,5000.00
ERNST & YOUNG LLP (WASHINGTON COUNCIL ERNST & YOUNG),Ernst & Young Political Action Committee,Congressman Mike Johnson,2025-06-04,5000.00
ERNST & YOUNG LLP (WASHINGTON COUNCIL ERNST & YOUNG),Ernst & Young Political Action Committee,Congressman Mike Kelly,2025-06-16,2500.00
ERNST & YOUNG LLP (WASHINGTON COUNCIL ERNST & YOUNG),Ernst & Young Political Action Committee,ModSquad,2025-04-11,5000.00
ERNST & YOUNG LLP (WASHINGTON COUNCIL ERNST & YOUNG),Ernst & Young Political Action Committee,Senator Ashley Moody,2025-06-04,3000.00
ERNST & YOUNG LLP (WASHINGTON COUNCIL ERNST & YOUNG),Ernst & Young Political Action Committee,Congressman John Moolenaar,2025-03-21,2500.00
ERNST & YOUNG LLP (WASHINGTON COUNCIL ERNST & YOUNG),Ernst & Young Political Action Committee,Congresswoman Gwen Moore,2025-04-29,2500.00
ERNST & YOUNG LLP (WASHINGTON COUNCIL ERNST & YOUNG),Ernst & Young Political Action Committee,Congressman Nathaniel Moran,2025-06-04,2500.00
ERNST & YOUNG LLP (WASHINGTON COUNCIL ERNST & YOUNG),Ernst & Young Political Action Committee,Congressman Steven Horsford,2025-03-04,2500.00
ERNST & YOUNG LLP (WASHINGTON COUNCIL ERNST & YOUNG),Ernst & Young Political Action Committee,Congressman Steven Horsford,2025-06-04,2500.00
ERNST & YOUNG LLP (WASHINGTON COUNCIL ERNST & YOUNG),Ernst & Young Political Action Committee,Congressman Steven Horsford,2025-06-04,2500.00
ERNST & YOUNG LLP (WASHINGTON COUNCIL ERNST & YOUNG),Ernst & Young Political Action Committee,Congresswoman Nicole Malliotakis,2025-06-04,2500.00
ERNST & YOUNG LLP (WASHINGTON COUNCIL ERNST & YOUNG),Ernst & Young Political Action Committee,Congresswoman Nikema Williams,2025-03-04,2500.00
ERNST & YOUNG LLP (WASHINGTON COUNCIL ERNST & YOUNG),Ernst & Young Political Action Committee,Congressman Pete Aguilar,2025-05-19,5000.00
ERNST & YOUNG LLP (WASHINGTON COUNCIL ERNST & YOUNG),Ernst & Young Political Action Committee,Congressman Pete Sessions,2025-06-16,5000.00
ERNST & YOUNG LLP (WASHINGTON COUNCIL ERNST & YOUNG),Ernst & Young Political Action Committee,Congressman Mike Quigley,2025-06-04,2500.00
ERNST & YOUNG LLP (WASHINGTON COUNCIL ERNST & YOUNG),Ernst & Young Political Action Committee,RG2/Tuesday Group,2025-03-12,5000.00
ERNST & YOUNG LLP (WASHINGTON COUNCIL ERNST & YOUNG),Ernst & Young Political Action Committee,Congressman Richard Neal,2025-03-04,2500.00
ERNST & YOUNG LLP (WASHINGTON COUNCIL ERNST & YOUNG),Ernst & Young Political Action Committee,Congressman Richard Neal,2025-05-19,2500.00
ERNST & YOUNG LLP (WASHINGTON COUNCIL ERNST & YOUNG),Ernst & Young Political Action Committee,Congressman Richard Neal,2025-05-19,2500.00
ERNST & YOUNG LLP (WASHINGTON COUNCIL ERNST & YOUNG),Ernst & Young Political Action Committee,Congressman Rob Wittman,2025-03-21,5000.00
ERNST & YOUNG LLP (WASHINGTON COUNCIL ERNST & YOUNG),Ernst & Young Political Action Committee,Congresswoman Robin Kelly,2025-03-12,1500.00
ERNST & YOUNG LLP (WASHINGTON COUNCIL ERNST & YOUNG),Ernst & Young Political Action Committee,Congresswoman Robin Kelly,2025-04-30,3500.00
ERNST & YOUNG LLP (WASHINGTON COUNCIL ERNST & YOUNG),Ernst & Young Political Action Committee,Congressman Rogers Williams,2025-06-04,3000.00
ERNST & YOUNG LLP (WASHINGTON COUNCIL ERNST & YOUNG),Ernst & Young Political Action Committee,Congressman Rudy Yakym,2025-04-11,2500.00
ERNST & YOUNG LLP (WASHINGTON COUNCIL ERNST & YOUNG),Ernst & Young Political Action Committee,Congressman Rudy Yakym,2025-06-04,2500.00
ERNST & YOUNG LLP (WASHINGTON COUNCIL ERNST & YOUNG),Ernst & Young Political Action Committee,Congressman Michael Rulli,2025-03-12,1000.00
ERNST & YOUNG LLP (WASHINGTON COUNCIL ERNST & YOUNG),Ernst & Young Political Action Committee,Congresswoman Maria Salazar,2025-03-12,2000.00
ERNST & YOUNG LLP (WASHINGTON COUNCIL ERNST & YOUNG),Ernst & Young Political Action Committee,Congresswoman Mary Scanlon,2025-06-04,2500.00
ERNST & YOUNG LLP (WASHINGTON COUNCIL ERNST & YOUNG),Ernst & Young Political Action Committee,Congressman Brad Schneider,2025-03-04,3500.00
ERNST & YOUNG LLP (WASHINGTON COUNCIL ERNST & YOUNG),Ernst & Young Political Action Committee,Congressman Brad Schneider,2025-05-19,1500.00
ERNST & YOUNG LLP (WASHINGTON COUNCIL ERNST & YOUNG),Ernst & Young Political Action Committee,Congressman Brad Schneider,2025-05-19,3500.00
ERNST & YOUNG LLP (WASHINGTON COUNCIL ERNST & YOUNG),Ernst & Young Political Action Committee,Congressman Scott Fitzgerald,2025-03-12,5000.00
ERNST & YOUNG LLP (WASHINGTON COUNCIL ERNST & YOUNG),Ernst & Young Political Action Committee,Congressman Brad Sherman,2025-04-11,2000.00
ERNST & YOUNG LLP (WASHINGTON COUNCIL ERNST & YOUNG),Ernst & Young Political Action Committee,Congressman Brad Sherman,2025-05-19,3000.00
ERNST & YOUNG LLP (WASHINGTON COUNCIL ERNST & YOUNG),Ernst & Young Political Action Committee,Congressman John Curtis,2025-06-27,5000.00
ERNST & YOUNG LLP (WASHINGTON COUNCIL ERNST & YOUNG),Ernst & Young Political Action Committee,Congressman Bryan Steil,2025-03-12,2000.00
ERNST & YOUNG LLP (WASHINGTON COUNCIL ERNST & YOUNG),Ernst & Young Political Action Committee,Congressman Bryan Steil,2025-06-04,3000.00
ERNST & YOUNG LLP (WASHINGTON COUNCIL ERNST & YOUNG),Ernst & Young Political Action Committee,Congressman Bryan Steil,2025-06-04,2000.00
ERNST & YOUNG LLP (WASHINGTON COUNCIL ERNST & YOUNG),Ernst & Young Political Action Committee,Congressman Stephen Lynch,2025-03-04,2500.00
ERNST & YOUNG LLP (WASHINGTON COUNCIL ERNST & YOUNG),Ernst & Young Political Action Committee,Senator Steve Daines,2025-06-16,2500.00
ERNST & YOUNG LLP (WASHINGTON COUNCIL ERNST & YOUNG),Ernst & Young Political Action Committee,Congresswoman Marilyn Strickland,2025-03-12,2500.00
ERNST & YOUNG LLP (WASHINGTON COUNCIL ERNST & YOUNG),Ernst & Young Political Action Committee,Congresswoman Marilyn Strickland,2025-06-04,2500.00
ERNST & YOUNG LLP (WASHINGTON COUNCIL ERNST & YOUNG),Ernst & Young Political Action Committee,Congresswoman Marilyn Strickland,2025-05-19,2500.00
ERNST & YOUNG LLP (WASHINGTON COUNCIL ERNST & YOUNG),Ernst & Young Political Action Committee,Congressman Marlin Stutzman,2025-06-04,2500.00
ERNST & YOUNG LLP (WASHINGTON COUNCIL ERNST & YOUNG),Ernst & Young Political Action Committee,Congressman Thomas Suozzi,2025-03-14,2500.00
ERNST & YOUNG LLP (WASHINGTON COUNCIL ERNST & YOUNG),Ernst & Young Political Action Committee,Congressman Thomas Suozzi,2025-06-04,500.00
ERNST & YOUNG LLP (WASHINGTON COUNCIL ERNST & YOUNG),Ernst & Young Political Action Committee,Congressman Thomas Suozzi,2025-06-04,2500.00
ERNST & YOUNG LLP (WASHINGTON COUNCIL ERNST & YOUNG),Ernst & Young Political Action Committee,Congresswoman Sylvia Garcia,2025-05-19,2500.00
ERNST & YOUNG LLP (WASHINGTON COUNCIL ERNST & YOUNG),Ernst & Young Political Action Committee,Congressman Brian Fitzpatrick,2025-06-16,5000.00
ERNST & YOUNG LLP (WASHINGTON COUNCIL ERNST & YOUNG),Ernst & Young Political Action Committee,Senator Bill Hagerty,2025-03-04,2500.00
ERNST & YOUNG LLP (WASHINGTON COUNCIL ERNST & YOUNG),Ernst & Young Political Action Committee,Senator Bill Hagerty,2025-05-30,-2500.00
ERNST & YOUNG LLP (WASHINGTON COUNCIL ERNST & YOUNG),Ernst & Young Political Action Committee,Senator Bill Hagerty,2025-06-04,1000.00
ERNST & YOUNG LLP (WASHINGTON COUNCIL ERNST & YOUNG),Ernst & Young Political Action Committee,Senator Bill Hagerty,2025-06-04,2500.00
ERNST & YOUNG LLP (WASHINGTON COUNCIL ERNST & YOUNG),Ernst & Young Political Action Committee,Congressman Patrick Harrigan,2025-03-12,1500.00
ERNST & YOUNG LLP (WASHINGTON COUNCIL ERNST & YOUNG),Ernst & Young Political Action Committee,Congressman Patrick Harrigan,2025-06-16,3500.00
ERNST & YOUNG LLP (WASHINGTON COUNCIL ERNST & YOUNG),Ernst & Young Political Action Committee,Senator Jack Reed,2025-03-12,2500.00
ERNST & YOUNG LLP (WASHINGTON COUNCIL ERNST & YOUNG),Ernst & Young Political Action Committee,Senator Thom Tillis,2025-06-04,2500.00
ERNST & YOUNG LLP (WASHINGTON COUNCIL ERNST & YOUNG),Ernst & Young Political Action Committee,Senator Thom Tillis,2025-06-04,5000.00
ERNST & YOUNG LLP (WASHINGTON COUNCIL ERNST & YOUNG),Ernst & Young Political Action Committee,Congressman Ritchie Torres,2025-01-13,-2500.00
ERNST & YOUNG LLP (WASHINGTON COUNCIL ERNST & YOUNG),Ernst & Young Political Action Committee,Congressman Troy Carter,2025-06-16,2500.00
ERNST & YOUNG LLP (WASHINGTON COUNCIL ERNST & YOUNG),Ernst & Young Political Action Committee,Congressman Troy Downing,2025-06-04,3000.00
ERNST & YOUNG LLP (WASHINGTON COUNCIL ERNST & YOUNG),Ernst & Young Political Action Committee,Congressman Troy Downing,2025-06-27,3000.00
ERNST & YOUNG LLP (WASHINGTON COUNCIL ERNST & YOUNG),Ernst & Young Political Action Committee,Congressman Troy Downing,2025-06-27,-3000.00
ERNST & YOUNG LLP (WASHINGTON COUNCIL ERNST & YOUNG),Ernst & Young Political Action Committee,Congressman David Valadao,2025-01-13,-2500.00
ERNST & YOUNG LLP (WASHINGTON COUNCIL ERNST & YOUNG),Ernst & Young Political Action Committee,Congressman Juan Vargas,2025-04-11,2500.00
ERNST & YOUNG LLP (WASHINGTON COUNCIL ERNST & YOUNG),Ernst & Young Political Action Committee,Senator Tina Smith,2025-06-04,5000.00
ERNST & YOUNG LLP (WASHINGTON COUNCIL ERNST & YOUNG),Ernst & Young Political Action Committee,Congressman Vern Buchanan,2025-06-04,5000.00
ERNST & YOUNG LLP (WASHINGTON COUNCIL ERNST & YOUNG),Ernst & Young Political Action Committee,Congressman Vicente Gonzalez,2025-03-12,2500.00
ERNST & YOUNG LLP (WASHINGTON COUNCIL ERNST & YOUNG),Ernst & Young Political Action Committee,ViewPAC,2025-04-29,5000.00
ERNST & YOUNG LLP (WASHINGTON COUNCIL ERNST & YOUNG),Ernst & Young Political Action Committee,Congresswoman Stacey Plaskett,2025-06-04,2500.00
ERNST & YOUNG LLP (WASHINGTON COUNCIL ERNST & YOUNG),Ernst & Young Political Action Committee,Congressman Michael Baumgartner,2025-06-24,1500.00
ERNST & YOUNG LLP (WASHINGTON COUNCIL ERNST & YOUNG),Ernst & Young Political Action Committee,Congressman William Timmons,2025-04-29,2500.00
ERNST & YOUNG LLP (WASHINGTON COUNCIL ERNST & YOUNG),Ernst & Young Political Action Committee,Congressman Steve Womack,2025-03-21,5000.00
ERNST & YOUNG LLP (WASHINGTON COUNCIL ERNST & YOUNG),Ernst & Young Political Action Committee,Wonder Woman PAC,2025-04-29,5000.00
ERNST & YOUNG LLP (WASHINGTON COUNCIL ERNST & YOUNG),Ernst & Young Political Action Committee,Congresswoman Young Kim,2025-06-16,5000.00
ERNST & YOUNG LLP (WASHINGTON COUNCIL ERNST & YOUNG),Ernst & Young Political Action Committee,Congressman Aaron Bean,2025-03-14,2500.00
ERNST & YOUNG LLP (WASHINGTON COUNCIL ERNST & YOUNG),Ernst & Young Political Action Committee,Congressman Aaron Bean,2025-06-24,2500.00
ERNST & YOUNG LLP (WASHINGTON COUNCIL ERNST & YOUNG),Ernst & Young Political Action Committee,Senator Katie Britt,2025-06-16,2500.00
ERNST & YOUNG LLP (WASHINGTON COUNCIL ERNST & YOUNG),Ernst & Young Political Action Committee,Congressman Mike Johnson,2025-06-04,5000.00
ERNST & YOUNG LLP (WASHINGTON COUNCIL ERNST & YOUNG),Ernst & Young Political Action Committee,Congresman Andre Carson,2025-06-04,2500.00
ERNST & YOUNG LLP (WASHINGTON COUNCIL ERNST & YOUNG),Ernst & Young Political Action Committee,Congressman Andy Barr,2025-03-04,2500.00
ERNST & YOUNG LLP (WASHINGTON COUNCIL ERNST & YOUNG),Ernst & Young Political Action Committee,Congressman Andy Barr,2025-03-12,2500.00
ERNST & YOUNG LLP (WASHINGTON COUNCIL ERNST & YOUNG),Ernst & Young Political Action Committee,Congressman Andy Barr,2025-03-12,2500.00
ERNST & YOUNG LLP (WASHINGTON COUNCIL ERNST & YOUNG),Ernst & Young Political Action Committee,Congresswoman April McClain Delaney,2025-06-04,2500.00
ERNST & YOUNG LLP (WASHINGTON COUNCIL ERNST & YOUNG),Ernst & Young Political Action Committee,Congresswoman Ashley Hinson,2025-03-21,5000.00
ERNST & YOUNG LLP (WASHINGTON COUNCIL ERNST & YOUNG),Ernst & Young Political Action Committee,Congressman Austin Scott,2025-06-04,2500.00
ERNST & YOUNG LLP (WASHINGTON COUNCIL ERNST & YOUNG),Ernst & Young Political Action Committee,Congresswoman Joyce Beatty,2025-03-12,2500.00
ERNST & YOUNG LLP (WASHINGTON COUNCIL ERNST & YOUNG),Ernst & Young Political Action Committee,Congressman Jack Bergman,2025-04-11,2500.00
ERNST & YOUNG LLP (WASHINGTON COUNCIL ERNST & YOUNG),Ernst & Young Political Action Committee,Congressman Bill Foster,2025-05-19,3000.00
ERNST & YOUNG LLP (WASHINGTON COUNCIL ERNST & YOUNG),Ernst & Young Political Action Committee,Blue Dog PAC,2025-04-29,5000.00
ERNST & YOUNG LLP (WASHINGTON COUNCIL ERNST & YOUNG),Ernst & Young Political Action Committee,BOLD PAC,2025-04-29,5000.00
ERNST & YOUNG LLP (WASHINGTON COUNCIL ERNST & YOUNG),Ernst & Young Political Action Committee,Congresswoman Suzanne Bonamici,2025-03-12,1000.00
ERNST & YOUNG LLP (WASHINGTON COUNCIL ERNST & YOUNG),Ernst & Young Political Action Committee,Congressman Brian Fitzpatrick,2025-03-12,2500.00
ERNST & YOUNG LLP (WASHINGTON COUNCIL ERNST & YOUNG),Ernst & Young Political Action Committee,Congressman Brian Jack,2025-06-04,2500.00
ERNST & YOUNG LLP (WASHINGTON COUNCIL ERNST & YOUNG),Ernst & Young Political Action Committee,Senator Ted Budd,2025-03-04,5000.00
ERNST & YOUNG LLP (WASHINGTON COUNCIL ERNST & YOUNG),Ernst & Young Political Action Committee,Congressman Mike Carey,2025-03-12,2500.00
ERNST & YOUNG LLP (WASHINGTON COUNCIL ERNST & YOUNG),Ernst & Young Political Action Committee,Congressman Mike Carey,2025-04-11,2500.00
ERNST & YOUNG LLP (WASHINGTON COUNCIL ERNST & YOUNG),Ernst & Young Political Action Committee,Congressman Mike Carey,2025-06-04,2500.00
ERNST & YOUNG LLP (WASHINGTON COUNCIL ERNST & YOUNG),Ernst & Young Political Action Committee,Congressman Carlos Gimenez,2025-06-24,1000.00
ERNST & YOUNG LLP (WASHINGTON COUNCIL ERNST & YOUNG),Ernst & Young Political Action Committee,Congresswoman Carol Miller,2025-05-19,1000.00
ERNST & YOUNG LLP (WASHINGTON COUNCIL ERNST & YOUNG),Ernst & Young Political Action Committee,Congressman Ed Case,2025-05-19,2500.00
ERNST & YOUNG LLP (WASHINGTON COUNCIL ERNST & YOUNG),Ernst & Young Political Action Committee,Congressman Sean Casten,2025-06-16,5000.00
ERNST & YOUNG LLP (WASHINGTON COUNCIL ERNST & YOUNG),Ernst & Young Political Action Committee,Congresswoman Chrissy Houlahan,2025-05-19,1000.00
ERNST & YOUNG LLP (WASHINGTON COUNCIL ERNST & YOUNG),Ernst & Young Political Action Committee,Congressman Gilbert Cisneros,2025-03-12,2500.00
ERNST & YOUNG LLP (WASHINGTON COUNCIL ERNST & YOUNG),Ernst & Young Political Action Committee,Congressman Emanuel Cleaver,2025-06-04,3000.00
ERNST & YOUNG LLP (WASHINGTON COUNCIL ERNST & YOUNG),Ernst & Young Political Action Committee,Congressman Cliff Bentz,2025-03-12,2500.00
ERNST & YOUNG LLP (WASHINGTON COUNCIL ERNST & YOUNG),Ernst & Young Political Action Committee,Congressman Tom Cole,2025-03-12,2500.00
ERNST & YOUNG LLP (WASHINGTON COUNCIL ERNST & YOUNG),Ernst & Young Political Action Committee,Congressman David Schweikert,2025-03-04,2500.00
ERNST & YOUNG LLP (WASHINGTON COUNCIL ERNST & YOUNG),Ernst & Young Political Action Committee,Congressman David Schweikert,2025-05-30,-2500.00
ERNST & YOUNG LLP (WASHINGTON COUNCIL ERNST & YOUNG),Ernst & Young Political Action Committee,Congressman David Schweikert,2025-06-04,2500.00
ERNST & YOUNG LLP (WASHINGTON COUNCIL ERNST & YOUNG),Ernst & Young Political Action Committee,Congressman Warren Davidson,2025-06-24,5000.00
ERNST & YOUNG LLP (WASHINGTON COUNCIL ERNST & YOUNG),Ernst & Young Political Action Committee,Congresswoman Suzann DelBene,2025-05-19,2500.00
ERNST & YOUNG LLP (WASHINGTON COUNCIL ERNST & YOUNG),Ernst & Young Political Action Committee,Congresswoman Suzann DelBene,2025-06-04,2500.00
ERNST & YOUNG LLP (WASHINGTON COUNCIL ERNST & YOUNG),Ernst & Young Political Action Committee,Congresswoman Suzann DelBene,2025-06-04,500.00
ERNST & YOUNG LLP (WASHINGTON COUNCIL ERNST & YOUNG),Ernst & Young Political Action Committee,Congressman Randy Feenstra,2025-06-04,5000.00
ERNST & YOUNG LLP (WASHINGTON COUNCIL ERNST & YOUNG),Ernst & Young Political Action Committee,Congressman Dwight Evans,2025-04-11,2500.00
ERNST & YOUNG LLP (WASHINGTON COUNCIL ERNST & YOUNG),Ernst & Young Political Action Committee,Congresswoman Sarah Elfreth,2025-06-16,2500.00
ERNST & YOUNG LLP (WASHINGTON COUNCIL ERNST & YOUNG),Ernst & Young Political Action Committee,Congresswoman Lizzie Fletcher,2025-04-11,2500.00
ERNST & YOUNG LLP (WASHINGTON COUNCIL ERNST & YOUNG),Ernst & Young Political Action Committee,Equality PAC,2025-04-29,5000.00
ERNST & YOUNG LLP (WASHINGTON COUNCIL ERNST & YOUNG),Ernst & Young Political Action Committee,Congresswoman Young Kim,2025-03-04,5000.00
ERNST & YOUNG LLP (WASHINGTON COUNCIL ERNST & YOUNG),Ernst & Young Political Action Committee,Congressman French Hill,2025-03-12,1500.00
ERNST & YOUNG LLP (WASHINGTON COUNCIL ERNST & YOUNG),Ernst & Young Political Action Committee,Congressman French Hill,2025-05-19,2500.00
ERNST & YOUNG LLP (WASHINGTON COUNCIL ERNST & YOUNG),Ernst & Young Political Action Committee,Congressman French Hill,2025-06-04,1000.00
ERNST & YOUNG LLP (WASHINGTON COUNCIL ERNST & YOUNG),Ernst & Young Political Action Committee,Congressman French Hill,2025-06-04,4000.00
ERNST & YOUNG LLP (WASHINGTON COUNCIL ERNST & YOUNG),Ernst & Young Political Action Committee,Congressman Gregory Meeks,2025-06-04,5000.00
ERNST & YOUNG LLP (WASHINGTON COUNCIL ERNST & YOUNG),Ernst & Young Political Action Committee,Congressman Dave Joyce,2025-06-04,5000.00
ERNST & YOUNG LLP (WASHINGTON COUNCIL ERNST & YOUNG),Ernst & Young Political Action Committee,Congressman Don Beyer,2025-03-12,2500.00
ERNST & YOUNG LLP (WASHINGTON COUNCIL ERNST & YOUNG),Ernst & Young Political Action Committee,Congressman Dusty Johnson,2025-03-12,2500.00
ERNST & YOUNG LLP (WASHINGTON COUNCIL ERNST & YOUNG),Ernst & Young Political Action Committee,Senator Mark Warner,2025-03-04,2500.00
ERNST & YOUNG LLP (WASHINGTON COUNCIL ERNST & YOUNG),Ernst & Young Political Action Committee,Senator Mark Warner,2025-04-11,2500.00
ERNST & YOUNG LLP (WASHINGTON COUNCIL ERNST & YOUNG),Ernst & Young Political Action Committee,Congressman Raja Krishnamoorthi,2025-03-12,2000.00
ERNST & YOUNG LLP (WASHINGTON COUNCIL ERNST & YOUNG),Ernst & Young Political Action Committee,Congressman Tim Moore,2025-04-11,5000.00
ERNST & YOUNG LLP (WASHINGTON COUNCIL ERNST & YOUNG),Ernst & Young Political Action Committee,Congressman Russell Fry,2025-03-12,2500.00
ERNST & YOUNG LLP (WASHINGTON COUNCIL ERNST & YOUNG),Ernst & Young Political Action Committee,Senator Ruben Gallego,2025-05-19,1000.00
ERNST & YOUNG LLP (WASHINGTON COUNCIL ERNST & YOUNG),Ernst & Young Political Action Committee,Congressman Andrew Garbarino,2025-05-19,3000.00
ERNST & YOUNG LLP (WASHINGTON COUNCIL ERNST & YOUNG),Ernst & Young Political Action Committee,Congressman Jimmy Gomez,2025-04-11,2500.00
ERNST & YOUNG LLP (WASHINGTON COUNCIL ERNST & YOUNG),Ernst & Young Political Action Committee,Senator Maggie Hassan,2025-06-04,5000.00
ERNST & YOUNG LLP (WASHINGTON COUNCIL ERNST & YOUNG),Ernst & Young Political Action Committee,Congressman Sam Graves,2025-06-04,2500.00
ERNST & YOUNG LLP (WASHINGTON COUNCIL ERNST & YOUNG),Ernst & Young Political Action Committee,Congressman Brett Guthrie,2025-03-04,2500.00
ERNST & YOUNG LLP (WASHINGTON COUNCIL ERNST & YOUNG),Ernst & Young Political Action Committee,Congressman Brett Guthrie,2025-05-19,2500.00
ERNST & YOUNG LLP (WASHINGTON COUNCIL ERNST & YOUNG),Ernst & Young Political Action Committee,Congressman Guy Reschenthaler,2025-05-19,2500.00
ERNST & YOUNG LLP (WASHINGTON COUNCIL ERNST & YOUNG),Ernst & Young Political Action Committee,Congresswoman Haley Stevens,2025-03-21,5000.00
ERNST & YOUNG LLP (WASHINGTON COUNCIL ERNST & YOUNG),Ernst & Young Political Action Committee,Congresswoman Haley Stevens,2025-03-21,5000.00
ERNST & YOUNG LLP (WASHINGTON COUNCIL ERNST & YOUNG),Ernst & Young Political Action Committee,Congressman Jim Himes,2025-06-04,2500.00
ERNST & YOUNG LLP (WASHINGTON COUNCIL ERNST & YOUNG),Ernst & Young Political Action Committee,Congressman Ron Wyden,2025-03-12,5000.00
ERNST & YOUNG LLP (WASHINGTON COUNCIL ERNST & YOUNG),Ernst & Young Political Action Committee,Congresswoman Erin Houchin,2025-03-21,5000.00
ERNST & YOUNG LLP (WASHINGTON COUNCIL ERNST & YOUNG),Ernst & Young Political Action Committee,Congressman Bill Huizengal,2025-03-12,5000.00
ERNST & YOUNG LLP (WASHINGTON COUNCIL ERNST & YOUNG),Ernst & Young Political Action Committee,Congressman Zach Nunn,2025-06-04,5000.00
ERNST & YOUNG LLP (WASHINGTON COUNCIL ERNST & YOUNG),Ernst & Young Political Action Committee,Congresswoman Janelle Bynum,2025-06-04,2500.00
ERNST & YOUNG LLP (WASHINGTON COUNCIL ERNST & YOUNG),Ernst & Young Political Action Committee,Congressman Jason Smith,2025-03-04,3000.00
ERNST & YOUNG LLP (WASHINGTON COUNCIL ERNST & YOUNG),Ernst & Young Political Action Committee,Congressman Hakeem Jeffries,2025-06-04,5000.00
ERNST & YOUNG LLP (WASHINGTON COUNCIL ERNST & YOUNG),Ernst & Young Political Action Committee,Congressman Hakeem Jeffries,2025-06-04,5000.00
ERNST & YOUNG LLP (WASHINGTON COUNCIL ERNST & YOUNG),Ernst & Young Political Action Committee,Congressman Josh Gottheimer,2025-03-04,3500.00
ERNST & YOUNG LLP (WASHINGTON COUNCIL ERNST & YOUNG),Ernst & Young Political Action Committee,Congressman Jim Costa,2025-03-12,2500.00
ERNST & YOUNG LLP (WASHINGTON COUNCIL ERNST & YOUNG),Ernst & Young Political Action Committee,Senator James Risch,2025-06-04,2500.00
ERNST & YOUNG LLP (WASHINGTON COUNCIL ERNST & YOUNG),Ernst & Young Political Action Committee,Congressman Jimmy Panetta,2025-03-04,3500.00
ERNST & YOUNG LLP (WASHINGTON COUNCIL ERNST & YOUNG),Ernst & Young Political Action Committee,Congressman Jimmy Panetta,2025-06-04,2000.00
ERNST & YOUNG LLP (WASHINGTON COUNCIL ERNST & YOUNG),Ernst & Young Political Action Committee,Congressman Jimmy Panetta,2025-06-04,1500.00
ERNST & YOUNG LLP (WASHINGTON COUNCIL ERNST & YOUNG),Ernst & Young Political Action Committee,Congressman Joseph Morelle,2025-05-19,2500.00
ERNST & YOUNG LLP (WASHINGTON COUNCIL ERNST & YOUNG),Ernst & Young Political Action Committee,Congressman Joe Neguse,2025-03-12,2500.00
ERNST & YOUNG LLP (WASHINGTON COUNCIL ERNST & YOUNG),Ernst & Young Political Action Committee,Congressman Joe Neguse,2025-06-04,2500.00
ERNST & YOUNG LLP (WASHINGTON COUNCIL ERNST & YOUNG),Ernst & Young Political Action Committee,Congressman Joe Neguse,2025-06-04,2500.00
ERNST & YOUNG LLP (WASHINGTON COUNCIL ERNST & YOUNG),Ernst & Young Political Action Committee,Congressman John Carter,2025-05-19,2500.00
ERNST & YOUNG LLP (WASHINGTON COUNCIL ERNST & YOUNG),Ernst & Young Political Action Committee,Congressman Johnny Olszewski,2025-06-16,2500.00
ERNST & YOUNG LLP (WASHINGTON COUNCIL ERNST & YOUNG),Ernst & Young Political Action Committee,Senator Joni Ernst,2025-04-11,2500.00
ERNST & YOUNG LLP (WASHINGTON COUNCIL ERNST & YOUNG),Ernst & Young Political Action Committee,Senator Joni Ernst,2025-04-11,2500.00
ERNST & YOUNG LLP (WASHINGTON COUNCIL ERNST & YOUNG),Ernst & Young Political Action Committee,Congresswoman Julia Letlow,2025-05-19,2000.00
ERNST & YOUNG LLP (WASHINGTON COUNCIL ERNST & YOUNG),Ernst & Young Political Action Committee,Senator Ruben Gallego,2025-04-11,5000.00
ERNST & YOUNG LLP (WASHINGTON COUNCIL ERNST & YOUNG),Ernst & Young Political Action Committee,Congresswoman Catherine Clark,2025-05-19,5000.00
ERNST & YOUNG LLP (WASHINGTON COUNCIL ERNST & YOUNG),Ernst & Young Political Action Committee,Congresswoman Catherine Clark,2025-05-19,5000.00
ERNST & YOUNG LLP (WASHINGTON COUNCIL ERNST & YOUNG),Ernst & Young Political Action Committee,Congressman Tom Kean,2025-05-19,2500.00
ERNST & YOUNG LLP (WASHINGTON COUNCIL ERNST & YOUNG),Ernst & Young Political Action Committee,Congresswoman Kristen McDonald Rivet,2025-06-16,2500.00
ERNST & YOUNG LLP (WASHINGTON COUNCIL ERNST & YOUNG),Ernst & Young Political Action Committee,Congressman David Kustoff,2025-03-24,5000.00
ERNST & YOUNG LLP (WASHINGTON COUNCIL ERNST & YOUNG),Ernst & Young Political Action Committee,Congressman Kweisi Mfume,2025-06-04,5000.00
ERNST & YOUNG LLP (WASHINGTON COUNCIL ERNST & YOUNG),Ernst & Young Political Action Committee,Congressman Darin LaHood,2025-04-11,5000.00
ERNST & YOUNG LLP (WASHINGTON COUNCIL ERNST & YOUNG),Ernst & Young Political Action Committee,Congressman Darin LaHood,2025-05-19,2500.00
ERNST & YOUNG LLP (WASHINGTON COUNCIL ERNST & YOUNG),Ernst & Young Political Action Committee,Congressman Nick LaLota,2025-03-04,1000.00
ERNST & YOUNG LLP (WASHINGTON COUNCIL ERNST & YOUNG),Ernst & Young Political Action Committee,Congressman Mike Lawler,2025-03-12,5000.00
ERNST & YOUNG LLP (WASHINGTON COUNCIL ERNST & YOUNG),Ernst & Young Political Action Committee,Congressman Sam Liccardo,2025-03-04,5000.00
ERNST & YOUNG LLP (WASHINGTON COUNCIL ERNST & YOUNG),Ernst & Young Political Action Committee,Congressman Sam Liccardo,2025-05-19,2500.00
ERNST & YOUNG LLP (WASHINGTON COUNCIL ERNST & YOUNG),Ernst & Young Political Action Committee,Congresswoman Lisa McClain,2025-05-19,2000.00
ERNST & YOUNG LLP (WASHINGTON COUNCIL ERNST & YOUNG),Ernst & Young Political Action Committee,Senator Lisa Murkowski,2025-05-19,2500.00
ERNST & YOUNG LLP (WASHINGTON COUNCIL ERNST & YOUNG),Ernst & Young Political Action Committee,Congresswoman Zoe Lofgren,2025-03-12,5000.00
ERNST & YOUNG LLP (WASHINGTON COUNCIL ERNST & YOUNG),Ernst & Young Political Action Committee,Congressman Lou Correa,2025-03-12,2500.00
ERNST & YOUNG LLP (WASHINGTON COUNCIL ERNST & YOUNG),Ernst & Young Political Action Committee,Congressman Barry Loudermilk,2025-03-04,2500.00
ERNST & YOUNG LLP (WASHINGTON COUNCIL ERNST & YOUNG),Ernst & Young Political Action Committee,Congresswoman Madeleine Dean,2025-03-04,2500.00
ERNST & YOUNG LLP (WASHINGTON COUNCIL ERNST & YOUNG),Ernst & Young Political Action Committee,Congressman Richard Neal,2025-06-04,5000.00
ERNST & YOUNG LLP (WASHINGTON COUNCIL ERNST & YOUNG),Ernst & Young Political Action Committee,Senator Angus King,2025-03-12,2500.00
ERNST & YOUNG LLP (WASHINGTON COUNCIL ERNST & YOUNG),Ernst & Young Political Action Committee,Congresswoman Madeleine Dean,2025-06-24,5000.00
ERNST & YOUNG LLP (WASHINGTON COUNCIL ERNST & YOUNG),Ernst & Young Political Action Committee,Congressman Marc Veasey,2025-04-11,2500.00
ERNST & YOUNG LLP (WASHINGTON COUNCIL ERNST & YOUNG),Ernst & Young Political Action Committee,Congressman Mario Diaz-Balart,2025-01-13,-2500.00
ERNST & YOUNG LLP (WASHINGTON COUNCIL ERNST & YOUNG),Ernst & Young Political Action Committee,Congresswoman Sarah McBride,2025-06-04,2500.00
ERNST & YOUNG LLP (WASHINGTON COUNCIL ERNST & YOUNG),Ernst & Young Political Action Committee,Congressman Addison McDowell,2025-03-12,2500.00
ERNST & YOUNG LLP (WASHINGTON COUNCIL ERNST & YOUNG),Ernst & Young Political Action Committee,Congressman Addison McDowell,2025-03-25,2500.00
ERNST & YOUNG LLP (WASHINGTON COUNCIL ERNST & YOUNG),Ernst & Young Political Action Committee,Congressman Addison McDowell,2025-04-09,-2500.00
ERNST & YOUNG LLP (WASHINGTON COUNCIL ERNST & YOUNG),Ernst & Young Political Action Committee,Congressman Addison McDowell,2025-05-19,2500.00
ERNST & YOUNG LLP (WASHINGTON COUNCIL ERNST & YOUNG),Ernst & Young Political Action Committee,Congressman Dan Meuser,2025-03-04,2500.00
ERNST & YOUNG LLP (WASHINGTON COUNCIL ERNST & YOUNG),Ernst & Young Political Action Committee,Congressman Dan Meuser,2025-03-21,2500.00
ERNST & YOUNG LLP (WASHINGTON COUNCIL ERNST & YOUNG),Ernst & Young Political Action Committee,Congressman Dan Meuser,2025-03-21,2500.00
ERNST & YOUNG LLP (WASHINGTON COUNCIL ERNST & YOUNG),Ernst & Young Political Action Committee,Congressman Michael Haridopolos,2025-04-11,5000.00
ERNST & YOUNG LLP (WASHINGTON COUNCIL ERNST & YOUNG),Ernst & Young Political Action Committee,Congressman Mike Johnson,2025-06-04,5000.00
ERNST & YOUNG LLP (WASHINGTON COUNCIL ERNST & YOUNG),Ernst & Young Political Action Committee,Congressman Mike Johnson,2025-06-04,5000.00
ERNST & YOUNG LLP (WASHINGTON COUNCIL ERNST & YOUNG),Ernst & Young Political Action Committee,Congressman Mike Kelly,2025-06-16,2500.00
ERNST & YOUNG LLP (WASHINGTON COUNCIL ERNST & YOUNG),Ernst & Young Political Action Committee,ModSquad,2025-04-11,5000.00
ERNST & YOUNG LLP (WASHINGTON COUNCIL ERNST & YOUNG),Ernst & Young Political Action Committee,Senator Ashley Moody,2025-06-04,3000.00
ERNST & YOUNG LLP (WASHINGTON COUNCIL ERNST & YOUNG),Ernst & Young Political Action Committee,Congressman John Moolenaar,2025-03-21,2500.00
ERNST & YOUNG LLP (WASHINGTON COUNCIL ERNST & YOUNG),Ernst & Young Political Action Committee,Congresswoman Gwen Moore,2025-04-29,2500.00
ERNST & YOUNG LLP (WASHINGTON COUNCIL ERNST & YOUNG),Ernst & Young Political Action Committee,Congressman Nathaniel Moran,2025-06-04,2500.00
ERNST & YOUNG LLP (WASHINGTON COUNCIL ERNST & YOUNG),Ernst & Young Political Action Committee,Congressman Steven Horsford,2025-03-04,2500.00
ERNST & YOUNG LLP (WASHINGTON COUNCIL ERNST & YOUNG),Ernst & Young Political Action Committee,Congressman Steven Horsford,2025-06-04,2500.00
ERNST & YOUNG LLP (WASHINGTON COUNCIL ERNST & YOUNG),Ernst & Young Political Action Committee,Congressman Steven Horsford,2025-06-04,2500.00
ERNST & YOUNG LLP (WASHINGTON COUNCIL ERNST & YOUNG),Ernst & Young Political Action Committee,Congresswoman Nicole Malliotakis,2025-06-04,2500.00
ERNST & YOUNG LLP (WASHINGTON COUNCIL ERNST & YOUNG),Ernst & Young Political Action Committee,Congresswoman Nikema Williams,2025-03-04,2500.00
ERNST & YOUNG LLP (WASHINGTON COUNCIL ERNST & YOUNG),Ernst & Young Political Action Committee,Congressman Pete Aguilar,2025-05-19,5000.00
ERNST & YOUNG LLP (WASHINGTON COUNCIL ERNST & YOUNG),Ernst & Young Political Action Committee,Congressman Pete Sessions,2025-06-16,5000.00
ERNST & YOUNG LLP (WASHINGTON COUNCIL ERNST & YOUNG),Ernst & Young Political Action Committee,Congressman Mike Quigley,2025-06-04,2500.00
ERNST & YOUNG LLP (WASHINGTON COUNCIL ERNST & YOUNG),Ernst & Young Political Action Committee,RG2/Tuesday Group,2025-03-12,5000.00
ERNST & YOUNG LLP (WASHINGTON COUNCIL ERNST & YOUNG),Ernst & Young Political Action Committee,Congressman Richard Neal,2025-03-04,2500.00
ERNST & YOUNG LLP (WASHINGTON COUNCIL ERNST & YOUNG),Ernst & Young Political Action Committee,Congressman Richard Neal,2025-05-19,2500.00
ERNST & YOUNG LLP (WASHINGTON COUNCIL ERNST & YOUNG),Ernst & Young Political Action Committee,Congressman Richard Neal,2025-05-19,2500.00
ERNST & YOUNG LLP (WASHINGTON COUNCIL ERNST & YOUNG),Ernst & Young Political Action Committee,Congressman Rob Wittman,2025-03-21,5000.00
ERNST & YOUNG LLP (WASHINGTON COUNCIL ERNST & YOUNG),Ernst & Young Political Action Committee,Congresswoman Robin Kelly,2025-03-12,1500.00
ERNST & YOUNG LLP (WASHINGTON COUNCIL ERNST & YOUNG),Ernst & Young Political Action Committee,Congresswoman Robin Kelly,2025-04-30,3500.00
ERNST & YOUNG LLP (WASHINGTON COUNCIL ERNST & YOUNG),Ernst & Young Political Action Committee,Congressman Rogers Williams,2025-06-04,3000.00
ERNST & YOUNG LLP (WASHINGTON COUNCIL ERNST & YOUNG),Ernst & Young Political Action Committee,Congressman Rudy Yakym,2025-04-11,2500.00
ERNST & YOUNG LLP (WASHINGTON COUNCIL ERNST & YOUNG),Ernst & Young Political Action Committee,Congressman Rudy Yakym,2025-06-04,2500.00
ERNST & YOUNG LLP (WASHINGTON COUNCIL ERNST & YOUNG),Ernst & Young Political Action Committee,Congressman Michael Rulli,2025-03-12,1000.00
ERNST & YOUNG LLP (WASHINGTON COUNCIL ERNST & YOUNG),Ernst & Young Political Action Committee,Congresswoman Maria Salazar,2025-03-12,2000.00
ERNST & YOUNG LLP (WASHINGTON COUNCIL ERNST & YOUNG),Ernst & Young Political Action Committee,Congresswoman Mary Scanlon,2025-06-04,2500.00
ERNST & YOUNG LLP (WASHINGTON COUNCIL ERNST & YOUNG),Ernst & Young Political Action Committee,Congressman Brad Schneider,2025-03-04,3500.00
ERNST & YOUNG LLP (WASHINGTON COUNCIL ERNST & YOUNG),Ernst & Young Political Action Committee,Congressman Brad Schneider,2025-05-19,1500.00
ERNST & YOUNG LLP (WASHINGTON COUNCIL ERNST & YOUNG),Ernst & Young Political Action Committee,Congressman Brad Schneider,2025-05-19,3500.00
ERNST & YOUNG LLP (WASHINGTON COUNCIL ERNST & YOUNG),Ernst & Young Political Action Committee,Congressman Scott Fitzgerald,2025-03-12,5000.00
ERNST & YOUNG LLP (WASHINGTON COUNCIL ERNST & YOUNG),Ernst & Young Political Action Committee,Congressman Brad Sherman,2025-04-11,2000.00
ERNST & YOUNG LLP (WASHINGTON COUNCIL ERNST & YOUNG),Ernst & Young Political Action Committee,Congressman Brad Sherman,2025-05-19,3000.00
ERNST & YOUNG LLP (WASHINGTON COUNCIL ERNST & YOUNG),Ernst & Young Political Action Committee,Congressman John Curtis,2025-06-27,5000.00
ERNST & YOUNG LLP (WASHINGTON COUNCIL ERNST & YOUNG),Ernst & Young Political Action Committee,Congressman Bryan Steil,2025-03-12,2000.00
ERNST & YOUNG LLP (WASHINGTON COUNCIL ERNST & YOUNG),Ernst & Young Political Action Committee,Congressman Bryan Steil,2025-06-04,3000.00
ERNST & YOUNG LLP (WASHINGTON COUNCIL ERNST & YOUNG),Ernst & Young Political Action Committee,Congressman Bryan Steil,2025-06-04,2000.00
ERNST & YOUNG LLP (WASHINGTON COUNCIL ERNST & YOUNG),Ernst & Young Political Action Committee,Congressman Stephen Lynch,2025-03-04,2500.00
ERNST & YOUNG LLP (WASHINGTON COUNCIL ERNST & YOUNG),Ernst & Young Political Action Committee,Senator Steve Daines,2025-06-16,2500.00
ERNST & YOUNG LLP (WASHINGTON COUNCIL ERNST & YOUNG),Ernst & Young Political Action Committee,Congresswoman Marilyn Strickland,2025-03-12,2500.00
ERNST & YOUNG LLP (WASHINGTON COUNCIL ERNST & YOUNG),Ernst & Young Political Action Committee,Congresswoman Marilyn Strickland,2025-06-04,2500.00
ERNST & YOUNG LLP (WASHINGTON COUNCIL ERNST & YOUNG),Ernst & Young Political Action Committee,Congresswoman Marilyn Strickland,2025-05-19,2500.00
ERNST & YOUNG LLP (WASHINGTON COUNCIL ERNST & YOUNG),Ernst & Young Political Action Committee,Congressman Marlin Stutzman,2025-06-04,2500.00
ERNST & YOUNG LLP (WASHINGTON COUNCIL ERNST & YOUNG),Ernst & Young Political Action Committee,Congressman Thomas Suozzi,2025-03-14,2500.00
ERNST & YOUNG LLP (WASHINGTON COUNCIL ERNST & YOUNG),Ernst & Young Political Action Committee,Congressman Thomas Suozzi,2025-06-04,500.00
ERNST & YOUNG LLP (WASHINGTON COUNCIL ERNST & YOUNG),Ernst & Young Political Action Committee,Congressman Thomas Suozzi,2025-06-04,2500.00
ERNST & YOUNG LLP (WASHINGTON COUNCIL ERNST & YOUNG),Ernst & Young Political Action Committee,Congresswoman Sylvia Garcia,2025-05-19,2500.00
ERNST & YOUNG LLP (WASHINGTON COUNCIL ERNST & YOUNG),Ernst & Young Political Action Committee,Congressman Brian Fitzpatrick,2025-06-16,5000.00
ERNST & YOUNG LLP (WASHINGTON COUNCIL ERNST & YOUNG),Ernst & Young Political Action Committee,Senator Bill Hagerty,2025-03-04,2500.00
ERNST & YOUNG LLP (WASHINGTON COUNCIL ERNST & YOUNG),Ernst & Young Political Action Committee,Senator Bill Hagerty,2025-05-30,-2500.00
ERNST & YOUNG LLP (WASHINGTON COUNCIL ERNST & YOUNG),Ernst & Young Political Action Committee,Senator Bill Hagerty,2025-06-04,1000.00
ERNST & YOUNG LLP (WASHINGTON COUNCIL ERNST & YOUNG),Ernst & Young Political Action Committee,Senator Bill Hagerty,2025-06-04,2500.00
ERNST & YOUNG LLP (WASHINGTON COUNCIL ERNST & YOUNG),Ernst & Young Political Action Committee,Congressman Patrick Harrigan,2025-03-12,1500.00
ERNST & YOUNG LLP (WASHINGTON COUNCIL ERNST & YOUNG),Ernst & Young Political Action Committee,Congressman Patrick Harrigan,2025-06-16,3500.00
ERNST & YOUNG LLP (WASHINGTON COUNCIL ERNST & YOUNG),Ernst & Young Political Action Committee,Senator Jack Reed,2025-03-12,2500.00
ERNST & YOUNG LLP (WASHINGTON COUNCIL ERNST & YOUNG),Ernst & Young Political Action Committee,Senator Thom Tillis,2025-06-04,2500.00
ERNST & YOUNG LLP (WASHINGTON COUNCIL ERNST & YOUNG),Ernst & Young Political Action Committee,Senator Thom Tillis,2025-06-04,5000.00
ERNST & YOUNG LLP (WASHINGTON COUNCIL ERNST & YOUNG),Ernst & Young Political Action Committee,Congressman Ritchie Torres,2025-01-13,-2500.00
ERNST & YOUNG LLP (WASHINGTON COUNCIL ERNST & YOUNG),Ernst & Young Political Action Committee,Congressman Troy Carter,2025-06-16,2500.00
ERNST & YOUNG LLP (WASHINGTON COUNCIL ERNST & YOUNG),Ernst & Young Political Action Committee,Congressman Troy Downing,2025-06-04,3000.00
ERNST & YOUNG LLP (WASHINGTON COUNCIL ERNST & YOUNG),Ernst & Young Political Action Committee,Congressman Troy Downing,2025-06-27,3000.00
ERNST & YOUNG LLP (WASHINGTON COUNCIL ERNST & YOUNG),Ernst & Young Political Action Committee,Congressman Troy Downing,2025-06-27,-3000.00
ERNST & YOUNG LLP (WASHINGTON COUNCIL ERNST & YOUNG),Ernst & Young Political Action Committee,Congressman David Valadao,2025-01-13,-2500.00
ERNST & YOUNG LLP (WASHINGTON COUNCIL ERNST & YOUNG),Ernst & Young Political Action Committee,Congressman Juan Vargas,2025-04-11,2500.00
ERNST & YOUNG LLP (WASHINGTON COUNCIL ERNST & YOUNG),Ernst & Young Political Action Committee,Senator Tina Smith,2025-06-04,5000.00
ERNST & YOUNG LLP (WASHINGTON COUNCIL ERNST & YOUNG),Ernst & Young Political Action Committee,Congressman Vern Buchanan,2025-06-04,5000.00
ERNST & YOUNG LLP (WASHINGTON COUNCIL ERNST & YOUNG),Ernst & Young Political Action Committee,Congressman Vicente Gonzalez,2025-03-12,2500.00
ERNST & YOUNG LLP (WASHINGTON COUNCIL ERNST & YOUNG),Ernst & Young Political Action Committee,ViewPAC,2025-04-29,5000.00
ERNST & YOUNG LLP (WASHINGTON COUNCIL ERNST & YOUNG),Ernst & Young Political Action Committee,Congresswoman Stacey Plaskett,2025-06-04,2500.00
ERNST & YOUNG LLP (WASHINGTON COUNCIL ERNST & YOUNG),Ernst & Young Political Action Committee,Congressman Michael Baumgartner,2025-06-24,1500.00
ERNST & YOUNG LLP (WASHINGTON COUNCIL ERNST & YOUNG),Ernst & Young Political Action Committee,Congressman William Timmons,2025-04-29,2500.00
ERNST & YOUNG LLP (WASHINGTON COUNCIL ERNST & YOUNG),Ernst & Young Political Action Committee,Congressman Steve Womack,2025-03-21,5000.00
ERNST & YOUNG LLP (WASHINGTON COUNCIL ERNST & YOUNG),Ernst & Young Political Action Committee,Wonder Woman PAC,2025-04-29,5000.00
ERNST & YOUNG LLP (WASHINGTON COUNCIL ERNST & YOUNG),Ernst & Young Political Action Committee,Congresswoman Young Kim,2025-06-16,5000.00
ERNST & YOUNG LLP (WASHINGTON COUNCIL ERNST & YOUNG),Ernst & Young Political Action Committee,Congressman Aaron Bean,2025-03-14,2500.00
ERNST & YOUNG LLP (WASHINGTON COUNCIL ERNST & YOUNG),Ernst & Young Political Action Committee,Congressman Aaron Bean,2025-06-24,2500.00
ERNST & YOUNG LLP (WASHINGTON COUNCIL ERNST & YOUNG),Ernst & Young Political Action Committee,Senator Katie Britt,2025-06-16,2500.00
ERNST & YOUNG LLP (WASHINGTON COUNCIL ERNST & YOUNG),Ernst & Young Political Action Committee,Congressman Mike Johnson,2025-06-04,5000.00
ERNST & YOUNG LLP (WASHINGTON COUNCIL ERNST & YOUNG),Ernst & Young Political Action Committee,Congresman Andre Carson,2025-06-04,2500.00
ERNST & YOUNG LLP (WASHINGTON COUNCIL ERNST & YOUNG),Ernst & Young Political Action Committee,Congressman Andy Barr,2025-03-04,2500.00
ERNST & YOUNG LLP (WASHINGTON COUNCIL ERNST & YOUNG),Ernst & Young Political Action Committee,Congressman Andy Barr,2025-03-12,2500.00
ERNST & YOUNG LLP (WASHINGTON COUNCIL ERNST & YOUNG),Ernst & Young Political Action Committee,Congressman Andy Barr,2025-03-12,2500.00
ERNST & YOUNG LLP (WASHINGTON COUNCIL ERNST & YOUNG),Ernst & Young Political Action Committee,Congresswoman April McClain Delaney,2025-06-04,2500.00
ERNST & YOUNG LLP (WASHINGTON COUNCIL ERNST & YOUNG),Ernst & Young Political Action Committee,Congresswoman Ashley Hinson,2025-03-21,5000.00
ERNST & YOUNG LLP (WASHINGTON COUNCIL ERNST & YOUNG),Ernst & Young Political Action Committee,Congressman Austin Scott,2025-06-04,2500.00
ERNST & YOUNG LLP (WASHINGTON COUNCIL ERNST & YOUNG),Ernst & Young Political Action Committee,Congresswoman Joyce Beatty,2025-03-12,2500.00
ERNST & YOUNG LLP (WASHINGTON COUNCIL ERNST & YOUNG),Ernst & Young Political Action Committee,Congressman Jack Bergman,2025-04-11,2500.00
ERNST & YOUNG LLP (WASHINGTON COUNCIL ERNST & YOUNG),Ernst & Young Political Action Committee,Congressman Bill Foster,2025-05-19,3000.00
ERNST & YOUNG LLP (WASHINGTON COUNCIL ERNST & YOUNG),Ernst & Young Political Action Committee,Blue Dog PAC,2025-04-29,5000.00
ERNST & YOUNG LLP (WASHINGTON COUNCIL ERNST & YOUNG),Ernst & Young Political Action Committee,BOLD PAC,2025-04-29,5000.00
ERNST & YOUNG LLP (WASHINGTON COUNCIL ERNST & YOUNG),Ernst & Young Political Action Committee,Congresswoman Suzanne Bonamici,2025-03-12,1000.00
ERNST & YOUNG LLP (WASHINGTON COUNCIL ERNST & YOUNG),Ernst & Young Political Action Committee,Congressman Brian Fitzpatrick,2025-03-12,2500.00
ERNST & YOUNG LLP (WASHINGTON COUNCIL ERNST & YOUNG),Ernst & Young Political Action Committee,Congressman Brian Jack,2025-06-04,2500.00
ERNST & YOUNG LLP (WASHINGTON COUNCIL ERNST & YOUNG),Ernst & Young Political Action Committee,Senator Ted Budd,2025-03-04,5000.00
ERNST & YOUNG LLP (WASHINGTON COUNCIL ERNST & YOUNG),Ernst & Young Political Action Committee,Congressman Mike Carey,2025-03-12,2500.00
ERNST & YOUNG LLP (WASHINGTON COUNCIL ERNST & YOUNG),Ernst & Young Political Action Committee,Congressman Mike Carey,2025-04-11,2500.00
ERNST & YOUNG LLP (WASHINGTON COUNCIL ERNST & YOUNG),Ernst & Young Political Action Committee,Congressman Mike Carey,2025-06-04,2500.00
ERNST & YOUNG LLP (WASHINGTON COUNCIL ERNST & YOUNG),Ernst & Young Political Action Committee,Congressman Carlos Gimenez,2025-06-24,1000.00
ERNST & YOUNG LLP (WASHINGTON COUNCIL ERNST & YOUNG),Ernst & Young Political Action Committee,Congresswoman Carol Miller,2025-05-19,1000.00
ERNST & YOUNG LLP (WASHINGTON COUNCIL ERNST & YOUNG),Ernst & Young Political Action Committee,Congressman Ed Case,2025-05-19,2500.00
ERNST & YOUNG LLP (WASHINGTON COUNCIL ERNST & YOUNG),Ernst & Young Political Action Committee,Congressman Sean Casten,2025-06-16,5000.00
ERNST & YOUNG LLP (WASHINGTON COUNCIL ERNST & YOUNG),Ernst & Young Political Action Committee,Congresswoman Chrissy Houlahan,2025-05-19,1000.00
ERNST & YOUNG LLP (WASHINGTON COUNCIL ERNST & YOUNG),Ernst & Young Political Action Committee,Congressman Gilbert Cisneros,2025-03-12,2500.00
ERNST & YOUNG LLP (WASHINGTON COUNCIL ERNST & YOUNG),Ernst & Young Political Action Committee,Congressman Emanuel Cleaver,2025-06-04,3000.00
ERNST & YOUNG LLP (WASHINGTON COUNCIL ERNST & YOUNG),Ernst & Young Political Action Committee,Congressman Cliff Bentz,2025-03-12,2500.00
ERNST & YOUNG LLP (WASHINGTON COUNCIL ERNST & YOUNG),Ernst & Young Political Action Committee,Congressman Tom Cole,2025-03-12,2500.00
ERNST & YOUNG LLP (WASHINGTON COUNCIL ERNST & YOUNG),Ernst & Young Political Action Committee,Congressman David Schweikert,2025-03-04,2500.00
ERNST & YOUNG LLP (WASHINGTON COUNCIL ERNST & YOUNG),Ernst & Young Political Action Committee,Congressman David Schweikert,2025-05-30,-2500.00
ERNST & YOUNG LLP (WASHINGTON COUNCIL ERNST & YOUNG),Ernst & Young Political Action Committee,Congressman David Schweikert,2025-06-04,2500.00
ERNST & YOUNG LLP (WASHINGTON COUNCIL ERNST & YOUNG),Ernst & Young Political Action Committee,Congressman Warren Davidson,2025-06-24,5000.00
ERNST & YOUNG LLP (WASHINGTON COUNCIL ERNST & YOUNG),Ernst & Young Political Action Committee,Congresswoman Suzann DelBene,2025-05-19,2500.00
ERNST & YOUNG LLP (WASHINGTON COUNCIL ERNST & YOUNG),Ernst & Young Political Action Committee,Congresswoman Suzann DelBene,2025-06-04,2500.00
ERNST & YOUNG LLP (WASHINGTON COUNCIL ERNST & YOUNG),Ernst & Young Political Action Committee,Congresswoman Suzann DelBene,2025-06-04,500.00
ERNST & YOUNG LLP (WASHINGTON COUNCIL ERNST & YOUNG),Ernst & Young Political Action Committee,Congressman Randy Feenstra,2025-06-04,5000.00
ERNST & YOUNG LLP (WASHINGTON COUNCIL ERNST & YOUNG),Ernst & Young Political Action Committee,Congressman Dwight Evans,2025-04-11,2500.00
ERNST & YOUNG LLP (WASHINGTON COUNCIL ERNST & YOUNG),Ernst & Young Political Action Committee,Congresswoman Sarah Elfreth,2025-06-16,2500.00
ERNST & YOUNG LLP (WASHINGTON COUNCIL ERNST & YOUNG),Ernst & Young Political Action Committee,Congresswoman Lizzie Fletcher,2025-04-11,2500.00
ERNST & YOUNG LLP (WASHINGTON COUNCIL ERNST & YOUNG),Ernst & Young Political Action Committee,Equality PAC,2025-04-29,5000.00
ERNST & YOUNG LLP (WASHINGTON COUNCIL ERNST & YOUNG),Ernst & Young Political Action Committee,Congresswoman Young Kim,2025-03-04,5000.00
ERNST & YOUNG LLP (WASHINGTON COUNCIL ERNST & YOUNG),Ernst & Young Political Action Committee,Congressman French Hill,2025-03-12,1500.00
ERNST & YOUNG LLP (WASHINGTON COUNCIL ERNST & YOUNG),Ernst & Young Political Action Committee,Congressman French Hill,2025-05-19,2500.00
ERNST & YOUNG LLP (WASHINGTON COUNCIL ERNST & YOUNG),Ernst & Young Political Action Committee,Congressman French Hill,2025-06-04,1000.00
ERNST & YOUNG LLP (WASHINGTON COUNCIL ERNST & YOUNG),Ernst & Young Political Action Committee,Congressman French Hill,2025-06-04,4000.00
ERNST & YOUNG LLP (WASHINGTON COUNCIL ERNST & YOUNG),Ernst & Young Political Action Committee,Congressman Gregory Meeks,2025-06-04,5000.00
ERNST & YOUNG LLP (WASHINGTON COUNCIL ERNST & YOUNG),Ernst & Young Political Action Committee,Congressman Dave Joyce,2025-06-04,5000.00
ERNST & YOUNG LLP (WASHINGTON COUNCIL ERNST & YOUNG),Ernst & Young Political Action Committee,Congressman Don Beyer,2025-03-12,2500.00
ERNST & YOUNG LLP (WASHINGTON COUNCIL ERNST & YOUNG),Ernst & Young Political Action Committee,Congressman Dusty Johnson,2025-03-12,2500.00
ERNST & YOUNG LLP (WASHINGTON COUNCIL ERNST & YOUNG),Ernst & Young Political Action Committee,Senator Mark Warner,2025-03-04,2500.00
ERNST & YOUNG LLP (WASHINGTON COUNCIL ERNST & YOUNG),Ernst & Young Political Action Committee,Senator Mark Warner,2025-04-11,2500.00
ERNST & YOUNG LLP (WASHINGTON COUNCIL ERNST & YOUNG),Ernst & Young Political Action Committee,Congressman Raja Krishnamoorthi,2025-03-12,2000.00
ERNST & YOUNG LLP (WASHINGTON COUNCIL ERNST & YOUNG),Ernst & Young Political Action Committee,Congressman Tim Moore,2025-04-11,5000.00
ERNST & YOUNG LLP (WASHINGTON COUNCIL ERNST & YOUNG),Ernst & Young Political Action Committee,Congressman Russell Fry,2025-03-12,2500.00
ERNST & YOUNG LLP (WASHINGTON COUNCIL ERNST & YOUNG),Ernst & Young Political Action Committee,Senator Ruben Gallego,2025-05-19,1000.00
ERNST & YOUNG LLP (WASHINGTON COUNCIL ERNST & YOUNG),Ernst & Young Political Action Committee,Congressman Andrew Garbarino,2025-05-19,3000.00
ERNST & YOUNG LLP (WASHINGTON COUNCIL ERNST & YOUNG),Ernst & Young Political Action Committee,Congressman Jimmy Gomez,2025-04-11,2500.00
ERNST & YOUNG LLP (WASHINGTON COUNCIL ERNST & YOUNG),Ernst & Young Political Action Committee,Senator Maggie Hassan,2025-06-04,5000.00
ERNST & YOUNG LLP (WASHINGTON COUNCIL ERNST & YOUNG),Ernst & Young Political Action Committee,Congressman Sam Graves,2025-06-04,2500.00
ERNST & YOUNG LLP (WASHINGTON COUNCIL ERNST & YOUNG),Ernst & Young Political Action Committee,Congressman Brett Guthrie,2025-03-04,2500.00
ERNST & YOUNG LLP (WASHINGTON COUNCIL ERNST & YOUNG),Ernst & Young Political Action Committee,Congressman Brett Guthrie,2025-05-19,2500.00
ERNST & YOUNG LLP (WASHINGTON COUNCIL ERNST & YOUNG),Ernst & Young Political Action Committee,Congressman Guy Reschenthaler,2025-05-19,2500.00
ERNST & YOUNG LLP (WASHINGTON COUNCIL ERNST & YOUNG),Ernst & Young Political Action Committee,Congresswoman Haley Stevens,2025-03-21,5000.00
ERNST & YOUNG LLP (WASHINGTON COUNCIL ERNST & YOUNG),Ernst & Young Political Action Committee,Congresswoman Haley Stevens,2025-03-21,5000.00
ERNST & YOUNG LLP (WASHINGTON COUNCIL ERNST & YOUNG),Ernst & Young Political Action Committee,Congressman Jim Himes,2025-06-04,2500.00
ERNST & YOUNG LLP (WASHINGTON COUNCIL ERNST & YOUNG),Ernst & Young Political Action Committee,Congressman Ron Wyden,2025-03-12,5000.00
ERNST & YOUNG LLP (WASHINGTON COUNCIL ERNST & YOUNG),Ernst & Young Political Action Committee,Congresswoman Erin Houchin,2025-03-21,5000.00
ERNST & YOUNG LLP (WASHINGTON COUNCIL ERNST & YOUNG),Ernst & Young Political Action Committee,Congressman Bill Huizengal,2025-03-12,5000.00
ERNST & YOUNG LLP (WASHINGTON COUNCIL ERNST & YOUNG),Ernst & Young Political Action Committee,Congressman Zach Nunn,2025-06-04,5000.00
ERNST & YOUNG LLP (WASHINGTON COUNCIL ERNST & YOUNG),Ernst & Young Political Action Committee,Congresswoman Janelle Bynum,2025-06-04,2500.00
ERNST & YOUNG LLP (WASHINGTON COUNCIL ERNST & YOUNG),Ernst & Young Political Action Committee,Congressman Jason Smith,2025-03-04,3000.00
ERNST & YOUNG LLP (WASHINGTON COUNCIL ERNST & YOUNG),Ernst & Young Political Action Committee,Congressman Hakeem Jeffries,2025-06-04,5000.00
ERNST & YOUNG LLP (WASHINGTON COUNCIL ERNST & YOUNG),Ernst & Young Political Action Committee,Congressman Hakeem Jeffries,2025-06-04,5000.00
ERNST & YOUNG LLP (WASHINGTON COUNCIL ERNST & YOUNG),Ernst & Young Political Action Committee,Congressman Josh Gottheimer,2025-03-04,3500.00
ERNST & YOUNG LLP (WASHINGTON COUNCIL ERNST & YOUNG),Ernst & Young Political Action Committee,Congressman Jim Costa,2025-03-12,2500.00
ERNST & YOUNG LLP (WASHINGTON COUNCIL ERNST & YOUNG),Ernst & Young Political Action Committee,Senator James Risch,2025-06-04,2500.00
ERNST & YOUNG LLP (WASHINGTON COUNCIL ERNST & YOUNG),Ernst & Young Political Action Committee,Congressman Jimmy Panetta,2025-03-04,3500.00
ERNST & YOUNG LLP (WASHINGTON COUNCIL ERNST & YOUNG),Ernst & Young Political Action Committee,Congressman Jimmy Panetta,2025-06-04,2000.00
ERNST & YOUNG LLP (WASHINGTON COUNCIL ERNST & YOUNG),Ernst & Young Political Action Committee,Congressman Jimmy Panetta,2025-06-04,1500.00
ERNST & YOUNG LLP (WASHINGTON COUNCIL ERNST & YOUNG),Ernst & Young Political Action Committee,Congressman Joseph Morelle,2025-05-19,2500.00
ERNST & YOUNG LLP (WASHINGTON COUNCIL ERNST & YOUNG),Ernst & Young Political Action Committee,Congressman Joe Neguse,2025-03-12,2500.00
ERNST & YOUNG LLP (WASHINGTON COUNCIL ERNST & YOUNG),Ernst & Young Political Action Committee,Congressman Joe Neguse,2025-06-04,2500.00
ERNST & YOUNG LLP (WASHINGTON COUNCIL ERNST & YOUNG),Ernst & Young Political Action Committee,Congressman Joe Neguse,2025-06-04,2500.00
ERNST & YOUNG LLP (WASHINGTON COUNCIL ERNST & YOUNG),Ernst & Young Political Action Committee,Congressman John Carter,2025-05-19,2500.00
ERNST & YOUNG LLP (WASHINGTON COUNCIL ERNST & YOUNG),Ernst & Young Political Action Committee,Congressman Johnny Olszewski,2025-06-16,2500.00
ERNST & YOUNG LLP (WASHINGTON COUNCIL ERNST & YOUNG),Ernst & Young Political Action Committee,Senator Joni Ernst,2025-04-11,2500.00
ERNST & YOUNG LLP (WASHINGTON COUNCIL ERNST & YOUNG),Ernst & Young Political Action Committee,Senator Joni Ernst,2025-04-11,2500.00
ERNST & YOUNG LLP (WASHINGTON COUNCIL ERNST & YOUNG),Ernst & Young Political Action Committee,Congresswoman Julia Letlow,2025-05-19,2000.00
ERNST & YOUNG LLP (WASHINGTON COUNCIL ERNST & YOUNG),Ernst & Young Political Action Committee,Senator Ruben Gallego,2025-04-11,5000.00
ERNST & YOUNG LLP (WASHINGTON COUNCIL ERNST & YOUNG),Ernst & Young Political Action Committee,Congresswoman Catherine Clark,2025-05-19,5000.00
ERNST & YOUNG LLP (WASHINGTON COUNCIL ERNST & YOUNG),Ernst & Young Political Action Committee,Congresswoman Catherine Clark,2025-05-19,5000.00
ERNST & YOUNG LLP (WASHINGTON COUNCIL ERNST & YOUNG),Ernst & Young Political Action Committee,Congressman Tom Kean,2025-05-19,2500.00
ERNST & YOUNG LLP (WASHINGTON COUNCIL ERNST & YOUNG),Ernst & Young Political Action Committee,Congresswoman Kristen McDonald Rivet,2025-06-16,2500.00
ERNST & YOUNG LLP (WASHINGTON COUNCIL ERNST & YOUNG),Ernst & Young Political Action Committee,Congressman David Kustoff,2025-03-24,5000.00
ERNST & YOUNG LLP (WASHINGTON COUNCIL ERNST & YOUNG),Ernst & Young Political Action Committee,Congressman Kweisi Mfume,2025-06-04,5000.00
ERNST & YOUNG LLP (WASHINGTON COUNCIL ERNST & YOUNG),Ernst & Young Political Action Committee,Congressman Darin LaHood,2025-04-11,5000.00
ERNST & YOUNG LLP (WASHINGTON COUNCIL ERNST & YOUNG),Ernst & Young Political Action Committee,Congressman Darin LaHood,2025-05-19,2500.00
ERNST & YOUNG LLP (WASHINGTON COUNCIL ERNST & YOUNG),Ernst & Young Political Action Committee,Congressman Nick LaLota,2025-03-04,1000.00
ERNST & YOUNG LLP (WASHINGTON COUNCIL ERNST & YOUNG),Ernst & Young Political Action Committee,Congressman Mike Lawler,2025-03-12,5000.00
ERNST & YOUNG LLP (WASHINGTON COUNCIL ERNST & YOUNG),Ernst & Young Political Action Committee,Congressman Sam Liccardo,2025-03-04,5000.00
ERNST & YOUNG LLP (WASHINGTON COUNCIL ERNST & YOUNG),Ernst & Young Political Action Committee,Congressman Sam Liccardo,2025-05-19,2500.00
ERNST & YOUNG LLP (WASHINGTON COUNCIL ERNST & YOUNG),Ernst & Young Political Action Committee,Congresswoman Lisa McClain,2025-05-19,2000.00
ERNST & YOUNG LLP (WASHINGTON COUNCIL ERNST & YOUNG),Ernst & Young Political Action Committee,Senator Lisa Murkowski,2025-05-19,2500.00
ERNST & YOUNG LLP (WASHINGTON COUNCIL ERNST & YOUNG),Ernst & Young Political Action Committee,Congresswoman Zoe Lofgren,2025-03-12,5000.00
ERNST & YOUNG LLP (WASHINGTON COUNCIL ERNST & YOUNG),Ernst & Young Political Action Committee,Congressman Lou Correa,2025-03-12,2500.00
ERNST & YOUNG LLP (WASHINGTON COUNCIL ERNST & YOUNG),Ernst & Young Political Action Committee,Congressman Barry Loudermilk,2025-03-04,2500.00
ERNST & YOUNG LLP (WASHINGTON COUNCIL ERNST & YOUNG),Ernst & Young Political Action Committee,Congresswoman Madeleine Dean,2025-03-04,2500.00
ERNST & YOUNG LLP (WASHINGTON COUNCIL ERNST & YOUNG),Ernst & Young Political Action Committee,Congressman Richard Neal,2025-06-04,5000.00
ERNST & YOUNG LLP (WASHINGTON COUNCIL ERNST & YOUNG),Ernst & Young Political Action Committee,Senator Angus King,2025-03-12,2500.00
ERNST & YOUNG LLP (WASHINGTON COUNCIL ERNST & YOUNG),Ernst & Young Political Action Committee,Congresswoman Madeleine Dean,2025-06-24,5000.00
ERNST & YOUNG LLP (WASHINGTON COUNCIL ERNST & YOUNG),Ernst & Young Political Action Committee,Congressman Marc Veasey,2025-04-11,2500.00
ERNST & YOUNG LLP (WASHINGTON COUNCIL ERNST & YOUNG),Ernst & Young Political Action Committee,Congressman Mario Diaz-Balart,2025-01-13,-2500.00
ERNST & YOUNG LLP (WASHINGTON COUNCIL ERNST & YOUNG),Ernst & Young Political Action Committee,Congresswoman Sarah McBride,2025-06-04,2500.00
ERNST & YOUNG LLP (WASHINGTON COUNCIL ERNST & YOUNG),Ernst & Young Political Action Committee,Congressman Addison McDowell,2025-03-12,2500.00
ERNST & YOUNG LLP (WASHINGTON COUNCIL ERNST & YOUNG),Ernst & Young Political Action Committee,Congressman Addison McDowell,2025-03-25,2500.00
ERNST & YOUNG LLP (WASHINGTON COUNCIL ERNST & YOUNG),Ernst & Young Political Action Committee,Congressman Addison McDowell,2025-04-09,-2500.00
ERNST & YOUNG LLP (WASHINGTON COUNCIL ERNST & YOUNG),Ernst & Young Political Action Committee,Congressman Addison McDowell,2025-05-19,2500.00
ERNST & YOUNG LLP (WASHINGTON COUNCIL ERNST & YOUNG),Ernst & Young Political Action Committee,Congressman Dan Meuser,2025-03-04,2500.00
ERNST & YOUNG LLP (WASHINGTON COUNCIL ERNST & YOUNG),Ernst & Young Political Action Committee,Congressman Dan Meuser,2025-03-21,2500.00
ERNST & YOUNG LLP (WASHINGTON COUNCIL ERNST & YOUNG),Ernst & Young Political Action Committee,Congressman Dan Meuser,2025-03-21,2500.00
ERNST & YOUNG LLP (WASHINGTON COUNCIL ERNST & YOUNG),Ernst & Young Political Action Committee,Congressman Michael Haridopolos,2025-04-11,5000.00
ERNST & YOUNG LLP (WASHINGTON COUNCIL ERNST & YOUNG),Ernst & Young Political Action Committee,Congressman Mike Johnson,2025-06-04,5000.00
ERNST & YOUNG LLP (WASHINGTON COUNCIL ERNST & YOUNG),Ernst & Young Political Action Committee,Congressman Mike Johnson,2025-06-04,5000.00
ERNST & YOUNG LLP (WASHINGTON COUNCIL ERNST & YOUNG),Ernst & Young Political Action Committee,Congressman Mike Kelly,2025-06-16,2500.00
ERNST & YOUNG LLP (WASHINGTON COUNCIL ERNST & YOUNG),Ernst & Young Political Action Committee,ModSquad,2025-04-11,5000.00
ERNST & YOUNG LLP (WASHINGTON COUNCIL ERNST & YOUNG),Ernst & Young Political Action Committee,Senator Ashley Moody,2025-06-04,3000.00
ERNST & YOUNG LLP (WASHINGTON COUNCIL ERNST & YOUNG),Ernst & Young Political Action Committee,Congressman John Moolenaar,2025-03-21,2500.00
ERNST & YOUNG LLP (WASHINGTON COUNCIL ERNST & YOUNG),Ernst & Young Political Action Committee,Congresswoman Gwen Moore,2025-04-29,2500.00
ERNST & YOUNG LLP (WASHINGTON COUNCIL ERNST & YOUNG),Ernst & Young Political Action Committee,Congressman Nathaniel Moran,2025-06-04,2500.00
ERNST & YOUNG LLP (WASHINGTON COUNCIL ERNST & YOUNG),Ernst & Young Political Action Committee,Congressman Steven Horsford,2025-03-04,2500.00
ERNST & YOUNG LLP (WASHINGTON COUNCIL ERNST & YOUNG),Ernst & Young Political Action Committee,Congressman Steven Horsford,2025-06-04,2500.00
ERNST & YOUNG LLP (WASHINGTON COUNCIL ERNST & YOUNG),Ernst & Young Political Action Committee,Congressman Steven Horsford,2025-06-04,2500.00
ERNST & YOUNG LLP (WASHINGTON COUNCIL ERNST & YOUNG),Ernst & Young Political Action Committee,Congresswoman Nicole Malliotakis,2025-06-04,2500.00
ERNST & YOUNG LLP (WASHINGTON COUNCIL ERNST & YOUNG),Ernst & Young Political Action Committee,Congresswoman Nikema Williams,2025-03-04,2500.00
ERNST & YOUNG LLP (WASHINGTON COUNCIL ERNST & YOUNG),Ernst & Young Political Action Committee,Congressman Pete Aguilar,2025-05-19,5000.00
ERNST & YOUNG LLP (WASHINGTON COUNCIL ERNST & YOUNG),Ernst & Young Political Action Committee,Congressman Pete Sessions,2025-06-16,5000.00
ERNST & YOUNG LLP (WASHINGTON COUNCIL ERNST & YOUNG),Ernst & Young Political Action Committee,Congressman Mike Quigley,2025-06-04,2500.00
ERNST & YOUNG LLP (WASHINGTON COUNCIL ERNST & YOUNG),Ernst & Young Political Action Committee,RG2/Tuesday Group,2025-03-12,5000.00
ERNST & YOUNG LLP (WASHINGTON COUNCIL ERNST & YOUNG),Ernst & Young Political Action Committee,Congressman Richard Neal,2025-03-04,2500.00
ERNST & YOUNG LLP (WASHINGTON COUNCIL ERNST & YOUNG),Ernst & Young Political Action Committee,Congressman Richard Neal,2025-05-19,2500.00
ERNST & YOUNG LLP (WASHINGTON COUNCIL ERNST & YOUNG),Ernst & Young Political Action Committee,Congressman Richard Neal,2025-05-19,2500.00
ERNST & YOUNG LLP (WASHINGTON COUNCIL ERNST & YOUNG),Ernst & Young Political Action Committee,Congressman Rob Wittman,2025-03-21,5000.00
ERNST & YOUNG LLP (WASHINGTON COUNCIL ERNST & YOUNG),Ernst & Young Political Action Committee,Congresswoman Robin Kelly,2025-03-12,1500.00
ERNST & YOUNG LLP (WASHINGTON COUNCIL ERNST & YOUNG),Ernst & Young Political Action Committee,Congresswoman Robin Kelly,2025-04-30,3500.00
ERNST & YOUNG LLP (WASHINGTON COUNCIL ERNST & YOUNG),Ernst & Young Political Action Committee,Congressman Rogers Williams,2025-06-04,3000.00
ERNST & YOUNG LLP (WASHINGTON COUNCIL ERNST & YOUNG),Ernst & Young Political Action Committee,Congressman Rudy Yakym,2025-04-11,2500.00
ERNST & YOUNG LLP (WASHINGTON COUNCIL ERNST & YOUNG),Ernst & Young Political Action Committee,Congressman Rudy Yakym,2025-06-04,2500.00
ERNST & YOUNG LLP (WASHINGTON COUNCIL ERNST & YOUNG),Ernst & Young Political Action Committee,Congressman Michael Rulli,2025-03-12,1000.00
ERNST & YOUNG LLP (WASHINGTON COUNCIL ERNST & YOUNG),Ernst & Young Political Action Committee,Congresswoman Maria Salazar,2025-03-12,2000.00
ERNST & YOUNG LLP (WASHINGTON COUNCIL ERNST & YOUNG),Ernst & Young Political Action Committee,Congresswoman Mary Scanlon,2025-06-04,2500.00
ERNST & YOUNG LLP (WASHINGTON COUNCIL ERNST & YOUNG),Ernst & Young Political Action Committee,Congressman Brad Schneider,2025-03-04,3500.00
ERNST & YOUNG LLP (WASHINGTON COUNCIL ERNST & YOUNG),Ernst & Young Political Action Committee,Congressman Brad Schneider,2025-05-19,1500.00
ERNST & YOUNG LLP (WASHINGTON COUNCIL ERNST & YOUNG),Ernst & Young Political Action Committee,Congressman Brad Schneider,2025-05-19,3500.00
ERNST & YOUNG LLP (WASHINGTON COUNCIL ERNST & YOUNG),Ernst & Young Political Action Committee,Congressman Scott Fitzgerald,2025-03-12,5000.00
ERNST & YOUNG LLP (WASHINGTON COUNCIL ERNST & YOUNG),Ernst & Young Political Action Committee,Congressman Brad Sherman,2025-04-11,2000.00
ERNST & YOUNG LLP (WASHINGTON COUNCIL ERNST & YOUNG),Ernst & Young Political Action Committee,Congressman Brad Sherman,2025-05-19,3000.00
ERNST & YOUNG LLP (WASHINGTON COUNCIL ERNST & YOUNG),Ernst & Young Political Action Committee,Congressman John Curtis,2025-06-27,5000.00
ERNST & YOUNG LLP (WASHINGTON COUNCIL ERNST & YOUNG),Ernst & Young Political Action Committee,Congressman Bryan Steil,2025-03-12,2000.00
ERNST & YOUNG LLP (WASHINGTON COUNCIL ERNST & YOUNG),Ernst & Young Political Action Committee,Congressman Bryan Steil,2025-06-04,3000.00
ERNST & YOUNG LLP (WASHINGTON COUNCIL ERNST & YOUNG),Ernst & Young Political Action Committee,Congressman Bryan Steil,2025-06-04,2000.00
ERNST & YOUNG LLP (WASHINGTON COUNCIL ERNST & YOUNG),Ernst & Young Political Action Committee,Congressman Stephen Lynch,2025-03-04,2500.00
ERNST & YOUNG LLP (WASHINGTON COUNCIL ERNST & YOUNG),Ernst & Young Political Action Committee,Senator Steve Daines,2025-06-16,2500.00
ERNST & YOUNG LLP (WASHINGTON COUNCIL ERNST & YOUNG),Ernst & Young Political Action Committee,Congresswoman Marilyn Strickland,2025-03-12,2500.00
ERNST & YOUNG LLP (WASHINGTON COUNCIL ERNST & YOUNG),Ernst & Young Political Action Committee,Congresswoman Marilyn Strickland,2025-06-04,2500.00
ERNST & YOUNG LLP (WASHINGTON COUNCIL ERNST & YOUNG),Ernst & Young Political Action Committee,Congresswoman Marilyn Strickland,2025-05-19,2500.00
ERNST & YOUNG LLP (WASHINGTON COUNCIL ERNST & YOUNG),Ernst & Young Political Action Committee,Congressman Marlin Stutzman,2025-06-04,2500.00
ERNST & YOUNG LLP (WASHINGTON COUNCIL ERNST & YOUNG),Ernst & Young Political Action Committee,Congressman Thomas Suozzi,2025-03-14,2500.00
ERNST & YOUNG LLP (WASHINGTON COUNCIL ERNST & YOUNG),Ernst & Young Political Action Committee,Congressman Thomas Suozzi,2025-06-04,500.00
ERNST & YOUNG LLP (WASHINGTON COUNCIL ERNST & YOUNG),Ernst & Young Political Action Committee,Congressman Thomas Suozzi,2025-06-04,2500.00
ERNST & YOUNG LLP (WASHINGTON COUNCIL ERNST & YOUNG),Ernst & Young Political Action Committee,Congresswoman Sylvia Garcia,2025-05-19,2500.00
ERNST & YOUNG LLP (WASHINGTON COUNCIL ERNST & YOUNG),Ernst & Young Political Action Committee,Congressman Brian Fitzpatrick,2025-06-16,5000.00
ERNST & YOUNG LLP (WASHINGTON COUNCIL ERNST & YOUNG),Ernst & Young Political Action Committee,Senator Bill Hagerty,2025-03-04,2500.00
ERNST & YOUNG LLP (WASHINGTON COUNCIL ERNST & YOUNG),Ernst & Young Political Action Committee,Senator Bill Hagerty,2025-05-30,-2500.00
ERNST & YOUNG LLP (WASHINGTON COUNCIL ERNST & YOUNG),Ernst & Young Political Action Committee,Senator Bill Hagerty,2025-06-04,1000.00
ERNST & YOUNG LLP (WASHINGTON COUNCIL ERNST & YOUNG),Ernst & Young Political Action Committee,Senator Bill Hagerty,2025-06-04,2500.00
ERNST & YOUNG LLP (WASHINGTON COUNCIL ERNST & YOUNG),Ernst & Young Political Action Committee,Congressman Patrick Harrigan,2025-03-12,1500.00
ERNST & YOUNG LLP (WASHINGTON COUNCIL ERNST & YOUNG),Ernst & Young Political Action Committee,Congressman Patrick Harrigan,2025-06-16,3500.00
ERNST & YOUNG LLP (WASHINGTON COUNCIL ERNST & YOUNG),Ernst & Young Political Action Committee,Senator Jack Reed,2025-03-12,2500.00
ERNST & YOUNG LLP (WASHINGTON COUNCIL ERNST & YOUNG),Ernst & Young Political Action Committee,Senator Thom Tillis,2025-06-04,2500.00
ERNST & YOUNG LLP (WASHINGTON COUNCIL ERNST & YOUNG),Ernst & Young Political Action Committee,Senator Thom Tillis,2025-06-04,5000.00
ERNST & YOUNG LLP (WASHINGTON COUNCIL ERNST & YOUNG),Ernst & Young Political Action Committee,Congressman Ritchie Torres,2025-01-13,-2500.00
ERNST & YOUNG LLP (WASHINGTON COUNCIL ERNST & YOUNG),Ernst & Young Political Action Committee,Congressman Troy Carter,2025-06-16,2500.00
ERNST & YOUNG LLP (WASHINGTON COUNCIL ERNST & YOUNG),Ernst & Young Political Action Committee,Congressman Troy Downing,2025-06-04,3000.00
ERNST & YOUNG LLP (WASHINGTON COUNCIL ERNST & YOUNG),Ernst & Young Political Action Committee,Congressman Troy Downing,2025-06-27,3000.00
ERNST & YOUNG LLP (WASHINGTON COUNCIL ERNST & YOUNG),Ernst & Young Political Action Committee,Congressman Troy Downing,2025-06-27,-3000.00
ERNST & YOUNG LLP (WASHINGTON COUNCIL ERNST & YOUNG),Ernst & Young Political Action Committee,Congressman David Valadao,2025-01-13,-2500.00
ERNST & YOUNG LLP (WASHINGTON COUNCIL ERNST & YOUNG),Ernst & Young Political Action Committee,Congressman Juan Vargas,2025-04-11,2500.00
ERNST & YOUNG LLP (WASHINGTON COUNCIL ERNST & YOUNG),Ernst & Young Political Action Committee,Senator Tina Smith,2025-06-04,5000.00
ERNST & YOUNG LLP (WASHINGTON COUNCIL ERNST & YOUNG),Ernst & Young Political Action Committee,Congressman Vern Buchanan,2025-06-04,5000.00
ERNST & YOUNG LLP (WASHINGTON COUNCIL ERNST & YOUNG),Ernst & Young Political Action Committee,Congressman Vicente Gonzalez,2025-03-12,2500.00
ERNST & YOUNG LLP (WASHINGTON COUNCIL ERNST & YOUNG),Ernst & Young Political Action Committee,ViewPAC,2025-04-29,5000.00
ERNST & YOUNG LLP (WASHINGTON COUNCIL ERNST & YOUNG),Ernst & Young Political Action Committee,Congresswoman Stacey Plaskett,2025-06-04,2500.00
ERNST & YOUNG LLP (WASHINGTON COUNCIL ERNST & YOUNG),Ernst & Young Political Action Committee,Congressman Michael Baumgartner,2025-06-24,1500.00
ERNST & YOUNG LLP (WASHINGTON COUNCIL ERNST & YOUNG),Ernst & Young Political Action Committee,Congressman William Timmons,2025-04-29,2500.00
ERNST & YOUNG LLP (WASHINGTON COUNCIL ERNST & YOUNG),Ernst & Young Political Action Committee,Congressman Steve Womack,2025-03-21,5000.00
ERNST & YOUNG LLP (WASHINGTON COUNCIL ERNST & YOUNG),Ernst & Young Political Action Committee,Wonder Woman PAC,2025-04-29,5000.00
ERNST & YOUNG LLP (WASHINGTON COUNCIL ERNST & YOUNG),Ernst & Young Political Action Committee,Congresswoman Young Kim,2025-06-16,5000.00
ERNST & YOUNG LLP (WASHINGTON COUNCIL ERNST & YOUNG),Ernst & Young Political Action Committee,Congressman Aaron Bean,2025-03-14,2500.00
ERNST & YOUNG LLP (WASHINGTON COUNCIL ERNST & YOUNG),Ernst & Young Political Action Committee,Congressman Aaron Bean,2025-06-24,2500.00
ERNST & YOUNG LLP (WASHINGTON COUNCIL ERNST & YOUNG),Ernst & Young Political Action Committee,Senator Katie Britt,2025-06-16,2500.00
ERNST & YOUNG LLP (WASHINGTON COUNCIL ERNST & YOUNG),Ernst & Young Political Action Committee,Congressman Mike Johnson,2025-06-04,5000.00
ERNST & YOUNG LLP (WASHINGTON COUNCIL ERNST & YOUNG),Ernst & Young Political Action Committee,Congresman Andre Carson,2025-06-04,2500.00
ERNST & YOUNG LLP (WASHINGTON COUNCIL ERNST & YOUNG),Ernst & Young Political Action Committee,Congressman Andy Barr,2025-03-04,2500.00
ERNST & YOUNG LLP (WASHINGTON COUNCIL ERNST & YOUNG),Ernst & Young Political Action Committee,Congressman Andy Barr,2025-03-12,2500.00
ERNST & YOUNG LLP (WASHINGTON COUNCIL ERNST & YOUNG),Ernst & Young Political Action Committee,Congressman Andy Barr,2025-03-12,2500.00
ERNST & YOUNG LLP (WASHINGTON COUNCIL ERNST & YOUNG),Ernst & Young Political Action Committee,Congresswoman April McClain Delaney,2025-06-04,2500.00
ERNST & YOUNG LLP (WASHINGTON COUNCIL ERNST & YOUNG),Ernst & Young Political Action Committee,Congresswoman Ashley Hinson,2025-03-21,5000.00
ERNST & YOUNG LLP (WASHINGTON COUNCIL ERNST & YOUNG),Ernst & Young Political Action Committee,Congressman Austin Scott,2025-06-04,2500.00
ERNST & YOUNG LLP (WASHINGTON COUNCIL ERNST & YOUNG),Ernst & Young Political Action Committee,Congresswoman Joyce Beatty,2025-03-12,2500.00
ERNST & YOUNG LLP (WASHINGTON COUNCIL ERNST & YOUNG),Ernst & Young Political Action Committee,Congressman Jack Bergman,2025-04-11,2500.00
ERNST & YOUNG LLP (WASHINGTON COUNCIL ERNST & YOUNG),Ernst & Young Political Action Committee,Congressman Bill Foster,2025-05-19,3000.00
ERNST & YOUNG LLP (WASHINGTON COUNCIL ERNST & YOUNG),Ernst & Young Political Action Committee,Blue Dog PAC,2025-04-29,5000.00
ERNST & YOUNG LLP (WASHINGTON COUNCIL ERNST & YOUNG),Ernst & Young Political Action Committee,BOLD PAC,2025-04-29,5000.00
ERNST & YOUNG LLP (WASHINGTON COUNCIL ERNST & YOUNG),Ernst & Young Political Action Committee,Congresswoman Suzanne Bonamici,2025-03-12,1000.00
ERNST & YOUNG LLP (WASHINGTON COUNCIL ERNST & YOUNG),Ernst & Young Political Action Committee,Congressman Brian Fitzpatrick,2025-03-12,2500.00
ERNST & YOUNG LLP (WASHINGTON COUNCIL ERNST & YOUNG),Ernst & Young Political Action Committee,Congressman Brian Jack,2025-06-04,2500.00
ERNST & YOUNG LLP (WASHINGTON COUNCIL ERNST & YOUNG),Ernst & Young Political Action Committee,Senator Ted Budd,2025-03-04,5000.00
ERNST & YOUNG LLP (WASHINGTON COUNCIL ERNST & YOUNG),Ernst & Young Political Action Committee,Congressman Mike Carey,2025-03-12,2500.00
ERNST & YOUNG LLP (WASHINGTON COUNCIL ERNST & YOUNG),Ernst & Young Political Action Committee,Congressman Mike Carey,2025-04-11,2500.00
ERNST & YOUNG LLP (WASHINGTON COUNCIL ERNST & YOUNG),Ernst & Young Political Action Committee,Congressman Mike Carey,2025-06-04,2500.00
ERNST & YOUNG LLP (WASHINGTON COUNCIL ERNST & YOUNG),Ernst & Young Political Action Committee,Congressman Carlos Gimenez,2025-06-24,1000.00
ERNST & YOUNG LLP (WASHINGTON COUNCIL ERNST & YOUNG),Ernst & Young Political Action Committee,Congresswoman Carol Miller,2025-05-19,1000.00
ERNST & YOUNG LLP (WASHINGTON COUNCIL ERNST & YOUNG),Ernst & Young Political Action Committee,Congressman Ed Case,2025-05-19,2500.00
ERNST & YOUNG LLP (WASHINGTON COUNCIL ERNST & YOUNG),Ernst & Young Political Action Committee,Congressman Sean Casten,2025-06-16,5000.00
ERNST & YOUNG LLP (WASHINGTON COUNCIL ERNST & YOUNG),Ernst & Young Political Action Committee,Congresswoman Chrissy Houlahan,2025-05-19,1000.00
ERNST & YOUNG LLP (WASHINGTON COUNCIL ERNST & YOUNG),Ernst & Young Political Action Committee,Congressman Gilbert Cisneros,2025-03-12,2500.00
ERNST & YOUNG LLP (WASHINGTON COUNCIL ERNST & YOUNG),Ernst & Young Political Action Committee,Congressman Emanuel Cleaver,2025-06-04,3000.00
ERNST & YOUNG LLP (WASHINGTON COUNCIL ERNST & YOUNG),Ernst & Young Political Action Committee,Congressman Cliff Bentz,2025-03-12,2500.00
ERNST & YOUNG LLP (WASHINGTON COUNCIL ERNST & YOUNG),Ernst & Young Political Action Committee,Congressman Tom Cole,2025-03-12,2500.00
ERNST & YOUNG LLP (WASHINGTON COUNCIL ERNST & YOUNG),Ernst & Young Political Action Committee,Congressman David Schweikert,2025-03-04,2500.00
ERNST & YOUNG LLP (WASHINGTON COUNCIL ERNST & YOUNG),Ernst & Young Political Action Committee,Congressman David Schweikert,2025-05-30,-2500.00
ERNST & YOUNG LLP (WASHINGTON COUNCIL ERNST & YOUNG),Ernst & Young Political Action Committee,Congressman David Schweikert,2025-06-04,2500.00
ERNST & YOUNG LLP (WASHINGTON COUNCIL ERNST & YOUNG),Ernst & Young Political Action Committee,Congressman Warren Davidson,2025-06-24,5000.00
ERNST & YOUNG LLP (WASHINGTON COUNCIL ERNST & YOUNG),Ernst & Young Political Action Committee,Congresswoman Suzann DelBene,2025-05-19,2500.00
ERNST & YOUNG LLP (WASHINGTON COUNCIL ERNST & YOUNG),Ernst & Young Political Action Committee,Congresswoman Suzann DelBene,2025-06-04,2500.00
ERNST & YOUNG LLP (WASHINGTON COUNCIL ERNST & YOUNG),Ernst & Young Political Action Committee,Congresswoman Suzann DelBene,2025-06-04,500.00
ERNST & YOUNG LLP (WASHINGTON COUNCIL ERNST & YOUNG),Ernst & Young Political Action Committee,Congressman Randy Feenstra,2025-06-04,5000.00
ERNST & YOUNG LLP (WASHINGTON COUNCIL ERNST & YOUNG),Ernst & Young Political Action Committee,Congressman Dwight Evans,2025-04-11,2500.00
ERNST & YOUNG LLP (WASHINGTON COUNCIL ERNST & YOUNG),Ernst & Young Political Action Committee,Congresswoman Sarah Elfreth,2025-06-16,2500.00
ERNST & YOUNG LLP (WASHINGTON COUNCIL ERNST & YOUNG),Ernst & Young Political Action Committee,Congresswoman Lizzie Fletcher,2025-04-11,2500.00
ERNST & YOUNG LLP (WASHINGTON COUNCIL ERNST & YOUNG),Ernst & Young Political Action Committee,Equality PAC,2025-04-29,5000.00
ERNST & YOUNG LLP (WASHINGTON COUNCIL ERNST & YOUNG),Ernst & Young Political Action Committee,Congresswoman Young Kim,2025-03-04,5000.00
ERNST & YOUNG LLP (WASHINGTON COUNCIL ERNST & YOUNG),Ernst & Young Political Action Committee,Congressman French Hill,2025-03-12,1500.00
ERNST & YOUNG LLP (WASHINGTON COUNCIL ERNST & YOUNG),Ernst & Young Political Action Committee,Congressman French Hill,2025-05-19,2500.00
ERNST & YOUNG LLP (WASHINGTON COUNCIL ERNST & YOUNG),Ernst & Young Political Action Committee,Congressman French Hill,2025-06-04,1000.00
ERNST & YOUNG LLP (WASHINGTON COUNCIL ERNST & YOUNG),Ernst & Young Political Action Committee,Congressman French Hill,2025-06-04,4000.00
ERNST & YOUNG LLP (WASHINGTON COUNCIL ERNST & YOUNG),Ernst & Young Political Action Committee,Congressman Gregory Meeks,2025-06-04,5000.00
ERNST & YOUNG LLP (WASHINGTON COUNCIL ERNST & YOUNG),Ernst & Young Political Action Committee,Congressman Dave Joyce,2025-06-04,5000.00
ERNST & YOUNG LLP (WASHINGTON COUNCIL ERNST & YOUNG),Ernst & Young Political Action Committee,Congressman Don Beyer,2025-03-12,2500.00
ERNST & YOUNG LLP (WASHINGTON COUNCIL ERNST & YOUNG),Ernst & Young Political Action Committee,Congressman Dusty Johnson,2025-03-12,2500.00
ERNST & YOUNG LLP (WASHINGTON COUNCIL ERNST & YOUNG),Ernst & Young Political Action Committee,Senator Mark Warner,2025-03-04,2500.00
ERNST & YOUNG LLP (WASHINGTON COUNCIL ERNST & YOUNG),Ernst & Young Political Action Committee,Senator Mark Warner,2025-04-11,2500.00
ERNST & YOUNG LLP (WASHINGTON COUNCIL ERNST & YOUNG),Ernst & Young Political Action Committee,Congressman Raja Krishnamoorthi,2025-03-12,2000.00
ERNST & YOUNG LLP (WASHINGTON COUNCIL ERNST & YOUNG),Ernst & Young Political Action Committee,Congressman Tim Moore,2025-04-11,5000.00
ERNST & YOUNG LLP (WASHINGTON COUNCIL ERNST & YOUNG),Ernst & Young Political Action Committee,Congressman Russell Fry,2025-03-12,2500.00
ERNST & YOUNG LLP (WASHINGTON COUNCIL ERNST & YOUNG),Ernst & Young Political Action Committee,Senator Ruben Gallego,2025-05-19,1000.00
ERNST & YOUNG LLP (WASHINGTON COUNCIL ERNST & YOUNG),Ernst & Young Political Action Committee,Congressman Andrew Garbarino,2025-05-19,3000.00
ERNST & YOUNG LLP (WASHINGTON COUNCIL ERNST & YOUNG),Ernst & Young Political Action Committee,Congressman Jimmy Gomez,2025-04-11,2500.00
ERNST & YOUNG LLP (WASHINGTON COUNCIL ERNST & YOUNG),Ernst & Young Political Action Committee,Senator Maggie Hassan,2025-06-04,5000.00
ERNST & YOUNG LLP (WASHINGTON COUNCIL ERNST & YOUNG),Ernst & Young Political Action Committee,Congressman Sam Graves,2025-06-04,2500.00
ERNST & YOUNG LLP (WASHINGTON COUNCIL ERNST & YOUNG),Ernst & Young Political Action Committee,Congressman Brett Guthrie,2025-03-04,2500.00
ERNST & YOUNG LLP (WASHINGTON COUNCIL ERNST & YOUNG),Ernst & Young Political Action Committee,Congressman Brett Guthrie,2025-05-19,2500.00
ERNST & YOUNG LLP (WASHINGTON COUNCIL ERNST & YOUNG),Ernst & Young Political Action Committee,Congressman Guy Reschenthaler,2025-05-19,2500.00
ERNST & YOUNG LLP (WASHINGTON COUNCIL ERNST & YOUNG),Ernst & Young Political Action Committee,Congresswoman Haley Stevens,2025-03-21,5000.00
ERNST & YOUNG LLP (WASHINGTON COUNCIL ERNST & YOUNG),Ernst & Young Political Action Committee,Congresswoman Haley Stevens,2025-03-21,5000.00
ERNST & YOUNG LLP (WASHINGTON COUNCIL ERNST & YOUNG),Ernst & Young Political Action Committee,Congressman Jim Himes,2025-06-04,2500.00
ERNST & YOUNG LLP (WASHINGTON COUNCIL ERNST & YOUNG),Ernst & Young Political Action Committee,Congressman Ron Wyden,2025-03-12,5000.00
ERNST & YOUNG LLP (WASHINGTON COUNCIL ERNST & YOUNG),Ernst & Young Political Action Committee,Congresswoman Erin Houchin,2025-03-21,5000.00
ERNST & YOUNG LLP (WASHINGTON COUNCIL ERNST & YOUNG),Ernst & Young Political Action Committee,Congressman Bill Huizengal,2025-03-12,5000.00
ERNST & YOUNG LLP (WASHINGTON COUNCIL ERNST & YOUNG),Ernst & Young Political Action Committee,Congressman Zach Nunn,2025-06-04,5000.00
ERNST & YOUNG LLP (WASHINGTON COUNCIL ERNST & YOUNG),Ernst & Young Political Action Committee,Congresswoman Janelle Bynum,2025-06-04,2500.00
ERNST & YOUNG LLP (WASHINGTON COUNCIL ERNST & YOUNG),Ernst & Young Political Action Committee,Congressman Jason Smith,2025-03-04,3000.00
ERNST & YOUNG LLP (WASHINGTON COUNCIL ERNST & YOUNG),Ernst & Young Political Action Committee,Congressman Hakeem Jeffries,2025-06-04,5000.00
ERNST & YOUNG LLP (WASHINGTON COUNCIL ERNST & YOUNG),Ernst & Young Political Action Committee,Congressman Hakeem Jeffries,2025-06-04,5000.00
ERNST & YOUNG LLP (WASHINGTON COUNCIL ERNST & YOUNG),Ernst & Young Political Action Committee,Congressman Josh Gottheimer,2025-03-04,3500.00
ERNST & YOUNG LLP (WASHINGTON COUNCIL ERNST & YOUNG),Ernst & Young Political Action Committee,Congressman Jim Costa,2025-03-12,2500.00
ERNST & YOUNG LLP (WASHINGTON COUNCIL ERNST & YOUNG),Ernst & Young Political Action Committee,Senator James Risch,2025-06-04,2500.00
ERNST & YOUNG LLP (WASHINGTON COUNCIL ERNST & YOUNG),Ernst & Young Political Action Committee,Congressman Jimmy Panetta,2025-03-04,3500.00
ERNST & YOUNG LLP (WASHINGTON COUNCIL ERNST & YOUNG),Ernst & Young Political Action Committee,Congressman Jimmy Panetta,2025-06-04,2000.00
ERNST & YOUNG LLP (WASHINGTON COUNCIL ERNST & YOUNG),Ernst & Young Political Action Committee,Congressman Jimmy Panetta,2025-06-04,1500.00
ERNST & YOUNG LLP (WASHINGTON COUNCIL ERNST & YOUNG),Ernst & Young Political Action Committee,Congressman Joseph Morelle,2025-05-19,2500.00
ERNST & YOUNG LLP (WASHINGTON COUNCIL ERNST & YOUNG),Ernst & Young Political Action Committee,Congressman Joe Neguse,2025-03-12,2500.00
ERNST & YOUNG LLP (WASHINGTON COUNCIL ERNST & YOUNG),Ernst & Young Political Action Committee,Congressman Joe Neguse,2025-06-04,2500.00
ERNST & YOUNG LLP (WASHINGTON COUNCIL ERNST & YOUNG),Ernst & Young Political Action Committee,Congressman Joe Neguse,2025-06-04,2500.00
ERNST & YOUNG LLP (WASHINGTON COUNCIL ERNST & YOUNG),Ernst & Young Political Action Committee,Congressman John Carter,2025-05-19,2500.00
ERNST & YOUNG LLP (WASHINGTON COUNCIL ERNST & YOUNG),Ernst & Young Political Action Committee,Congressman Johnny Olszewski,2025-06-16,2500.00
ERNST & YOUNG LLP (WASHINGTON COUNCIL ERNST & YOUNG),Ernst & Young Political Action Committee,Senator Joni Ernst,2025-04-11,2500.00
ERNST & YOUNG LLP (WASHINGTON COUNCIL ERNST & YOUNG),Ernst & Young Political Action Committee,Senator Joni Ernst,2025-04-11,2500.00
ERNST & YOUNG LLP (WASHINGTON COUNCIL ERNST & YOUNG),Ernst & Young Political Action Committee,Congresswoman Julia Letlow,2025-05-19,2000.00
ERNST & YOUNG LLP (WASHINGTON COUNCIL ERNST & YOUNG),Ernst & Young Political Action Committee,Senator Ruben Gallego,2025-04-11,5000.00
ERNST & YOUNG LLP (WASHINGTON COUNCIL ERNST & YOUNG),Ernst & Young Political Action Committee,Congresswoman Catherine Clark,2025-05-19,5000.00
ERNST & YOUNG LLP (WASHINGTON COUNCIL ERNST & YOUNG),Ernst & Young Political Action Committee,Congresswoman Catherine Clark,2025-05-19,5000.00
ERNST & YOUNG LLP (WASHINGTON COUNCIL ERNST & YOUNG),Ernst & Young Political Action Committee,Congressman Tom Kean,2025-05-19,2500.00
ERNST & YOUNG LLP (WASHINGTON COUNCIL ERNST & YOUNG),Ernst & Young Political Action Committee,Congresswoman Kristen McDonald Rivet,2025-06-16,2500.00
ERNST & YOUNG LLP (WASHINGTON COUNCIL ERNST & YOUNG),Ernst & Young Political Action Committee,Congressman David Kustoff,2025-03-24,5000.00
ERNST & YOUNG LLP (WASHINGTON COUNCIL ERNST & YOUNG),Ernst & Young Political Action Committee,Congressman Kweisi Mfume,2025-06-04,5000.00
ERNST & YOUNG LLP (WASHINGTON COUNCIL ERNST & YOUNG),Ernst & Young Political Action Committee,Congressman Darin LaHood,2025-04-11,5000.00
ERNST & YOUNG LLP (WASHINGTON COUNCIL ERNST & YOUNG),Ernst & Young Political Action Committee,Congressman Darin LaHood,2025-05-19,2500.00
ERNST & YOUNG LLP (WASHINGTON COUNCIL ERNST & YOUNG),Ernst & Young Political Action Committee,Congressman Nick LaLota,2025-03-04,1000.00
ERNST & YOUNG LLP (WASHINGTON COUNCIL ERNST & YOUNG),Ernst & Young Political Action Committee,Congressman Mike Lawler,2025-03-12,5000.00
ERNST & YOUNG LLP (WASHINGTON COUNCIL ERNST & YOUNG),Ernst & Young Political Action Committee,Congressman Sam Liccardo,2025-03-04,5000.00
ERNST & YOUNG LLP (WASHINGTON COUNCIL ERNST & YOUNG),Ernst & Young Political Action Committee,Congressman Sam Liccardo,2025-05-19,2500.00
ERNST & YOUNG LLP (WASHINGTON COUNCIL ERNST & YOUNG),Ernst & Young Political Action Committee,Congresswoman Lisa McClain,2025-05-19,2000.00
ERNST & YOUNG LLP (WASHINGTON COUNCIL ERNST & YOUNG),Ernst & Young Political Action Committee,Senator Lisa Murkowski,2025-05-19,2500.00
ERNST & YOUNG LLP (WASHINGTON COUNCIL ERNST & YOUNG),Ernst & Young Political Action Committee,Congresswoman Zoe Lofgren,2025-03-12,5000.00
ERNST & YOUNG LLP (WASHINGTON COUNCIL ERNST & YOUNG),Ernst & Young Political Action Committee,Congressman Lou Correa,2025-03-12,2500.00
ERNST & YOUNG LLP (WASHINGTON COUNCIL ERNST & YOUNG),Ernst & Young Political Action Committee,Congressman Barry Loudermilk,2025-03-04,2500.00
ERNST & YOUNG LLP (WASHINGTON COUNCIL ERNST & YOUNG),Ernst & Young Political Action Committee,Congresswoman Madeleine Dean,2025-03-04,2500.00
ERNST & YOUNG LLP (WASHINGTON COUNCIL ERNST & YOUNG),Ernst & Young Political Action Committee,Congressman Richard Neal,2025-06-04,5000.00
ERNST & YOUNG LLP (WASHINGTON COUNCIL ERNST & YOUNG),Ernst & Young Political Action Committee,Senator Angus King,2025-03-12,2500.00
ERNST & YOUNG LLP (WASHINGTON COUNCIL ERNST & YOUNG),Ernst & Young Political Action Committee,Congresswoman Madeleine Dean,2025-06-24,5000.00
ERNST & YOUNG LLP (WASHINGTON COUNCIL ERNST & YOUNG),Ernst & Young Political Action Committee,Congressman Marc Veasey,2025-04-11,2500.00
ERNST & YOUNG LLP (WASHINGTON COUNCIL ERNST & YOUNG),Ernst & Young Political Action Committee,Congressman Mario Diaz-Balart,2025-01-13,-2500.00
ERNST & YOUNG LLP (WASHINGTON COUNCIL ERNST & YOUNG),Ernst & Young Political Action Committee,Congresswoman Sarah McBride,2025-06-04,2500.00
ERNST & YOUNG LLP (WASHINGTON COUNCIL ERNST & YOUNG),Ernst & Young Political Action Committee,Congressman Addison McDowell,2025-03-12,2500.00
ERNST & YOUNG LLP (WASHINGTON COUNCIL ERNST & YOUNG),Ernst & Young Political Action Committee,Congressman Addison McDowell,2025-03-25,2500.00
ERNST & YOUNG LLP (WASHINGTON COUNCIL ERNST & YOUNG),Ernst & Young Political Action Committee,Congressman Addison McDowell,2025-04-09,-2500.00
ERNST & YOUNG LLP (WASHINGTON COUNCIL ERNST & YOUNG),Ernst & Young Political Action Committee,Congressman Addison McDowell,2025-05-19,2500.00
ERNST & YOUNG LLP (WASHINGTON COUNCIL ERNST & YOUNG),Ernst & Young Political Action Committee,Congressman Dan Meuser,2025-03-04,2500.00
ERNST & YOUNG LLP (WASHINGTON COUNCIL ERNST & YOUNG),Ernst & Young Political Action Committee,Congressman Dan Meuser,2025-03-21,2500.00
ERNST & YOUNG LLP (WASHINGTON COUNCIL ERNST & YOUNG),Ernst & Young Political Action Committee,Congressman Dan Meuser,2025-03-21,2500.00
ERNST & YOUNG LLP (WASHINGTON COUNCIL ERNST & YOUNG),Ernst & Young Political Action Committee,Congressman Michael Haridopolos,2025-04-11,5000.00
ERNST & YOUNG LLP (WASHINGTON COUNCIL ERNST & YOUNG),Ernst & Young Political Action Committee,Congressman Mike Johnson,2025-06-04,5000.00
ERNST & YOUNG LLP (WASHINGTON COUNCIL ERNST & YOUNG),Ernst & Young Political Action Committee,Congressman Mike Johnson,2025-06-04,5000.00
ERNST & YOUNG LLP (WASHINGTON COUNCIL ERNST & YOUNG),Ernst & Young Political Action Committee,Congressman Mike Kelly,2025-06-16,2500.00
ERNST & YOUNG LLP (WASHINGTON COUNCIL ERNST & YOUNG),Ernst & Young Political Action Committee,ModSquad,2025-04-11,5000.00
ERNST & YOUNG LLP (WASHINGTON COUNCIL ERNST & YOUNG),Ernst & Young Political Action Committee,Senator Ashley Moody,2025-06-04,3000.00
ERNST & YOUNG LLP (WASHINGTON COUNCIL ERNST & YOUNG),Ernst & Young Political Action Committee,Congressman John Moolenaar,2025-03-21,2500.00
ERNST & YOUNG LLP (WASHINGTON COUNCIL ERNST & YOUNG),Ernst & Young Political Action Committee,Congresswoman Gwen Moore,2025-04-29,2500.00
ERNST & YOUNG LLP (WASHINGTON COUNCIL ERNST & YOUNG),Ernst & Young Political Action Committee,Congressman Nathaniel Moran,2025-06-04,2500.00
ERNST & YOUNG LLP (WASHINGTON COUNCIL ERNST & YOUNG),Ernst & Young Political Action Committee,Congressman Steven Horsford,2025-03-04,2500.00
ERNST & YOUNG LLP (WASHINGTON COUNCIL ERNST & YOUNG),Ernst & Young Political Action Committee,Congressman Steven Horsford,2025-06-04,2500.00
ERNST & YOUNG LLP (WASHINGTON COUNCIL ERNST & YOUNG),Ernst & Young Political Action Committee,Congressman Steven Horsford,2025-06-04,2500.00
ERNST & YOUNG LLP (WASHINGTON COUNCIL ERNST & YOUNG),Ernst & Young Political Action Committee,Congresswoman Nicole Malliotakis,2025-06-04,2500.00
ERNST & YOUNG LLP (WASHINGTON COUNCIL ERNST & YOUNG),Ernst & Young Political Action Committee,Congresswoman Nikema Williams,2025-03-04,2500.00
ERNST & YOUNG LLP (WASHINGTON COUNCIL ERNST & YOUNG),Ernst & Young Political Action Committee,Congressman Pete Aguilar,2025-05-19,5000.00
ERNST & YOUNG LLP (WASHINGTON COUNCIL ERNST & YOUNG),Ernst & Young Political Action Committee,Congressman Pete Sessions,2025-06-16,5000.00
ERNST & YOUNG LLP (WASHINGTON COUNCIL ERNST & YOUNG),Ernst & Young Political Action Committee,Congressman Mike Quigley,2025-06-04,2500.00
ERNST & YOUNG LLP (WASHINGTON COUNCIL ERNST & YOUNG),Ernst & Young Political Action Committee,RG2/Tuesday Group,2025-03-12,5000.00
ERNST & YOUNG LLP (WASHINGTON COUNCIL ERNST & YOUNG),Ernst & Young Political Action Committee,Congressman Richard Neal,2025-03-04,2500.00
ERNST & YOUNG LLP (WASHINGTON COUNCIL ERNST & YOUNG),Ernst & Young Political Action Committee,Congressman Richard Neal,2025-05-19,2500.00
ERNST & YOUNG LLP (WASHINGTON COUNCIL ERNST & YOUNG),Ernst & Young Political Action Committee,Congressman Richard Neal,2025-05-19,2500.00
ERNST & YOUNG LLP (WASHINGTON COUNCIL ERNST & YOUNG),Ernst & Young Political Action Committee,Congressman Rob Wittman,2025-03-21,5000.00
ERNST & YOUNG LLP (WASHINGTON COUNCIL ERNST & YOUNG),Ernst & Young Political Action Committee,Congresswoman Robin Kelly,2025-03-12,1500.00
ERNST & YOUNG LLP (WASHINGTON COUNCIL ERNST & YOUNG),Ernst & Young Political Action Committee,Congresswoman Robin Kelly,2025-04-30,3500.00
ERNST & YOUNG LLP (WASHINGTON COUNCIL ERNST & YOUNG),Ernst & Young Political Action Committee,Congressman Rogers Williams,2025-06-04,3000.00
ERNST & YOUNG LLP (WASHINGTON COUNCIL ERNST & YOUNG),Ernst & Young Political Action Committee,Congressman Rudy Yakym,2025-04-11,2500.00
ERNST & YOUNG LLP (WASHINGTON COUNCIL ERNST & YOUNG),Ernst & Young Political Action Committee,Congressman Rudy Yakym,2025-06-04,2500.00
ERNST & YOUNG LLP (WASHINGTON COUNCIL ERNST & YOUNG),Ernst & Young Political Action Committee,Congressman Michael Rulli,2025-03-12,1000.00
ERNST & YOUNG LLP (WASHINGTON COUNCIL ERNST & YOUNG),Ernst & Young Political Action Committee,Congresswoman Maria Salazar,2025-03-12,2000.00
ERNST & YOUNG LLP (WASHINGTON COUNCIL ERNST & YOUNG),Ernst & Young Political Action Committee,Congresswoman Mary Scanlon,2025-06-04,2500.00
ERNST & YOUNG LLP (WASHINGTON COUNCIL ERNST & YOUNG),Ernst & Young Political Action Committee,Congressman Brad Schneider,2025-03-04,3500.00
ERNST & YOUNG LLP (WASHINGTON COUNCIL ERNST & YOUNG),Ernst & Young Political Action Committee,Congressman Brad Schneider,2025-05-19,1500.00
ERNST & YOUNG LLP (WASHINGTON COUNCIL ERNST & YOUNG),Ernst & Young Political Action Committee,Congressman Brad Schneider,2025-05-19,3500.00
ERNST & YOUNG LLP (WASHINGTON COUNCIL ERNST & YOUNG),Ernst & Young Political Action Committee,Congressman Scott Fitzgerald,2025-03-12,5000.00
ERNST & YOUNG LLP (WASHINGTON COUNCIL ERNST & YOUNG),Ernst & Young Political Action Committee,Congressman Brad Sherman,2025-04-11,2000.00
ERNST & YOUNG LLP (WASHINGTON COUNCIL ERNST & YOUNG),Ernst & Young Political Action Committee,Congressman Brad Sherman,2025-05-19,3000.00
ERNST & YOUNG LLP (WASHINGTON COUNCIL ERNST & YOUNG),Ernst & Young Political Action Committee,Congressman John Curtis,2025-06-27,5000.00
ERNST & YOUNG LLP (WASHINGTON COUNCIL ERNST & YOUNG),Ernst & Young Political Action Committee,Congressman Bryan Steil,2025-03-12,2000.00
ERNST & YOUNG LLP (WASHINGTON COUNCIL ERNST & YOUNG),Ernst & Young Political Action Committee,Congressman Bryan Steil,2025-06-04,3000.00
ERNST & YOUNG LLP (WASHINGTON COUNCIL ERNST & YOUNG),Ernst & Young Political Action Committee,Congressman Bryan Steil,2025-06-04,2000.00
ERNST & YOUNG LLP (WASHINGTON COUNCIL ERNST & YOUNG),Ernst & Young Political Action Committee,Congressman Stephen Lynch,2025-03-04,2500.00
ERNST & YOUNG LLP (WASHINGTON COUNCIL ERNST & YOUNG),Ernst & Young Political Action Committee,Senator Steve Daines,2025-06-16,2500.00
ERNST & YOUNG LLP (WASHINGTON COUNCIL ERNST & YOUNG),Ernst & Young Political Action Committee,Congresswoman Marilyn Strickland,2025-03-12,2500.00
ERNST & YOUNG LLP (WASHINGTON COUNCIL ERNST & YOUNG),Ernst & Young Political Action Committee,Congresswoman Marilyn Strickland,2025-06-04,2500.00
ERNST & YOUNG LLP (WASHINGTON COUNCIL ERNST & YOUNG),Ernst & Young Political Action Committee,Congresswoman Marilyn Strickland,2025-05-19,2500.00
ERNST & YOUNG LLP (WASHINGTON COUNCIL ERNST & YOUNG),Ernst & Young Political Action Committee,Congressman Marlin Stutzman,2025-06-04,2500.00
ERNST & YOUNG LLP (WASHINGTON COUNCIL ERNST & YOUNG),Ernst & Young Political Action Committee,Congressman Thomas Suozzi,2025-03-14,2500.00
ERNST & YOUNG LLP (WASHINGTON COUNCIL ERNST & YOUNG),Ernst & Young Political Action Committee,Congressman Thomas Suozzi,2025-06-04,500.00
ERNST & YOUNG LLP (WASHINGTON COUNCIL ERNST & YOUNG),Ernst & Young Political Action Committee,Congressman Thomas Suozzi,2025-06-04,2500.00
ERNST & YOUNG LLP (WASHINGTON COUNCIL ERNST & YOUNG),Ernst & Young Political Action Committee,Congresswoman Sylvia Garcia,2025-05-19,2500.00
ERNST & YOUNG LLP (WASHINGTON COUNCIL ERNST & YOUNG),Ernst & Young Political Action Committee,Congressman Brian Fitzpatrick,2025-06-16,5000.00
ERNST & YOUNG LLP (WASHINGTON COUNCIL ERNST & YOUNG),Ernst & Young Political Action Committee,Senator Bill Hagerty,2025-03-04,2500.00
ERNST & YOUNG LLP (WASHINGTON COUNCIL ERNST & YOUNG),Ernst & Young Political Action Committee,Senator Bill Hagerty,2025-05-30,-2500.00
ERNST & YOUNG LLP (WASHINGTON COUNCIL ERNST & YOUNG),Ernst & Young Political Action Committee,Senator Bill Hagerty,2025-06-04,1000.00
ERNST & YOUNG LLP (WASHINGTON COUNCIL ERNST & YOUNG),Ernst & Young Political Action Committee,Senator Bill Hagerty,2025-06-04,2500.00
ERNST & YOUNG LLP (WASHINGTON COUNCIL ERNST & YOUNG),Ernst & Young Political Action Committee,Congressman Patrick Harrigan,2025-03-12,1500.00
ERNST & YOUNG LLP (WASHINGTON COUNCIL ERNST & YOUNG),Ernst & Young Political Action Committee,Congressman Patrick Harrigan,2025-06-16,3500.00
ERNST & YOUNG LLP (WASHINGTON COUNCIL ERNST & YOUNG),Ernst & Young Political Action Committee,Senator Jack Reed,2025-03-12,2500.00
ERNST & YOUNG LLP (WASHINGTON COUNCIL ERNST & YOUNG),Ernst & Young Political Action Committee,Senator Thom Tillis,2025-06-04,2500.00
ERNST & YOUNG LLP (WASHINGTON COUNCIL ERNST & YOUNG),Ernst & Young Political Action Committee,Senator Thom Tillis,2025-06-04,5000.00
ERNST & YOUNG LLP (WASHINGTON COUNCIL ERNST & YOUNG),Ernst & Young Political Action Committee,Congressman Ritchie Torres,2025-01-13,-2500.00
ERNST & YOUNG LLP (WASHINGTON COUNCIL ERNST & YOUNG),Ernst & Young Political Action Committee,Congressman Troy Carter,2025-06-16,2500.00
ERNST & YOUNG LLP (WASHINGTON COUNCIL ERNST & YOUNG),Ernst & Young Political Action Committee,Congressman Troy Downing,2025-06-04,3000.00
ERNST & YOUNG LLP (WASHINGTON COUNCIL ERNST & YOUNG),Ernst & Young Political Action Committee,Congressman Troy Downing,2025-06-27,3000.00
ERNST & YOUNG LLP (WASHINGTON COUNCIL ERNST & YOUNG),Ernst & Young Political Action Committee,Congressman Troy Downing,2025-06-27,-3000.00
ERNST & YOUNG LLP (WASHINGTON COUNCIL ERNST & YOUNG),Ernst & Young Political Action Committee,Congressman David Valadao,2025-01-13,-2500.00
ERNST & YOUNG LLP (WASHINGTON COUNCIL ERNST & YOUNG),Ernst & Young Political Action Committee,Congressman Juan Vargas,2025-04-11,2500.00
ERNST & YOUNG LLP (WASHINGTON COUNCIL ERNST & YOUNG),Ernst & Young Political Action Committee,Senator Tina Smith,2025-06-04,5000.00
ERNST & YOUNG LLP (WASHINGTON COUNCIL ERNST & YOUNG),Ernst & Young Political Action Committee,Congressman Vern Buchanan,2025-06-04,5000.00
ERNST & YOUNG LLP (WASHINGTON COUNCIL ERNST & YOUNG),Ernst & Young Political Action Committee,Congressman Vicente Gonzalez,2025-03-12,2500.00
ERNST & YOUNG LLP (WASHINGTON COUNCIL ERNST & YOUNG),Ernst & Young Political Action Committee,ViewPAC,2025-04-29,5000.00
ERNST & YOUNG LLP (WASHINGTON COUNCIL ERNST & YOUNG),Ernst & Young Political Action Committee,Congresswoman Stacey Plaskett,2025-06-04,2500.00
ERNST & YOUNG LLP (WASHINGTON COUNCIL ERNST & YOUNG),Ernst & Young Political Action Committee,Congressman Michael Baumgartner,2025-06-24,1500.00
ERNST & YOUNG LLP (WASHINGTON COUNCIL ERNST & YOUNG),Ernst & Young Political Action Committee,Congressman William Timmons,2025-04-29,2500.00
ERNST & YOUNG LLP (WASHINGTON COUNCIL ERNST & YOUNG),Ernst & Young Political Action Committee,Congressman Steve Womack,2025-03-21,5000.00
ERNST & YOUNG LLP (WASHINGTON COUNCIL ERNST & YOUNG),Ernst & Young Political Action Committee,Wonder Woman PAC,2025-04-29,5000.00
ERNST & YOUNG LLP (WASHINGTON COUNCIL ERNST & YOUNG),Ernst & Young Political Action Committee,Congresswoman Young Kim,2025-06-16,5000.00
ERNST & YOUNG LLP (WASHINGTON COUNCIL ERNST & YOUNG),Ernst & Young Political Action Committee,Congressman Aaron Bean,2025-03-14,2500.00
ERNST & YOUNG LLP (WASHINGTON COUNCIL ERNST & YOUNG),Ernst & Young Political Action Committee,Congressman Aaron Bean,2025-06-24,2500.00
ERNST & YOUNG LLP (WASHINGTON COUNCIL ERNST & YOUNG),Ernst & Young Political Action Committee,Senator Katie Britt,2025-06-16,2500.00
ERNST & YOUNG LLP (WASHINGTON COUNCIL ERNST & YOUNG),Ernst & Young Political Action Committee,Congressman Mike Johnson,2025-06-04,5000.00
ERNST & YOUNG LLP (WASHINGTON COUNCIL ERNST & YOUNG),Ernst & Young Political Action Committee,Congresman Andre Carson,2025-06-04,2500.00
ERNST & YOUNG LLP (WASHINGTON COUNCIL ERNST & YOUNG),Ernst & Young Political Action Committee,Congressman Andy Barr,2025-03-04,2500.00
ERNST & YOUNG LLP (WASHINGTON COUNCIL ERNST & YOUNG),Ernst & Young Political Action Committee,Congressman Andy Barr,2025-03-12,2500.00
ERNST & YOUNG LLP (WASHINGTON COUNCIL ERNST & YOUNG),Ernst & Young Political Action Committee,Congressman Andy Barr,2025-03-12,2500.00
ERNST & YOUNG LLP (WASHINGTON COUNCIL ERNST & YOUNG),Ernst & Young Political Action Committee,Congresswoman April McClain Delaney,2025-06-04,2500.00
ERNST & YOUNG LLP (WASHINGTON COUNCIL ERNST & YOUNG),Ernst & Young Political Action Committee,Congresswoman Ashley Hinson,2025-03-21,5000.00
ERNST & YOUNG LLP (WASHINGTON COUNCIL ERNST & YOUNG),Ernst & Young Political Action Committee,Congressman Austin Scott,2025-06-04,2500.00
ERNST & YOUNG LLP (WASHINGTON COUNCIL ERNST & YOUNG),Ernst & Young Political Action Committee,Congresswoman Joyce Beatty,2025-03-12,2500.00
ERNST & YOUNG LLP (WASHINGTON COUNCIL ERNST & YOUNG),Ernst & Young Political Action Committee,Congressman Jack Bergman,2025-04-11,2500.00
ERNST & YOUNG LLP (WASHINGTON COUNCIL ERNST & YOUNG),Ernst & Young Political Action Committee,Congressman Bill Foster,2025-05-19,3000.00
ERNST & YOUNG LLP (WASHINGTON COUNCIL ERNST & YOUNG),Ernst & Young Political Action Committee,Blue Dog PAC,2025-04-29,5000.00
ERNST & YOUNG LLP (WASHINGTON COUNCIL ERNST & YOUNG),Ernst & Young Political Action Committee,BOLD PAC,2025-04-29,5000.00
ERNST & YOUNG LLP (WASHINGTON COUNCIL ERNST & YOUNG),Ernst & Young Political Action Committee,Congresswoman Suzanne Bonamici,2025-03-12,1000.00
ERNST & YOUNG LLP (WASHINGTON COUNCIL ERNST & YOUNG),Ernst & Young Political Action Committee,Congressman Brian Fitzpatrick,2025-03-12,2500.00
ERNST & YOUNG LLP (WASHINGTON COUNCIL ERNST & YOUNG),Ernst & Young Political Action Committee,Congressman Brian Jack,2025-06-04,2500.00
ERNST & YOUNG LLP (WASHINGTON COUNCIL ERNST & YOUNG),Ernst & Young Political Action Committee,Senator Ted Budd,2025-03-04,5000.00
ERNST & YOUNG LLP (WASHINGTON COUNCIL ERNST & YOUNG),Ernst & Young Political Action Committee,Congressman Mike Carey,2025-03-12,2500.00
ERNST & YOUNG LLP (WASHINGTON COUNCIL ERNST & YOUNG),Ernst & Young Political Action Committee,Congressman Mike Carey,2025-04-11,2500.00
ERNST & YOUNG LLP (WASHINGTON COUNCIL ERNST & YOUNG),Ernst & Young Political Action Committee,Congressman Mike Carey,2025-06-04,2500.00
ERNST & YOUNG LLP (WASHINGTON COUNCIL ERNST & YOUNG),Ernst & Young Political Action Committee,Congressman Carlos Gimenez,2025-06-24,1000.00
ERNST & YOUNG LLP (WASHINGTON COUNCIL ERNST & YOUNG),Ernst & Young Political Action Committee,Congresswoman Carol Miller,2025-05-19,1000.00
ERNST & YOUNG LLP (WASHINGTON COUNCIL ERNST & YOUNG),Ernst & Young Political Action Committee,Congressman Ed Case,2025-05-19,2500.00
ERNST & YOUNG LLP (WASHINGTON COUNCIL ERNST & YOUNG),Ernst & Young Political Action Committee,Congressman Sean Casten,2025-06-16,5000.00
ERNST & YOUNG LLP (WASHINGTON COUNCIL ERNST & YOUNG),Ernst & Young Political Action Committee,Congresswoman Chrissy Houlahan,2025-05-19,1000.00
ERNST & YOUNG LLP (WASHINGTON COUNCIL ERNST & YOUNG),Ernst & Young Political Action Committee,Congressman Gilbert Cisneros,2025-03-12,2500.00
ERNST & YOUNG LLP (WASHINGTON COUNCIL ERNST & YOUNG),Ernst & Young Political Action Committee,Congressman Emanuel Cleaver,2025-06-04,3000.00
ERNST & YOUNG LLP (WASHINGTON COUNCIL ERNST & YOUNG),Ernst & Young Political Action Committee,Congressman Cliff Bentz,2025-03-12,2500.00
ERNST & YOUNG LLP (WASHINGTON COUNCIL ERNST & YOUNG),Ernst & Young Political Action Committee,Congressman Tom Cole,2025-03-12,2500.00
ERNST & YOUNG LLP (WASHINGTON COUNCIL ERNST & YOUNG),Ernst & Young Political Action Committee,Congressman David Schweikert,2025-03-04,2500.00
ERNST & YOUNG LLP (WASHINGTON COUNCIL ERNST & YOUNG),Ernst & Young Political Action Committee,Congressman David Schweikert,2025-05-30,-2500.00
ERNST & YOUNG LLP (WASHINGTON COUNCIL ERNST & YOUNG),Ernst & Young Political Action Committee,Congressman David Schweikert,2025-06-04,2500.00
ERNST & YOUNG LLP (WASHINGTON COUNCIL ERNST & YOUNG),Ernst & Young Political Action Committee,Congressman Warren Davidson,2025-06-24,5000.00
ERNST & YOUNG LLP (WASHINGTON COUNCIL ERNST & YOUNG),Ernst & Young Political Action Committee,Congresswoman Suzann DelBene,2025-05-19,2500.00
ERNST & YOUNG LLP (WASHINGTON COUNCIL ERNST & YOUNG),Ernst & Young Political Action Committee,Congresswoman Suzann DelBene,2025-06-04,2500.00
ERNST & YOUNG LLP (WASHINGTON COUNCIL ERNST & YOUNG),Ernst & Young Political Action Committee,Congresswoman Suzann DelBene,2025-06-04,500.00
ERNST & YOUNG LLP (WASHINGTON COUNCIL ERNST & YOUNG),Ernst & Young Political Action Committee,Congressman Randy Feenstra,2025-06-04,5000.00
ERNST & YOUNG LLP (WASHINGTON COUNCIL ERNST & YOUNG),Ernst & Young Political Action Committee,Congressman Dwight Evans,2025-04-11,2500.00
ERNST & YOUNG LLP (WASHINGTON COUNCIL ERNST & YOUNG),Ernst & Young Political Action Committee,Congresswoman Sarah Elfreth,2025-06-16,2500.00
ERNST & YOUNG LLP (WASHINGTON COUNCIL ERNST & YOUNG),Ernst & Young Political Action Committee,Congresswoman Lizzie Fletcher,2025-04-11,2500.00
ERNST & YOUNG LLP (WASHINGTON COUNCIL ERNST & YOUNG),Ernst & Young Political Action Committee,Equality PAC,2025-04-29,5000.00
ERNST & YOUNG LLP (WASHINGTON COUNCIL ERNST & YOUNG),Ernst & Young Political Action Committee,Congresswoman Young Kim,2025-03-04,5000.00
ERNST & YOUNG LLP (WASHINGTON COUNCIL ERNST & YOUNG),Ernst & Young Political Action Committee,Congressman French Hill,2025-03-12,1500.00
ERNST & YOUNG LLP (WASHINGTON COUNCIL ERNST & YOUNG),Ernst & Young Political Action Committee,Congressman French Hill,2025-05-19,2500.00
ERNST & YOUNG LLP (WASHINGTON COUNCIL ERNST & YOUNG),Ernst & Young Political Action Committee,Congressman French Hill,2025-06-04,1000.00
ERNST & YOUNG LLP (WASHINGTON COUNCIL ERNST & YOUNG),Ernst & Young Political Action Committee,Congressman French Hill,2025-06-04,4000.00
ERNST & YOUNG LLP (WASHINGTON COUNCIL ERNST & YOUNG),Ernst & Young Political Action Committee,Congressman Gregory Meeks,2025-06-04,5000.00
ERNST & YOUNG LLP (WASHINGTON COUNCIL ERNST & YOUNG),Ernst & Young Political Action Committee,Congressman Dave Joyce,2025-06-04,5000.00
ERNST & YOUNG LLP (WASHINGTON COUNCIL ERNST & YOUNG),Ernst & Young Political Action Committee,Congressman Don Beyer,2025-03-12,2500.00
ERNST & YOUNG LLP (WASHINGTON COUNCIL ERNST & YOUNG),Ernst & Young Political Action Committee,Congressman Dusty Johnson,2025-03-12,2500.00
ERNST & YOUNG LLP (WASHINGTON COUNCIL ERNST & YOUNG),Ernst & Young Political Action Committee,Senator Mark Warner,2025-03-04,2500.00
ERNST & YOUNG LLP (WASHINGTON COUNCIL ERNST & YOUNG),Ernst & Young Political Action Committee,Senator Mark Warner,2025-04-11,2500.00
ERNST & YOUNG LLP (WASHINGTON COUNCIL ERNST & YOUNG),Ernst & Young Political Action Committee,Congressman Raja Krishnamoorthi,2025-03-12,2000.00
ERNST & YOUNG LLP (WASHINGTON COUNCIL ERNST & YOUNG),Ernst & Young Political Action Committee,Congressman Tim Moore,2025-04-11,5000.00
ERNST & YOUNG LLP (WASHINGTON COUNCIL ERNST & YOUNG),Ernst & Young Political Action Committee,Congressman Russell Fry,2025-03-12,2500.00
ERNST & YOUNG LLP (WASHINGTON COUNCIL ERNST & YOUNG),Ernst & Young Political Action Committee,Senator Ruben Gallego,2025-05-19,1000.00
ERNST & YOUNG LLP (WASHINGTON COUNCIL ERNST & YOUNG),Ernst & Young Political Action Committee,Congressman Andrew Garbarino,2025-05-19,3000.00
ERNST & YOUNG LLP (WASHINGTON COUNCIL ERNST & YOUNG),Ernst & Young Political Action Committee,Congressman Jimmy Gomez,2025-04-11,2500.00
ERNST & YOUNG LLP (WASHINGTON COUNCIL ERNST & YOUNG),Ernst & Young Political Action Committee,Senator Maggie Hassan,2025-06-04,5000.00
ERNST & YOUNG LLP (WASHINGTON COUNCIL ERNST & YOUNG),Ernst & Young Political Action Committee,Congressman Sam Graves,2025-06-04,2500.00
ERNST & YOUNG LLP (WASHINGTON COUNCIL ERNST & YOUNG),Ernst & Young Political Action Committee,Congressman Brett Guthrie,2025-03-04,2500.00
ERNST & YOUNG LLP (WASHINGTON COUNCIL ERNST & YOUNG),Ernst & Young Political Action Committee,Congressman Brett Guthrie,2025-05-19,2500.00
ERNST & YOUNG LLP (WASHINGTON COUNCIL ERNST & YOUNG),Ernst & Young Political Action Committee,Congressman Guy Reschenthaler,2025-05-19,2500.00
ERNST & YOUNG LLP (WASHINGTON COUNCIL ERNST & YOUNG),Ernst & Young Political Action Committee,Congresswoman Haley Stevens,2025-03-21,5000.00
ERNST & YOUNG LLP (WASHINGTON COUNCIL ERNST & YOUNG),Ernst & Young Political Action Committee,Congresswoman Haley Stevens,2025-03-21,5000.00
ERNST & YOUNG LLP (WASHINGTON COUNCIL ERNST & YOUNG),Ernst & Young Political Action Committee,Congressman Jim Himes,2025-06-04,2500.00
ERNST & YOUNG LLP (WASHINGTON COUNCIL ERNST & YOUNG),Ernst & Young Political Action Committee,Congressman Ron Wyden,2025-03-12,5000.00
ERNST & YOUNG LLP (WASHINGTON COUNCIL ERNST & YOUNG),Ernst & Young Political Action Committee,Congresswoman Erin Houchin,2025-03-21,5000.00
ERNST & YOUNG LLP (WASHINGTON COUNCIL ERNST & YOUNG),Ernst & Young Political Action Committee,Congressman Bill Huizengal,2025-03-12,5000.00
ERNST & YOUNG LLP (WASHINGTON COUNCIL ERNST & YOUNG),Ernst & Young Political Action Committee,Congressman Zach Nunn,2025-06-04,5000.00
ERNST & YOUNG LLP (WASHINGTON COUNCIL ERNST & YOUNG),Ernst & Young Political Action Committee,Congresswoman Janelle Bynum,2025-06-04,2500.00
ERNST & YOUNG LLP (WASHINGTON COUNCIL ERNST & YOUNG),Ernst & Young Political Action Committee,Congressman Jason Smith,2025-03-04,3000.00
ERNST & YOUNG LLP (WASHINGTON COUNCIL ERNST & YOUNG),Ernst & Young Political Action Committee,Congressman Hakeem Jeffries,2025-06-04,5000.00
ERNST & YOUNG LLP (WASHINGTON COUNCIL ERNST & YOUNG),Ernst & Young Political Action Committee,Congressman Hakeem Jeffries,2025-06-04,5000.00
ERNST & YOUNG LLP (WASHINGTON COUNCIL ERNST & YOUNG),Ernst & Young Political Action Committee,Congressman Josh Gottheimer,2025-03-04,3500.00
ERNST & YOUNG LLP (WASHINGTON COUNCIL ERNST & YOUNG),Ernst & Young Political Action Committee,Congressman Jim Costa,2025-03-12,2500.00
ERNST & YOUNG LLP (WASHINGTON COUNCIL ERNST & YOUNG),Ernst & Young Political Action Committee,Senator James Risch,2025-06-04,2500.00
ERNST & YOUNG LLP (WASHINGTON COUNCIL ERNST & YOUNG),Ernst & Young Political Action Committee,Congressman Jimmy Panetta,2025-03-04,3500.00
ERNST & YOUNG LLP (WASHINGTON COUNCIL ERNST & YOUNG),Ernst & Young Political Action Committee,Congressman Jimmy Panetta,2025-06-04,2000.00
ERNST & YOUNG LLP (WASHINGTON COUNCIL ERNST & YOUNG),Ernst & Young Political Action Committee,Congressman Jimmy Panetta,2025-06-04,1500.00
ERNST & YOUNG LLP (WASHINGTON COUNCIL ERNST & YOUNG),Ernst & Young Political Action Committee,Congressman Joseph Morelle,2025-05-19,2500.00
ERNST & YOUNG LLP (WASHINGTON COUNCIL ERNST & YOUNG),Ernst & Young Political Action Committee,Congressman Joe Neguse,2025-03-12,2500.00
ERNST & YOUNG LLP (WASHINGTON COUNCIL ERNST & YOUNG),Ernst & Young Political Action Committee,Congressman Joe Neguse,2025-06-04,2500.00
ERNST & YOUNG LLP (WASHINGTON COUNCIL ERNST & YOUNG),Ernst & Young Political Action Committee,Congressman Joe Neguse,2025-06-04,2500.00
ERNST & YOUNG LLP (WASHINGTON COUNCIL ERNST & YOUNG),Ernst & Young Political Action Committee,Congressman John Carter,2025-05-19,2500.00
ERNST & YOUNG LLP (WASHINGTON COUNCIL ERNST & YOUNG),Ernst & Young Political Action Committee,Congressman Johnny Olszewski,2025-06-16,2500.00
ERNST & YOUNG LLP (WASHINGTON COUNCIL ERNST & YOUNG),Ernst & Young Political Action Committee,Senator Joni Ernst,2025-04-11,2500.00
ERNST & YOUNG LLP (WASHINGTON COUNCIL ERNST & YOUNG),Ernst & Young Political Action Committee,Senator Joni Ernst,2025-04-11,2500.00
ERNST & YOUNG LLP (WASHINGTON COUNCIL ERNST & YOUNG),Ernst & Young Political Action Committee,Congresswoman Julia Letlow,2025-05-19,2000.00
ERNST & YOUNG LLP (WASHINGTON COUNCIL ERNST & YOUNG),Ernst & Young Political Action Committee,Senator Ruben Gallego,2025-04-11,5000.00
ERNST & YOUNG LLP (WASHINGTON COUNCIL ERNST & YOUNG),Ernst & Young Political Action Committee,Congresswoman Catherine Clark,2025-05-19,5000.00
ERNST & YOUNG LLP (WASHINGTON COUNCIL ERNST & YOUNG),Ernst & Young Political Action Committee,Congresswoman Catherine Clark,2025-05-19,5000.00
ERNST & YOUNG LLP (WASHINGTON COUNCIL ERNST & YOUNG),Ernst & Young Political Action Committee,Congressman Tom Kean,2025-05-19,2500.00
ERNST & YOUNG LLP (WASHINGTON COUNCIL ERNST & YOUNG),Ernst & Young Political Action Committee,Congresswoman Kristen McDonald Rivet,2025-06-16,2500.00
ERNST & YOUNG LLP (WASHINGTON COUNCIL ERNST & YOUNG),Ernst & Young Political Action Committee,Congressman David Kustoff,2025-03-24,5000.00
ERNST & YOUNG LLP (WASHINGTON COUNCIL ERNST & YOUNG),Ernst & Young Political Action Committee,Congressman Kweisi Mfume,2025-06-04,5000.00
ERNST & YOUNG LLP (WASHINGTON COUNCIL ERNST & YOUNG),Ernst & Young Political Action Committee,Congressman Darin LaHood,2025-04-11,5000.00
ERNST & YOUNG LLP (WASHINGTON COUNCIL ERNST & YOUNG),Ernst & Young Political Action Committee,Congressman Darin LaHood,2025-05-19,2500.00
ERNST & YOUNG LLP (WASHINGTON COUNCIL ERNST & YOUNG),Ernst & Young Political Action Committee,Congressman Nick LaLota,2025-03-04,1000.00
ERNST & YOUNG LLP (WASHINGTON COUNCIL ERNST & YOUNG),Ernst & Young Political Action Committee,Congressman Mike Lawler,2025-03-12,5000.00
ERNST & YOUNG LLP (WASHINGTON COUNCIL ERNST & YOUNG),Ernst & Young Political Action Committee,Congressman Sam Liccardo,2025-03-04,5000.00
ERNST & YOUNG LLP (WASHINGTON COUNCIL ERNST & YOUNG),Ernst & Young Political Action Committee,Congressman Sam Liccardo,2025-05-19,2500.00
ERNST & YOUNG LLP (WASHINGTON COUNCIL ERNST & YOUNG),Ernst & Young Political Action Committee,Congresswoman Lisa McClain,2025-05-19,2000.00
ERNST & YOUNG LLP (WASHINGTON COUNCIL ERNST & YOUNG),Ernst & Young Political Action Committee,Senator Lisa Murkowski,2025-05-19,2500.00
ERNST & YOUNG LLP (WASHINGTON COUNCIL ERNST & YOUNG),Ernst & Young Political Action Committee,Congresswoman Zoe Lofgren,2025-03-12,5000.00
ERNST & YOUNG LLP (WASHINGTON COUNCIL ERNST & YOUNG),Ernst & Young Political Action Committee,Congressman Lou Correa,2025-03-12,2500.00
ERNST & YOUNG LLP (WASHINGTON COUNCIL ERNST & YOUNG),Ernst & Young Political Action Committee,Congressman Barry Loudermilk,2025-03-04,2500.00
ERNST & YOUNG LLP (WASHINGTON COUNCIL ERNST & YOUNG),Ernst & Young Political Action Committee,Congresswoman Madeleine Dean,2025-03-04,2500.00
ERNST & YOUNG LLP (WASHINGTON COUNCIL ERNST & YOUNG),Ernst & Young Political Action Committee,Congressman Richard Neal,2025-06-04,5000.00
ERNST & YOUNG LLP (WASHINGTON COUNCIL ERNST & YOUNG),Ernst & Young Political Action Committee,Senator Angus King,2025-03-12,2500.00
ERNST & YOUNG LLP (WASHINGTON COUNCIL ERNST & YOUNG),Ernst & Young Political Action Committee,Congresswoman Madeleine Dean,2025-06-24,5000.00
ERNST & YOUNG LLP (WASHINGTON COUNCIL ERNST & YOUNG),Ernst & Young Political Action Committee,Congressman Marc Veasey,2025-04-11,2500.00
ERNST & YOUNG LLP (WASHINGTON COUNCIL ERNST & YOUNG),Ernst & Young Political Action Committee,Congressman Mario Diaz-Balart,2025-01-13,-2500.00
ERNST & YOUNG LLP (WASHINGTON COUNCIL ERNST & YOUNG),Ernst & Young Political Action Committee,Congresswoman Sarah McBride,2025-06-04,2500.00
ERNST & YOUNG LLP (WASHINGTON COUNCIL ERNST & YOUNG),Ernst & Young Political Action Committee,Congressman Addison McDowell,2025-03-12,2500.00
ERNST & YOUNG LLP (WASHINGTON COUNCIL ERNST & YOUNG),Ernst & Young Political Action Committee,Congressman Addison McDowell,2025-03-25,2500.00
ERNST & YOUNG LLP (WASHINGTON COUNCIL ERNST & YOUNG),Ernst & Young Political Action Committee,Congressman Addison McDowell,2025-04-09,-2500.00
ERNST & YOUNG LLP (WASHINGTON COUNCIL ERNST & YOUNG),Ernst & Young Political Action Committee,Congressman Addison McDowell,2025-05-19,2500.00
ERNST & YOUNG LLP (WASHINGTON COUNCIL ERNST & YOUNG),Ernst & Young Political Action Committee,Congressman Dan Meuser,2025-03-04,2500.00
ERNST & YOUNG LLP (WASHINGTON COUNCIL ERNST & YOUNG),Ernst & Young Political Action Committee,Congressman Dan Meuser,2025-03-21,2500.00
ERNST & YOUNG LLP (WASHINGTON COUNCIL ERNST & YOUNG),Ernst & Young Political Action Committee,Congressman Dan Meuser,2025-03-21,2500.00
ERNST & YOUNG LLP (WASHINGTON COUNCIL ERNST & YOUNG),Ernst & Young Political Action Committee,Congressman Michael Haridopolos,2025-04-11,5000.00
ERNST & YOUNG LLP (WASHINGTON COUNCIL ERNST & YOUNG),Ernst & Young Political Action Committee,Congressman Mike Johnson,2025-06-04,5000.00
ERNST & YOUNG LLP (WASHINGTON COUNCIL ERNST & YOUNG),Ernst & Young Political Action Committee,Congressman Mike Johnson,2025-06-04,5000.00
ERNST & YOUNG LLP (WASHINGTON COUNCIL ERNST & YOUNG),Ernst & Young Political Action Committee,Congressman Mike Kelly,2025-06-16,2500.00
ERNST & YOUNG LLP (WASHINGTON COUNCIL ERNST & YOUNG),Ernst & Young Political Action Committee,ModSquad,2025-04-11,5000.00
ERNST & YOUNG LLP (WASHINGTON COUNCIL ERNST & YOUNG),Ernst & Young Political Action Committee,Senator Ashley Moody,2025-06-04,3000.00
ERNST & YOUNG LLP (WASHINGTON COUNCIL ERNST & YOUNG),Ernst & Young Political Action Committee,Congressman John Moolenaar,2025-03-21,2500.00
ERNST & YOUNG LLP (WASHINGTON COUNCIL ERNST & YOUNG),Ernst & Young Political Action Committee,Congresswoman Gwen Moore,2025-04-29,2500.00
ERNST & YOUNG LLP (WASHINGTON COUNCIL ERNST & YOUNG),Ernst & Young Political Action Committee,Congressman Nathaniel Moran,2025-06-04,2500.00
ERNST & YOUNG LLP (WASHINGTON COUNCIL ERNST & YOUNG),Ernst & Young Political Action Committee,Congressman Steven Horsford,2025-03-04,2500.00
ERNST & YOUNG LLP (WASHINGTON COUNCIL ERNST & YOUNG),Ernst & Young Political Action Committee,Congressman Steven Horsford,2025-06-04,2500.00
ERNST & YOUNG LLP (WASHINGTON COUNCIL ERNST & YOUNG),Ernst & Young Political Action Committee,Congressman Steven Horsford,2025-06-04,2500.00
ERNST & YOUNG LLP (WASHINGTON COUNCIL ERNST & YOUNG),Ernst & Young Political Action Committee,Congresswoman Nicole Malliotakis,2025-06-04,2500.00
ERNST & YOUNG LLP (WASHINGTON COUNCIL ERNST & YOUNG),Ernst & Young Political Action Committee,Congresswoman Nikema Williams,2025-03-04,2500.00
ERNST & YOUNG LLP (WASHINGTON COUNCIL ERNST & YOUNG),Ernst & Young Political Action Committee,Congressman Pete Aguilar,2025-05-19,5000.00
ERNST & YOUNG LLP (WASHINGTON COUNCIL ERNST & YOUNG),Ernst & Young Political Action Committee,Congressman Pete Sessions,2025-06-16,5000.00
ERNST & YOUNG LLP (WASHINGTON COUNCIL ERNST & YOUNG),Ernst & Young Political Action Committee,Congressman Mike Quigley,2025-06-04,2500.00
ERNST & YOUNG LLP (WASHINGTON COUNCIL ERNST & YOUNG),Ernst & Young Political Action Committee,RG2/Tuesday Group,2025-03-12,5000.00
ERNST & YOUNG LLP (WASHINGTON COUNCIL ERNST & YOUNG),Ernst & Young Political Action Committee,Congressman Richard Neal,2025-03-04,2500.00
ERNST & YOUNG LLP (WASHINGTON COUNCIL ERNST & YOUNG),Ernst & Young Political Action Committee,Congressman Richard Neal,2025-05-19,2500.00
ERNST & YOUNG LLP (WASHINGTON COUNCIL ERNST & YOUNG),Ernst & Young Political Action Committee,Congressman Richard Neal,2025-05-19,2500.00
ERNST & YOUNG LLP (WASHINGTON COUNCIL ERNST & YOUNG),Ernst & Young Political Action Committee,Congressman Rob Wittman,2025-03-21,5000.00
ERNST & YOUNG LLP (WASHINGTON COUNCIL ERNST & YOUNG),Ernst & Young Political Action Committee,Congresswoman Robin Kelly,2025-03-12,1500.00
ERNST & YOUNG LLP (WASHINGTON COUNCIL ERNST & YOUNG),Ernst & Young Political Action Committee,Congresswoman Robin Kelly,2025-04-30,3500.00
ERNST & YOUNG LLP (WASHINGTON COUNCIL ERNST & YOUNG),Ernst & Young Political Action Committee,Congressman Rogers Williams,2025-06-04,3000.00
ERNST & YOUNG LLP (WASHINGTON COUNCIL ERNST & YOUNG),Ernst & Young Political Action Committee,Congressman Rudy Yakym,2025-04-11,2500.00
ERNST & YOUNG LLP (WASHINGTON COUNCIL ERNST & YOUNG),Ernst & Young Political Action Committee,Congressman Rudy Yakym,2025-06-04,2500.00
ERNST & YOUNG LLP (WASHINGTON COUNCIL ERNST & YOUNG),Ernst & Young Political Action Committee,Congressman Michael Rulli,2025-03-12,1000.00
ERNST & YOUNG LLP (WASHINGTON COUNCIL ERNST & YOUNG),Ernst & Young Political Action Committee,Congresswoman Maria Salazar,2025-03-12,2000.00
ERNST & YOUNG LLP (WASHINGTON COUNCIL ERNST & YOUNG),Ernst & Young Political Action Committee,Congresswoman Mary Scanlon,2025-06-04,2500.00
ERNST & YOUNG LLP (WASHINGTON COUNCIL ERNST & YOUNG),Ernst & Young Political Action Committee,Congressman Brad Schneider,2025-03-04,3500.00
ERNST & YOUNG LLP (WASHINGTON COUNCIL ERNST & YOUNG),Ernst & Young Political Action Committee,Congressman Brad Schneider,2025-05-19,1500.00
ERNST & YOUNG LLP (WASHINGTON COUNCIL ERNST & YOUNG),Ernst & Young Political Action Committee,Congressman Brad Schneider,2025-05-19,3500.00
ERNST & YOUNG LLP (WASHINGTON COUNCIL ERNST & YOUNG),Ernst & Young Political Action Committee,Congressman Scott Fitzgerald,2025-03-12,5000.00
ERNST & YOUNG LLP (WASHINGTON COUNCIL ERNST & YOUNG),Ernst & Young Political Action Committee,Congressman Brad Sherman,2025-04-11,2000.00
ERNST & YOUNG LLP (WASHINGTON COUNCIL ERNST & YOUNG),Ernst & Young Political Action Committee,Congressman Brad Sherman,2025-05-19,3000.00
ERNST & YOUNG LLP (WASHINGTON COUNCIL ERNST & YOUNG),Ernst & Young Political Action Committee,Congressman John Curtis,2025-06-27,5000.00
ERNST & YOUNG LLP (WASHINGTON COUNCIL ERNST & YOUNG),Ernst & Young Political Action Committee,Congressman Bryan Steil,2025-03-12,2000.00
ERNST & YOUNG LLP (WASHINGTON COUNCIL ERNST & YOUNG),Ernst & Young Political Action Committee,Congressman Bryan Steil,2025-06-04,3000.00
ERNST & YOUNG LLP (WASHINGTON COUNCIL ERNST & YOUNG),Ernst & Young Political Action Committee,Congressman Bryan Steil,2025-06-04,2000.00
ERNST & YOUNG LLP (WASHINGTON COUNCIL ERNST & YOUNG),Ernst & Young Political Action Committee,Congressman Stephen Lynch,2025-03-04,2500.00
ERNST & YOUNG LLP (WASHINGTON COUNCIL ERNST & YOUNG),Ernst & Young Political Action Committee,Senator Steve Daines,2025-06-16,2500.00
ERNST & YOUNG LLP (WASHINGTON COUNCIL ERNST & YOUNG),Ernst & Young Political Action Committee,Congresswoman Marilyn Strickland,2025-03-12,2500.00
ERNST & YOUNG LLP (WASHINGTON COUNCIL ERNST & YOUNG),Ernst & Young Political Action Committee,Congresswoman Marilyn Strickland,2025-06-04,2500.00
ERNST & YOUNG LLP (WASHINGTON COUNCIL ERNST & YOUNG),Ernst & Young Political Action Committee,Congresswoman Marilyn Strickland,2025-05-19,2500.00
ERNST & YOUNG LLP (WASHINGTON COUNCIL ERNST & YOUNG),Ernst & Young Political Action Committee,Congressman Marlin Stutzman,2025-06-04,2500.00
ERNST & YOUNG LLP (WASHINGTON COUNCIL ERNST & YOUNG),Ernst & Young Political Action Committee,Congressman Thomas Suozzi,2025-03-14,2500.00
ERNST & YOUNG LLP (WASHINGTON COUNCIL ERNST & YOUNG),Ernst & Young Political Action Committee,Congressman Thomas Suozzi,2025-06-04,500.00
ERNST & YOUNG LLP (WASHINGTON COUNCIL ERNST & YOUNG),Ernst & Young Political Action Committee,Congressman Thomas Suozzi,2025-06-04,2500.00
ERNST & YOUNG LLP (WASHINGTON COUNCIL ERNST & YOUNG),Ernst & Young Political Action Committee,Congresswoman Sylvia Garcia,2025-05-19,2500.00
ERNST & YOUNG LLP (WASHINGTON COUNCIL ERNST & YOUNG),Ernst & Young Political Action Committee,Congressman Brian Fitzpatrick,2025-06-16,5000.00
ERNST & YOUNG LLP (WASHINGTON COUNCIL ERNST & YOUNG),Ernst & Young Political Action Committee,Senator Bill Hagerty,2025-03-04,2500.00
ERNST & YOUNG LLP (WASHINGTON COUNCIL ERNST & YOUNG),Ernst & Young Political Action Committee,Senator Bill Hagerty,2025-05-30,-2500.00
ERNST & YOUNG LLP (WASHINGTON COUNCIL ERNST & YOUNG),Ernst & Young Political Action Committee,Senator Bill Hagerty,2025-06-04,1000.00
ERNST & YOUNG LLP (WASHINGTON COUNCIL ERNST & YOUNG),Ernst & Young Political Action Committee,Senator Bill Hagerty,2025-06-04,2500.00
ERNST & YOUNG LLP (WASHINGTON COUNCIL ERNST & YOUNG),Ernst & Young Political Action Committee,Congressman Patrick Harrigan,2025-03-12,1500.00
ERNST & YOUNG LLP (WASHINGTON COUNCIL ERNST & YOUNG),Ernst & Young Political Action Committee,Congressman Patrick Harrigan,2025-06-16,3500.00
ERNST & YOUNG LLP (WASHINGTON COUNCIL ERNST & YOUNG),Ernst & Young Political Action Committee,Senator Jack Reed,2025-03-12,2500.00
ERNST & YOUNG LLP (WASHINGTON COUNCIL ERNST & YOUNG),Ernst & Young Political Action Committee,Senator Thom Tillis,2025-06-04,2500.00
ERNST & YOUNG LLP (WASHINGTON COUNCIL ERNST & YOUNG),Ernst & Young Political Action Committee,Senator Thom Tillis,2025-06-04,5000.00
ERNST & YOUNG LLP (WASHINGTON COUNCIL ERNST & YOUNG),Ernst & Young Political Action Committee,Congressman Ritchie Torres,2025-01-13,-2500.00
ERNST & YOUNG LLP (WASHINGTON COUNCIL ERNST & YOUNG),Ernst & Young Political Action Committee,Congressman Troy Carter,2025-06-16,2500.00
ERNST & YOUNG LLP (WASHINGTON COUNCIL ERNST & YOUNG),Ernst & Young Political Action Committee,Congressman Troy Downing,2025-06-04,3000.00
ERNST & YOUNG LLP (WASHINGTON COUNCIL ERNST & YOUNG),Ernst & Young Political Action Committee,Congressman Troy Downing,2025-06-27,3000.00
ERNST & YOUNG LLP (WASHINGTON COUNCIL ERNST & YOUNG),Ernst & Young Political Action Committee,Congressman Troy Downing,2025-06-27,-3000.00
ERNST & YOUNG LLP (WASHINGTON COUNCIL ERNST & YOUNG),Ernst & Young Political Action Committee,Congressman David Valadao,2025-01-13,-2500.00
ERNST & YOUNG LLP (WASHINGTON COUNCIL ERNST & YOUNG),Ernst & Young Political Action Committee,Congressman Juan Vargas,2025-04-11,2500.00
ERNST & YOUNG LLP (WASHINGTON COUNCIL ERNST & YOUNG),Ernst & Young Political Action Committee,Senator Tina Smith,2025-06-04,5000.00
ERNST & YOUNG LLP (WASHINGTON COUNCIL ERNST & YOUNG),Ernst & Young Political Action Committee,Congressman Vern Buchanan,2025-06-04,5000.00
ERNST & YOUNG LLP (WASHINGTON COUNCIL ERNST & YOUNG),Ernst & Young Political Action Committee,Congressman Vicente Gonzalez,2025-03-12,2500.00
ERNST & YOUNG LLP (WASHINGTON COUNCIL ERNST & YOUNG),Ernst & Young Political Action Committee,ViewPAC,2025-04-29,5000.00
ERNST & YOUNG LLP (WASHINGTON COUNCIL ERNST & YOUNG),Ernst & Young Political Action Committee,Congresswoman Stacey Plaskett,2025-06-04,2500.00
ERNST & YOUNG LLP (WASHINGTON COUNCIL ERNST & YOUNG),Ernst & Young Political Action Committee,Congressman Michael Baumgartner,2025-06-24,1500.00
ERNST & YOUNG LLP (WASHINGTON COUNCIL ERNST & YOUNG),Ernst & Young Political Action Committee,Congressman William Timmons,2025-04-29,2500.00
ERNST & YOUNG LLP (WASHINGTON COUNCIL ERNST & YOUNG),Ernst & Young Political Action Committee,Congressman Steve Womack,2025-03-21,5000.00
ERNST & YOUNG LLP (WASHINGTON COUNCIL ERNST & YOUNG),Ernst & Young Political Action Committee,Wonder Woman PAC,2025-04-29,5000.00
ERNST & YOUNG LLP (WASHINGTON COUNCIL ERNST & YOUNG),Ernst & Young Political Action Committee,Congresswoman Young Kim,2025-06-16,5000.00
ERNST & YOUNG LLP (WASHINGTON COUNCIL ERNST & YOUNG),Ernst & Young Political Action Committee,Congressman Aaron Bean,2025-03-14,2500.00
ERNST & YOUNG LLP (WASHINGTON COUNCIL ERNST & YOUNG),Ernst & Young Political Action Committee,Congressman Aaron Bean,2025-06-24,2500.00
ERNST & YOUNG LLP (WASHINGTON COUNCIL ERNST & YOUNG),Ernst & Young Political Action Committee,Senator Katie Britt,2025-06-16,2500.00
ERNST & YOUNG LLP (WASHINGTON COUNCIL ERNST & YOUNG),Ernst & Young Political Action Committee,Congressman Mike Johnson,2025-06-04,5000.00
ERNST & YOUNG LLP (WASHINGTON COUNCIL ERNST & YOUNG),Ernst & Young Political Action Committee,Congresman Andre Carson,2025-06-04,2500.00
ERNST & YOUNG LLP (WASHINGTON COUNCIL ERNST & YOUNG),Ernst & Young Political Action Committee,Congressman Andy Barr,2025-03-04,2500.00
ERNST & YOUNG LLP (WASHINGTON COUNCIL ERNST & YOUNG),Ernst & Young Political Action Committee,Congressman Andy Barr,2025-03-12,2500.00
ERNST & YOUNG LLP (WASHINGTON COUNCIL ERNST & YOUNG),Ernst & Young Political Action Committee,Congressman Andy Barr,2025-03-12,2500.00
ERNST & YOUNG LLP (WASHINGTON COUNCIL ERNST & YOUNG),Ernst & Young Political Action Committee,Congresswoman April McClain Delaney,2025-06-04,2500.00
ERNST & YOUNG LLP (WASHINGTON COUNCIL ERNST & YOUNG),Ernst & Young Political Action Committee,Congresswoman Ashley Hinson,2025-03-21,5000.00
ERNST & YOUNG LLP (WASHINGTON COUNCIL ERNST & YOUNG),Ernst & Young Political Action Committee,Congressman Austin Scott,2025-06-04,2500.00
ERNST & YOUNG LLP (WASHINGTON COUNCIL ERNST & YOUNG),Ernst & Young Political Action Committee,Congresswoman Joyce Beatty,2025-03-12,2500.00
ERNST & YOUNG LLP (WASHINGTON COUNCIL ERNST & YOUNG),Ernst & Young Political Action Committee,Congressman Jack Bergman,2025-04-11,2500.00
ERNST & YOUNG LLP (WASHINGTON COUNCIL ERNST & YOUNG),Ernst & Young Political Action Committee,Congressman Bill Foster,2025-05-19,3000.00
ERNST & YOUNG LLP (WASHINGTON COUNCIL ERNST & YOUNG),Ernst & Young Political Action Committee,Blue Dog PAC,2025-04-29,5000.00
ERNST & YOUNG LLP (WASHINGTON COUNCIL ERNST & YOUNG),Ernst & Young Political Action Committee,BOLD PAC,2025-04-29,5000.00
ERNST & YOUNG LLP (WASHINGTON COUNCIL ERNST & YOUNG),Ernst & Young Political Action Committee,Congresswoman Suzanne Bonamici,2025-03-12,1000.00
ERNST & YOUNG LLP (WASHINGTON COUNCIL ERNST & YOUNG),Ernst & Young Political Action Committee,Congressman Brian Fitzpatrick,2025-03-12,2500.00
ERNST & YOUNG LLP (WASHINGTON COUNCIL ERNST & YOUNG),Ernst & Young Political Action Committee,Congressman Brian Jack,2025-06-04,2500.00
ERNST & YOUNG LLP (WASHINGTON COUNCIL ERNST & YOUNG),Ernst & Young Political Action Committee,Senator Ted Budd,2025-03-04,5000.00
ERNST & YOUNG LLP (WASHINGTON COUNCIL ERNST & YOUNG),Ernst & Young Political Action Committee,Congressman Mike Carey,2025-03-12,2500.00
ERNST & YOUNG LLP (WASHINGTON COUNCIL ERNST & YOUNG),Ernst & Young Political Action Committee,Congressman Mike Carey,2025-04-11,2500.00
ERNST & YOUNG LLP (WASHINGTON COUNCIL ERNST & YOUNG),Ernst & Young Political Action Committee,Congressman Mike Carey,2025-06-04,2500.00
ERNST & YOUNG LLP (WASHINGTON COUNCIL ERNST & YOUNG),Ernst & Young Political Action Committee,Congressman Carlos Gimenez,2025-06-24,1000.00
ERNST & YOUNG LLP (WASHINGTON COUNCIL ERNST & YOUNG),Ernst & Young Political Action Committee,Congresswoman Carol Miller,2025-05-19,1000.00
ERNST & YOUNG LLP (WASHINGTON COUNCIL ERNST & YOUNG),Ernst & Young Political Action Committee,Congressman Ed Case,2025-05-19,2500.00
ERNST & YOUNG LLP (WASHINGTON COUNCIL ERNST & YOUNG),Ernst & Young Political Action Committee,Congressman Sean Casten,2025-06-16,5000.00
ERNST & YOUNG LLP (WASHINGTON COUNCIL ERNST & YOUNG),Ernst & Young Political Action Committee,Congresswoman Chrissy Houlahan,2025-05-19,1000.00
ERNST & YOUNG LLP (WASHINGTON COUNCIL ERNST & YOUNG),Ernst & Young Political Action Committee,Congressman Gilbert Cisneros,2025-03-12,2500.00
ERNST & YOUNG LLP (WASHINGTON COUNCIL ERNST & YOUNG),Ernst & Young Political Action Committee,Congressman Emanuel Cleaver,2025-06-04,3000.00
ERNST & YOUNG LLP (WASHINGTON COUNCIL ERNST & YOUNG),Ernst & Young Political Action Committee,Congressman Cliff Bentz,2025-03-12,2500.00
ERNST & YOUNG LLP (WASHINGTON COUNCIL ERNST & YOUNG),Ernst & Young Political Action Committee,Congressman Tom Cole,2025-03-12,2500.00
ERNST & YOUNG LLP (WASHINGTON COUNCIL ERNST & YOUNG),Ernst & Young Political Action Committee,Congressman David Schweikert,2025-03-04,2500.00
ERNST & YOUNG LLP (WASHINGTON COUNCIL ERNST & YOUNG),Ernst & Young Political Action Committee,Congressman David Schweikert,2025-05-30,-2500.00
ERNST & YOUNG LLP (WASHINGTON COUNCIL ERNST & YOUNG),Ernst & Young Political Action Committee,Congressman David Schweikert,2025-06-04,2500.00
ERNST & YOUNG LLP (WASHINGTON COUNCIL ERNST & YOUNG),Ernst & Young Political Action Committee,Congressman Warren Davidson,2025-06-24,5000.00
ERNST & YOUNG LLP (WASHINGTON COUNCIL ERNST & YOUNG),Ernst & Young Political Action Committee,Congresswoman Suzann DelBene,2025-05-19,2500.00
ERNST & YOUNG LLP (WASHINGTON COUNCIL ERNST & YOUNG),Ernst & Young Political Action Committee,Congresswoman Suzann DelBene,2025-06-04,2500.00
ERNST & YOUNG LLP (WASHINGTON COUNCIL ERNST & YOUNG),Ernst & Young Political Action Committee,Congresswoman Suzann DelBene,2025-06-04,500.00
ERNST & YOUNG LLP (WASHINGTON COUNCIL ERNST & YOUNG),Ernst & Young Political Action Committee,Congressman Randy Feenstra,2025-06-04,5000.00
ERNST & YOUNG LLP (WASHINGTON COUNCIL ERNST & YOUNG),Ernst & Young Political Action Committee,Congressman Dwight Evans,2025-04-11,2500.00
ERNST & YOUNG LLP (WASHINGTON COUNCIL ERNST & YOUNG),Ernst & Young Political Action Committee,Congresswoman Sarah Elfreth,2025-06-16,2500.00
ERNST & YOUNG LLP (WASHINGTON COUNCIL ERNST & YOUNG),Ernst & Young Political Action Committee,Congresswoman Lizzie Fletcher,2025-04-11,2500.00
ERNST & YOUNG LLP (WASHINGTON COUNCIL ERNST & YOUNG),Ernst & Young Political Action Committee,Equality PAC,2025-04-29,5000.00
ERNST & YOUNG LLP (WASHINGTON COUNCIL ERNST & YOUNG),Ernst & Young Political Action Committee,Congresswoman Young Kim,2025-03-04,5000.00
ERNST & YOUNG LLP (WASHINGTON COUNCIL ERNST & YOUNG),Ernst & Young Political Action Committee,Congressman French Hill,2025-03-12,1500.00
ERNST & YOUNG LLP (WASHINGTON COUNCIL ERNST & YOUNG),Ernst & Young Political Action Committee,Congressman French Hill,2025-05-19,2500.00
ERNST & YOUNG LLP (WASHINGTON COUNCIL ERNST & YOUNG),Ernst & Young Political Action Committee,Congressman French Hill,2025-06-04,1000.00
ERNST & YOUNG LLP (WASHINGTON COUNCIL ERNST & YOUNG),Ernst & Young Political Action Committee,Congressman French Hill,2025-06-04,4000.00
ERNST & YOUNG LLP (WASHINGTON COUNCIL ERNST & YOUNG),Ernst & Young Political Action Committee,Congressman Gregory Meeks,2025-06-04,5000.00
ERNST & YOUNG LLP (WASHINGTON COUNCIL ERNST & YOUNG),Ernst & Young Political Action Committee,Congressman Dave Joyce,2025-06-04,5000.00
ERNST & YOUNG LLP (WASHINGTON COUNCIL ERNST & YOUNG),Ernst & Young Political Action Committee,Congressman Don Beyer,2025-03-12,2500.00
ERNST & YOUNG LLP (WASHINGTON COUNCIL ERNST & YOUNG),Ernst & Young Political Action Committee,Congressman Dusty Johnson,2025-03-12,2500.00
ERNST & YOUNG LLP (WASHINGTON COUNCIL ERNST & YOUNG),Ernst & Young Political Action Committee,Senator Mark Warner,2025-03-04,2500.00
ERNST & YOUNG LLP (WASHINGTON COUNCIL ERNST & YOUNG),Ernst & Young Political Action Committee,Senator Mark Warner,2025-04-11,2500.00
ERNST & YOUNG LLP (WASHINGTON COUNCIL ERNST & YOUNG),Ernst & Young Political Action Committee,Congressman Raja Krishnamoorthi,2025-03-12,2000.00
ERNST & YOUNG LLP (WASHINGTON COUNCIL ERNST & YOUNG),Ernst & Young Political Action Committee,Congressman Tim Moore,2025-04-11,5000.00
ERNST & YOUNG LLP (WASHINGTON COUNCIL ERNST & YOUNG),Ernst & Young Political Action Committee,Congressman Russell Fry,2025-03-12,2500.00
ERNST & YOUNG LLP (WASHINGTON COUNCIL ERNST & YOUNG),Ernst & Young Political Action Committee,Senator Ruben Gallego,2025-05-19,1000.00
ERNST & YOUNG LLP (WASHINGTON COUNCIL ERNST & YOUNG),Ernst & Young Political Action Committee,Congressman Andrew Garbarino,2025-05-19,3000.00
ERNST & YOUNG LLP (WASHINGTON COUNCIL ERNST & YOUNG),Ernst & Young Political Action Committee,Congressman Jimmy Gomez,2025-04-11,2500.00
ERNST & YOUNG LLP (WASHINGTON COUNCIL ERNST & YOUNG),Ernst & Young Political Action Committee,Senator Maggie Hassan,2025-06-04,5000.00
ERNST & YOUNG LLP (WASHINGTON COUNCIL ERNST & YOUNG),Ernst & Young Political Action Committee,Congressman Sam Graves,2025-06-04,2500.00
ERNST & YOUNG LLP (WASHINGTON COUNCIL ERNST & YOUNG),Ernst & Young Political Action Committee,Congressman Brett Guthrie,2025-03-04,2500.00
ERNST & YOUNG LLP (WASHINGTON COUNCIL ERNST & YOUNG),Ernst & Young Political Action Committee,Congressman Brett Guthrie,2025-05-19,2500.00
ERNST & YOUNG LLP (WASHINGTON COUNCIL ERNST & YOUNG),Ernst & Young Political Action Committee,Congressman Guy Reschenthaler,2025-05-19,2500.00
ERNST & YOUNG LLP (WASHINGTON COUNCIL ERNST & YOUNG),Ernst & Young Political Action Committee,Congresswoman Haley Stevens,2025-03-21,5000.00
ERNST & YOUNG LLP (WASHINGTON COUNCIL ERNST & YOUNG),Ernst & Young Political Action Committee,Congresswoman Haley Stevens,2025-03-21,5000.00
ERNST & YOUNG LLP (WASHINGTON COUNCIL ERNST & YOUNG),Ernst & Young Political Action Committee,Congressman Jim Himes,2025-06-04,2500.00
ERNST & YOUNG LLP (WASHINGTON COUNCIL ERNST & YOUNG),Ernst & Young Political Action Committee,Congressman Ron Wyden,2025-03-12,5000.00
ERNST & YOUNG LLP (WASHINGTON COUNCIL ERNST & YOUNG),Ernst & Young Political Action Committee,Congresswoman Erin Houchin,2025-03-21,5000.00
ERNST & YOUNG LLP (WASHINGTON COUNCIL ERNST & YOUNG),Ernst & Young Political Action Committee,Congressman Bill Huizengal,2025-03-12,5000.00
ERNST & YOUNG LLP (WASHINGTON COUNCIL ERNST & YOUNG),Ernst & Young Political Action Committee,Congressman Zach Nunn,2025-06-04,5000.00
ERNST & YOUNG LLP (WASHINGTON COUNCIL ERNST & YOUNG),Ernst & Young Political Action Committee,Congresswoman Janelle Bynum,2025-06-04,2500.00
ERNST & YOUNG LLP (WASHINGTON COUNCIL ERNST & YOUNG),Ernst & Young Political Action Committee,Congressman Jason Smith,2025-03-04,3000.00
ERNST & YOUNG LLP (WASHINGTON COUNCIL ERNST & YOUNG),Ernst & Young Political Action Committee,Congressman Hakeem Jeffries,2025-06-04,5000.00
ERNST & YOUNG LLP (WASHINGTON COUNCIL ERNST & YOUNG),Ernst & Young Political Action Committee,Congressman Hakeem Jeffries,2025-06-04,5000.00
ERNST & YOUNG LLP (WASHINGTON COUNCIL ERNST & YOUNG),Ernst & Young Political Action Committee,Congressman Josh Gottheimer,2025-03-04,3500.00
ERNST & YOUNG LLP (WASHINGTON COUNCIL ERNST & YOUNG),Ernst & Young Political Action Committee,Congressman Jim Costa,2025-03-12,2500.00
ERNST & YOUNG LLP (WASHINGTON COUNCIL ERNST & YOUNG),Ernst & Young Political Action Committee,Senator James Risch,2025-06-04,2500.00
ERNST & YOUNG LLP (WASHINGTON COUNCIL ERNST & YOUNG),Ernst & Young Political Action Committee,Congressman Jimmy Panetta,2025-03-04,3500.00
ERNST & YOUNG LLP (WASHINGTON COUNCIL ERNST & YOUNG),Ernst & Young Political Action Committee,Congressman Jimmy Panetta,2025-06-04,2000.00
ERNST & YOUNG LLP (WASHINGTON COUNCIL ERNST & YOUNG),Ernst & Young Political Action Committee,Congressman Jimmy Panetta,2025-06-04,1500.00
ERNST & YOUNG LLP (WASHINGTON COUNCIL ERNST & YOUNG),Ernst & Young Political Action Committee,Congressman Joseph Morelle,2025-05-19,2500.00
ERNST & YOUNG LLP (WASHINGTON COUNCIL ERNST & YOUNG),Ernst & Young Political Action Committee,Congressman Joe Neguse,2025-03-12,2500.00
ERNST & YOUNG LLP (WASHINGTON COUNCIL ERNST & YOUNG),Ernst & Young Political Action Committee,Congressman Joe Neguse,2025-06-04,2500.00
ERNST & YOUNG LLP (WASHINGTON COUNCIL ERNST & YOUNG),Ernst & Young Political Action Committee,Congressman Joe Neguse,2025-06-04,2500.00
ERNST & YOUNG LLP (WASHINGTON COUNCIL ERNST & YOUNG),Ernst & Young Political Action Committee,Congressman John Carter,2025-05-19,2500.00
ERNST & YOUNG LLP (WASHINGTON COUNCIL ERNST & YOUNG),Ernst & Young Political Action Committee,Congressman Johnny Olszewski,2025-06-16,2500.00
ERNST & YOUNG LLP (WASHINGTON COUNCIL ERNST & YOUNG),Ernst & Young Political Action Committee,Senator Joni Ernst,2025-04-11,2500.00
ERNST & YOUNG LLP (WASHINGTON COUNCIL ERNST & YOUNG),Ernst & Young Political Action Committee,Senator Joni Ernst,2025-04-11,2500.00
ERNST & YOUNG LLP (WASHINGTON COUNCIL ERNST & YOUNG),Ernst & Young Political Action Committee,Congresswoman Julia Letlow,2025-05-19,2000.00
ERNST & YOUNG LLP (WASHINGTON COUNCIL ERNST & YOUNG),Ernst & Young Political Action Committee,Senator Ruben Gallego,2025-04-11,5000.00
ERNST & YOUNG LLP (WASHINGTON COUNCIL ERNST & YOUNG),Ernst & Young Political Action Committee,Congresswoman Catherine Clark,2025-05-19,5000.00
ERNST & YOUNG LLP (WASHINGTON COUNCIL ERNST & YOUNG),Ernst & Young Political Action Committee,Congresswoman Catherine Clark,2025-05-19,5000.00
ERNST & YOUNG LLP (WASHINGTON COUNCIL ERNST & YOUNG),Ernst & Young Political Action Committee,Congressman Tom Kean,2025-05-19,2500.00
ERNST & YOUNG LLP (WASHINGTON COUNCIL ERNST & YOUNG),Ernst & Young Political Action Committee,Congresswoman Kristen McDonald Rivet,2025-06-16,2500.00
ERNST & YOUNG LLP (WASHINGTON COUNCIL ERNST & YOUNG),Ernst & Young Political Action Committee,Congressman David Kustoff,2025-03-24,5000.00
ERNST & YOUNG LLP (WASHINGTON COUNCIL ERNST & YOUNG),Ernst & Young Political Action Committee,Congressman Kweisi Mfume,2025-06-04,5000.00
ERNST & YOUNG LLP (WASHINGTON COUNCIL ERNST & YOUNG),Ernst & Young Political Action Committee,Congressman Darin LaHood,2025-04-11,5000.00
ERNST & YOUNG LLP (WASHINGTON COUNCIL ERNST & YOUNG),Ernst & Young Political Action Committee,Congressman Darin LaHood,2025-05-19,2500.00
ERNST & YOUNG LLP (WASHINGTON COUNCIL ERNST & YOUNG),Ernst & Young Political Action Committee,Congressman Nick LaLota,2025-03-04,1000.00
ERNST & YOUNG LLP (WASHINGTON COUNCIL ERNST & YOUNG),Ernst & Young Political Action Committee,Congressman Mike Lawler,2025-03-12,5000.00
ERNST & YOUNG LLP (WASHINGTON COUNCIL ERNST & YOUNG),Ernst & Young Political Action Committee,Congressman Sam Liccardo,2025-03-04,5000.00
ERNST & YOUNG LLP (WASHINGTON COUNCIL ERNST & YOUNG),Ernst & Young Political Action Committee,Congressman Sam Liccardo,2025-05-19,2500.00
ERNST & YOUNG LLP (WASHINGTON COUNCIL ERNST & YOUNG),Ernst & Young Political Action Committee,Congresswoman Lisa McClain,2025-05-19,2000.00
ERNST & YOUNG LLP (WASHINGTON COUNCIL ERNST & YOUNG),Ernst & Young Political Action Committee,Senator Lisa Murkowski,2025-05-19,2500.00
ERNST & YOUNG LLP (WASHINGTON COUNCIL ERNST & YOUNG),Ernst & Young Political Action Committee,Congresswoman Zoe Lofgren,2025-03-12,5000.00
ERNST & YOUNG LLP (WASHINGTON COUNCIL ERNST & YOUNG),Ernst & Young Political Action Committee,Congressman Lou Correa,2025-03-12,2500.00
ERNST & YOUNG LLP (WASHINGTON COUNCIL ERNST & YOUNG),Ernst & Young Political Action Committee,Congressman Barry Loudermilk,2025-03-04,2500.00
ERNST & YOUNG LLP (WASHINGTON COUNCIL ERNST & YOUNG),Ernst & Young Political Action Committee,Congresswoman Madeleine Dean,2025-03-04,2500.00
ERNST & YOUNG LLP (WASHINGTON COUNCIL ERNST & YOUNG),Ernst & Young Political Action Committee,Congressman Richard Neal,2025-06-04,5000.00
ERNST & YOUNG LLP (WASHINGTON COUNCIL ERNST & YOUNG),Ernst & Young Political Action Committee,Senator Angus King,2025-03-12,2500.00
ERNST & YOUNG LLP (WASHINGTON COUNCIL ERNST & YOUNG),Ernst & Young Political Action Committee,Congresswoman Madeleine Dean,2025-06-24,5000.00
ERNST & YOUNG LLP (WASHINGTON COUNCIL ERNST & YOUNG),Ernst & Young Political Action Committee,Congressman Marc Veasey,2025-04-11,2500.00
ERNST & YOUNG LLP (WASHINGTON COUNCIL ERNST & YOUNG),Ernst & Young Political Action Committee,Congressman Mario Diaz-Balart,2025-01-13,-2500.00
ERNST & YOUNG LLP (WASHINGTON COUNCIL ERNST & YOUNG),Ernst & Young Political Action Committee,Congresswoman Sarah McBride,2025-06-04,2500.00
ERNST & YOUNG LLP (WASHINGTON COUNCIL ERNST & YOUNG),Ernst & Young Political Action Committee,Congressman Addison McDowell,2025-03-12,2500.00
ERNST & YOUNG LLP (WASHINGTON COUNCIL ERNST & YOUNG),Ernst & Young Political Action Committee,Congressman Addison McDowell,2025-03-25,2500.00
ERNST & YOUNG LLP (WASHINGTON COUNCIL ERNST & YOUNG),Ernst & Young Political Action Committee,Congressman Addison McDowell,2025-04-09,-2500.00
ERNST & YOUNG LLP (WASHINGTON COUNCIL ERNST & YOUNG),Ernst & Young Political Action Committee,Congressman Addison McDowell,2025-05-19,2500.00
ERNST & YOUNG LLP (WASHINGTON COUNCIL ERNST & YOUNG),Ernst & Young Political Action Committee,Congressman Dan Meuser,2025-03-04,2500.00
ERNST & YOUNG LLP (WASHINGTON COUNCIL ERNST & YOUNG),Ernst & Young Political Action Committee,Congressman Dan Meuser,2025-03-21,2500.00
ERNST & YOUNG LLP (WASHINGTON COUNCIL ERNST & YOUNG),Ernst & Young Political Action Committee,Congressman Dan Meuser,2025-03-21,2500.00
ERNST & YOUNG LLP (WASHINGTON COUNCIL ERNST & YOUNG),Ernst & Young Political Action Committee,Congressman Michael Haridopolos,2025-04-11,5000.00
ERNST & YOUNG LLP (WASHINGTON COUNCIL ERNST & YOUNG),Ernst & Young Political Action Committee,Congressman Mike Johnson,2025-06-04,5000.00
ERNST & YOUNG LLP (WASHINGTON COUNCIL ERNST & YOUNG),Ernst & Young Political Action Committee,Congressman Mike Johnson,2025-06-04,5000.00
ERNST & YOUNG LLP (WASHINGTON COUNCIL ERNST & YOUNG),Ernst & Young Political Action Committee,Congressman Mike Kelly,2025-06-16,2500.00
ERNST & YOUNG LLP (WASHINGTON COUNCIL ERNST & YOUNG),Ernst & Young Political Action Committee,ModSquad,2025-04-11,5000.00
ERNST & YOUNG LLP (WASHINGTON COUNCIL ERNST & YOUNG),Ernst & Young Political Action Committee,Senator Ashley Moody,2025-06-04,3000.00
ERNST & YOUNG LLP (WASHINGTON COUNCIL ERNST & YOUNG),Ernst & Young Political Action Committee,Congressman John Moolenaar,2025-03-21,2500.00
ERNST & YOUNG LLP (WASHINGTON COUNCIL ERNST & YOUNG),Ernst & Young Political Action Committee,Congresswoman Gwen Moore,2025-04-29,2500.00
ERNST & YOUNG LLP (WASHINGTON COUNCIL ERNST & YOUNG),Ernst & Young Political Action Committee,Congressman Nathaniel Moran,2025-06-04,2500.00
ERNST & YOUNG LLP (WASHINGTON COUNCIL ERNST & YOUNG),Ernst & Young Political Action Committee,Congressman Steven Horsford,2025-03-04,2500.00
ERNST & YOUNG LLP (WASHINGTON COUNCIL ERNST & YOUNG),Ernst & Young Political Action Committee,Congressman Steven Horsford,2025-06-04,2500.00
ERNST & YOUNG LLP (WASHINGTON COUNCIL ERNST & YOUNG),Ernst & Young Political Action Committee,Congressman Steven Horsford,2025-06-04,2500.00
ERNST & YOUNG LLP (WASHINGTON COUNCIL ERNST & YOUNG),Ernst & Young Political Action Committee,Congresswoman Nicole Malliotakis,2025-06-04,2500.00
ERNST & YOUNG LLP (WASHINGTON COUNCIL ERNST & YOUNG),Ernst & Young Political Action Committee,Congresswoman Nikema Williams,2025-03-04,2500.00
ERNST & YOUNG LLP (WASHINGTON COUNCIL ERNST & YOUNG),Ernst & Young Political Action Committee,Congressman Pete Aguilar,2025-05-19,5000.00
ERNST & YOUNG LLP (WASHINGTON COUNCIL ERNST & YOUNG),Ernst & Young Political Action Committee,Congressman Pete Sessions,2025-06-16,5000.00
ERNST & YOUNG LLP (WASHINGTON COUNCIL ERNST & YOUNG),Ernst & Young Political Action Committee,Congressman Mike Quigley,2025-06-04,2500.00
ERNST & YOUNG LLP (WASHINGTON COUNCIL ERNST & YOUNG),Ernst & Young Political Action Committee,RG2/Tuesday Group,2025-03-12,5000.00
ERNST & YOUNG LLP (WASHINGTON COUNCIL ERNST & YOUNG),Ernst & Young Political Action Committee,Congressman Richard Neal,2025-03-04,2500.00
ERNST & YOUNG LLP (WASHINGTON COUNCIL ERNST & YOUNG),Ernst & Young Political Action Committee,Congressman Richard Neal,2025-05-19,2500.00
ERNST & YOUNG LLP (WASHINGTON COUNCIL ERNST & YOUNG),Ernst & Young Political Action Committee,Congressman Richard Neal,2025-05-19,2500.00
ERNST & YOUNG LLP (WASHINGTON COUNCIL ERNST & YOUNG),Ernst & Young Political Action Committee,Congressman Rob Wittman,2025-03-21,5000.00
ERNST & YOUNG LLP (WASHINGTON COUNCIL ERNST & YOUNG),Ernst & Young Political Action Committee,Congresswoman Robin Kelly,2025-03-12,1500.00
ERNST & YOUNG LLP (WASHINGTON COUNCIL ERNST & YOUNG),Ernst & Young Political Action Committee,Congresswoman Robin Kelly,2025-04-30,3500.00
ERNST & YOUNG LLP (WASHINGTON COUNCIL ERNST & YOUNG),Ernst & Young Political Action Committee,Congressman Rogers Williams,2025-06-04,3000.00
ERNST & YOUNG LLP (WASHINGTON COUNCIL ERNST & YOUNG),Ernst & Young Political Action Committee,Congressman Rudy Yakym,2025-04-11,2500.00
ERNST & YOUNG LLP (WASHINGTON COUNCIL ERNST & YOUNG),Ernst & Young Political Action Committee,Congressman Rudy Yakym,2025-06-04,2500.00
ERNST & YOUNG LLP (WASHINGTON COUNCIL ERNST & YOUNG),Ernst & Young Political Action Committee,Congressman Michael Rulli,2025-03-12,1000.00
ERNST & YOUNG LLP (WASHINGTON COUNCIL ERNST & YOUNG),Ernst & Young Political Action Committee,Congresswoman Maria Salazar,2025-03-12,2000.00
ERNST & YOUNG LLP (WASHINGTON COUNCIL ERNST & YOUNG),Ernst & Young Political Action Committee,Congresswoman Mary Scanlon,2025-06-04,2500.00
ERNST & YOUNG LLP (WASHINGTON COUNCIL ERNST & YOUNG),Ernst & Young Political Action Committee,Congressman Brad Schneider,2025-03-04,3500.00
ERNST & YOUNG LLP (WASHINGTON COUNCIL ERNST & YOUNG),Ernst & Young Political Action Committee,Congressman Brad Schneider,2025-05-19,1500.00
ERNST & YOUNG LLP (WASHINGTON COUNCIL ERNST & YOUNG),Ernst & Young Political Action Committee,Congressman Brad Schneider,2025-05-19,3500.00
ERNST & YOUNG LLP (WASHINGTON COUNCIL ERNST & YOUNG),Ernst & Young Political Action Committee,Congressman Scott Fitzgerald,2025-03-12,5000.00
ERNST & YOUNG LLP (WASHINGTON COUNCIL ERNST & YOUNG),Ernst & Young Political Action Committee,Congressman Brad Sherman,2025-04-11,2000.00
ERNST & YOUNG LLP (WASHINGTON COUNCIL ERNST & YOUNG),Ernst & Young Political Action Committee,Congressman Brad Sherman,2025-05-19,3000.00
ERNST & YOUNG LLP (WASHINGTON COUNCIL ERNST & YOUNG),Ernst & Young Political Action Committee,Congressman John Curtis,2025-06-27,5000.00
ERNST & YOUNG LLP (WASHINGTON COUNCIL ERNST & YOUNG),Ernst & Young Political Action Committee,Congressman Bryan Steil,2025-03-12,2000.00
ERNST & YOUNG LLP (WASHINGTON COUNCIL ERNST & YOUNG),Ernst & Young Political Action Committee,Congressman Bryan Steil,2025-06-04,3000.00
ERNST & YOUNG LLP (WASHINGTON COUNCIL ERNST & YOUNG),Ernst & Young Political Action Committee,Congressman Bryan Steil,2025-06-04,2000.00
ERNST & YOUNG LLP (WASHINGTON COUNCIL ERNST & YOUNG),Ernst & Young Political Action Committee,Congressman Stephen Lynch,2025-03-04,2500.00
ERNST & YOUNG LLP (WASHINGTON COUNCIL ERNST & YOUNG),Ernst & Young Political Action Committee,Senator Steve Daines,2025-06-16,2500.00
ERNST & YOUNG LLP (WASHINGTON COUNCIL ERNST & YOUNG),Ernst & Young Political Action Committee,Congresswoman Marilyn Strickland,2025-03-12,2500.00
ERNST & YOUNG LLP (WASHINGTON COUNCIL ERNST & YOUNG),Ernst & Young Political Action Committee,Congresswoman Marilyn Strickland,2025-06-04,2500.00
ERNST & YOUNG LLP (WASHINGTON COUNCIL ERNST & YOUNG),Ernst & Young Political Action Committee,Congresswoman Marilyn Strickland,2025-05-19,2500.00
ERNST & YOUNG LLP (WASHINGTON COUNCIL ERNST & YOUNG),Ernst & Young Political Action Committee,Congressman Marlin Stutzman,2025-06-04,2500.00
ERNST & YOUNG LLP (WASHINGTON COUNCIL ERNST & YOUNG),Ernst & Young Political Action Committee,Congressman Thomas Suozzi,2025-03-14,2500.00
ERNST & YOUNG LLP (WASHINGTON COUNCIL ERNST & YOUNG),Ernst & Young Political Action Committee,Congressman Thomas Suozzi,2025-06-04,500.00
ERNST & YOUNG LLP (WASHINGTON COUNCIL ERNST & YOUNG),Ernst & Young Political Action Committee,Congressman Thomas Suozzi,2025-06-04,2500.00
ERNST & YOUNG LLP (WASHINGTON COUNCIL ERNST & YOUNG),Ernst & Young Political Action Committee,Congresswoman Sylvia Garcia,2025-05-19,2500.00
ERNST & YOUNG LLP (WASHINGTON COUNCIL ERNST & YOUNG),Ernst & Young Political Action Committee,Congressman Brian Fitzpatrick,2025-06-16,5000.00
ERNST & YOUNG LLP (WASHINGTON COUNCIL ERNST & YOUNG),Ernst & Young Political Action Committee,Senator Bill Hagerty,2025-03-04,2500.00
ERNST & YOUNG LLP (WASHINGTON COUNCIL ERNST & YOUNG),Ernst & Young Political Action Committee,Senator Bill Hagerty,2025-05-30,-2500.00
ERNST & YOUNG LLP (WASHINGTON COUNCIL ERNST & YOUNG),Ernst & Young Political Action Committee,Senator Bill Hagerty,2025-06-04,1000.00
ERNST & YOUNG LLP (WASHINGTON COUNCIL ERNST & YOUNG),Ernst & Young Political Action Committee,Senator Bill Hagerty,2025-06-04,2500.00
ERNST & YOUNG LLP (WASHINGTON COUNCIL ERNST & YOUNG),Ernst & Young Political Action Committee,Congressman Patrick Harrigan,2025-03-12,1500.00
ERNST & YOUNG LLP (WASHINGTON COUNCIL ERNST & YOUNG),Ernst & Young Political Action Committee,Congressman Patrick Harrigan,2025-06-16,3500.00
ERNST & YOUNG LLP (WASHINGTON COUNCIL ERNST & YOUNG),Ernst & Young Political Action Committee,Senator Jack Reed,2025-03-12,2500.00
ERNST & YOUNG LLP (WASHINGTON COUNCIL ERNST & YOUNG),Ernst & Young Political Action Committee,Senator Thom Tillis,2025-06-04,2500.00
ERNST & YOUNG LLP (WASHINGTON COUNCIL ERNST & YOUNG),Ernst & Young Political Action Committee,Senator Thom Tillis,2025-06-04,5000.00
ERNST & YOUNG LLP (WASHINGTON COUNCIL ERNST & YOUNG),Ernst & Young Political Action Committee,Congressman Ritchie Torres,2025-01-13,-2500.00
ERNST & YOUNG LLP (WASHINGTON COUNCIL ERNST & YOUNG),Ernst & Young Political Action Committee,Congressman Troy Carter,2025-06-16,2500.00
ERNST & YOUNG LLP (WASHINGTON COUNCIL ERNST & YOUNG),Ernst & Young Political Action Committee,Congressman Troy Downing,2025-06-04,3000.00
ERNST & YOUNG LLP (WASHINGTON COUNCIL ERNST & YOUNG),Ernst & Young Political Action Committee,Congressman Troy Downing,2025-06-27,3000.00
ERNST & YOUNG LLP (WASHINGTON COUNCIL ERNST & YOUNG),Ernst & Young Political Action Committee,Congressman Troy Downing,2025-06-27,-3000.00
ERNST & YOUNG LLP (WASHINGTON COUNCIL ERNST & YOUNG),Ernst & Young Political Action Committee,Congressman David Valadao,2025-01-13,-2500.00
ERNST & YOUNG LLP (WASHINGTON COUNCIL ERNST & YOUNG),Ernst & Young Political Action Committee,Congressman Juan Vargas,2025-04-11,2500.00
ERNST & YOUNG LLP (WASHINGTON COUNCIL ERNST & YOUNG),Ernst & Young Political Action Committee,Senator Tina Smith,2025-06-04,5000.00
ERNST & YOUNG LLP (WASHINGTON COUNCIL ERNST & YOUNG),Ernst & Young Political Action Committee,Congressman Vern Buchanan,2025-06-04,5000.00
ERNST & YOUNG LLP (WASHINGTON COUNCIL ERNST & YOUNG),Ernst & Young Political Action Committee,Congressman Vicente Gonzalez,2025-03-12,2500.00
ERNST & YOUNG LLP (WASHINGTON COUNCIL ERNST & YOUNG),Ernst & Young Political Action Committee,ViewPAC,2025-04-29,5000.00
ERNST & YOUNG LLP (WASHINGTON COUNCIL ERNST & YOUNG),Ernst & Young Political Action Committee,Congresswoman Stacey Plaskett,2025-06-04,2500.00
ERNST & YOUNG LLP (WASHINGTON COUNCIL ERNST & YOUNG),Ernst & Young Political Action Committee,Congressman Michael Baumgartner,2025-06-24,1500.00
ERNST & YOUNG LLP (WASHINGTON COUNCIL ERNST & YOUNG),Ernst & Young Political Action Committee,Congressman William Timmons,2025-04-29,2500.00
ERNST & YOUNG LLP (WASHINGTON COUNCIL ERNST & YOUNG),Ernst & Young Political Action Committee,Congressman Steve Womack,2025-03-21,5000.00
ERNST & YOUNG LLP (WASHINGTON COUNCIL ERNST & YOUNG),Ernst & Young Political Action Committee,Wonder Woman PAC,2025-04-29,5000.00
ERNST & YOUNG LLP (WASHINGTON COUNCIL ERNST & YOUNG),Ernst & Young Political Action Committee,Congresswoman Young Kim,2025-06-16,5000.00
"INNOVATIVE FEDERAL STRATEGIES, LLC",,Rep. Mike Simpson,2025-03-13,1000.00
"INNOVATIVE FEDERAL STRATEGIES, LLC",,Rep. Ken Calvert,2025-03-13,3500.00
"INNOVATIVE FEDERAL STRATEGIES, LLC",,Rep. Jay Obernolte,2025-03-31,1000.00
"INNOVATIVE FEDERAL STRATEGIES, LLC",,Rep. Jay Obernolte,2025-06-04,1000.00
"INNOVATIVE FEDERAL STRATEGIES, LLC",,Rep. Mike Simpson,2025-03-13,1000.00
"INNOVATIVE FEDERAL STRATEGIES, LLC",,Rep. Ken Calvert,2025-03-13,3500.00
"INNOVATIVE FEDERAL STRATEGIES, LLC",,Rep. Jay Obernolte,2025-03-31,1000.00
"INNOVATIVE FEDERAL STRATEGIES, LLC",,Rep. Jay Obernolte,2025-06-04,1000.00
"INNOVATIVE FEDERAL STRATEGIES, LLC",,Rep. Mike Simpson,2025-03-13,1000.00
"INNOVATIVE FEDERAL STRATEGIES, LLC",,Rep. Ken Calvert,2025-03-13,3500.00
"INNOVATIVE FEDERAL STRATEGIES, LLC",,Rep. Jay Obernolte,2025-03-31,1000.00
"INNOVATIVE FEDERAL STRATEGIES, LLC",,Rep. Jay Obernolte,2025-06-04,1000.00
"MOTION PICTURE ASSOCIATION, INC.",Jason Smith for Congress,Jason Smith for Congress,2025-03-31,2000.00
"MOTION PICTURE ASSOCIATION, INC.",Jason Smith for Congress,Governor Kathy Hochul,2025-02-21,1000.00
"MOTION PICTURE ASSOCIATION, INC.",Jason Smith for Congress,Crenshaw for Congress,2025-03-31,1500.00
"MOTION PICTURE ASSOCIATION, INC.",Jason Smith for Congress,Jason Smith for Congress,2025-03-31,2000.00
"MOTION PICTURE ASSOCIATION, INC.",Jason Smith for Congress,Governor Kathy Hochul,2025-02-21,1000.00
"MOTION PICTURE ASSOCIATION, INC.",Jason Smith for Congress,Crenshaw for Congress,2025-03-31,1500.00
"PREMIER, INC.",PREMIER INC. EMPLOYEES' CIVIC ACTION FUND,Rep. Brad Knott,2025-04-10,1500.00
"PREMIER, INC.",PREMIER INC. EMPLOYEES' CIVIC ACTION FUND,Rep. Pat Harrigan,2025-04-30,1000.00
"PREMIER, INC.",PREMIER INC. EMPLOYEES' CIVIC ACTION FUND,Rep. Carol Miller,2025-05-06,1000.00
"PREMIER, INC.",PREMIER INC. EMPLOYEES' CIVIC ACTION FUND,Rep. Jason Smith,2025-05-06,5000.00
"PREMIER, INC.",PREMIER INC. EMPLOYEES' CIVIC ACTION FUND,Rep. Diana DeGette,2025-05-06,5000.00
"PREMIER, INC.",PREMIER INC. EMPLOYEES' CIVIC ACTION FUND,Sen. Marsha Blackburn,2025-05-08,2000.00
"PREMIER, INC.",PREMIER INC. EMPLOYEES' CIVIC ACTION FUND,Rep. Greg Murphy,2025-05-13,1000.00
"PREMIER, INC.",PREMIER INC. EMPLOYEES' CIVIC ACTION FUND,Rep. Don Beyer,2025-05-29,1000.00
"PREMIER, INC.",PREMIER INC. EMPLOYEES' CIVIC ACTION FUND,Rep. Mike Kelly,2025-06-05,1000.00
"PREMIER, INC.",PREMIER INC. EMPLOYEES' CIVIC ACTION FUND,Sen. Lisa Blunt Rochester,2025-06-09,1500.00
"PREMIER, INC.",PREMIER INC. EMPLOYEES' CIVIC ACTION FUND,Rep. Addison McDowell,2025-05-21,1000.00
"PREMIER, INC.",PREMIER INC. EMPLOYEES' CIVIC ACTION FUND,Rep. Alma Adams,2025-06-25,1000.00
"PREMIER, INC.",PREMIER INC. EMPLOYEES' CIVIC ACTION FUND,Rep. Virginia Foxx,2025-06-26,1000.00
"PREMIER, INC.",PREMIER INC. EMPLOYEES' CIVIC ACTION FUND,Rep. Don Davis,2025-06-26,1000.00
"PREMIER, INC.",PREMIER INC. EMPLOYEES' CIVIC ACTION FUND,Rep. Brad Schneider,2025-06-09,1000.00
"PREMIER, INC.",PREMIER INC. EMPLOYEES' CIVIC ACTION FUND,Tuesday Group,2025-01-28,5000.00
"PREMIER, INC.",PREMIER INC. EMPLOYEES' CIVIC ACTION FUND,New Democrat Coalition,2025-01-28,5000.00
"PREMIER, INC.",PREMIER INC. EMPLOYEES' CIVIC ACTION FUND,Sen. Ted Budd,2025-02-19,5000.00
"PREMIER, INC.",PREMIER INC. EMPLOYEES' CIVIC ACTION FUND,Rep. Tim Moore,2025-02-26,1000.00
"PREMIER, INC.",PREMIER INC. EMPLOYEES' CIVIC ACTION FUND,Rep. Richard Hudson,2025-03-06,5000.00
"PREMIER, INC.",PREMIER INC. EMPLOYEES' CIVIC ACTION FUND,Sen. Thom Tillis,2025-03-06,10000.00
"PREMIER, INC.",PREMIER INC. EMPLOYEES' CIVIC ACTION FUND,Sen. Thom Tillis,2025-03-06,5000.00
"PREMIER, INC.",PREMIER INC. EMPLOYEES' CIVIC ACTION FUND,Rep. Frank Pallone,2025-03-11,5000.00
"PREMIER, INC.",PREMIER INC. EMPLOYEES' CIVIC ACTION FUND,Rep. Richard Neal,2025-03-11,5000.00
"PREMIER, INC.",PREMIER INC. EMPLOYEES' CIVIC ACTION FUND,Sen. Ron Wyden,2025-03-11,5000.00
"PREMIER, INC.",PREMIER INC. EMPLOYEES' CIVIC ACTION FUND,Rep. Vern Buchanan,2025-03-25,5000.00
"PREMIER, INC.",PREMIER INC. EMPLOYEES' CIVIC ACTION FUND,Rep. Deborah Ross,2025-03-25,1000.00
"PREMIER, INC.",PREMIER INC. EMPLOYEES' CIVIC ACTION FUND,Rep. Brad Knott,2025-04-10,1500.00
"PREMIER, INC.",PREMIER INC. EMPLOYEES' CIVIC ACTION FUND,Rep. Pat Harrigan,2025-04-30,1000.00
"PREMIER, INC.",PREMIER INC. EMPLOYEES' CIVIC ACTION FUND,Rep. Carol Miller,2025-05-06,1000.00
"PREMIER, INC.",PREMIER INC. EMPLOYEES' CIVIC ACTION FUND,Rep. Jason Smith,2025-05-06,5000.00
"PREMIER, INC.",PREMIER INC. EMPLOYEES' CIVIC ACTION FUND,Rep. Diana DeGette,2025-05-06,5000.00
"PREMIER, INC.",PREMIER INC. EMPLOYEES' CIVIC ACTION FUND,Sen. Marsha Blackburn,2025-05-08,2000.00
"PREMIER, INC.",PREMIER INC. EMPLOYEES' CIVIC ACTION FUND,Rep. Greg Murphy,2025-05-13,1000.00
"PREMIER, INC.",PREMIER INC. EMPLOYEES' CIVIC ACTION FUND,Rep. Don Beyer,2025-05-29,1000.00
"PREMIER, INC.",PREMIER INC. EMPLOYEES' CIVIC ACTION FUND,Rep. Mike Kelly,2025-06-05,1000.00
"PREMIER, INC.",PREMIER INC. EMPLOYEES' CIVIC ACTION FUND,Sen. Lisa Blunt Rochester,2025-06-09,1500.00
"PREMIER, INC.",PREMIER INC. EMPLOYEES' CIVIC ACTION FUND,Rep. Addison McDowell,2025-05-21,1000.00
"PREMIER, INC.",PREMIER INC. EMPLOYEES' CIVIC ACTION FUND,Rep. Alma Adams,2025-06-25,1000.00
"PREMIER, INC.",PREMIER INC. EMPLOYEES' CIVIC ACTION FUND,Rep. Virginia Foxx,2025-06-26,1000.00
"PREMIER, INC.",PREMIER INC. EMPLOYEES' CIVIC ACTION FUND,Rep. Don Davis,2025-06-26,1000.00
"PREMIER, INC.",PREMIER INC. EMPLOYEES' CIVIC ACTION FUND,Rep. Brad Schneider,2025-06-09,1000.00
"PREMIER, INC.",PREMIER INC. EMPLOYEES' CIVIC ACTION FUND,Tuesday Group,2025-01-28,5000.00
"PREMIER, INC.",PREMIER INC. EMPLOYEES' CIVIC ACTION FUND,New Democrat Coalition,2025-01-28,5000.00
"PREMIER, INC.",PREMIER INC. EMPLOYEES' CIVIC ACTION FUND,Sen. Ted Budd,2025-02-19,5000.00
"PREMIER, INC.",PREMIER INC. EMPLOYEES' CIVIC ACTION FUND,Rep. Tim Moore,2025-02-26,1000.00
"PREMIER, INC.",PREMIER INC. EMPLOYEES' CIVIC ACTION FUND,Rep. Richard Hudson,2025-03-06,5000.00
"PREMIER, INC.",PREMIER INC. EMPLOYEES' CIVIC ACTION FUND,Sen. Thom Tillis,2025-03-06,10000.00
"PREMIER, INC.",PREMIER INC. EMPLOYEES' CIVIC ACTION FUND,Sen. Thom Tillis,2025-03-06,5000.00
"PREMIER, INC.",PREMIER INC. EMPLOYEES' CIVIC ACTION FUND,Rep. Frank Pallone,2025-03-11,5000.00
"PREMIER, INC.",PREMIER INC. EMPLOYEES' CIVIC ACTION FUND,Rep. Richard Neal,2025-03-11,5000.00
"PREMIER, INC.",PREMIER INC. EMPLOYEES' CIVIC ACTION FUND,Sen. Ron Wyden,2025-03-11,5000.00
"PREMIER, INC.",PREMIER INC. EMPLOYEES' CIVIC ACTION FUND,Rep. Vern Buchanan,2025-03-25,5000.00
"PREMIER, INC.",PREMIER INC. EMPLOYEES' CIVIC ACTION FUND,Rep. Deborah Ross,2025-03-25,1000.00
"PREMIER, INC.",PREMIER INC. EMPLOYEES' CIVIC ACTION FUND,Rep. Brad Knott,2025-04-10,1500.00
"PREMIER, INC.",PREMIER INC. EMPLOYEES' CIVIC ACTION FUND,Rep. Pat Harrigan,2025-04-30,1000.00
"PREMIER, INC.",PREMIER INC. EMPLOYEES' CIVIC ACTION FUND,Rep. Carol Miller,2025-05-06,1000.00
"PREMIER, INC.",PREMIER INC. EMPLOYEES' CIVIC ACTION FUND,Rep. Jason Smith,2025-05-06,5000.00
"PREMIER, INC.",PREMIER INC. EMPLOYEES' CIVIC ACTION FUND,Rep. Diana DeGette,2025-05-06,5000.00
"PREMIER, INC.",PREMIER INC. EMPLOYEES' CIVIC ACTION FUND,Sen. Marsha Blackburn,2025-05-08,2000.00
"PREMIER, INC.",PREMIER INC. EMPLOYEES' CIVIC ACTION FUND,Rep. Greg Murphy,2025-05-13,1000.00
"PREMIER, INC.",PREMIER INC. EMPLOYEES' CIVIC ACTION FUND,Rep. Don Beyer,2025-05-29,1000.00
"PREMIER, INC.",PREMIER INC. EMPLOYEES' CIVIC ACTION FUND,Rep. Mike Kelly,2025-06-05,1000.00
"PREMIER, INC.",PREMIER INC. EMPLOYEES' CIVIC ACTION FUND,Sen. Lisa Blunt Rochester,2025-06-09,1500.00
"PREMIER, INC.",PREMIER INC. EMPLOYEES' CIVIC ACTION FUND,Rep. Addison McDowell,2025-05-21,1000.00
"PREMIER, INC.",PREMIER INC. EMPLOYEES' CIVIC ACTION FUND,Rep. Alma Adams,2025-06-25,1000.00
"PREMIER, INC.",PREMIER INC. EMPLOYEES' CIVIC ACTION FUND,Rep. Virginia Foxx,2025-06-26,1000.00
"PREMIER, INC.",PREMIER INC. EMPLOYEES' CIVIC ACTION FUND,Rep. Don Davis,2025-06-26,1000.00
"PREMIER, INC.",PREMIER INC. EMPLOYEES' CIVIC ACTION FUND,Rep. Brad Schneider,2025-06-09,1000.00
"PREMIER, INC.",PREMIER INC. EMPLOYEES' CIVIC ACTION FUND,Tuesday Group,2025-01-28,5000.00
"PREMIER, INC.",PREMIER INC. EMPLOYEES' CIVIC ACTION FUND,New Democrat Coalition,2025-01-28,5000.00
"PREMIER, INC.",PREMIER INC. EMPLOYEES' CIVIC ACTION FUND,Sen. Ted Budd,2025-02-19,5000.00
"PREMIER, INC.",PREMIER INC. EMPLOYEES' CIVIC ACTION FUND,Rep. Tim Moore,2025-02-26,1000.00
"PREMIER, INC.",PREMIER INC. EMPLOYEES' CIVIC ACTION FUND,Rep. Richard Hudson,2025-03-06,5000.00
"PREMIER, INC.",PREMIER INC. EMPLOYEES' CIVIC ACTION FUND,Sen. Thom Tillis,2025-03-06,10000.00
"PREMIER, INC.",PREMIER INC. EMPLOYEES' CIVIC ACTION FUND,Sen. Thom Tillis,2025-03-06,5000.00
"PREMIER, INC.",PREMIER INC. EMPLOYEES' CIVIC ACTION FUND,Rep. Frank Pallone,2025-03-11,5000.00
"PREMIER, INC.",PREMIER INC. EMPLOYEES' CIVIC ACTION FUND,Rep. Richard Neal,2025-03-11,5000.00
"PREMIER, INC.",PREMIER INC. EMPLOYEES' CIVIC ACTION FUND,Sen. Ron Wyden,2025-03-11,5000.00
"PREMIER, INC.",PREMIER INC. EMPLOYEES' CIVIC ACTION FUND,Rep. Vern Buchanan,2025-03-25,5000.00
"PREMIER, INC.",PREMIER INC. EMPLOYEES' CIVIC ACTION FUND,Rep. Deborah Ross,2025-03-25,1000.00
"PREMIER, INC.",PREMIER INC. EMPLOYEES' CIVIC ACTION FUND,Rep. Brad Knott,2025-04-10,1500.00
"PREMIER, INC.",PREMIER INC. EMPLOYEES' CIVIC ACTION FUND,Rep. Pat Harrigan,2025-04-30,1000.00
"PREMIER, INC.",PREMIER INC. EMPLOYEES' CIVIC ACTION FUND,Rep. Carol Miller,2025-05-06,1000.00
"PREMIER, INC.",PREMIER INC. EMPLOYEES' CIVIC ACTION FUND,Rep. Jason Smith,2025-05-06,5000.00
"PREMIER, INC.",PREMIER INC. EMPLOYEES' CIVIC ACTION FUND,Rep. Diana DeGette,2025-05-06,5000.00
"PREMIER, INC.",PREMIER INC. EMPLOYEES' CIVIC ACTION FUND,Sen. Marsha Blackburn,2025-05-08,2000.00
"PREMIER, INC.",PREMIER INC. EMPLOYEES' CIVIC ACTION FUND,Rep. Greg Murphy,2025-05-13,1000.00
"PREMIER, INC.",PREMIER INC. EMPLOYEES' CIVIC ACTION FUND,Rep. Don Beyer,2025-05-29,1000.00
"PREMIER, INC.",PREMIER INC. EMPLOYEES' CIVIC ACTION FUND,Rep. Mike Kelly,2025-06-05,1000.00
"PREMIER, INC.",PREMIER INC. EMPLOYEES' CIVIC ACTION FUND,Sen. Lisa Blunt Rochester,2025-06-09,1500.00
"PREMIER, INC.",PREMIER INC. EMPLOYEES' CIVIC ACTION FUND,Rep. Addison McDowell,2025-05-21,1000.00
"PREMIER, INC.",PREMIER INC. EMPLOYEES' CIVIC ACTION FUND,Rep. Alma Adams,2025-06-25,1000.00
"PREMIER, INC.",PREMIER INC. EMPLOYEES' CIVIC ACTION FUND,Rep. Virginia Foxx,2025-06-26,1000.00
"PREMIER, INC.",PREMIER INC. EMPLOYEES' CIVIC ACTION FUND,Rep. Don Davis,2025-06-26,1000.00
"PREMIER, INC.",PREMIER INC. EMPLOYEES' CIVIC ACTION FUND,Rep. Brad Schneider,2025-06-09,1000.00
"PREMIER, INC.",PREMIER INC. EMPLOYEES' CIVIC ACTION FUND,Tuesday Group,2025-01-28,5000.00
"PREMIER, INC.",PREMIER INC. EMPLOYEES' CIVIC ACTION FUND,New Democrat Coalition,2025-01-28,5000.00
"PREMIER, INC.",PREMIER INC. EMPLOYEES' CIVIC ACTION FUND,Sen. Ted Budd,2025-02-19,5000.00
"PREMIER, INC.",PREMIER INC. EMPLOYEES' CIVIC ACTION FUND,Rep. Tim Moore,2025-02-26,1000.00
"PREMIER, INC.",PREMIER INC. EMPLOYEES' CIVIC ACTION FUND,Rep. Richard Hudson,2025-03-06,5000.00
"PREMIER, INC.",PREMIER INC. EMPLOYEES' CIVIC ACTION FUND,Sen. Thom Tillis,2025-03-06,10000.00
"PREMIER, INC.",PREMIER INC. EMPLOYEES' CIVIC ACTION FUND,Sen. Thom Tillis,2025-03-06,5000.00
"PREMIER, INC.",PREMIER INC. EMPLOYEES' CIVIC ACTION FUND,Rep. Frank Pallone,2025-03-11,5000.00
"PREMIER, INC.",PREMIER INC. EMPLOYEES' CIVIC ACTION FUND,Rep. Richard Neal,2025-03-11,5000.00
"PREMIER, INC.",PREMIER INC. EMPLOYEES' CIVIC ACTION FUND,Sen. Ron Wyden,2025-03-11,5000.00
"PREMIER, INC.",PREMIER INC. EMPLOYEES' CIVIC ACTION FUND,Rep. Vern Buchanan,2025-03-25,5000.00
"PREMIER, INC.",PREMIER INC. EMPLOYEES' CIVIC ACTION FUND,Rep. Deborah Ross,2025-03-25,1000.00
"PREMIER, INC.",PREMIER INC. EMPLOYEES' CIVIC ACTION FUND,Rep. Brad Knott,2025-04-10,1500.00
"PREMIER, INC.",PREMIER INC. EMPLOYEES' CIVIC ACTION FUND,Rep. Pat Harrigan,2025-04-30,1000.00
"PREMIER, INC.",PREMIER INC. EMPLOYEES' CIVIC ACTION FUND,Rep. Carol Miller,2025-05-06,1000.00
"PREMIER, INC.",PREMIER INC. EMPLOYEES' CIVIC ACTION FUND,Rep. Jason Smith,2025-05-06,5000.00
"PREMIER, INC.",PREMIER INC. EMPLOYEES' CIVIC ACTION FUND,Rep. Diana DeGette,2025-05-06,5000.00
"PREMIER, INC.",PREMIER INC. EMPLOYEES' CIVIC ACTION FUND,Sen. Marsha Blackburn,2025-05-08,2000.00
"PREMIER, INC.",PREMIER INC. EMPLOYEES' CIVIC ACTION FUND,Rep. Greg Murphy,2025-05-13,1000.00
"PREMIER, INC.",PREMIER INC. EMPLOYEES' CIVIC ACTION FUND,Rep. Don Beyer,2025-05-29,1000.00
"PREMIER, INC.",PREMIER INC. EMPLOYEES' CIVIC ACTION FUND,Rep. Mike Kelly,2025-06-05,1000.00
"PREMIER, INC.",PREMIER INC. EMPLOYEES' CIVIC ACTION FUND,Sen. Lisa Blunt Rochester,2025-06-09,1500.00
"PREMIER, INC.",PREMIER INC. EMPLOYEES' CIVIC ACTION FUND,Rep. Addison McDowell,2025-05-21,1000.00
"PREMIER, INC.",PREMIER INC. EMPLOYEES' CIVIC ACTION FUND,Rep. Alma Adams,2025-06-25,1000.00
"PREMIER, INC.",PREMIER INC. EMPLOYEES' CIVIC ACTION FUND,Rep. Virginia Foxx,2025-06-26,1000.00
"PREMIER, INC.",PREMIER INC. EMPLOYEES' CIVIC ACTION FUND,Rep. Don Davis,2025-06-26,1000.00
"PREMIER, INC.",PREMIER INC. EMPLOYEES' CIVIC ACTION FUND,Rep. Brad Schneider,2025-06-09,1000.00
"PREMIER, INC.",PREMIER INC. EMPLOYEES' CIVIC ACTION FUND,Tuesday Group,2025-01-28,5000.00
"PREMIER, INC.",PREMIER INC. EMPLOYEES' CIVIC ACTION FUND,New Democrat Coalition,2025-01-28,5000.00
"PREMIER, INC.",PREMIER INC. EMPLOYEES' CIVIC ACTION FUND,Sen. Ted Budd,2025-02-19,5000.00
"PREMIER, INC.",PREMIER INC. EMPLOYEES' CIVIC ACTION FUND,Rep. Tim Moore,2025-02-26,1000.00
"PREMIER, INC.",PREMIER INC. EMPLOYEES' CIVIC ACTION FUND,Rep. Richard Hudson,2025-03-06,5000.00
"PREMIER, INC.",PREMIER INC. EMPLOYEES' CIVIC ACTION FUND,Sen. Thom Tillis,2025-03-06,10000.00
"PREMIER, INC.",PREMIER INC. EMPLOYEES' CIVIC ACTION FUND,Sen. Thom Tillis,2025-03-06,5000.00
"PREMIER, INC.",PREMIER INC. EMPLOYEES' CIVIC ACTION FUND,Rep. Frank Pallone,2025-03-11,5000.00
"PREMIER, INC.",PREMIER INC. EMPLOYEES' CIVIC ACTION FUND,Rep. Richard Neal,2025-03-11,5000.00
"PREMIER, INC.",PREMIER INC. EMPLOYEES' CIVIC ACTION FUND,Sen. Ron Wyden,2025-03-11,5000.00
"PREMIER, INC.",PREMIER INC. EMPLOYEES' CIVIC ACTION FUND,Rep. Vern Buchanan,2025-03-25,5000.00
"PREMIER, INC.",PREMIER INC. EMPLOYEES' CIVIC ACTION FUND,Rep. Deborah Ross,2025-03-25,1000.00
"PREMIER, INC.",PREMIER INC. EMPLOYEES' CIVIC ACTION FUND,Rep. Brad Knott,2025-04-10,1500.00
"PREMIER, INC.",PREMIER INC. EMPLOYEES' CIVIC ACTION FUND,Rep. Pat Harrigan,2025-04-30,1000.00
"PREMIER, INC.",PREMIER INC. EMPLOYEES' CIVIC ACTION FUND,Rep. Carol Miller,2025-05-06,1000.00
"PREMIER, INC.",PREMIER INC. EMPLOYEES' CIVIC ACTION FUND,Rep. Jason Smith,2025-05-06,5000.00
"PREMIER, INC.",PREMIER INC. EMPLOYEES' CIVIC ACTION FUND,Rep. Diana DeGette,2025-05-06,5000.00
"PREMIER, INC.",PREMIER INC. EMPLOYEES' CIVIC ACTION FUND,Sen. Marsha Blackburn,2025-05-08,2000.00
"PREMIER, INC.",PREMIER INC. EMPLOYEES' CIVIC ACTION FUND,Rep. Greg Murphy,2025-05-13,1000.00
"PREMIER, INC.",PREMIER INC. EMPLOYEES' CIVIC ACTION FUND,Rep. Don Beyer,2025-05-29,1000.00
"PREMIER, INC.",PREMIER INC. EMPLOYEES' CIVIC ACTION FUND,Rep. Mike Kelly,2025-06-05,1000.00
"PREMIER, INC.",PREMIER INC. EMPLOYEES' CIVIC ACTION FUND,Sen. Lisa Blunt Rochester,2025-06-09,1500.00
"PREMIER, INC.",PREMIER INC. EMPLOYEES' CIVIC ACTION FUND,Rep. Addison McDowell,2025-05-21,1000.00
"PREMIER, INC.",PREMIER INC. EMPLOYEES' CIVIC ACTION FUND,Rep. Alma Adams,2025-06-25,1000.00
"PREMIER, INC.",PREMIER INC. EMPLOYEES' CIVIC ACTION FUND,Rep. Virginia Foxx,2025-06-26,1000.00
"PREMIER, INC.",PREMIER INC. EMPLOYEES' CIVIC ACTION FUND,Rep. Don Davis,2025-06-26,1000.00
"PREMIER, INC.",PREMIER INC. EMPLOYEES' CIVIC ACTION FUND,Rep. Brad Schneider,2025-06-09,1000.00
"PREMIER, INC.",PREMIER INC. EMPLOYEES' CIVIC ACTION FUND,Tuesday Group,2025-01-28,5000.00
"PREMIER, INC.",PREMIER INC. EMPLOYEES' CIVIC ACTION FUND,New Democrat Coalition,2025-01-28,5000.00
"PREMIER, INC.",PREMIER INC. EMPLOYEES' CIVIC ACTION FUND,Sen. Ted Budd,2025-02-19,5000.00
"PREMIER, INC.",PREMIER INC. EMPLOYEES' CIVIC ACTION FUND,Rep. Tim Moore,2025-02-26,1000.00
"PREMIER, INC.",PREMIER INC. EMPLOYEES' CIVIC ACTION FUND,Rep. Richard Hudson,2025-03-06,5000.00
"PREMIER, INC.",PREMIER INC. EMPLOYEES' CIVIC ACTION FUND,Sen. Thom Tillis,2025-03-06,10000.00
"PREMIER, INC.",PREMIER INC. EMPLOYEES' CIVIC ACTION FUND,Sen. Thom Tillis,2025-03-06,5000.00
"PREMIER, INC.",PREMIER INC. EMPLOYEES' CIVIC ACTION FUND,Rep. Frank Pallone,2025-03-11,5000.00
"PREMIER, INC.",PREMIER INC. EMPLOYEES' CIVIC ACTION FUND,Rep. Richard Neal,2025-03-11,5000.00
"PREMIER, INC.",PREMIER INC. EMPLOYEES' CIVIC ACTION FUND,Sen. Ron Wyden,2025-03-11,5000.00
"PREMIER, INC.",PREMIER INC. EMPLOYEES' CIVIC ACTION FUND,Rep. Vern Buchanan,2025-03-25,5000.00
"PREMIER, INC.",PREMIER INC. EMPLOYEES' CIVIC ACTION FUND,Rep. Deborah Ross,2025-03-25,1000.00
"PREMIER, INC.",PREMIER INC. EMPLOYEES' CIVIC ACTION FUND,Rep. Brad Knott,2025-04-10,1500.00
"PREMIER, INC.",PREMIER INC. EMPLOYEES' CIVIC ACTION FUND,Rep. Pat Harrigan,2025-04-30,1000.00
"PREMIER, INC.",PREMIER INC. EMPLOYEES' CIVIC ACTION FUND,Rep. Carol Miller,2025-05-06,1000.00
"PREMIER, INC.",PREMIER INC. EMPLOYEES' CIVIC ACTION FUND,Rep. Jason Smith,2025-05-06,5000.00
"PREMIER, INC.",PREMIER INC. EMPLOYEES' CIVIC ACTION FUND,Rep. Diana DeGette,2025-05-06,5000.00
"PREMIER, INC.",PREMIER INC. EMPLOYEES' CIVIC ACTION FUND,Sen. Marsha Blackburn,2025-05-08,2000.00
"PREMIER, INC.",PREMIER INC. EMPLOYEES' CIVIC ACTION FUND,Rep. Greg Murphy,2025-05-13,1000.00
"PREMIER, INC.",PREMIER INC. EMPLOYEES' CIVIC ACTION FUND,Rep. Don Beyer,2025-05-29,1000.00
"PREMIER, INC.",PREMIER INC. EMPLOYEES' CIVIC ACTION FUND,Rep. Mike Kelly,2025-06-05,1000.00
"PREMIER, INC.",PREMIER INC. EMPLOYEES' CIVIC ACTION FUND,Sen. Lisa Blunt Rochester,2025-06-09,1500.00
"PREMIER, INC.",PREMIER INC. EMPLOYEES' CIVIC ACTION FUND,Rep. Addison McDowell,2025-05-21,1000.00
"PREMIER, INC.",PREMIER INC. EMPLOYEES' CIVIC ACTION FUND,Rep. Alma Adams,2025-06-25,1000.00
"PREMIER, INC.",PREMIER INC. EMPLOYEES' CIVIC ACTION FUND,Rep. Virginia Foxx,2025-06-26,1000.00
"PREMIER, INC.",PREMIER INC. EMPLOYEES' CIVIC ACTION FUND,Rep. Don Davis,2025-06-26,1000.00
"PREMIER, INC.",PREMIER INC. EMPLOYEES' CIVIC ACTION FUND,Rep. Brad Schneider,2025-06-09,1000.00
"PREMIER, INC.",PREMIER INC. EMPLOYEES' CIVIC ACTION FUND,Tuesday Group,2025-01-28,5000.00
"PREMIER, INC.",PREMIER INC. EMPLOYEES' CIVIC ACTION FUND,New Democrat Coalition,2025-01-28,5000.00
"PREMIER, INC.",PREMIER INC. EMPLOYEES' CIVIC ACTION FUND,Sen. Ted Budd,2025-02-19,5000.00
"PREMIER, INC.",PREMIER INC. EMPLOYEES' CIVIC ACTION FUND,Rep. Tim Moore,2025-02-26,1000.00
"PREMIER, INC.",PREMIER INC. EMPLOYEES' CIVIC ACTION FUND,Rep. Richard Hudson,2025-03-06,5000.00
"PREMIER, INC.",PREMIER INC. EMPLOYEES' CIVIC ACTION FUND,Sen. Thom Tillis,2025-03-06,10000.00
"PREMIER, INC.",PREMIER INC. EMPLOYEES' CIVIC ACTION FUND,Sen. Thom Tillis,2025-03-06,5000.00
"PREMIER, INC.",PREMIER INC. EMPLOYEES' CIVIC ACTION FUND,Rep. Frank Pallone,2025-03-11,5000.00
"PREMIER, INC.",PREMIER INC. EMPLOYEES' CIVIC ACTION FUND,Rep. Richard Neal,2025-03-11,5000.00
"PREMIER, INC.",PREMIER INC. EMPLOYEES' CIVIC ACTION FUND,Sen. Ron Wyden,2025-03-11,5000.00
"PREMIER, INC.",PREMIER INC. EMPLOYEES' CIVIC ACTION FUND,Rep. Vern Buchanan,2025-03-25,5000.00
"PREMIER, INC.",PREMIER INC. EMPLOYEES' CIVIC ACTION FUND,Rep. Deborah Ross,2025-03-25,1000.00
"PREMIER, INC.",PREMIER INC. EMPLOYEES' CIVIC ACTION FUND,Rep. Brad Knott,2025-04-10,1500.00
"PREMIER, INC.",PREMIER INC. EMPLOYEES' CIVIC ACTION FUND,Rep. Pat Harrigan,2025-04-30,1000.00
"PREMIER, INC.",PREMIER INC. EMPLOYEES' CIVIC ACTION FUND,Rep. Carol Miller,2025-05-06,1000.00
"PREMIER, INC.",PREMIER INC. EMPLOYEES' CIVIC ACTION FUND,Rep. Jason Smith,2025-05-06,5000.00
"PREMIER, INC.",PREMIER INC. EMPLOYEES' CIVIC ACTION FUND,Rep. Diana DeGette,2025-05-06,5000.00
"PREMIER, INC.",PREMIER INC. EMPLOYEES' CIVIC ACTION FUND,Sen. Marsha Blackburn,2025-05-08,2000.00
"PREMIER, INC.",PREMIER INC. EMPLOYEES' CIVIC ACTION FUND,Rep. Greg Murphy,2025-05-13,1000.00
"PREMIER, INC.",PREMIER INC. EMPLOYEES' CIVIC ACTION FUND,Rep. Don Beyer,2025-05-29,1000.00
"PREMIER, INC.",PREMIER INC. EMPLOYEES' CIVIC ACTION FUND,Rep. Mike Kelly,2025-06-05,1000.00
"PREMIER, INC.",PREMIER INC. EMPLOYEES' CIVIC ACTION FUND,Sen. Lisa Blunt Rochester,2025-06-09,1500.00
"PREMIER, INC.",PREMIER INC. EMPLOYEES' CIVIC ACTION FUND,Rep. Addison McDowell,2025-05-21,1000.00
"PREMIER, INC.",PREMIER INC. EMPLOYEES' CIVIC ACTION FUND,Rep. Alma Adams,2025-06-25,1000.00
"PREMIER, INC.",PREMIER INC. EMPLOYEES' CIVIC ACTION FUND,Rep. Virginia Foxx,2025-06-26,1000.00
"PREMIER, INC.",PREMIER INC. EMPLOYEES' CIVIC ACTION FUND,Rep. Don Davis,2025-06-26,1000.00
"PREMIER, INC.",PREMIER INC. EMPLOYEES' CIVIC ACTION FUND,Rep. Brad Schneider,2025-06-09,1000.00
"PREMIER, INC.",PREMIER INC. EMPLOYEES' CIVIC ACTION FUND,Tuesday Group,2025-01-28,5000.00
"PREMIER, INC.",PREMIER INC. EMPLOYEES' CIVIC ACTION FUND,New Democrat Coalition,2025-01-28,5000.00
"PREMIER, INC.",PREMIER INC. EMPLOYEES' CIVIC ACTION FUND,Sen. Ted Budd,2025-02-19,5000.00
"PREMIER, INC.",PREMIER INC. EMPLOYEES' CIVIC ACTION FUND,Rep. Tim Moore,2025-02-26,1000.00
"PREMIER, INC.",PREMIER INC. EMPLOYEES' CIVIC ACTION FUND,Rep. Richard Hudson,2025-03-06,5000.00
"PREMIER, INC.",PREMIER INC. EMPLOYEES' CIVIC ACTION FUND,Sen. Thom Tillis,2025-03-06,10000.00
"PREMIER, INC.",PREMIER INC. EMPLOYEES' CIVIC ACTION FUND,Sen. Thom Tillis,2025-03-06,5000.00
"PREMIER, INC.",PREMIER INC. EMPLOYEES' CIVIC ACTION FUND,Rep. Frank Pallone,2025-03-11,5000.00
"PREMIER, INC.",PREMIER INC. EMPLOYEES' CIVIC ACTION FUND,Rep. Richard Neal,2025-03-11,5000.00
"PREMIER, INC.",PREMIER INC. EMPLOYEES' CIVIC ACTION FUND,Sen. Ron Wyden,2025-03-11,5000.00
"PREMIER, INC.",PREMIER INC. EMPLOYEES' CIVIC ACTION FUND,Rep. Vern Buchanan,2025-03-25,5000.00
"PREMIER, INC.",PREMIER INC. EMPLOYEES' CIVIC ACTION FUND,Rep. Deborah Ross,2025-03-25,1000.00
"PREMIER, INC.",PREMIER INC. EMPLOYEES' CIVIC ACTION FUND,Rep. Brad Knott,2025-04-10,1500.00
"PREMIER, INC.",PREMIER INC. EMPLOYEES' CIVIC ACTION FUND,Rep. Pat Harrigan,2025-04-30,1000.00
"PREMIER, INC.",PREMIER INC. EMPLOYEES' CIVIC ACTION FUND,Rep. Carol Miller,2025-05-06,1000.00
"PREMIER, INC.",PREMIER INC. EMPLOYEES' CIVIC ACTION FUND,Rep. Jason Smith,2025-05-06,5000.00
"PREMIER, INC.",PREMIER INC. EMPLOYEES' CIVIC ACTION FUND,Rep. Diana DeGette,2025-05-06,5000.00
"PREMIER, INC.",PREMIER INC. EMPLOYEES' CIVIC ACTION FUND,Sen. Marsha Blackburn,2025-05-08,2000.00
"PREMIER, INC.",PREMIER INC. EMPLOYEES' CIVIC ACTION FUND,Rep. Greg Murphy,2025-05-13,1000.00
"PREMIER, INC.",PREMIER INC. EMPLOYEES' CIVIC ACTION FUND,Rep. Don Beyer,2025-05-29,1000.00
"PREMIER, INC.",PREMIER INC. EMPLOYEES' CIVIC ACTION FUND,Rep. Mike Kelly,2025-06-05,1000.00
"PREMIER, INC.",PREMIER INC. EMPLOYEES' CIVIC ACTION FUND,Sen. Lisa Blunt Rochester,2025-06-09,1500.00
"PREMIER, INC.",PREMIER INC. EMPLOYEES' CIVIC ACTION FUND,Rep. Addison McDowell,2025-05-21,1000.00
"PREMIER, INC.",PREMIER INC. EMPLOYEES' CIVIC ACTION FUND,Rep. Alma Adams,2025-06-25,1000.00
"PREMIER, INC.",PREMIER INC. EMPLOYEES' CIVIC ACTION FUND,Rep. Virginia Foxx,2025-06-26,1000.00
"PREMIER, INC.",PREMIER INC. EMPLOYEES' CIVIC ACTION FUND,Rep. Don Davis,2025-06-26,1000.00
"PREMIER, INC.",PREMIER INC. EMPLOYEES' CIVIC ACTION FUND,Rep. Brad Schneider,2025-06-09,1000.00
"PREMIER, INC.",PREMIER INC. EMPLOYEES' CIVIC ACTION FUND,Tuesday Group,2025-01-28,5000.00
"PREMIER, INC.",PREMIER INC. EMPLOYEES' CIVIC ACTION FUND,New Democrat Coalition,2025-01-28,5000.00
"PREMIER, INC.",PREMIER INC. EMPLOYEES' CIVIC ACTION FUND,Sen. Ted Budd,2025-02-19,5000.00
"PREMIER, INC.",PREMIER INC. EMPLOYEES' CIVIC ACTION FUND,Rep. Tim Moore,2025-02-26,1000.00
"PREMIER, INC.",PREMIER INC. EMPLOYEES' CIVIC ACTION FUND,Rep. Richard Hudson,2025-03-06,5000.00
"PREMIER, INC.",PREMIER INC. EMPLOYEES' CIVIC ACTION FUND,Sen. Thom Tillis,2025-03-06,10000.00
"PREMIER, INC.",PREMIER INC. EMPLOYEES' CIVIC ACTION FUND,Sen. Thom Tillis,2025-03-06,5000.00
"PREMIER, INC.",PREMIER INC. EMPLOYEES' CIVIC ACTION FUND,Rep. Frank Pallone,2025-03-11,5000.00
"PREMIER, INC.",PREMIER INC. EMPLOYEES' CIVIC ACTION FUND,Rep. Richard Neal,2025-03-11,5000.00
"PREMIER, INC.",PREMIER INC. EMPLOYEES' CIVIC ACTION FUND,Sen. Ron Wyden,2025-03-11,5000.00
"PREMIER, INC.",PREMIER INC. EMPLOYEES' CIVIC ACTION FUND,Rep. Vern Buchanan,2025-03-25,5000.00
"PREMIER, INC.",PREMIER INC. EMPLOYEES' CIVIC ACTION FUND,Rep. Deborah Ross,2025-03-25,1000.00
"PREMIER, INC.",PREMIER INC. EMPLOYEES' CIVIC ACTION FUND,Rep. Brad Knott,2025-04-10,1500.00
"PREMIER, INC.",PREMIER INC. EMPLOYEES' CIVIC ACTION FUND,Rep. Pat Harrigan,2025-04-30,1000.00
"PREMIER, INC.",PREMIER INC. EMPLOYEES' CIVIC ACTION FUND,Rep. Carol Miller,2025-05-06,1000.00
"PREMIER, INC.",PREMIER INC. EMPLOYEES' CIVIC ACTION FUND,Rep. Jason Smith,2025-05-06,5000.00
"PREMIER, INC.",PREMIER INC. EMPLOYEES' CIVIC ACTION FUND,Rep. Diana DeGette,2025-05-06,5000.00
"PREMIER, INC.",PREMIER INC. EMPLOYEES' CIVIC ACTION FUND,Sen. Marsha Blackburn,2025-05-08,2000.00
"PREMIER, INC.",PREMIER INC. EMPLOYEES' CIVIC ACTION FUND,Rep. Greg Murphy,2025-05-13,1000.00
"PREMIER, INC.",PREMIER INC. EMPLOYEES' CIVIC ACTION FUND,Rep. Don Beyer,2025-05-29,1000.00
"PREMIER, INC.",PREMIER INC. EMPLOYEES' CIVIC ACTION FUND,Rep. Mike Kelly,2025-06-05,1000.00
"PREMIER, INC.",PREMIER INC. EMPLOYEES' CIVIC ACTION FUND,Sen. Lisa Blunt Rochester,2025-06-09,1500.00
"PREMIER, INC.",PREMIER INC. EMPLOYEES' CIVIC ACTION FUND,Rep. Addison McDowell,2025-05-21,1000.00
"PREMIER, INC.",PREMIER INC. EMPLOYEES' CIVIC ACTION FUND,Rep. Alma Adams,2025-06-25,1000.00
"PREMIER, INC.",PREMIER INC. EMPLOYEES' CIVIC ACTION FUND,Rep. Virginia Foxx,2025-06-26,1000.00
"PREMIER, INC.",PREMIER INC. EMPLOYEES' CIVIC ACTION FUND,Rep. Don Davis,2025-06-26,1000.00
"PREMIER, INC.",PREMIER INC. EMPLOYEES' CIVIC ACTION FUND,Rep. Brad Schneider,2025-06-09,1000.00
"PREMIER, INC.",PREMIER INC. EMPLOYEES' CIVIC ACTION FUND,Tuesday Group,2025-01-28,5000.00
"PREMIER, INC.",PREMIER INC. EMPLOYEES' CIVIC ACTION FUND,New Democrat Coalition,2025-01-28,5000.00
"PREMIER, INC.",PREMIER INC. EMPLOYEES' CIVIC ACTION FUND,Sen. Ted Budd,2025-02-19,5000.00
"PREMIER, INC.",PREMIER INC. EMPLOYEES' CIVIC ACTION FUND,Rep. Tim Moore,2025-02-26,1000.00
"PREMIER, INC.",PREMIER INC. EMPLOYEES' CIVIC ACTION FUND,Rep. Richard Hudson,2025-03-06,5000.00
"PREMIER, INC.",PREMIER INC. EMPLOYEES' CIVIC ACTION FUND,Sen. Thom Tillis,2025-03-06,10000.00
"PREMIER, INC.",PREMIER INC. EMPLOYEES' CIVIC ACTION FUND,Sen. Thom Tillis,2025-03-06,5000.00
"PREMIER, INC.",PREMIER INC. EMPLOYEES' CIVIC ACTION FUND,Rep. Frank Pallone,2025-03-11,5000.00
"PREMIER, INC.",PREMIER INC. EMPLOYEES' CIVIC ACTION FUND,Rep. Richard Neal,2025-03-11,5000.00
"PREMIER, INC.",PREMIER INC. EMPLOYEES' CIVIC ACTION FUND,Sen. Ron Wyden,2025-03-11,5000.00
"PREMIER, INC.",PREMIER INC. EMPLOYEES' CIVIC ACTION FUND,Rep. Vern Buchanan,2025-03-25,5000.00
"PREMIER, INC.",PREMIER INC. EMPLOYEES' CIVIC ACTION FUND,Rep. Deborah Ross,2025-03-25,1000.00
"PREMIER, INC.",PREMIER INC. EMPLOYEES' CIVIC ACTION FUND,Rep. Brad Knott,2025-04-10,1500.00
"PREMIER, INC.",PREMIER INC. EMPLOYEES' CIVIC ACTION FUND,Rep. Pat Harrigan,2025-04-30,1000.00
"PREMIER, INC.",PREMIER INC. EMPLOYEES' CIVIC ACTION FUND,Rep. Carol Miller,2025-05-06,1000.00
"PREMIER, INC.",PREMIER INC. EMPLOYEES' CIVIC ACTION FUND,Rep. Jason Smith,2025-05-06,5000.00
"PREMIER, INC.",PREMIER INC. EMPLOYEES' CIVIC ACTION FUND,Rep. Diana DeGette,2025-05-06,5000.00
"PREMIER, INC.",PREMIER INC. EMPLOYEES' CIVIC ACTION FUND,Sen. Marsha Blackburn,2025-05-08,2000.00
"PREMIER, INC.",PREMIER INC. EMPLOYEES' CIVIC ACTION FUND,Rep. Greg Murphy,2025-05-13,1000.00
"PREMIER, INC.",PREMIER INC. EMPLOYEES' CIVIC ACTION FUND,Rep. Don Beyer,2025-05-29,1000.00
"PREMIER, INC.",PREMIER INC. EMPLOYEES' CIVIC ACTION FUND,Rep. Mike Kelly,2025-06-05,1000.00
"PREMIER, INC.",PREMIER INC. EMPLOYEES' CIVIC ACTION FUND,Sen. Lisa Blunt Rochester,2025-06-09,1500.00
"PREMIER, INC.",PREMIER INC. EMPLOYEES' CIVIC ACTION FUND,Rep. Addison McDowell,2025-05-21,1000.00
"PREMIER, INC.",PREMIER INC. EMPLOYEES' CIVIC ACTION FUND,Rep. Alma Adams,2025-06-25,1000.00
"PREMIER, INC.",PREMIER INC. EMPLOYEES' CIVIC ACTION FUND,Rep. Virginia Foxx,2025-06-26,1000.00
"PREMIER, INC.",PREMIER INC. EMPLOYEES' CIVIC ACTION FUND,Rep. Don Davis,2025-06-26,1000.00
"PREMIER, INC.",PREMIER INC. EMPLOYEES' CIVIC ACTION FUND,Rep. Brad Schneider,2025-06-09,1000.00
"PREMIER, INC.",PREMIER INC. EMPLOYEES' CIVIC ACTION FUND,Tuesday Group,2025-01-28,5000.00
"PREMIER, INC.",PREMIER INC. EMPLOYEES' CIVIC ACTION FUND,New Democrat Coalition,2025-01-28,5000.00
"PREMIER, INC.",PREMIER INC. EMPLOYEES' CIVIC ACTION FUND,Sen. Ted Budd,2025-02-19,5000.00
"PREMIER, INC.",PREMIER INC. EMPLOYEES' CIVIC ACTION FUND,Rep. Tim Moore,2025-02-26,1000.00
"PREMIER, INC.",PREMIER INC. EMPLOYEES' CIVIC ACTION FUND,Rep. Richard Hudson,2025-03-06,5000.00
"PREMIER, INC.",PREMIER INC. EMPLOYEES' CIVIC ACTION FUND,Sen. Thom Tillis,2025-03-06,10000.00
"PREMIER, INC.",PREMIER INC. EMPLOYEES' CIVIC ACTION FUND,Sen. Thom Tillis,2025-03-06,5000.00
"PREMIER, INC.",PREMIER INC. EMPLOYEES' CIVIC ACTION FUND,Rep. Frank Pallone,2025-03-11,5000.00
"PREMIER, INC.",PREMIER INC. EMPLOYEES' CIVIC ACTION FUND,Rep. Richard Neal,2025-03-11,5000.00
"PREMIER, INC.",PREMIER INC. EMPLOYEES' CIVIC ACTION FUND,Sen. Ron Wyden,2025-03-11,5000.00
"PREMIER, INC.",PREMIER INC. EMPLOYEES' CIVIC ACTION FUND,Rep. Vern Buchanan,2025-03-25,5000.00
"PREMIER, INC.",PREMIER INC. EMPLOYEES' CIVIC ACTION FUND,Rep. Deborah Ross,2025-03-25,1000.00
"PREMIER, INC.",PREMIER INC. EMPLOYEES' CIVIC ACTION FUND,Rep. Brad Knott,2025-04-10,1500.00
"PREMIER, INC.",PREMIER INC. EMPLOYEES' CIVIC ACTION FUND,Rep. Pat Harrigan,2025-04-30,1000.00
"PREMIER, INC.",PREMIER INC. EMPLOYEES' CIVIC ACTION FUND,Rep. Carol Miller,2025-05-06,1000.00
"PREMIER, INC.",PREMIER INC. EMPLOYEES' CIVIC ACTION FUND,Rep. Jason Smith,2025-05-06,5000.00
"PREMIER, INC.",PREMIER INC. EMPLOYEES' CIVIC ACTION FUND,Rep. Diana DeGette,2025-05-06,5000.00
"PREMIER, INC.",PREMIER INC. EMPLOYEES' CIVIC ACTION FUND,Sen. Marsha Blackburn,2025-05-08,2000.00
"PREMIER, INC.",PREMIER INC. EMPLOYEES' CIVIC ACTION FUND,Rep. Greg Murphy,2025-05-13,1000.00
"PREMIER, INC.",PREMIER INC. EMPLOYEES' CIVIC ACTION FUND,Rep. Don Beyer,2025-05-29,1000.00
"PREMIER, INC.",PREMIER INC. EMPLOYEES' CIVIC ACTION FUND,Rep. Mike Kelly,2025-06-05,1000.00
"PREMIER, INC.",PREMIER INC. EMPLOYEES' CIVIC ACTION FUND,Sen. Lisa Blunt Rochester,2025-06-09,1500.00
"PREMIER, INC.",PREMIER INC. EMPLOYEES' CIVIC ACTION FUND,Rep. Addison McDowell,2025-05-21,1000.00
"PREMIER, INC.",PREMIER INC. EMPLOYEES' CIVIC ACTION FUND,Rep. Alma Adams,2025-06-25,1000.00
"PREMIER, INC.",PREMIER INC. EMPLOYEES' CIVIC ACTION FUND,Rep. Virginia Foxx,2025-06-26,1000.00
"PREMIER, INC.",PREMIER INC. EMPLOYEES' CIVIC ACTION FUND,Rep. Don Davis,2025-06-26,1000.00
"PREMIER, INC.",PREMIER INC. EMPLOYEES' CIVIC ACTION FUND,Rep. Brad Schneider,2025-06-09,1000.00
"PREMIER, INC.",PREMIER INC. EMPLOYEES' CIVIC ACTION FUND,Tuesday Group,2025-01-28,5000.00
"PREMIER, INC.",PREMIER INC. EMPLOYEES' CIVIC ACTION FUND,New Democrat Coalition,2025-01-28,5000.00
"PREMIER, INC.",PREMIER INC. EMPLOYEES' CIVIC ACTION FUND,Sen. Ted Budd,2025-02-19,5000.00
"PREMIER, INC.",PREMIER INC. EMPLOYEES' CIVIC ACTION FUND,Rep. Tim Moore,2025-02-26,1000.00
"PREMIER, INC.",PREMIER INC. EMPLOYEES' CIVIC ACTION FUND,Rep. Richard Hudson,2025-03-06,5000.00
"PREMIER, INC.",PREMIER INC. EMPLOYEES' CIVIC ACTION FUND,Sen. Thom Tillis,2025-03-06,10000.00
"PREMIER, INC.",PREMIER INC. EMPLOYEES' CIVIC ACTION FUND,Sen. Thom Tillis,2025-03-06,5000.00
"PREMIER, INC.",PREMIER INC. EMPLOYEES' CIVIC ACTION FUND,Rep. Frank Pallone,2025-03-11,5000.00
"PREMIER, INC.",PREMIER INC. EMPLOYEES' CIVIC ACTION FUND,Rep. Richard Neal,2025-03-11,5000.00
"PREMIER, INC.",PREMIER INC. EMPLOYEES' CIVIC ACTION FUND,Sen. Ron Wyden,2025-03-11,5000.00
"PREMIER, INC.",PREMIER INC. EMPLOYEES' CIVIC ACTION FUND,Rep. Vern Buchanan,2025-03-25,5000.00
"PREMIER, INC.",PREMIER INC. EMPLOYEES' CIVIC ACTION FUND,Rep. Deborah Ross,2025-03-25,1000.00
"PREMIER, INC.",PREMIER INC. EMPLOYEES' CIVIC ACTION FUND,Rep. Brad Knott,2025-04-10,1500.00
"PREMIER, INC.",PREMIER INC. EMPLOYEES' CIVIC ACTION FUND,Rep. Pat Harrigan,2025-04-30,1000.00
"PREMIER, INC.",PREMIER INC. EMPLOYEES' CIVIC ACTION FUND,Rep. Carol Miller,2025-05-06,1000.00
"PREMIER, INC.",PREMIER INC. EMPLOYEES' CIVIC ACTION FUND,Rep. Jason Smith,2025-05-06,5000.00
"PREMIER, INC.",PREMIER INC. EMPLOYEES' CIVIC ACTION FUND,Rep. Diana DeGette,2025-05-06,5000.00
"PREMIER, INC.",PREMIER INC. EMPLOYEES' CIVIC ACTION FUND,Sen. Marsha Blackburn,2025-05-08,2000.00
"PREMIER, INC.",PREMIER INC. EMPLOYEES' CIVIC ACTION FUND,Rep. Greg Murphy,2025-05-13,1000.00
"PREMIER, INC.",PREMIER INC. EMPLOYEES' CIVIC ACTION FUND,Rep. Don Beyer,2025-05-29,1000.00
"PREMIER, INC.",PREMIER INC. EMPLOYEES' CIVIC ACTION FUND,Rep. Mike Kelly,2025-06-05,1000.00
"PREMIER, INC.",PREMIER INC. EMPLOYEES' CIVIC ACTION FUND,Sen. Lisa Blunt Rochester,2025-06-09,1500.00
"PREMIER, INC.",PREMIER INC. EMPLOYEES' CIVIC ACTION FUND,Rep. Addison McDowell,2025-05-21,1000.00
"PREMIER, INC.",PREMIER INC. EMPLOYEES' CIVIC ACTION FUND,Rep. Alma Adams,2025-06-25,1000.00
"PREMIER, INC.",PREMIER INC. EMPLOYEES' CIVIC ACTION FUND,Rep. Virginia Foxx,2025-06-26,1000.00
"PREMIER, INC.",PREMIER INC. EMPLOYEES' CIVIC ACTION FUND,Rep. Don Davis,2025-06-26,1000.00
"PREMIER, INC.",PREMIER INC. EMPLOYEES' CIVIC ACTION FUND,Rep. Brad Schneider,2025-06-09,1000.00
"PREMIER, INC.",PREMIER INC. EMPLOYEES' CIVIC ACTION FUND,Tuesday Group,2025-01-28,5000.00
"PREMIER, INC.",PREMIER INC. EMPLOYEES' CIVIC ACTION FUND,New Democrat Coalition,2025-01-28,5000.00
"PREMIER, INC.",PREMIER INC. EMPLOYEES' CIVIC ACTION FUND,Sen. Ted Budd,2025-02-19,5000.00
"PREMIER, INC.",PREMIER INC. EMPLOYEES' CIVIC ACTION FUND,Rep. Tim Moore,2025-02-26,1000.00
"PREMIER, INC.",PREMIER INC. EMPLOYEES' CIVIC ACTION FUND,Rep. Richard Hudson,2025-03-06,5000.00
"PREMIER, INC.",PREMIER INC. EMPLOYEES' CIVIC ACTION FUND,Sen. Thom Tillis,2025-03-06,10000.00
"PREMIER, INC.",PREMIER INC. EMPLOYEES' CIVIC ACTION FUND,Sen. Thom Tillis,2025-03-06,5000.00
"PREMIER, INC.",PREMIER INC. EMPLOYEES' CIVIC ACTION FUND,Rep. Frank Pallone,2025-03-11,5000.00
"PREMIER, INC.",PREMIER INC. EMPLOYEES' CIVIC ACTION FUND,Rep. Richard Neal,2025-03-11,5000.00
"PREMIER, INC.",PREMIER INC. EMPLOYEES' CIVIC ACTION FUND,Sen. Ron Wyden,2025-03-11,5000.00
"PREMIER, INC.",PREMIER INC. EMPLOYEES' CIVIC ACTION FUND,Rep. Vern Buchanan,2025-03-25,5000.00
"PREMIER, INC.",PREMIER INC. EMPLOYEES' CIVIC ACTION FUND,Rep. Deborah Ross,2025-03-25,1000.00
"PREMIER, INC.",PREMIER INC. EMPLOYEES' CIVIC ACTION FUND,Rep. Brad Knott,2025-04-10,1500.00
"PREMIER, INC.",PREMIER INC. EMPLOYEES' CIVIC ACTION FUND,Rep. Pat Harrigan,2025-04-30,1000.00
"PREMIER, INC.",PREMIER INC. EMPLOYEES' CIVIC ACTION FUND,Rep. Carol Miller,2025-05-06,1000.00
"PREMIER, INC.",PREMIER INC. EMPLOYEES' CIVIC ACTION FUND,Rep. Jason Smith,2025-05-06,5000.00
"PREMIER, INC.",PREMIER INC. EMPLOYEES' CIVIC ACTION FUND,Rep. Diana DeGette,2025-05-06,5000.00
"PREMIER, INC.",PREMIER INC. EMPLOYEES' CIVIC ACTION FUND,Sen. Marsha Blackburn,2025-05-08,2000.00
"PREMIER, INC.",PREMIER INC. EMPLOYEES' CIVIC ACTION FUND,Rep. Greg Murphy,2025-05-13,1000.00
"PREMIER, INC.",PREMIER INC. EMPLOYEES' CIVIC ACTION FUND,Rep. Don Beyer,2025-05-29,1000.00
"PREMIER, INC.",PREMIER INC. EMPLOYEES' CIVIC ACTION FUND,Rep. Mike Kelly,2025-06-05,1000.00
"PREMIER, INC.",PREMIER INC. EMPLOYEES' CIVIC ACTION FUND,Sen. Lisa Blunt Rochester,2025-06-09,1500.00
"PREMIER, INC.",PREMIER INC. EMPLOYEES' CIVIC ACTION FUND,Rep. Addison McDowell,2025-05-21,1000.00
"PREMIER, INC.",PREMIER INC. EMPLOYEES' CIVIC ACTION FUND,Rep. Alma Adams,2025-06-25,1000.00
"PREMIER, INC.",PREMIER INC. EMPLOYEES' CIVIC ACTION FUND,Rep. Virginia Foxx,2025-06-26,1000.00
"PREMIER, INC.",PREMIER INC. EMPLOYEES' CIVIC ACTION FUND,Rep. Don Davis,2025-06-26,1000.00
"PREMIER, INC.",PREMIER INC. EMPLOYEES' CIVIC ACTION FUND,Rep. Brad Schneider,2025-06-09,1000.00
"PREMIER, INC.",PREMIER INC. EMPLOYEES' CIVIC ACTION FUND,Tuesday Group,2025-01-28,5000.00
"PREMIER, INC.",PREMIER INC. EMPLOYEES' CIVIC ACTION FUND,New Democrat Coalition,2025-01-28,5000.00
"PREMIER, INC.",PREMIER INC. EMPLOYEES' CIVIC ACTION FUND,Sen. Ted Budd,2025-02-19,5000.00
"PREMIER, INC.",PREMIER INC. EMPLOYEES' CIVIC ACTION FUND,Rep. Tim Moore,2025-02-26,1000.00
"PREMIER, INC.",PREMIER INC. EMPLOYEES' CIVIC ACTION FUND,Rep. Richard Hudson,2025-03-06,5000.00
"PREMIER, INC.",PREMIER INC. EMPLOYEES' CIVIC ACTION FUND,Sen. Thom Tillis,2025-03-06,10000.00
"PREMIER, INC.",PREMIER INC. EMPLOYEES' CIVIC ACTION FUND,Sen. Thom Tillis,2025-03-06,5000.00
"PREMIER, INC.",PREMIER INC. EMPLOYEES' CIVIC ACTION FUND,Rep. Frank Pallone,2025-03-11,5000.00
"PREMIER, INC.",PREMIER INC. EMPLOYEES' CIVIC ACTION FUND,Rep. Richard Neal,2025-03-11,5000.00
"PREMIER, INC.",PREMIER INC. EMPLOYEES' CIVIC ACTION FUND,Sen. Ron Wyden,2025-03-11,5000.00
"PREMIER, INC.",PREMIER INC. EMPLOYEES' CIVIC ACTION FUND,Rep. Vern Buchanan,2025-03-25,5000.00
"PREMIER, INC.",PREMIER INC. EMPLOYEES' CIVIC ACTION FUND,Rep. Deborah Ross,2025-03-25,1000.00
"PREMIER, INC.",PREMIER INC. EMPLOYEES' CIVIC ACTION FUND,Rep. Brad Knott,2025-04-10,1500.00
"PREMIER, INC.",PREMIER INC. EMPLOYEES' CIVIC ACTION FUND,Rep. Pat Harrigan,2025-04-30,1000.00
"PREMIER, INC.",PREMIER INC. EMPLOYEES' CIVIC ACTION FUND,Rep. Carol Miller,2025-05-06,1000.00
"PREMIER, INC.",PREMIER INC. EMPLOYEES' CIVIC ACTION FUND,Rep. Jason Smith,2025-05-06,5000.00
"PREMIER, INC.",PREMIER INC. EMPLOYEES' CIVIC ACTION FUND,Rep. Diana DeGette,2025-05-06,5000.00
"PREMIER, INC.",PREMIER INC. EMPLOYEES' CIVIC ACTION FUND,Sen. Marsha Blackburn,2025-05-08,2000.00
"PREMIER, INC.",PREMIER INC. EMPLOYEES' CIVIC ACTION FUND,Rep. Greg Murphy,2025-05-13,1000.00
"PREMIER, INC.",PREMIER INC. EMPLOYEES' CIVIC ACTION FUND,Rep. Don Beyer,2025-05-29,1000.00
"PREMIER, INC.",PREMIER INC. EMPLOYEES' CIVIC ACTION FUND,Rep. Mike Kelly,2025-06-05,1000.00
"PREMIER, INC.",PREMIER INC. EMPLOYEES' CIVIC ACTION FUND,Sen. Lisa Blunt Rochester,2025-06-09,1500.00
"PREMIER, INC.",PREMIER INC. EMPLOYEES' CIVIC ACTION FUND,Rep. Addison McDowell,2025-05-21,1000.00
"PREMIER, INC.",PREMIER INC. EMPLOYEES' CIVIC ACTION FUND,Rep. Alma Adams,2025-06-25,1000.00
"PREMIER, INC.",PREMIER INC. EMPLOYEES' CIVIC ACTION FUND,Rep. Virginia Foxx,2025-06-26,1000.00
"PREMIER, INC.",PREMIER INC. EMPLOYEES' CIVIC ACTION FUND,Rep. Don Davis,2025-06-26,1000.00
"PREMIER, INC.",PREMIER INC. EMPLOYEES' CIVIC ACTION FUND,Rep. Brad Schneider,2025-06-09,1000.00
"PREMIER, INC.",PREMIER INC. EMPLOYEES' CIVIC ACTION FUND,Tuesday Group,2025-01-28,5000.00
"PREMIER, INC.",PREMIER INC. EMPLOYEES' CIVIC ACTION FUND,New Democrat Coalition,2025-01-28,5000.00
"PREMIER, INC.",PREMIER INC. EMPLOYEES' CIVIC ACTION FUND,Sen. Ted Budd,2025-02-19,5000.00
"PREMIER, INC.",PREMIER INC. EMPLOYEES' CIVIC ACTION FUND,Rep. Tim Moore,2025-02-26,1000.00
"PREMIER, INC.",PREMIER INC. EMPLOYEES' CIVIC ACTION FUND,Rep. Richard Hudson,2025-03-06,5000.00
"PREMIER, INC.",PREMIER INC. EMPLOYEES' CIVIC ACTION FUND,Sen. Thom Tillis,2025-03-06,10000.00
"PREMIER, INC.",PREMIER INC. EMPLOYEES' CIVIC ACTION FUND,Sen. Thom Tillis,2025-03-06,5000.00
"PREMIER, INC.",PREMIER INC. EMPLOYEES' CIVIC ACTION FUND,Rep. Frank Pallone,2025-03-11,5000.00
"PREMIER, INC.",PREMIER INC. EMPLOYEES' CIVIC ACTION FUND,Rep. Richard Neal,2025-03-11,5000.00
"PREMIER, INC.",PREMIER INC. EMPLOYEES' CIVIC ACTION FUND,Sen. Ron Wyden,2025-03-11,5000.00
"PREMIER, INC.",PREMIER INC. EMPLOYEES' CIVIC ACTION FUND,Rep. Vern Buchanan,2025-03-25,5000.00
"PREMIER, INC.",PREMIER INC. EMPLOYEES' CIVIC ACTION FUND,Rep. Deborah Ross,2025-03-25,1000.00
TIBER CREEK GROUP,,Sen. Steve Daines,2025-03-30,1000.00
TIBER CREEK GROUP,,Rep. French Hill,2025-03-30,2500.00
TIBER CREEK GROUP,,Rep. Brett Guthrie,2025-03-30,1000.00
TIBER CREEK GROUP,,Sen. Linsdsey Graham,2025-03-30,1000.00
TIBER CREEK GROUP,,Sen. Susan Collins,2025-05-27,1000.00
TIBER CREEK GROUP,,Sen. Thom Tillis,2025-05-27,2500.00
TIBER CREEK GROUP,,Sen. Steve Daines,2025-03-30,1000.00
TIBER CREEK GROUP,,Rep. French Hill,2025-03-30,2500.00
TIBER CREEK GROUP,,Rep. Brett Guthrie,2025-03-30,1000.00
TIBER CREEK GROUP,,Sen. Linsdsey Graham,2025-03-30,1000.00
TIBER CREEK GROUP,,Sen. Susan Collins,2025-05-27,1000.00
TIBER CREEK GROUP,,Sen. Thom Tillis,2025-05-27,2500.00
TIBER CREEK GROUP,,Sen. Steve Daines,2025-03-30,1000.00
TIBER CREEK GROUP,,Rep. French Hill,2025-03-30,2500.00
TIBER CREEK GROUP,,Rep. Brett Guthrie,2025-03-30,1000.00
TIBER CREEK GROUP,,Sen. Linsdsey Graham,2025-03-30,1000.00
TIBER CREEK GROUP,,Sen. Susan Collins,2025-05-27,1000.00
TIBER CREEK GROUP,,Sen. Thom Tillis,2025-05-27,2500.00
TIBER CREEK GROUP,,Sen. Steve Daines,2025-03-30,1000.00
TIBER CREEK GROUP,,Rep. French Hill,2025-03-30,2500.00
TIBER CREEK GROUP,,Rep. Brett Guthrie,2025-03-30,1000.00
TIBER CREEK GROUP,,Sen. Linsdsey Graham,2025-03-30,1000.00
TIBER CREEK GROUP,,Sen. Susan Collins,2025-05-27,1000.00
TIBER CREEK GROUP,,Sen. Thom Tillis,2025-05-27,2500.00
THE CHEMOURS COMPANY,"The Chemours Company Political Action Committee ""Chemours PAC""",Rep. Buddy Carter,2025-05-13,1000.00
THE CHEMOURS COMPANY,"The Chemours Company Political Action Committee ""Chemours PAC""",Sen. John Curtis,2025-05-13,1000.00
THE CHEMOURS COMPANY,"The Chemours Company Political Action Committee ""Chemours PAC""",Rep. Sarah McBride,2025-05-13,1000.00
THE CHEMOURS COMPANY,"The Chemours Company Political Action Committee ""Chemours PAC""",Sen. Shelley Moore Capito,2025-05-13,2500.00
THE CHEMOURS COMPANY,"The Chemours Company Political Action Committee ""Chemours PAC""",Rep. Morgan Griffith,2025-04-22,2500.00
THE CHEMOURS COMPANY,"The Chemours Company Political Action Committee ""Chemours PAC""",Rep. Brett Guthrie,2025-01-29,2300.00
THE CHEMOURS COMPANY,"The Chemours Company Political Action Committee ""Chemours PAC""",Rep. Brett Guthrie,2025-01-29,200.00
THE CHEMOURS COMPANY,"The Chemours Company Political Action Committee ""Chemours PAC""",Rep. Riley Moore,2025-01-16,1000.00
THE CHEMOURS COMPANY,"The Chemours Company Political Action Committee ""Chemours PAC""",Rep. Aaron Bean,2025-01-06,1000.00
THE CHEMOURS COMPANY,"The Chemours Company Political Action Committee ""Chemours PAC""",Rep. Buddy Carter,2025-05-13,1000.00
THE CHEMOURS COMPANY,"The Chemours Company Political Action Committee ""Chemours PAC""",Sen. John Curtis,2025-05-13,1000.00
THE CHEMOURS COMPANY,"The Chemours Company Political Action Committee ""Chemours PAC""",Rep. Sarah McBride,2025-05-13,1000.00
THE CHEMOURS COMPANY,"The Chemours Company Political Action Committee ""Chemours PAC""",Sen. Shelley Moore Capito,2025-05-13,2500.00
THE CHEMOURS COMPANY,"The Chemours Company Political Action Committee ""Chemours PAC""",Rep. Morgan Griffith,2025-04-22,2500.00
THE CHEMOURS COMPANY,"The Chemours Company Political Action Committee ""Chemours PAC""",Rep. Brett Guthrie,2025-01-29,2300.00
THE CHEMOURS COMPANY,"The Chemours Company Political Action Committee ""Chemours PAC""",Rep. Brett Guthrie,2025-01-29,200.00
THE CHEMOURS COMPANY,"The Chemours Company Political Action Committee ""Chemours PAC""",Rep. Riley Moore,2025-01-16,1000.00
THE CHEMOURS COMPANY,"The Chemours Company Political Action Committee ""Chemours PAC""",Rep. Aaron Bean,2025-01-06,1000.00
THE CHEMOURS COMPANY,"The Chemours Company Political Action Committee ""Chemours PAC""",Rep. Buddy Carter,2025-05-13,1000.00
THE CHEMOURS COMPANY,"The Chemours Company Political Action Committee ""Chemours PAC""",Sen. John Curtis,2025-05-13,1000.00
THE CHEMOURS COMPANY,"The Chemours Company Political Action Committee ""Chemours PAC""",Rep. Sarah McBride,2025-05-13,1000.00
THE CHEMOURS COMPANY,"The Chemours Company Political Action Committee ""Chemours PAC""",Sen. Shelley Moore Capito,2025-05-13,2500.00
THE CHEMOURS COMPANY,"The Chemours Company Political Action Committee ""Chemours PAC""",Rep. Morgan Griffith,2025-04-22,2500.00
THE CHEMOURS COMPANY,"The Chemours Company Political Action Committee ""Chemours PAC""",Rep. Brett Guthrie,2025-01-29,2300.00
THE CHEMOURS COMPANY,"The Chemours Company Political Action Committee ""Chemours PAC""",Rep. Brett Guthrie,2025-01-29,200.00
THE CHEMOURS COMPANY,"The Chemours Company Political Action Committee ""Chemours PAC""",Rep. Riley Moore,2025-01-16,1000.00
THE CHEMOURS COMPANY,"The Chemours Company Political Action Committee ""Chemours PAC""",Rep. Aaron Bean,2025-01-06,1000.00
THE CHEMOURS COMPANY,"The Chemours Company Political Action Committee ""Chemours PAC""",Rep. Buddy Carter,2025-05-13,1000.00
THE CHEMOURS COMPANY,"The Chemours Company Political Action Committee ""Chemours PAC""",Sen. John Curtis,2025-05-13,1000.00
THE CHEMOURS COMPANY,"The Chemours Company Political Action Committee ""Chemours PAC""",Rep. Sarah McBride,2025-05-13,1000.00
THE CHEMOURS COMPANY,"The Chemours Company Political Action Committee ""Chemours PAC""",Sen. Shelley Moore Capito,2025-05-13,2500.00
THE CHEMOURS COMPANY,"The Chemours Company Political Action Committee ""Chemours PAC""",Rep. Morgan Griffith,2025-04-22,2500.00
THE CHEMOURS COMPANY,"The Chemours Company Political Action Committee ""Chemours PAC""",Rep. Brett Guthrie,2025-01-29,2300.00
THE CHEMOURS COMPANY,"The Chemours Company Political Action Committee ""Chemours PAC""",Rep. Brett Guthrie,2025-01-29,200.00
THE CHEMOURS COMPANY,"The Chemours Company Political Action Committee ""Chemours PAC""",Rep. Riley Moore,2025-01-16,1000.00
THE CHEMOURS COMPANY,"The Chemours Company Political Action Committee ""Chemours PAC""",Rep. Aaron Bean,2025-01-06,1000.00
THE CHEMOURS COMPANY,"The Chemours Company Political Action Committee ""Chemours PAC""",Rep. Buddy Carter,2025-05-13,1000.00
THE CHEMOURS COMPANY,"The Chemours Company Political Action Committee ""Chemours PAC""",Sen. John Curtis,2025-05-13,1000.00
THE CHEMOURS COMPANY,"The Chemours Company Political Action Committee ""Chemours PAC""",Rep. Sarah McBride,2025-05-13,1000.00
THE CHEMOURS COMPANY,"The Chemours Company Political Action Committee ""Chemours PAC""",Sen. Shelley Moore Capito,2025-05-13,2500.00
THE CHEMOURS COMPANY,"The Chemours Company Political Action Committee ""Chemours PAC""",Rep. Morgan Griffith,2025-04-22,2500.00
THE CHEMOURS COMPANY,"The Chemours Company Political Action Committee ""Chemours PAC""",Rep. Brett Guthrie,2025-01-29,2300.00
THE CHEMOURS COMPANY,"The Chemours Company Political Action Committee ""Chemours PAC""",Rep. Brett Guthrie,2025-01-29,200.00
THE CHEMOURS COMPANY,"The Chemours Company Political Action Committee ""Chemours PAC""",Rep. Riley Moore,2025-01-16,1000.00
THE CHEMOURS COMPANY,"The Chemours Company Political Action Committee ""Chemours PAC""",Rep. Aaron Bean,2025-01-06,1000.00
MUTCH GOVERNMENT RELATIONS,,Congressman Jeff Hurd,2025-06-30,1000.00
MUTCH GOVERNMENT RELATIONS,,Rep. Gabe Evans,2025-06-05,250.00
RELATIVITY SPACE,Relativity Space Political Action Committee (Relativity PAC),Leadership PAC affiliated with Sen. Brian Schatz,2025-01-13,5000.00
RELATIVITY SPACE,Relativity Space Political Action Committee (Relativity PAC),Rep. Ken Calvert,2025-01-28,500.00
RELATIVITY SPACE,Relativity Space Political Action Committee (Relativity PAC),Rep. Brian Babin,2025-02-03,1000.00
RELATIVITY SPACE,Relativity Space Political Action Committee (Relativity PAC),Rep. George Whitesides,2025-03-06,1000.00
RELATIVITY SPACE,Relativity Space Political Action Committee (Relativity PAC),Sen. Susan Collins,2025-04-23,1000.00
RELATIVITY SPACE,Relativity Space Political Action Committee (Relativity PAC),Rep. Ken Calvert,2025-05-14,1000.00
RELATIVITY SPACE,Relativity Space Political Action Committee (Relativity PAC),Leadership PAC affiliated with Sen. Brian Schatz,2025-01-13,5000.00
RELATIVITY SPACE,Relativity Space Political Action Committee (Relativity PAC),Rep. Ken Calvert,2025-01-28,500.00
RELATIVITY SPACE,Relativity Space Political Action Committee (Relativity PAC),Rep. Brian Babin,2025-02-03,1000.00
RELATIVITY SPACE,Relativity Space Political Action Committee (Relativity PAC),Rep. George Whitesides,2025-03-06,1000.00
RELATIVITY SPACE,Relativity Space Political Action Committee (Relativity PAC),Sen. Susan Collins,2025-04-23,1000.00
RELATIVITY SPACE,Relativity Space Political Action Committee (Relativity PAC),Rep. Ken Calvert,2025-05-14,1000.00
RELATIVITY SPACE,Relativity Space Political Action Committee (Relativity PAC),Leadership PAC affiliated with Sen. Brian Schatz,2025-01-13,5000.00
RELATIVITY SPACE,Relativity Space Political Action Committee (Relativity PAC),Rep. Ken Calvert,2025-01-28,500.00
RELATIVITY SPACE,Relativity Space Political Action Committee (Relativity PAC),Rep. Brian Babin,2025-02-03,1000.00
RELATIVITY SPACE,Relativity Space Political Action Committee (Relativity PAC),Rep. George Whitesides,2025-03-06,1000.00
RELATIVITY SPACE,Relativity Space Political Action Committee (Relativity PAC),Sen. Susan Collins,2025-04-23,1000.00
RELATIVITY SPACE,Relativity Space Political Action Committee (Relativity PAC),Rep. Ken Calvert,2025-05-14,1000.00
RELATIVITY SPACE,Relativity Space Political Action Committee (Relativity PAC),Leadership PAC affiliated with Sen. Brian Schatz,2025-01-13,5000.00
RELATIVITY SPACE,Relativity Space Political Action Committee (Relativity PAC),Rep. Ken Calvert,2025-01-28,500.00
RELATIVITY SPACE,Relativity Space Political Action Committee (Relativity PAC),Rep. Brian Babin,2025-02-03,1000.00
RELATIVITY SPACE,Relativity Space Political Action Committee (Relativity PAC),Rep. George Whitesides,2025-03-06,1000.00
RELATIVITY SPACE,Relativity Space Political Action Committee (Relativity PAC),Sen. Susan Collins,2025-04-23,1000.00
RELATIVITY SPACE,Relativity Space Political Action Committee (Relativity PAC),Rep. Ken Calvert,2025-05-14,1000.00
MUTCH GOVERNMENT RELATIONS,,Rep. Gabe Evans,2025-06-05,250.00
MUTCH GOVERNMENT RELATIONS,,Rep. Jeff Hurd,2025-06-30,1000.00
COMCAST CORPORATION,,Katherine Clark,2025-06-02,1500.00
COMCAST CORPORATION,,Ed Markey,2025-03-25,500.00
COMCAST CORPORATION,,"Frank Pallone, Jr.",2025-03-25,500.00
"HCA HEALTHCARE, INC.","HCA HEALTHCARE, INC. GOOD GOVERNMENT FUND",Rep. Brett Guthrie,2025-03-24,1500.00
"HCA HEALTHCARE, INC.","HCA HEALTHCARE, INC. GOOD GOVERNMENT FUND",Rep. Brett Guthrie,2025-04-28,5000.00
"HCA HEALTHCARE, INC.","HCA HEALTHCARE, INC. GOOD GOVERNMENT FUND",Rep. Brett Guthrie,2025-04-28,2500.00
"HCA HEALTHCARE, INC.","HCA HEALTHCARE, INC. GOOD GOVERNMENT FUND","Rep. Frank Pallone, Jr.",2025-06-19,5000.00
"HCA HEALTHCARE, INC.","HCA HEALTHCARE, INC. GOOD GOVERNMENT FUND",Sen. Dan Sullivan,2025-02-10,2500.00
"HCA HEALTHCARE, INC.","HCA HEALTHCARE, INC. GOOD GOVERNMENT FUND","Rep. Juan Ciscomani, III",2025-06-19,2500.00
"HCA HEALTHCARE, INC.","HCA HEALTHCARE, INC. GOOD GOVERNMENT FUND",Rep. David Valadao,2025-06-19,2500.00
"HCA HEALTHCARE, INC.","HCA HEALTHCARE, INC. GOOD GOVERNMENT FUND",Rep. Joe Neguse,2025-01-31,2500.00
"HCA HEALTHCARE, INC.","HCA HEALTHCARE, INC. GOOD GOVERNMENT FUND",Rep. Kat Cammack,2025-01-31,5000.00
"HCA HEALTHCARE, INC.","HCA HEALTHCARE, INC. GOOD GOVERNMENT FUND",Rep. Darren Soto,2025-02-18,2500.00
"HCA HEALTHCARE, INC.","HCA HEALTHCARE, INC. GOOD GOVERNMENT FUND",Rep. Russ Fulcher,2025-03-24,2500.00
"HCA HEALTHCARE, INC.","HCA HEALTHCARE, INC. GOOD GOVERNMENT FUND",Sen. Catherine Cortez Masto,2025-06-19,5000.00
"HCA HEALTHCARE, INC.","HCA HEALTHCARE, INC. GOOD GOVERNMENT FUND",Sen. John Thune,2025-02-10,5000.00
"HCA HEALTHCARE, INC.","HCA HEALTHCARE, INC. GOOD GOVERNMENT FUND",Rep. Mike Kennedy,2025-02-18,2500.00
"HCA HEALTHCARE, INC.","HCA HEALTHCARE, INC. GOOD GOVERNMENT FUND","Rep. Don Beyer, Jr.",2025-02-18,2500.00
"HCA HEALTHCARE, INC.","HCA HEALTHCARE, INC. GOOD GOVERNMENT FUND",Sen. Mark Warner,2025-04-28,2500.00
"HCA HEALTHCARE, INC.","HCA HEALTHCARE, INC. GOOD GOVERNMENT FUND",Sen. Mark Warner,2025-06-19,5000.00
"HCA HEALTHCARE, INC.","HCA HEALTHCARE, INC. GOOD GOVERNMENT FUND",Sen. John Thune,2025-02-10,5000.00
"HCA HEALTHCARE, INC.","HCA HEALTHCARE, INC. GOOD GOVERNMENT FUND",Sen. Mike Crapo,2025-03-24,5000.00
"HCA HEALTHCARE, INC.","HCA HEALTHCARE, INC. GOOD GOVERNMENT FUND",Rep. Brett Guthrie,2025-04-28,5000.00
"HCA HEALTHCARE, INC.","HCA HEALTHCARE, INC. GOOD GOVERNMENT FUND",NRSC,2025-02-10,10000.00
"HCA HEALTHCARE, INC.","HCA HEALTHCARE, INC. GOOD GOVERNMENT FUND",NRCC,2025-06-19,5000.00
"HCA HEALTHCARE, INC.","HCA HEALTHCARE, INC. GOOD GOVERNMENT FUND",Rep. Brett Guthrie,2025-03-24,1500.00
"HCA HEALTHCARE, INC.","HCA HEALTHCARE, INC. GOOD GOVERNMENT FUND",Rep. Brett Guthrie,2025-04-28,5000.00
"HCA HEALTHCARE, INC.","HCA HEALTHCARE, INC. GOOD GOVERNMENT FUND",Rep. Brett Guthrie,2025-04-28,2500.00
"HCA HEALTHCARE, INC.","HCA HEALTHCARE, INC. GOOD GOVERNMENT FUND","Rep. Frank Pallone, Jr.",2025-06-19,5000.00
"HCA HEALTHCARE, INC.","HCA HEALTHCARE, INC. GOOD GOVERNMENT FUND",Sen. Dan Sullivan,2025-02-10,2500.00
"HCA HEALTHCARE, INC.","HCA HEALTHCARE, INC. GOOD GOVERNMENT FUND","Rep. Juan Ciscomani, III",2025-06-19,2500.00
"HCA HEALTHCARE, INC.","HCA HEALTHCARE, INC. GOOD GOVERNMENT FUND",Rep. David Valadao,2025-06-19,2500.00
"HCA HEALTHCARE, INC.","HCA HEALTHCARE, INC. GOOD GOVERNMENT FUND",Rep. Joe Neguse,2025-01-31,2500.00
"HCA HEALTHCARE, INC.","HCA HEALTHCARE, INC. GOOD GOVERNMENT FUND",Rep. Kat Cammack,2025-01-31,5000.00
"HCA HEALTHCARE, INC.","HCA HEALTHCARE, INC. GOOD GOVERNMENT FUND",Rep. Darren Soto,2025-02-18,2500.00
"HCA HEALTHCARE, INC.","HCA HEALTHCARE, INC. GOOD GOVERNMENT FUND",Rep. Russ Fulcher,2025-03-24,2500.00
"HCA HEALTHCARE, INC.","HCA HEALTHCARE, INC. GOOD GOVERNMENT FUND",Sen. Catherine Cortez Masto,2025-06-19,5000.00
"HCA HEALTHCARE, INC.","HCA HEALTHCARE, INC. GOOD GOVERNMENT FUND",Sen. John Thune,2025-02-10,5000.00
"HCA HEALTHCARE, INC.","HCA HEALTHCARE, INC. GOOD GOVERNMENT FUND",Rep. Mike Kennedy,2025-02-18,2500.00
"HCA HEALTHCARE, INC.","HCA HEALTHCARE, INC. GOOD GOVERNMENT FUND","Rep. Don Beyer, Jr.",2025-02-18,2500.00
"HCA HEALTHCARE, INC.","HCA HEALTHCARE, INC. GOOD GOVERNMENT FUND",Sen. Mark Warner,2025-04-28,2500.00
"HCA HEALTHCARE, INC.","HCA HEALTHCARE, INC. GOOD GOVERNMENT FUND",Sen. Mark Warner,2025-06-19,5000.00
"HCA HEALTHCARE, INC.","HCA HEALTHCARE, INC. GOOD GOVERNMENT FUND",Sen. John Thune,2025-02-10,5000.00
"HCA HEALTHCARE, INC.","HCA HEALTHCARE, INC. GOOD GOVERNMENT FUND",Sen. Mike Crapo,2025-03-24,5000.00
"HCA HEALTHCARE, INC.","HCA HEALTHCARE, INC. GOOD GOVERNMENT FUND",Rep. Brett Guthrie,2025-04-28,5000.00
"HCA HEALTHCARE, INC.","HCA HEALTHCARE, INC. GOOD GOVERNMENT FUND",NRSC,2025-02-10,10000.00
"HCA HEALTHCARE, INC.","HCA HEALTHCARE, INC. GOOD GOVERNMENT FUND",NRCC,2025-06-19,5000.00
FIERCE GOVERNMENT RELATIONS,,Honorable Mike Crapo,2025-06-30,1000.00
FIERCE GOVERNMENT RELATIONS,,Honorable Ashley Moody,2025-06-30,1000.00
FIERCE GOVERNMENT RELATIONS,,Honorable Susan Collins,2025-03-31,3500.00
FIERCE GOVERNMENT RELATIONS,,Honorable John Cornyn,2025-03-31,1000.00
FIERCE GOVERNMENT RELATIONS,,Honorable Rand Paul,2025-03-31,1000.00
FIERCE GOVERNMENT RELATIONS,,Honorable Jason Smith,2025-03-31,1500.00
FIERCE GOVERNMENT RELATIONS,,Honorable John Boozman,2025-03-31,2000.00
FIERCE GOVERNMENT RELATIONS,,Honorable Todd Young,2025-03-31,1000.00
FIERCE GOVERNMENT RELATIONS,,Honorable Charles Grassley,2025-03-31,1500.00
FIERCE GOVERNMENT RELATIONS,,Honorable Pete Ricketts,2025-03-31,1500.00
FIERCE GOVERNMENT RELATIONS,,Honorable James Lankford,2025-06-30,2750.00
FIERCE GOVERNMENT RELATIONS,,Republican Candidates for US Senate,2025-03-24,1250.00
FIERCE GOVERNMENT RELATIONS,,Honorable Cindy Hyde-Smith,2025-06-23,1000.00
FIERCE GOVERNMENT RELATIONS,,Republican Candidates for US Senate,2025-06-24,1250.00
FIERCE GOVERNMENT RELATIONS,,Honorable Mike Crapo,2025-06-30,1000.00
FIERCE GOVERNMENT RELATIONS,,Honorable Ashley Moody,2025-06-30,1000.00
FIERCE GOVERNMENT RELATIONS,,Honorable Susan Collins,2025-03-31,3500.00
FIERCE GOVERNMENT RELATIONS,,Honorable John Cornyn,2025-03-31,1000.00
FIERCE GOVERNMENT RELATIONS,,Honorable Rand Paul,2025-03-31,1000.00
FIERCE GOVERNMENT RELATIONS,,Honorable Jason Smith,2025-03-31,1500.00
FIERCE GOVERNMENT RELATIONS,,Honorable John Boozman,2025-03-31,2000.00
FIERCE GOVERNMENT RELATIONS,,Honorable Todd Young,2025-03-31,1000.00
FIERCE GOVERNMENT RELATIONS,,Honorable Charles Grassley,2025-03-31,1500.00
FIERCE GOVERNMENT RELATIONS,,Honorable Pete Ricketts,2025-03-31,1500.00
FIERCE GOVERNMENT RELATIONS,,Honorable James Lankford,2025-06-30,2750.00
FIERCE GOVERNMENT RELATIONS,,Republican Candidates for US Senate,2025-03-24,1250.00
FIERCE GOVERNMENT RELATIONS,,Honorable Cindy Hyde-Smith,2025-06-23,1000.00
FIERCE GOVERNMENT RELATIONS,,Republican Candidates for US Senate,2025-06-24,1250.00
FIERCE GOVERNMENT RELATIONS,,Honorable Mike Crapo,2025-06-30,1000.00
FIERCE GOVERNMENT RELATIONS,,Honorable Ashley Moody,2025-06-30,1000.00
FIERCE GOVERNMENT RELATIONS,,Honorable Susan Collins,2025-03-31,3500.00
FIERCE GOVERNMENT RELATIONS,,Honorable John Cornyn,2025-03-31,1000.00
FIERCE GOVERNMENT RELATIONS,,Honorable Rand Paul,2025-03-31,1000.00
FIERCE GOVERNMENT RELATIONS,,Honorable Jason Smith,2025-03-31,1500.00
FIERCE GOVERNMENT RELATIONS,,Honorable John Boozman,2025-03-31,2000.00
FIERCE GOVERNMENT RELATIONS,,Honorable Todd Young,2025-03-31,1000.00
FIERCE GOVERNMENT RELATIONS,,Honorable Charles Grassley,2025-03-31,1500.00
FIERCE GOVERNMENT RELATIONS,,Honorable Pete Ricketts,2025-03-31,1500.00
FIERCE GOVERNMENT RELATIONS,,Honorable James Lankford,2025-06-30,2750.00
FIERCE GOVERNMENT RELATIONS,,Republican Candidates for US Senate,2025-03-24,1250.00
FIERCE GOVERNMENT RELATIONS,,Honorable Cindy Hyde-Smith,2025-06-23,1000.00
FIERCE GOVERNMENT RELATIONS,,Republican Candidates for US Senate,2025-06-24,1250.00
FIERCE GOVERNMENT RELATIONS,,Honorable Mike Crapo,2025-06-30,1000.00
FIERCE GOVERNMENT RELATIONS,,Honorable Ashley Moody,2025-06-30,1000.00
FIERCE GOVERNMENT RELATIONS,,Honorable Susan Collins,2025-03-31,3500.00
FIERCE GOVERNMENT RELATIONS,,Honorable John Cornyn,2025-03-31,1000.00
FIERCE GOVERNMENT RELATIONS,,Honorable Rand Paul,2025-03-31,1000.00
FIERCE GOVERNMENT RELATIONS,,Honorable Jason Smith,2025-03-31,1500.00
FIERCE GOVERNMENT RELATIONS,,Honorable John Boozman,2025-03-31,2000.00
FIERCE GOVERNMENT RELATIONS,,Honorable Todd Young,2025-03-31,1000.00
FIERCE GOVERNMENT RELATIONS,,Honorable Charles Grassley,2025-03-31,1500.00
FIERCE GOVERNMENT RELATIONS,,Honorable Pete Ricketts,2025-03-31,1500.00
FIERCE GOVERNMENT RELATIONS,,Honorable James Lankford,2025-06-30,2750.00
FIERCE GOVERNMENT RELATIONS,,Republican Candidates for US Senate,2025-03-24,1250.00
FIERCE GOVERNMENT RELATIONS,,Honorable Cindy Hyde-Smith,2025-06-23,1000.00
FIERCE GOVERNMENT RELATIONS,,Republican Candidates for US Senate,2025-06-24,1250.00
FIERCE GOVERNMENT RELATIONS,,Honorable Mike Crapo,2025-06-30,1000.00
FIERCE GOVERNMENT RELATIONS,,Honorable Ashley Moody,2025-06-30,1000.00
FIERCE GOVERNMENT RELATIONS,,Honorable Susan Collins,2025-03-31,3500.00
FIERCE GOVERNMENT RELATIONS,,Honorable John Cornyn,2025-03-31,1000.00
FIERCE GOVERNMENT RELATIONS,,Honorable Rand Paul,2025-03-31,1000.00
FIERCE GOVERNMENT RELATIONS,,Honorable Jason Smith,2025-03-31,1500.00
FIERCE GOVERNMENT RELATIONS,,Honorable John Boozman,2025-03-31,2000.00
FIERCE GOVERNMENT RELATIONS,,Honorable Todd Young,2025-03-31,1000.00
FIERCE GOVERNMENT RELATIONS,,Honorable Charles Grassley,2025-03-31,1500.00
FIERCE GOVERNMENT RELATIONS,,Honorable Pete Ricketts,2025-03-31,1500.00
FIERCE GOVERNMENT RELATIONS,,Honorable James Lankford,2025-06-30,2750.00
FIERCE GOVERNMENT RELATIONS,,Republican Candidates for US Senate,2025-03-24,1250.00
FIERCE GOVERNMENT RELATIONS,,Honorable Cindy Hyde-Smith,2025-06-23,1000.00
FIERCE GOVERNMENT RELATIONS,,Republican Candidates for US Senate,2025-06-24,1250.00
FIERCE GOVERNMENT RELATIONS,,Honorable Mike Crapo,2025-06-30,1000.00
FIERCE GOVERNMENT RELATIONS,,Honorable Ashley Moody,2025-06-30,1000.00
FIERCE GOVERNMENT RELATIONS,,Honorable Susan Collins,2025-03-31,3500.00
FIERCE GOVERNMENT RELATIONS,,Honorable John Cornyn,2025-03-31,1000.00
FIERCE GOVERNMENT RELATIONS,,Honorable Rand Paul,2025-03-31,1000.00
FIERCE GOVERNMENT RELATIONS,,Honorable Jason Smith,2025-03-31,1500.00
FIERCE GOVERNMENT RELATIONS,,Honorable John Boozman,2025-03-31,2000.00
FIERCE GOVERNMENT RELATIONS,,Honorable Todd Young,2025-03-31,1000.00
FIERCE GOVERNMENT RELATIONS,,Honorable Charles Grassley,2025-03-31,1500.00
FIERCE GOVERNMENT RELATIONS,,Honorable Pete Ricketts,2025-03-31,1500.00
FIERCE GOVERNMENT RELATIONS,,Honorable James Lankford,2025-06-30,2750.00
FIERCE GOVERNMENT RELATIONS,,Republican Candidates for US Senate,2025-03-24,1250.00
FIERCE GOVERNMENT RELATIONS,,Honorable Cindy Hyde-Smith,2025-06-23,1000.00
FIERCE GOVERNMENT RELATIONS,,Republican Candidates for US Senate,2025-06-24,1250.00
FIERCE GOVERNMENT RELATIONS,,Honorable Mike Crapo,2025-06-30,1000.00
FIERCE GOVERNMENT RELATIONS,,Honorable Ashley Moody,2025-06-30,1000.00
FIERCE GOVERNMENT RELATIONS,,Honorable Susan Collins,2025-03-31,3500.00
FIERCE GOVERNMENT RELATIONS,,Honorable John Cornyn,2025-03-31,1000.00
FIERCE GOVERNMENT RELATIONS,,Honorable Rand Paul,2025-03-31,1000.00
FIERCE GOVERNMENT RELATIONS,,Honorable Jason Smith,2025-03-31,1500.00
FIERCE GOVERNMENT RELATIONS,,Honorable John Boozman,2025-03-31,2000.00
FIERCE GOVERNMENT RELATIONS,,Honorable Todd Young,2025-03-31,1000.00
FIERCE GOVERNMENT RELATIONS,,Honorable Charles Grassley,2025-03-31,1500.00
FIERCE GOVERNMENT RELATIONS,,Honorable Pete Ricketts,2025-03-31,1500.00
FIERCE GOVERNMENT RELATIONS,,Honorable James Lankford,2025-06-30,2750.00
FIERCE GOVERNMENT RELATIONS,,Republican Candidates for US Senate,2025-03-24,1250.00
FIERCE GOVERNMENT RELATIONS,,Honorable Cindy Hyde-Smith,2025-06-23,1000.00
FIERCE GOVERNMENT RELATIONS,,Republican Candidates for US Senate,2025-06-24,1250.00
FIERCE GOVERNMENT RELATIONS,,Honorable Mike Crapo,2025-06-30,1000.00
FIERCE GOVERNMENT RELATIONS,,Honorable Ashley Moody,2025-06-30,1000.00
FIERCE GOVERNMENT RELATIONS,,Honorable Susan Collins,2025-03-31,3500.00
FIERCE GOVERNMENT RELATIONS,,Honorable John Cornyn,2025-03-31,1000.00
FIERCE GOVERNMENT RELATIONS,,Honorable Rand Paul,2025-03-31,1000.00
FIERCE GOVERNMENT RELATIONS,,Honorable Jason Smith,2025-03-31,1500.00
FIERCE GOVERNMENT RELATIONS,,Honorable John Boozman,2025-03-31,2000.00
FIERCE GOVERNMENT RELATIONS,,Honorable Todd Young,2025-03-31,1000.00
FIERCE GOVERNMENT RELATIONS,,Honorable Charles Grassley,2025-03-31,1500.00
FIERCE GOVERNMENT RELATIONS,,Honorable Pete Ricketts,2025-03-31,1500.00
FIERCE GOVERNMENT RELATIONS,,Honorable James Lankford,2025-06-30,2750.00
FIERCE GOVERNMENT RELATIONS,,Republican Candidates for US Senate,2025-03-24,1250.00
FIERCE GOVERNMENT RELATIONS,,Honorable Cindy Hyde-Smith,2025-06-23,1000.00
FIERCE GOVERNMENT RELATIONS,,Republican Candidates for US Senate,2025-06-24,1250.00
FIERCE GOVERNMENT RELATIONS,,Honorable Mike Crapo,2025-06-30,1000.00
FIERCE GOVERNMENT RELATIONS,,Honorable Ashley Moody,2025-06-30,1000.00
FIERCE GOVERNMENT RELATIONS,,Honorable Susan Collins,2025-03-31,3500.00
FIERCE GOVERNMENT RELATIONS,,Honorable John Cornyn,2025-03-31,1000.00
FIERCE GOVERNMENT RELATIONS,,Honorable Rand Paul,2025-03-31,1000.00
FIERCE GOVERNMENT RELATIONS,,Honorable Jason Smith,2025-03-31,1500.00
FIERCE GOVERNMENT RELATIONS,,Honorable John Boozman,2025-03-31,2000.00
FIERCE GOVERNMENT RELATIONS,,Honorable Todd Young,2025-03-31,1000.00
FIERCE GOVERNMENT RELATIONS,,Honorable Charles Grassley,2025-03-31,1500.00
FIERCE GOVERNMENT RELATIONS,,Honorable Pete Ricketts,2025-03-31,1500.00
FIERCE GOVERNMENT RELATIONS,,Honorable James Lankford,2025-06-30,2750.00
FIERCE GOVERNMENT RELATIONS,,Republican Candidates for US Senate,2025-03-24,1250.00
FIERCE GOVERNMENT RELATIONS,,Honorable Cindy Hyde-Smith,2025-06-23,1000.00
FIERCE GOVERNMENT RELATIONS,,Republican Candidates for US Senate,2025-06-24,1250.00
FIERCE GOVERNMENT RELATIONS,,Honorable Mike Crapo,2025-06-30,1000.00
FIERCE GOVERNMENT RELATIONS,,Honorable Ashley Moody,2025-06-30,1000.00
FIERCE GOVERNMENT RELATIONS,,Honorable Susan Collins,2025-03-31,3500.00
FIERCE GOVERNMENT RELATIONS,,Honorable John Cornyn,2025-03-31,1000.00
FIERCE GOVERNMENT RELATIONS,,Honorable Rand Paul,2025-03-31,1000.00
FIERCE GOVERNMENT RELATIONS,,Honorable Jason Smith,2025-03-31,1500.00
FIERCE GOVERNMENT RELATIONS,,Honorable John Boozman,2025-03-31,2000.00
FIERCE GOVERNMENT RELATIONS,,Honorable Todd Young,2025-03-31,1000.00
FIERCE GOVERNMENT RELATIONS,,Honorable Charles Grassley,2025-03-31,1500.00
FIERCE GOVERNMENT RELATIONS,,Honorable Pete Ricketts,2025-03-31,1500.00
FIERCE GOVERNMENT RELATIONS,,Honorable James Lankford,2025-06-30,2750.00
FIERCE GOVERNMENT RELATIONS,,Republican Candidates for US Senate,2025-03-24,1250.00
FIERCE GOVERNMENT RELATIONS,,Honorable Cindy Hyde-Smith,2025-06-23,1000.00
FIERCE GOVERNMENT RELATIONS,,Republican Candidates for US Senate,2025-06-24,1250.00
FIERCE GOVERNMENT RELATIONS,,Honorable Mike Crapo,2025-06-30,1000.00
FIERCE GOVERNMENT RELATIONS,,Honorable Ashley Moody,2025-06-30,1000.00
FIERCE GOVERNMENT RELATIONS,,Honorable Susan Collins,2025-03-31,3500.00
FIERCE GOVERNMENT RELATIONS,,Honorable John Cornyn,2025-03-31,1000.00
FIERCE GOVERNMENT RELATIONS,,Honorable Rand Paul,2025-03-31,1000.00
FIERCE GOVERNMENT RELATIONS,,Honorable Jason Smith,2025-03-31,1500.00
FIERCE GOVERNMENT RELATIONS,,Honorable John Boozman,2025-03-31,2000.00
FIERCE GOVERNMENT RELATIONS,,Honorable Todd Young,2025-03-31,1000.00
FIERCE GOVERNMENT RELATIONS,,Honorable Charles Grassley,2025-03-31,1500.00
FIERCE GOVERNMENT RELATIONS,,Honorable Pete Ricketts,2025-03-31,1500.00
FIERCE GOVERNMENT RELATIONS,,Honorable James Lankford,2025-06-30,2750.00
FIERCE GOVERNMENT RELATIONS,,Republican Candidates for US Senate,2025-03-24,1250.00
FIERCE GOVERNMENT RELATIONS,,Honorable Cindy Hyde-Smith,2025-06-23,1000.00
FIERCE GOVERNMENT RELATIONS,,Republican Candidates for US Senate,2025-06-24,1250.00
BRUMIDI GROUP,,Rep. Scott Franklin,2025-03-05,3500.00
BRUMIDI GROUP,,Rep. Bruce Westerman,2025-02-11,3300.00
BRUMIDI GROUP,,Rep. Darin LaHood,2025-03-03,3500.00
BRUMIDI GROUP,,Repo. Brad Knott,2025-03-21,1000.00
BRUMIDI GROUP,,Rep. Jason Smith,2025-03-31,500.00
BRUMIDI GROUP,,Rep. Aaron Bean,2025-03-26,500.00
DIAGEO NORTH AMERICA,Diageo North America Inc. Employees Political Participation Committee,Stephanie Bice,2025-06-04,1000.00
DIAGEO NORTH AMERICA,Diageo North America Inc. Employees Political Participation Committee,Bill Cassidy,2025-06-04,1000.00
DIAGEO NORTH AMERICA,Diageo North America Inc. Employees Political Participation Committee,Brian Jack,2025-06-04,1000.00
DIAGEO NORTH AMERICA,Diageo North America Inc. Employees Political Participation Committee,Susan Collins,2025-06-04,1000.00
DIAGEO NORTH AMERICA,Diageo North America Inc. Employees Political Participation Committee,Congressional Black Caucus,2025-06-04,2500.00
DIAGEO NORTH AMERICA,Diageo North America Inc. Employees Political Participation Committee,John Joyce,2025-06-04,1000.00
DIAGEO NORTH AMERICA,Diageo North America Inc. Employees Political Participation Committee,Brad Finstad,2025-06-04,1000.00
DIAGEO NORTH AMERICA,Diageo North America Inc. Employees Political Participation Committee,Darin LaHood,2025-06-04,1000.00
DIAGEO NORTH AMERICA,Diageo North America Inc. Employees Political Participation Committee,Mike Crapo,2025-06-04,1000.00
DIAGEO NORTH AMERICA,Diageo North America Inc. Employees Political Participation Committee,"Joint Fundraising Committee of NRSC, R Senate PAC (Sen. John Cornyn Leadership PAC), Texans for a Conservative Majority (Super PAC), Texans for Senator John Cornyn Inc., Alamo PAC (Sen. John Cornyn Leadership PAC), Conservative Majority Project Super PAC",2025-05-08,1500.00
DIAGEO NORTH AMERICA,Diageo North America Inc. Employees Political Participation Committee,Dan Newhouse,2025-05-08,1000.00
DIAGEO NORTH AMERICA,Diageo North America Inc. Employees Political Participation Committee,Brett Guthrie,2025-05-08,1500.00
DIAGEO NORTH AMERICA,Diageo North America Inc. Employees Political Participation Committee,Jimmy Panetta,2025-05-08,1000.00
DIAGEO NORTH AMERICA,Diageo North America Inc. Employees Political Participation Committee,"Joint Fundraising Committee of People for Ben, Democratic Party of New Mexico, Turquose PAC (Sen. Ben Lujan Leadership PAC) and DSCC",2025-05-08,1500.00
DIAGEO NORTH AMERICA,Diageo North America Inc. Employees Political Participation Committee,Angie Craig,2025-02-07,1000.00
DIAGEO NORTH AMERICA,Diageo North America Inc. Employees Political Participation Committee,Bill Cassidy,2025-03-12,2500.00
DIAGEO NORTH AMERICA,Diageo North America Inc. Employees Political Participation Committee,Shomari Figures,2025-03-12,1000.00
DIAGEO NORTH AMERICA,Diageo North America Inc. Employees Political Participation Committee,"Joint Fundraising Committee of Mike Crapo for Senate, Freedom Fund (Sen. Mike Crapo Leadership PAC) and NRSC",2025-02-07,5000.00
DIAGEO NORTH AMERICA,Diageo North America Inc. Employees Political Participation Committee,Democratic Congressional Campaign Committee,2025-02-07,2500.00
DIAGEO NORTH AMERICA,Diageo North America Inc. Employees Political Participation Committee,Suzan DelBene,2025-02-07,1000.00
DIAGEO NORTH AMERICA,Diageo North America Inc. Employees Political Participation Committee,Democratic Senatorial Campaign Committee,2025-02-07,2500.00
DIAGEO NORTH AMERICA,Diageo North America Inc. Employees Political Participation Committee,Rep. Stacey Plaskett Leadership PAC,2025-03-18,2500.00
DIAGEO NORTH AMERICA,Diageo North America Inc. Employees Political Participation Committee,Brett Guthrie,2025-03-12,1500.00
DIAGEO NORTH AMERICA,Diageo North America Inc. Employees Political Participation Committee,Jim Costa,2025-03-12,1000.00
DIAGEO NORTH AMERICA,Diageo North America Inc. Employees Political Participation Committee,Robin Kelly,2025-05-08,1000.00
DIAGEO NORTH AMERICA,Diageo North America Inc. Employees Political Participation Committee,Ron Estes,2025-05-08,1000.00
DIAGEO NORTH AMERICA,Diageo North America Inc. Employees Political Participation Committee,Shontel Brown,2025-05-08,1000.00
DIAGEO NORTH AMERICA,Diageo North America Inc. Employees Political Participation Committee,Stacey Plaskett,2025-05-08,1500.00
DIAGEO NORTH AMERICA,Diageo North America Inc. Employees Political Participation Committee,Morgan McGarvey,2025-02-24,426.61
DIAGEO NORTH AMERICA,Diageo North America Inc. Employees Political Participation Committee,President Donald Trump and President J.D. Vance,2025-01-10,125000.00
DIAGEO NORTH AMERICA,Diageo North America Inc. Employees Political Participation Committee,Multiple congressional staff associations participating in Diversity Across the Aisle event,2025-01-15,1000.00
DIAGEO NORTH AMERICA,Diageo North America Inc. Employees Political Participation Committee,President Donald Trump and Vice President J.D. Vance,2025-01-19,22922.00
DIAGEO NORTH AMERICA,Diageo North America Inc. Employees Political Participation Committee,Asian American and Native Hawaiian/Pacific Islander congressional staff,2025-02-12,1980.00
DIAGEO NORTH AMERICA,Diageo North America Inc. Employees Political Participation Committee,Senator Amy Klobuchar and Rep. John James,2025-06-03,5000.00
DIAGEO NORTH AMERICA,Diageo North America Inc. Employees Political Participation Committee,Senator Amy Klobuchar and Rep. John James,2025-06-03,3031.00
DIAGEO NORTH AMERICA,Diageo North America Inc. Employees Political Participation Committee,Board of Directors includes Rep. Grace Meng,2025-06-23,25000.00
DIAGEO NORTH AMERICA,Diageo North America Inc. Employees Political Participation Committee,Stephanie Bice,2025-06-04,1000.00
DIAGEO NORTH AMERICA,Diageo North America Inc. Employees Political Participation Committee,Bill Cassidy,2025-06-04,1000.00
DIAGEO NORTH AMERICA,Diageo North America Inc. Employees Political Participation Committee,Brian Jack,2025-06-04,1000.00
DIAGEO NORTH AMERICA,Diageo North America Inc. Employees Political Participation Committee,Susan Collins,2025-06-04,1000.00
DIAGEO NORTH AMERICA,Diageo North America Inc. Employees Political Participation Committee,Congressional Black Caucus,2025-06-04,2500.00
DIAGEO NORTH AMERICA,Diageo North America Inc. Employees Political Participation Committee,John Joyce,2025-06-04,1000.00
DIAGEO NORTH AMERICA,Diageo North America Inc. Employees Political Participation Committee,Brad Finstad,2025-06-04,1000.00
DIAGEO NORTH AMERICA,Diageo North America Inc. Employees Political Participation Committee,Darin LaHood,2025-06-04,1000.00
DIAGEO NORTH AMERICA,Diageo North America Inc. Employees Political Participation Committee,Mike Crapo,2025-06-04,1000.00
DIAGEO NORTH AMERICA,Diageo North America Inc. Employees Political Participation Committee,"Joint Fundraising Committee of NRSC, R Senate PAC (Sen. John Cornyn Leadership PAC), Texans for a Conservative Majority (Super PAC), Texans for Senator John Cornyn Inc., Alamo PAC (Sen. John Cornyn Leadership PAC), Conservative Majority Project Super PAC",2025-05-08,1500.00
DIAGEO NORTH AMERICA,Diageo North America Inc. Employees Political Participation Committee,Dan Newhouse,2025-05-08,1000.00
DIAGEO NORTH AMERICA,Diageo North America Inc. Employees Political Participation Committee,Brett Guthrie,2025-05-08,1500.00
DIAGEO NORTH AMERICA,Diageo North America Inc. Employees Political Participation Committee,Jimmy Panetta,2025-05-08,1000.00
DIAGEO NORTH AMERICA,Diageo North America Inc. Employees Political Participation Committee,"Joint Fundraising Committee of People for Ben, Democratic Party of New Mexico, Turquose PAC (Sen. Ben Lujan Leadership PAC) and DSCC",2025-05-08,1500.00
DIAGEO NORTH AMERICA,Diageo North America Inc. Employees Political Participation Committee,Angie Craig,2025-02-07,1000.00
DIAGEO NORTH AMERICA,Diageo North America Inc. Employees Political Participation Committee,Bill Cassidy,2025-03-12,2500.00
DIAGEO NORTH AMERICA,Diageo North America Inc. Employees Political Participation Committee,Shomari Figures,2025-03-12,1000.00
DIAGEO NORTH AMERICA,Diageo North America Inc. Employees Political Participation Committee,"Joint Fundraising Committee of Mike Crapo for Senate, Freedom Fund (Sen. Mike Crapo Leadership PAC) and NRSC",2025-02-07,5000.00
DIAGEO NORTH AMERICA,Diageo North America Inc. Employees Political Participation Committee,Democratic Congressional Campaign Committee,2025-02-07,2500.00
DIAGEO NORTH AMERICA,Diageo North America Inc. Employees Political Participation Committee,Suzan DelBene,2025-02-07,1000.00
DIAGEO NORTH AMERICA,Diageo North America Inc. Employees Political Participation Committee,Democratic Senatorial Campaign Committee,2025-02-07,2500.00
DIAGEO NORTH AMERICA,Diageo North America Inc. Employees Political Participation Committee,Rep. Stacey Plaskett Leadership PAC,2025-03-18,2500.00
DIAGEO NORTH AMERICA,Diageo North America Inc. Employees Political Participation Committee,Brett Guthrie,2025-03-12,1500.00
DIAGEO NORTH AMERICA,Diageo North America Inc. Employees Political Participation Committee,Jim Costa,2025-03-12,1000.00
DIAGEO NORTH AMERICA,Diageo North America Inc. Employees Political Participation Committee,Robin Kelly,2025-05-08,1000.00
DIAGEO NORTH AMERICA,Diageo North America Inc. Employees Political Participation Committee,Ron Estes,2025-05-08,1000.00
DIAGEO NORTH AMERICA,Diageo North America Inc. Employees Political Participation Committee,Shontel Brown,2025-05-08,1000.00
DIAGEO NORTH AMERICA,Diageo North America Inc. Employees Political Participation Committee,Stacey Plaskett,2025-05-08,1500.00
DIAGEO NORTH AMERICA,Diageo North America Inc. Employees Political Participation Committee,Morgan McGarvey,2025-02-24,426.61
DIAGEO NORTH AMERICA,Diageo North America Inc. Employees Political Participation Committee,President Donald Trump and President J.D. Vance,2025-01-10,125000.00
DIAGEO NORTH AMERICA,Diageo North America Inc. Employees Political Participation Committee,Multiple congressional staff associations participating in Diversity Across the Aisle event,2025-01-15,1000.00
DIAGEO NORTH AMERICA,Diageo North America Inc. Employees Political Participation Committee,President Donald Trump and Vice President J.D. Vance,2025-01-19,22922.00
DIAGEO NORTH AMERICA,Diageo North America Inc. Employees Political Participation Committee,Asian American and Native Hawaiian/Pacific Islander congressional staff,2025-02-12,1980.00
DIAGEO NORTH AMERICA,Diageo North America Inc. Employees Political Participation Committee,Senator Amy Klobuchar and Rep. John James,2025-06-03,5000.00
DIAGEO NORTH AMERICA,Diageo North America Inc. Employees Political Participation Committee,Senator Amy Klobuchar and Rep. John James,2025-06-03,3031.00
DIAGEO NORTH AMERICA,Diageo North America Inc. Employees Political Participation Committee,Board of Directors includes Rep. Grace Meng,2025-06-23,25000.00
DIAGEO NORTH AMERICA,Diageo North America Inc. Employees Political Participation Committee,Stephanie Bice,2025-06-04,1000.00
DIAGEO NORTH AMERICA,Diageo North America Inc. Employees Political Participation Committee,Bill Cassidy,2025-06-04,1000.00
DIAGEO NORTH AMERICA,Diageo North America Inc. Employees Political Participation Committee,Brian Jack,2025-06-04,1000.00
DIAGEO NORTH AMERICA,Diageo North America Inc. Employees Political Participation Committee,Susan Collins,2025-06-04,1000.00
DIAGEO NORTH AMERICA,Diageo North America Inc. Employees Political Participation Committee,Congressional Black Caucus,2025-06-04,2500.00
DIAGEO NORTH AMERICA,Diageo North America Inc. Employees Political Participation Committee,John Joyce,2025-06-04,1000.00
DIAGEO NORTH AMERICA,Diageo North America Inc. Employees Political Participation Committee,Brad Finstad,2025-06-04,1000.00
DIAGEO NORTH AMERICA,Diageo North America Inc. Employees Political Participation Committee,Darin LaHood,2025-06-04,1000.00
DIAGEO NORTH AMERICA,Diageo North America Inc. Employees Political Participation Committee,Mike Crapo,2025-06-04,1000.00
DIAGEO NORTH AMERICA,Diageo North America Inc. Employees Political Participation Committee,"Joint Fundraising Committee of NRSC, R Senate PAC (Sen. John Cornyn Leadership PAC), Texans for a Conservative Majority (Super PAC), Texans for Senator John Cornyn Inc., Alamo PAC (Sen. John Cornyn Leadership PAC), Conservative Majority Project Super PAC",2025-05-08,1500.00
DIAGEO NORTH AMERICA,Diageo North America Inc. Employees Political Participation Committee,Dan Newhouse,2025-05-08,1000.00
DIAGEO NORTH AMERICA,Diageo North America Inc. Employees Political Participation Committee,Brett Guthrie,2025-05-08,1500.00
DIAGEO NORTH AMERICA,Diageo North America Inc. Employees Political Participation Committee,Jimmy Panetta,2025-05-08,1000.00
DIAGEO NORTH AMERICA,Diageo North America Inc. Employees Political Participation Committee,"Joint Fundraising Committee of People for Ben, Democratic Party of New Mexico, Turquose PAC (Sen. Ben Lujan Leadership PAC) and DSCC",2025-05-08,1500.00
DIAGEO NORTH AMERICA,Diageo North America Inc. Employees Political Participation Committee,Angie Craig,2025-02-07,1000.00
DIAGEO NORTH AMERICA,Diageo North America Inc. Employees Political Participation Committee,Bill Cassidy,2025-03-12,2500.00
DIAGEO NORTH AMERICA,Diageo North America Inc. Employees Political Participation Committee,Shomari Figures,2025-03-12,1000.00
DIAGEO NORTH AMERICA,Diageo North America Inc. Employees Political Participation Committee,"Joint Fundraising Committee of Mike Crapo for Senate, Freedom Fund (Sen. Mike Crapo Leadership PAC) and NRSC",2025-02-07,5000.00
DIAGEO NORTH AMERICA,Diageo North America Inc. Employees Political Participation Committee,Democratic Congressional Campaign Committee,2025-02-07,2500.00
DIAGEO NORTH AMERICA,Diageo North America Inc. Employees Political Participation Committee,Suzan DelBene,2025-02-07,1000.00
DIAGEO NORTH AMERICA,Diageo North America Inc. Employees Political Participation Committee,Democratic Senatorial Campaign Committee,2025-02-07,2500.00
DIAGEO NORTH AMERICA,Diageo North America Inc. Employees Political Participation Committee,Rep. Stacey Plaskett Leadership PAC,2025-03-18,2500.00
DIAGEO NORTH AMERICA,Diageo North America Inc. Employees Political Participation Committee,Brett Guthrie,2025-03-12,1500.00
DIAGEO NORTH AMERICA,Diageo North America Inc. Employees Political Participation Committee,Jim Costa,2025-03-12,1000.00
DIAGEO NORTH AMERICA,Diageo North America Inc. Employees Political Participation Committee,Robin Kelly,2025-05-08,1000.00
DIAGEO NORTH AMERICA,Diageo North America Inc. Employees Political Participation Committee,Ron Estes,2025-05-08,1000.00
DIAGEO NORTH AMERICA,Diageo North America Inc. Employees Political Participation Committee,Shontel Brown,2025-05-08,1000.00
DIAGEO NORTH AMERICA,Diageo North America Inc. Employees Political Participation Committee,Stacey Plaskett,2025-05-08,1500.00
DIAGEO NORTH AMERICA,Diageo North America Inc. Employees Political Participation Committee,Morgan McGarvey,2025-02-24,426.61
DIAGEO NORTH AMERICA,Diageo North America Inc. Employees Political Participation Committee,President Donald Trump and President J.D. Vance,2025-01-10,125000.00
DIAGEO NORTH AMERICA,Diageo North America Inc. Employees Political Participation Committee,Multiple congressional staff associations participating in Diversity Across the Aisle event,2025-01-15,1000.00
DIAGEO NORTH AMERICA,Diageo North America Inc. Employees Political Participation Committee,President Donald Trump and Vice President J.D. Vance,2025-01-19,22922.00
DIAGEO NORTH AMERICA,Diageo North America Inc. Employees Political Participation Committee,Asian American and Native Hawaiian/Pacific Islander congressional staff,2025-02-12,1980.00
DIAGEO NORTH AMERICA,Diageo North America Inc. Employees Political Participation Committee,Senator Amy Klobuchar and Rep. John James,2025-06-03,5000.00
DIAGEO NORTH AMERICA,Diageo North America Inc. Employees Political Participation Committee,Senator Amy Klobuchar and Rep. John James,2025-06-03,3031.00
DIAGEO NORTH AMERICA,Diageo North America Inc. Employees Political Participation Committee,Board of Directors includes Rep. Grace Meng,2025-06-23,25000.00
DIAGEO NORTH AMERICA,Diageo North America Inc. Employees Political Participation Committee,Stephanie Bice,2025-06-04,1000.00
DIAGEO NORTH AMERICA,Diageo North America Inc. Employees Political Participation Committee,Bill Cassidy,2025-06-04,1000.00
DIAGEO NORTH AMERICA,Diageo North America Inc. Employees Political Participation Committee,Brian Jack,2025-06-04,1000.00
DIAGEO NORTH AMERICA,Diageo North America Inc. Employees Political Participation Committee,Susan Collins,2025-06-04,1000.00
DIAGEO NORTH AMERICA,Diageo North America Inc. Employees Political Participation Committee,Congressional Black Caucus,2025-06-04,2500.00
DIAGEO NORTH AMERICA,Diageo North America Inc. Employees Political Participation Committee,John Joyce,2025-06-04,1000.00
DIAGEO NORTH AMERICA,Diageo North America Inc. Employees Political Participation Committee,Brad Finstad,2025-06-04,1000.00
DIAGEO NORTH AMERICA,Diageo North America Inc. Employees Political Participation Committee,Darin LaHood,2025-06-04,1000.00
DIAGEO NORTH AMERICA,Diageo North America Inc. Employees Political Participation Committee,Mike Crapo,2025-06-04,1000.00
DIAGEO NORTH AMERICA,Diageo North America Inc. Employees Political Participation Committee,"Joint Fundraising Committee of NRSC, R Senate PAC (Sen. John Cornyn Leadership PAC), Texans for a Conservative Majority (Super PAC), Texans for Senator John Cornyn Inc., Alamo PAC (Sen. John Cornyn Leadership PAC), Conservative Majority Project Super PAC",2025-05-08,1500.00
DIAGEO NORTH AMERICA,Diageo North America Inc. Employees Political Participation Committee,Dan Newhouse,2025-05-08,1000.00
DIAGEO NORTH AMERICA,Diageo North America Inc. Employees Political Participation Committee,Brett Guthrie,2025-05-08,1500.00
DIAGEO NORTH AMERICA,Diageo North America Inc. Employees Political Participation Committee,Jimmy Panetta,2025-05-08,1000.00
DIAGEO NORTH AMERICA,Diageo North America Inc. Employees Political Participation Committee,"Joint Fundraising Committee of People for Ben, Democratic Party of New Mexico, Turquose PAC (Sen. Ben Lujan Leadership PAC) and DSCC",2025-05-08,1500.00
DIAGEO NORTH AMERICA,Diageo North America Inc. Employees Political Participation Committee,Angie Craig,2025-02-07,1000.00
DIAGEO NORTH AMERICA,Diageo North America Inc. Employees Political Participation Committee,Bill Cassidy,2025-03-12,2500.00
DIAGEO NORTH AMERICA,Diageo North America Inc. Employees Political Participation Committee,Shomari Figures,2025-03-12,1000.00
DIAGEO NORTH AMERICA,Diageo North America Inc. Employees Political Participation Committee,"Joint Fundraising Committee of Mike Crapo for Senate, Freedom Fund (Sen. Mike Crapo Leadership PAC) and NRSC",2025-02-07,5000.00
DIAGEO NORTH AMERICA,Diageo North America Inc. Employees Political Participation Committee,Democratic Congressional Campaign Committee,2025-02-07,2500.00
DIAGEO NORTH AMERICA,Diageo North America Inc. Employees Political Participation Committee,Suzan DelBene,2025-02-07,1000.00
DIAGEO NORTH AMERICA,Diageo North America Inc. Employees Political Participation Committee,Democratic Senatorial Campaign Committee,2025-02-07,2500.00
DIAGEO NORTH AMERICA,Diageo North America Inc. Employees Political Participation Committee,Rep. Stacey Plaskett Leadership PAC,2025-03-18,2500.00
DIAGEO NORTH AMERICA,Diageo North America Inc. Employees Political Participation Committee,Brett Guthrie,2025-03-12,1500.00
DIAGEO NORTH AMERICA,Diageo North America Inc. Employees Political Participation Committee,Jim Costa,2025-03-12,1000.00
DIAGEO NORTH AMERICA,Diageo North America Inc. Employees Political Participation Committee,Robin Kelly,2025-05-08,1000.00
DIAGEO NORTH AMERICA,Diageo North America Inc. Employees Political Participation Committee,Ron Estes,2025-05-08,1000.00
DIAGEO NORTH AMERICA,Diageo North America Inc. Employees Political Participation Committee,Shontel Brown,2025-05-08,1000.00
DIAGEO NORTH AMERICA,Diageo North America Inc. Employees Political Participation Committee,Stacey Plaskett,2025-05-08,1500.00
DIAGEO NORTH AMERICA,Diageo North America Inc. Employees Political Participation Committee,Morgan McGarvey,2025-02-24,426.61
DIAGEO NORTH AMERICA,Diageo North America Inc. Employees Political Participation Committee,President Donald Trump and President J.D. Vance,2025-01-10,125000.00
DIAGEO NORTH AMERICA,Diageo North America Inc. Employees Political Participation Committee,Multiple congressional staff associations participating in Diversity Across the Aisle event,2025-01-15,1000.00
DIAGEO NORTH AMERICA,Diageo North America Inc. Employees Political Participation Committee,President Donald Trump and Vice President J.D. Vance,2025-01-19,22922.00
DIAGEO NORTH AMERICA,Diageo North America Inc. Employees Political Participation Committee,Asian American and Native Hawaiian/Pacific Islander congressional staff,2025-02-12,1980.00
DIAGEO NORTH AMERICA,Diageo North America Inc. Employees Political Participation Committee,Senator Amy Klobuchar and Rep. John James,2025-06-03,5000.00
DIAGEO NORTH AMERICA,Diageo North America Inc. Employees Political Participation Committee,Senator Amy Klobuchar and Rep. John James,2025-06-03,3031.00
DIAGEO NORTH AMERICA,Diageo North America Inc. Employees Political Participation Committee,Board of Directors includes Rep. Grace Meng,2025-06-23,25000.00
DIAGEO NORTH AMERICA,Diageo North America Inc. Employees Political Participation Committee,Stephanie Bice,2025-06-04,1000.00
DIAGEO NORTH AMERICA,Diageo North America Inc. Employees Political Participation Committee,Bill Cassidy,2025-06-04,1000.00
DIAGEO NORTH AMERICA,Diageo North America Inc. Employees Political Participation Committee,Brian Jack,2025-06-04,1000.00
DIAGEO NORTH AMERICA,Diageo North America Inc. Employees Political Participation Committee,Susan Collins,2025-06-04,1000.00
DIAGEO NORTH AMERICA,Diageo North America Inc. Employees Political Participation Committee,Congressional Black Caucus,2025-06-04,2500.00
DIAGEO NORTH AMERICA,Diageo North America Inc. Employees Political Participation Committee,John Joyce,2025-06-04,1000.00
DIAGEO NORTH AMERICA,Diageo North America Inc. Employees Political Participation Committee,Brad Finstad,2025-06-04,1000.00
DIAGEO NORTH AMERICA,Diageo North America Inc. Employees Political Participation Committee,Darin LaHood,2025-06-04,1000.00
DIAGEO NORTH AMERICA,Diageo North America Inc. Employees Political Participation Committee,Mike Crapo,2025-06-04,1000.00
DIAGEO NORTH AMERICA,Diageo North America Inc. Employees Political Participation Committee,"Joint Fundraising Committee of NRSC, R Senate PAC (Sen. John Cornyn Leadership PAC), Texans for a Conservative Majority (Super PAC), Texans for Senator John Cornyn Inc., Alamo PAC (Sen. John Cornyn Leadership PAC), Conservative Majority Project Super PAC",2025-05-08,1500.00
DIAGEO NORTH AMERICA,Diageo North America Inc. Employees Political Participation Committee,Dan Newhouse,2025-05-08,1000.00
DIAGEO NORTH AMERICA,Diageo North America Inc. Employees Political Participation Committee,Brett Guthrie,2025-05-08,1500.00
DIAGEO NORTH AMERICA,Diageo North America Inc. Employees Political Participation Committee,Jimmy Panetta,2025-05-08,1000.00
DIAGEO NORTH AMERICA,Diageo North America Inc. Employees Political Participation Committee,"Joint Fundraising Committee of People for Ben, Democratic Party of New Mexico, Turquose PAC (Sen. Ben Lujan Leadership PAC) and DSCC",2025-05-08,1500.00
DIAGEO NORTH AMERICA,Diageo North America Inc. Employees Political Participation Committee,Angie Craig,2025-02-07,1000.00
DIAGEO NORTH AMERICA,Diageo North America Inc. Employees Political Participation Committee,Bill Cassidy,2025-03-12,2500.00
DIAGEO NORTH AMERICA,Diageo North America Inc. Employees Political Participation Committee,Shomari Figures,2025-03-12,1000.00
DIAGEO NORTH AMERICA,Diageo North America Inc. Employees Political Participation Committee,"Joint Fundraising Committee of Mike Crapo for Senate, Freedom Fund (Sen. Mike Crapo Leadership PAC) and NRSC",2025-02-07,5000.00
DIAGEO NORTH AMERICA,Diageo North America Inc. Employees Political Participation Committee,Democratic Congressional Campaign Committee,2025-02-07,2500.00
DIAGEO NORTH AMERICA,Diageo North America Inc. Employees Political Participation Committee,Suzan DelBene,2025-02-07,1000.00
DIAGEO NORTH AMERICA,Diageo North America Inc. Employees Political Participation Committee,Democratic Senatorial Campaign Committee,2025-02-07,2500.00
DIAGEO NORTH AMERICA,Diageo North America Inc. Employees Political Participation Committee,Rep. Stacey Plaskett Leadership PAC,2025-03-18,2500.00
DIAGEO NORTH AMERICA,Diageo North America Inc. Employees Political Participation Committee,Brett Guthrie,2025-03-12,1500.00
DIAGEO NORTH AMERICA,Diageo North America Inc. Employees Political Participation Committee,Jim Costa,2025-03-12,1000.00
DIAGEO NORTH AMERICA,Diageo North America Inc. Employees Political Participation Committee,Robin Kelly,2025-05-08,1000.00
DIAGEO NORTH AMERICA,Diageo North America Inc. Employees Political Participation Committee,Ron Estes,2025-05-08,1000.00
DIAGEO NORTH AMERICA,Diageo North America Inc. Employees Political Participation Committee,Shontel Brown,2025-05-08,1000.00
DIAGEO NORTH AMERICA,Diageo North America Inc. Employees Political Participation Committee,Stacey Plaskett,2025-05-08,1500.00
DIAGEO NORTH AMERICA,Diageo North America Inc. Employees Political Participation Committee,Morgan McGarvey,2025-02-24,426.61
DIAGEO NORTH AMERICA,Diageo North America Inc. Employees Political Participation Committee,President Donald Trump and President J.D. Vance,2025-01-10,125000.00
DIAGEO NORTH AMERICA,Diageo North America Inc. Employees Political Participation Committee,Multiple congressional staff associations participating in Diversity Across the Aisle event,2025-01-15,1000.00
DIAGEO NORTH AMERICA,Diageo North America Inc. Employees Political Participation Committee,President Donald Trump and Vice President J.D. Vance,2025-01-19,22922.00
DIAGEO NORTH AMERICA,Diageo North America Inc. Employees Political Participation Committee,Asian American and Native Hawaiian/Pacific Islander congressional staff,2025-02-12,1980.00
DIAGEO NORTH AMERICA,Diageo North America Inc. Employees Political Participation Committee,Senator Amy Klobuchar and Rep. John James,2025-06-03,5000.00
DIAGEO NORTH AMERICA,Diageo North America Inc. Employees Political Participation Committee,Senator Amy Klobuchar and Rep. John James,2025-06-03,3031.00
DIAGEO NORTH AMERICA,Diageo North America Inc. Employees Political Participation Committee,Board of Directors includes Rep. Grace Meng,2025-06-23,25000.00
DIAGEO NORTH AMERICA,Diageo North America Inc. Employees Political Participation Committee,Stephanie Bice,2025-06-04,1000.00
DIAGEO NORTH AMERICA,Diageo North America Inc. Employees Political Participation Committee,Bill Cassidy,2025-06-04,1000.00
DIAGEO NORTH AMERICA,Diageo North America Inc. Employees Political Participation Committee,Brian Jack,2025-06-04,1000.00
DIAGEO NORTH AMERICA,Diageo North America Inc. Employees Political Participation Committee,Susan Collins,2025-06-04,1000.00
DIAGEO NORTH AMERICA,Diageo North America Inc. Employees Political Participation Committee,Congressional Black Caucus,2025-06-04,2500.00
DIAGEO NORTH AMERICA,Diageo North America Inc. Employees Political Participation Committee,John Joyce,2025-06-04,1000.00
DIAGEO NORTH AMERICA,Diageo North America Inc. Employees Political Participation Committee,Brad Finstad,2025-06-04,1000.00
DIAGEO NORTH AMERICA,Diageo North America Inc. Employees Political Participation Committee,Darin LaHood,2025-06-04,1000.00
DIAGEO NORTH AMERICA,Diageo North America Inc. Employees Political Participation Committee,Mike Crapo,2025-06-04,1000.00
DIAGEO NORTH AMERICA,Diageo North America Inc. Employees Political Participation Committee,"Joint Fundraising Committee of NRSC, R Senate PAC (Sen. John Cornyn Leadership PAC), Texans for a Conservative Majority (Super PAC), Texans for Senator John Cornyn Inc., Alamo PAC (Sen. John Cornyn Leadership PAC), Conservative Majority Project Super PAC",2025-05-08,1500.00
DIAGEO NORTH AMERICA,Diageo North America Inc. Employees Political Participation Committee,Dan Newhouse,2025-05-08,1000.00
DIAGEO NORTH AMERICA,Diageo North America Inc. Employees Political Participation Committee,Brett Guthrie,2025-05-08,1500.00
DIAGEO NORTH AMERICA,Diageo North America Inc. Employees Political Participation Committee,Jimmy Panetta,2025-05-08,1000.00
DIAGEO NORTH AMERICA,Diageo North America Inc. Employees Political Participation Committee,"Joint Fundraising Committee of People for Ben, Democratic Party of New Mexico, Turquose PAC (Sen. Ben Lujan Leadership PAC) and DSCC",2025-05-08,1500.00
DIAGEO NORTH AMERICA,Diageo North America Inc. Employees Political Participation Committee,Angie Craig,2025-02-07,1000.00
DIAGEO NORTH AMERICA,Diageo North America Inc. Employees Political Participation Committee,Bill Cassidy,2025-03-12,2500.00
DIAGEO NORTH AMERICA,Diageo North America Inc. Employees Political Participation Committee,Shomari Figures,2025-03-12,1000.00
DIAGEO NORTH AMERICA,Diageo North America Inc. Employees Political Participation Committee,"Joint Fundraising Committee of Mike Crapo for Senate, Freedom Fund (Sen. Mike Crapo Leadership PAC) and NRSC",2025-02-07,5000.00
DIAGEO NORTH AMERICA,Diageo North America Inc. Employees Political Participation Committee,Democratic Congressional Campaign Committee,2025-02-07,2500.00
DIAGEO NORTH AMERICA,Diageo North America Inc. Employees Political Participation Committee,Suzan DelBene,2025-02-07,1000.00
DIAGEO NORTH AMERICA,Diageo North America Inc. Employees Political Participation Committee,Democratic Senatorial Campaign Committee,2025-02-07,2500.00
DIAGEO NORTH AMERICA,Diageo North America Inc. Employees Political Participation Committee,Rep. Stacey Plaskett Leadership PAC,2025-03-18,2500.00
DIAGEO NORTH AMERICA,Diageo North America Inc. Employees Political Participation Committee,Brett Guthrie,2025-03-12,1500.00
DIAGEO NORTH AMERICA,Diageo North America Inc. Employees Political Participation Committee,Jim Costa,2025-03-12,1000.00
DIAGEO NORTH AMERICA,Diageo North America Inc. Employees Political Participation Committee,Robin Kelly,2025-05-08,1000.00
DIAGEO NORTH AMERICA,Diageo North America Inc. Employees Political Participation Committee,Ron Estes,2025-05-08,1000.00
DIAGEO NORTH AMERICA,Diageo North America Inc. Employees Political Participation Committee,Shontel Brown,2025-05-08,1000.00
DIAGEO NORTH AMERICA,Diageo North America Inc. Employees Political Participation Committee,Stacey Plaskett,2025-05-08,1500.00
DIAGEO NORTH AMERICA,Diageo North America Inc. Employees Political Participation Committee,Morgan McGarvey,2025-02-24,426.61
DIAGEO NORTH AMERICA,Diageo North America Inc. Employees Political Participation Committee,President Donald Trump and President J.D. Vance,2025-01-10,125000.00
DIAGEO NORTH AMERICA,Diageo North America Inc. Employees Political Participation Committee,Multiple congressional staff associations participating in Diversity Across the Aisle event,2025-01-15,1000.00
DIAGEO NORTH AMERICA,Diageo North America Inc. Employees Political Participation Committee,President Donald Trump and Vice President J.D. Vance,2025-01-19,22922.00
DIAGEO NORTH AMERICA,Diageo North America Inc. Employees Political Participation Committee,Asian American and Native Hawaiian/Pacific Islander congressional staff,2025-02-12,1980.00
DIAGEO NORTH AMERICA,Diageo North America Inc. Employees Political Participation Committee,Senator Amy Klobuchar and Rep. John James,2025-06-03,5000.00
DIAGEO NORTH AMERICA,Diageo North America Inc. Employees Political Participation Committee,Senator Amy Klobuchar and Rep. John James,2025-06-03,3031.00
DIAGEO NORTH AMERICA,Diageo North America Inc. Employees Political Participation Committee,Board of Directors includes Rep. Grace Meng,2025-06-23,25000.00
DIAGEO NORTH AMERICA,Diageo North America Inc. Employees Political Participation Committee,Stephanie Bice,2025-06-04,1000.00
DIAGEO NORTH AMERICA,Diageo North America Inc. Employees Political Participation Committee,Bill Cassidy,2025-06-04,1000.00
DIAGEO NORTH AMERICA,Diageo North America Inc. Employees Political Participation Committee,Brian Jack,2025-06-04,1000.00
DIAGEO NORTH AMERICA,Diageo North America Inc. Employees Political Participation Committee,Susan Collins,2025-06-04,1000.00
DIAGEO NORTH AMERICA,Diageo North America Inc. Employees Political Participation Committee,Congressional Black Caucus,2025-06-04,2500.00
DIAGEO NORTH AMERICA,Diageo North America Inc. Employees Political Participation Committee,John Joyce,2025-06-04,1000.00
DIAGEO NORTH AMERICA,Diageo North America Inc. Employees Political Participation Committee,Brad Finstad,2025-06-04,1000.00
DIAGEO NORTH AMERICA,Diageo North America Inc. Employees Political Participation Committee,Darin LaHood,2025-06-04,1000.00
DIAGEO NORTH AMERICA,Diageo North America Inc. Employees Political Participation Committee,Mike Crapo,2025-06-04,1000.00
DIAGEO NORTH AMERICA,Diageo North America Inc. Employees Political Participation Committee,"Joint Fundraising Committee of NRSC, R Senate PAC (Sen. John Cornyn Leadership PAC), Texans for a Conservative Majority (Super PAC), Texans for Senator John Cornyn Inc., Alamo PAC (Sen. John Cornyn Leadership PAC), Conservative Majority Project Super PAC",2025-05-08,1500.00
DIAGEO NORTH AMERICA,Diageo North America Inc. Employees Political Participation Committee,Dan Newhouse,2025-05-08,1000.00
DIAGEO NORTH AMERICA,Diageo North America Inc. Employees Political Participation Committee,Brett Guthrie,2025-05-08,1500.00
DIAGEO NORTH AMERICA,Diageo North America Inc. Employees Political Participation Committee,Jimmy Panetta,2025-05-08,1000.00
DIAGEO NORTH AMERICA,Diageo North America Inc. Employees Political Participation Committee,"Joint Fundraising Committee of People for Ben, Democratic Party of New Mexico, Turquose PAC (Sen. Ben Lujan Leadership PAC) and DSCC",2025-05-08,1500.00
DIAGEO NORTH AMERICA,Diageo North America Inc. Employees Political Participation Committee,Angie Craig,2025-02-07,1000.00
DIAGEO NORTH AMERICA,Diageo North America Inc. Employees Political Participation Committee,Bill Cassidy,2025-03-12,2500.00
DIAGEO NORTH AMERICA,Diageo North America Inc. Employees Political Participation Committee,Shomari Figures,2025-03-12,1000.00
DIAGEO NORTH AMERICA,Diageo North America Inc. Employees Political Participation Committee,"Joint Fundraising Committee of Mike Crapo for Senate, Freedom Fund (Sen. Mike Crapo Leadership PAC) and NRSC",2025-02-07,5000.00
DIAGEO NORTH AMERICA,Diageo North America Inc. Employees Political Participation Committee,Democratic Congressional Campaign Committee,2025-02-07,2500.00
DIAGEO NORTH AMERICA,Diageo North America Inc. Employees Political Participation Committee,Suzan DelBene,2025-02-07,1000.00
DIAGEO NORTH AMERICA,Diageo North America Inc. Employees Political Participation Committee,Democratic Senatorial Campaign Committee,2025-02-07,2500.00
DIAGEO NORTH AMERICA,Diageo North America Inc. Employees Political Participation Committee,Rep. Stacey Plaskett Leadership PAC,2025-03-18,2500.00
DIAGEO NORTH AMERICA,Diageo North America Inc. Employees Political Participation Committee,Brett Guthrie,2025-03-12,1500.00
DIAGEO NORTH AMERICA,Diageo North America Inc. Employees Political Participation Committee,Jim Costa,2025-03-12,1000.00
DIAGEO NORTH AMERICA,Diageo North America Inc. Employees Political Participation Committee,Robin Kelly,2025-05-08,1000.00
DIAGEO NORTH AMERICA,Diageo North America Inc. Employees Political Participation Committee,Ron Estes,2025-05-08,1000.00
DIAGEO NORTH AMERICA,Diageo North America Inc. Employees Political Participation Committee,Shontel Brown,2025-05-08,1000.00
DIAGEO NORTH AMERICA,Diageo North America Inc. Employees Political Participation Committee,Stacey Plaskett,2025-05-08,1500.00
DIAGEO NORTH AMERICA,Diageo North America Inc. Employees Political Participation Committee,Morgan McGarvey,2025-02-24,426.61
DIAGEO NORTH AMERICA,Diageo North America Inc. Employees Political Participation Committee,President Donald Trump and President J.D. Vance,2025-01-10,125000.00
DIAGEO NORTH AMERICA,Diageo North America Inc. Employees Political Participation Committee,Multiple congressional staff associations participating in Diversity Across the Aisle event,2025-01-15,1000.00
DIAGEO NORTH AMERICA,Diageo North America Inc. Employees Political Participation Committee,President Donald Trump and Vice President J.D. Vance,2025-01-19,22922.00
DIAGEO NORTH AMERICA,Diageo North America Inc. Employees Political Participation Committee,Asian American and Native Hawaiian/Pacific Islander congressional staff,2025-02-12,1980.00
DIAGEO NORTH AMERICA,Diageo North America Inc. Employees Political Participation Committee,Senator Amy Klobuchar and Rep. John James,2025-06-03,5000.00
DIAGEO NORTH AMERICA,Diageo North America Inc. Employees Political Participation Committee,Senator Amy Klobuchar and Rep. John James,2025-06-03,3031.00
DIAGEO NORTH AMERICA,Diageo North America Inc. Employees Political Participation Committee,Board of Directors includes Rep. Grace Meng,2025-06-23,25000.00
DIAGEO NORTH AMERICA,Diageo North America Inc. Employees Political Participation Committee,Stephanie Bice,2025-06-04,1000.00
DIAGEO NORTH AMERICA,Diageo North America Inc. Employees Political Participation Committee,Bill Cassidy,2025-06-04,1000.00
DIAGEO NORTH AMERICA,Diageo North America Inc. Employees Political Participation Committee,Brian Jack,2025-06-04,1000.00
DIAGEO NORTH AMERICA,Diageo North America Inc. Employees Political Participation Committee,Susan Collins,2025-06-04,1000.00
DIAGEO NORTH AMERICA,Diageo North America Inc. Employees Political Participation Committee,Congressional Black Caucus,2025-06-04,2500.00
DIAGEO NORTH AMERICA,Diageo North America Inc. Employees Political Participation Committee,John Joyce,2025-06-04,1000.00
DIAGEO NORTH AMERICA,Diageo North America Inc. Employees Political Participation Committee,Brad Finstad,2025-06-04,1000.00
DIAGEO NORTH AMERICA,Diageo North America Inc. Employees Political Participation Committee,Darin LaHood,2025-06-04,1000.00
DIAGEO NORTH AMERICA,Diageo North America Inc. Employees Political Participation Committee,Mike Crapo,2025-06-04,1000.00
DIAGEO NORTH AMERICA,Diageo North America Inc. Employees Political Participation Committee,"Joint Fundraising Committee of NRSC, R Senate PAC (Sen. John Cornyn Leadership PAC), Texans for a Conservative Majority (Super PAC), Texans for Senator John Cornyn Inc., Alamo PAC (Sen. John Cornyn Leadership PAC), Conservative Majority Project Super PAC",2025-05-08,1500.00
DIAGEO NORTH AMERICA,Diageo North America Inc. Employees Political Participation Committee,Dan Newhouse,2025-05-08,1000.00
DIAGEO NORTH AMERICA,Diageo North America Inc. Employees Political Participation Committee,Brett Guthrie,2025-05-08,1500.00
DIAGEO NORTH AMERICA,Diageo North America Inc. Employees Political Participation Committee,Jimmy Panetta,2025-05-08,1000.00
DIAGEO NORTH AMERICA,Diageo North America Inc. Employees Political Participation Committee,"Joint Fundraising Committee of People for Ben, Democratic Party of New Mexico, Turquose PAC (Sen. Ben Lujan Leadership PAC) and DSCC",2025-05-08,1500.00
DIAGEO NORTH AMERICA,Diageo North America Inc. Employees Political Participation Committee,Angie Craig,2025-02-07,1000.00
DIAGEO NORTH AMERICA,Diageo North America Inc. Employees Political Participation Committee,Bill Cassidy,2025-03-12,2500.00
DIAGEO NORTH AMERICA,Diageo North America Inc. Employees Political Participation Committee,Shomari Figures,2025-03-12,1000.00
DIAGEO NORTH AMERICA,Diageo North America Inc. Employees Political Participation Committee,"Joint Fundraising Committee of Mike Crapo for Senate, Freedom Fund (Sen. Mike Crapo Leadership PAC) and NRSC",2025-02-07,5000.00
DIAGEO NORTH AMERICA,Diageo North America Inc. Employees Political Participation Committee,Democratic Congressional Campaign Committee,2025-02-07,2500.00
DIAGEO NORTH AMERICA,Diageo North America Inc. Employees Political Participation Committee,Suzan DelBene,2025-02-07,1000.00
DIAGEO NORTH AMERICA,Diageo North America Inc. Employees Political Participation Committee,Democratic Senatorial Campaign Committee,2025-02-07,2500.00
DIAGEO NORTH AMERICA,Diageo North America Inc. Employees Political Participation Committee,Rep. Stacey Plaskett Leadership PAC,2025-03-18,2500.00
DIAGEO NORTH AMERICA,Diageo North America Inc. Employees Political Participation Committee,Brett Guthrie,2025-03-12,1500.00
DIAGEO NORTH AMERICA,Diageo North America Inc. Employees Political Participation Committee,Jim Costa,2025-03-12,1000.00
DIAGEO NORTH AMERICA,Diageo North America Inc. Employees Political Participation Committee,Robin Kelly,2025-05-08,1000.00
DIAGEO NORTH AMERICA,Diageo North America Inc. Employees Political Participation Committee,Ron Estes,2025-05-08,1000.00
DIAGEO NORTH AMERICA,Diageo North America Inc. Employees Political Participation Committee,Shontel Brown,2025-05-08,1000.00
DIAGEO NORTH AMERICA,Diageo North America Inc. Employees Political Participation Committee,Stacey Plaskett,2025-05-08,1500.00
DIAGEO NORTH AMERICA,Diageo North America Inc. Employees Political Participation Committee,Morgan McGarvey,2025-02-24,426.61
DIAGEO NORTH AMERICA,Diageo North America Inc. Employees Political Participation Committee,President Donald Trump and President J.D. Vance,2025-01-10,125000.00
DIAGEO NORTH AMERICA,Diageo North America Inc. Employees Political Participation Committee,Multiple congressional staff associations participating in Diversity Across the Aisle event,2025-01-15,1000.00
DIAGEO NORTH AMERICA,Diageo North America Inc. Employees Political Participation Committee,President Donald Trump and Vice President J.D. Vance,2025-01-19,22922.00
DIAGEO NORTH AMERICA,Diageo North America Inc. Employees Political Participation Committee,Asian American and Native Hawaiian/Pacific Islander congressional staff,2025-02-12,1980.00
DIAGEO NORTH AMERICA,Diageo North America Inc. Employees Political Participation Committee,Senator Amy Klobuchar and Rep. John James,2025-06-03,5000.00
DIAGEO NORTH AMERICA,Diageo North America Inc. Employees Political Participation Committee,Senator Amy Klobuchar and Rep. John James,2025-06-03,3031.00
DIAGEO NORTH AMERICA,Diageo North America Inc. Employees Political Participation Committee,Board of Directors includes Rep. Grace Meng,2025-06-23,25000.00
DIAGEO NORTH AMERICA,Diageo North America Inc. Employees Political Participation Committee,Stephanie Bice,2025-06-04,1000.00
DIAGEO NORTH AMERICA,Diageo North America Inc. Employees Political Participation Committee,Bill Cassidy,2025-06-04,1000.00
DIAGEO NORTH AMERICA,Diageo North America Inc. Employees Political Participation Committee,Brian Jack,2025-06-04,1000.00
DIAGEO NORTH AMERICA,Diageo North America Inc. Employees Political Participation Committee,Susan Collins,2025-06-04,1000.00
DIAGEO NORTH AMERICA,Diageo North America Inc. Employees Political Participation Committee,Congressional Black Caucus,2025-06-04,2500.00
DIAGEO NORTH AMERICA,Diageo North America Inc. Employees Political Participation Committee,John Joyce,2025-06-04,1000.00
DIAGEO NORTH AMERICA,Diageo North America Inc. Employees Political Participation Committee,Brad Finstad,2025-06-04,1000.00
DIAGEO NORTH AMERICA,Diageo North America Inc. Employees Political Participation Committee,Darin LaHood,2025-06-04,1000.00
DIAGEO NORTH AMERICA,Diageo North America Inc. Employees Political Participation Committee,Mike Crapo,2025-06-04,1000.00
DIAGEO NORTH AMERICA,Diageo North America Inc. Employees Political Participation Committee,"Joint Fundraising Committee of NRSC, R Senate PAC (Sen. John Cornyn Leadership PAC), Texans for a Conservative Majority (Super PAC), Texans for Senator John Cornyn Inc., Alamo PAC (Sen. John Cornyn Leadership PAC), Conservative Majority Project Super PAC",2025-05-08,1500.00
DIAGEO NORTH AMERICA,Diageo North America Inc. Employees Political Participation Committee,Dan Newhouse,2025-05-08,1000.00
DIAGEO NORTH AMERICA,Diageo North America Inc. Employees Political Participation Committee,Brett Guthrie,2025-05-08,1500.00
DIAGEO NORTH AMERICA,Diageo North America Inc. Employees Political Participation Committee,Jimmy Panetta,2025-05-08,1000.00
DIAGEO NORTH AMERICA,Diageo North America Inc. Employees Political Participation Committee,"Joint Fundraising Committee of People for Ben, Democratic Party of New Mexico, Turquose PAC (Sen. Ben Lujan Leadership PAC) and DSCC",2025-05-08,1500.00
DIAGEO NORTH AMERICA,Diageo North America Inc. Employees Political Participation Committee,Angie Craig,2025-02-07,1000.00
DIAGEO NORTH AMERICA,Diageo North America Inc. Employees Political Participation Committee,Bill Cassidy,2025-03-12,2500.00
DIAGEO NORTH AMERICA,Diageo North America Inc. Employees Political Participation Committee,Shomari Figures,2025-03-12,1000.00
DIAGEO NORTH AMERICA,Diageo North America Inc. Employees Political Participation Committee,"Joint Fundraising Committee of Mike Crapo for Senate, Freedom Fund (Sen. Mike Crapo Leadership PAC) and NRSC",2025-02-07,5000.00
DIAGEO NORTH AMERICA,Diageo North America Inc. Employees Political Participation Committee,Democratic Congressional Campaign Committee,2025-02-07,2500.00
DIAGEO NORTH AMERICA,Diageo North America Inc. Employees Political Participation Committee,Suzan DelBene,2025-02-07,1000.00
DIAGEO NORTH AMERICA,Diageo North America Inc. Employees Political Participation Committee,Democratic Senatorial Campaign Committee,2025-02-07,2500.00
DIAGEO NORTH AMERICA,Diageo North America Inc. Employees Political Participation Committee,Rep. Stacey Plaskett Leadership PAC,2025-03-18,2500.00
DIAGEO NORTH AMERICA,Diageo North America Inc. Employees Political Participation Committee,Brett Guthrie,2025-03-12,1500.00
DIAGEO NORTH AMERICA,Diageo North America Inc. Employees Political Participation Committee,Jim Costa,2025-03-12,1000.00
DIAGEO NORTH AMERICA,Diageo North America Inc. Employees Political Participation Committee,Robin Kelly,2025-05-08,1000.00
DIAGEO NORTH AMERICA,Diageo North America Inc. Employees Political Participation Committee,Ron Estes,2025-05-08,1000.00
DIAGEO NORTH AMERICA,Diageo North America Inc. Employees Political Participation Committee,Shontel Brown,2025-05-08,1000.00
DIAGEO NORTH AMERICA,Diageo North America Inc. Employees Political Participation Committee,Stacey Plaskett,2025-05-08,1500.00
DIAGEO NORTH AMERICA,Diageo North America Inc. Employees Political Participation Committee,Morgan McGarvey,2025-02-24,426.61
DIAGEO NORTH AMERICA,Diageo North America Inc. Employees Political Participation Committee,President Donald Trump and President J.D. Vance,2025-01-10,125000.00
DIAGEO NORTH AMERICA,Diageo North America Inc. Employees Political Participation Committee,Multiple congressional staff associations participating in Diversity Across the Aisle event,2025-01-15,1000.00
DIAGEO NORTH AMERICA,Diageo North America Inc. Employees Political Participation Committee,President Donald Trump and Vice President J.D. Vance,2025-01-19,22922.00
DIAGEO NORTH AMERICA,Diageo North America Inc. Employees Political Participation Committee,Asian American and Native Hawaiian/Pacific Islander congressional staff,2025-02-12,1980.00
DIAGEO NORTH AMERICA,Diageo North America Inc. Employees Political Participation Committee,Senator Amy Klobuchar and Rep. John James,2025-06-03,5000.00
DIAGEO NORTH AMERICA,Diageo North America Inc. Employees Political Participation Committee,Senator Amy Klobuchar and Rep. John James,2025-06-03,3031.00
DIAGEO NORTH AMERICA,Diageo North America Inc. Employees Political Participation Committee,Board of Directors includes Rep. Grace Meng,2025-06-23,25000.00
DIAGEO NORTH AMERICA,Diageo North America Inc. Employees Political Participation Committee,Stephanie Bice,2025-06-04,1000.00
DIAGEO NORTH AMERICA,Diageo North America Inc. Employees Political Participation Committee,Bill Cassidy,2025-06-04,1000.00
DIAGEO NORTH AMERICA,Diageo North America Inc. Employees Political Participation Committee,Brian Jack,2025-06-04,1000.00
DIAGEO NORTH AMERICA,Diageo North America Inc. Employees Political Participation Committee,Susan Collins,2025-06-04,1000.00
DIAGEO NORTH AMERICA,Diageo North America Inc. Employees Political Participation Committee,Congressional Black Caucus,2025-06-04,2500.00
DIAGEO NORTH AMERICA,Diageo North America Inc. Employees Political Participation Committee,John Joyce,2025-06-04,1000.00
DIAGEO NORTH AMERICA,Diageo North America Inc. Employees Political Participation Committee,Brad Finstad,2025-06-04,1000.00
DIAGEO NORTH AMERICA,Diageo North America Inc. Employees Political Participation Committee,Darin LaHood,2025-06-04,1000.00
DIAGEO NORTH AMERICA,Diageo North America Inc. Employees Political Participation Committee,Mike Crapo,2025-06-04,1000.00
DIAGEO NORTH AMERICA,Diageo North America Inc. Employees Political Participation Committee,"Joint Fundraising Committee of NRSC, R Senate PAC (Sen. John Cornyn Leadership PAC), Texans for a Conservative Majority (Super PAC), Texans for Senator John Cornyn Inc., Alamo PAC (Sen. John Cornyn Leadership PAC), Conservative Majority Project Super PAC",2025-05-08,1500.00
DIAGEO NORTH AMERICA,Diageo North America Inc. Employees Political Participation Committee,Dan Newhouse,2025-05-08,1000.00
DIAGEO NORTH AMERICA,Diageo North America Inc. Employees Political Participation Committee,Brett Guthrie,2025-05-08,1500.00
DIAGEO NORTH AMERICA,Diageo North America Inc. Employees Political Participation Committee,Jimmy Panetta,2025-05-08,1000.00
DIAGEO NORTH AMERICA,Diageo North America Inc. Employees Political Participation Committee,"Joint Fundraising Committee of People for Ben, Democratic Party of New Mexico, Turquose PAC (Sen. Ben Lujan Leadership PAC) and DSCC",2025-05-08,1500.00
DIAGEO NORTH AMERICA,Diageo North America Inc. Employees Political Participation Committee,Angie Craig,2025-02-07,1000.00
DIAGEO NORTH AMERICA,Diageo North America Inc. Employees Political Participation Committee,Bill Cassidy,2025-03-12,2500.00
DIAGEO NORTH AMERICA,Diageo North America Inc. Employees Political Participation Committee,Shomari Figures,2025-03-12,1000.00
DIAGEO NORTH AMERICA,Diageo North America Inc. Employees Political Participation Committee,"Joint Fundraising Committee of Mike Crapo for Senate, Freedom Fund (Sen. Mike Crapo Leadership PAC) and NRSC",2025-02-07,5000.00
DIAGEO NORTH AMERICA,Diageo North America Inc. Employees Political Participation Committee,Democratic Congressional Campaign Committee,2025-02-07,2500.00
DIAGEO NORTH AMERICA,Diageo North America Inc. Employees Political Participation Committee,Suzan DelBene,2025-02-07,1000.00
DIAGEO NORTH AMERICA,Diageo North America Inc. Employees Political Participation Committee,Democratic Senatorial Campaign Committee,2025-02-07,2500.00
DIAGEO NORTH AMERICA,Diageo North America Inc. Employees Political Participation Committee,Rep. Stacey Plaskett Leadership PAC,2025-03-18,2500.00
DIAGEO NORTH AMERICA,Diageo North America Inc. Employees Political Participation Committee,Brett Guthrie,2025-03-12,1500.00
DIAGEO NORTH AMERICA,Diageo North America Inc. Employees Political Participation Committee,Jim Costa,2025-03-12,1000.00
DIAGEO NORTH AMERICA,Diageo North America Inc. Employees Political Participation Committee,Robin Kelly,2025-05-08,1000.00
DIAGEO NORTH AMERICA,Diageo North America Inc. Employees Political Participation Committee,Ron Estes,2025-05-08,1000.00
DIAGEO NORTH AMERICA,Diageo North America Inc. Employees Political Participation Committee,Shontel Brown,2025-05-08,1000.00
DIAGEO NORTH AMERICA,Diageo North America Inc. Employees Political Participation Committee,Stacey Plaskett,2025-05-08,1500.00
DIAGEO NORTH AMERICA,Diageo North America Inc. Employees Political Participation Committee,Morgan McGarvey,2025-02-24,426.61
DIAGEO NORTH AMERICA,Diageo North America Inc. Employees Political Participation Committee,President Donald Trump and President J.D. Vance,2025-01-10,125000.00
DIAGEO NORTH AMERICA,Diageo North America Inc. Employees Political Participation Committee,Multiple congressional staff associations participating in Diversity Across the Aisle event,2025-01-15,1000.00
DIAGEO NORTH AMERICA,Diageo North America Inc. Employees Political Participation Committee,President Donald Trump and Vice President J.D. Vance,2025-01-19,22922.00
DIAGEO NORTH AMERICA,Diageo North America Inc. Employees Political Participation Committee,Asian American and Native Hawaiian/Pacific Islander congressional staff,2025-02-12,1980.00
DIAGEO NORTH AMERICA,Diageo North America Inc. Employees Political Participation Committee,Senator Amy Klobuchar and Rep. John James,2025-06-03,5000.00
DIAGEO NORTH AMERICA,Diageo North America Inc. Employees Political Participation Committee,Senator Amy Klobuchar and Rep. John James,2025-06-03,3031.00
DIAGEO NORTH AMERICA,Diageo North America Inc. Employees Political Participation Committee,Board of Directors includes Rep. Grace Meng,2025-06-23,25000.00
DIAGEO NORTH AMERICA,Diageo North America Inc. Employees Political Participation Committee,Stephanie Bice,2025-06-04,1000.00
DIAGEO NORTH AMERICA,Diageo North America Inc. Employees Political Participation Committee,Bill Cassidy,2025-06-04,1000.00
DIAGEO NORTH AMERICA,Diageo North America Inc. Employees Political Participation Committee,Brian Jack,2025-06-04,1000.00
DIAGEO NORTH AMERICA,Diageo North America Inc. Employees Political Participation Committee,Susan Collins,2025-06-04,1000.00
DIAGEO NORTH AMERICA,Diageo North America Inc. Employees Political Participation Committee,Congressional Black Caucus,2025-06-04,2500.00
DIAGEO NORTH AMERICA,Diageo North America Inc. Employees Political Participation Committee,John Joyce,2025-06-04,1000.00
DIAGEO NORTH AMERICA,Diageo North America Inc. Employees Political Participation Committee,Brad Finstad,2025-06-04,1000.00
DIAGEO NORTH AMERICA,Diageo North America Inc. Employees Political Participation Committee,Darin LaHood,2025-06-04,1000.00
DIAGEO NORTH AMERICA,Diageo North America Inc. Employees Political Participation Committee,Mike Crapo,2025-06-04,1000.00
DIAGEO NORTH AMERICA,Diageo North America Inc. Employees Political Participation Committee,"Joint Fundraising Committee of NRSC, R Senate PAC (Sen. John Cornyn Leadership PAC), Texans for a Conservative Majority (Super PAC), Texans for Senator John Cornyn Inc., Alamo PAC (Sen. John Cornyn Leadership PAC), Conservative Majority Project Super PAC",2025-05-08,1500.00
DIAGEO NORTH AMERICA,Diageo North America Inc. Employees Political Participation Committee,Dan Newhouse,2025-05-08,1000.00
DIAGEO NORTH AMERICA,Diageo North America Inc. Employees Political Participation Committee,Brett Guthrie,2025-05-08,1500.00
DIAGEO NORTH AMERICA,Diageo North America Inc. Employees Political Participation Committee,Jimmy Panetta,2025-05-08,1000.00
DIAGEO NORTH AMERICA,Diageo North America Inc. Employees Political Participation Committee,"Joint Fundraising Committee of People for Ben, Democratic Party of New Mexico, Turquose PAC (Sen. Ben Lujan Leadership PAC) and DSCC",2025-05-08,1500.00
DIAGEO NORTH AMERICA,Diageo North America Inc. Employees Political Participation Committee,Angie Craig,2025-02-07,1000.00
DIAGEO NORTH AMERICA,Diageo North America Inc. Employees Political Participation Committee,Bill Cassidy,2025-03-12,2500.00
DIAGEO NORTH AMERICA,Diageo North America Inc. Employees Political Participation Committee,Shomari Figures,2025-03-12,1000.00
DIAGEO NORTH AMERICA,Diageo North America Inc. Employees Political Participation Committee,"Joint Fundraising Committee of Mike Crapo for Senate, Freedom Fund (Sen. Mike Crapo Leadership PAC) and NRSC",2025-02-07,5000.00
DIAGEO NORTH AMERICA,Diageo North America Inc. Employees Political Participation Committee,Democratic Congressional Campaign Committee,2025-02-07,2500.00
DIAGEO NORTH AMERICA,Diageo North America Inc. Employees Political Participation Committee,Suzan DelBene,2025-02-07,1000.00
DIAGEO NORTH AMERICA,Diageo North America Inc. Employees Political Participation Committee,Democratic Senatorial Campaign Committee,2025-02-07,2500.00
DIAGEO NORTH AMERICA,Diageo North America Inc. Employees Political Participation Committee,Rep. Stacey Plaskett Leadership PAC,2025-03-18,2500.00
DIAGEO NORTH AMERICA,Diageo North America Inc. Employees Political Participation Committee,Brett Guthrie,2025-03-12,1500.00
DIAGEO NORTH AMERICA,Diageo North America Inc. Employees Political Participation Committee,Jim Costa,2025-03-12,1000.00
DIAGEO NORTH AMERICA,Diageo North America Inc. Employees Political Participation Committee,Robin Kelly,2025-05-08,1000.00
DIAGEO NORTH AMERICA,Diageo North America Inc. Employees Political Participation Committee,Ron Estes,2025-05-08,1000.00
DIAGEO NORTH AMERICA,Diageo North America Inc. Employees Political Participation Committee,Shontel Brown,2025-05-08,1000.00
DIAGEO NORTH AMERICA,Diageo North America Inc. Employees Political Participation Committee,Stacey Plaskett,2025-05-08,1500.00
DIAGEO NORTH AMERICA,Diageo North America Inc. Employees Political Participation Committee,Morgan McGarvey,2025-02-24,426.61
DIAGEO NORTH AMERICA,Diageo North America Inc. Employees Political Participation Committee,President Donald Trump and President J.D. Vance,2025-01-10,125000.00
DIAGEO NORTH AMERICA,Diageo North America Inc. Employees Political Participation Committee,Multiple congressional staff associations participating in Diversity Across the Aisle event,2025-01-15,1000.00
DIAGEO NORTH AMERICA,Diageo North America Inc. Employees Political Participation Committee,President Donald Trump and Vice President J.D. Vance,2025-01-19,22922.00
DIAGEO NORTH AMERICA,Diageo North America Inc. Employees Political Participation Committee,Asian American and Native Hawaiian/Pacific Islander congressional staff,2025-02-12,1980.00
DIAGEO NORTH AMERICA,Diageo North America Inc. Employees Political Participation Committee,Senator Amy Klobuchar and Rep. John James,2025-06-03,5000.00
DIAGEO NORTH AMERICA,Diageo North America Inc. Employees Political Participation Committee,Senator Amy Klobuchar and Rep. John James,2025-06-03,3031.00
DIAGEO NORTH AMERICA,Diageo North America Inc. Employees Political Participation Committee,Board of Directors includes Rep. Grace Meng,2025-06-23,25000.00
DIAGEO NORTH AMERICA,Diageo North America Inc. Employees Political Participation Committee,Stephanie Bice,2025-06-04,1000.00
DIAGEO NORTH AMERICA,Diageo North America Inc. Employees Political Participation Committee,Bill Cassidy,2025-06-04,1000.00
DIAGEO NORTH AMERICA,Diageo North America Inc. Employees Political Participation Committee,Brian Jack,2025-06-04,1000.00
DIAGEO NORTH AMERICA,Diageo North America Inc. Employees Political Participation Committee,Susan Collins,2025-06-04,1000.00
DIAGEO NORTH AMERICA,Diageo North America Inc. Employees Political Participation Committee,Congressional Black Caucus,2025-06-04,2500.00
DIAGEO NORTH AMERICA,Diageo North America Inc. Employees Political Participation Committee,John Joyce,2025-06-04,1000.00
DIAGEO NORTH AMERICA,Diageo North America Inc. Employees Political Participation Committee,Brad Finstad,2025-06-04,1000.00
DIAGEO NORTH AMERICA,Diageo North America Inc. Employees Political Participation Committee,Darin LaHood,2025-06-04,1000.00
DIAGEO NORTH AMERICA,Diageo North America Inc. Employees Political Participation Committee,Mike Crapo,2025-06-04,1000.00
DIAGEO NORTH AMERICA,Diageo North America Inc. Employees Political Participation Committee,"Joint Fundraising Committee of NRSC, R Senate PAC (Sen. John Cornyn Leadership PAC), Texans for a Conservative Majority (Super PAC), Texans for Senator John Cornyn Inc., Alamo PAC (Sen. John Cornyn Leadership PAC), Conservative Majority Project Super PAC",2025-05-08,1500.00
DIAGEO NORTH AMERICA,Diageo North America Inc. Employees Political Participation Committee,Dan Newhouse,2025-05-08,1000.00
DIAGEO NORTH AMERICA,Diageo North America Inc. Employees Political Participation Committee,Brett Guthrie,2025-05-08,1500.00
DIAGEO NORTH AMERICA,Diageo North America Inc. Employees Political Participation Committee,Jimmy Panetta,2025-05-08,1000.00
DIAGEO NORTH AMERICA,Diageo North America Inc. Employees Political Participation Committee,"Joint Fundraising Committee of People for Ben, Democratic Party of New Mexico, Turquose PAC (Sen. Ben Lujan Leadership PAC) and DSCC",2025-05-08,1500.00
DIAGEO NORTH AMERICA,Diageo North America Inc. Employees Political Participation Committee,Angie Craig,2025-02-07,1000.00
DIAGEO NORTH AMERICA,Diageo North America Inc. Employees Political Participation Committee,Bill Cassidy,2025-03-12,2500.00
DIAGEO NORTH AMERICA,Diageo North America Inc. Employees Political Participation Committee,Shomari Figures,2025-03-12,1000.00
DIAGEO NORTH AMERICA,Diageo North America Inc. Employees Political Participation Committee,"Joint Fundraising Committee of Mike Crapo for Senate, Freedom Fund (Sen. Mike Crapo Leadership PAC) and NRSC",2025-02-07,5000.00
DIAGEO NORTH AMERICA,Diageo North America Inc. Employees Political Participation Committee,Democratic Congressional Campaign Committee,2025-02-07,2500.00
DIAGEO NORTH AMERICA,Diageo North America Inc. Employees Political Participation Committee,Suzan DelBene,2025-02-07,1000.00
DIAGEO NORTH AMERICA,Diageo North America Inc. Employees Political Participation Committee,Democratic Senatorial Campaign Committee,2025-02-07,2500.00
DIAGEO NORTH AMERICA,Diageo North America Inc. Employees Political Participation Committee,Rep. Stacey Plaskett Leadership PAC,2025-03-18,2500.00
DIAGEO NORTH AMERICA,Diageo North America Inc. Employees Political Participation Committee,Brett Guthrie,2025-03-12,1500.00
DIAGEO NORTH AMERICA,Diageo North America Inc. Employees Political Participation Committee,Jim Costa,2025-03-12,1000.00
DIAGEO NORTH AMERICA,Diageo North America Inc. Employees Political Participation Committee,Robin Kelly,2025-05-08,1000.00
DIAGEO NORTH AMERICA,Diageo North America Inc. Employees Political Participation Committee,Ron Estes,2025-05-08,1000.00
DIAGEO NORTH AMERICA,Diageo North America Inc. Employees Political Participation Committee,Shontel Brown,2025-05-08,1000.00
DIAGEO NORTH AMERICA,Diageo North America Inc. Employees Political Participation Committee,Stacey Plaskett,2025-05-08,1500.00
DIAGEO NORTH AMERICA,Diageo North America Inc. Employees Political Participation Committee,Morgan McGarvey,2025-02-24,426.61
DIAGEO NORTH AMERICA,Diageo North America Inc. Employees Political Participation Committee,President Donald Trump and President J.D. Vance,2025-01-10,125000.00
DIAGEO NORTH AMERICA,Diageo North America Inc. Employees Political Participation Committee,Multiple congressional staff associations participating in Diversity Across the Aisle event,2025-01-15,1000.00
DIAGEO NORTH AMERICA,Diageo North America Inc. Employees Political Participation Committee,President Donald Trump and Vice President J.D. Vance,2025-01-19,22922.00
DIAGEO NORTH AMERICA,Diageo North America Inc. Employees Political Participation Committee,Asian American and Native Hawaiian/Pacific Islander congressional staff,2025-02-12,1980.00
DIAGEO NORTH AMERICA,Diageo North America Inc. Employees Political Participation Committee,Senator Amy Klobuchar and Rep. John James,2025-06-03,5000.00
DIAGEO NORTH AMERICA,Diageo North America Inc. Employees Political Participation Committee,Senator Amy Klobuchar and Rep. John James,2025-06-03,3031.00
DIAGEO NORTH AMERICA,Diageo North America Inc. Employees Political Participation Committee,Board of Directors includes Rep. Grace Meng,2025-06-23,25000.00
DIAGEO NORTH AMERICA,Diageo North America Inc. Employees Political Participation Committee,Stephanie Bice,2025-06-04,1000.00
DIAGEO NORTH AMERICA,Diageo North America Inc. Employees Political Participation Committee,Bill Cassidy,2025-06-04,1000.00
DIAGEO NORTH AMERICA,Diageo North America Inc. Employees Political Participation Committee,Brian Jack,2025-06-04,1000.00
DIAGEO NORTH AMERICA,Diageo North America Inc. Employees Political Participation Committee,Susan Collins,2025-06-04,1000.00
DIAGEO NORTH AMERICA,Diageo North America Inc. Employees Political Participation Committee,Congressional Black Caucus,2025-06-04,2500.00
DIAGEO NORTH AMERICA,Diageo North America Inc. Employees Political Participation Committee,John Joyce,2025-06-04,1000.00
DIAGEO NORTH AMERICA,Diageo North America Inc. Employees Political Participation Committee,Brad Finstad,2025-06-04,1000.00
DIAGEO NORTH AMERICA,Diageo North America Inc. Employees Political Participation Committee,Darin LaHood,2025-06-04,1000.00
DIAGEO NORTH AMERICA,Diageo North America Inc. Employees Political Participation Committee,Mike Crapo,2025-06-04,1000.00
DIAGEO NORTH AMERICA,Diageo North America Inc. Employees Political Participation Committee,"Joint Fundraising Committee of NRSC, R Senate PAC (Sen. John Cornyn Leadership PAC), Texans for a Conservative Majority (Super PAC), Texans for Senator John Cornyn Inc., Alamo PAC (Sen. John Cornyn Leadership PAC), Conservative Majority Project Super PAC",2025-05-08,1500.00
DIAGEO NORTH AMERICA,Diageo North America Inc. Employees Political Participation Committee,Dan Newhouse,2025-05-08,1000.00
DIAGEO NORTH AMERICA,Diageo North America Inc. Employees Political Participation Committee,Brett Guthrie,2025-05-08,1500.00
DIAGEO NORTH AMERICA,Diageo North America Inc. Employees Political Participation Committee,Jimmy Panetta,2025-05-08,1000.00
DIAGEO NORTH AMERICA,Diageo North America Inc. Employees Political Participation Committee,"Joint Fundraising Committee of People for Ben, Democratic Party of New Mexico, Turquose PAC (Sen. Ben Lujan Leadership PAC) and DSCC",2025-05-08,1500.00
DIAGEO NORTH AMERICA,Diageo North America Inc. Employees Political Participation Committee,Angie Craig,2025-02-07,1000.00
DIAGEO NORTH AMERICA,Diageo North America Inc. Employees Political Participation Committee,Bill Cassidy,2025-03-12,2500.00
DIAGEO NORTH AMERICA,Diageo North America Inc. Employees Political Participation Committee,Shomari Figures,2025-03-12,1000.00
DIAGEO NORTH AMERICA,Diageo North America Inc. Employees Political Participation Committee,"Joint Fundraising Committee of Mike Crapo for Senate, Freedom Fund (Sen. Mike Crapo Leadership PAC) and NRSC",2025-02-07,5000.00
DIAGEO NORTH AMERICA,Diageo North America Inc. Employees Political Participation Committee,Democratic Congressional Campaign Committee,2025-02-07,2500.00
DIAGEO NORTH AMERICA,Diageo North America Inc. Employees Political Participation Committee,Suzan DelBene,2025-02-07,1000.00
DIAGEO NORTH AMERICA,Diageo North America Inc. Employees Political Participation Committee,Democratic Senatorial Campaign Committee,2025-02-07,2500.00
DIAGEO NORTH AMERICA,Diageo North America Inc. Employees Political Participation Committee,Rep. Stacey Plaskett Leadership PAC,2025-03-18,2500.00
DIAGEO NORTH AMERICA,Diageo North America Inc. Employees Political Participation Committee,Brett Guthrie,2025-03-12,1500.00
DIAGEO NORTH AMERICA,Diageo North America Inc. Employees Political Participation Committee,Jim Costa,2025-03-12,1000.00
DIAGEO NORTH AMERICA,Diageo North America Inc. Employees Political Participation Committee,Robin Kelly,2025-05-08,1000.00
DIAGEO NORTH AMERICA,Diageo North America Inc. Employees Political Participation Committee,Ron Estes,2025-05-08,1000.00
DIAGEO NORTH AMERICA,Diageo North America Inc. Employees Political Participation Committee,Shontel Brown,2025-05-08,1000.00
DIAGEO NORTH AMERICA,Diageo North America Inc. Employees Political Participation Committee,Stacey Plaskett,2025-05-08,1500.00
DIAGEO NORTH AMERICA,Diageo North America Inc. Employees Political Participation Committee,Morgan McGarvey,2025-02-24,426.61
DIAGEO NORTH AMERICA,Diageo North America Inc. Employees Political Participation Committee,President Donald Trump and President J.D. Vance,2025-01-10,125000.00
DIAGEO NORTH AMERICA,Diageo North America Inc. Employees Political Participation Committee,Multiple congressional staff associations participating in Diversity Across the Aisle event,2025-01-15,1000.00
DIAGEO NORTH AMERICA,Diageo North America Inc. Employees Political Participation Committee,President Donald Trump and Vice President J.D. Vance,2025-01-19,22922.00
DIAGEO NORTH AMERICA,Diageo North America Inc. Employees Political Participation Committee,Asian American and Native Hawaiian/Pacific Islander congressional staff,2025-02-12,1980.00
DIAGEO NORTH AMERICA,Diageo North America Inc. Employees Political Participation Committee,Senator Amy Klobuchar and Rep. John James,2025-06-03,5000.00
DIAGEO NORTH AMERICA,Diageo North America Inc. Employees Political Participation Committee,Senator Amy Klobuchar and Rep. John James,2025-06-03,3031.00
DIAGEO NORTH AMERICA,Diageo North America Inc. Employees Political Participation Committee,Board of Directors includes Rep. Grace Meng,2025-06-23,25000.00
DIAGEO NORTH AMERICA,Diageo North America Inc. Employees Political Participation Committee,Stephanie Bice,2025-06-04,1000.00
DIAGEO NORTH AMERICA,Diageo North America Inc. Employees Political Participation Committee,Bill Cassidy,2025-06-04,1000.00
DIAGEO NORTH AMERICA,Diageo North America Inc. Employees Political Participation Committee,Brian Jack,2025-06-04,1000.00
DIAGEO NORTH AMERICA,Diageo North America Inc. Employees Political Participation Committee,Susan Collins,2025-06-04,1000.00
DIAGEO NORTH AMERICA,Diageo North America Inc. Employees Political Participation Committee,Congressional Black Caucus,2025-06-04,2500.00
DIAGEO NORTH AMERICA,Diageo North America Inc. Employees Political Participation Committee,John Joyce,2025-06-04,1000.00
DIAGEO NORTH AMERICA,Diageo North America Inc. Employees Political Participation Committee,Brad Finstad,2025-06-04,1000.00
DIAGEO NORTH AMERICA,Diageo North America Inc. Employees Political Participation Committee,Darin LaHood,2025-06-04,1000.00
DIAGEO NORTH AMERICA,Diageo North America Inc. Employees Political Participation Committee,Mike Crapo,2025-06-04,1000.00
DIAGEO NORTH AMERICA,Diageo North America Inc. Employees Political Participation Committee,"Joint Fundraising Committee of NRSC, R Senate PAC (Sen. John Cornyn Leadership PAC), Texans for a Conservative Majority (Super PAC), Texans for Senator John Cornyn Inc., Alamo PAC (Sen. John Cornyn Leadership PAC), Conservative Majority Project Super PAC",2025-05-08,1500.00
DIAGEO NORTH AMERICA,Diageo North America Inc. Employees Political Participation Committee,Dan Newhouse,2025-05-08,1000.00
DIAGEO NORTH AMERICA,Diageo North America Inc. Employees Political Participation Committee,Brett Guthrie,2025-05-08,1500.00
DIAGEO NORTH AMERICA,Diageo North America Inc. Employees Political Participation Committee,Jimmy Panetta,2025-05-08,1000.00
DIAGEO NORTH AMERICA,Diageo North America Inc. Employees Political Participation Committee,"Joint Fundraising Committee of People for Ben, Democratic Party of New Mexico, Turquose PAC (Sen. Ben Lujan Leadership PAC) and DSCC",2025-05-08,1500.00
DIAGEO NORTH AMERICA,Diageo North America Inc. Employees Political Participation Committee,Angie Craig,2025-02-07,1000.00
DIAGEO NORTH AMERICA,Diageo North America Inc. Employees Political Participation Committee,Bill Cassidy,2025-03-12,2500.00
DIAGEO NORTH AMERICA,Diageo North America Inc. Employees Political Participation Committee,Shomari Figures,2025-03-12,1000.00
DIAGEO NORTH AMERICA,Diageo North America Inc. Employees Political Participation Committee,"Joint Fundraising Committee of Mike Crapo for Senate, Freedom Fund (Sen. Mike Crapo Leadership PAC) and NRSC",2025-02-07,5000.00
DIAGEO NORTH AMERICA,Diageo North America Inc. Employees Political Participation Committee,Democratic Congressional Campaign Committee,2025-02-07,2500.00
DIAGEO NORTH AMERICA,Diageo North America Inc. Employees Political Participation Committee,Suzan DelBene,2025-02-07,1000.00
DIAGEO NORTH AMERICA,Diageo North America Inc. Employees Political Participation Committee,Democratic Senatorial Campaign Committee,2025-02-07,2500.00
DIAGEO NORTH AMERICA,Diageo North America Inc. Employees Political Participation Committee,Rep. Stacey Plaskett Leadership PAC,2025-03-18,2500.00
DIAGEO NORTH AMERICA,Diageo North America Inc. Employees Political Participation Committee,Brett Guthrie,2025-03-12,1500.00
DIAGEO NORTH AMERICA,Diageo North America Inc. Employees Political Participation Committee,Jim Costa,2025-03-12,1000.00
DIAGEO NORTH AMERICA,Diageo North America Inc. Employees Political Participation Committee,Robin Kelly,2025-05-08,1000.00
DIAGEO NORTH AMERICA,Diageo North America Inc. Employees Political Participation Committee,Ron Estes,2025-05-08,1000.00
DIAGEO NORTH AMERICA,Diageo North America Inc. Employees Political Participation Committee,Shontel Brown,2025-05-08,1000.00
DIAGEO NORTH AMERICA,Diageo North America Inc. Employees Political Participation Committee,Stacey Plaskett,2025-05-08,1500.00
DIAGEO NORTH AMERICA,Diageo North America Inc. Employees Political Participation Committee,Morgan McGarvey,2025-02-24,426.61
DIAGEO NORTH AMERICA,Diageo North America Inc. Employees Political Participation Committee,President Donald Trump and President J.D. Vance,2025-01-10,125000.00
DIAGEO NORTH AMERICA,Diageo North America Inc. Employees Political Participation Committee,Multiple congressional staff associations participating in Diversity Across the Aisle event,2025-01-15,1000.00
DIAGEO NORTH AMERICA,Diageo North America Inc. Employees Political Participation Committee,President Donald Trump and Vice President J.D. Vance,2025-01-19,22922.00
DIAGEO NORTH AMERICA,Diageo North America Inc. Employees Political Participation Committee,Asian American and Native Hawaiian/Pacific Islander congressional staff,2025-02-12,1980.00
DIAGEO NORTH AMERICA,Diageo North America Inc. Employees Political Participation Committee,Senator Amy Klobuchar and Rep. John James,2025-06-03,5000.00
DIAGEO NORTH AMERICA,Diageo North America Inc. Employees Political Participation Committee,Senator Amy Klobuchar and Rep. John James,2025-06-03,3031.00
DIAGEO NORTH AMERICA,Diageo North America Inc. Employees Political Participation Committee,Board of Directors includes Rep. Grace Meng,2025-06-23,25000.00
DIAGEO NORTH AMERICA,Diageo North America Inc. Employees Political Participation Committee,Stephanie Bice,2025-06-04,1000.00
DIAGEO NORTH AMERICA,Diageo North America Inc. Employees Political Participation Committee,Bill Cassidy,2025-06-04,1000.00
DIAGEO NORTH AMERICA,Diageo North America Inc. Employees Political Participation Committee,Brian Jack,2025-06-04,1000.00
DIAGEO NORTH AMERICA,Diageo North America Inc. Employees Political Participation Committee,Susan Collins,2025-06-04,1000.00
DIAGEO NORTH AMERICA,Diageo North America Inc. Employees Political Participation Committee,Congressional Black Caucus,2025-06-04,2500.00
DIAGEO NORTH AMERICA,Diageo North America Inc. Employees Political Participation Committee,John Joyce,2025-06-04,1000.00
DIAGEO NORTH AMERICA,Diageo North America Inc. Employees Political Participation Committee,Brad Finstad,2025-06-04,1000.00
DIAGEO NORTH AMERICA,Diageo North America Inc. Employees Political Participation Committee,Darin LaHood,2025-06-04,1000.00
DIAGEO NORTH AMERICA,Diageo North America Inc. Employees Political Participation Committee,Mike Crapo,2025-06-04,1000.00
DIAGEO NORTH AMERICA,Diageo North America Inc. Employees Political Participation Committee,"Joint Fundraising Committee of NRSC, R Senate PAC (Sen. John Cornyn Leadership PAC), Texans for a Conservative Majority (Super PAC), Texans for Senator John Cornyn Inc., Alamo PAC (Sen. John Cornyn Leadership PAC), Conservative Majority Project Super PAC",2025-05-08,1500.00
DIAGEO NORTH AMERICA,Diageo North America Inc. Employees Political Participation Committee,Dan Newhouse,2025-05-08,1000.00
DIAGEO NORTH AMERICA,Diageo North America Inc. Employees Political Participation Committee,Brett Guthrie,2025-05-08,1500.00
DIAGEO NORTH AMERICA,Diageo North America Inc. Employees Political Participation Committee,Jimmy Panetta,2025-05-08,1000.00
DIAGEO NORTH AMERICA,Diageo North America Inc. Employees Political Participation Committee,"Joint Fundraising Committee of People for Ben, Democratic Party of New Mexico, Turquose PAC (Sen. Ben Lujan Leadership PAC) and DSCC",2025-05-08,1500.00
DIAGEO NORTH AMERICA,Diageo North America Inc. Employees Political Participation Committee,Angie Craig,2025-02-07,1000.00
DIAGEO NORTH AMERICA,Diageo North America Inc. Employees Political Participation Committee,Bill Cassidy,2025-03-12,2500.00
DIAGEO NORTH AMERICA,Diageo North America Inc. Employees Political Participation Committee,Shomari Figures,2025-03-12,1000.00
DIAGEO NORTH AMERICA,Diageo North America Inc. Employees Political Participation Committee,"Joint Fundraising Committee of Mike Crapo for Senate, Freedom Fund (Sen. Mike Crapo Leadership PAC) and NRSC",2025-02-07,5000.00
DIAGEO NORTH AMERICA,Diageo North America Inc. Employees Political Participation Committee,Democratic Congressional Campaign Committee,2025-02-07,2500.00
DIAGEO NORTH AMERICA,Diageo North America Inc. Employees Political Participation Committee,Suzan DelBene,2025-02-07,1000.00
DIAGEO NORTH AMERICA,Diageo North America Inc. Employees Political Participation Committee,Democratic Senatorial Campaign Committee,2025-02-07,2500.00
DIAGEO NORTH AMERICA,Diageo North America Inc. Employees Political Participation Committee,Rep. Stacey Plaskett Leadership PAC,2025-03-18,2500.00
DIAGEO NORTH AMERICA,Diageo North America Inc. Employees Political Participation Committee,Brett Guthrie,2025-03-12,1500.00
DIAGEO NORTH AMERICA,Diageo North America Inc. Employees Political Participation Committee,Jim Costa,2025-03-12,1000.00
DIAGEO NORTH AMERICA,Diageo North America Inc. Employees Political Participation Committee,Robin Kelly,2025-05-08,1000.00
DIAGEO NORTH AMERICA,Diageo North America Inc. Employees Political Participation Committee,Ron Estes,2025-05-08,1000.00
DIAGEO NORTH AMERICA,Diageo North America Inc. Employees Political Participation Committee,Shontel Brown,2025-05-08,1000.00
DIAGEO NORTH AMERICA,Diageo North America Inc. Employees Political Participation Committee,Stacey Plaskett,2025-05-08,1500.00
DIAGEO NORTH AMERICA,Diageo North America Inc. Employees Political Participation Committee,Morgan McGarvey,2025-02-24,426.61
DIAGEO NORTH AMERICA,Diageo North America Inc. Employees Political Participation Committee,President Donald Trump and President J.D. Vance,2025-01-10,125000.00
DIAGEO NORTH AMERICA,Diageo North America Inc. Employees Political Participation Committee,Multiple congressional staff associations participating in Diversity Across the Aisle event,2025-01-15,1000.00
DIAGEO NORTH AMERICA,Diageo North America Inc. Employees Political Participation Committee,President Donald Trump and Vice President J.D. Vance,2025-01-19,22922.00
DIAGEO NORTH AMERICA,Diageo North America Inc. Employees Political Participation Committee,Asian American and Native Hawaiian/Pacific Islander congressional staff,2025-02-12,1980.00
DIAGEO NORTH AMERICA,Diageo North America Inc. Employees Political Participation Committee,Senator Amy Klobuchar and Rep. John James,2025-06-03,5000.00
DIAGEO NORTH AMERICA,Diageo North America Inc. Employees Political Participation Committee,Senator Amy Klobuchar and Rep. John James,2025-06-03,3031.00
DIAGEO NORTH AMERICA,Diageo North America Inc. Employees Political Participation Committee,Board of Directors includes Rep. Grace Meng,2025-06-23,25000.00
DIAGEO NORTH AMERICA,Diageo North America Inc. Employees Political Participation Committee,Stephanie Bice,2025-06-04,1000.00
DIAGEO NORTH AMERICA,Diageo North America Inc. Employees Political Participation Committee,Bill Cassidy,2025-06-04,1000.00
DIAGEO NORTH AMERICA,Diageo North America Inc. Employees Political Participation Committee,Brian Jack,2025-06-04,1000.00
DIAGEO NORTH AMERICA,Diageo North America Inc. Employees Political Participation Committee,Susan Collins,2025-06-04,1000.00
DIAGEO NORTH AMERICA,Diageo North America Inc. Employees Political Participation Committee,Congressional Black Caucus,2025-06-04,2500.00
DIAGEO NORTH AMERICA,Diageo North America Inc. Employees Political Participation Committee,John Joyce,2025-06-04,1000.00
DIAGEO NORTH AMERICA,Diageo North America Inc. Employees Political Participation Committee,Brad Finstad,2025-06-04,1000.00
DIAGEO NORTH AMERICA,Diageo North America Inc. Employees Political Participation Committee,Darin LaHood,2025-06-04,1000.00
DIAGEO NORTH AMERICA,Diageo North America Inc. Employees Political Participation Committee,Mike Crapo,2025-06-04,1000.00
DIAGEO NORTH AMERICA,Diageo North America Inc. Employees Political Participation Committee,"Joint Fundraising Committee of NRSC, R Senate PAC (Sen. John Cornyn Leadership PAC), Texans for a Conservative Majority (Super PAC), Texans for Senator John Cornyn Inc., Alamo PAC (Sen. John Cornyn Leadership PAC), Conservative Majority Project Super PAC",2025-05-08,1500.00
DIAGEO NORTH AMERICA,Diageo North America Inc. Employees Political Participation Committee,Dan Newhouse,2025-05-08,1000.00
DIAGEO NORTH AMERICA,Diageo North America Inc. Employees Political Participation Committee,Brett Guthrie,2025-05-08,1500.00
DIAGEO NORTH AMERICA,Diageo North America Inc. Employees Political Participation Committee,Jimmy Panetta,2025-05-08,1000.00
DIAGEO NORTH AMERICA,Diageo North America Inc. Employees Political Participation Committee,"Joint Fundraising Committee of People for Ben, Democratic Party of New Mexico, Turquose PAC (Sen. Ben Lujan Leadership PAC) and DSCC",2025-05-08,1500.00
DIAGEO NORTH AMERICA,Diageo North America Inc. Employees Political Participation Committee,Angie Craig,2025-02-07,1000.00
DIAGEO NORTH AMERICA,Diageo North America Inc. Employees Political Participation Committee,Bill Cassidy,2025-03-12,2500.00
DIAGEO NORTH AMERICA,Diageo North America Inc. Employees Political Participation Committee,Shomari Figures,2025-03-12,1000.00
DIAGEO NORTH AMERICA,Diageo North America Inc. Employees Political Participation Committee,"Joint Fundraising Committee of Mike Crapo for Senate, Freedom Fund (Sen. Mike Crapo Leadership PAC) and NRSC",2025-02-07,5000.00
DIAGEO NORTH AMERICA,Diageo North America Inc. Employees Political Participation Committee,Democratic Congressional Campaign Committee,2025-02-07,2500.00
DIAGEO NORTH AMERICA,Diageo North America Inc. Employees Political Participation Committee,Suzan DelBene,2025-02-07,1000.00
DIAGEO NORTH AMERICA,Diageo North America Inc. Employees Political Participation Committee,Democratic Senatorial Campaign Committee,2025-02-07,2500.00
DIAGEO NORTH AMERICA,Diageo North America Inc. Employees Political Participation Committee,Rep. Stacey Plaskett Leadership PAC,2025-03-18,2500.00
DIAGEO NORTH AMERICA,Diageo North America Inc. Employees Political Participation Committee,Brett Guthrie,2025-03-12,1500.00
DIAGEO NORTH AMERICA,Diageo North America Inc. Employees Political Participation Committee,Jim Costa,2025-03-12,1000.00
DIAGEO NORTH AMERICA,Diageo North America Inc. Employees Political Participation Committee,Robin Kelly,2025-05-08,1000.00
DIAGEO NORTH AMERICA,Diageo North America Inc. Employees Political Participation Committee,Ron Estes,2025-05-08,1000.00
DIAGEO NORTH AMERICA,Diageo North America Inc. Employees Political Participation Committee,Shontel Brown,2025-05-08,1000.00
DIAGEO NORTH AMERICA,Diageo North America Inc. Employees Political Participation Committee,Stacey Plaskett,2025-05-08,1500.00
DIAGEO NORTH AMERICA,Diageo North America Inc. Employees Political Participation Committee,Morgan McGarvey,2025-02-24,426.61
DIAGEO NORTH AMERICA,Diageo North America Inc. Employees Political Participation Committee,President Donald Trump and President J.D. Vance,2025-01-10,125000.00
DIAGEO NORTH AMERICA,Diageo North America Inc. Employees Political Participation Committee,Multiple congressional staff associations participating in Diversity Across the Aisle event,2025-01-15,1000.00
DIAGEO NORTH AMERICA,Diageo North America Inc. Employees Political Participation Committee,President Donald Trump and Vice President J.D. Vance,2025-01-19,22922.00
DIAGEO NORTH AMERICA,Diageo North America Inc. Employees Political Participation Committee,Asian American and Native Hawaiian/Pacific Islander congressional staff,2025-02-12,1980.00
DIAGEO NORTH AMERICA,Diageo North America Inc. Employees Political Participation Committee,Senator Amy Klobuchar and Rep. John James,2025-06-03,5000.00
DIAGEO NORTH AMERICA,Diageo North America Inc. Employees Political Participation Committee,Senator Amy Klobuchar and Rep. John James,2025-06-03,3031.00
DIAGEO NORTH AMERICA,Diageo North America Inc. Employees Political Participation Committee,Board of Directors includes Rep. Grace Meng,2025-06-23,25000.00
DIAGEO NORTH AMERICA,Diageo North America Inc. Employees Political Participation Committee,Stephanie Bice,2025-06-04,1000.00
DIAGEO NORTH AMERICA,Diageo North America Inc. Employees Political Participation Committee,Bill Cassidy,2025-06-04,1000.00
DIAGEO NORTH AMERICA,Diageo North America Inc. Employees Political Participation Committee,Brian Jack,2025-06-04,1000.00
DIAGEO NORTH AMERICA,Diageo North America Inc. Employees Political Participation Committee,Susan Collins,2025-06-04,1000.00
DIAGEO NORTH AMERICA,Diageo North America Inc. Employees Political Participation Committee,Congressional Black Caucus,2025-06-04,2500.00
DIAGEO NORTH AMERICA,Diageo North America Inc. Employees Political Participation Committee,John Joyce,2025-06-04,1000.00
DIAGEO NORTH AMERICA,Diageo North America Inc. Employees Political Participation Committee,Brad Finstad,2025-06-04,1000.00
DIAGEO NORTH AMERICA,Diageo North America Inc. Employees Political Participation Committee,Darin LaHood,2025-06-04,1000.00
DIAGEO NORTH AMERICA,Diageo North America Inc. Employees Political Participation Committee,Mike Crapo,2025-06-04,1000.00
DIAGEO NORTH AMERICA,Diageo North America Inc. Employees Political Participation Committee,"Joint Fundraising Committee of NRSC, R Senate PAC (Sen. John Cornyn Leadership PAC), Texans for a Conservative Majority (Super PAC), Texans for Senator John Cornyn Inc., Alamo PAC (Sen. John Cornyn Leadership PAC), Conservative Majority Project Super PAC",2025-05-08,1500.00
DIAGEO NORTH AMERICA,Diageo North America Inc. Employees Political Participation Committee,Dan Newhouse,2025-05-08,1000.00
DIAGEO NORTH AMERICA,Diageo North America Inc. Employees Political Participation Committee,Brett Guthrie,2025-05-08,1500.00
DIAGEO NORTH AMERICA,Diageo North America Inc. Employees Political Participation Committee,Jimmy Panetta,2025-05-08,1000.00
DIAGEO NORTH AMERICA,Diageo North America Inc. Employees Political Participation Committee,"Joint Fundraising Committee of People for Ben, Democratic Party of New Mexico, Turquose PAC (Sen. Ben Lujan Leadership PAC) and DSCC",2025-05-08,1500.00
DIAGEO NORTH AMERICA,Diageo North America Inc. Employees Political Participation Committee,Angie Craig,2025-02-07,1000.00
DIAGEO NORTH AMERICA,Diageo North America Inc. Employees Political Participation Committee,Bill Cassidy,2025-03-12,2500.00
DIAGEO NORTH AMERICA,Diageo North America Inc. Employees Political Participation Committee,Shomari Figures,2025-03-12,1000.00
DIAGEO NORTH AMERICA,Diageo North America Inc. Employees Political Participation Committee,"Joint Fundraising Committee of Mike Crapo for Senate, Freedom Fund (Sen. Mike Crapo Leadership PAC) and NRSC",2025-02-07,5000.00
DIAGEO NORTH AMERICA,Diageo North America Inc. Employees Political Participation Committee,Democratic Congressional Campaign Committee,2025-02-07,2500.00
DIAGEO NORTH AMERICA,Diageo North America Inc. Employees Political Participation Committee,Suzan DelBene,2025-02-07,1000.00
DIAGEO NORTH AMERICA,Diageo North America Inc. Employees Political Participation Committee,Democratic Senatorial Campaign Committee,2025-02-07,2500.00
DIAGEO NORTH AMERICA,Diageo North America Inc. Employees Political Participation Committee,Rep. Stacey Plaskett Leadership PAC,2025-03-18,2500.00
DIAGEO NORTH AMERICA,Diageo North America Inc. Employees Political Participation Committee,Brett Guthrie,2025-03-12,1500.00
DIAGEO NORTH AMERICA,Diageo North America Inc. Employees Political Participation Committee,Jim Costa,2025-03-12,1000.00
DIAGEO NORTH AMERICA,Diageo North America Inc. Employees Political Participation Committee,Robin Kelly,2025-05-08,1000.00
DIAGEO NORTH AMERICA,Diageo North America Inc. Employees Political Participation Committee,Ron Estes,2025-05-08,1000.00
DIAGEO NORTH AMERICA,Diageo North America Inc. Employees Political Participation Committee,Shontel Brown,2025-05-08,1000.00
DIAGEO NORTH AMERICA,Diageo North America Inc. Employees Political Participation Committee,Stacey Plaskett,2025-05-08,1500.00
DIAGEO NORTH AMERICA,Diageo North America Inc. Employees Political Participation Committee,Morgan McGarvey,2025-02-24,426.61
DIAGEO NORTH AMERICA,Diageo North America Inc. Employees Political Participation Committee,President Donald Trump and President J.D. Vance,2025-01-10,125000.00
DIAGEO NORTH AMERICA,Diageo North America Inc. Employees Political Participation Committee,Multiple congressional staff associations participating in Diversity Across the Aisle event,2025-01-15,1000.00
DIAGEO NORTH AMERICA,Diageo North America Inc. Employees Political Participation Committee,President Donald Trump and Vice President J.D. Vance,2025-01-19,22922.00
DIAGEO NORTH AMERICA,Diageo North America Inc. Employees Political Participation Committee,Asian American and Native Hawaiian/Pacific Islander congressional staff,2025-02-12,1980.00
DIAGEO NORTH AMERICA,Diageo North America Inc. Employees Political Participation Committee,Senator Amy Klobuchar and Rep. John James,2025-06-03,5000.00
DIAGEO NORTH AMERICA,Diageo North America Inc. Employees Political Participation Committee,Senator Amy Klobuchar and Rep. John James,2025-06-03,3031.00
DIAGEO NORTH AMERICA,Diageo North America Inc. Employees Political Participation Committee,Board of Directors includes Rep. Grace Meng,2025-06-23,25000.00
DIAGEO NORTH AMERICA,Diageo North America Inc. Employees Political Participation Committee,Stephanie Bice,2025-06-04,1000.00
DIAGEO NORTH AMERICA,Diageo North America Inc. Employees Political Participation Committee,Bill Cassidy,2025-06-04,1000.00
DIAGEO NORTH AMERICA,Diageo North America Inc. Employees Political Participation Committee,Brian Jack,2025-06-04,1000.00
DIAGEO NORTH AMERICA,Diageo North America Inc. Employees Political Participation Committee,Susan Collins,2025-06-04,1000.00
DIAGEO NORTH AMERICA,Diageo North America Inc. Employees Political Participation Committee,Congressional Black Caucus,2025-06-04,2500.00
DIAGEO NORTH AMERICA,Diageo North America Inc. Employees Political Participation Committee,John Joyce,2025-06-04,1000.00
DIAGEO NORTH AMERICA,Diageo North America Inc. Employees Political Participation Committee,Brad Finstad,2025-06-04,1000.00
DIAGEO NORTH AMERICA,Diageo North America Inc. Employees Political Participation Committee,Darin LaHood,2025-06-04,1000.00
DIAGEO NORTH AMERICA,Diageo North America Inc. Employees Political Participation Committee,Mike Crapo,2025-06-04,1000.00
DIAGEO NORTH AMERICA,Diageo North America Inc. Employees Political Participation Committee,"Joint Fundraising Committee of NRSC, R Senate PAC (Sen. John Cornyn Leadership PAC), Texans for a Conservative Majority (Super PAC), Texans for Senator John Cornyn Inc., Alamo PAC (Sen. John Cornyn Leadership PAC), Conservative Majority Project Super PAC",2025-05-08,1500.00
DIAGEO NORTH AMERICA,Diageo North America Inc. Employees Political Participation Committee,Dan Newhouse,2025-05-08,1000.00
DIAGEO NORTH AMERICA,Diageo North America Inc. Employees Political Participation Committee,Brett Guthrie,2025-05-08,1500.00
DIAGEO NORTH AMERICA,Diageo North America Inc. Employees Political Participation Committee,Jimmy Panetta,2025-05-08,1000.00
DIAGEO NORTH AMERICA,Diageo North America Inc. Employees Political Participation Committee,"Joint Fundraising Committee of People for Ben, Democratic Party of New Mexico, Turquose PAC (Sen. Ben Lujan Leadership PAC) and DSCC",2025-05-08,1500.00
DIAGEO NORTH AMERICA,Diageo North America Inc. Employees Political Participation Committee,Angie Craig,2025-02-07,1000.00
DIAGEO NORTH AMERICA,Diageo North America Inc. Employees Political Participation Committee,Bill Cassidy,2025-03-12,2500.00
DIAGEO NORTH AMERICA,Diageo North America Inc. Employees Political Participation Committee,Shomari Figures,2025-03-12,1000.00
DIAGEO NORTH AMERICA,Diageo North America Inc. Employees Political Participation Committee,"Joint Fundraising Committee of Mike Crapo for Senate, Freedom Fund (Sen. Mike Crapo Leadership PAC) and NRSC",2025-02-07,5000.00
DIAGEO NORTH AMERICA,Diageo North America Inc. Employees Political Participation Committee,Democratic Congressional Campaign Committee,2025-02-07,2500.00
DIAGEO NORTH AMERICA,Diageo North America Inc. Employees Political Participation Committee,Suzan DelBene,2025-02-07,1000.00
DIAGEO NORTH AMERICA,Diageo North America Inc. Employees Political Participation Committee,Democratic Senatorial Campaign Committee,2025-02-07,2500.00
DIAGEO NORTH AMERICA,Diageo North America Inc. Employees Political Participation Committee,Rep. Stacey Plaskett Leadership PAC,2025-03-18,2500.00
DIAGEO NORTH AMERICA,Diageo North America Inc. Employees Political Participation Committee,Brett Guthrie,2025-03-12,1500.00
DIAGEO NORTH AMERICA,Diageo North America Inc. Employees Political Participation Committee,Jim Costa,2025-03-12,1000.00
DIAGEO NORTH AMERICA,Diageo North America Inc. Employees Political Participation Committee,Robin Kelly,2025-05-08,1000.00
DIAGEO NORTH AMERICA,Diageo North America Inc. Employees Political Participation Committee,Ron Estes,2025-05-08,1000.00
DIAGEO NORTH AMERICA,Diageo North America Inc. Employees Political Participation Committee,Shontel Brown,2025-05-08,1000.00
DIAGEO NORTH AMERICA,Diageo North America Inc. Employees Political Participation Committee,Stacey Plaskett,2025-05-08,1500.00
DIAGEO NORTH AMERICA,Diageo North America Inc. Employees Political Participation Committee,Morgan McGarvey,2025-02-24,426.61
DIAGEO NORTH AMERICA,Diageo North America Inc. Employees Political Participation Committee,President Donald Trump and President J.D. Vance,2025-01-10,125000.00
DIAGEO NORTH AMERICA,Diageo North America Inc. Employees Political Participation Committee,Multiple congressional staff associations participating in Diversity Across the Aisle event,2025-01-15,1000.00
DIAGEO NORTH AMERICA,Diageo North America Inc. Employees Political Participation Committee,President Donald Trump and Vice President J.D. Vance,2025-01-19,22922.00
DIAGEO NORTH AMERICA,Diageo North America Inc. Employees Political Participation Committee,Asian American and Native Hawaiian/Pacific Islander congressional staff,2025-02-12,1980.00
DIAGEO NORTH AMERICA,Diageo North America Inc. Employees Political Participation Committee,Senator Amy Klobuchar and Rep. John James,2025-06-03,5000.00
DIAGEO NORTH AMERICA,Diageo North America Inc. Employees Political Participation Committee,Senator Amy Klobuchar and Rep. John James,2025-06-03,3031.00
DIAGEO NORTH AMERICA,Diageo North America Inc. Employees Political Participation Committee,Board of Directors includes Rep. Grace Meng,2025-06-23,25000.00
DIAGEO NORTH AMERICA,Diageo North America Inc. Employees Political Participation Committee,Stephanie Bice,2025-06-04,1000.00
DIAGEO NORTH AMERICA,Diageo North America Inc. Employees Political Participation Committee,Bill Cassidy,2025-06-04,1000.00
DIAGEO NORTH AMERICA,Diageo North America Inc. Employees Political Participation Committee,Brian Jack,2025-06-04,1000.00
DIAGEO NORTH AMERICA,Diageo North America Inc. Employees Political Participation Committee,Susan Collins,2025-06-04,1000.00
DIAGEO NORTH AMERICA,Diageo North America Inc. Employees Political Participation Committee,Congressional Black Caucus,2025-06-04,2500.00
DIAGEO NORTH AMERICA,Diageo North America Inc. Employees Political Participation Committee,John Joyce,2025-06-04,1000.00
DIAGEO NORTH AMERICA,Diageo North America Inc. Employees Political Participation Committee,Brad Finstad,2025-06-04,1000.00
DIAGEO NORTH AMERICA,Diageo North America Inc. Employees Political Participation Committee,Darin LaHood,2025-06-04,1000.00
DIAGEO NORTH AMERICA,Diageo North America Inc. Employees Political Participation Committee,Mike Crapo,2025-06-04,1000.00
DIAGEO NORTH AMERICA,Diageo North America Inc. Employees Political Participation Committee,"Joint Fundraising Committee of NRSC, R Senate PAC (Sen. John Cornyn Leadership PAC), Texans for a Conservative Majority (Super PAC), Texans for Senator John Cornyn Inc., Alamo PAC (Sen. John Cornyn Leadership PAC), Conservative Majority Project Super PAC",2025-05-08,1500.00
DIAGEO NORTH AMERICA,Diageo North America Inc. Employees Political Participation Committee,Dan Newhouse,2025-05-08,1000.00
DIAGEO NORTH AMERICA,Diageo North America Inc. Employees Political Participation Committee,Brett Guthrie,2025-05-08,1500.00
DIAGEO NORTH AMERICA,Diageo North America Inc. Employees Political Participation Committee,Jimmy Panetta,2025-05-08,1000.00
DIAGEO NORTH AMERICA,Diageo North America Inc. Employees Political Participation Committee,"Joint Fundraising Committee of People for Ben, Democratic Party of New Mexico, Turquose PAC (Sen. Ben Lujan Leadership PAC) and DSCC",2025-05-08,1500.00
DIAGEO NORTH AMERICA,Diageo North America Inc. Employees Political Participation Committee,Angie Craig,2025-02-07,1000.00
DIAGEO NORTH AMERICA,Diageo North America Inc. Employees Political Participation Committee,Bill Cassidy,2025-03-12,2500.00
DIAGEO NORTH AMERICA,Diageo North America Inc. Employees Political Participation Committee,Shomari Figures,2025-03-12,1000.00
DIAGEO NORTH AMERICA,Diageo North America Inc. Employees Political Participation Committee,"Joint Fundraising Committee of Mike Crapo for Senate, Freedom Fund (Sen. Mike Crapo Leadership PAC) and NRSC",2025-02-07,5000.00
DIAGEO NORTH AMERICA,Diageo North America Inc. Employees Political Participation Committee,Democratic Congressional Campaign Committee,2025-02-07,2500.00
DIAGEO NORTH AMERICA,Diageo North America Inc. Employees Political Participation Committee,Suzan DelBene,2025-02-07,1000.00
DIAGEO NORTH AMERICA,Diageo North America Inc. Employees Political Participation Committee,Democratic Senatorial Campaign Committee,2025-02-07,2500.00
DIAGEO NORTH AMERICA,Diageo North America Inc. Employees Political Participation Committee,Rep. Stacey Plaskett Leadership PAC,2025-03-18,2500.00
DIAGEO NORTH AMERICA,Diageo North America Inc. Employees Political Participation Committee,Brett Guthrie,2025-03-12,1500.00
DIAGEO NORTH AMERICA,Diageo North America Inc. Employees Political Participation Committee,Jim Costa,2025-03-12,1000.00
DIAGEO NORTH AMERICA,Diageo North America Inc. Employees Political Participation Committee,Robin Kelly,2025-05-08,1000.00
DIAGEO NORTH AMERICA,Diageo North America Inc. Employees Political Participation Committee,Ron Estes,2025-05-08,1000.00
DIAGEO NORTH AMERICA,Diageo North America Inc. Employees Political Participation Committee,Shontel Brown,2025-05-08,1000.00
DIAGEO NORTH AMERICA,Diageo North America Inc. Employees Political Participation Committee,Stacey Plaskett,2025-05-08,1500.00
DIAGEO NORTH AMERICA,Diageo North America Inc. Employees Political Participation Committee,Morgan McGarvey,2025-02-24,426.61
DIAGEO NORTH AMERICA,Diageo North America Inc. Employees Political Participation Committee,President Donald Trump and President J.D. Vance,2025-01-10,125000.00
DIAGEO NORTH AMERICA,Diageo North America Inc. Employees Political Participation Committee,Multiple congressional staff associations participating in Diversity Across the Aisle event,2025-01-15,1000.00
DIAGEO NORTH AMERICA,Diageo North America Inc. Employees Political Participation Committee,President Donald Trump and Vice President J.D. Vance,2025-01-19,22922.00
DIAGEO NORTH AMERICA,Diageo North America Inc. Employees Political Participation Committee,Asian American and Native Hawaiian/Pacific Islander congressional staff,2025-02-12,1980.00
DIAGEO NORTH AMERICA,Diageo North America Inc. Employees Political Participation Committee,Senator Amy Klobuchar and Rep. John James,2025-06-03,5000.00
DIAGEO NORTH AMERICA,Diageo North America Inc. Employees Political Participation Committee,Senator Amy Klobuchar and Rep. John James,2025-06-03,3031.00
DIAGEO NORTH AMERICA,Diageo North America Inc. Employees Political Participation Committee,Board of Directors includes Rep. Grace Meng,2025-06-23,25000.00
DIAGEO NORTH AMERICA,Diageo North America Inc. Employees Political Participation Committee,Stephanie Bice,2025-06-04,1000.00
DIAGEO NORTH AMERICA,Diageo North America Inc. Employees Political Participation Committee,Bill Cassidy,2025-06-04,1000.00
DIAGEO NORTH AMERICA,Diageo North America Inc. Employees Political Participation Committee,Brian Jack,2025-06-04,1000.00
DIAGEO NORTH AMERICA,Diageo North America Inc. Employees Political Participation Committee,Susan Collins,2025-06-04,1000.00
DIAGEO NORTH AMERICA,Diageo North America Inc. Employees Political Participation Committee,Congressional Black Caucus,2025-06-04,2500.00
DIAGEO NORTH AMERICA,Diageo North America Inc. Employees Political Participation Committee,John Joyce,2025-06-04,1000.00
DIAGEO NORTH AMERICA,Diageo North America Inc. Employees Political Participation Committee,Brad Finstad,2025-06-04,1000.00
DIAGEO NORTH AMERICA,Diageo North America Inc. Employees Political Participation Committee,Darin LaHood,2025-06-04,1000.00
DIAGEO NORTH AMERICA,Diageo North America Inc. Employees Political Participation Committee,Mike Crapo,2025-06-04,1000.00
DIAGEO NORTH AMERICA,Diageo North America Inc. Employees Political Participation Committee,"Joint Fundraising Committee of NRSC, R Senate PAC (Sen. John Cornyn Leadership PAC), Texans for a Conservative Majority (Super PAC), Texans for Senator John Cornyn Inc., Alamo PAC (Sen. John Cornyn Leadership PAC), Conservative Majority Project Super PAC",2025-05-08,1500.00
DIAGEO NORTH AMERICA,Diageo North America Inc. Employees Political Participation Committee,Dan Newhouse,2025-05-08,1000.00
DIAGEO NORTH AMERICA,Diageo North America Inc. Employees Political Participation Committee,Brett Guthrie,2025-05-08,1500.00
DIAGEO NORTH AMERICA,Diageo North America Inc. Employees Political Participation Committee,Jimmy Panetta,2025-05-08,1000.00
DIAGEO NORTH AMERICA,Diageo North America Inc. Employees Political Participation Committee,"Joint Fundraising Committee of People for Ben, Democratic Party of New Mexico, Turquose PAC (Sen. Ben Lujan Leadership PAC) and DSCC",2025-05-08,1500.00
DIAGEO NORTH AMERICA,Diageo North America Inc. Employees Political Participation Committee,Angie Craig,2025-02-07,1000.00
DIAGEO NORTH AMERICA,Diageo North America Inc. Employees Political Participation Committee,Bill Cassidy,2025-03-12,2500.00
DIAGEO NORTH AMERICA,Diageo North America Inc. Employees Political Participation Committee,Shomari Figures,2025-03-12,1000.00
DIAGEO NORTH AMERICA,Diageo North America Inc. Employees Political Participation Committee,"Joint Fundraising Committee of Mike Crapo for Senate, Freedom Fund (Sen. Mike Crapo Leadership PAC) and NRSC",2025-02-07,5000.00
DIAGEO NORTH AMERICA,Diageo North America Inc. Employees Political Participation Committee,Democratic Congressional Campaign Committee,2025-02-07,2500.00
DIAGEO NORTH AMERICA,Diageo North America Inc. Employees Political Participation Committee,Suzan DelBene,2025-02-07,1000.00
DIAGEO NORTH AMERICA,Diageo North America Inc. Employees Political Participation Committee,Democratic Senatorial Campaign Committee,2025-02-07,2500.00
DIAGEO NORTH AMERICA,Diageo North America Inc. Employees Political Participation Committee,Rep. Stacey Plaskett Leadership PAC,2025-03-18,2500.00
DIAGEO NORTH AMERICA,Diageo North America Inc. Employees Political Participation Committee,Brett Guthrie,2025-03-12,1500.00
DIAGEO NORTH AMERICA,Diageo North America Inc. Employees Political Participation Committee,Jim Costa,2025-03-12,1000.00
DIAGEO NORTH AMERICA,Diageo North America Inc. Employees Political Participation Committee,Robin Kelly,2025-05-08,1000.00
DIAGEO NORTH AMERICA,Diageo North America Inc. Employees Political Participation Committee,Ron Estes,2025-05-08,1000.00
DIAGEO NORTH AMERICA,Diageo North America Inc. Employees Political Participation Committee,Shontel Brown,2025-05-08,1000.00
DIAGEO NORTH AMERICA,Diageo North America Inc. Employees Political Participation Committee,Stacey Plaskett,2025-05-08,1500.00
DIAGEO NORTH AMERICA,Diageo North America Inc. Employees Political Participation Committee,Morgan McGarvey,2025-02-24,426.61
DIAGEO NORTH AMERICA,Diageo North America Inc. Employees Political Participation Committee,President Donald Trump and President J.D. Vance,2025-01-10,125000.00
DIAGEO NORTH AMERICA,Diageo North America Inc. Employees Political Participation Committee,Multiple congressional staff associations participating in Diversity Across the Aisle event,2025-01-15,1000.00
DIAGEO NORTH AMERICA,Diageo North America Inc. Employees Political Participation Committee,President Donald Trump and Vice President J.D. Vance,2025-01-19,22922.00
DIAGEO NORTH AMERICA,Diageo North America Inc. Employees Political Participation Committee,Asian American and Native Hawaiian/Pacific Islander congressional staff,2025-02-12,1980.00
DIAGEO NORTH AMERICA,Diageo North America Inc. Employees Political Participation Committee,Senator Amy Klobuchar and Rep. John James,2025-06-03,5000.00
DIAGEO NORTH AMERICA,Diageo North America Inc. Employees Political Participation Committee,Senator Amy Klobuchar and Rep. John James,2025-06-03,3031.00
DIAGEO NORTH AMERICA,Diageo North America Inc. Employees Political Participation Committee,Board of Directors includes Rep. Grace Meng,2025-06-23,25000.00
DIAGEO NORTH AMERICA,Diageo North America Inc. Employees Political Participation Committee,Stephanie Bice,2025-06-04,1000.00
DIAGEO NORTH AMERICA,Diageo North America Inc. Employees Political Participation Committee,Bill Cassidy,2025-06-04,1000.00
DIAGEO NORTH AMERICA,Diageo North America Inc. Employees Political Participation Committee,Brian Jack,2025-06-04,1000.00
DIAGEO NORTH AMERICA,Diageo North America Inc. Employees Political Participation Committee,Susan Collins,2025-06-04,1000.00
DIAGEO NORTH AMERICA,Diageo North America Inc. Employees Political Participation Committee,Congressional Black Caucus,2025-06-04,2500.00
DIAGEO NORTH AMERICA,Diageo North America Inc. Employees Political Participation Committee,John Joyce,2025-06-04,1000.00
DIAGEO NORTH AMERICA,Diageo North America Inc. Employees Political Participation Committee,Brad Finstad,2025-06-04,1000.00
DIAGEO NORTH AMERICA,Diageo North America Inc. Employees Political Participation Committee,Darin LaHood,2025-06-04,1000.00
DIAGEO NORTH AMERICA,Diageo North America Inc. Employees Political Participation Committee,Mike Crapo,2025-06-04,1000.00
DIAGEO NORTH AMERICA,Diageo North America Inc. Employees Political Participation Committee,"Joint Fundraising Committee of NRSC, R Senate PAC (Sen. John Cornyn Leadership PAC), Texans for a Conservative Majority (Super PAC), Texans for Senator John Cornyn Inc., Alamo PAC (Sen. John Cornyn Leadership PAC), Conservative Majority Project Super PAC",2025-05-08,1500.00
DIAGEO NORTH AMERICA,Diageo North America Inc. Employees Political Participation Committee,Dan Newhouse,2025-05-08,1000.00
DIAGEO NORTH AMERICA,Diageo North America Inc. Employees Political Participation Committee,Brett Guthrie,2025-05-08,1500.00
DIAGEO NORTH AMERICA,Diageo North America Inc. Employees Political Participation Committee,Jimmy Panetta,2025-05-08,1000.00
DIAGEO NORTH AMERICA,Diageo North America Inc. Employees Political Participation Committee,"Joint Fundraising Committee of People for Ben, Democratic Party of New Mexico, Turquose PAC (Sen. Ben Lujan Leadership PAC) and DSCC",2025-05-08,1500.00
DIAGEO NORTH AMERICA,Diageo North America Inc. Employees Political Participation Committee,Angie Craig,2025-02-07,1000.00
DIAGEO NORTH AMERICA,Diageo North America Inc. Employees Political Participation Committee,Bill Cassidy,2025-03-12,2500.00
DIAGEO NORTH AMERICA,Diageo North America Inc. Employees Political Participation Committee,Shomari Figures,2025-03-12,1000.00
DIAGEO NORTH AMERICA,Diageo North America Inc. Employees Political Participation Committee,"Joint Fundraising Committee of Mike Crapo for Senate, Freedom Fund (Sen. Mike Crapo Leadership PAC) and NRSC",2025-02-07,5000.00
DIAGEO NORTH AMERICA,Diageo North America Inc. Employees Political Participation Committee,Democratic Congressional Campaign Committee,2025-02-07,2500.00
DIAGEO NORTH AMERICA,Diageo North America Inc. Employees Political Participation Committee,Suzan DelBene,2025-02-07,1000.00
DIAGEO NORTH AMERICA,Diageo North America Inc. Employees Political Participation Committee,Democratic Senatorial Campaign Committee,2025-02-07,2500.00
DIAGEO NORTH AMERICA,Diageo North America Inc. Employees Political Participation Committee,Rep. Stacey Plaskett Leadership PAC,2025-03-18,2500.00
DIAGEO NORTH AMERICA,Diageo North America Inc. Employees Political Participation Committee,Brett Guthrie,2025-03-12,1500.00
DIAGEO NORTH AMERICA,Diageo North America Inc. Employees Political Participation Committee,Jim Costa,2025-03-12,1000.00
DIAGEO NORTH AMERICA,Diageo North America Inc. Employees Political Participation Committee,Robin Kelly,2025-05-08,1000.00
DIAGEO NORTH AMERICA,Diageo North America Inc. Employees Political Participation Committee,Ron Estes,2025-05-08,1000.00
DIAGEO NORTH AMERICA,Diageo North America Inc. Employees Political Participation Committee,Shontel Brown,2025-05-08,1000.00
DIAGEO NORTH AMERICA,Diageo North America Inc. Employees Political Participation Committee,Stacey Plaskett,2025-05-08,1500.00
DIAGEO NORTH AMERICA,Diageo North America Inc. Employees Political Participation Committee,Morgan McGarvey,2025-02-24,426.61
DIAGEO NORTH AMERICA,Diageo North America Inc. Employees Political Participation Committee,President Donald Trump and President J.D. Vance,2025-01-10,125000.00
DIAGEO NORTH AMERICA,Diageo North America Inc. Employees Political Participation Committee,Multiple congressional staff associations participating in Diversity Across the Aisle event,2025-01-15,1000.00
DIAGEO NORTH AMERICA,Diageo North America Inc. Employees Political Participation Committee,President Donald Trump and Vice President J.D. Vance,2025-01-19,22922.00
DIAGEO NORTH AMERICA,Diageo North America Inc. Employees Political Participation Committee,Asian American and Native Hawaiian/Pacific Islander congressional staff,2025-02-12,1980.00
DIAGEO NORTH AMERICA,Diageo North America Inc. Employees Political Participation Committee,Senator Amy Klobuchar and Rep. John James,2025-06-03,5000.00
DIAGEO NORTH AMERICA,Diageo North America Inc. Employees Political Participation Committee,Senator Amy Klobuchar and Rep. John James,2025-06-03,3031.00
DIAGEO NORTH AMERICA,Diageo North America Inc. Employees Political Participation Committee,Board of Directors includes Rep. Grace Meng,2025-06-23,25000.00
DIAGEO NORTH AMERICA,Diageo North America Inc. Employees Political Participation Committee,Stephanie Bice,2025-06-04,1000.00
DIAGEO NORTH AMERICA,Diageo North America Inc. Employees Political Participation Committee,Bill Cassidy,2025-06-04,1000.00
DIAGEO NORTH AMERICA,Diageo North America Inc. Employees Political Participation Committee,Brian Jack,2025-06-04,1000.00
DIAGEO NORTH AMERICA,Diageo North America Inc. Employees Political Participation Committee,Susan Collins,2025-06-04,1000.00
DIAGEO NORTH AMERICA,Diageo North America Inc. Employees Political Participation Committee,Congressional Black Caucus,2025-06-04,2500.00
DIAGEO NORTH AMERICA,Diageo North America Inc. Employees Political Participation Committee,John Joyce,2025-06-04,1000.00
DIAGEO NORTH AMERICA,Diageo North America Inc. Employees Political Participation Committee,Brad Finstad,2025-06-04,1000.00
DIAGEO NORTH AMERICA,Diageo North America Inc. Employees Political Participation Committee,Darin LaHood,2025-06-04,1000.00
DIAGEO NORTH AMERICA,Diageo North America Inc. Employees Political Participation Committee,Mike Crapo,2025-06-04,1000.00
DIAGEO NORTH AMERICA,Diageo North America Inc. Employees Political Participation Committee,"Joint Fundraising Committee of NRSC, R Senate PAC (Sen. John Cornyn Leadership PAC), Texans for a Conservative Majority (Super PAC), Texans for Senator John Cornyn Inc., Alamo PAC (Sen. John Cornyn Leadership PAC), Conservative Majority Project Super PAC",2025-05-08,1500.00
DIAGEO NORTH AMERICA,Diageo North America Inc. Employees Political Participation Committee,Dan Newhouse,2025-05-08,1000.00
DIAGEO NORTH AMERICA,Diageo North America Inc. Employees Political Participation Committee,Brett Guthrie,2025-05-08,1500.00
DIAGEO NORTH AMERICA,Diageo North America Inc. Employees Political Participation Committee,Jimmy Panetta,2025-05-08,1000.00
DIAGEO NORTH AMERICA,Diageo North America Inc. Employees Political Participation Committee,"Joint Fundraising Committee of People for Ben, Democratic Party of New Mexico, Turquose PAC (Sen. Ben Lujan Leadership PAC) and DSCC",2025-05-08,1500.00
DIAGEO NORTH AMERICA,Diageo North America Inc. Employees Political Participation Committee,Angie Craig,2025-02-07,1000.00
DIAGEO NORTH AMERICA,Diageo North America Inc. Employees Political Participation Committee,Bill Cassidy,2025-03-12,2500.00
DIAGEO NORTH AMERICA,Diageo North America Inc. Employees Political Participation Committee,Shomari Figures,2025-03-12,1000.00
DIAGEO NORTH AMERICA,Diageo North America Inc. Employees Political Participation Committee,"Joint Fundraising Committee of Mike Crapo for Senate, Freedom Fund (Sen. Mike Crapo Leadership PAC) and NRSC",2025-02-07,5000.00
DIAGEO NORTH AMERICA,Diageo North America Inc. Employees Political Participation Committee,Democratic Congressional Campaign Committee,2025-02-07,2500.00
DIAGEO NORTH AMERICA,Diageo North America Inc. Employees Political Participation Committee,Suzan DelBene,2025-02-07,1000.00
DIAGEO NORTH AMERICA,Diageo North America Inc. Employees Political Participation Committee,Democratic Senatorial Campaign Committee,2025-02-07,2500.00
DIAGEO NORTH AMERICA,Diageo North America Inc. Employees Political Participation Committee,Rep. Stacey Plaskett Leadership PAC,2025-03-18,2500.00
DIAGEO NORTH AMERICA,Diageo North America Inc. Employees Political Participation Committee,Brett Guthrie,2025-03-12,1500.00
DIAGEO NORTH AMERICA,Diageo North America Inc. Employees Political Participation Committee,Jim Costa,2025-03-12,1000.00
DIAGEO NORTH AMERICA,Diageo North America Inc. Employees Political Participation Committee,Robin Kelly,2025-05-08,1000.00
DIAGEO NORTH AMERICA,Diageo North America Inc. Employees Political Participation Committee,Ron Estes,2025-05-08,1000.00
DIAGEO NORTH AMERICA,Diageo North America Inc. Employees Political Participation Committee,Shontel Brown,2025-05-08,1000.00
DIAGEO NORTH AMERICA,Diageo North America Inc. Employees Political Participation Committee,Stacey Plaskett,2025-05-08,1500.00
DIAGEO NORTH AMERICA,Diageo North America Inc. Employees Political Participation Committee,Morgan McGarvey,2025-02-24,426.61
DIAGEO NORTH AMERICA,Diageo North America Inc. Employees Political Participation Committee,President Donald Trump and President J.D. Vance,2025-01-10,125000.00
DIAGEO NORTH AMERICA,Diageo North America Inc. Employees Political Participation Committee,Multiple congressional staff associations participating in Diversity Across the Aisle event,2025-01-15,1000.00
DIAGEO NORTH AMERICA,Diageo North America Inc. Employees Political Participation Committee,President Donald Trump and Vice President J.D. Vance,2025-01-19,22922.00
DIAGEO NORTH AMERICA,Diageo North America Inc. Employees Political Participation Committee,Asian American and Native Hawaiian/Pacific Islander congressional staff,2025-02-12,1980.00
DIAGEO NORTH AMERICA,Diageo North America Inc. Employees Political Participation Committee,Senator Amy Klobuchar and Rep. John James,2025-06-03,5000.00
DIAGEO NORTH AMERICA,Diageo North America Inc. Employees Political Participation Committee,Senator Amy Klobuchar and Rep. John James,2025-06-03,3031.00
DIAGEO NORTH AMERICA,Diageo North America Inc. Employees Political Participation Committee,Board of Directors includes Rep. Grace Meng,2025-06-23,25000.00
DIAGEO NORTH AMERICA,Diageo North America Inc. Employees Political Participation Committee,Stephanie Bice,2025-06-04,1000.00
DIAGEO NORTH AMERICA,Diageo North America Inc. Employees Political Participation Committee,Bill Cassidy,2025-06-04,1000.00
DIAGEO NORTH AMERICA,Diageo North America Inc. Employees Political Participation Committee,Brian Jack,2025-06-04,1000.00
DIAGEO NORTH AMERICA,Diageo North America Inc. Employees Political Participation Committee,Susan Collins,2025-06-04,1000.00
DIAGEO NORTH AMERICA,Diageo North America Inc. Employees Political Participation Committee,Congressional Black Caucus,2025-06-04,2500.00
DIAGEO NORTH AMERICA,Diageo North America Inc. Employees Political Participation Committee,John Joyce,2025-06-04,1000.00
DIAGEO NORTH AMERICA,Diageo North America Inc. Employees Political Participation Committee,Brad Finstad,2025-06-04,1000.00
DIAGEO NORTH AMERICA,Diageo North America Inc. Employees Political Participation Committee,Darin LaHood,2025-06-04,1000.00
DIAGEO NORTH AMERICA,Diageo North America Inc. Employees Political Participation Committee,Mike Crapo,2025-06-04,1000.00
DIAGEO NORTH AMERICA,Diageo North America Inc. Employees Political Participation Committee,"Joint Fundraising Committee of NRSC, R Senate PAC (Sen. John Cornyn Leadership PAC), Texans for a Conservative Majority (Super PAC), Texans for Senator John Cornyn Inc., Alamo PAC (Sen. John Cornyn Leadership PAC), Conservative Majority Project Super PAC",2025-05-08,1500.00
DIAGEO NORTH AMERICA,Diageo North America Inc. Employees Political Participation Committee,Dan Newhouse,2025-05-08,1000.00
DIAGEO NORTH AMERICA,Diageo North America Inc. Employees Political Participation Committee,Brett Guthrie,2025-05-08,1500.00
DIAGEO NORTH AMERICA,Diageo North America Inc. Employees Political Participation Committee,Jimmy Panetta,2025-05-08,1000.00
DIAGEO NORTH AMERICA,Diageo North America Inc. Employees Political Participation Committee,"Joint Fundraising Committee of People for Ben, Democratic Party of New Mexico, Turquose PAC (Sen. Ben Lujan Leadership PAC) and DSCC",2025-05-08,1500.00
DIAGEO NORTH AMERICA,Diageo North America Inc. Employees Political Participation Committee,Angie Craig,2025-02-07,1000.00
DIAGEO NORTH AMERICA,Diageo North America Inc. Employees Political Participation Committee,Bill Cassidy,2025-03-12,2500.00
DIAGEO NORTH AMERICA,Diageo North America Inc. Employees Political Participation Committee,Shomari Figures,2025-03-12,1000.00
DIAGEO NORTH AMERICA,Diageo North America Inc. Employees Political Participation Committee,"Joint Fundraising Committee of Mike Crapo for Senate, Freedom Fund (Sen. Mike Crapo Leadership PAC) and NRSC",2025-02-07,5000.00
DIAGEO NORTH AMERICA,Diageo North America Inc. Employees Political Participation Committee,Democratic Congressional Campaign Committee,2025-02-07,2500.00
DIAGEO NORTH AMERICA,Diageo North America Inc. Employees Political Participation Committee,Suzan DelBene,2025-02-07,1000.00
DIAGEO NORTH AMERICA,Diageo North America Inc. Employees Political Participation Committee,Democratic Senatorial Campaign Committee,2025-02-07,2500.00
DIAGEO NORTH AMERICA,Diageo North America Inc. Employees Political Participation Committee,Rep. Stacey Plaskett Leadership PAC,2025-03-18,2500.00
DIAGEO NORTH AMERICA,Diageo North America Inc. Employees Political Participation Committee,Brett Guthrie,2025-03-12,1500.00
DIAGEO NORTH AMERICA,Diageo North America Inc. Employees Political Participation Committee,Jim Costa,2025-03-12,1000.00
DIAGEO NORTH AMERICA,Diageo North America Inc. Employees Political Participation Committee,Robin Kelly,2025-05-08,1000.00
DIAGEO NORTH AMERICA,Diageo North America Inc. Employees Political Participation Committee,Ron Estes,2025-05-08,1000.00
DIAGEO NORTH AMERICA,Diageo North America Inc. Employees Political Participation Committee,Shontel Brown,2025-05-08,1000.00
DIAGEO NORTH AMERICA,Diageo North America Inc. Employees Political Participation Committee,Stacey Plaskett,2025-05-08,1500.00
DIAGEO NORTH AMERICA,Diageo North America Inc. Employees Political Participation Committee,Morgan McGarvey,2025-02-24,426.61
DIAGEO NORTH AMERICA,Diageo North America Inc. Employees Political Participation Committee,President Donald Trump and President J.D. Vance,2025-01-10,125000.00
DIAGEO NORTH AMERICA,Diageo North America Inc. Employees Political Participation Committee,Multiple congressional staff associations participating in Diversity Across the Aisle event,2025-01-15,1000.00
DIAGEO NORTH AMERICA,Diageo North America Inc. Employees Political Participation Committee,President Donald Trump and Vice President J.D. Vance,2025-01-19,22922.00
DIAGEO NORTH AMERICA,Diageo North America Inc. Employees Political Participation Committee,Asian American and Native Hawaiian/Pacific Islander congressional staff,2025-02-12,1980.00
DIAGEO NORTH AMERICA,Diageo North America Inc. Employees Political Participation Committee,Senator Amy Klobuchar and Rep. John James,2025-06-03,5000.00
DIAGEO NORTH AMERICA,Diageo North America Inc. Employees Political Participation Committee,Senator Amy Klobuchar and Rep. John James,2025-06-03,3031.00
DIAGEO NORTH AMERICA,Diageo North America Inc. Employees Political Participation Committee,Board of Directors includes Rep. Grace Meng,2025-06-23,25000.00
DIAGEO NORTH AMERICA,Diageo North America Inc. Employees Political Participation Committee,Stephanie Bice,2025-06-04,1000.00
DIAGEO NORTH AMERICA,Diageo North America Inc. Employees Political Participation Committee,Bill Cassidy,2025-06-04,1000.00
DIAGEO NORTH AMERICA,Diageo North America Inc. Employees Political Participation Committee,Brian Jack,2025-06-04,1000.00
DIAGEO NORTH AMERICA,Diageo North America Inc. Employees Political Participation Committee,Susan Collins,2025-06-04,1000.00
DIAGEO NORTH AMERICA,Diageo North America Inc. Employees Political Participation Committee,Congressional Black Caucus,2025-06-04,2500.00
DIAGEO NORTH AMERICA,Diageo North America Inc. Employees Political Participation Committee,John Joyce,2025-06-04,1000.00
DIAGEO NORTH AMERICA,Diageo North America Inc. Employees Political Participation Committee,Brad Finstad,2025-06-04,1000.00
DIAGEO NORTH AMERICA,Diageo North America Inc. Employees Political Participation Committee,Darin LaHood,2025-06-04,1000.00
DIAGEO NORTH AMERICA,Diageo North America Inc. Employees Political Participation Committee,Mike Crapo,2025-06-04,1000.00
DIAGEO NORTH AMERICA,Diageo North America Inc. Employees Political Participation Committee,"Joint Fundraising Committee of NRSC, R Senate PAC (Sen. John Cornyn Leadership PAC), Texans for a Conservative Majority (Super PAC), Texans for Senator John Cornyn Inc., Alamo PAC (Sen. John Cornyn Leadership PAC), Conservative Majority Project Super PAC",2025-05-08,1500.00
DIAGEO NORTH AMERICA,Diageo North America Inc. Employees Political Participation Committee,Dan Newhouse,2025-05-08,1000.00
DIAGEO NORTH AMERICA,Diageo North America Inc. Employees Political Participation Committee,Brett Guthrie,2025-05-08,1500.00
DIAGEO NORTH AMERICA,Diageo North America Inc. Employees Political Participation Committee,Jimmy Panetta,2025-05-08,1000.00
DIAGEO NORTH AMERICA,Diageo North America Inc. Employees Political Participation Committee,"Joint Fundraising Committee of People for Ben, Democratic Party of New Mexico, Turquose PAC (Sen. Ben Lujan Leadership PAC) and DSCC",2025-05-08,1500.00
DIAGEO NORTH AMERICA,Diageo North America Inc. Employees Political Participation Committee,Angie Craig,2025-02-07,1000.00
DIAGEO NORTH AMERICA,Diageo North America Inc. Employees Political Participation Committee,Bill Cassidy,2025-03-12,2500.00
DIAGEO NORTH AMERICA,Diageo North America Inc. Employees Political Participation Committee,Shomari Figures,2025-03-12,1000.00
DIAGEO NORTH AMERICA,Diageo North America Inc. Employees Political Participation Committee,"Joint Fundraising Committee of Mike Crapo for Senate, Freedom Fund (Sen. Mike Crapo Leadership PAC) and NRSC",2025-02-07,5000.00
DIAGEO NORTH AMERICA,Diageo North America Inc. Employees Political Participation Committee,Democratic Congressional Campaign Committee,2025-02-07,2500.00
DIAGEO NORTH AMERICA,Diageo North America Inc. Employees Political Participation Committee,Suzan DelBene,2025-02-07,1000.00
DIAGEO NORTH AMERICA,Diageo North America Inc. Employees Political Participation Committee,Democratic Senatorial Campaign Committee,2025-02-07,2500.00
DIAGEO NORTH AMERICA,Diageo North America Inc. Employees Political Participation Committee,Rep. Stacey Plaskett Leadership PAC,2025-03-18,2500.00
DIAGEO NORTH AMERICA,Diageo North America Inc. Employees Political Participation Committee,Brett Guthrie,2025-03-12,1500.00
DIAGEO NORTH AMERICA,Diageo North America Inc. Employees Political Participation Committee,Jim Costa,2025-03-12,1000.00
DIAGEO NORTH AMERICA,Diageo North America Inc. Employees Political Participation Committee,Robin Kelly,2025-05-08,1000.00
DIAGEO NORTH AMERICA,Diageo North America Inc. Employees Political Participation Committee,Ron Estes,2025-05-08,1000.00
DIAGEO NORTH AMERICA,Diageo North America Inc. Employees Political Participation Committee,Shontel Brown,2025-05-08,1000.00
DIAGEO NORTH AMERICA,Diageo North America Inc. Employees Political Participation Committee,Stacey Plaskett,2025-05-08,1500.00
DIAGEO NORTH AMERICA,Diageo North America Inc. Employees Political Participation Committee,Morgan McGarvey,2025-02-24,426.61
DIAGEO NORTH AMERICA,Diageo North America Inc. Employees Political Participation Committee,President Donald Trump and President J.D. Vance,2025-01-10,125000.00
DIAGEO NORTH AMERICA,Diageo North America Inc. Employees Political Participation Committee,Multiple congressional staff associations participating in Diversity Across the Aisle event,2025-01-15,1000.00
DIAGEO NORTH AMERICA,Diageo North America Inc. Employees Political Participation Committee,President Donald Trump and Vice President J.D. Vance,2025-01-19,22922.00
DIAGEO NORTH AMERICA,Diageo North America Inc. Employees Political Participation Committee,Asian American and Native Hawaiian/Pacific Islander congressional staff,2025-02-12,1980.00
DIAGEO NORTH AMERICA,Diageo North America Inc. Employees Political Participation Committee,Senator Amy Klobuchar and Rep. John James,2025-06-03,5000.00
DIAGEO NORTH AMERICA,Diageo North America Inc. Employees Political Participation Committee,Senator Amy Klobuchar and Rep. John James,2025-06-03,3031.00
DIAGEO NORTH AMERICA,Diageo North America Inc. Employees Political Participation Committee,Board of Directors includes Rep. Grace Meng,2025-06-23,25000.00
DIAGEO NORTH AMERICA,Diageo North America Inc. Employees Political Participation Committee,Stephanie Bice,2025-06-04,1000.00
DIAGEO NORTH AMERICA,Diageo North America Inc. Employees Political Participation Committee,Bill Cassidy,2025-06-04,1000.00
DIAGEO NORTH AMERICA,Diageo North America Inc. Employees Political Participation Committee,Brian Jack,2025-06-04,1000.00
DIAGEO NORTH AMERICA,Diageo North America Inc. Employees Political Participation Committee,Susan Collins,2025-06-04,1000.00
DIAGEO NORTH AMERICA,Diageo North America Inc. Employees Political Participation Committee,Congressional Black Caucus,2025-06-04,2500.00
DIAGEO NORTH AMERICA,Diageo North America Inc. Employees Political Participation Committee,John Joyce,2025-06-04,1000.00
DIAGEO NORTH AMERICA,Diageo North America Inc. Employees Political Participation Committee,Brad Finstad,2025-06-04,1000.00
DIAGEO NORTH AMERICA,Diageo North America Inc. Employees Political Participation Committee,Darin LaHood,2025-06-04,1000.00
DIAGEO NORTH AMERICA,Diageo North America Inc. Employees Political Participation Committee,Mike Crapo,2025-06-04,1000.00
DIAGEO NORTH AMERICA,Diageo North America Inc. Employees Political Participation Committee,"Joint Fundraising Committee of NRSC, R Senate PAC (Sen. John Cornyn Leadership PAC), Texans for a Conservative Majority (Super PAC), Texans for Senator John Cornyn Inc., Alamo PAC (Sen. John Cornyn Leadership PAC), Conservative Majority Project Super PAC",2025-05-08,1500.00
DIAGEO NORTH AMERICA,Diageo North America Inc. Employees Political Participation Committee,Dan Newhouse,2025-05-08,1000.00
DIAGEO NORTH AMERICA,Diageo North America Inc. Employees Political Participation Committee,Brett Guthrie,2025-05-08,1500.00
DIAGEO NORTH AMERICA,Diageo North America Inc. Employees Political Participation Committee,Jimmy Panetta,2025-05-08,1000.00
DIAGEO NORTH AMERICA,Diageo North America Inc. Employees Political Participation Committee,"Joint Fundraising Committee of People for Ben, Democratic Party of New Mexico, Turquose PAC (Sen. Ben Lujan Leadership PAC) and DSCC",2025-05-08,1500.00
DIAGEO NORTH AMERICA,Diageo North America Inc. Employees Political Participation Committee,Angie Craig,2025-02-07,1000.00
DIAGEO NORTH AMERICA,Diageo North America Inc. Employees Political Participation Committee,Bill Cassidy,2025-03-12,2500.00
DIAGEO NORTH AMERICA,Diageo North America Inc. Employees Political Participation Committee,Shomari Figures,2025-03-12,1000.00
DIAGEO NORTH AMERICA,Diageo North America Inc. Employees Political Participation Committee,"Joint Fundraising Committee of Mike Crapo for Senate, Freedom Fund (Sen. Mike Crapo Leadership PAC) and NRSC",2025-02-07,5000.00
DIAGEO NORTH AMERICA,Diageo North America Inc. Employees Political Participation Committee,Democratic Congressional Campaign Committee,2025-02-07,2500.00
DIAGEO NORTH AMERICA,Diageo North America Inc. Employees Political Participation Committee,Suzan DelBene,2025-02-07,1000.00
DIAGEO NORTH AMERICA,Diageo North America Inc. Employees Political Participation Committee,Democratic Senatorial Campaign Committee,2025-02-07,2500.00
DIAGEO NORTH AMERICA,Diageo North America Inc. Employees Political Participation Committee,Rep. Stacey Plaskett Leadership PAC,2025-03-18,2500.00
DIAGEO NORTH AMERICA,Diageo North America Inc. Employees Political Participation Committee,Brett Guthrie,2025-03-12,1500.00
DIAGEO NORTH AMERICA,Diageo North America Inc. Employees Political Participation Committee,Jim Costa,2025-03-12,1000.00
DIAGEO NORTH AMERICA,Diageo North America Inc. Employees Political Participation Committee,Robin Kelly,2025-05-08,1000.00
DIAGEO NORTH AMERICA,Diageo North America Inc. Employees Political Participation Committee,Ron Estes,2025-05-08,1000.00
DIAGEO NORTH AMERICA,Diageo North America Inc. Employees Political Participation Committee,Shontel Brown,2025-05-08,1000.00
DIAGEO NORTH AMERICA,Diageo North America Inc. Employees Political Participation Committee,Stacey Plaskett,2025-05-08,1500.00
DIAGEO NORTH AMERICA,Diageo North America Inc. Employees Political Participation Committee,Morgan McGarvey,2025-02-24,426.61
DIAGEO NORTH AMERICA,Diageo North America Inc. Employees Political Participation Committee,President Donald Trump and President J.D. Vance,2025-01-10,125000.00
DIAGEO NORTH AMERICA,Diageo North America Inc. Employees Political Participation Committee,Multiple congressional staff associations participating in Diversity Across the Aisle event,2025-01-15,1000.00
DIAGEO NORTH AMERICA,Diageo North America Inc. Employees Political Participation Committee,President Donald Trump and Vice President J.D. Vance,2025-01-19,22922.00
DIAGEO NORTH AMERICA,Diageo North America Inc. Employees Political Participation Committee,Asian American and Native Hawaiian/Pacific Islander congressional staff,2025-02-12,1980.00
DIAGEO NORTH AMERICA,Diageo North America Inc. Employees Political Participation Committee,Senator Amy Klobuchar and Rep. John James,2025-06-03,5000.00
DIAGEO NORTH AMERICA,Diageo North America Inc. Employees Political Participation Committee,Senator Amy Klobuchar and Rep. John James,2025-06-03,3031.00
DIAGEO NORTH AMERICA,Diageo North America Inc. Employees Political Participation Committee,Board of Directors includes Rep. Grace Meng,2025-06-23,25000.00
TIBER CREEK GROUP,,150PAC.org,2025-02-10,500.00
TIBER CREEK GROUP,,DCCC,2025-02-10,1000.00
TIBER CREEK GROUP,,DSCC,2025-03-05,1000.00
TIBER CREEK GROUP,,Mark Warner,2025-03-25,500.00
TIBER CREEK GROUP,,Scott Peters,2025-04-09,500.00
TIBER CREEK GROUP,,DSCC,2025-05-19,4000.00
TIBER CREEK GROUP,,NJ Dem State Committee - Victory Federal 2026,2025-06-13,500.00
TIBER CREEK GROUP,,Drew Warshaw,2025-06-15,200.00
TIBER CREEK GROUP,,Jack Reed,2025-06-16,500.00
TIBER CREEK GROUP,,150PAC.org,2025-02-10,500.00
TIBER CREEK GROUP,,DCCC,2025-02-10,1000.00
TIBER CREEK GROUP,,DSCC,2025-03-05,1000.00
TIBER CREEK GROUP,,Mark Warner,2025-03-25,500.00
TIBER CREEK GROUP,,Scott Peters,2025-04-09,500.00
TIBER CREEK GROUP,,DSCC,2025-05-19,4000.00
TIBER CREEK GROUP,,NJ Dem State Committee - Victory Federal 2026,2025-06-13,500.00
TIBER CREEK GROUP,,Drew Warshaw,2025-06-15,200.00
TIBER CREEK GROUP,,Jack Reed,2025-06-16,500.00
GRUBHUB HOLDINGS INC.,,National Republican Senatorial Committee,2025-01-27,1033.06
VANTOR PARENT INC (FORMERLY REPORTED AS MAXAR INTELLIGENCE),Maxar Technologies Inc. PAC,Rep. Jeff Crank,2025-03-18,1000.00
VANTOR PARENT INC (FORMERLY REPORTED AS MAXAR INTELLIGENCE),Maxar Technologies Inc. PAC,Sen. Mark Warner,2025-01-17,1000.00
VANTOR PARENT INC (FORMERLY REPORTED AS MAXAR INTELLIGENCE),Maxar Technologies Inc. PAC,Rep. Jim Himes,2025-01-17,1000.00
VANTOR PARENT INC (FORMERLY REPORTED AS MAXAR INTELLIGENCE),Maxar Technologies Inc. PAC,Rep. Seth Moulton,2025-01-17,1000.00
VANTOR PARENT INC (FORMERLY REPORTED AS MAXAR INTELLIGENCE),Maxar Technologies Inc. PAC,Rep. Rick Crawford,2025-03-14,1000.00
VANTOR PARENT INC (FORMERLY REPORTED AS MAXAR INTELLIGENCE),Maxar Technologies Inc. PAC,Rep. Chrissy Houlahan,2025-03-14,1000.00
VANTOR PARENT INC (FORMERLY REPORTED AS MAXAR INTELLIGENCE),Maxar Technologies Inc. PAC,Rep. Ann Wagner,2025-03-14,1500.00
VANTOR PARENT INC (FORMERLY REPORTED AS MAXAR INTELLIGENCE),Maxar Technologies Inc. PAC,Rep. Jennifer Kiggans,2025-03-18,1000.00
VANTOR PARENT INC (FORMERLY REPORTED AS MAXAR INTELLIGENCE),Maxar Technologies Inc. PAC,Rep. Dan Crenshaw,2025-03-18,1000.00
VANTOR PARENT INC (FORMERLY REPORTED AS MAXAR INTELLIGENCE),Maxar Technologies Inc. PAC,Rep. Jim Himes,2025-03-18,1000.00
VANTOR PARENT INC (FORMERLY REPORTED AS MAXAR INTELLIGENCE),Maxar Technologies Inc. PAC,Rep. Mike Turner,2025-03-18,1000.00
VANTOR PARENT INC (FORMERLY REPORTED AS MAXAR INTELLIGENCE),Maxar Technologies Inc. PAC,Sen. Tom Cotton,2025-03-28,1000.00
VANTOR PARENT INC (FORMERLY REPORTED AS MAXAR INTELLIGENCE),Maxar Technologies Inc. PAC,Sen. Eric Schmitt,2025-03-28,5000.00
VANTOR PARENT INC (FORMERLY REPORTED AS MAXAR INTELLIGENCE),Maxar Technologies Inc. PAC,Rep. Steve Womack,2025-03-28,5000.00
VANTOR PARENT INC (FORMERLY REPORTED AS MAXAR INTELLIGENCE),Maxar Technologies Inc. PAC,Rep. Steve Womack,2025-03-28,5000.00
VANTOR PARENT INC (FORMERLY REPORTED AS MAXAR INTELLIGENCE),Maxar Technologies Inc. PAC,Rep. George Whitesides,2025-03-28,1000.00
VANTOR PARENT INC (FORMERLY REPORTED AS MAXAR INTELLIGENCE),Maxar Technologies Inc. PAC,Sen. Jerry Moran,2025-03-28,1000.00
VANTOR PARENT INC (FORMERLY REPORTED AS MAXAR INTELLIGENCE),Maxar Technologies Inc. PAC,Rep. Brian Babin,2025-06-02,1000.00
VANTOR PARENT INC (FORMERLY REPORTED AS MAXAR INTELLIGENCE),Maxar Technologies Inc. PAC,Sen. Deb Fischer,2025-06-02,5000.00
VANTOR PARENT INC (FORMERLY REPORTED AS MAXAR INTELLIGENCE),Maxar Technologies Inc. PAC,Rep. Jeff Crank,2025-06-02,1000.00
VANTOR PARENT INC (FORMERLY REPORTED AS MAXAR INTELLIGENCE),Maxar Technologies Inc. PAC,Rep. Rob Wittman,2025-06-02,2000.00
VANTOR PARENT INC (FORMERLY REPORTED AS MAXAR INTELLIGENCE),Maxar Technologies Inc. PAC,Rep. Scott Franklin,2025-06-02,1000.00
VANTOR PARENT INC (FORMERLY REPORTED AS MAXAR INTELLIGENCE),Maxar Technologies Inc. PAC,Republican Governance Group,2025-06-02,2000.00
VANTOR PARENT INC (FORMERLY REPORTED AS MAXAR INTELLIGENCE),Maxar Technologies Inc. PAC,New Democrat Coalition,2025-06-02,2500.00
VANTOR PARENT INC (FORMERLY REPORTED AS MAXAR INTELLIGENCE),Maxar Technologies Inc. PAC,Rep. Rick Crawford,2025-06-26,1000.00
VANTOR PARENT INC (FORMERLY REPORTED AS MAXAR INTELLIGENCE),Maxar Technologies Inc. PAC,Rep. Mike Haridopolis,2025-06-26,1000.00
VANTOR PARENT INC (FORMERLY REPORTED AS MAXAR INTELLIGENCE),Maxar Technologies Inc. PAC,Rep. Mark Amodei,2025-06-26,1000.00
VANTOR PARENT INC (FORMERLY REPORTED AS MAXAR INTELLIGENCE),Maxar Technologies Inc. PAC,Rep. Dan Crenshaw,2025-06-26,1000.00
VANTOR PARENT INC (FORMERLY REPORTED AS MAXAR INTELLIGENCE),Maxar Technologies Inc. PAC,Rep. Mike Quigley,2025-06-26,1000.00
VANTOR PARENT INC (FORMERLY REPORTED AS MAXAR INTELLIGENCE),Maxar Technologies Inc. PAC,Rep. Chuck Fleischmann For Congress,2025-06-26,2000.00
VANTOR PARENT INC (FORMERLY REPORTED AS MAXAR INTELLIGENCE),Maxar Technologies Inc. PAC,Rep. Betty McCollum,2025-06-26,2500.00
VANTOR PARENT INC (FORMERLY REPORTED AS MAXAR INTELLIGENCE),Maxar Technologies Inc. PAC,Rep. Jeff Crank,2025-03-18,1000.00
VANTOR PARENT INC (FORMERLY REPORTED AS MAXAR INTELLIGENCE),Maxar Technologies Inc. PAC,Sen. Mark Warner,2025-01-17,1000.00
VANTOR PARENT INC (FORMERLY REPORTED AS MAXAR INTELLIGENCE),Maxar Technologies Inc. PAC,Rep. Jim Himes,2025-01-17,1000.00
VANTOR PARENT INC (FORMERLY REPORTED AS MAXAR INTELLIGENCE),Maxar Technologies Inc. PAC,Rep. Seth Moulton,2025-01-17,1000.00
VANTOR PARENT INC (FORMERLY REPORTED AS MAXAR INTELLIGENCE),Maxar Technologies Inc. PAC,Rep. Rick Crawford,2025-03-14,1000.00
VANTOR PARENT INC (FORMERLY REPORTED AS MAXAR INTELLIGENCE),Maxar Technologies Inc. PAC,Rep. Chrissy Houlahan,2025-03-14,1000.00
VANTOR PARENT INC (FORMERLY REPORTED AS MAXAR INTELLIGENCE),Maxar Technologies Inc. PAC,Rep. Ann Wagner,2025-03-14,1500.00
VANTOR PARENT INC (FORMERLY REPORTED AS MAXAR INTELLIGENCE),Maxar Technologies Inc. PAC,Rep. Jennifer Kiggans,2025-03-18,1000.00
VANTOR PARENT INC (FORMERLY REPORTED AS MAXAR INTELLIGENCE),Maxar Technologies Inc. PAC,Rep. Dan Crenshaw,2025-03-18,1000.00
VANTOR PARENT INC (FORMERLY REPORTED AS MAXAR INTELLIGENCE),Maxar Technologies Inc. PAC,Rep. Jim Himes,2025-03-18,1000.00
VANTOR PARENT INC (FORMERLY REPORTED AS MAXAR INTELLIGENCE),Maxar Technologies Inc. PAC,Rep. Mike Turner,2025-03-18,1000.00
VANTOR PARENT INC (FORMERLY REPORTED AS MAXAR INTELLIGENCE),Maxar Technologies Inc. PAC,Sen. Tom Cotton,2025-03-28,1000.00
VANTOR PARENT INC (FORMERLY REPORTED AS MAXAR INTELLIGENCE),Maxar Technologies Inc. PAC,Sen. Eric Schmitt,2025-03-28,5000.00
VANTOR PARENT INC (FORMERLY REPORTED AS MAXAR INTELLIGENCE),Maxar Technologies Inc. PAC,Rep. Steve Womack,2025-03-28,5000.00
VANTOR PARENT INC (FORMERLY REPORTED AS MAXAR INTELLIGENCE),Maxar Technologies Inc. PAC,Rep. Steve Womack,2025-03-28,5000.00
VANTOR PARENT INC (FORMERLY REPORTED AS MAXAR INTELLIGENCE),Maxar Technologies Inc. PAC,Rep. George Whitesides,2025-03-28,1000.00
VANTOR PARENT INC (FORMERLY REPORTED AS MAXAR INTELLIGENCE),Maxar Technologies Inc. PAC,Sen. Jerry Moran,2025-03-28,1000.00
VANTOR PARENT INC (FORMERLY REPORTED AS MAXAR INTELLIGENCE),Maxar Technologies Inc. PAC,Rep. Brian Babin,2025-06-02,1000.00
VANTOR PARENT INC (FORMERLY REPORTED AS MAXAR INTELLIGENCE),Maxar Technologies Inc. PAC,Sen. Deb Fischer,2025-06-02,5000.00
VANTOR PARENT INC (FORMERLY REPORTED AS MAXAR INTELLIGENCE),Maxar Technologies Inc. PAC,Rep. Jeff Crank,2025-06-02,1000.00
VANTOR PARENT INC (FORMERLY REPORTED AS MAXAR INTELLIGENCE),Maxar Technologies Inc. PAC,Rep. Rob Wittman,2025-06-02,2000.00
VANTOR PARENT INC (FORMERLY REPORTED AS MAXAR INTELLIGENCE),Maxar Technologies Inc. PAC,Rep. Scott Franklin,2025-06-02,1000.00
VANTOR PARENT INC (FORMERLY REPORTED AS MAXAR INTELLIGENCE),Maxar Technologies Inc. PAC,Republican Governance Group,2025-06-02,2000.00
VANTOR PARENT INC (FORMERLY REPORTED AS MAXAR INTELLIGENCE),Maxar Technologies Inc. PAC,New Democrat Coalition,2025-06-02,2500.00
VANTOR PARENT INC (FORMERLY REPORTED AS MAXAR INTELLIGENCE),Maxar Technologies Inc. PAC,Rep. Rick Crawford,2025-06-26,1000.00
VANTOR PARENT INC (FORMERLY REPORTED AS MAXAR INTELLIGENCE),Maxar Technologies Inc. PAC,Rep. Mike Haridopolis,2025-06-26,1000.00
VANTOR PARENT INC (FORMERLY REPORTED AS MAXAR INTELLIGENCE),Maxar Technologies Inc. PAC,Rep. Mark Amodei,2025-06-26,1000.00
VANTOR PARENT INC (FORMERLY REPORTED AS MAXAR INTELLIGENCE),Maxar Technologies Inc. PAC,Rep. Dan Crenshaw,2025-06-26,1000.00
VANTOR PARENT INC (FORMERLY REPORTED AS MAXAR INTELLIGENCE),Maxar Technologies Inc. PAC,Rep. Mike Quigley,2025-06-26,1000.00
VANTOR PARENT INC (FORMERLY REPORTED AS MAXAR INTELLIGENCE),Maxar Technologies Inc. PAC,Rep. Chuck Fleischmann For Congress,2025-06-26,2000.00
VANTOR PARENT INC (FORMERLY REPORTED AS MAXAR INTELLIGENCE),Maxar Technologies Inc. PAC,Rep. Betty McCollum,2025-06-26,2500.00
VANTOR PARENT INC (FORMERLY REPORTED AS MAXAR INTELLIGENCE),Maxar Technologies Inc. PAC,Rep. Jeff Crank,2025-03-18,1000.00
VANTOR PARENT INC (FORMERLY REPORTED AS MAXAR INTELLIGENCE),Maxar Technologies Inc. PAC,Sen. Mark Warner,2025-01-17,1000.00
VANTOR PARENT INC (FORMERLY REPORTED AS MAXAR INTELLIGENCE),Maxar Technologies Inc. PAC,Rep. Jim Himes,2025-01-17,1000.00
VANTOR PARENT INC (FORMERLY REPORTED AS MAXAR INTELLIGENCE),Maxar Technologies Inc. PAC,Rep. Seth Moulton,2025-01-17,1000.00
VANTOR PARENT INC (FORMERLY REPORTED AS MAXAR INTELLIGENCE),Maxar Technologies Inc. PAC,Rep. Rick Crawford,2025-03-14,1000.00
VANTOR PARENT INC (FORMERLY REPORTED AS MAXAR INTELLIGENCE),Maxar Technologies Inc. PAC,Rep. Chrissy Houlahan,2025-03-14,1000.00
VANTOR PARENT INC (FORMERLY REPORTED AS MAXAR INTELLIGENCE),Maxar Technologies Inc. PAC,Rep. Ann Wagner,2025-03-14,1500.00
VANTOR PARENT INC (FORMERLY REPORTED AS MAXAR INTELLIGENCE),Maxar Technologies Inc. PAC,Rep. Jennifer Kiggans,2025-03-18,1000.00
VANTOR PARENT INC (FORMERLY REPORTED AS MAXAR INTELLIGENCE),Maxar Technologies Inc. PAC,Rep. Dan Crenshaw,2025-03-18,1000.00
VANTOR PARENT INC (FORMERLY REPORTED AS MAXAR INTELLIGENCE),Maxar Technologies Inc. PAC,Rep. Jim Himes,2025-03-18,1000.00
VANTOR PARENT INC (FORMERLY REPORTED AS MAXAR INTELLIGENCE),Maxar Technologies Inc. PAC,Rep. Mike Turner,2025-03-18,1000.00
VANTOR PARENT INC (FORMERLY REPORTED AS MAXAR INTELLIGENCE),Maxar Technologies Inc. PAC,Sen. Tom Cotton,2025-03-28,1000.00
VANTOR PARENT INC (FORMERLY REPORTED AS MAXAR INTELLIGENCE),Maxar Technologies Inc. PAC,Sen. Eric Schmitt,2025-03-28,5000.00
VANTOR PARENT INC (FORMERLY REPORTED AS MAXAR INTELLIGENCE),Maxar Technologies Inc. PAC,Rep. Steve Womack,2025-03-28,5000.00
VANTOR PARENT INC (FORMERLY REPORTED AS MAXAR INTELLIGENCE),Maxar Technologies Inc. PAC,Rep. Steve Womack,2025-03-28,5000.00
VANTOR PARENT INC (FORMERLY REPORTED AS MAXAR INTELLIGENCE),Maxar Technologies Inc. PAC,Rep. George Whitesides,2025-03-28,1000.00
VANTOR PARENT INC (FORMERLY REPORTED AS MAXAR INTELLIGENCE),Maxar Technologies Inc. PAC,Sen. Jerry Moran,2025-03-28,1000.00
VANTOR PARENT INC (FORMERLY REPORTED AS MAXAR INTELLIGENCE),Maxar Technologies Inc. PAC,Rep. Brian Babin,2025-06-02,1000.00
VANTOR PARENT INC (FORMERLY REPORTED AS MAXAR INTELLIGENCE),Maxar Technologies Inc. PAC,Sen. Deb Fischer,2025-06-02,5000.00
VANTOR PARENT INC (FORMERLY REPORTED AS MAXAR INTELLIGENCE),Maxar Technologies Inc. PAC,Rep. Jeff Crank,2025-06-02,1000.00
VANTOR PARENT INC (FORMERLY REPORTED AS MAXAR INTELLIGENCE),Maxar Technologies Inc. PAC,Rep. Rob Wittman,2025-06-02,2000.00
VANTOR PARENT INC (FORMERLY REPORTED AS MAXAR INTELLIGENCE),Maxar Technologies Inc. PAC,Rep. Scott Franklin,2025-06-02,1000.00
VANTOR PARENT INC (FORMERLY REPORTED AS MAXAR INTELLIGENCE),Maxar Technologies Inc. PAC,Republican Governance Group,2025-06-02,2000.00
VANTOR PARENT INC (FORMERLY REPORTED AS MAXAR INTELLIGENCE),Maxar Technologies Inc. PAC,New Democrat Coalition,2025-06-02,2500.00
VANTOR PARENT INC (FORMERLY REPORTED AS MAXAR INTELLIGENCE),Maxar Technologies Inc. PAC,Rep. Rick Crawford,2025-06-26,1000.00
VANTOR PARENT INC (FORMERLY REPORTED AS MAXAR INTELLIGENCE),Maxar Technologies Inc. PAC,Rep. Mike Haridopolis,2025-06-26,1000.00
VANTOR PARENT INC (FORMERLY REPORTED AS MAXAR INTELLIGENCE),Maxar Technologies Inc. PAC,Rep. Mark Amodei,2025-06-26,1000.00
VANTOR PARENT INC (FORMERLY REPORTED AS MAXAR INTELLIGENCE),Maxar Technologies Inc. PAC,Rep. Dan Crenshaw,2025-06-26,1000.00
VANTOR PARENT INC (FORMERLY REPORTED AS MAXAR INTELLIGENCE),Maxar Technologies Inc. PAC,Rep. Mike Quigley,2025-06-26,1000.00
VANTOR PARENT INC (FORMERLY REPORTED AS MAXAR INTELLIGENCE),Maxar Technologies Inc. PAC,Rep. Chuck Fleischmann For Congress,2025-06-26,2000.00
VANTOR PARENT INC (FORMERLY REPORTED AS MAXAR INTELLIGENCE),Maxar Technologies Inc. PAC,Rep. Betty McCollum,2025-06-26,2500.00
VANTOR PARENT INC (FORMERLY REPORTED AS MAXAR INTELLIGENCE),Maxar Technologies Inc. PAC,Rep. Jeff Crank,2025-03-18,1000.00
VANTOR PARENT INC (FORMERLY REPORTED AS MAXAR INTELLIGENCE),Maxar Technologies Inc. PAC,Sen. Mark Warner,2025-01-17,1000.00
VANTOR PARENT INC (FORMERLY REPORTED AS MAXAR INTELLIGENCE),Maxar Technologies Inc. PAC,Rep. Jim Himes,2025-01-17,1000.00
VANTOR PARENT INC (FORMERLY REPORTED AS MAXAR INTELLIGENCE),Maxar Technologies Inc. PAC,Rep. Seth Moulton,2025-01-17,1000.00
VANTOR PARENT INC (FORMERLY REPORTED AS MAXAR INTELLIGENCE),Maxar Technologies Inc. PAC,Rep. Rick Crawford,2025-03-14,1000.00
VANTOR PARENT INC (FORMERLY REPORTED AS MAXAR INTELLIGENCE),Maxar Technologies Inc. PAC,Rep. Chrissy Houlahan,2025-03-14,1000.00
VANTOR PARENT INC (FORMERLY REPORTED AS MAXAR INTELLIGENCE),Maxar Technologies Inc. PAC,Rep. Ann Wagner,2025-03-14,1500.00
VANTOR PARENT INC (FORMERLY REPORTED AS MAXAR INTELLIGENCE),Maxar Technologies Inc. PAC,Rep. Jennifer Kiggans,2025-03-18,1000.00
VANTOR PARENT INC (FORMERLY REPORTED AS MAXAR INTELLIGENCE),Maxar Technologies Inc. PAC,Rep. Dan Crenshaw,2025-03-18,1000.00
VANTOR PARENT INC (FORMERLY REPORTED AS MAXAR INTELLIGENCE),Maxar Technologies Inc. PAC,Rep. Jim Himes,2025-03-18,1000.00
VANTOR PARENT INC (FORMERLY REPORTED AS MAXAR INTELLIGENCE),Maxar Technologies Inc. PAC,Rep. Mike Turner,2025-03-18,1000.00
VANTOR PARENT INC (FORMERLY REPORTED AS MAXAR INTELLIGENCE),Maxar Technologies Inc. PAC,Sen. Tom Cotton,2025-03-28,1000.00
VANTOR PARENT INC (FORMERLY REPORTED AS MAXAR INTELLIGENCE),Maxar Technologies Inc. PAC,Sen. Eric Schmitt,2025-03-28,5000.00
VANTOR PARENT INC (FORMERLY REPORTED AS MAXAR INTELLIGENCE),Maxar Technologies Inc. PAC,Rep. Steve Womack,2025-03-28,5000.00
VANTOR PARENT INC (FORMERLY REPORTED AS MAXAR INTELLIGENCE),Maxar Technologies Inc. PAC,Rep. Steve Womack,2025-03-28,5000.00
VANTOR PARENT INC (FORMERLY REPORTED AS MAXAR INTELLIGENCE),Maxar Technologies Inc. PAC,Rep. George Whitesides,2025-03-28,1000.00
VANTOR PARENT INC (FORMERLY REPORTED AS MAXAR INTELLIGENCE),Maxar Technologies Inc. PAC,Sen. Jerry Moran,2025-03-28,1000.00
VANTOR PARENT INC (FORMERLY REPORTED AS MAXAR INTELLIGENCE),Maxar Technologies Inc. PAC,Rep. Brian Babin,2025-06-02,1000.00
VANTOR PARENT INC (FORMERLY REPORTED AS MAXAR INTELLIGENCE),Maxar Technologies Inc. PAC,Sen. Deb Fischer,2025-06-02,5000.00
VANTOR PARENT INC (FORMERLY REPORTED AS MAXAR INTELLIGENCE),Maxar Technologies Inc. PAC,Rep. Jeff Crank,2025-06-02,1000.00
VANTOR PARENT INC (FORMERLY REPORTED AS MAXAR INTELLIGENCE),Maxar Technologies Inc. PAC,Rep. Rob Wittman,2025-06-02,2000.00
VANTOR PARENT INC (FORMERLY REPORTED AS MAXAR INTELLIGENCE),Maxar Technologies Inc. PAC,Rep. Scott Franklin,2025-06-02,1000.00
VANTOR PARENT INC (FORMERLY REPORTED AS MAXAR INTELLIGENCE),Maxar Technologies Inc. PAC,Republican Governance Group,2025-06-02,2000.00
VANTOR PARENT INC (FORMERLY REPORTED AS MAXAR INTELLIGENCE),Maxar Technologies Inc. PAC,New Democrat Coalition,2025-06-02,2500.00
VANTOR PARENT INC (FORMERLY REPORTED AS MAXAR INTELLIGENCE),Maxar Technologies Inc. PAC,Rep. Rick Crawford,2025-06-26,1000.00
VANTOR PARENT INC (FORMERLY REPORTED AS MAXAR INTELLIGENCE),Maxar Technologies Inc. PAC,Rep. Mike Haridopolis,2025-06-26,1000.00
VANTOR PARENT INC (FORMERLY REPORTED AS MAXAR INTELLIGENCE),Maxar Technologies Inc. PAC,Rep. Mark Amodei,2025-06-26,1000.00
VANTOR PARENT INC (FORMERLY REPORTED AS MAXAR INTELLIGENCE),Maxar Technologies Inc. PAC,Rep. Dan Crenshaw,2025-06-26,1000.00
VANTOR PARENT INC (FORMERLY REPORTED AS MAXAR INTELLIGENCE),Maxar Technologies Inc. PAC,Rep. Mike Quigley,2025-06-26,1000.00
VANTOR PARENT INC (FORMERLY REPORTED AS MAXAR INTELLIGENCE),Maxar Technologies Inc. PAC,Rep. Chuck Fleischmann For Congress,2025-06-26,2000.00
VANTOR PARENT INC (FORMERLY REPORTED AS MAXAR INTELLIGENCE),Maxar Technologies Inc. PAC,Rep. Betty McCollum,2025-06-26,2500.00
VANTOR PARENT INC (FORMERLY REPORTED AS MAXAR INTELLIGENCE),Maxar Technologies Inc. PAC,Rep. Jeff Crank,2025-03-18,1000.00
VANTOR PARENT INC (FORMERLY REPORTED AS MAXAR INTELLIGENCE),Maxar Technologies Inc. PAC,Sen. Mark Warner,2025-01-17,1000.00
VANTOR PARENT INC (FORMERLY REPORTED AS MAXAR INTELLIGENCE),Maxar Technologies Inc. PAC,Rep. Jim Himes,2025-01-17,1000.00
VANTOR PARENT INC (FORMERLY REPORTED AS MAXAR INTELLIGENCE),Maxar Technologies Inc. PAC,Rep. Seth Moulton,2025-01-17,1000.00
VANTOR PARENT INC (FORMERLY REPORTED AS MAXAR INTELLIGENCE),Maxar Technologies Inc. PAC,Rep. Rick Crawford,2025-03-14,1000.00
VANTOR PARENT INC (FORMERLY REPORTED AS MAXAR INTELLIGENCE),Maxar Technologies Inc. PAC,Rep. Chrissy Houlahan,2025-03-14,1000.00
VANTOR PARENT INC (FORMERLY REPORTED AS MAXAR INTELLIGENCE),Maxar Technologies Inc. PAC,Rep. Ann Wagner,2025-03-14,1500.00
VANTOR PARENT INC (FORMERLY REPORTED AS MAXAR INTELLIGENCE),Maxar Technologies Inc. PAC,Rep. Jennifer Kiggans,2025-03-18,1000.00
VANTOR PARENT INC (FORMERLY REPORTED AS MAXAR INTELLIGENCE),Maxar Technologies Inc. PAC,Rep. Dan Crenshaw,2025-03-18,1000.00
VANTOR PARENT INC (FORMERLY REPORTED AS MAXAR INTELLIGENCE),Maxar Technologies Inc. PAC,Rep. Jim Himes,2025-03-18,1000.00
VANTOR PARENT INC (FORMERLY REPORTED AS MAXAR INTELLIGENCE),Maxar Technologies Inc. PAC,Rep. Mike Turner,2025-03-18,1000.00
VANTOR PARENT INC (FORMERLY REPORTED AS MAXAR INTELLIGENCE),Maxar Technologies Inc. PAC,Sen. Tom Cotton,2025-03-28,1000.00
VANTOR PARENT INC (FORMERLY REPORTED AS MAXAR INTELLIGENCE),Maxar Technologies Inc. PAC,Sen. Eric Schmitt,2025-03-28,5000.00
VANTOR PARENT INC (FORMERLY REPORTED AS MAXAR INTELLIGENCE),Maxar Technologies Inc. PAC,Rep. Steve Womack,2025-03-28,5000.00
VANTOR PARENT INC (FORMERLY REPORTED AS MAXAR INTELLIGENCE),Maxar Technologies Inc. PAC,Rep. Steve Womack,2025-03-28,5000.00
VANTOR PARENT INC (FORMERLY REPORTED AS MAXAR INTELLIGENCE),Maxar Technologies Inc. PAC,Rep. George Whitesides,2025-03-28,1000.00
VANTOR PARENT INC (FORMERLY REPORTED AS MAXAR INTELLIGENCE),Maxar Technologies Inc. PAC,Sen. Jerry Moran,2025-03-28,1000.00
VANTOR PARENT INC (FORMERLY REPORTED AS MAXAR INTELLIGENCE),Maxar Technologies Inc. PAC,Rep. Brian Babin,2025-06-02,1000.00
VANTOR PARENT INC (FORMERLY REPORTED AS MAXAR INTELLIGENCE),Maxar Technologies Inc. PAC,Sen. Deb Fischer,2025-06-02,5000.00
VANTOR PARENT INC (FORMERLY REPORTED AS MAXAR INTELLIGENCE),Maxar Technologies Inc. PAC,Rep. Jeff Crank,2025-06-02,1000.00
VANTOR PARENT INC (FORMERLY REPORTED AS MAXAR INTELLIGENCE),Maxar Technologies Inc. PAC,Rep. Rob Wittman,2025-06-02,2000.00
VANTOR PARENT INC (FORMERLY REPORTED AS MAXAR INTELLIGENCE),Maxar Technologies Inc. PAC,Rep. Scott Franklin,2025-06-02,1000.00
VANTOR PARENT INC (FORMERLY REPORTED AS MAXAR INTELLIGENCE),Maxar Technologies Inc. PAC,Republican Governance Group,2025-06-02,2000.00
VANTOR PARENT INC (FORMERLY REPORTED AS MAXAR INTELLIGENCE),Maxar Technologies Inc. PAC,New Democrat Coalition,2025-06-02,2500.00
VANTOR PARENT INC (FORMERLY REPORTED AS MAXAR INTELLIGENCE),Maxar Technologies Inc. PAC,Rep. Rick Crawford,2025-06-26,1000.00
VANTOR PARENT INC (FORMERLY REPORTED AS MAXAR INTELLIGENCE),Maxar Technologies Inc. PAC,Rep. Mike Haridopolis,2025-06-26,1000.00
VANTOR PARENT INC (FORMERLY REPORTED AS MAXAR INTELLIGENCE),Maxar Technologies Inc. PAC,Rep. Mark Amodei,2025-06-26,1000.00
VANTOR PARENT INC (FORMERLY REPORTED AS MAXAR INTELLIGENCE),Maxar Technologies Inc. PAC,Rep. Dan Crenshaw,2025-06-26,1000.00
VANTOR PARENT INC (FORMERLY REPORTED AS MAXAR INTELLIGENCE),Maxar Technologies Inc. PAC,Rep. Mike Quigley,2025-06-26,1000.00
VANTOR PARENT INC (FORMERLY REPORTED AS MAXAR INTELLIGENCE),Maxar Technologies Inc. PAC,Rep. Chuck Fleischmann For Congress,2025-06-26,2000.00
VANTOR PARENT INC (FORMERLY REPORTED AS MAXAR INTELLIGENCE),Maxar Technologies Inc. PAC,Rep. Betty McCollum,2025-06-26,2500.00
VANTOR PARENT INC (FORMERLY REPORTED AS MAXAR INTELLIGENCE),Maxar Technologies Inc. PAC,Rep. Jeff Crank,2025-03-18,1000.00
VANTOR PARENT INC (FORMERLY REPORTED AS MAXAR INTELLIGENCE),Maxar Technologies Inc. PAC,Sen. Mark Warner,2025-01-17,1000.00
VANTOR PARENT INC (FORMERLY REPORTED AS MAXAR INTELLIGENCE),Maxar Technologies Inc. PAC,Rep. Jim Himes,2025-01-17,1000.00
VANTOR PARENT INC (FORMERLY REPORTED AS MAXAR INTELLIGENCE),Maxar Technologies Inc. PAC,Rep. Seth Moulton,2025-01-17,1000.00
VANTOR PARENT INC (FORMERLY REPORTED AS MAXAR INTELLIGENCE),Maxar Technologies Inc. PAC,Rep. Rick Crawford,2025-03-14,1000.00
VANTOR PARENT INC (FORMERLY REPORTED AS MAXAR INTELLIGENCE),Maxar Technologies Inc. PAC,Rep. Chrissy Houlahan,2025-03-14,1000.00
VANTOR PARENT INC (FORMERLY REPORTED AS MAXAR INTELLIGENCE),Maxar Technologies Inc. PAC,Rep. Ann Wagner,2025-03-14,1500.00
VANTOR PARENT INC (FORMERLY REPORTED AS MAXAR INTELLIGENCE),Maxar Technologies Inc. PAC,Rep. Jennifer Kiggans,2025-03-18,1000.00
VANTOR PARENT INC (FORMERLY REPORTED AS MAXAR INTELLIGENCE),Maxar Technologies Inc. PAC,Rep. Dan Crenshaw,2025-03-18,1000.00
VANTOR PARENT INC (FORMERLY REPORTED AS MAXAR INTELLIGENCE),Maxar Technologies Inc. PAC,Rep. Jim Himes,2025-03-18,1000.00
VANTOR PARENT INC (FORMERLY REPORTED AS MAXAR INTELLIGENCE),Maxar Technologies Inc. PAC,Rep. Mike Turner,2025-03-18,1000.00
VANTOR PARENT INC (FORMERLY REPORTED AS MAXAR INTELLIGENCE),Maxar Technologies Inc. PAC,Sen. Tom Cotton,2025-03-28,1000.00
VANTOR PARENT INC (FORMERLY REPORTED AS MAXAR INTELLIGENCE),Maxar Technologies Inc. PAC,Sen. Eric Schmitt,2025-03-28,5000.00
VANTOR PARENT INC (FORMERLY REPORTED AS MAXAR INTELLIGENCE),Maxar Technologies Inc. PAC,Rep. Steve Womack,2025-03-28,5000.00
VANTOR PARENT INC (FORMERLY REPORTED AS MAXAR INTELLIGENCE),Maxar Technologies Inc. PAC,Rep. Steve Womack,2025-03-28,5000.00
VANTOR PARENT INC (FORMERLY REPORTED AS MAXAR INTELLIGENCE),Maxar Technologies Inc. PAC,Rep. George Whitesides,2025-03-28,1000.00
VANTOR PARENT INC (FORMERLY REPORTED AS MAXAR INTELLIGENCE),Maxar Technologies Inc. PAC,Sen. Jerry Moran,2025-03-28,1000.00
VANTOR PARENT INC (FORMERLY REPORTED AS MAXAR INTELLIGENCE),Maxar Technologies Inc. PAC,Rep. Brian Babin,2025-06-02,1000.00
VANTOR PARENT INC (FORMERLY REPORTED AS MAXAR INTELLIGENCE),Maxar Technologies Inc. PAC,Sen. Deb Fischer,2025-06-02,5000.00
VANTOR PARENT INC (FORMERLY REPORTED AS MAXAR INTELLIGENCE),Maxar Technologies Inc. PAC,Rep. Jeff Crank,2025-06-02,1000.00
VANTOR PARENT INC (FORMERLY REPORTED AS MAXAR INTELLIGENCE),Maxar Technologies Inc. PAC,Rep. Rob Wittman,2025-06-02,2000.00
VANTOR PARENT INC (FORMERLY REPORTED AS MAXAR INTELLIGENCE),Maxar Technologies Inc. PAC,Rep. Scott Franklin,2025-06-02,1000.00
VANTOR PARENT INC (FORMERLY REPORTED AS MAXAR INTELLIGENCE),Maxar Technologies Inc. PAC,Republican Governance Group,2025-06-02,2000.00
VANTOR PARENT INC (FORMERLY REPORTED AS MAXAR INTELLIGENCE),Maxar Technologies Inc. PAC,New Democrat Coalition,2025-06-02,2500.00
VANTOR PARENT INC (FORMERLY REPORTED AS MAXAR INTELLIGENCE),Maxar Technologies Inc. PAC,Rep. Rick Crawford,2025-06-26,1000.00
VANTOR PARENT INC (FORMERLY REPORTED AS MAXAR INTELLIGENCE),Maxar Technologies Inc. PAC,Rep. Mike Haridopolis,2025-06-26,1000.00
VANTOR PARENT INC (FORMERLY REPORTED AS MAXAR INTELLIGENCE),Maxar Technologies Inc. PAC,Rep. Mark Amodei,2025-06-26,1000.00
VANTOR PARENT INC (FORMERLY REPORTED AS MAXAR INTELLIGENCE),Maxar Technologies Inc. PAC,Rep. Dan Crenshaw,2025-06-26,1000.00
VANTOR PARENT INC (FORMERLY REPORTED AS MAXAR INTELLIGENCE),Maxar Technologies Inc. PAC,Rep. Mike Quigley,2025-06-26,1000.00
VANTOR PARENT INC (FORMERLY REPORTED AS MAXAR INTELLIGENCE),Maxar Technologies Inc. PAC,Rep. Chuck Fleischmann For Congress,2025-06-26,2000.00
VANTOR PARENT INC (FORMERLY REPORTED AS MAXAR INTELLIGENCE),Maxar Technologies Inc. PAC,Rep. Betty McCollum,2025-06-26,2500.00
VANTOR PARENT INC (FORMERLY REPORTED AS MAXAR INTELLIGENCE),Maxar Technologies Inc. PAC,Rep. Jeff Crank,2025-03-18,1000.00
VANTOR PARENT INC (FORMERLY REPORTED AS MAXAR INTELLIGENCE),Maxar Technologies Inc. PAC,Sen. Mark Warner,2025-01-17,1000.00
VANTOR PARENT INC (FORMERLY REPORTED AS MAXAR INTELLIGENCE),Maxar Technologies Inc. PAC,Rep. Jim Himes,2025-01-17,1000.00
VANTOR PARENT INC (FORMERLY REPORTED AS MAXAR INTELLIGENCE),Maxar Technologies Inc. PAC,Rep. Seth Moulton,2025-01-17,1000.00
VANTOR PARENT INC (FORMERLY REPORTED AS MAXAR INTELLIGENCE),Maxar Technologies Inc. PAC,Rep. Rick Crawford,2025-03-14,1000.00
VANTOR PARENT INC (FORMERLY REPORTED AS MAXAR INTELLIGENCE),Maxar Technologies Inc. PAC,Rep. Chrissy Houlahan,2025-03-14,1000.00
VANTOR PARENT INC (FORMERLY REPORTED AS MAXAR INTELLIGENCE),Maxar Technologies Inc. PAC,Rep. Ann Wagner,2025-03-14,1500.00
VANTOR PARENT INC (FORMERLY REPORTED AS MAXAR INTELLIGENCE),Maxar Technologies Inc. PAC,Rep. Jennifer Kiggans,2025-03-18,1000.00
VANTOR PARENT INC (FORMERLY REPORTED AS MAXAR INTELLIGENCE),Maxar Technologies Inc. PAC,Rep. Dan Crenshaw,2025-03-18,1000.00
VANTOR PARENT INC (FORMERLY REPORTED AS MAXAR INTELLIGENCE),Maxar Technologies Inc. PAC,Rep. Jim Himes,2025-03-18,1000.00
VANTOR PARENT INC (FORMERLY REPORTED AS MAXAR INTELLIGENCE),Maxar Technologies Inc. PAC,Rep. Mike Turner,2025-03-18,1000.00
VANTOR PARENT INC (FORMERLY REPORTED AS MAXAR INTELLIGENCE),Maxar Technologies Inc. PAC,Sen. Tom Cotton,2025-03-28,1000.00
VANTOR PARENT INC (FORMERLY REPORTED AS MAXAR INTELLIGENCE),Maxar Technologies Inc. PAC,Sen. Eric Schmitt,2025-03-28,5000.00
VANTOR PARENT INC (FORMERLY REPORTED AS MAXAR INTELLIGENCE),Maxar Technologies Inc. PAC,Rep. Steve Womack,2025-03-28,5000.00
VANTOR PARENT INC (FORMERLY REPORTED AS MAXAR INTELLIGENCE),Maxar Technologies Inc. PAC,Rep. Steve Womack,2025-03-28,5000.00
VANTOR PARENT INC (FORMERLY REPORTED AS MAXAR INTELLIGENCE),Maxar Technologies Inc. PAC,Rep. George Whitesides,2025-03-28,1000.00
VANTOR PARENT INC (FORMERLY REPORTED AS MAXAR INTELLIGENCE),Maxar Technologies Inc. PAC,Sen. Jerry Moran,2025-03-28,1000.00
VANTOR PARENT INC (FORMERLY REPORTED AS MAXAR INTELLIGENCE),Maxar Technologies Inc. PAC,Rep. Brian Babin,2025-06-02,1000.00
VANTOR PARENT INC (FORMERLY REPORTED AS MAXAR INTELLIGENCE),Maxar Technologies Inc. PAC,Sen. Deb Fischer,2025-06-02,5000.00
VANTOR PARENT INC (FORMERLY REPORTED AS MAXAR INTELLIGENCE),Maxar Technologies Inc. PAC,Rep. Jeff Crank,2025-06-02,1000.00
VANTOR PARENT INC (FORMERLY REPORTED AS MAXAR INTELLIGENCE),Maxar Technologies Inc. PAC,Rep. Rob Wittman,2025-06-02,2000.00
VANTOR PARENT INC (FORMERLY REPORTED AS MAXAR INTELLIGENCE),Maxar Technologies Inc. PAC,Rep. Scott Franklin,2025-06-02,1000.00
VANTOR PARENT INC (FORMERLY REPORTED AS MAXAR INTELLIGENCE),Maxar Technologies Inc. PAC,Republican Governance Group,2025-06-02,2000.00
VANTOR PARENT INC (FORMERLY REPORTED AS MAXAR INTELLIGENCE),Maxar Technologies Inc. PAC,New Democrat Coalition,2025-06-02,2500.00
VANTOR PARENT INC (FORMERLY REPORTED AS MAXAR INTELLIGENCE),Maxar Technologies Inc. PAC,Rep. Rick Crawford,2025-06-26,1000.00
VANTOR PARENT INC (FORMERLY REPORTED AS MAXAR INTELLIGENCE),Maxar Technologies Inc. PAC,Rep. Mike Haridopolis,2025-06-26,1000.00
VANTOR PARENT INC (FORMERLY REPORTED AS MAXAR INTELLIGENCE),Maxar Technologies Inc. PAC,Rep. Mark Amodei,2025-06-26,1000.00
VANTOR PARENT INC (FORMERLY REPORTED AS MAXAR INTELLIGENCE),Maxar Technologies Inc. PAC,Rep. Dan Crenshaw,2025-06-26,1000.00
VANTOR PARENT INC (FORMERLY REPORTED AS MAXAR INTELLIGENCE),Maxar Technologies Inc. PAC,Rep. Mike Quigley,2025-06-26,1000.00
VANTOR PARENT INC (FORMERLY REPORTED AS MAXAR INTELLIGENCE),Maxar Technologies Inc. PAC,Rep. Chuck Fleischmann For Congress,2025-06-26,2000.00
VANTOR PARENT INC (FORMERLY REPORTED AS MAXAR INTELLIGENCE),Maxar Technologies Inc. PAC,Rep. Betty McCollum,2025-06-26,2500.00
VANTOR PARENT INC (FORMERLY REPORTED AS MAXAR INTELLIGENCE),Maxar Technologies Inc. PAC,Rep. Jeff Crank,2025-03-18,1000.00
VANTOR PARENT INC (FORMERLY REPORTED AS MAXAR INTELLIGENCE),Maxar Technologies Inc. PAC,Sen. Mark Warner,2025-01-17,1000.00
VANTOR PARENT INC (FORMERLY REPORTED AS MAXAR INTELLIGENCE),Maxar Technologies Inc. PAC,Rep. Jim Himes,2025-01-17,1000.00
VANTOR PARENT INC (FORMERLY REPORTED AS MAXAR INTELLIGENCE),Maxar Technologies Inc. PAC,Rep. Seth Moulton,2025-01-17,1000.00
VANTOR PARENT INC (FORMERLY REPORTED AS MAXAR INTELLIGENCE),Maxar Technologies Inc. PAC,Rep. Rick Crawford,2025-03-14,1000.00
VANTOR PARENT INC (FORMERLY REPORTED AS MAXAR INTELLIGENCE),Maxar Technologies Inc. PAC,Rep. Chrissy Houlahan,2025-03-14,1000.00
VANTOR PARENT INC (FORMERLY REPORTED AS MAXAR INTELLIGENCE),Maxar Technologies Inc. PAC,Rep. Ann Wagner,2025-03-14,1500.00
VANTOR PARENT INC (FORMERLY REPORTED AS MAXAR INTELLIGENCE),Maxar Technologies Inc. PAC,Rep. Jennifer Kiggans,2025-03-18,1000.00
VANTOR PARENT INC (FORMERLY REPORTED AS MAXAR INTELLIGENCE),Maxar Technologies Inc. PAC,Rep. Dan Crenshaw,2025-03-18,1000.00
VANTOR PARENT INC (FORMERLY REPORTED AS MAXAR INTELLIGENCE),Maxar Technologies Inc. PAC,Rep. Jim Himes,2025-03-18,1000.00
VANTOR PARENT INC (FORMERLY REPORTED AS MAXAR INTELLIGENCE),Maxar Technologies Inc. PAC,Rep. Mike Turner,2025-03-18,1000.00
VANTOR PARENT INC (FORMERLY REPORTED AS MAXAR INTELLIGENCE),Maxar Technologies Inc. PAC,Sen. Tom Cotton,2025-03-28,1000.00
VANTOR PARENT INC (FORMERLY REPORTED AS MAXAR INTELLIGENCE),Maxar Technologies Inc. PAC,Sen. Eric Schmitt,2025-03-28,5000.00
VANTOR PARENT INC (FORMERLY REPORTED AS MAXAR INTELLIGENCE),Maxar Technologies Inc. PAC,Rep. Steve Womack,2025-03-28,5000.00
VANTOR PARENT INC (FORMERLY REPORTED AS MAXAR INTELLIGENCE),Maxar Technologies Inc. PAC,Rep. Steve Womack,2025-03-28,5000.00
VANTOR PARENT INC (FORMERLY REPORTED AS MAXAR INTELLIGENCE),Maxar Technologies Inc. PAC,Rep. George Whitesides,2025-03-28,1000.00
VANTOR PARENT INC (FORMERLY REPORTED AS MAXAR INTELLIGENCE),Maxar Technologies Inc. PAC,Sen. Jerry Moran,2025-03-28,1000.00
VANTOR PARENT INC (FORMERLY REPORTED AS MAXAR INTELLIGENCE),Maxar Technologies Inc. PAC,Rep. Brian Babin,2025-06-02,1000.00
VANTOR PARENT INC (FORMERLY REPORTED AS MAXAR INTELLIGENCE),Maxar Technologies Inc. PAC,Sen. Deb Fischer,2025-06-02,5000.00
VANTOR PARENT INC (FORMERLY REPORTED AS MAXAR INTELLIGENCE),Maxar Technologies Inc. PAC,Rep. Jeff Crank,2025-06-02,1000.00
VANTOR PARENT INC (FORMERLY REPORTED AS MAXAR INTELLIGENCE),Maxar Technologies Inc. PAC,Rep. Rob Wittman,2025-06-02,2000.00
VANTOR PARENT INC (FORMERLY REPORTED AS MAXAR INTELLIGENCE),Maxar Technologies Inc. PAC,Rep. Scott Franklin,2025-06-02,1000.00
VANTOR PARENT INC (FORMERLY REPORTED AS MAXAR INTELLIGENCE),Maxar Technologies Inc. PAC,Republican Governance Group,2025-06-02,2000.00
VANTOR PARENT INC (FORMERLY REPORTED AS MAXAR INTELLIGENCE),Maxar Technologies Inc. PAC,New Democrat Coalition,2025-06-02,2500.00
VANTOR PARENT INC (FORMERLY REPORTED AS MAXAR INTELLIGENCE),Maxar Technologies Inc. PAC,Rep. Rick Crawford,2025-06-26,1000.00
VANTOR PARENT INC (FORMERLY REPORTED AS MAXAR INTELLIGENCE),Maxar Technologies Inc. PAC,Rep. Mike Haridopolis,2025-06-26,1000.00
VANTOR PARENT INC (FORMERLY REPORTED AS MAXAR INTELLIGENCE),Maxar Technologies Inc. PAC,Rep. Mark Amodei,2025-06-26,1000.00
VANTOR PARENT INC (FORMERLY REPORTED AS MAXAR INTELLIGENCE),Maxar Technologies Inc. PAC,Rep. Dan Crenshaw,2025-06-26,1000.00
VANTOR PARENT INC (FORMERLY REPORTED AS MAXAR INTELLIGENCE),Maxar Technologies Inc. PAC,Rep. Mike Quigley,2025-06-26,1000.00
VANTOR PARENT INC (FORMERLY REPORTED AS MAXAR INTELLIGENCE),Maxar Technologies Inc. PAC,Rep. Chuck Fleischmann For Congress,2025-06-26,2000.00
VANTOR PARENT INC (FORMERLY REPORTED AS MAXAR INTELLIGENCE),Maxar Technologies Inc. PAC,Rep. Betty McCollum,2025-06-26,2500.00
VANTOR PARENT INC (FORMERLY REPORTED AS MAXAR INTELLIGENCE),Maxar Technologies Inc. PAC,Rep. Jeff Crank,2025-03-18,1000.00
VANTOR PARENT INC (FORMERLY REPORTED AS MAXAR INTELLIGENCE),Maxar Technologies Inc. PAC,Sen. Mark Warner,2025-01-17,1000.00
VANTOR PARENT INC (FORMERLY REPORTED AS MAXAR INTELLIGENCE),Maxar Technologies Inc. PAC,Rep. Jim Himes,2025-01-17,1000.00
VANTOR PARENT INC (FORMERLY REPORTED AS MAXAR INTELLIGENCE),Maxar Technologies Inc. PAC,Rep. Seth Moulton,2025-01-17,1000.00
VANTOR PARENT INC (FORMERLY REPORTED AS MAXAR INTELLIGENCE),Maxar Technologies Inc. PAC,Rep. Rick Crawford,2025-03-14,1000.00
VANTOR PARENT INC (FORMERLY REPORTED AS MAXAR INTELLIGENCE),Maxar Technologies Inc. PAC,Rep. Chrissy Houlahan,2025-03-14,1000.00
VANTOR PARENT INC (FORMERLY REPORTED AS MAXAR INTELLIGENCE),Maxar Technologies Inc. PAC,Rep. Ann Wagner,2025-03-14,1500.00
VANTOR PARENT INC (FORMERLY REPORTED AS MAXAR INTELLIGENCE),Maxar Technologies Inc. PAC,Rep. Jennifer Kiggans,2025-03-18,1000.00
VANTOR PARENT INC (FORMERLY REPORTED AS MAXAR INTELLIGENCE),Maxar Technologies Inc. PAC,Rep. Dan Crenshaw,2025-03-18,1000.00
VANTOR PARENT INC (FORMERLY REPORTED AS MAXAR INTELLIGENCE),Maxar Technologies Inc. PAC,Rep. Jim Himes,2025-03-18,1000.00
VANTOR PARENT INC (FORMERLY REPORTED AS MAXAR INTELLIGENCE),Maxar Technologies Inc. PAC,Rep. Mike Turner,2025-03-18,1000.00
VANTOR PARENT INC (FORMERLY REPORTED AS MAXAR INTELLIGENCE),Maxar Technologies Inc. PAC,Sen. Tom Cotton,2025-03-28,1000.00
VANTOR PARENT INC (FORMERLY REPORTED AS MAXAR INTELLIGENCE),Maxar Technologies Inc. PAC,Sen. Eric Schmitt,2025-03-28,5000.00
VANTOR PARENT INC (FORMERLY REPORTED AS MAXAR INTELLIGENCE),Maxar Technologies Inc. PAC,Rep. Steve Womack,2025-03-28,5000.00
VANTOR PARENT INC (FORMERLY REPORTED AS MAXAR INTELLIGENCE),Maxar Technologies Inc. PAC,Rep. Steve Womack,2025-03-28,5000.00
VANTOR PARENT INC (FORMERLY REPORTED AS MAXAR INTELLIGENCE),Maxar Technologies Inc. PAC,Rep. George Whitesides,2025-03-28,1000.00
VANTOR PARENT INC (FORMERLY REPORTED AS MAXAR INTELLIGENCE),Maxar Technologies Inc. PAC,Sen. Jerry Moran,2025-03-28,1000.00
VANTOR PARENT INC (FORMERLY REPORTED AS MAXAR INTELLIGENCE),Maxar Technologies Inc. PAC,Rep. Brian Babin,2025-06-02,1000.00
VANTOR PARENT INC (FORMERLY REPORTED AS MAXAR INTELLIGENCE),Maxar Technologies Inc. PAC,Sen. Deb Fischer,2025-06-02,5000.00
VANTOR PARENT INC (FORMERLY REPORTED AS MAXAR INTELLIGENCE),Maxar Technologies Inc. PAC,Rep. Jeff Crank,2025-06-02,1000.00
VANTOR PARENT INC (FORMERLY REPORTED AS MAXAR INTELLIGENCE),Maxar Technologies Inc. PAC,Rep. Rob Wittman,2025-06-02,2000.00
VANTOR PARENT INC (FORMERLY REPORTED AS MAXAR INTELLIGENCE),Maxar Technologies Inc. PAC,Rep. Scott Franklin,2025-06-02,1000.00
VANTOR PARENT INC (FORMERLY REPORTED AS MAXAR INTELLIGENCE),Maxar Technologies Inc. PAC,Republican Governance Group,2025-06-02,2000.00
VANTOR PARENT INC (FORMERLY REPORTED AS MAXAR INTELLIGENCE),Maxar Technologies Inc. PAC,New Democrat Coalition,2025-06-02,2500.00
VANTOR PARENT INC (FORMERLY REPORTED AS MAXAR INTELLIGENCE),Maxar Technologies Inc. PAC,Rep. Rick Crawford,2025-06-26,1000.00
VANTOR PARENT INC (FORMERLY REPORTED AS MAXAR INTELLIGENCE),Maxar Technologies Inc. PAC,Rep. Mike Haridopolis,2025-06-26,1000.00
VANTOR PARENT INC (FORMERLY REPORTED AS MAXAR INTELLIGENCE),Maxar Technologies Inc. PAC,Rep. Mark Amodei,2025-06-26,1000.00
VANTOR PARENT INC (FORMERLY REPORTED AS MAXAR INTELLIGENCE),Maxar Technologies Inc. PAC,Rep. Dan Crenshaw,2025-06-26,1000.00
VANTOR PARENT INC (FORMERLY REPORTED AS MAXAR INTELLIGENCE),Maxar Technologies Inc. PAC,Rep. Mike Quigley,2025-06-26,1000.00
VANTOR PARENT INC (FORMERLY REPORTED AS MAXAR INTELLIGENCE),Maxar Technologies Inc. PAC,Rep. Chuck Fleischmann For Congress,2025-06-26,2000.00
VANTOR PARENT INC (FORMERLY REPORTED AS MAXAR INTELLIGENCE),Maxar Technologies Inc. PAC,Rep. Betty McCollum,2025-06-26,2500.00
VANTOR PARENT INC (FORMERLY REPORTED AS MAXAR INTELLIGENCE),Maxar Technologies Inc. PAC,Rep. Jeff Crank,2025-03-18,1000.00
VANTOR PARENT INC (FORMERLY REPORTED AS MAXAR INTELLIGENCE),Maxar Technologies Inc. PAC,Sen. Mark Warner,2025-01-17,1000.00
VANTOR PARENT INC (FORMERLY REPORTED AS MAXAR INTELLIGENCE),Maxar Technologies Inc. PAC,Rep. Jim Himes,2025-01-17,1000.00
VANTOR PARENT INC (FORMERLY REPORTED AS MAXAR INTELLIGENCE),Maxar Technologies Inc. PAC,Rep. Seth Moulton,2025-01-17,1000.00
VANTOR PARENT INC (FORMERLY REPORTED AS MAXAR INTELLIGENCE),Maxar Technologies Inc. PAC,Rep. Rick Crawford,2025-03-14,1000.00
VANTOR PARENT INC (FORMERLY REPORTED AS MAXAR INTELLIGENCE),Maxar Technologies Inc. PAC,Rep. Chrissy Houlahan,2025-03-14,1000.00
VANTOR PARENT INC (FORMERLY REPORTED AS MAXAR INTELLIGENCE),Maxar Technologies Inc. PAC,Rep. Ann Wagner,2025-03-14,1500.00
VANTOR PARENT INC (FORMERLY REPORTED AS MAXAR INTELLIGENCE),Maxar Technologies Inc. PAC,Rep. Jennifer Kiggans,2025-03-18,1000.00
VANTOR PARENT INC (FORMERLY REPORTED AS MAXAR INTELLIGENCE),Maxar Technologies Inc. PAC,Rep. Dan Crenshaw,2025-03-18,1000.00
VANTOR PARENT INC (FORMERLY REPORTED AS MAXAR INTELLIGENCE),Maxar Technologies Inc. PAC,Rep. Jim Himes,2025-03-18,1000.00
VANTOR PARENT INC (FORMERLY REPORTED AS MAXAR INTELLIGENCE),Maxar Technologies Inc. PAC,Rep. Mike Turner,2025-03-18,1000.00
VANTOR PARENT INC (FORMERLY REPORTED AS MAXAR INTELLIGENCE),Maxar Technologies Inc. PAC,Sen. Tom Cotton,2025-03-28,1000.00
VANTOR PARENT INC (FORMERLY REPORTED AS MAXAR INTELLIGENCE),Maxar Technologies Inc. PAC,Sen. Eric Schmitt,2025-03-28,5000.00
VANTOR PARENT INC (FORMERLY REPORTED AS MAXAR INTELLIGENCE),Maxar Technologies Inc. PAC,Rep. Steve Womack,2025-03-28,5000.00
VANTOR PARENT INC (FORMERLY REPORTED AS MAXAR INTELLIGENCE),Maxar Technologies Inc. PAC,Rep. Steve Womack,2025-03-28,5000.00
VANTOR PARENT INC (FORMERLY REPORTED AS MAXAR INTELLIGENCE),Maxar Technologies Inc. PAC,Rep. George Whitesides,2025-03-28,1000.00
VANTOR PARENT INC (FORMERLY REPORTED AS MAXAR INTELLIGENCE),Maxar Technologies Inc. PAC,Sen. Jerry Moran,2025-03-28,1000.00
VANTOR PARENT INC (FORMERLY REPORTED AS MAXAR INTELLIGENCE),Maxar Technologies Inc. PAC,Rep. Brian Babin,2025-06-02,1000.00
VANTOR PARENT INC (FORMERLY REPORTED AS MAXAR INTELLIGENCE),Maxar Technologies Inc. PAC,Sen. Deb Fischer,2025-06-02,5000.00
VANTOR PARENT INC (FORMERLY REPORTED AS MAXAR INTELLIGENCE),Maxar Technologies Inc. PAC,Rep. Jeff Crank,2025-06-02,1000.00
VANTOR PARENT INC (FORMERLY REPORTED AS MAXAR INTELLIGENCE),Maxar Technologies Inc. PAC,Rep. Rob Wittman,2025-06-02,2000.00
VANTOR PARENT INC (FORMERLY REPORTED AS MAXAR INTELLIGENCE),Maxar Technologies Inc. PAC,Rep. Scott Franklin,2025-06-02,1000.00
VANTOR PARENT INC (FORMERLY REPORTED AS MAXAR INTELLIGENCE),Maxar Technologies Inc. PAC,Republican Governance Group,2025-06-02,2000.00
VANTOR PARENT INC (FORMERLY REPORTED AS MAXAR INTELLIGENCE),Maxar Technologies Inc. PAC,New Democrat Coalition,2025-06-02,2500.00
VANTOR PARENT INC (FORMERLY REPORTED AS MAXAR INTELLIGENCE),Maxar Technologies Inc. PAC,Rep. Rick Crawford,2025-06-26,1000.00
VANTOR PARENT INC (FORMERLY REPORTED AS MAXAR INTELLIGENCE),Maxar Technologies Inc. PAC,Rep. Mike Haridopolis,2025-06-26,1000.00
VANTOR PARENT INC (FORMERLY REPORTED AS MAXAR INTELLIGENCE),Maxar Technologies Inc. PAC,Rep. Mark Amodei,2025-06-26,1000.00
VANTOR PARENT INC (FORMERLY REPORTED AS MAXAR INTELLIGENCE),Maxar Technologies Inc. PAC,Rep. Dan Crenshaw,2025-06-26,1000.00
VANTOR PARENT INC (FORMERLY REPORTED AS MAXAR INTELLIGENCE),Maxar Technologies Inc. PAC,Rep. Mike Quigley,2025-06-26,1000.00
VANTOR PARENT INC (FORMERLY REPORTED AS MAXAR INTELLIGENCE),Maxar Technologies Inc. PAC,Rep. Chuck Fleischmann For Congress,2025-06-26,2000.00
VANTOR PARENT INC (FORMERLY REPORTED AS MAXAR INTELLIGENCE),Maxar Technologies Inc. PAC,Rep. Betty McCollum,2025-06-26,2500.00
VANTOR PARENT INC (FORMERLY REPORTED AS MAXAR INTELLIGENCE),Maxar Technologies Inc. PAC,Rep. Jeff Crank,2025-03-18,1000.00
VANTOR PARENT INC (FORMERLY REPORTED AS MAXAR INTELLIGENCE),Maxar Technologies Inc. PAC,Sen. Mark Warner,2025-01-17,1000.00
VANTOR PARENT INC (FORMERLY REPORTED AS MAXAR INTELLIGENCE),Maxar Technologies Inc. PAC,Rep. Jim Himes,2025-01-17,1000.00
VANTOR PARENT INC (FORMERLY REPORTED AS MAXAR INTELLIGENCE),Maxar Technologies Inc. PAC,Rep. Seth Moulton,2025-01-17,1000.00
VANTOR PARENT INC (FORMERLY REPORTED AS MAXAR INTELLIGENCE),Maxar Technologies Inc. PAC,Rep. Rick Crawford,2025-03-14,1000.00
VANTOR PARENT INC (FORMERLY REPORTED AS MAXAR INTELLIGENCE),Maxar Technologies Inc. PAC,Rep. Chrissy Houlahan,2025-03-14,1000.00
VANTOR PARENT INC (FORMERLY REPORTED AS MAXAR INTELLIGENCE),Maxar Technologies Inc. PAC,Rep. Ann Wagner,2025-03-14,1500.00
VANTOR PARENT INC (FORMERLY REPORTED AS MAXAR INTELLIGENCE),Maxar Technologies Inc. PAC,Rep. Jennifer Kiggans,2025-03-18,1000.00
VANTOR PARENT INC (FORMERLY REPORTED AS MAXAR INTELLIGENCE),Maxar Technologies Inc. PAC,Rep. Dan Crenshaw,2025-03-18,1000.00
VANTOR PARENT INC (FORMERLY REPORTED AS MAXAR INTELLIGENCE),Maxar Technologies Inc. PAC,Rep. Jim Himes,2025-03-18,1000.00
VANTOR PARENT INC (FORMERLY REPORTED AS MAXAR INTELLIGENCE),Maxar Technologies Inc. PAC,Rep. Mike Turner,2025-03-18,1000.00
VANTOR PARENT INC (FORMERLY REPORTED AS MAXAR INTELLIGENCE),Maxar Technologies Inc. PAC,Sen. Tom Cotton,2025-03-28,1000.00
VANTOR PARENT INC (FORMERLY REPORTED AS MAXAR INTELLIGENCE),Maxar Technologies Inc. PAC,Sen. Eric Schmitt,2025-03-28,5000.00
VANTOR PARENT INC (FORMERLY REPORTED AS MAXAR INTELLIGENCE),Maxar Technologies Inc. PAC,Rep. Steve Womack,2025-03-28,5000.00
VANTOR PARENT INC (FORMERLY REPORTED AS MAXAR INTELLIGENCE),Maxar Technologies Inc. PAC,Rep. Steve Womack,2025-03-28,5000.00
VANTOR PARENT INC (FORMERLY REPORTED AS MAXAR INTELLIGENCE),Maxar Technologies Inc. PAC,Rep. George Whitesides,2025-03-28,1000.00
VANTOR PARENT INC (FORMERLY REPORTED AS MAXAR INTELLIGENCE),Maxar Technologies Inc. PAC,Sen. Jerry Moran,2025-03-28,1000.00
VANTOR PARENT INC (FORMERLY REPORTED AS MAXAR INTELLIGENCE),Maxar Technologies Inc. PAC,Rep. Brian Babin,2025-06-02,1000.00
VANTOR PARENT INC (FORMERLY REPORTED AS MAXAR INTELLIGENCE),Maxar Technologies Inc. PAC,Sen. Deb Fischer,2025-06-02,5000.00
VANTOR PARENT INC (FORMERLY REPORTED AS MAXAR INTELLIGENCE),Maxar Technologies Inc. PAC,Rep. Jeff Crank,2025-06-02,1000.00
VANTOR PARENT INC (FORMERLY REPORTED AS MAXAR INTELLIGENCE),Maxar Technologies Inc. PAC,Rep. Rob Wittman,2025-06-02,2000.00
VANTOR PARENT INC (FORMERLY REPORTED AS MAXAR INTELLIGENCE),Maxar Technologies Inc. PAC,Rep. Scott Franklin,2025-06-02,1000.00
VANTOR PARENT INC (FORMERLY REPORTED AS MAXAR INTELLIGENCE),Maxar Technologies Inc. PAC,Republican Governance Group,2025-06-02,2000.00
VANTOR PARENT INC (FORMERLY REPORTED AS MAXAR INTELLIGENCE),Maxar Technologies Inc. PAC,New Democrat Coalition,2025-06-02,2500.00
VANTOR PARENT INC (FORMERLY REPORTED AS MAXAR INTELLIGENCE),Maxar Technologies Inc. PAC,Rep. Rick Crawford,2025-06-26,1000.00
VANTOR PARENT INC (FORMERLY REPORTED AS MAXAR INTELLIGENCE),Maxar Technologies Inc. PAC,Rep. Mike Haridopolis,2025-06-26,1000.00
VANTOR PARENT INC (FORMERLY REPORTED AS MAXAR INTELLIGENCE),Maxar Technologies Inc. PAC,Rep. Mark Amodei,2025-06-26,1000.00
VANTOR PARENT INC (FORMERLY REPORTED AS MAXAR INTELLIGENCE),Maxar Technologies Inc. PAC,Rep. Dan Crenshaw,2025-06-26,1000.00
VANTOR PARENT INC (FORMERLY REPORTED AS MAXAR INTELLIGENCE),Maxar Technologies Inc. PAC,Rep. Mike Quigley,2025-06-26,1000.00
VANTOR PARENT INC (FORMERLY REPORTED AS MAXAR INTELLIGENCE),Maxar Technologies Inc. PAC,Rep. Chuck Fleischmann For Congress,2025-06-26,2000.00
VANTOR PARENT INC (FORMERLY REPORTED AS MAXAR INTELLIGENCE),Maxar Technologies Inc. PAC,Rep. Betty McCollum,2025-06-26,2500.00
VANTOR PARENT INC (FORMERLY REPORTED AS MAXAR INTELLIGENCE),Maxar Technologies Inc. PAC,Rep. Jeff Crank,2025-03-18,1000.00
VANTOR PARENT INC (FORMERLY REPORTED AS MAXAR INTELLIGENCE),Maxar Technologies Inc. PAC,Sen. Mark Warner,2025-01-17,1000.00
VANTOR PARENT INC (FORMERLY REPORTED AS MAXAR INTELLIGENCE),Maxar Technologies Inc. PAC,Rep. Jim Himes,2025-01-17,1000.00
VANTOR PARENT INC (FORMERLY REPORTED AS MAXAR INTELLIGENCE),Maxar Technologies Inc. PAC,Rep. Seth Moulton,2025-01-17,1000.00
VANTOR PARENT INC (FORMERLY REPORTED AS MAXAR INTELLIGENCE),Maxar Technologies Inc. PAC,Rep. Rick Crawford,2025-03-14,1000.00
VANTOR PARENT INC (FORMERLY REPORTED AS MAXAR INTELLIGENCE),Maxar Technologies Inc. PAC,Rep. Chrissy Houlahan,2025-03-14,1000.00
VANTOR PARENT INC (FORMERLY REPORTED AS MAXAR INTELLIGENCE),Maxar Technologies Inc. PAC,Rep. Ann Wagner,2025-03-14,1500.00
VANTOR PARENT INC (FORMERLY REPORTED AS MAXAR INTELLIGENCE),Maxar Technologies Inc. PAC,Rep. Jennifer Kiggans,2025-03-18,1000.00
VANTOR PARENT INC (FORMERLY REPORTED AS MAXAR INTELLIGENCE),Maxar Technologies Inc. PAC,Rep. Dan Crenshaw,2025-03-18,1000.00
VANTOR PARENT INC (FORMERLY REPORTED AS MAXAR INTELLIGENCE),Maxar Technologies Inc. PAC,Rep. Jim Himes,2025-03-18,1000.00
VANTOR PARENT INC (FORMERLY REPORTED AS MAXAR INTELLIGENCE),Maxar Technologies Inc. PAC,Rep. Mike Turner,2025-03-18,1000.00
VANTOR PARENT INC (FORMERLY REPORTED AS MAXAR INTELLIGENCE),Maxar Technologies Inc. PAC,Sen. Tom Cotton,2025-03-28,1000.00
VANTOR PARENT INC (FORMERLY REPORTED AS MAXAR INTELLIGENCE),Maxar Technologies Inc. PAC,Sen. Eric Schmitt,2025-03-28,5000.00
VANTOR PARENT INC (FORMERLY REPORTED AS MAXAR INTELLIGENCE),Maxar Technologies Inc. PAC,Rep. Steve Womack,2025-03-28,5000.00
VANTOR PARENT INC (FORMERLY REPORTED AS MAXAR INTELLIGENCE),Maxar Technologies Inc. PAC,Rep. Steve Womack,2025-03-28,5000.00
VANTOR PARENT INC (FORMERLY REPORTED AS MAXAR INTELLIGENCE),Maxar Technologies Inc. PAC,Rep. George Whitesides,2025-03-28,1000.00
VANTOR PARENT INC (FORMERLY REPORTED AS MAXAR INTELLIGENCE),Maxar Technologies Inc. PAC,Sen. Jerry Moran,2025-03-28,1000.00
VANTOR PARENT INC (FORMERLY REPORTED AS MAXAR INTELLIGENCE),Maxar Technologies Inc. PAC,Rep. Brian Babin,2025-06-02,1000.00
VANTOR PARENT INC (FORMERLY REPORTED AS MAXAR INTELLIGENCE),Maxar Technologies Inc. PAC,Sen. Deb Fischer,2025-06-02,5000.00
VANTOR PARENT INC (FORMERLY REPORTED AS MAXAR INTELLIGENCE),Maxar Technologies Inc. PAC,Rep. Jeff Crank,2025-06-02,1000.00
VANTOR PARENT INC (FORMERLY REPORTED AS MAXAR INTELLIGENCE),Maxar Technologies Inc. PAC,Rep. Rob Wittman,2025-06-02,2000.00
VANTOR PARENT INC (FORMERLY REPORTED AS MAXAR INTELLIGENCE),Maxar Technologies Inc. PAC,Rep. Scott Franklin,2025-06-02,1000.00
VANTOR PARENT INC (FORMERLY REPORTED AS MAXAR INTELLIGENCE),Maxar Technologies Inc. PAC,Republican Governance Group,2025-06-02,2000.00
VANTOR PARENT INC (FORMERLY REPORTED AS MAXAR INTELLIGENCE),Maxar Technologies Inc. PAC,New Democrat Coalition,2025-06-02,2500.00
VANTOR PARENT INC (FORMERLY REPORTED AS MAXAR INTELLIGENCE),Maxar Technologies Inc. PAC,Rep. Rick Crawford,2025-06-26,1000.00
VANTOR PARENT INC (FORMERLY REPORTED AS MAXAR INTELLIGENCE),Maxar Technologies Inc. PAC,Rep. Mike Haridopolis,2025-06-26,1000.00
VANTOR PARENT INC (FORMERLY REPORTED AS MAXAR INTELLIGENCE),Maxar Technologies Inc. PAC,Rep. Mark Amodei,2025-06-26,1000.00
VANTOR PARENT INC (FORMERLY REPORTED AS MAXAR INTELLIGENCE),Maxar Technologies Inc. PAC,Rep. Dan Crenshaw,2025-06-26,1000.00
VANTOR PARENT INC (FORMERLY REPORTED AS MAXAR INTELLIGENCE),Maxar Technologies Inc. PAC,Rep. Mike Quigley,2025-06-26,1000.00
VANTOR PARENT INC (FORMERLY REPORTED AS MAXAR INTELLIGENCE),Maxar Technologies Inc. PAC,Rep. Chuck Fleischmann For Congress,2025-06-26,2000.00
VANTOR PARENT INC (FORMERLY REPORTED AS MAXAR INTELLIGENCE),Maxar Technologies Inc. PAC,Rep. Betty McCollum,2025-06-26,2500.00
VANTOR PARENT INC (FORMERLY REPORTED AS MAXAR INTELLIGENCE),Maxar Technologies Inc. PAC,Rep. Jeff Crank,2025-03-18,1000.00
VANTOR PARENT INC (FORMERLY REPORTED AS MAXAR INTELLIGENCE),Maxar Technologies Inc. PAC,Sen. Mark Warner,2025-01-17,1000.00
VANTOR PARENT INC (FORMERLY REPORTED AS MAXAR INTELLIGENCE),Maxar Technologies Inc. PAC,Rep. Jim Himes,2025-01-17,1000.00
VANTOR PARENT INC (FORMERLY REPORTED AS MAXAR INTELLIGENCE),Maxar Technologies Inc. PAC,Rep. Seth Moulton,2025-01-17,1000.00
VANTOR PARENT INC (FORMERLY REPORTED AS MAXAR INTELLIGENCE),Maxar Technologies Inc. PAC,Rep. Rick Crawford,2025-03-14,1000.00
VANTOR PARENT INC (FORMERLY REPORTED AS MAXAR INTELLIGENCE),Maxar Technologies Inc. PAC,Rep. Chrissy Houlahan,2025-03-14,1000.00
VANTOR PARENT INC (FORMERLY REPORTED AS MAXAR INTELLIGENCE),Maxar Technologies Inc. PAC,Rep. Ann Wagner,2025-03-14,1500.00
VANTOR PARENT INC (FORMERLY REPORTED AS MAXAR INTELLIGENCE),Maxar Technologies Inc. PAC,Rep. Jennifer Kiggans,2025-03-18,1000.00
VANTOR PARENT INC (FORMERLY REPORTED AS MAXAR INTELLIGENCE),Maxar Technologies Inc. PAC,Rep. Dan Crenshaw,2025-03-18,1000.00
VANTOR PARENT INC (FORMERLY REPORTED AS MAXAR INTELLIGENCE),Maxar Technologies Inc. PAC,Rep. Jim Himes,2025-03-18,1000.00
VANTOR PARENT INC (FORMERLY REPORTED AS MAXAR INTELLIGENCE),Maxar Technologies Inc. PAC,Rep. Mike Turner,2025-03-18,1000.00
VANTOR PARENT INC (FORMERLY REPORTED AS MAXAR INTELLIGENCE),Maxar Technologies Inc. PAC,Sen. Tom Cotton,2025-03-28,1000.00
VANTOR PARENT INC (FORMERLY REPORTED AS MAXAR INTELLIGENCE),Maxar Technologies Inc. PAC,Sen. Eric Schmitt,2025-03-28,5000.00
VANTOR PARENT INC (FORMERLY REPORTED AS MAXAR INTELLIGENCE),Maxar Technologies Inc. PAC,Rep. Steve Womack,2025-03-28,5000.00
VANTOR PARENT INC (FORMERLY REPORTED AS MAXAR INTELLIGENCE),Maxar Technologies Inc. PAC,Rep. Steve Womack,2025-03-28,5000.00
VANTOR PARENT INC (FORMERLY REPORTED AS MAXAR INTELLIGENCE),Maxar Technologies Inc. PAC,Rep. George Whitesides,2025-03-28,1000.00
VANTOR PARENT INC (FORMERLY REPORTED AS MAXAR INTELLIGENCE),Maxar Technologies Inc. PAC,Sen. Jerry Moran,2025-03-28,1000.00
VANTOR PARENT INC (FORMERLY REPORTED AS MAXAR INTELLIGENCE),Maxar Technologies Inc. PAC,Rep. Brian Babin,2025-06-02,1000.00
VANTOR PARENT INC (FORMERLY REPORTED AS MAXAR INTELLIGENCE),Maxar Technologies Inc. PAC,Sen. Deb Fischer,2025-06-02,5000.00
VANTOR PARENT INC (FORMERLY REPORTED AS MAXAR INTELLIGENCE),Maxar Technologies Inc. PAC,Rep. Jeff Crank,2025-06-02,1000.00
VANTOR PARENT INC (FORMERLY REPORTED AS MAXAR INTELLIGENCE),Maxar Technologies Inc. PAC,Rep. Rob Wittman,2025-06-02,2000.00
VANTOR PARENT INC (FORMERLY REPORTED AS MAXAR INTELLIGENCE),Maxar Technologies Inc. PAC,Rep. Scott Franklin,2025-06-02,1000.00
VANTOR PARENT INC (FORMERLY REPORTED AS MAXAR INTELLIGENCE),Maxar Technologies Inc. PAC,Republican Governance Group,2025-06-02,2000.00
VANTOR PARENT INC (FORMERLY REPORTED AS MAXAR INTELLIGENCE),Maxar Technologies Inc. PAC,New Democrat Coalition,2025-06-02,2500.00
VANTOR PARENT INC (FORMERLY REPORTED AS MAXAR INTELLIGENCE),Maxar Technologies Inc. PAC,Rep. Rick Crawford,2025-06-26,1000.00
VANTOR PARENT INC (FORMERLY REPORTED AS MAXAR INTELLIGENCE),Maxar Technologies Inc. PAC,Rep. Mike Haridopolis,2025-06-26,1000.00
VANTOR PARENT INC (FORMERLY REPORTED AS MAXAR INTELLIGENCE),Maxar Technologies Inc. PAC,Rep. Mark Amodei,2025-06-26,1000.00
VANTOR PARENT INC (FORMERLY REPORTED AS MAXAR INTELLIGENCE),Maxar Technologies Inc. PAC,Rep. Dan Crenshaw,2025-06-26,1000.00
VANTOR PARENT INC (FORMERLY REPORTED AS MAXAR INTELLIGENCE),Maxar Technologies Inc. PAC,Rep. Mike Quigley,2025-06-26,1000.00
VANTOR PARENT INC (FORMERLY REPORTED AS MAXAR INTELLIGENCE),Maxar Technologies Inc. PAC,Rep. Chuck Fleischmann For Congress,2025-06-26,2000.00
VANTOR PARENT INC (FORMERLY REPORTED AS MAXAR INTELLIGENCE),Maxar Technologies Inc. PAC,Rep. Betty McCollum,2025-06-26,2500.00
VANTOR PARENT INC (FORMERLY REPORTED AS MAXAR INTELLIGENCE),Maxar Technologies Inc. PAC,Rep. Jeff Crank,2025-03-18,1000.00
VANTOR PARENT INC (FORMERLY REPORTED AS MAXAR INTELLIGENCE),Maxar Technologies Inc. PAC,Sen. Mark Warner,2025-01-17,1000.00
VANTOR PARENT INC (FORMERLY REPORTED AS MAXAR INTELLIGENCE),Maxar Technologies Inc. PAC,Rep. Jim Himes,2025-01-17,1000.00
VANTOR PARENT INC (FORMERLY REPORTED AS MAXAR INTELLIGENCE),Maxar Technologies Inc. PAC,Rep. Seth Moulton,2025-01-17,1000.00
VANTOR PARENT INC (FORMERLY REPORTED AS MAXAR INTELLIGENCE),Maxar Technologies Inc. PAC,Rep. Rick Crawford,2025-03-14,1000.00
VANTOR PARENT INC (FORMERLY REPORTED AS MAXAR INTELLIGENCE),Maxar Technologies Inc. PAC,Rep. Chrissy Houlahan,2025-03-14,1000.00
VANTOR PARENT INC (FORMERLY REPORTED AS MAXAR INTELLIGENCE),Maxar Technologies Inc. PAC,Rep. Ann Wagner,2025-03-14,1500.00
VANTOR PARENT INC (FORMERLY REPORTED AS MAXAR INTELLIGENCE),Maxar Technologies Inc. PAC,Rep. Jennifer Kiggans,2025-03-18,1000.00
VANTOR PARENT INC (FORMERLY REPORTED AS MAXAR INTELLIGENCE),Maxar Technologies Inc. PAC,Rep. Dan Crenshaw,2025-03-18,1000.00
VANTOR PARENT INC (FORMERLY REPORTED AS MAXAR INTELLIGENCE),Maxar Technologies Inc. PAC,Rep. Jim Himes,2025-03-18,1000.00
VANTOR PARENT INC (FORMERLY REPORTED AS MAXAR INTELLIGENCE),Maxar Technologies Inc. PAC,Rep. Mike Turner,2025-03-18,1000.00
VANTOR PARENT INC (FORMERLY REPORTED AS MAXAR INTELLIGENCE),Maxar Technologies Inc. PAC,Sen. Tom Cotton,2025-03-28,1000.00
VANTOR PARENT INC (FORMERLY REPORTED AS MAXAR INTELLIGENCE),Maxar Technologies Inc. PAC,Sen. Eric Schmitt,2025-03-28,5000.00
VANTOR PARENT INC (FORMERLY REPORTED AS MAXAR INTELLIGENCE),Maxar Technologies Inc. PAC,Rep. Steve Womack,2025-03-28,5000.00
VANTOR PARENT INC (FORMERLY REPORTED AS MAXAR INTELLIGENCE),Maxar Technologies Inc. PAC,Rep. Steve Womack,2025-03-28,5000.00
VANTOR PARENT INC (FORMERLY REPORTED AS MAXAR INTELLIGENCE),Maxar Technologies Inc. PAC,Rep. George Whitesides,2025-03-28,1000.00
VANTOR PARENT INC (FORMERLY REPORTED AS MAXAR INTELLIGENCE),Maxar Technologies Inc. PAC,Sen. Jerry Moran,2025-03-28,1000.00
VANTOR PARENT INC (FORMERLY REPORTED AS MAXAR INTELLIGENCE),Maxar Technologies Inc. PAC,Rep. Brian Babin,2025-06-02,1000.00
VANTOR PARENT INC (FORMERLY REPORTED AS MAXAR INTELLIGENCE),Maxar Technologies Inc. PAC,Sen. Deb Fischer,2025-06-02,5000.00
VANTOR PARENT INC (FORMERLY REPORTED AS MAXAR INTELLIGENCE),Maxar Technologies Inc. PAC,Rep. Jeff Crank,2025-06-02,1000.00
VANTOR PARENT INC (FORMERLY REPORTED AS MAXAR INTELLIGENCE),Maxar Technologies Inc. PAC,Rep. Rob Wittman,2025-06-02,2000.00
VANTOR PARENT INC (FORMERLY REPORTED AS MAXAR INTELLIGENCE),Maxar Technologies Inc. PAC,Rep. Scott Franklin,2025-06-02,1000.00
VANTOR PARENT INC (FORMERLY REPORTED AS MAXAR INTELLIGENCE),Maxar Technologies Inc. PAC,Republican Governance Group,2025-06-02,2000.00
VANTOR PARENT INC (FORMERLY REPORTED AS MAXAR INTELLIGENCE),Maxar Technologies Inc. PAC,New Democrat Coalition,2025-06-02,2500.00
VANTOR PARENT INC (FORMERLY REPORTED AS MAXAR INTELLIGENCE),Maxar Technologies Inc. PAC,Rep. Rick Crawford,2025-06-26,1000.00
VANTOR PARENT INC (FORMERLY REPORTED AS MAXAR INTELLIGENCE),Maxar Technologies Inc. PAC,Rep. Mike Haridopolis,2025-06-26,1000.00
VANTOR PARENT INC (FORMERLY REPORTED AS MAXAR INTELLIGENCE),Maxar Technologies Inc. PAC,Rep. Mark Amodei,2025-06-26,1000.00
VANTOR PARENT INC (FORMERLY REPORTED AS MAXAR INTELLIGENCE),Maxar Technologies Inc. PAC,Rep. Dan Crenshaw,2025-06-26,1000.00
VANTOR PARENT INC (FORMERLY REPORTED AS MAXAR INTELLIGENCE),Maxar Technologies Inc. PAC,Rep. Mike Quigley,2025-06-26,1000.00
VANTOR PARENT INC (FORMERLY REPORTED AS MAXAR INTELLIGENCE),Maxar Technologies Inc. PAC,Rep. Chuck Fleischmann For Congress,2025-06-26,2000.00
VANTOR PARENT INC (FORMERLY REPORTED AS MAXAR INTELLIGENCE),Maxar Technologies Inc. PAC,Rep. Betty McCollum,2025-06-26,2500.00
VANTOR PARENT INC (FORMERLY REPORTED AS MAXAR INTELLIGENCE),Maxar Technologies Inc. PAC,Rep. Jeff Crank,2025-03-18,1000.00
VANTOR PARENT INC (FORMERLY REPORTED AS MAXAR INTELLIGENCE),Maxar Technologies Inc. PAC,Sen. Mark Warner,2025-01-17,1000.00
VANTOR PARENT INC (FORMERLY REPORTED AS MAXAR INTELLIGENCE),Maxar Technologies Inc. PAC,Rep. Jim Himes,2025-01-17,1000.00
VANTOR PARENT INC (FORMERLY REPORTED AS MAXAR INTELLIGENCE),Maxar Technologies Inc. PAC,Rep. Seth Moulton,2025-01-17,1000.00
VANTOR PARENT INC (FORMERLY REPORTED AS MAXAR INTELLIGENCE),Maxar Technologies Inc. PAC,Rep. Rick Crawford,2025-03-14,1000.00
VANTOR PARENT INC (FORMERLY REPORTED AS MAXAR INTELLIGENCE),Maxar Technologies Inc. PAC,Rep. Chrissy Houlahan,2025-03-14,1000.00
VANTOR PARENT INC (FORMERLY REPORTED AS MAXAR INTELLIGENCE),Maxar Technologies Inc. PAC,Rep. Ann Wagner,2025-03-14,1500.00
VANTOR PARENT INC (FORMERLY REPORTED AS MAXAR INTELLIGENCE),Maxar Technologies Inc. PAC,Rep. Jennifer Kiggans,2025-03-18,1000.00
VANTOR PARENT INC (FORMERLY REPORTED AS MAXAR INTELLIGENCE),Maxar Technologies Inc. PAC,Rep. Dan Crenshaw,2025-03-18,1000.00
VANTOR PARENT INC (FORMERLY REPORTED AS MAXAR INTELLIGENCE),Maxar Technologies Inc. PAC,Rep. Jim Himes,2025-03-18,1000.00
VANTOR PARENT INC (FORMERLY REPORTED AS MAXAR INTELLIGENCE),Maxar Technologies Inc. PAC,Rep. Mike Turner,2025-03-18,1000.00
VANTOR PARENT INC (FORMERLY REPORTED AS MAXAR INTELLIGENCE),Maxar Technologies Inc. PAC,Sen. Tom Cotton,2025-03-28,1000.00
VANTOR PARENT INC (FORMERLY REPORTED AS MAXAR INTELLIGENCE),Maxar Technologies Inc. PAC,Sen. Eric Schmitt,2025-03-28,5000.00
VANTOR PARENT INC (FORMERLY REPORTED AS MAXAR INTELLIGENCE),Maxar Technologies Inc. PAC,Rep. Steve Womack,2025-03-28,5000.00
VANTOR PARENT INC (FORMERLY REPORTED AS MAXAR INTELLIGENCE),Maxar Technologies Inc. PAC,Rep. Steve Womack,2025-03-28,5000.00
VANTOR PARENT INC (FORMERLY REPORTED AS MAXAR INTELLIGENCE),Maxar Technologies Inc. PAC,Rep. George Whitesides,2025-03-28,1000.00
VANTOR PARENT INC (FORMERLY REPORTED AS MAXAR INTELLIGENCE),Maxar Technologies Inc. PAC,Sen. Jerry Moran,2025-03-28,1000.00
VANTOR PARENT INC (FORMERLY REPORTED AS MAXAR INTELLIGENCE),Maxar Technologies Inc. PAC,Rep. Brian Babin,2025-06-02,1000.00
VANTOR PARENT INC (FORMERLY REPORTED AS MAXAR INTELLIGENCE),Maxar Technologies Inc. PAC,Sen. Deb Fischer,2025-06-02,5000.00
VANTOR PARENT INC (FORMERLY REPORTED AS MAXAR INTELLIGENCE),Maxar Technologies Inc. PAC,Rep. Jeff Crank,2025-06-02,1000.00
VANTOR PARENT INC (FORMERLY REPORTED AS MAXAR INTELLIGENCE),Maxar Technologies Inc. PAC,Rep. Rob Wittman,2025-06-02,2000.00
VANTOR PARENT INC (FORMERLY REPORTED AS MAXAR INTELLIGENCE),Maxar Technologies Inc. PAC,Rep. Scott Franklin,2025-06-02,1000.00
VANTOR PARENT INC (FORMERLY REPORTED AS MAXAR INTELLIGENCE),Maxar Technologies Inc. PAC,Republican Governance Group,2025-06-02,2000.00
VANTOR PARENT INC (FORMERLY REPORTED AS MAXAR INTELLIGENCE),Maxar Technologies Inc. PAC,New Democrat Coalition,2025-06-02,2500.00
VANTOR PARENT INC (FORMERLY REPORTED AS MAXAR INTELLIGENCE),Maxar Technologies Inc. PAC,Rep. Rick Crawford,2025-06-26,1000.00
VANTOR PARENT INC (FORMERLY REPORTED AS MAXAR INTELLIGENCE),Maxar Technologies Inc. PAC,Rep. Mike Haridopolis,2025-06-26,1000.00
VANTOR PARENT INC (FORMERLY REPORTED AS MAXAR INTELLIGENCE),Maxar Technologies Inc. PAC,Rep. Mark Amodei,2025-06-26,1000.00
VANTOR PARENT INC (FORMERLY REPORTED AS MAXAR INTELLIGENCE),Maxar Technologies Inc. PAC,Rep. Dan Crenshaw,2025-06-26,1000.00
VANTOR PARENT INC (FORMERLY REPORTED AS MAXAR INTELLIGENCE),Maxar Technologies Inc. PAC,Rep. Mike Quigley,2025-06-26,1000.00
VANTOR PARENT INC (FORMERLY REPORTED AS MAXAR INTELLIGENCE),Maxar Technologies Inc. PAC,Rep. Chuck Fleischmann For Congress,2025-06-26,2000.00
VANTOR PARENT INC (FORMERLY REPORTED AS MAXAR INTELLIGENCE),Maxar Technologies Inc. PAC,Rep. Betty McCollum,2025-06-26,2500.00
VANTOR PARENT INC (FORMERLY REPORTED AS MAXAR INTELLIGENCE),Maxar Technologies Inc. PAC,Rep. Jeff Crank,2025-03-18,1000.00
VANTOR PARENT INC (FORMERLY REPORTED AS MAXAR INTELLIGENCE),Maxar Technologies Inc. PAC,Sen. Mark Warner,2025-01-17,1000.00
VANTOR PARENT INC (FORMERLY REPORTED AS MAXAR INTELLIGENCE),Maxar Technologies Inc. PAC,Rep. Jim Himes,2025-01-17,1000.00
VANTOR PARENT INC (FORMERLY REPORTED AS MAXAR INTELLIGENCE),Maxar Technologies Inc. PAC,Rep. Seth Moulton,2025-01-17,1000.00
VANTOR PARENT INC (FORMERLY REPORTED AS MAXAR INTELLIGENCE),Maxar Technologies Inc. PAC,Rep. Rick Crawford,2025-03-14,1000.00
VANTOR PARENT INC (FORMERLY REPORTED AS MAXAR INTELLIGENCE),Maxar Technologies Inc. PAC,Rep. Chrissy Houlahan,2025-03-14,1000.00
VANTOR PARENT INC (FORMERLY REPORTED AS MAXAR INTELLIGENCE),Maxar Technologies Inc. PAC,Rep. Ann Wagner,2025-03-14,1500.00
VANTOR PARENT INC (FORMERLY REPORTED AS MAXAR INTELLIGENCE),Maxar Technologies Inc. PAC,Rep. Jennifer Kiggans,2025-03-18,1000.00
VANTOR PARENT INC (FORMERLY REPORTED AS MAXAR INTELLIGENCE),Maxar Technologies Inc. PAC,Rep. Dan Crenshaw,2025-03-18,1000.00
VANTOR PARENT INC (FORMERLY REPORTED AS MAXAR INTELLIGENCE),Maxar Technologies Inc. PAC,Rep. Jim Himes,2025-03-18,1000.00
VANTOR PARENT INC (FORMERLY REPORTED AS MAXAR INTELLIGENCE),Maxar Technologies Inc. PAC,Rep. Mike Turner,2025-03-18,1000.00
VANTOR PARENT INC (FORMERLY REPORTED AS MAXAR INTELLIGENCE),Maxar Technologies Inc. PAC,Sen. Tom Cotton,2025-03-28,1000.00
VANTOR PARENT INC (FORMERLY REPORTED AS MAXAR INTELLIGENCE),Maxar Technologies Inc. PAC,Sen. Eric Schmitt,2025-03-28,5000.00
VANTOR PARENT INC (FORMERLY REPORTED AS MAXAR INTELLIGENCE),Maxar Technologies Inc. PAC,Rep. Steve Womack,2025-03-28,5000.00
VANTOR PARENT INC (FORMERLY REPORTED AS MAXAR INTELLIGENCE),Maxar Technologies Inc. PAC,Rep. Steve Womack,2025-03-28,5000.00
VANTOR PARENT INC (FORMERLY REPORTED AS MAXAR INTELLIGENCE),Maxar Technologies Inc. PAC,Rep. George Whitesides,2025-03-28,1000.00
VANTOR PARENT INC (FORMERLY REPORTED AS MAXAR INTELLIGENCE),Maxar Technologies Inc. PAC,Sen. Jerry Moran,2025-03-28,1000.00
VANTOR PARENT INC (FORMERLY REPORTED AS MAXAR INTELLIGENCE),Maxar Technologies Inc. PAC,Rep. Brian Babin,2025-06-02,1000.00
VANTOR PARENT INC (FORMERLY REPORTED AS MAXAR INTELLIGENCE),Maxar Technologies Inc. PAC,Sen. Deb Fischer,2025-06-02,5000.00
VANTOR PARENT INC (FORMERLY REPORTED AS MAXAR INTELLIGENCE),Maxar Technologies Inc. PAC,Rep. Jeff Crank,2025-06-02,1000.00
VANTOR PARENT INC (FORMERLY REPORTED AS MAXAR INTELLIGENCE),Maxar Technologies Inc. PAC,Rep. Rob Wittman,2025-06-02,2000.00
VANTOR PARENT INC (FORMERLY REPORTED AS MAXAR INTELLIGENCE),Maxar Technologies Inc. PAC,Rep. Scott Franklin,2025-06-02,1000.00
VANTOR PARENT INC (FORMERLY REPORTED AS MAXAR INTELLIGENCE),Maxar Technologies Inc. PAC,Republican Governance Group,2025-06-02,2000.00
VANTOR PARENT INC (FORMERLY REPORTED AS MAXAR INTELLIGENCE),Maxar Technologies Inc. PAC,New Democrat Coalition,2025-06-02,2500.00
VANTOR PARENT INC (FORMERLY REPORTED AS MAXAR INTELLIGENCE),Maxar Technologies Inc. PAC,Rep. Rick Crawford,2025-06-26,1000.00
VANTOR PARENT INC (FORMERLY REPORTED AS MAXAR INTELLIGENCE),Maxar Technologies Inc. PAC,Rep. Mike Haridopolis,2025-06-26,1000.00
VANTOR PARENT INC (FORMERLY REPORTED AS MAXAR INTELLIGENCE),Maxar Technologies Inc. PAC,Rep. Mark Amodei,2025-06-26,1000.00
VANTOR PARENT INC (FORMERLY REPORTED AS MAXAR INTELLIGENCE),Maxar Technologies Inc. PAC,Rep. Dan Crenshaw,2025-06-26,1000.00
VANTOR PARENT INC (FORMERLY REPORTED AS MAXAR INTELLIGENCE),Maxar Technologies Inc. PAC,Rep. Mike Quigley,2025-06-26,1000.00
VANTOR PARENT INC (FORMERLY REPORTED AS MAXAR INTELLIGENCE),Maxar Technologies Inc. PAC,Rep. Chuck Fleischmann For Congress,2025-06-26,2000.00
VANTOR PARENT INC (FORMERLY REPORTED AS MAXAR INTELLIGENCE),Maxar Technologies Inc. PAC,Rep. Betty McCollum,2025-06-26,2500.00
VANTOR PARENT INC (FORMERLY REPORTED AS MAXAR INTELLIGENCE),Maxar Technologies Inc. PAC,Rep. Jeff Crank,2025-03-18,1000.00
VANTOR PARENT INC (FORMERLY REPORTED AS MAXAR INTELLIGENCE),Maxar Technologies Inc. PAC,Sen. Mark Warner,2025-01-17,1000.00
VANTOR PARENT INC (FORMERLY REPORTED AS MAXAR INTELLIGENCE),Maxar Technologies Inc. PAC,Rep. Jim Himes,2025-01-17,1000.00
VANTOR PARENT INC (FORMERLY REPORTED AS MAXAR INTELLIGENCE),Maxar Technologies Inc. PAC,Rep. Seth Moulton,2025-01-17,1000.00
VANTOR PARENT INC (FORMERLY REPORTED AS MAXAR INTELLIGENCE),Maxar Technologies Inc. PAC,Rep. Rick Crawford,2025-03-14,1000.00
VANTOR PARENT INC (FORMERLY REPORTED AS MAXAR INTELLIGENCE),Maxar Technologies Inc. PAC,Rep. Chrissy Houlahan,2025-03-14,1000.00
VANTOR PARENT INC (FORMERLY REPORTED AS MAXAR INTELLIGENCE),Maxar Technologies Inc. PAC,Rep. Ann Wagner,2025-03-14,1500.00
VANTOR PARENT INC (FORMERLY REPORTED AS MAXAR INTELLIGENCE),Maxar Technologies Inc. PAC,Rep. Jennifer Kiggans,2025-03-18,1000.00
VANTOR PARENT INC (FORMERLY REPORTED AS MAXAR INTELLIGENCE),Maxar Technologies Inc. PAC,Rep. Dan Crenshaw,2025-03-18,1000.00
VANTOR PARENT INC (FORMERLY REPORTED AS MAXAR INTELLIGENCE),Maxar Technologies Inc. PAC,Rep. Jim Himes,2025-03-18,1000.00
VANTOR PARENT INC (FORMERLY REPORTED AS MAXAR INTELLIGENCE),Maxar Technologies Inc. PAC,Rep. Mike Turner,2025-03-18,1000.00
VANTOR PARENT INC (FORMERLY REPORTED AS MAXAR INTELLIGENCE),Maxar Technologies Inc. PAC,Sen. Tom Cotton,2025-03-28,1000.00
VANTOR PARENT INC (FORMERLY REPORTED AS MAXAR INTELLIGENCE),Maxar Technologies Inc. PAC,Sen. Eric Schmitt,2025-03-28,5000.00
VANTOR PARENT INC (FORMERLY REPORTED AS MAXAR INTELLIGENCE),Maxar Technologies Inc. PAC,Rep. Steve Womack,2025-03-28,5000.00
VANTOR PARENT INC (FORMERLY REPORTED AS MAXAR INTELLIGENCE),Maxar Technologies Inc. PAC,Rep. Steve Womack,2025-03-28,5000.00
VANTOR PARENT INC (FORMERLY REPORTED AS MAXAR INTELLIGENCE),Maxar Technologies Inc. PAC,Rep. George Whitesides,2025-03-28,1000.00
VANTOR PARENT INC (FORMERLY REPORTED AS MAXAR INTELLIGENCE),Maxar Technologies Inc. PAC,Sen. Jerry Moran,2025-03-28,1000.00
VANTOR PARENT INC (FORMERLY REPORTED AS MAXAR INTELLIGENCE),Maxar Technologies Inc. PAC,Rep. Brian Babin,2025-06-02,1000.00
VANTOR PARENT INC (FORMERLY REPORTED AS MAXAR INTELLIGENCE),Maxar Technologies Inc. PAC,Sen. Deb Fischer,2025-06-02,5000.00
VANTOR PARENT INC (FORMERLY REPORTED AS MAXAR INTELLIGENCE),Maxar Technologies Inc. PAC,Rep. Jeff Crank,2025-06-02,1000.00
VANTOR PARENT INC (FORMERLY REPORTED AS MAXAR INTELLIGENCE),Maxar Technologies Inc. PAC,Rep. Rob Wittman,2025-06-02,2000.00
VANTOR PARENT INC (FORMERLY REPORTED AS MAXAR INTELLIGENCE),Maxar Technologies Inc. PAC,Rep. Scott Franklin,2025-06-02,1000.00
VANTOR PARENT INC (FORMERLY REPORTED AS MAXAR INTELLIGENCE),Maxar Technologies Inc. PAC,Republican Governance Group,2025-06-02,2000.00
VANTOR PARENT INC (FORMERLY REPORTED AS MAXAR INTELLIGENCE),Maxar Technologies Inc. PAC,New Democrat Coalition,2025-06-02,2500.00
VANTOR PARENT INC (FORMERLY REPORTED AS MAXAR INTELLIGENCE),Maxar Technologies Inc. PAC,Rep. Rick Crawford,2025-06-26,1000.00
VANTOR PARENT INC (FORMERLY REPORTED AS MAXAR INTELLIGENCE),Maxar Technologies Inc. PAC,Rep. Mike Haridopolis,2025-06-26,1000.00
VANTOR PARENT INC (FORMERLY REPORTED AS MAXAR INTELLIGENCE),Maxar Technologies Inc. PAC,Rep. Mark Amodei,2025-06-26,1000.00
VANTOR PARENT INC (FORMERLY REPORTED AS MAXAR INTELLIGENCE),Maxar Technologies Inc. PAC,Rep. Dan Crenshaw,2025-06-26,1000.00
VANTOR PARENT INC (FORMERLY REPORTED AS MAXAR INTELLIGENCE),Maxar Technologies Inc. PAC,Rep. Mike Quigley,2025-06-26,1000.00
VANTOR PARENT INC (FORMERLY REPORTED AS MAXAR INTELLIGENCE),Maxar Technologies Inc. PAC,Rep. Chuck Fleischmann For Congress,2025-06-26,2000.00
VANTOR PARENT INC (FORMERLY REPORTED AS MAXAR INTELLIGENCE),Maxar Technologies Inc. PAC,Rep. Betty McCollum,2025-06-26,2500.00
VANTOR PARENT INC (FORMERLY REPORTED AS MAXAR INTELLIGENCE),Maxar Technologies Inc. PAC,Rep. Jeff Crank,2025-03-18,1000.00
VANTOR PARENT INC (FORMERLY REPORTED AS MAXAR INTELLIGENCE),Maxar Technologies Inc. PAC,Sen. Mark Warner,2025-01-17,1000.00
VANTOR PARENT INC (FORMERLY REPORTED AS MAXAR INTELLIGENCE),Maxar Technologies Inc. PAC,Rep. Jim Himes,2025-01-17,1000.00
VANTOR PARENT INC (FORMERLY REPORTED AS MAXAR INTELLIGENCE),Maxar Technologies Inc. PAC,Rep. Seth Moulton,2025-01-17,1000.00
VANTOR PARENT INC (FORMERLY REPORTED AS MAXAR INTELLIGENCE),Maxar Technologies Inc. PAC,Rep. Rick Crawford,2025-03-14,1000.00
VANTOR PARENT INC (FORMERLY REPORTED AS MAXAR INTELLIGENCE),Maxar Technologies Inc. PAC,Rep. Chrissy Houlahan,2025-03-14,1000.00
VANTOR PARENT INC (FORMERLY REPORTED AS MAXAR INTELLIGENCE),Maxar Technologies Inc. PAC,Rep. Ann Wagner,2025-03-14,1500.00
VANTOR PARENT INC (FORMERLY REPORTED AS MAXAR INTELLIGENCE),Maxar Technologies Inc. PAC,Rep. Jennifer Kiggans,2025-03-18,1000.00
VANTOR PARENT INC (FORMERLY REPORTED AS MAXAR INTELLIGENCE),Maxar Technologies Inc. PAC,Rep. Dan Crenshaw,2025-03-18,1000.00
VANTOR PARENT INC (FORMERLY REPORTED AS MAXAR INTELLIGENCE),Maxar Technologies Inc. PAC,Rep. Jim Himes,2025-03-18,1000.00
VANTOR PARENT INC (FORMERLY REPORTED AS MAXAR INTELLIGENCE),Maxar Technologies Inc. PAC,Rep. Mike Turner,2025-03-18,1000.00
VANTOR PARENT INC (FORMERLY REPORTED AS MAXAR INTELLIGENCE),Maxar Technologies Inc. PAC,Sen. Tom Cotton,2025-03-28,1000.00
VANTOR PARENT INC (FORMERLY REPORTED AS MAXAR INTELLIGENCE),Maxar Technologies Inc. PAC,Sen. Eric Schmitt,2025-03-28,5000.00
VANTOR PARENT INC (FORMERLY REPORTED AS MAXAR INTELLIGENCE),Maxar Technologies Inc. PAC,Rep. Steve Womack,2025-03-28,5000.00
VANTOR PARENT INC (FORMERLY REPORTED AS MAXAR INTELLIGENCE),Maxar Technologies Inc. PAC,Rep. Steve Womack,2025-03-28,5000.00
VANTOR PARENT INC (FORMERLY REPORTED AS MAXAR INTELLIGENCE),Maxar Technologies Inc. PAC,Rep. George Whitesides,2025-03-28,1000.00
VANTOR PARENT INC (FORMERLY REPORTED AS MAXAR INTELLIGENCE),Maxar Technologies Inc. PAC,Sen. Jerry Moran,2025-03-28,1000.00
VANTOR PARENT INC (FORMERLY REPORTED AS MAXAR INTELLIGENCE),Maxar Technologies Inc. PAC,Rep. Brian Babin,2025-06-02,1000.00
VANTOR PARENT INC (FORMERLY REPORTED AS MAXAR INTELLIGENCE),Maxar Technologies Inc. PAC,Sen. Deb Fischer,2025-06-02,5000.00
VANTOR PARENT INC (FORMERLY REPORTED AS MAXAR INTELLIGENCE),Maxar Technologies Inc. PAC,Rep. Jeff Crank,2025-06-02,1000.00
VANTOR PARENT INC (FORMERLY REPORTED AS MAXAR INTELLIGENCE),Maxar Technologies Inc. PAC,Rep. Rob Wittman,2025-06-02,2000.00
VANTOR PARENT INC (FORMERLY REPORTED AS MAXAR INTELLIGENCE),Maxar Technologies Inc. PAC,Rep. Scott Franklin,2025-06-02,1000.00
VANTOR PARENT INC (FORMERLY REPORTED AS MAXAR INTELLIGENCE),Maxar Technologies Inc. PAC,Republican Governance Group,2025-06-02,2000.00
VANTOR PARENT INC (FORMERLY REPORTED AS MAXAR INTELLIGENCE),Maxar Technologies Inc. PAC,New Democrat Coalition,2025-06-02,2500.00
VANTOR PARENT INC (FORMERLY REPORTED AS MAXAR INTELLIGENCE),Maxar Technologies Inc. PAC,Rep. Rick Crawford,2025-06-26,1000.00
VANTOR PARENT INC (FORMERLY REPORTED AS MAXAR INTELLIGENCE),Maxar Technologies Inc. PAC,Rep. Mike Haridopolis,2025-06-26,1000.00
VANTOR PARENT INC (FORMERLY REPORTED AS MAXAR INTELLIGENCE),Maxar Technologies Inc. PAC,Rep. Mark Amodei,2025-06-26,1000.00
VANTOR PARENT INC (FORMERLY REPORTED AS MAXAR INTELLIGENCE),Maxar Technologies Inc. PAC,Rep. Dan Crenshaw,2025-06-26,1000.00
VANTOR PARENT INC (FORMERLY REPORTED AS MAXAR INTELLIGENCE),Maxar Technologies Inc. PAC,Rep. Mike Quigley,2025-06-26,1000.00
VANTOR PARENT INC (FORMERLY REPORTED AS MAXAR INTELLIGENCE),Maxar Technologies Inc. PAC,Rep. Chuck Fleischmann For Congress,2025-06-26,2000.00
VANTOR PARENT INC (FORMERLY REPORTED AS MAXAR INTELLIGENCE),Maxar Technologies Inc. PAC,Rep. Betty McCollum,2025-06-26,2500.00
VANTOR PARENT INC (FORMERLY REPORTED AS MAXAR INTELLIGENCE),Maxar Technologies Inc. PAC,Rep. Jeff Crank,2025-03-18,1000.00
VANTOR PARENT INC (FORMERLY REPORTED AS MAXAR INTELLIGENCE),Maxar Technologies Inc. PAC,Sen. Mark Warner,2025-01-17,1000.00
VANTOR PARENT INC (FORMERLY REPORTED AS MAXAR INTELLIGENCE),Maxar Technologies Inc. PAC,Rep. Jim Himes,2025-01-17,1000.00
VANTOR PARENT INC (FORMERLY REPORTED AS MAXAR INTELLIGENCE),Maxar Technologies Inc. PAC,Rep. Seth Moulton,2025-01-17,1000.00
VANTOR PARENT INC (FORMERLY REPORTED AS MAXAR INTELLIGENCE),Maxar Technologies Inc. PAC,Rep. Rick Crawford,2025-03-14,1000.00
VANTOR PARENT INC (FORMERLY REPORTED AS MAXAR INTELLIGENCE),Maxar Technologies Inc. PAC,Rep. Chrissy Houlahan,2025-03-14,1000.00
VANTOR PARENT INC (FORMERLY REPORTED AS MAXAR INTELLIGENCE),Maxar Technologies Inc. PAC,Rep. Ann Wagner,2025-03-14,1500.00
VANTOR PARENT INC (FORMERLY REPORTED AS MAXAR INTELLIGENCE),Maxar Technologies Inc. PAC,Rep. Jennifer Kiggans,2025-03-18,1000.00
VANTOR PARENT INC (FORMERLY REPORTED AS MAXAR INTELLIGENCE),Maxar Technologies Inc. PAC,Rep. Dan Crenshaw,2025-03-18,1000.00
VANTOR PARENT INC (FORMERLY REPORTED AS MAXAR INTELLIGENCE),Maxar Technologies Inc. PAC,Rep. Jim Himes,2025-03-18,1000.00
VANTOR PARENT INC (FORMERLY REPORTED AS MAXAR INTELLIGENCE),Maxar Technologies Inc. PAC,Rep. Mike Turner,2025-03-18,1000.00
VANTOR PARENT INC (FORMERLY REPORTED AS MAXAR INTELLIGENCE),Maxar Technologies Inc. PAC,Sen. Tom Cotton,2025-03-28,1000.00
VANTOR PARENT INC (FORMERLY REPORTED AS MAXAR INTELLIGENCE),Maxar Technologies Inc. PAC,Sen. Eric Schmitt,2025-03-28,5000.00
VANTOR PARENT INC (FORMERLY REPORTED AS MAXAR INTELLIGENCE),Maxar Technologies Inc. PAC,Rep. Steve Womack,2025-03-28,5000.00
VANTOR PARENT INC (FORMERLY REPORTED AS MAXAR INTELLIGENCE),Maxar Technologies Inc. PAC,Rep. Steve Womack,2025-03-28,5000.00
VANTOR PARENT INC (FORMERLY REPORTED AS MAXAR INTELLIGENCE),Maxar Technologies Inc. PAC,Rep. George Whitesides,2025-03-28,1000.00
VANTOR PARENT INC (FORMERLY REPORTED AS MAXAR INTELLIGENCE),Maxar Technologies Inc. PAC,Sen. Jerry Moran,2025-03-28,1000.00
VANTOR PARENT INC (FORMERLY REPORTED AS MAXAR INTELLIGENCE),Maxar Technologies Inc. PAC,Rep. Brian Babin,2025-06-02,1000.00
VANTOR PARENT INC (FORMERLY REPORTED AS MAXAR INTELLIGENCE),Maxar Technologies Inc. PAC,Sen. Deb Fischer,2025-06-02,5000.00
VANTOR PARENT INC (FORMERLY REPORTED AS MAXAR INTELLIGENCE),Maxar Technologies Inc. PAC,Rep. Jeff Crank,2025-06-02,1000.00
VANTOR PARENT INC (FORMERLY REPORTED AS MAXAR INTELLIGENCE),Maxar Technologies Inc. PAC,Rep. Rob Wittman,2025-06-02,2000.00
VANTOR PARENT INC (FORMERLY REPORTED AS MAXAR INTELLIGENCE),Maxar Technologies Inc. PAC,Rep. Scott Franklin,2025-06-02,1000.00
VANTOR PARENT INC (FORMERLY REPORTED AS MAXAR INTELLIGENCE),Maxar Technologies Inc. PAC,Republican Governance Group,2025-06-02,2000.00
VANTOR PARENT INC (FORMERLY REPORTED AS MAXAR INTELLIGENCE),Maxar Technologies Inc. PAC,New Democrat Coalition,2025-06-02,2500.00
VANTOR PARENT INC (FORMERLY REPORTED AS MAXAR INTELLIGENCE),Maxar Technologies Inc. PAC,Rep. Rick Crawford,2025-06-26,1000.00
VANTOR PARENT INC (FORMERLY REPORTED AS MAXAR INTELLIGENCE),Maxar Technologies Inc. PAC,Rep. Mike Haridopolis,2025-06-26,1000.00
VANTOR PARENT INC (FORMERLY REPORTED AS MAXAR INTELLIGENCE),Maxar Technologies Inc. PAC,Rep. Mark Amodei,2025-06-26,1000.00
VANTOR PARENT INC (FORMERLY REPORTED AS MAXAR INTELLIGENCE),Maxar Technologies Inc. PAC,Rep. Dan Crenshaw,2025-06-26,1000.00
VANTOR PARENT INC (FORMERLY REPORTED AS MAXAR INTELLIGENCE),Maxar Technologies Inc. PAC,Rep. Mike Quigley,2025-06-26,1000.00
VANTOR PARENT INC (FORMERLY REPORTED AS MAXAR INTELLIGENCE),Maxar Technologies Inc. PAC,Rep. Chuck Fleischmann For Congress,2025-06-26,2000.00
VANTOR PARENT INC (FORMERLY REPORTED AS MAXAR INTELLIGENCE),Maxar Technologies Inc. PAC,Rep. Betty McCollum,2025-06-26,2500.00
VANTOR PARENT INC (FORMERLY REPORTED AS MAXAR INTELLIGENCE),Maxar Technologies Inc. PAC,Rep. Jeff Crank,2025-03-18,1000.00
VANTOR PARENT INC (FORMERLY REPORTED AS MAXAR INTELLIGENCE),Maxar Technologies Inc. PAC,Sen. Mark Warner,2025-01-17,1000.00
VANTOR PARENT INC (FORMERLY REPORTED AS MAXAR INTELLIGENCE),Maxar Technologies Inc. PAC,Rep. Jim Himes,2025-01-17,1000.00
VANTOR PARENT INC (FORMERLY REPORTED AS MAXAR INTELLIGENCE),Maxar Technologies Inc. PAC,Rep. Seth Moulton,2025-01-17,1000.00
VANTOR PARENT INC (FORMERLY REPORTED AS MAXAR INTELLIGENCE),Maxar Technologies Inc. PAC,Rep. Rick Crawford,2025-03-14,1000.00
VANTOR PARENT INC (FORMERLY REPORTED AS MAXAR INTELLIGENCE),Maxar Technologies Inc. PAC,Rep. Chrissy Houlahan,2025-03-14,1000.00
VANTOR PARENT INC (FORMERLY REPORTED AS MAXAR INTELLIGENCE),Maxar Technologies Inc. PAC,Rep. Ann Wagner,2025-03-14,1500.00
VANTOR PARENT INC (FORMERLY REPORTED AS MAXAR INTELLIGENCE),Maxar Technologies Inc. PAC,Rep. Jennifer Kiggans,2025-03-18,1000.00
VANTOR PARENT INC (FORMERLY REPORTED AS MAXAR INTELLIGENCE),Maxar Technologies Inc. PAC,Rep. Dan Crenshaw,2025-03-18,1000.00
VANTOR PARENT INC (FORMERLY REPORTED AS MAXAR INTELLIGENCE),Maxar Technologies Inc. PAC,Rep. Jim Himes,2025-03-18,1000.00
VANTOR PARENT INC (FORMERLY REPORTED AS MAXAR INTELLIGENCE),Maxar Technologies Inc. PAC,Rep. Mike Turner,2025-03-18,1000.00
VANTOR PARENT INC (FORMERLY REPORTED AS MAXAR INTELLIGENCE),Maxar Technologies Inc. PAC,Sen. Tom Cotton,2025-03-28,1000.00
VANTOR PARENT INC (FORMERLY REPORTED AS MAXAR INTELLIGENCE),Maxar Technologies Inc. PAC,Sen. Eric Schmitt,2025-03-28,5000.00
VANTOR PARENT INC (FORMERLY REPORTED AS MAXAR INTELLIGENCE),Maxar Technologies Inc. PAC,Rep. Steve Womack,2025-03-28,5000.00
VANTOR PARENT INC (FORMERLY REPORTED AS MAXAR INTELLIGENCE),Maxar Technologies Inc. PAC,Rep. Steve Womack,2025-03-28,5000.00
VANTOR PARENT INC (FORMERLY REPORTED AS MAXAR INTELLIGENCE),Maxar Technologies Inc. PAC,Rep. George Whitesides,2025-03-28,1000.00
VANTOR PARENT INC (FORMERLY REPORTED AS MAXAR INTELLIGENCE),Maxar Technologies Inc. PAC,Sen. Jerry Moran,2025-03-28,1000.00
VANTOR PARENT INC (FORMERLY REPORTED AS MAXAR INTELLIGENCE),Maxar Technologies Inc. PAC,Rep. Brian Babin,2025-06-02,1000.00
VANTOR PARENT INC (FORMERLY REPORTED AS MAXAR INTELLIGENCE),Maxar Technologies Inc. PAC,Sen. Deb Fischer,2025-06-02,5000.00
VANTOR PARENT INC (FORMERLY REPORTED AS MAXAR INTELLIGENCE),Maxar Technologies Inc. PAC,Rep. Jeff Crank,2025-06-02,1000.00
VANTOR PARENT INC (FORMERLY REPORTED AS MAXAR INTELLIGENCE),Maxar Technologies Inc. PAC,Rep. Rob Wittman,2025-06-02,2000.00
VANTOR PARENT INC (FORMERLY REPORTED AS MAXAR INTELLIGENCE),Maxar Technologies Inc. PAC,Rep. Scott Franklin,2025-06-02,1000.00
VANTOR PARENT INC (FORMERLY REPORTED AS MAXAR INTELLIGENCE),Maxar Technologies Inc. PAC,Republican Governance Group,2025-06-02,2000.00
VANTOR PARENT INC (FORMERLY REPORTED AS MAXAR INTELLIGENCE),Maxar Technologies Inc. PAC,New Democrat Coalition,2025-06-02,2500.00
VANTOR PARENT INC (FORMERLY REPORTED AS MAXAR INTELLIGENCE),Maxar Technologies Inc. PAC,Rep. Rick Crawford,2025-06-26,1000.00
VANTOR PARENT INC (FORMERLY REPORTED AS MAXAR INTELLIGENCE),Maxar Technologies Inc. PAC,Rep. Mike Haridopolis,2025-06-26,1000.00
VANTOR PARENT INC (FORMERLY REPORTED AS MAXAR INTELLIGENCE),Maxar Technologies Inc. PAC,Rep. Mark Amodei,2025-06-26,1000.00
VANTOR PARENT INC (FORMERLY REPORTED AS MAXAR INTELLIGENCE),Maxar Technologies Inc. PAC,Rep. Dan Crenshaw,2025-06-26,1000.00
VANTOR PARENT INC (FORMERLY REPORTED AS MAXAR INTELLIGENCE),Maxar Technologies Inc. PAC,Rep. Mike Quigley,2025-06-26,1000.00
VANTOR PARENT INC (FORMERLY REPORTED AS MAXAR INTELLIGENCE),Maxar Technologies Inc. PAC,Rep. Chuck Fleischmann For Congress,2025-06-26,2000.00
VANTOR PARENT INC (FORMERLY REPORTED AS MAXAR INTELLIGENCE),Maxar Technologies Inc. PAC,Rep. Betty McCollum,2025-06-26,2500.00
VANTOR PARENT INC (FORMERLY REPORTED AS MAXAR INTELLIGENCE),Maxar Technologies Inc. PAC,Rep. Jeff Crank,2025-03-18,1000.00
VANTOR PARENT INC (FORMERLY REPORTED AS MAXAR INTELLIGENCE),Maxar Technologies Inc. PAC,Sen. Mark Warner,2025-01-17,1000.00
VANTOR PARENT INC (FORMERLY REPORTED AS MAXAR INTELLIGENCE),Maxar Technologies Inc. PAC,Rep. Jim Himes,2025-01-17,1000.00
VANTOR PARENT INC (FORMERLY REPORTED AS MAXAR INTELLIGENCE),Maxar Technologies Inc. PAC,Rep. Seth Moulton,2025-01-17,1000.00
VANTOR PARENT INC (FORMERLY REPORTED AS MAXAR INTELLIGENCE),Maxar Technologies Inc. PAC,Rep. Rick Crawford,2025-03-14,1000.00
VANTOR PARENT INC (FORMERLY REPORTED AS MAXAR INTELLIGENCE),Maxar Technologies Inc. PAC,Rep. Chrissy Houlahan,2025-03-14,1000.00
VANTOR PARENT INC (FORMERLY REPORTED AS MAXAR INTELLIGENCE),Maxar Technologies Inc. PAC,Rep. Ann Wagner,2025-03-14,1500.00
VANTOR PARENT INC (FORMERLY REPORTED AS MAXAR INTELLIGENCE),Maxar Technologies Inc. PAC,Rep. Jennifer Kiggans,2025-03-18,1000.00
VANTOR PARENT INC (FORMERLY REPORTED AS MAXAR INTELLIGENCE),Maxar Technologies Inc. PAC,Rep. Dan Crenshaw,2025-03-18,1000.00
VANTOR PARENT INC (FORMERLY REPORTED AS MAXAR INTELLIGENCE),Maxar Technologies Inc. PAC,Rep. Jim Himes,2025-03-18,1000.00
VANTOR PARENT INC (FORMERLY REPORTED AS MAXAR INTELLIGENCE),Maxar Technologies Inc. PAC,Rep. Mike Turner,2025-03-18,1000.00
VANTOR PARENT INC (FORMERLY REPORTED AS MAXAR INTELLIGENCE),Maxar Technologies Inc. PAC,Sen. Tom Cotton,2025-03-28,1000.00
VANTOR PARENT INC (FORMERLY REPORTED AS MAXAR INTELLIGENCE),Maxar Technologies Inc. PAC,Sen. Eric Schmitt,2025-03-28,5000.00
VANTOR PARENT INC (FORMERLY REPORTED AS MAXAR INTELLIGENCE),Maxar Technologies Inc. PAC,Rep. Steve Womack,2025-03-28,5000.00
VANTOR PARENT INC (FORMERLY REPORTED AS MAXAR INTELLIGENCE),Maxar Technologies Inc. PAC,Rep. Steve Womack,2025-03-28,5000.00
VANTOR PARENT INC (FORMERLY REPORTED AS MAXAR INTELLIGENCE),Maxar Technologies Inc. PAC,Rep. George Whitesides,2025-03-28,1000.00
VANTOR PARENT INC (FORMERLY REPORTED AS MAXAR INTELLIGENCE),Maxar Technologies Inc. PAC,Sen. Jerry Moran,2025-03-28,1000.00
VANTOR PARENT INC (FORMERLY REPORTED AS MAXAR INTELLIGENCE),Maxar Technologies Inc. PAC,Rep. Brian Babin,2025-06-02,1000.00
VANTOR PARENT INC (FORMERLY REPORTED AS MAXAR INTELLIGENCE),Maxar Technologies Inc. PAC,Sen. Deb Fischer,2025-06-02,5000.00
VANTOR PARENT INC (FORMERLY REPORTED AS MAXAR INTELLIGENCE),Maxar Technologies Inc. PAC,Rep. Jeff Crank,2025-06-02,1000.00
VANTOR PARENT INC (FORMERLY REPORTED AS MAXAR INTELLIGENCE),Maxar Technologies Inc. PAC,Rep. Rob Wittman,2025-06-02,2000.00
VANTOR PARENT INC (FORMERLY REPORTED AS MAXAR INTELLIGENCE),Maxar Technologies Inc. PAC,Rep. Scott Franklin,2025-06-02,1000.00
VANTOR PARENT INC (FORMERLY REPORTED AS MAXAR INTELLIGENCE),Maxar Technologies Inc. PAC,Republican Governance Group,2025-06-02,2000.00
VANTOR PARENT INC (FORMERLY REPORTED AS MAXAR INTELLIGENCE),Maxar Technologies Inc. PAC,New Democrat Coalition,2025-06-02,2500.00
VANTOR PARENT INC (FORMERLY REPORTED AS MAXAR INTELLIGENCE),Maxar Technologies Inc. PAC,Rep. Rick Crawford,2025-06-26,1000.00
VANTOR PARENT INC (FORMERLY REPORTED AS MAXAR INTELLIGENCE),Maxar Technologies Inc. PAC,Rep. Mike Haridopolis,2025-06-26,1000.00
VANTOR PARENT INC (FORMERLY REPORTED AS MAXAR INTELLIGENCE),Maxar Technologies Inc. PAC,Rep. Mark Amodei,2025-06-26,1000.00
VANTOR PARENT INC (FORMERLY REPORTED AS MAXAR INTELLIGENCE),Maxar Technologies Inc. PAC,Rep. Dan Crenshaw,2025-06-26,1000.00
VANTOR PARENT INC (FORMERLY REPORTED AS MAXAR INTELLIGENCE),Maxar Technologies Inc. PAC,Rep. Mike Quigley,2025-06-26,1000.00
VANTOR PARENT INC (FORMERLY REPORTED AS MAXAR INTELLIGENCE),Maxar Technologies Inc. PAC,Rep. Chuck Fleischmann For Congress,2025-06-26,2000.00
VANTOR PARENT INC (FORMERLY REPORTED AS MAXAR INTELLIGENCE),Maxar Technologies Inc. PAC,Rep. Betty McCollum,2025-06-26,2500.00
VANTOR PARENT INC (FORMERLY REPORTED AS MAXAR INTELLIGENCE),Maxar Technologies Inc. PAC,Rep. Jeff Crank,2025-03-18,1000.00
VANTOR PARENT INC (FORMERLY REPORTED AS MAXAR INTELLIGENCE),Maxar Technologies Inc. PAC,Sen. Mark Warner,2025-01-17,1000.00
VANTOR PARENT INC (FORMERLY REPORTED AS MAXAR INTELLIGENCE),Maxar Technologies Inc. PAC,Rep. Jim Himes,2025-01-17,1000.00
VANTOR PARENT INC (FORMERLY REPORTED AS MAXAR INTELLIGENCE),Maxar Technologies Inc. PAC,Rep. Seth Moulton,2025-01-17,1000.00
VANTOR PARENT INC (FORMERLY REPORTED AS MAXAR INTELLIGENCE),Maxar Technologies Inc. PAC,Rep. Rick Crawford,2025-03-14,1000.00
VANTOR PARENT INC (FORMERLY REPORTED AS MAXAR INTELLIGENCE),Maxar Technologies Inc. PAC,Rep. Chrissy Houlahan,2025-03-14,1000.00
VANTOR PARENT INC (FORMERLY REPORTED AS MAXAR INTELLIGENCE),Maxar Technologies Inc. PAC,Rep. Ann Wagner,2025-03-14,1500.00
VANTOR PARENT INC (FORMERLY REPORTED AS MAXAR INTELLIGENCE),Maxar Technologies Inc. PAC,Rep. Jennifer Kiggans,2025-03-18,1000.00
VANTOR PARENT INC (FORMERLY REPORTED AS MAXAR INTELLIGENCE),Maxar Technologies Inc. PAC,Rep. Dan Crenshaw,2025-03-18,1000.00
VANTOR PARENT INC (FORMERLY REPORTED AS MAXAR INTELLIGENCE),Maxar Technologies Inc. PAC,Rep. Jim Himes,2025-03-18,1000.00
VANTOR PARENT INC (FORMERLY REPORTED AS MAXAR INTELLIGENCE),Maxar Technologies Inc. PAC,Rep. Mike Turner,2025-03-18,1000.00
VANTOR PARENT INC (FORMERLY REPORTED AS MAXAR INTELLIGENCE),Maxar Technologies Inc. PAC,Sen. Tom Cotton,2025-03-28,1000.00
VANTOR PARENT INC (FORMERLY REPORTED AS MAXAR INTELLIGENCE),Maxar Technologies Inc. PAC,Sen. Eric Schmitt,2025-03-28,5000.00
VANTOR PARENT INC (FORMERLY REPORTED AS MAXAR INTELLIGENCE),Maxar Technologies Inc. PAC,Rep. Steve Womack,2025-03-28,5000.00
VANTOR PARENT INC (FORMERLY REPORTED AS MAXAR INTELLIGENCE),Maxar Technologies Inc. PAC,Rep. Steve Womack,2025-03-28,5000.00
VANTOR PARENT INC (FORMERLY REPORTED AS MAXAR INTELLIGENCE),Maxar Technologies Inc. PAC,Rep. George Whitesides,2025-03-28,1000.00
VANTOR PARENT INC (FORMERLY REPORTED AS MAXAR INTELLIGENCE),Maxar Technologies Inc. PAC,Sen. Jerry Moran,2025-03-28,1000.00
VANTOR PARENT INC (FORMERLY REPORTED AS MAXAR INTELLIGENCE),Maxar Technologies Inc. PAC,Rep. Brian Babin,2025-06-02,1000.00
VANTOR PARENT INC (FORMERLY REPORTED AS MAXAR INTELLIGENCE),Maxar Technologies Inc. PAC,Sen. Deb Fischer,2025-06-02,5000.00
VANTOR PARENT INC (FORMERLY REPORTED AS MAXAR INTELLIGENCE),Maxar Technologies Inc. PAC,Rep. Jeff Crank,2025-06-02,1000.00
VANTOR PARENT INC (FORMERLY REPORTED AS MAXAR INTELLIGENCE),Maxar Technologies Inc. PAC,Rep. Rob Wittman,2025-06-02,2000.00
VANTOR PARENT INC (FORMERLY REPORTED AS MAXAR INTELLIGENCE),Maxar Technologies Inc. PAC,Rep. Scott Franklin,2025-06-02,1000.00
VANTOR PARENT INC (FORMERLY REPORTED AS MAXAR INTELLIGENCE),Maxar Technologies Inc. PAC,Republican Governance Group,2025-06-02,2000.00
VANTOR PARENT INC (FORMERLY REPORTED AS MAXAR INTELLIGENCE),Maxar Technologies Inc. PAC,New Democrat Coalition,2025-06-02,2500.00
VANTOR PARENT INC (FORMERLY REPORTED AS MAXAR INTELLIGENCE),Maxar Technologies Inc. PAC,Rep. Rick Crawford,2025-06-26,1000.00
VANTOR PARENT INC (FORMERLY REPORTED AS MAXAR INTELLIGENCE),Maxar Technologies Inc. PAC,Rep. Mike Haridopolis,2025-06-26,1000.00
VANTOR PARENT INC (FORMERLY REPORTED AS MAXAR INTELLIGENCE),Maxar Technologies Inc. PAC,Rep. Mark Amodei,2025-06-26,1000.00
VANTOR PARENT INC (FORMERLY REPORTED AS MAXAR INTELLIGENCE),Maxar Technologies Inc. PAC,Rep. Dan Crenshaw,2025-06-26,1000.00
VANTOR PARENT INC (FORMERLY REPORTED AS MAXAR INTELLIGENCE),Maxar Technologies Inc. PAC,Rep. Mike Quigley,2025-06-26,1000.00
VANTOR PARENT INC (FORMERLY REPORTED AS MAXAR INTELLIGENCE),Maxar Technologies Inc. PAC,Rep. Chuck Fleischmann For Congress,2025-06-26,2000.00
VANTOR PARENT INC (FORMERLY REPORTED AS MAXAR INTELLIGENCE),Maxar Technologies Inc. PAC,Rep. Betty McCollum,2025-06-26,2500.00
JPMORGAN CHASE HOLDINGS LLC,,Democratic Senatorial Campaign Committee,2025-06-16,10000.00
"CONAGRA BRANDS, INC.","Conagra Brands, Inc. Good Government Association",Marsha Blackburn,2025-03-11,1000.00
"CONAGRA BRANDS, INC.","Conagra Brands, Inc. Good Government Association",Ashley Hinson,2025-03-25,2500.00
"CONAGRA BRANDS, INC.","Conagra Brands, Inc. Good Government Association",Jim Costa,2025-03-25,2500.00
"CONAGRA BRANDS, INC.","Conagra Brands, Inc. Good Government Association",David Kustoff,2025-03-25,2500.00
"CONAGRA BRANDS, INC.","Conagra Brands, Inc. Good Government Association",Randy Feenstra,2025-03-25,5000.00
"CONAGRA BRANDS, INC.","Conagra Brands, Inc. Good Government Association",Bruce Westerman,2025-03-25,2500.00
"CONAGRA BRANDS, INC.","Conagra Brands, Inc. Good Government Association",Glenn Thompson,2025-04-02,2500.00
"CONAGRA BRANDS, INC.","Conagra Brands, Inc. Good Government Association",Brad Finstad,2025-06-17,1000.00
"CONAGRA BRANDS, INC.","Conagra Brands, Inc. Good Government Association",Lloyd Smucker,2025-06-17,2500.00
"CONAGRA BRANDS, INC.","Conagra Brands, Inc. Good Government Association",Angie Craig,2025-06-17,2500.00
"CONAGRA BRANDS, INC.","Conagra Brands, Inc. Good Government Association",Andre Carson,2025-06-17,2500.00
"CONAGRA BRANDS, INC.","Conagra Brands, Inc. Good Government Association",Marsha Blackburn,2025-03-11,1000.00
"CONAGRA BRANDS, INC.","Conagra Brands, Inc. Good Government Association",Ashley Hinson,2025-03-25,2500.00
"CONAGRA BRANDS, INC.","Conagra Brands, Inc. Good Government Association",Jim Costa,2025-03-25,2500.00
"CONAGRA BRANDS, INC.","Conagra Brands, Inc. Good Government Association",David Kustoff,2025-03-25,2500.00
"CONAGRA BRANDS, INC.","Conagra Brands, Inc. Good Government Association",Randy Feenstra,2025-03-25,5000.00
"CONAGRA BRANDS, INC.","Conagra Brands, Inc. Good Government Association",Bruce Westerman,2025-03-25,2500.00
"CONAGRA BRANDS, INC.","Conagra Brands, Inc. Good Government Association",Glenn Thompson,2025-04-02,2500.00
"CONAGRA BRANDS, INC.","Conagra Brands, Inc. Good Government Association",Brad Finstad,2025-06-17,1000.00
"CONAGRA BRANDS, INC.","Conagra Brands, Inc. Good Government Association",Lloyd Smucker,2025-06-17,2500.00
"CONAGRA BRANDS, INC.","Conagra Brands, Inc. Good Government Association",Angie Craig,2025-06-17,2500.00
"CONAGRA BRANDS, INC.","Conagra Brands, Inc. Good Government Association",Andre Carson,2025-06-17,2500.00
S-3 GROUP,,Adrian Smith,2025-01-14,625.00
S-3 GROUP,,Adrian Smith,2025-04-14,625.00
S-3 GROUP,,NRSC,2025-01-15,3750.00
S-3 GROUP,,Markwayne Mullin,2025-02-11,2500.00
S-3 GROUP,,BOOTS Polticial Action Committee,2025-02-15,625.00
S-3 GROUP,,Eric Schmitt,2025-03-18,825.00
S-3 GROUP,,Dave McCormick,2025-03-18,875.00
S-3 GROUP,,Dave McCormick,2025-06-18,875.00
S-3 GROUP,,BOOTS Political Action Committee,2025-05-15,625.00
S-3 GROUP,,Thom Tillis,2025-05-13,1000.00
S-3 GROUP,,Jay Obernolte,2025-05-13,500.00
S-3 GROUP,,Brett Guthrie,2025-05-13,1000.00
S-3 GROUP,,Roger Marshall,2025-05-13,1000.00
S-3 GROUP,,Bruce Westerman,2025-05-13,1000.00
S-3 GROUP,,Guy Reschenthaler,2025-06-16,1000.00
S-3 GROUP,,Adrian Smith,2025-01-14,625.00
S-3 GROUP,,Adrian Smith,2025-04-14,625.00
S-3 GROUP,,NRSC,2025-01-15,3750.00
S-3 GROUP,,Markwayne Mullin,2025-02-11,2500.00
S-3 GROUP,,BOOTS Polticial Action Committee,2025-02-15,625.00
S-3 GROUP,,Eric Schmitt,2025-03-18,825.00
S-3 GROUP,,Dave McCormick,2025-03-18,875.00
S-3 GROUP,,Dave McCormick,2025-06-18,875.00
S-3 GROUP,,BOOTS Political Action Committee,2025-05-15,625.00
S-3 GROUP,,Thom Tillis,2025-05-13,1000.00
S-3 GROUP,,Jay Obernolte,2025-05-13,500.00
S-3 GROUP,,Brett Guthrie,2025-05-13,1000.00
S-3 GROUP,,Roger Marshall,2025-05-13,1000.00
S-3 GROUP,,Bruce Westerman,2025-05-13,1000.00
S-3 GROUP,,Guy Reschenthaler,2025-06-16,1000.00
S-3 GROUP,,Adrian Smith,2025-01-14,625.00
S-3 GROUP,,Adrian Smith,2025-04-14,625.00
S-3 GROUP,,NRSC,2025-01-15,3750.00
S-3 GROUP,,Markwayne Mullin,2025-02-11,2500.00
S-3 GROUP,,BOOTS Polticial Action Committee,2025-02-15,625.00
S-3 GROUP,,Eric Schmitt,2025-03-18,825.00
S-3 GROUP,,Dave McCormick,2025-03-18,875.00
S-3 GROUP,,Dave McCormick,2025-06-18,875.00
S-3 GROUP,,BOOTS Political Action Committee,2025-05-15,625.00
S-3 GROUP,,Thom Tillis,2025-05-13,1000.00
S-3 GROUP,,Jay Obernolte,2025-05-13,500.00
S-3 GROUP,,Brett Guthrie,2025-05-13,1000.00
S-3 GROUP,,Roger Marshall,2025-05-13,1000.00
S-3 GROUP,,Bruce Westerman,2025-05-13,1000.00
S-3 GROUP,,Guy Reschenthaler,2025-06-16,1000.00
S-3 GROUP,,Adrian Smith,2025-01-14,625.00
S-3 GROUP,,Adrian Smith,2025-04-14,625.00
S-3 GROUP,,NRSC,2025-01-15,3750.00
S-3 GROUP,,Markwayne Mullin,2025-02-11,2500.00
S-3 GROUP,,BOOTS Polticial Action Committee,2025-02-15,625.00
S-3 GROUP,,Eric Schmitt,2025-03-18,825.00
S-3 GROUP,,Dave McCormick,2025-03-18,875.00
S-3 GROUP,,Dave McCormick,2025-06-18,875.00
S-3 GROUP,,BOOTS Political Action Committee,2025-05-15,625.00
S-3 GROUP,,Thom Tillis,2025-05-13,1000.00
S-3 GROUP,,Jay Obernolte,2025-05-13,500.00
S-3 GROUP,,Brett Guthrie,2025-05-13,1000.00
S-3 GROUP,,Roger Marshall,2025-05-13,1000.00
S-3 GROUP,,Bruce Westerman,2025-05-13,1000.00
S-3 GROUP,,Guy Reschenthaler,2025-06-16,1000.00
S-3 GROUP,,Adrian Smith,2025-01-14,625.00
S-3 GROUP,,Adrian Smith,2025-04-14,625.00
S-3 GROUP,,NRSC,2025-01-15,3750.00
S-3 GROUP,,Markwayne Mullin,2025-02-11,2500.00
S-3 GROUP,,BOOTS Polticial Action Committee,2025-02-15,625.00
S-3 GROUP,,Eric Schmitt,2025-03-18,825.00
S-3 GROUP,,Dave McCormick,2025-03-18,875.00
S-3 GROUP,,Dave McCormick,2025-06-18,875.00
S-3 GROUP,,BOOTS Political Action Committee,2025-05-15,625.00
S-3 GROUP,,Thom Tillis,2025-05-13,1000.00
S-3 GROUP,,Jay Obernolte,2025-05-13,500.00
S-3 GROUP,,Brett Guthrie,2025-05-13,1000.00
S-3 GROUP,,Roger Marshall,2025-05-13,1000.00
S-3 GROUP,,Bruce Westerman,2025-05-13,1000.00
S-3 GROUP,,Guy Reschenthaler,2025-06-16,1000.00
HILTON WORLDWIDE,HILTON WORLDWIDE POLITICAL ACTION COMMITTEE,REP. JASON SMITH,2025-01-30,2500.00
HILTON WORLDWIDE,HILTON WORLDWIDE POLITICAL ACTION COMMITTEE,REP. DARIN LAHOOD,2025-02-24,1000.00
HILTON WORLDWIDE,HILTON WORLDWIDE POLITICAL ACTION COMMITTEE,REP. MIKE JOHNSON AND NATIONAL REPUBLICAN CONGRESSIONAL COMMITTEE,2025-02-24,5000.00
HILTON WORLDWIDE,HILTON WORLDWIDE POLITICAL ACTION COMMITTEE,SEN. JOHN THUNE,2025-02-24,5000.00
HILTON WORLDWIDE,HILTON WORLDWIDE POLITICAL ACTION COMMITTEE,SEN. JOHN CORNYN,2025-03-11,5000.00
HILTON WORLDWIDE,HILTON WORLDWIDE POLITICAL ACTION COMMITTEE,REP. HILLARY SCHOLTEN,2025-04-15,1000.00
HILTON WORLDWIDE,HILTON WORLDWIDE POLITICAL ACTION COMMITTEE,SEN. THOM TILLIS,2025-04-15,2500.00
HILTON WORLDWIDE,HILTON WORLDWIDE POLITICAL ACTION COMMITTEE,"SEN. ANGUS STANLEY KING, JR",2025-04-25,1000.00
HILTON WORLDWIDE,HILTON WORLDWIDE POLITICAL ACTION COMMITTEE,SEN. BRIAN SCHATZ,2025-05-15,2500.00
HILTON WORLDWIDE,HILTON WORLDWIDE POLITICAL ACTION COMMITTEE,REP. JASON SMITH,2025-05-15,2500.00
HILTON WORLDWIDE,HILTON WORLDWIDE POLITICAL ACTION COMMITTEE,REP. STEVE SCALISE,2025-05-27,2500.00
HILTON WORLDWIDE,HILTON WORLDWIDE POLITICAL ACTION COMMITTEE,SEN. MARK WARNER (NON-MONETARY),2025-06-16,2500.00
HILTON WORLDWIDE,HILTON WORLDWIDE POLITICAL ACTION COMMITTEE,REP. DINA TITUS,2025-06-17,1000.00
HILTON WORLDWIDE,HILTON WORLDWIDE POLITICAL ACTION COMMITTEE,SEN. JACKY ROSEN,2025-06-17,1000.00
HILTON WORLDWIDE,HILTON WORLDWIDE POLITICAL ACTION COMMITTEE,PRESIDENT DONALD J. TRUMP AND VICE PRESIDENT JD VANCE (NON-MONETARY),2025-01-20,108812.06
HILTON WORLDWIDE,HILTON WORLDWIDE POLITICAL ACTION COMMITTEE,PRESIDENT DONALD J. TRUMP AND VICE PRESIDENT JD VANCE (NON-MONETARY),2025-01-21,106674.00
HILTON WORLDWIDE,HILTON WORLDWIDE POLITICAL ACTION COMMITTEE,PRESIDENT DONALD J. TRUMP AND VICE PRESIDENT JD VANCE (NON-MONETARY),2025-01-14,67410.98
HILTON WORLDWIDE,HILTON WORLDWIDE POLITICAL ACTION COMMITTEE,SEN. CHRIS COONS,2025-04-10,7500.00
HILTON WORLDWIDE,HILTON WORLDWIDE POLITICAL ACTION COMMITTEE,SEN. SHELLEY MOORE CAPITO,2025-06-25,7500.00
HILTON WORLDWIDE,HILTON WORLDWIDE POLITICAL ACTION COMMITTEE,REP. JASON SMITH,2025-01-30,2500.00
HILTON WORLDWIDE,HILTON WORLDWIDE POLITICAL ACTION COMMITTEE,REP. DARIN LAHOOD,2025-02-24,1000.00
HILTON WORLDWIDE,HILTON WORLDWIDE POLITICAL ACTION COMMITTEE,REP. MIKE JOHNSON AND NATIONAL REPUBLICAN CONGRESSIONAL COMMITTEE,2025-02-24,5000.00
HILTON WORLDWIDE,HILTON WORLDWIDE POLITICAL ACTION COMMITTEE,SEN. JOHN THUNE,2025-02-24,5000.00
HILTON WORLDWIDE,HILTON WORLDWIDE POLITICAL ACTION COMMITTEE,SEN. JOHN CORNYN,2025-03-11,5000.00
HILTON WORLDWIDE,HILTON WORLDWIDE POLITICAL ACTION COMMITTEE,REP. HILLARY SCHOLTEN,2025-04-15,1000.00
HILTON WORLDWIDE,HILTON WORLDWIDE POLITICAL ACTION COMMITTEE,SEN. THOM TILLIS,2025-04-15,2500.00
HILTON WORLDWIDE,HILTON WORLDWIDE POLITICAL ACTION COMMITTEE,"SEN. ANGUS STANLEY KING, JR",2025-04-25,1000.00
HILTON WORLDWIDE,HILTON WORLDWIDE POLITICAL ACTION COMMITTEE,SEN. BRIAN SCHATZ,2025-05-15,2500.00
HILTON WORLDWIDE,HILTON WORLDWIDE POLITICAL ACTION COMMITTEE,REP. JASON SMITH,2025-05-15,2500.00
HILTON WORLDWIDE,HILTON WORLDWIDE POLITICAL ACTION COMMITTEE,REP. STEVE SCALISE,2025-05-27,2500.00
HILTON WORLDWIDE,HILTON WORLDWIDE POLITICAL ACTION COMMITTEE,SEN. MARK WARNER (NON-MONETARY),2025-06-16,2500.00
HILTON WORLDWIDE,HILTON WORLDWIDE POLITICAL ACTION COMMITTEE,REP. DINA TITUS,2025-06-17,1000.00
HILTON WORLDWIDE,HILTON WORLDWIDE POLITICAL ACTION COMMITTEE,SEN. JACKY ROSEN,2025-06-17,1000.00
HILTON WORLDWIDE,HILTON WORLDWIDE POLITICAL ACTION COMMITTEE,PRESIDENT DONALD J. TRUMP AND VICE PRESIDENT JD VANCE (NON-MONETARY),2025-01-20,108812.06
HILTON WORLDWIDE,HILTON WORLDWIDE POLITICAL ACTION COMMITTEE,PRESIDENT DONALD J. TRUMP AND VICE PRESIDENT JD VANCE (NON-MONETARY),2025-01-21,106674.00
HILTON WORLDWIDE,HILTON WORLDWIDE POLITICAL ACTION COMMITTEE,PRESIDENT DONALD J. TRUMP AND VICE PRESIDENT JD VANCE (NON-MONETARY),2025-01-14,67410.98
HILTON WORLDWIDE,HILTON WORLDWIDE POLITICAL ACTION COMMITTEE,SEN. CHRIS COONS,2025-04-10,7500.00
HILTON WORLDWIDE,HILTON WORLDWIDE POLITICAL ACTION COMMITTEE,SEN. SHELLEY MOORE CAPITO,2025-06-25,7500.00
HILTON WORLDWIDE,HILTON WORLDWIDE POLITICAL ACTION COMMITTEE,REP. JASON SMITH,2025-01-30,2500.00
HILTON WORLDWIDE,HILTON WORLDWIDE POLITICAL ACTION COMMITTEE,REP. DARIN LAHOOD,2025-02-24,1000.00
HILTON WORLDWIDE,HILTON WORLDWIDE POLITICAL ACTION COMMITTEE,REP. MIKE JOHNSON AND NATIONAL REPUBLICAN CONGRESSIONAL COMMITTEE,2025-02-24,5000.00
HILTON WORLDWIDE,HILTON WORLDWIDE POLITICAL ACTION COMMITTEE,SEN. JOHN THUNE,2025-02-24,5000.00
HILTON WORLDWIDE,HILTON WORLDWIDE POLITICAL ACTION COMMITTEE,SEN. JOHN CORNYN,2025-03-11,5000.00
HILTON WORLDWIDE,HILTON WORLDWIDE POLITICAL ACTION COMMITTEE,REP. HILLARY SCHOLTEN,2025-04-15,1000.00
HILTON WORLDWIDE,HILTON WORLDWIDE POLITICAL ACTION COMMITTEE,SEN. THOM TILLIS,2025-04-15,2500.00
HILTON WORLDWIDE,HILTON WORLDWIDE POLITICAL ACTION COMMITTEE,"SEN. ANGUS STANLEY KING, JR",2025-04-25,1000.00
HILTON WORLDWIDE,HILTON WORLDWIDE POLITICAL ACTION COMMITTEE,SEN. BRIAN SCHATZ,2025-05-15,2500.00
HILTON WORLDWIDE,HILTON WORLDWIDE POLITICAL ACTION COMMITTEE,REP. JASON SMITH,2025-05-15,2500.00
HILTON WORLDWIDE,HILTON WORLDWIDE POLITICAL ACTION COMMITTEE,REP. STEVE SCALISE,2025-05-27,2500.00
HILTON WORLDWIDE,HILTON WORLDWIDE POLITICAL ACTION COMMITTEE,SEN. MARK WARNER (NON-MONETARY),2025-06-16,2500.00
HILTON WORLDWIDE,HILTON WORLDWIDE POLITICAL ACTION COMMITTEE,REP. DINA TITUS,2025-06-17,1000.00
HILTON WORLDWIDE,HILTON WORLDWIDE POLITICAL ACTION COMMITTEE,SEN. JACKY ROSEN,2025-06-17,1000.00
HILTON WORLDWIDE,HILTON WORLDWIDE POLITICAL ACTION COMMITTEE,PRESIDENT DONALD J. TRUMP AND VICE PRESIDENT JD VANCE (NON-MONETARY),2025-01-20,108812.06
HILTON WORLDWIDE,HILTON WORLDWIDE POLITICAL ACTION COMMITTEE,PRESIDENT DONALD J. TRUMP AND VICE PRESIDENT JD VANCE (NON-MONETARY),2025-01-21,106674.00
HILTON WORLDWIDE,HILTON WORLDWIDE POLITICAL ACTION COMMITTEE,PRESIDENT DONALD J. TRUMP AND VICE PRESIDENT JD VANCE (NON-MONETARY),2025-01-14,67410.98
HILTON WORLDWIDE,HILTON WORLDWIDE POLITICAL ACTION COMMITTEE,SEN. CHRIS COONS,2025-04-10,7500.00
HILTON WORLDWIDE,HILTON WORLDWIDE POLITICAL ACTION COMMITTEE,SEN. SHELLEY MOORE CAPITO,2025-06-25,7500.00
HILTON WORLDWIDE,HILTON WORLDWIDE POLITICAL ACTION COMMITTEE,REP. JASON SMITH,2025-01-30,2500.00
HILTON WORLDWIDE,HILTON WORLDWIDE POLITICAL ACTION COMMITTEE,REP. DARIN LAHOOD,2025-02-24,1000.00
HILTON WORLDWIDE,HILTON WORLDWIDE POLITICAL ACTION COMMITTEE,REP. MIKE JOHNSON AND NATIONAL REPUBLICAN CONGRESSIONAL COMMITTEE,2025-02-24,5000.00
HILTON WORLDWIDE,HILTON WORLDWIDE POLITICAL ACTION COMMITTEE,SEN. JOHN THUNE,2025-02-24,5000.00
HILTON WORLDWIDE,HILTON WORLDWIDE POLITICAL ACTION COMMITTEE,SEN. JOHN CORNYN,2025-03-11,5000.00
HILTON WORLDWIDE,HILTON WORLDWIDE POLITICAL ACTION COMMITTEE,REP. HILLARY SCHOLTEN,2025-04-15,1000.00
HILTON WORLDWIDE,HILTON WORLDWIDE POLITICAL ACTION COMMITTEE,SEN. THOM TILLIS,2025-04-15,2500.00
HILTON WORLDWIDE,HILTON WORLDWIDE POLITICAL ACTION COMMITTEE,"SEN. ANGUS STANLEY KING, JR",2025-04-25,1000.00
HILTON WORLDWIDE,HILTON WORLDWIDE POLITICAL ACTION COMMITTEE,SEN. BRIAN SCHATZ,2025-05-15,2500.00
HILTON WORLDWIDE,HILTON WORLDWIDE POLITICAL ACTION COMMITTEE,REP. JASON SMITH,2025-05-15,2500.00
HILTON WORLDWIDE,HILTON WORLDWIDE POLITICAL ACTION COMMITTEE,REP. STEVE SCALISE,2025-05-27,2500.00
HILTON WORLDWIDE,HILTON WORLDWIDE POLITICAL ACTION COMMITTEE,SEN. MARK WARNER (NON-MONETARY),2025-06-16,2500.00
HILTON WORLDWIDE,HILTON WORLDWIDE POLITICAL ACTION COMMITTEE,REP. DINA TITUS,2025-06-17,1000.00
HILTON WORLDWIDE,HILTON WORLDWIDE POLITICAL ACTION COMMITTEE,SEN. JACKY ROSEN,2025-06-17,1000.00
HILTON WORLDWIDE,HILTON WORLDWIDE POLITICAL ACTION COMMITTEE,PRESIDENT DONALD J. TRUMP AND VICE PRESIDENT JD VANCE (NON-MONETARY),2025-01-20,108812.06
HILTON WORLDWIDE,HILTON WORLDWIDE POLITICAL ACTION COMMITTEE,PRESIDENT DONALD J. TRUMP AND VICE PRESIDENT JD VANCE (NON-MONETARY),2025-01-21,106674.00
HILTON WORLDWIDE,HILTON WORLDWIDE POLITICAL ACTION COMMITTEE,PRESIDENT DONALD J. TRUMP AND VICE PRESIDENT JD VANCE (NON-MONETARY),2025-01-14,67410.98
HILTON WORLDWIDE,HILTON WORLDWIDE POLITICAL ACTION COMMITTEE,SEN. CHRIS COONS,2025-04-10,7500.00
HILTON WORLDWIDE,HILTON WORLDWIDE POLITICAL ACTION COMMITTEE,SEN. SHELLEY MOORE CAPITO,2025-06-25,7500.00
HILTON WORLDWIDE,HILTON WORLDWIDE POLITICAL ACTION COMMITTEE,REP. JASON SMITH,2025-01-30,2500.00
HILTON WORLDWIDE,HILTON WORLDWIDE POLITICAL ACTION COMMITTEE,REP. DARIN LAHOOD,2025-02-24,1000.00
HILTON WORLDWIDE,HILTON WORLDWIDE POLITICAL ACTION COMMITTEE,REP. MIKE JOHNSON AND NATIONAL REPUBLICAN CONGRESSIONAL COMMITTEE,2025-02-24,5000.00
HILTON WORLDWIDE,HILTON WORLDWIDE POLITICAL ACTION COMMITTEE,SEN. JOHN THUNE,2025-02-24,5000.00
HILTON WORLDWIDE,HILTON WORLDWIDE POLITICAL ACTION COMMITTEE,SEN. JOHN CORNYN,2025-03-11,5000.00
HILTON WORLDWIDE,HILTON WORLDWIDE POLITICAL ACTION COMMITTEE,REP. HILLARY SCHOLTEN,2025-04-15,1000.00
HILTON WORLDWIDE,HILTON WORLDWIDE POLITICAL ACTION COMMITTEE,SEN. THOM TILLIS,2025-04-15,2500.00
HILTON WORLDWIDE,HILTON WORLDWIDE POLITICAL ACTION COMMITTEE,"SEN. ANGUS STANLEY KING, JR",2025-04-25,1000.00
HILTON WORLDWIDE,HILTON WORLDWIDE POLITICAL ACTION COMMITTEE,SEN. BRIAN SCHATZ,2025-05-15,2500.00
HILTON WORLDWIDE,HILTON WORLDWIDE POLITICAL ACTION COMMITTEE,REP. JASON SMITH,2025-05-15,2500.00
HILTON WORLDWIDE,HILTON WORLDWIDE POLITICAL ACTION COMMITTEE,REP. STEVE SCALISE,2025-05-27,2500.00
HILTON WORLDWIDE,HILTON WORLDWIDE POLITICAL ACTION COMMITTEE,SEN. MARK WARNER (NON-MONETARY),2025-06-16,2500.00
HILTON WORLDWIDE,HILTON WORLDWIDE POLITICAL ACTION COMMITTEE,REP. DINA TITUS,2025-06-17,1000.00
HILTON WORLDWIDE,HILTON WORLDWIDE POLITICAL ACTION COMMITTEE,SEN. JACKY ROSEN,2025-06-17,1000.00
HILTON WORLDWIDE,HILTON WORLDWIDE POLITICAL ACTION COMMITTEE,PRESIDENT DONALD J. TRUMP AND VICE PRESIDENT JD VANCE (NON-MONETARY),2025-01-20,108812.06
HILTON WORLDWIDE,HILTON WORLDWIDE POLITICAL ACTION COMMITTEE,PRESIDENT DONALD J. TRUMP AND VICE PRESIDENT JD VANCE (NON-MONETARY),2025-01-21,106674.00
HILTON WORLDWIDE,HILTON WORLDWIDE POLITICAL ACTION COMMITTEE,PRESIDENT DONALD J. TRUMP AND VICE PRESIDENT JD VANCE (NON-MONETARY),2025-01-14,67410.98
HILTON WORLDWIDE,HILTON WORLDWIDE POLITICAL ACTION COMMITTEE,SEN. CHRIS COONS,2025-04-10,7500.00
HILTON WORLDWIDE,HILTON WORLDWIDE POLITICAL ACTION COMMITTEE,SEN. SHELLEY MOORE CAPITO,2025-06-25,7500.00
HILTON WORLDWIDE,HILTON WORLDWIDE POLITICAL ACTION COMMITTEE,REP. JASON SMITH,2025-01-30,2500.00
HILTON WORLDWIDE,HILTON WORLDWIDE POLITICAL ACTION COMMITTEE,REP. DARIN LAHOOD,2025-02-24,1000.00
HILTON WORLDWIDE,HILTON WORLDWIDE POLITICAL ACTION COMMITTEE,REP. MIKE JOHNSON AND NATIONAL REPUBLICAN CONGRESSIONAL COMMITTEE,2025-02-24,5000.00
HILTON WORLDWIDE,HILTON WORLDWIDE POLITICAL ACTION COMMITTEE,SEN. JOHN THUNE,2025-02-24,5000.00
HILTON WORLDWIDE,HILTON WORLDWIDE POLITICAL ACTION COMMITTEE,SEN. JOHN CORNYN,2025-03-11,5000.00
HILTON WORLDWIDE,HILTON WORLDWIDE POLITICAL ACTION COMMITTEE,REP. HILLARY SCHOLTEN,2025-04-15,1000.00
HILTON WORLDWIDE,HILTON WORLDWIDE POLITICAL ACTION COMMITTEE,SEN. THOM TILLIS,2025-04-15,2500.00
HILTON WORLDWIDE,HILTON WORLDWIDE POLITICAL ACTION COMMITTEE,"SEN. ANGUS STANLEY KING, JR",2025-04-25,1000.00
HILTON WORLDWIDE,HILTON WORLDWIDE POLITICAL ACTION COMMITTEE,SEN. BRIAN SCHATZ,2025-05-15,2500.00
HILTON WORLDWIDE,HILTON WORLDWIDE POLITICAL ACTION COMMITTEE,REP. JASON SMITH,2025-05-15,2500.00
HILTON WORLDWIDE,HILTON WORLDWIDE POLITICAL ACTION COMMITTEE,REP. STEVE SCALISE,2025-05-27,2500.00
HILTON WORLDWIDE,HILTON WORLDWIDE POLITICAL ACTION COMMITTEE,SEN. MARK WARNER (NON-MONETARY),2025-06-16,2500.00
HILTON WORLDWIDE,HILTON WORLDWIDE POLITICAL ACTION COMMITTEE,REP. DINA TITUS,2025-06-17,1000.00
HILTON WORLDWIDE,HILTON WORLDWIDE POLITICAL ACTION COMMITTEE,SEN. JACKY ROSEN,2025-06-17,1000.00
HILTON WORLDWIDE,HILTON WORLDWIDE POLITICAL ACTION COMMITTEE,PRESIDENT DONALD J. TRUMP AND VICE PRESIDENT JD VANCE (NON-MONETARY),2025-01-20,108812.06
HILTON WORLDWIDE,HILTON WORLDWIDE POLITICAL ACTION COMMITTEE,PRESIDENT DONALD J. TRUMP AND VICE PRESIDENT JD VANCE (NON-MONETARY),2025-01-21,106674.00
HILTON WORLDWIDE,HILTON WORLDWIDE POLITICAL ACTION COMMITTEE,PRESIDENT DONALD J. TRUMP AND VICE PRESIDENT JD VANCE (NON-MONETARY),2025-01-14,67410.98
HILTON WORLDWIDE,HILTON WORLDWIDE POLITICAL ACTION COMMITTEE,SEN. CHRIS COONS,2025-04-10,7500.00
HILTON WORLDWIDE,HILTON WORLDWIDE POLITICAL ACTION COMMITTEE,SEN. SHELLEY MOORE CAPITO,2025-06-25,7500.00
HILTON WORLDWIDE,HILTON WORLDWIDE POLITICAL ACTION COMMITTEE,REP. JASON SMITH,2025-01-30,2500.00
HILTON WORLDWIDE,HILTON WORLDWIDE POLITICAL ACTION COMMITTEE,REP. DARIN LAHOOD,2025-02-24,1000.00
HILTON WORLDWIDE,HILTON WORLDWIDE POLITICAL ACTION COMMITTEE,REP. MIKE JOHNSON AND NATIONAL REPUBLICAN CONGRESSIONAL COMMITTEE,2025-02-24,5000.00
HILTON WORLDWIDE,HILTON WORLDWIDE POLITICAL ACTION COMMITTEE,SEN. JOHN THUNE,2025-02-24,5000.00
HILTON WORLDWIDE,HILTON WORLDWIDE POLITICAL ACTION COMMITTEE,SEN. JOHN CORNYN,2025-03-11,5000.00
HILTON WORLDWIDE,HILTON WORLDWIDE POLITICAL ACTION COMMITTEE,REP. HILLARY SCHOLTEN,2025-04-15,1000.00
HILTON WORLDWIDE,HILTON WORLDWIDE POLITICAL ACTION COMMITTEE,SEN. THOM TILLIS,2025-04-15,2500.00
HILTON WORLDWIDE,HILTON WORLDWIDE POLITICAL ACTION COMMITTEE,"SEN. ANGUS STANLEY KING, JR",2025-04-25,1000.00
HILTON WORLDWIDE,HILTON WORLDWIDE POLITICAL ACTION COMMITTEE,SEN. BRIAN SCHATZ,2025-05-15,2500.00
HILTON WORLDWIDE,HILTON WORLDWIDE POLITICAL ACTION COMMITTEE,REP. JASON SMITH,2025-05-15,2500.00
HILTON WORLDWIDE,HILTON WORLDWIDE POLITICAL ACTION COMMITTEE,REP. STEVE SCALISE,2025-05-27,2500.00
HILTON WORLDWIDE,HILTON WORLDWIDE POLITICAL ACTION COMMITTEE,SEN. MARK WARNER (NON-MONETARY),2025-06-16,2500.00
HILTON WORLDWIDE,HILTON WORLDWIDE POLITICAL ACTION COMMITTEE,REP. DINA TITUS,2025-06-17,1000.00
HILTON WORLDWIDE,HILTON WORLDWIDE POLITICAL ACTION COMMITTEE,SEN. JACKY ROSEN,2025-06-17,1000.00
HILTON WORLDWIDE,HILTON WORLDWIDE POLITICAL ACTION COMMITTEE,PRESIDENT DONALD J. TRUMP AND VICE PRESIDENT JD VANCE (NON-MONETARY),2025-01-20,108812.06
HILTON WORLDWIDE,HILTON WORLDWIDE POLITICAL ACTION COMMITTEE,PRESIDENT DONALD J. TRUMP AND VICE PRESIDENT JD VANCE (NON-MONETARY),2025-01-21,106674.00
HILTON WORLDWIDE,HILTON WORLDWIDE POLITICAL ACTION COMMITTEE,PRESIDENT DONALD J. TRUMP AND VICE PRESIDENT JD VANCE (NON-MONETARY),2025-01-14,67410.98
HILTON WORLDWIDE,HILTON WORLDWIDE POLITICAL ACTION COMMITTEE,SEN. CHRIS COONS,2025-04-10,7500.00
HILTON WORLDWIDE,HILTON WORLDWIDE POLITICAL ACTION COMMITTEE,SEN. SHELLEY MOORE CAPITO,2025-06-25,7500.00
MGM RESORTS INTERNATIONAL,MGM RESORTS INTERNATIONAL PAC,SEN. CATHERINE CORTEZ MASTO,2025-02-06,5000.00
MGM RESORTS INTERNATIONAL,MGM RESORTS INTERNATIONAL PAC,SEN. JACKY ROSEN,2025-02-06,5000.00
MGM RESORTS INTERNATIONAL,MGM RESORTS INTERNATIONAL PAC,SEN. ANGELA ALSOBROOKS,2025-02-06,5000.00
MGM RESORTS INTERNATIONAL,MGM RESORTS INTERNATIONAL PAC,SEN. JOHN THUNE,2025-02-06,5000.00
MGM RESORTS INTERNATIONAL,MGM RESORTS INTERNATIONAL PAC,SEN. ROGER WICKER,2025-02-06,2500.00
MGM RESORTS INTERNATIONAL,MGM RESORTS INTERNATIONAL PAC,SEN. CINDY HYDE SMITH,2025-02-06,2500.00
MGM RESORTS INTERNATIONAL,MGM RESORTS INTERNATIONAL PAC,REP. DINA TITUS,2025-02-06,5000.00
MGM RESORTS INTERNATIONAL,MGM RESORTS INTERNATIONAL PAC,REP. SUSIE LEE,2025-02-06,5000.00
MGM RESORTS INTERNATIONAL,MGM RESORTS INTERNATIONAL PAC,REP. STEVEN ALEXANDER HORSFORD,2025-02-06,5000.00
MGM RESORTS INTERNATIONAL,MGM RESORTS INTERNATIONAL PAC,REP. GLENN IVEY,2025-02-06,2500.00
MGM RESORTS INTERNATIONAL,MGM RESORTS INTERNATIONAL PAC,REP. GEORGE LATIMER,2025-02-06,2500.00
MGM RESORTS INTERNATIONAL,MGM RESORTS INTERNATIONAL PAC,REP. MARK EUGENE AMODEI,2025-02-06,5000.00
MGM RESORTS INTERNATIONAL,MGM RESORTS INTERNATIONAL PAC,REP. DAVE JOYCE,2025-02-06,5000.00
MGM RESORTS INTERNATIONAL,MGM RESORTS INTERNATIONAL PAC,REP. DARIN MCKAY LAHOOD,2025-02-06,2500.00
MGM RESORTS INTERNATIONAL,MGM RESORTS INTERNATIONAL PAC,REP. MIKE EZELL,2025-02-06,2500.00
MGM RESORTS INTERNATIONAL,MGM RESORTS INTERNATIONAL PAC,REP. GUY RESCHENTHALER,2025-02-06,2500.00
MGM RESORTS INTERNATIONAL,MGM RESORTS INTERNATIONAL PAC,REP. JEFF VAN DREW,2025-02-06,2500.00
MGM RESORTS INTERNATIONAL,MGM RESORTS INTERNATIONAL PAC,REP. STEVE SCALISE,2025-02-06,5000.00
MGM RESORTS INTERNATIONAL,MGM RESORTS INTERNATIONAL PAC,REP. JASON SMITH,2025-02-06,5000.00
MGM RESORTS INTERNATIONAL,MGM RESORTS INTERNATIONAL PAC,CONGRESSIONAL BLACK CAUCUS,2025-02-06,5000.00
MGM RESORTS INTERNATIONAL,MGM RESORTS INTERNATIONAL PAC,CONGRESSIONAL HISPANIC CAUCUS,2025-02-06,5000.00
MGM RESORTS INTERNATIONAL,MGM RESORTS INTERNATIONAL PAC,NATIONAL REPUBLICAN CONGRESSIONAL COMMITTEE,2025-02-06,15000.00
MGM RESORTS INTERNATIONAL,MGM RESORTS INTERNATIONAL PAC,SEN. JOHN THUNE,2025-02-18,-2500.00
MGM RESORTS INTERNATIONAL,MGM RESORTS INTERNATIONAL PAC,SEN. CINDY HYDE SMITH,2025-02-26,-2500.00
MGM RESORTS INTERNATIONAL,MGM RESORTS INTERNATIONAL PAC,SEN. CINDY HYDE SMITH,2025-02-26,2500.00
MGM RESORTS INTERNATIONAL,MGM RESORTS INTERNATIONAL PAC,SEN. CINDY HYDE SMITH,2025-02-26,-2500.00
MGM RESORTS INTERNATIONAL,MGM RESORTS INTERNATIONAL PAC,SEN. CINDY HYDE SMITH,2025-02-26,2500.00
MGM RESORTS INTERNATIONAL,MGM RESORTS INTERNATIONAL PAC,SEN. ALEX PADILLA AND NATIONAL REPUBLICAN SENATORIAL COMMITTEE,2025-02-26,-5000.00
MGM RESORTS INTERNATIONAL,MGM RESORTS INTERNATIONAL PAC,SEN. ALEX PADILLA AND NATIONAL REPUBLICAN SENATORIAL COMMITTEE,2025-02-26,5000.00
MGM RESORTS INTERNATIONAL,MGM RESORTS INTERNATIONAL PAC,SEN. ROGER WICKER,2025-02-26,-2500.00
MGM RESORTS INTERNATIONAL,MGM RESORTS INTERNATIONAL PAC,SEN. ROGER WICKER,2025-02-26,2500.00
MGM RESORTS INTERNATIONAL,MGM RESORTS INTERNATIONAL PAC,SEN. TED CRUZ,2025-05-30,5000.00
MGM RESORTS INTERNATIONAL,MGM RESORTS INTERNATIONAL PAC,SEN. CHRIS VAN HOLLEN,2025-05-30,1000.00
MGM RESORTS INTERNATIONAL,MGM RESORTS INTERNATIONAL PAC,REP. RICHARD E NEAL,2025-06-26,2500.00
MGM RESORTS INTERNATIONAL,MGM RESORTS INTERNATIONAL PAC,DEMOCRATIC CONGRESSIONAL CAMPAIGN COMMITTEE,2025-06-26,2500.00
MGM RESORTS INTERNATIONAL,MGM RESORTS INTERNATIONAL PAC,SEN. CATHERINE CORTEZ MASTO,2025-02-06,5000.00
MGM RESORTS INTERNATIONAL,MGM RESORTS INTERNATIONAL PAC,SEN. JACKY ROSEN,2025-02-06,5000.00
MGM RESORTS INTERNATIONAL,MGM RESORTS INTERNATIONAL PAC,SEN. ANGELA ALSOBROOKS,2025-02-06,5000.00
MGM RESORTS INTERNATIONAL,MGM RESORTS INTERNATIONAL PAC,SEN. JOHN THUNE,2025-02-06,5000.00
MGM RESORTS INTERNATIONAL,MGM RESORTS INTERNATIONAL PAC,SEN. ROGER WICKER,2025-02-06,2500.00
MGM RESORTS INTERNATIONAL,MGM RESORTS INTERNATIONAL PAC,SEN. CINDY HYDE SMITH,2025-02-06,2500.00
MGM RESORTS INTERNATIONAL,MGM RESORTS INTERNATIONAL PAC,REP. DINA TITUS,2025-02-06,5000.00
MGM RESORTS INTERNATIONAL,MGM RESORTS INTERNATIONAL PAC,REP. SUSIE LEE,2025-02-06,5000.00
MGM RESORTS INTERNATIONAL,MGM RESORTS INTERNATIONAL PAC,REP. STEVEN ALEXANDER HORSFORD,2025-02-06,5000.00
MGM RESORTS INTERNATIONAL,MGM RESORTS INTERNATIONAL PAC,REP. GLENN IVEY,2025-02-06,2500.00
MGM RESORTS INTERNATIONAL,MGM RESORTS INTERNATIONAL PAC,REP. GEORGE LATIMER,2025-02-06,2500.00
MGM RESORTS INTERNATIONAL,MGM RESORTS INTERNATIONAL PAC,REP. MARK EUGENE AMODEI,2025-02-06,5000.00
MGM RESORTS INTERNATIONAL,MGM RESORTS INTERNATIONAL PAC,REP. DAVE JOYCE,2025-02-06,5000.00
MGM RESORTS INTERNATIONAL,MGM RESORTS INTERNATIONAL PAC,REP. DARIN MCKAY LAHOOD,2025-02-06,2500.00
MGM RESORTS INTERNATIONAL,MGM RESORTS INTERNATIONAL PAC,REP. MIKE EZELL,2025-02-06,2500.00
MGM RESORTS INTERNATIONAL,MGM RESORTS INTERNATIONAL PAC,REP. GUY RESCHENTHALER,2025-02-06,2500.00
MGM RESORTS INTERNATIONAL,MGM RESORTS INTERNATIONAL PAC,REP. JEFF VAN DREW,2025-02-06,2500.00
MGM RESORTS INTERNATIONAL,MGM RESORTS INTERNATIONAL PAC,REP. STEVE SCALISE,2025-02-06,5000.00
MGM RESORTS INTERNATIONAL,MGM RESORTS INTERNATIONAL PAC,REP. JASON SMITH,2025-02-06,5000.00
MGM RESORTS INTERNATIONAL,MGM RESORTS INTERNATIONAL PAC,CONGRESSIONAL BLACK CAUCUS,2025-02-06,5000.00
MGM RESORTS INTERNATIONAL,MGM RESORTS INTERNATIONAL PAC,CONGRESSIONAL HISPANIC CAUCUS,2025-02-06,5000.00
MGM RESORTS INTERNATIONAL,MGM RESORTS INTERNATIONAL PAC,NATIONAL REPUBLICAN CONGRESSIONAL COMMITTEE,2025-02-06,15000.00
MGM RESORTS INTERNATIONAL,MGM RESORTS INTERNATIONAL PAC,SEN. JOHN THUNE,2025-02-18,-2500.00
MGM RESORTS INTERNATIONAL,MGM RESORTS INTERNATIONAL PAC,SEN. CINDY HYDE SMITH,2025-02-26,-2500.00
MGM RESORTS INTERNATIONAL,MGM RESORTS INTERNATIONAL PAC,SEN. CINDY HYDE SMITH,2025-02-26,2500.00
MGM RESORTS INTERNATIONAL,MGM RESORTS INTERNATIONAL PAC,SEN. CINDY HYDE SMITH,2025-02-26,-2500.00
MGM RESORTS INTERNATIONAL,MGM RESORTS INTERNATIONAL PAC,SEN. CINDY HYDE SMITH,2025-02-26,2500.00
MGM RESORTS INTERNATIONAL,MGM RESORTS INTERNATIONAL PAC,SEN. ALEX PADILLA AND NATIONAL REPUBLICAN SENATORIAL COMMITTEE,2025-02-26,-5000.00
MGM RESORTS INTERNATIONAL,MGM RESORTS INTERNATIONAL PAC,SEN. ALEX PADILLA AND NATIONAL REPUBLICAN SENATORIAL COMMITTEE,2025-02-26,5000.00
MGM RESORTS INTERNATIONAL,MGM RESORTS INTERNATIONAL PAC,SEN. ROGER WICKER,2025-02-26,-2500.00
MGM RESORTS INTERNATIONAL,MGM RESORTS INTERNATIONAL PAC,SEN. ROGER WICKER,2025-02-26,2500.00
MGM RESORTS INTERNATIONAL,MGM RESORTS INTERNATIONAL PAC,SEN. TED CRUZ,2025-05-30,5000.00
MGM RESORTS INTERNATIONAL,MGM RESORTS INTERNATIONAL PAC,SEN. CHRIS VAN HOLLEN,2025-05-30,1000.00
MGM RESORTS INTERNATIONAL,MGM RESORTS INTERNATIONAL PAC,REP. RICHARD E NEAL,2025-06-26,2500.00
MGM RESORTS INTERNATIONAL,MGM RESORTS INTERNATIONAL PAC,DEMOCRATIC CONGRESSIONAL CAMPAIGN COMMITTEE,2025-06-26,2500.00
"SIERRA NEVADA COMPANY, LLC (F/K/A SIERRA NEVADA CORPORATION)",SIERRA NEVADA COMPANY LLC POLITICAL ACTION COMMITTEE,Sen Ted Budd,2025-02-26,5000.00
"SIERRA NEVADA COMPANY, LLC (F/K/A SIERRA NEVADA CORPORATION)",SIERRA NEVADA COMPANY LLC POLITICAL ACTION COMMITTEE,Rep Ed Case,2025-02-26,1000.00
"SIERRA NEVADA COMPANY, LLC (F/K/A SIERRA NEVADA CORPORATION)",SIERRA NEVADA COMPANY LLC POLITICAL ACTION COMMITTEE,Sen Cindy HydeSmith,2025-02-26,1000.00
"SIERRA NEVADA COMPANY, LLC (F/K/A SIERRA NEVADA CORPORATION)",SIERRA NEVADA COMPANY LLC POLITICAL ACTION COMMITTEE,Rep John Rutherford,2025-02-26,1000.00
"SIERRA NEVADA COMPANY, LLC (F/K/A SIERRA NEVADA CORPORATION)",SIERRA NEVADA COMPANY LLC POLITICAL ACTION COMMITTEE,Rep Dale Strong,2025-02-26,1000.00
"SIERRA NEVADA COMPANY, LLC (F/K/A SIERRA NEVADA CORPORATION)",SIERRA NEVADA COMPANY LLC POLITICAL ACTION COMMITTEE,Rep Don Bacon,2025-02-26,5000.00
"SIERRA NEVADA COMPANY, LLC (F/K/A SIERRA NEVADA CORPORATION)",SIERRA NEVADA COMPANY LLC POLITICAL ACTION COMMITTEE,Rep Ken Calvert,2025-02-26,5000.00
"SIERRA NEVADA COMPANY, LLC (F/K/A SIERRA NEVADA CORPORATION)",SIERRA NEVADA COMPANY LLC POLITICAL ACTION COMMITTEE,Sen Joni Ernst,2025-02-26,3000.00
"SIERRA NEVADA COMPANY, LLC (F/K/A SIERRA NEVADA CORPORATION)",SIERRA NEVADA COMPANY LLC POLITICAL ACTION COMMITTEE,Sen Joni Ernst,2025-02-26,500.00
"SIERRA NEVADA COMPANY, LLC (F/K/A SIERRA NEVADA CORPORATION)",SIERRA NEVADA COMPANY LLC POLITICAL ACTION COMMITTEE,Rep Jen Kiggans,2025-02-26,500.00
"SIERRA NEVADA COMPANY, LLC (F/K/A SIERRA NEVADA CORPORATION)",SIERRA NEVADA COMPANY LLC POLITICAL ACTION COMMITTEE,Rep Lance Gooden,2025-02-26,1000.00
"SIERRA NEVADA COMPANY, LLC (F/K/A SIERRA NEVADA CORPORATION)",SIERRA NEVADA COMPANY LLC POLITICAL ACTION COMMITTEE,Rep Mike Rogers,2025-02-26,5000.00
"SIERRA NEVADA COMPANY, LLC (F/K/A SIERRA NEVADA CORPORATION)",SIERRA NEVADA COMPANY LLC POLITICAL ACTION COMMITTEE,Rep Steven Horsford,2025-02-26,2500.00
"SIERRA NEVADA COMPANY, LLC (F/K/A SIERRA NEVADA CORPORATION)",SIERRA NEVADA COMPANY LLC POLITICAL ACTION COMMITTEE,Rep Mark Amodei,2025-02-26,5000.00
"SIERRA NEVADA COMPANY, LLC (F/K/A SIERRA NEVADA CORPORATION)",SIERRA NEVADA COMPANY LLC POLITICAL ACTION COMMITTEE,Rep Susie Lee,2025-02-26,5000.00
"SIERRA NEVADA COMPANY, LLC (F/K/A SIERRA NEVADA CORPORATION)",SIERRA NEVADA COMPANY LLC POLITICAL ACTION COMMITTEE,Sen Chris Van Hollen Jr,2025-02-26,2500.00
"SIERRA NEVADA COMPANY, LLC (F/K/A SIERRA NEVADA CORPORATION)",SIERRA NEVADA COMPANY LLC POLITICAL ACTION COMMITTEE,Rep Steve Womack,2025-02-26,1000.00
"SIERRA NEVADA COMPANY, LLC (F/K/A SIERRA NEVADA CORPORATION)",SIERRA NEVADA COMPANY LLC POLITICAL ACTION COMMITTEE,Sen Katie Britt,2025-03-24,5000.00
"SIERRA NEVADA COMPANY, LLC (F/K/A SIERRA NEVADA CORPORATION)",SIERRA NEVADA COMPANY LLC POLITICAL ACTION COMMITTEE,Sen Catherine Cortez Masto,2025-03-24,5000.00
"SIERRA NEVADA COMPANY, LLC (F/K/A SIERRA NEVADA CORPORATION)",SIERRA NEVADA COMPANY LLC POLITICAL ACTION COMMITTEE,Rep Mark Amodei,2025-03-24,5000.00
"SIERRA NEVADA COMPANY, LLC (F/K/A SIERRA NEVADA CORPORATION)",SIERRA NEVADA COMPANY LLC POLITICAL ACTION COMMITTEE,Sen Jim Banks,2025-03-24,1000.00
"SIERRA NEVADA COMPANY, LLC (F/K/A SIERRA NEVADA CORPORATION)",SIERRA NEVADA COMPANY LLC POLITICAL ACTION COMMITTEE,Sen Shelley Moore Capito,2025-03-24,2500.00
"SIERRA NEVADA COMPANY, LLC (F/K/A SIERRA NEVADA CORPORATION)",SIERRA NEVADA COMPANY LLC POLITICAL ACTION COMMITTEE,Rep Juan Ciscomani,2025-03-24,2500.00
"SIERRA NEVADA COMPANY, LLC (F/K/A SIERRA NEVADA CORPORATION)",SIERRA NEVADA COMPANY LLC POLITICAL ACTION COMMITTEE,Rep Don Bacon,2025-03-24,5000.00
"SIERRA NEVADA COMPANY, LLC (F/K/A SIERRA NEVADA CORPORATION)",SIERRA NEVADA COMPANY LLC POLITICAL ACTION COMMITTEE,Rep Pat Fallon,2025-03-24,2500.00
"SIERRA NEVADA COMPANY, LLC (F/K/A SIERRA NEVADA CORPORATION)",SIERRA NEVADA COMPANY LLC POLITICAL ACTION COMMITTEE,Rep Dave Joyce,2025-03-24,1000.00
"SIERRA NEVADA COMPANY, LLC (F/K/A SIERRA NEVADA CORPORATION)",SIERRA NEVADA COMPANY LLC POLITICAL ACTION COMMITTEE,Rep Rich McCormick,2025-03-24,1500.00
"SIERRA NEVADA COMPANY, LLC (F/K/A SIERRA NEVADA CORPORATION)",SIERRA NEVADA COMPANY LLC POLITICAL ACTION COMMITTEE,Rep Glenn Ivey,2025-03-24,1000.00
"SIERRA NEVADA COMPANY, LLC (F/K/A SIERRA NEVADA CORPORATION)",SIERRA NEVADA COMPANY LLC POLITICAL ACTION COMMITTEE,Rep Richard Hudson,2025-03-24,5000.00
"SIERRA NEVADA COMPANY, LLC (F/K/A SIERRA NEVADA CORPORATION)",SIERRA NEVADA COMPANY LLC POLITICAL ACTION COMMITTEE,Sen Jon A Husted,2025-03-24,5000.00
"SIERRA NEVADA COMPANY, LLC (F/K/A SIERRA NEVADA CORPORATION)",SIERRA NEVADA COMPANY LLC POLITICAL ACTION COMMITTEE,Rep Jeff Crank,2025-03-24,1000.00
"SIERRA NEVADA COMPANY, LLC (F/K/A SIERRA NEVADA CORPORATION)",SIERRA NEVADA COMPANY LLC POLITICAL ACTION COMMITTEE,Rep Julia Letlow,2025-03-24,1000.00
"SIERRA NEVADA COMPANY, LLC (F/K/A SIERRA NEVADA CORPORATION)",SIERRA NEVADA COMPANY LLC POLITICAL ACTION COMMITTEE,Rep Ken Calvert,2025-03-24,5000.00
"SIERRA NEVADA COMPANY, LLC (F/K/A SIERRA NEVADA CORPORATION)",SIERRA NEVADA COMPANY LLC POLITICAL ACTION COMMITTEE,Rep Mario DiazBalart,2025-03-24,1000.00
"SIERRA NEVADA COMPANY, LLC (F/K/A SIERRA NEVADA CORPORATION)",SIERRA NEVADA COMPANY LLC POLITICAL ACTION COMMITTEE,Rep Betty McCollum,2025-03-24,1000.00
"SIERRA NEVADA COMPANY, LLC (F/K/A SIERRA NEVADA CORPORATION)",SIERRA NEVADA COMPANY LLC POLITICAL ACTION COMMITTEE,Rep Riley M Moore,2025-03-24,1000.00
"SIERRA NEVADA COMPANY, LLC (F/K/A SIERRA NEVADA CORPORATION)",SIERRA NEVADA COMPANY LLC POLITICAL ACTION COMMITTEE,Sen Markwayne Mullin,2025-03-24,1500.00
"SIERRA NEVADA COMPANY, LLC (F/K/A SIERRA NEVADA CORPORATION)",SIERRA NEVADA COMPANY LLC POLITICAL ACTION COMMITTEE,Sen Jacky Rosen,2025-03-24,5000.00
"SIERRA NEVADA COMPANY, LLC (F/K/A SIERRA NEVADA CORPORATION)",SIERRA NEVADA COMPANY LLC POLITICAL ACTION COMMITTEE,Sen Bill Hagerty,2025-03-24,2000.00
"SIERRA NEVADA COMPANY, LLC (F/K/A SIERRA NEVADA CORPORATION)",SIERRA NEVADA COMPANY LLC POLITICAL ACTION COMMITTEE,Sen Bill Hagerty,2025-03-24,1500.00
"SIERRA NEVADA COMPANY, LLC (F/K/A SIERRA NEVADA CORPORATION)",SIERRA NEVADA COMPANY LLC POLITICAL ACTION COMMITTEE,Sen Thom Tillis,2025-03-24,2500.00
"SIERRA NEVADA COMPANY, LLC (F/K/A SIERRA NEVADA CORPORATION)",SIERRA NEVADA COMPANY LLC POLITICAL ACTION COMMITTEE,Rep David Valadao,2025-03-24,1000.00
"SIERRA NEVADA COMPANY, LLC (F/K/A SIERRA NEVADA CORPORATION)",SIERRA NEVADA COMPANY LLC POLITICAL ACTION COMMITTEE,Rep Brittany Pettersen,2025-04-28,1000.00
"SIERRA NEVADA COMPANY, LLC (F/K/A SIERRA NEVADA CORPORATION)",SIERRA NEVADA COMPANY LLC POLITICAL ACTION COMMITTEE,Rep Carlos A Gimenez,2025-04-28,1000.00
"SIERRA NEVADA COMPANY, LLC (F/K/A SIERRA NEVADA CORPORATION)",SIERRA NEVADA COMPANY LLC POLITICAL ACTION COMMITTEE,Rep Mike Turner,2025-04-28,5000.00
"SIERRA NEVADA COMPANY, LLC (F/K/A SIERRA NEVADA CORPORATION)",SIERRA NEVADA COMPANY LLC POLITICAL ACTION COMMITTEE,Rep Mario DiazBalart,2025-04-28,2000.00
"SIERRA NEVADA COMPANY, LLC (F/K/A SIERRA NEVADA CORPORATION)",SIERRA NEVADA COMPANY LLC POLITICAL ACTION COMMITTEE,Sen Deb Fischer,2025-04-28,2500.00
"SIERRA NEVADA COMPANY, LLC (F/K/A SIERRA NEVADA CORPORATION)",SIERRA NEVADA COMPANY LLC POLITICAL ACTION COMMITTEE,Rep April McClain Delaney,2025-05-22,1000.00
"SIERRA NEVADA COMPANY, LLC (F/K/A SIERRA NEVADA CORPORATION)",SIERRA NEVADA COMPANY LLC POLITICAL ACTION COMMITTEE,Rep Ashley Hinson,2025-05-22,1500.00
"SIERRA NEVADA COMPANY, LLC (F/K/A SIERRA NEVADA CORPORATION)",SIERRA NEVADA COMPANY LLC POLITICAL ACTION COMMITTEE,Sen Bernie Moreno,2025-05-22,5000.00
"SIERRA NEVADA COMPANY, LLC (F/K/A SIERRA NEVADA CORPORATION)",SIERRA NEVADA COMPANY LLC POLITICAL ACTION COMMITTEE,Rep Stephanie Bice,2025-05-22,1000.00
"SIERRA NEVADA COMPANY, LLC (F/K/A SIERRA NEVADA CORPORATION)",SIERRA NEVADA COMPANY LLC POLITICAL ACTION COMMITTEE,Rep John Rutherford,2025-05-22,1000.00
"SIERRA NEVADA COMPANY, LLC (F/K/A SIERRA NEVADA CORPORATION)",SIERRA NEVADA COMPANY LLC POLITICAL ACTION COMMITTEE,Rep Tom Cole,2025-05-22,1000.00
"SIERRA NEVADA COMPANY, LLC (F/K/A SIERRA NEVADA CORPORATION)",SIERRA NEVADA COMPANY LLC POLITICAL ACTION COMMITTEE,Rep Joe Wilson,2025-05-22,1000.00
"SIERRA NEVADA COMPANY, LLC (F/K/A SIERRA NEVADA CORPORATION)",SIERRA NEVADA COMPANY LLC POLITICAL ACTION COMMITTEE,Rep Johnny Olszewski Jr,2025-05-22,1000.00
"SIERRA NEVADA COMPANY, LLC (F/K/A SIERRA NEVADA CORPORATION)",SIERRA NEVADA COMPANY LLC POLITICAL ACTION COMMITTEE,Sen Ruben Gallego,2025-05-22,1000.00
"SIERRA NEVADA COMPANY, LLC (F/K/A SIERRA NEVADA CORPORATION)",SIERRA NEVADA COMPANY LLC POLITICAL ACTION COMMITTEE,Rep Lance Gooden,2025-05-22,1000.00
"SIERRA NEVADA COMPANY, LLC (F/K/A SIERRA NEVADA CORPORATION)",SIERRA NEVADA COMPANY LLC POLITICAL ACTION COMMITTEE,Rep Betty McCollum,2025-05-22,1000.00
"SIERRA NEVADA COMPANY, LLC (F/K/A SIERRA NEVADA CORPORATION)",SIERRA NEVADA COMPANY LLC POLITICAL ACTION COMMITTEE,Sen Ashley Moody,2025-05-22,2000.00
"SIERRA NEVADA COMPANY, LLC (F/K/A SIERRA NEVADA CORPORATION)",SIERRA NEVADA COMPANY LLC POLITICAL ACTION COMMITTEE,Pete Ricketts,2025-05-22,1000.00
"SIERRA NEVADA COMPANY, LLC (F/K/A SIERRA NEVADA CORPORATION)",SIERRA NEVADA COMPANY LLC POLITICAL ACTION COMMITTEE,Rep David Valadao,2025-05-22,1000.00
"SIERRA NEVADA COMPANY, LLC (F/K/A SIERRA NEVADA CORPORATION)",SIERRA NEVADA COMPANY LLC POLITICAL ACTION COMMITTEE,Rep Riley M Moore,2025-05-28,1000.00
"SIERRA NEVADA COMPANY, LLC (F/K/A SIERRA NEVADA CORPORATION)",SIERRA NEVADA COMPANY LLC POLITICAL ACTION COMMITTEE,Rep David Rouzer,2025-06-17,1000.00
"SIERRA NEVADA COMPANY, LLC (F/K/A SIERRA NEVADA CORPORATION)",SIERRA NEVADA COMPANY LLC POLITICAL ACTION COMMITTEE,Rep Riley M Moore,2025-06-17,1000.00
"SIERRA NEVADA COMPANY, LLC (F/K/A SIERRA NEVADA CORPORATION)",SIERRA NEVADA COMPANY LLC POLITICAL ACTION COMMITTEE,Rep Steve Womack,2025-06-17,1500.00
"SIERRA NEVADA COMPANY, LLC (F/K/A SIERRA NEVADA CORPORATION)",SIERRA NEVADA COMPANY LLC POLITICAL ACTION COMMITTEE,James Walkinshaw,2025-06-24,1500.00
"SIERRA NEVADA COMPANY, LLC (F/K/A SIERRA NEVADA CORPORATION)",SIERRA NEVADA COMPANY LLC POLITICAL ACTION COMMITTEE,Sen Ted Budd,2025-02-26,5000.00
"SIERRA NEVADA COMPANY, LLC (F/K/A SIERRA NEVADA CORPORATION)",SIERRA NEVADA COMPANY LLC POLITICAL ACTION COMMITTEE,Rep Ed Case,2025-02-26,1000.00
"SIERRA NEVADA COMPANY, LLC (F/K/A SIERRA NEVADA CORPORATION)",SIERRA NEVADA COMPANY LLC POLITICAL ACTION COMMITTEE,Sen Cindy HydeSmith,2025-02-26,1000.00
"SIERRA NEVADA COMPANY, LLC (F/K/A SIERRA NEVADA CORPORATION)",SIERRA NEVADA COMPANY LLC POLITICAL ACTION COMMITTEE,Rep John Rutherford,2025-02-26,1000.00
"SIERRA NEVADA COMPANY, LLC (F/K/A SIERRA NEVADA CORPORATION)",SIERRA NEVADA COMPANY LLC POLITICAL ACTION COMMITTEE,Rep Dale Strong,2025-02-26,1000.00
"SIERRA NEVADA COMPANY, LLC (F/K/A SIERRA NEVADA CORPORATION)",SIERRA NEVADA COMPANY LLC POLITICAL ACTION COMMITTEE,Rep Don Bacon,2025-02-26,5000.00
"SIERRA NEVADA COMPANY, LLC (F/K/A SIERRA NEVADA CORPORATION)",SIERRA NEVADA COMPANY LLC POLITICAL ACTION COMMITTEE,Rep Ken Calvert,2025-02-26,5000.00
"SIERRA NEVADA COMPANY, LLC (F/K/A SIERRA NEVADA CORPORATION)",SIERRA NEVADA COMPANY LLC POLITICAL ACTION COMMITTEE,Sen Joni Ernst,2025-02-26,3000.00
"SIERRA NEVADA COMPANY, LLC (F/K/A SIERRA NEVADA CORPORATION)",SIERRA NEVADA COMPANY LLC POLITICAL ACTION COMMITTEE,Sen Joni Ernst,2025-02-26,500.00
"SIERRA NEVADA COMPANY, LLC (F/K/A SIERRA NEVADA CORPORATION)",SIERRA NEVADA COMPANY LLC POLITICAL ACTION COMMITTEE,Rep Jen Kiggans,2025-02-26,500.00
"SIERRA NEVADA COMPANY, LLC (F/K/A SIERRA NEVADA CORPORATION)",SIERRA NEVADA COMPANY LLC POLITICAL ACTION COMMITTEE,Rep Lance Gooden,2025-02-26,1000.00
"SIERRA NEVADA COMPANY, LLC (F/K/A SIERRA NEVADA CORPORATION)",SIERRA NEVADA COMPANY LLC POLITICAL ACTION COMMITTEE,Rep Mike Rogers,2025-02-26,5000.00
"SIERRA NEVADA COMPANY, LLC (F/K/A SIERRA NEVADA CORPORATION)",SIERRA NEVADA COMPANY LLC POLITICAL ACTION COMMITTEE,Rep Steven Horsford,2025-02-26,2500.00
"SIERRA NEVADA COMPANY, LLC (F/K/A SIERRA NEVADA CORPORATION)",SIERRA NEVADA COMPANY LLC POLITICAL ACTION COMMITTEE,Rep Mark Amodei,2025-02-26,5000.00
"SIERRA NEVADA COMPANY, LLC (F/K/A SIERRA NEVADA CORPORATION)",SIERRA NEVADA COMPANY LLC POLITICAL ACTION COMMITTEE,Rep Susie Lee,2025-02-26,5000.00
"SIERRA NEVADA COMPANY, LLC (F/K/A SIERRA NEVADA CORPORATION)",SIERRA NEVADA COMPANY LLC POLITICAL ACTION COMMITTEE,Sen Chris Van Hollen Jr,2025-02-26,2500.00
"SIERRA NEVADA COMPANY, LLC (F/K/A SIERRA NEVADA CORPORATION)",SIERRA NEVADA COMPANY LLC POLITICAL ACTION COMMITTEE,Rep Steve Womack,2025-02-26,1000.00
"SIERRA NEVADA COMPANY, LLC (F/K/A SIERRA NEVADA CORPORATION)",SIERRA NEVADA COMPANY LLC POLITICAL ACTION COMMITTEE,Sen Katie Britt,2025-03-24,5000.00
"SIERRA NEVADA COMPANY, LLC (F/K/A SIERRA NEVADA CORPORATION)",SIERRA NEVADA COMPANY LLC POLITICAL ACTION COMMITTEE,Sen Catherine Cortez Masto,2025-03-24,5000.00
"SIERRA NEVADA COMPANY, LLC (F/K/A SIERRA NEVADA CORPORATION)",SIERRA NEVADA COMPANY LLC POLITICAL ACTION COMMITTEE,Rep Mark Amodei,2025-03-24,5000.00
"SIERRA NEVADA COMPANY, LLC (F/K/A SIERRA NEVADA CORPORATION)",SIERRA NEVADA COMPANY LLC POLITICAL ACTION COMMITTEE,Sen Jim Banks,2025-03-24,1000.00
"SIERRA NEVADA COMPANY, LLC (F/K/A SIERRA NEVADA CORPORATION)",SIERRA NEVADA COMPANY LLC POLITICAL ACTION COMMITTEE,Sen Shelley Moore Capito,2025-03-24,2500.00
"SIERRA NEVADA COMPANY, LLC (F/K/A SIERRA NEVADA CORPORATION)",SIERRA NEVADA COMPANY LLC POLITICAL ACTION COMMITTEE,Rep Juan Ciscomani,2025-03-24,2500.00
"SIERRA NEVADA COMPANY, LLC (F/K/A SIERRA NEVADA CORPORATION)",SIERRA NEVADA COMPANY LLC POLITICAL ACTION COMMITTEE,Rep Don Bacon,2025-03-24,5000.00
"SIERRA NEVADA COMPANY, LLC (F/K/A SIERRA NEVADA CORPORATION)",SIERRA NEVADA COMPANY LLC POLITICAL ACTION COMMITTEE,Rep Pat Fallon,2025-03-24,2500.00
"SIERRA NEVADA COMPANY, LLC (F/K/A SIERRA NEVADA CORPORATION)",SIERRA NEVADA COMPANY LLC POLITICAL ACTION COMMITTEE,Rep Dave Joyce,2025-03-24,1000.00
"SIERRA NEVADA COMPANY, LLC (F/K/A SIERRA NEVADA CORPORATION)",SIERRA NEVADA COMPANY LLC POLITICAL ACTION COMMITTEE,Rep Rich McCormick,2025-03-24,1500.00
"SIERRA NEVADA COMPANY, LLC (F/K/A SIERRA NEVADA CORPORATION)",SIERRA NEVADA COMPANY LLC POLITICAL ACTION COMMITTEE,Rep Glenn Ivey,2025-03-24,1000.00
"SIERRA NEVADA COMPANY, LLC (F/K/A SIERRA NEVADA CORPORATION)",SIERRA NEVADA COMPANY LLC POLITICAL ACTION COMMITTEE,Rep Richard Hudson,2025-03-24,5000.00
"SIERRA NEVADA COMPANY, LLC (F/K/A SIERRA NEVADA CORPORATION)",SIERRA NEVADA COMPANY LLC POLITICAL ACTION COMMITTEE,Sen Jon A Husted,2025-03-24,5000.00
"SIERRA NEVADA COMPANY, LLC (F/K/A SIERRA NEVADA CORPORATION)",SIERRA NEVADA COMPANY LLC POLITICAL ACTION COMMITTEE,Rep Jeff Crank,2025-03-24,1000.00
"SIERRA NEVADA COMPANY, LLC (F/K/A SIERRA NEVADA CORPORATION)",SIERRA NEVADA COMPANY LLC POLITICAL ACTION COMMITTEE,Rep Julia Letlow,2025-03-24,1000.00
"SIERRA NEVADA COMPANY, LLC (F/K/A SIERRA NEVADA CORPORATION)",SIERRA NEVADA COMPANY LLC POLITICAL ACTION COMMITTEE,Rep Ken Calvert,2025-03-24,5000.00
"SIERRA NEVADA COMPANY, LLC (F/K/A SIERRA NEVADA CORPORATION)",SIERRA NEVADA COMPANY LLC POLITICAL ACTION COMMITTEE,Rep Mario DiazBalart,2025-03-24,1000.00
"SIERRA NEVADA COMPANY, LLC (F/K/A SIERRA NEVADA CORPORATION)",SIERRA NEVADA COMPANY LLC POLITICAL ACTION COMMITTEE,Rep Betty McCollum,2025-03-24,1000.00
"SIERRA NEVADA COMPANY, LLC (F/K/A SIERRA NEVADA CORPORATION)",SIERRA NEVADA COMPANY LLC POLITICAL ACTION COMMITTEE,Rep Riley M Moore,2025-03-24,1000.00
"SIERRA NEVADA COMPANY, LLC (F/K/A SIERRA NEVADA CORPORATION)",SIERRA NEVADA COMPANY LLC POLITICAL ACTION COMMITTEE,Sen Markwayne Mullin,2025-03-24,1500.00
"SIERRA NEVADA COMPANY, LLC (F/K/A SIERRA NEVADA CORPORATION)",SIERRA NEVADA COMPANY LLC POLITICAL ACTION COMMITTEE,Sen Jacky Rosen,2025-03-24,5000.00
"SIERRA NEVADA COMPANY, LLC (F/K/A SIERRA NEVADA CORPORATION)",SIERRA NEVADA COMPANY LLC POLITICAL ACTION COMMITTEE,Sen Bill Hagerty,2025-03-24,2000.00
"SIERRA NEVADA COMPANY, LLC (F/K/A SIERRA NEVADA CORPORATION)",SIERRA NEVADA COMPANY LLC POLITICAL ACTION COMMITTEE,Sen Bill Hagerty,2025-03-24,1500.00
"SIERRA NEVADA COMPANY, LLC (F/K/A SIERRA NEVADA CORPORATION)",SIERRA NEVADA COMPANY LLC POLITICAL ACTION COMMITTEE,Sen Thom Tillis,2025-03-24,2500.00
"SIERRA NEVADA COMPANY, LLC (F/K/A SIERRA NEVADA CORPORATION)",SIERRA NEVADA COMPANY LLC POLITICAL ACTION COMMITTEE,Rep David Valadao,2025-03-24,1000.00
"SIERRA NEVADA COMPANY, LLC (F/K/A SIERRA NEVADA CORPORATION)",SIERRA NEVADA COMPANY LLC POLITICAL ACTION COMMITTEE,Rep Brittany Pettersen,2025-04-28,1000.00
"SIERRA NEVADA COMPANY, LLC (F/K/A SIERRA NEVADA CORPORATION)",SIERRA NEVADA COMPANY LLC POLITICAL ACTION COMMITTEE,Rep Carlos A Gimenez,2025-04-28,1000.00
"SIERRA NEVADA COMPANY, LLC (F/K/A SIERRA NEVADA CORPORATION)",SIERRA NEVADA COMPANY LLC POLITICAL ACTION COMMITTEE,Rep Mike Turner,2025-04-28,5000.00
"SIERRA NEVADA COMPANY, LLC (F/K/A SIERRA NEVADA CORPORATION)",SIERRA NEVADA COMPANY LLC POLITICAL ACTION COMMITTEE,Rep Mario DiazBalart,2025-04-28,2000.00
"SIERRA NEVADA COMPANY, LLC (F/K/A SIERRA NEVADA CORPORATION)",SIERRA NEVADA COMPANY LLC POLITICAL ACTION COMMITTEE,Sen Deb Fischer,2025-04-28,2500.00
"SIERRA NEVADA COMPANY, LLC (F/K/A SIERRA NEVADA CORPORATION)",SIERRA NEVADA COMPANY LLC POLITICAL ACTION COMMITTEE,Rep April McClain Delaney,2025-05-22,1000.00
"SIERRA NEVADA COMPANY, LLC (F/K/A SIERRA NEVADA CORPORATION)",SIERRA NEVADA COMPANY LLC POLITICAL ACTION COMMITTEE,Rep Ashley Hinson,2025-05-22,1500.00
"SIERRA NEVADA COMPANY, LLC (F/K/A SIERRA NEVADA CORPORATION)",SIERRA NEVADA COMPANY LLC POLITICAL ACTION COMMITTEE,Sen Bernie Moreno,2025-05-22,5000.00
"SIERRA NEVADA COMPANY, LLC (F/K/A SIERRA NEVADA CORPORATION)",SIERRA NEVADA COMPANY LLC POLITICAL ACTION COMMITTEE,Rep Stephanie Bice,2025-05-22,1000.00
"SIERRA NEVADA COMPANY, LLC (F/K/A SIERRA NEVADA CORPORATION)",SIERRA NEVADA COMPANY LLC POLITICAL ACTION COMMITTEE,Rep John Rutherford,2025-05-22,1000.00
"SIERRA NEVADA COMPANY, LLC (F/K/A SIERRA NEVADA CORPORATION)",SIERRA NEVADA COMPANY LLC POLITICAL ACTION COMMITTEE,Rep Tom Cole,2025-05-22,1000.00
"SIERRA NEVADA COMPANY, LLC (F/K/A SIERRA NEVADA CORPORATION)",SIERRA NEVADA COMPANY LLC POLITICAL ACTION COMMITTEE,Rep Joe Wilson,2025-05-22,1000.00
"SIERRA NEVADA COMPANY, LLC (F/K/A SIERRA NEVADA CORPORATION)",SIERRA NEVADA COMPANY LLC POLITICAL ACTION COMMITTEE,Rep Johnny Olszewski Jr,2025-05-22,1000.00
"SIERRA NEVADA COMPANY, LLC (F/K/A SIERRA NEVADA CORPORATION)",SIERRA NEVADA COMPANY LLC POLITICAL ACTION COMMITTEE,Sen Ruben Gallego,2025-05-22,1000.00
"SIERRA NEVADA COMPANY, LLC (F/K/A SIERRA NEVADA CORPORATION)",SIERRA NEVADA COMPANY LLC POLITICAL ACTION COMMITTEE,Rep Lance Gooden,2025-05-22,1000.00
"SIERRA NEVADA COMPANY, LLC (F/K/A SIERRA NEVADA CORPORATION)",SIERRA NEVADA COMPANY LLC POLITICAL ACTION COMMITTEE,Rep Betty McCollum,2025-05-22,1000.00
"SIERRA NEVADA COMPANY, LLC (F/K/A SIERRA NEVADA CORPORATION)",SIERRA NEVADA COMPANY LLC POLITICAL ACTION COMMITTEE,Sen Ashley Moody,2025-05-22,2000.00
"SIERRA NEVADA COMPANY, LLC (F/K/A SIERRA NEVADA CORPORATION)",SIERRA NEVADA COMPANY LLC POLITICAL ACTION COMMITTEE,Pete Ricketts,2025-05-22,1000.00
"SIERRA NEVADA COMPANY, LLC (F/K/A SIERRA NEVADA CORPORATION)",SIERRA NEVADA COMPANY LLC POLITICAL ACTION COMMITTEE,Rep David Valadao,2025-05-22,1000.00
"SIERRA NEVADA COMPANY, LLC (F/K/A SIERRA NEVADA CORPORATION)",SIERRA NEVADA COMPANY LLC POLITICAL ACTION COMMITTEE,Rep Riley M Moore,2025-05-28,1000.00
"SIERRA NEVADA COMPANY, LLC (F/K/A SIERRA NEVADA CORPORATION)",SIERRA NEVADA COMPANY LLC POLITICAL ACTION COMMITTEE,Rep David Rouzer,2025-06-17,1000.00
"SIERRA NEVADA COMPANY, LLC (F/K/A SIERRA NEVADA CORPORATION)",SIERRA NEVADA COMPANY LLC POLITICAL ACTION COMMITTEE,Rep Riley M Moore,2025-06-17,1000.00
"SIERRA NEVADA COMPANY, LLC (F/K/A SIERRA NEVADA CORPORATION)",SIERRA NEVADA COMPANY LLC POLITICAL ACTION COMMITTEE,Rep Steve Womack,2025-06-17,1500.00
"SIERRA NEVADA COMPANY, LLC (F/K/A SIERRA NEVADA CORPORATION)",SIERRA NEVADA COMPANY LLC POLITICAL ACTION COMMITTEE,James Walkinshaw,2025-06-24,1500.00
"SIERRA NEVADA COMPANY, LLC (F/K/A SIERRA NEVADA CORPORATION)",SIERRA NEVADA COMPANY LLC POLITICAL ACTION COMMITTEE,Sen Ted Budd,2025-02-26,5000.00
"SIERRA NEVADA COMPANY, LLC (F/K/A SIERRA NEVADA CORPORATION)",SIERRA NEVADA COMPANY LLC POLITICAL ACTION COMMITTEE,Rep Ed Case,2025-02-26,1000.00
"SIERRA NEVADA COMPANY, LLC (F/K/A SIERRA NEVADA CORPORATION)",SIERRA NEVADA COMPANY LLC POLITICAL ACTION COMMITTEE,Sen Cindy HydeSmith,2025-02-26,1000.00
"SIERRA NEVADA COMPANY, LLC (F/K/A SIERRA NEVADA CORPORATION)",SIERRA NEVADA COMPANY LLC POLITICAL ACTION COMMITTEE,Rep John Rutherford,2025-02-26,1000.00
"SIERRA NEVADA COMPANY, LLC (F/K/A SIERRA NEVADA CORPORATION)",SIERRA NEVADA COMPANY LLC POLITICAL ACTION COMMITTEE,Rep Dale Strong,2025-02-26,1000.00
"SIERRA NEVADA COMPANY, LLC (F/K/A SIERRA NEVADA CORPORATION)",SIERRA NEVADA COMPANY LLC POLITICAL ACTION COMMITTEE,Rep Don Bacon,2025-02-26,5000.00
"SIERRA NEVADA COMPANY, LLC (F/K/A SIERRA NEVADA CORPORATION)",SIERRA NEVADA COMPANY LLC POLITICAL ACTION COMMITTEE,Rep Ken Calvert,2025-02-26,5000.00
"SIERRA NEVADA COMPANY, LLC (F/K/A SIERRA NEVADA CORPORATION)",SIERRA NEVADA COMPANY LLC POLITICAL ACTION COMMITTEE,Sen Joni Ernst,2025-02-26,3000.00
"SIERRA NEVADA COMPANY, LLC (F/K/A SIERRA NEVADA CORPORATION)",SIERRA NEVADA COMPANY LLC POLITICAL ACTION COMMITTEE,Sen Joni Ernst,2025-02-26,500.00
"SIERRA NEVADA COMPANY, LLC (F/K/A SIERRA NEVADA CORPORATION)",SIERRA NEVADA COMPANY LLC POLITICAL ACTION COMMITTEE,Rep Jen Kiggans,2025-02-26,500.00
"SIERRA NEVADA COMPANY, LLC (F/K/A SIERRA NEVADA CORPORATION)",SIERRA NEVADA COMPANY LLC POLITICAL ACTION COMMITTEE,Rep Lance Gooden,2025-02-26,1000.00
"SIERRA NEVADA COMPANY, LLC (F/K/A SIERRA NEVADA CORPORATION)",SIERRA NEVADA COMPANY LLC POLITICAL ACTION COMMITTEE,Rep Mike Rogers,2025-02-26,5000.00
"SIERRA NEVADA COMPANY, LLC (F/K/A SIERRA NEVADA CORPORATION)",SIERRA NEVADA COMPANY LLC POLITICAL ACTION COMMITTEE,Rep Steven Horsford,2025-02-26,2500.00
"SIERRA NEVADA COMPANY, LLC (F/K/A SIERRA NEVADA CORPORATION)",SIERRA NEVADA COMPANY LLC POLITICAL ACTION COMMITTEE,Rep Mark Amodei,2025-02-26,5000.00
"SIERRA NEVADA COMPANY, LLC (F/K/A SIERRA NEVADA CORPORATION)",SIERRA NEVADA COMPANY LLC POLITICAL ACTION COMMITTEE,Rep Susie Lee,2025-02-26,5000.00
"SIERRA NEVADA COMPANY, LLC (F/K/A SIERRA NEVADA CORPORATION)",SIERRA NEVADA COMPANY LLC POLITICAL ACTION COMMITTEE,Sen Chris Van Hollen Jr,2025-02-26,2500.00
"SIERRA NEVADA COMPANY, LLC (F/K/A SIERRA NEVADA CORPORATION)",SIERRA NEVADA COMPANY LLC POLITICAL ACTION COMMITTEE,Rep Steve Womack,2025-02-26,1000.00
"SIERRA NEVADA COMPANY, LLC (F/K/A SIERRA NEVADA CORPORATION)",SIERRA NEVADA COMPANY LLC POLITICAL ACTION COMMITTEE,Sen Katie Britt,2025-03-24,5000.00
"SIERRA NEVADA COMPANY, LLC (F/K/A SIERRA NEVADA CORPORATION)",SIERRA NEVADA COMPANY LLC POLITICAL ACTION COMMITTEE,Sen Catherine Cortez Masto,2025-03-24,5000.00
"SIERRA NEVADA COMPANY, LLC (F/K/A SIERRA NEVADA CORPORATION)",SIERRA NEVADA COMPANY LLC POLITICAL ACTION COMMITTEE,Rep Mark Amodei,2025-03-24,5000.00
"SIERRA NEVADA COMPANY, LLC (F/K/A SIERRA NEVADA CORPORATION)",SIERRA NEVADA COMPANY LLC POLITICAL ACTION COMMITTEE,Sen Jim Banks,2025-03-24,1000.00
"SIERRA NEVADA COMPANY, LLC (F/K/A SIERRA NEVADA CORPORATION)",SIERRA NEVADA COMPANY LLC POLITICAL ACTION COMMITTEE,Sen Shelley Moore Capito,2025-03-24,2500.00
"SIERRA NEVADA COMPANY, LLC (F/K/A SIERRA NEVADA CORPORATION)",SIERRA NEVADA COMPANY LLC POLITICAL ACTION COMMITTEE,Rep Juan Ciscomani,2025-03-24,2500.00
"SIERRA NEVADA COMPANY, LLC (F/K/A SIERRA NEVADA CORPORATION)",SIERRA NEVADA COMPANY LLC POLITICAL ACTION COMMITTEE,Rep Don Bacon,2025-03-24,5000.00
"SIERRA NEVADA COMPANY, LLC (F/K/A SIERRA NEVADA CORPORATION)",SIERRA NEVADA COMPANY LLC POLITICAL ACTION COMMITTEE,Rep Pat Fallon,2025-03-24,2500.00
"SIERRA NEVADA COMPANY, LLC (F/K/A SIERRA NEVADA CORPORATION)",SIERRA NEVADA COMPANY LLC POLITICAL ACTION COMMITTEE,Rep Dave Joyce,2025-03-24,1000.00
"SIERRA NEVADA COMPANY, LLC (F/K/A SIERRA NEVADA CORPORATION)",SIERRA NEVADA COMPANY LLC POLITICAL ACTION COMMITTEE,Rep Rich McCormick,2025-03-24,1500.00
"SIERRA NEVADA COMPANY, LLC (F/K/A SIERRA NEVADA CORPORATION)",SIERRA NEVADA COMPANY LLC POLITICAL ACTION COMMITTEE,Rep Glenn Ivey,2025-03-24,1000.00
"SIERRA NEVADA COMPANY, LLC (F/K/A SIERRA NEVADA CORPORATION)",SIERRA NEVADA COMPANY LLC POLITICAL ACTION COMMITTEE,Rep Richard Hudson,2025-03-24,5000.00
"SIERRA NEVADA COMPANY, LLC (F/K/A SIERRA NEVADA CORPORATION)",SIERRA NEVADA COMPANY LLC POLITICAL ACTION COMMITTEE,Sen Jon A Husted,2025-03-24,5000.00
"SIERRA NEVADA COMPANY, LLC (F/K/A SIERRA NEVADA CORPORATION)",SIERRA NEVADA COMPANY LLC POLITICAL ACTION COMMITTEE,Rep Jeff Crank,2025-03-24,1000.00
"SIERRA NEVADA COMPANY, LLC (F/K/A SIERRA NEVADA CORPORATION)",SIERRA NEVADA COMPANY LLC POLITICAL ACTION COMMITTEE,Rep Julia Letlow,2025-03-24,1000.00
"SIERRA NEVADA COMPANY, LLC (F/K/A SIERRA NEVADA CORPORATION)",SIERRA NEVADA COMPANY LLC POLITICAL ACTION COMMITTEE,Rep Ken Calvert,2025-03-24,5000.00
"SIERRA NEVADA COMPANY, LLC (F/K/A SIERRA NEVADA CORPORATION)",SIERRA NEVADA COMPANY LLC POLITICAL ACTION COMMITTEE,Rep Mario DiazBalart,2025-03-24,1000.00
"SIERRA NEVADA COMPANY, LLC (F/K/A SIERRA NEVADA CORPORATION)",SIERRA NEVADA COMPANY LLC POLITICAL ACTION COMMITTEE,Rep Betty McCollum,2025-03-24,1000.00
"SIERRA NEVADA COMPANY, LLC (F/K/A SIERRA NEVADA CORPORATION)",SIERRA NEVADA COMPANY LLC POLITICAL ACTION COMMITTEE,Rep Riley M Moore,2025-03-24,1000.00
"SIERRA NEVADA COMPANY, LLC (F/K/A SIERRA NEVADA CORPORATION)",SIERRA NEVADA COMPANY LLC POLITICAL ACTION COMMITTEE,Sen Markwayne Mullin,2025-03-24,1500.00
"SIERRA NEVADA COMPANY, LLC (F/K/A SIERRA NEVADA CORPORATION)",SIERRA NEVADA COMPANY LLC POLITICAL ACTION COMMITTEE,Sen Jacky Rosen,2025-03-24,5000.00
"SIERRA NEVADA COMPANY, LLC (F/K/A SIERRA NEVADA CORPORATION)",SIERRA NEVADA COMPANY LLC POLITICAL ACTION COMMITTEE,Sen Bill Hagerty,2025-03-24,2000.00
"SIERRA NEVADA COMPANY, LLC (F/K/A SIERRA NEVADA CORPORATION)",SIERRA NEVADA COMPANY LLC POLITICAL ACTION COMMITTEE,Sen Bill Hagerty,2025-03-24,1500.00
"SIERRA NEVADA COMPANY, LLC (F/K/A SIERRA NEVADA CORPORATION)",SIERRA NEVADA COMPANY LLC POLITICAL ACTION COMMITTEE,Sen Thom Tillis,2025-03-24,2500.00
"SIERRA NEVADA COMPANY, LLC (F/K/A SIERRA NEVADA CORPORATION)",SIERRA NEVADA COMPANY LLC POLITICAL ACTION COMMITTEE,Rep David Valadao,2025-03-24,1000.00
"SIERRA NEVADA COMPANY, LLC (F/K/A SIERRA NEVADA CORPORATION)",SIERRA NEVADA COMPANY LLC POLITICAL ACTION COMMITTEE,Rep Brittany Pettersen,2025-04-28,1000.00
"SIERRA NEVADA COMPANY, LLC (F/K/A SIERRA NEVADA CORPORATION)",SIERRA NEVADA COMPANY LLC POLITICAL ACTION COMMITTEE,Rep Carlos A Gimenez,2025-04-28,1000.00
"SIERRA NEVADA COMPANY, LLC (F/K/A SIERRA NEVADA CORPORATION)",SIERRA NEVADA COMPANY LLC POLITICAL ACTION COMMITTEE,Rep Mike Turner,2025-04-28,5000.00
"SIERRA NEVADA COMPANY, LLC (F/K/A SIERRA NEVADA CORPORATION)",SIERRA NEVADA COMPANY LLC POLITICAL ACTION COMMITTEE,Rep Mario DiazBalart,2025-04-28,2000.00
"SIERRA NEVADA COMPANY, LLC (F/K/A SIERRA NEVADA CORPORATION)",SIERRA NEVADA COMPANY LLC POLITICAL ACTION COMMITTEE,Sen Deb Fischer,2025-04-28,2500.00
"SIERRA NEVADA COMPANY, LLC (F/K/A SIERRA NEVADA CORPORATION)",SIERRA NEVADA COMPANY LLC POLITICAL ACTION COMMITTEE,Rep April McClain Delaney,2025-05-22,1000.00
"SIERRA NEVADA COMPANY, LLC (F/K/A SIERRA NEVADA CORPORATION)",SIERRA NEVADA COMPANY LLC POLITICAL ACTION COMMITTEE,Rep Ashley Hinson,2025-05-22,1500.00
"SIERRA NEVADA COMPANY, LLC (F/K/A SIERRA NEVADA CORPORATION)",SIERRA NEVADA COMPANY LLC POLITICAL ACTION COMMITTEE,Sen Bernie Moreno,2025-05-22,5000.00
"SIERRA NEVADA COMPANY, LLC (F/K/A SIERRA NEVADA CORPORATION)",SIERRA NEVADA COMPANY LLC POLITICAL ACTION COMMITTEE,Rep Stephanie Bice,2025-05-22,1000.00
"SIERRA NEVADA COMPANY, LLC (F/K/A SIERRA NEVADA CORPORATION)",SIERRA NEVADA COMPANY LLC POLITICAL ACTION COMMITTEE,Rep John Rutherford,2025-05-22,1000.00
"SIERRA NEVADA COMPANY, LLC (F/K/A SIERRA NEVADA CORPORATION)",SIERRA NEVADA COMPANY LLC POLITICAL ACTION COMMITTEE,Rep Tom Cole,2025-05-22,1000.00
"SIERRA NEVADA COMPANY, LLC (F/K/A SIERRA NEVADA CORPORATION)",SIERRA NEVADA COMPANY LLC POLITICAL ACTION COMMITTEE,Rep Joe Wilson,2025-05-22,1000.00
"SIERRA NEVADA COMPANY, LLC (F/K/A SIERRA NEVADA CORPORATION)",SIERRA NEVADA COMPANY LLC POLITICAL ACTION COMMITTEE,Rep Johnny Olszewski Jr,2025-05-22,1000.00
"SIERRA NEVADA COMPANY, LLC (F/K/A SIERRA NEVADA CORPORATION)",SIERRA NEVADA COMPANY LLC POLITICAL ACTION COMMITTEE,Sen Ruben Gallego,2025-05-22,1000.00
"SIERRA NEVADA COMPANY, LLC (F/K/A SIERRA NEVADA CORPORATION)",SIERRA NEVADA COMPANY LLC POLITICAL ACTION COMMITTEE,Rep Lance Gooden,2025-05-22,1000.00
"SIERRA NEVADA COMPANY, LLC (F/K/A SIERRA NEVADA CORPORATION)",SIERRA NEVADA COMPANY LLC POLITICAL ACTION COMMITTEE,Rep Betty McCollum,2025-05-22,1000.00
"SIERRA NEVADA COMPANY, LLC (F/K/A SIERRA NEVADA CORPORATION)",SIERRA NEVADA COMPANY LLC POLITICAL ACTION COMMITTEE,Sen Ashley Moody,2025-05-22,2000.00
"SIERRA NEVADA COMPANY, LLC (F/K/A SIERRA NEVADA CORPORATION)",SIERRA NEVADA COMPANY LLC POLITICAL ACTION COMMITTEE,Pete Ricketts,2025-05-22,1000.00
"SIERRA NEVADA COMPANY, LLC (F/K/A SIERRA NEVADA CORPORATION)",SIERRA NEVADA COMPANY LLC POLITICAL ACTION COMMITTEE,Rep David Valadao,2025-05-22,1000.00
"SIERRA NEVADA COMPANY, LLC (F/K/A SIERRA NEVADA CORPORATION)",SIERRA NEVADA COMPANY LLC POLITICAL ACTION COMMITTEE,Rep Riley M Moore,2025-05-28,1000.00
"SIERRA NEVADA COMPANY, LLC (F/K/A SIERRA NEVADA CORPORATION)",SIERRA NEVADA COMPANY LLC POLITICAL ACTION COMMITTEE,Rep David Rouzer,2025-06-17,1000.00
"SIERRA NEVADA COMPANY, LLC (F/K/A SIERRA NEVADA CORPORATION)",SIERRA NEVADA COMPANY LLC POLITICAL ACTION COMMITTEE,Rep Riley M Moore,2025-06-17,1000.00
"SIERRA NEVADA COMPANY, LLC (F/K/A SIERRA NEVADA CORPORATION)",SIERRA NEVADA COMPANY LLC POLITICAL ACTION COMMITTEE,Rep Steve Womack,2025-06-17,1500.00
"SIERRA NEVADA COMPANY, LLC (F/K/A SIERRA NEVADA CORPORATION)",SIERRA NEVADA COMPANY LLC POLITICAL ACTION COMMITTEE,James Walkinshaw,2025-06-24,1500.00
"SIERRA NEVADA COMPANY, LLC (F/K/A SIERRA NEVADA CORPORATION)",SIERRA NEVADA COMPANY LLC POLITICAL ACTION COMMITTEE,Sen Ted Budd,2025-02-26,5000.00
"SIERRA NEVADA COMPANY, LLC (F/K/A SIERRA NEVADA CORPORATION)",SIERRA NEVADA COMPANY LLC POLITICAL ACTION COMMITTEE,Rep Ed Case,2025-02-26,1000.00
"SIERRA NEVADA COMPANY, LLC (F/K/A SIERRA NEVADA CORPORATION)",SIERRA NEVADA COMPANY LLC POLITICAL ACTION COMMITTEE,Sen Cindy HydeSmith,2025-02-26,1000.00
"SIERRA NEVADA COMPANY, LLC (F/K/A SIERRA NEVADA CORPORATION)",SIERRA NEVADA COMPANY LLC POLITICAL ACTION COMMITTEE,Rep John Rutherford,2025-02-26,1000.00
"SIERRA NEVADA COMPANY, LLC (F/K/A SIERRA NEVADA CORPORATION)",SIERRA NEVADA COMPANY LLC POLITICAL ACTION COMMITTEE,Rep Dale Strong,2025-02-26,1000.00
"SIERRA NEVADA COMPANY, LLC (F/K/A SIERRA NEVADA CORPORATION)",SIERRA NEVADA COMPANY LLC POLITICAL ACTION COMMITTEE,Rep Don Bacon,2025-02-26,5000.00
"SIERRA NEVADA COMPANY, LLC (F/K/A SIERRA NEVADA CORPORATION)",SIERRA NEVADA COMPANY LLC POLITICAL ACTION COMMITTEE,Rep Ken Calvert,2025-02-26,5000.00
"SIERRA NEVADA COMPANY, LLC (F/K/A SIERRA NEVADA CORPORATION)",SIERRA NEVADA COMPANY LLC POLITICAL ACTION COMMITTEE,Sen Joni Ernst,2025-02-26,3000.00
"SIERRA NEVADA COMPANY, LLC (F/K/A SIERRA NEVADA CORPORATION)",SIERRA NEVADA COMPANY LLC POLITICAL ACTION COMMITTEE,Sen Joni Ernst,2025-02-26,500.00
"SIERRA NEVADA COMPANY, LLC (F/K/A SIERRA NEVADA CORPORATION)",SIERRA NEVADA COMPANY LLC POLITICAL ACTION COMMITTEE,Rep Jen Kiggans,2025-02-26,500.00
"SIERRA NEVADA COMPANY, LLC (F/K/A SIERRA NEVADA CORPORATION)",SIERRA NEVADA COMPANY LLC POLITICAL ACTION COMMITTEE,Rep Lance Gooden,2025-02-26,1000.00
"SIERRA NEVADA COMPANY, LLC (F/K/A SIERRA NEVADA CORPORATION)",SIERRA NEVADA COMPANY LLC POLITICAL ACTION COMMITTEE,Rep Mike Rogers,2025-02-26,5000.00
"SIERRA NEVADA COMPANY, LLC (F/K/A SIERRA NEVADA CORPORATION)",SIERRA NEVADA COMPANY LLC POLITICAL ACTION COMMITTEE,Rep Steven Horsford,2025-02-26,2500.00
"SIERRA NEVADA COMPANY, LLC (F/K/A SIERRA NEVADA CORPORATION)",SIERRA NEVADA COMPANY LLC POLITICAL ACTION COMMITTEE,Rep Mark Amodei,2025-02-26,5000.00
"SIERRA NEVADA COMPANY, LLC (F/K/A SIERRA NEVADA CORPORATION)",SIERRA NEVADA COMPANY LLC POLITICAL ACTION COMMITTEE,Rep Susie Lee,2025-02-26,5000.00
"SIERRA NEVADA COMPANY, LLC (F/K/A SIERRA NEVADA CORPORATION)",SIERRA NEVADA COMPANY LLC POLITICAL ACTION COMMITTEE,Sen Chris Van Hollen Jr,2025-02-26,2500.00
"SIERRA NEVADA COMPANY, LLC (F/K/A SIERRA NEVADA CORPORATION)",SIERRA NEVADA COMPANY LLC POLITICAL ACTION COMMITTEE,Rep Steve Womack,2025-02-26,1000.00
"SIERRA NEVADA COMPANY, LLC (F/K/A SIERRA NEVADA CORPORATION)",SIERRA NEVADA COMPANY LLC POLITICAL ACTION COMMITTEE,Sen Katie Britt,2025-03-24,5000.00
"SIERRA NEVADA COMPANY, LLC (F/K/A SIERRA NEVADA CORPORATION)",SIERRA NEVADA COMPANY LLC POLITICAL ACTION COMMITTEE,Sen Catherine Cortez Masto,2025-03-24,5000.00
"SIERRA NEVADA COMPANY, LLC (F/K/A SIERRA NEVADA CORPORATION)",SIERRA NEVADA COMPANY LLC POLITICAL ACTION COMMITTEE,Rep Mark Amodei,2025-03-24,5000.00
"SIERRA NEVADA COMPANY, LLC (F/K/A SIERRA NEVADA CORPORATION)",SIERRA NEVADA COMPANY LLC POLITICAL ACTION COMMITTEE,Sen Jim Banks,2025-03-24,1000.00
"SIERRA NEVADA COMPANY, LLC (F/K/A SIERRA NEVADA CORPORATION)",SIERRA NEVADA COMPANY LLC POLITICAL ACTION COMMITTEE,Sen Shelley Moore Capito,2025-03-24,2500.00
"SIERRA NEVADA COMPANY, LLC (F/K/A SIERRA NEVADA CORPORATION)",SIERRA NEVADA COMPANY LLC POLITICAL ACTION COMMITTEE,Rep Juan Ciscomani,2025-03-24,2500.00
"SIERRA NEVADA COMPANY, LLC (F/K/A SIERRA NEVADA CORPORATION)",SIERRA NEVADA COMPANY LLC POLITICAL ACTION COMMITTEE,Rep Don Bacon,2025-03-24,5000.00
"SIERRA NEVADA COMPANY, LLC (F/K/A SIERRA NEVADA CORPORATION)",SIERRA NEVADA COMPANY LLC POLITICAL ACTION COMMITTEE,Rep Pat Fallon,2025-03-24,2500.00
"SIERRA NEVADA COMPANY, LLC (F/K/A SIERRA NEVADA CORPORATION)",SIERRA NEVADA COMPANY LLC POLITICAL ACTION COMMITTEE,Rep Dave Joyce,2025-03-24,1000.00
"SIERRA NEVADA COMPANY, LLC (F/K/A SIERRA NEVADA CORPORATION)",SIERRA NEVADA COMPANY LLC POLITICAL ACTION COMMITTEE,Rep Rich McCormick,2025-03-24,1500.00
"SIERRA NEVADA COMPANY, LLC (F/K/A SIERRA NEVADA CORPORATION)",SIERRA NEVADA COMPANY LLC POLITICAL ACTION COMMITTEE,Rep Glenn Ivey,2025-03-24,1000.00
"SIERRA NEVADA COMPANY, LLC (F/K/A SIERRA NEVADA CORPORATION)",SIERRA NEVADA COMPANY LLC POLITICAL ACTION COMMITTEE,Rep Richard Hudson,2025-03-24,5000.00
"SIERRA NEVADA COMPANY, LLC (F/K/A SIERRA NEVADA CORPORATION)",SIERRA NEVADA COMPANY LLC POLITICAL ACTION COMMITTEE,Sen Jon A Husted,2025-03-24,5000.00
"SIERRA NEVADA COMPANY, LLC (F/K/A SIERRA NEVADA CORPORATION)",SIERRA NEVADA COMPANY LLC POLITICAL ACTION COMMITTEE,Rep Jeff Crank,2025-03-24,1000.00
"SIERRA NEVADA COMPANY, LLC (F/K/A SIERRA NEVADA CORPORATION)",SIERRA NEVADA COMPANY LLC POLITICAL ACTION COMMITTEE,Rep Julia Letlow,2025-03-24,1000.00
"SIERRA NEVADA COMPANY, LLC (F/K/A SIERRA NEVADA CORPORATION)",SIERRA NEVADA COMPANY LLC POLITICAL ACTION COMMITTEE,Rep Ken Calvert,2025-03-24,5000.00
