organization,pacs,honoree,date,amount_usd
JOCELYN HONG & ASSOCIATES,,Pete Ricketts,2025-04-30,250.00
JOCELYN HONG & ASSOCIATES,Forever Young,Pete Ricketts,2025-04-30,250.00
JOCELYN HONG & ASSOCIATES,Fongress PAC; Forever Young,Pete Ricketts,2025-04-30,250.00
NATIONAL MILK PRODUCERS FEDERATION,,Rep. Rick Larsen,2025-05-12,500.00
AMERICAN CHIROPRACTIC ASSOCIATION,American Chiropractic Association PAC,Rep. Brian Fitzpatrick,2025-06-24,1500.00
TRUCK RENTING AND LEASING ASSOCIATION,TRALAPAC,Rick Larsen,2025-02-05,2500.00
AMERICAN SENIORS HOUSING ASSOCIATION,Seniors Housing PAC,"Strickland, Marilyn",2025-03-11,1000.00
AMERICAN SENIORS HOUSING ASSOCIATION,Seniors Housing PAC,"Scott, Rick",2025-03-14,5000.00
AMERICAN SENIORS HOUSING ASSOCIATION,Seniors Housing PAC,"Strickland, Marilyn",2025-05-05,2500.00
AMERICAN SENIORS HOUSING ASSOCIATION,Seniors Housing PAC,"Strickland, Marilyn",2025-05-10,1500.00
AMERICAN SENIORS HOUSING ASSOCIATION,Seniors Housing PAC,"Ricketts, Pete",2025-06-02,2500.00
AMERICAN ACADEMY OF DERMATOLOGY ASSOCIATION,American Academy of Dermatology Association Political Action Committee (SkinPAC),Rep. Brian Fitzpatrick,2025-01-13,1000.00
AMERICAN ACADEMY OF DERMATOLOGY ASSOCIATION,American Academy of Dermatology Association Political Action Committee (SkinPAC),Rep. Rick Allen,2025-04-01,2500.00
"K&L GATES, LLP",K&L Gates PAC,Congressman Rick Larsen,2025-04-02,1000.00
"K&L GATES, LLP",K&L Gates PAC,Congresswoman Marilyn Strickland,2025-05-22,500.00
"BROWNSTEIN HYATT FARBER SCHRECK, LLP",,Rick Allen,2025-03-31,1000.00
DENTONS US LLP,Dentons PAC,Congressman Rick Allen,2025-03-03,1000.00
NATIONAL RURAL ELECTRIC COOPERATIVE ASSOCIATION (NRECA),America's Electric Cooperatives PAC,"Crawford, Rick",2025-02-13,1000.00
NATIONAL RURAL ELECTRIC COOPERATIVE ASSOCIATION (NRECA),America's Electric Cooperatives PAC,"Van Orden, Derrick",2025-05-29,1000.00
NATIONAL RURAL ELECTRIC COOPERATIVE ASSOCIATION (NRECA),America's Electric Cooperatives PAC,"Fallon, Patrick",2025-06-10,1000.00
NATIONAL RURAL ELECTRIC COOPERATIVE ASSOCIATION (NRECA),America's Electric Cooperatives PAC,"Fitzpatrick, Brian",2025-03-20,1000.00
NATIONAL RURAL ELECTRIC COOPERATIVE ASSOCIATION (NRECA),America's Electric Cooperatives PAC,"Larsen, Rick",2025-03-20,5000.00
NATIONAL RURAL ELECTRIC COOPERATIVE ASSOCIATION (NRECA),America's Electric Cooperatives PAC,"Crawford, Rick",2025-05-29,1000.00
HOLLAND & KNIGHT LLP,citizens to elect rick larsen,Congressman Rick Larsen,2025-06-27,1000.00
PENN AVENUE PARTNERS,,U.S. Representative Rick Larsen,2025-06-12,1000.00
"CORNERSTONE GOVERNMENT AFFAIRS, INC.",WRANGLER PAC,Rick Crawford,2025-06-27,2900.00
"CORNERSTONE GOVERNMENT AFFAIRS, INC.",WRANGLER PAC,Pete Ricketts,2025-06-27,1400.00
NATIONAL ASSOCIATION OF SOCIAL WORKERS,NASW-PACE,Brian Fitzpatrick,2025-02-28,2000.00
ASSOCIATION FOR CLINICAL ONCOLOGY,ASCO Association Political Action Committee,Rep. Brian Fitzpatrick,2025-03-12,1000.00
THERMO FISHER SCIENTIFIC INC.,THERMO FISHER SCIENTIFIC INC. PAC,REP. BRIAN FITZPATRICK,2025-03-20,5000.00
THERMO FISHER SCIENTIFIC INC.,THERMO FISHER SCIENTIFIC INC. PAC,"GREG STEELE, POLITICAL COMMUNICATIONS DIRECTOR/SPEAKER OF THE HOUSE REP. MIKE JOHNSON; ELIZABETH ATKINS, SYSTEMS MANAGER, REP. DAVID E. PRICE; CHANDLER MCCALL MASON, LEGISLATIVE DIRECTOR/REP. LINDA SANCHEZ; KATIE SMITH, SENIOR ADVISOR/FIELD DIRECTO/REP. DAVID ROUZER; HUSTON WALLACE, LEGISLATIVE DIRECTOR/REP. DEBORAH ROSS; GARRETT DANIEL, SENIOR POLICY ADVISOR/SEN. THOM TILLIS; KATONYA PETTAWAY, OFFICE MANAGER/REP. GREG MURPHY; SEAN MCCABE, DEPUTY CHIEF OF STAFF/REP. PATRICK MCHENRY; JACQUELINE COLLIE BAGGETT, LEGISLATIVE DIRECTOR/REP. BRIAN FITZPATRICK; MEGHAN GALLAGHER, SENIOR LEGISLATIVE ASSISTANT/REP. PATRICK MCHENRY",2025-01-09,1000.00
VENN STRATEGIES,ESCA PAC,Brian Fitzpatrick,2025-02-04,1000.00
VENN STRATEGIES,ESCA PAC,Brian Fitzpatrick,2025-03-27,4000.00
"STRADLEY RONON STEVENS & YOUNG, LLP",,Brian Fitzpatrick,2025-04-10,500.00
"ADVANCED POLICY CONSULTING, LLC",,Rep. Rick Allen,2025-06-30,500.00
"BOCKORNY GROUP, INC.",,Brian Fitzpatrick,2025-03-11,500.00
HB STRATEGIES,,Rep. Derrick Van Orden,2025-03-26,1000.00
HB STRATEGIES,,Rep. Derrick Van Orden,2025-06-06,1000.00
SUN LIFE FINANCIAL (U.S.) SERVICES COMPANY INC.,SUN LIFE FINANCIAL (U.S.) SERVICES COMPANY INC PAC SUN LIFE,Congressman Brian Fitzpatrick,2025-03-03,1000.00
"BUNGE NORTH AMERICA, INC",BUNGE NORTH AMERICA INC POLITICAL ACTION COMMITTEE,Sen. Pete Ricketts,2025-03-25,5000.00
PENN AVENUE PARTNERS,,U.S. Representative Rick Allen,2025-04-16,7000.00
"NUCLEAR ENERGY INSTITUTE, INC.",NEI Federal PAC,Rep. Rick Larsen,2025-05-15,1000.00
"NUCLEAR ENERGY INSTITUTE, INC.",NEI Federal PAC,Rep. Rick Allen,2025-05-15,1000.00
"NUCLEAR ENERGY INSTITUTE, INC.",NEI Federal PAC,Rep. Rick Larsen,2025-04-30,-1000.00
THOMAS CAPITOL PARTNERS INC.,,Rep. Derrick Van Orden,2025-06-30,250.00
THOMAS CAPITOL PARTNERS INC.,,Rep. Marilyn Strickland,2025-06-30,750.00
AIRPORTS COUNCIL INTERNATIONAL -- NORTH AMERICA,ACI PAC,Congressman Rick Larsen,2025-03-18,5000.00
STEPTOE LLP,Steptoe PAC,Citizens to Elect Rick Larsen,2025-06-04,1500.00
SIDEPRIZE LLC D/B/A PRIZEPICKS,,Patrick Morrisey,2025-01-16,500.00
AMEREN SERVICES,Ameren Corporation Federal Political Action Committee Ameren FEDPAC,Rep Rick Larsen,2025-05-08,1000.00
AMEREN SERVICES,Ameren Corporation Federal Political Action Committee Ameren FEDPAC,Rep Rick W Allen,2025-05-23,1000.00
H&M STRATEGIES LLP,,Brian Fitzpatrick,2025-03-31,500.00
DUANE MORRIS LLP,Duane Morris Government Committee,Derrick Van Orden,2025-04-17,500.00
DUANE MORRIS LLP,Duane Morris Government Committee,Brian Fitzpatrick,2025-06-17,1000.00
GENERAL AVIATION MANUFACTURERS ASSOCIATION,GAMA PAC,Rep. Rick Larsen,2025-05-27,5000.00
AMERICAN SOCIETY FOR RADIATION ONCOLOGY,American Society For Radiation Oncology PAC,Rep. Brian Fitzpatrick,2025-02-11,2500.00
AMERICAN PSYCHIATRIC ASSOCIATION,American Psychiatric Association Political Action Committee,Brian Fitzpatrick,2025-03-24,3500.00
COVINGTON & BURLING LLP,Covington and Burling LLP PAC,The Honorable Pete Ricketts,2025-03-07,2500.00
COVINGTON & BURLING LLP,Covington and Burling LLP PAC,"The Honorable Joni Ernst, Lindsey Graham, Pete Ricketts, Mike Rounds, Dan Sullivan, Thom Tillis",2025-06-10,9000.00
INDEPENDENT INSURANCE AGENTS & BROKERS OF AMERICA,"Independent Insurance Agents & Brokers of America, Inc. PAC",Pete Ricketts,2025-03-26,5000.00
INDEPENDENT INSURANCE AGENTS & BROKERS OF AMERICA,"Independent Insurance Agents & Brokers of America, Inc. PAC",Derrick Van Orden,2025-06-03,5000.00
PACIFIC LIFE INSURANCE COMPANY,Pacific Life Political Action Committee,Sen. Pete Ricketts,2025-03-27,2500.00
PACIFIC LIFE INSURANCE COMPANY,Pacific Life Political Action Committee,Sen. Pete Ricketts,2025-06-23,1000.00
"AMERICAN FEDERATION OF STATE, COUNTY AND MUNICIPAL EMPLOYEES","AFSCME PEOPLE Committee; AMERICAN FEDERATION OF STATE, COUNTY AND MUNICIPAL EMPLOYEES",Brian Fitzpatrick,2025-02-19,2500.00
"AMERICAN FEDERATION OF STATE, COUNTY AND MUNICIPAL EMPLOYEES","AFSCME PEOPLE Committee; AMERICAN FEDERATION OF STATE, COUNTY AND MUNICIPAL EMPLOYEES",Brian Fitzpatrick,2025-06-01,2500.00
"AMERICAN FEDERATION OF STATE, COUNTY AND MUNICIPAL EMPLOYEES","AFSCME PEOPLE Committee; AMERICAN FEDERATION OF STATE, COUNTY AND MUNICIPAL EMPLOYEES",Rick Larsen,2025-03-01,2500.00
"AMERICAN FEDERATION OF STATE, COUNTY AND MUNICIPAL EMPLOYEES","AFSCME PEOPLE Committee; AMERICAN FEDERATION OF STATE, COUNTY AND MUNICIPAL EMPLOYEES",Rick Larsen,2025-06-01,2500.00
"AMERICAN FEDERATION OF STATE, COUNTY AND MUNICIPAL EMPLOYEES","AFSCME PEOPLE Committee; AMERICAN FEDERATION OF STATE, COUNTY AND MUNICIPAL EMPLOYEES",Marilyn Strickland,2025-03-01,2500.00
"AMERICAN FEDERATION OF STATE, COUNTY AND MUNICIPAL EMPLOYEES","AFSCME PEOPLE Committee; AMERICAN FEDERATION OF STATE, COUNTY AND MUNICIPAL EMPLOYEES",Marilyn Strickland,2025-06-01,2500.00
ASTRAZENECA PHARMACEUTICALS LP,ALEXION PHARMACEUTICALS INC PAC; Zeneca Inc Political Action Committee AZPAC,Rep Rick W Allen,2025-06-12,1000.00
BUCHANAN INGERSOLL & ROONEY PC,Buchanan Ingersoll & Rooney PC Comm for Effective Government,Sen. Rick Scott,2025-01-07,5000.00
NATIONAL RURAL LETTER CARRIERS' ASSOCIATION,,Brian Fitzpatrick,2025-06-16,5000.00
NATIONAL RURAL LETTER CARRIERS' ASSOCIATION,,Brian Fitzpatrick,2025-01-29,5000.00
TRANSPORTATION INTERMEDIARIES ASSOCIATION,Transportation Intermediaries Association PAC (TIAPAC),Rick Larsen,2025-03-25,2500.00
TRANSPORTATION INTERMEDIARIES ASSOCIATION,Transportation Intermediaries Association PAC (TIAPAC),Rick Crawford,2025-04-22,1000.00
PFIZER INC.,Pfizer Inc. PAC,Rep. Rick Allen,2025-03-24,5000.00
PFIZER INC.,Pfizer Inc. PAC,Rep. Rick Allen,2025-04-30,2000.00
ROCKET LP FKA RKT HOLDINGS,Rocket PAC,Representative Marilyn Strickland,2025-06-24,2500.00
COX ENTERPRISES INC.,Cox Enterprises PAC (COXPAC) Inc.,Rick Allen,2025-03-20,5000.00
COX ENTERPRISES INC.,Cox Enterprises PAC (COXPAC) Inc.,Pete Ricketts,2025-05-16,5000.00
COX ENTERPRISES INC.,Cox Enterprises PAC (COXPAC) Inc.,Pete Ricketts,2025-06-13,2000.00
AMERICAN ISRAEL PUBLIC AFFAIRS COMMITTEE,American Israel Public Affairs Committee Political Action Committee,Rep Marilyn Strickland,2025-05-27,5000.00
AMERICAN ISRAEL PUBLIC AFFAIRS COMMITTEE,American Israel Public Affairs Committee Political Action Committee,Rep Rick W Allen,2025-05-14,5000.00
AMERICAN ISRAEL PUBLIC AFFAIRS COMMITTEE,American Israel Public Affairs Committee Political Action Committee,Rep Brian Fitzpatrick,2025-04-22,5000.00
AMERICAN ISRAEL PUBLIC AFFAIRS COMMITTEE,American Israel Public Affairs Committee Political Action Committee,Rep Brian Fitzpatrick,2025-03-13,5000.00
"BROWNSTEIN HYATT FARBER SCHRECK, LLP",Mr. Smith PAC; NRCC,Brian Fitzpatrick,2025-06-24,1000.00
"THE TRAVELERS COS., INC. AND SUBSIDIARIES","The Travelers Companies, Inc. Political Action Committee (T-PAC)",Brian Fitzpatrick,2025-02-07,2500.00
THE ESOP ASSOCIATION,,Rick W. Allen,2025-06-10,2000.00
"DB3, LLC (FKA THE DASCHLE GROUP)",,Susan Crawford for Wisconsin Supreme Court,2025-02-11,5000.00
"DB3, LLC (FKA THE DASCHLE GROUP)",,Rick Larsen for Congress,2025-01-04,1000.00
SMITH DAVIS ADVISORY & RESEARCH LLC,,Brian Fitzpatrick,2025-03-26,1500.00
OGR,,Rep. Marilyn Strickland,2025-03-30,1000.00
WALMART INC.,Walmart Inc. PAC For Responsible Government,Rep. Derrick Van Orden,2025-05-05,2500.00
WALMART INC.,Walmart Inc. PAC For Responsible Government,Rep. Brian Fitzpatrick,2025-03-20,1000.00
WALMART INC.,Walmart Inc. PAC For Responsible Government,Rep. Rick Allen,2025-03-19,1000.00
WALMART INC.,Walmart Inc. PAC For Responsible Government,Rep. Brian Fitzpatrick,2025-03-12,1000.00
WALMART INC.,Walmart Inc. PAC For Responsible Government,Rep. Rick Larsen,2025-06-25,2500.00
WALMART INC.,Walmart Inc. PAC For Responsible Government,Rep. Marilyn Strickland,2025-06-24,1500.00
"ECONOMIC SECURITY PROJECT ACTION, INC. AND ITS AFFILIATES",,Susan Crawford,2025-03-06,500.00
AMERICAN STAFFING ASSOCIATION,American Staffing Association StaffingPAC,Rep. Brian Fitzpatrick,2025-06-04,5000.00
ASSOCIATED GENERAL CONTRACTORS OF AMERICA,Associated General Contractors of America Political Action C,"Larsen, Rick",2025-03-21,5000.00
ASSOCIATED GENERAL CONTRACTORS OF AMERICA,Associated General Contractors of America Political Action C,"Crawford, Rick",2025-03-21,2500.00
ASSOCIATED GENERAL CONTRACTORS OF AMERICA,Associated General Contractors of America Political Action C,"Allen, Rick",2025-06-19,2500.00
ASSOCIATED GENERAL CONTRACTORS OF AMERICA,Associated General Contractors of America Political Action C,"Ricketts, Pete",2025-06-24,2500.00
"NEXTERA ENERGY, INC.","NextEra Energy, Inc. PAC",Sen. Rick Scott (R),2025-01-23,5000.00
"NEXTERA ENERGY, INC.","NextEra Energy, Inc. PAC",Rep. Brian Fitzpatrick (R),2025-02-20,5000.00
"NEXTERA ENERGY, INC.","NextEra Energy, Inc. PAC",Rep. Brian Fitzpatrick (R),2025-04-15,1000.00
"NEXTERA ENERGY, INC.","NextEra Energy, Inc. PAC",Sen. Pete Ricketts (R),2025-06-16,2500.00
"TOPSOE, INC.",,Senator Pete Ricketts,2025-04-17,516.53
"TOPSOE, INC.",,Senator Pete Ricketts,2025-06-29,1500.00
THE VOGEL GROUP,,Pete Ricketts,2025-06-30,500.00
"SURROUND SOUND STRATEGIES, LLC",,Rep. Brian Fitzpatrick,2025-03-11,500.00
NATIONAL CHICKEN COUNCIL,National Chicken Council PAC,Rick W. Allen for Congress,2025-02-05,5000.00
THE ROOSEVELT GROUP,,Rep. Rick Larsen,2025-06-10,2500.00
"NATIONAL ELECTRICAL CONTRACTORS ASSOCIATION, INC.",National Electrical Contractors Association Political Action Committee,Rep Rick Larsen,2025-05-31,5000.00
"NATIONAL ELECTRICAL CONTRACTORS ASSOCIATION, INC.",National Electrical Contractors Association Political Action Committee,Sen Pete Ricketts,2025-05-31,2500.00
"NATIONAL ELECTRICAL CONTRACTORS ASSOCIATION, INC.",National Electrical Contractors Association Political Action Committee,Rep Rick W Allen,2025-05-31,1500.00
"NATIONAL ELECTRICAL CONTRACTORS ASSOCIATION, INC.",National Electrical Contractors Association Political Action Committee,Rep Marilyn Strickland,2025-05-31,1000.00
"NATIONAL ELECTRICAL CONTRACTORS ASSOCIATION, INC.",National Electrical Contractors Association Political Action Committee,Rep Brian Fitzpatrick,2025-06-27,1000.00
"NATIONAL ELECTRICAL CONTRACTORS ASSOCIATION, INC.",National Electrical Contractors Association Political Action Committee,Rep Brian Fitzpatrick,2025-06-27,2500.00
"NATIONAL MULTIFAMILY HOUSING COUNCIL, INC.",National Multifamily Housing Council and Real Estate Technology and Transformation Center PAC,"Ricketts, Pete",2025-02-24,5000.00
"NATIONAL MULTIFAMILY HOUSING COUNCIL, INC.",National Multifamily Housing Council and Real Estate Technology and Transformation Center PAC,"Fitzpatrick, Brian",2025-05-29,5000.00
"NATIONAL MULTIFAMILY HOUSING COUNCIL, INC.",National Multifamily Housing Council and Real Estate Technology and Transformation Center PAC,"Larsen, Rick",2025-05-07,2500.00
"NATIONAL MULTIFAMILY HOUSING COUNCIL, INC.",National Multifamily Housing Council and Real Estate Technology and Transformation Center PAC,"Ricketts, Pete",2025-04-08,5000.00
"NATIONAL MULTIFAMILY HOUSING COUNCIL, INC.",National Multifamily Housing Council and Real Estate Technology and Transformation Center PAC,"Strickland, Marilyn",2025-05-29,5000.00
CREDIT UNION NATIONAL ASSOCIATION. INC. DBA AMERICA'S CREDIT UNIONS,America's Credit Unions PAC,Brian Fitzpatrick,2025-04-09,5000.00
CREDIT UNION NATIONAL ASSOCIATION. INC. DBA AMERICA'S CREDIT UNIONS,America's Credit Unions PAC,Rep. Brian Fitzpatrick,2025-06-27,1000.00
AMERICAN COLLEGE OF SURGEONS PROFESSIONAL ASSOCIATION,American College of Surgeons Professional Association PAC,Rep. Brian Fitzpatrick,2025-03-24,2500.00
AMERICAN COLLEGE OF SURGEONS PROFESSIONAL ASSOCIATION,American College of Surgeons Professional Association PAC,Rep. Brian Fitzpatrick,2025-02-03,2500.00
LIQUID ENERGY PIPELINE ASSOCIATION,Liquid Energy Pipeline Association PAC,Representative Rick Larsen,2025-03-17,1500.00
"GEVO, INC.","GEVO, INC. POLITICAL ACTION COMMITTEE (GEVO PAC)",Sen. Pete Ricketts,2025-05-30,2500.00
"ALKERMES, INC.","Alkermes, Inc. Political Action Committee",Rick Scott,2025-06-18,5000.00
"KOCH GOVERNMENT AFFAIRS, LLC","Koch, Inc. Political Action Committee (KOCHPAC)",Rep. Rick Crawford,2025-05-19,1000.00
"KOCH GOVERNMENT AFFAIRS, LLC","Koch, Inc. Political Action Committee (KOCHPAC)",Sen. Pete Ricketts,2025-05-19,2500.00
"KOCH GOVERNMENT AFFAIRS, LLC","Koch, Inc. Political Action Committee (KOCHPAC)",Rep. Rick Allen,2025-04-14,3500.00
NEW YORK LIFE INSURANCE COMPANY,New York Life Insurance Company Political Action Committee; New York Life Insurance Company State & Federal PAC,"G Meng, J Chu, T Duckworth, M Hirono, A Bera, P Jayapal, R Khanna, A Kim, R Krishnamoorthi, T Lieu, D Matsui, B Scott, M Strickland, M Takano, S Thanedar, J Tokuda, D Min, D Tran, S Subramanyam",2025-01-23,5000.00
NEW YORK LIFE INSURANCE COMPANY,New York Life Insurance Company Political Action Committee; New York Life Insurance Company State & Federal PAC,"M Amodei, D Bacon, T Balderson, M Baumgartner, C Bentz, M Bost, R Bresnahan, K Calvert, B Carter, J Ciscomani, M Diaz-Balart, C Edwards, G Evans, J Fedorchak, B Fitzpatrick, A Garbarino, et al.",2025-02-05,5000.00
NEW YORK LIFE INSURANCE COMPANY,New York Life Insurance Company Political Action Committee; New York Life Insurance Company State & Federal PAC,"Fitzpatrick, Brian",2025-02-10,1000.00
NEW YORK LIFE INSURANCE COMPANY,New York Life Insurance Company Political Action Committee; New York Life Insurance Company State & Federal PAC,"Fitzpatrick, Brian",2025-05-08,4000.00
WESTERN ALLIANCE BANCORPORATION,WESTERN ALLIANCE BANCORPORATION POLITICAL ACTION COMMITTEE (WABPAC),Sen. Pete Ricketts,2025-06-20,1000.00
"TOYOTA MOTOR NORTH AMERICA, INC. (TMA)","Toyota Motor North America, Inc Political Action Committee (Toyota/Lexus PAC)",Rep. Rick Crawford,2025-03-18,1000.00
"TOYOTA MOTOR NORTH AMERICA, INC. (TMA)","Toyota Motor North America, Inc Political Action Committee (Toyota/Lexus PAC)",Sen. Pete Ricketts,2025-03-04,5000.00
"TOYOTA MOTOR NORTH AMERICA, INC. (TMA)","Toyota Motor North America, Inc Political Action Committee (Toyota/Lexus PAC)","Reps. Mike Johnson, Hakeem Jeffries, Sam Graves, Rick Larsen, Julia Letlow, Mike McCaul, and Joyce Beatty. Sens. Thune, Schumer, Whitehouse, Capito, Warner, Van Hollen and Collins",2025-06-28,100000.00
INTERNATIONAL BROTHERHOOD OF TEAMSTERS,D.R.I.V.E.,BRIAN FITZPATRICK,2025-06-24,2500.00
INTERNATIONAL BROTHERHOOD OF TEAMSTERS,D.R.I.V.E.,BRIAN FITZPATRICK,2025-01-28,2500.00
INTERNATIONAL BROTHERHOOD OF TEAMSTERS,D.R.I.V.E.,RICK LARSEN,2025-01-28,5000.00
BRIAN GLACKIN & ASSOCIATES LLC,,Rick Crawford,2025-02-27,500.00
BRIAN GLACKIN & ASSOCIATES LLC,,Rick Crawford,2025-06-24,500.00
STATE FARM MUTUAL AUTOMOBILE INSURANCE COMPANY,State Farm Mutual Automobile Insurance Company Federal Political Action Committee (State Farm Federal PAC),"Sen. Tammy Duckworth, Sen. Andy Kim, Rep. Dave Min, Rep. Pete Aguilar, Rep. Grace Meng, Rep. Hakeem Jeffries, Rep. Derek Tran, Rep. Mairlyn Strickland, Rep. Ted Lieu, various members of Congress",2025-02-21,50000.00
"THE PICARD GROUP, LLC",,Congressman Brian Fitzpatrick,2025-03-11,500.00
"BECTON, DICKINSON AND COMPANY",BD PAC,Sen. Pete Ricketts (R),2025-03-14,5000.00
"CENCORA, INC.","Cencora, Inc. PAC",Rep. Marilyn Strickland,2025-05-29,1000.00
"CENCORA, INC.","Cencora, Inc. PAC",Rep. Brian Fitzpatrick,2025-04-25,2500.00
AMERICAN HOSPITAL ASSOCIATION,American Hospital Association Political Action Committee,Pete Ricketts,2025-03-20,1000.00
AMERICAN HOSPITAL ASSOCIATION,American Hospital Association Political Action Committee,Rick Allen,2025-03-25,1000.00
AMERICAN HOSPITAL ASSOCIATION,American Hospital Association Political Action Committee,Marilyn Strickland,2025-05-27,1000.00
AMERICAN HOSPITAL ASSOCIATION,American Hospital Association Political Action Committee,Brian Fitzpatrick,2025-06-23,5000.00
AMERICAN HOSPITAL ASSOCIATION,American Hospital Association Political Action Committee,Patrick Harrigan,2025-05-27,1000.00
AMERICAN ACADEMY OF PHYSICIAN ASSOCIATES,American Academy of Physician Associates PAC,Rep. Brian Fitzpatrick,2025-04-29,1000.00
"JONES WALKER, LLP",Jones Walker LLP,Congressman Rick Larsen,2025-03-27,1000.00
CAMBIA HEALTH SOLUTIONS,Cambia Health Solutions Inc. PAC,Rep. Marilyn Strickland,2025-03-29,2500.00
CAMBIA HEALTH SOLUTIONS,Cambia Health Solutions Inc. PAC,Rep. Marilyn Strickland,2025-06-27,2500.00
THE AFFORDABLE HOUSING TAX CREDIT COALITION,Affordable Housing Tax Credit Coalition PAC,Rep. Brian Fitzpatrick,2025-03-11,1000.00
MORGAN STANLEY & CO. LLC,Morgan Stanley Political Action Committee,Sen. Pete Ricketts,2025-06-26,2500.00
MORGAN STANLEY & CO. LLC,Morgan Stanley Political Action Committee,"US Senate - Chris Murphy (CT), US House of Rep's.- Lisa Blunt Rochester (DE), James Comer (KY), Patrick McHenry(NC), James E. Clyburn (SC)",2025-01-22,2500.00
MORGAN STANLEY & CO. LLC,Morgan Stanley Political Action Committee,"US Senate - Chris Murphy (CT), US House of Rep's.- Lisa Blunt Rochester (DE), James Comer (KY), Patrick McHenry(NC), James E. Clyburn (SC)",2025-04-15,5000.00
"TAI GINSBERG & ASSOCIATES, LLC",,Hon. Rick Larsen,2025-05-12,500.00
AMERICA'S ESSENTIAL HOSPITALS,America's Essential Hospitals Political Action Committee,Brian Fitzpatrick,2025-03-04,1000.00
"TD BANK, NA",TD Bank N.A. Political Action Committee,Pete Ricketts,2025-03-28,5000.00
THE CHERTOFF GROUP,,Sen. Rick Scott,2025-03-31,151.00
THE CHERTOFF GROUP,,Sen. Rick Scott,2025-03-31,50.00
NATIONAL FOOTBALL LEAGUE,GridironPAC,Rep Brian Fitzpatrick,2025-03-13,5000.00
NATIONAL FOOTBALL LEAGUE,GridironPAC,Sen Pete Ricketts,2025-05-14,2500.00
NATIONAL FOOTBALL LEAGUE,GridironPAC,Sen Pete Ricketts,2025-06-09,2500.00
TOWER 19,,Rep. Marilyn Strickland,2025-05-07,1000.00
"AMERICAN COLLEGE OF PHYSICIAN SERVICES, INC.",ACP Services PAC,Brian Fitzpatrick,2025-03-19,5000.00
LEAGUE OF CONSERVATION VOTERS,League of Conservation Voters Action Fund,Patrick Ryan,2025-03-19,1000.00
EDISON ELECTRIC INSTITUTE,PowerPAC of the Edison Electric Institute,Rep. Brian Fitzpatrick,2025-06-30,2500.00
EDISON ELECTRIC INSTITUTE,PowerPAC of the Edison Electric Institute,Rep. Rick Larsen,2025-06-30,2500.00
EDISON ELECTRIC INSTITUTE,PowerPAC of the Edison Electric Institute,Rep. Rick Allen,2025-06-30,1000.00
QUEST DIAGNOSTICS INCORPORATED,QUEST DIAGNOSTICS INCORPORATED PAC (QuestPAC) C00329185,Brian Fitzpatrick PA-1 US House,2025-02-27,5000.00
CONOCOPHILLIPS,ConocoPhillips SPIRIT PAC,Sen. Pete Ricketts,2025-06-16,2500.00
BRIGHTSPRING HEALTH SERVICES,BrightSpring LEGACY Fund,"Rep. Jason Smith, Rep. Dunn, Rep. Fitzpatrick, Rep. Schweikert",2025-03-11,5000.00
LUNDBECK LLC,Lundbeck LLC Employee Political Action Committee,Rick Allen,2025-04-02,1000.00
STEPTOE LLP,Steptoe PAC,Pete Ricketts for Senate,2025-03-25,1000.00
STEPTOE LLP,Steptoe PAC,Brian Fitzpatrick for All of Us,2025-03-13,500.00
BLACK & VEATCH,Black & Veatch PAC,Rep. Brian Fitzpatrick,2025-03-10,1000.00
BLACK & VEATCH,Black & Veatch PAC,Rep. Brian Fitzpatrick,2025-05-28,1500.00
PACIFIC DEFENSE LLC,"PACIFIC DEFENSE STRATEGIES, INC. POLITICAL ACTION COMMITTEE",Rep. Marilyn Strickland,2025-04-17,1000.00
PACIFIC DEFENSE LLC,"PACIFIC DEFENSE STRATEGIES, INC. POLITICAL ACTION COMMITTEE",Rep. Marilyn Strickland,2025-05-05,1000.00
"BALCH & BINGHAM, LLP",Balch and Bingham LLP Federal Political Committee,Sen. Pete Ricketts,2025-06-11,2500.00
"BALCH & BINGHAM, LLP",Balch and Bingham LLP Federal Political Committee,Rep. Rick W. Allen,2025-06-17,1000.00
"DISH NETWORK, LLC",ECHOSTAR CORPORATION AND DISH NETWORK CORPORATION PAC,Rep. Marilyn Strickland,2025-04-10,2500.00
NATIONAL POSTAL MAIL HANDLERS UNION,Nat'l Postal Mail Handlers Union Pac aff. with LIUNA PAC,Patrick Ryan,2025-03-11,1000.00
NATIONAL POSTAL MAIL HANDLERS UNION,Nat'l Postal Mail Handlers Union Pac aff. with LIUNA PAC,Patrick Ryan,2025-05-29,1000.00
NATIONAL ASSOCIATION OF WHEAT GROWERS,WheatPAC,Sen. Pete Ricketts,2025-06-25,1000.00
"GENENTECH, INC",Genentech Inc. Political Action Committee (GenenPAC),Rep. Rick Allen,2025-06-24,1500.00
"INTERCONTINENTAL EXCHANGE GROUP, INC. (FORMERLY INTERCONTINENTAL EXCHANGE)",ICE-PAC,Congressman Rick Allen,2025-02-26,2500.00
OFFICE OF THE COMMISSIONER OF BASEBALL,OFFICE OF THE COMMISSIONER OF MAJOR LEAGUE BASEBALL PAC,The Hon. Brian Fitzpatrick,2025-03-26,5000.00
AMERICAN EXPRESS COMPANY,American Express Company Political Action Committee (AXPPAC),Pete Ricketts,2025-05-20,2000.00
"TIMOTHY R. RUPLI & ASSOCIATES, INC.",,Senator Pete Ricketts,2025-06-30,7000.00
AKIN GUMP STRAUSS HAUER & FELD,,Hon. Brian Fitzpatrick,2025-03-31,250.00
"AMERIPRISE FINANCIAL, INC.",Ameriprise Financial Political Action Committee,Congressman Brian Fitzpatrick,2025-03-17,1000.00
"BAE SYSTEMS, INC.",BAE Systems Inc. Political Action Committee (BAE SYSTEMS USA PAC),Rep. Marilyn Strickland,2025-05-06,2500.00
S-3 GROUP,,Marilyn Strickland,2025-04-02,1000.00
NATIONAL MARINE MANUFACTURERS ASSOCIATION,National Marine Manufacturers Association and Marine Retailers Association Boat PAC,Rep Brian Fitzpatrick,2025-02-25,5000.00
NATIONAL MARINE MANUFACTURERS ASSOCIATION,National Marine Manufacturers Association and Marine Retailers Association Boat PAC,Rep Rick Larsen,2025-06-11,2500.00
NATIONAL MARINE MANUFACTURERS ASSOCIATION,National Marine Manufacturers Association and Marine Retailers Association Boat PAC,Rep Rick Crawford,2025-04-01,1000.00
NATIONAL MARINE MANUFACTURERS ASSOCIATION,National Marine Manufacturers Association and Marine Retailers Association Boat PAC,Sen Rick Scott,2025-05-20,2500.00
SOCIETY FOR VASCULAR SURGERY,SVS PAC,Rep. Rick Allen (R-GA-12),2025-05-21,1000.00
SMITH GARSON FKA SMITH DAWSON & ANDREWS,,Rep. Marilyn Strickland,2025-02-21,500.00
NATIONAL ELECTRICAL MANUFACTURERS ASSOCIATION,NEMAPAC,Rep. Rick Allen,2025-05-07,2500.00
NATIONAL FUEL GAS COMPANY,National Fuel Gas Company Federal Political Action Committee,Rep Rick Larsen,2025-06-24,1000.00
NATIONAL FUEL GAS COMPANY,National Fuel Gas Company Federal Political Action Committee,Rep Rick Larsen,2025-06-24,1500.00
"DB3, LLC (FKA THE DASCHLE GROUP)",,Marilyn Strickland,2025-06-02,1000.00
PHARMACEUTICAL CARE MANAGEMENT ASSOCIATION,Pharmaceutical Care Management Association Political Action Committee (PCMA PAC),Rick Scott,2025-04-15,1000.00
FARRAGUT PARTNERS LLP,,Derrick Van Orden,2025-04-07,500.00
FARRAGUT PARTNERS LLP,,Rick W. Allen,2025-05-21,500.00
FARRAGUT PARTNERS LLP,,Pete Ricketts,2025-06-25,500.00
FARRAGUT PARTNERS LLP,,Rick W. Allen,2025-06-30,500.00
FARRAGUT PARTNERS LLP,,RICK W ALLEN,2025-06-30,500.00
AMERICAN COUNCIL OF LIFE INSURERS,American Council of Life Insurers PAC,"Allen, Rick",2025-06-19,1000.00
AMERICAN COUNCIL OF LIFE INSURERS,American Council of Life Insurers PAC,"Fitzpatrick, Brian",2025-03-27,2500.00
CROSS POTOMAC CONSULTING LLC,National Shooting Sports Foundation,Rick Scott,2025-03-11,500.00
BELLWETHER GOVERNMENT AFFAIRS LLC,,U.S. Representative Marilyn Strickland,2025-02-20,2500.00
AMERICAN SPEECH-LANGUAGE-HEARING ASSOCIATION,ASHA-PAC,"Fitzpatrick, Brian",2025-03-20,2500.00
NATIONAL COMMUNITY PHARMACISTS ASSOCIATION,National Community Pharmacists Association - PAC,Rep. Rick Allen,2025-02-19,2500.00
AFLAC INCORPORATED,AFLAC POLITICAL ACTION COMMITTEE (AFLAC PAC),Rep. Marilyn Strickland,2025-06-24,2500.00
AFLAC INCORPORATED,AFLAC POLITICAL ACTION COMMITTEE (AFLAC PAC),Sen. Pete Ricketts,2025-03-20,5000.00
FIRSTENERGY CORP,FirstEnergy PAC,Brian Fitzpatrick,2025-06-11,5000.00
KPMG LLP,KPMG Partners/Principals and Employees PAC,Rep. Brian Fitzpatrick,2025-03-18,1000.00
GUARDIAN LIFE INSURANCE COMPANY OF AMERICA,The Guardian Life Insurance Company of America Political Action Committee Federal Guardian Life P,Rep Brian Fitzpatrick,2025-03-07,3500.00
VISTRA CORPORATE SERVICES COMPANY (FKA VISTRA CORP.),Vistra Employee Political Action Committee of Vistra Corp,Rep Brian Fitzpatrick,2025-02-13,1000.00
S-3 GROUP,,Brian Fitzpatrick,2025-03-25,500.00
CAPITOL HILL POLICY GROUP LLC,,Rick Larsen,2025-03-12,1500.00
TEXTRON INC.,Textron Inc. Political Action Committee,"Fitzpatrick, Brian",2025-03-20,5000.00
TEXTRON INC.,Textron Inc. Political Action Committee,"Allen, Rick",2025-03-20,2500.00
TEXTRON INC.,Textron Inc. Political Action Committee,"Ricketts, Pete",2025-04-18,1000.00
TEXTRON INC.,Textron Inc. Political Action Committee,"Larsen, Rick",2025-05-29,1500.00
TEXTRON INC.,Textron Inc. Political Action Committee,"Strickland, Marilyn",2025-05-29,1000.00
MAYER BROWN LLP,,Brian Fitzpatrick,2025-03-30,1000.00
"TYSON FOODS, INC",Tyson Foods Inc Political Action Committee (TYPAC),Pete Ricketts,2025-05-30,1000.00
JOHN HANCOCK LIFE INSURANCE COMPANY (U.S.A),John Hancock Life Insurance Company (USA) Federal PAC,Representative Brian Fitzpatrick,2025-03-25,1000.00
PHILLIPS 66,Phillips 66 PAC,Sen Pete Ricketts,2025-04-11,1000.00
PHILLIPS 66,Phillips 66 PAC,Sen Pete Ricketts,2025-04-22,1000.00
FOLEY & LARDNER LLP,"Foley & Lardner Political Fund, Inc.",Neal Patrick Dunn,2025-02-21,1000.00
FOLEY & LARDNER LLP,"Foley & Lardner Political Fund, Inc.",Neal Patrick Dunn,2025-06-24,1000.00
FOLEY & LARDNER LLP,"Foley & Lardner Political Fund, Inc.",Rick Scott,2025-06-24,1000.00
FORBES-TATE,,US Senator Pete Ricketts,2025-06-23,500.00
"CONSTELLATION ENERGY GENERATION, LLC",Constellation Energy Corporation Employee Political Action Committee (CEPAC),Rep. Brian Fitzpatrick,2025-03-21,5000.00
"MOLINA HEALTHCARE, INC.",Molina PAC,BrianFitzpatrick,2025-02-20,5000.00
"MOLINA HEALTHCARE, INC.",Molina PAC,Marilyn Strickland,2025-06-19,1000.00
MCDONALD'S CORPORATION,McDonald's Corporation Political Action Commitee,"Ricketts, Pete",2025-03-19,2500.00
MARINE ENGINEERS' BENEFICIAL ASSOCIATION,MEBA Political Action Fund (MEBA-PAF),Rick Larsen,2025-03-27,2500.00
REGIONS FINANCIAL CORP,Regions Financial Corporation Political Action Committee,Pete Ricketts,2025-03-17,5000.00
INDEPENDENT COMMUNITY BANKERS OF AMERICA,ICBA PAC,"Van Orden, Derrick",2025-06-27,1000.00
INDEPENDENT COMMUNITY BANKERS OF AMERICA,ICBA PAC,"Fitzpatrick, Brian",2025-06-27,1500.00
AMERICAN BAKERS ASSOCIATION,American Bakers Association PAC,Rick W. Allen,2025-05-21,1000.00
"CASSIDY & ASSOCIATES, INC.",,Derrick Van Orden,2025-01-23,1000.00
"CASSIDY & ASSOCIATES, INC.",,Derrick Van Orden,2025-06-25,250.00
"CASSIDY & ASSOCIATES, INC.",,Derrick Van Orden,2025-03-26,250.00
"CASSIDY & ASSOCIATES, INC.",,Derrick Van Orden,2025-03-25,250.00
"FERRING PHARMACEUTICALS, INC.",,"The Honorable Rick Scott, The Honorable Amy Klobuchar, The Honorable Drew Ferguson, The Honorable Ruben Gallego",2025-04-15,65000.00
THE PNC FINANCIAL SERVICES GROUP,BIPARTISAN VOLUNTARY PUBLIC AFFAIRS COMMITTEE OF THE PNC FINANCIAL SERVICES GROUP INC PNC PAC; FEDERAL Bipartisan Voluntary Public Affairs Committee of The PNC Financial Services Group Inc PNC,"Rep Mike Johnson, Rep Brian Fitzpatrick, Rep Gabe Evans",2025-03-05,20000.00
NATIONAL COTTON COUNCIL,National Cotton Council Committee for the Advancement of Cotton,US Representative Brian Fitzpatrick,2025-02-24,2500.00
NATIONAL COTTON COUNCIL,National Cotton Council Committee for the Advancement of Cotton,US Representative Brian Fitzpatrick,2025-03-10,2500.00
NATIONAL COTTON COUNCIL,National Cotton Council Committee for the Advancement of Cotton,US Representative Rick Allen,2025-04-07,2500.00
NATIONAL COTTON COUNCIL,National Cotton Council Committee for the Advancement of Cotton,US Representative Eric Rick Alan Crawford,2025-04-28,5000.00
NATIONAL COTTON COUNCIL,National Cotton Council Committee for the Advancement of Cotton,US Representative Patrick Harrigan,2025-05-12,2500.00
NATIONAL COTTON COUNCIL,National Cotton Council Committee for the Advancement of Cotton,US Representative Derrick Van Orden,2025-06-11,2500.00
NATIONAL COTTON COUNCIL,National Cotton Council Committee for the Advancement of Cotton,US Representative Patrick Fallon,2025-06-19,2500.00
WEYERHAEUSER COMPANY,Weyerhaeuser Company Political Action Committee,Rep Rick Larsen,2025-03-20,2000.00
WEYERHAEUSER COMPANY,Weyerhaeuser Company Political Action Committee,Rep Rick Larsen,2025-04-09,2000.00
AMERICAN CHEMISTRY COUNCIL,American Chemistry Council PAC,Rep. Rick Allen,2025-03-19,2500.00
"ABBVIE, INC.",AbbVie Political Action Committee,Rep. Rick Allen,2025-06-27,1000.00
"ABBVIE, INC.",AbbVie Political Action Committee,Rep. Brian Fitzpatrick,2025-02-12,2500.00
NORFOLK SOUTHERN CORPORATION,Norfolk Southern Corporation Good Government Fund,Rick Larsen,2025-04-29,2500.00
"EQUIFAX, INC.",Equifax Inc. Political Action Committee,Rep. Rick Allen,2025-05-15,1000.00
NATIONAL AIR TRAFFIC CONTROLLERS ASSOCIATION,National Air Traffic Controllers Association PAC,Hon. Brian Fitzpatrick,2025-01-17,2500.00
NATIONAL AIR TRAFFIC CONTROLLERS ASSOCIATION,National Air Traffic Controllers Association PAC,Hon. Brian Fitzpatrick,2025-02-07,2500.00
NATIONAL AIR TRAFFIC CONTROLLERS ASSOCIATION,National Air Traffic Controllers Association PAC,Hon. Rick Allen,2025-03-12,1000.00
NATIONAL AIR TRAFFIC CONTROLLERS ASSOCIATION,National Air Traffic Controllers Association PAC,Hon. Rick Crawford,2025-03-27,2000.00
NATIONAL AIR TRAFFIC CONTROLLERS ASSOCIATION,National Air Traffic Controllers Association PAC,Hon. Pete Ricketts,2025-05-06,2500.00
NATIONAL AIR TRAFFIC CONTROLLERS ASSOCIATION,National Air Traffic Controllers Association PAC,Hon. Patrick Harrigan,2025-05-14,1000.00
NATIONAL AIR TRAFFIC CONTROLLERS ASSOCIATION,National Air Traffic Controllers Association PAC,Hon. Brian Fitzpatrick,2025-06-03,2500.00
NATIONAL AIR TRAFFIC CONTROLLERS ASSOCIATION,National Air Traffic Controllers Association PAC,Hon. Rick Larsen,2025-06-11,5000.00
NATIONAL AIR TRAFFIC CONTROLLERS ASSOCIATION,National Air Traffic Controllers Association PAC,Hon. Brian Fitzpatrick,2025-03-19,1000.00
NATIONAL AIR TRAFFIC CONTROLLERS ASSOCIATION,National Air Traffic Controllers Association PAC,Hon. Brian Fitzpatrick,2025-03-19,3000.00
NATIONAL AIR TRAFFIC CONTROLLERS ASSOCIATION,National Air Traffic Controllers Association PAC,Hon. Rick Larsen,2025-06-03,5000.00
AMERICAN COLLEGE OF RADIOLOGY ASSOCIATION,RADPAC,REP. BRIAN FITZPATRICK,2025-03-27,2500.00
AMERICAN COLLEGE OF RADIOLOGY ASSOCIATION,RADPAC,REP. RICK ALLEN,2025-06-30,2500.00
COMMUNICATIONS WORKERS OF AMERICA,CWA-COPE PCC,BRIAN FITZPATRICK,2025-04-22,2500.00
COMMUNICATIONS WORKERS OF AMERICA,CWA-COPE PCC,PATRICK RYAN,2025-03-20,1500.00
TARGET CORPORATION,Target Corp. Citizens Political Forum,Marilyn Strickland,2025-05-30,2500.00
RED+BLUE STRATEGIES( FORMERLY KNOWN AS NATHANSON+HAUCK),,Rep. Brian Fitzpatrick,2025-06-26,1000.00
SOUTHWEST AIRLINES,Southwest Airlines Co. Political Action Committee,Rep. Rick Larsen (D-WA),2025-03-28,5000.00
SOUTHWEST AIRLINES,Southwest Airlines Co. Political Action Committee,Rep. Rick Crawford (R-AR),2025-06-25,1000.00
SOUTHWEST AIRLINES,Southwest Airlines Co. Political Action Committee,"Rep Marilyn Strickland (D-WA), Chair",2025-03-28,5000.00
HONEYWELL INTERNATIONAL,Honeywell International Political Action Committee,Rick Larsen,2025-02-04,2500.00
HONEYWELL INTERNATIONAL,Honeywell International Political Action Committee,Eric Alan Rick Crawford,2025-02-27,1000.00
HONEYWELL INTERNATIONAL,Honeywell International Political Action Committee,Eric Alan Rick Crawford,2025-03-11,1000.00
HONEYWELL INTERNATIONAL,Honeywell International Political Action Committee,Brian Fitzpatrick,2025-03-11,1000.00
HONEYWELL INTERNATIONAL,Honeywell International Political Action Committee,Rick Larsen,2025-05-30,2500.00
HONEYWELL INTERNATIONAL,Honeywell International Political Action Committee,Marilyn Strickland,2025-05-30,1000.00
HONEYWELL INTERNATIONAL,Honeywell International Political Action Committee,Rick Scott,2025-06-18,5000.00
HONEYWELL INTERNATIONAL,Honeywell International Political Action Committee,Rick Larsen,2025-06-18,2500.00
HONEYWELL INTERNATIONAL,Honeywell International Political Action Committee,Eric Alan Rick Crawford,2025-06-18,3000.00
HONEYWELL INTERNATIONAL,Honeywell International Political Action Committee,Brian Fitzpatrick,2025-06-18,3000.00
HONEYWELL INTERNATIONAL,Honeywell International Political Action Committee,Pete Ricketts,2025-06-18,2500.00
NATIONAL ASSOCIATION OF INSURANCE AND FINANCIAL ADVISORS,NAIFAPAC,"Ricketts, Pete",2025-06-06,1000.00
NATIONAL ASSOCIATION OF INSURANCE AND FINANCIAL ADVISORS,NAIFAPAC,"Ricketts, Pete",2025-05-21,2500.00
LABORERS' INTERNATIONAL UNION OF NORTH AMERICA,Laborers International Union of North America (LIUNA PAC),"Fitzpatrick, Brian",2025-01-27,5000.00
LABORERS' INTERNATIONAL UNION OF NORTH AMERICA,Laborers International Union of North America (LIUNA PAC),"Ryan, Patrick",2025-06-04,2500.00
DELL TECHNOLOGIES INC.,"Dell Technologies, Inc. Political Action Committee",Rep. Brian Fitzpatrick,2025-03-05,5000.00
DELL TECHNOLOGIES INC.,"Dell Technologies, Inc. Political Action Committee",Rep. Brian Fitzpatrick,2025-03-05,1000.00
HNTB CORPORATION,HNTB Holdings Ltd. PAC,Rep. Brian Fitzpatrick,2025-02-12,1000.00
HNTB CORPORATION,HNTB Holdings Ltd. PAC,Rep. Brian Fitzpatrick,2025-06-25,2000.00
"THE WILLIAMS COMPANIES, INC.","The Williams Companies, Inc. Political Action Committee",Rep. Rick Larsen,2025-06-03,1500.00
"THE WILLIAMS COMPANIES, INC.","The Williams Companies, Inc. Political Action Committee",Rep. Brian Fitzpatrick,2025-04-30,3500.00
"ALPINE GROUP PARTNERS, LLC.",,"Rep. Mike Carey, Rep Darin LaHood, Rep Nicole Malliotakis, Rep Brian Fitzpatrick",2025-04-09,2500.00
AMERICAN SOYBEAN ASSOCIATION,American Soybean Association PAC (SoyPAC),Rick Crawford,2025-05-01,1000.00
AMERICAN SOYBEAN ASSOCIATION,American Soybean Association PAC (SoyPAC),Pete Ricketts,2025-06-05,2500.00
AMERICAN SOYBEAN ASSOCIATION,American Soybean Association PAC (SoyPAC),Pete Ricketts,2025-06-26,500.00
NATIONAL CORN GROWERS ASSN,National Corn Growers Association PAC (CornPAC),Sen. Pete Ricketts,2025-04-16,1500.00
NATIONAL CORN GROWERS ASSN,National Corn Growers Association PAC (CornPAC),Rep. Rick Crawford,2025-06-16,1000.00
NATIONAL CORN GROWERS ASSN,National Corn Growers Association PAC (CornPAC),Sen. Pete Ricketts,2025-06-16,2500.00
AMERICAN ACADEMY OF NEUROLOGY,American Academy of Neurology BrainPAC,"Fitzpatrick, Brian",2025-03-28,5000.00
DA VINCI GROUP,,Patrick Morrissey,2025-01-25,1041.98
ASSOCIATION OF AMERICAN RAILROADS,RAILPAC,Rep. Rick Larsen,2025-05-06,2000.00
BNSF RAILWAY COMPANY,BNSF Railway Company RAILPAC (BNSF RAILPAC),Eric Alan Rick Crawford,2025-03-26,2000.00
BNSF RAILWAY COMPANY,BNSF Railway Company RAILPAC (BNSF RAILPAC),Rick Larsen,2025-05-02,2000.00
ECOLAB INC.,ECOLAB INC. PAC,Brian Fitzpatrick,2025-06-13,1000.00
PHARMACEUTICAL CARE MANAGEMENT ASSOCIATION,Pharmaceutical Care Management Association PAC,Brian Fitzpatrick ($500) Nick LaLota ($500),2025-01-31,1000.00
PHARMACEUTICAL CARE MANAGEMENT ASSOCIATION,Pharmaceutical Care Management Association PAC,Derrick Van Orden ($500) Rob Bresnahan ($500),2025-06-23,1000.00
PHARMACEUTICAL CARE MANAGEMENT ASSOCIATION,Pharmaceutical Care Management Association PAC,Rick Scott,2025-04-15,1000.00
ALSTON & BIRD LLP,Alston & Bird PAC,Rep. Brian Fitzpatrick,2025-04-01,1000.00
ALSTON & BIRD LLP,Alston & Bird PAC,Sen. Pete Ricketts,2025-06-17,2500.00
AMERICAN MARITIME OFFICERS,American Maritime Officers Retirees Association; American Maritime Officers Voluntary Political Action Fund; District 2A TTWISEU Voluntary Political Action Fund,Rep. Rick Larsen,2025-02-03,1000.00
AMERICAN MARITIME OFFICERS,American Maritime Officers Retirees Association; American Maritime Officers Voluntary Political Action Fund; District 2A TTWISEU Voluntary Political Action Fund,Rep. Brian Fitzpatrick,2025-03-24,1000.00
AMERICAN MARITIME OFFICERS,American Maritime Officers Retirees Association; American Maritime Officers Voluntary Political Action Fund; District 2A TTWISEU Voluntary Political Action Fund,Rep. Derrick Van Orden,2025-04-04,1000.00
AMERICAN MARITIME OFFICERS,American Maritime Officers Retirees Association; American Maritime Officers Voluntary Political Action Fund; District 2A TTWISEU Voluntary Political Action Fund,Rep. Rick Larsen,2025-06-02,1000.00
INTERNATIONAL FRANCHISE ASSOCIATION,International Franchise Association Franchising Political Action Committee Inc,Pete Ricketts,2025-06-20,1000.00
"WILLIAMS AND JENSEN, PLLC",,Brian Fitzpatrick,2025-03-11,500.00
KELLEY DRYE & WARREN LLP,Kelley Drye & Warren Political Action Committee,Rep. Brian Fitzpatrick,2025-03-31,3500.00
"VENTURE GOVERNMENT STRATEGIES, LLC (FKA HOBART HALLAWAY & QUAYLE VENTURES, LLC)",,PATRICK FALLON,2025-05-13,500.00
AMERICAN HOTEL & LODGING ASSOCIATION,American Hotel and Lodging Association Political Action Committee HotelPAC,Rep Brian Fitzpatrick,2025-01-27,5000.00
AMERICAN HOTEL & LODGING ASSOCIATION,American Hotel and Lodging Association Political Action Committee HotelPAC,Sen Pete Ricketts,2025-06-20,5000.00
AMERICAN HEALTH CARE ASSOCIATION,American Health Care Association PAC,"Fitzpatrick, Brian",2025-04-03,2500.00
AMERICAN HEALTH CARE ASSOCIATION,American Health Care Association PAC,"Scott, Rick",2025-02-19,5000.00
INTERNATIONAL UNION OF PAINTERS AND ALLIED TRADES,IUPAT Political Action Together Political Committee,"Fitzpatrick, Brian",2025-03-20,2500.00
"AIR PRODUCTS AND CHEMICALS, INC.",Air Products and Chemicals Inc Political Alliance,Rep Rick Larsen,2025-05-07,2500.00
AMERICAN BANKERS ASSOCIATION,American Bankers Association PAC BANKPAC,Rep Brian Fitzpatrick,2025-06-11,2500.00
AMERICAN BANKERS ASSOCIATION,American Bankers Association PAC BANKPAC,Rep Brian Fitzpatrick,2025-03-07,2500.00
AMERICAN BANKERS ASSOCIATION,American Bankers Association PAC BANKPAC,Rep Rick Larsen,2025-05-13,1000.00
AMERICAN BANKERS ASSOCIATION,American Bankers Association PAC BANKPAC,Rep Rick Larsen,2025-02-07,1500.00
AMERICAN BANKERS ASSOCIATION,American Bankers Association PAC BANKPAC,Rep Rick Larsen,2025-02-27,1000.00
AMERICAN BANKERS ASSOCIATION,American Bankers Association PAC BANKPAC,Sen Rick Scott,2025-06-06,1000.00
AMERICAN BANKERS ASSOCIATION,American Bankers Association PAC BANKPAC,Sen Pete Ricketts,2025-02-20,2500.00
AMERICAN BANKERS ASSOCIATION,American Bankers Association PAC BANKPAC,Sen Pete Ricketts,2025-05-07,1000.00
AMERICAN BANKERS ASSOCIATION,American Bankers Association PAC BANKPAC,Sen Pete Ricketts,2025-06-30,1500.00
AMERICAN BANKERS ASSOCIATION,American Bankers Association PAC BANKPAC,Rep Rick W Allen,2025-06-06,1000.00
AMERICAN BANKERS ASSOCIATION,American Bankers Association PAC BANKPAC,Rep Derrick Van Orden,2025-06-18,2500.00
"INVESCO HOLDING COMPANY (US), INC","INVESCO HOLDING COMPANY (US), INC.EMPLOYEE POLITICAL ACTION",Sen. Pete Ricketts (R),2025-06-04,1000.00
"BROWNSTEIN HYATT FARBER SCHRECK, LLP",BHFS-E PC PAC (Brownstein Hyatt Farber Schreck PAC),Rep. Marilyn Strickland,2025-04-29,1000.00
"BROWNSTEIN HYATT FARBER SCHRECK, LLP",BHFS-E PC PAC (Brownstein Hyatt Farber Schreck PAC),Rep. Rick Larsen,2025-05-14,1000.00
"BROWNSTEIN HYATT FARBER SCHRECK, LLP",BHFS-E PC PAC (Brownstein Hyatt Farber Schreck PAC),Rep. Brian Fitzpatrick,2025-06-17,1000.00
"POLARIS GOVERNMENT RELATIONS, LLC",,Rick Scott,2025-06-30,500.00
ERNST & YOUNG LLP (WASHINGTON COUNCIL ERNST & YOUNG),Ernst & Young Political Action Committee,Congressman Brian Fitzpatrick,2025-03-12,2500.00
ERNST & YOUNG LLP (WASHINGTON COUNCIL ERNST & YOUNG),Ernst & Young Political Action Committee,Congresswoman Marilyn Strickland,2025-03-12,2500.00
ERNST & YOUNG LLP (WASHINGTON COUNCIL ERNST & YOUNG),Ernst & Young Political Action Committee,Congresswoman Marilyn Strickland,2025-06-04,2500.00
ERNST & YOUNG LLP (WASHINGTON COUNCIL ERNST & YOUNG),Ernst & Young Political Action Committee,Congresswoman Marilyn Strickland,2025-05-19,2500.00
ERNST & YOUNG LLP (WASHINGTON COUNCIL ERNST & YOUNG),Ernst & Young Political Action Committee,Congressman Brian Fitzpatrick,2025-06-16,5000.00
ERNST & YOUNG LLP (WASHINGTON COUNCIL ERNST & YOUNG),Ernst & Young Political Action Committee,Congressman Patrick Harrigan,2025-03-12,1500.00
ERNST & YOUNG LLP (WASHINGTON COUNCIL ERNST & YOUNG),Ernst & Young Political Action Committee,Congressman Patrick Harrigan,2025-06-16,3500.00
FIERCE GOVERNMENT RELATIONS,,Honorable Pete Ricketts,2025-03-31,1500.00
VANTOR PARENT INC (FORMERLY REPORTED AS MAXAR INTELLIGENCE),Maxar Technologies Inc. PAC,Rep. Rick Crawford,2025-03-14,1000.00
VANTOR PARENT INC (FORMERLY REPORTED AS MAXAR INTELLIGENCE),Maxar Technologies Inc. PAC,Rep. Rick Crawford,2025-06-26,1000.00
"SIERRA NEVADA COMPANY, LLC (F/K/A SIERRA NEVADA CORPORATION)",SIERRA NEVADA COMPANY LLC POLITICAL ACTION COMMITTEE,Pete Ricketts,2025-05-22,1000.00
VALERO ENERGY CORPORATION,Valero Energy Corporation Political Action Committee,Sen. Pete Ricketts,2025-05-29,2500.00
"SYENSQO USA LLC F/K/A SOLVAY AMERICA LLC, A MEMBER OF THE SYENSQO GROUP",The Syensqo Group PAC of Solvay America LLC,Rep Rick W Allen,2025-05-02,1000.00
"REVVITY, INC.",Revvity Inc. PAC,Rep. Brian Fitzpatrick,2025-03-11,1000.00
EDISON INTERNATIONAL,EDISON INTERNATIONAL PAC,BRIAN FITZPATRICK,2025-03-21,3000.00
ENERGY MARKETERS OF AMERICA,ENERGY MARKETERS OF AMERICA SMALL BUSINESS COMMITTEE PAC (EMA SBC PAC); Energy Marketers of America SBC PAC,Sen. Pete Ricketts,2025-02-14,5000.00
"ALNYLAM PHARMACEUTICALS, INC.","ALNYLAM PHARMACEUTICALS, INC. PAC",Rep. Brian Fitzpatrick,2025-06-05,3500.00
INVARIANT LLC,,Rick Scott,2025-06-28,500.00
AECOM,AECOM PAC,Rick Larsen,2025-02-05,2500.00
"DESIMONE CONSULTING, LLC",,Rick Larsen,2025-04-18,110.00
"DESIMONE CONSULTING, LLC",,Rick Larsen,2025-05-08,250.00
"DESIMONE CONSULTING, LLC",,Marilyn Strickland,2025-03-31,1000.00
NEWS CORPORATION,News Corporation Political Action Committee (News Corp PAC),Rick Allen,2025-06-10,2500.00
NATIONAL ASSOCIATION OF CONVENIENCE STORES,National Association of Convenience Stores PAC,Sen. Pete Ricketts (R),2025-05-27,2500.00
THE COUNCIL OF INSURANCE AGENTS AND BROKERS,Council Of Insurance Agents & Brokers PAC,Pete Ricketts For Senate,2025-04-22,5000.00
THE COUNCIL OF INSURANCE AGENTS AND BROKERS,Council Of Insurance Agents & Brokers PAC,Strickland for Washington,2025-04-22,2500.00
FAIR ISAAC CORPORATION (DBA FICO),Fair Isaac Corporation Political Action Committee (FICO PAC),Sen. Pete Ricketts,2025-06-26,5000.00
ENVIRONMENTAL DEFENSE ACTION FUND,Environmental Defense Action Fund PAC (EDAF PAC),BRIAN FITZPATRICK,2025-03-24,1000.00
ENVIRONMENTAL DEFENSE ACTION FUND,Environmental Defense Action Fund PAC (EDAF PAC),BRIAN FITZPATRICK,2025-03-28,4000.00
"WSP USA (FKA AS PARSONS BRINCKERHOFF, INC.)",WSP USA INC. PAC,Rep. Rick Larsen,2025-05-12,1000.00
"WSP USA (FKA AS PARSONS BRINCKERHOFF, INC.)",WSP USA INC. PAC,Rep. Rick Larsen,2025-02-25,2500.00
"AMERICAN AIRLINES, INC.",American Airlines Inc. Political Action Committee (AAPAC),Rep. Rick Larsen,2025-05-20,2500.00
CVS HEALTH (AND SUBSIDIARIES),CVS Health PAC,Rep. Marilyn Strickland,2025-03-24,1000.00
CVS HEALTH (AND SUBSIDIARIES),CVS Health PAC,Sen. Rick Scott,2025-06-17,2500.00
JOSE FUENTES,,Brian Fitzpatrick,2025-01-23,500.00
INSURED RETIREMENT INSTITUTE,Insured Retirement Institute Political Action Committee (IRI PAC),Sen. Pete Ricketts,2025-06-24,1000.00
INSURED RETIREMENT INSTITUTE,Insured Retirement Institute Political Action Committee (IRI PAC),Rep. Rick Allen,2025-04-11,2500.00
"INTERNATIONAL ASSOCIATION OF SHEET METAL, AIR, RAIL & TRANSPORTATION WORKERS",Int'l Assoc of Sheet Metal Air Rail &Transportation Workers,Brian Fitzpatrick,2025-03-25,4000.00
"INTERNATIONAL ASSOCIATION OF SHEET METAL, AIR, RAIL & TRANSPORTATION WORKERS",Int'l Assoc of Sheet Metal Air Rail &Transportation Workers,Brian Fitzpatrick,2025-02-10,5000.00
"CARGILL, INC.",Cargill PAC,Sen. Pete Ricketts,2025-05-27,2500.00
"CARGILL, INC.",Cargill PAC,Sen. Pete Ricketts,2025-06-24,1000.00
NETJETS INC.,NetJets Inc PAC,Rick Larsen,2025-05-21,3000.00
INTEL CORPORATION,Intel Corporation Political Action Committee,Marilyn Strickland,2025-05-28,-1500.00
AMERICAN PHYSICAL THERAPY ASSOCIATION,American Physical Therapy Association Physical Therapy PAC,Congressman Brian Fitzpatrick,2025-03-11,1500.00
"BRISTOW GROUP, INC.",BRISTOW GROUP INC. POLITICAL ACTION COMMITTEE (BRISTOW PAC),Rick Larsen,2025-06-25,1500.00
BGR GOVERNMENT AFFAIRS,,Pete Ricketts,2025-03-03,1000.00
NATIONAL BEER WHOLESALERS ASSOCIATION,NATIONAL BEER WHOLESALERS ASSOCIATION POLITICAL ACTION COMMITTEE,Rep Brian Fitzpatrick,2025-03-24,2500.00
NATIONAL BEER WHOLESALERS ASSOCIATION,NATIONAL BEER WHOLESALERS ASSOCIATION POLITICAL ACTION COMMITTEE,Rep Marilyn Strickland,2025-03-06,1000.00
NATIONAL BEER WHOLESALERS ASSOCIATION,NATIONAL BEER WHOLESALERS ASSOCIATION POLITICAL ACTION COMMITTEE,Rep Derrick Van Orden,2025-04-02,2500.00
NATIONAL BEER WHOLESALERS ASSOCIATION,NATIONAL BEER WHOLESALERS ASSOCIATION POLITICAL ACTION COMMITTEE,Rep Rick Crawford,2025-05-09,2500.00
NATIONAL BEER WHOLESALERS ASSOCIATION,NATIONAL BEER WHOLESALERS ASSOCIATION POLITICAL ACTION COMMITTEE,Rep Rick Larsen,2025-06-03,2500.00
VAN SCOYOC ASSOCIATES,,Rep. Brian Fitzpatrick,2025-03-31,1000.00
VAN SCOYOC ASSOCIATES,,Senator Rick Scott,2025-04-08,5000.00
BGR GOVERNMENT AFFAIRS,,Rick Larsen,2025-06-12,500.00
"SBL STRATEGIES, LLC",,Brian Fitzpatrick,2025-02-26,500.00
"SBL STRATEGIES, LLC",,Rick Crawford,2025-05-07,500.00
BGR GOVERNMENT AFFAIRS,,Pete Ricketts Victory Fund,2025-02-19,1500.00
BGR GOVERNMENT AFFAIRS,,Pete Ricketts,2025-05-20,500.00
GENERAL MOTORS COMPANY,General Motors Company Political Action Committee (GM PAC),Rep. Marilyn Strickland,2025-03-03,1000.00
AICPA ASSOCIATION OF INTERNATIONAL CERTIFIED PROFESSIONAL ACCOUNTANTS,American Institute of Certified Public Accountants Political Action Committee,Pete Ricketts,2025-04-14,2500.00
AICPA ASSOCIATION OF INTERNATIONAL CERTIFIED PROFESSIONAL ACCOUNTANTS,American Institute of Certified Public Accountants Political Action Committee,Marilyn Strickland,2025-04-29,2500.00
AICPA ASSOCIATION OF INTERNATIONAL CERTIFIED PROFESSIONAL ACCOUNTANTS,American Institute of Certified Public Accountants Political Action Committee,Pete Ricketts,2025-03-04,2500.00
AICPA ASSOCIATION OF INTERNATIONAL CERTIFIED PROFESSIONAL ACCOUNTANTS,American Institute of Certified Public Accountants Political Action Committee,Marilyn Strickland,2025-03-18,2500.00
AICPA ASSOCIATION OF INTERNATIONAL CERTIFIED PROFESSIONAL ACCOUNTANTS,American Institute of Certified Public Accountants Political Action Committee,Rep. Rick Allen,2025-03-27,2500.00
EATON CORPORATION,National Electrical Manufacturers Association PAC (NEMAPAC),Rep. Rick Allen,2025-05-07,2500.00
VANGUARD GROUP,The Vanguard Group Committee for Responsible Government,Rep Brian Fitzpatrick,2025-06-17,3500.00
VANGUARD GROUP,The Vanguard Group Committee for Responsible Government,Rep Patrick Fallon,2025-06-17,2500.00
AMERICAN FINANCIAL SERVICES ASSOCIATION,American Financial Services Association PAC,Brian Fitzpatrick,2025-03-20,2500.00
"H&R BLOCK MANAGEMENT, LLC, A SUBSIDIARY OF H&R BLOCK, INC.",H&R Block Inc. Political Action Committee (BLOCKPAC),Rep. Brian Fitzpatrick,2025-03-27,1500.00
"GROWTH ENERGY, INC.",GROWTH ENERGY PAC,"RICKETTS, PETE",2025-03-31,5000.00
"GROWTH ENERGY, INC.",GROWTH ENERGY PAC,"VAN ORDEN, DERRICK F. MR.",2025-04-30,2500.00
SCIENCE APPLICATIONS INTERNATIONAL CORPORATION,Science Applications International Corporation Voluntary Political Action Committee,Rep. Rick Crawford,2025-06-18,5000.00
SCIENCE APPLICATIONS INTERNATIONAL CORPORATION,Science Applications International Corporation Voluntary Political Action Committee,Sen. Rick Scott,2025-06-18,2500.00
THE COALITION FOR RENEWABLE NATURAL GAS,THE COALITION FOR RENEWABLE NATURAL GAS,PETE RICKETTS,2025-06-23,1000.00
LOWE'S COMPANIES INC.,"Lowe's Companies, Inc. Political Action Committee",Rep. Brian Fitzpatrick,2025-05-15,2500.00
BGR GOVERNMENT AFFAIRS,,Pete Ricketts,2025-05-20,1500.00
"EDWARD D. JONES & CO., L.P.",Edward Jones PAC,Sen. Pete Ricketts,2025-03-28,2500.00
"AT&T SERVICES, INC. AND ITS AFFILIATES",ATT Fed PAC,Rep. Brian Fitzpatrick,2025-03-20,1000.00
BGR GOVERNMENT AFFAIRS,,Pete Ricketts,2025-04-23,500.00
BGR GOVERNMENT AFFAIRS,,Pete Ricketts,2025-05-15,500.00
BGR GOVERNMENT AFFAIRS,,Pete Ricketts,2025-05-20,1000.00
ARCHER DANIELS MIDLAND COMPANY,Archer Daniels Midland Company-ADM PAC,Sen. Pete Ricketts,2025-04-28,1000.00
ARCHER DANIELS MIDLAND COMPANY,Archer Daniels Midland Company-ADM PAC,Rep. Rick Crawford,2025-05-09,1000.00
ARCHER DANIELS MIDLAND COMPANY,Archer Daniels Midland Company-ADM PAC,Sen. Pete Ricketts,2025-05-09,2000.00
"AT&T SERVICES, INC. AND ITS AFFILIATES",AT&T Inc. Federal Political Action Committee; AT&T Inc. Ohio Employee Federal Political Action Committee,"Strickland, Marilyn",2025-06-12,1000.00
"AT&T SERVICES, INC. AND ITS AFFILIATES",AT&T Inc. Federal Political Action Committee; AT&T Inc. Ohio Employee Federal Political Action Committee,"Fitzpatrick, Brian",2025-06-18,2500.00
CAPITAL ONE FINANCIAL CORPORATION,Capital One Financial Corp. Assoc. Political Fund,Pete Ricketts,2025-03-26,5000.00
CENTENE CORPORATION,Centene Corporation Political Action Committee (Centene PAC),Brian Fitzpatrick,2025-02-28,1000.00
CENTENE CORPORATION,Centene Corporation Political Action Committee (Centene PAC),Brian Fitzpatrick,2025-04-17,1000.00
CENTENE CORPORATION,Centene Corporation Political Action Committee (Centene PAC),Brian Fitzpatrick,2025-06-12,1000.00
ALSTON & BIRD LLP,Alston & Bird PAC,Congressman Brian Fitzpatrick,2025-03-19,500.00
ALSTON & BIRD LLP,Alston & Bird PAC,Congressman Brian Fitzpatrick,2025-04-01,1000.00
ALSTON & BIRD LLP,Alston & Bird PAC,Senator Pete Ricketts,2025-06-17,2500.00
"ALASKA AIRLINES, INC.",Alaska Air Group PAC,Rep. Rick Larsen,2025-06-17,5000.00
HUNTINGTON INGALLS INDUSTRIES INCORPORATED,"Huntington Ingalls Industries, Inc. Employees Political Action Committee (HIIPAC)",Rick Scott,2025-06-18,5000.00
"MERCK & CO, INC.","Merck & Co., Inc., Employees Political Action Committee (Merck PAC)",Congressman Rick Allen,2025-05-13,1000.00
"MERCK & CO, INC.","Merck & Co., Inc., Employees Political Action Committee (Merck PAC)",Congressman Brian Fitzpatrick,2025-06-17,2500.00
BERKSHIRE HATHAWAY ENERGY,Berkshire Hathaway Energy Company PAC,Rick Larsen,2025-06-19,1000.00
"ENTERGY SERVICES, LLC",Entergy Corporation PAC (ENPAC),Rep. Rick Crawford,2025-05-28,1000.00
"ENTERGY SERVICES, LLC",Entergy Corporation PAC (ENPAC),Rep. Rick Allen,2025-06-09,2000.00
"ENTERGY SERVICES, LLC",Entergy Corporation PAC (ENPAC),Sen. Pete Ricketts,2025-06-18,1000.00
INTERNATIONAL FEDERATION OF PROFESSIONAL AND TECHNICAL ENGINEERS (IFPTE),IFPTE LEAP-PAC,Rep. Brian Fitzpatrick,2025-01-28,1000.00
INTERNATIONAL FEDERATION OF PROFESSIONAL AND TECHNICAL ENGINEERS (IFPTE),IFPTE LEAP-PAC,Rep. Rick Larsen,2025-04-23,1000.00
"FROGUECLARK, LLC",,Rick Allen,2025-03-26,500.00
"DELTA AIR LINES, INC.",Delta Air Lines PAC,Rep. Rick Allen,2025-04-21,2500.00
"DELTA AIR LINES, INC.",Delta Air Lines PAC,Rep. Rick Larsen,2025-05-29,2500.00
BGR GOVERNMENT AFFAIRS,,Pete Ricketts,2025-05-20,4358.80
LONDON STOCK EXCHANGE GROUP,LSEG US HoldCo Inc. PAC,Sen. Pete Ricketts,2025-04-08,2500.00
NATIONAL EDUCATION ASSOCIATION,NEA Fund for Children and Public Education,Brian Fitzpatrick,2025-03-20,5000.00
NATIONAL EDUCATION ASSOCIATION,NEA Fund for Children and Public Education,Marilyn Strickland,2025-03-20,1000.00
NATIONAL EDUCATION ASSOCIATION,NEA Fund for Children and Public Education,Patrick Ryan,2025-03-20,2000.00
NATIONAL EDUCATION ASSOCIATION,NEA Fund for Children and Public Education,Brian Fitzpatrick,2025-03-20,2000.00
NATIONAL EDUCATION ASSOCIATION,NEA Fund for Children and Public Education,Rick Larsen,2025-06-18,2000.00
INVESTMENT COMPANY INSTITUTE,INVESTMENT COMPANY INSTITUTE POLITICAL ACTION COMMITTEE (ICI PAC),Rep. Brian Fitzpatrick,2025-03-06,1000.00
INVESTMENT COMPANY INSTITUTE,INVESTMENT COMPANY INSTITUTE POLITICAL ACTION COMMITTEE (ICI PAC),Rep. Rick W. Allen,2025-03-28,5000.00
UNITED SERVICES AUTOMOBILE ASSOCIATION,United Services Automobile Association Employee PAC - USAA EMPLOYEE PAC,Sen. Pete Ricketts,2025-05-06,2500.00
NATIONAL AUTOMOBILE DEALERS ASSOCIATION,National Automobile Dealers Association Political Action Committee,"Ricketts, Pete",2025-05-27,2000.00
AMERICAN NURSES ASSOCIATION,American Nurses Association PAC,Rep Brian Fitzpatrick,2025-04-03,2500.00
THE NORTHWESTERN MUTUAL LIFE INSURANCE COMPANY,The Northwestern Mutual Life Insurance Company Federal Political Action Committee,Sen. Pete Ricketts (R),2025-05-08,1000.00
THE NORTHWESTERN MUTUAL LIFE INSURANCE COMPANY,The Northwestern Mutual Life Insurance Company Federal Political Action Committee,Rep. Derrick Van Orden (R),2025-06-18,1000.00
THE NORTHWESTERN MUTUAL LIFE INSURANCE COMPANY,The Northwestern Mutual Life Insurance Company Federal Political Action Committee,Rep. Derrick Van Orden (R),2025-03-25,1000.00
THE NORTHWESTERN MUTUAL LIFE INSURANCE COMPANY,The Northwestern Mutual Life Insurance Company Federal Political Action Committee,Rep. Brian Fitzpatrick (R),2025-03-25,2500.00
USA RICE FEDERATION,USA Rice Federation PAC,Rep. Rick Crawford,2025-04-24,5000.00
USA RICE FEDERATION,USA Rice Federation PAC,Sen. Pete Ricketts,2025-06-26,1000.00
"TRANSPORT WORKERS UNION OF AMERICA, AFL-CIO",Transport Workers Union of America Political Contributions Committee,Patrick Ryan,2025-03-18,2500.00
"TRANSPORT WORKERS UNION OF AMERICA, AFL-CIO",Transport Workers Union of America Political Contributions Committee,Rick Larsen,2025-03-18,5000.00
"TRANSPORT WORKERS UNION OF AMERICA, AFL-CIO",Transport Workers Union of America Political Contributions Committee,Brian Fitzpatrick,2025-04-22,5000.00
"TRANSPORT WORKERS UNION OF AMERICA, AFL-CIO",Transport Workers Union of America Political Contributions Committee,Rick Larsen,2025-05-29,5000.00
"TRANSPORT WORKERS UNION OF AMERICA, AFL-CIO",Transport Workers Union of America Political Contributions Committee,Patrick Ryan,2025-06-29,2500.00
"TRANSPORT WORKERS UNION OF AMERICA, AFL-CIO",Transport Workers Union of America Political Contributions Committee,Marilyn Strickland,2025-06-29,1500.00
"LEIDOS, INC.",Leidos Inc. Political Action Committee,Rep. Marilyn Strickland,2025-03-24,1000.00
"LEIDOS, INC.",Leidos Inc. Political Action Committee,Rep. Rick Larson,2025-06-23,2500.00
"LEIDOS, INC.",Leidos Inc. Political Action Committee,Rep. Rick Crawford,2025-06-24,1000.00
"SAP AMERICA, INC.",SAP AMERICA INC PAC,Rep Brian Fitzpatrick,2025-06-24,1000.00
"GRAIL, INC. (FORMERLY GRAIL, LLC)","Grail, Inc. PAC","Fitzpatrick, Brian",2025-05-13,1000.00
"EXELON BUSINESS SERVICES, LLC",EXELON CORPORATION POLITICAL ACTION COMMITTEE,Rep. Rick Larsen,2025-05-27,1000.00
"EXELON BUSINESS SERVICES, LLC",EXELON CORPORATION POLITICAL ACTION COMMITTEE,Rep. Brian Fitzpatrick,2025-03-03,5000.00
"EXELON BUSINESS SERVICES, LLC",EXELON CORPORATION POLITICAL ACTION COMMITTEE,Rep. Brian Fitzpatrick,2025-03-03,2500.00
THE AMERICAN WATERWAYS OPERATORS,American Waterways Operators PAC,Representative Rick Larsen,2025-03-11,2500.00
THE AMERICAN WATERWAYS OPERATORS,American Waterways Operators PAC,Representative Rick Crawford,2025-03-25,1000.00
"AMERIHEALTH CARITAS SERVICES, LLC",AMHP Holdings Corp. Political Action Committee,BRIAN FITZPATRICK,2025-06-25,1000.00
SOLAR ENERGY INDUSTRIES ASSOCIATION,SOLAR ENERGY INDUSTRIES ASSOCIATION PAC (SOLARPAC),Brian Fitzpatrick,2025-03-14,1000.00
SOLAR ENERGY INDUSTRIES ASSOCIATION,SOLAR ENERGY INDUSTRIES ASSOCIATION PAC (SOLARPAC),D Lahood; B Fitzpatrick; M Carey; N Malliotakis; IL Repub Party Fed; NRCC; NY Repub Fed Cmpgn Comm; OH Repub Party St Central Exec Comm; Team America Bringing America Together PAC; Repub Fed Comm ofPA,2025-03-28,20000.00
BRYAN CAVE LEIGHTON PAISNER LLP,Bryan Cave LLP Political Action Committee,Rick Larsen,2025-06-27,1500.00
CATERPILLAR INC.,Caterpillar Inc. Political Action Committee (CATPAC),Rick Larsen,2025-03-03,5000.00
CATERPILLAR INC.,Caterpillar Inc. Political Action Committee (CATPAC),Pete Ricketts,2025-04-14,5000.00
CATERPILLAR INC.,Caterpillar Inc. Political Action Committee (CATPAC),Marilyn Strickland,2025-05-12,5000.00
CATERPILLAR INC.,Caterpillar Inc. Political Action Committee (CATPAC),Rick Larsen,2025-06-09,5000.00
"TROUTMAN PEPPER LOCKE, LLP (FKA TROUTMAN PEPPER HAMILTON SANDERS, LLP)",Troutman Pepper Locke LLP Political Action Committee Inc,Rep Rick W Allen,2025-06-30,1000.00
"WINE AND SPIRITS WHOLESALERS OF AMERICA, INC",Wine & Spirits Wholesalers of America PAC,Brian Fitzpatrick For All Of Us,2025-03-18,5000.00
"WINE AND SPIRITS WHOLESALERS OF AMERICA, INC",Wine & Spirits Wholesalers of America PAC,Rick W. Allen For Congress,2025-03-20,2000.00
"WINE AND SPIRITS WHOLESALERS OF AMERICA, INC",Wine & Spirits Wholesalers of America PAC,Pete Ricketts For Senate,2025-05-28,2500.00
"WINE AND SPIRITS WHOLESALERS OF AMERICA, INC",Wine & Spirits Wholesalers of America PAC,Citizens To Elect Rick Larsen,2025-06-03,2000.00
"WINE AND SPIRITS WHOLESALERS OF AMERICA, INC",Wine & Spirits Wholesalers of America PAC,Crawford For Congress,2025-06-24,5000.00
NATIONAL TREASURY EMPLOYEES UNION,Treasury Employees Political Action Committee,US Representative Brian Fitzpatrick,2025-06-17,5000.00
NORTHROP GRUMMAN CORPORATION,Employees of Northrop Grumman Corporation PAC; Self,Rep. Marilyn Strickland,2025-03-24,5000.00
NORTHROP GRUMMAN CORPORATION,Employees of Northrop Grumman Corporation PAC; Self,Rep. Rick Larsen,2025-05-20,5000.00
NORTHROP GRUMMAN CORPORATION,Employees of Northrop Grumman Corporation PAC; Self,Rep. Rick Crawford,2025-06-25,2500.00
NORTHROP GRUMMAN CORPORATION,Employees of Northrop Grumman Corporation PAC; Self,Sen. Pete Ricketts,2025-06-25,2500.00
"XCEL ENERGY, INC",XCEL ENERGY EMPLOYEE POLITICAL ACTION COMMITTEE (XPAC),Rick Larsen,2025-06-09,1500.00
THE CIGNA GROUP AND SUBSIDIARIES (FORMERLY CIGNA CORPORATION AND SUBSIDIARIES),The Cigna Group Employee Political Action Committee,Rep. Brian Fitzpatrick,2025-06-13,1000.00
THE CIGNA GROUP AND SUBSIDIARIES (FORMERLY CIGNA CORPORATION AND SUBSIDIARIES),The Cigna Group Employee Political Action Committee,Sen. Rick Scott,2025-04-21,5000.00
THE CIGNA GROUP AND SUBSIDIARIES (FORMERLY CIGNA CORPORATION AND SUBSIDIARIES),The Cigna Group Employee Political Action Committee,Rep. Marilyn Strickland,2025-04-21,2500.00
THE CIGNA GROUP AND SUBSIDIARIES (FORMERLY CIGNA CORPORATION AND SUBSIDIARIES),The Cigna Group Employee Political Action Committee,Rep. Brian Fitzpatrick,2025-03-21,2500.00
TIAA,TIAA PAC,Brian Fitzpatrick,2025-03-26,2500.00
LPL FINANCIAL,LPL Financial LLC Political Action Committee LPL PAC,Rep Brian Fitzpatrick,2025-03-26,5000.00
LPL FINANCIAL,LPL Financial LLC Political Action Committee LPL PAC,Rep Brian Fitzpatrick,2025-06-23,1000.00
AMERICAN BUS ASSOCIATION,American Bus Association Political Action Committee - BusPAC,Rick Crawford,2025-01-24,1000.00
"MILLER STRATEGIES, LLC",,Rep. Brian Fitzpatrick,2025-06-26,3500.00
"MILLER STRATEGIES, LLC",,Rep. Rick Allen,2025-06-30,1000.00
"INT'L. ASSOCIATION OF BRIDGE, STRUCTURAL, ORNAMENTAL & REINFORCING IRON WORKERS",Iron Workers Political Action League; Ironworkers Political Education Fund,Rep. Patrick Ryan,2025-03-25,1000.00
"INT'L. ASSOCIATION OF BRIDGE, STRUCTURAL, ORNAMENTAL & REINFORCING IRON WORKERS",Iron Workers Political Action League; Ironworkers Political Education Fund,Rep. Patrick Ryan,2025-06-11,2500.00
"INT'L. ASSOCIATION OF BRIDGE, STRUCTURAL, ORNAMENTAL & REINFORCING IRON WORKERS",Iron Workers Political Action League; Ironworkers Political Education Fund,Rep. Rick Larsen,2025-06-12,2500.00
SOUTHWEST AIRLINES PILOTS' ASSOCIATION,,Rep Brian Fitzpatrick,2025-01-23,2500.00
SOUTHWEST AIRLINES PILOTS' ASSOCIATION,,Rep Brian Fitzpatrick,2025-03-06,2500.00
SOUTHWEST AIRLINES PILOTS' ASSOCIATION,,Rep Rick Larsen,2025-01-23,2500.00
SOUTHWEST AIRLINES PILOTS' ASSOCIATION,,Rep Patrick Ryan,2025-06-18,2500.00
NATIONAL SHOOTING SPORTS FOUNDATION,National Shooting Sports Foundation PAC,Sen. Pete Ricketts,2025-06-18,5000.00
CSX CORPORATION,CSX Corporation Good Government Fund,Brian Fitzpatrick,2025-03-03,1000.00
CSX CORPORATION,CSX Corporation Good Government Fund,Eric Alan Rick Crawford,2025-03-28,1000.00
CSX CORPORATION,CSX Corporation Good Government Fund,Rick Larsen,2025-06-13,2500.00
CSX CORPORATION,CSX Corporation Good Government Fund,Brian Fitzpatrick,2025-06-13,1000.00
"DISNEY WORLDWIDE SERVICES, INC.",TWDC Enterprises 18 Corp. Employees PAC aka 'The Walt Disney Company Employees PAC' or 'Disney PAC',Rep. Brian Fitzpatrick,2025-02-26,1000.00
"KOUNTOUPES DENHAM CARR & REID, LLC",,Marilyn Strickland,2025-03-24,3500.00
DTE ENERGY,DTE ENERGY COMPANY POLITICAL ACTION COMMITTEE,Rep Rick Larsen,2025-05-20,1500.00
AMERICAN GAS ASSOCIATION,American Gas Association Political Action Committee,Rep. Rick Allen (R),2025-06-01,1000.00
"HEALTHEQUITY, INC.","HealthEquity Inc, PAC",Representative Brian Fitzpatrick,2025-06-10,2500.00
"FEDERAL HALL POLICY ADVISORS, LLC",,Sen. RIcketts,2025-05-06,1200.00
AMERICAN OPTOMETRIC ASSOCIATION,AOA-PAC,Congressman Derrick Van Orden,2025-04-04,2500.00
AMERICAN OPTOMETRIC ASSOCIATION,AOA-PAC,Congressman Brian Fitzpatrick,2025-04-10,2000.00
AMERICAN OPTOMETRIC ASSOCIATION,AOA-PAC,Congressman Rick Allen,2025-02-24,2000.00
AMERICAN OPTOMETRIC ASSOCIATION,AOA-PAC,Congressman Patrick Fallon,2025-05-12,2500.00
"MINDSET ADVOCACY, LLC",,Pete Ricketts,2025-06-23,1000.00
HOLLAND & KNIGHT LLP,Holland & Knight Committee for Effective Government,Rep. Brian Fitzpatrick,2025-01-28,1000.00
"UNITEDHEALTH GROUP, INC.","UNITEDHEALTH GROUP, INC.","Scott, Rick",2025-06-26,1500.00
"UNITEDHEALTH GROUP, INC.","UNITEDHEALTH GROUP, INC.","Strickland, Marilyn",2025-04-10,2500.00
FEDEX CORPORATION,FEDEXPAC,Rep. Brian Fitzpatrick (R-PA); Rep. Robin Kelly (D-IL),2025-05-27,25000.00
LABORATORY CORPORATION OF AMERICA HOLDINGS,Laboratory Corporation of America Holdings Political Partici,Hon. Brian Fitzpatrick,2025-04-15,5000.00
TIBER CREEK GROUP,,Rep. Rick Allen,2025-03-12,500.00
"SANTANDER HOLDINGS USA, INC.",SANTANDER HOLDINGS USA INC. PAC,Representative Brian Fitzpatrick,2025-03-19,1000.00
AMERICAN ASSOCIATION FOR JUSTICE,American Association for Justice Political Action Committee,Rep. Marilyn Strickland,2025-05-01,1000.00
AMERICAN ASSOCIATION FOR JUSTICE,American Association for Justice Political Action Committee,Rep. Patrick Ryan,2025-03-20,2500.00
AMERICAN ASSOCIATION FOR JUSTICE,American Association for Justice Political Action Committee,Rep. Marilyn Strickland,2025-02-26,2500.00
AMERICAN ASSOCIATION FOR JUSTICE,American Association for Justice Political Action Committee,Rep. Rick Larsen,2025-02-25,5000.00
AMERICAN ASSOCIATION FOR JUSTICE,American Association for Justice Political Action Committee,Rep. Patrick Ryan,2025-02-19,2500.00
MICROSOFT CORPORATION,MICROSOFT CORPORATION STAKEHOLDERS VOLUNTARY PAC - MSVPAC,Rep. Marilyn Strickland,2025-04-07,5000.00
MICROSOFT CORPORATION,MICROSOFT CORPORATION STAKEHOLDERS VOLUNTARY PAC - MSVPAC,Sen. Rick Scott,2025-06-24,5000.00
"HILLSTAFFER, LLC",Act Blue - Abigail Spanberger; Act Blue - Susan Crawford,Susan Crawford,2025-03-03,100.00
BROTHERHOOD OF RAILROAD SIGNALMEN,,Rick Larsen,2025-03-04,5000.00
BROTHERHOOD OF RAILROAD SIGNALMEN,,Brian Fitzpatrick,2025-01-20,5000.00
CHEVRON U.S.A. INC.,Chevron Employees Political Action Committee - Chevron Corporation,Rep. Derrick Van Orden,2025-04-21,2500.00
CHEVRON U.S.A. INC.,Chevron Employees Political Action Committee - Chevron Corporation,Sen. Rick Scott,2025-05-12,-2500.00
CHEVRON U.S.A. INC.,Chevron Employees Political Action Committee - Chevron Corporation,Rep. Derrick Van Orden,2025-05-27,2500.00
GENERAL ELECTRIC COMPANY (INCLUDING SUBSIDIARIES),General Electric Company Aerospace Employee Political Action Committee (GE Aerospace PAC),Rep. Rick Larsen,2025-05-28,5000.00
GENERAL ELECTRIC COMPANY (INCLUDING SUBSIDIARIES),General Electric Company Aerospace Employee Political Action Committee (GE Aerospace PAC),Rep. Rick Larsen,2025-05-28,2500.00
UPS (UNITED PARCEL SERVICE),"United Parcel Service, Inc. PAC (UPSPAC)",Rep. Rick Larsen,2025-06-23,5000.00
UPS (UNITED PARCEL SERVICE),"United Parcel Service, Inc. PAC (UPSPAC)",Sen. Pete Ricketts,2025-06-23,5000.00
UPS (UNITED PARCEL SERVICE),"United Parcel Service, Inc. PAC (UPSPAC)",Rep. Rick Larsen,2025-04-16,2500.00
UPS (UNITED PARCEL SERVICE),"United Parcel Service, Inc. PAC (UPSPAC)",Rep. Brian Fitzpatrick,2025-03-14,5000.00
"AMERICAN POSTAL WORKERS UNION, AFL-CIO",American Postal Workers Union Committee on Political Action,"Ryan, Patrick",2025-06-18,1500.00
"AMERICAN POSTAL WORKERS UNION, AFL-CIO",American Postal Workers Union Committee on Political Action,"Fitzpatrick, Brian",2025-03-28,3000.00
"CAPITOL SOUTH, LLC",Competitive Markets PAC,Rep. Brian Fitzpatrick,2025-03-04,1000.00
FEDERATION OF AMERICAN HOSPITALS,Federation of American Hospitals PAC (FedPAC),Rep. Brian Fitzpatrick,2025-06-26,3500.00
NATIONAL ASSOCIATION OF LETTER CARRIERS,Letter Carrier Political Fund,Pete Ricketts,2025-06-06,5000.00
NATIONAL ASSOCIATION OF LETTER CARRIERS,Letter Carrier Political Fund,Brian Fitzpatrick,2025-06-27,5000.00
PHARMACEUTICAL RESEARCH AND MANUFACTURERS OF AMERICA,PhRMA Better Government Committee,"Allen, Rick",2025-03-19,2500.00
PHARMACEUTICAL RESEARCH AND MANUFACTURERS OF AMERICA,PhRMA Better Government Committee,"Brian Fitzpatrick, Robin Kelly",2025-04-10,35000.00
NATIONAL ASSOCIATION OF REALTORS,National Association of Realtors Political Action Committee,Rick Allen,2025-02-05,2000.00
NATIONAL ASSOCIATION OF REALTORS,National Association of Realtors Political Action Committee,Pete Ricketts,2025-03-05,1000.00
NATIONAL ASSOCIATION OF REALTORS,National Association of Realtors Political Action Committee,Brian Fitzpatrick,2025-03-19,2000.00
NATIONAL ASSOCIATION OF REALTORS,National Association of Realtors Political Action Committee,Derrick Van Orden,2025-03-26,2000.00
NATIONAL ASSOCIATION OF REALTORS,National Association of Realtors Political Action Committee,Rick Crawford,2025-05-07,2000.00
AKIN GUMP STRAUSS HAUER & FELD,,U.S. Representative Marilyn Strickland,2025-02-20,2500.00
CTIA-THE WIRELESS ASSOCIATION,CTIA- The Wireless Association Political Action Committee,Rep. Rick Allen,2025-03-26,2500.00
"PRUDENTIAL FINANCIAL, INC.",Prudential Financial Inc Federal Political Action Committee; Prudential Financial Inc State & Federal Political Action Committee,"Fitzpatrick, Brian",2025-03-11,2500.00
"PRUDENTIAL FINANCIAL, INC.",Prudential Financial Inc Federal Political Action Committee; Prudential Financial Inc State & Federal Political Action Committee,"Ricketts, Pete",2025-05-20,1500.00
AMERICAN CEMENT ASSOCIATION (FORMERLY PORTLAND CEMENT ASSOCIATION),American Cement Association (CEMENT PAC),The Honorable Rick Larsen,2025-04-30,1000.00
STEPHENS SHARED SERVICES LLC,Stephens Inc. Federal Political Action Committee,Pete Ricketts,2025-02-20,3500.00
STEPHENS SHARED SERVICES LLC,Stephens Inc. Federal Political Action Committee,Pete Ricketts,2025-02-20,1500.00
AMERICAN CLINICAL LABORATORY ASSN,American Clinical Laboratory Assn PAC (LabPAC),Rep. Brian Fitzpatrick,2025-02-12,5000.00
"NEALE CREEK, LLC",150PAC.Org,Senator Pete Ricketts,2025-03-24,1500.00
"NEALE CREEK, LLC",150PAC.Org,Congressman Brian Fitzpatrick,2025-04-29,1000.00
THE FERTILIZER INSTITUTE,FERT PAC,Rick Larsen,2025-06-11,1000.00
NATIONAL ASSOCIATION OF CHAIN DRUG STORES,National Association of Chain Drug Stores PAC,"Allen, Rick",2025-03-26,2500.00
REWORLD WASTE LLC,Reworld Waste LLC formerly known as Covanta Energy LLC,Brian Fitzpatrick,2025-03-31,5000.00
FIERCE GOVERNMENT RELATIONS,,Rick Scott,2025-05-01,2000.00
"NELNET, INC.",Nelnet PAC,Pete Ricketts for Senate,2025-03-01,2500.00
PARSONS CORPORATION,Parsons Political Action Committee,Rep. Brian Fitzpatrick,2025-03-10,1000.00
PARSONS CORPORATION,Parsons Political Action Committee,Rep. Rick Crawford,2025-03-10,1000.00
PARSONS CORPORATION,Parsons Political Action Committee,Rep. Rick Larsen,2025-06-16,1500.00
PARSONS CORPORATION,Parsons Political Action Committee,Rep. Rick Crawford,2025-06-16,1000.00
NATIONAL GROCERS ASSOCIATION,National Grocers Association Grocers PAC,Rick Crawford,2025-06-10,1000.00
CHS INC.,,Pete Ricketts,2025-03-24,3500.00
CHS INC.,,Pete Ricketts,2025-05-08,1500.00
CHS INC.,,Pete Ricketts,2025-05-08,5000.00
NUTRIEN US LLC (FORMERLY KNOWN AS AGRIUM U.S. INC.) (A NUTRIEN LTD SUBSIDIARY).,NUTRIEN AG SOLUTIONS EMPLOYEE CITIZENSHIP FUND POLITICAL ACT,Hon. Pete Ricketts,2025-02-25,2500.00
NATIONAL CLUB ASSOCIATION,,Congressman Rick Allen,2025-03-07,2500.00
"SIDECAR HEALTH, INC",SIDECAR HEALTH INC. POLITICAL ACTION COMMITTEE,Rep. Rick Allen,2025-03-31,2500.00
TRAVERE THERAPEUTICS,,Hon. Brian Fitzpatrick,2025-06-24,500.00
AUTO CARE ASSOCIATION,Auto Care Association PAC,Rep.Eric Crawford,2025-02-20,1500.00
AUTO CARE ASSOCIATION,Auto Care Association PAC,Rep. Derrick Van Orden,2025-06-30,1000.00
"SALTCHUK RESOURCES, INC.",Saltchuk Resources Inc. PAC,Rick Larsen,2025-03-24,5000.00
"SALTCHUK RESOURCES, INC.",Saltchuk Resources Inc. PAC,Marilyn Strickland,2025-06-19,2500.00
AMERICAN UROLOGICAL ASSOCIATION,American Urological Association (AUA) PAC,Rep. Brian Fitzpatrick,2025-01-22,2500.00
"MEHLMAN CONSULTING, INC.",,Representative Brian Fitzpatrick,2025-03-19,1000.00
"MINDSET ADVOCACY, LLC",,Senator Ricketts,2025-05-14,1000.00
NUCOR CORPORATION,Nucor Corporation PAC,Eric Crawford,2025-04-29,2500.00
NUCOR CORPORATION,Nucor Corporation PAC,Marilyn Strickland,2025-06-02,2500.00
NUCOR CORPORATION,Nucor Corporation PAC,Pete Ricketts,2025-06-02,1000.00
LOCKHEED MARTIN CORPORATION,Lockheed Martin Employees' Political Action Committee,"Fitzpatrick, Brian",2025-03-19,1000.00
LOCKHEED MARTIN CORPORATION,Lockheed Martin Employees' Political Action Committee,"Fitzpatrick, Brian",2025-03-28,1000.00
LOCKHEED MARTIN CORPORATION,Lockheed Martin Employees' Political Action Committee,"Strickland, Marilyn",2025-05-07,1000.00
LOCKHEED MARTIN CORPORATION,Lockheed Martin Employees' Political Action Committee,"Allen, Rick",2025-05-14,1000.00
LOCKHEED MARTIN CORPORATION,Lockheed Martin Employees' Political Action Committee,"Crawford, Rick",2025-05-14,1000.00
LOCKHEED MARTIN CORPORATION,Lockheed Martin Employees' Political Action Committee,"Ricketts, Pete",2025-05-14,1000.00
LOCKHEED MARTIN CORPORATION,Lockheed Martin Employees' Political Action Committee,"Crawford, Rick",2025-05-30,1000.00
LOCKHEED MARTIN CORPORATION,Lockheed Martin Employees' Political Action Committee,"Harrigan, Patrick",2025-05-30,1000.00
LOCKHEED MARTIN CORPORATION,Lockheed Martin Employees' Political Action Committee,"Larsen, Rick",2025-05-30,1000.00
LOCKHEED MARTIN CORPORATION,Lockheed Martin Employees' Political Action Committee,"Allen, Rick",2025-06-26,1000.00
LMH STRATEGIC SOLUTIONS,,U.S. Representative Rick Allen,2025-03-31,1500.00
FINSECA,FINSECA PAC,Brian Fitzpatrick,2025-02-24,2000.00
FINSECA,FINSECA PAC,Brian Fitzpatrick,2025-03-21,1000.00
FINSECA,FINSECA PAC,Pete Ricketts,2025-03-21,1500.00
"HUMANA, INC.",Humana Inc. Political Action Committee,Rep. Brian Fitzpatrick,2025-06-18,1000.00
EHRLICH & ASSOCIATES,,Rep. Derrick Van Orden,2025-03-24,500.00
RTX CORPORATION AND AFFILIATES,Employees of RTX Corporation PAC,"Fitzpatrick, Brian",2025-03-18,1000.00
RTX CORPORATION AND AFFILIATES,Employees of RTX Corporation PAC,"Crawford, Rick",2025-04-15,1000.00
RTX CORPORATION AND AFFILIATES,Employees of RTX Corporation PAC,"Van Orden, Derrick",2025-04-15,1000.00
RTX CORPORATION AND AFFILIATES,Employees of RTX Corporation PAC,"Harrigan, Patrick",2025-05-22,1000.00
RTX CORPORATION AND AFFILIATES,Employees of RTX Corporation PAC,"Strickland, Marilyn",2025-05-22,1000.00
RTX CORPORATION AND AFFILIATES,Employees of RTX Corporation PAC,"Fitzpatrick, Brian",2025-06-19,1500.00
WHEAT SHROYER GOVERNMENT RELATIONS LLC,,Rep. Brian Fitzpatrick,2025-04-29,250.00
AMERICAN COLLEGE OF OBSTETRICIANS AND GYNECOLOGISTS,American College of Ob-Gyns PAC (Ob-GynPAC),Brian Fitzpatrick,2025-03-14,1000.00
SIEMENS CORPORATION,Siemens Corporation PAC,Rep Brian Fitzpatrick,2025-03-21,1000.00
SIEMENS CORPORATION,Siemens Corporation PAC,"Rep. Bob Latta, Rep. Rick Allen, Rep. Steven Horsford, Rep. Adrian Smith, Rep. Bobby Scott, Rep. Laura Gillen, Sen. Katie Britt, Sen. Chris Coons, Rep. Madeleine Dean, Rep. August Pfluger",2025-05-14,20000.00
"LEDERMAN GROUP, LLC",Rushmore PAC,Rep. Derrick Van Orden,2025-02-18,500.00
AMERICAN CLINICAL LABORATORY ASSN,American Clinical Laboratory Association PAC (LabPAC),Rep. Brian Fitzpatrick,2025-02-12,5000.00
AMERICAN CLINICAL LABORATORY ASSN,American Clinical Laboratory Association PAC,Representative Brian Fitzpatrick,2025-03-11,500.00
AMERICAN CLINICAL LABORATORY ASSN,American Clinical Laboratory Association PAC,Representative Brian Fitzpatrick,2025-02-12,5000.00
AMERICAN ACADEMY OF FAMILY PHYSICIANS,AMERICAN ACADEMY OF FAMILY PHYSICIANS PAC C00411553,Brian Fitzpatrick PA-1 US House,2025-01-24,2500.00
AMERICAN ACADEMY OF FAMILY PHYSICIANS,AMERICAN ACADEMY OF FAMILY PHYSICIANS PAC C00411553,Rick Allen GA-12 US House,2025-06-12,1000.00
NAREIT,REITPAC,Rep. Brian Fitzpatrick (R),2025-03-28,2000.00
NAREIT,REITPAC,Rep. Brian Fitzpatrick (R),2025-03-28,2500.00
PUBLIC SERVICE ENTERPRISE GROUP,Public Service Enterprise Group Inc Political Action Committee PEGPAC,"Shelly Capito, John Cornyn, Lindsey Graham, Pete Ricketts, Dan Sullivan, Thom Tillis, etc.",2025-06-30,9000.00
JPMORGAN CHASE HOLDINGS LLC,JPMorgan Chase & Co. Federal Political Action Committee; JPMorgan Chase & Co. PAC,Sen. Pete Ricketts,2025-04-29,2000.00
JACKSON NATIONAL LIFE INSURANCE COMPANY,Jackson Holdings LLC and Jackson National Life Insurance Company Federal SSF Jackson National Feder; Jackson Holdings LLC and Jackson National Life Insurance Company Separate Segregated Fund Jackson N,Rep Brian Fitzpatrick,2025-03-04,1000.00
BALLARD SPAHR LLP,Ballard Spahr LLP PAC,"Fitzpatrick, Brian",2025-06-16,2500.00
BALLARD SPAHR LLP,Ballard Spahr LLP PAC,"Fitzpatrick, Brian",2025-06-24,1000.00
AMERICAN ASSOCIATION OF ORTHOPAEDIC SURGEONS,Political Action Committee of the American Association of Orthopaedic Surgeons--PAC of AAOS,Rep. Brian Fitzpatrick,2025-01-21,1000.00
ALTRIA CLIENT SERVICES LLC,,Rep. Marilyn Strickland,2025-06-27,1000.00
DUKE ENERGY CORPORATION,DUKEPAC,"Fitzpatrick, Brian",2025-03-25,1000.00
DUKE ENERGY CORPORATION,DUKEPAC,"Ricketts, Pete",2025-05-21,2000.00
"REARDON CONSULTING, LLC",S Corporation Association PAC (S-Corp PAC),Pete Ricketts,2025-03-28,1000.00
"REARDON CONSULTING, LLC",S Corporation Association PAC (S-Corp PAC),Pete Ricketts,2025-06-17,2500.00
"REARDON CONSULTING, LLC",S Corporation Association PAC (S-Corp PAC),Pete Ricketts,2025-03-31,1000.00
CAPITOL67 STRATEGIES,,Congressman Rick Larsen,2025-03-27,500.00
COMCAST CORPORATION,Comcast Corporation & NBCUniversal Political Action Committee - Federal,Sen. Pete Ricketts,2025-06-11,5000.00
COMCAST CORPORATION,Comcast Corporation & NBCUniversal Political Action Committee - Federal,Rep. Rick Larsen,2025-06-04,1500.00
COMCAST CORPORATION,Comcast Corporation & NBCUniversal Political Action Committee - Federal,Rep. Marilyn Strickland,2025-04-09,2500.00
COMCAST CORPORATION,Comcast Corporation & NBCUniversal Political Action Committee - Federal,Rep. Brian Fitzpatrick,2025-03-27,5000.00
THE RESERVE COMPONENT,,Congressman Brian Fitzpatrick,2025-03-19,500.00
"THE DOW CHEMICAL COMPANY, DBA DOW",DOW INC. PAC (DOWPAC),Sen. Pete Ricketts (R),2025-05-30,1000.00
GENERAL DYNAMICS CORP,General Dynamics Corporation Political Action Committee,Rep. Rick Larsen,2025-02-14,1500.00
GENERAL DYNAMICS CORP,General Dynamics Corporation Political Action Committee,Sen. Pete Ricketts,2025-03-05,5000.00
GENERAL DYNAMICS CORP,General Dynamics Corporation Political Action Committee,Rep. Rick Crawford,2025-03-06,1000.00
GENERAL DYNAMICS CORP,General Dynamics Corporation Political Action Committee,Rep. Brian Fitzpatrick,2025-03-17,1000.00
GENERAL DYNAMICS CORP,General Dynamics Corporation Political Action Committee,Rep. Rick Crawford,2025-04-29,1000.00
INTERNATIONAL ALLIANCE OF THEATRICAL STAGE EMPLOYEES,Int Alliance of Theatrical Stage Emp Federal Speech PAC; PAC of the Int Alliance of Theatrical Stage Employees,Congressman Patrick Ryan,2025-06-26,1000.00
INTERNATIONAL ALLIANCE OF THEATRICAL STAGE EMPLOYEES,Int Alliance of Theatrical Stage Emp Federal Speech PAC; PAC of the Int Alliance of Theatrical Stage Employees,Congressman Brian Fitzpatrick,2025-06-26,2500.00
ACCELERATE STRATEGIES,,Rep Rick Larsen,2025-05-14,1500.00
SPECIALTY EQUIPMENT MARKET ASSOCIATION,SEMA & PRI PAC,REP. RICK LARSEN,2025-04-30,1500.00
SPECIALTY EQUIPMENT MARKET ASSOCIATION,SEMA & PRI PAC,SEN. PETE RICKETTS,2025-05-21,1500.00
SPECIALTY EQUIPMENT MARKET ASSOCIATION,SEMA & PRI PAC,SEN. PETE RICKETTS,2025-06-25,1500.00
FGS GLOBAL (US) LLC (FKA FGH HOLDINGS LLC),FGS GLOBAL (US) LLC POLITICAL ACTION COMMITTEE,Pete Ricketts For Senate,2025-05-02,1000.00
FGS GLOBAL (US) LLC (FKA FGH HOLDINGS LLC),FGS GLOBAL (US) LLC POLITICAL ACTION COMMITTEE,Rick W. Allen For Congress,2025-06-18,500.00
"KOCH GOVERNMENT AFFAIRS, LLC",,"Rick Allen, US House of Representatives",2025-03-28,3500.00
AMERICAN SOCIETY OF ANESTHESIOLOGISTS,American Society of Anesthesiologists Political Action Committee (ASA PAC),Rep. Brian Fitzpatrick,2025-06-30,2500.00
AMERICAN SOCIETY OF ANESTHESIOLOGISTS,American Society of Anesthesiologists Political Action Committee (ASA PAC),Rep. Marilyn Strickland,2025-06-13,2500.00
AMERICAN SOCIETY OF ANESTHESIOLOGISTS,American Society of Anesthesiologists Political Action Committee (ASA PAC),Rep. Brian Fitzpatrick,2025-06-05,2500.00
AMERICAN SOCIETY OF ANESTHESIOLOGISTS,American Society of Anesthesiologists Political Action Committee (ASA PAC),Rep. Brian Fitzpatrick,2025-02-21,2500.00
"CISCO SYSTEMS, INC","Cisco Systems Inc. Federal PAC, AKA Cisco Systems ePAC",Rep. Patrick Fallon,2025-06-19,2500.00
"K&L GATES, LLP",,Rep Brian Fitzpatrick,2025-03-25,500.00
THOMPSON CONSULTING GROUP,,Rick Larsen,2025-06-20,1000.00
THOMPSON CONSULTING GROUP,,Marilyn Strickland,2025-03-20,2000.00
FARM CREDIT COUNCIL,The Farm Credit Council Political Action Committee,Sen Pete Ricketts,2025-04-03,5000.00
"DOMINION ENERGY, INC.",Dominion Energy Inc Political Action Committee Dominion PAC,Sen Pete Ricketts,2025-05-07,4500.00
"DOMINION ENERGY, INC.",Dominion Energy Inc Political Action Committee Dominion PAC,Sen Pete Ricketts,2025-05-07,500.00
"L3HARRIS TECHNOLOGIES, INC.","L3Harris Technologies, Inc. PAC",Rep. Patrick Harrigan,2025-06-30,3500.00
"L3HARRIS TECHNOLOGIES, INC.","L3Harris Technologies, Inc. PAC",Rep. Rick Larsen,2025-06-30,2500.00
"L3HARRIS TECHNOLOGIES, INC.","L3Harris Technologies, Inc. PAC",Sen. Rick Scott,2025-06-30,2500.00
SHIELD AI,SHIELD AI POLITICAL ACTION COMMITTEE (SAIPAC),Patrick Fallon,2025-05-07,2500.00
"AIRBUS AMERICAS, INC","Airbus Americas, Inc. Political Action Committee",Rep. Rick Larsen,2025-04-17,5000.00
"AIRBUS AMERICAS, INC","Airbus Americas, Inc. Political Action Committee",Rep. Marilyn Strickland,2025-05-08,1000.00
"JOHNSON & JOHNSON SERVICES, INC.",Johnson & Johnson Political Action Committee,Rep. Rick Allen,2025-06-25,1500.00
"JOHNSON & JOHNSON SERVICES, INC.",Johnson & Johnson Political Action Committee,Rep. Brian Fitzpatrick,2025-03-04,5000.00
GOOGLE CLIENT SERVICES LLC,Google LLC NetPAC,Rep. Marilyn Strickland,2025-03-07,2000.00
GOOGLE CLIENT SERVICES LLC,Google LLC NetPAC,Rep. Brian Fitzpatrick,2025-03-21,2000.00
GOOGLE CLIENT SERVICES LLC,Google LLC NetPAC,Rep. Derrick Van Orden,2025-03-21,2000.00
GOOGLE CLIENT SERVICES LLC,Google LLC NetPAC,Sen. Pete Ricketts,2025-03-28,5000.00
GOOGLE CLIENT SERVICES LLC,Google LLC NetPAC,Rep. Derrick Van Orden,2025-06-20,2000.00
GOOGLE CLIENT SERVICES LLC,Google LLC NetPAC,"Reps. Lieu, Panetta, Jayapal, Bera, Case, Min, Strickland, Tokuda, Goldman, Tran, Takano, Scott, Chu, Ansari, Meng; Sen. Kim",2025-05-29,55000.00
ABBOTT LABORATORIES,Abbott Employees Political Action Committee (AEPAC),Sen. Pete Ricketts,2025-03-18,2500.00
ABBOTT LABORATORIES,Abbott Employees Political Action Committee (AEPAC),Sen. Pete Ricketts,2025-06-16,2500.00
ABBOTT LABORATORIES,Abbott Employees Political Action Committee (AEPAC),Sen. Rick Scott,2025-06-16,5000.00
GSK (FKA GLAXOSMITHKLINE INC.),GlaxoSmithKline LLC PAC (GSK PAC),Rep. Rick Allen,2025-06-27,1000.00
"BLACKROCK FUNDS SERVICES GROUP, LLC",BlackRock Funds Services Group LLC Political Action Committee,Brian Fitzpatrick,2025-06-30,2500.00
"BLACKROCK FUNDS SERVICES GROUP, LLC",BlackRock Funds Services Group LLC Political Action Committee,Marilyn Strickland,2025-06-30,2000.00
"ELEVANCE HEALTH, INC.","Elevance Health, Inc. Political Action Committee (Elevance Health PAC)",Rep. Marilyn Strickland,2025-04-10,2500.00
"ELEVANCE HEALTH, INC.","Elevance Health, Inc. Political Action Committee (Elevance Health PAC)",Sen. Rick Scott,2025-04-03,5000.00
"ELEVANCE HEALTH, INC.","Elevance Health, Inc. Political Action Committee (Elevance Health PAC)",Rep. Brian Fitzpatrick,2025-03-31,2500.00
UNUM GROUP,UnumPAC,Brian Fitzpatrick (R-PA),2025-03-31,2500.00
"AMGEN, INC.",Amgen PAC,"Allen, Rick",2025-03-25,2500.00
"AMGEN, INC.",Amgen PAC,"Strickland, Marilyn",2025-04-01,1000.00
"AMGEN, INC.",Amgen PAC,"Ricketts, Pete",2025-04-28,4000.00
"AMGEN, INC.",Amgen PAC,"Rep. Brian Fitzpatrick, Rep. Robin Kelly",2025-06-11,35000.00
"AMGEN, INC.",Amgen PAC,Ricky Le (Rep. Zoe Lofgren),2025-06-18,32000.00
NCTA - THE INTERNET & TELEVISION ASSOCIATION,NCTA - The Internet & Television Association Political Action Committee (NCTAPAC),Sen. Pete Ricketts (R-NE),2025-06-05,2500.00
NATIONAL RESTAURANT ASSOCIATION,National Restaurant Association PAC (Restaurant PAC),Derrick Van Orden,2025-06-25,2500.00
MUTUAL OF OMAHA,Mutual of Omaha Companies PAC IMPAC,PETE RICKETTS VICTORY FUND,2025-04-30,5000.00
CAPITOL SOLUTIONS LLC (MD),Burger King Franchisee PAC; Coalition of Franchisee Associations PAC,Representative Brian Fitzpatrick,2025-04-24,2000.00
HOLLAND & KNIGHT LLP,,Brian Fitzpatrick,2025-02-06,1000.00
PWC US GROUP LLP,PricewaterhouseCoopers PAC,Rep. Brian Fitzpatrick (R),2025-03-28,5000.00
PWC US GROUP LLP,PricewaterhouseCoopers PAC,Rep. Marilyn Strickland (D),2025-06-19,5000.00
PWC US GROUP LLP,PricewaterhouseCoopers PAC,Rep. Marilyn Strickland (D),2025-06-19,2500.00
PINNACLE WEST CAPITAL CORPORATION,Pinnacle West Capital Corporation PAC,Rep Rick W Allen,2025-06-02,2000.00
INTERNATIONAL FRESH PRODUCE ASSOCIATION (FKA UNITED FRESH PRODUCE ASSOCIATION),International Fresh Produce Association FreshPAC,Derrick Van Orden,2025-06-18,1000.00
PROTECTIVE LIFE CORPORATION,Protective Life Corporation Federal Political Action Committee ('PROTECTPAC'),Brian Fitzpatrick,2025-03-21,1000.00
"NEUROCRINE BIOSCIENCES, INC",NEUROCRINE BIOSCIENCES INC.PAC,BRIAN FITZPATRICK,2025-03-21,3500.00
"NEUROCRINE BIOSCIENCES, INC",NEUROCRINE BIOSCIENCES INC.PAC,"EMMER,NRCC,CONG.LEADFUND,MILLER-MEEKS,EVANS,MACKENZIE,PERRY, BRESNAHAN,FITZPATRICK,BACON,BEGICH,CISCOMAN, VANORDEN,CALVERT,BARRETT,SCHWEIKER,NUNN,KIGGANS,KEAN,JAMES,LAWLER,VALADAO,ZINKE,CRANE,LUNA,ETC",2025-06-25,3500.00
"NEUROCRINE BIOSCIENCES, INC",NEUROCRINE BIOSCIENCES INC.PAC,"EMMER,NRCC,CONG.LEADFUND,MILLER-MEEKS,EVANS,MACKENZIE,PERRY, BRESNAHAN,FITZPATRICK,BACON,BEGICH,CISCOMAN, VANORDEN,CALVERT,BARRETT,SCHWEIKER,NUNN,KIGGANS,KEAN,JAMES,LAWLER,VALADAO,ZINKE,CRANE,LUNA,ETC",2025-06-25,1500.00
KELLEY DRYE & WARREN LLP,Endeavor Group Holdings PAC; Kelley Drye & Warren Political Action Committee; Louisiana Leadership; TKO Group Holdings PAC,Rep. Brian Fitzpatrick,2025-03-31,3500.00
GREGORY COHEN,,Rick Larsen,2025-01-28,500.00
"BROWNSTEIN HYATT FARBER SCHRECK, LLP",,Rep. Brian Fitzpatrick,2025-03-11,500.00
WASHINGTON2 ADVOCATES,,Congresswoman Marilyn Strickland,2025-03-10,1000.00
WASHINGTON2 ADVOCATES,,Congressman Rick Larsen,2025-03-24,2000.00
WASHINGTON2 ADVOCATES,,Congresswoman Marilyn Strickland,2025-04-29,500.00
FORBES-TATE,,Senatorial Campaign for Pete Ricketts,2025-06-23,3000.00
HORIZON GOVERNMENT AFFAIRS,,Patrick Morrisey,2025-01-31,521.15
CLEAN ENERGY BUYERS ASSOCIATION (FORMERLY RENEWABLE ENERGY BUYERS ALLIANCE),Bipartisan Climate Fund; Conservative Climate Action PAC; Energy Buyers PAC,Brian Fitzpatrick,2025-06-12,520.51
CLEAN ENERGY BUYERS ASSOCIATION (FORMERLY RENEWABLE ENERGY BUYERS ALLIANCE),Bipartisan Climate Fund; Conservative Climate Action PAC; Energy Buyers PAC,Brian Fitzpatrick,2025-06-13,500.00
CLEAN ENERGY BUYERS ASSOCIATION (FORMERLY RENEWABLE ENERGY BUYERS ALLIANCE),Bipartisan Climate Fund; Conservative Climate Action PAC; Energy Buyers PAC,Brian Fitzpatrick,2025-02-26,500.00
CLEAN ENERGY BUYERS ASSOCIATION (FORMERLY RENEWABLE ENERGY BUYERS ALLIANCE),Bipartisan Climate Fund; Conservative Climate Action PAC; Energy Buyers PAC,Brian Fitzpatrick,2025-03-28,500.00
CLEAN ENERGY BUYERS ASSOCIATION (FORMERLY RENEWABLE ENERGY BUYERS ALLIANCE),Bipartisan Climate Fund; Conservative Climate Action PAC; Energy Buyers PAC,Brian Fitzpatrick,2025-03-24,1500.00
UBS AMERICAS INC.,UBS Americas Inc. Political Action Committee (UBS PAC),Rep. Marilyn Strickland,2025-06-25,5000.00
UBS AMERICAS INC.,UBS Americas Inc. Political Action Committee (UBS PAC),Sen. Pete Ricketts,2025-04-30,5000.00
UBS AMERICAS INC.,UBS Americas Inc. Political Action Committee (UBS PAC),Rep. Brian Fitzpatrick,2025-03-27,5000.00
UBS AMERICAS INC.,UBS Americas Inc. Political Action Committee (UBS PAC),Rep. Marilyn Strickland,2025-03-27,5000.00
UBS AMERICAS INC.,UBS Americas Inc. Political Action Committee (UBS PAC),Rep. Marilyn Strickland,2025-03-06,5000.00
PRIMERICA LIFE INSURANCE COMPANY,Primerica Inc Political Action Committee,U.S. Rep. Rick W Allen,2025-03-20,2500.00
"A10 ASSOCIATES, LLC",,Rep. Brian Fitzpatrick,2025-05-14,5600.00
INTERSTATE NATURAL GAS ASSOCIATION OF AMERICA,Interstate Natural Gas Association of America PAC,Rick Larsen (D-WA),2025-06-02,2500.00
AKIN GUMP STRAUSS HAUER & FELD,AKIN GUMP STRAUSS HAUER & FELD LLP CIVIC ACTION COMMITTEE (AKA AKIN GUMP PAC),"Fitzpatrick, Brian",2025-03-21,750.00
AKIN GUMP STRAUSS HAUER & FELD,AKIN GUMP STRAUSS HAUER & FELD LLP CIVIC ACTION COMMITTEE (AKA AKIN GUMP PAC),"Allen, Rick W.",2025-04-08,750.00
AKIN GUMP STRAUSS HAUER & FELD,AKIN GUMP STRAUSS HAUER & FELD LLP CIVIC ACTION COMMITTEE (AKA AKIN GUMP PAC),"Latta, Bob; Allen, Rick; Horsford, Steven; Smith, Adrian; Scott, Bobby; Gillen, Laura; Britt, Katie; Coons, Chris; Dean, Madeleine; Pfluger, August",2025-01-10,10000.00
AKIN GUMP STRAUSS HAUER & FELD,AKIN GUMP STRAUSS HAUER & FELD LLP CIVIC ACTION COMMITTEE (AKA AKIN GUMP PAC),"Fitzpatrick, Brian; Kelly, Robin",2025-02-25,12000.00
MASSACHUSETTS MUTUAL LIFE INSURANCE COMPANY,Massachusetts Mutual Life Insurance Co PAC,"Fitzpatrick, Brian",2025-02-17,5000.00
"AMERICAN SOCIETY OF TRAVEL ADVISORS, INC.",ASTAPAC,Representative Rick Larsen,2025-06-27,5000.00
DELOITTE LLP,Deloitte Political Action Committee,Pete Ricketts,2025-03-06,1000.00
DELOITTE LLP,Deloitte Political Action Committee,Brian Fitzpatrick,2025-03-18,3000.00
DELOITTE LLP,Deloitte Political Action Committee,Marilyn Strickland,2025-04-08,5000.00
DELOITTE LLP,Deloitte Political Action Committee,Brian Fitzpatrick,2025-06-01,2000.00
DELOITTE LLP,Deloitte Political Action Committee,Marilyn Strickland,2025-06-30,5000.00
DELOITTE LLP,Deloitte Political Action Committee,"Rep. Linda Sanchez, Rep. Roger Williams, and Ricky Le (Office of Rep. Linda Sanchez)",2025-02-19,5000.00
DELOITTE LLP,Deloitte Political Action Committee,"Sen. Katie Britt, Sen. Chris Coons, Rep. Madeleine Dean, Rep. August Pfluger, Rep. Bob Latta, Rep. Rick Allen, Rep. Steven Horsford, Rep. Adrian Smith, Rep. Bobby Scott, and Rep. Laura Gillen",2025-04-29,10000.00
NFIB (NATIONAL FEDERATION OF INDEPENDENT BUSINESS),National Federation of Independent Business Political Action Committee,Rep. Derrick Van Orden (WI-003-R),2025-05-14,1000.00
NFIB (NATIONAL FEDERATION OF INDEPENDENT BUSINESS),National Federation of Independent Business Political Action Committee,Sen. Pete Ricketts (NE-0S2-R),2025-05-14,1000.00
BOEING COMPANY,The Boeing Company Political Action Committee,Rep Rick Larsen,2025-05-27,5000.00
BOEING COMPANY,The Boeing Company Political Action Committee,Rep Rick Larsen,2025-03-20,1500.00
BOEING COMPANY,The Boeing Company Political Action Committee,Rep Rick Crawford,2025-05-02,3000.00
BOEING COMPANY,The Boeing Company Political Action Committee,Rep Brian Fitzpatrick,2025-03-20,1000.00
BOEING COMPANY,The Boeing Company Political Action Committee,Rep Rick Larsen,2025-05-27,1000.00
BOEING COMPANY,The Boeing Company Political Action Committee,Rep Marilyn Strickland,2025-06-17,1000.00
BOEING COMPANY,The Boeing Company Political Action Committee,Rep Marilyn Strickland,2025-05-27,1000.00
BOEING COMPANY,The Boeing Company Political Action Committee,Rep Rick Crawford,2025-06-26,1000.00
BOEING COMPANY,The Boeing Company Political Action Committee,Rep Rick Crawford,2025-05-27,1000.00
BOEING COMPANY,The Boeing Company Political Action Committee,Rep Rick Crawford,2025-02-27,1000.00
SCHAERR JAFFE LLP,,Sen. Rick Scott,2025-03-16,500.00
UNITED MINE WORKERS OF AMERICA,United Mine Workers of America - Coal Miners Political Action Committee,Congressman Brian Fitzpatrick,2025-06-02,1000.00
UNITED MINE WORKERS OF AMERICA,United Mine Workers of America - Coal Miners Political Action Committee,Congressman Brian Fitzpatrick,2025-01-17,1000.00
AMERICAN ASSOCIATION OF CHILD & ADOLESCENT PSYCHIATRY,American Association of Child and Adolescent Psychiatry PAC,Representative Brian Fitzpatrick,2025-02-04,1000.00
INTERNATIONAL UNION OF BRICKLAYERS & ALLIED CRAFTWORKERS,BACPAC,Congressman Brian Fitzpatrick,2025-04-24,5000.00
FORBES-TATE,,Pete Ricketts,2025-06-23,500.00
"ASSOCIATED BUILDERS AND CONTRACTORS, INC.",,Sen. Rick Scott,2025-06-20,5000.00
"ASSOCIATED BUILDERS AND CONTRACTORS, INC.",,Rep. Rick Crawford,2025-06-24,2500.00
"ASSOCIATED BUILDERS AND CONTRACTORS, INC.",,Rep. Rick Allen,2025-06-24,5000.00
"ASSOCIATED BUILDERS AND CONTRACTORS, INC.",,Rep. Derrick Van Orden,2025-06-24,2500.00
SHEET METAL & AIR CONDITIONING CONTRACTORS NAT'L ASSN,"Sheet Metal & Air Conditioning Contractors' National Assoc., Inc. Political Action Committee",Rep. Brian Fitzpatrick,2025-03-10,2500.00
SHEET METAL & AIR CONDITIONING CONTRACTORS NAT'L ASSN,"Sheet Metal & Air Conditioning Contractors' National Assoc., Inc. Political Action Committee",Rep. Brian Fitzpatrick,2025-03-14,2500.00
SHEET METAL & AIR CONDITIONING CONTRACTORS NAT'L ASSN,"Sheet Metal & Air Conditioning Contractors' National Assoc., Inc. Political Action Committee",Rep. Brian Fitzpatrick,2025-04-07,2500.00
SHEET METAL & AIR CONDITIONING CONTRACTORS NAT'L ASSN,"Sheet Metal & Air Conditioning Contractors' National Assoc., Inc. Political Action Committee",Rep. Brian Fitzpatrick,2025-06-10,2500.00
SHEET METAL & AIR CONDITIONING CONTRACTORS NAT'L ASSN,"Sheet Metal & Air Conditioning Contractors' National Assoc., Inc. Political Action Committee",Rep. Brian Fitzpatrick,2025-06-11,2500.00
CHUBB INA HOLDINGS INC.,Chubb Group Holdings Inc. Political Action Committee; Rain and Hail Insurance Society Political Action Committee,Republican Members of House Agriculture Committee: Reps. Monica De La Cruz; Brad Finstad; Zach Nunn; Derrick Van Orden,2025-06-10,4000.00
CHUBB INA HOLDINGS INC.,Chubb Group Holdings Inc. Political Action Committee; Rain and Hail Insurance Society Political Action Committee,Rep. Rick Crawford,2025-06-25,1000.00
BWC CONSULTING,,Rep. Rick Crawford,2025-02-28,1500.00
"METLIFE GROUP, INC.",MetLife Inc. Employees' Political Participation Fund A; MetLife Inc. Employees' Political Participation Fund A - Federal Only,Sen. Pete Ricketts,2025-05-14,2500.00
"METLIFE GROUP, INC.",MetLife Inc. Employees' Political Participation Fund A; MetLife Inc. Employees' Political Participation Fund A - Federal Only,Rep. Brian Fitzpatrick,2025-03-24,1000.00
"AMERICA'S HEALTH INSURANCE PLANS, INC. (AHIP)","Americas Health Insurance Plans, Inc. PAC",Rep. Brian Fitzpatrick (R),2025-06-25,2500.00
AMERICAN COLLEGE OF RHEUMATOLOGY,American College of Rheumatology RheumPAC,Rep. Brian Fitzpatrick,2025-03-18,2500.00
ENBRIDGE (U.S.) INC,Enbridge Political Action Committee,Rep. Rick Larsen,2025-06-23,2500.00
"HARBINGER STRATEGIES, LLC",,Rep. Rick Allen (R-GA-12),2025-06-27,500.00
AMAZON.COM SERVICES LLC,Amazon.com Services LLC Separate Segregated Fund (Amazon PAC),Rep. Rick Larsen,2025-06-23,2500.00
AMAZON.COM SERVICES LLC,Amazon.com Services LLC Separate Segregated Fund (Amazon PAC),Rep. Rick Larsen,2025-02-18,2500.00
AMAZON.COM SERVICES LLC,Amazon.com Services LLC Separate Segregated Fund (Amazon PAC),Rep. Marilyn Strickland,2025-02-18,2500.00
PMI US CORPORATE SERVICES INC. (FKA PMI GLOBAL SERVICES INC.),,"Elizabeth Atkins, Legislative Director, Rep. Valerie Fooshe, Chandler McCall Mason, Legislative Director, Rep. Linda Sanchez, Katie Smith, Senior Advisor, Field Director, Rep. David Rouzer, Huston Wallace, Legislative Director, Rep. Deborah Ross, Garrett Daniels, Senior Policy Advisor, Sen. Thom Tillis, Katonya Pettaway, Office Manager, Rep. Greg Murphy, Sean McCabe, Legislative Director, Rep. Anthony DEsposito, Jacqueline Collie Baggett, Legislative Director, Rep. Brian Fitzpatrick, Meghan Gallagher, Senior Legislative Assistant, Rep. Patrick McHenry and John Bonus, Scheduler, Rep. Don Davis",2025-02-28,50000.00
PMI US CORPORATE SERVICES INC. (FKA PMI GLOBAL SERVICES INC.),,"Elizabeth Atkins, Legislative Director, Rep. Valerie Fooshe, Chandler McCall Mason, Legislative Director, Rep. Linda Sanchez, Katie Smith, Senior Advisor, Field Director, Rep. David Rouzer, Huston Wallace, Legislative Director, Rep. Deborah Ross, Garrett Daniels, Senior Policy Advisor, Sen. Thom Tillis, Katonya Pettaway, Office Manager, Rep. Greg Murphy, Sean McCabe, Legislative Director, Rep. Anthony DEsposito, Jacqueline Collie Baggett, Legislative Director, Rep. Brian Fitzpatrick, Meghan Gallagher, Senior Legislative Assistant, Rep. Patrick McHenry and John Bonus, Scheduler, Rep. Don Davis",2025-04-22,2587.50
VISA INC.,Visa Inc Political Action Committee,Sen Pete Ricketts,2025-05-23,2500.00
BROYDRICK & ASSOCIATES,,Susan Crawford,2025-03-23,1000.00
BOOZ ALLEN HAMILTON INC.,Booz Allen Hamilton Inc PAC Booz Allen PAC,Rep Rick Crawford,2025-05-30,1000.00
WALGREEN COMPANY,WALGREEN CO PAC WalgreensPAC,Rep Marilyn Strickland,2025-05-05,2500.00
"CHARTER COMMUNICATIONS, INC.",Charter Communications Inc. Political Action Committee,Sen. Pete Ricketts,2025-06-20,5000.00
"CHARTER COMMUNICATIONS, INC.",Charter Communications Inc. Political Action Committee,Rep. Marilyn Strickland,2025-03-21,2500.00
DEERE & COMPANY,Deere and Company PAC (AKA John Deere PAC),Pete Ricketts,2025-06-11,2500.00
DEERE & COMPANY,Deere and Company PAC (AKA John Deere PAC),Eric Alan Rick Crawford,2025-06-11,1000.00
ARNOLD & PORTER KAYE SCHOLER LLP,Fraternity & Sorority PAC,Congressman Brian Fitzpatrick,2025-02-26,2500.00
ARNOLD & PORTER KAYE SCHOLER LLP,Fraternity & Sorority PAC,Congressman Brian Fitzpatrick,2025-02-26,5000.00
PREMIUM CIGAR ASSOCIATION,Premium Cigar PAC,Rep. Rick Crawford,2025-04-30,142.00
PREMIUM CIGAR ASSOCIATION,Premium Cigar PAC,Rep. Rick Crawford,2025-04-30,239.98
PREMIUM CIGAR ASSOCIATION,Premium Cigar PAC,Rep. Rick Crawford,2025-04-30,410.00
"INT'L ASS'N OF SHEET METAL, AIR, RAIL & TRANSP. WORKERS, TRANSP. DIV.",,"Larsen, Rick",2025-01-13,1000.00
"INT'L ASS'N OF SHEET METAL, AIR, RAIL & TRANSP. WORKERS, TRANSP. DIV.",,"Fitzpatrick, Brian",2025-01-16,1000.00
"INT'L ASS'N OF SHEET METAL, AIR, RAIL & TRANSP. WORKERS, TRANSP. DIV.",,"Van Orden, Derrick",2025-04-03,5000.00
"INT'L ASS'N OF SHEET METAL, AIR, RAIL & TRANSP. WORKERS, TRANSP. DIV.",,"Fitzpatrick, Brian",2025-04-28,1000.00
THE HOME DEPOT,The Home Depot Inc. Political Action Committee,"Strickland, Marilyn",2025-02-21,5000.00
THE HOME DEPOT,The Home Depot Inc. Political Action Committee,"Allen, Rick",2025-03-27,5000.00
THE HOME DEPOT,The Home Depot Inc. Political Action Committee,"Larsen, Rick",2025-05-29,2500.00
THE HOME DEPOT,The Home Depot Inc. Political Action Committee,"Ricketts, Pete",2025-05-29,5000.00
EXXON MOBIL CORP,EXXON MOBIL CORPORATION POLITICAL ACTION COMMITTEE (EXXONMOBIL PAC),Rep. Rick Larsen,2025-05-19,1500.00
NATIONAL APARTMENT ASSOCIATION,NATIONAL APARTMENT ASSOCIATION POLITICAL ACTION COMMITTEE,Rep. Brian Fitzpatrick,2025-05-29,1500.00
"CORNERSTONE GOVERNMENT AFFAIRS, INC.",,Patrick Fallon,2025-05-13,500.00
VERIZON COMMUNICATIONS INC. AND VARIOUS SUBSIDIARIES,"Verizon Communications, Inc. Political Action Committee (Verizon PAC)",Rep. Brian Fitzpatrick,2025-03-19,1000.00
VERIZON COMMUNICATIONS INC. AND VARIOUS SUBSIDIARIES,"Verizon Communications, Inc. Political Action Committee (Verizon PAC)",Rep. Marilyn Strickland,2025-03-19,1000.00
VERIZON COMMUNICATIONS INC. AND VARIOUS SUBSIDIARIES,"Verizon Communications, Inc. Political Action Committee (Verizon PAC)",Rep. Rick Allen,2025-03-19,5000.00
VERIZON COMMUNICATIONS INC. AND VARIOUS SUBSIDIARIES,"Verizon Communications, Inc. Political Action Committee (Verizon PAC)",Rep. Rick Allen,2025-05-29,2500.00
"MORAN GLOBAL STRATEGIES, INC.",,Rep. Rick McCormick,2025-03-13,1000.00
MORTGAGE BANKERS ASSOCIATION,Mortgage Bankers Association Political Action Committee MORPAC,Sen Pete Ricketts,2025-03-28,5000.00
KING & SPALDING LLP,KING & SPALDING NONPARTISAN COMMITTEE FOR GOOD GOVERNMENT,"STRICKLAND, MARILYN (WA-10)",2025-03-28,2500.00
"TARPLIN, DOWNS & YOUNG, LLC",,Rep. Brian Fitzpatrick,2025-06-25,1000.00
"COUPANG, INC.","Coupang, Inc. Company PAC (CouPAC)",Rep Marilyn Strickland,2025-04-29,3500.00
"COUPANG, INC.","Coupang, Inc. Company PAC (CouPAC)",Rep Marilyn Strickland,2025-05-13,1500.00
KING & SPALDING LLP,KING & SPALDING NONPARTISAN COMMITTEE FOR GOOD GOVERNMENT,"STRICKLAND, MARILYN (WA-10)",2025-02-25,2500.00
UPS (UNITED PARCEL SERVICE),Protecting Our Vote PAC,Strickland for Washington,2025-03-31,2500.00
SPLITOAK STRATEGIES LLC,,Rep. Brian Fitzpatrick,2025-05-30,1000.00
SPLITOAK STRATEGIES LLC,,Rep. Brian Fitzpatrick,2025-03-31,1000.00
ALLY FINANCIAL INC.,Ally Financial Inc. Advocacy Political Action Committee,Rep. Brian Fitzpatrick,2025-02-24,2500.00
ALLY FINANCIAL INC.,Ally Financial Inc. Advocacy Political Action Committee,Sen. Pete Ricketts,2025-06-09,3000.00
"AMERICAN FED OF GOVERNMENT EMPLOYEES, AFL-CIO",,Brian Fitzpatrick,2025-01-09,2500.00
"AMERICAN FED OF GOVERNMENT EMPLOYEES, AFL-CIO",,Brian Fitzpatrick,2025-04-17,2500.00
"AMERICAN FED OF GOVERNMENT EMPLOYEES, AFL-CIO",,Rick Larsen,2025-03-25,2500.00
SOUTHERN COMPANY,ALABAMA POWER CO EMPLOYEES FEDERAL POLITICAL ACTION CMTE APC EMPLOYEES FEDERAL PAC; Georgia Power Company Federal PAC; Southern Company Employees PAC; Southern Company Gas Employees PAC; Southern Nuclear Operating Company Inc PAC,Rep Rick W Allen,2025-03-25,5000.00
SOUTHERN COMPANY,ALABAMA POWER CO EMPLOYEES FEDERAL POLITICAL ACTION CMTE APC EMPLOYEES FEDERAL PAC; Georgia Power Company Federal PAC; Southern Company Employees PAC; Southern Company Gas Employees PAC; Southern Nuclear Operating Company Inc PAC,Rep Derrick Van Orden,2025-05-30,1000.00
AMERICAN COLLEGE OF CARDIOLOGY,American College of Cardiology PAC (HeartPAC),Rep. Brian Fitzpatrick,2025-02-11,1000.00
AMERICAN COLLEGE OF CARDIOLOGY,American College of Cardiology PAC (HeartPAC),Rep. Brian Fitzpatrick,2025-01-14,1000.00
"FEDERAL HILL GROUP, LLC",,Rep. Rick Crawford,2025-03-31,500.00
"FEDERAL HILL GROUP, LLC",,Rep. Rick Crawford,2025-06-30,500.00
"AMERICAN ELECTRIC POWER COMPANY, INC. AND AFFILIATED CORPORATIONS",THE AMERICAN ELECTRIC POWER COMMITTEE FOR RESPONSIBLE GOVERN,Rick Allen,2025-06-04,1000.00
NATIONAL ASSOCIATION OF MUTUAL INSURANCE COMPANIES,National Association of Mutual Insurance Companies PAC,Sen Pete Ricketts,2025-04-14,5000.00
NATIONAL ASSOCIATION OF MUTUAL INSURANCE COMPANIES,National Association of Mutual Insurance Companies PAC,"Rep Tom Emmer Jr, Rep. Michael Lawler, Rep. David Schweikert, Rep. Thomas Kean, Rep. Bryan Steil, Rep. Young Kim, Rep. Derrick Van Orden, Rep. Zach Nunn, Rep. Juan Ciscomani, Rep. Gabe Evans",2025-06-16,37500.00
"1607 STRATEGIES, LLC",,Pete Ricketts,2025-06-25,3500.00
"YC CONSULTING, LLC",,Rick Allen,2025-06-20,500.00
"KOUNTOUPES DENHAM CARR & REID, LLC",,Rep. Brian Fitzpatrick,2025-06-25,500.00
RIDGE PATH STRATEGIES,,Rep. Brian Fitzpatrick (PA),2025-03-29,500.00
MANUFACTURED HOUSING INSTITUTE,Manufactured Housing Institute PAC,U.S. Senator Pete Ricketts,2025-05-19,2500.00
AGRICULTURAL RETAILERS ASSOCIATION,Agricultural Retailers Association Political Action Committe,Rep Rick Crawford,2025-02-05,1000.00
FLUOR CORPORATION,Fluor Corporation Political Action Committee (Fluor PAC),Citizens To Elect Rick Larsen,2025-02-13,1500.00
PROFESSIONAL AVIATION SAFETY SPECIALISTS,,Brian Fitzpatrick,2025-03-27,3500.00
PROFESSIONAL AVIATION SAFETY SPECIALISTS,,Brian Fitzpatrick,2025-03-27,1500.00
PROFESSIONAL AVIATION SAFETY SPECIALISTS,,Brian Fitzpatrick,2025-01-21,1500.00
PROFESSIONAL AVIATION SAFETY SPECIALISTS,,Rick Larsen,2025-02-05,1500.00
SMALL BUSINESS INVESTOR ALLIANCE,Small Business Investor Alliance PAC,Sen. Pete Ricketts,2025-02-20,5000.00
"BLUE ORIGIN, LLC",Blue Origin LLC Political Action Committee (Blue Origin PAC),Marilyn Strickland,2025-06-06,2500.00
LINCOLN NATIONAL CORPORATION,Lincoln Financial Federal PAC; Lincoln Financial State and Federal PAC,Brian Fitzpatrick,2025-03-07,2500.00
CAPITOL COUNSEL LLC,,Rep. Brian Fitzpatrick (PA-1),2025-03-16,1000.00
"NATIONAL STONE, SAND AND GRAVEL ASSOCIATION","National Stone, Sand & Gravel Association ROCKPAC",Rep. Brian Fitzpatrick,2025-03-18,5000.00
"NATIONAL STONE, SAND AND GRAVEL ASSOCIATION","National Stone, Sand & Gravel Association ROCKPAC",Pete Ricketts,2025-03-18,5000.00
"NATIONAL STONE, SAND AND GRAVEL ASSOCIATION","National Stone, Sand & Gravel Association ROCKPAC",Rep. Brian Fitzpatrick,2025-06-25,5000.00
"NATIONAL STONE, SAND AND GRAVEL ASSOCIATION","National Stone, Sand & Gravel Association ROCKPAC",Rep. Derrick Van Orden,2025-06-25,1000.00
"NATIONAL STONE, SAND AND GRAVEL ASSOCIATION","National Stone, Sand & Gravel Association ROCKPAC",Rep. Marilyn Strickland,2025-06-26,1500.00
NATIONAL CATTLEMEN'S BEEF ASSOCIATION,NATIONAL CATTLEMEN'S BEEF ASSOCIATION POLITICAL ACTION COMMITTEE (NCBA-PAC),Rep. Derrick Van Orden,2025-06-09,5000.00
NATIONAL CATTLEMEN'S BEEF ASSOCIATION,NATIONAL CATTLEMEN'S BEEF ASSOCIATION POLITICAL ACTION COMMITTEE (NCBA-PAC),Pete Ricketts,2025-07-22,5000.00
VULCAN MATERIALS COMPANY,Vulcan Materials Company Political Action Committee,Rep. Rick Larsen,2025-06-24,2500.00
HUMANE WORLD ACTION FUND AND AFFILIATES (FORMERLY KNOWN AS HUMANE SOCIETY LEGISLATIVE FUND),Humane World Action Fund PAC,Brian Fitzpatrick,2025-04-25,3000.00
HUMANE WORLD ACTION FUND AND AFFILIATES (FORMERLY KNOWN AS HUMANE SOCIETY LEGISLATIVE FUND),Humane World Action Fund PAC,Brian Fitzpatrick,2025-03-21,5000.00
HUMANE WORLD ACTION FUND AND AFFILIATES (FORMERLY KNOWN AS HUMANE SOCIETY LEGISLATIVE FUND),Humane World Action Fund PAC,"Adriano Espaillat, Brian Fitzpatrick, Lizzie Fletcher, Sylvia Garcia, Eleanor Holmes Norton, Val Hoyle, Jared Huffman, Sydney Kamlager-Dove, Bill Keating, Ro Khanna, Raja Krishnamoorthi, Ann Kuster",2025-04-03,348.00
HUMANE WORLD ACTION FUND AND AFFILIATES (FORMERLY KNOWN AS HUMANE SOCIETY LEGISLATIVE FUND),Humane World Action Fund PAC,"Hillary Scholten, Kim Schrier, Bobby Scott, Brad Sherman, Mikie Sherrill, Eric Sorensen, Darren Soto, Abigail Spanberger, Haley Stevens Marilyn Strickland, Tom Suozzi, Eric Swalwell, Mark Takano",2025-04-03,377.00
HUMANE WORLD ACTION FUND AND AFFILIATES (FORMERLY KNOWN AS HUMANE SOCIETY LEGISLATIVE FUND),Humane World Action Fund PAC,"Angus King, Edward Markey, Robert Menendez, Shelley Moore Capito, Jerry Moran, Lisa Murkowski, Rick Scott, Kyrsten Sinema, Debbie Stabenow, Thom Tillis, Ron Wyden",2025-04-03,319.00
FOOD SOLUTIONS ACTION,Food Solutions Action PAC,Rep Brian Fitzpatrick,2025-03-04,260.00
FOOD SOLUTIONS ACTION,Food Solutions Action PAC,Rep Brian Fitzpatrick,2025-03-04,5000.00
"WINN STRATEGIES, LLC",,Marilyn Strickland,2025-06-10,500.00
"THE AMERICAN OCCUPATIONAL THERAPY ASSOCIATION, INC. (AOTA)",American Occupational Therapy Association Political Action Committee,"Fitzpatrick, Brian",2025-04-29,1000.00
MCCOLL STRATEGIES LLC,,Susan Crawford,2025-02-22,29.00
NORTH AMERICAN EQUIPMENT DEALERS ASSOCIATION (FORMERLY KNOWN AS EQUIPMENT DEALER,NAEDA PAC,Rick Crawford,2025-03-12,500.00
"TRANSPORTATION TRADES DEPARTMENT, AFL-CIO",,Brian Fitzpatrick,2025-03-24,1000.00
"TRANSPORTATION TRADES DEPARTMENT, AFL-CIO",,Rick Larsen,2025-03-31,1000.00
"TRANSPORTATION TRADES DEPARTMENT, AFL-CIO",,Brian Fitzpatrick,2025-06-10,1000.00
CROPLIFE AMERICA,CropLife America PAC,Rick Crawford,2025-01-15,1000.00
CROPLIFE AMERICA,CropLife America PAC,Pete Ricketts,2025-04-30,1000.00
CROPLIFE AMERICA,CropLife America PAC,Pete Ricketts,2025-06-11,2500.00
RENEWABLE FUELS ASSOCIATION,,Senator Pete Ricketts,2025-06-11,2500.00
TRANSAMERICA COMPANIES,Transamerica Corporation PAC,Rep Brian Fitzpatrick,2025-03-18,2500.00
BLUE STAR STRATEGIES LLC,,Susan Crawford,2025-02-23,200.00
SUNRUN INC.,Sunrun Inc Political Action Committee (Sunrun PAC),Brian Fitzpatrick,2025-03-18,1250.00
MR. ROBERT L. REDDING JR.,PECAN PAC; U.S. Peanut PAC; U.S. Peanut PAC,Congressman Rick Allen,2025-04-02,2500.00
MR. ROBERT L. REDDING JR.,PECAN PAC; U.S. Peanut PAC; U.S. Peanut PAC,Congressman Rick Allen,2025-05-14,5000.00
MR. ROBERT L. REDDING JR.,PECAN PAC; U.S. Peanut PAC,Congressman Rick Allen,2025-04-02,2500.00
MR. ROBERT L. REDDING JR.,PECAN PAC; U.S. Peanut PAC,Congressman Rick Allen,2025-05-14,5000.00
MEDIATEK USA INC.,,Sen. Rick Scott (R-FL),2025-03-06,1000.00
"THE GALLAGHER GROUP, LLC",,Pete Ricketts for Senate,2025-01-17,1000.00
"THE GALLAGHER GROUP, LLC",,Pete Ricketts Victory Fund,2025-04-30,2500.00
"THE GALLAGHER GROUP, LLC",,Pete Ricketts for Senate,2025-02-17,1000.00
FORBES-TATE,,Pete rickettss,2025-06-23,100.00
"T-MOBILE USA, INC.",T-MOBILE US INC. POLITICAL ACTION COMMITTEE (T-PAC),Brian Fitzpatrick,2025-03-05,1000.00
"T-MOBILE USA, INC.",T-MOBILE US INC. POLITICAL ACTION COMMITTEE (T-PAC),Rick Larsen,2025-03-18,1000.00
"T-MOBILE USA, INC.",T-MOBILE US INC. POLITICAL ACTION COMMITTEE (T-PAC),Rick Allen,2025-04-25,2500.00
"T-MOBILE USA, INC.",T-MOBILE US INC. POLITICAL ACTION COMMITTEE (T-PAC),Rick Crawford,2025-02-11,1000.00
JOCELYN HONG & ASSOCIATES,ASPIRE; BOOTS PAC,The Honorable Marilyn Strickland,2025-09-16,250.00
JOCELYN HONG & ASSOCIATES,ASPIRE; BOOTS PAC,Marilyn Strickland,2025-08-05,250.00
JOCELYN HONG & ASSOCIATES,ASPIRE; BOOTS PAC,Marilyn Strickland,2025-07-05,250.00
BRAMER GROUP LLC,BANKS PAC; RFW PAC,Rep. Derrick Van Orden,2025-02-03,250.00
BRAMER GROUP LLC,BANKS PAC; RFW PAC,Rep. Derrick Van Orden,2025-03-03,250.00
BRAMER GROUP LLC,BANKS PAC; RFW PAC,Rep. Derrick Van Orden,2025-04-03,250.00
BRAMER GROUP LLC,BANKS PAC; RFW PAC,Rep. Derrick Van Orden,2025-05-03,250.00
BRAMER GROUP LLC,BANKS PAC; RFW PAC,Rep. Derrick Van Orden,2025-06-03,250.00
"ROBERTI GLOBAL (F/K/A ROBERTI WHITE, LLC)",,Rep. Rick Allen (R-GA),2025-06-02,500.00
"AMERICAN FAMILY MUTUAL INSURANCE COMPANY, S.I.",,Sen. Pete Ricketts,2025-05-20,2000.00
LIQUID ENERGY PIPELINE ASSOCIATION,Liquid Energy Pipeline Association PAC,Rep. Rick Larsen,2025-03-17,1500.00
ALSTON & BIRD LLP,Mr Southern Missourian House PAC,PETE RICKETTS,2025-06-17,1500.00
ALSTON & BIRD LLP,Mr Southern Missourian House PAC; STEVE DAINES FOR MONTANA,PETE RICKETTS,2025-06-17,1500.00
PACIFIC GAS AND ELECTRIC COMPANY,PG&E Corporation Employees EnergyPAC,Rep. Brian Fitzpatrick and Rep. Robin Kelly,2025-05-16,12000.00
REWORLD WASTE LLC,Reworld Waste LLC PAC,Brian Fitzpatrick,2025-03-31,5000.00
"CHENIERE ENERGY, INC.","Cheniere Energy, Inc. PAC",Citizens to Elect Rick Larsen,2025-06-17,2500.00
"F. HOFFMANN-LA ROCHE LTD, AND ITS AFFILIATES",Roche Diagnostics Corporation PAC (Roche DxPAC),Rep. Brian Fitzpatrick,2025-05-19,1000.00
CFM STRATEGIC COMMUNICATIONS (CONKLING FISKUM & MCCORMICK),,Rep. Rick Larsen,2025-02-06,1500.00
NETJETS ASSOCIATION OF SHARED AIRCRAFT PILOTS,,Rick Larsen,2025-03-03,1500.00
NETJETS ASSOCIATION OF SHARED AIRCRAFT PILOTS,,Brian Fitzpatrick,2025-03-20,2500.00
NETJETS ASSOCIATION OF SHARED AIRCRAFT PILOTS,,Brian Fitzpatrick,2025-06-05,2500.00
AMERICAN CLINICAL LABORATORY ASSN,LabPAC,Rep. Brian Fitzpatrick,2025-02-12,5000.00
"MOTOROLA SOLUTIONS, INC","Motorola Solutions, Inc. Political Action Committee",Rep. Rick Larsen,2025-06-03,1500.00
CAPITOL HILL CONSULTING GROUP,,Marilyn Strickland,2025-04-16,500.00
"HDR, INC",HDR Employee Owners PAC,Congressman Brian Fitzpatrick,2025-03-26,1000.00
"HDR, INC",HDR Employee Owners PAC,Congressman Brian Fitzpatrick,2025-03-26,2500.00
"HDR, INC",HDR Employee Owners PAC,Senator Pete Ricketts,2025-04-21,5000.00
"HDR, INC",HDR Employee Owners PAC,Senator Pete Ricketts,2025-06-20,5000.00
"THE GOLDMAN SACHS GROUP, INC.","Goldman Sachs Group, Inc. Political Action Committee, The",Pete Ricketts for Senate,2025-05-20,1000.00
NATIONAL ASSOCIATION OF HOME BUILDERS,Build Political Action Committee of the National Association of Home Builders (BUILDPAC),Rep. Rick Larsen,2025-04-24,5000.00
NATIONAL ASSOCIATION OF HOME BUILDERS,Build Political Action Committee of the National Association of Home Builders (BUILDPAC),Sen. Pete Ricketts,2025-03-24,5000.00
NATIONAL ASSOCIATION OF HOME BUILDERS,Build Political Action Committee of the National Association of Home Builders (BUILDPAC),Rep. Brian Fitzpatrick,2025-03-18,3500.00
NATIONAL ASSOCIATION OF HOME BUILDERS,Build Political Action Committee of the National Association of Home Builders (BUILDPAC),"Massey, Rick",2025-02-18,250.00
THE MOSAIC COMPANY,The Mosaic Company Political Action Committee,Rick Scott,2025-06-12,1500.00
MCGUIREWOODS LLP,McGuireWoods Federal PAC,Pete Ricketts,2025-06-17,2000.00
MCGUIREWOODS LLP,McGuireWoods Federal PAC,Pete Ricketts,2025-06-07,1000.00
"NATIONAL BUSINESS AVIATION ASSOCIATION, INC.",NBAA PAC,Rick Larsen,2025-03-18,1500.00
"NATIONAL BUSINESS AVIATION ASSOCIATION, INC.",NBAA PAC,Rick Larsen,2025-04-30,500.00
"NATIONAL BUSINESS AVIATION ASSOCIATION, INC.",NBAA PAC,Rick Larsen,2025-06-26,1500.00
INTERNATIONAL ASSOCIATION OF FIRE FIGHTERS,FIREPAC,Brian Fitzpatrick,2025-01-30,2500.00
INTERNATIONAL ASSOCIATION OF FIRE FIGHTERS,FIREPAC,Patrick Ryan,2025-03-27,1000.00
INTERNATIONAL ASSOCIATION OF FIRE FIGHTERS,FIREPAC,Patrick Ryan,2025-05-01,1000.00
INTERNATIONAL ASSOCIATION OF FIRE FIGHTERS,FIREPAC,Rick Larsen,2025-05-01,2500.00
INTERNATIONAL ASSOCIATION OF FIRE FIGHTERS,FIREPAC,Pete Ricketts,2025-05-28,2500.00
INTERNATIONAL ASSOCIATION OF FIRE FIGHTERS,FIREPAC,Patrick Fallon,2025-06-11,1000.00
INTERNATIONAL ASSOCIATION OF FIRE FIGHTERS,FIREPAC,Brian Fitzpatrick,2025-06-11,2500.00
LIBERTY MUTUAL GROUP,Liberty Mutual Insurance Company - PAC,Rep. Rick W. Allen,2025-03-25,3500.00
LIBERTY MUTUAL GROUP,Liberty Mutual Insurance Company - PAC,Rep. Brian Fitzpatrick,2025-06-16,1000.00
NEW YORK LIFE INSURANCE COMPANY,,Brian Fitzpatrick,2025-04-30,1500.00
"AMERICAN DEFENSE INTERNATIONAL, INC.",,Marilyn Strickland,2025-04-23,500.00
PPL CORPORATION,PPL People for Good Government,Rep. Brian Fitzpatrick,2025-02-13,3500.00
UNITED FOOD & COMMERCIAL WORKERS INTERNATIONAL UNION,United Food & Commercial Workers Active Ballot Club,"Fitzpatrick, Brian",2025-01-22,2500.00
"DAIRY FARMERS OF AMERICA, INC.","Dairy Farmers of America, Inc. Political Action Committee",Representative Derrick Van Orden,2025-06-10,2500.00
ARNOLD & PORTER KAYE SCHOLER LLP,A&P PAC; K&L Gates PAC,"Capito, Husted, Ricketts, Cornyn, Hyde-Smith, Risch, Ernst, Lummis, Rounds, Graham, Marshall, Sullivan, Hoeven, Mullin, Tillis",2025-05-25,5000.00
INTERNATIONAL UNION OF OPERATING ENGINEERS,PAC Engineers Political Education Committee/IUOE,SUSAN CRAWFORD FOR WISCONSIN,2025-03-11,18000.00
INTERNATIONAL UNION OF OPERATING ENGINEERS,PAC Engineers Political Education Committee/IUOE,BRIAN FITZPATRICK FOR ALL OF US,2025-04-21,5000.00
INTERNATIONAL UNION OF OPERATING ENGINEERS,PAC Engineers Political Education Committee/IUOE,CITIZENS TO ELECT RICK LARSEN,2025-04-21,5000.00
AMERICAN ASSOCIATION OF NURSE ANESTHETISTS,CRNA-PAC,Rep. Derrick Van Orden (R),2025-03-12,2500.00
AMERICAN ASSOCIATION OF NURSE ANESTHETISTS,CRNA-PAC,Rep. Rick Crawford (R),2025-06-09,1000.00
AMERICAN ASSOCIATION OF NURSE ANESTHETISTS,CRNA-PAC,Rep. Marilyn Strickland (D),2025-06-09,1000.00
AMERICAN ASSOCIATION OF NURSE ANESTHETISTS,CRNA-PAC,Rep. Derrick Van Orden (R),2025-06-09,2500.00
THE WALTER GROUP,,Sen. Pete Ricketts (R-NE),2025-03-01,1033.06
THE WALTER GROUP,,Rep. Rick Allen (R-GA-12),2025-04-30,3500.00
REAL ESTATE ROUNDTABLE,,Representative Brian Fitzpatrick (R-PA),2025-03-17,2500.00
UNION PACIFIC CORPORATION,Union Pacific Corp. Fund for Effective Government,Eric Alan Rick Crawford,2025-03-24,3000.00
UNION PACIFIC CORPORATION,Union Pacific Corp. Fund for Effective Government,Rick Larsen,2025-05-05,2500.00
CAPITOL COUNSEL LLC,,Senator Pete Ricketts,2025-05-21,3500.00
CAPITOL COUNSEL LLC,,Congressman Brian Fitzpatrick,2025-03-11,500.00
ALLIED PILOTS ASSOCIATION,ALLIED PILOTS ASSOCIATION POLITICAL ACTION COMMITTEE,Rep Brian Fitzpatrick,2025-03-19,5000.00
ALLIED PILOTS ASSOCIATION,ALLIED PILOTS ASSOCIATION POLITICAL ACTION COMMITTEE,Rep Rick Larsen,2025-03-19,5000.00
ALLIED PILOTS ASSOCIATION,ALLIED PILOTS ASSOCIATION POLITICAL ACTION COMMITTEE,Rep Derrick Van Orden,2025-03-19,5000.00
ALLIED PILOTS ASSOCIATION,ALLIED PILOTS ASSOCIATION POLITICAL ACTION COMMITTEE,Rep Rick Larsen,2025-06-24,5000.00
WGL,Washington Gas Light Company PAC,Rep Rick Larsen,2025-06-06,1500.00
PUGET SOUND ENERGY,Puget Sound Energy Inc PAC for Good Government,Rep Marilyn Strickland,2025-03-28,1500.00
PUGET SOUND ENERGY,Puget Sound Energy Inc PAC for Good Government,Rep Rick Larsen,2025-06-05,1500.00
PUGET SOUND ENERGY,Puget Sound Energy Inc PAC for Good Government,Rep Rick Larsen,2025-03-14,1000.00
NATIONAL ACTIVE AND RETIRED FEDERAL EMPLOYEES ASSOCIATION,NARFE-PAC,"Rep. Brian Fitzpatrick, R-PA-01",2025-03-13,3500.00
NATIONAL ACTIVE AND RETIRED FEDERAL EMPLOYEES ASSOCIATION,NARFE-PAC,"Rep. Patrick Ryan, D-NY18",2025-03-20,1000.00
NATIONAL ACTIVE AND RETIRED FEDERAL EMPLOYEES ASSOCIATION,NARFE-PAC,"Rep. Brian Fitzpatrick, R-PA01",2025-03-20,1500.00
NATIONAL ACTIVE AND RETIRED FEDERAL EMPLOYEES ASSOCIATION,NARFE-PAC,"Rep. Brian Fitzpatrick, R-PA01",2025-03-20,1000.00
NATIONAL ACTIVE AND RETIRED FEDERAL EMPLOYEES ASSOCIATION,NARFE-PAC,"Rep.Patrick Ryan, D-NY18",2025-03-24,1000.00
NATIONAL ACTIVE AND RETIRED FEDERAL EMPLOYEES ASSOCIATION,NARFE-PAC,"Rep. Brian Fitzpatrick, R - PA01",2025-06-23,2500.00
"BROWNSTEIN HYATT FARBER SCHRECK, LLP",Road to Freedom,Brian Fitzpatrick,2025-05-22,1000.00
"HIGHMARK, INC.",Highmark PAC of Highmark Inc.,Representative Brian Fitzpatrick,2025-05-22,2500.00
AMERICAN TRUCKING ASSOCIATIONS,TRUCKING POLITICAL ACTION COMMITTEE OF THE AMERICAN TRUCKING ASSOCIATIONS INC,Rep Rick Crawford,2025-03-17,5000.00
AMERICAN TRUCKING ASSOCIATIONS,TRUCKING POLITICAL ACTION COMMITTEE OF THE AMERICAN TRUCKING ASSOCIATIONS INC,Patrick Ryan,2025-03-14,1000.00
"THE RUSSELL GROUP, INC.",,Senator Pete Ricketts,2025-05-15,1000.00
BAKER DONELSON BEARMAN CALDWELL & BERKOWITZ,,Representative Patrick Harrigan,2025-06-04,1000.00
THE COCA-COLA COMPANY,The Coca-Cola Company Nonpartisan Committee For Good Government,Rep. Rick Allen,2025-05-01,1000.00
"ATLAS AIR WORLDWIDE HOLDINGS, INC.",ATLAS AIR WORLDWIDE HOLDINGS INC POLITICAL ACTION COMMITTEE,Sen Rick Scott,2025-03-25,2000.00
"ATLAS AIR WORLDWIDE HOLDINGS, INC.",ATLAS AIR WORLDWIDE HOLDINGS INC POLITICAL ACTION COMMITTEE,Rep Rick Larsen,2025-05-28,5000.00
"ATLAS AIR WORLDWIDE HOLDINGS, INC.",ATLAS AIR WORLDWIDE HOLDINGS INC POLITICAL ACTION COMMITTEE,Rep Rick Larsen,2025-05-28,2500.00
GAP INC.,GAP INC. GOOD GOVERNMENT FUND,MAVERICK PAC USA,2025-02-14,5000.00
"INDEPENDENCE BLUE CROSS, LLC",Independence Blue Cross LLC PAC,Rep. Brian Fitzpatrick,2025-05-19,2500.00
"INDEPENDENCE BLUE CROSS, LLC",Independence Blue Cross LLC PAC,Rep. Brian Fitzpatrick,2025-04-01,1000.00
"THE RUSSELL GROUP, INC.",,Rep. Derrick Van Orden,2025-06-10,1000.00
POTOMAC PARTNERS DC,,Rep. Derrick Van Orden,2025-02-26,500.00
"GENWORTH FINANCIAL, INC.","Enact Holdings, Inc. Political Action Committee (Enact PAC); Genworth Financial, Inc. Political Action Committee (Genworth PAC)",Brian Fitzpatrick,2025-03-05,2500.00
UNITED STATES STEEL CORPORATION,United States Steel Corporation Political Action Committee,Brian Fitzpatrick,2025-03-26,1000.00
UNITED STATES STEEL CORPORATION,United States Steel Corporation Political Action Committee,Eric Alan Rick Crawford,2025-03-26,2000.00
CROWLEY MARITIME CORPORATION,CROWLEY MARITIME CORPORATION FEDERAL PAC,Rep. Rick Larsen,2025-05-09,1000.00
NATIONAL RIFLE ASSOCIATION OF AMERICA,National Rifle Association of America Political Victory Fund,"Ricketts, Pete",2025-05-16,1000.00
AMERICAN FOREST & PAPER ASSOCIATION,American Forest & Paper Assn. Political Action Cmte.,Rep. Rick Larsen,2025-06-27,1000.00
BLUE CROSS AND BLUE SHIELD ASSOCIATION,Bluepac - Blue Cross Blue Shield Association Pac,Sen. Pete Ricketts,2025-05-29,2500.00
BLUE CROSS AND BLUE SHIELD ASSOCIATION,Bluepac - Blue Cross Blue Shield Association Pac,Sen. Rick Scott,2025-04-15,1500.00
SECURITIES INDUSTRY AND FINANCIAL MARKETS ASSOCIATION,Securities Industry and Financial Markets Association PAC,Brian Fitzpatrick,2025-04-18,1500.00
PRINCIPAL FINANCIAL GROUP,Principal Financial Group,Representative Brian Fitzpatrick,2025-03-13,1000.00
"APEX CLEAN ENERGY, INC",APEX CLEAN ENERGY INC PAC,Representative Brian K. Fitzpatrick,2025-03-18,1250.00
SEMPRA,Sempra Energy Employees Political Action Committee- Federal,Rep. Rick Larsen,2025-04-16,5000.00
CAPITOL HILL CONSULTING GROUP,,Rep. Brian Fitzpatrick,2025-03-31,1000.00
"TRANSCANADA PIPELINES, LTD",,Congressman Rick Larsen,2025-05-27,1500.00
AMALGAMATED TRANSIT UNION,Amalgamated Transit Union - COPE,Patrick Ryan,2025-01-22,2500.00
AMALGAMATED TRANSIT UNION,Amalgamated Transit Union - COPE,Rick Larsen,2025-03-11,2500.00
AMALGAMATED TRANSIT UNION,Amalgamated Transit Union - COPE,Marilyn Strickland,2025-03-31,2500.00
AMALGAMATED TRANSIT UNION,Amalgamated Transit Union - COPE,Rick Larsen,2025-03-31,2500.00
AMALGAMATED TRANSIT UNION,Amalgamated Transit Union - COPE,Patrick Ryan,2025-05-07,2500.00
"ARRAY DIGITAL INFRASTRUCTURE, INC. (FKA U.S. CELLULAR CORP)",United States Cellular Corporation Political Action Committee,Rick Allen,2025-02-27,5000.00
"JACOBS SOLUTIONS, INC.","JACOBS SOLUTIONS, INC. POLITICAL ACTION COMMITTEE",Rep. Rick Larsen,2025-03-11,2500.00
"JACOBS SOLUTIONS, INC.","JACOBS SOLUTIONS, INC. POLITICAL ACTION COMMITTEE",Rep. Rick Larsen,2025-02-26,1500.00
"JACOBS SOLUTIONS, INC.","JACOBS SOLUTIONS, INC. POLITICAL ACTION COMMITTEE",Rep. Brian Fitzpatrick,2025-01-30,2500.00
NOVARTIS,Novartis Corporation Political Action Committee,Rick Allen,2025-05-02,500.00
NOVARTIS,Novartis Corporation Political Action Committee,Patrick McHenry,2025-05-13,-2500.00
U.S. BANCORP (FORMERLY FILED AS U.S. BANK),US Bancorp Federal Political Action Committee; US Bancorp Political Participation Program,Sen Pete Ricketts,2025-04-22,5000.00
SQUIRE PATTON BOGGS,Squire Patton Boggs Political Action Committee,Rick Crawford,2025-03-02,1000.00
SQUIRE PATTON BOGGS,Squire Patton Boggs Political Action Committee,Rick Larsen,2025-05-28,2500.00
AMERICAN ASSOCIATION OF NURSE PRACTITIONERS,American Association of Nurse Practitioners Political Action Committee,The Honorable Brian Fitzpatrick,2025-03-20,2500.00
"INTERDIGITAL, INC.",InterDigital PAC,Brian Fitzpatrick,2025-03-03,2500.00
AMERICAN ACADEMY OF OPHTHALMOLOGY,American Academy of Ophthalmology Inc Political Committee (OPHTHPAC),Rep. Brian Fitzpatrick,2025-03-18,1000.00
AMERICAN ACADEMY OF OPHTHALMOLOGY,American Academy of Ophthalmology Inc Political Committee (OPHTHPAC),Rep. Brian Fitzpatrick,2025-02-26,1000.00
"WASTE MANAGEMENT, INC.",Waste Management Employees Better Government Fund,Rep. Brian Fitzpatrick,2025-02-28,5000.00
